/*--------------------------------*- C++ -*----------------------------------*\
  =========                 |
  \\      /  F ield         | OpenFOAM: The Open Source CFD Toolbox
   \\    /   O peration     | Website:  https://openfoam.org
    \\  /    A nd           | Version:  10
     \\/     M anipulation  |
\*---------------------------------------------------------------------------*/
FoamFile
{
    format      ascii;
    class       volScalarField;
    location    "5.000001";
    object      c;
}
// * * * * * * * * * * * * * * * * * * * * * * * * * * * * * * * * * * * * * //

dimensions      [0 0 0 0 0 0 0];

internalField   nonuniform List<scalar> 
44800
(
0.000917497
0.00310727
0.0057016
0.00876044
0.0123395
0.0164919
0.0212679
0.0267125
0.0328634
0.0397483
0.0473819
0.0557635
0.0648741
0.0746747
0.085105
0.096083
0.107506
0.119251
0.131181
0.143146
0.154993
0.166564
0.177714
0.188307
0.198227
0.207385
0.215714
0.223179
0.229773
0.235516
0.240448
0.244633
0.248144
0.251066
0.253487
0.255494
0.257171
0.258595
0.259836
0.260954
0.000907516
0.00308065
0.0056665
0.00871929
0.012293
0.0164407
0.0212124
0.0266535
0.0328019
0.0396853
0.047319
0.0557021
0.064816
0.0746217
0.0850591
0.0960459
0.107479
0.119236
0.131179
0.143158
0.155017
0.166601
0.177762
0.188365
0.198293
0.207456
0.215788
0.223254
0.229846
0.235585
0.240512
0.24469
0.248194
0.251108
0.253522
0.255521
0.257192
0.25861
0.259845
0.260958
0.00089295
0.00303938
0.00560763
0.00864717
0.0122096
0.0163473
0.0211104
0.0265443
0.0326874
0.0395678
0.0472011
0.055587
0.064707
0.0745225
0.0849731
0.0959768
0.10743
0.119209
0.131176
0.14318
0.155065
0.166673
0.177855
0.188476
0.198419
0.207592
0.215929
0.223395
0.229983
0.235714
0.240631
0.244796
0.248286
0.251185
0.253584
0.255569
0.257226
0.258632
0.259856
0.260959
0.000876579
0.00299072
0.00553368
0.0085528
0.0120978
0.0162202
0.02097
0.026393
0.0325279
0.0394036
0.047036
0.0554254
0.0645539
0.0743831
0.0848526
0.0958801
0.107361
0.119173
0.131175
0.143215
0.155135
0.166776
0.177989
0.188636
0.198599
0.207784
0.216128
0.223594
0.230177
0.235896
0.240797
0.244943
0.248412
0.25129
0.253666
0.255631
0.257268
0.258656
0.259864
0.260952
0.000859878
0.00293905
0.00545096
0.00844331
0.0119649
0.0160668
0.0207988
0.026207
0.0323309
0.0391998
0.0468306
0.0552241
0.0643631
0.0742093
0.0847025
0.0957602
0.107277
0.119129
0.131175
0.14326
0.155225
0.166909
0.17816
0.188839
0.198826
0.208028
0.216379
0.223845
0.230418
0.236122
0.241002
0.245123
0.248565
0.251415
0.253764
0.255702
0.257314
0.258678
0.259863
0.260931
0.000843589
0.00288695
0.00536392
0.00832432
0.0118173
0.0158937
0.0206035
0.0259933
0.0321031
0.0389633
0.0465915
0.0549894
0.0641402
0.0740064
0.0845276
0.0956208
0.10718
0.119081
0.131178
0.143317
0.155334
0.167068
0.178364
0.18908
0.199095
0.208316
0.216675
0.224138
0.230701
0.236385
0.24124
0.245331
0.24874
0.251555
0.25387
0.255775
0.257356
0.258691
0.259849
0.26089
0.000828039
0.00283586
0.0052756
0.00820015
0.0116601
0.0157065
0.0203901
0.0257579
0.0318508
0.0387002
0.0463247
0.0547269
0.0638909
0.0737792
0.084332
0.0954656
0.107073
0.119028
0.131184
0.143384
0.155461
0.167252
0.178598
0.189355
0.199402
0.208642
0.21701
0.224469
0.231017
0.236679
0.241503
0.245558
0.248929
0.251705
0.25398
0.255847
0.257391
0.258692
0.259817
0.260825
0.000813338
0.00278654
0.005188
0.00807404
0.0114974
0.0155102
0.0201638
0.0255064
0.0315797
0.0384162
0.0460358
0.0544421
0.0636199
0.0735324
0.0841197
0.0952977
0.106959
0.118973
0.131194
0.143461
0.155605
0.167457
0.178858
0.18966
0.199741
0.209002
0.217376
0.224831
0.231361
0.236996
0.241785
0.2458
0.249127
0.251858
0.254088
0.255912
0.257415
0.258676
0.259762
0.260732
0.00079949
0.00273936
0.00510243
0.00794837
0.0113325
0.0153086
0.0199292
0.0252435
0.0312947
0.0381164
0.0457297
0.0541396
0.0633318
0.07327
0.0838943
0.09512
0.106838
0.118918
0.131209
0.143548
0.155763
0.167681
0.179141
0.189991
0.200107
0.209389
0.21777
0.225217
0.231727
0.23733
0.24208
0.24605
0.249328
0.25201
0.254191
0.255966
0.257423
0.258639
0.259682
0.260606
0.000786447
0.00269443
0.00501967
0.00782482
0.011168
0.015105
0.01969
0.0249735
0.0310002
0.0378052
0.0454111
0.053824
0.0630307
0.0729957
0.0836589
0.0949351
0.106714
0.118863
0.131228
0.143644
0.155934
0.167923
0.179443
0.190344
0.200496
0.209798
0.218185
0.225621
0.232109
0.237677
0.242384
0.246304
0.249529
0.252156
0.254284
0.256006
0.257412
0.258579
0.259572
0.260446
0.262396
0.264204
0.266172
0.268467
0.271275
0.274839
0.279254
0.276394
0.272594
0.268861
0.265293
0.261846
0.258472
0.255131
0.251793
0.248436
0.245041
0.241594
0.238082
0.234495
0.230821
0.227053
0.223179
0.219192
0.215081
0.210839
0.206458
0.20193
0.197249
0.192403
0.187367
0.182062
0.176242
0.169222
0.159321
0.166637
0.171179
0.174666
0.177788
0.180799
0.183781
0.18676
0.189742
0.192728
0.19572
0.198721
0.201732
0.20476
0.20781
0.210891
0.214015
0.217199
0.220461
0.223835
0.227365
0.231122
0.235223
0.239888
0.245606
0.253642
0.26737
0.293923
0.340021
0.393065
0.421452
0.426915
0.42347
0.418517
0.413973
0.409979
0.406373
0.403012
0.399798
0.396669
0.393581
0.390503
0.387411
0.384284
0.381106
0.377864
0.374543
0.371132
0.367621
0.363999
0.360259
0.356393
0.352388
0.348224
0.343834
0.339022
0.333244
0.325192
0.33095
0.334428
0.337047
0.33937
0.341607
0.343825
0.346047
0.348279
0.350523
0.352779
0.355051
0.357339
0.359649
0.361986
0.364355
0.366767
0.369234
0.371773
0.374409
0.377179
0.380139
0.383384
0.387091
0.391651
0.398069
0.408998
0.429972
0.466036
0.507045
0.528541
0.532292
0.52929
0.525229
0.521545
0.518317
0.515408
0.512698
0.510109
0.50759
0.505105
0.502629
0.500141
0.497626
0.495069
0.49246
0.489786
0.487038
0.484206
0.481284
0.478262
0.475134
0.471889
0.468509
0.464938
0.461016
0.456297
0.449711
0.45438
0.457181
0.459272
0.461116
0.462883
0.464631
0.466378
0.46813
0.469889
0.471658
0.473437
0.47523
0.477041
0.478873
0.480733
0.48263
0.484573
0.486577
0.488663
0.490861
0.493219
0.495814
0.49879
0.502457
0.507593
0.516177
0.53217
0.558776
0.587861
0.602033
0.603507
0.60048
0.596958
0.593852
0.591152
0.588724
0.586463
0.584303
0.5822
0.580122
0.578048
0.575959
0.573841
0.571681
0.569468
0.56719
0.564836
0.562397
0.559861
0.55722
0.554462
0.551575
0.548535
0.54529
0.541696
0.537371
0.531424
0.535006
0.536915
0.53817
0.539171
0.54007
0.540919
0.541739
0.542537
0.543318
0.544084
0.544841
0.545591
0.546337
0.547084
0.547836
0.548596
0.549369
0.550159
0.550974
0.551819
0.552705
0.553645
0.554655
0.555759
0.556985
0.558362
0.559838
0.560835
0.557525
0.554758
0.55246
0.550485
0.548737
0.547153
0.262394
0.264195
0.266156
0.268441
0.271232
0.274753
0.278829
0.275812
0.271983
0.268242
0.264672
0.261223
0.257847
0.254504
0.251164
0.247805
0.244407
0.240958
0.237445
0.233855
0.23018
0.226409
0.222533
0.218543
0.21443
0.210185
0.2058
0.201268
0.196583
0.191732
0.186691
0.181383
0.17557
0.16858
0.158816
0.165984
0.170484
0.173959
0.177079
0.180093
0.183079
0.186062
0.189047
0.192037
0.195033
0.198036
0.201051
0.204081
0.207135
0.210219
0.213346
0.216532
0.219797
0.223174
0.226706
0.230465
0.234567
0.239228
0.244924
0.252892
0.266469
0.292887
0.339329
0.393186
0.421548
0.426669
0.423037
0.418028
0.413474
0.409479
0.405872
0.402509
0.399294
0.396163
0.393074
0.389994
0.3869
0.383771
0.380592
0.377348
0.374025
0.370612
0.367098
0.363474
0.359731
0.355861
0.351852
0.347684
0.343291
0.338484
0.33273
0.324787
0.330428
0.33387
0.336478
0.3388
0.341038
0.343259
0.345484
0.347719
0.349965
0.352225
0.354498
0.35679
0.359102
0.361441
0.363813
0.366227
0.368696
0.371238
0.373876
0.376648
0.379609
0.382855
0.386558
0.391101
0.397467
0.408279
0.429153
0.465494
0.507132
0.528598
0.53208
0.528933
0.524831
0.521138
0.51791
0.515
0.512289
0.509699
0.507178
0.504692
0.502214
0.499725
0.497209
0.494651
0.49204
0.489365
0.486615
0.483781
0.480856
0.477832
0.474701
0.471453
0.46807
0.464498
0.460579
0.455879
0.449383
0.453956
0.456728
0.45881
0.460652
0.46242
0.46417
0.465919
0.467674
0.469435
0.471206
0.472987
0.474782
0.476594
0.478429
0.480291
0.482189
0.484134
0.48614
0.488228
0.490428
0.492787
0.495382
0.498355
0.502011
0.507108
0.515609
0.531543
0.558368
0.587902
0.602029
0.6033
0.60017
0.596619
0.593509
0.590809
0.58838
0.586119
0.583958
0.581853
0.579774
0.577699
0.575609
0.573491
0.57133
0.569115
0.566836
0.564481
0.56204
0.559503
0.55686
0.554101
0.551211
0.548169
0.544922
0.541331
0.537021
0.531149
0.534649
0.536531
0.537775
0.538773
0.539672
0.540522
0.541342
0.542141
0.542922
0.54369
0.544447
0.545197
0.545945
0.546693
0.547445
0.548206
0.548979
0.549771
0.550586
0.551432
0.552319
0.55326
0.554272
0.555377
0.556605
0.557986
0.559479
0.560571
0.557471
0.554733
0.552447
0.550478
0.548734
0.547154
0.262382
0.264168
0.26611
0.268366
0.271105
0.274488
0.277998
0.274724
0.270844
0.267088
0.263511
0.260057
0.256677
0.25333
0.249987
0.246625
0.243225
0.239773
0.236257
0.232665
0.228987
0.225214
0.221335
0.217342
0.213224
0.208974
0.204583
0.200044
0.195348
0.190484
0.185427
0.180105
0.17429
0.167348
0.157815
0.164717
0.169137
0.172591
0.175714
0.178738
0.181735
0.184728
0.187724
0.190723
0.193726
0.196737
0.199759
0.202797
0.205857
0.208947
0.212081
0.215274
0.218546
0.22193
0.225471
0.229238
0.233346
0.238008
0.243683
0.251557
0.264908
0.291122
0.338139
0.393337
0.421643
0.426191
0.422243
0.417137
0.412558
0.408556
0.404944
0.401576
0.398357
0.395223
0.39213
0.389047
0.385951
0.38282
0.379638
0.376392
0.373066
0.36965
0.366133
0.362504
0.358755
0.354877
0.350858
0.346677
0.342273
0.337463
0.331744
0.323986
0.329412
0.332786
0.335375
0.337697
0.339943
0.342172
0.344405
0.346648
0.348901
0.351167
0.353447
0.355744
0.358062
0.360407
0.362784
0.365204
0.367679
0.370226
0.372871
0.375649
0.378617
0.381869
0.385574
0.3901
0.396393
0.407032
0.427757
0.46456
0.507236
0.528641
0.531672
0.52828
0.524103
0.520392
0.517158
0.514244
0.511529
0.508936
0.506412
0.503924
0.501444
0.498953
0.496434
0.493874
0.491261
0.488584
0.485832
0.482996
0.480068
0.477039
0.473902
0.470646
0.467252
0.463671
0.459751
0.455079
0.448734
0.453131
0.455846
0.457912
0.459754
0.461528
0.463284
0.46504
0.4668
0.468567
0.470342
0.472128
0.473928
0.475745
0.477584
0.47945
0.481353
0.483303
0.485313
0.487406
0.489612
0.491976
0.494577
0.497552
0.501195
0.50624
0.514622
0.530469
0.557665
0.587938
0.60198
0.602911
0.599605
0.596002
0.592879
0.590175
0.587743
0.585479
0.583315
0.581208
0.579128
0.577051
0.57496
0.572839
0.570678
0.568462
0.566182
0.563826
0.561384
0.558845
0.556199
0.553436
0.55054
0.54749
0.544236
0.540643
0.536354
0.530607
0.533953
0.535778
0.537002
0.537994
0.538892
0.539744
0.540566
0.541366
0.542149
0.542917
0.543676
0.544428
0.545177
0.545927
0.546681
0.547443
0.548219
0.549013
0.549831
0.55068
0.55157
0.552514
0.55353
0.55464
0.555873
0.557266
0.55879
0.56004
0.557295
0.55465
0.5524
0.550452
0.54872
0.547147
0.262354
0.264113
0.26602
0.268222
0.270857
0.273983
0.276788
0.2732
0.269253
0.265473
0.261885
0.258422
0.255036
0.251685
0.248338
0.244973
0.241571
0.238117
0.2346
0.231007
0.227327
0.223552
0.219671
0.215675
0.211554
0.207298
0.2029
0.198349
0.193636
0.18875
0.183664
0.17831
0.17248
0.165594
0.156346
0.162891
0.167189
0.170617
0.173748
0.176791
0.179809
0.182821
0.185833
0.188847
0.191865
0.194889
0.197922
0.200972
0.204043
0.207145
0.21029
0.213495
0.216779
0.220177
0.223732
0.227516
0.231643
0.23632
0.241988
0.249779
0.262896
0.288893
0.336625
0.393445
0.421663
0.425499
0.421155
0.415918
0.411299
0.40728
0.403656
0.400279
0.397053
0.393913
0.390816
0.38773
0.384631
0.381499
0.378315
0.375067
0.37174
0.368321
0.3648
0.361166
0.357408
0.353518
0.349482
0.345277
0.340847
0.336022
0.330343
0.32281
0.327945
0.331215
0.333778
0.336104
0.338363
0.340608
0.342856
0.345112
0.347378
0.349655
0.351946
0.354253
0.356581
0.358935
0.361322
0.363752
0.366237
0.368795
0.371451
0.374242
0.377224
0.380491
0.384209
0.388732
0.394962
0.405422
0.425991
0.463371
0.507303
0.528616
0.531085
0.527386
0.523108
0.519366
0.516118
0.513194
0.510472
0.507872
0.505345
0.502852
0.50037
0.497877
0.495357
0.492796
0.490182
0.487504
0.484749
0.481911
0.478978
0.475943
0.472796
0.469527
0.466115
0.462513
0.458581
0.453943
0.44778
0.45194
0.454569
0.456612
0.458456
0.46024
0.462008
0.463774
0.465545
0.467321
0.469105
0.470899
0.472707
0.474532
0.476378
0.478252
0.480163
0.482121
0.48414
0.486243
0.488459
0.490836
0.49345
0.496436
0.500079
0.505081
0.513343
0.529107
0.556765
0.587933
0.601858
0.602364
0.598833
0.595159
0.592013
0.589297
0.586857
0.584587
0.582418
0.580308
0.578225
0.576147
0.574055
0.571935
0.569773
0.567558
0.565278
0.562922
0.560479
0.557939
0.555291
0.552522
0.549617
0.546554
0.543284
0.539679
0.535412
0.529811
0.532944
0.534679
0.53587
0.536852
0.537749
0.538602
0.539426
0.540229
0.541014
0.541785
0.542546
0.5433
0.544051
0.544804
0.545561
0.546327
0.547106
0.547904
0.548726
0.549581
0.550477
0.551428
0.552452
0.553572
0.554818
0.556231
0.5578
0.559246
0.556949
0.554477
0.552302
0.550393
0.548684
0.547126
0.262304
0.264023
0.265876
0.267989
0.270457
0.273209
0.275233
0.271303
0.267277
0.263463
0.259858
0.256383
0.252989
0.249633
0.246283
0.242916
0.239514
0.236061
0.232545
0.228953
0.225275
0.221501
0.217621
0.213625
0.209501
0.205241
0.200834
0.196269
0.191535
0.186616
0.181486
0.176084
0.170223
0.163397
0.15445
0.160573
0.164705
0.168096
0.171239
0.174309
0.177357
0.180398
0.183435
0.186471
0.189508
0.19255
0.195601
0.198667
0.201754
0.204872
0.208034
0.211255
0.214558
0.217976
0.221556
0.225367
0.229527
0.234238
0.239928
0.247671
0.260592
0.286405
0.334921
0.393461
0.421559
0.424614
0.41983
0.414437
0.40976
0.40571
0.402066
0.398675
0.395438
0.392291
0.38919
0.386101
0.383001
0.379868
0.376685
0.373437
0.370111
0.366691
0.363167
0.359528
0.355761
0.351854
0.347793
0.343554
0.339084
0.33423
0.328592
0.321293
0.32608
0.329207
0.331733
0.334064
0.336343
0.338611
0.34088
0.343156
0.345439
0.347733
0.350039
0.352361
0.354704
0.357072
0.359473
0.361917
0.364417
0.366991
0.369665
0.372476
0.375483
0.378777
0.382525
0.387068
0.393264
0.403577
0.424018
0.46203
0.507295
0.528489
0.530341
0.526299
0.521898
0.51811
0.514837
0.511897
0.509162
0.506555
0.504021
0.501525
0.499041
0.496547
0.494027
0.491466
0.488853
0.486175
0.483421
0.48058
0.477644
0.474601
0.471443
0.468154
0.464715
0.461082
0.457128
0.452523
0.446551
0.450425
0.452935
0.454947
0.456792
0.45859
0.460375
0.462157
0.463943
0.465733
0.46753
0.469336
0.471155
0.472991
0.474849
0.476734
0.478657
0.480627
0.48266
0.484777
0.487011
0.489408
0.492045
0.495057
0.498719
0.503703
0.511872
0.527578
0.555747
0.587866
0.601646
0.601682
0.597898
0.594133
0.590951
0.588216
0.585762
0.583482
0.581307
0.579192
0.577107
0.575028
0.572936
0.570817
0.568657
0.566445
0.564168
0.561815
0.559374
0.556835
0.554184
0.551409
0.548492
0.54541
0.542115
0.538489
0.53424
0.528786
0.531655
0.533264
0.534405
0.535369
0.536262
0.537116
0.537942
0.538747
0.539534
0.540308
0.541071
0.541828
0.542583
0.543339
0.5441
0.544872
0.545657
0.54646
0.54729
0.548153
0.549058
0.550021
0.551058
0.552196
0.553462
0.554906
0.556532
0.5582
0.556407
0.55419
0.552134
0.550289
0.548619
0.547086
0.262226
0.26389
0.265666
0.267653
0.269885
0.272159
0.27337
0.269087
0.264971
0.261113
0.257485
0.253995
0.250592
0.247231
0.24388
0.240515
0.237115
0.233666
0.230155
0.226569
0.222897
0.219128
0.215253
0.211261
0.207139
0.202876
0.198462
0.193882
0.189122
0.184165
0.178981
0.173516
0.167612
0.160847
0.152195
0.157844
0.161763
0.165098
0.168249
0.171352
0.174437
0.177513
0.180582
0.183647
0.18671
0.189776
0.192849
0.195936
0.199044
0.202182
0.205365
0.208609
0.211937
0.215383
0.218995
0.222846
0.227056
0.231826
0.237573
0.24532
0.258115
0.283808
0.333128
0.393356
0.421304
0.423561
0.418317
0.412745
0.40799
0.403895
0.400221
0.39681
0.39356
0.390405
0.3873
0.38421
0.381111
0.377981
0.374802
0.371558
0.368235
0.364818
0.361295
0.357652
0.353875
0.34995
0.34586
0.341577
0.337056
0.332163
0.326565
0.319488
0.323882
0.326823
0.329294
0.331626
0.333927
0.336223
0.338519
0.340821
0.343128
0.345443
0.34777
0.350111
0.352472
0.354858
0.357278
0.359741
0.362261
0.364857
0.367555
0.370395
0.373436
0.376773
0.38057
0.385162
0.391366
0.401591
0.421955
0.460619
0.507191
0.528241
0.529461
0.525058
0.520517
0.516665
0.513356
0.510391
0.50764
0.505021
0.502481
0.499981
0.497496
0.495003
0.492485
0.489928
0.487319
0.484644
0.481893
0.479053
0.476115
0.473065
0.469893
0.466582
0.46311
0.459436
0.455452
0.45088
0.445088
0.44864
0.450995
0.452958
0.454801
0.456614
0.458419
0.460222
0.462027
0.463835
0.465648
0.46747
0.469304
0.471155
0.473027
0.474928
0.476866
0.478853
0.480904
0.483042
0.4853
0.487726
0.4904
0.493454
0.49716
0.50216
0.510282
0.525973
0.554669
0.587722
0.601338
0.600888
0.596834
0.592962
0.589729
0.586964
0.58449
0.582196
0.580012
0.577892
0.575806
0.573727
0.571638
0.569523
0.567368
0.565162
0.562892
0.560545
0.55811
0.555574
0.552923
0.550143
0.547213
0.544109
0.540782
0.537127
0.532892
0.527568
0.530131
0.531571
0.532636
0.533571
0.534454
0.535305
0.536131
0.536937
0.537726
0.538501
0.539267
0.540028
0.540787
0.541547
0.542314
0.543092
0.543884
0.544697
0.545536
0.54641
0.54733
0.548309
0.549365
0.550528
0.551824
0.553313
0.555011
0.556916
0.555657
0.553769
0.551883
0.550131
0.548517
0.54702
0.262114
0.263707
0.265381
0.267201
0.269126
0.270837
0.271235
0.266597
0.262379
0.258468
0.254812
0.251303
0.247892
0.244527
0.241178
0.237817
0.234424
0.230984
0.227483
0.223909
0.220248
0.216492
0.212628
0.208645
0.204529
0.200269
0.195851
0.191258
0.186473
0.181473
0.176229
0.170695
0.164746
0.158045
0.149665
0.154798
0.158449
0.161697
0.164847
0.167981
0.171106
0.174222
0.177328
0.180426
0.18352
0.186614
0.189714
0.192826
0.195959
0.199122
0.20233
0.205602
0.20896
0.212441
0.216096
0.22
0.224277
0.229131
0.234974
0.242787
0.255547
0.281208
0.331319
0.393109
0.420885
0.422365
0.416656
0.410885
0.40603
0.401876
0.398162
0.394725
0.391458
0.388295
0.385187
0.382099
0.379005
0.375881
0.372711
0.369476
0.366163
0.362754
0.359235
0.355592
0.351808
0.347866
0.343744
0.339415
0.334836
0.329901
0.324341
0.317466
0.321423
0.324132
0.32652
0.328842
0.331163
0.333488
0.335815
0.338147
0.340481
0.342823
0.345174
0.347539
0.349923
0.352331
0.354773
0.357259
0.359804
0.362427
0.365157
0.368035
0.371121
0.374516
0.378383
0.383057
0.38932
0.399528
0.419888
0.459192
0.506975
0.527864
0.528467
0.523697
0.518996
0.515064
0.511706
0.508708
0.505936
0.503303
0.500756
0.498254
0.49577
0.493281
0.490769
0.488219
0.485617
0.482951
0.480206
0.477371
0.474434
0.47138
0.468196
0.464861
0.461353
0.457635
0.453618
0.449078
0.443449
0.446643
0.448804
0.450695
0.452526
0.454351
0.456177
0.458002
0.459829
0.461657
0.463491
0.465332
0.467184
0.469053
0.470943
0.472861
0.474819
0.476827
0.478901
0.481066
0.483356
0.485821
0.488543
0.491657
0.495434
0.500491
0.508626
0.524355
0.553575
0.587494
0.600932
0.600004
0.595669
0.591672
0.588374
0.585568
0.583066
0.580754
0.57856
0.576436
0.574348
0.572272
0.570189
0.568082
0.565936
0.563741
0.561482
0.559146
0.556721
0.554194
0.551547
0.548765
0.545824
0.542696
0.539336
0.535649
0.531423
0.526204
0.528418
0.529643
0.530602
0.531488
0.532349
0.533191
0.534012
0.534817
0.535604
0.536381
0.537149
0.537912
0.538675
0.539441
0.540214
0.541
0.541802
0.542625
0.543477
0.544366
0.545304
0.546305
0.547388
0.548583
0.549921
0.551468
0.553254
0.55541
0.554698
0.5532
0.551536
0.549909
0.54837
0.546921
0.261964
0.263468
0.265014
0.266622
0.268174
0.269259
0.268859
0.263869
0.259537
0.255562
0.251873
0.248345
0.244924
0.241559
0.238215
0.234863
0.231483
0.228058
0.224574
0.221018
0.217377
0.21364
0.209795
0.205829
0.201727
0.197476
0.193061
0.188459
0.183653
0.178614
0.173311
0.16771
0.161722
0.155091
0.146966
0.151532
0.154856
0.157977
0.161103
0.164258
0.16742
0.170576
0.173721
0.176856
0.179983
0.183109
0.186238
0.189379
0.192539
0.19573
0.198968
0.202271
0.205664
0.209187
0.212894
0.216863
0.221226
0.22619
0.232169
0.240113
0.252943
0.278678
0.329545
0.392702
0.420295
0.421049
0.414879
0.408886
0.403909
0.39968
0.395916
0.392448
0.389164
0.385993
0.382885
0.379801
0.376717
0.373606
0.37045
0.367231
0.363933
0.360539
0.357031
0.353395
0.349609
0.345654
0.341504
0.33713
0.332496
0.327523
0.322003
0.315307
0.318784
0.321207
0.323476
0.325769
0.3281
0.330451
0.332809
0.335172
0.337537
0.339907
0.342286
0.344677
0.347087
0.349521
0.351989
0.354503
0.357077
0.359732
0.362499
0.365422
0.368565
0.372033
0.375994
0.380782
0.387157
0.397434
0.417871
0.457791
0.506635
0.527354
0.527376
0.52224
0.517362
0.513331
0.509911
0.506871
0.504073
0.501426
0.498872
0.496369
0.493889
0.491408
0.488906
0.486368
0.48378
0.481127
0.478395
0.475571
0.47264
0.469587
0.466393
0.463038
0.459496
0.455736
0.45169
0.447184
0.441701
0.444498
0.446421
0.448209
0.45001
0.451839
0.453682
0.45553
0.457379
0.45923
0.461085
0.462947
0.46482
0.466709
0.46862
0.470559
0.472539
0.474572
0.476673
0.478871
0.481199
0.483713
0.486497
0.489691
0.493566
0.498725
0.506936
0.522769
0.552493
0.587173
0.60043
0.599045
0.594425
0.590286
0.586905
0.584047
0.58151
0.579178
0.576971
0.574843
0.572756
0.570686
0.568612
0.566517
0.564386
0.562207
0.559965
0.557647
0.555239
0.552726
0.55009
0.547312
0.544364
0.541217
0.537825
0.534108
0.529889
0.524752
0.52657
0.52753
0.528343
0.529154
0.529977
0.530798
0.531607
0.532404
0.533188
0.533962
0.53473
0.535495
0.536262
0.537033
0.537813
0.538608
0.539421
0.540257
0.541125
0.542032
0.542992
0.544021
0.545137
0.546375
0.547764
0.549386
0.551279
0.553696
0.553535
0.552477
0.551084
0.549615
0.548172
0.546787
0.261771
0.263169
0.264559
0.265912
0.26703
0.267439
0.266262
0.260925
0.256467
0.25242
0.248693
0.245144
0.241717
0.238355
0.23502
0.231683
0.228323
0.224921
0.221462
0.217933
0.21432
0.210611
0.206794
0.202855
0.198777
0.194544
0.19014
0.185539
0.18072
0.175651
0.1703
0.164644
0.15863
0.152084
0.144206
0.148142
0.151074
0.154017
0.157089
0.160247
0.163436
0.166627
0.169808
0.172979
0.176141
0.179299
0.182459
0.18563
0.188819
0.192039
0.195308
0.198646
0.202078
0.205649
0.209415
0.213462
0.217927
0.223026
0.229182
0.237325
0.250332
0.27626
0.327837
0.39212
0.41953
0.419626
0.413004
0.406768
0.401648
0.397327
0.393505
0.390001
0.386698
0.38352
0.380415
0.377342
0.374272
0.371181
0.368047
0.364852
0.361579
0.358207
0.35472
0.351099
0.34732
0.34336
0.339191
0.33478
0.3301
0.325099
0.319629
0.313103
0.316039
0.318121
0.320227
0.322463
0.324788
0.327156
0.329541
0.331933
0.334329
0.336729
0.339137
0.341557
0.343994
0.346456
0.348952
0.351495
0.354101
0.356793
0.359603
0.362579
0.365789
0.369344
0.37342
0.378357
0.3849
0.395331
0.415941
0.456439
0.506158
0.526707
0.526202
0.520704
0.51563
0.511481
0.507986
0.504897
0.50207
0.499406
0.496846
0.494346
0.491873
0.489404
0.486918
0.484399
0.48183
0.479198
0.476486
0.47368
0.470763
0.467717
0.464523
0.461155
0.457586
0.453792
0.449726
0.445262
0.439915
0.442268
0.443905
0.445553
0.447301
0.449119
0.450971
0.452836
0.454706
0.456579
0.458456
0.46034
0.462235
0.464146
0.466079
0.468042
0.470046
0.472106
0.474239
0.476474
0.478848
0.481419
0.484279
0.487571
0.491572
0.496876
0.505234
0.521241
0.551442
0.586752
0.59983
0.598022
0.593115
0.588815
0.585336
0.582414
0.579837
0.577479
0.575261
0.573128
0.571046
0.568985
0.566924
0.564847
0.562736
0.56058
0.558363
0.55607
0.553687
0.551196
0.548579
0.545812
0.542867
0.539708
0.536293
0.532553
0.528345
0.523272
0.52464
0.525279
0.525901
0.526606
0.527367
0.528151
0.528937
0.529719
0.530492
0.53126
0.532025
0.53279
0.533559
0.534335
0.535122
0.535927
0.536752
0.537603
0.538488
0.539418
0.540404
0.541465
0.542622
0.543911
0.545365
0.547077
0.549094
0.551785
0.552175
0.551597
0.550519
0.549242
0.547918
0.54661
0.261532
0.262805
0.264011
0.265068
0.265699
0.265396
0.263454
0.257778
0.253181
0.249055
0.245288
0.241719
0.238288
0.234932
0.231613
0.228299
0.224965
0.221595
0.21817
0.214678
0.211103
0.207433
0.203655
0.199754
0.195711
0.191509
0.187128
0.182541
0.177723
0.172638
0.167257
0.161565
0.155547
0.149104
0.141497
0.144715
0.147186
0.149896
0.152873
0.156007
0.159205
0.162421
0.165633
0.168835
0.172029
0.175218
0.178408
0.181607
0.184825
0.188075
0.191375
0.194748
0.198222
0.201844
0.205676
0.20981
0.214393
0.219652
0.226024
0.23443
0.247725
0.273972
0.326204
0.39134
0.418578
0.418104
0.411042
0.404541
0.399254
0.394827
0.390938
0.387395
0.384073
0.380891
0.377793
0.374736
0.371689
0.368625
0.365522
0.362361
0.359122
0.355784
0.352328
0.348733
0.344973
0.341022
0.336846
0.332415
0.327704
0.322691
0.317285
0.310939
0.31326
0.31494
0.316836
0.31898
0.321275
0.323646
0.326048
0.328465
0.330888
0.333317
0.335753
0.338201
0.340666
0.343156
0.345681
0.348255
0.350895
0.353626
0.356483
0.359518
0.362804
0.366461
0.370672
0.37579
0.382553
0.393228
0.41411
0.455144
0.505526
0.525918
0.524949
0.519096
0.513807
0.509521
0.505939
0.502794
0.499934
0.497254
0.49469
0.492195
0.489735
0.487284
0.484821
0.482327
0.479786
0.477183
0.4745
0.47172
0.468828
0.465799
0.462614
0.459244
0.455662
0.451847
0.447775
0.443365
0.438164
0.440008
0.44131
0.442778
0.444443
0.44623
0.448078
0.449952
0.451838
0.453729
0.455627
0.457532
0.459449
0.461382
0.463337
0.465324
0.467355
0.469444
0.471611
0.473886
0.476312
0.478949
0.481896
0.485304
0.489459
0.494952
0.503526
0.519782
0.550426
0.586217
0.599128
0.596941
0.591745
0.587267
0.583672
0.580676
0.578051
0.575667
0.573435
0.571301
0.569225
0.567178
0.565137
0.563083
0.561
0.558874
0.556689
0.55443
0.552081
0.549623
0.547034
0.54429
0.541358
0.538201
0.534775
0.531023
0.526832
0.521824
0.522675
0.522936
0.52332
0.52388
0.524551
0.525278
0.526025
0.52678
0.527535
0.52829
0.529048
0.529809
0.530578
0.531357
0.532151
0.532965
0.533803
0.53467
0.535576
0.53653
0.537547
0.538646
0.539849
0.541198
0.542727
0.544545
0.546708
0.549681
0.550627
0.55056
0.549839
0.548785
0.547602
0.546388
0.546005
0.545206
0.544436
0.54369
0.542965
0.542258
0.541565
0.540884
0.540212
0.539548
0.53889
0.538235
0.537582
0.53693
0.536277
0.535624
0.534969
0.534312
0.533654
0.532993
0.532333
0.531672
0.531012
0.530355
0.529703
0.529058
0.528423
0.527801
0.527196
0.526612
0.526053
0.525525
0.525034
0.524584
0.524183
0.523836
0.523549
0.523328
0.523178
0.523102
0.546006
0.545208
0.544439
0.543694
0.542969
0.542262
0.54157
0.540889
0.540218
0.539555
0.538896
0.538242
0.537589
0.536937
0.536285
0.535631
0.534977
0.53432
0.533661
0.533001
0.53234
0.531679
0.53102
0.530363
0.529711
0.529066
0.52843
0.527808
0.527203
0.526618
0.526059
0.525531
0.525039
0.524589
0.524187
0.52384
0.523552
0.523331
0.52318
0.523104
0.546003
0.545208
0.544441
0.543697
0.542974
0.542269
0.541577
0.540898
0.540228
0.539565
0.538908
0.538253
0.537601
0.53695
0.536298
0.535645
0.534991
0.534334
0.533676
0.533016
0.532355
0.531694
0.531035
0.530378
0.529725
0.52908
0.528444
0.527821
0.527216
0.52663
0.526071
0.525542
0.525049
0.524598
0.524195
0.523847
0.523559
0.523336
0.523185
0.523109
0.545991
0.5452
0.544437
0.543697
0.542977
0.542274
0.541585
0.540908
0.540239
0.539578
0.538922
0.538269
0.537618
0.536967
0.536316
0.535664
0.53501
0.534354
0.533696
0.533037
0.532376
0.531715
0.531056
0.530399
0.529746
0.5291
0.528464
0.527841
0.527234
0.526648
0.526088
0.525557
0.525063
0.524611
0.524207
0.523857
0.523568
0.523345
0.523193
0.523115
0.545963
0.545181
0.544424
0.54369
0.542974
0.542275
0.54159
0.540915
0.54025
0.539591
0.538937
0.538286
0.537637
0.536988
0.536338
0.535687
0.535034
0.534379
0.533722
0.533063
0.532403
0.531742
0.531082
0.530425
0.529773
0.529126
0.52849
0.527866
0.527258
0.526671
0.526109
0.525578
0.525082
0.524628
0.524223
0.523871
0.52358
0.523356
0.523203
0.523125
0.545916
0.545145
0.544398
0.543671
0.542963
0.54227
0.541589
0.540919
0.540258
0.539602
0.538951
0.538303
0.537656
0.537009
0.536362
0.535712
0.535061
0.534407
0.533751
0.533093
0.532433
0.531773
0.531114
0.530457
0.529804
0.529158
0.52852
0.527896
0.527287
0.526699
0.526136
0.525602
0.525105
0.524649
0.524241
0.523888
0.523595
0.523369
0.523215
0.523136
0.545845
0.545089
0.544355
0.543639
0.54294
0.542255
0.541581
0.540917
0.540261
0.53961
0.538964
0.538319
0.537675
0.537031
0.536386
0.535739
0.53509
0.534438
0.533783
0.533126
0.532468
0.531808
0.53115
0.530493
0.52984
0.529193
0.528556
0.52793
0.52732
0.526731
0.526166
0.525631
0.525132
0.524674
0.524264
0.523908
0.523613
0.523385
0.523229
0.52315
0.545744
0.545009
0.544291
0.54359
0.542903
0.542228
0.541563
0.540907
0.540258
0.539613
0.538972
0.538332
0.537693
0.537052
0.536411
0.535766
0.53512
0.53447
0.533817
0.533162
0.532505
0.531846
0.531188
0.530532
0.529879
0.529233
0.528595
0.527968
0.527358
0.526767
0.5262
0.525663
0.525162
0.524701
0.524289
0.523931
0.523634
0.523404
0.523246
0.523166
0.545611
0.544901
0.544205
0.543521
0.542849
0.542187
0.541533
0.540887
0.540246
0.539609
0.538974
0.53834
0.537706
0.537071
0.536433
0.535793
0.535149
0.534502
0.533852
0.533199
0.532544
0.531887
0.53123
0.530574
0.529922
0.529275
0.528637
0.52801
0.527398
0.526806
0.526238
0.525699
0.525195
0.524732
0.524317
0.523956
0.523657
0.523424
0.523265
0.523184
0.545442
0.544762
0.544091
0.543429
0.542775
0.542129
0.541489
0.540855
0.540225
0.539597
0.53897
0.538343
0.537716
0.537086
0.536453
0.535817
0.535178
0.534534
0.533887
0.533237
0.532584
0.531929
0.531273
0.530619
0.529967
0.529321
0.528682
0.528055
0.527442
0.526849
0.526279
0.525738
0.525231
0.524766
0.524348
0.523985
0.523682
0.523447
0.523286
0.523204
0.000774147
0.00265175
0.00494018
0.00770455
0.0110058
0.0149021
0.0194494
0.0247
0.0307001
0.0374867
0.0450838
0.0534991
0.0627204
0.0727128
0.0834165
0.0947455
0.106588
0.118809
0.131253
0.143748
0.156117
0.168179
0.179763
0.190715
0.200903
0.210226
0.218616
0.22604
0.232501
0.238032
0.242691
0.246558
0.249726
0.252294
0.254363
0.256029
0.25738
0.258492
0.259431
0.260248
0.000762526
0.00261127
0.00486417
0.00758834
0.0108474
0.0147019
0.01921
0.0244259
0.0303977
0.0371643
0.0447514
0.0531683
0.0624041
0.0724244
0.0831696
0.094553
0.106462
0.118757
0.131282
0.143861
0.15631
0.168447
0.180097
0.1911
0.201325
0.210667
0.219059
0.226469
0.2329
0.238389
0.242997
0.246806
0.249913
0.252419
0.254426
0.256032
0.257323
0.258377
0.259256
0.260009
0.000751526
0.00257287
0.00479174
0.00747668
0.0106937
0.014506
0.0189738
0.0241538
0.030096
0.0368412
0.0444172
0.0528349
0.0620847
0.0721332
0.0829206
0.0943597
0.106336
0.118708
0.131316
0.14398
0.156512
0.168726
0.180442
0.191498
0.201758
0.211118
0.219509
0.226902
0.233301
0.238745
0.243298
0.247047
0.250089
0.252529
0.254471
0.256012
0.257241
0.258231
0.259045
0.259729
0.000741099
0.00253647
0.00472286
0.00736985
0.0105456
0.0143156
0.0187427
0.0238857
0.0297971
0.0365199
0.0440837
0.0525015
0.0617649
0.0718414
0.0826714
0.0941669
0.106212
0.118663
0.131355
0.144105
0.156722
0.169013
0.180795
0.191903
0.202198
0.211574
0.219964
0.227337
0.2337
0.239096
0.243591
0.247276
0.25025
0.252622
0.254495
0.255969
0.25713
0.258053
0.258798
0.259406
0.000731201
0.00250194
0.00465747
0.00726796
0.0104034
0.0141316
0.0185178
0.0236235
0.0295033
0.0362026
0.0437534
0.0521703
0.0614468
0.0715511
0.0824238
0.0939762
0.10609
0.118621
0.131398
0.144236
0.156938
0.169307
0.181155
0.192314
0.202643
0.212034
0.220419
0.227769
0.234094
0.239439
0.243873
0.247491
0.250395
0.252695
0.254497
0.2559
0.256991
0.257843
0.258512
0.259039
0.0007218
0.00246919
0.00459546
0.00717105
0.0102674
0.0139545
0.0183003
0.0233683
0.029216
0.0358912
0.0434281
0.0518435
0.0611324
0.071264
0.0821793
0.0937887
0.105972
0.118582
0.131446
0.144372
0.157159
0.169605
0.181519
0.192729
0.203089
0.212493
0.220871
0.228196
0.23448
0.239771
0.244142
0.24769
0.250522
0.252747
0.254476
0.255805
0.256822
0.257599
0.258189
0.258628
0.000712867
0.00243814
0.0045367
0.00707905
0.0101378
0.013785
0.0180907
0.0231212
0.0289366
0.0355871
0.0431095
0.0515227
0.0608233
0.0709818
0.0819392
0.0936053
0.105859
0.118548
0.131497
0.144511
0.157383
0.169907
0.181885
0.193144
0.203534
0.212948
0.221317
0.228615
0.234856
0.24009
0.244396
0.247872
0.250628
0.252778
0.25443
0.255683
0.256624
0.257321
0.257827
0.258174
0.000704377
0.00240869
0.00448107
0.00699185
0.0100146
0.013623
0.0178895
0.022883
0.028666
0.0352916
0.0427989
0.0512092
0.0605209
0.0707055
0.0817044
0.0934267
0.105749
0.118518
0.131553
0.144654
0.15761
0.170209
0.182252
0.193557
0.203976
0.213398
0.221756
0.229023
0.235218
0.240394
0.244632
0.248034
0.250713
0.252785
0.254358
0.255533
0.256395
0.257009
0.257427
0.257677
0.00069631
0.00238077
0.00442843
0.00690932
0.00989763
0.0134687
0.0176972
0.0226542
0.0284051
0.0350055
0.0424974
0.0509042
0.0602263
0.0704362
0.0814758
0.0932535
0.105644
0.118491
0.131611
0.144798
0.157838
0.170512
0.182616
0.193966
0.204412
0.213841
0.222184
0.22942
0.235567
0.240681
0.24485
0.248176
0.250777
0.252768
0.254262
0.255356
0.256135
0.256664
0.25699
0.257137
0.000688651
0.00235432
0.00437865
0.00683129
0.0097869
0.0133222
0.0175137
0.022435
0.0281542
0.0347296
0.0422058
0.0506086
0.0599402
0.0701747
0.081254
0.0930862
0.105544
0.118469
0.131672
0.144944
0.158065
0.170812
0.182977
0.19437
0.20484
0.214273
0.2226
0.229801
0.235898
0.240951
0.245048
0.248297
0.250818
0.252728
0.25414
0.255152
0.255846
0.256287
0.256517
0.256557
0.261245
0.262374
0.263368
0.264091
0.264192
0.263144
0.260429
0.254424
0.249679
0.245469
0.24166
0.238073
0.234643
0.2313
0.228004
0.22472
0.221423
0.218093
0.214713
0.211269
0.207744
0.204125
0.200398
0.196547
0.192553
0.188395
0.184053
0.179497
0.174698
0.16962
0.164232
0.158528
0.15253
0.146214
0.138936
0.141317
0.143259
0.145681
0.148518
0.151593
0.154777
0.158001
0.161232
0.164459
0.167678
0.170893
0.174109
0.177334
0.180577
0.183854
0.187184
0.190591
0.194106
0.197781
0.201684
0.205912
0.210626
0.216067
0.22269
0.23142
0.24511
0.271805
0.324637
0.39033
0.417422
0.416475
0.408988
0.402202
0.396726
0.392179
0.388215
0.384631
0.381291
0.378109
0.375024
0.37199
0.368974
0.365947
0.362885
0.359769
0.356576
0.353285
0.349874
0.346319
0.342593
0.338666
0.334503
0.33007
0.32535
0.320343
0.315017
0.308896
0.310499
0.311719
0.313357
0.315372
0.317608
0.31996
0.322367
0.324799
0.327243
0.329696
0.332158
0.334631
0.337123
0.339639
0.342191
0.344795
0.347469
0.35024
0.353147
0.356245
0.359615
0.363385
0.36775
0.373078
0.380112
0.391116
0.412373
0.453897
0.504715
0.52497
0.523613
0.517413
0.511891
0.507451
0.503769
0.500562
0.497667
0.494972
0.492406
0.489921
0.48748
0.485054
0.48262
0.48016
0.477657
0.475092
0.472448
0.469707
0.466849
0.463851
0.460689
0.457334
0.453755
0.449937
0.445873
0.44153
0.436511
0.437764
0.438681
0.439928
0.441478
0.443209
0.445035
0.446906
0.4488
0.450704
0.452618
0.454542
0.456478
0.458431
0.460408
0.462418
0.464475
0.466594
0.468795
0.471114
0.473596
0.476306
0.479351
0.48289
0.487224
0.492948
0.501804
0.518385
0.549437
0.585548
0.598313
0.595796
0.590311
0.585637
0.581912
0.578831
0.576154
0.573741
0.571497
0.569364
0.567298
0.56527
0.563254
0.56123
0.559182
0.557095
0.554952
0.552736
0.550431
0.548017
0.545469
0.542762
0.539858
0.536718
0.533297
0.529547
0.525383
0.520462
0.520712
0.520541
0.520638
0.521012
0.52156
0.522204
0.522894
0.523608
0.524333
0.525068
0.525812
0.526565
0.52733
0.52811
0.528909
0.529732
0.530582
0.531466
0.532394
0.533375
0.534425
0.535567
0.536822
0.538239
0.539854
0.541791
0.544118
0.547382
0.5489
0.549372
0.549041
0.54824
0.547221
0.546117
0.260907
0.261872
0.26263
0.262986
0.262522
0.260697
0.257164
0.250846
0.245948
0.241652
0.237804
0.234202
0.230779
0.227456
0.224192
0.220947
0.217696
0.214418
0.211094
0.207709
0.204246
0.200692
0.19703
0.193245
0.189314
0.185218
0.180933
0.176426
0.171669
0.166622
0.161256
0.155571
0.149615
0.143448
0.136603
0.137994
0.139347
0.141429
0.144078
0.147055
0.150194
0.153404
0.156638
0.159877
0.163112
0.166346
0.16958
0.172824
0.176088
0.179386
0.182741
0.186178
0.189732
0.193458
0.197432
0.201759
0.206615
0.212254
0.219158
0.228267
0.242451
0.269718
0.32309
0.389042
0.416026
0.414715
0.406822
0.399732
0.394049
0.389371
0.385327
0.381702
0.378347
0.37517
0.372105
0.369102
0.366127
0.363147
0.360139
0.35708
0.353946
0.350715
0.347364
0.343866
0.340191
0.336309
0.33218
0.327771
0.323066
0.318082
0.312853
0.307037
0.307795
0.308503
0.309839
0.311681
0.313825
0.316135
0.318527
0.320962
0.323417
0.325887
0.328368
0.330862
0.333375
0.335914
0.338491
0.341122
0.343827
0.346636
0.349592
0.352756
0.356214
0.360106
0.36464
0.370204
0.377554
0.388966
0.410694
0.452662
0.503685
0.523835
0.522172
0.515639
0.509867
0.505256
0.501466
0.498193
0.495262
0.492553
0.489991
0.487522
0.485105
0.482713
0.480318
0.477901
0.475445
0.47293
0.470336
0.467645
0.464836
0.461883
0.458761
0.455438
0.451883
0.448082
0.444042
0.43978
0.435007
0.435564
0.436053
0.437042
0.438442
0.440088
0.441871
0.443723
0.445613
0.447522
0.449446
0.451383
0.453334
0.455305
0.4573
0.459331
0.461411
0.463558
0.465794
0.468157
0.470696
0.473483
0.476634
0.480319
0.484854
0.490844
0.500045
0.517023
0.548446
0.584713
0.59736
0.594571
0.588801
0.583915
0.580045
0.576872
0.574138
0.571695
0.56944
0.567311
0.565262
0.563258
0.561274
0.559288
0.557284
0.555244
0.553153
0.550991
0.548742
0.546383
0.54389
0.541235
0.538377
0.535273
0.531875
0.52814
0.524014
0.519229
0.51878
0.518129
0.517892
0.518036
0.518424
0.518956
0.519566
0.520222
0.520904
0.521608
0.52233
0.523068
0.523826
0.524603
0.525404
0.526233
0.527096
0.527997
0.528946
0.529956
0.531042
0.532229
0.533541
0.535033
0.536743
0.538812
0.541318
0.544876
0.547001
0.548039
0.548127
0.547605
0.546772
0.545794
0.260516
0.2613
0.261796
0.261759
0.260708
0.258078
0.253612
0.247008
0.24196
0.237581
0.233699
0.23009
0.226681
0.223388
0.220165
0.216971
0.213777
0.210562
0.207307
0.203995
0.200608
0.197132
0.193551
0.189846
0.185997
0.18198
0.177771
0.173337
0.168646
0.163659
0.158347
0.152712
0.146821
0.140813
0.134554
0.134767
0.13549
0.137184
0.139596
0.142431
0.145491
0.148661
0.151877
0.155112
0.15835
0.16159
0.164833
0.168087
0.171361
0.174672
0.178044
0.181504
0.185089
0.188862
0.192903
0.19733
0.202331
0.208179
0.215386
0.224916
0.239674
0.267618
0.321471
0.387408
0.414336
0.412773
0.404501
0.397095
0.391193
0.386376
0.382251
0.378586
0.375221
0.372057
0.369021
0.366061
0.363137
0.360217
0.357275
0.354286
0.351227
0.348073
0.344797
0.341375
0.337772
0.333956
0.329887
0.325529
0.320864
0.315923
0.310799
0.305406
0.305166
0.305327
0.306318
0.307947
0.309962
0.3122
0.314556
0.316976
0.31943
0.321906
0.324398
0.326905
0.329432
0.331987
0.334581
0.337234
0.339965
0.342808
0.34581
0.349037
0.352584
0.356603
0.361315
0.367134
0.374834
0.38672
0.409002
0.451364
0.50238
0.522468
0.520585
0.513738
0.507706
0.502914
0.499009
0.495668
0.492704
0.489985
0.487432
0.484985
0.482602
0.480252
0.477905
0.475543
0.473145
0.470691
0.468161
0.465534
0.462789
0.459898
0.456835
0.453564
0.450056
0.446293
0.442293
0.438119
0.43369
0.433425
0.433456
0.434152
0.435365
0.436895
0.438609
0.440424
0.442296
0.444199
0.446124
0.448067
0.450027
0.452008
0.454016
0.456063
0.458162
0.460334
0.462601
0.465006
0.467602
0.470468
0.47373
0.477568
0.48232
0.488605
0.498202
0.515637
0.54739
0.583664
0.596231
0.593229
0.587184
0.582076
0.57805
0.574779
0.571988
0.569516
0.567254
0.565134
0.563106
0.561133
0.559189
0.55725
0.555298
0.553316
0.551286
0.54919
0.547009
0.54472
0.542297
0.53971
0.536916
0.533868
0.530513
0.526806
0.522724
0.518157
0.516893
0.515725
0.515112
0.514983
0.515172
0.515559
0.516063
0.51664
0.517264
0.517925
0.518615
0.519331
0.520073
0.520843
0.521642
0.522476
0.523348
0.524264
0.525235
0.526274
0.527397
0.528631
0.530004
0.531575
0.533386
0.535594
0.538291
0.542136
0.544946
0.546574
0.5471
0.54688
0.546252
0.545416
0.260072
0.260658
0.260871
0.260419
0.258771
0.255323
0.249699
0.242856
0.23767
0.233221
0.229314
0.22571
0.222327
0.219075
0.215905
0.212774
0.20965
0.206513
0.20334
0.200115
0.19682
0.193438
0.189954
0.186349
0.1826
0.178684
0.174574
0.170238
0.165643
0.16075
0.155529
0.149981
0.144182
0.138333
0.132824
0.131673
0.131747
0.133006
0.135125
0.137769
0.14071
0.143806
0.146979
0.150187
0.153409
0.156639
0.159875
0.163124
0.166394
0.169705
0.173081
0.176552
0.180158
0.183968
0.188068
0.192588
0.19773
0.203789
0.211306
0.221281
0.236668
0.265363
0.319625
0.385314
0.41226
0.41057
0.401959
0.394238
0.388111
0.383156
0.378953
0.375255
0.371889
0.368746
0.365751
0.362845
0.359987
0.357141
0.35428
0.351379
0.348411
0.345351
0.342172
0.338846
0.335338
0.331616
0.327635
0.323359
0.318766
0.313889
0.308869
0.304033
0.302643
0.302239
0.302846
0.304214
0.306059
0.308191
0.310483
0.312868
0.315303
0.31777
0.320259
0.322767
0.325297
0.327857
0.330459
0.333123
0.335872
0.338741
0.341781
0.345066
0.348697
0.35284
0.357733
0.363814
0.371883
0.384286
0.407179
0.449879
0.500708
0.520796
0.518788
0.511656
0.505364
0.500388
0.496367
0.492961
0.489967
0.487246
0.484709
0.482294
0.479955
0.477657
0.47537
0.473074
0.470748
0.46837
0.465919
0.463372
0.460709
0.457899
0.454915
0.451722
0.448286
0.444588
0.440645
0.436559
0.432582
0.431372
0.43093
0.431298
0.432285
0.433664
0.435281
0.437035
0.43887
0.440752
0.442665
0.444603
0.446562
0.448545
0.450558
0.452612
0.454724
0.456912
0.459205
0.461647
0.464296
0.467238
0.47061
0.474604
0.47958
0.486177
0.496201
0.514133
0.546169
0.582323
0.59486
0.591715
0.585414
0.580081
0.575897
0.572527
0.569679
0.567182
0.564919
0.562814
0.560815
0.558882
0.556986
0.555104
0.553214
0.551301
0.549346
0.547328
0.545229
0.543026
0.540689
0.538189
0.53548
0.532511
0.529222
0.525561
0.521523
0.517265
0.515078
0.513372
0.512341
0.511891
0.511838
0.512045
0.512413
0.512888
0.513435
0.514036
0.514682
0.515365
0.516085
0.516839
0.517631
0.518465
0.519344
0.520272
0.521262
0.522328
0.523487
0.524769
0.526202
0.527853
0.529768
0.532118
0.535008
0.539121
0.542757
0.544988
0.545964
0.546064
0.54566
0.544982
0.259573
0.259945
0.259856
0.258974
0.256728
0.25251
0.24602
0.239009
0.233714
0.229219
0.225307
0.221725
0.218385
0.215191
0.212092
0.209039
0.206002
0.202958
0.199884
0.196764
0.193577
0.190308
0.18694
0.183454
0.179825
0.176031
0.172044
0.167831
0.163357
0.158583
0.153476
0.148035
0.142329
0.136594
0.131426
0.129323
0.128785
0.129596
0.131392
0.13381
0.136598
0.139592
0.142695
0.145854
0.149039
0.152239
0.15545
0.158676
0.161926
0.165218
0.16858
0.172043
0.175652
0.179479
0.183622
0.188217
0.193484
0.199738
0.207552
0.217966
0.233986
0.263434
0.317973
0.383192
0.410231
0.408541
0.399657
0.391642
0.385304
0.38022
0.375953
0.372235
0.368882
0.365778
0.362839
0.360004
0.357228
0.354473
0.351711
0.348915
0.346057
0.343111
0.340048
0.33684
0.33345
0.329843
0.325974
0.321801
0.317296
0.312487
0.307534
0.302927
0.300719
0.299778
0.299987
0.301069
0.302715
0.304713
0.306918
0.309245
0.311643
0.314084
0.316555
0.319049
0.321569
0.32412
0.326716
0.329378
0.33213
0.33501
0.338074
0.341403
0.345106
0.349361
0.354423
0.360754
0.36919
0.382113
0.405617
0.448547
0.499018
0.519167
0.517136
0.50977
0.503234
0.498083
0.493955
0.490494
0.487482
0.48477
0.482263
0.479893
0.47761
0.475378
0.473166
0.470951
0.46871
0.466423
0.464066
0.461617
0.459052
0.456342
0.453457
0.45036
0.447014
0.443394
0.439511
0.435484
0.431692
0.429806
0.428914
0.428943
0.429681
0.430883
0.43238
0.434053
0.435833
0.437678
0.439566
0.441485
0.443431
0.445405
0.447412
0.449463
0.451575
0.45377
0.456077
0.458544
0.461237
0.464245
0.467717
0.47186
0.477051
0.483956
0.49441
0.512834
0.545066
0.580978
0.593542
0.59033
0.583811
0.578266
0.573931
0.570469
0.567573
0.565061
0.562804
0.560725
0.558765
0.556883
0.555048
0.553233
0.551418
0.549586
0.547717
0.545792
0.543788
0.541685
0.539451
0.537054
0.534447
0.531573
0.528362
0.524749
0.520734
0.51656
0.513681
0.51145
0.509982
0.50918
0.508852
0.508847
0.509053
0.509404
0.509854
0.510381
0.510969
0.511609
0.512297
0.513028
0.513806
0.514634
0.515513
0.516449
0.517455
0.518544
0.519736
0.521062
0.522553
0.52428
0.526296
0.528783
0.531858
0.536202
0.540486
0.543293
0.544725
0.545159
0.544995
0.544489
0.259022
0.259163
0.258758
0.257436
0.254606
0.249693
0.242578
0.235458
0.230082
0.225562
0.221662
0.21812
0.214839
0.211718
0.208703
0.205744
0.202809
0.199872
0.196913
0.193912
0.190849
0.187708
0.184473
0.181121
0.17763
0.173974
0.170126
0.16605
0.161711
0.157066
0.152077
0.146733
0.141095
0.135408
0.130333
0.12754
0.126459
0.126841
0.128312
0.130492
0.13311
0.135983
0.138998
0.14209
0.145221
0.148374
0.151542
0.154727
0.157939
0.161196
0.164526
0.167962
0.171555
0.175384
0.179551
0.184206
0.189583
0.196018
0.204117
0.214963
0.231617
0.261804
0.316504
0.381083
0.40827
0.406688
0.397589
0.389301
0.38276
0.377558
0.373237
0.369512
0.366185
0.363133
0.360264
0.357515
0.354837
0.352188
0.34954
0.346865
0.344133
0.341317
0.338386
0.335312
0.332055
0.328577
0.32483
0.320764
0.316342
0.311578
0.306641
0.302066
0.299253
0.29783
0.297655
0.298447
0.299882
0.301732
0.303834
0.306089
0.308434
0.310836
0.313275
0.315742
0.318237
0.320766
0.323342
0.325987
0.328727
0.331605
0.33468
0.338039
0.341801
0.346157
0.351378
0.357952
0.366748
0.380191
0.404294
0.447361
0.497342
0.517599
0.51563
0.508076
0.501312
0.495993
0.491767
0.488259
0.485239
0.482546
0.480079
0.477765
0.475551
0.473397
0.471272
0.469149
0.467008
0.464824
0.462574
0.460235
0.457782
0.455184
0.452409
0.449417
0.446165
0.442618
0.43878
0.434769
0.431001
0.428614
0.427315
0.427015
0.427501
0.428517
0.42988
0.431457
0.43317
0.434965
0.436816
0.438706
0.440627
0.442581
0.44457
0.446607
0.448709
0.450899
0.45321
0.455692
0.458417
0.461483
0.465046
0.46933
0.47473
0.48194
0.492821
0.511724
0.544077
0.579654
0.592288
0.589075
0.582371
0.576625
0.572146
0.568598
0.565661
0.56314
0.5609
0.558855
0.556944
0.555122
0.553356
0.551619
0.549889
0.548149
0.546377
0.544554
0.542658
0.540665
0.538544
0.53626
0.533762
0.530986
0.527851
0.524275
0.520248
0.516027
0.512606
0.509886
0.507982
0.506815
0.50619
0.505951
0.505974
0.506181
0.506519
0.506957
0.507476
0.508063
0.508709
0.50941
0.510168
0.510983
0.511858
0.512798
0.513814
0.514923
0.516144
0.51751
0.519056
0.520858
0.522971
0.525588
0.528839
0.533383
0.538168
0.541507
0.543389
0.544168
0.544257
0.543938
0.258417
0.258315
0.257581
0.255817
0.252428
0.246912
0.23936
0.232179
0.226752
0.222229
0.218359
0.214872
0.211664
0.20863
0.205714
0.202863
0.200042
0.197226
0.194394
0.191526
0.1886
0.185601
0.182511
0.179306
0.175964
0.172458
0.168758
0.164827
0.160625
0.156104
0.151218
0.145944
0.140331
0.134624
0.129497
0.126184
0.124638
0.124632
0.125798
0.127746
0.130192
0.132936
0.135852
0.138865
0.141928
0.145019
0.148129
0.151257
0.154414
0.157618
0.160898
0.16429
0.16785
0.171661
0.175837
0.180534
0.186005
0.192608
0.200977
0.212245
0.229522
0.260419
0.315178
0.379002
0.406376
0.404992
0.395733
0.387192
0.380461
0.37515
0.370785
0.367064
0.363777
0.360788
0.358004
0.355354
0.352787
0.350258
0.347738
0.345196
0.342603
0.339929
0.337143
0.334212
0.331096
0.327752
0.324124
0.320155
0.315795
0.311045
0.30607
0.301413
0.298134
0.29629
0.295765
0.29628
0.297508
0.299206
0.301198
0.303372
0.305655
0.308006
0.310401
0.312828
0.315286
0.317779
0.320321
0.322936
0.32565
0.328511
0.331583
0.33496
0.338768
0.343212
0.34858
0.355386
0.364535
0.378489
0.403166
0.44629
0.495692
0.51609
0.514254
0.506555
0.499579
0.494102
0.489784
0.486238
0.483219
0.480555
0.478139
0.475891
0.473757
0.471693
0.469664
0.467646
0.465614
0.463544
0.461412
0.459193
0.456859
0.45438
0.451719
0.44883
0.445664
0.442175
0.438353
0.434315
0.43048
0.427705
0.42605
0.425447
0.42569
0.426521
0.427746
0.429222
0.430859
0.432596
0.434399
0.43625
0.438137
0.44006
0.442021
0.444033
0.446114
0.448288
0.450591
0.453078
0.455826
0.458939
0.462585
0.467
0.472602
0.48011
0.49141
0.51077
0.543179
0.578358
0.591093
0.587934
0.581079
0.575145
0.570527
0.5669
0.563928
0.561407
0.559191
0.557188
0.555334
0.553581
0.551894
0.550243
0.548607
0.546966
0.545301
0.543588
0.541806
0.53993
0.537928
0.53576
0.53337
0.530686
0.527614
0.524053
0.519981
0.51564
0.51178
0.508613
0.50629
0.504756
0.503825
0.503338
0.503163
0.503211
0.503423
0.503761
0.5042
0.504723
0.50532
0.505984
0.506714
0.507512
0.508377
0.509315
0.510339
0.511463
0.51271
0.514113
0.51571
0.517581
0.519787
0.522528
0.525943
0.530658
0.535831
0.539645
0.541964
0.543092
0.543448
0.543328
0.257761
0.257404
0.256332
0.254131
0.250218
0.244196
0.236351
0.229154
0.223704
0.219199
0.215375
0.211959
0.208837
0.205904
0.203099
0.200367
0.197673
0.19499
0.192296
0.189571
0.186794
0.183947
0.181011
0.177963
0.174777
0.171426
0.167876
0.164088
0.160015
0.155603
0.150794
0.145552
0.139915
0.134129
0.128867
0.125148
0.123212
0.122871
0.123766
0.125503
0.127786
0.130403
0.133217
0.136143
0.139129
0.142147
0.145185
0.148243
0.151328
0.154463
0.157676
0.161006
0.164515
0.168292
0.172458
0.177182
0.182731
0.189485
0.198111
0.209788
0.22767
0.259233
0.313964
0.376959
0.404547
0.403433
0.394068
0.385297
0.378387
0.372977
0.368578
0.364872
0.361635
0.358722
0.356034
0.353495
0.351051
0.348654
0.346272
0.343875
0.341431
0.338907
0.336272
0.33349
0.330516
0.327301
0.323782
0.319891
0.315563
0.310787
0.305728
0.300927
0.297275
0.295072
0.294237
0.294504
0.295539
0.297092
0.298975
0.301064
0.303279
0.305572
0.307914
0.310291
0.312699
0.315143
0.317639
0.320209
0.322884
0.325713
0.328769
0.332149
0.335991
0.34051
0.346014
0.353041
0.362533
0.376983
0.402198
0.445307
0.494074
0.514637
0.512992
0.50519
0.498021
0.492394
0.487992
0.484416
0.481406
0.478781
0.476424
0.474253
0.472207
0.470243
0.46832
0.466415
0.464501
0.462553
0.460545
0.458451
0.456242
0.453883
0.451331
0.448537
0.445442
0.441986
0.43815
0.434048
0.430094
0.427008
0.425046
0.424175
0.424197
0.424854
0.425945
0.427319
0.428876
0.430549
0.4323
0.434103
0.435948
0.43783
0.439753
0.44173
0.443779
0.445926
0.44821
0.450691
0.453451
0.456601
0.460321
0.464859
0.470653
0.478451
0.490157
0.509943
0.542352
0.577092
0.589952
0.586895
0.579921
0.573812
0.569064
0.565362
0.562363
0.559847
0.557662
0.555709
0.55392
0.552243
0.550642
0.549085
0.547549
0.546015
0.544461
0.542864
0.541202
0.539446
0.537562
0.535507
0.533218
0.530613
0.527584
0.524015
0.519869
0.515372
0.511144
0.507574
0.504857
0.502966
0.501728
0.500986
0.500603
0.500482
0.500557
0.500785
0.501136
0.501588
0.502128
0.502748
0.503445
0.504218
0.505069
0.506001
0.507027
0.508163
0.50943
0.510866
0.512511
0.514446
0.516741
0.519598
0.523163
0.528024
0.533494
0.537724
0.540459
0.541938
0.542568
0.542659
0.257056
0.256433
0.255017
0.252389
0.247998
0.241563
0.233541
0.226366
0.220919
0.216452
0.21269
0.209358
0.206336
0.203515
0.200831
0.198231
0.195673
0.193132
0.190586
0.188013
0.185393
0.182705
0.179929
0.177042
0.174015
0.170819
0.167417
0.163764
0.159805
0.155477
0.150712
0.145459
0.139749
0.133836
0.128396
0.124349
0.122091
0.121472
0.122139
0.123695
0.125833
0.128335
0.13105
0.133889
0.136792
0.139729
0.142685
0.145658
0.148659
0.151709
0.154839
0.158089
0.16153
0.165256
0.169395
0.174129
0.17974
0.186631
0.195499
0.20757
0.226036
0.258214
0.312841
0.374963
0.40278
0.401997
0.392577
0.3836
0.376522
0.371021
0.366598
0.362916
0.359739
0.356913
0.35433
0.351913
0.349602
0.347346
0.345112
0.342867
0.340577
0.33821
0.335729
0.333094
0.330258
0.327162
0.323735
0.319895
0.315566
0.310727
0.305546
0.300568
0.29661
0.294103
0.293005
0.293056
0.293923
0.295345
0.297126
0.299133
0.301278
0.303508
0.30579
0.308108
0.310457
0.312842
0.315279
0.317791
0.320411
0.323196
0.326221
0.329592
0.333454
0.338037
0.343665
0.350901
0.360723
0.375652
0.401365
0.444398
0.492494
0.513237
0.511833
0.503969
0.496624
0.490857
0.486377
0.482778
0.479785
0.477207
0.474918
0.47283
0.470882
0.469025
0.467217
0.465431
0.463641
0.46182
0.459941
0.457975
0.45589
0.453646
0.451197
0.448484
0.445437
0.441988
0.438108
0.433911
0.429813
0.426469
0.424247
0.423144
0.422971
0.423472
0.424441
0.425718
0.427197
0.428805
0.430497
0.432248
0.434042
0.435875
0.437751
0.439684
0.44169
0.443799
0.446054
0.448519
0.45128
0.454458
0.458241
0.462894
0.468871
0.476949
0.489046
0.509223
0.541584
0.575861
0.588862
0.585947
0.578885
0.572616
0.567744
0.563973
0.560952
0.558448
0.5563
0.554403
0.552685
0.551091
0.549583
0.548125
0.546695
0.545272
0.543833
0.542355
0.540812
0.539176
0.537407
0.535458
0.533258
0.530715
0.527707
0.524106
0.519865
0.515194
0.510654
0.506723
0.503642
0.501409
0.499871
0.498873
0.498276
0.497981
0.497912
0.498022
0.498276
0.49865
0.499128
0.499697
0.500355
0.5011
0.501931
0.502853
0.503878
0.50502
0.506304
0.507768
0.509455
0.511451
0.513827
0.516791
0.520492
0.525476
0.53117
0.535757
0.538882
0.540707
0.541621
0.541932
0.256302
0.255407
0.253645
0.250604
0.245784
0.239027
0.230922
0.223798
0.21838
0.213969
0.210284
0.207048
0.204137
0.201438
0.198886
0.196425
0.194013
0.191622
0.18923
0.186816
0.184357
0.181833
0.179221
0.176497
0.173629
0.170584
0.167321
0.163789
0.159924
0.155652
0.150893
0.145586
0.139761
0.133685
0.128045
0.123728
0.121208
0.120367
0.120852
0.122262
0.124282
0.126683
0.12931
0.132064
0.134883
0.137733
0.140598
0.143477
0.14638
0.149332
0.152362
0.155517
0.158874
0.162533
0.16663
0.171358
0.177016
0.18403
0.193126
0.205577
0.2246
0.25734
0.311795
0.373019
0.401073
0.400673
0.391247
0.382087
0.374852
0.369266
0.364827
0.361178
0.35807
0.355339
0.352871
0.350584
0.348415
0.346307
0.344226
0.342138
0.340007
0.337797
0.335469
0.332978
0.33027
0.327278
0.323921
0.320105
0.315741
0.310806
0.305476
0.300307
0.296091
0.293332
0.292015
0.291887
0.292612
0.293924
0.295615
0.297547
0.299625
0.30179
0.304008
0.306259
0.30854
0.310855
0.313222
0.315664
0.318217
0.320944
0.323926
0.327274
0.331144
0.335778
0.34152
0.348954
0.359095
0.374481
0.400648
0.443551
0.490957
0.511888
0.510767
0.502879
0.495378
0.489478
0.484927
0.48131
0.478341
0.475816
0.473602
0.471606
0.469762
0.468019
0.46633
0.464669
0.463008
0.461317
0.459568
0.457728
0.455763
0.453629
0.45127
0.44862
0.4456
0.442131
0.438179
0.433865
0.429611
0.426051
0.42361
0.422311
0.421973
0.42234
0.423201
0.42439
0.425796
0.427339
0.428972
0.430666
0.432404
0.434182
0.436003
0.437881
0.439835
0.441895
0.44411
0.446549
0.449302
0.452498
0.456335
0.461094
0.467246
0.475594
0.488064
0.508596
0.540866
0.574667
0.587819
0.585082
0.577963
0.571547
0.566558
0.562723
0.559684
0.557197
0.555092
0.553257
0.551614
0.550108
0.548697
0.547343
0.546022
0.544713
0.543391
0.542032
0.540608
0.539087
0.537428
0.535573
0.533448
0.530947
0.527939
0.524285
0.519933
0.515088
0.510277
0.506027
0.502612
0.500058
0.498229
0.496979
0.496168
0.495693
0.495476
0.495463
0.495615
0.495906
0.496315
0.496829
0.497443
0.498155
0.498962
0.499868
0.500887
0.502032
0.503327
0.504815
0.50654
0.50859
0.511043
0.514103
0.517925
0.523011
0.52887
0.533758
0.537241
0.539406
0.540607
0.541148
0.545234
0.54459
0.543949
0.543312
0.54268
0.542053
0.541429
0.540809
0.540191
0.539574
0.538957
0.538339
0.537719
0.537096
0.53647
0.535839
0.535204
0.534565
0.533922
0.533274
0.532624
0.531971
0.531318
0.530665
0.530014
0.529368
0.52873
0.528102
0.527489
0.526894
0.526322
0.525779
0.52527
0.524802
0.524381
0.524015
0.52371
0.523472
0.523309
0.523225
0.544983
0.544381
0.543775
0.543168
0.542562
0.541956
0.541352
0.540748
0.540145
0.539541
0.538935
0.538327
0.537716
0.5371
0.536481
0.535857
0.535228
0.534593
0.533954
0.533311
0.532664
0.532014
0.531363
0.530712
0.530062
0.529417
0.528779
0.528151
0.527537
0.526941
0.526368
0.525823
0.525312
0.524841
0.524417
0.524047
0.523739
0.523499
0.523334
0.523249
0.544688
0.544134
0.543568
0.542995
0.542418
0.541838
0.541255
0.540671
0.540084
0.539494
0.538902
0.538305
0.537704
0.537098
0.536487
0.53587
0.535247
0.534619
0.533985
0.533346
0.532703
0.532056
0.531408
0.530759
0.530111
0.529468
0.52883
0.528202
0.527588
0.526991
0.526416
0.525869
0.525355
0.524881
0.524455
0.524082
0.523771
0.523528
0.52336
0.523274
0.544346
0.543846
0.543326
0.542791
0.542247
0.541696
0.541138
0.540575
0.540007
0.539434
0.538856
0.538273
0.537683
0.537088
0.536486
0.535877
0.535262
0.53464
0.534012
0.533378
0.53274
0.532097
0.531452
0.530806
0.53016
0.529518
0.528882
0.528254
0.527639
0.527041
0.526465
0.525916
0.5254
0.524924
0.524494
0.524118
0.523804
0.523558
0.523388
0.523301
0.543957
0.543516
0.543046
0.542555
0.542048
0.541529
0.540999
0.54046
0.539913
0.539359
0.538798
0.538229
0.537653
0.537069
0.536477
0.535878
0.535271
0.534657
0.534035
0.533408
0.532774
0.532136
0.531495
0.530852
0.530209
0.529569
0.528934
0.528307
0.527692
0.527093
0.526516
0.525965
0.525447
0.524968
0.524535
0.524156
0.523838
0.52359
0.523418
0.523329
0.543518
0.543144
0.542729
0.542286
0.54182
0.541336
0.540837
0.540325
0.539802
0.539269
0.538726
0.538173
0.537611
0.537041
0.536461
0.535872
0.535274
0.534668
0.534054
0.533433
0.532806
0.532173
0.531536
0.530897
0.530257
0.529619
0.528985
0.52836
0.527745
0.527146
0.526568
0.526015
0.525495
0.525013
0.524578
0.524195
0.523875
0.523623
0.523449
0.523358
0.543029
0.542727
0.542373
0.541982
0.541561
0.541116
0.540651
0.540169
0.539672
0.539161
0.538638
0.538104
0.537558
0.537002
0.536435
0.535858
0.53527
0.534674
0.534068
0.533454
0.532834
0.532206
0.531575
0.53094
0.530303
0.529668
0.529037
0.528412
0.527798
0.527199
0.52662
0.526067
0.525544
0.52506
0.524621
0.524236
0.523912
0.523658
0.523481
0.523388
0.542491
0.542265
0.541978
0.541643
0.541271
0.540868
0.54044
0.53999
0.539522
0.539036
0.538536
0.538021
0.537493
0.536952
0.536399
0.535835
0.535259
0.534672
0.534076
0.533471
0.532857
0.532236
0.53161
0.53098
0.530348
0.529716
0.529087
0.528464
0.527851
0.527253
0.526673
0.526118
0.525594
0.525108
0.524666
0.524278
0.523951
0.523693
0.523514
0.52342
0.541902
0.541759
0.541542
0.541269
0.540949
0.540593
0.540204
0.53979
0.539352
0.538893
0.538417
0.537924
0.537415
0.536891
0.536353
0.535803
0.535239
0.534664
0.534078
0.533481
0.532876
0.532262
0.531642
0.531017
0.53039
0.529762
0.529136
0.528515
0.527904
0.527306
0.526726
0.52617
0.525644
0.525156
0.524712
0.52432
0.52399
0.52373
0.523548
0.523452
0.541264
0.541209
0.541068
0.540859
0.540596
0.540288
0.539943
0.539566
0.539161
0.538732
0.538281
0.537811
0.537323
0.536818
0.536297
0.535761
0.535211
0.534648
0.534072
0.533486
0.532889
0.532283
0.53167
0.531052
0.530429
0.529805
0.529183
0.528565
0.527955
0.527358
0.526778
0.526222
0.525695
0.525204
0.524758
0.524364
0.52403
0.523767
0.523582
0.523486
0.000666324
0.00227735
0.00423413
0.00660491
0.00946522
0.0128953
0.0169773
0.0217921
0.0274156
0.0339147
0.0413421
0.0497311
0.05909
0.0693968
0.0805951
0.0925908
0.105252
0.11841
0.131865
0.145394
0.15876
0.171727
0.184069
0.19559
0.206127
0.215565
0.223837
0.230927
0.236864
0.24172
0.245593
0.248603
0.250874
0.252532
0.253688
0.254442
0.25487
0.25503
0.254955
0.254655
0.000637848
0.0021799
0.00405278
0.00632247
0.00906412
0.0123605
0.0162993
0.0209698
0.0264588
0.0328452
0.0401947
0.048553
0.057939
0.0683386
0.0796986
0.0919235
0.104874
0.118368
0.132187
0.146085
0.159801
0.173072
0.185653
0.197328
0.207924
0.217322
0.225458
0.232326
0.237971
0.242478
0.245965
0.248564
0.250411
0.251636
0.252354
0.252656
0.252615
0.252275
0.251659
0.250764
0.000616543
0.00210734
0.00391879
0.00611536
0.00877142
0.0119705
0.0158031
0.0203638
0.0257468
0.0320405
0.0393211
0.0476448
0.0570405
0.0675015
0.0789791
0.0913775
0.104552
0.118309
0.132416
0.146606
0.160595
0.1741
0.186854
0.198627
0.209237
0.21856
0.226538
0.233173
0.238523
0.24269
0.245802
0.248005
0.249443
0.250249
0.250535
0.250393
0.249885
0.249052
0.247912
0.246456
0.000600577
0.00205315
0.00381932
0.0059627
0.00855692
0.0116855
0.0154403
0.0199187
0.0252196
0.0314377
0.0386569
0.0469417
0.0563292
0.0668193
0.0783679
0.09088
0.104207
0.11815
0.132462
0.146861
0.161045
0.174713
0.187582
0.199408
0.21
0.219235
0.227055
0.233471
0.23855
0.242406
0.245179
0.247023
0.248086
0.248505
0.248392
0.247836
0.246899
0.245619
0.244014
0.242086
0.000588318
0.00201164
0.00374344
0.00584683
0.00839488
0.0114707
0.0151665
0.019581
0.0248154
0.0309684
0.0381287
0.0463669
0.0557258
0.0662112
0.077783
0.0903484
0.103758
0.117807
0.132242
0.14677
0.161076
0.174843
0.187778
0.199626
0.210189
0.219339
0.227023
0.233253
0.238106
0.241702
0.244189
0.245725
0.246466
0.246548
0.246087
0.245171
0.243865
0.24221
0.240232
0.237943
0.000578365
0.00197797
0.00368199
0.00575319
0.00826407
0.0112972
0.0149444
0.0193044
0.0244794
0.0305699
0.0376672
0.0458456
0.0551522
0.0655971
0.077144
0.0897029
0.103126
0.117206
0.131687
0.14627
0.160631
0.174446
0.187411
0.199262
0.209798
0.218886
0.226471
0.232567
0.237253
0.240654
0.242921
0.244216
0.244698
0.244508
0.243763
0.242556
0.240956
0.239013
0.236761
0.234226
0.000569564
0.00194818
0.00362753
0.00567001
0.00814746
0.0111417
0.0147435
0.019051
0.024166
0.0301891
0.0372129
0.0453132
0.0545399
0.0649063
0.07638
0.0888744
0.102244
0.116286
0.130742
0.145313
0.159673
0.173492
0.186462
0.198312
0.208836
0.217895
0.225431
0.231455
0.236046
0.239326
0.24145
0.24258
0.242878
0.242488
0.241533
0.240111
0.238299
0.236154
0.233724
0.231045
0.000560995
0.00191911
0.00357419
0.00558806
0.00803177
0.0109859
0.0145401
0.018791
0.0238391
0.029784
0.0367179
0.0447172
0.0538332
0.064082
0.0754344
0.0878084
0.101064
0.115001
0.129368
0.143869
0.158179
0.171968
0.184925
0.196778
0.207312
0.216384
0.223928
0.229951
0.234524
0.237767
0.23983
0.240878
0.241073
0.240562
0.239474
0.237915
0.23597
0.233707
0.23118
0.228441
0.000551954
0.00188837
0.00351749
0.00550038
0.00790701
0.0108165
0.0143168
0.0185024
0.0234719
0.029323
0.0361467
0.0440187
0.0529911
0.0630819
0.0742658
0.086466
0.0995488
0.113323
0.127543
0.14192
0.156137
0.169868
0.182802
0.194664
0.205235
0.214365
0.221979
0.228072
0.232709
0.236
0.23809
0.239142
0.239318
0.238768
0.237627
0.236008
0.234005
0.231694
0.229141
0.226404
0.000541929
0.0018542
0.0034542
0.00540196
0.00776604
0.0106238
0.014061
0.0181696
0.0230457
0.0287845
0.0354747
0.0431911
0.0519858
0.0618787
0.0728484
0.0848241
0.0976804
0.111236
0.125256
0.139462
0.153548
0.167196
0.180096
0.191976
0.20261
0.211842
0.219583
0.22582
0.230601
0.234026
0.236234
0.237379
0.237621
0.237116
0.236
0.234395
0.232403
0.230108
0.227585
0.224898
0.000530572
0.00181543
0.00338215
0.00528945
0.00760418
0.0104016
0.0137648
0.0177829
0.0225489
0.028155
0.0346874
0.0422191
0.0508021
0.0604582
0.0711699
0.0828735
0.095453
0.108739
0.122509
0.136501
0.15042
0.163958
0.176815
0.188717
0.199437
0.208808
0.216732
0.223179
0.228182
0.231827
0.234239
0.235565
0.235962
0.235584
0.234572
0.233053
0.231136
0.228914
0.226469
0.223869
0.000517677
0.00177135
0.00330006
0.00516093
0.00741876
0.0101464
0.0134239
0.0173372
0.0219758
0.0274285
0.0337785
0.041097
0.0494356
0.0588176
0.0692304
0.0806175
0.0928736
0.105842
0.119318
0.133053
0.146769
0.16017
0.172967
0.184891
0.195711
0.205253
0.213405
0.220121
0.225416
0.229359
0.23206
0.233655
0.234293
0.234125
0.233295
0.231932
0.230153
0.228058
0.225733
0.223253
0.000503153
0.00172167
0.00320742
0.00501564
0.00720883
0.00985701
0.0130371
0.0168314
0.0213255
0.0266046
0.0327487
0.039827
0.0478903
0.0569641
0.06704
0.0780698
0.0899593
0.102567
0.115704
0.12914
0.142616
0.155851
0.168568
0.180503
0.191427
0.201158
0.209572
0.216605
0.222254
0.226567
0.229635
0.231582
0.232545
0.23267
0.232098
0.230964
0.229386
0.227469
0.225307
0.222979
0.000487006
0.0016664
0.00310428
0.00485376
0.00697475
0.00953423
0.0126056
0.0162673
0.0206009
0.0256876
0.0316042
0.0384174
0.0461776
0.0549119
0.0646168
0.0752522
0.0867357
0.0989408
0.111697
0.124794
0.13799
0.151026
0.163634
0.175562
0.186582
0.196508
0.205203
0.212587
0.218636
0.223378
0.226884
0.229259
0.230627
0.231125
0.230891
0.230056
0.228743
0.227062
0.225108
0.222965
0.000469316
0.00160584
0.00299121
0.00467621
0.00671796
0.00918016
0.0121324
0.0156493
0.0198079
0.0246855
0.0303553
0.0368816
0.0443141
0.0526815
0.0619852
0.0721931
0.083235
0.0949995
0.107335
0.120051
0.132928
0.145724
0.158189
0.170081
0.181177
0.191287
0.200265
0.208017
0.214499
0.219715
0.223716
0.226586
0.228433
0.229381
0.22956
0.229099
0.228119
0.226732
0.225036
0.223121
0.00045022
0.00154045
0.0028691
0.00448446
0.00644068
0.00879799
0.0116221
0.0149834
0.0189546
0.0236087
0.0290153
0.0352361
0.0423201
0.0502975
0.0591741
0.0689258
0.0794942
0.0907835
0.10266
0.114955
0.12747
0.139983
0.152263
0.164079
0.175217
0.185487
0.194735
0.202854
0.209781
0.215499
0.220037
0.223455
0.225844
0.227312
0.227978
0.227963
0.227386
0.226357
0.224977
0.223337
0.000429897
0.00147085
0.00273914
0.00428039
0.00614568
0.00839165
0.0110801
0.0142768
0.0180503
0.0224692
0.0275993
0.0334998
0.0402185
0.0477869
0.0562152
0.0654867
0.0755542
0.0863369
0.0977196
0.109554
0.121663
0.133847
0.145893
0.157586
0.16872
0.179109
0.188596
0.197062
0.204427
0.210656
0.215752
0.219757
0.222737
0.224785
0.226004
0.226505
0.2264
0.225796
0.224795
0.223486
0.000408554
0.00139775
0.00260265
0.00406615
0.00583613
0.00796558
0.0105122
0.0135374
0.0171053
0.02128
0.0261237
0.0316926
0.0380334
0.0451786
0.0531418
0.0619137
0.0714576
0.0817068
0.0925636
0.1039
0.11556
0.127366
0.139125
0.150639
0.161714
0.172169
0.181846
0.190619
0.198395
0.20512
0.210778
0.215386
0.21899
0.221662
0.223489
0.224568
0.225002
0.224891
0.224333
0.223417
0.000386413
0.00132193
0.00246109
0.00384402
0.00551536
0.00752442
0.00992479
0.0127736
0.0161303
0.0200547
0.0246052
0.029835
0.0357893
0.0425014
0.0499879
0.0582458
0.0672481
0.0769412
0.087244
0.0980475
0.109217
0.120596
0.132013
0.143287
0.154238
0.164693
0.174497
0.18352
0.19166
0.198846
0.205045
0.210251
0.21449
0.217812
0.220286
0.221993
0.223023
0.223468
0.223418
0.22296
0.000363706
0.00124417
0.00231594
0.00361634
0.00518679
0.00707291
0.00932425
0.0119936
0.0151358
0.0188066
0.0230602
0.027947
0.0335105
0.0397839
0.0467868
0.0545213
0.062969
0.0720886
0.081814
0.0920542
0.102694
0.1136
0.124618
0.135588
0.146344
0.156725
0.166581
0.175782
0.184218
0.19181
0.198505
0.20428
0.209141
0.213117
0.216257
0.218624
0.220295
0.221348
0.221865
0.221926
0.000340663
0.00116526
0.00216868
0.00338545
0.00485379
0.0066157
0.00871673
0.0112054
0.0141322
0.0175485
0.0215047
0.026048
0.0312199
0.0370535
0.0435703
0.0507769
0.0586625
0.0671964
0.0763262
0.0859774
0.0960541
0.106441
0.117006
0.127608
0.138096
0.148323
0.158147
0.16744
0.176091
0.184012
0.191137
0.197429
0.202875
0.207483
0.211283
0.214321
0.216657
0.218355
0.219486
0.220119
0.000317504
0.00108596
0.00202073
0.00315358
0.00451959
0.00615723
0.00810815
0.0104167
0.0131291
0.0162926
0.0199535
0.0241559
0.0289392
0.0343359
0.0403686
0.0470477
0.0543687
0.0623102
0.0708319
0.0798742
0.0893584
0.0991877
0.10925
0.119421
0.129568
0.139559
0.149262
0.158553
0.167324
0.175481
0.182952
0.189686
0.195653
0.200846
0.205275
0.20897
0.211971
0.21433
0.216102
0.217347
0.000294441
0.001007
0.00187343
0.00292285
0.00418724
0.00570166
0.00750401
0.00963461
0.0121356
0.0150499
0.0184202
0.0222873
0.0266882
0.0316544
0.0372092
0.0433658
0.0501249
0.0574728
0.0653799
0.0737997
0.0826688
0.0919075
0.101422
0.111105
0.120843
0.130517
0.140007
0.149198
0.157986
0.166277
0.173992
0.181073
0.187477
0.193182
0.198184
0.202493
0.206135
0.209144
0.211563
0.213437
0.000271669
0.000929031
0.00172804
0.00269519
0.00385952
0.00525281
0.00690933
0.00886557
0.0111596
0.0138306
0.0169172
0.020457
0.0244847
0.0290303
0.0341171
0.0397605
0.0459651
0.0527237
0.0600157
0.0678059
0.0760445
0.084667
0.093596
0.102742
0.112007
0.121287
0.130477
0.13947
0.148169
0.156482
0.16433
0.171649
0.178387
0.184511
0.190002
0.194858
0.199087
0.20271
0.205754
0.208251
0.000249364
0.000852673
0.00158569
0.00247237
0.00353897
0.0048141
0.00632862
0.00811532
0.0102085
0.0126434
0.0154552
0.0186782
0.0223443
0.026482
0.0311143
0.0362576
0.0419197
0.0480986
0.0547809
0.0619412
0.0695412
0.0775302
0.0858452
0.0944126
0.10315
0.111969
0.120775
0.129477
0.137982
0.146205
0.154069
0.161507
0.168462
0.174894
0.180773
0.186083
0.190821
0.194992
0.198612
0.201698
0.000227684
0.000778461
0.00144736
0.00225596
0.00322781
0.00438856
0.00576581
0.00738889
0.0092885
0.0114962
0.0140437
0.016962
0.0202804
0.0240255
0.0282196
0.0328795
0.0380152
0.0436287
0.0497125
0.0562491
0.0632101
0.0705563
0.078238
0.0861955
0.0943607
0.102659
0.11101
0.119333
0.127547
0.135572
0.143335
0.150769
0.157819
0.164435
0.170584
0.176238
0.181383
0.186015
0.190135
0.193749
0.000206766
0.000706865
0.00131394
0.0020473
0.00292797
0.00397879
0.0052243
0.00669058
0.00840492
0.0103954
0.0126904
0.0153178
0.0183043
0.0216743
0.0254489
0.0296451
0.0342742
0.039341
0.0448426
0.0507679
0.0570967
0.0637996
0.070838
0.0781646
0.0857243
0.0934553
0.101291
0.109161
0.116994
0.124719
0.13227
0.139583
0.146601
0.153276
0.159566
0.165441
0.170878
0.175862
0.180384
0.18444
0.000186728
0.000638285
0.00118618
0.00184756
0.00264109
0.00358698
0.00470693
0.00602397
0.0075622
0.00934648
0.0114019
0.0137535
0.0164251
0.0194391
0.0228153
0.02657
0.0307153
0.0352578
0.0401982
0.0455304
0.0512406
0.0573077
0.0637023
0.0703879
0.0773206
0.0844504
0.0917222
0.0990772
0.106454
0.113792
0.121029
0.128108
0.134976
0.141583
0.147888
0.153855
0.159456
0.16467
0.16948
0.173873
0.000167667
0.000573055
0.00106468
0.00165769
0.00236852
0.00321496
0.00421604
0.00539198
0.00676392
0.00835368
0.0101834
0.0122751
0.0146502
0.0173288
0.020329
0.0236664
0.0273531
0.0313971
0.0358014
0.0405636
0.0456752
0.0511213
0.0568807
0.0629254
0.0692213
0.0757289
0.0824036
0.0891969
0.0960575
0.102933
0.10977
0.116517
0.123125
0.129547
0.135742
0.141674
0.14731
0.152627
0.157601
0.162213
0.000149661
0.000511441
0.000949937
0.00147844
0.00211134
0.00286414
0.00375346
0.00479688
0.00601283
0.00742032
0.00903869
0.0108872
0.0129849
0.0153495
0.0179975
0.0209434
0.024199
0.0277727
0.0316693
0.035889
0.0404271
0.0452741
0.0504147
0.0558283
0.0614892
0.0673663
0.0734245
0.0796247
0.0859246
0.0922803
0.0986466
0.104978
0.111232
0.117364
0.123336
0.129113
0.134662
0.139955
0.144967
0.149676
0.000132772
0.000453652
0.000842344
0.00131042
0.00187036
0.00253561
0.00332054
0.00424036
0.00531096
0.00654879
0.00797059
0.00959313
0.0114329
0.0135056
0.0158261
0.0184074
0.0212607
0.0243945
0.0278144
0.0315225
0.0355171
0.0397923
0.0443379
0.0491391
0.0541767
0.0594272
0.0648633
0.070454
0.0761655
0.0819615
0.0878046
0.0936562
0.0994781
0.105233
0.110885
0.116401
0.121749
0.126901
0.131831
0.136515
0.000117043
0.00039984
0.000742174
0.00115403
0.00164617
0.00223013
0.00291825
0.00372356
0.00465966
0.00574064
0.00698086
0.00839473
0.00999648
0.0117999
0.0138178
0.0160621
0.0185429
0.0212685
0.0242448
0.0274751
0.0309596
0.0346953
0.0386757
0.0428905
0.0473259
0.0519645
0.0567854
0.0617648
0.0668757
0.0720894
0.077375
0.0827007
0.0880341
0.0933429
0.0985957
0.103762
0.108812
0.113721
0.11846
0.123007
0.000102504
0.000350105
0.000649614
0.00100957
0.00143916
0.0019482
0.00254718
0.00324715
0.00405967
0.00499666
0.00607032
0.00729291
0.00867658
0.0102331
0.0119738
0.0139089
0.0160475
0.0183974
0.0209645
0.0237527
0.0267634
0.0299956
0.0334454
0.0371062
0.0409683
0.045019
0.0492429
0.0536217
0.0581349
0.0627597
0.0674715
0.0722445
0.077052
0.0818667
0.0866617
0.0914102
0.0960864
0.100665
0.105123
0.109436
8.91746e-05
0.000304508
0.000564768
0.000877188
0.00124951
0.00169004
0.00220757
0.0028114
0.00351121
0.00431701
0.00523903
0.00628758
0.00747289
0.00880497
0.0102934
0.011947
0.013774
0.0157812
0.0179742
0.020357
0.0229319
0.0256992
0.0286569
0.0318009
0.0351247
0.0386194
0.0422737
0.0460743
0.0500054
0.0540496
0.0581877
0.0623992
0.0666625
0.0709553
0.0752552
0.0795393
0.0837854
0.0879714
0.0920756
0.0960764
7.70609e-05
0.000263073
0.000487676
0.000756928
0.00107729
0.00145568
0.00189942
0.0024162
0.00301405
0.00370127
0.00448633
0.00537776
0.00638408
0.00751363
0.00877444
0.0101741
0.0117194
0.0134165
0.0152705
0.0172854
0.0194636
0.0218061
0.0243126
0.0269805
0.0298057
0.0327822
0.0359022
0.0391557
0.0425313
0.046016
0.0495949
0.0532523
0.0569711
0.0607335
0.0645213
0.0683157
0.0720979
0.0758491
0.0795506
0.0831833
0.253851
0.252095
0.24927
0.245016
0.239047
0.231567
0.223444
0.216552
0.211289
0.207102
0.203691
0.200787
0.198243
0.195944
0.193819
0.191813
0.189888
0.188004
0.18613
0.184242
0.182315
0.180324
0.178241
0.176031
0.173656
0.171067
0.168203
0.164988
0.161326
0.157105
0.152213
0.146577
0.140259
0.133601
0.127358
0.122416
0.119329
0.118032
0.118154
0.119266
0.121022
0.123169
0.125535
0.128012
0.130531
0.133055
0.13557
0.138077
0.140592
0.143147
0.145796
0.14861
0.151663
0.155071
0.158993
0.16366
0.169421
0.176774
0.186533
0.200115
0.22078
0.255079
0.30881
0.367221
0.396003
0.396926
0.387627
0.377971
0.370281
0.364456
0.359984
0.356457
0.353583
0.351167
0.349072
0.347202
0.34549
0.343881
0.342315
0.340747
0.339131
0.337423
0.33557
0.333508
0.33116
0.328428
0.325195
0.321332
0.316735
0.311397
0.305556
0.299824
0.295
0.291664
0.289864
0.289343
0.289753
0.290799
0.292256
0.293964
0.295817
0.297749
0.299719
0.301707
0.303709
0.305735
0.307808
0.309969
0.312276
0.31479
0.317602
0.320845
0.324704
0.329462
0.335521
0.343534
0.354627
0.37136
0.398785
0.441132
0.486378
0.507893
0.50776
0.499915
0.491984
0.4857
0.480942
0.477289
0.474409
0.472066
0.470099
0.4684
0.466891
0.465515
0.46423
0.462987
0.461748
0.46048
0.459144
0.457699
0.456094
0.454266
0.452136
0.449608
0.446573
0.442938
0.438679
0.433963
0.429252
0.425181
0.422234
0.420489
0.419769
0.419817
0.420404
0.421352
0.422535
0.423864
0.425285
0.426762
0.428279
0.42983
0.431422
0.433071
0.434813
0.436691
0.438758
0.441087
0.443787
0.44701
0.450989
0.456048
0.462714
0.471868
0.485431
0.506946
0.538813
0.571119
0.584757
0.582665
0.57546
0.568634
0.563301
0.559279
0.556197
0.553775
0.551814
0.550181
0.548784
0.547558
0.546458
0.545448
0.544488
0.54355
0.542603
0.541617
0.540558
0.53938
0.538027
0.53642
0.534459
0.532008
0.528915
0.525034
0.520327
0.515002
0.50954
0.504493
0.500202
0.496755
0.49408
0.492065
0.490584
0.489533
0.488825
0.488398
0.488201
0.488199
0.488362
0.488673
0.489119
0.489695
0.490395
0.491224
0.492191
0.493318
0.494634
0.496181
0.498009
0.500209
0.502873
0.506198
0.510348
0.51569
0.521897
0.527541
0.532024
0.535206
0.537299
0.53857
0.249038
0.245946
0.24167
0.236049
0.229162
0.221558
0.214198
0.208202
0.203691
0.200278
0.197654
0.195568
0.193856
0.192399
0.191116
0.189948
0.188847
0.187775
0.186702
0.185594
0.184419
0.18314
0.181712
0.180082
0.178189
0.175953
0.17328
0.170052
0.166138
0.161398
0.15572
0.14908
0.141653
0.133942
0.126818
0.121229
0.117758
0.116384
0.116686
0.118134
0.120259
0.122715
0.125266
0.12777
0.130148
0.132366
0.134426
0.136348
0.138173
0.139956
0.141768
0.143704
0.145884
0.148465
0.151665
0.155785
0.161262
0.168718
0.1791
0.194013
0.21665
0.252426
0.304269
0.358477
0.388265
0.391795
0.383528
0.37367
0.365589
0.359613
0.355297
0.352169
0.349867
0.348136
0.346795
0.345715
0.344799
0.343967
0.343155
0.342303
0.34135
0.340228
0.338858
0.337146
0.334977
0.332217
0.328717
0.324338
0.319
0.312783
0.306049
0.299515
0.294037
0.29023
0.2882
0.287673
0.288236
0.289499
0.291155
0.292989
0.294861
0.296689
0.298431
0.300075
0.301634
0.303133
0.304615
0.306135
0.307771
0.30962
0.311812
0.314523
0.317999
0.322593
0.328803
0.337387
0.34961
0.367963
0.396581
0.437458
0.479479
0.501828
0.503688
0.496576
0.488425
0.481795
0.476895
0.47335
0.470776
0.46888
0.467455
0.466355
0.465475
0.464738
0.464078
0.463445
0.46279
0.462065
0.461214
0.460176
0.458875
0.457219
0.455098
0.45239
0.448976
0.444779
0.43984
0.43442
0.429062
0.42444
0.421062
0.419051
0.418228
0.418293
0.418953
0.419971
0.421177
0.422461
0.423752
0.425015
0.426237
0.427424
0.428596
0.429783
0.431031
0.4324
0.43397
0.435847
0.438174
0.441152
0.445068
0.450324
0.457522
0.467639
0.482506
0.504937
0.535712
0.56579
0.580181
0.579493
0.572685
0.565569
0.559898
0.555726
0.552707
0.550515
0.548904
0.5477
0.546785
0.546071
0.545494
0.545003
0.544557
0.544118
0.543646
0.5431
0.542427
0.541565
0.540433
0.538928
0.536925
0.534274
0.530823
0.526458
0.521191
0.515254
0.509093
0.503211
0.497975
0.493532
0.489882
0.48695
0.484635
0.482837
0.48147
0.480462
0.479754
0.479303
0.479072
0.479036
0.479178
0.479487
0.479957
0.480591
0.481399
0.4824
0.483627
0.485123
0.48695
0.489196
0.49197
0.495435
0.499752
0.505119
0.511341
0.517519
0.522997
0.527432
0.5308
0.533241
0.243916
0.239751
0.234499
0.228209
0.221208
0.214151
0.207839
0.202886
0.199286
0.196732
0.19493
0.193645
0.192707
0.191999
0.191437
0.190959
0.190518
0.190078
0.189604
0.189058
0.188399
0.18758
0.186542
0.185217
0.183519
0.181348
0.17858
0.175075
0.17068
0.165256
0.158716
0.151103
0.142702
0.134132
0.126334
0.120292
0.116633
0.115398
0.116161
0.118296
0.121199
0.124389
0.127532
0.130426
0.132968
0.135127
0.13692
0.138397
0.139628
0.140696
0.141701
0.142764
0.144037
0.145722
0.14809
0.151517
0.156524
0.163847
0.174553
0.190357
0.214268
0.250547
0.300102
0.350642
0.381081
0.387376
0.380797
0.371306
0.363122
0.357105
0.352966
0.350214
0.348429
0.347295
0.346589
0.346147
0.34585
0.345604
0.345336
0.344975
0.344445
0.343661
0.342526
0.34092
0.338706
0.335727
0.331823
0.326865
0.320817
0.313839
0.306391
0.299252
0.29331
0.289225
0.287171
0.28689
0.287911
0.289735
0.291948
0.294246
0.296436
0.298407
0.300118
0.301566
0.302784
0.303821
0.304744
0.305632
0.306584
0.307727
0.309227
0.311304
0.314266
0.318533
0.324693
0.333593
0.346579
0.365977
0.395005
0.434091
0.473296
0.496224
0.500229
0.494381
0.486466
0.479719
0.474765
0.471345
0.469059
0.467565
0.466609
0.46601
0.465637
0.465393
0.465203
0.465009
0.464754
0.464377
0.463812
0.46298
0.461786
0.460119
0.457852
0.454851
0.451003
0.446265
0.440738
0.434758
0.428915
0.423906
0.420268
0.418175
0.417467
0.417806
0.418823
0.420202
0.421709
0.423189
0.424554
0.425762
0.42681
0.427716
0.428518
0.429267
0.430025
0.43087
0.431906
0.433268
0.435135
0.437757
0.441474
0.446755
0.454267
0.465033
0.480727
0.503454
0.532889
0.561024
0.576012
0.576903
0.570931
0.563887
0.558057
0.553801
0.550856
0.548873
0.547567
0.546726
0.546201
0.545886
0.545702
0.545591
0.545506
0.545403
0.545236
0.544953
0.544492
0.543774
0.542706
0.541169
0.539027
0.536131
0.532344
0.52759
0.52192
0.515576
0.508967
0.502547
0.496681
0.491557
0.487225
0.483645
0.480736
0.478406
0.476563
0.475132
0.474046
0.473253
0.472711
0.472389
0.472268
0.472332
0.472576
0.473002
0.47362
0.474452
0.475528
0.476897
0.47862
0.480784
0.483497
0.486895
0.491113
0.496263
0.502209
0.508407
0.514303
0.519491
0.523795
0.527217
0.238908
0.234005
0.228236
0.22181
0.215167
0.208919
0.203649
0.19968
0.196936
0.195152
0.194056
0.193424
0.193094
0.19295
0.192913
0.192922
0.192935
0.192917
0.192833
0.192642
0.192299
0.191749
0.190925
0.189744
0.188104
0.185885
0.182943
0.179119
0.174252
0.168207
0.160929
0.152524
0.143358
0.134127
0.125811
0.119416
0.115625
0.114554
0.115808
0.118698
0.122493
0.126566
0.130467
0.133916
0.136777
0.13902
0.140681
0.141841
0.142602
0.143083
0.143408
0.143723
0.14421
0.145103
0.146721
0.149501
0.154044
0.161177
0.172059
0.188449
0.21308
0.249159
0.296242
0.343545
0.374246
0.383295
0.378822
0.370171
0.362131
0.356118
0.352083
0.349578
0.348149
0.347435
0.347171
0.347167
0.347288
0.347429
0.347512
0.347457
0.34718
0.346585
0.345559
0.343966
0.341648
0.338434
0.334161
0.328713
0.322096
0.314532
0.306543
0.298943
0.292647
0.288358
0.286329
0.286345
0.287898
0.290394
0.293299
0.296209
0.298858
0.301106
0.302902
0.304259
0.305232
0.3059
0.306354
0.3067
0.307057
0.307576
0.308453
0.309949
0.31242
0.316351
0.322399
0.331482
0.344968
0.364956
0.393827
0.430974
0.467696
0.490907
0.497073
0.492835
0.485534
0.478866
0.473892
0.47054
0.468438
0.467218
0.466588
0.466335
0.466307
0.466394
0.466513
0.466602
0.466597
0.466432
0.46603
0.465301
0.464136
0.462409
0.459979
0.456709
0.452495
0.447324
0.441346
0.434944
0.428737
0.423435
0.419608
0.417489
0.416952
0.41764
0.419115
0.420977
0.422912
0.424714
0.426264
0.427518
0.428478
0.429183
0.42969
0.43007
0.430405
0.430791
0.431352
0.432246
0.433687
0.435962
0.43946
0.444703
0.452405
0.46359
0.479733
0.502308
0.53029
0.556712
0.572091
0.574626
0.569786
0.563114
0.557275
0.552958
0.550036
0.548177
0.547068
0.546469
0.546204
0.546151
0.546223
0.546354
0.546496
0.546602
0.546621
0.546496
0.546156
0.545513
0.54446
0.54287
0.540599
0.537503
0.533463
0.528434
0.522494
0.515886
0.508987
0.502213
0.495917
0.490317
0.485498
0.481455
0.478125
0.475422
0.473254
0.471536
0.470193
0.469165
0.468404
0.467873
0.467548
0.467412
0.46746
0.467694
0.468124
0.468773
0.469673
0.470871
0.472429
0.47443
0.476973
0.480175
0.484144
0.488947
0.494489
0.500434
0.50636
0.511887
0.516771
0.520915
0.234324
0.228999
0.223072
0.216845
0.210769
0.205355
0.201001
0.197861
0.195824
0.194647
0.194081
0.193919
0.194005
0.194232
0.194527
0.194836
0.195123
0.195356
0.195502
0.195522
0.19537
0.194985
0.194292
0.193197
0.191583
0.18931
0.186216
0.182128
0.176876
0.170333
0.162474
0.153456
0.143705
0.133966
0.125238
0.118548
0.11463
0.113686
0.115366
0.118953
0.123604
0.128555
0.133228
0.137259
0.140475
0.142845
0.144434
0.145358
0.145757
0.145782
0.145584
0.145327
0.145214
0.145503
0.146549
0.148835
0.153025
0.160013
0.17102
0.187781
0.212707
0.248094
0.292647
0.33703
0.367667
0.379225
0.37719
0.369748
0.362087
0.356118
0.3521
0.349688
0.348432
0.347944
0.347931
0.348182
0.348549
0.348922
0.349217
0.34935
0.349231
0.348754
0.347792
0.346193
0.343782
0.340375
0.335808
0.329978
0.322928
0.314924
0.306528
0.298573
0.291989
0.287528
0.285517
0.285799
0.287854
0.291009
0.294614
0.298157
0.301297
0.303854
0.305774
0.307088
0.30788
0.308258
0.308345
0.308266
0.30816
0.308196
0.308592
0.309638
0.31173
0.315401
0.321361
0.330569
0.344369
0.364595
0.392911
0.428071
0.462555
0.485796
0.493956
0.491601
0.485209
0.478806
0.473844
0.470489
0.46845
0.467358
0.4669
0.46684
0.467009
0.467289
0.467593
0.467853
0.468003
0.467971
0.467675
0.467011
0.465859
0.464077
0.461514
0.458029
0.453531
0.448031
0.441716
0.434999
0.428513
0.422978
0.418995
0.416856
0.41648
0.417508
0.419445
0.421807
0.424201
0.426358
0.428132
0.429469
0.430387
0.430944
0.43122
0.431309
0.431312
0.431339
0.431529
0.43206
0.433169
0.435174
0.438502
0.443711
0.451538
0.462974
0.479277
0.501389
0.527881
0.552758
0.568341
0.572438
0.568967
0.562904
0.557198
0.552842
0.549883
0.548046
0.547017
0.546535
0.546406
0.546496
0.546709
0.54698
0.547257
0.547492
0.547632
0.547614
0.547359
0.54677
0.545729
0.544098
0.54173
0.538487
0.534266
0.529047
0.52293
0.516153
0.509067
0.50206
0.49547
0.489532
0.484363
0.479986
0.476356
0.473395
0.471009
0.469104
0.467598
0.466421
0.465516
0.464841
0.464368
0.464079
0.463967
0.464035
0.464294
0.464768
0.465488
0.466501
0.467868
0.469665
0.471983
0.474921
0.478567
0.482967
0.488058
0.49362
0.499348
0.50492
0.510083
0.514685
0.230346
0.224851
0.219006
0.213145
0.207683
0.203017
0.19941
0.196919
0.195413
0.194669
0.19446
0.194593
0.194928
0.195365
0.19584
0.196309
0.196742
0.197112
0.197391
0.197542
0.197518
0.197254
0.196667
0.195651
0.194073
0.191775
0.188577
0.18429
0.178739
0.171809
0.1635
0.154012
0.143814
0.133681
0.124617
0.117667
0.113615
0.112741
0.114757
0.118938
0.124356
0.130114
0.135508
0.140084
0.14363
0.14612
0.147649
0.148379
0.148492
0.148172
0.147595
0.146941
0.146423
0.146316
0.146994
0.148977
0.152967
0.159903
0.171027
0.188003
0.212895
0.247252
0.289285
0.330983
0.361298
0.375007
0.375528
0.369675
0.362626
0.356772
0.352713
0.350261
0.349016
0.348587
0.348665
0.349026
0.349512
0.350009
0.350427
0.350678
0.350665
0.350273
0.349358
0.347753
0.345268
0.341707
0.336907
0.330782
0.323401
0.315068
0.306366
0.298134
0.291312
0.286693
0.284678
0.28517
0.287659
0.291408
0.295665
0.299807
0.303413
0.306264
0.308302
0.309585
0.310228
0.310376
0.310181
0.30979
0.309357
0.309062
0.309138
0.309893
0.311749
0.315273
0.321206
0.330519
0.344495
0.364687
0.392175
0.425355
0.457782
0.48085
0.49074
0.490379
0.4852
0.479247
0.474351
0.470947
0.468863
0.46777
0.467351
0.467357
0.467609
0.467981
0.468383
0.468742
0.46899
0.469051
0.468831
0.468218
0.467075
0.465249
0.46258
0.458927
0.454208
0.448458
0.441891
0.434938
0.428236
0.42251
0.418392
0.416224
0.415977
0.417301
0.419661
0.422495
0.42533
0.427834
0.429827
0.431253
0.432143
0.432581
0.432676
0.432542
0.432298
0.43207
0.432006
0.432295
0.433189
0.435029
0.438262
0.44347
0.45139
0.462951
0.479191
0.500627
0.525634
0.549089
0.56472
0.570213
0.56823
0.563018
0.557586
0.553228
0.550192
0.548293
0.54724
0.546768
0.546676
0.546817
0.547093
0.547435
0.54779
0.548108
0.548333
0.548395
0.548209
0.547665
0.546635
0.544973
0.54253
0.539174
0.534821
0.529471
0.523239
0.516358
0.509157
0.501999
0.495211
0.489036
0.483615
0.478996
0.475152
0.472013
0.469484
0.467465
0.465862
0.464596
0.463602
0.462833
0.462255
0.461851
0.461611
0.461541
0.461652
0.461967
0.46252
0.463354
0.464528
0.466112
0.468186
0.470837
0.474138
0.478125
0.482757
0.487889
0.493297
0.498726
0.503942
0.508775
0.227047
0.22156
0.215932
0.210495
0.205603
0.201559
0.198529
0.196514
0.195376
0.19491
0.19491
0.195203
0.195659
0.196192
0.196746
0.197285
0.197786
0.198229
0.19859
0.198834
0.198911
0.198753
0.198269
0.197338
0.195811
0.193512
0.190244
0.185805
0.18002
0.172783
0.164122
0.154271
0.143731
0.133288
0.123949
0.116765
0.112567
0.111707
0.113967
0.118631
0.124711
0.131192
0.137244
0.142319
0.146161
0.14875
0.150218
0.150777
0.150656
0.150077
0.149238
0.148333
0.147582
0.147265
0.147769
0.149629
0.153573
0.160553
0.1718
0.188866
0.21347
0.246565
0.286125
0.325321
0.355107
0.37058
0.37361
0.369617
0.363463
0.357854
0.353748
0.351173
0.349818
0.349319
0.349367
0.349731
0.350246
0.350793
0.351276
0.3516
0.351659
0.351325
0.35044
0.348821
0.346264
0.342568
0.337573
0.331211
0.323577
0.314996
0.306064
0.297617
0.2906
0.285836
0.283793
0.284437
0.287281
0.291547
0.296388
0.301079
0.305115
0.308234
0.310377
0.311626
0.31214
0.312101
0.311692
0.311082
0.310439
0.30995
0.309852
0.310466
0.312227
0.315717
0.32169
0.331103
0.345143
0.36509
0.391564
0.4228
0.453309
0.47604
0.487368
0.488982
0.485239
0.479958
0.47523
0.47177
0.469576
0.468386
0.467904
0.467881
0.468131
0.468524
0.468964
0.469377
0.469687
0.46981
0.469645
0.469066
0.467924
0.466054
0.463289
0.459493
0.454596
0.448653
0.441896
0.434766
0.427898
0.422019
0.417779
0.415571
0.415416
0.416983
0.419713
0.422976
0.42622
0.42905
0.431249
0.432757
0.433624
0.433963
0.433911
0.433609
0.433193
0.4328
0.432585
0.432743
0.433536
0.435311
0.438531
0.443777
0.451769
0.463355
0.47936
0.499978
0.523526
0.545653
0.561202
0.567892
0.567414
0.56324
0.558255
0.553969
0.550848
0.548831
0.547678
0.547138
0.547007
0.547135
0.547419
0.547787
0.548184
0.548556
0.548842
0.548965
0.548829
0.548317
0.547288
0.545592
0.54308
0.539629
0.535174
0.529731
0.523424
0.516485
0.509222
0.501975
0.49506
0.488723
0.483123
0.478329
0.474334
0.471074
0.468455
0.46637
0.464716
0.463402
0.462357
0.461527
0.460877
0.460385
0.460044
0.45986
0.459845
0.460023
0.460427
0.461099
0.462093
0.463473
0.465311
0.467681
0.470645
0.474235
0.478427
0.483122
0.488158
0.493336
0.498451
0.503339
0.22443
0.219062
0.213712
0.208688
0.204285
0.200729
0.198123
0.196435
0.195528
0.195217
0.195316
0.195671
0.196164
0.196721
0.197292
0.197852
0.198383
0.198869
0.199289
0.199609
0.199778
0.199721
0.199336
0.198489
0.197017
0.194723
0.191397
0.18683
0.180847
0.173358
0.164417
0.154284
0.143481
0.132797
0.123233
0.115838
0.11148
0.110585
0.113004
0.118049
0.124688
0.131811
0.138467
0.14401
0.148133
0.150815
0.152229
0.152638
0.152325
0.151549
0.150537
0.149493
0.148642
0.148265
0.148752
0.150644
0.154669
0.161774
0.173144
0.19019
0.214306
0.245988
0.283145
0.319984
0.349073
0.365927
0.371303
0.369328
0.364338
0.359169
0.355085
0.352364
0.350829
0.350174
0.350107
0.350398
0.350879
0.351423
0.351925
0.352284
0.35238
0.352072
0.351189
0.349531
0.346887
0.343056
0.337885
0.331324
0.323491
0.314724
0.305624
0.297017
0.289842
0.284945
0.282853
0.283599
0.286725
0.291428
0.29679
0.301984
0.306421
0.309793
0.312035
0.313257
0.313659
0.313467
0.312897
0.312141
0.311379
0.310803
0.310652
0.311249
0.313032
0.316586
0.322654
0.332156
0.346165
0.365702
0.39104
0.420386
0.449089
0.471349
0.483822
0.487297
0.485124
0.480732
0.476323
0.472862
0.470538
0.469195
0.468581
0.468462
0.468651
0.469014
0.469452
0.469882
0.470223
0.470381
0.470243
0.469673
0.468509
0.466579
0.463716
0.459788
0.45474
0.448644
0.441745
0.434487
0.427496
0.421493
0.417145
0.414887
0.414789
0.416549
0.419593
0.42324
0.426863
0.430001
0.432399
0.433991
0.434844
0.4351
0.434931
0.434505
0.433975
0.433488
0.433206
0.433325
0.434108
0.435906
0.439177
0.444494
0.452539
0.464064
0.479701
0.499409
0.52154
0.542412
0.557769
0.56545
0.566419
0.563406
0.55904
0.554941
0.551772
0.549619
0.548322
0.547661
0.54744
0.547509
0.547764
0.548127
0.548539
0.54894
0.549263
0.549424
0.549315
0.548809
0.547761
0.546015
0.543429
0.539891
0.535349
0.529837
0.523487
0.516522
0.509237
0.501949
0.494961
0.48852
0.482798
0.477881
0.47378
0.470441
0.467769
0.465652
0.463978
0.462645
0.461575
0.460708
0.460006
0.459448
0.459026
0.458748
0.458628
0.45869
0.458966
0.459497
0.460331
0.461527
0.463147
0.465257
0.467909
0.471134
0.474918
0.479195
0.483846
0.488716
0.493636
0.498453
0.222453
0.217267
0.212207
0.207552
0.203546
0.200357
0.198046
0.196564
0.195782
0.195535
0.195656
0.196008
0.196487
0.197026
0.197586
0.198144
0.198688
0.199206
0.199677
0.200067
0.200321
0.200356
0.20006
0.199286
0.197853
0.195553
0.192162
0.187469
0.181307
0.173603
0.164432
0.15408
0.143077
0.13221
0.122464
0.114881
0.110356
0.109381
0.11188
0.117211
0.124321
0.132017
0.139238
0.145237
0.14965
0.152447
0.153832
0.154123
0.153655
0.152734
0.151612
0.15051
0.149655
0.149329
0.149917
0.151954
0.156155
0.163436
0.174914
0.191839
0.215309
0.245483
0.28032
0.314927
0.343181
0.361055
0.368537
0.368629
0.36503
0.360523
0.356601
0.35378
0.352051
0.351195
0.350961
0.351127
0.351525
0.352023
0.352505
0.352858
0.35295
0.352626
0.351702
0.349969
0.347211
0.34323
0.337889
0.331155
0.323162
0.314261
0.305045
0.296326
0.28903
0.284016
0.28186
0.28266
0.286001
0.291073
0.296897
0.302557
0.307382
0.311009
0.313365
0.314581
0.314897
0.314585
0.313897
0.313049
0.312235
0.31165
0.311534
0.312207
0.314102
0.317789
0.323987
0.333559
0.347448
0.366448
0.390574
0.418095
0.445085
0.466762
0.480103
0.485263
0.484711
0.481391
0.477479
0.474123
0.471704
0.470197
0.469417
0.469159
0.469247
0.469543
0.469944
0.470359
0.470698
0.470857
0.470712
0.470115
0.468897
0.466883
0.463908
0.459849
0.454667
0.448447
0.441444
0.434097
0.427021
0.420926
0.416484
0.414167
0.414096
0.416002
0.419311
0.423299
0.427275
0.430713
0.433317
0.435007
0.435864
0.436062
0.435806
0.43529
0.43469
0.434163
0.433875
0.434022
0.434865
0.436749
0.440119
0.445524
0.453596
0.464986
0.480154
0.498897
0.519659
0.539336
0.554408
0.562879
0.565184
0.563394
0.559798
0.556025
0.552888
0.550624
0.549171
0.54836
0.548017
0.547998
0.548195
0.548528
0.54893
0.549336
0.549669
0.549837
0.549723
0.549193
0.548096
0.54628
0.543608
0.53998
0.535362
0.529798
0.523425
0.516462
0.509186
0.501895
0.494878
0.488379
0.482579
0.477582
0.47341
0.470021
0.467323
0.465198
0.463524
0.462194
0.461117
0.46023
0.459492
0.458883
0.458397
0.458041
0.457834
0.457798
0.457966
0.458376
0.459072
0.460106
0.461535
0.463413
0.465786
0.468683
0.472099
0.475989
0.480264
0.484806
0.489476
0.49414
0.221055
0.21608
0.211296
0.206955
0.203258
0.200332
0.198213
0.196845
0.196111
0.195862
0.195954
0.196264
0.1967
0.197203
0.197738
0.198288
0.198842
0.19939
0.199909
0.200364
0.200692
0.200805
0.200578
0.199852
0.198431
0.196097
0.192622
0.187794
0.181458
0.17356
0.164198
0.153674
0.142525
0.131526
0.121639
0.113891
0.109196
0.108102
0.110613
0.116142
0.123639
0.13185
0.139611
0.146076
0.150811
0.153768
0.155173
0.15539
0.154812
0.153788
0.152604
0.151499
0.150707
0.150506
0.151274
0.153532
0.157968
0.16545
0.177003
0.193709
0.216409
0.245024
0.277631
0.310114
0.337422
0.355988
0.36529
0.367402
0.365351
0.36173
0.35815
0.355336
0.353455
0.352399
0.351974
0.351984
0.352263
0.352675
0.353096
0.353398
0.353438
0.353048
0.352032
0.350179
0.347272
0.343124
0.337611
0.330721
0.322602
0.313609
0.304325
0.295538
0.288156
0.283044
0.280813
0.281629
0.285125
0.290502
0.296737
0.302837
0.308049
0.311953
0.314455
0.315701
0.315969
0.315574
0.314805
0.313907
0.313088
0.312549
0.312529
0.313341
0.315404
0.319268
0.325611
0.33522
0.348909
0.367269
0.390143
0.415911
0.441271
0.462274
0.476225
0.482855
0.483899
0.481783
0.478547
0.475439
0.473009
0.471369
0.470423
0.470008
0.469968
0.470169
0.470502
0.470869
0.47117
0.471291
0.471097
0.470432
0.469123
0.466995
0.463889
0.459695
0.45439
0.448071
0.440995
0.433596
0.42647
0.420311
0.415793
0.413413
0.413341
0.41535
0.418876
0.423169
0.427479
0.431219
0.434045
0.43586
0.436754
0.436926
0.436614
0.436041
0.435405
0.434876
0.434624
0.434846
0.435795
0.437806
0.441302
0.446799
0.454866
0.46605
0.480672
0.49842
0.517868
0.536404
0.551112
0.560182
0.563681
0.563115
0.560406
0.5571
0.554106
0.551793
0.550208
0.549246
0.548767
0.54864
0.548757
0.549037
0.549404
0.549786
0.550098
0.550237
0.550082
0.549491
0.548315
0.546403
0.54363
0.539908
0.535218
0.529615
0.523238
0.516298
0.509057
0.501795
0.494785
0.488267
0.482427
0.47738
0.473166
0.469751
0.467045
0.464929
0.463273
0.461958
0.460889
0.459995
0.459236
0.458588
0.458051
0.457632
0.457352
0.457234
0.457312
0.457619
0.458198
0.459094
0.460355
0.46203
0.464159
0.466767
0.469856
0.473393
0.477316
0.481531
0.485927
0.490387
0.220168
0.215414
0.210882
0.2068
0.203336
0.200591
0.198584
0.197262
0.19652
0.196228
0.196258
0.196503
0.196881
0.19734
0.197849
0.198391
0.198957
0.199534
0.200098
0.200609
0.200998
0.201166
0.200979
0.200265
0.19882
0.196417
0.192827
0.187845
0.181332
0.173252
0.163728
0.153073
0.141825
0.13074
0.120751
0.112865
0.108
0.106758
0.109219
0.114866
0.122671
0.131342
0.139628
0.146582
0.151691
0.154873
0.156364
0.156568
0.15593
0.154846
0.153639
0.15257
0.151881
0.151852
0.152848
0.155369
0.160064
0.167742
0.179321
0.195716
0.21755
0.244586
0.27506
0.30552
0.331794
0.350754
0.361571
0.365575
0.365153
0.362609
0.35957
0.356913
0.354969
0.353754
0.353145
0.352985
0.353119
0.353412
0.353729
0.353932
0.353868
0.353356
0.352197
0.350176
0.347086
0.34275
0.337063
0.330032
0.321816
0.31277
0.30346
0.294649
0.287217
0.282026
0.279718
0.280516
0.284114
0.289736
0.296335
0.302856
0.308464
0.312678
0.315373
0.316701
0.31697
0.316535
0.315723
0.314808
0.314017
0.31356
0.313673
0.314661
0.316925
0.320982
0.327461
0.337066
0.350477
0.368122
0.389728
0.413818
0.437624
0.457878
0.472208
0.480077
0.482627
0.481787
0.479382
0.476681
0.474357
0.472655
0.471572
0.471007
0.470828
0.470912
0.47115
0.471436
0.47166
0.4717
0.471413
0.470636
0.469197
0.466923
0.463668
0.459336
0.453916
0.447518
0.440398
0.43298
0.425837
0.419643
0.415066
0.412623
0.412529
0.414602
0.418301
0.422863
0.427492
0.431541
0.434617
0.436595
0.437568
0.437755
0.437422
0.436824
0.436181
0.435677
0.43549
0.435815
0.436897
0.439054
0.442685
0.44826
0.456283
0.467201
0.481219
0.497965
0.516154
0.533598
0.547875
0.55737
0.5619
0.562511
0.56076
0.558051
0.555325
0.553054
0.551389
0.550299
0.549688
0.549443
0.549466
0.54967
0.549977
0.550304
0.550559
0.550632
0.550396
0.549709
0.54842
0.546389
0.543499
0.53968
0.534921
0.529289
0.522922
0.516025
0.508842
0.501636
0.494665
0.48816
0.482311
0.477243
0.473009
0.469585
0.466887
0.464793
0.463166
0.461878
0.460828
0.459939
0.459169
0.458496
0.457919
0.45745
0.457109
0.456924
0.456925
0.457146
0.457625
0.458403
0.459521
0.46102
0.462937
0.465293
0.468093
0.471316
0.474915
0.478817
0.482933
0.487161
0.219721
0.215192
0.210889
0.207017
0.203727
0.2011
0.199148
0.197824
0.197036
0.196671
0.196621
0.196789
0.197104
0.197517
0.198
0.198537
0.199115
0.199719
0.200322
0.200875
0.201303
0.201497
0.201313
0.20057
0.199056
0.196542
0.192802
0.187643
0.180944
0.172692
0.163029
0.152279
0.140974
0.129847
0.119795
0.111799
0.106771
0.105358
0.107716
0.113404
0.121441
0.130518
0.139315
0.146786
0.152332
0.15582
0.157479
0.157745
0.157106
0.156008
0.154812
0.153807
0.153247
0.153413
0.154658
0.157455
0.162408
0.170251
0.181794
0.197794
0.218691
0.244153
0.272592
0.301122
0.326293
0.34539
0.357411
0.363122
0.364331
0.363003
0.360691
0.358361
0.356478
0.355177
0.35442
0.354096
0.354072
0.354215
0.354389
0.354447
0.354225
0.353539
0.352185
0.349954
0.346648
0.342108
0.336248
0.32909
0.320805
0.311742
0.302447
0.293651
0.286206
0.28096
0.278575
0.27933
0.282981
0.288793
0.295712
0.302633
0.308652
0.313217
0.316164
0.317637
0.317965
0.317538
0.316722
0.315821
0.315084
0.31473
0.314996
0.316177
0.31865
0.322895
0.329484
0.339032
0.352098
0.368972
0.389315
0.411806
0.434127
0.453575
0.468079
0.476947
0.480867
0.481314
0.479855
0.477711
0.475629
0.473961
0.472801
0.472111
0.471798
0.471754
0.471873
0.472046
0.472156
0.472072
0.471647
0.470716
0.46911
0.466664
0.463245
0.458771
0.453247
0.44679
0.439653
0.432246
0.425118
0.418918
0.414302
0.411799
0.411665
0.413767
0.417598
0.422393
0.427325
0.431693
0.43505
0.437239
0.438341
0.43859
0.438278
0.437688
0.437062
0.436606
0.4365
0.436942
0.438168
0.440476
0.444233
0.449861
0.457795
0.468393
0.481767
0.497519
0.514508
0.530904
0.544697
0.554458
0.559848
0.561551
0.560785
0.558774
0.556437
0.554314
0.552643
0.55147
0.550745
0.550386
0.550304
0.550415
0.550635
0.550876
0.551039
0.551009
0.550654
0.549834
0.548405
0.546233
0.543215
0.539294
0.534471
0.52882
0.522478
0.51564
0.508536
0.501411
0.494506
0.488043
0.482211
0.477145
0.472909
0.469492
0.466814
0.464751
0.463162
0.461912
0.46089
0.460017
0.459247
0.45856
0.457955
0.457447
0.457058
0.456817
0.456755
0.456903
0.457297
0.457973
0.458968
0.460316
0.462049
0.464186
0.466733
0.469677
0.472982
0.476592
0.480433
0.484421
0.219644
0.215347
0.211254
0.207559
0.204398
0.201844
0.199908
0.19855
0.197691
0.197239
0.197097
0.197183
0.197432
0.197799
0.198257
0.198788
0.199377
0.200002
0.20063
0.201205
0.201644
0.201829
0.201605
0.200785
0.199153
0.196481
0.192554
0.187193
0.180299
0.171882
0.162101
0.151289
0.139966
0.128837
0.118763
0.110687
0.10551
0.103911
0.106118
0.111778
0.119971
0.129399
0.138688
0.146703
0.152751
0.156633
0.158556
0.158967
0.158396
0.157334
0.156184
0.155265
0.154849
0.155218
0.156713
0.159776
0.16496
0.172922
0.18436
0.199887
0.219798
0.243708
0.270212
0.2969
0.320921
0.33993
0.352858
0.360051
0.362821
0.362782
0.361351
0.359514
0.357831
0.356544
0.355698
0.355235
0.355052
0.355027
0.355025
0.354895
0.354468
0.353558
0.351965
0.349488
0.345943
0.34119
0.335162
0.327896
0.319569
0.310524
0.301283
0.292543
0.28512
0.279844
0.277389
0.278081
0.281742
0.287689
0.294883
0.302185
0.308625
0.313585
0.316846
0.318535
0.318988
0.318626
0.317847
0.316991
0.316327
0.316089
0.316515
0.317888
0.320561
0.324974
0.331633
0.341069
0.353728
0.369792
0.388892
0.409861
0.430765
0.449363
0.463864
0.4735
0.478621
0.480309
0.479863
0.4784
0.476693
0.475169
0.47401
0.473241
0.472813
0.472641
0.472625
0.472657
0.472617
0.472371
0.471768
0.470647
0.468844
0.466206
0.462612
0.457999
0.452382
0.445886
0.438759
0.431392
0.42431
0.418132
0.413498
0.410943
0.410756
0.412856
0.416777
0.421771
0.426989
0.431683
0.435353
0.4378
0.439087
0.439451
0.439205
0.438658
0.438077
0.437683
0.43767
0.438234
0.439601
0.442049
0.445911
0.451559
0.45936
0.469592
0.482295
0.497071
0.512918
0.528311
0.541575
0.551463
0.557544
0.560225
0.560426
0.559177
0.557335
0.555467
0.553878
0.552681
0.551878
0.551418
0.55123
0.551233
0.551344
0.55147
0.551507
0.551338
0.550832
0.549849
0.548254
0.545925
0.542772
0.538748
0.533868
0.528207
0.521904
0.515143
0.508137
0.501115
0.494299
0.487903
0.482112
0.477068
0.472847
0.469448
0.466799
0.464776
0.463232
0.462027
0.461043
0.460197
0.459438
0.458748
0.458126
0.457591
0.457165
0.456879
0.456764
0.456851
0.457173
0.457762
0.45865
0.459867
0.461441
0.463388
0.465714
0.468411
0.471452
0.474792
0.478372
0.482119
0.21986
0.215813
0.211925
0.208386
0.205328
0.202818
0.200873
0.199462
0.198521
0.197972
0.197734
0.197735
0.197917
0.198238
0.19867
0.199191
0.199782
0.200415
0.20105
0.201621
0.202036
0.202168
0.201855
0.200906
0.199104
0.196229
0.192078
0.186491
0.179394
0.170818
0.160941
0.150097
0.138794
0.127705
0.117647
0.109524
0.104216
0.102424
0.104442
0.11001
0.118285
0.128001
0.137755
0.146333
0.152945
0.157313
0.159599
0.16025
0.159823
0.158853
0.157786
0.156973
0.156708
0.157276
0.159007
0.162309
0.167682
0.175705
0.186966
0.201952
0.220845
0.243242
0.26791
0.292842
0.315679
0.334411
0.347967
0.356396
0.3606
0.361859
0.361411
0.360209
0.358866
0.357703
0.356843
0.356283
0.355955
0.355755
0.355554
0.355202
0.354533
0.353362
0.351498
0.34875
0.344953
0.339986
0.3338
0.326448
0.318109
0.309116
0.299967
0.29132
0.283956
0.278677
0.276161
0.276776
0.28041
0.286442
0.293863
0.301519
0.308389
0.313781
0.317421
0.319399
0.32005
0.319812
0.319117
0.318335
0.317762
0.317648
0.318232
0.319785
0.322637
0.327182
0.333865
0.343131
0.35533
0.370562
0.388451
0.407976
0.427526
0.445245
0.459589
0.469777
0.47591
0.478748
0.479328
0.478634
0.477416
0.476149
0.475077
0.47429
0.473779
0.473488
0.47333
0.473202
0.472986
0.472546
0.471735
0.470395
0.468373
0.465529
0.461759
0.457013
0.451319
0.444805
0.437714
0.430417
0.42341
0.417283
0.412652
0.410054
0.409806
0.411877
0.41585
0.421005
0.426486
0.431509
0.435521
0.438275
0.439804
0.440342
0.440211
0.439744
0.439232
0.438916
0.439001
0.439684
0.441182
0.443751
0.447689
0.453317
0.460941
0.470768
0.482787
0.496614
0.511378
0.525808
0.538512
0.548403
0.555013
0.55854
0.559654
0.559194
0.557924
0.556407
0.554988
0.553836
0.553
0.552464
0.552175
0.552064
0.552048
0.552035
0.551919
0.551582
0.550896
0.549728
0.54795
0.545454
0.542161
0.538039
0.533109
0.527453
0.521203
0.514534
0.507645
0.500745
0.494041
0.487733
0.482004
0.477
0.472808
0.469438
0.466825
0.464847
0.463356
0.462203
0.461266
0.460455
0.459719
0.459036
0.45841
0.457858
0.457407
0.457086
0.456928
0.456964
0.457223
0.457737
0.458533
0.459637
0.461072
0.462852
0.464986
0.467465
0.470269
0.473363
0.476698
0.480211
0.220287
0.216521
0.212848
0.209462
0.206494
0.204016
0.202052
0.20058
0.199553
0.198906
0.198571
0.198487
0.1986
0.198871
0.19927
0.199773
0.200352
0.200974
0.201588
0.202121
0.20247
0.202501
0.202047
0.200914
0.198891
0.195767
0.191357
0.185525
0.178218
0.169494
0.159541
0.148697
0.13745
0.126441
0.11644
0.108304
0.102889
0.100903
0.102704
0.108121
0.116405
0.126342
0.136523
0.14567
0.152898
0.157837
0.160588
0.161579
0.161381
0.160565
0.159621
0.158935
0.158824
0.15958
0.161521
0.165023
0.170533
0.17855
0.189565
0.203955
0.221815
0.242744
0.265673
0.288932
0.310569
0.328867
0.342799
0.352211
0.35768
0.360185
0.360768
0.360305
0.359422
0.358493
0.357701
0.357099
0.356654
0.356284
0.355874
0.355281
0.354345
0.352889
0.350733
0.347704
0.343653
0.338481
0.332157
0.324744
0.316424
0.307518
0.298497
0.289982
0.282711
0.277457
0.274894
0.275423
0.278998
0.285066
0.292665
0.300644
0.307941
0.313799
0.317876
0.320216
0.321139
0.32109
0.320529
0.319854
0.31939
0.319402
0.320135
0.32185
0.324849
0.329484
0.336138
0.345181
0.356878
0.371267
0.387983
0.406141
0.424399
0.441221
0.455282
0.465822
0.472773
0.476635
0.478207
0.478326
0.477685
0.476771
0.475874
0.475133
0.474582
0.474193
0.473897
0.473601
0.473191
0.472536
0.471495
0.46992
0.467669
0.464616
0.460674
0.455808
0.450056
0.443548
0.436518
0.429319
0.422416
0.416367
0.411763
0.409135
0.408821
0.410839
0.414828
0.420105
0.425823
0.431171
0.435546
0.43865
0.440478
0.441247
0.441283
0.440936
0.440521
0.440297
0.440483
0.441278
0.442891
0.445555
0.449534
0.455102
0.462508
0.471899
0.483231
0.496141
0.50988
0.523387
0.535507
0.545299
0.552285
0.556518
0.558462
0.558779
0.558126
0.557036
0.555868
0.55483
0.554013
0.553433
0.553059
0.552833
0.552681
0.552512
0.552222
0.551696
0.550811
0.549441
0.547472
0.544805
0.541375
0.537163
0.532196
0.526557
0.520375
0.513815
0.50706
0.500301
0.493728
0.487529
0.48188
0.476933
0.472782
0.469449
0.466878
0.46495
0.463516
0.462421
0.461538
0.460773
0.46007
0.459407
0.458787
0.45823
0.457763
0.457418
0.457227
0.45722
0.457427
0.457876
0.458591
0.459595
0.460909
0.462544
0.464507
0.466793
0.469386
0.472256
0.475363
0.478654
0.22083
0.217392
0.213962
0.210742
0.20787
0.205426
0.203443
0.201914
0.200803
0.200061
0.199632
0.199462
0.199504
0.199719
0.200076
0.200545
0.201092
0.201675
0.202234
0.202687
0.202922
0.202798
0.202147
0.200775
0.198481
0.195067
0.190368
0.184275
0.176759
0.167898
0.157894
0.147081
0.135928
0.125038
0.115134
0.107023
0.101527
0.0993548
0.100917
0.106133
0.114353
0.124439
0.134998
0.144704
0.152586
0.158171
0.161486
0.162917
0.163038
0.162446
0.161668
0.161131
0.161176
0.162105
0.164225
0.167881
0.17347
0.181415
0.19212
0.205868
0.222692
0.242207
0.263492
0.285159
0.305592
0.323329
0.337413
0.347561
0.354102
0.357752
0.359357
0.359693
0.359361
0.358761
0.358121
0.357537
0.357013
0.356492
0.355877
0.355038
0.353825
0.352076
0.349625
0.346316
0.342023
0.336665
0.330227
0.322784
0.314517
0.305732
0.296875
0.288527
0.281383
0.276183
0.273589
0.274029
0.277518
0.283578
0.291304
0.299567
0.307279
0.313623
0.318188
0.32096
0.322228
0.322436
0.322061
0.32153
0.321192
0.321333
0.322203
0.324054
0.327165
0.331844
0.338418
0.347188
0.358349
0.371896
0.387483
0.404349
0.421377
0.437293
0.450967
0.461681
0.469258
0.473996
0.476489
0.47742
0.477406
0.476921
0.476277
0.475648
0.475106
0.474648
0.474228
0.473766
0.473156
0.472278
0.470999
0.469183
0.466702
0.463447
0.459347
0.454379
0.448592
0.442114
0.435173
0.428098
0.421327
0.415383
0.410829
0.408185
0.407805
0.409752
0.413722
0.419081
0.425004
0.430663
0.435415
0.438905
0.441085
0.442142
0.442398
0.442214
0.441924
0.441808
0.442097
0.442994
0.444701
0.447431
0.451415
0.456884
0.464034
0.472969
0.483618
0.495648
0.508417
0.521042
0.532561
0.542166
0.549392
0.554189
0.556861
0.557911
0.557889
0.557273
0.556421
0.555561
0.554815
0.554228
0.55379
0.553459
0.553169
0.552836
0.55236
0.551633
0.550538
0.548962
0.546799
0.543965
0.540408
0.536117
0.531127
0.525521
0.519425
0.51299
0.506386
0.499785
0.493361
0.487288
0.481737
0.476859
0.47276
0.469472
0.466947
0.465074
0.4637
0.462669
0.461847
0.461135
0.460475
0.459843
0.459242
0.458691
0.458219
0.45786
0.457644
0.457604
0.457767
0.458159
0.458803
0.45972
0.460927
0.462434
0.464246
0.466361
0.468763
0.47143
0.474327
0.477408
0.221372
0.218328
0.215188
0.212166
0.209412
0.20702
0.205032
0.203456
0.202272
0.201443
0.200923
0.200668
0.200634
0.200784
0.201083
0.201497
0.201984
0.202494
0.202956
0.203281
0.203348
0.203014
0.202109
0.200446
0.197833
0.194093
0.189083
0.182719
0.174999
0.166019
0.15599
0.145241
0.134219
0.123488
0.113721
0.105673
0.100127
0.0977836
0.0990952
0.104067
0.112157
0.122315
0.133189
0.143429
0.151981
0.158274
0.162242
0.164213
0.164745
0.16445
0.16389
0.163528
0.163732
0.164816
0.16708
0.170843
0.17645
0.18426
0.194597
0.207671
0.223468
0.241627
0.261361
0.281514
0.300749
0.317825
0.331868
0.342521
0.349926
0.354583
0.357155
0.358303
0.358579
0.358382
0.357966
0.35746
0.356902
0.35626
0.355457
0.354382
0.3529
0.350865
0.348129
0.344558
0.340045
0.334528
0.328009
0.32057
0.31239
0.303763
0.295104
0.286957
0.279973
0.274854
0.272249
0.272601
0.275983
0.281992
0.289794
0.298296
0.3064
0.313239
0.31833
0.321596
0.32328
0.323813
0.32368
0.323329
0.323138
0.323411
0.324405
0.326367
0.32955
0.334227
0.340672
0.349125
0.359728
0.372442
0.386947
0.402593
0.418451
0.433462
0.446665
0.4574
0.465421
0.470876
0.474186
0.475891
0.476522
0.476514
0.476183
0.475725
0.475238
0.474748
0.474227
0.47361
0.472808
0.47171
0.470197
0.468147
0.465447
0.462007
0.457768
0.452724
0.446927
0.440507
0.43368
0.426757
0.420144
0.414331
0.40985
0.407205
0.406762
0.408623
0.412543
0.417945
0.424035
0.429984
0.435114
0.439018
0.441594
0.442994
0.443523
0.443546
0.443413
0.44342
0.443814
0.444804
0.446584
0.44935
0.453303
0.458636
0.465501
0.473964
0.483942
0.495131
0.506984
0.518766
0.529677
0.539023
0.546365
0.55159
0.554875
0.556592
0.557182
0.557063
0.556571
0.55594
0.555312
0.554755
0.55428
0.553859
0.553438
0.552942
0.552279
0.551348
0.550044
0.548263
0.545914
0.542925
0.539254
0.534901
0.529905
0.524351
0.518356
0.512064
0.505626
0.4992
0.49294
0.487009
0.48157
0.476775
0.472737
0.4695
0.467027
0.465209
0.463898
0.462935
0.46218
0.461529
0.460922
0.460331
0.459759
0.459226
0.45876
0.458396
0.458165
0.4581
0.458226
0.458571
0.459154
0.459994
0.461106
0.462499
0.464177
0.466138
0.468369
0.470851
0.473554
0.476439
0.221774
0.219207
0.216423
0.213651
0.211056
0.208746
0.206779
0.205178
0.203937
0.203032
0.202428
0.202087
0.201972
0.202043
0.202265
0.202596
0.202989
0.203384
0.203703
0.203846
0.20369
0.203088
0.201874
0.199869
0.196898
0.192803
0.187467
0.180833
0.17292
0.163845
0.153821
0.143171
0.132317
0.121785
0.112195
0.104249
0.0986869
0.0961931
0.0972502
0.101944
0.109842
0.119995
0.131112
0.141839
0.15106
0.158103
0.162799
0.165404
0.166439
0.16652
0.166233
0.166076
0.166445
0.167669
0.170044
0.173864
0.179433
0.18705
0.196972
0.209348
0.224135
0.241
0.259271
0.277987
0.296041
0.31238
0.326219
0.337165
0.345228
0.350732
0.354178
0.356109
0.357011
0.357264
0.357128
0.356756
0.35621
0.355485
0.354524
0.353236
0.351505
0.349206
0.346211
0.342406
0.337705
0.332066
0.325503
0.318106
0.310051
0.301614
0.293186
0.285273
0.27848
0.273472
0.270876
0.271145
0.274403
0.280324
0.288152
0.296843
0.305305
0.312632
0.318275
0.322085
0.324251
0.325174
0.325339
0.325212
0.32519
0.325598
0.326705
0.32875
0.331969
0.3366
0.342872
0.350974
0.361003
0.3729
0.386374
0.400869
0.415614
0.429729
0.442397
0.453021
0.46132
0.467332
0.471337
0.473748
0.475004
0.475493
0.475514
0.475273
0.474887
0.4744
0.473807
0.473059
0.472081
0.470779
0.469048
0.466782
0.463885
0.460283
0.455934
0.45084
0.445063
0.438729
0.432044
0.425298
0.418868
0.41321
0.408825
0.406197
0.405696
0.407461
0.411304
0.416709
0.422925
0.429134
0.434633
0.438966
0.441975
0.443765
0.444618
0.444893
0.444949
0.445098
0.445602
0.446675
0.448508
0.451282
0.455172
0.460336
0.466892
0.474876
0.484199
0.494587
0.505576
0.516554
0.526854
0.535883
0.543237
0.548762
0.552542
0.554839
0.555998
0.556372
0.556262
0.555896
0.555426
0.554934
0.554449
0.553959
0.553421
0.552771
0.551929
0.550802
0.549298
0.547325
0.544803
0.541675
0.537911
0.533515
0.528534
0.52305
0.517175
0.511041
0.504786
0.498549
0.492468
0.486693
0.481379
0.476678
0.47271
0.469529
0.46711
0.465351
0.464105
0.463211
0.462527
0.461945
0.461398
0.460859
0.460327
0.459822
0.459373
0.459014
0.458777
0.458695
0.458794
0.459098
0.459628
0.4604
0.461427
0.462718
0.464277
0.4661
0.468177
0.47049
0.473014
0.475716
0.221872
0.21988
0.217536
0.215083
0.212704
0.210522
0.208615
0.207019
0.205745
0.204779
0.2041
0.203674
0.203469
0.203447
0.203567
0.203784
0.204043
0.204277
0.2044
0.204306
0.20387
0.202945
0.201371
0.198982
0.195621
0.191153
0.185487
0.17859
0.170505
0.161362
0.151378
0.140864
0.130218
0.119923
0.11055
0.102746
0.0972034
0.0945851
0.0953927
0.0997852
0.107435
0.117506
0.128786
0.13994
0.149805
0.157616
0.163099
0.16642
0.168048
0.168585
0.168632
0.168716
0.169261
0.170613
0.173069
0.176902
0.18238
0.189753
0.199222
0.210889
0.224691
0.240324
0.257217
0.274571
0.291466
0.307014
0.320515
0.331567
0.34009
0.346271
0.350472
0.353122
0.354635
0.355356
0.355538
0.355344
0.354855
0.354086
0.353004
0.351538
0.349593
0.347064
0.343846
0.339846
0.334999
0.32928
0.322715
0.315399
0.307505
0.299294
0.291129
0.283478
0.276906
0.272036
0.26947
0.269666
0.27279
0.278592
0.286396
0.295222
0.303997
0.311793
0.317998
0.322389
0.325092
0.326468
0.326988
0.327126
0.3273
0.327852
0.329061
0.331166
0.334387
0.338933
0.344994
0.352716
0.362164
0.373267
0.38576
0.399172
0.412861
0.426095
0.43818
0.448584
0.457012
0.463425
0.467994
0.471021
0.472857
0.473834
0.474226
0.474234
0.473983
0.473536
0.472903
0.472052
0.470925
0.469444
0.46752
0.465066
0.462002
0.45827
0.453843
0.448732
0.443004
0.436785
0.430268
0.423724
0.417501
0.412022
0.407754
0.405161
0.404612
0.406275
0.410017
0.415386
0.421685
0.428117
0.433964
0.438728
0.442195
0.444416
0.44564
0.446211
0.446491
0.446804
0.447424
0.448573
0.450442
0.453198
0.456996
0.461964
0.468193
0.475698
0.484386
0.494014
0.504189
0.514402
0.524094
0.532762
0.540037
0.545744
0.549904
0.552686
0.554354
0.555192
0.555465
0.555383
0.555098
0.554701
0.554234
0.553698
0.553064
0.552277
0.55127
0.549964
0.548276
0.54613
0.543458
0.540214
0.536378
0.531964
0.527019
0.521625
0.515889
0.50993
0.503872
0.497837
0.491949
0.486342
0.481164
0.476566
0.472675
0.469556
0.467192
0.465492
0.464312
0.46349
0.462881
0.462372
0.461893
0.461414
0.460932
0.460466
0.460044
0.4597
0.459467
0.459376
0.459455
0.459727
0.460211
0.460924
0.461877
0.463077
0.464527
0.466225
0.468161
0.47032
0.47268
0.47521
0.221479
0.220168
0.218361
0.216313
0.214222
0.212231
0.210433
0.208883
0.207605
0.206601
0.205857
0.205349
0.205046
0.204912
0.204904
0.204972
0.205055
0.205079
0.204953
0.204567
0.203796
0.202498
0.200521
0.197715
0.193943
0.189095
0.183105
0.175965
0.167737
0.158561
0.148656
0.138318
0.127918
0.1179
0.108783
0.101159
0.0956734
0.0929608
0.0935318
0.0976081
0.104964
0.11488
0.126238
0.137743
0.148206
0.156781
0.163088
0.167193
0.169496
0.170569
0.171015
0.17138
0.172119
0.173594
0.176105
0.179914
0.185257
0.192344
0.201332
0.212287
0.225133
0.239596
0.255193
0.271258
0.287026
0.301745
0.3148
0.325798
0.334598
0.341285
0.346105
0.349386
0.351467
0.352648
0.353165
0.353179
0.352785
0.352014
0.350852
0.349249
0.347132
0.344418
0.341022
0.336875
0.331929
0.326176
0.319654
0.31246
0.304763
0.29681
0.288937
0.281578
0.275254
0.270548
0.268034
0.268169
0.271154
0.27681
0.284544
0.293449
0.302487
0.310717
0.317477
0.322471
0.325755
0.32764
0.32857
0.329019
0.329418
0.330125
0.331432
0.333578
0.336771
0.341198
0.347017
0.354341
0.363208
0.373541
0.385105
0.397498
0.410185
0.422558
0.434028
0.444122
0.45255
0.459221
0.464221
0.46776
0.47011
0.471544
0.472304
0.472576
0.472488
0.472112
0.47147
0.470549
0.469305
0.467677
0.465595
0.462988
0.459793
0.455968
0.451497
0.446405
0.440759
0.434683
0.42836
0.422041
0.416047
0.410767
0.406638
0.404098
0.403512
0.40507
0.408693
0.413992
0.420329
0.42694
0.433105
0.43829
0.442226
0.44491
0.446546
0.447455
0.447993
0.448493
0.44924
0.450463
0.452354
0.455072
0.458753
0.463506
0.469396
0.476426
0.484502
0.493411
0.50282
0.512304
0.521397
0.529669
0.536791
0.542579
0.547007
0.550177
0.552278
0.553537
0.554175
0.55438
0.554296
0.554016
0.553591
0.553033
0.552324
0.551423
0.550275
0.548811
0.546965
0.54467
0.541874
0.538541
0.53466
0.530252
0.525367
0.520085
0.514505
0.508737
0.50289
0.497071
0.491386
0.485958
0.480926
0.47644
0.472632
0.469577
0.467272
0.465631
0.464517
0.463767
0.463234
0.462802
0.462398
0.461987
0.461564
0.461146
0.460761
0.460441
0.460221
0.460131
0.460198
0.460445
0.460892
0.461553
0.462439
0.463558
0.464911
0.466495
0.468303
0.47032
0.472527
0.474897
0.220393
0.21987
0.218704
0.217156
0.215439
0.213711
0.212085
0.210631
0.209388
0.208372
0.207578
0.206992
0.206584
0.206321
0.206157
0.20604
0.205904
0.20567
0.205244
0.204516
0.203363
0.201649
0.199237
0.195994
0.191805
0.186583
0.180289
0.172935
0.164601
0.155435
0.145651
0.13553
0.125416
0.115713
0.10689
0.0994853
0.0940945
0.0913206
0.0916751
0.0954302
0.102456
0.11215
0.1235
0.135269
0.146264
0.155575
0.162718
0.167657
0.170706
0.17239
0.173302
0.173998
0.174955
0.176555
0.179105
0.182859
0.188032
0.194802
0.20329
0.213537
0.225461
0.238817
0.253196
0.268041
0.282716
0.296586
0.309112
0.31992
0.328834
0.335864
0.341164
0.344971
0.347554
0.349165
0.350013
0.350254
0.349984
0.349248
0.348048
0.346354
0.344112
0.341262
0.337741
0.333498
0.328505
0.322766
0.316332
0.309301
0.301837
0.294173
0.286621
0.279579
0.273528
0.26901
0.26657
0.266658
0.269505
0.274994
0.282618
0.291545
0.300787
0.309405
0.316698
0.322302
0.326198
0.328636
0.330028
0.330834
0.33149
0.332369
0.333773
0.335947
0.33909
0.343371
0.348925
0.355839
0.364132
0.373725
0.384408
0.395844
0.407583
0.419118
0.429952
0.439667
0.447986
0.454784
0.460087
0.464031
0.466814
0.468657
0.469763
0.4703
0.47039
0.470108
0.469488
0.468529
0.467204
0.465467
0.463266
0.460545
0.457259
0.45338
0.448906
0.443867
0.438335
0.432431
0.426327
0.420255
0.41451
0.40945
0.405479
0.403009
0.402399
0.403855
0.407344
0.412542
0.418873
0.425615
0.432058
0.43764
0.442045
0.44521
0.447291
0.448577
0.449409
0.450123
0.45101
0.45231
0.454214
0.456878
0.460425
0.464947
0.470494
0.477056
0.484547
0.492777
0.501465
0.510257
0.518762
0.526615
0.533522
0.539303
0.543898
0.547358
0.549814
0.551437
0.552408
0.552888
0.553008
0.552859
0.552496
0.551938
0.55118
0.55019
0.548926
0.547333
0.545357
0.542944
0.540053
0.53666
0.532763
0.528388
0.523587
0.518438
0.513033
0.507472
0.501849
0.496256
0.490784
0.485544
0.480666
0.476298
0.472578
0.469592
0.467346
0.465765
0.464715
0.464037
0.463582
0.46323
0.462904
0.462567
0.462211
0.46185
0.461511
0.461226
0.461028
0.460947
0.46101
0.461241
0.461657
0.462274
0.463102
0.464147
0.465412
0.466893
0.468583
0.47047
0.472535
0.474755
0.218407
0.218766
0.218342
0.217395
0.216144
0.214764
0.21338
0.21208
0.210919
0.209924
0.209102
0.208444
0.207927
0.207519
0.207176
0.20684
0.206445
0.20591
0.20514
0.204027
0.202454
0.200297
0.197432
0.193747
0.189148
0.183574
0.177007
0.169481
0.161087
0.151977
0.142361
0.132502
0.122714
0.113363
0.104871
0.0977225
0.0924644
0.0896645
0.0898283
0.0932665
0.0999362
0.10935
0.120607
0.132547
0.143992
0.153986
0.161955
0.167754
0.171605
0.17397
0.175413
0.176494
0.177702
0.179438
0.182019
0.185698
0.190676
0.197107
0.205087
0.214637
0.225676
0.237987
0.251222
0.264916
0.278537
0.291549
0.303482
0.313989
0.322877
0.3301
0.335741
0.339962
0.342967
0.344961
0.346122
0.346592
0.346466
0.345797
0.344598
0.342858
0.340542
0.337609
0.334015
0.32973
0.324742
0.319068
0.312766
0.305938
0.298742
0.291396
0.284189
0.277487
0.271731
0.267425
0.265081
0.265139
0.267851
0.273159
0.280636
0.289532
0.298916
0.307867
0.315656
0.321858
0.32638
0.329409
0.331306
0.332513
0.333461
0.334534
0.336043
0.338237
0.341315
0.345432
0.350705
0.357204
0.364934
0.373818
0.383671
0.394206
0.405049
0.415775
0.425961
0.435245
0.443363
0.450176
0.455664
0.459903
0.463034
0.465225
0.466642
0.467431
0.467702
0.467532
0.46696
0.465995
0.464624
0.462817
0.460537
0.457745
0.454411
0.45052
0.44608
0.441131
0.435745
0.43004
0.424178
0.418373
0.412896
0.408073
0.404278
0.401897
0.401276
0.402635
0.405982
0.411052
0.417334
0.424158
0.43083
0.436777
0.441635
0.445288
0.447838
0.449532
0.450693
0.451648
0.452695
0.454077
0.455992
0.458593
0.461995
0.466278
0.471482
0.47759
0.484521
0.492111
0.500122
0.508257
0.516189
0.523608
0.530253
0.53595
0.540623
0.544282
0.547011
0.548935
0.550196
0.550927
0.551244
0.551232
0.550944
0.550408
0.549623
0.548572
0.547221
0.545529
0.543454
0.540955
0.538001
0.53458
0.530697
0.526382
0.52169
0.516695
0.511483
0.506143
0.500756
0.495399
0.490149
0.485103
0.480386
0.476143
0.472515
0.4696
0.467413
0.465891
0.464904
0.464297
0.463919
0.463649
0.463405
0.463147
0.462863
0.462567
0.462283
0.462041
0.461873
0.46181
0.461878
0.4621
0.462494
0.463074
0.463851
0.464831
0.466016
0.467402
0.468984
0.47075
0.472683
0.474763
0.215324
0.216639
0.217046
0.216793
0.216102
0.215155
0.214091
0.213011
0.211983
0.211048
0.210224
0.209508
0.208883
0.208321
0.207777
0.207196
0.20651
0.205639
0.204491
0.202965
0.20095
0.198337
0.195019
0.190904
0.18592
0.18003
0.173236
0.165588
0.157188
0.148189
0.13879
0.129238
0.119817
0.110854
0.102727
0.0958705
0.0907821
0.0879925
0.0879958
0.0911299
0.0974286
0.106514
0.117599
0.129613
0.141415
0.152019
0.160777
0.16744
0.17213
0.175232
0.177271
0.17879
0.18029
0.182183
0.184801
0.188397
0.193165
0.199245
0.206716
0.215588
0.225782
0.237107
0.249267
0.261875
0.274484
0.28664
0.297937
0.308056
0.316797
0.32408
0.329932
0.334455
0.337795
0.340112
0.341554
0.342245
0.342272
0.341693
0.340532
0.338788
0.336446
0.333482
0.32987
0.325596
0.320664
0.315103
0.308977
0.30239
0.295493
0.288492
0.281653
0.275311
0.269871
0.265796
0.263569
0.263616
0.266201
0.271319
0.278618
0.287433
0.296897
0.306119
0.314352
0.321125
0.326273
0.329913
0.332353
0.334
0.335278
0.33657
0.338196
0.340413
0.343418
0.347361
0.352347
0.358431
0.365614
0.373822
0.382893
0.392584
0.40258
0.412525
0.422063
0.430876
0.438721
0.445453
0.451019
0.455451
0.458842
0.461314
0.462997
0.464014
0.464462
0.464412
0.463907
0.462964
0.461582
0.459744
0.457426
0.454606
0.451265
0.447403
0.443037
0.438211
0.433002
0.427522
0.421923
0.416404
0.41121
0.406641
0.403038
0.400763
0.400146
0.401417
0.404616
0.409536
0.415732
0.422586
0.429436
0.435702
0.440987
0.445122
0.448152
0.45028
0.4518
0.453025
0.454252
0.45573
0.45766
0.460195
0.463448
0.46749
0.472355
0.478025
0.484425
0.491413
0.498789
0.506301
0.513678
0.520653
0.526999
0.532553
0.537224
0.540999
0.543923
0.546082
0.547583
0.548535
0.549033
0.549155
0.548951
0.548451
0.547662
0.546575
0.545167
0.543408
0.541267
0.538714
0.535732
0.532314
0.528474
0.524247
0.519687
0.514867
0.509866
0.50476
0.49962
0.494508
0.489486
0.484641
0.480089
0.475974
0.472443
0.4696
0.467473
0.466008
0.465083
0.464544
0.464242
0.464053
0.463893
0.463717
0.463512
0.463287
0.463065
0.462874
0.462745
0.462708
0.462788
0.463009
0.463388
0.463939
0.464673
0.465595
0.466707
0.468008
0.46949
0.471144
0.472954
0.474901
0.210974
0.213288
0.21459
0.215109
0.215061
0.21463
0.213962
0.21317
0.212334
0.211504
0.210708
0.209954
0.20923
0.20851
0.207755
0.206912
0.205915
0.204688
0.203145
0.201192
0.198732
0.19567
0.191917
0.187402
0.182076
0.175921
0.168958
0.161251
0.152906
0.144075
0.134947
0.125746
0.116731
0.108192
0.100462
0.0939309
0.0890475
0.0863051
0.0861808
0.0890309
0.094954
0.103673
0.114516
0.12651
0.138565
0.149692
0.159178
0.166682
0.172226
0.176109
0.178798
0.180814
0.18265
0.184732
0.187401
0.190917
0.195474
0.201202
0.208172
0.21639
0.22578
0.236177
0.247331
0.258914
0.270554
0.281867
0.292499
0.302162
0.310658
0.317885
0.32383
0.328547
0.332133
0.334709
0.33639
0.337282
0.337464
0.336991
0.335895
0.334187
0.331864
0.328917
0.325338
0.321127
0.3163
0.310897
0.304988
0.298677
0.292109
0.285477
0.279026
0.273061
0.267953
0.264129
0.262039
0.262091
0.264561
0.269486
0.276585
0.285274
0.294757
0.30418
0.312799
0.3201
0.325856
0.330113
0.333121
0.335245
0.336887
0.338428
0.340192
0.34244
0.345374
0.349141
0.353839
0.359518
0.366174
0.37374
0.382076
0.390974
0.400171
0.409369
0.418263
0.426578
0.434095
0.440664
0.446215
0.450748
0.454313
0.456996
0.458896
0.46011
0.46072
0.460792
0.460368
0.459472
0.458109
0.456275
0.453959
0.45115
0.447845
0.44405
0.439794
0.435125
0.430121
0.42489
0.419575
0.414357
0.409461
0.405159
0.401763
0.399609
0.399013
0.400204
0.403255
0.40801
0.414086
0.420923
0.427895
0.434428
0.4401
0.444696
0.448207
0.450785
0.452689
0.454212
0.455644
0.457235
0.459189
0.461663
0.464769
0.468575
0.473111
0.478362
0.484259
0.490683
0.497462
0.504386
0.511226
0.517756
0.523777
0.529136
0.533741
0.537558
0.540603
0.542933
0.544623
0.545758
0.546416
0.546662
0.546544
0.546093
0.545319
0.544219
0.542782
0.540986
0.538811
0.536239
0.53326
0.529877
0.52611
0.521997
0.517594
0.512968
0.508193
0.503335
0.498451
0.493589
0.488801
0.48416
0.479777
0.475794
0.472361
0.469592
0.467525
0.466115
0.465249
0.464777
0.464549
0.46444
0.464364
0.464273
0.464149
0.464
0.463845
0.463712
0.46363
0.463626
0.463727
0.463954
0.464326
0.464855
0.465553
0.466424
0.467472
0.468694
0.470085
0.471634
0.473329
0.475152
0.205232
0.208545
0.210772
0.212116
0.212776
0.212931
0.212731
0.212292
0.211704
0.211028
0.210299
0.209533
0.208725
0.207857
0.206893
0.205785
0.204472
0.202886
0.200949
0.198577
0.195689
0.192205
0.188057
0.183192
0.177582
0.171228
0.164167
0.15647
0.148247
0.139646
0.130842
0.12204
0.113469
0.105385
0.0980836
0.0919076
0.0872623
0.0846028
0.0843859
0.0869781
0.0925304
0.100858
0.111399
0.123284
0.135488
0.147034
0.157169
0.165469
0.171857
0.176544
0.179929
0.182492
0.184715
0.187025
0.189771
0.193223
0.197577
0.202964
0.20945
0.217041
0.225671
0.235198
0.245409
0.256029
0.266745
0.277231
0.287182
0.29634
0.304513
0.311588
0.317523
0.322333
0.32608
0.328846
0.330721
0.331787
0.332116
0.331759
0.330751
0.32911
0.326845
0.32396
0.32046
0.316358
0.311682
0.306479
0.300824
0.294821
0.288609
0.282367
0.276321
0.270748
0.265988
0.26243
0.260494
0.260571
0.26294
0.267672
0.274555
0.283079
0.292522
0.30208
0.311016
0.31879
0.325121
0.329986
0.333573
0.3362
0.33824
0.340061
0.341987
0.344284
0.347158
0.350755
0.355174
0.360461
0.366614
0.373574
0.381219
0.389375
0.39782
0.406302
0.414564
0.422366
0.42951
0.435853
0.441311
0.445861
0.449522
0.452349
0.454413
0.455787
0.456541
0.45673
0.456395
0.455562
0.454245
0.452447
0.450169
0.44741
0.444176
0.440487
0.436375
0.431893
0.42712
0.42216
0.417146
0.412243
0.407658
0.403634
0.400458
0.398439
0.397878
0.399003
0.401909
0.406488
0.412414
0.419189
0.426228
0.432971
0.438982
0.444007
0.447985
0.451019
0.453324
0.45517
0.456831
0.458557
0.460552
0.462977
0.465944
0.469524
0.473747
0.4786
0.484025
0.489919
0.496139
0.502508
0.508832
0.51492
0.520596
0.525723
0.530207
0.534002
0.537103
0.539542
0.54137
0.542648
0.54344
0.543797
0.543764
0.543368
0.542623
0.541533
0.540092
0.538288
0.536111
0.53355
0.530605
0.527287
0.523621
0.519648
0.515423
0.511011
0.506476
0.501876
0.497256
0.492651
0.488099
0.483666
0.479454
0.475605
0.472272
0.469576
0.467568
0.466212
0.465403
0.464994
0.464837
0.464806
0.464813
0.464806
0.464766
0.464696
0.464614
0.464545
0.464515
0.464552
0.464681
0.464922
0.465293
0.465808
0.466476
0.467304
0.468295
0.469445
0.470751
0.472203
0.47379
0.475496
0.198031
0.202297
0.20544
0.207625
0.20903
0.209823
0.210145
0.210117
0.209832
0.209357
0.208737
0.207993
0.207129
0.206133
0.204975
0.203615
0.202001
0.200073
0.197764
0.195004
0.191727
0.187871
0.183386
0.178239
0.172421
0.165948
0.158866
0.151257
0.143228
0.134919
0.126494
0.118135
0.110044
0.102447
0.0956002
0.0898067
0.0854298
0.0828873
0.0826135
0.084978
0.0901729
0.0980948
0.108287
0.119981
0.132232
0.144089
0.154776
0.163803
0.171003
0.176496
0.180605
0.183761
0.18642
0.189002
0.191862
0.195277
0.19945
0.204515
0.210543
0.217542
0.225457
0.234169
0.243498
0.253213
0.263051
0.272735
0.282
0.290618
0.298408
0.305252
0.311088
0.315905
0.319732
0.322622
0.32464
0.325851
0.326313
0.326074
0.325168
0.32362
0.321447
0.318662
0.315283
0.311332
0.306847
0.301882
0.296514
0.290848
0.285014
0.27918
0.273553
0.268384
0.263982
0.260704
0.258939
0.259058
0.261342
0.265889
0.272544
0.280872
0.290224
0.299847
0.309028
0.317211
0.324068
0.329518
0.333683
0.336829
0.339294
0.341426
0.343543
0.345912
0.348742
0.352185
0.35634
0.361256
0.366934
0.373323
0.380323
0.387784
0.395521
0.403322
0.410967
0.418249
0.424991
0.431057
0.436357
0.440852
0.444539
0.447446
0.449622
0.451119
0.451992
0.452288
0.452045
0.451289
0.450039
0.448304
0.446094
0.443418
0.440291
0.436739
0.432802
0.428536
0.424018
0.419348
0.414649
0.410075
0.405808
0.402073
0.399127
0.397257
0.396745
0.397817
0.400585
0.404982
0.410737
0.41741
0.424461
0.431355
0.437649
0.443059
0.447478
0.45096
0.453676
0.455864
0.457779
0.459663
0.461721
0.464114
0.466959
0.470329
0.474257
0.478737
0.48372
0.489121
0.494818
0.500663
0.506494
0.512145
0.517467
0.522333
0.526652
0.530371
0.533471
0.535963
0.53788
0.539263
0.540159
0.540611
0.540656
0.540318
0.539614
0.538551
0.537128
0.535343
0.53319
0.53067
0.52779
0.524565
0.521026
0.517217
0.513191
0.509009
0.504728
0.500396
0.496046
0.4917
0.487387
0.483162
0.479122
0.475408
0.472175
0.469554
0.467604
0.4663
0.465543
0.465194
0.465104
0.465149
0.465236
0.465313
0.465357
0.465368
0.465362
0.46536
0.465389
0.465473
0.465635
0.465896
0.466274
0.466781
0.467427
0.468219
0.469158
0.470244
0.471472
0.472835
0.474321
0.475916
0.18937
0.1945
0.198502
0.201506
0.203661
0.205112
0.205993
0.206419
0.206482
0.206254
0.205784
0.205101
0.204216
0.203124
0.201804
0.200225
0.198344
0.196112
0.193475
0.190381
0.186776
0.182618
0.177875
0.172531
0.166592
0.160088
0.153075
0.145634
0.137872
0.129921
0.121927
0.114053
0.106477
0.099393
0.0930242
0.0876369
0.0835553
0.0811616
0.0808658
0.0830357
0.0878939
0.0954074
0.105215
0.116651
0.12885
0.140907
0.152039
0.161706
0.169663
0.175941
0.180785
0.184566
0.187705
0.190606
0.193623
0.197039
0.201063
0.205837
0.211439
0.217886
0.225135
0.233088
0.241595
0.250461
0.259467
0.268375
0.27696
0.285017
0.29238
0.29893
0.304594
0.309341
0.313176
0.316129
0.318242
0.319564
0.320142
0.320016
0.319221
0.317785
0.31573
0.313078
0.309854
0.30609
0.301832
0.297138
0.292088
0.286782
0.281347
0.275936
0.270738
0.265983
0.261948
0.25896
0.25738
0.257558
0.259773
0.264145
0.270568
0.278676
0.287891
0.297517
0.30687
0.315389
0.322714
0.328708
0.333434
0.337103
0.340012
0.342482
0.344819
0.347288
0.350101
0.353412
0.357326
0.361896
0.36713
0.372988
0.379385
0.386198
0.39327
0.400424
0.407471
0.414235
0.420555
0.426305
0.431396
0.435776
0.439427
0.442358
0.444595
0.446177
0.447144
0.447535
0.447381
0.446709
0.445541
0.443892
0.441776
0.439213
0.436222
0.432838
0.429103
0.425076
0.420834
0.416471
0.412101
0.407863
0.403924
0.400483
0.397777
0.396067
0.395617
0.396651
0.39929
0.403503
0.409071
0.415607
0.422621
0.429606
0.436123
0.441865
0.446689
0.4506
0.453725
0.456267
0.458457
0.460523
0.462667
0.465051
0.467795
0.470976
0.474634
0.478768
0.483342
0.488284
0.493493
0.498846
0.504206
0.509433
0.514394
0.518978
0.523099
0.526698
0.529748
0.532246
0.534205
0.535655
0.536627
0.537155
0.537268
0.536989
0.536333
0.53531
0.533925
0.53218
0.530079
0.527627
0.524837
0.521732
0.518345
0.514722
0.510915
0.506978
0.502963
0.498906
0.494829
0.490745
0.486671
0.482654
0.478785
0.475205
0.472072
0.469525
0.467631
0.466377
0.46567
0.465376
0.46535
0.465466
0.465631
0.465789
0.465916
0.466008
0.466079
0.466148
0.466238
0.466373
0.466575
0.466863
0.467254
0.467759
0.46839
0.469151
0.470046
0.471074
0.472231
0.47351
0.474902
0.476393
0.179323
0.185183
0.189948
0.193706
0.196574
0.198674
0.200122
0.201024
0.201467
0.201523
0.201245
0.200665
0.199802
0.198659
0.197223
0.195473
0.193378
0.190902
0.188005
0.184649
0.180799
0.176427
0.17152
0.166077
0.160116
0.153678
0.146823
0.139634
0.132214
0.124682
0.11717
0.109821
0.102789
0.0962416
0.0903706
0.0854091
0.0816459
0.0794297
0.0791455
0.0811551
0.0857032
0.092815
0.102216
0.113337
0.125399
0.137548
0.149012
0.159218
0.167855
0.174875
0.180443
0.184866
0.18852
0.191785
0.195005
0.198465
0.202382
0.206906
0.212124
0.218064
0.224698
0.231949
0.239691
0.247765
0.255984
0.26415
0.272066
0.279552
0.286458
0.292666
0.298098
0.302712
0.306493
0.309452
0.311614
0.313014
0.313686
0.313666
0.312985
0.311673
0.309756
0.307263
0.304224
0.300679
0.296677
0.292283
0.287574
0.282651
0.27763
0.272654
0.267894
0.263558
0.259896
0.257207
0.255823
0.256077
0.258239
0.262448
0.268641
0.276513
0.285552
0.295123
0.304576
0.313357
0.321081
0.327567
0.332823
0.337006
0.340366
0.343195
0.345781
0.348381
0.351206
0.354415
0.358117
0.362372
0.367197
0.372562
0.378401
0.384611
0.391062
0.397603
0.404075
0.410325
0.416213
0.421621
0.426463
0.43068
0.434243
0.437146
0.439401
0.441031
0.442066
0.442534
0.442463
0.44188
0.440805
0.439258
0.43726
0.434832
0.432004
0.428813
0.425304
0.421539
0.41759
0.413548
0.409517
0.405623
0.402016
0.398875
0.396414
0.394873
0.394499
0.395507
0.39803
0.402063
0.407432
0.413804
0.420737
0.427756
0.434432
0.440449
0.445629
0.449938
0.453459
0.456358
0.458837
0.461108
0.463363
0.465764
0.468433
0.471453
0.474868
0.478687
0.482884
0.487402
0.492159
0.497051
0.501964
0.506779
0.511381
0.515671
0.519567
0.523013
0.525972
0.528432
0.530395
0.531876
0.532896
0.53348
0.53365
0.533426
0.532822
0.531851
0.530519
0.528835
0.526807
0.524446
0.521772
0.518811
0.5156
0.512183
0.50861
0.504932
0.501191
0.497416
0.493616
0.489793
0.485956
0.482145
0.478446
0.474999
0.471965
0.46949
0.467652
0.466444
0.465784
0.465542
0.465575
0.465757
0.465995
0.466231
0.466438
0.46661
0.466758
0.466898
0.467053
0.467243
0.467488
0.467807
0.468216
0.468725
0.469346
0.470083
0.47094
0.471916
0.473009
0.474211
0.475514
0.476907
0.168031
0.174455
0.179846
0.184254
0.187764
0.190469
0.192464
0.19384
0.194678
0.195044
0.194992
0.194557
0.193764
0.192621
0.191128
0.189271
0.187032
0.184389
0.181317
0.177791
0.173794
0.169312
0.164347
0.158911
0.153034
0.146762
0.140158
0.133305
0.126296
0.119242
0.112258
0.10547
0.0990078
0.0930153
0.0876574
0.083137
0.0797112
0.0776973
0.077456
0.0793397
0.0836083
0.0903329
0.0993175
0.110082
0.121931
0.134073
0.145756
0.156391
0.165616
0.173313
0.179573
0.184635
0.188825
0.192491
0.19596
0.199513
0.203372
0.207694
0.212576
0.21806
0.224134
0.230739
0.237776
0.245113
0.252593
0.26005
0.267315
0.27423
0.28066
0.286493
0.291649
0.296076
0.29975
0.302666
0.304836
0.306279
0.307024
0.307098
0.306531
0.305351
0.303588
0.301273
0.298443
0.295142
0.291423
0.287352
0.283007
0.278483
0.273889
0.269356
0.265039
0.261124
0.257838
0.255454
0.254276
0.254618
0.256746
0.260808
0.266775
0.274401
0.283236
0.292701
0.302188
0.311154
0.319204
0.326119
0.33186
0.336532
0.340341
0.343542
0.346399
0.349159
0.352028
0.355168
0.358693
0.36267
0.367124
0.372039
0.377365
0.383016
0.388887
0.39485
0.400773
0.406522
0.411974
0.417022
0.421585
0.4256
0.429032
0.431865
0.434098
0.435743
0.436819
0.437347
0.437353
0.436857
0.435882
0.434451
0.432587
0.430317
0.427673
0.424695
0.421434
0.417948
0.414308
0.410598
0.406914
0.403368
0.400096
0.397258
0.395047
0.393682
0.393394
0.394391
0.396809
0.400669
0.405835
0.412023
0.418836
0.425835
0.43261
0.438838
0.44432
0.448985
0.452878
0.456125
0.4589
0.461392
0.463783
0.466229
0.468853
0.471741
0.474945
0.478482
0.482337
0.486467
0.490806
0.495269
0.49976
0.504179
0.508427
0.512415
0.51607
0.519335
0.522171
0.524558
0.52649
0.527971
0.529014
0.529634
0.529849
0.529675
0.529125
0.528212
0.526947
0.52534
0.523405
0.521158
0.518622
0.515827
0.51281
0.509618
0.506295
0.502887
0.499428
0.495937
0.492414
0.488851
0.485249
0.48164
0.478108
0.474792
0.471855
0.469451
0.467666
0.466503
0.465886
0.46569
0.465777
0.466021
0.466327
0.466637
0.46692
0.467169
0.467391
0.467603
0.467822
0.468068
0.46836
0.468713
0.469144
0.469663
0.470279
0.470997
0.471821
0.472752
0.473785
0.474915
0.476136
0.477437
0.155699
0.162497
0.168349
0.173273
0.177318
0.18055
0.183043
0.184868
0.186094
0.186782
0.18698
0.186729
0.186053
0.184969
0.183484
0.181596
0.179297
0.176579
0.173429
0.169838
0.165802
0.161323
0.156414
0.151097
0.14541
0.139403
0.133141
0.126701
0.120171
0.113648
0.107234
0.101035
0.095163
0.0897393
0.0849049
0.0808364
0.0777624
0.0759718
0.0758016
0.0775925
0.0816141
0.0879739
0.0965425
0.106922
0.118498
0.130543
0.142337
0.153288
0.162999
0.171292
0.17819
0.183869
0.188599
0.19269
0.196447
0.200141
0.203992
0.208165
0.212766
0.217851
0.223423
0.229443
0.235833
0.242487
0.249278
0.256063
0.262701
0.269053
0.274998
0.280433
0.285279
0.289481
0.293004
0.295836
0.297975
0.299433
0.300228
0.300384
0.299926
0.298882
0.297283
0.295162
0.292561
0.289525
0.28611
0.282382
0.278418
0.274306
0.270149
0.266065
0.262192
0.258698
0.255789
0.253711
0.252747
0.25319
0.255298
0.259228
0.264981
0.272358
0.280967
0.290284
0.299744
0.308824
0.317123
0.324398
0.330568
0.335693
0.339932
0.343505
0.34665
0.349595
0.352541
0.355647
0.359032
0.36277
0.366896
0.371405
0.376262
0.381401
0.386733
0.392156
0.397556
0.402819
0.407838
0.412518
0.416781
0.420566
0.423834
0.42656
0.428737
0.430367
0.43146
0.432033
0.432104
0.431693
0.430823
0.429517
0.427801
0.425705
0.423263
0.420519
0.417522
0.41433
0.411011
0.407641
0.404309
0.401115
0.398178
0.395643
0.393683
0.3925
0.392308
0.393306
0.395634
0.399329
0.404293
0.410281
0.416944
0.423877
0.430692
0.437069
0.442792
0.447764
0.451993
0.45557
0.458637
0.46136
0.463906
0.466422
0.46903
0.471819
0.474846
0.478137
0.481686
0.485465
0.489421
0.493487
0.497583
0.501623
0.505526
0.509212
0.512615
0.51568
0.518368
0.520654
0.522525
0.523979
0.52502
0.525659
0.525906
0.525776
0.525281
0.524432
0.523244
0.521729
0.519904
0.51779
0.515412
0.512803
0.51
0.507047
0.503987
0.500857
0.497685
0.49448
0.491233
0.487927
0.484554
0.481143
0.477774
0.474585
0.471744
0.469408
0.467674
0.466552
0.465975
0.465822
0.465958
0.466258
0.466627
0.467004
0.467358
0.46768
0.467974
0.468254
0.468537
0.468839
0.469178
0.469568
0.470024
0.470555
0.47117
0.471874
0.47267
0.47356
0.474539
0.475604
0.476747
0.477961
0.14258
0.149551
0.155683
0.160964
0.165413
0.16907
0.171983
0.174206
0.175794
0.176798
0.177262
0.177223
0.17671
0.175744
0.174337
0.172498
0.17023
0.167534
0.164412
0.160868
0.156909
0.152548
0.147808
0.142721
0.137328
0.131682
0.125846
0.119892
0.113899
0.107953
0.102142
0.0965557
0.0912884
0.0864418
0.0821362
0.0785254
0.0758129
0.0742621
0.0741874
0.0759169
0.0797248
0.0857473
0.0939094
0.103889
0.115147
0.127018
0.138825
0.149982
0.160069
0.168863
0.176328
0.182581
0.187836
0.192363
0.196436
0.200311
0.204205
0.208283
0.212662
0.217407
0.222538
0.228033
0.233837
0.239866
0.246017
0.252172
0.25821
0.264014
0.269475
0.2745
0.279013
0.282959
0.286299
0.289011
0.291088
0.292534
0.293361
0.293585
0.293231
0.292325
0.290897
0.288984
0.286627
0.283873
0.28078
0.277412
0.273842
0.270152
0.266437
0.262803
0.259373
0.256298
0.253762
0.25199
0.251243
0.251797
0.2539
0.257717
0.263268
0.270398
0.278767
0.287905
0.297285
0.306411
0.314885
0.322446
0.328981
0.33451
0.33915
0.343084
0.346521
0.34967
0.35272
0.355827
0.359111
0.362652
0.366493
0.370642
0.375076
0.379747
0.384584
0.389503
0.39441
0.399207
0.403802
0.408112
0.412063
0.415598
0.418675
0.421267
0.42336
0.424949
0.426038
0.426639
0.426766
0.426438
0.425675
0.424502
0.422945
0.421036
0.418812
0.416316
0.413598
0.410712
0.407723
0.4047
0.401722
0.398878
0.396275
0.394041
0.392333
0.391334
0.391245
0.392256
0.394507
0.398051
0.402816
0.408598
0.415086
0.421914
0.428716
0.43518
0.441083
0.446304
0.450825
0.454701
0.458046
0.461001
0.463714
0.466322
0.468942
0.471664
0.47455
0.47763
0.480912
0.484377
0.487987
0.491687
0.495415
0.499099
0.502669
0.506056
0.509201
0.512054
0.514576
0.516739
0.518526
0.51993
0.52095
0.521591
0.52186
0.521768
0.521326
0.520547
0.519444
0.518034
0.516336
0.514372
0.51217
0.509764
0.507191
0.504492
0.501703
0.498859
0.495976
0.493056
0.490081
0.487026
0.483878
0.480659
0.477447
0.474381
0.471632
0.469362
0.467677
0.466594
0.466053
0.465939
0.466118
0.466468
0.466894
0.467333
0.467752
0.468141
0.468502
0.468847
0.46919
0.469546
0.469931
0.470358
0.47084
0.471385
0.472002
0.472695
0.473468
0.47432
0.47525
0.476253
0.477325
0.478456
0.128957
0.135906
0.142132
0.147601
0.152308
0.156266
0.159503
0.162054
0.163959
0.165258
0.165987
0.166181
0.165868
0.165073
0.163812
0.162102
0.159955
0.157383
0.154396
0.151009
0.147239
0.14311
0.138651
0.133897
0.128895
0.123696
0.118361
0.112955
0.107549
0.102217
0.0970343
0.0920761
0.0874206
0.0831533
0.0793765
0.0762241
0.073878
0.0725788
0.0726201
0.0743165
0.0779436
0.0836593
0.0914332
0.101009
0.111917
0.123555
0.135289
0.146548
0.156902
0.166095
0.174043
0.180808
0.186555
0.191507
0.19591
0.199998
0.203977
0.208012
0.212225
0.216691
0.221444
0.226478
0.231757
0.237219
0.242781
0.248349
0.253821
0.259097
0.264083
0.268695
0.272864
0.276533
0.279665
0.282232
0.284223
0.285635
0.286475
0.286758
0.286502
0.285734
0.284485
0.282789
0.280689
0.278233
0.275476
0.27248
0.269313
0.266052
0.262781
0.259595
0.256603
0.25394
0.251772
0.250303
0.249776
0.250448
0.25256
0.256278
0.261644
0.268534
0.276657
0.285591
0.294849
0.303962
0.312541
0.320314
0.327145
0.333019
0.338018
0.342289
0.346012
0.349373
0.352548
0.355686
0.358905
0.36229
0.365891
0.369726
0.373785
0.378033
0.382418
0.386872
0.391316
0.395671
0.399857
0.403799
0.407433
0.410706
0.413576
0.416013
0.417999
0.419526
0.420595
0.421211
0.421386
0.421136
0.420482
0.419447
0.418059
0.416349
0.414356
0.412122
0.409693
0.407124
0.40447
0.401797
0.399172
0.396676
0.394402
0.392464
0.391005
0.390192
0.390212
0.391245
0.393434
0.396839
0.401413
0.406986
0.413285
0.419976
0.426719
0.433213
0.439234
0.444646
0.449406
0.453542
0.457141
0.460317
0.463201
0.465915
0.468571
0.471255
0.474032
0.476939
0.479991
0.48318
0.486479
0.489849
0.493237
0.496587
0.49984
0.502937
0.505825
0.508459
0.510802
0.512826
0.514512
0.515848
0.516831
0.517461
0.517743
0.517684
0.517296
0.51659
0.515582
0.514289
0.512731
0.510933
0.508925
0.506738
0.504408
0.501972
0.499463
0.496907
0.494313
0.491675
0.488966
0.486156
0.483224
0.48019
0.47713
0.474182
0.471521
0.469315
0.467675
0.466628
0.46612
0.46604
0.466259
0.466653
0.467129
0.467623
0.468101
0.46855
0.468972
0.469376
0.469775
0.470181
0.47061
0.471073
0.47158
0.47214
0.47276
0.473444
0.474195
0.475013
0.475897
0.476843
0.477846
0.478899
0.115132
0.121879
0.128022
0.133511
0.138323
0.142451
0.145903
0.148697
0.150859
0.152415
0.153397
0.153831
0.153747
0.153166
0.152113
0.150607
0.148666
0.14631
0.143559
0.140434
0.13696
0.133166
0.129086
0.12476
0.120233
0.115556
0.110784
0.105977
0.101196
0.0965042
0.0919654
0.0876421
0.0835988
0.0799066
0.0766526
0.0739541
0.0719743
0.0709337
0.071107
0.0727955
0.0762732
0.0817143
0.0891247
0.0983027
0.108844
0.120205
0.131793
0.143062
0.15358
0.163068
0.171405
0.178607
0.184792
0.190143
0.194872
0.199188
0.203285
0.207322
0.211422
0.215668
0.220104
0.224739
0.229556
0.234509
0.239536
0.244563
0.249505
0.25428
0.258807
0.263012
0.266832
0.270215
0.273122
0.275527
0.277413
0.278776
0.279618
0.27995
0.279791
0.279164
0.278098
0.276629
0.274797
0.27265
0.270241
0.267625
0.264869
0.262038
0.259209
0.256465
0.253904
0.251643
0.249834
0.248663
0.248353
0.24915
0.251282
0.254918
0.260114
0.266777
0.274655
0.283368
0.292471
0.301521
0.31014
0.318055
0.325111
0.331267
0.336574
0.341146
0.345135
0.348706
0.352018
0.355209
0.358396
0.361663
0.365065
0.368631
0.372361
0.376233
0.38021
0.384237
0.388253
0.392191
0.395985
0.39957
0.40289
0.405895
0.408546
0.410814
0.412679
0.41413
0.415165
0.415786
0.416003
0.41583
0.415287
0.414396
0.413185
0.411686
0.409934
0.407971
0.405842
0.403594
0.401279
0.398954
0.39668
0.394526
0.392573
0.390925
0.38971
0.389081
0.389213
0.390279
0.392417
0.395698
0.400092
0.405459
0.411559
0.41809
0.424736
0.43121
0.437291
0.442834
0.447777
0.452128
0.455945
0.459322
0.462369
0.465196
0.467903
0.470573
0.473272
0.47604
0.478898
0.481848
0.484873
0.487945
0.491024
0.494065
0.497019
0.499837
0.502474
0.504889
0.507048
0.508923
0.510495
0.511751
0.512685
0.513294
0.513582
0.513555
0.513222
0.512595
0.51169
0.510526
0.509123
0.507506
0.505705
0.50375
0.501674
0.49951
0.497285
0.495017
0.492709
0.490347
0.487897
0.485323
0.482598
0.47974
0.476825
0.473989
0.471412
0.469266
0.46767
0.466656
0.466177
0.466128
0.46638
0.466814
0.467334
0.467876
0.468405
0.468908
0.469384
0.46984
0.470288
0.47074
0.471208
0.471703
0.472233
0.472806
0.473428
0.474104
0.474834
0.47562
0.476461
0.477353
0.478291
0.47927
0.101404
0.107794
0.113695
0.11905
0.123822
0.127989
0.131543
0.134488
0.136836
0.138603
0.139811
0.140482
0.140641
0.140309
0.139512
0.138271
0.136611
0.134555
0.132127
0.129355
0.126268
0.122898
0.119283
0.115462
0.11148
0.107383
0.103222
0.099049
0.0949179
0.0908817
0.0869926
0.0833023
0.0798637
0.0767357
0.0739929
0.0717384
0.0701197
0.06934
0.0696568
0.0713587
0.0747163
0.0799154
0.0869912
0.0957873
0.105958
0.117011
0.128398
0.139599
0.150187
0.15987
0.168499
0.176053
0.18261
0.188316
0.193348
0.197893
0.202126
0.206197
0.210228
0.214306
0.218482
0.22278
0.227193
0.231696
0.236243
0.240776
0.245229
0.249535
0.253624
0.257435
0.260912
0.264007
0.266685
0.268918
0.27069
0.271995
0.272832
0.273211
0.273148
0.272664
0.271789
0.270556
0.269003
0.267175
0.26512
0.262892
0.260547
0.258145
0.255752
0.253441
0.251297
0.249427
0.247964
0.247082
0.246987
0.24791
0.250072
0.253642
0.258686
0.265136
0.272774
0.281261
0.290185
0.299131
0.307735
0.315727
0.322939
0.329311
0.334867
0.339695
0.343921
0.347687
0.351135
0.354393
0.357571
0.360752
0.363995
0.367333
0.370778
0.374319
0.377929
0.38157
0.385192
0.388743
0.392167
0.39541
0.398423
0.401163
0.403592
0.405685
0.40742
0.408787
0.409779
0.4104
0.410656
0.410561
0.410132
0.409392
0.408367
0.407087
0.405586
0.403902
0.402077
0.400153
0.398177
0.396197
0.394267
0.392445
0.390805
0.389437
0.388458
0.388011
0.388257
0.389361
0.391461
0.394632
0.39886
0.404028
0.409927
0.416282
0.4228
0.429213
0.435301
0.440918
0.445989
0.450501
0.454495
0.458044
0.461237
0.464172
0.466936
0.46961
0.472254
0.474912
0.477609
0.480354
0.48314
0.485947
0.488748
0.491506
0.494183
0.496738
0.499133
0.501333
0.503306
0.505029
0.506482
0.507652
0.50853
0.509114
0.509406
0.50941
0.509136
0.508596
0.507805
0.506781
0.505546
0.504124
0.502542
0.500829
0.499015
0.497126
0.495185
0.493203
0.491176
0.489082
0.486881
0.484531
0.482004
0.479313
0.476534
0.473805
0.471307
0.469218
0.467661
0.466678
0.466226
0.466203
0.466485
0.466952
0.467509
0.468093
0.468666
0.469215
0.469737
0.470238
0.470729
0.47122
0.471721
0.472242
0.472791
0.473375
0.473997
0.474662
0.475372
0.476127
0.476925
0.477764
0.47864
0.479547
0.0880564
0.0939672
0.0994976
0.104587
0.10919
0.113275
0.116824
0.119828
0.122288
0.124211
0.12561
0.126501
0.126904
0.126841
0.126333
0.125406
0.124084
0.122392
0.120358
0.118012
0.115385
0.11251
0.109425
0.106168
0.102779
0.0993032
0.095784
0.0922667
0.0887967
0.085418
0.0821734
0.079105
0.0762556
0.0736745
0.0714254
0.0696
0.0683324
0.0678111
0.0682785
0.070011
0.0732749
0.0782639
0.0850366
0.0934745
0.103279
0.11401
0.125158
0.136228
0.146805
0.156591
0.165417
0.173235
0.180089
0.186091
0.191389
0.196145
0.200515
0.20464
0.208635
0.212587
0.216554
0.220567
0.224635
0.228744
0.232863
0.236952
0.240959
0.244831
0.248512
0.251949
0.255096
0.257912
0.260363
0.262425
0.264082
0.265327
0.266159
0.266587
0.266624
0.266292
0.265615
0.264626
0.26336
0.261858
0.260163
0.258322
0.256386
0.254406
0.252439
0.250547
0.248806
0.247309
0.246179
0.245573
0.245686
0.246736
0.248936
0.252453
0.257363
0.263617
0.271026
0.279286
0.288017
0.296829
0.305374
0.313385
0.32069
0.327212
0.332958
0.337991
0.342414
0.34635
0.349923
0.35325
0.356433
0.359552
0.362666
0.365815
0.369014
0.372265
0.37555
0.378844
0.382109
0.385303
0.388382
0.391303
0.394023
0.396505
0.398718
0.400636
0.402241
0.40352
0.40447
0.40509
0.405387
0.405374
0.405065
0.404482
0.40365
0.402597
0.401353
0.399954
0.398435
0.396834
0.395192
0.39355
0.391953
0.390453
0.389112
0.388013
0.387261
0.386989
0.387349
0.388497
0.390569
0.393644
0.397721
0.402701
0.408401
0.414572
0.420943
0.42726
0.433312
0.438951
0.444094
0.448716
0.452841
0.456523
0.459837
0.462865
0.465685
0.468368
0.470974
0.473545
0.476109
0.47868
0.481258
0.483832
0.486384
0.488885
0.491307
0.493618
0.495785
0.497779
0.499573
0.501146
0.50248
0.503562
0.504385
0.504945
0.505242
0.505283
0.505075
0.50463
0.503963
0.503092
0.502036
0.50082
0.499467
0.498004
0.496455
0.494843
0.493183
0.491481
0.489726
0.487888
0.485924
0.483787
0.481446
0.478912
0.47626
0.47363
0.471206
0.46917
0.467651
0.466695
0.466266
0.466266
0.466573
0.467068
0.467658
0.468276
0.468886
0.469473
0.470033
0.470571
0.471097
0.471619
0.472147
0.472689
0.473251
0.47384
0.474459
0.475112
0.475799
0.476522
0.477278
0.478065
0.47888
0.479718
0.539155
0.539384
0.539487
0.539491
0.539412
0.539265
0.53906
0.538806
0.53851
0.538177
0.537812
0.537418
0.536997
0.536553
0.536087
0.535601
0.535095
0.534573
0.534034
0.53348
0.532912
0.532333
0.531743
0.531144
0.530539
0.52993
0.52932
0.528711
0.528108
0.527515
0.526937
0.52638
0.52585
0.525354
0.5249
0.524497
0.524155
0.523883
0.523691
0.523589
0.534636
0.535385
0.535951
0.536367
0.536655
0.536834
0.536919
0.536924
0.536858
0.536732
0.536552
0.536324
0.536053
0.535744
0.5354
0.535025
0.534621
0.53419
0.533734
0.533256
0.532758
0.532241
0.531707
0.531159
0.530599
0.53003
0.529453
0.528874
0.528294
0.52772
0.527155
0.526605
0.526078
0.525581
0.525122
0.524711
0.524358
0.524073
0.52387
0.52376
0.529355
0.53061
0.531647
0.532496
0.53318
0.53372
0.534133
0.534434
0.534637
0.534754
0.534794
0.534766
0.534678
0.534534
0.534341
0.534103
0.533825
0.533509
0.533159
0.532777
0.532368
0.531932
0.531472
0.530991
0.530492
0.529977
0.52945
0.528913
0.52837
0.527827
0.527287
0.526758
0.526245
0.525756
0.5253
0.524888
0.524529
0.524238
0.524026
0.52391
0.523655
0.525353
0.526819
0.528079
0.529152
0.530055
0.530805
0.531419
0.53191
0.532291
0.532574
0.53277
0.532885
0.53293
0.53291
0.532831
0.532698
0.532517
0.532291
0.532024
0.53172
0.531382
0.531012
0.530614
0.53019
0.529745
0.52928
0.5288
0.528307
0.527808
0.527307
0.526809
0.526321
0.525852
0.525409
0.525004
0.524648
0.524355
0.52414
0.524019
0.51786
0.519904
0.521727
0.523343
0.524764
0.526004
0.527077
0.527995
0.528774
0.529424
0.529958
0.530386
0.530719
0.530965
0.531132
0.531226
0.531254
0.531222
0.531135
0.530996
0.530812
0.530584
0.530317
0.530015
0.52968
0.529316
0.528927
0.528515
0.528086
0.527642
0.527191
0.526736
0.526285
0.525846
0.525427
0.525039
0.524694
0.524406
0.524192
0.52407
0.512225
0.514512
0.516602
0.518501
0.520212
0.521743
0.523101
0.524299
0.525346
0.526253
0.527032
0.527691
0.528242
0.528692
0.529051
0.529325
0.529522
0.529648
0.529708
0.529708
0.529652
0.529545
0.529392
0.529195
0.528958
0.528686
0.528382
0.52805
0.527693
0.527317
0.526925
0.526524
0.526121
0.525722
0.525336
0.524975
0.524649
0.524374
0.524167
0.524048
0.506925
0.50936
0.511631
0.513734
0.515667
0.517429
0.519026
0.520463
0.521747
0.522887
0.523891
0.524769
0.525528
0.526177
0.526725
0.527178
0.527544
0.52783
0.528041
0.528184
0.528263
0.528283
0.528248
0.528163
0.528033
0.52786
0.527649
0.527403
0.527127
0.526826
0.526503
0.526165
0.525818
0.525468
0.525125
0.524799
0.524501
0.524246
0.524052
0.523938
0.502068
0.504571
0.506945
0.509179
0.511265
0.513199
0.51498
0.51661
0.518092
0.519431
0.520634
0.521706
0.522656
0.52349
0.524216
0.524841
0.525371
0.525814
0.526175
0.526459
0.526673
0.526821
0.526908
0.526939
0.526918
0.526848
0.526735
0.526581
0.526392
0.526171
0.525924
0.525655
0.525371
0.525079
0.524786
0.524502
0.52424
0.524012
0.523836
0.523731
0.497706
0.500214
0.502627
0.504928
0.507107
0.509155
0.511067
0.512842
0.514479
0.515979
0.517347
0.518587
0.519703
0.520702
0.52159
0.522373
0.523057
0.523648
0.524151
0.524573
0.524918
0.525192
0.5254
0.525546
0.525634
0.525669
0.525655
0.525596
0.525497
0.525361
0.525193
0.524998
0.524783
0.524553
0.524316
0.524082
0.523861
0.523666
0.523512
0.523421
0.49385
0.496319
0.49872
0.501038
0.503257
0.505369
0.507364
0.509238
0.510987
0.51261
0.514108
0.515484
0.51674
0.51788
0.518909
0.519832
0.520654
0.52138
0.522016
0.522566
0.523036
0.52343
0.523754
0.524011
0.524207
0.524345
0.52443
0.524465
0.524456
0.524406
0.524319
0.524201
0.524057
0.523894
0.523718
0.523537
0.523362
0.523205
0.523079
0.523002
0.490489
0.492886
0.49524
0.497534
0.499754
0.501886
0.503922
0.505854
0.507676
0.509385
0.51098
0.51246
0.513827
0.515082
0.516229
0.517272
0.518214
0.51906
0.519813
0.52048
0.521064
0.52157
0.522002
0.522365
0.522663
0.5229
0.523081
0.523208
0.523287
0.523322
0.523317
0.523276
0.523205
0.523109
0.522996
0.522872
0.522747
0.52263
0.522535
0.522476
0.487594
0.489899
0.492181
0.494423
0.496611
0.498731
0.500773
0.502728
0.504589
0.50635
0.508009
0.509564
0.511013
0.512357
0.513599
0.514739
0.515782
0.516729
0.517586
0.518355
0.519041
0.519647
0.520178
0.520638
0.521031
0.521361
0.521632
0.521847
0.522011
0.522128
0.522202
0.522237
0.522238
0.52221
0.52216
0.522095
0.52202
0.521947
0.521884
0.521845
0.485129
0.48733
0.489524
0.491694
0.493827
0.495909
0.49793
0.49988
0.50175
0.503536
0.50523
0.506831
0.508337
0.509745
0.511057
0.512274
0.513397
0.514428
0.51537
0.516226
0.516999
0.517694
0.518313
0.51886
0.519339
0.519754
0.520108
0.520405
0.520648
0.520843
0.520992
0.521099
0.521171
0.52121
0.521222
0.521214
0.521191
0.521161
0.521132
0.521113
0.483055
0.485147
0.487243
0.489328
0.49139
0.493416
0.495395
0.497318
0.499174
0.500959
0.502665
0.504288
0.505826
0.507276
0.508636
0.509908
0.511091
0.512187
0.513198
0.514125
0.514972
0.515741
0.516435
0.517058
0.517613
0.518104
0.518532
0.518903
0.51922
0.519486
0.519705
0.519882
0.520019
0.520121
0.520194
0.520241
0.520269
0.520282
0.520287
0.520287
0.481335
0.483315
0.485309
0.487302
0.489283
0.491239
0.493161
0.495039
0.496863
0.498627
0.500324
0.50195
0.503499
0.504969
0.506358
0.507665
0.50889
0.510034
0.511096
0.512079
0.512984
0.513814
0.514571
0.515258
0.515878
0.516434
0.516929
0.517365
0.517748
0.518078
0.518362
0.5186
0.518799
0.518961
0.51909
0.51919
0.519265
0.51932
0.519357
0.519377
0.479932
0.481802
0.483692
0.485589
0.487482
0.489361
0.491215
0.493035
0.494813
0.496541
0.498213
0.499822
0.501365
0.502838
0.504238
0.505564
0.506814
0.507988
0.509086
0.510109
0.511058
0.511935
0.512742
0.513481
0.514155
0.514766
0.515317
0.51581
0.51625
0.516638
0.516978
0.517273
0.517527
0.517742
0.517923
0.518072
0.518192
0.518285
0.518352
0.51839
0.478812
0.480575
0.482362
0.484162
0.485964
0.487759
0.489539
0.491293
0.493014
0.494694
0.496327
0.497907
0.49943
0.50089
0.502286
0.503614
0.504874
0.506063
0.507182
0.508232
0.509211
0.510123
0.510967
0.511747
0.512463
0.513119
0.513715
0.514256
0.514744
0.515181
0.515571
0.515915
0.516218
0.516482
0.516709
0.516902
0.517062
0.51719
0.517284
0.517339
0.477946
0.479606
0.481292
0.482994
0.484705
0.486415
0.488114
0.489796
0.491453
0.493076
0.494661
0.496201
0.497691
0.499126
0.500505
0.501823
0.503078
0.50427
0.505397
0.50646
0.507457
0.508391
0.509261
0.510069
0.510817
0.511507
0.51214
0.512719
0.513246
0.513724
0.514155
0.514542
0.514886
0.515191
0.515459
0.51569
0.515886
0.516044
0.516162
0.516232
0.477304
0.478865
0.480454
0.482062
0.483681
0.485304
0.486922
0.488528
0.490115
0.491675
0.493204
0.494695
0.496143
0.497543
0.498894
0.50019
0.501431
0.502614
0.503737
0.504801
0.505805
0.506749
0.507634
0.50846
0.50923
0.509944
0.510604
0.511212
0.51177
0.51228
0.512744
0.513165
0.513545
0.513885
0.514186
0.51445
0.514675
0.51486
0.514998
0.515079
0.476863
0.47833
0.479825
0.481341
0.48287
0.484406
0.485942
0.48747
0.488984
0.490477
0.491944
0.493379
0.494778
0.496136
0.497449
0.498715
0.499931
0.501094
0.502204
0.50326
0.50426
0.505204
0.506094
0.506929
0.50771
0.508439
0.509116
0.509744
0.510325
0.510859
0.511349
0.511797
0.512204
0.512571
0.5129
0.51319
0.51344
0.513645
0.5138
0.513891
0.4766
0.477977
0.479381
0.480808
0.48225
0.483701
0.485154
0.486603
0.488042
0.489465
0.490867
0.492242
0.493586
0.494894
0.496164
0.497392
0.498575
0.499711
0.500799
0.501836
0.502823
0.50376
0.504645
0.505479
0.506263
0.506998
0.507685
0.508325
0.508919
0.50947
0.509978
0.510445
0.510872
0.511261
0.51161
0.51192
0.512188
0.51241
0.512576
0.512674
0.476493
0.477784
0.479103
0.480443
0.4818
0.483168
0.484539
0.48591
0.487273
0.488624
0.489958
0.49127
0.492555
0.493809
0.49503
0.496214
0.497357
0.498459
0.499517
0.500529
0.501496
0.502415
0.503288
0.504114
0.504893
0.505626
0.506314
0.506958
0.507559
0.508118
0.508637
0.509116
0.509557
0.509959
0.510323
0.510647
0.510928
0.51116
0.511334
0.511436
0.476522
0.477732
0.478968
0.480227
0.481501
0.482787
0.484079
0.485371
0.486659
0.487938
0.489202
0.490448
0.491672
0.492869
0.494036
0.49517
0.496269
0.497331
0.498353
0.499334
0.500273
0.50117
0.502023
0.502833
0.503599
0.504323
0.505005
0.505646
0.506246
0.506807
0.507329
0.507814
0.508261
0.508671
0.509043
0.509375
0.509663
0.509901
0.510079
0.510184
0.476668
0.477801
0.478959
0.480138
0.481334
0.482541
0.483754
0.48497
0.486183
0.487389
0.488583
0.489762
0.490922
0.492059
0.493169
0.494251
0.495302
0.496318
0.497299
0.498244
0.49915
0.500017
0.500844
0.501632
0.50238
0.503089
0.503758
0.504389
0.504982
0.505538
0.506057
0.506541
0.506988
0.507399
0.507773
0.508107
0.508397
0.508636
0.508815
0.508919
0.476914
0.477974
0.479057
0.48016
0.481279
0.48241
0.483547
0.484688
0.485827
0.48696
0.488085
0.489196
0.490291
0.491365
0.492417
0.493444
0.494442
0.49541
0.496346
0.497249
0.498117
0.49895
0.499747
0.500507
0.50123
0.501918
0.502569
0.503184
0.503764
0.504308
0.504819
0.505295
0.505737
0.506143
0.506513
0.506844
0.507131
0.507367
0.507544
0.507646
0.477241
0.47823
0.479242
0.480273
0.481318
0.482375
0.483438
0.484505
0.485572
0.486634
0.487689
0.488732
0.489761
0.490773
0.491764
0.492733
0.493677
0.494593
0.495481
0.496339
0.497165
0.497959
0.498721
0.499449
0.500143
0.500804
0.501431
0.502025
0.502586
0.503114
0.50361
0.504074
0.504504
0.504901
0.505262
0.505585
0.505865
0.506095
0.506265
0.506364
0.477629
0.478552
0.479496
0.480457
0.481431
0.482417
0.483409
0.484404
0.485399
0.486392
0.487377
0.488353
0.489316
0.490264
0.491194
0.492104
0.492991
0.493854
0.494691
0.4955
0.496282
0.497034
0.497756
0.498447
0.499108
0.499738
0.500337
0.500905
0.501442
0.501949
0.502426
0.502872
0.503286
0.503668
0.504016
0.504326
0.504595
0.504815
0.504978
0.505071
0.478059
0.478919
0.479798
0.480692
0.481598
0.482515
0.483437
0.484363
0.485289
0.486212
0.48713
0.488039
0.488936
0.48982
0.490688
0.491538
0.492367
0.493174
0.493959
0.494718
0.495451
0.496158
0.496838
0.497489
0.498113
0.498708
0.499275
0.499813
0.500323
0.500804
0.501257
0.501681
0.502075
0.502439
0.502769
0.503063
0.503317
0.503525
0.503678
0.503764
0.47851
0.47931
0.480126
0.480956
0.481798
0.482648
0.483503
0.484362
0.48522
0.486076
0.486926
0.487769
0.488601
0.489421
0.490227
0.491016
0.491787
0.492538
0.493267
0.493974
0.494658
0.495317
0.495952
0.496561
0.497144
0.497702
0.498233
0.498738
0.499216
0.499668
0.500094
0.500492
0.500863
0.501204
0.501513
0.501789
0.502026
0.502218
0.50236
0.502439
0.478959
0.479701
0.480459
0.481228
0.482007
0.482793
0.483583
0.484376
0.485169
0.485959
0.486743
0.487521
0.488289
0.489046
0.489789
0.490518
0.491229
0.491923
0.492597
0.493251
0.493883
0.494494
0.495081
0.495645
0.496186
0.496703
0.497196
0.497665
0.498109
0.498529
0.498924
0.499294
0.499638
0.499954
0.50024
0.500494
0.500712
0.500889
0.501017
0.501089
0.479383
0.480071
0.480772
0.481483
0.482201
0.482926
0.483654
0.484383
0.485112
0.485837
0.486558
0.487272
0.487977
0.488671
0.489353
0.490021
0.490673
0.491309
0.491928
0.492528
0.493108
0.493668
0.494207
0.494725
0.495222
0.495696
0.496149
0.49658
0.496988
0.497373
0.497736
0.498075
0.49839
0.498679
0.49894
0.499171
0.499369
0.499528
0.499644
0.499708
0.479758
0.480395
0.481042
0.481697
0.482358
0.483023
0.483691
0.484359
0.485025
0.485689
0.486347
0.486998
0.487641
0.488274
0.488895
0.489503
0.490097
0.490676
0.491239
0.491784
0.492312
0.492821
0.493312
0.493783
0.494234
0.494665
0.495077
0.495468
0.495839
0.496189
0.496517
0.496824
0.497109
0.49737
0.497605
0.497812
0.497989
0.498131
0.498233
0.49829
0.480064
0.480651
0.481246
0.481847
0.482453
0.483061
0.48367
0.484279
0.484886
0.485489
0.486086
0.486677
0.487259
0.487832
0.488394
0.488944
0.48948
0.490003
0.49051
0.491002
0.491478
0.491937
0.492378
0.492802
0.493208
0.493596
0.493966
0.494317
0.49465
0.494963
0.495258
0.495532
0.495786
0.496018
0.496227
0.496411
0.496567
0.496691
0.496781
0.496829
0.48028
0.480819
0.481364
0.481914
0.482466
0.483019
0.483573
0.484125
0.484674
0.485218
0.485757
0.486289
0.486813
0.487328
0.487832
0.488325
0.488805
0.489273
0.489727
0.490166
0.490591
0.491
0.491393
0.491771
0.492132
0.492478
0.492806
0.493118
0.493413
0.493691
0.493951
0.494193
0.494417
0.494621
0.494804
0.494964
0.4951
0.495208
0.495284
0.495326
0.48039
0.480884
0.481381
0.481881
0.482382
0.482883
0.483382
0.483879
0.484373
0.484861
0.485344
0.48582
0.486287
0.486746
0.487195
0.487633
0.48806
0.488474
0.488876
0.489265
0.489641
0.490002
0.490349
0.490682
0.491
0.491304
0.491593
0.491866
0.492125
0.492368
0.492596
0.492807
0.493001
0.493178
0.493337
0.493475
0.493591
0.493684
0.493749
0.493784
6.91719e-05
0.000236088
0.000437471
0.000678618
0.000965171
0.00130315
0.00169891
0.00215915
0.00269082
0.00330112
0.00399737
0.00478699
0.00567735
0.0066757
0.00778905
0.00902402
0.0103867
0.0118826
0.0135163
0.0152914
0.0172106
0.0192753
0.0214854
0.0238396
0.0263348
0.0289667
0.0317291
0.0346144
0.0376135
0.0407157
0.0439093
0.047181
0.0505168
0.0539018
0.0573204
0.0607565
0.064194
0.0676164
0.071007
0.0743491
6.44195e-05
0.000219838
0.000407255
0.000631514
0.000897769
0.00121151
0.00157853
0.00200493
0.00249703
0.00306137
0.00370461
0.00443348
0.00525471
0.00617489
0.00720041
0.00833733
0.00959127
0.0109673
0.0124696
0.0141019
0.0158667
0.0177653
0.0197982
0.0219644
0.0242615
0.026686
0.0292327
0.0318952
0.0346655
0.0375346
0.0404921
0.0435266
0.0466254
0.0497756
0.052963
0.0561734
0.0593919
0.0626037
0.0657935
0.068946
5.97008e-05
0.000203703
0.000377251
0.000584745
0.000830856
0.00112055
0.00145908
0.00185193
0.00230482
0.00282364
0.00341439
0.00408315
0.00483598
0.00567882
0.00661747
0.00765742
0.00880378
0.0100612
0.0114336
0.0129244
0.014536
0.0162699
0.0181268
0.020106
0.0222058
0.0244233
0.0267542
0.0291932
0.0317336
0.0343675
0.0370862
0.0398796
0.0427369
0.0456465
0.0485961
0.0515728
0.0545636
0.0575549
0.0605331
0.0634843
5.5043e-05
0.000187776
0.000347636
0.000538586
0.000764826
0.00103081
0.00134124
0.00170104
0.00211531
0.00258931
0.00312841
0.00373803
0.00442358
0.00519038
0.00604361
0.0069882
0.00802877
0.00916951
0.0104141
0.0117656
0.0132263
0.0147979
0.016481
0.0182754
0.0201798
0.0221919
0.0243084
0.0265248
0.0288356
0.0312341
0.0337129
0.0362634
0.0388763
0.0415414
0.0442483
0.0469855
0.0497415
0.0525044
0.0552619
0.0580016
5.04775e-05
0.000172165
0.000318611
0.000493352
0.000700126
0.000942895
0.00122583
0.00155328
0.00192978
0.00235998
0.0028486
0.00340045
0.00402029
0.00471284
0.00548269
0.00633421
0.00727151
0.00829834
0.00941803
0.0106334
0.0119466
0.0133593
0.0148721
0.0164852
0.0181977
0.0200079
0.021913
0.0239095
0.0259928
0.0281576
0.0303974
0.0327051
0.0350729
0.0374921
0.0399536
0.0424477
0.0449642
0.0474928
0.0500227
0.0525431
4.60396e-05
0.00015699
0.0002904
0.000449391
0.000637258
0.000857483
0.00111373
0.00140981
0.00174968
0.0021374
0.00257711
0.00307299
0.00362921
0.00424989
0.00493902
0.00570045
0.0065378
0.00745437
0.00845313
0.00953661
0.0107069
0.0119653
0.0133129
0.0147498
0.0162755
0.0178887
0.0195873
0.0213686
0.0232289
0.0251638
0.027168
0.0292357
0.0313602
0.0335345
0.0357507
0.0380007
0.0402757
0.0425669
0.044865
0.0471607
4.17687e-05
0.000142388
0.000263254
0.000407095
0.00057678
0.000775336
0.00100593
0.00127188
0.00157658
0.00192354
0.00231634
0.00275856
0.00325379
0.00380558
0.00441738
0.0050925
0.00583408
0.00664501
0.00752788
0.00848493
0.00951801
0.0106285
0.0118173
0.0130847
0.0144305
0.0158538
0.017353
0.0189261
0.02057
0.0222814
0.024056
0.0258891
0.0277753
0.0297087
0.0316828
0.0336908
0.0357256
0.0377796
0.039845
0.041914
3.7709e-05
0.000128508
0.000237454
0.000366901
0.000519318
0.0006973
0.000903558
0.00114091
0.00141226
0.0017206
0.00206894
0.00246033
0.00289782
0.00338441
0.00392302
0.00451648
0.00516746
0.00587843
0.00665161
0.00748898
0.00839215
0.0093624
0.0104006
0.0115071
0.0126819
0.0139245
0.0152337
0.0166079
0.0180449
0.0195421
0.0210961
0.0227032
0.0243591
0.026059
0.0277978
0.0295699
0.0313694
0.0331901
0.0350257
0.0368697
3.39099e-05
0.00011552
0.000213313
0.000329297
0.000465566
0.000624316
0.000807831
0.00101848
0.0012587
0.00153098
0.00183786
0.00218185
0.00256552
0.00299135
0.00346178
0.00397917
0.00454576
0.00516361
0.00583462
0.00656046
0.00734254
0.00818199
0.00907962
0.0100359
0.0110509
0.0121242
0.0132553
0.0144428
0.0156852
0.0169805
0.0183262
0.0197194
0.0211567
0.0226345
0.0241486
0.0256948
0.0272682
0.0288641
0.0304772
0.0321025
3.04263e-05
0.000103611
0.000191179
0.000294824
0.000416299
0.000557433
0.000720127
0.000906338
0.00111808
0.00135739
0.00162636
0.00192705
0.00226155
0.00263189
0.00304009
0.00348805
0.00397761
0.00451048
0.00508823
0.00571226
0.00638376
0.00710372
0.00787285
0.00869164
0.00956026
0.0104786
0.0114461
0.0124621
0.0135255
0.0146347
0.0157879
0.016983
0.0182176
0.0194887
0.0207934
0.0221282
0.0234896
0.0248738
0.0262768
0.0276948
2.73196e-05
9.29908e-05
0.000171444
0.000264089
0.00037238
0.000497822
0.000641973
0.00080643
0.000992826
0.00120282
0.00143808
0.00170028
0.0019911
0.00231216
0.00266507
0.00305139
0.00347257
0.00393001
0.00442497
0.0049586
0.0055319
0.00614569
0.00680062
0.00749714
0.00823549
0.00901566
0.00983742
0.0107003
0.0116035
0.012546
0.0135267
0.0145439
0.0155958
0.0166805
0.0177957
0.018939
0.0201076
0.0212988
0.0225096
0.0237373
2.46587e-05
8.38948e-05
0.000154541
0.00023777
0.000334776
0.000446791
0.000575081
0.000720936
0.000885669
0.0010706
0.00127708
0.00150641
0.00175994
0.00203894
0.0023447
0.00267843
0.0030413
0.0034344
0.00385875
0.00431528
0.0048048
0.005328
0.00588544
0.00647754
0.00710455
0.00776658
0.00846353
0.00919515
0.00996099
0.0107604
0.0115926
0.0124565
0.0133508
0.0142744
0.0152254
0.0162023
0.0172031
0.018226
0.0192687
0.0203296
2.25209e-05
7.65873e-05
0.000140963
0.000216629
0.000304574
0.000405812
0.000521373
0.000652306
0.000799664
0.000964512
0.00114791
0.00135091
0.00157457
0.0018199
0.0020879
0.00237953
0.00269572
0.00303733
0.00340518
0.0038
0.00422246
0.00467312
0.00515248
0.00566092
0.00619869
0.00676595
0.00736273
0.00798893
0.00864432
0.00932852
0.010041
0.0107812
0.0115483
0.0123414
0.0131594
0.0140012
0.0148655
0.0157511
0.0166565
0.0175807
2.09937e-05
7.13671e-05
0.000131264
0.000201528
0.000283004
0.000376548
0.000483026
0.00060331
0.000738276
0.000888797
0.00105574
0.00123998
0.00144235
0.00166368
0.00190478
0.00216644
0.00244938
0.00275433
0.00308194
0.00343281
0.00380751
0.00420651
0.00463024
0.00507904
0.00555319
0.00605286
0.00657815
0.00712907
0.00770552
0.00830732
0.00893418
0.00958573
0.0102615
0.0109608
0.0116832
0.0124277
0.0131936
0.01398
0.0147862
0.0156113
2.01766e-05
6.85743e-05
0.000126076
0.000193451
0.000271467
0.000360897
0.000462519
0.000577113
0.000705456
0.000848325
0.00100648
0.00118069
0.0013717
0.00158022
0.00180697
0.00205262
0.00231782
0.0026032
0.00290933
0.00323675
0.00358595
0.00395737
0.0043514
0.00476836
0.00520852
0.00567207
0.00615914
0.00666978
0.00720399
0.00776167
0.00834264
0.00894665
0.00957337
0.0102224
0.0108933
0.0115855
0.0122983
0.0130313
0.0137838
0.0145553
0.0788537
0.0843573
0.0895503
0.0943731
0.0987785
0.102731
0.106208
0.109193
0.111681
0.113675
0.115181
0.116213
0.116785
0.116919
0.116634
0.115953
0.114902
0.113506
0.111792
0.10979
0.107531
0.105047
0.102375
0.0995513
0.0966137
0.0936019
0.0905562
0.0875168
0.0845233
0.0816139
0.0788254
0.0761936
0.0737555
0.0715541
0.0696471
0.068119
0.067096
0.0667572
0.0673355
0.0690995
0.0723117
0.0771698
0.083746
0.0919444
0.101496
0.111992
0.12295
0.133895
0.144419
0.154223
0.16313
0.171076
0.178087
0.184256
0.18971
0.194596
0.199056
0.203222
0.207204
0.211087
0.214931
0.218773
0.222626
0.226486
0.230334
0.234135
0.237852
0.241438
0.244847
0.248034
0.250958
0.253583
0.25588
0.257825
0.259405
0.260612
0.261446
0.261914
0.26203
0.261811
0.261284
0.260475
0.25942
0.258155
0.256719
0.255157
0.25351
0.251828
0.250158
0.248558
0.247095
0.245856
0.244953
0.244539
0.244797
0.245937
0.248168
0.251655
0.256481
0.262605
0.26986
0.27796
0.286547
0.295248
0.303727
0.311719
0.319051
0.325639
0.331478
0.33662
0.341154
0.345188
0.348837
0.352209
0.355397
0.358482
0.36152
0.364553
0.3676
0.370667
0.373745
0.376813
0.379845
0.382804
0.385655
0.388359
0.390881
0.393188
0.395252
0.397049
0.398564
0.399785
0.400707
0.401331
0.401662
0.401711
0.401494
0.40103
0.400342
0.399455
0.398399
0.397206
0.395907
0.394537
0.393131
0.391725
0.390361
0.389082
0.387948
0.387034
0.386439
0.386288
0.386728
0.387912
0.38997
0.392985
0.396962
0.401817
0.407379
0.413416
0.419672
0.425902
0.431903
0.437527
0.442686
0.447352
0.451536
0.455286
0.458664
0.461742
0.464594
0.467284
0.469866
0.472385
0.474867
0.47733
0.479778
0.482204
0.484595
0.48693
0.489185
0.491334
0.493348
0.495203
0.496876
0.498346
0.499599
0.500622
0.501408
0.501954
0.502262
0.502334
0.502181
0.501812
0.501242
0.500489
0.49957
0.498508
0.497325
0.496044
0.494687
0.493272
0.491811
0.490305
0.488738
0.487077
0.485276
0.483284
0.481068
0.478639
0.476073
0.473511
0.471137
0.469136
0.467642
0.466705
0.466291
0.466305
0.466627
0.46714
0.467748
0.468388
0.46902
0.469629
0.47021
0.47077
0.471315
0.471853
0.472395
0.472946
0.473513
0.474102
0.474715
0.475356
0.476025
0.476723
0.477447
0.478197
0.478969
0.479758
0.0732072
0.0784368
0.0833971
0.0880301
0.0922886
0.096136
0.0995456
0.1025
0.104991
0.107017
0.108583
0.109697
0.110375
0.110632
0.11049
0.10997
0.109096
0.107894
0.106389
0.104613
0.102594
0.100366
0.0979618
0.0954174
0.0927688
0.0900533
0.0873082
0.0845706
0.0818765
0.0792608
0.0767565
0.0743958
0.0722124
0.0702457
0.0685497
0.0672051
0.0663332
0.0661079
0.0667565
0.0685426
0.0717263
0.0765076
0.0829661
0.0910191
0.100414
0.110763
0.121598
0.132455
0.142934
0.152736
0.161678
0.169688
0.176781
0.183039
0.188578
0.193536
0.198046
0.202235
0.20621
0.210053
0.213826
0.217568
0.221297
0.225012
0.228698
0.23233
0.235873
0.239288
0.242534
0.24557
0.248359
0.250868
0.25307
0.254944
0.256477
0.257662
0.258499
0.258995
0.259162
0.259018
0.258586
0.257893
0.256973
0.255858
0.254587
0.253199
0.251735
0.250238
0.248753
0.247334
0.246043
0.244961
0.2442
0.243903
0.24425
0.245447
0.247698
0.25117
0.255945
0.261992
0.269151
0.277152
0.285648
0.294276
0.302706
0.310678
0.318017
0.324636
0.330522
0.335721
0.340313
0.344401
0.348091
0.351485
0.354677
0.35774
0.360734
0.363697
0.366655
0.369614
0.372569
0.375504
0.378396
0.381215
0.383928
0.386502
0.388903
0.391103
0.393076
0.3948
0.39626
0.397445
0.398351
0.398978
0.399332
0.399423
0.399265
0.398878
0.398282
0.397502
0.396566
0.395503
0.394342
0.393117
0.391858
0.3906
0.389379
0.388238
0.387232
0.386431
0.385933
0.385857
0.386348
0.387553
0.389604
0.392584
0.396502
0.40128
0.406756
0.41271
0.418891
0.425063
0.431025
0.436631
0.441792
0.446475
0.450687
0.454469
0.457878
0.460983
0.463849
0.46654
0.469108
0.471594
0.474029
0.476428
0.478798
0.481137
0.483433
0.485669
0.487824
0.489875
0.491798
0.493569
0.495168
0.496576
0.497779
0.498767
0.499532
0.500072
0.500387
0.500482
0.500365
0.500047
0.499541
0.498864
0.498034
0.497071
0.495997
0.494831
0.493595
0.492305
0.490968
0.489583
0.488133
0.486581
0.48488
0.482976
0.480837
0.478473
0.47596
0.473438
0.471094
0.469115
0.467637
0.46671
0.466305
0.466328
0.466659
0.467182
0.467801
0.468452
0.469097
0.469719
0.470313
0.470884
0.471439
0.471987
0.472535
0.473091
0.47366
0.474247
0.474856
0.475488
0.476144
0.476825
0.477529
0.478255
0.478999
0.479757
0.067485
0.072417
0.07712
0.0815384
0.0856257
0.0893446
0.092667
0.0955734
0.0980523
0.100099
0.101716
0.10291
0.103693
0.104079
0.104086
0.103737
0.103052
0.102057
0.100779
0.0992446
0.0974841
0.0955285
0.0934099
0.0911619
0.0888184
0.0864139
0.0839828
0.0815589
0.0791748
0.0768617
0.0746492
0.0725661
0.0706426
0.0689148
0.0674335
0.0662754
0.0655576
0.0654486
0.0661703
0.0679815
0.07114
0.0758471
0.0821896
0.0900972
0.0993343
0.109529
0.120234
0.130993
0.141414
0.151199
0.160161
0.16822
0.175383
0.181718
0.187334
0.192356
0.196913
0.201123
0.205089
0.208894
0.212599
0.216244
0.219851
0.223423
0.226952
0.230416
0.233788
0.237033
0.240116
0.243001
0.245655
0.248049
0.250157
0.251961
0.253448
0.254614
0.255457
0.255984
0.256207
0.256143
0.255814
0.255245
0.254466
0.25351
0.25241
0.251203
0.249927
0.248621
0.247326
0.246091
0.244975
0.244055
0.243436
0.243258
0.243697
0.244952
0.247226
0.250682
0.255408
0.261378
0.268442
0.27634
0.284741
0.293291
0.301665
0.309608
0.316944
0.323583
0.329507
0.334754
0.339397
0.343531
0.347257
0.350672
0.353863
0.356905
0.359854
0.362751
0.36562
0.368472
0.371306
0.37411
0.376864
0.379542
0.382118
0.384561
0.386842
0.388935
0.390817
0.392467
0.393872
0.395023
0.395914
0.396547
0.396927
0.397063
0.39697
0.396664
0.396166
0.3955
0.394689
0.393762
0.392746
0.39167
0.390563
0.389456
0.388382
0.387381
0.386504
0.38582
0.385419
0.38542
0.385962
0.387192
0.389237
0.392183
0.396042
0.400743
0.406132
0.411998
0.418101
0.424208
0.430124
0.435704
0.440858
0.445548
0.449779
0.453585
0.457019
0.460144
0.463021
0.46571
0.468262
0.470716
0.473102
0.475438
0.477733
0.479985
0.482187
0.484325
0.486381
0.488335
0.490166
0.491853
0.493378
0.494725
0.49588
0.496833
0.497578
0.498114
0.49844
0.498561
0.498486
0.498223
0.497787
0.497193
0.496457
0.4956
0.494639
0.493595
0.492485
0.491323
0.490114
0.488854
0.487522
0.486081
0.484481
0.482667
0.480605
0.478306
0.475845
0.473365
0.471052
0.469094
0.467631
0.466715
0.466319
0.46635
0.46669
0.467222
0.467852
0.468515
0.469171
0.469804
0.47041
0.470992
0.471556
0.472112
0.472666
0.473224
0.473794
0.474378
0.47498
0.475601
0.476244
0.476907
0.477589
0.478289
0.479004
0.47973
0.0617266
0.0663399
0.0707629
0.0749432
0.0788359
0.0824039
0.0856183
0.088458
0.0909092
0.0929652
0.0946252
0.0958936
0.0967796
0.097296
0.0974592
0.0972881
0.096804
0.0960301
0.0949917
0.0937153
0.092229
0.0905621
0.0887449
0.0868084
0.0847842
0.0827038
0.0805984
0.0784984
0.0764331
0.07443
0.0725154
0.0707146
0.0690547
0.0675689
0.0663047
0.0653352
0.0647734
0.0647829
0.0655802
0.0674194
0.0705557
0.0751919
0.0814209
0.0891843
0.0982621
0.1083
0.118866
0.129518
0.139869
0.149622
0.158589
0.166682
0.173899
0.180299
0.185979
0.191058
0.195654
0.199881
0.203838
0.207604
0.211242
0.214793
0.218281
0.221715
0.225089
0.228389
0.231592
0.234671
0.237593
0.240329
0.24285
0.245129
0.247145
0.248881
0.250326
0.251475
0.252328
0.252892
0.253177
0.253199
0.252979
0.252541
0.251912
0.25112
0.250199
0.24918
0.248097
0.246986
0.245884
0.244837
0.243898
0.24314
0.242666
0.242609
0.24314
0.244455
0.246752
0.250195
0.254873
0.260767
0.267736
0.275531
0.283834
0.292299
0.300611
0.308515
0.315839
0.322487
0.328438
0.333722
0.338406
0.342579
0.346335
0.349766
0.352955
0.355974
0.358878
0.361708
0.36449
0.367238
0.369952
0.372626
0.375244
0.377784
0.380224
0.382537
0.384699
0.386685
0.388476
0.390054
0.391406
0.392523
0.393403
0.394045
0.394455
0.394641
0.394617
0.394399
0.394005
0.393457
0.392778
0.391993
0.391126
0.390204
0.389253
0.3883
0.387375
0.386516
0.38577
0.385202
0.384901
0.38498
0.385575
0.386829
0.38887
0.391783
0.395585
0.400209
0.40551
0.411287
0.417306
0.423344
0.429206
0.434751
0.439888
0.444576
0.448816
0.452638
0.456089
0.459227
0.46211
0.464793
0.467326
0.469747
0.472084
0.474358
0.476577
0.478744
0.480854
0.482895
0.484853
0.486711
0.488451
0.490056
0.491508
0.492794
0.493902
0.494822
0.495551
0.496085
0.496426
0.496578
0.496548
0.496347
0.495987
0.495481
0.494846
0.4941
0.493259
0.492342
0.491362
0.490331
0.489253
0.48812
0.486909
0.48558
0.484081
0.482357
0.480373
0.478139
0.475731
0.473291
0.471008
0.469073
0.467625
0.46672
0.466332
0.466372
0.46672
0.467261
0.467901
0.468574
0.469241
0.469885
0.470501
0.471092
0.471664
0.472226
0.472784
0.473344
0.473912
0.474491
0.475085
0.475695
0.476322
0.476965
0.477624
0.478298
0.478982
0.479675
0.05598
0.0602565
0.0643795
0.0683004
0.0719767
0.0753725
0.0784587
0.0812132
0.0836209
0.0856729
0.0873661
0.0887027
0.0896894
0.0903368
0.090659
0.090673
0.0903982
0.0898562
0.0890701
0.0880649
0.0868665
0.0855022
0.0839998
0.0823878
0.0806947
0.0789489
0.0771785
0.0754104
0.0736702
0.0719823
0.0703694
0.0688538
0.0674596
0.0662171
0.0651709
0.0643908
0.0639859
0.0641151
0.0649899
0.0668598
0.0699773
0.0745462
0.0806651
0.0882867
0.0972055
0.107084
0.117506
0.128042
0.138311
0.148018
0.156974
0.165084
0.172339
0.178788
0.184521
0.189645
0.194272
0.198511
0.202455
0.206182
0.209754
0.213212
0.216585
0.219883
0.223108
0.226248
0.229287
0.232201
0.234967
0.237557
0.239948
0.242116
0.244043
0.245715
0.247121
0.248259
0.249127
0.249733
0.250087
0.250203
0.250099
0.249798
0.249325
0.248705
0.247968
0.247141
0.246256
0.245344
0.244438
0.243579
0.242818
0.242225
0.241894
0.241958
0.242582
0.243958
0.246281
0.249713
0.254345
0.260164
0.267038
0.27473
0.282931
0.291308
0.29955
0.307409
0.314709
0.321356
0.327322
0.332632
0.337348
0.34155
0.345328
0.348769
0.351952
0.354945
0.357803
0.360566
0.363263
0.365908
0.368506
0.371052
0.373536
0.375941
0.378246
0.380432
0.382476
0.384358
0.386061
0.387568
0.388869
0.389957
0.390828
0.391483
0.391928
0.392169
0.39222
0.392095
0.391811
0.391387
0.390845
0.390206
0.389493
0.388728
0.387935
0.387138
0.386365
0.385649
0.385035
0.384584
0.384382
0.384539
0.385187
0.386467
0.388506
0.391388
0.395133
0.399681
0.404895
0.410581
0.416514
0.422476
0.428278
0.43378
0.43889
0.443566
0.447805
0.451633
0.455091
0.458235
0.461117
0.46379
0.4663
0.468685
0.470973
0.473184
0.475329
0.477412
0.479431
0.481377
0.483239
0.485003
0.486655
0.488178
0.48956
0.490788
0.491851
0.492742
0.493456
0.493993
0.494353
0.494541
0.494563
0.494429
0.49415
0.493739
0.493211
0.492582
0.491866
0.491079
0.490233
0.489337
0.488392
0.487388
0.486298
0.485081
0.483684
0.482049
0.480142
0.477973
0.475617
0.473218
0.470965
0.469051
0.467618
0.466725
0.466345
0.466392
0.466748
0.467298
0.467947
0.468629
0.469306
0.469959
0.470584
0.471183
0.471762
0.472329
0.472889
0.473449
0.474014
0.474587
0.47517
0.475767
0.476376
0.476998
0.477633
0.478277
0.47893
0.479588
0.0503008
0.0542266
0.0580333
0.0616769
0.0651178
0.0683219
0.071261
0.0739129
0.0762613
0.078296
0.0800119
0.0814091
0.082492
0.0832689
0.0837516
0.0839548
0.0838956
0.0835933
0.0830691
0.0823452
0.0814455
0.0803944
0.0792171
0.077939
0.0765856
0.0751819
0.0737526
0.0723211
0.0709097
0.0695392
0.0682293
0.0669993
0.0658706
0.0648707
0.0640415
0.06345
0.0632015
0.0634507
0.0644043
0.0663071
0.0694092
0.0739148
0.079928
0.0874112
0.0961731
0.105892
0.116166
0.126578
0.136754
0.146403
0.155331
0.163442
0.170718
0.177201
0.182971
0.188127
0.192776
0.197018
0.200944
0.20463
0.208135
0.211503
0.214763
0.217931
0.22101
0.223995
0.226875
0.229632
0.232246
0.234695
0.236961
0.239023
0.240867
0.242479
0.243853
0.244984
0.245875
0.24653
0.246958
0.247174
0.247194
0.247038
0.246726
0.246283
0.245734
0.245104
0.244419
0.243707
0.242998
0.242329
0.241746
0.241315
0.241129
0.241313
0.24203
0.243467
0.245815
0.249238
0.253827
0.259573
0.266355
0.273944
0.282042
0.290327
0.298494
0.306298
0.313566
0.320201
0.32617
0.331495
0.33623
0.340452
0.344243
0.347686
0.350857
0.353821
0.356631
0.359328
0.36194
0.364484
0.366967
0.369389
0.371743
0.374015
0.376191
0.378253
0.380183
0.381964
0.383581
0.385022
0.386276
0.387338
0.388205
0.388879
0.389363
0.389665
0.389796
0.389769
0.3896
0.389306
0.388905
0.388416
0.387859
0.387254
0.386621
0.385982
0.38536
0.384787
0.384303
0.383969
0.383866
0.384101
0.384803
0.38611
0.388147
0.391
0.394691
0.399164
0.404292
0.409886
0.41573
0.421612
0.427349
0.432799
0.437873
0.442527
0.446755
0.450577
0.454034
0.457174
0.460048
0.462704
0.465187
0.467533
0.46977
0.471918
0.473989
0.47599
0.477919
0.479773
0.481541
0.483215
0.48478
0.486226
0.487541
0.488713
0.489735
0.490601
0.491306
0.491851
0.492235
0.492464
0.492544
0.492483
0.492291
0.491981
0.491565
0.491056
0.49047
0.489817
0.489108
0.488349
0.487538
0.486662
0.485693
0.484589
0.483291
0.481745
0.479914
0.477809
0.475504
0.473145
0.470923
0.46903
0.467612
0.466728
0.466357
0.466411
0.466775
0.467332
0.46799
0.468681
0.469366
0.470028
0.47066
0.471266
0.47185
0.472419
0.47298
0.473538
0.474097
0.474662
0.475234
0.475814
0.476405
0.477004
0.477612
0.478227
0.478847
0.479469
0.0447527
0.0483193
0.0517985
0.0551511
0.0583413
0.0613377
0.0641133
0.0666465
0.0689209
0.0709251
0.0726527
0.0741019
0.0752749
0.0761777
0.0768198
0.0772132
0.0773726
0.0773146
0.0770578
0.0766217
0.0760272
0.0752958
0.0744496
0.0735108
0.0725014
0.0714431
0.070357
0.069263
0.0681802
0.067126
0.0661172
0.0651702
0.0643037
0.0635432
0.062928
0.0625224
0.0624283
0.0627965
0.063829
0.0657666
0.0688565
0.0733034
0.079216
0.0865658
0.0951745
0.104735
0.114859
0.125142
0.135217
0.144794
0.153681
0.161777
0.169057
0.175556
0.181347
0.186521
0.19118
0.195417
0.199319
0.202959
0.206396
0.209675
0.212825
0.215866
0.218805
0.221642
0.224369
0.226975
0.229445
0.231761
0.233909
0.235872
0.237639
0.239199
0.240547
0.24168
0.242599
0.24331
0.243821
0.244143
0.244293
0.244285
0.244141
0.243879
0.243521
0.243088
0.242605
0.242093
0.24158
0.241098
0.240691
0.240421
0.240376
0.240679
0.241487
0.242985
0.245361
0.248775
0.253323
0.259
0.265692
0.273179
0.281175
0.289366
0.297454
0.305197
0.312424
0.319035
0.324996
0.330323
0.335067
0.339297
0.343092
0.346529
0.349681
0.352612
0.355371
0.358
0.360528
0.362973
0.365345
0.367647
0.369874
0.372019
0.37407
0.376012
0.377833
0.379518
0.381055
0.382434
0.383647
0.384688
0.385557
0.386253
0.386782
0.387151
0.387367
0.387444
0.387395
0.387233
0.386977
0.38664
0.386242
0.385797
0.385324
0.384841
0.384369
0.383937
0.383583
0.383364
0.383358
0.38367
0.384426
0.38576
0.387797
0.390623
0.394261
0.398664
0.403706
0.409208
0.414964
0.420763
0.426428
0.431821
0.436851
0.441473
0.445678
0.449485
0.452929
0.456056
0.458913
0.461546
0.463997
0.4663
0.468484
0.470567
0.472565
0.474485
0.476327
0.478091
0.479769
0.481355
0.482839
0.484212
0.485463
0.486585
0.487571
0.488416
0.489118
0.489675
0.49009
0.490366
0.490509
0.490526
0.490427
0.490223
0.489923
0.48954
0.489085
0.488568
0.487997
0.487375
0.486698
0.48595
0.485101
0.484107
0.482908
0.481449
0.479692
0.477649
0.475394
0.473074
0.470881
0.469009
0.467605
0.466732
0.466368
0.466429
0.4668
0.467364
0.468029
0.468728
0.469421
0.47009
0.470728
0.471338
0.471925
0.472496
0.473055
0.473609
0.474162
0.474716
0.475274
0.475838
0.476407
0.476983
0.477563
0.478147
0.478732
0.479318
0.0394078
0.0426133
0.0457599
0.0488138
0.0517432
0.0545199
0.0571192
0.0595205
0.0617079
0.0636695
0.0653978
0.0668895
0.068145
0.0691679
0.0699653
0.0705465
0.0709236
0.0711101
0.0711216
0.0709746
0.0706869
0.0702765
0.0697621
0.0691625
0.0684962
0.0677814
0.0670356
0.0662754
0.0655164
0.0647731
0.0640593
0.0633889
0.0627785
0.0622512
0.0618442
0.0616194
0.0616757
0.0621602
0.0632709
0.0652444
0.0683253
0.0727184
0.0785365
0.0857595
0.0942205
0.103626
0.113602
0.123753
0.133719
0.143216
0.152049
0.160113
0.16738
0.173879
0.179675
0.184853
0.189508
0.193729
0.1976
0.20119
0.204557
0.207747
0.21079
0.213709
0.216514
0.21921
0.221793
0.224257
0.226591
0.228783
0.230821
0.232695
0.234393
0.23591
0.23724
0.238382
0.239338
0.240111
0.240711
0.241146
0.241429
0.241575
0.2416
0.24152
0.241354
0.241119
0.240835
0.240521
0.2402
0.239902
0.239666
0.239552
0.239645
0.240063
0.240961
0.242518
0.244922
0.24833
0.25284
0.258452
0.265057
0.272446
0.280341
0.288437
0.296442
0.304119
0.311297
0.317876
0.323818
0.329136
0.333876
0.338103
0.341891
0.345313
0.34844
0.351332
0.354038
0.356598
0.359041
0.361389
0.363654
0.36584
0.367946
0.36997
0.371901
0.373731
0.37545
0.377045
0.378509
0.379832
0.38101
0.382037
0.382913
0.383638
0.384218
0.384657
0.384964
0.385148
0.385221
0.385195
0.385084
0.384901
0.38466
0.384375
0.38406
0.38373
0.383406
0.383111
0.382883
0.382776
0.382865
0.383252
0.38406
0.385422
0.38746
0.39026
0.39385
0.398184
0.403144
0.408557
0.414223
0.419939
0.425529
0.430858
0.435837
0.440418
0.444591
0.448372
0.451794
0.454898
0.457729
0.460332
0.462744
0.465
0.467128
0.469147
0.471071
0.472911
0.474669
0.476346
0.477939
0.479443
0.48085
0.482154
0.483348
0.484426
0.485382
0.486212
0.486916
0.487492
0.487943
0.488271
0.488483
0.488584
0.488582
0.488487
0.488307
0.488051
0.487729
0.487349
0.486915
0.486429
0.485883
0.485261
0.484529
0.483641
0.482539
0.481163
0.479478
0.477494
0.475288
0.473006
0.47084
0.468988
0.467598
0.466735
0.466378
0.466446
0.466822
0.467394
0.468065
0.46877
0.46947
0.470144
0.470788
0.471401
0.47199
0.472559
0.473116
0.473664
0.474208
0.47475
0.475293
0.475837
0.476384
0.476934
0.477485
0.478037
0.478588
0.479136
0.034347
0.0371972
0.0400137
0.042768
0.0454331
0.0479841
0.050399
0.0526592
0.0547493
0.0566578
0.0583766
0.0599011
0.06123
0.062365
0.0633104
0.0640732
0.0646623
0.0650884
0.0653636
0.0655011
0.0655153
0.0654207
0.0652323
0.0649655
0.064635
0.0642555
0.0638411
0.0634049
0.0629595
0.0625165
0.062087
0.0616826
0.0613178
0.0610139
0.0608062
0.0607545
0.060955
0.0615514
0.062738
0.0647476
0.0678224
0.0721672
0.077898
0.0850022
0.0933235
0.10258
0.112411
0.122431
0.132286
0.141694
0.150462
0.158482
0.165722
0.172204
0.177989
0.183156
0.187795
0.19199
0.195821
0.199355
0.202651
0.205752
0.208691
0.211493
0.214172
0.216735
0.219184
0.221516
0.223725
0.225804
0.227744
0.229538
0.231179
0.232661
0.233983
0.235142
0.236141
0.236984
0.237677
0.238229
0.238649
0.23895
0.239144
0.239245
0.239268
0.239226
0.239136
0.239014
0.238879
0.238757
0.238686
0.238722
0.238946
0.239475
0.240458
0.242074
0.244504
0.247909
0.252384
0.257934
0.264458
0.271753
0.279551
0.287553
0.295476
0.303084
0.310207
0.316745
0.322659
0.327957
0.332682
0.336895
0.340665
0.344065
0.347159
0.350006
0.352655
0.355145
0.357506
0.35976
0.36192
0.363996
0.365988
0.367897
0.369718
0.371444
0.373067
0.374582
0.37598
0.377256
0.378405
0.379424
0.380314
0.381074
0.381709
0.382223
0.382623
0.382916
0.383113
0.383223
0.383256
0.383224
0.383138
0.383008
0.382846
0.382666
0.382483
0.382321
0.382214
0.382213
0.382393
0.382852
0.383711
0.3851
0.38714
0.389918
0.393462
0.397731
0.402613
0.407941
0.41352
0.419152
0.424666
0.429928
0.434849
0.439382
0.443515
0.447261
0.450651
0.453723
0.45652
0.459084
0.461453
0.463658
0.465727
0.467679
0.469532
0.471294
0.472971
0.474566
0.476079
0.477505
0.478842
0.480084
0.481227
0.482267
0.483199
0.484022
0.484734
0.485335
0.485827
0.486214
0.486498
0.486687
0.486785
0.486801
0.486741
0.486613
0.486423
0.486177
0.485878
0.485524
0.485106
0.484604
0.483984
0.483199
0.482188
0.480892
0.479275
0.477348
0.475187
0.47294
0.470801
0.468968
0.467591
0.466737
0.466388
0.466461
0.466843
0.46742
0.468097
0.468808
0.469513
0.470192
0.470839
0.471454
0.472042
0.47261
0.473162
0.473702
0.474235
0.474764
0.47529
0.475814
0.476338
0.476861
0.477382
0.477901
0.478417
0.478928
0.0296599
0.0321696
0.0346673
0.0371298
0.0395348
0.0418612
0.04409
0.0462047
0.0481915
0.0500392
0.0517396
0.0532873
0.0546796
0.0559162
0.0569993
0.057933
0.0587235
0.0593781
0.0599057
0.0603161
0.06062
0.0608283
0.0609524
0.061004
0.0609943
0.0609344
0.0608351
0.0607065
0.0605579
0.0603985
0.060237
0.0600828
0.0599487
0.0598542
0.0598333
0.0599436
0.0602793
0.0609811
0.0622397
0.0642848
0.067356
0.071658
0.0773098
0.0843051
0.092497
0.101615
0.111307
0.121199
0.130943
0.14026
0.148955
0.156921
0.164121
0.170574
0.176334
0.181477
0.186087
0.190245
0.194029
0.197504
0.200726
0.203739
0.206579
0.20927
0.211831
0.214272
0.216598
0.21881
0.220907
0.222885
0.22474
0.226466
0.22806
0.229519
0.230841
0.232025
0.233074
0.233991
0.23478
0.23545
0.236006
0.23646
0.23682
0.237096
0.237301
0.237445
0.23754
0.237599
0.23764
0.237685
0.237769
0.237945
0.238293
0.238925
0.239989
0.241659
0.244116
0.247518
0.251962
0.257456
0.263904
0.271113
0.278818
0.286731
0.294573
0.30211
0.309176
0.315668
0.321546
0.326815
0.331516
0.335705
0.339449
0.342817
0.345873
0.348671
0.35126
0.353679
0.355959
0.358122
0.360184
0.362156
0.364043
0.365846
0.367565
0.369196
0.370735
0.372178
0.37352
0.374756
0.375885
0.376904
0.377812
0.378612
0.379306
0.379897
0.380391
0.380794
0.381113
0.381355
0.381529
0.381642
0.381704
0.381723
0.381707
0.381667
0.381618
0.38158
0.381587
0.381687
0.381951
0.382478
0.383384
0.3848
0.386843
0.3896
0.393103
0.397313
0.402122
0.40737
0.412866
0.418417
0.423856
0.429049
0.43391
0.43839
0.442476
0.446179
0.449529
0.452562
0.455318
0.457838
0.460157
0.462308
0.464316
0.466202
0.467984
0.469671
0.471272
0.47279
0.474228
0.475584
0.476858
0.478046
0.479146
0.480155
0.481071
0.481892
0.482618
0.48325
0.483788
0.484236
0.484596
0.484874
0.485073
0.485198
0.485257
0.485253
0.485191
0.485074
0.484904
0.484676
0.484378
0.483991
0.483477
0.482787
0.481861
0.48064
0.479086
0.477212
0.475093
0.47288
0.470765
0.46895
0.467585
0.466739
0.466396
0.466475
0.466862
0.467443
0.468126
0.468841
0.469551
0.470233
0.470881
0.471497
0.472084
0.472648
0.473194
0.473725
0.474247
0.474761
0.475269
0.475772
0.476272
0.476768
0.477259
0.477746
0.478228
0.478702
0.025445
0.0276394
0.0298398
0.0320282
0.0341867
0.0362981
0.0383466
0.0403182
0.0422005
0.0439835
0.045659
0.0472211
0.0486659
0.0499917
0.0511985
0.0522879
0.0532632
0.0541287
0.05489
0.0555534
0.0561261
0.0566155
0.0570295
0.0573761
0.0576631
0.0578984
0.0580896
0.0582438
0.0583679
0.0584683
0.0585518
0.0586261
0.0587022
0.0587985
0.0589474
0.0592052
0.0596639
0.060462
0.0617869
0.0638656
0.0669353
0.0712005
0.0767827
0.083681
0.0917564
0.100748
0.110313
0.120085
0.129722
0.138948
0.147569
0.155475
0.162626
0.169039
0.174763
0.179872
0.184444
0.188558
0.192289
0.195701
0.198849
0.201778
0.204524
0.207113
0.209566
0.211896
0.214112
0.216219
0.218218
0.22011
0.221893
0.223565
0.225124
0.226569
0.227899
0.229114
0.230217
0.231209
0.232095
0.23288
0.233568
0.234167
0.234684
0.235126
0.235501
0.235817
0.236083
0.23631
0.236512
0.23671
0.236935
0.237239
0.237699
0.238425
0.239563
0.241283
0.243765
0.247165
0.251582
0.257027
0.263408
0.270537
0.278159
0.285989
0.293753
0.301223
0.30823
0.314673
0.32051
0.325745
0.330414
0.334572
0.338284
0.341615
0.344627
0.347373
0.349902
0.352252
0.354454
0.356531
0.358503
0.360379
0.36217
0.363878
0.365507
0.367055
0.36852
0.369902
0.371197
0.372403
0.373519
0.374543
0.375476
0.376318
0.377072
0.37774
0.378326
0.378834
0.379269
0.379637
0.379943
0.380193
0.380393
0.380548
0.380667
0.380756
0.38083
0.380906
0.381016
0.381207
0.381549
0.382137
0.383088
0.384527
0.386574
0.389314
0.392781
0.396937
0.401681
0.406855
0.412274
0.417751
0.423117
0.428244
0.433044
0.437468
0.441504
0.445161
0.448465
0.451453
0.454164
0.456635
0.458902
0.460996
0.462944
0.464766
0.466479
0.468096
0.469625
0.471074
0.472444
0.473739
0.474957
0.4761
0.477164
0.47815
0.479057
0.479883
0.480628
0.481294
0.481881
0.482391
0.482827
0.483192
0.483488
0.48372
0.483891
0.484005
0.484063
0.484067
0.484016
0.483904
0.483718
0.483434
0.483017
0.482415
0.481566
0.480412
0.478916
0.477088
0.475009
0.472825
0.470732
0.468933
0.467579
0.466741
0.466403
0.466486
0.466878
0.467464
0.46815
0.46887
0.469582
0.470266
0.470916
0.471531
0.472116
0.472675
0.473214
0.473736
0.474245
0.474744
0.475234
0.475717
0.476193
0.476662
0.477125
0.477581
0.478029
0.478469
0.0218108
0.0237263
0.0256624
0.0276054
0.0295416
0.0314576
0.0333406
0.0351789
0.0369621
0.0386811
0.0403283
0.0418974
0.0433839
0.0447845
0.0460975
0.0473223
0.0484596
0.0495109
0.0504787
0.0513661
0.052177
0.0529156
0.0535864
0.0541941
0.0547435
0.0552395
0.0556868
0.05609
0.0564536
0.056782
0.0570802
0.0573543
0.0576141
0.0578768
0.0581739
0.0585603
0.0591265
0.0600088
0.0613922
0.063501
0.0665708
0.0708056
0.0763288
0.083144
0.0911189
0.1
0.109454
0.119119
0.128658
0.137799
0.146347
0.154192
0.161292
0.167659
0.173343
0.17841
0.182939
0.187006
0.190682
0.194032
0.197109
0.19996
0.20262
0.205118
0.207475
0.20971
0.211832
0.213849
0.215767
0.217588
0.219313
0.220943
0.222478
0.223917
0.225262
0.226512
0.227669
0.228735
0.229712
0.230603
0.231413
0.232145
0.232803
0.233394
0.233921
0.23439
0.234809
0.235184
0.235528
0.235859
0.236208
0.236623
0.237181
0.23799
0.239191
0.240955
0.243459
0.246859
0.251254
0.256657
0.262979
0.27004
0.277589
0.285345
0.293041
0.300447
0.307399
0.313795
0.31959
0.324788
0.329423
0.333546
0.337222
0.340513
0.343479
0.346175
0.348645
0.35093
0.35306
0.35506
0.356949
0.358742
0.360449
0.362075
0.363626
0.365104
0.366508
0.36784
0.369099
0.370283
0.371393
0.372427
0.373387
0.374272
0.375084
0.375824
0.376496
0.3771
0.377642
0.378123
0.378548
0.37892
0.379242
0.379519
0.379756
0.37996
0.380141
0.380317
0.380517
0.380788
0.381198
0.38184
0.382829
0.38429
0.38634
0.389066
0.392501
0.396613
0.4013
0.40641
0.411762
0.41717
0.422472
0.427537
0.432279
0.43665
0.440636
0.444245
0.447503
0.450445
0.453108
0.45553
0.457745
0.459785
0.461674
0.463435
0.465085
0.466639
0.468105
0.469492
0.470804
0.472046
0.473219
0.474324
0.475361
0.476332
0.477234
0.478069
0.478838
0.479539
0.480174
0.480745
0.481252
0.481698
0.482085
0.482414
0.482688
0.482907
0.483073
0.483185
0.48324
0.483231
0.483142
0.48295
0.482617
0.482091
0.48131
0.480214
0.478768
0.476981
0.474935
0.472777
0.470704
0.468918
0.467573
0.466742
0.46641
0.466497
0.466892
0.467481
0.468171
0.468893
0.469608
0.470294
0.470943
0.471557
0.472139
0.472693
0.473225
0.473737
0.474235
0.474719
0.475192
0.475655
0.476109
0.476554
0.47699
0.477417
0.477835
0.478244
0.018876
0.0205617
0.0222788
0.0240175
0.0257676
0.0275187
0.029261
0.0309848
0.0326815
0.0343431
0.0359624
0.0375332
0.0390504
0.0405097
0.0419079
0.0432427
0.0445124
0.0457162
0.0468541
0.0479263
0.048934
0.0498784
0.0507612
0.0515845
0.0523505
0.0530613
0.0537194
0.0543274
0.0548876
0.055403
0.055877
0.0563146
0.0567246
0.0571233
0.0575413
0.0580327
0.0586867
0.059638
0.0610696
0.0632037
0.0662745
0.0704855
0.0759617
0.0827101
0.0906037
0.0993951
0.108757
0.118332
0.12779
0.136857
0.145341
0.15313
0.160181
0.166505
0.172146
0.177172
0.181658
0.185679
0.189304
0.192597
0.195612
0.198394
0.200981
0.203402
0.205682
0.207838
0.209884
0.21183
0.213684
0.21545
0.217132
0.218733
0.220253
0.221693
0.223056
0.22434
0.225547
0.226678
0.227735
0.228719
0.229632
0.230476
0.231255
0.231969
0.232623
0.23322
0.233764
0.234261
0.234722
0.235163
0.235613
0.23612
0.236758
0.237634
0.238888
0.240688
0.243211
0.246611
0.250988
0.256357
0.262633
0.269639
0.277127
0.284823
0.292461
0.299814
0.306718
0.313071
0.318829
0.323991
0.328592
0.332682
0.336322
0.339575
0.342499
0.345148
0.347566
0.349793
0.351862
0.353796
0.355617
0.357341
0.358978
0.360538
0.362027
0.363449
0.364806
0.3661
0.367332
0.368502
0.36961
0.370657
0.371642
0.372567
0.37343
0.374234
0.374979
0.375666
0.376298
0.376875
0.377399
0.377872
0.378297
0.378675
0.37901
0.379307
0.379577
0.379834
0.380108
0.380445
0.38091
0.381596
0.382616
0.384095
0.386149
0.388864
0.392275
0.396349
0.400991
0.406049
0.411345
0.416697
0.421943
0.426956
0.431648
0.435972
0.439912
0.443478
0.446693
0.449592
0.452211
0.454588
0.456756
0.458745
0.460583
0.462291
0.463888
0.465387
0.4668
0.468136
0.469402
0.470601
0.471738
0.472815
0.473833
0.474794
0.475697
0.476544
0.477335
0.478069
0.478749
0.479373
0.479943
0.48046
0.480924
0.481335
0.481695
0.482004
0.48226
0.482462
0.482605
0.48268
0.482672
0.482555
0.482291
0.481827
0.481101
0.480053
0.478647
0.476894
0.474874
0.472737
0.47068
0.468906
0.467569
0.466743
0.466415
0.466505
0.466903
0.467495
0.468187
0.468912
0.469628
0.470315
0.470964
0.471576
0.472155
0.472704
0.473229
0.473733
0.47422
0.474691
0.475149
0.475595
0.47603
0.476454
0.476868
0.477271
0.477664
0.478045
0.0167715
0.0182898
0.0198467
0.0214354
0.0230482
0.0246771
0.0263143
0.0279521
0.0295829
0.0311997
0.0327959
0.0343654
0.0359028
0.037403
0.0388617
0.0402754
0.0416408
0.0429553
0.0442168
0.0454237
0.0465748
0.0476694
0.048707
0.0496876
0.0506114
0.0514787
0.0522904
0.0530474
0.0537506
0.0544019
0.0550035
0.0555597
0.0560785
0.0565758
0.0570814
0.057649
0.0583667
0.0593681
0.0608349
0.0629877
0.0660597
0.0702541
0.0756969
0.0823975
0.0902324
0.0989588
0.108253
0.117763
0.127159
0.136171
0.144606
0.152351
0.159362
0.165649
0.171256
0.176248
0.180698
0.18468
0.188264
0.191512
0.194479
0.197209
0.199741
0.202105
0.204327
0.206426
0.208417
0.210313
0.212123
0.213852
0.215505
0.217087
0.2186
0.220045
0.221423
0.222735
0.223982
0.225164
0.226282
0.227336
0.228327
0.229256
0.230123
0.23093
0.231677
0.232368
0.233004
0.23359
0.234136
0.234657
0.235181
0.235754
0.23645
0.237375
0.238667
0.240494
0.24303
0.246431
0.250796
0.256142
0.262385
0.26935
0.276795
0.284447
0.292042
0.299356
0.306224
0.312544
0.318271
0.323405
0.327979
0.332041
0.335652
0.338874
0.341764
0.344376
0.346753
0.348937
0.350958
0.352843
0.354613
0.356285
0.357873
0.359385
0.360829
0.362211
0.363535
0.364803
0.366018
0.36718
0.368289
0.369348
0.370354
0.371309
0.372213
0.373065
0.373865
0.374615
0.375313
0.375961
0.376559
0.377107
0.377607
0.378059
0.378465
0.378831
0.379165
0.379482
0.37981
0.380194
0.380699
0.381418
0.382461
0.383953
0.38601
0.388718
0.392111
0.396159
0.400767
0.405787
0.411043
0.416354
0.421559
0.426532
0.431186
0.435473
0.439379
0.44291
0.446091
0.448955
0.451539
0.453879
0.45601
0.457961
0.459759
0.461427
0.462982
0.464441
0.465815
0.467114
0.468345
0.469515
0.470627
0.471685
0.472691
0.473647
0.474553
0.475411
0.47622
0.476982
0.477696
0.478362
0.47898
0.47955
0.480072
0.480546
0.48097
0.481345
0.481667
0.481935
0.482142
0.48228
0.482331
0.482269
0.482055
0.481636
0.480949
0.479936
0.478559
0.476831
0.474831
0.472709
0.470663
0.468897
0.467566
0.466744
0.466419
0.466511
0.466912
0.467506
0.4682
0.468926
0.469643
0.47033
0.470979
0.47159
0.472166
0.472712
0.473232
0.473729
0.474208
0.474669
0.475116
0.475549
0.475969
0.476378
0.476774
0.477159
0.477533
0.477895
0.0156424
0.0170697
0.0185395
0.0200463
0.0215838
0.0231454
0.0247245
0.0263142
0.0279079
0.0294992
0.0310815
0.0326491
0.0341962
0.0357175
0.0372083
0.038664
0.0400807
0.0414547
0.042783
0.0440627
0.0452915
0.0464675
0.0475891
0.048655
0.0496645
0.0506169
0.0515119
0.0523497
0.0531307
0.0538556
0.0545265
0.0551471
0.0557251
0.0562759
0.0568292
0.0574381
0.0581906
0.0592193
0.0607054
0.0628686
0.0659415
0.0701271
0.0755519
0.0822265
0.0900296
0.0987204
0.107978
0.117452
0.126814
0.135794
0.144201
0.15192
0.158908
0.165173
0.170759
0.17573
0.180158
0.184118
0.187678
0.1909
0.193838
0.196539
0.19904
0.201373
0.203563
0.205632
0.207594
0.209463
0.211249
0.212959
0.214598
0.216172
0.217682
0.21913
0.220519
0.221848
0.223118
0.224329
0.225482
0.226575
0.22761
0.228585
0.229502
0.230359
0.231158
0.2319
0.232586
0.233222
0.233814
0.234379
0.234943
0.235553
0.236281
0.237232
0.238545
0.240387
0.242931
0.246333
0.250692
0.256025
0.26225
0.269195
0.276617
0.284245
0.291817
0.299109
0.305956
0.312258
0.317967
0.323085
0.327642
0.331688
0.335282
0.338486
0.341356
0.343946
0.3463
0.348459
0.350453
0.352311
0.354053
0.355696
0.357256
0.358741
0.360162
0.361522
0.362828
0.364083
0.365289
0.366447
0.367558
0.368623
0.369642
0.370614
0.37154
0.372419
0.373251
0.374034
0.37477
0.375457
0.376096
0.376685
0.377226
0.377718
0.378164
0.378567
0.378936
0.379286
0.379644
0.380053
0.380581
0.381317
0.382374
0.383874
0.385932
0.388636
0.392019
0.396054
0.400644
0.405643
0.410876
0.416165
0.421347
0.426298
0.43093
0.435197
0.439082
0.442593
0.445754
0.448598
0.451162
0.453481
0.45559
0.457519
0.459295
0.460939
0.462472
0.463908
0.465261
0.466539
0.467753
0.468906
0.470006
0.471054
0.472054
0.473008
0.473917
0.474782
0.475603
0.47638
0.477114
0.477803
0.478449
0.479049
0.479603
0.480111
0.480572
0.480983
0.481342
0.481646
0.481889
0.48206
0.482143
0.482111
0.481925
0.48153
0.480866
0.479871
0.478511
0.476795
0.474806
0.472693
0.470653
0.468892
0.467565
0.466745
0.466421
0.466516
0.466917
0.467513
0.468208
0.468935
0.469653
0.47034
0.470989
0.4716
0.472174
0.472718
0.473235
0.473729
0.474203
0.474659
0.475099
0.475525
0.475938
0.476337
0.476725
0.4771
0.477463
0.477815
0.480388
0.48085
0.481314
0.481779
0.482244
0.482709
0.483171
0.48363
0.484085
0.484535
0.484979
0.485416
0.485845
0.486265
0.486676
0.487076
0.487466
0.487844
0.48821
0.488565
0.488906
0.489235
0.48955
0.489853
0.490141
0.490416
0.490678
0.490925
0.491159
0.491379
0.491584
0.491774
0.491949
0.492108
0.492249
0.492373
0.492477
0.492559
0.492616
0.492647
0.480361
0.480802
0.481246
0.481689
0.482132
0.482574
0.483013
0.483449
0.48388
0.484306
0.484726
0.485139
0.485544
0.48594
0.486328
0.486705
0.487072
0.487428
0.487773
0.488106
0.488426
0.488735
0.489031
0.489314
0.489585
0.489843
0.490088
0.490319
0.490538
0.490743
0.490934
0.491112
0.491275
0.491422
0.491554
0.491669
0.491765
0.491841
0.491894
0.491922
0.480307
0.480728
0.481149
0.481571
0.481991
0.482409
0.482825
0.483236
0.483643
0.484045
0.48444
0.484829
0.48521
0.485582
0.485945
0.486299
0.486643
0.486976
0.487299
0.48761
0.48791
0.488198
0.488475
0.488739
0.488992
0.489232
0.48946
0.489675
0.489879
0.490069
0.490247
0.490412
0.490563
0.490699
0.490821
0.490927
0.491015
0.491085
0.491134
0.49116
0.480223
0.480622
0.481022
0.48142
0.481817
0.482212
0.482603
0.48299
0.483372
0.483749
0.48412
0.484484
0.48484
0.485188
0.485527
0.485857
0.486178
0.486488
0.486788
0.487078
0.487357
0.487624
0.487881
0.488126
0.488361
0.488583
0.488794
0.488994
0.489182
0.489358
0.489522
0.489674
0.489813
0.489939
0.490051
0.490148
0.490229
0.490293
0.490337
0.490361
0.480107
0.480485
0.480861
0.481236
0.48161
0.48198
0.482346
0.482709
0.483066
0.483418
0.483763
0.484102
0.484433
0.484757
0.485072
0.485378
0.485675
0.485963
0.486241
0.486509
0.486766
0.487014
0.487251
0.487477
0.487693
0.487898
0.488093
0.488277
0.48845
0.488612
0.488762
0.488902
0.489029
0.489144
0.489246
0.489335
0.489409
0.489467
0.489507
0.489529
0.479958
0.480313
0.480667
0.481018
0.481367
0.481712
0.482054
0.482391
0.482724
0.48305
0.48337
0.483684
0.483991
0.484289
0.48458
0.484863
0.485137
0.485402
0.485658
0.485904
0.486141
0.486369
0.486586
0.486794
0.486992
0.487181
0.487359
0.487527
0.487685
0.487833
0.487971
0.488098
0.488214
0.488319
0.488412
0.488492
0.488559
0.488611
0.488648
0.488668
0.479776
0.480108
0.480438
0.480766
0.48109
0.481411
0.481728
0.48204
0.482347
0.482648
0.482944
0.483233
0.483515
0.483789
0.484057
0.484316
0.484567
0.48481
0.485044
0.48527
0.485486
0.485694
0.485893
0.486083
0.486264
0.486435
0.486598
0.486751
0.486895
0.48703
0.487155
0.487271
0.487376
0.487471
0.487555
0.487627
0.487688
0.487735
0.487768
0.487785
0.479564
0.479872
0.480179
0.480482
0.480783
0.481079
0.481371
0.481658
0.481941
0.482217
0.482488
0.482753
0.483011
0.483262
0.483506
0.483743
0.483972
0.484193
0.484407
0.484612
0.484809
0.484998
0.485179
0.485352
0.485516
0.485672
0.485819
0.485959
0.486089
0.486211
0.486325
0.486429
0.486524
0.48661
0.486686
0.486751
0.486805
0.486848
0.486877
0.486893
0.479325
0.479611
0.479894
0.480174
0.480451
0.480723
0.480991
0.481254
0.481512
0.481765
0.482012
0.482254
0.482489
0.482717
0.482939
0.483154
0.483362
0.483563
0.483757
0.483943
0.484122
0.484293
0.484457
0.484613
0.484762
0.484903
0.485037
0.485163
0.485281
0.485391
0.485494
0.485588
0.485674
0.485751
0.48582
0.485878
0.485927
0.485965
0.485991
0.486005
0.479069
0.479333
0.479594
0.479851
0.480104
0.480354
0.480599
0.480839
0.481074
0.481304
0.481529
0.481748
0.481961
0.482169
0.48237
0.482565
0.482753
0.482935
0.48311
0.483279
0.483441
0.483596
0.483744
0.483886
0.48402
0.484148
0.484269
0.484383
0.48449
0.48459
0.484682
0.484767
0.484845
0.484915
0.484976
0.485029
0.485073
0.485107
0.48513
0.485143
0.478808
0.479051
0.47929
0.479526
0.479758
0.479986
0.48021
0.480429
0.480643
0.480852
0.481056
0.481255
0.481449
0.481637
0.481819
0.481995
0.482166
0.482331
0.482489
0.482642
0.482789
0.482929
0.483064
0.483192
0.483314
0.48343
0.483539
0.483643
0.48374
0.48383
0.483914
0.483991
0.484062
0.484125
0.48418
0.484228
0.484268
0.484298
0.48432
0.484331
0.478557
0.478781
0.479002
0.479219
0.479432
0.479641
0.479845
0.480045
0.480241
0.480432
0.480618
0.480799
0.480975
0.481146
0.481312
0.481472
0.481628
0.481777
0.481922
0.482061
0.482194
0.482322
0.482445
0.482562
0.482673
0.482779
0.482879
0.482974
0.483062
0.483145
0.483222
0.483292
0.483356
0.483414
0.483465
0.483508
0.483544
0.483572
0.483591
0.483602
0.478337
0.478546
0.478751
0.478952
0.479149
0.479342
0.479531
0.479715
0.479896
0.480071
0.480242
0.480409
0.480571
0.480728
0.48088
0.481028
0.48117
0.481308
0.481441
0.481569
0.481692
0.48181
0.481923
0.482031
0.482134
0.482232
0.482324
0.482411
0.482493
0.48257
0.482641
0.482706
0.482766
0.482819
0.482866
0.482906
0.482939
0.482965
0.482983
0.482992
0.478171
0.478368
0.478562
0.478751
0.478937
0.479118
0.479295
0.479468
0.479637
0.479802
0.479962
0.480118
0.480269
0.480416
0.480559
0.480697
0.480831
0.48096
0.481085
0.481205
0.48132
0.481431
0.481537
0.481639
0.481735
0.481827
0.481914
0.481997
0.482074
0.482146
0.482213
0.482275
0.482331
0.482381
0.482426
0.482463
0.482495
0.482519
0.482536
0.482545
0.478082
0.478273
0.47846
0.478644
0.478823
0.478998
0.479169
0.479336
0.479498
0.479657
0.479811
0.479961
0.480107
0.480249
0.480386
0.480519
0.480648
0.480772
0.480892
0.481008
0.48112
0.481226
0.481329
0.481427
0.48152
0.481609
0.481694
0.481773
0.481848
0.481918
0.481983
0.482042
0.482097
0.482145
0.482188
0.482225
0.482255
0.482279
0.482295
0.482304
2.01837e-05
6.85986e-05
0.000126121
0.000193522
0.000271569
0.000361036
0.000462703
0.000577349
0.000705755
0.000848695
0.00100694
0.00118124
0.00137235
0.001581
0.00180788
0.00205368
0.00231906
0.00260462
0.00291096
0.00323859
0.00358803
0.0039597
0.004354
0.00477124
0.0052117
0.00567555
0.00616295
0.00667392
0.00720847
0.00776648
0.00834779
0.00895214
0.0095792
0.0102286
0.0108998
0.0115922
0.0123054
0.0130386
0.0137913
0.0145631
2.10145e-05
7.14386e-05
0.000131398
0.000201737
0.000283304
0.000376957
0.000483566
0.000604006
0.000739153
0.000889886
0.00105708
0.00124159
0.00144428
0.00166597
0.00190748
0.00216958
0.00245303
0.00275852
0.00308672
0.00343825
0.00381364
0.00421338
0.0046379
0.00508755
0.00556257
0.00606315
0.00658939
0.00714128
0.00771872
0.00832153
0.0089494
0.00960194
0.0102787
0.010979
0.0117023
0.0124477
0.0132144
0.0140016
0.0148085
0.0156342
2.25547e-05
7.67031e-05
0.000141179
0.000216967
0.00030506
0.000406475
0.000522249
0.000653433
0.000801087
0.000966278
0.00115007
0.00135353
0.0015777
0.00182362
0.00209228
0.00238464
0.00270164
0.00304414
0.00341296
0.00380884
0.00423243
0.00468431
0.00516496
0.00567476
0.00621396
0.00678272
0.00738104
0.00800883
0.00866583
0.00935166
0.0100658
0.0108076
0.0115763
0.0123709
0.0131904
0.0140337
0.0148994
0.0157862
0.0166928
0.017618
2.47045e-05
8.40518e-05
0.000154834
0.000238228
0.000335435
0.000447692
0.00057627
0.000722466
0.0008876
0.001073
0.00128001
0.00150997
0.0017642
0.00204401
0.00235066
0.00268539
0.00304936
0.00344368
0.00386936
0.00432733
0.00481841
0.00534327
0.00590248
0.00649645
0.00712542
0.00778949
0.00848856
0.00922235
0.0099904
0.0107921
0.0116265
0.0124926
0.0133891
0.0143148
0.0152679
0.0162467
0.0172494
0.0182739
0.0193182
0.0203803
2.73765e-05
9.31856e-05
0.000171807
0.000264658
0.000373198
0.000498941
0.000643451
0.000808333
0.000995229
0.0012058
0.00144174
0.00170472
0.00199641
0.00231848
0.00267252
0.00306008
0.00348265
0.00394162
0.00443825
0.00497369
0.00554894
0.00616482
0.00682198
0.00752085
0.00826167
0.00904441
0.00986882
0.0107344
0.0116404
0.0125858
0.0135692
0.0145892
0.0156439
0.0167312
0.017849
0.0189946
0.0201655
0.0213587
0.0225714
0.0238007
3.04933e-05
0.00010384
0.000191608
0.000295495
0.000417264
0.000558753
0.00072187
0.000908584
0.00112092
0.00136092
0.00163069
0.0019323
0.00226785
0.00263938
0.00304891
0.00349836
0.00398957
0.00452426
0.00510401
0.0057302
0.00640403
0.00712648
0.00789828
0.00871989
0.00959145
0.0105128
0.0114836
0.0125028
0.0135695
0.014682
0.0158386
0.0170371
0.0182748
0.0195491
0.0208568
0.0221945
0.0235585
0.0249451
0.0263502
0.02777
3.39861e-05
0.000115781
0.0002138
0.00033006
0.000466664
0.000625818
0.000809817
0.00102104
0.00126194
0.00153501
0.0018428
0.00218785
0.00257272
0.00299991
0.00347188
0.00399099
0.00455947
0.00517942
0.00585273
0.00658106
0.00736584
0.00820818
0.00910888
0.0100684
0.0110868
0.0121637
0.0132984
0.0144897
0.015736
0.0170351
0.0183847
0.0197816
0.0212227
0.022704
0.0242216
0.0257709
0.0273474
0.0289459
0.0305613
0.0321886
3.77934e-05
0.000128797
0.000237994
0.000367747
0.000520536
0.000698966
0.000905762
0.00114375
0.00141586
0.00172508
0.00207444
0.00246701
0.00290584
0.00339396
0.0039343
0.00452968
0.0051828
0.00589612
0.00667189
0.00751207
0.00841828
0.00939179
0.0104334
0.0115436
0.0127223
0.0139689
0.0152822
0.0166607
0.018102
0.0196035
0.0211618
0.0227732
0.0244332
0.0261371
0.0278797
0.0296553
0.0314581
0.0332817
0.0351198
0.0369658
4.18603e-05
0.000142702
0.00026384
0.000408014
0.000578105
0.000777149
0.00100833
0.00127497
0.0015805
0.00192843
0.00232234
0.00276585
0.00326256
0.00381603
0.00442973
0.00510697
0.00585091
0.00666445
0.00755017
0.00851033
0.00954676
0.0106609
0.0118535
0.013125
0.014475
0.0159027
0.0174066
0.0189843
0.020633
0.0223492
0.0241285
0.0259663
0.027857
0.0297948
0.031773
0.0337849
0.0358231
0.0378802
0.0399482
0.0420192
4.61376e-05
0.000157326
0.000291027
0.000450375
0.000638676
0.000859426
0.0011163
0.00141313
0.00175388
0.00214265
0.00258357
0.00308085
0.00363867
0.00426116
0.00495235
0.00571609
0.00655599
0.0074754
0.00847727
0.00956413
0.010738
0.0120004
0.0133522
0.0147935
0.0163239
0.0179419
0.0196455
0.0214319
0.0232974
0.0252374
0.0272468
0.0293196
0.0314491
0.033628
0.0358486
0.0381026
0.0403813
0.0426757
0.0449764
0.0472742
5.05811e-05
0.00017252
0.000319274
0.000494392
0.000701626
0.00094495
0.00122855
0.0015568
0.00193425
0.00236555
0.00285546
0.0034088
0.00403035
0.00472485
0.0054969
0.00635089
0.00729094
0.00832082
0.00944385
0.0106628
0.01198
0.0133969
0.0149143
0.0165322
0.0182497
0.020065
0.0219755
0.0239775
0.0260664
0.0282367
0.0304821
0.0327952
0.0351682
0.0375924
0.0400585
0.0425568
0.0450771
0.0476089
0.0501415
0.0526639
5.51513e-05
0.000188147
0.000348329
0.000539675
0.000766395
0.00103296
0.0013441
0.00170473
0.00211999
0.00259516
0.00313563
0.00374682
0.00443418
0.00520304
0.00605861
0.00700583
0.00804933
0.0091933
0.0104414
0.0117968
0.0132617
0.0148378
0.0165258
0.0183252
0.020235
0.0222527
0.0243749
0.0265972
0.0289138
0.0313183
0.0338029
0.0363591
0.0389775
0.0416479
0.0443595
0.0471012
0.049861
0.0526271
0.0553873
0.0581289
5.98129e-05
0.000204087
0.000377969
0.000585873
0.000832484
0.00112279
0.00146204
0.00185576
0.00230969
0.00282973
0.00342191
0.00409233
0.00484705
0.00569206
0.00663317
0.00767588
0.00882533
0.0100861
0.0114623
0.0129572
0.0145733
0.016312
0.018174
0.0201585
0.022264
0.0244873
0.0268243
0.0292694
0.0318161
0.0344563
0.0371811
0.0399805
0.0428435
0.0457585
0.048713
0.0516943
0.054689
0.0576835
0.0606643
0.0636171
6.45348e-05
0.000220233
0.000407994
0.000632674
0.000899445
0.00121381
0.00158159
0.00200889
0.00250206
0.00306767
0.00371239
0.00444298
0.00526619
0.00618863
0.00721672
0.00835653
0.0096137
0.0109933
0.0124996
0.0141362
0.0159056
0.0178093
0.0198475
0.0220193
0.0243224
0.026753
0.0293061
0.031975
0.0347518
0.0376274
0.0405913
0.043632
0.0467368
0.0498925
0.053085
0.0562999
0.0595224
0.0627373
0.0659295
0.0690835
6.92895e-05
0.000236491
0.000438226
0.000679804
0.000966884
0.0013055
0.00170204
0.0021632
0.00269599
0.00330759
0.00400537
0.00479676
0.00568917
0.00668987
0.00780589
0.00904387
0.0104099
0.0119095
0.0135473
0.0153269
0.017251
0.0193209
0.0215366
0.0238966
0.0263981
0.0290363
0.0318054
0.0346974
0.0377032
0.0408122
0.0440123
0.0472904
0.0506323
0.054023
0.0574468
0.0608875
0.0643289
0.0677543
0.0711472
0.0744906
0.0156505
0.017078
0.0185479
0.0200546
0.021592
0.0231533
0.024732
0.0263211
0.0279142
0.0295046
0.0310861
0.0326527
0.0341988
0.035719
0.0372087
0.0386633
0.040079
0.041452
0.0427792
0.044058
0.045286
0.0464612
0.0475821
0.0486475
0.0496565
0.0506086
0.0515034
0.0523411
0.053122
0.053847
0.0545181
0.055139
0.0557173
0.0562685
0.0568222
0.0574316
0.0581845
0.0592137
0.0607001
0.0628635
0.0659364
0.0701219
0.0755465
0.0822207
0.0900231
0.0987132
0.10797
0.117442
0.126803
0.135783
0.144188
0.151906
0.158893
0.165156
0.170741
0.17571
0.180138
0.184096
0.187655
0.190876
0.193814
0.196515
0.199015
0.201348
0.203539
0.205607
0.20757
0.209439
0.211225
0.212936
0.214576
0.21615
0.217661
0.21911
0.220499
0.221829
0.2231
0.224312
0.225465
0.226559
0.227595
0.228571
0.229488
0.230346
0.231146
0.231888
0.232575
0.233211
0.233804
0.23437
0.234935
0.235545
0.236274
0.237226
0.23854
0.240382
0.242928
0.24633
0.25069
0.256024
0.26225
0.269195
0.276618
0.284246
0.291818
0.29911
0.305958
0.312259
0.317968
0.323085
0.327642
0.331687
0.335281
0.338483
0.341353
0.343942
0.346296
0.348453
0.350447
0.352304
0.354045
0.355689
0.357247
0.358732
0.360152
0.361512
0.362817
0.364071
0.365276
0.366434
0.367545
0.368609
0.369628
0.3706
0.371525
0.372404
0.373235
0.374019
0.374755
0.375442
0.376081
0.37667
0.377212
0.377704
0.378151
0.378555
0.378925
0.379275
0.379634
0.380044
0.380573
0.38131
0.382367
0.383867
0.385926
0.38863
0.392014
0.396048
0.400638
0.405637
0.41087
0.416157
0.421339
0.426289
0.430921
0.435187
0.439071
0.442581
0.445741
0.448585
0.451148
0.453467
0.455575
0.457504
0.459279
0.460923
0.462456
0.463892
0.465245
0.466524
0.467737
0.468891
0.469991
0.47104
0.47204
0.472995
0.473904
0.474769
0.475591
0.476369
0.477103
0.477793
0.478439
0.479039
0.479594
0.480103
0.480563
0.480975
0.481334
0.481639
0.481882
0.482054
0.482137
0.482106
0.48192
0.481526
0.480862
0.479868
0.478508
0.476793
0.474804
0.472691
0.470653
0.468892
0.467565
0.466746
0.466423
0.466518
0.466919
0.467515
0.468211
0.468939
0.469657
0.470345
0.470994
0.471605
0.47218
0.472724
0.473241
0.473735
0.47421
0.474666
0.475107
0.475533
0.475946
0.476346
0.476734
0.477109
0.477473
0.477825
0.0167952
0.0183141
0.0198713
0.02146
0.0230723
0.0247004
0.0263363
0.0279724
0.0296012
0.0312157
0.0328093
0.034376
0.0359103
0.0374074
0.038863
0.0402735
0.0416357
0.0429472
0.0442058
0.04541
0.0465586
0.047651
0.0486866
0.0496656
0.050588
0.0514544
0.0522654
0.0530219
0.0537251
0.0543766
0.0549787
0.0555356
0.0560555
0.0565539
0.0570608
0.0576297
0.0583488
0.0593514
0.0608192
0.0629727
0.0660449
0.070239
0.0756809
0.0823801
0.0902131
0.0989372
0.108229
0.117736
0.127129
0.136137
0.144568
0.152309
0.159317
0.1656
0.171203
0.176191
0.180637
0.184616
0.188198
0.191444
0.194408
0.197137
0.199668
0.202032
0.204254
0.206353
0.208346
0.210243
0.212053
0.213784
0.21544
0.217024
0.218538
0.219985
0.221366
0.22268
0.223929
0.225113
0.226233
0.22729
0.228283
0.229214
0.230083
0.230891
0.231641
0.232333
0.232971
0.23356
0.234108
0.234631
0.235157
0.235733
0.236431
0.237358
0.238652
0.240481
0.24302
0.246423
0.250791
0.256138
0.262384
0.269351
0.276798
0.284451
0.292047
0.299361
0.306228
0.312547
0.318273
0.323406
0.327977
0.332038
0.335647
0.338867
0.341755
0.344364
0.34674
0.348921
0.350941
0.352824
0.354592
0.356263
0.357848
0.359358
0.3608
0.362181
0.363503
0.364769
0.365982
0.367142
0.36825
0.369307
0.370312
0.371266
0.372169
0.37302
0.37382
0.37457
0.375268
0.375917
0.376515
0.377065
0.377565
0.378019
0.378427
0.378795
0.379131
0.37945
0.379781
0.380167
0.380675
0.381396
0.382441
0.383935
0.385993
0.388701
0.392094
0.396142
0.400749
0.405768
0.411023
0.416332
0.421535
0.426506
0.431158
0.435443
0.439346
0.442875
0.446054
0.448916
0.451498
0.453836
0.455965
0.457915
0.459713
0.461379
0.462935
0.464393
0.465768
0.467067
0.4683
0.46947
0.470584
0.471643
0.47265
0.473607
0.474515
0.475374
0.476185
0.476948
0.477663
0.478331
0.47895
0.479521
0.480045
0.480519
0.480945
0.481321
0.481645
0.481914
0.482122
0.482261
0.482313
0.482253
0.48204
0.481623
0.480938
0.479926
0.478551
0.476824
0.474825
0.472705
0.470661
0.468896
0.467567
0.466747
0.466423
0.466517
0.466918
0.467514
0.468209
0.468936
0.469655
0.470343
0.470993
0.471605
0.472182
0.472729
0.47325
0.473749
0.474228
0.47469
0.475138
0.475573
0.475994
0.476403
0.476801
0.477187
0.477561
0.477924
0.0189144
0.0206011
0.0223186
0.0240572
0.0258065
0.0275562
0.0292963
0.0310175
0.0327109
0.0343687
0.0359838
0.03755
0.0390624
0.0405167
0.0419098
0.0432394
0.0445041
0.0457031
0.0468362
0.0479042
0.0489078
0.0498486
0.0507284
0.051549
0.0523128
0.0530219
0.0536789
0.0542863
0.0548464
0.0553621
0.0558369
0.0562757
0.0566872
0.0570878
0.0575079
0.0580015
0.0586577
0.0596109
0.0610442
0.0631793
0.0662503
0.0704608
0.0759356
0.0826816
0.0905721
0.0993598
0.108717
0.118288
0.12774
0.136801
0.145279
0.153062
0.160107
0.166424
0.172059
0.177079
0.181559
0.185575
0.189196
0.192485
0.195497
0.198277
0.200863
0.203284
0.205563
0.20772
0.209767
0.211715
0.213572
0.215341
0.217026
0.21863
0.220153
0.221598
0.222963
0.224251
0.225461
0.226596
0.227656
0.228644
0.22956
0.230408
0.231189
0.231907
0.232565
0.233165
0.233712
0.234212
0.234676
0.235121
0.235575
0.236085
0.236727
0.237606
0.238864
0.240668
0.243194
0.246598
0.250979
0.256352
0.262632
0.26964
0.277131
0.284829
0.292468
0.299821
0.306725
0.313076
0.318832
0.323992
0.32859
0.332677
0.336314
0.339563
0.342484
0.345129
0.347544
0.349769
0.351834
0.353765
0.355583
0.357304
0.358938
0.360495
0.361981
0.3634
0.364754
0.366046
0.367275
0.368442
0.369548
0.370593
0.371576
0.372498
0.37336
0.374163
0.374907
0.375594
0.376226
0.376803
0.377329
0.377804
0.37823
0.378611
0.378949
0.379249
0.379522
0.379784
0.380062
0.380402
0.380871
0.38156
0.382584
0.384065
0.386121
0.388837
0.392248
0.396322
0.400962
0.406018
0.411312
0.416662
0.421905
0.426914
0.431603
0.435923
0.439859
0.443421
0.446633
0.449528
0.452144
0.454517
0.456683
0.458671
0.460507
0.462214
0.46381
0.46531
0.466723
0.46806
0.469327
0.470528
0.471667
0.472746
0.473767
0.47473
0.475636
0.476485
0.477278
0.478015
0.478696
0.479323
0.479895
0.480414
0.480879
0.481293
0.481655
0.481965
0.482223
0.482427
0.482572
0.482649
0.482644
0.482529
0.482268
0.481806
0.481082
0.480037
0.478633
0.476883
0.474866
0.472731
0.470676
0.468904
0.46757
0.466747
0.466421
0.466514
0.466914
0.467508
0.468202
0.468929
0.469647
0.470335
0.470987
0.471601
0.472181
0.472732
0.473259
0.473765
0.474253
0.474726
0.475186
0.475634
0.47607
0.476495
0.47691
0.477315
0.477709
0.478092
0.0218631
0.0237799
0.0257164
0.0276592
0.0295942
0.0315081
0.0333881
0.0352228
0.0370015
0.0387154
0.0403568
0.0419198
0.0433997
0.0447936
0.0460997
0.0473177
0.0484482
0.049493
0.0504545
0.0513362
0.0521417
0.0528755
0.053542
0.0541461
0.0546926
0.0551863
0.0556321
0.0560344
0.0563978
0.0567266
0.0570258
0.0573015
0.0575634
0.0578287
0.0581285
0.0585179
0.0590871
0.059972
0.0613576
0.0634677
0.0665379
0.0707718
0.0762929
0.0831049
0.0910755
0.0999516
0.109399
0.119057
0.12859
0.137722
0.146262
0.154099
0.16119
0.167548
0.173223
0.178283
0.182804
0.186864
0.190535
0.19388
0.196954
0.199801
0.202459
0.204957
0.207315
0.20955
0.211674
0.213694
0.215615
0.21744
0.21917
0.220804
0.222344
0.223788
0.225137
0.226392
0.227554
0.228625
0.229606
0.230502
0.231316
0.232052
0.232715
0.23331
0.233841
0.234315
0.234738
0.235117
0.235466
0.235802
0.236156
0.236576
0.237139
0.237952
0.239158
0.240927
0.243437
0.246842
0.251242
0.25665
0.262977
0.270042
0.277594
0.285354
0.29305
0.300457
0.307408
0.313802
0.319594
0.324789
0.329419
0.333538
0.33721
0.340496
0.343458
0.346149
0.348615
0.350896
0.353022
0.355018
0.356904
0.358693
0.360395
0.362018
0.363566
0.365039
0.36644
0.367769
0.369023
0.370204
0.37131
0.372342
0.373298
0.374181
0.37499
0.375729
0.376399
0.377003
0.377545
0.378027
0.378453
0.378827
0.379152
0.379433
0.379674
0.379882
0.380067
0.380248
0.380454
0.38073
0.381145
0.381792
0.382784
0.384249
0.386301
0.389029
0.392465
0.396575
0.401261
0.406368
0.411717
0.417122
0.422419
0.427479
0.432216
0.436583
0.440563
0.444167
0.44742
0.450357
0.453016
0.455434
0.457646
0.459682
0.46157
0.46333
0.46498
0.466533
0.468
0.469388
0.470703
0.471947
0.473122
0.47423
0.475271
0.476245
0.477151
0.477989
0.47876
0.479465
0.480103
0.480677
0.481187
0.481636
0.482025
0.482357
0.482633
0.482855
0.483023
0.483138
0.483196
0.483189
0.483103
0.482915
0.482585
0.482062
0.481284
0.480192
0.478749
0.476967
0.474923
0.472768
0.470699
0.468916
0.467575
0.466747
0.466418
0.466509
0.466907
0.467499
0.468191
0.468916
0.469633
0.470322
0.470974
0.47159
0.472174
0.472731
0.473264
0.473779
0.474279
0.474765
0.475241
0.475706
0.476162
0.476608
0.477046
0.477475
0.477895
0.478305
0.0255102
0.0277061
0.029907
0.0320949
0.0342517
0.0363603
0.0384051
0.040372
0.0422487
0.0440252
0.0456936
0.0472481
0.048685
0.0500025
0.0512008
0.0522819
0.0532488
0.0541064
0.05486
0.0555163
0.0560824
0.0565659
0.0569747
0.0573168
0.0576002
0.0578327
0.0580219
0.058175
0.0582987
0.0583996
0.0584844
0.0585606
0.0586393
0.0587386
0.058891
0.0591524
0.0596148
0.0604161
0.0617437
0.0638239
0.066894
0.071158
0.0767375
0.0836316
0.0917016
0.100686
0.110244
0.120007
0.129635
0.138851
0.147462
0.155357
0.162497
0.168899
0.174613
0.179712
0.184274
0.188381
0.192105
0.195511
0.198655
0.201581
0.204325
0.206913
0.209367
0.211699
0.213918
0.216028
0.218032
0.219928
0.221716
0.223394
0.224959
0.226409
0.227745
0.228967
0.230075
0.231073
0.231965
0.232754
0.233448
0.234053
0.234575
0.235022
0.235402
0.235723
0.235995
0.236228
0.236436
0.236639
0.23687
0.23718
0.237646
0.238378
0.239522
0.241248
0.243736
0.247143
0.251567
0.257018
0.263405
0.27054
0.278166
0.285999
0.293765
0.301235
0.30824
0.314681
0.320515
0.325745
0.330409
0.334562
0.338268
0.341594
0.3446
0.347341
0.349865
0.35221
0.354407
0.35648
0.358446
0.360319
0.362105
0.363809
0.365433
0.366976
0.368438
0.369815
0.371105
0.372307
0.373419
0.374439
0.375368
0.376207
0.376958
0.377624
0.378208
0.378715
0.379151
0.379519
0.379827
0.380079
0.380282
0.380441
0.380564
0.380659
0.380738
0.380821
0.380937
0.381135
0.381483
0.382077
0.383033
0.384476
0.386525
0.389267
0.392734
0.39689
0.401631
0.406803
0.412218
0.417689
0.42305
0.428171
0.432964
0.437383
0.441412
0.445062
0.44836
0.451342
0.454047
0.456514
0.458777
0.460868
0.462813
0.464633
0.466346
0.467963
0.469494
0.470945
0.472318
0.473615
0.474837
0.475983
0.477052
0.478042
0.478952
0.479782
0.480532
0.481202
0.481793
0.482307
0.482746
0.483114
0.483414
0.483649
0.483823
0.483939
0.484001
0.484008
0.483961
0.483852
0.48367
0.48339
0.482977
0.482379
0.481535
0.480385
0.478893
0.47707
0.474995
0.472815
0.470727
0.468931
0.467582
0.466748
0.466415
0.466502
0.466897
0.467487
0.468176
0.468899
0.469615
0.470302
0.470954
0.471572
0.47216
0.472722
0.473263
0.473788
0.4743
0.474801
0.475294
0.475779
0.476257
0.476728
0.477193
0.477651
0.478101
0.478542
0.0297371
0.0322484
0.0347464
0.0372081
0.0396109
0.0419339
0.0441581
0.0462672
0.0482472
0.0500873
0.0517794
0.0533182
0.0547011
0.0559281
0.0570015
0.0579255
0.0587063
0.0593517
0.0598705
0.0602726
0.0605687
0.0607701
0.0608882
0.0609345
0.0609205
0.0608573
0.0607557
0.0606256
0.0604767
0.0603177
0.0601576
0.0600056
0.0598745
0.0597836
0.0597667
0.0598813
0.0602212
0.0609268
0.0621884
0.0642353
0.0673067
0.0716071
0.0772556
0.0842458
0.092431
0.101541
0.111224
0.121106
0.130838
0.140143
0.148826
0.15678
0.163967
0.170406
0.176154
0.181286
0.185885
0.190035
0.19381
0.197279
0.200496
0.203506
0.206344
0.209035
0.211597
0.21404
0.216369
0.218586
0.220688
0.222672
0.224533
0.226266
0.227867
0.229333
0.230661
0.231853
0.232908
0.233831
0.234627
0.235303
0.235866
0.236325
0.236691
0.236974
0.237185
0.237335
0.237436
0.237502
0.237549
0.237601
0.237692
0.237875
0.23823
0.238869
0.23994
0.241618
0.244082
0.247492
0.251944
0.257446
0.263902
0.271116
0.278827
0.286744
0.294587
0.302124
0.309188
0.315677
0.32155
0.326814
0.331508
0.335691
0.339429
0.342791
0.34584
0.348632
0.351216
0.353629
0.355904
0.358061
0.360119
0.362086
0.363967
0.365766
0.36748
0.369106
0.37064
0.372078
0.373414
0.374646
0.37577
0.376784
0.377688
0.378484
0.379174
0.379763
0.380255
0.380656
0.380975
0.381217
0.381393
0.381509
0.381574
0.381597
0.381586
0.381553
0.38151
0.38148
0.381494
0.381601
0.381873
0.382407
0.383319
0.384739
0.386785
0.389545
0.393048
0.397256
0.402063
0.407306
0.412797
0.418343
0.423775
0.428962
0.433815
0.438287
0.442365
0.44606
0.449402
0.452428
0.455178
0.457692
0.460007
0.462154
0.46416
0.466045
0.467826
0.469514
0.471116
0.472637
0.474077
0.475438
0.476715
0.477908
0.479013
0.480027
0.480948
0.481774
0.482505
0.483141
0.483684
0.484136
0.4845
0.484781
0.484984
0.485114
0.485176
0.485176
0.485117
0.485005
0.484838
0.484614
0.484321
0.483938
0.483429
0.482745
0.481824
0.480608
0.47906
0.47719
0.475077
0.472868
0.470759
0.468949
0.467589
0.466748
0.46641
0.466494
0.466885
0.467471
0.468157
0.468877
0.469589
0.470275
0.470927
0.471546
0.472136
0.472703
0.473251
0.473786
0.474311
0.474827
0.475338
0.475844
0.476346
0.476844
0.477338
0.477827
0.47831
0.478786
0.0344353
0.037287
0.0401037
0.0428567
0.045519
0.0480659
0.0504754
0.0527289
0.0548113
0.0567112
0.0584206
0.059935
0.0612534
0.0623776
0.0633122
0.0640641
0.0646425
0.0650582
0.0653235
0.0654518
0.0654573
0.0653549
0.0651597
0.0648869
0.0645516
0.0641682
0.063751
0.0633132
0.0628673
0.0624247
0.0619967
0.0615948
0.0612333
0.0609334
0.0607303
0.0606833
0.0608886
0.0614893
0.0626792
0.0646907
0.0677656
0.0721083
0.0778351
0.0849332
0.0932467
0.102494
0.112314
0.122322
0.132164
0.141559
0.150312
0.158318
0.165543
0.172011
0.177782
0.182936
0.187563
0.191748
0.19557
0.199098
0.202388
0.205486
0.208424
0.211226
0.213906
0.216473
0.218926
0.221263
0.223478
0.225564
0.227511
0.229313
0.230961
0.232452
0.233781
0.234948
0.235954
0.236804
0.237504
0.238063
0.23849
0.238797
0.238998
0.239106
0.239136
0.239101
0.239018
0.238903
0.238775
0.238661
0.238598
0.238641
0.238874
0.239411
0.240402
0.242026
0.244466
0.247879
0.252364
0.257923
0.264455
0.271757
0.279561
0.287567
0.295492
0.303099
0.31022
0.316755
0.322663
0.327955
0.332673
0.336878
0.340641
0.344033
0.347121
0.349961
0.352604
0.355088
0.357443
0.359691
0.361846
0.363916
0.365904
0.367808
0.369623
0.371343
0.372962
0.374471
0.375863
0.377133
0.378277
0.379291
0.380176
0.380931
0.381562
0.382073
0.38247
0.382762
0.382958
0.383068
0.383103
0.383074
0.382991
0.382866
0.38271
0.382536
0.382361
0.382207
0.382108
0.382116
0.382304
0.382771
0.383636
0.38503
0.387074
0.389854
0.393398
0.397665
0.402544
0.407867
0.41344
0.419066
0.424572
0.429826
0.434738
0.439262
0.443386
0.447123
0.450504
0.453568
0.456358
0.458916
0.46128
0.463481
0.465547
0.467498
0.46935
0.471113
0.472793
0.474391
0.475907
0.477338
0.478679
0.479927
0.481076
0.482121
0.483059
0.483887
0.484605
0.485211
0.485709
0.4861
0.486389
0.486582
0.486685
0.486704
0.486648
0.486524
0.486339
0.486097
0.485802
0.485453
0.48504
0.484544
0.48393
0.48315
0.482145
0.480856
0.479245
0.477323
0.475169
0.472928
0.470795
0.468967
0.467596
0.466748
0.466405
0.466483
0.46687
0.467452
0.468134
0.468849
0.469558
0.470241
0.470891
0.471509
0.472101
0.472672
0.473227
0.473771
0.474307
0.474838
0.475367
0.475894
0.47642
0.476945
0.477469
0.47799
0.478508
0.47902
0.0395061
0.0427131
0.0458595
0.0489116
0.0518377
0.0546095
0.0572025
0.0595963
0.061775
0.063727
0.065445
0.0669257
0.0681697
0.0691809
0.0699664
0.0705358
0.0709013
0.0710766
0.0710773
0.0709202
0.070623
0.0702041
0.0696821
0.069076
0.0684043
0.0676852
0.0669362
0.0661741
0.0654143
0.0646715
0.0639592
0.0632915
0.0626846
0.0621617
0.0617597
0.0615402
0.0616017
0.0620909
0.0632051
0.0651805
0.0682613
0.072652
0.0784653
0.0856812
0.0941331
0.103528
0.113491
0.123629
0.133581
0.143062
0.151879
0.159927
0.167178
0.173661
0.179441
0.184606
0.189248
0.193458
0.19732
0.200903
0.204265
0.207451
0.210493
0.213413
0.216221
0.21892
0.221509
0.223978
0.226319
0.228519
0.230566
0.232447
0.234155
0.23568
0.237018
0.238169
0.239132
0.239914
0.240521
0.240963
0.241254
0.241407
0.241439
0.241367
0.241208
0.24098
0.240703
0.240397
0.240084
0.239794
0.239567
0.239462
0.239564
0.239991
0.240898
0.242465
0.244878
0.248297
0.252818
0.258439
0.265053
0.272451
0.280352
0.288452
0.29646
0.304136
0.311311
0.317885
0.323822
0.329132
0.333864
0.338083
0.341862
0.345277
0.348396
0.351281
0.35398
0.356533
0.358971
0.361314
0.363572
0.365753
0.367854
0.369872
0.371798
0.373623
0.375335
0.376925
0.378383
0.3797
0.380871
0.381893
0.382763
0.383484
0.384059
0.384494
0.384797
0.38498
0.385052
0.385026
0.384916
0.384736
0.384498
0.384218
0.383909
0.383587
0.38327
0.382984
0.382766
0.382668
0.382766
0.383161
0.383977
0.385344
0.387386
0.390188
0.393778
0.398109
0.403065
0.408473
0.414133
0.419841
0.425422
0.430742
0.43571
0.440281
0.444445
0.448216
0.451628
0.454723
0.457547
0.460142
0.462549
0.464802
0.466926
0.468944
0.470869
0.47271
0.474471
0.476151
0.477748
0.479257
0.48067
0.48198
0.48318
0.484264
0.485226
0.486063
0.486773
0.487355
0.487811
0.488145
0.488361
0.488467
0.48847
0.488379
0.488204
0.487953
0.487635
0.48726
0.486831
0.48635
0.48581
0.485194
0.484468
0.483587
0.482491
0.481122
0.479444
0.477467
0.475267
0.472992
0.470833
0.468988
0.467604
0.466747
0.466398
0.466471
0.466853
0.46743
0.468106
0.468816
0.46952
0.470198
0.470845
0.471463
0.472055
0.472628
0.473188
0.473739
0.474285
0.474831
0.475376
0.475923
0.476473
0.477025
0.477578
0.478132
0.478685
0.479235
0.0448601
0.0484279
0.0519065
0.0552568
0.058443
0.0614337
0.0642022
0.0667271
0.068992
0.0709857
0.0727021
0.0741395
0.0753002
0.0761906
0.07682
0.0772009
0.0773479
0.077278
0.0770097
0.0765628
0.0759582
0.0752177
0.0743633
0.0734173
0.0724019
0.0713389
0.0702493
0.0691532
0.0680694
0.0670156
0.0660083
0.065064
0.0642014
0.0634456
0.0628357
0.0624358
0.0623473
0.0627205
0.0637567
0.0656962
0.0687857
0.0732297
0.0791366
0.0864784
0.0950768
0.104625
0.114736
0.125004
0.135062
0.144622
0.153492
0.16157
0.168832
0.175314
0.181088
0.186248
0.190893
0.195119
0.199012
0.202645
0.206077
0.209353
0.212502
0.215545
0.218487
0.221328
0.224062
0.226675
0.229152
0.231477
0.233633
0.235606
0.237382
0.238951
0.240308
0.24145
0.242377
0.243097
0.243615
0.243946
0.244103
0.244103
0.243966
0.243711
0.243361
0.242937
0.242461
0.241958
0.241453
0.24098
0.240583
0.240322
0.240287
0.240599
0.241418
0.242926
0.245313
0.248739
0.253298
0.258987
0.265688
0.273185
0.281188
0.289383
0.297472
0.305215
0.312438
0.319044
0.324998
0.330317
0.335052
0.339273
0.343059
0.346488
0.349632
0.352555
0.355307
0.35793
0.360451
0.36289
0.365257
0.367553
0.369775
0.371914
0.373959
0.375896
0.377711
0.37939
0.380921
0.382294
0.3835
0.384535
0.385398
0.386089
0.386613
0.386976
0.38719
0.387264
0.387213
0.387052
0.386796
0.386462
0.386067
0.385627
0.385161
0.384685
0.384222
0.383799
0.383455
0.383246
0.38325
0.383571
0.384334
0.385675
0.387716
0.390543
0.394181
0.398581
0.403618
0.409115
0.414862
0.420654
0.426309
0.431691
0.43671
0.441321
0.445515
0.449311
0.452745
0.455862
0.458711
0.461337
0.463782
0.466081
0.468262
0.470345
0.472344
0.474265
0.47611
0.477878
0.479561
0.481153
0.482643
0.484022
0.48528
0.486409
0.487402
0.488254
0.488962
0.489526
0.489947
0.490228
0.490377
0.490399
0.490305
0.490105
0.48981
0.489432
0.488982
0.488471
0.487905
0.487289
0.486618
0.485876
0.485034
0.484047
0.482856
0.481404
0.479655
0.477619
0.475372
0.473059
0.470873
0.469008
0.467612
0.466746
0.46639
0.466457
0.466834
0.467404
0.468074
0.468778
0.469475
0.470148
0.470791
0.471405
0.471996
0.472569
0.473132
0.473689
0.474245
0.474802
0.475363
0.475929
0.476501
0.477079
0.477661
0.478247
0.478835
0.479422
0.0504163
0.054343
0.0581486
0.0617892
0.0652254
0.0684232
0.0713544
0.0739971
0.0763353
0.0783588
0.0800628
0.0814475
0.0825175
0.0832813
0.0837508
0.0839409
0.0838688
0.083554
0.0830177
0.0822825
0.0813722
0.0803114
0.0791253
0.0778396
0.0764797
0.0750709
0.0736377
0.0722037
0.0707912
0.0694209
0.0681126
0.0668854
0.0657606
0.0647657
0.0639422
0.0633567
0.0631142
0.0633686
0.064326
0.0662307
0.069332
0.0738341
0.0798408
0.0873149
0.0960653
0.105771
0.11603
0.126425
0.136583
0.146214
0.155123
0.163215
0.170472
0.176937
0.182689
0.18783
0.192465
0.196696
0.200613
0.204291
0.207792
0.211158
0.214418
0.217587
0.22067
0.223661
0.226547
0.229312
0.231935
0.234394
0.236669
0.238741
0.240594
0.242216
0.243599
0.24474
0.24564
0.246303
0.24674
0.246964
0.246992
0.246843
0.246539
0.246104
0.245563
0.244941
0.244265
0.243561
0.242862
0.242202
0.241629
0.241208
0.241032
0.241227
0.241955
0.243403
0.245764
0.249199
0.2538
0.259558
0.266351
0.27395
0.282056
0.290345
0.298514
0.306317
0.313581
0.320209
0.326171
0.331486
0.336212
0.340424
0.344206
0.34764
0.350803
0.353759
0.356562
0.359252
0.361858
0.364396
0.366873
0.36929
0.371638
0.373905
0.376075
0.378131
0.380055
0.38183
0.383441
0.384875
0.386122
0.387178
0.388039
0.388706
0.389184
0.389482
0.389609
0.389579
0.389408
0.389114
0.388713
0.388226
0.387673
0.387073
0.386446
0.385814
0.385202
0.384638
0.384165
0.383842
0.383749
0.383994
0.384704
0.386017
0.388058
0.390913
0.394603
0.399073
0.404196
0.409783
0.415619
0.421492
0.427217
0.432656
0.437719
0.44236
0.446576
0.450387
0.453832
0.456962
0.459827
0.462477
0.464954
0.467296
0.469531
0.471678
0.47375
0.475753
0.477686
0.479544
0.481318
0.482998
0.48457
0.486024
0.487345
0.488525
0.489555
0.490428
0.49114
0.491691
0.492082
0.492317
0.492402
0.492346
0.49216
0.491855
0.491444
0.490941
0.490359
0.489711
0.489008
0.488255
0.487451
0.486582
0.485621
0.484524
0.483234
0.481697
0.479874
0.477776
0.47548
0.473129
0.470914
0.46903
0.467619
0.466744
0.46638
0.466442
0.466812
0.467376
0.468038
0.468735
0.469425
0.470091
0.470727
0.471337
0.471924
0.472497
0.473061
0.473622
0.474185
0.474752
0.475327
0.47591
0.476503
0.477104
0.477715
0.478331
0.478953
0.479577
0.0561027
0.0603795
0.0645009
0.0684182
0.0720891
0.0754777
0.0785553
0.0813
0.0836968
0.085737
0.0874178
0.0887414
0.0897147
0.0903485
0.0906571
0.0906576
0.0903695
0.0898145
0.089016
0.0879989
0.0867895
0.085415
0.0839034
0.0822833
0.0805833
0.078832
0.0770574
0.0752864
0.0735449
0.0718571
0.0702457
0.0687329
0.0673428
0.0661055
0.0650652
0.0642914
0.0638927
0.0640273
0.064906
0.0667776
0.069894
0.0744587
0.0805704
0.0881818
0.0970879
0.106952
0.117357
0.127875
0.138125
0.147813
0.156748
0.164838
0.172073
0.178503
0.184218
0.189325
0.193939
0.198166
0.202101
0.205821
0.209389
0.212846
0.216219
0.21952
0.222749
0.225896
0.228942
0.231866
0.23464
0.237241
0.239642
0.24182
0.243757
0.245439
0.246856
0.248002
0.24888
0.249495
0.249857
0.249981
0.249886
0.249593
0.249127
0.248516
0.247786
0.246968
0.246092
0.245188
0.244292
0.243444
0.242693
0.24211
0.241791
0.241866
0.242502
0.24389
0.246226
0.249671
0.254316
0.260148
0.267034
0.274737
0.282946
0.291327
0.299571
0.307428
0.314724
0.321364
0.327321
0.332621
0.337327
0.341519
0.345286
0.348717
0.351892
0.354877
0.357728
0.360485
0.363175
0.365815
0.368407
0.370948
0.373426
0.375826
0.378126
0.380306
0.382344
0.384219
0.385915
0.387416
0.38871
0.389791
0.390655
0.391304
0.391743
0.391979
0.392025
0.391897
0.39161
0.391186
0.390644
0.390007
0.389297
0.388537
0.38775
0.386961
0.386197
0.385491
0.384888
0.384448
0.384257
0.384424
0.385081
0.386368
0.38841
0.391294
0.395038
0.399582
0.404791
0.410469
0.416393
0.422344
0.428135
0.433624
0.438721
0.443385
0.447611
0.451426
0.454873
0.458006
0.460879
0.463545
0.46605
0.468431
0.470717
0.472928
0.475074
0.47716
0.479183
0.481134
0.483003
0.484774
0.486433
0.487964
0.489354
0.490589
0.49166
0.492559
0.493281
0.493824
0.494191
0.494385
0.494413
0.494284
0.494011
0.493605
0.493082
0.492458
0.491748
0.490966
0.490127
0.489237
0.488299
0.487302
0.48622
0.485012
0.483622
0.481997
0.480098
0.477938
0.475591
0.4732
0.470957
0.469051
0.467627
0.466742
0.46637
0.466425
0.466788
0.467344
0.467999
0.468687
0.469368
0.470026
0.470655
0.471258
0.471841
0.472411
0.472974
0.473537
0.474105
0.47468
0.475267
0.475865
0.476477
0.477102
0.477738
0.478385
0.479039
0.479699
0.0618554
0.0664686
0.0708894
0.0750653
0.0789518
0.082512
0.0857172
0.0885464
0.0909862
0.0930299
0.0946769
0.095932
0.0968043
0.0973068
0.0974561
0.0972712
0.0967735
0.0959864
0.0949352
0.0936466
0.0921489
0.0904714
0.0886446
0.0866997
0.0846682
0.0825819
0.0804719
0.0783689
0.0763019
0.0742987
0.0723855
0.0705876
0.0689318
0.0674513
0.0661932
0.0652303
0.0646749
0.0646899
0.0654911
0.0673318
0.0704666
0.075098
0.0813189
0.0890711
0.098135
0.108157
0.118705
0.129338
0.139668
0.149401
0.158346
0.166418
0.173614
0.179994
0.185656
0.190718
0.1953
0.199516
0.203464
0.207224
0.210859
0.214408
0.217898
0.221335
0.224715
0.228022
0.231234
0.234321
0.237254
0.24
0.242532
0.244822
0.246848
0.248595
0.25005
0.251209
0.252071
0.252644
0.252938
0.252968
0.252757
0.252326
0.251705
0.250921
0.250008
0.248997
0.247924
0.246822
0.24573
0.244693
0.243765
0.243019
0.242556
0.242511
0.243054
0.244383
0.246693
0.250151
0.254843
0.26075
0.267732
0.275538
0.283849
0.292319
0.300632
0.308534
0.315853
0.322493
0.328434
0.333708
0.338381
0.342543
0.346288
0.349709
0.35289
0.355901
0.358798
0.361621
0.364398
0.36714
0.369849
0.372518
0.37513
0.377665
0.380099
0.382407
0.384562
0.386542
0.388326
0.389897
0.391242
0.392353
0.393225
0.393861
0.394264
0.394445
0.394416
0.394194
0.393798
0.393248
0.392569
0.391785
0.390921
0.390004
0.389059
0.388114
0.387199
0.38635
0.385615
0.385059
0.384769
0.384858
0.385462
0.386723
0.388768
0.391683
0.395483
0.400102
0.405398
0.411166
0.417176
0.423201
0.429052
0.434583
0.439706
0.444381
0.448608
0.452417
0.455856
0.458983
0.461857
0.464533
0.467061
0.469478
0.471814
0.474088
0.476309
0.47848
0.480594
0.482641
0.484606
0.486471
0.488219
0.489832
0.491293
0.492587
0.493702
0.494631
0.495367
0.495908
0.496256
0.496414
0.496391
0.496195
0.49584
0.49534
0.494711
0.49397
0.493135
0.492223
0.491249
0.490225
0.489154
0.488029
0.486826
0.485506
0.484016
0.482301
0.480326
0.478102
0.475703
0.473273
0.470999
0.469073
0.467634
0.466739
0.466359
0.466407
0.466762
0.46731
0.467956
0.468634
0.469307
0.469955
0.470575
0.47117
0.471746
0.472311
0.472872
0.473435
0.474006
0.474588
0.475184
0.475796
0.476425
0.477071
0.477732
0.478407
0.479093
0.479788
0.067619
0.0725503
0.0772505
0.0816638
0.0857442
0.0894546
0.0927672
0.0956625
0.0981295
0.100164
0.101768
0.102948
0.103716
0.104088
0.104082
0.103718
0.10302
0.102012
0.10072
0.0991737
0.0974015
0.095435
0.0933066
0.0910497
0.0886986
0.0862878
0.0838518
0.0814245
0.0790385
0.0767252
0.074514
0.0724337
0.0705143
0.0687919
0.0673169
0.0661655
0.0654543
0.0653509
0.0660765
0.0678889
0.0710454
0.075747
0.0820805
0.0899758
0.0991978
0.109376
0.120061
0.1308
0.1412
0.150962
0.159902
0.167939
0.17508
0.181395
0.186992
0.191998
0.19654
0.200739
0.204697
0.208496
0.212198
0.215843
0.219452
0.223029
0.226564
0.230037
0.233417
0.236673
0.239766
0.242663
0.245328
0.247732
0.249852
0.251666
0.253164
0.254339
0.255192
0.255728
0.25596
0.255904
0.255582
0.255022
0.254251
0.253302
0.252211
0.251013
0.249746
0.248449
0.247164
0.24594
0.244835
0.243927
0.24332
0.243155
0.243607
0.244876
0.247164
0.250635
0.255376
0.26136
0.268438
0.276348
0.284757
0.293311
0.301687
0.309627
0.316957
0.323588
0.329501
0.334736
0.339368
0.343491
0.347206
0.350611
0.353794
0.356828
0.359769
0.36266
0.365523
0.36837
0.371199
0.373997
0.376746
0.37942
0.38199
0.384427
0.386702
0.388789
0.390663
0.392307
0.393705
0.394848
0.395732
0.396359
0.396732
0.396862
0.396764
0.396454
0.395953
0.395284
0.394473
0.393547
0.392534
0.391462
0.390362
0.389262
0.388198
0.387208
0.386342
0.385669
0.385281
0.385293
0.385844
0.38708
0.389129
0.392076
0.395934
0.400629
0.406012
0.411869
0.417961
0.424056
0.429959
0.435525
0.440664
0.44534
0.449557
0.45335
0.456772
0.459886
0.462754
0.465436
0.467983
0.470434
0.472819
0.475156
0.477453
0.479709
0.481917
0.484061
0.486124
0.488086
0.489925
0.491621
0.493155
0.49451
0.495673
0.496634
0.497387
0.49793
0.498263
0.498391
0.498322
0.498065
0.497634
0.497045
0.496315
0.495463
0.494508
0.49347
0.492367
0.491211
0.490009
0.488757
0.487434
0.486003
0.484412
0.482608
0.480556
0.478267
0.475816
0.473345
0.471042
0.469095
0.467641
0.466735
0.466348
0.466387
0.466735
0.467274
0.46791
0.468578
0.46924
0.469877
0.470487
0.471073
0.471641
0.4722
0.472756
0.473318
0.47389
0.474476
0.47508
0.475704
0.476349
0.477014
0.477698
0.4784
0.479117
0.479844
0.0733456
0.0785738
0.0835306
0.0881578
0.0924087
0.0962469
0.0996461
0.102589
0.105068
0.107081
0.108633
0.109734
0.110397
0.110641
0.110485
0.109951
0.109063
0.107847
0.106329
0.10454
0.10251
0.10027
0.097856
0.0953024
0.0926459
0.0899237
0.0871734
0.0844321
0.0817359
0.0791196
0.0766165
0.0742585
0.0720793
0.070118
0.0684284
0.0670906
0.0662255
0.0660058
0.0666582
0.0684452
0.0716265
0.0764016
0.0828502
0.0908898
0.100269
0.110599
0.121414
0.132249
0.142706
0.152484
0.161403
0.16939
0.176462
0.182699
0.18822
0.193161
0.197657
0.201835
0.205802
0.20964
0.213411
0.217154
0.220886
0.224606
0.228299
0.23194
0.235493
0.238918
0.242175
0.245223
0.248024
0.250544
0.252758
0.254643
0.256186
0.257381
0.258228
0.258732
0.258908
0.258771
0.258347
0.257663
0.25675
0.255644
0.254381
0.253001
0.251546
0.250059
0.248585
0.247176
0.245897
0.244827
0.244079
0.243795
0.244156
0.245367
0.247634
0.251121
0.255911
0.261973
0.269147
0.277159
0.285664
0.294297
0.302728
0.310696
0.318029
0.324638
0.330514
0.335701
0.340281
0.344356
0.348035
0.35142
0.354602
0.357658
0.360645
0.363602
0.366554
0.369508
0.372458
0.375388
0.378275
0.381089
0.383797
0.386365
0.388761
0.390954
0.39292
0.394637
0.39609
0.397268
0.398166
0.398786
0.399134
0.399218
0.399055
0.398663
0.398063
0.397281
0.396344
0.395282
0.394124
0.392903
0.39165
0.3904
0.389188
0.388058
0.387063
0.386275
0.385788
0.385724
0.386224
0.387436
0.389491
0.392472
0.396387
0.40116
0.406629
0.412572
0.418742
0.424901
0.43085
0.436441
0.441587
0.446255
0.450453
0.454221
0.457618
0.460711
0.463569
0.466253
0.468816
0.4713
0.473734
0.476134
0.478508
0.480851
0.483153
0.485396
0.487559
0.489618
0.49155
0.49333
0.494938
0.496355
0.497567
0.498562
0.499335
0.499882
0.500204
0.500306
0.500196
0.499883
0.499383
0.498711
0.497887
0.496929
0.49586
0.494701
0.493472
0.492188
0.490859
0.489482
0.488041
0.486499
0.484807
0.482914
0.480786
0.478432
0.475929
0.473418
0.471085
0.469116
0.467647
0.466731
0.466335
0.466367
0.466706
0.467236
0.467862
0.468519
0.469168
0.469794
0.470393
0.470968
0.471526
0.472077
0.472628
0.473187
0.473758
0.474347
0.474958
0.475592
0.47625
0.476933
0.477639
0.478367
0.479112
0.479872
0.0789955
0.0844971
0.0896859
0.0945021
0.0988993
0.102842
0.106308
0.109281
0.111757
0.113737
0.11523
0.116248
0.116807
0.116926
0.116627
0.115933
0.114868
0.113458
0.111731
0.109716
0.107445
0.10495
0.102268
0.0994342
0.0964882
0.0934695
0.0904183
0.0873749
0.084379
0.0814689
0.0786813
0.0760521
0.0736181
0.0714222
0.0695216
0.0680005
0.0669842
0.0666511
0.0672331
0.0689977
0.0722069
0.0770581
0.0836234
0.0918074
0.101341
0.111818
0.122755
0.133677
0.144177
0.153958
0.162841
0.170763
0.177752
0.1839
0.189335
0.194205
0.198652
0.202807
0.206782
0.21066
0.214503
0.218346
0.222204
0.22607
0.229925
0.233736
0.237463
0.24106
0.244481
0.247681
0.250617
0.253254
0.255561
0.257518
0.259108
0.260325
0.261169
0.261646
0.26177
0.26156
0.261039
0.260239
0.259191
0.257934
0.256507
0.254952
0.253316
0.251643
0.249984
0.248395
0.246944
0.245716
0.244827
0.244426
0.244698
0.245854
0.2481
0.251604
0.256446
0.262587
0.269856
0.277968
0.286564
0.295269
0.303748
0.311736
0.319061
0.32564
0.331467
0.336596
0.341117
0.34514
0.348777
0.352139
0.355319
0.358395
0.361427
0.364453
0.367495
0.370557
0.37363
0.376695
0.379721
0.382676
0.385521
0.38822
0.390736
0.393036
0.395093
0.396884
0.398392
0.399605
0.40052
0.401136
0.401461
0.401504
0.401281
0.400812
0.400119
0.39923
0.398173
0.39698
0.395683
0.394317
0.392917
0.391519
0.390163
0.388896
0.387774
0.386872
0.386289
0.38615
0.386599
0.387789
0.389851
0.392867
0.396841
0.40169
0.407244
0.413271
0.419515
0.425732
0.431718
0.437326
0.44247
0.44712
0.45129
0.455026
0.458391
0.461459
0.464302
0.466985
0.469564
0.47208
0.474562
0.477027
0.479479
0.48191
0.484308
0.48665
0.488913
0.49107
0.493094
0.494958
0.49664
0.49812
0.499381
0.500412
0.501206
0.50176
0.502074
0.502154
0.502006
0.501643
0.501079
0.500331
0.499418
0.498361
0.497184
0.495909
0.494558
0.49315
0.491697
0.4902
0.488642
0.486991
0.4852
0.483219
0.481014
0.478597
0.476042
0.47349
0.471127
0.469137
0.467654
0.466727
0.466322
0.466346
0.466676
0.467196
0.467811
0.468456
0.469093
0.469707
0.470292
0.470856
0.471404
0.471945
0.472489
0.473043
0.473613
0.474203
0.474819
0.475461
0.476132
0.476832
0.477558
0.478309
0.479082
0.479873
0.478093
0.478284
0.478471
0.478654
0.478833
0.479008
0.479179
0.479346
0.479509
0.479667
0.479822
0.479972
0.480118
0.480259
0.480397
0.48053
0.480659
0.480783
0.480903
0.481019
0.48113
0.481237
0.481339
0.481437
0.481531
0.48162
0.481704
0.481783
0.481858
0.481928
0.481993
0.482052
0.482107
0.482155
0.482198
0.482235
0.482265
0.482288
0.482305
0.482313
0.478201
0.478399
0.478592
0.478782
0.478967
0.479149
0.479326
0.479499
0.479668
0.479833
0.479993
0.480149
0.4803
0.480447
0.48059
0.480728
0.480862
0.480991
0.481115
0.481235
0.481351
0.481461
0.481567
0.481669
0.481765
0.481857
0.481944
0.482026
0.482103
0.482175
0.482242
0.482304
0.48236
0.48241
0.482454
0.482492
0.482523
0.482547
0.482564
0.482573
0.478384
0.478594
0.478799
0.479
0.479198
0.479391
0.47958
0.479765
0.479945
0.480121
0.480292
0.480458
0.48062
0.480777
0.48093
0.481077
0.48122
0.481357
0.48149
0.481618
0.481741
0.481858
0.481971
0.482079
0.482181
0.482279
0.482371
0.482458
0.48254
0.482616
0.482687
0.482752
0.482811
0.482864
0.482911
0.482951
0.482984
0.48301
0.483028
0.483037
0.478619
0.478844
0.479065
0.479283
0.479496
0.479705
0.47991
0.48011
0.480306
0.480497
0.480683
0.480864
0.481041
0.481211
0.481377
0.481538
0.481693
0.481842
0.481987
0.482125
0.482259
0.482386
0.482509
0.482625
0.482736
0.482842
0.482942
0.483036
0.483124
0.483206
0.483283
0.483353
0.483417
0.483474
0.483525
0.483568
0.483604
0.483632
0.483651
0.483661
0.478882
0.479126
0.479366
0.479603
0.479835
0.480064
0.480288
0.480507
0.480721
0.480931
0.481135
0.481334
0.481527
0.481715
0.481897
0.482074
0.482244
0.482409
0.482567
0.48272
0.482866
0.483006
0.48314
0.483268
0.48339
0.483505
0.483615
0.483718
0.483814
0.483904
0.483988
0.484065
0.484135
0.484197
0.484253
0.4843
0.484339
0.48437
0.484391
0.484402
0.479154
0.479419
0.47968
0.479938
0.480192
0.480442
0.480687
0.480928
0.481163
0.481394
0.481618
0.481838
0.482051
0.482258
0.482459
0.482654
0.482842
0.483024
0.483199
0.483367
0.483529
0.483683
0.483831
0.483972
0.484107
0.484234
0.484354
0.484468
0.484574
0.484674
0.484766
0.48485
0.484928
0.484997
0.485058
0.485111
0.485154
0.485188
0.485211
0.485224
0.479418
0.479705
0.479989
0.48027
0.480547
0.480819
0.481088
0.481351
0.48161
0.481863
0.48211
0.482352
0.482587
0.482815
0.483037
0.483252
0.48346
0.48366
0.483854
0.48404
0.484218
0.484389
0.484553
0.484709
0.484857
0.484998
0.485131
0.485256
0.485374
0.485484
0.485586
0.485679
0.485765
0.485842
0.48591
0.485968
0.486016
0.486054
0.48608
0.486094
0.479664
0.479973
0.48028
0.480585
0.480885
0.481182
0.481475
0.481762
0.482045
0.482322
0.482593
0.482858
0.483116
0.483367
0.483611
0.483847
0.484076
0.484297
0.48451
0.484715
0.484912
0.485101
0.485281
0.485453
0.485617
0.485773
0.48592
0.486058
0.486188
0.48631
0.486423
0.486527
0.486621
0.486707
0.486782
0.486847
0.486901
0.486943
0.486972
0.486988
0.479881
0.480214
0.480545
0.480873
0.481198
0.481519
0.481837
0.482149
0.482456
0.482758
0.483054
0.483343
0.483625
0.483899
0.484166
0.484426
0.484677
0.484919
0.485153
0.485378
0.485595
0.485802
0.486001
0.48619
0.48637
0.486541
0.486703
0.486856
0.486999
0.487134
0.487258
0.487373
0.487478
0.487572
0.487656
0.487728
0.487788
0.487835
0.487868
0.487885
0.480067
0.480423
0.480777
0.481129
0.481479
0.481825
0.482167
0.482504
0.482837
0.483164
0.483484
0.483798
0.484105
0.484403
0.484694
0.484977
0.485251
0.485515
0.485771
0.486017
0.486254
0.486481
0.486698
0.486905
0.487103
0.48729
0.487468
0.487636
0.487793
0.487941
0.488078
0.488204
0.48832
0.488424
0.488517
0.488596
0.488663
0.488715
0.488751
0.488771
0.480219
0.480597
0.480975
0.48135
0.481724
0.482095
0.482462
0.482824
0.483182
0.483534
0.48388
0.484219
0.48455
0.484873
0.485188
0.485494
0.485791
0.486079
0.486356
0.486624
0.486881
0.487128
0.487365
0.487591
0.487806
0.488011
0.488205
0.488388
0.48856
0.488722
0.488872
0.48901
0.489137
0.489252
0.489354
0.489442
0.489515
0.489572
0.489613
0.489634
0.480337
0.480737
0.481137
0.481536
0.481934
0.482329
0.48272
0.483108
0.483491
0.483868
0.484239
0.484602
0.484958
0.485306
0.485646
0.485976
0.486296
0.486606
0.486906
0.487195
0.487474
0.487741
0.487997
0.488242
0.488476
0.488698
0.488908
0.489107
0.489294
0.48947
0.489633
0.489785
0.489923
0.490048
0.49016
0.490256
0.490337
0.4904
0.490444
0.490468
0.480422
0.480843
0.481266
0.481688
0.482109
0.482527
0.482943
0.483355
0.483763
0.484165
0.48456
0.484949
0.48533
0.485702
0.486065
0.486419
0.486763
0.487096
0.487418
0.487729
0.488028
0.488316
0.488592
0.488856
0.489108
0.489347
0.489575
0.48979
0.489992
0.490182
0.490359
0.490523
0.490673
0.49081
0.490931
0.491036
0.491124
0.491193
0.491242
0.491268
0.480477
0.480919
0.481363
0.481807
0.482251
0.482693
0.483133
0.483569
0.484
0.484427
0.484847
0.48526
0.485665
0.486061
0.486449
0.486826
0.487192
0.487548
0.487892
0.488225
0.488545
0.488853
0.489149
0.489432
0.489702
0.489959
0.490203
0.490434
0.490652
0.490856
0.491047
0.491224
0.491386
0.491533
0.491664
0.491778
0.491874
0.491949
0.492002
0.49203
0.480505
0.480967
0.481432
0.481897
0.482363
0.482828
0.483291
0.48375
0.484206
0.484656
0.4851
0.485537
0.485966
0.486386
0.486797
0.487197
0.487586
0.487965
0.488331
0.488684
0.489026
0.489354
0.489669
0.48997
0.490258
0.490533
0.490794
0.49104
0.491273
0.491492
0.491696
0.491886
0.49206
0.492218
0.492359
0.492482
0.492585
0.492667
0.492724
0.492755
7.71815e-05
0.000263487
0.00048845
0.000758145
0.00107905
0.0014581
0.00190264
0.00242038
0.00301939
0.00370797
0.00449462
0.00538791
0.00639639
0.0075284
0.00879202
0.0101948
0.0117437
0.0134448
0.0153032
0.0173227
0.0195061
0.0218542
0.0243665
0.0270407
0.0298725
0.0328558
0.0359827
0.0392433
0.042626
0.0461177
0.0497035
0.0533675
0.0570926
0.0608609
0.0646539
0.0684528
0.0722388
0.0759929
0.0796962
0.0833297
8.92961e-05
0.000304925
0.000565549
0.000878418
0.0012513
0.0016925
0.00221085
0.00281567
0.00351666
0.00432387
0.00524756
0.00629805
0.00748562
0.00882029
0.0103117
0.0119687
0.0137994
0.0158108
0.0180084
0.0203963
0.0229767
0.0257499
0.0287139
0.0318645
0.0351952
0.0386971
0.0423588
0.0461667
0.0501053
0.0541568
0.058302
0.0625203
0.0667899
0.0710886
0.0753936
0.079682
0.0839315
0.0881199
0.0922254
0.0962262
0.000102623
0.000350514
0.00065038
0.00101078
0.00144091
0.00195062
0.00255042
0.00325139
0.0040651
0.00500353
0.00607888
0.00730346
0.00868945
0.0102487
0.0119924
0.0139309
0.0160735
0.0184278
0.0209997
0.0237932
0.0268096
0.0300479
0.0335043
0.037172
0.0410413
0.0450994
0.0493308
0.0537173
0.058238
0.0628702
0.0675891
0.0723689
0.0771825
0.0820028
0.0868025
0.091555
0.096234
0.100815
0.105273
0.109585
0.000117155
0.000400226
0.0007429
0.00115518
0.00164784
0.00223245
0.00292137
0.00372764
0.00466492
0.00574731
0.00698921
0.00840507
0.0100092
0.0118152
0.0138363
0.0160841
0.0185689
0.0212989
0.0242802
0.0275159
0.0310063
0.0347483
0.0387353
0.0429571
0.0473998
0.0520459
0.0568744
0.0618613
0.0669797
0.0722006
0.077493
0.0828251
0.0881643
0.0934782
0.0987351
0.103904
0.108957
0.113866
0.118606
0.12315
0.000132873
0.000454002
0.000843002
0.00131146
0.00187188
0.00253773
0.00332341
0.00424414
0.00531587
0.00655506
0.00797848
0.00960296
0.011445
0.0135204
0.015844
0.0184288
0.021286
0.0244243
0.0278491
0.0315627
0.0355632
0.0398447
0.0443969
0.049205
0.0542498
0.0595077
0.0649511
0.0705491
0.0762677
0.0820705
0.0879199
0.0937773
0.0996043
0.105364
0.111019
0.116537
0.121886
0.127038
0.131967
0.136648
0.000149748
0.000511739
0.000950498
0.00147934
0.00211265
0.00286598
0.00375597
0.00480022
0.0060172
0.00742595
0.00904584
0.0108962
0.012996
0.0153632
0.0180142
0.0209635
0.024223
0.0278011
0.0317025
0.0359274
0.0404713
0.0453244
0.0504715
0.0558918
0.0615596
0.0674437
0.0735088
0.0797157
0.0860222
0.092384
0.0987558
0.105092
0.11135
0.117485
0.12346
0.129238
0.134787
0.140079
0.145088
0.149793
0.000167733
0.000573282
0.00106511
0.00165838
0.00236955
0.00321642
0.00421807
0.00539471
0.00676754
0.00835841
0.0101895
0.0122829
0.01466
0.0173409
0.0203439
0.0236846
0.027375
0.0314231
0.035832
0.0405992
0.0457162
0.0511682
0.0569336
0.0629846
0.069287
0.075801
0.0824819
0.0892812
0.0961475
0.103028
0.10987
0.11662
0.123231
0.129655
0.135851
0.141783
0.147419
0.152733
0.157703
0.162311
0.000186769
0.000638425
0.00118644
0.001848
0.00264177
0.00358797
0.00470834
0.00602592
0.00756487
0.00935006
0.0114067
0.0137597
0.0164331
0.0194492
0.0228279
0.0265855
0.0307341
0.0352804
0.0402251
0.0455619
0.0512772
0.0573496
0.0637498
0.0704411
0.0773796
0.084515
0.0917922
0.0991523
0.106534
0.113875
0.121116
0.128198
0.135067
0.141675
0.14798
0.153945
0.159544
0.164754
0.16956
0.173948
0.000206776
0.000706899
0.00131401
0.00204744
0.00292821
0.00397919
0.00522494
0.00669157
0.00840641
0.0103976
0.0126935
0.015322
0.0183099
0.0216816
0.0254584
0.0296572
0.0342892
0.0393593
0.0448647
0.0507942
0.0571274
0.0638351
0.0708784
0.07821
0.0857746
0.0935103
0.10135
0.109224
0.11706
0.124789
0.132341
0.139655
0.146674
0.153348
0.159637
0.16551
0.170943
0.175922
0.180439
0.18449
0.000227657
0.00077837
0.0014472
0.00225573
0.00322753
0.00438826
0.00576555
0.00738874
0.00928858
0.0114966
0.0140447
0.0169637
0.0202832
0.0240296
0.0282254
0.0328873
0.0380255
0.0436418
0.0497288
0.0562689
0.0632337
0.0705839
0.0782696
0.0862312
0.0944004
0.102702
0.111057
0.119383
0.127599
0.135625
0.143389
0.150823
0.157872
0.164487
0.170632
0.176283
0.181424
0.186051
0.190166
0.193774
0.000249294
0.000852437
0.00158526
0.00247173
0.0035381
0.004813
0.00632731
0.00811385
0.010207
0.0126419
0.0154538
0.0186771
0.0223438
0.0264823
0.0311157
0.0362605
0.0419244
0.0481054
0.0547903
0.0619533
0.0695563
0.0775484
0.0858667
0.0944373
0.103178
0.111999
0.120808
0.129511
0.138017
0.146241
0.154105
0.161541
0.168494
0.174923
0.180798
0.186105
0.190838
0.195004
0.198618
0.201699
0.000271551
0.000928631
0.00172731
0.00269407
0.00385798
0.0052508
0.00690684
0.00886258
0.0111562
0.0138267
0.016913
0.0204527
0.0244804
0.0290262
0.0341135
0.0397576
0.0459633
0.0527234
0.0600171
0.0678092
0.0760499
0.0846748
0.0936061
0.102754
0.112022
0.121304
0.130494
0.139489
0.148187
0.1565
0.164347
0.171663
0.178398
0.184519
0.190006
0.194858
0.199082
0.202699
0.205738
0.208231
0.00029427
0.00100641
0.00187236
0.0029212
0.00418494
0.00569863
0.00750018
0.00962993
0.01213
0.0150435
0.018413
0.0222793
0.0266796
0.0316453
0.0371999
0.0433565
0.0501159
0.0574644
0.0653723
0.0737932
0.0826636
0.0919037
0.101419
0.111104
0.120843
0.130518
0.140008
0.1492
0.157987
0.166276
0.17399
0.181068
0.187469
0.193171
0.198168
0.202473
0.20611
0.209115
0.211529
0.213399
0.000317274
0.00108518
0.00201928
0.00315135
0.00451646
0.00615306
0.00810284
0.0104101
0.0131212
0.0162833
0.0199428
0.0241438
0.0289258
0.0343213
0.0403529
0.0470312
0.0543517
0.0622928
0.0708145
0.079857
0.0893416
0.0991715
0.109234
0.119406
0.129554
0.139545
0.149247
0.158538
0.167308
0.175464
0.182932
0.189663
0.195627
0.200817
0.205243
0.208934
0.211931
0.214285
0.216054
0.217295
0.000340369
0.00116426
0.00216682
0.00338259
0.00484974
0.0066103
0.0087098
0.0111968
0.0141217
0.0175361
0.0214902
0.0260314
0.0312012
0.0370329
0.0435477
0.0507526
0.0586368
0.0671694
0.0762982
0.0859488
0.0960251
0.106412
0.116977
0.127578
0.138066
0.148293
0.158117
0.167409
0.176059
0.183978
0.191102
0.197391
0.202834
0.207439
0.211236
0.214272
0.216604
0.218299
0.219427
0.220057
0.000363344
0.00124293
0.00231365
0.00361279
0.00518176
0.00706618
0.00931557
0.0119827
0.0151226
0.0187908
0.0230416
0.0279256
0.0334861
0.0397566
0.0467567
0.0544885
0.0629338
0.0720513
0.0817748
0.0920135
0.102653
0.113557
0.124575
0.135544
0.146299
0.15668
0.166536
0.175736
0.184172
0.191762
0.198455
0.204229
0.209089
0.213062
0.2162
0.218565
0.220233
0.221283
0.221799
0.221857
0.000385977
0.00132044
0.00245833
0.00383973
0.00550928
0.00751626
0.00991425
0.0127604
0.016114
0.0200353
0.0245822
0.0298083
0.0357589
0.042467
0.0499498
0.0582041
0.0672029
0.076893
0.087193
0.0979942
0.109162
0.12054
0.131955
0.143229
0.154179
0.164634
0.174438
0.183461
0.1916
0.198786
0.204984
0.210189
0.214427
0.217749
0.220221
0.221926
0.222955
0.223398
0.223347
0.222887
0.00040804
0.001396
0.00259939
0.00406109
0.00582894
0.00795591
0.0104997
0.0135217
0.0170859
0.0212567
0.026096
0.0316604
0.0379964
0.0451367
0.0530952
0.0618625
0.0714019
0.0816471
0.0925003
0.103834
0.115491
0.127295
0.139053
0.150567
0.161641
0.172096
0.181774
0.190547
0.198324
0.205049
0.210708
0.215316
0.21892
0.221592
0.223418
0.224497
0.22493
0.224818
0.224259
0.223342
0.000429301
0.00146881
0.00273536
0.00427452
0.00613733
0.0083804
0.0110654
0.0142583
0.0180275
0.0224417
0.0275667
0.0334617
0.0401747
0.0477373
0.0561596
0.0654254
0.0754876
0.0862654
0.0976438
0.109475
0.121581
0.133762
0.145807
0.1575
0.168635
0.179025
0.188513
0.196979
0.204346
0.210576
0.215674
0.21968
0.222662
0.22471
0.225929
0.226431
0.226326
0.225722
0.22472
0.223411
0.00044954
0.00153812
0.00286478
0.00447774
0.00643112
0.00878508
0.0116054
0.0149622
0.0189284
0.0235769
0.0289775
0.0351919
0.0422691
0.0502396
0.0591093
0.0688543
0.0794163
0.0906998
0.102571
0.114862
0.127374
0.139885
0.152164
0.163981
0.175119
0.18539
0.194641
0.202762
0.209692
0.215413
0.219953
0.223374
0.225765
0.227234
0.227902
0.227888
0.227311
0.226282
0.224903
0.223263
0.000468548
0.00160321
0.00298633
0.00466862
0.00670715
0.00916554
0.0121134
0.0156252
0.0197781
0.0246494
0.0303122
0.036831
0.0442557
0.0526152
0.0619109
0.072111
0.0831455
0.0949035
0.107233
0.119945
0.132819
0.145612
0.158077
0.16997
0.181067
0.19118
0.200162
0.207918
0.214403
0.219624
0.223628
0.226501
0.228351
0.229302
0.229483
0.229024
0.228045
0.226658
0.224963
0.223048
0.000486149
0.00166347
0.00309883
0.00484528
0.00696265
0.00951786
0.0125842
0.0162402
0.0205674
0.0256469
0.0315556
0.0383603
0.0461116
0.0548368
0.0645326
0.0751592
0.0866345
0.0988323
0.111582
0.124674
0.137868
0.150901
0.16351
0.17544
0.186462
0.196392
0.205091
0.21248
0.218535
0.223282
0.226793
0.229172
0.230544
0.231046
0.230814
0.229982
0.22867
0.22699
0.225037
0.222895
0.000502205
0.00171842
0.00320139
0.00500625
0.00719543
0.00983886
0.0130134
0.0168013
0.0212882
0.0265592
0.0326945
0.0397632
0.0478166
0.0568801
0.0669458
0.0779658
0.0898462
0.102446
0.115576
0.129007
0.14248
0.155714
0.168432
0.180369
0.191297
0.201034
0.209454
0.216493
0.222148
0.226468
0.229542
0.231494
0.232462
0.232591
0.232023
0.230891
0.229314
0.2274
0.225238
0.22291
0.000516638
0.00176779
0.00329345
0.00515063
0.00740405
0.0101264
0.0133978
0.0173041
0.0219347
0.0273784
0.0337185
0.0410265
0.049354
0.0587247
0.0691262
0.0805024
0.0927485
0.105708
0.119177
0.132907
0.14662
0.160021
0.17282
0.184746
0.195572
0.20512
0.21328
0.220004
0.225307
0.229258
0.231966
0.233567
0.23421
0.234047
0.23322
0.23186
0.230084
0.22799
0.225666
0.223187
0.000529443
0.00181156
0.00337496
0.00527825
0.00758816
0.0103799
0.0137364
0.0177468
0.022504
0.0281002
0.0346217
0.0421419
0.0507127
0.0603562
0.0710556
0.0827473
0.095316
0.108592
0.122356
0.136343
0.150259
0.163797
0.176656
0.188562
0.199289
0.208668
0.216601
0.223057
0.228069
0.231723
0.234143
0.235476
0.235879
0.235506
0.234498
0.232982
0.231067
0.228848
0.226403
0.223804
0.000540711
0.00185003
0.00344645
0.00538987
0.00774875
0.0106004
0.0140303
0.0181305
0.022997
0.028725
0.0354034
0.0431072
0.0518885
0.0617678
0.072724
0.0846868
0.0975314
0.111077
0.125089
0.13929
0.153374
0.167022
0.179926
0.191811
0.202454
0.211695
0.219447
0.225694
0.230485
0.233921
0.236137
0.237289
0.237538
0.237038
0.235927
0.234325
0.232335
0.230042
0.22752
0.224833
0.000550651
0.00188391
0.00350919
0.00548744
0.00788848
0.0107914
0.0142838
0.0184604
0.0234195
0.0292591
0.0360699
0.0439282
0.0528861
0.0629622
0.0741316
0.0863179
0.0993882
0.113152
0.127363
0.141735
0.155951
0.169683
0.182621
0.19449
0.20507
0.214211
0.221836
0.227942
0.23259
0.235891
0.237992
0.239052
0.239234
0.23869
0.237554
0.235938
0.233937
0.231628
0.229076
0.226339
0.000559611
0.00191438
0.00356537
0.0055743
0.00801207
0.0109592
0.014505
0.0187462
0.0237832
0.0297156
0.0366358
0.0446204
0.0537208
0.0639537
0.0752905
0.0876496
0.100892
0.114818
0.129176
0.143671
0.157979
0.17177
0.184733
0.196594
0.207138
0.216222
0.22378
0.229816
0.234401
0.237656
0.239729
0.240786
0.240988
0.240483
0.2394
0.237844
0.235902
0.23364
0.231114
0.228375
0.000568105
0.00194319
0.00361824
0.00565549
0.00812667
0.0111134
0.0147063
0.0190035
0.0241068
0.0301166
0.0371257
0.0452103
0.0544204
0.0647699
0.0762269
0.0887054
0.102061
0.116091
0.130538
0.145103
0.159461
0.173282
0.186258
0.198117
0.208652
0.217725
0.225275
0.231314
0.235918
0.239212
0.241346
0.242486
0.242792
0.242408
0.241457
0.240039
0.238229
0.236086
0.233657
0.230978
0.000576839
0.00197275
0.00367226
0.005738
0.00824229
0.0112676
0.0149054
0.0192546
0.0244172
0.0304936
0.0375754
0.0457371
0.0550261
0.065453
0.0769821
0.0895241
0.102932
0.117
0.131471
0.146047
0.160406
0.174224
0.187195
0.199056
0.209605
0.218707
0.226307
0.232419
0.23712
0.240534
0.242813
0.244119
0.244609
0.244425
0.243685
0.242481
0.240884
0.238942
0.236691
0.234157
0.000586733
0.00200622
0.00373334
0.00583105
0.00837223
0.0114399
0.015126
0.019529
0.0247504
0.0308887
0.0380327
0.0462532
0.0555935
0.06606
0.077613
0.0901605
0.103554
0.11759
0.132015
0.146536
0.160839
0.174609
0.18755
0.199408
0.209984
0.21915
0.22685
0.233097
0.237966
0.241577
0.244076
0.245623
0.246372
0.246461
0.246005
0.245093
0.24379
0.242136
0.240159
0.237871
0.000598944
0.00204756
0.00380891
0.00594642
0.00853355
0.0116536
0.0153983
0.0198649
0.0251522
0.031355
0.0385571
0.0468235
0.0561915
0.0666617
0.0781905
0.0906837
0.103994
0.117923
0.132223
0.146615
0.160797
0.174466
0.187342
0.199178
0.209784
0.219035
0.226872
0.233306
0.238402
0.242274
0.245061
0.246915
0.247988
0.248414
0.248307
0.247755
0.24682
0.245541
0.243938
0.24201
0.00061487
0.00210161
0.00390812
0.00609869
0.00874747
0.0119378
0.01576
0.0203086
0.0256775
0.0319553
0.0392181
0.0475227
0.0568981
0.0673383
0.0787953
0.0911739
0.10433
0.118072
0.132167
0.146349
0.160335
0.173841
0.186602
0.198385
0.209008
0.218348
0.226344
0.232998
0.238366
0.242549
0.245676
0.247891
0.249339
0.250152
0.250445
0.250307
0.249802
0.248971
0.247832
0.246377
0.000636141
0.00217406
0.00404191
0.00630547
0.0090397
0.0123271
0.0162553
0.0209134
0.0263879
0.0327579
0.0400892
0.0484277
0.0577929
0.0681709
0.0795095
0.0917138
0.104645
0.118123
0.131929
0.145819
0.159531
0.172802
0.185389
0.197074
0.207683
0.217098
0.225252
0.232139
0.237802
0.242327
0.24583
0.248442
0.2503
0.251534
0.252258
0.252565
0.252527
0.252189
0.251574
0.25068
0.000664583
0.0022714
0.00422305
0.00658759
0.00944033
0.0128613
0.0169325
0.0217346
0.0273434
0.0338258
0.0412346
0.0496034
0.0589409
0.0692258
0.080402
0.0923765
0.105018
0.118159
0.131601
0.145121
0.158482
0.171448
0.183795
0.195325
0.205876
0.215329
0.223619
0.230728
0.236685
0.241558
0.245448
0.248472
0.250755
0.252422
0.253586
0.254345
0.254777
0.254939
0.254866
0.254567
0.0882024
0.0941101
0.0996349
0.104716
0.10931
0.113385
0.116922
0.119914
0.122361
0.124271
0.125656
0.126533
0.126923
0.126845
0.126324
0.125383
0.124047
0.122342
0.120295
0.117937
0.115297
0.112411
0.109315
0.106048
0.102651
0.0991672
0.0956419
0.0921202
0.0886473
0.0852674
0.0820235
0.0789574
0.0761121
0.0735363
0.0712938
0.0694754
0.0682147
0.0676989
0.0681697
0.0699024
0.0731624
0.0781432
0.0849035
0.0933253
0.103111
0.11382
0.124944
0.135991
0.146543
0.156304
0.165105
0.172898
0.17973
0.185711
0.190991
0.195731
0.200089
0.204204
0.208192
0.212141
0.216108
0.220125
0.224197
0.228313
0.232442
0.236541
0.24056
0.244443
0.248137
0.251587
0.254747
0.257574
0.260037
0.26211
0.263778
0.265033
0.265875
0.266311
0.266356
0.266031
0.265363
0.264381
0.263122
0.261628
0.259941
0.258109
0.256181
0.254211
0.252255
0.250375
0.248646
0.247161
0.246045
0.245454
0.245582
0.246648
0.248864
0.252399
0.257327
0.263597
0.271022
0.279294
0.288034
0.29685
0.305395
0.313401
0.320697
0.327209
0.332942
0.337961
0.342371
0.346294
0.349856
0.353173
0.356347
0.359459
0.362567
0.36571
0.368905
0.37215
0.375432
0.378721
0.381981
0.385171
0.388245
0.39116
0.393875
0.396351
0.398557
0.400468
0.402065
0.403338
0.40428
0.404893
0.405183
0.405162
0.404847
0.404259
0.403423
0.402366
0.40112
0.399721
0.398203
0.396606
0.39497
0.393335
0.391747
0.390258
0.388929
0.387843
0.387104
0.386843
0.387212
0.388367
0.390443
0.393518
0.39759
0.402564
0.408255
0.414414
0.420773
0.427075
0.433111
0.438734
0.44386
0.448467
0.452576
0.456245
0.459546
0.462563
0.465375
0.468053
0.470655
0.473224
0.475789
0.478363
0.480946
0.483527
0.486085
0.488595
0.491026
0.493346
0.495523
0.497526
0.499331
0.500913
0.502256
0.503346
0.504177
0.504744
0.505048
0.505095
0.504893
0.504454
0.503793
0.502927
0.501877
0.500666
0.499319
0.497861
0.496319
0.494714
0.493063
0.491369
0.489623
0.487796
0.485844
0.483718
0.481388
0.478866
0.476226
0.473608
0.471196
0.469171
0.467663
0.466719
0.4663
0.46631
0.466625
0.467128
0.467724
0.468348
0.468963
0.469554
0.470118
0.47066
0.471188
0.471713
0.472243
0.472787
0.473352
0.473943
0.474564
0.475218
0.475907
0.476631
0.477389
0.478177
0.478994
0.479833
0.101552
0.107937
0.113831
0.119177
0.123938
0.128093
0.131635
0.134568
0.136903
0.138657
0.139852
0.14051
0.140655
0.14031
0.1395
0.138246
0.136573
0.134503
0.132063
0.129278
0.126179
0.122798
0.119172
0.115341
0.111349
0.107244
0.103076
0.0988979
0.0947633
0.0907252
0.0868362
0.0831479
0.0797129
0.0765902
0.0738539
0.0716064
0.0699944
0.0692201
0.0695397
0.0712407
0.074593
0.079782
0.0868431
0.0956205
0.105769
0.116798
0.12816
0.139335
0.149896
0.159553
0.168156
0.175686
0.182221
0.187906
0.19292
0.197451
0.201672
0.205736
0.209763
0.213839
0.218017
0.222319
0.22674
0.231252
0.235809
0.240354
0.24482
0.249139
0.253242
0.257066
0.260556
0.263664
0.266353
0.268598
0.27038
0.271694
0.27254
0.272928
0.272872
0.272396
0.271528
0.270301
0.268755
0.266934
0.264887
0.262667
0.26033
0.257938
0.255556
0.253257
0.251126
0.249268
0.24782
0.246953
0.246875
0.247815
0.249995
0.253584
0.258647
0.265115
0.272769
0.281269
0.290202
0.299151
0.307755
0.315739
0.322941
0.3293
0.334842
0.339656
0.343868
0.347621
0.351058
0.354306
0.357476
0.36065
0.363887
0.367221
0.370661
0.374198
0.377805
0.381442
0.38506
0.388607
0.392026
0.395264
0.398271
0.401005
0.403428
0.405514
0.407242
0.408601
0.409587
0.4102
0.410449
0.410347
0.409911
0.409165
0.408134
0.40685
0.405347
0.403662
0.401837
0.399916
0.397945
0.395972
0.394051
0.39224
0.390612
0.389257
0.388291
0.387855
0.38811
0.389221
0.391324
0.394493
0.398716
0.403877
0.409764
0.416106
0.422611
0.429007
0.435079
0.440679
0.445732
0.450228
0.454207
0.457742
0.460924
0.463848
0.466606
0.469274
0.471916
0.474574
0.477274
0.480023
0.482815
0.485629
0.488438
0.491206
0.493892
0.496458
0.498863
0.501073
0.503057
0.504789
0.506251
0.507429
0.508315
0.508907
0.509205
0.509215
0.508947
0.508412
0.507626
0.506607
0.505377
0.50396
0.502384
0.500677
0.498869
0.496988
0.495056
0.493083
0.491066
0.488983
0.486794
0.484456
0.481942
0.479264
0.476497
0.473781
0.471296
0.469219
0.467675
0.466704
0.466262
0.46625
0.46654
0.467015
0.467579
0.468169
0.468747
0.4693
0.469825
0.470329
0.470823
0.471316
0.471819
0.472342
0.472893
0.473478
0.474102
0.474769
0.47548
0.476236
0.477036
0.477876
0.478753
0.479662
0.115278
0.122018
0.128152
0.13363
0.138431
0.142546
0.145986
0.148767
0.150916
0.15246
0.153429
0.153852
0.153755
0.153163
0.152097
0.150579
0.148626
0.146258
0.143495
0.140358
0.136872
0.133066
0.128975
0.124639
0.120102
0.115416
0.110636
0.105823
0.101038
0.0963437
0.0918043
0.0874823
0.0834423
0.0797551
0.0765073
0.0738156
0.0718423
0.0708066
0.0709819
0.0726684
0.076139
0.0815679
0.0889611
0.0981177
0.108635
0.119969
0.13153
0.142771
0.153262
0.162723
0.171034
0.178211
0.184375
0.189706
0.194418
0.198722
0.20281
0.206841
0.210939
0.215185
0.219624
0.224266
0.229091
0.234054
0.239094
0.244133
0.24909
0.253879
0.25842
0.262639
0.266473
0.269869
0.272788
0.275204
0.2771
0.278472
0.279323
0.279663
0.279511
0.27889
0.27783
0.276367
0.274542
0.272402
0.269999
0.267391
0.264643
0.261822
0.259003
0.256271
0.253722
0.251475
0.249681
0.248526
0.248234
0.249048
0.2512
0.254857
0.260073
0.266755
0.27465
0.283377
0.292488
0.30154
0.310156
0.318063
0.325107
0.331249
0.33654
0.341096
0.345072
0.34863
0.35193
0.355113
0.358292
0.361553
0.36495
0.368512
0.372238
0.376107
0.38008
0.384104
0.388116
0.392051
0.39584
0.399421
0.402735
0.405734
0.40838
0.410641
0.412499
0.413944
0.414971
0.415584
0.415794
0.415614
0.415064
0.414167
0.41295
0.411446
0.409691
0.407727
0.405597
0.40335
0.40104
0.398722
0.396456
0.394312
0.392372
0.390736
0.389533
0.388916
0.389057
0.390129
0.392269
0.395547
0.399935
0.405293
0.411381
0.417897
0.424527
0.430985
0.437048
0.442573
0.447499
0.451833
0.455635
0.458999
0.462035
0.464853
0.467554
0.470221
0.472919
0.475688
0.47855
0.481505
0.484537
0.487618
0.490707
0.493758
0.496723
0.499552
0.5022
0.504625
0.506794
0.508678
0.51026
0.511524
0.512466
0.513082
0.513376
0.513355
0.513027
0.512405
0.511505
0.510345
0.508947
0.507336
0.505539
0.50359
0.50152
0.499363
0.497146
0.494888
0.492591
0.490241
0.487804
0.485242
0.482531
0.479687
0.476786
0.473964
0.471401
0.469268
0.467685
0.466684
0.466217
0.466178
0.46644
0.466881
0.467408
0.467955
0.468489
0.468996
0.469475
0.469934
0.470384
0.470838
0.471307
0.471803
0.472334
0.472909
0.473532
0.474209
0.474941
0.475729
0.47657
0.477463
0.478403
0.479383
0.129096
0.136036
0.142252
0.147709
0.152403
0.156349
0.159573
0.162112
0.164005
0.165292
0.16601
0.166193
0.16587
0.165063
0.163792
0.162072
0.159914
0.15733
0.154332
0.150934
0.147153
0.143012
0.138542
0.133778
0.128765
0.123557
0.118214
0.112801
0.10739
0.102055
0.0968701
0.0919125
0.0872598
0.0829971
0.0792261
0.0760802
0.0737401
0.0724452
0.0724874
0.0741803
0.0777983
0.0834994
0.0912535
0.100805
0.111687
0.123297
0.135001
0.146231
0.156557
0.165723
0.173645
0.180387
0.186112
0.191047
0.195435
0.199512
0.203484
0.207515
0.211727
0.216196
0.220953
0.225995
0.231285
0.236758
0.242334
0.247916
0.253403
0.258694
0.263695
0.268322
0.272504
0.276187
0.27933
0.281909
0.283909
0.28533
0.286178
0.286468
0.286219
0.285457
0.284213
0.282523
0.280428
0.277978
0.275227
0.272237
0.269079
0.265827
0.262566
0.25939
0.256412
0.253763
0.25161
0.250158
0.249649
0.250341
0.252474
0.256213
0.2616
0.268511
0.276652
0.285599
0.294864
0.303979
0.312552
0.320316
0.327133
0.332991
0.337973
0.342228
0.345937
0.349286
0.35245
0.35558
0.358793
0.362173
0.365769
0.3696
0.373656
0.377902
0.382285
0.386735
0.391176
0.395527
0.399709
0.403647
0.407276
0.410544
0.413407
0.415838
0.417818
0.419339
0.4204
0.421009
0.421177
0.420921
0.420259
0.419218
0.417823
0.416109
0.414112
0.411875
0.409445
0.406876
0.404226
0.401558
0.398942
0.396455
0.394193
0.392268
0.390821
0.390019
0.390047
0.391085
0.393275
0.396676
0.401242
0.406805
0.41309
0.419765
0.426491
0.432968
0.43897
0.444364
0.449107
0.453227
0.456811
0.459975
0.462849
0.465556
0.468207
0.470889
0.473667
0.476577
0.479634
0.482829
0.486137
0.489516
0.492915
0.496276
0.49954
0.502648
0.505548
0.508193
0.510547
0.51258
0.514275
0.515619
0.516609
0.517246
0.517533
0.51748
0.517097
0.516396
0.515392
0.514103
0.512549
0.510756
0.508752
0.50657
0.504247
0.501818
0.499318
0.496771
0.494188
0.491562
0.488866
0.48607
0.483153
0.480133
0.477088
0.474156
0.471509
0.469317
0.467692
0.466658
0.466162
0.466093
0.466321
0.466724
0.467206
0.467705
0.468188
0.46864
0.469065
0.469471
0.469871
0.470279
0.470709
0.471172
0.47168
0.472242
0.472862
0.473548
0.4743
0.475119
0.476005
0.476952
0.477957
0.479011
0.142706
0.149667
0.155788
0.161056
0.165493
0.169137
0.172038
0.174249
0.175827
0.17682
0.177274
0.177226
0.176704
0.175728
0.174313
0.172464
0.170187
0.167481
0.16435
0.160795
0.156825
0.152453
0.147703
0.142605
0.137201
0.131545
0.125701
0.119739
0.11374
0.10779
0.101976
0.09639
0.0911247
0.086282
0.0819819
0.078377
0.0756699
0.0741225
0.0740475
0.0757716
0.0795683
0.0855736
0.0937132
0.103666
0.114895
0.126736
0.138513
0.14964
0.159698
0.168465
0.175906
0.182137
0.187373
0.191883
0.195944
0.199811
0.203699
0.207775
0.212154
0.216903
0.22204
0.227545
0.23336
0.239402
0.245567
0.251737
0.257791
0.263611
0.269088
0.274128
0.278656
0.282615
0.285967
0.28869
0.290776
0.292231
0.293065
0.293296
0.292947
0.292046
0.290623
0.288715
0.286362
0.283614
0.280526
0.277164
0.2736
0.269919
0.266214
0.26259
0.259173
0.256112
0.253592
0.251838
0.25111
0.251685
0.25381
0.257649
0.263223
0.270374
0.278761
0.287912
0.297298
0.306424
0.314891
0.32244
0.32896
0.334471
0.339094
0.343012
0.346435
0.349572
0.352613
0.355712
0.358991
0.362527
0.366365
0.370511
0.374943
0.379611
0.384446
0.389363
0.394266
0.39906
0.403652
0.407957
0.411903
0.415433
0.418506
0.421092
0.423179
0.424761
0.425844
0.426439
0.426559
0.426224
0.425454
0.424274
0.422711
0.420796
0.418568
0.416069
0.413348
0.410463
0.407476
0.404458
0.401487
0.398652
0.39606
0.393838
0.392142
0.391154
0.391072
0.392087
0.394338
0.397877
0.402632
0.408401
0.414875
0.421686
0.42847
0.434915
0.4408
0.446004
0.450507
0.454368
0.457699
0.460643
0.463348
0.46595
0.468567
0.471288
0.474175
0.47726
0.480548
0.48402
0.487639
0.49135
0.495089
0.498785
0.502367
0.505767
0.508924
0.511788
0.51432
0.516492
0.518288
0.5197
0.520727
0.521374
0.521649
0.521562
0.521125
0.520349
0.51925
0.517844
0.516149
0.514189
0.511992
0.509591
0.507024
0.504331
0.501551
0.498716
0.495844
0.492936
0.489975
0.486935
0.483802
0.480599
0.477404
0.474353
0.47162
0.469366
0.467695
0.466626
0.466097
0.465994
0.466184
0.466542
0.466974
0.467417
0.467841
0.468232
0.468596
0.468942
0.469286
0.469643
0.470029
0.470457
0.470939
0.471485
0.472103
0.472798
0.473571
0.474424
0.475356
0.47636
0.477433
0.478565
0.15581
0.162596
0.168435
0.173346
0.177379
0.180599
0.18308
0.184894
0.186111
0.18679
0.18698
0.186721
0.186038
0.184947
0.183455
0.181559
0.179253
0.176526
0.173367
0.169767
0.165722
0.161233
0.156312
0.150985
0.145287
0.13927
0.132999
0.126551
0.120014
0.113485
0.107068
0.100868
0.0949977
0.0895773
0.0847477
0.0806844
0.077615
0.0758266
0.0756546
0.0774382
0.0814461
0.0877859
0.0963293
0.10668
0.118225
0.130238
0.142001
0.152922
0.162605
0.170872
0.177747
0.183405
0.188118
0.192196
0.195942
0.199629
0.203476
0.207648
0.212252
0.217342
0.222921
0.228951
0.235353
0.242022
0.248828
0.25563
0.262284
0.268653
0.274614
0.280065
0.284925
0.28914
0.292676
0.295517
0.297666
0.299132
0.299934
0.300096
0.299643
0.298603
0.297008
0.294892
0.292294
0.289262
0.285852
0.282129
0.278171
0.274067
0.269919
0.265845
0.261985
0.258506
0.255613
0.253552
0.252608
0.253073
0.255203
0.259158
0.264935
0.272333
0.28096
0.29029
0.299754
0.308832
0.317122
0.324383
0.330536
0.335643
0.339865
0.343422
0.346553
0.349487
0.352424
0.355524
0.358904
0.362639
0.366762
0.371269
0.376124
0.381261
0.386591
0.392012
0.397409
0.402669
0.407685
0.412361
0.41662
0.420401
0.423663
0.426385
0.428556
0.43018
0.431267
0.431834
0.431898
0.431481
0.430605
0.429292
0.42757
0.425467
0.423021
0.420272
0.417272
0.41408
0.410762
0.407396
0.404071
0.400885
0.397959
0.395435
0.393487
0.392313
0.392128
0.393128
0.395454
0.399143
0.404096
0.41007
0.416716
0.423632
0.430428
0.436786
0.442491
0.447445
0.451658
0.455221
0.458275
0.460989
0.463528
0.46604
0.468646
0.471435
0.474465
0.477761
0.481317
0.485104
0.489071
0.493148
0.497255
0.501309
0.505224
0.508923
0.512338
0.515414
0.518113
0.520408
0.522288
0.523749
0.524797
0.525442
0.525694
0.525569
0.525077
0.524232
0.523047
0.521535
0.519714
0.517603
0.515229
0.512624
0.509827
0.50688
0.503828
0.500708
0.497547
0.494354
0.491121
0.487831
0.484475
0.48108
0.477728
0.474556
0.471731
0.469412
0.467693
0.466586
0.466022
0.465881
0.466026
0.466333
0.466709
0.46709
0.467448
0.467772
0.468068
0.468349
0.468632
0.468935
0.469274
0.469665
0.470121
0.470653
0.471269
0.471974
0.472772
0.473662
0.474643
0.475709
0.476854
0.478068
0.168121
0.174533
0.17991
0.184307
0.187804
0.190497
0.192482
0.193849
0.194679
0.195038
0.194979
0.194538
0.193739
0.192592
0.191092
0.18923
0.186986
0.184336
0.181256
0.177723
0.173716
0.169226
0.164251
0.158805
0.152917
0.146634
0.140021
0.133158
0.126142
0.119082
0.112094
0.105304
0.0988423
0.0928523
0.0874983
0.0829824
0.0795601
0.077547
0.0773021
0.0791762
0.0834284
0.0901303
0.099087
0.10982
0.121637
0.133745
0.145397
0.156003
0.165201
0.172874
0.179112
0.184156
0.188331
0.191985
0.195445
0.198993
0.202849
0.207172
0.212058
0.217548
0.22363
0.230246
0.237296
0.244647
0.252144
0.259618
0.266901
0.273834
0.28028
0.286129
0.2913
0.29574
0.299426
0.302352
0.30453
0.305981
0.306732
0.306812
0.306249
0.305073
0.303313
0.301001
0.298175
0.294877
0.291162
0.287095
0.282756
0.278238
0.273653
0.269131
0.264826
0.260925
0.257655
0.255289
0.254132
0.254497
0.256648
0.260735
0.266727
0.274376
0.283228
0.292705
0.302194
0.311157
0.319195
0.326095
0.331817
0.336471
0.340262
0.343447
0.346292
0.349041
0.351903
0.355038
0.358558
0.362532
0.366985
0.371899
0.377222
0.382873
0.388742
0.394703
0.400624
0.40637
0.411819
0.416864
0.421422
0.425434
0.428861
0.431689
0.433917
0.435557
0.436627
0.43715
0.437149
0.436647
0.435667
0.434229
0.432359
0.430082
0.427433
0.424451
0.421186
0.417698
0.414059
0.410352
0.406673
0.403136
0.399874
0.397047
0.394846
0.39349
0.393207
0.394205
0.39662
0.400471
0.405625
0.411797
0.418592
0.425573
0.432329
0.438538
0.444002
0.448651
0.452529
0.455763
0.458527
0.461011
0.463396
0.465839
0.468462
0.471352
0.474559
0.478102
0.481965
0.486104
0.490454
0.494929
0.499433
0.503865
0.508126
0.512128
0.515795
0.519071
0.521918
0.524314
0.526254
0.527742
0.528791
0.529417
0.529637
0.529466
0.52892
0.52801
0.526748
0.525144
0.523211
0.520967
0.518435
0.515644
0.512632
0.509446
0.50613
0.502732
0.499284
0.495805
0.492297
0.488751
0.485165
0.481574
0.47806
0.474761
0.471842
0.469455
0.467686
0.466538
0.465934
0.465751
0.465847
0.466098
0.466411
0.466724
0.46701
0.467261
0.467485
0.467697
0.467916
0.468163
0.468454
0.468809
0.46924
0.469759
0.470376
0.471095
0.471921
0.472852
0.473886
0.475019
0.476241
0.477542
0.179389
0.185237
0.189989
0.193735
0.196592
0.198682
0.200121
0.201015
0.201452
0.201502
0.201219
0.200635
0.199768
0.198621
0.197182
0.195428
0.193328
0.190847
0.187945
0.184582
0.180725
0.176345
0.171429
0.165975
0.160005
0.153556
0.146691
0.139493
0.132064
0.124525
0.117008
0.109657
0.102625
0.0960786
0.0902107
0.0852526
0.0814917
0.0792747
0.0789848
0.0809823
0.0855113
0.0925973
0.101968
0.113056
0.125083
0.1372
0.148633
0.15881
0.167422
0.174419
0.179968
0.184375
0.188016
0.191271
0.194484
0.19794
0.201856
0.206382
0.211604
0.21755
0.224194
0.231455
0.239211
0.247301
0.255538
0.263721
0.271656
0.27916
0.286083
0.292308
0.297755
0.302381
0.306173
0.309142
0.311313
0.312719
0.313397
0.313381
0.312705
0.311396
0.309482
0.306991
0.303955
0.300413
0.296414
0.292023
0.28732
0.282402
0.277389
0.272423
0.267675
0.263352
0.259707
0.257037
0.255674
0.255951
0.258139
0.262375
0.268592
0.276487
0.285543
0.295124
0.304579
0.313353
0.321064
0.327532
0.332769
0.336932
0.340276
0.34309
0.345664
0.348255
0.351073
0.354278
0.357976
0.36223
0.367053
0.372417
0.378255
0.384464
0.390913
0.397452
0.403923
0.410171
0.416056
0.421461
0.426299
0.430512
0.434071
0.43697
0.439221
0.440846
0.441876
0.442338
0.442263
0.441674
0.440593
0.43904
0.437035
0.434602
0.431769
0.428572
0.425059
0.421292
0.417343
0.413303
0.409276
0.40539
0.401791
0.398661
0.396209
0.394676
0.394306
0.395314
0.39783
0.401853
0.407208
0.413564
0.420478
0.427477
0.434135
0.440134
0.445297
0.44959
0.453098
0.455985
0.458455
0.460718
0.46297
0.465368
0.468038
0.47106
0.474479
0.478304
0.482509
0.487037
0.491805
0.496711
0.501637
0.506466
0.511082
0.515385
0.519295
0.522752
0.525722
0.52819
0.530161
0.531649
0.532675
0.533264
0.533438
0.533217
0.532617
0.531648
0.530319
0.528637
0.526611
0.524253
0.521582
0.518625
0.515417
0.512006
0.508441
0.504772
0.501042
0.497279
0.493494
0.489688
0.485869
0.482076
0.478396
0.474968
0.471952
0.469495
0.467673
0.466481
0.465835
0.465604
0.465647
0.465836
0.46608
0.46632
0.466529
0.466702
0.466851
0.466992
0.467146
0.467336
0.467581
0.467901
0.468309
0.46882
0.469441
0.47018
0.471038
0.472015
0.473108
0.474312
0.475616
0.47701
0.189411
0.194529
0.19852
0.201513
0.203657
0.205099
0.205973
0.206392
0.206451
0.206218
0.205745
0.20506
0.204173
0.203079
0.201757
0.200175
0.198291
0.196056
0.193416
0.190316
0.186705
0.18254
0.177788
0.172436
0.166487
0.159973
0.152949
0.145498
0.137728
0.129769
0.121769
0.113892
0.106314
0.099231
0.0928642
0.0874791
0.0833984
0.0810021
0.0806983
0.0828533
0.0876894
0.0951745
0.104949
0.11635
0.128515
0.140539
0.15164
0.161281
0.169214
0.175472
0.180299
0.184066
0.187194
0.190088
0.193099
0.196512
0.200535
0.205312
0.210918
0.217372
0.224631
0.232596
0.241116
0.25
0.259023
0.267951
0.276555
0.284631
0.292012
0.298578
0.304256
0.309016
0.312862
0.315824
0.317945
0.319273
0.319856
0.319734
0.318943
0.317509
0.315456
0.312807
0.309585
0.305824
0.301568
0.296877
0.29183
0.28653
0.281102
0.2757
0.270514
0.265772
0.261754
0.258785
0.257227
0.257429
0.25967
0.264069
0.270519
0.278649
0.28788
0.297514
0.306867
0.315377
0.322687
0.328662
0.333368
0.337019
0.33991
0.342366
0.344693
0.347155
0.349962
0.35327
0.357181
0.361749
0.366981
0.372838
0.379235
0.386047
0.393118
0.400271
0.407317
0.414078
0.420396
0.426144
0.431232
0.435608
0.439255
0.442182
0.444416
0.445994
0.446956
0.447342
0.447183
0.446507
0.445333
0.443678
0.441557
0.438987
0.435991
0.432601
0.428862
0.424833
0.42059
0.416227
0.411861
0.40763
0.403698
0.400267
0.397569
0.395865
0.395418
0.396449
0.399081
0.403282
0.408834
0.415352
0.422347
0.429313
0.435811
0.441537
0.446344
0.450241
0.453354
0.455886
0.458068
0.460128
0.462269
0.464651
0.467396
0.47058
0.474243
0.478383
0.482965
0.487918
0.493139
0.498506
0.50388
0.509121
0.514097
0.518696
0.522829
0.52644
0.529501
0.532007
0.533974
0.53543
0.536407
0.53694
0.537056
0.53678
0.536126
0.535106
0.533723
0.531981
0.529881
0.527431
0.524644
0.521542
0.51816
0.514542
0.510741
0.506813
0.502808
0.498764
0.494703
0.490636
0.48658
0.482582
0.478733
0.475172
0.472059
0.46953
0.467654
0.466415
0.465723
0.465441
0.465424
0.465547
0.465717
0.465878
0.466007
0.4661
0.466171
0.46624
0.46633
0.466465
0.466667
0.466955
0.467346
0.467852
0.468483
0.469246
0.470142
0.471171
0.472329
0.47361
0.475002
0.476495
0.198047
0.202303
0.205434
0.20761
0.209007
0.209792
0.210108
0.210076
0.209787
0.20931
0.208687
0.207942
0.207077
0.20608
0.204922
0.203561
0.201946
0.200016
0.197703
0.19494
0.191658
0.187796
0.183304
0.178149
0.172322
0.165838
0.158747
0.151127
0.14309
0.134773
0.126341
0.117977
0.109884
0.102287
0.0954409
0.0896484
0.0852707
0.0827236
0.0824391
0.0847858
0.0899555
0.0978461
0.108003
0.119662
0.131877
0.143701
0.15436
0.163362
0.170541
0.176016
0.180111
0.183255
0.185905
0.188481
0.191337
0.19475
0.198923
0.20399
0.210022
0.217028
0.224954
0.233678
0.243022
0.252754
0.262611
0.272315
0.281601
0.290238
0.298047
0.304907
0.310757
0.315586
0.319423
0.322321
0.324346
0.325563
0.32603
0.325794
0.324891
0.323345
0.321174
0.318392
0.315014
0.311065
0.306581
0.301619
0.296255
0.290593
0.284766
0.278941
0.273324
0.268169
0.263783
0.260525
0.258782
0.258926
0.261237
0.265812
0.272494
0.280844
0.290211
0.299841
0.309019
0.317191
0.324032
0.329461
0.333606
0.336734
0.339183
0.341302
0.343409
0.345772
0.348597
0.352037
0.35619
0.361104
0.366781
0.37317
0.380169
0.387629
0.395366
0.403166
0.41081
0.418091
0.424831
0.430894
0.436192
0.440684
0.444367
0.447271
0.449443
0.450936
0.451806
0.452098
0.451851
0.45109
0.449834
0.448095
0.445879
0.443197
0.440065
0.436508
0.432566
0.428296
0.423777
0.419107
0.414411
0.409842
0.405583
0.401855
0.398917
0.397052
0.39654
0.397608
0.400367
0.404749
0.410487
0.417141
0.424173
0.431048
0.437324
0.442718
0.447123
0.450592
0.453298
0.455477
0.457386
0.459265
0.46132
0.463712
0.466558
0.469931
0.473864
0.47835
0.483343
0.488754
0.494464
0.500323
0.506169
0.511836
0.517173
0.522053
0.526385
0.530116
0.533226
0.535727
0.537651
0.539039
0.53994
0.540396
0.540444
0.540109
0.539407
0.538346
0.536925
0.535141
0.532991
0.530473
0.527594
0.524372
0.520837
0.517033
0.513013
0.50884
0.50457
0.500251
0.495915
0.491587
0.487293
0.483087
0.479068
0.475374
0.472161
0.469559
0.467627
0.466339
0.465597
0.465259
0.465179
0.46523
0.465323
0.465402
0.465448
0.465459
0.465453
0.465451
0.465479
0.465563
0.465725
0.465987
0.466364
0.466872
0.467519
0.468312
0.469252
0.470339
0.471569
0.472932
0.474419
0.476016
0.205225
0.208528
0.210746
0.212081
0.212735
0.212884
0.212679
0.212237
0.211647
0.210969
0.210239
0.209473
0.208666
0.207798
0.206835
0.205726
0.204414
0.202827
0.200888
0.198514
0.195622
0.192133
0.187979
0.183107
0.177489
0.171126
0.164054
0.156347
0.148115
0.139505
0.130694
0.121887
0.113312
0.105228
0.0979257
0.0917492
0.0871013
0.0844348
0.0842046
0.0867758
0.0922998
0.100593
0.111098
0.122945
0.135115
0.14663
0.156738
0.165015
0.171385
0.176057
0.17943
0.181983
0.1842
0.186504
0.189247
0.192698
0.197052
0.20244
0.208931
0.216529
0.225169
0.234708
0.244935
0.255573
0.26631
0.276817
0.286789
0.295967
0.304159
0.31125
0.317198
0.32202
0.325777
0.32855
0.33043
0.331502
0.331834
0.331481
0.330475
0.328836
0.326573
0.32369
0.320191
0.316091
0.311416
0.306216
0.300563
0.294564
0.288358
0.282124
0.276088
0.270529
0.265785
0.262246
0.260333
0.260436
0.262833
0.267595
0.274504
0.28305
0.292507
0.302069
0.311
0.318761
0.325074
0.329919
0.333486
0.336095
0.33812
0.33993
0.341848
0.344139
0.347008
0.350603
0.355019
0.360305
0.366458
0.373416
0.381061
0.389217
0.397661
0.406143
0.414405
0.422206
0.429349
0.435689
0.441145
0.445692
0.44935
0.452174
0.454234
0.455606
0.456356
0.456542
0.456203
0.455367
0.454045
0.452242
0.449959
0.447194
0.443955
0.44026
0.436143
0.431658
0.426883
0.421922
0.41691
0.412012
0.407432
0.403416
0.400245
0.39823
0.397668
0.398787
0.401681
0.406244
0.412152
0.418907
0.425927
0.432652
0.438646
0.443656
0.447621
0.450644
0.45294
0.454778
0.456434
0.458156
0.46015
0.462574
0.465543
0.469126
0.473353
0.478213
0.483647
0.489553
0.495786
0.502169
0.50851
0.514613
0.520305
0.525447
0.529945
0.533751
0.536862
0.539309
0.541143
0.542427
0.543222
0.543583
0.543552
0.543158
0.542416
0.541327
0.539888
0.538086
0.53591
0.533351
0.530408
0.527092
0.523429
0.51946
0.515242
0.510837
0.506313
0.501726
0.497121
0.492533
0.488001
0.483588
0.479398
0.47557
0.472257
0.469582
0.467592
0.466253
0.465458
0.465061
0.464913
0.464889
0.4649
0.464895
0.464856
0.464787
0.464704
0.464634
0.464604
0.464641
0.464769
0.46501
0.465382
0.465897
0.466566
0.467396
0.468387
0.469538
0.470845
0.472299
0.473887
0.475593
0.210947
0.213252
0.214546
0.215059
0.215005
0.21457
0.213899
0.213105
0.212267
0.211437
0.210641
0.209887
0.209164
0.208446
0.207692
0.20685
0.205853
0.204627
0.203083
0.201129
0.198667
0.195601
0.191843
0.187322
0.181988
0.175824
0.168852
0.161135
0.152781
0.14394
0.134805
0.125598
0.116579
0.108037
0.100306
0.0937729
0.0888848
0.0861328
0.0859923
0.0888182
0.09471
0.103392
0.114197
0.126154
0.138176
0.149273
0.158734
0.166219
0.171747
0.175618
0.178297
0.180305
0.182136
0.184214
0.186879
0.190394
0.194951
0.200681
0.207655
0.215879
0.225279
0.23569
0.24686
0.258462
0.270124
0.281459
0.292112
0.301796
0.310311
0.317554
0.323512
0.328239
0.331834
0.334416
0.336102
0.336998
0.337183
0.336713
0.33562
0.333913
0.331592
0.328647
0.325069
0.320859
0.316033
0.310632
0.304726
0.298418
0.291856
0.285231
0.27879
0.272838
0.267747
0.263943
0.261876
0.261955
0.264454
0.269408
0.276534
0.285243
0.294738
0.304164
0.312776
0.320062
0.3258
0.330036
0.333024
0.335131
0.33676
0.33829
0.340047
0.34229
0.345221
0.348985
0.353681
0.359358
0.366014
0.373579
0.381914
0.390813
0.40001
0.409208
0.418102
0.426417
0.433932
0.440499
0.446048
0.450578
0.454141
0.456821
0.458719
0.459929
0.460537
0.460606
0.460179
0.459279
0.457913
0.456074
0.453754
0.45094
0.447629
0.443829
0.439568
0.434895
0.429888
0.424656
0.419342
0.414128
0.409237
0.404941
0.401549
0.399397
0.398798
0.399981
0.403018
0.407756
0.413812
0.420629
0.427582
0.434097
0.439754
0.444337
0.447836
0.450405
0.452301
0.453819
0.455246
0.456834
0.458787
0.461261
0.464367
0.468176
0.472717
0.477974
0.483881
0.490316
0.497109
0.504049
0.510906
0.517453
0.52349
0.528864
0.533483
0.53731
0.540365
0.542702
0.544398
0.545537
0.546198
0.546447
0.546332
0.545882
0.54511
0.544013
0.542577
0.540783
0.538609
0.536039
0.533061
0.52968
0.525916
0.521807
0.517409
0.512791
0.508026
0.503181
0.498312
0.493468
0.4887
0.48408
0.479719
0.475758
0.472347
0.469598
0.46755
0.466157
0.465305
0.464845
0.464626
0.464523
0.464451
0.464361
0.464239
0.464089
0.463934
0.463801
0.463718
0.463714
0.463814
0.464042
0.464413
0.464943
0.465642
0.466514
0.467563
0.468785
0.470177
0.471727
0.473422
0.475246
0.21528
0.216589
0.216989
0.216731
0.216036
0.215086
0.214019
0.212938
0.21191
0.210975
0.210151
0.209436
0.208813
0.208252
0.207709
0.20713
0.206445
0.205575
0.204428
0.202901
0.200885
0.19827
0.194948
0.190827
0.185837
0.179939
0.173137
0.16548
0.15707
0.148061
0.138655
0.129096
0.11967
0.110703
0.102573
0.0957131
0.0906178
0.087816
0.0877998
0.0909065
0.097171
0.106218
0.117263
0.129241
0.14101
0.151588
0.160323
0.166969
0.171646
0.174739
0.176769
0.178283
0.179778
0.181668
0.184283
0.187878
0.192646
0.198727
0.206202
0.21508
0.225283
0.236622
0.2488
0.261427
0.274058
0.286239
0.297558
0.307698
0.316457
0.323756
0.32962
0.334152
0.3375
0.339822
0.341268
0.341962
0.341992
0.341415
0.340256
0.338514
0.336174
0.333211
0.329601
0.325328
0.320397
0.314838
0.308714
0.30213
0.295238
0.288244
0.281414
0.275085
0.269661
0.265606
0.263404
0.263477
0.266092
0.27124
0.278566
0.2874
0.296875
0.306097
0.314322
0.321078
0.326207
0.329825
0.332247
0.333879
0.335144
0.336427
0.338047
0.34026
0.343261
0.347201
0.352185
0.358268
0.36545
0.373657
0.382728
0.392419
0.402416
0.412362
0.4219
0.430713
0.438557
0.445287
0.450851
0.455281
0.458669
0.461138
0.46282
0.463834
0.46428
0.464227
0.46372
0.462775
0.461389
0.459547
0.457225
0.4544
0.451055
0.447187
0.442816
0.437986
0.432774
0.427292
0.421694
0.416177
0.410988
0.406423
0.402823
0.400548
0.399927
0.401186
0.40437
0.409272
0.415447
0.422281
0.429112
0.435362
0.440633
0.444756
0.447776
0.449897
0.451411
0.452631
0.453855
0.45533
0.457258
0.459793
0.463046
0.467092
0.471961
0.477637
0.484046
0.491047
0.498437
0.505966
0.51336
0.520353
0.526716
0.532285
0.53697
0.540756
0.543688
0.545854
0.54736
0.548315
0.548816
0.54894
0.548738
0.54824
0.547453
0.546367
0.54496
0.543203
0.541063
0.538512
0.535531
0.532115
0.528278
0.524054
0.5195
0.514687
0.509695
0.504603
0.499478
0.494383
0.489382
0.484558
0.480029
0.475937
0.472428
0.469606
0.467499
0.46605
0.46514
0.464613
0.46432
0.464136
0.46398
0.463806
0.463601
0.463376
0.463153
0.462961
0.462832
0.462794
0.462874
0.463095
0.463474
0.464026
0.46476
0.465683
0.466796
0.468098
0.469581
0.471235
0.473045
0.474993
0.218351
0.218704
0.218276
0.217324
0.216071
0.214688
0.213303
0.212003
0.210842
0.209847
0.209026
0.208369
0.207854
0.207447
0.207105
0.206771
0.206378
0.205844
0.205075
0.203963
0.202389
0.200231
0.197364
0.193674
0.18907
0.183489
0.176914
0.169379
0.160975
0.151857
0.142232
0.132366
0.122572
0.113217
0.10472
0.097566
0.0922987
0.0894835
0.0896246
0.0930322
0.0996649
0.109039
0.120256
0.13216
0.143574
0.153544
0.161494
0.167279
0.17112
0.173477
0.174914
0.17599
0.177194
0.178927
0.181507
0.185184
0.190161
0.196592
0.204575
0.214132
0.22518
0.237505
0.250757
0.264473
0.278117
0.291154
0.30311
0.313639
0.322544
0.329782
0.335434
0.339664
0.342675
0.344672
0.345837
0.34631
0.346186
0.345518
0.344321
0.342583
0.340269
0.337337
0.333745
0.329462
0.324474
0.318802
0.312502
0.305677
0.298485
0.291145
0.283947
0.277257
0.271518
0.267232
0.264913
0.265
0.267742
0.27308
0.280582
0.289497
0.29889
0.30784
0.315618
0.321802
0.326305
0.329313
0.331193
0.332385
0.333323
0.334388
0.335891
0.338081
0.341155
0.34527
0.35054
0.357037
0.364765
0.373648
0.383502
0.394038
0.404882
0.415609
0.425796
0.43508
0.443198
0.450009
0.455495
0.459732
0.462861
0.465049
0.466464
0.467251
0.467521
0.467349
0.466774
0.465807
0.464434
0.462624
0.46034
0.457544
0.454205
0.450309
0.445865
0.440911
0.435522
0.429815
0.423953
0.418149
0.412675
0.407856
0.404062
0.401679
0.401051
0.402398
0.405727
0.410777
0.417038
0.423842
0.430497
0.436428
0.441274
0.444918
0.44746
0.449148
0.450304
0.451255
0.452298
0.453679
0.455592
0.458192
0.461595
0.46588
0.471088
0.477202
0.484142
0.491745
0.499771
0.507923
0.515874
0.523311
0.529974
0.535687
0.540373
0.544042
0.546779
0.548709
0.549974
0.550708
0.551027
0.551016
0.55073
0.550195
0.549412
0.548362
0.547013
0.545323
0.543249
0.540751
0.537799
0.53438
0.530499
0.526187
0.5215
0.516512
0.51131
0.505982
0.500611
0.495272
0.490043
0.485019
0.480324
0.476104
0.4725
0.469606
0.46744
0.465934
0.464962
0.464366
0.463997
0.463732
0.463491
0.463234
0.462951
0.462655
0.46237
0.462127
0.461959
0.461895
0.461963
0.462185
0.462579
0.46316
0.463937
0.464918
0.466103
0.46749
0.469073
0.470839
0.472772
0.474852
0.220328
0.2198
0.21863
0.21708
0.215361
0.213632
0.212005
0.210551
0.209308
0.208293
0.207501
0.206915
0.206509
0.206247
0.206085
0.205969
0.205835
0.205602
0.205178
0.204451
0.203298
0.201583
0.19917
0.195924
0.19173
0.186503
0.180201
0.172839
0.164497
0.155321
0.145528
0.1354
0.12528
0.115571
0.106742
0.0993298
0.0939272
0.091135
0.0914634
0.0951847
0.102171
0.111824
0.123134
0.134868
0.145835
0.155124
0.162251
0.167179
0.17022
0.171899
0.172806
0.173499
0.174454
0.176051
0.178598
0.18235
0.187522
0.194291
0.202782
0.213034
0.224967
0.238338
0.252735
0.267603
0.282303
0.296198
0.308748
0.319577
0.328509
0.335553
0.340862
0.344676
0.347263
0.348877
0.349728
0.349971
0.349702
0.348968
0.34777
0.346077
0.343838
0.34099
0.33747
0.333228
0.328237
0.3225
0.316067
0.309039
0.301579
0.29392
0.286377
0.279347
0.273312
0.268815
0.266401
0.266518
0.269395
0.274914
0.282563
0.291508
0.300757
0.309372
0.316652
0.322238
0.326114
0.328533
0.329908
0.330701
0.331348
0.33222
0.33362
0.335789
0.338929
0.343207
0.348757
0.355669
0.363959
0.373552
0.384236
0.395672
0.407414
0.418951
0.429785
0.439502
0.447819
0.454616
0.459918
0.463859
0.46664
0.468481
0.469585
0.47012
0.470208
0.469925
0.469304
0.468344
0.467016
0.465277
0.463073
0.460348
0.457058
0.453175
0.448696
0.443652
0.438117
0.432211
0.426106
0.420035
0.414292
0.409234
0.405263
0.402789
0.402169
0.403611
0.407081
0.412258
0.418567
0.42529
0.431716
0.437286
0.441679
0.444837
0.446912
0.448192
0.449021
0.449732
0.450617
0.451914
0.453817
0.456479
0.460026
0.46455
0.4701
0.476669
0.484168
0.492411
0.501115
0.509925
0.51845
0.526322
0.533248
0.539044
0.543652
0.547122
0.549585
0.551213
0.552186
0.552669
0.55279
0.552642
0.55228
0.551724
0.550967
0.549979
0.548716
0.547125
0.54515
0.542739
0.539849
0.536458
0.532563
0.528191
0.523395
0.518252
0.512857
0.507308
0.5017
0.496126
0.490675
0.485457
0.480603
0.476259
0.472563
0.469599
0.467373
0.465809
0.464773
0.464107
0.463659
0.463313
0.46299
0.462654
0.462298
0.461937
0.461597
0.461311
0.461112
0.461031
0.461094
0.461325
0.461742
0.462359
0.463187
0.464233
0.465498
0.466979
0.46867
0.470556
0.472621
0.474842
0.221408
0.220094
0.218285
0.216235
0.214142
0.21215
0.210352
0.208802
0.207525
0.206521
0.205778
0.205271
0.20497
0.204837
0.20483
0.204899
0.204984
0.20501
0.204885
0.204501
0.203731
0.202432
0.200454
0.197647
0.193871
0.189019
0.183022
0.175875
0.167639
0.158454
0.148541
0.138195
0.127787
0.117762
0.108638
0.101005
0.0955044
0.0927705
0.0933119
0.0973513
0.104665
0.11454
0.125859
0.137331
0.147768
0.156324
0.162617
0.166715
0.169012
0.170081
0.170524
0.170888
0.171624
0.173096
0.175605
0.179411
0.184752
0.191839
0.200828
0.211787
0.224642
0.23912
0.254736
0.270825
0.286619
0.301365
0.314445
0.325463
0.33428
0.340979
0.345807
0.349094
0.351177
0.35236
0.352878
0.352894
0.352501
0.351732
0.350571
0.34897
0.346855
0.344143
0.34075
0.336604
0.33166
0.325909
0.319388
0.312197
0.304503
0.296555
0.288691
0.281344
0.275037
0.270351
0.267863
0.268027
0.271044
0.27673
0.284489
0.293409
0.302452
0.310677
0.317423
0.3224
0.325664
0.32753
0.328445
0.328883
0.329274
0.329975
0.331277
0.333419
0.336608
0.341031
0.346846
0.354167
0.363032
0.373365
0.384928
0.397324
0.410014
0.422388
0.43386
0.443956
0.452383
0.459052
0.46405
0.467587
0.469934
0.471366
0.472124
0.472395
0.472307
0.471929
0.471287
0.470364
0.469119
0.46749
0.465405
0.462795
0.459596
0.455767
0.451292
0.446195
0.440546
0.434467
0.428143
0.421825
0.415832
0.410553
0.406422
0.403875
0.403278
0.40482
0.408422
0.413699
0.420014
0.426606
0.432757
0.43793
0.441857
0.444535
0.446166
0.447072
0.447607
0.448105
0.448849
0.450071
0.45196
0.454676
0.458356
0.46311
0.469003
0.476038
0.484123
0.493046
0.502471
0.511974
0.521088
0.529381
0.536521
0.542325
0.546765
0.549944
0.552051
0.553314
0.553954
0.55416
0.554077
0.553798
0.553374
0.552817
0.552109
0.55121
0.550063
0.548601
0.546757
0.544464
0.541669
0.538337
0.534459
0.530054
0.525173
0.519897
0.514326
0.50857
0.502739
0.496938
0.491274
0.485869
0.480862
0.4764
0.472616
0.469584
0.467299
0.465676
0.464576
0.463837
0.463312
0.462885
0.462484
0.462073
0.46165
0.461232
0.460846
0.460526
0.460305
0.460215
0.460282
0.460529
0.460976
0.461637
0.462523
0.463642
0.464995
0.46658
0.468388
0.470405
0.472611
0.474981
0.221798
0.219804
0.217458
0.215004
0.212624
0.210442
0.208535
0.206939
0.205665
0.2047
0.204022
0.203597
0.203393
0.203371
0.203492
0.203711
0.203972
0.204207
0.204331
0.204239
0.203804
0.20288
0.201305
0.198915
0.195552
0.19108
0.185409
0.178505
0.170413
0.161262
0.15127
0.140747
0.130093
0.119791
0.110409
0.102592
0.0970325
0.0943896
0.0951644
0.0995172
0.107123
0.117152
0.128394
0.139517
0.149359
0.157155
0.162627
0.165943
0.167567
0.168102
0.168148
0.16823
0.168773
0.170123
0.172575
0.176406
0.181881
0.189252
0.198722
0.210393
0.224203
0.239851
0.256764
0.274144
0.291067
0.306642
0.320168
0.331241
0.339778
0.34597
0.350177
0.352831
0.354345
0.355067
0.355249
0.355056
0.354568
0.353801
0.35272
0.351256
0.349314
0.346787
0.343572
0.339574
0.334729
0.329011
0.322448
0.315135
0.307243
0.299038
0.290881
0.283242
0.276687
0.271838
0.269298
0.269524
0.27268
0.278511
0.286339
0.295179
0.303958
0.311747
0.317938
0.32231
0.324994
0.326353
0.32686
0.326988
0.327155
0.327701
0.328906
0.331007
0.334224
0.338765
0.344821
0.35254
0.361985
0.373086
0.38558
0.398995
0.412687
0.425924
0.438012
0.448416
0.456843
0.463254
0.467821
0.470845
0.472679
0.473654
0.474045
0.474052
0.473801
0.473354
0.47272
0.471869
0.470741
0.469258
0.467333
0.464876
0.46181
0.458074
0.453642
0.448528
0.442796
0.436574
0.430056
0.423512
0.417289
0.411808
0.407537
0.404936
0.404373
0.406018
0.409738
0.415084
0.421362
0.427777
0.433611
0.438365
0.441824
0.444041
0.445262
0.445831
0.446108
0.446419
0.447037
0.448184
0.450051
0.452805
0.456601
0.46157
0.467801
0.475311
0.484008
0.493649
0.503842
0.514075
0.523789
0.532478
0.539772
0.545495
0.549666
0.552456
0.554128
0.55497
0.555244
0.555163
0.554878
0.554482
0.554015
0.55348
0.552847
0.552062
0.551057
0.549752
0.548067
0.545922
0.543252
0.540009
0.536176
0.531764
0.526823
0.521436
0.515708
0.509761
0.503718
0.497702
0.491835
0.486252
0.481099
0.476526
0.472659
0.469562
0.46722
0.465537
0.464371
0.46356
0.462958
0.462454
0.461978
0.4615
0.461018
0.460551
0.460128
0.459783
0.45955
0.459459
0.459538
0.45981
0.460294
0.461007
0.46196
0.46316
0.46461
0.466308
0.468244
0.470403
0.472762
0.475291
0.221698
0.21913
0.216345
0.213572
0.210977
0.208666
0.2067
0.2051
0.203859
0.202954
0.202351
0.202011
0.201896
0.201968
0.202191
0.202523
0.202917
0.203313
0.203633
0.203777
0.203623
0.203023
0.201809
0.199804
0.196831
0.192733
0.187393
0.180753
0.172834
0.16375
0.153719
0.14306
0.132198
0.121657
0.112056
0.104096
0.098514
0.0959923
0.0970133
0.101665
0.109518
0.119628
0.130709
0.141408
0.150609
0.157639
0.162327
0.164929
0.165962
0.166042
0.165755
0.165597
0.165965
0.167186
0.169558
0.173375
0.17894
0.186554
0.196476
0.208855
0.223651
0.240531
0.258823
0.277567
0.295649
0.312016
0.32588
0.336846
0.344922
0.350434
0.353885
0.355818
0.35672
0.356972
0.356837
0.356465
0.35592
0.355196
0.354237
0.352951
0.351224
0.348927
0.345935
0.342132
0.337434
0.331796
0.325235
0.31784
0.309788
0.301357
0.292937
0.285035
0.278259
0.273273
0.270703
0.271003
0.274293
0.280243
0.288093
0.296798
0.305261
0.31258
0.318209
0.322001
0.324148
0.325056
0.325209
0.325073
0.325045
0.325448
0.32655
0.328591
0.331805
0.336431
0.342697
0.350794
0.36082
0.372715
0.38619
0.400689
0.415438
0.429557
0.442228
0.452853
0.461151
0.46716
0.471162
0.47357
0.474824
0.475311
0.475332
0.47509
0.474703
0.474217
0.473624
0.472876
0.471898
0.470595
0.468863
0.466595
0.463696
0.460091
0.455738
0.450641
0.444859
0.438523
0.431836
0.425089
0.418658
0.412998
0.408608
0.40597
0.405453
0.407198
0.411018
0.416399
0.422595
0.428788
0.434275
0.4386
0.441604
0.443391
0.444242
0.444515
0.444569
0.444718
0.445219
0.44629
0.448121
0.450892
0.45478
0.459943
0.4665
0.47449
0.483821
0.494223
0.50523
0.51623
0.526553
0.535605
0.542978
0.548517
0.552308
0.554611
0.555774
0.556149
0.55604
0.555674
0.555204
0.554712
0.554228
0.553739
0.553203
0.552554
0.551713
0.550589
0.549086
0.547115
0.544596
0.541469
0.537707
0.533314
0.528337
0.522858
0.516992
0.51087
0.50463
0.498411
0.492352
0.486601
0.481312
0.476637
0.472693
0.469536
0.467137
0.465396
0.464164
0.463281
0.462604
0.462027
0.461482
0.460944
0.460412
0.459906
0.459457
0.459097
0.45886
0.458777
0.458876
0.45918
0.45971
0.460482
0.461509
0.4628
0.464358
0.466181
0.468257
0.47057
0.473094
0.475794
0.221296
0.218252
0.215111
0.212088
0.209335
0.206942
0.204955
0.203379
0.202196
0.201367
0.200848
0.200593
0.20056
0.20071
0.201009
0.201423
0.201912
0.202422
0.202886
0.203211
0.203281
0.202948
0.202044
0.200381
0.197767
0.194026
0.189013
0.182644
0.174918
0.165931
0.155894
0.145137
0.134106
0.123365
0.113585
0.105521
0.099952
0.0975772
0.0988497
0.103777
0.111822
0.121938
0.132777
0.14299
0.151526
0.157809
0.161772
0.163742
0.164273
0.163979
0.163419
0.163057
0.163259
0.164341
0.166602
0.170361
0.175964
0.18377
0.194106
0.207182
0.222987
0.241162
0.260918
0.2811
0.300365
0.31747
0.331538
0.342208
0.349625
0.354288
0.356862
0.358011
0.358285
0.358088
0.357671
0.357166
0.356608
0.355968
0.355167
0.354095
0.352616
0.350584
0.347851
0.344283
0.339772
0.334257
0.32774
0.320303
0.312127
0.303504
0.294853
0.286718
0.27975
0.274654
0.272076
0.272459
0.275872
0.28191
0.289733
0.298248
0.306352
0.313182
0.318258
0.321506
0.323174
0.323693
0.323549
0.323191
0.322995
0.323262
0.324252
0.326209
0.329387
0.334057
0.340496
0.348943
0.359542
0.372254
0.38676
0.40241
0.418272
0.433289
0.446495
0.45723
0.46525
0.470702
0.474009
0.475711
0.476339
0.47633
0.475998
0.47554
0.475053
0.474564
0.474043
0.473427
0.472625
0.471527
0.470013
0.467962
0.465261
0.461818
0.457576
0.452528
0.446728
0.440306
0.433477
0.426552
0.419937
0.41412
0.409632
0.406976
0.406515
0.408354
0.41225
0.417629
0.423699
0.429633
0.434753
0.438651
0.441224
0.442621
0.443149
0.443172
0.443037
0.443043
0.443436
0.444423
0.4462
0.448964
0.452914
0.458246
0.465111
0.473578
0.483565
0.494767
0.50664
0.518445
0.52938
0.538749
0.546111
0.55135
0.554644
0.556366
0.556958
0.55684
0.556348
0.555717
0.555089
0.554532
0.554057
0.553637
0.553218
0.552723
0.552062
0.551133
0.549831
0.548053
0.545705
0.542717
0.539049
0.534698
0.529706
0.524157
0.518171
0.51189
0.505468
0.49906
0.492822
0.486916
0.481502
0.476733
0.47272
0.469507
0.467054
0.465254
0.463958
0.463005
0.462257
0.461611
0.461006
0.460416
0.459844
0.45931
0.458844
0.458479
0.458248
0.458182
0.458308
0.458652
0.459235
0.460075
0.461186
0.462579
0.464256
0.466217
0.468447
0.470929
0.473631
0.476515
0.220755
0.217317
0.213886
0.210666
0.207794
0.20535
0.203368
0.201838
0.200728
0.199987
0.199558
0.199388
0.199431
0.199646
0.200003
0.200472
0.20102
0.201603
0.202163
0.202617
0.202853
0.202732
0.202082
0.200711
0.198417
0.195002
0.190301
0.184204
0.176683
0.167816
0.157804
0.146982
0.13582
0.12492
0.115001
0.106871
0.101349
0.0991426
0.100663
0.105833
0.114007
0.124052
0.134577
0.144261
0.152128
0.157706
0.161018
0.16245
0.162571
0.161981
0.161204
0.160668
0.160712
0.161638
0.163754
0.167407
0.17299
0.180931
0.191633
0.205383
0.222215
0.241746
0.263055
0.284751
0.305216
0.322983
0.33709
0.347255
0.353804
0.357458
0.359063
0.359398
0.359065
0.358464
0.357823
0.35724
0.356716
0.356197
0.355584
0.354748
0.353538
0.351792
0.349345
0.346039
0.341749
0.336393
0.329957
0.322516
0.314252
0.305473
0.296623
0.288287
0.28116
0.275981
0.273416
0.273887
0.277408
0.283495
0.291241
0.299515
0.307226
0.313561
0.318111
0.320867
0.322119
0.322315
0.321931
0.321393
0.32105
0.321187
0.322053
0.323899
0.327003
0.331675
0.338241
0.347003
0.35816
0.371704
0.387292
0.404162
0.421197
0.437118
0.450795
0.46151
0.469085
0.47382
0.476308
0.477236
0.477221
0.476735
0.476091
0.475462
0.47492
0.474464
0.474045
0.473583
0.472974
0.472096
0.470817
0.469
0.466517
0.463261
0.459158
0.454188
0.448398
0.441918
0.434974
0.427897
0.421123
0.415174
0.410611
0.407953
0.407553
0.409477
0.413422
0.418759
0.424663
0.430309
0.435052
0.438538
0.440715
0.441771
0.442028
0.441844
0.441553
0.441436
0.441723
0.442618
0.444322
0.447049
0.451029
0.456496
0.463646
0.472584
0.483241
0.495285
0.508074
0.520723
0.532269
0.541897
0.549142
0.553953
0.556632
0.557686
0.557665
0.55705
0.556197
0.555337
0.554591
0.554003
0.553566
0.553236
0.552948
0.552616
0.552142
0.551417
0.550324
0.54875
0.546589
0.543757
0.540202
0.535913
0.530926
0.525326
0.519238
0.512815
0.506226
0.499643
0.493241
0.487193
0.481668
0.476816
0.472743
0.469478
0.466975
0.465119
0.463758
0.462738
0.461923
0.461216
0.460558
0.459927
0.459326
0.458775
0.458302
0.457942
0.457726
0.457685
0.457848
0.458239
0.458883
0.4598
0.461006
0.462512
0.464323
0.466437
0.468838
0.471504
0.4744
0.47748
0.220214
0.216448
0.212774
0.209388
0.20642
0.203942
0.201978
0.200506
0.19948
0.198833
0.198499
0.198415
0.198528
0.198799
0.199198
0.199701
0.20028
0.200903
0.201517
0.202051
0.202401
0.202434
0.201981
0.20085
0.198828
0.195704
0.191292
0.185458
0.178147
0.169417
0.159457
0.148605
0.137348
0.126327
0.11631
0.108153
0.102708
0.100685
0.102442
0.107811
0.116049
0.125946
0.136096
0.145222
0.152439
0.157373
0.160124
0.161116
0.16092
0.160107
0.159163
0.158478
0.158367
0.159121
0.161058
0.164555
0.17006
0.178072
0.189084
0.203474
0.221342
0.242286
0.26524
0.288531
0.310202
0.328529
0.342484
0.351909
0.357385
0.359891
0.360472
0.360008
0.359122
0.358192
0.357401
0.356799
0.356355
0.355987
0.355579
0.354988
0.354055
0.352603
0.350451
0.347425
0.343377
0.338208
0.331885
0.324475
0.316158
0.307257
0.298244
0.289741
0.282486
0.277255
0.27472
0.275281
0.278887
0.284983
0.292601
0.300589
0.307884
0.313733
0.317795
0.32012
0.321029
0.320969
0.3204
0.31972
0.319252
0.31926
0.319988
0.321697
0.324689
0.329315
0.335961
0.344995
0.356685
0.371071
0.387788
0.405951
0.424217
0.441045
0.45511
0.465649
0.472598
0.476455
0.478024
0.478139
0.477496
0.476582
0.475686
0.474945
0.474396
0.474008
0.473713
0.473418
0.473009
0.472355
0.471314
0.469739
0.467486
0.464432
0.460489
0.45562
0.449866
0.443355
0.436323
0.429121
0.422214
0.416159
0.411545
0.4089
0.408566
0.410559
0.414523
0.419778
0.425479
0.430814
0.435182
0.438283
0.440111
0.440879
0.440916
0.44057
0.440154
0.43993
0.440114
0.440907
0.442516
0.445177
0.449151
0.454717
0.462121
0.471515
0.482854
0.495779
0.509539
0.523072
0.535219
0.545035
0.55204
0.556285
0.558236
0.558555
0.557903
0.556811
0.555643
0.554604
0.553787
0.553207
0.552834
0.55261
0.552459
0.552291
0.552003
0.551479
0.550595
0.549228
0.54726
0.544595
0.541168
0.536957
0.531994
0.52636
0.520186
0.513638
0.506898
0.500158
0.493607
0.487433
0.48181
0.476889
0.472764
0.469455
0.466905
0.464995
0.463574
0.46249
0.461614
0.460853
0.460152
0.45949
0.458871
0.458313
0.457846
0.4575
0.457309
0.457301
0.457508
0.457955
0.458669
0.459673
0.460985
0.462619
0.464581
0.466866
0.469457
0.472326
0.475432
0.478722
0.219789
0.215742
0.211853
0.208314
0.205255
0.202746
0.200801
0.19939
0.19845
0.197901
0.197664
0.197665
0.197846
0.198167
0.198598
0.199119
0.19971
0.200344
0.200979
0.201551
0.201967
0.2021
0.20179
0.200842
0.199042
0.196168
0.192015
0.186428
0.179326
0.170746
0.160862
0.150011
0.138697
0.127595
0.11752
0.109372
0.104033
0.1022
0.104172
0.109691
0.117921
0.127598
0.137324
0.145883
0.152486
0.156851
0.159138
0.159791
0.159368
0.1584
0.157335
0.156524
0.156258
0.156824
0.158552
0.161848
0.167217
0.175233
0.18649
0.201476
0.220376
0.242789
0.267482
0.292448
0.31532
0.334082
0.347659
0.356098
0.360305
0.361564
0.361113
0.359909
0.358563
0.3574
0.35654
0.355981
0.355655
0.355456
0.355257
0.354908
0.354242
0.353074
0.351213
0.348469
0.344675
0.339711
0.333528
0.326178
0.317842
0.308854
0.299712
0.291078
0.283731
0.278475
0.275987
0.276634
0.280299
0.286357
0.293796
0.301461
0.308329
0.313712
0.317338
0.319302
0.31994
0.319692
0.318991
0.318204
0.317628
0.317509
0.318089
0.319636
0.32248
0.327014
0.333687
0.342943
0.355135
0.370362
0.388252
0.407784
0.427342
0.445068
0.459416
0.469603
0.475732
0.478565
0.479141
0.478445
0.477225
0.475958
0.474887
0.474101
0.473592
0.473302
0.473146
0.473019
0.472804
0.472365
0.471554
0.470215
0.468192
0.465348
0.461576
0.456829
0.451133
0.444616
0.437522
0.430222
0.423211
0.417076
0.412433
0.409817
0.409547
0.411592
0.415541
0.420674
0.426139
0.431151
0.435157
0.437909
0.439438
0.439977
0.439847
0.439381
0.438869
0.438553
0.438637
0.439317
0.440812
0.443377
0.44731
0.452935
0.460557
0.470384
0.482411
0.496252
0.511039
0.525496
0.538228
0.548145
0.554773
0.558311
0.559429
0.55897
0.557699
0.556181
0.554762
0.553609
0.552774
0.552238
0.55195
0.55184
0.551825
0.551814
0.551699
0.551364
0.55068
0.549514
0.547738
0.545243
0.541952
0.537832
0.532906
0.527255
0.521012
0.514355
0.507481
0.5006
0.493918
0.487636
0.481933
0.476956
0.47279
0.469444
0.466851
0.464891
0.463413
0.462271
0.46134
0.460534
0.4598
0.459119
0.458493
0.457941
0.457489
0.457168
0.457009
0.457044
0.457303
0.457815
0.45861
0.459712
0.461146
0.462925
0.465056
0.467533
0.470336
0.473428
0.476762
0.480274
0.219575
0.215278
0.211184
0.207489
0.204327
0.201773
0.199837
0.198479
0.197621
0.197169
0.197028
0.197113
0.197362
0.197729
0.198187
0.198717
0.199305
0.199931
0.200559
0.201135
0.201575
0.201761
0.20154
0.200721
0.199091
0.196421
0.192494
0.187132
0.180236
0.171814
0.162028
0.151208
0.139874
0.128731
0.118637
0.110535
0.105323
0.103681
0.10584
0.111451
0.119599
0.12899
0.138253
0.146252
0.152292
0.156173
0.158098
0.158513
0.157945
0.156886
0.155739
0.154821
0.154406
0.154773
0.156265
0.159323
0.164501
0.172458
0.183891
0.199416
0.219333
0.24326
0.269791
0.296514
0.320571
0.339609
0.352555
0.359756
0.362525
0.362484
0.36105
0.35921
0.357527
0.35624
0.355394
0.354932
0.354751
0.354728
0.354727
0.354599
0.354176
0.353269
0.35168
0.349206
0.345665
0.340914
0.334888
0.327625
0.319302
0.310261
0.301028
0.2923
0.284895
0.279642
0.277215
0.277939
0.281631
0.287604
0.294814
0.302124
0.308562
0.313512
0.316761
0.318437
0.318879
0.318508
0.317724
0.316864
0.316196
0.315955
0.316377
0.317742
0.320407
0.324808
0.331456
0.34088
0.35353
0.369589
0.388691
0.409666
0.430579
0.449186
0.46369
0.473325
0.47844
0.480122
0.479672
0.478208
0.4765
0.474977
0.473819
0.473053
0.472626
0.472455
0.472441
0.472474
0.472435
0.47219
0.471588
0.470468
0.468665
0.466026
0.462432
0.457817
0.452199
0.4457
0.438571
0.431201
0.424113
0.417926
0.413278
0.410704
0.410493
0.412567
0.416464
0.421437
0.426639
0.431324
0.434989
0.437435
0.438723
0.439089
0.438845
0.438299
0.437718
0.437324
0.43731
0.437872
0.439236
0.44168
0.445536
0.45118
0.458978
0.46921
0.48192
0.49671
0.512581
0.528002
0.541297
0.551209
0.557308
0.559998
0.560202
0.558953
0.557109
0.555241
0.553651
0.552454
0.551652
0.551193
0.551005
0.551009
0.551121
0.551248
0.551287
0.55112
0.550615
0.549635
0.548042
0.545714
0.542562
0.538541
0.533663
0.528008
0.521713
0.514962
0.507972
0.500968
0.494176
0.487804
0.48204
0.477023
0.472828
0.469453
0.466824
0.464818
0.463288
0.462094
0.461117
0.460275
0.459519
0.45883
0.458209
0.457673
0.457247
0.456961
0.456844
0.456931
0.457251
0.457838
0.458725
0.45994
0.461511
0.463456
0.46578
0.468475
0.471514
0.474852
0.47843
0.482175
0.219655
0.215125
0.210821
0.206948
0.203657
0.201029
0.199078
0.197755
0.196967
0.196603
0.196553
0.196721
0.197036
0.197448
0.197931
0.198467
0.199045
0.199649
0.200252
0.200805
0.201234
0.20143
0.201248
0.200507
0.198995
0.196483
0.192744
0.187585
0.180884
0.172629
0.16296
0.152203
0.140887
0.129744
0.119671
0.111646
0.106581
0.105123
0.107431
0.11307
0.121062
0.130105
0.138878
0.146335
0.151875
0.155362
0.157024
0.157294
0.156659
0.155565
0.154372
0.153368
0.152809
0.152974
0.154216
0.157008
0.161956
0.169793
0.181331
0.197329
0.218231
0.243708
0.272176
0.300743
0.325951
0.345076
0.357112
0.362827
0.364033
0.362701
0.360387
0.358055
0.356172
0.354872
0.354116
0.353793
0.353771
0.353916
0.354092
0.354152
0.353932
0.353249
0.351898
0.34967
0.346367
0.341831
0.335973
0.328818
0.320536
0.311478
0.302191
0.293408
0.28598
0.280758
0.278401
0.279188
0.28287
0.288706
0.295642
0.30257
0.308586
0.313143
0.316078
0.31754
0.317858
0.317424
0.316603
0.315699
0.314959
0.314601
0.314863
0.316035
0.318498
0.322732
0.329307
0.338842
0.351898
0.368765
0.38911
0.411608
0.43394
0.453397
0.467904
0.476769
0.480683
0.481124
0.479661
0.477516
0.475435
0.473768
0.472611
0.471923
0.471612
0.47157
0.47169
0.471864
0.471974
0.471891
0.471467
0.470537
0.468932
0.466486
0.463067
0.458592
0.453067
0.446607
0.439468
0.432057
0.424923
0.418713
0.414081
0.411558
0.411399
0.413475
0.417281
0.422057
0.426975
0.431334
0.434688
0.436875
0.437979
0.43823
0.43792
0.437332
0.436708
0.436251
0.436145
0.436584
0.437807
0.44011
0.443862
0.449485
0.457416
0.468013
0.481393
0.497158
0.514172
0.530599
0.544423
0.554209
0.559615
0.561326
0.560561
0.558549
0.55621
0.554087
0.552416
0.551244
0.55052
0.550162
0.55008
0.550192
0.550413
0.550655
0.550819
0.55079
0.550438
0.549619
0.548191
0.546021
0.543005
0.539086
0.534266
0.528619
0.522285
0.515458
0.50837
0.501264
0.494381
0.487943
0.482138
0.477099
0.472889
0.469495
0.466838
0.464792
0.463216
0.461976
0.460961
0.460094
0.459326
0.45864
0.458036
0.457528
0.457139
0.456897
0.456834
0.456981
0.457373
0.458047
0.45904
0.460385
0.462115
0.464249
0.466794
0.469735
0.473037
0.476645
0.480484
0.484469
0.220103
0.215348
0.210815
0.206731
0.203266
0.200521
0.198515
0.197194
0.196452
0.19616
0.196191
0.196436
0.196814
0.197273
0.197781
0.198322
0.198888
0.199464
0.200029
0.20054
0.20093
0.2011
0.200914
0.200203
0.19876
0.196359
0.192771
0.18779
0.181275
0.173193
0.163663
0.153001
0.141742
0.130641
0.120629
0.112712
0.107807
0.106518
0.108928
0.114526
0.122288
0.130926
0.13919
0.146131
0.151235
0.154418
0.155912
0.156121
0.155487
0.154407
0.153203
0.152136
0.151448
0.151418
0.152412
0.154929
0.159619
0.167291
0.178864
0.195257
0.217095
0.244147
0.27465
0.305149
0.33146
0.350447
0.361275
0.365279
0.364853
0.362305
0.359263
0.356606
0.354663
0.353449
0.352842
0.352683
0.35282
0.353113
0.353431
0.353637
0.353575
0.353066
0.35191
0.349892
0.346805
0.342472
0.336788
0.329759
0.321547
0.312506
0.303204
0.294404
0.286991
0.281823
0.279544
0.280374
0.284001
0.289648
0.296263
0.30279
0.308397
0.312603
0.315288
0.316606
0.316866
0.316425
0.315609
0.314691
0.313897
0.313437
0.313545
0.314524
0.316777
0.320821
0.327285
0.336875
0.350274
0.367912
0.389519
0.413618
0.437436
0.4577
0.472032
0.479896
0.482439
0.481593
0.479185
0.476484
0.474163
0.472463
0.471383
0.47082
0.470643
0.470729
0.470967
0.471254
0.47148
0.47152
0.471234
0.470458
0.469019
0.466747
0.463492
0.459159
0.453738
0.447338
0.440216
0.432793
0.425643
0.419438
0.414844
0.412379
0.41226
0.414307
0.417982
0.422525
0.42714
0.431182
0.434255
0.436234
0.437208
0.437398
0.437067
0.436471
0.435829
0.435326
0.435138
0.435461
0.43654
0.438693
0.442319
0.447888
0.455906
0.466823
0.480846
0.497606
0.51582
0.533297
0.547607
0.557126
0.56167
0.562286
0.560536
0.557825
0.555098
0.552827
0.551162
0.550074
0.549464
0.54922
0.549243
0.549448
0.549755
0.550083
0.550339
0.550414
0.55018
0.549493
0.548206
0.546177
0.543289
0.539471
0.534715
0.529087
0.522728
0.515842
0.508674
0.501488
0.494539
0.48806
0.482237
0.477196
0.472987
0.469587
0.466909
0.464832
0.463218
0.461941
0.460897
0.460014
0.459246
0.458575
0.457999
0.457529
0.457188
0.457002
0.457002
0.457222
0.457698
0.458473
0.459589
0.461085
0.462998
0.46535
0.468147
0.471366
0.474962
0.478862
0.482975
0.487202
0.220991
0.216014
0.211229
0.206886
0.203188
0.200263
0.198143
0.196777
0.196043
0.195796
0.195888
0.196198
0.196634
0.197137
0.197671
0.198221
0.198774
0.199321
0.199841
0.200296
0.200626
0.20074
0.200515
0.199791
0.198373
0.196041
0.192568
0.187741
0.181405
0.173504
0.164138
0.153606
0.142445
0.131429
0.121517
0.113736
0.108999
0.107857
0.110317
0.115798
0.123253
0.131432
0.139173
0.145627
0.150358
0.153315
0.154723
0.154945
0.154372
0.153352
0.152171
0.151069
0.150278
0.150077
0.150843
0.153098
0.157529
0.165005
0.176553
0.193256
0.215959
0.244589
0.277227
0.309751
0.337097
0.355686
0.364995
0.367104
0.365047
0.361423
0.357841
0.355029
0.35315
0.352097
0.351673
0.351685
0.351965
0.352378
0.3528
0.353103
0.353145
0.352757
0.351745
0.349894
0.34699
0.342845
0.337335
0.330448
0.322332
0.313344
0.304068
0.295294
0.28793
0.282841
0.28064
0.281486
0.285012
0.290413
0.296663
0.30277
0.30798
0.311878
0.314371
0.315608
0.315869
0.315469
0.314696
0.313796
0.312973
0.312431
0.312405
0.313208
0.31526
0.319109
0.325435
0.335029
0.348704
0.367056
0.38993
0.415708
0.441082
0.462095
0.476047
0.482671
0.483707
0.481585
0.478347
0.475241
0.472815
0.471178
0.470235
0.469823
0.469785
0.469987
0.470321
0.470689
0.47099
0.471112
0.470919
0.470255
0.468947
0.466819
0.463714
0.459521
0.454214
0.447894
0.440815
0.433411
0.426277
0.420106
0.415569
0.413167
0.413069
0.415052
0.418556
0.42283
0.427128
0.430861
0.433685
0.4355
0.436396
0.436571
0.436261
0.435691
0.435056
0.434528
0.434275
0.434496
0.435442
0.437448
0.44094
0.44643
0.454492
0.465674
0.4803
0.498062
0.517535
0.536106
0.550848
0.559943
0.563453
0.56289
0.56018
0.556873
0.553878
0.551566
0.549982
0.549023
0.548545
0.548418
0.548537
0.548816
0.549184
0.549567
0.549879
0.550019
0.549865
0.549276
0.548101
0.546191
0.543418
0.539699
0.535011
0.529412
0.523042
0.516114
0.508888
0.501645
0.494658
0.488166
0.482352
0.477332
0.473143
0.46975
0.467065
0.464965
0.463322
0.462017
0.460955
0.460067
0.45931
0.458665
0.458128
0.45771
0.457428
0.45731
0.457386
0.457691
0.458267
0.45916
0.460418
0.462089
0.464214
0.466817
0.469901
0.473435
0.477355
0.481567
0.485961
0.490418
0.222388
0.217201
0.21214
0.207483
0.203476
0.200287
0.197976
0.196495
0.195715
0.195469
0.195591
0.195943
0.196423
0.196962
0.197521
0.198078
0.198622
0.19914
0.199611
0.200001
0.200256
0.200292
0.199998
0.199226
0.197796
0.195498
0.19211
0.187419
0.181257
0.173551
0.164376
0.154016
0.143001
0.132116
0.122343
0.114725
0.110156
0.109131
0.11158
0.116863
0.123933
0.1316
0.138801
0.14479
0.149199
0.151997
0.153385
0.15368
0.153217
0.1523
0.151181
0.150082
0.14923
0.148904
0.149491
0.151525
0.155722
0.162999
0.174471
0.191393
0.214865
0.245053
0.279921
0.314571
0.342863
0.360758
0.368242
0.368329
0.364723
0.360213
0.356291
0.353473
0.351747
0.350895
0.350663
0.350831
0.35123
0.351728
0.352211
0.352565
0.352658
0.352337
0.351414
0.349684
0.346929
0.342951
0.337612
0.330881
0.322891
0.313995
0.304788
0.296081
0.288803
0.283814
0.281687
0.282517
0.285887
0.290982
0.29682
0.302487
0.307312
0.310934
0.313283
0.314491
0.314801
0.314485
0.313793
0.312943
0.312126
0.311537
0.311415
0.312078
0.31396
0.317632
0.323813
0.333367
0.347241
0.366231
0.390357
0.41789
0.444896
0.466583
0.479923
0.485075
0.484515
0.48119
0.477278
0.473925
0.471511
0.470008
0.469232
0.468977
0.469065
0.469363
0.469764
0.47018
0.470519
0.470679
0.470535
0.469938
0.468722
0.466709
0.463734
0.459676
0.454493
0.448273
0.441266
0.433914
0.426829
0.420721
0.41626
0.41392
0.413822
0.415703
0.41899
0.422961
0.426925
0.430357
0.432959
0.434649
0.435508
0.435709
0.435455
0.434942
0.434343
0.433817
0.433529
0.433675
0.434515
0.436395
0.43976
0.44516
0.453227
0.464613
0.479784
0.498539
0.519328
0.539042
0.554149
0.562643
0.564959
0.563169
0.559572
0.555797
0.55266
0.550398
0.548947
0.548138
0.547797
0.547779
0.547976
0.548309
0.548712
0.549118
0.549452
0.54962
0.549507
0.548978
0.547883
0.546067
0.543396
0.53977
0.535154
0.529595
0.523229
0.516277
0.509016
0.501745
0.49475
0.488277
0.482503
0.477531
0.473384
0.470018
0.467339
0.46523
0.463569
0.462249
0.461179
0.460298
0.459563
0.458956
0.458471
0.458115
0.457907
0.45787
0.458036
0.458443
0.459136
0.460167
0.461591
0.463464
0.465832
0.468724
0.472136
0.47602
0.480292
0.484831
0.4895
0.494161
0.224364
0.218996
0.213644
0.208618
0.204215
0.200659
0.198053
0.196366
0.195461
0.195152
0.195252
0.195607
0.196102
0.196658
0.197229
0.197788
0.198319
0.198805
0.199225
0.199545
0.199715
0.199659
0.199276
0.198432
0.196962
0.194671
0.191347
0.186782
0.180799
0.173309
0.164364
0.154224
0.143407
0.132704
0.123112
0.11568
0.111278
0.110333
0.1127
0.117699
0.124301
0.131395
0.138034
0.143565
0.147684
0.150367
0.151784
0.152197
0.151888
0.151117
0.150108
0.149068
0.148219
0.147843
0.14833
0.15022
0.154242
0.161343
0.172708
0.189751
0.213867
0.245563
0.282752
0.319636
0.348762
0.365632
0.371006
0.369023
0.364027
0.358856
0.354775
0.352059
0.350528
0.349876
0.349812
0.350105
0.350586
0.35113
0.351634
0.351992
0.35209
0.351784
0.350902
0.349247
0.346606
0.342777
0.337608
0.33105
0.32322
0.314458
0.305366
0.296772
0.289616
0.284744
0.28268
0.283456
0.286609
0.291335
0.296711
0.301913
0.30635
0.309718
0.311955
0.313171
0.313568
0.313372
0.312799
0.31204
0.311275
0.310694
0.310536
0.311123
0.312893
0.316431
0.322481
0.331964
0.345956
0.365482
0.39082
0.420178
0.448898
0.471169
0.48364
0.487105
0.484924
0.480528
0.476121
0.472664
0.470345
0.469008
0.468398
0.468281
0.468472
0.468836
0.469275
0.469705
0.470046
0.470204
0.470067
0.469498
0.468335
0.466406
0.463544
0.459617
0.454569
0.448472
0.441569
0.434305
0.427304
0.421287
0.416919
0.414637
0.414514
0.416249
0.419272
0.422903
0.426515
0.429647
0.432043
0.433635
0.434489
0.434748
0.434582
0.434158
0.433629
0.433144
0.432862
0.43298
0.43376
0.435555
0.438822
0.444133
0.452173
0.463694
0.479333
0.499053
0.521211
0.542121
0.557515
0.565218
0.566194
0.563181
0.558813
0.554713
0.551545
0.549395
0.5481
0.54744
0.547221
0.547292
0.547546
0.54791
0.548322
0.548723
0.549047
0.549208
0.5491
0.548595
0.547547
0.545803
0.543217
0.53968
0.535141
0.529634
0.52329
0.516337
0.509066
0.501798
0.494832
0.488416
0.48272
0.477829
0.473752
0.470434
0.46778
0.465679
0.464017
0.462695
0.461632
0.46077
0.460072
0.459515
0.459095
0.458816
0.458695
0.458756
0.45903
0.459557
0.460388
0.461579
0.463195
0.465299
0.467946
0.471165
0.474944
0.479216
0.483863
0.48873
0.493648
0.498463
0.22698
0.221492
0.215863
0.210424
0.205531
0.201487
0.198458
0.196445
0.195308
0.194844
0.194846
0.19514
0.195598
0.196131
0.196685
0.197223
0.197725
0.198168
0.198529
0.198773
0.198851
0.198695
0.198212
0.197283
0.195759
0.193463
0.190197
0.18576
0.179975
0.172737
0.164072
0.154213
0.14366
0.133196
0.123829
0.116606
0.112362
0.111452
0.113662
0.118282
0.124326
0.13078
0.136814
0.141879
0.145717
0.148305
0.149776
0.150337
0.150221
0.149646
0.148811
0.147909
0.147161
0.146845
0.147349
0.149209
0.153151
0.160129
0.171372
0.188434
0.213038
0.246146
0.285739
0.324981
0.354803
0.370287
0.373311
0.369308
0.363149
0.357541
0.353438
0.350869
0.349519
0.349024
0.349075
0.34944
0.349956
0.350503
0.350986
0.35131
0.35137
0.351037
0.350155
0.348538
0.345983
0.342289
0.337296
0.330937
0.323306
0.31473
0.305806
0.297373
0.290374
0.285634
0.283619
0.284293
0.287163
0.291451
0.296307
0.301005
0.305043
0.308159
0.310299
0.311543
0.312053
0.31201
0.311598
0.310985
0.310338
0.309843
0.309738
0.310341
0.312089
0.315563
0.321517
0.33091
0.344933
0.364867
0.39134
0.422588
0.453117
0.47586
0.487183
0.488786
0.485034
0.479752
0.475027
0.471573
0.469385
0.468201
0.467723
0.467702
0.467954
0.468348
0.468789
0.469201
0.469511
0.469635
0.46947
0.468892
0.467751
0.465882
0.463119
0.459323
0.454427
0.448482
0.441722
0.434586
0.427707
0.421812
0.417552
0.41532
0.41514
0.416684
0.419393
0.422641
0.425875
0.428698
0.430895
0.432403
0.433271
0.433612
0.433562
0.433263
0.432849
0.432457
0.432242
0.4324
0.433191
0.434964
0.438179
0.44342
0.451408
0.462989
0.478993
0.499622
0.523199
0.545367
0.560953
0.567663
0.567189
0.563014
0.558027
0.553741
0.550622
0.548607
0.547457
0.54692
0.54679
0.546919
0.547203
0.547572
0.547969
0.548341
0.548626
0.54875
0.548615
0.548103
0.547075
0.545379
0.542868
0.539419
0.534965
0.529526
0.523227
0.516298
0.509051
0.501823
0.49493
0.488617
0.483043
0.478273
0.474301
0.471062
0.46846
0.46639
0.464748
0.463444
0.462406
0.461582
0.460934
0.460444
0.460105
0.45992
0.459904
0.460081
0.460482
0.46115
0.46214
0.463515
0.465348
0.467712
0.470669
0.474253
0.47844
0.48313
0.488162
0.493337
0.498451
0.503336
0.230277
0.224781
0.218935
0.213072
0.207609
0.202944
0.199338
0.196848
0.195345
0.194603
0.194396
0.194531
0.194867
0.195306
0.195781
0.196251
0.196683
0.197054
0.197333
0.197485
0.197461
0.197198
0.196613
0.195599
0.194024
0.191728
0.188532
0.184247
0.178697
0.171765
0.163453
0.153956
0.143745
0.13359
0.124496
0.117507
0.113409
0.112484
0.114453
0.118591
0.123975
0.129708
0.135085
0.139651
0.143192
0.14568
0.14721
0.147942
0.148059
0.147743
0.14717
0.146519
0.146004
0.145899
0.146579
0.148561
0.152551
0.159485
0.170606
0.187579
0.21247
0.246837
0.288904
0.33065
0.360999
0.374714
0.375225
0.369362
0.36231
0.356458
0.352404
0.349958
0.348719
0.348294
0.348375
0.348737
0.349224
0.349721
0.350139
0.350391
0.350379
0.349987
0.349074
0.34747
0.344987
0.341428
0.33663
0.330507
0.32313
0.314802
0.306109
0.29789
0.291086
0.286492
0.284504
0.285024
0.287538
0.291308
0.295579
0.299729
0.303339
0.306189
0.308225
0.309504
0.310143
0.310289
0.31009
0.309695
0.309258
0.308957
0.309024
0.309768
0.311611
0.315118
0.321032
0.330326
0.344283
0.364461
0.391947
0.42514
0.457589
0.480668
0.490551
0.490179
0.484993
0.47904
0.474149
0.470751
0.468674
0.467586
0.467171
0.46718
0.467434
0.467807
0.468209
0.468568
0.468817
0.468877
0.468658
0.468045
0.466904
0.465079
0.462411
0.458759
0.45404
0.448289
0.441718
0.434758
0.428044
0.422303
0.418164
0.415973
0.415702
0.417003
0.419344
0.422164
0.424989
0.427487
0.429476
0.430901
0.431792
0.432232
0.432329
0.432197
0.431955
0.431728
0.431664
0.431953
0.432846
0.434683
0.437914
0.443117
0.451033
0.46259
0.478827
0.500273
0.525308
0.548806
0.564475
0.569986
0.568005
0.56279
0.557357
0.553
0.549967
0.54807
0.54702
0.546551
0.54646
0.546602
0.546879
0.547221
0.547576
0.547894
0.548119
0.548182
0.547995
0.547452
0.546423
0.544761
0.542319
0.538964
0.534613
0.529267
0.523041
0.516171
0.508986
0.501847
0.495081
0.488929
0.483532
0.478935
0.475113
0.471994
0.469481
0.467476
0.465885
0.464627
0.46364
0.462876
0.462302
0.461899
0.461661
0.46159
0.461699
0.462013
0.462562
0.463393
0.464562
0.466141
0.46821
0.470855
0.474149
0.47813
0.482756
0.487882
0.493287
0.498714
0.503928
0.508759
0.234252
0.228926
0.222999
0.21677
0.210694
0.205279
0.200926
0.197788
0.195753
0.194579
0.194016
0.193856
0.193944
0.194173
0.194469
0.194779
0.195067
0.1953
0.195447
0.195468
0.195317
0.194933
0.194242
0.193149
0.191537
0.189266
0.186174
0.182087
0.176835
0.170291
0.162428
0.153401
0.143636
0.133875
0.125116
0.118387
0.114423
0.11343
0.115065
0.118612
0.123232
0.128159
0.132815
0.136835
0.140044
0.142412
0.144001
0.144926
0.145328
0.145356
0.145162
0.144909
0.144798
0.14509
0.146137
0.148424
0.152614
0.159602
0.170608
0.187366
0.212289
0.247686
0.292272
0.336704
0.367372
0.37893
0.376882
0.369431
0.361768
0.355804
0.351792
0.349386
0.348136
0.347652
0.347642
0.347895
0.348263
0.348637
0.348932
0.349065
0.348947
0.348471
0.34751
0.345911
0.343502
0.340097
0.335531
0.329704
0.322657
0.314658
0.306271
0.298329
0.291764
0.287326
0.285341
0.285649
0.287729
0.290903
0.294523
0.298075
0.301219
0.303776
0.305694
0.307006
0.307795
0.30817
0.308253
0.30817
0.308059
0.308088
0.308475
0.30951
0.311588
0.315243
0.321186
0.330375
0.344157
0.364368
0.39268
0.427854
0.462362
0.485613
0.493764
0.491397
0.484999
0.478598
0.473642
0.470294
0.468261
0.467174
0.466721
0.466664
0.466835
0.467116
0.46742
0.46768
0.46783
0.467799
0.467503
0.46684
0.465689
0.463908
0.461346
0.457863
0.453364
0.447863
0.441543
0.434819
0.428321
0.42277
0.418767
0.416605
0.416206
0.417213
0.419133
0.421481
0.423865
0.426016
0.427786
0.429122
0.43004
0.430598
0.430875
0.430966
0.43097
0.430998
0.431189
0.43172
0.432828
0.434832
0.438157
0.443363
0.451186
0.462617
0.478918
0.501036
0.527556
0.552479
0.5681
0.572212
0.568742
0.562675
0.556968
0.552614
0.549658
0.547824
0.546798
0.546318
0.546191
0.546282
0.546496
0.546768
0.547045
0.54728
0.54742
0.547402
0.547147
0.546558
0.545517
0.543886
0.541519
0.538276
0.534058
0.528843
0.522733
0.515966
0.508895
0.501907
0.495338
0.489422
0.484275
0.479919
0.476309
0.473366
0.470995
0.469103
0.467608
0.466439
0.46554
0.46487
0.464401
0.464113
0.464002
0.464069
0.464326
0.464798
0.465514
0.466524
0.467886
0.469678
0.471991
0.474923
0.478563
0.482957
0.488041
0.493599
0.499323
0.504893
0.510055
0.514656
0.238832
0.233929
0.228159
0.221732
0.215089
0.20884
0.203571
0.199604
0.196862
0.195081
0.193987
0.193359
0.193031
0.19289
0.192854
0.192866
0.19288
0.192863
0.19278
0.19259
0.192248
0.1917
0.190877
0.189698
0.188061
0.185843
0.182902
0.179079
0.174212
0.168166
0.160884
0.15247
0.143289
0.134036
0.125689
0.119255
0.115418
0.114302
0.115512
0.118366
0.122131
0.126183
0.130067
0.133505
0.136359
0.138598
0.140258
0.141418
0.142181
0.142663
0.142992
0.14331
0.143799
0.144695
0.146315
0.149096
0.15364
0.160773
0.171656
0.188043
0.212671
0.248757
0.295872
0.343225
0.373954
0.382997
0.37851
0.369852
0.361812
0.355803
0.351774
0.349276
0.347853
0.347143
0.346881
0.34688
0.347002
0.347144
0.347227
0.347173
0.346897
0.346303
0.345278
0.343685
0.341369
0.338157
0.333885
0.328439
0.321826
0.314267
0.306287
0.2987
0.292421
0.288155
0.286151
0.286191
0.287767
0.290281
0.2932
0.296118
0.298772
0.301021
0.302816
0.304172
0.305142
0.305807
0.306257
0.306599
0.30695
0.307462
0.308329
0.309815
0.312273
0.316189
0.322221
0.331287
0.344756
0.364728
0.393594
0.430754
0.467502
0.490723
0.496877
0.492628
0.485322
0.478657
0.473689
0.470343
0.468249
0.467034
0.466408
0.466158
0.466132
0.46622
0.46634
0.46643
0.466425
0.466261
0.46586
0.465131
0.463968
0.462241
0.459812
0.456543
0.452329
0.447156
0.441173
0.434764
0.428545
0.423227
0.41938
0.417238
0.41668
0.417349
0.418809
0.420658
0.422584
0.424379
0.425925
0.427176
0.428136
0.428841
0.429349
0.42973
0.430066
0.430453
0.431015
0.431909
0.433349
0.435622
0.439118
0.44436
0.452059
0.463239
0.479379
0.501958
0.529967
0.556437
0.571855
0.574401
0.56956
0.562884
0.557045
0.55273
0.549811
0.547955
0.54685
0.546253
0.54599
0.545938
0.54601
0.546142
0.546284
0.54639
0.54641
0.546285
0.545945
0.545302
0.54425
0.542659
0.540389
0.537294
0.533256
0.52823
0.522297
0.515699
0.508814
0.502059
0.495783
0.490203
0.485405
0.48138
0.478068
0.475381
0.473226
0.471519
0.470186
0.469166
0.46841
0.467884
0.467561
0.467427
0.467474
0.467707
0.468136
0.468783
0.469679
0.470873
0.472427
0.474424
0.476963
0.480159
0.484123
0.48892
0.494457
0.500397
0.50632
0.511846
0.516729
0.520873
0.243836
0.239671
0.234418
0.228127
0.221126
0.21407
0.207757
0.202806
0.199207
0.196656
0.194857
0.193574
0.19264
0.191935
0.191375
0.190899
0.19046
0.190022
0.18955
0.189005
0.188348
0.18753
0.186495
0.185172
0.183477
0.181307
0.17854
0.175035
0.17064
0.165214
0.158669
0.151047
0.142631
0.134039
0.126211
0.12013
0.116429
0.115151
0.115874
0.117977
0.120854
0.124023
0.127151
0.130033
0.132567
0.134721
0.136512
0.137988
0.139218
0.140288
0.141295
0.142359
0.143634
0.145321
0.147692
0.151119
0.156128
0.163452
0.17416
0.189962
0.213869
0.250151
0.299736
0.350328
0.380791
0.387075
0.380481
0.370984
0.362802
0.35679
0.352657
0.349911
0.34813
0.347001
0.346298
0.345858
0.345563
0.345318
0.345051
0.344691
0.344162
0.34338
0.342245
0.340641
0.338428
0.335451
0.331549
0.326593
0.320548
0.313575
0.306136
0.299009
0.293085
0.289021
0.286989
0.286731
0.28777
0.289611
0.291836
0.294142
0.296335
0.298309
0.300019
0.301467
0.302682
0.303716
0.304635
0.305519
0.306465
0.3076
0.309091
0.311159
0.314109
0.318364
0.32451
0.333396
0.346366
0.365748
0.394769
0.433868
0.473101
0.496037
0.50003
0.494171
0.486253
0.47951
0.474561
0.471147
0.468867
0.467378
0.466426
0.46583
0.46546
0.465218
0.465029
0.464836
0.464582
0.464206
0.463642
0.462811
0.461618
0.459952
0.457685
0.454685
0.450837
0.446096
0.440565
0.434577
0.428722
0.423697
0.42004
0.417927
0.4172
0.417521
0.418524
0.419892
0.42139
0.422864
0.424224
0.425429
0.426475
0.427381
0.428183
0.428932
0.42969
0.430536
0.431572
0.432934
0.434801
0.437422
0.441137
0.446417
0.453928
0.46469
0.480379
0.503108
0.532568
0.560753
0.575779
0.576679
0.570704
0.563657
0.557827
0.553573
0.55063
0.54865
0.547347
0.546509
0.545986
0.545672
0.545489
0.545378
0.545294
0.545192
0.545026
0.544743
0.544282
0.543565
0.542496
0.54096
0.538818
0.535922
0.532137
0.527387
0.521724
0.51539
0.508795
0.502392
0.496544
0.491439
0.487124
0.48356
0.480666
0.478348
0.476518
0.475097
0.474018
0.473231
0.472694
0.472377
0.472257
0.472321
0.472565
0.47299
0.473607
0.474437
0.475511
0.476875
0.478595
0.480756
0.483466
0.486861
0.491075
0.496219
0.50216
0.508354
0.514248
0.519436
0.523739
0.527162
0.248954
0.245861
0.241584
0.235964
0.229077
0.221473
0.214113
0.208117
0.203607
0.200195
0.197573
0.19549
0.19378
0.192326
0.191046
0.189881
0.188782
0.187713
0.186642
0.185536
0.184363
0.183086
0.181659
0.180033
0.178142
0.175908
0.173235
0.170007
0.166093
0.161351
0.155668
0.14902
0.141579
0.133846
0.126693
0.121068
0.117558
0.116145
0.116413
0.117832
0.119935
0.122372
0.124909
0.127401
0.129771
0.131983
0.134039
0.135958
0.137782
0.139565
0.141377
0.143313
0.145494
0.148076
0.151278
0.155399
0.160877
0.168334
0.178719
0.193631
0.216263
0.252038
0.303908
0.358168
0.387974
0.39149
0.38321
0.373348
0.365269
0.359297
0.354986
0.351863
0.349566
0.347838
0.346501
0.345423
0.344509
0.343679
0.342868
0.342018
0.341067
0.339946
0.338577
0.336866
0.334699
0.331941
0.328443
0.324066
0.318732
0.31252
0.305794
0.299273
0.293811
0.290023
0.288012
0.287503
0.288082
0.289357
0.291024
0.292864
0.29474
0.29657
0.298312
0.299956
0.301513
0.303009
0.304488
0.306003
0.307633
0.309476
0.311661
0.314364
0.317831
0.322415
0.328615
0.337188
0.349398
0.367735
0.396344
0.437233
0.479281
0.501639
0.503485
0.496364
0.488212
0.481585
0.47669
0.47315
0.47058
0.468689
0.467267
0.46617
0.465294
0.464558
0.463901
0.463269
0.462615
0.461891
0.461042
0.460005
0.458705
0.45705
0.454931
0.452224
0.448809
0.44461
0.439665
0.434237
0.428868
0.424231
0.420835
0.418807
0.417967
0.418017
0.418664
0.419672
0.420871
0.422148
0.423434
0.424694
0.425914
0.427099
0.42827
0.429457
0.430704
0.432072
0.433642
0.435519
0.437845
0.440823
0.444738
0.449993
0.457191
0.467305
0.482165
0.504596
0.535393
0.565523
0.579952
0.57927
0.572458
0.565339
0.559668
0.555497
0.552481
0.550291
0.548682
0.547481
0.546567
0.545854
0.545279
0.544789
0.544344
0.543906
0.543435
0.54289
0.542217
0.541356
0.540224
0.538719
0.536717
0.534067
0.530618
0.526257
0.520996
0.515068
0.50892
0.503054
0.497833
0.493406
0.48977
0.48685
0.484546
0.48276
0.481403
0.480403
0.479702
0.479255
0.479028
0.478996
0.47914
0.479448
0.479917
0.480551
0.481358
0.482358
0.483582
0.485076
0.486901
0.489145
0.491919
0.495382
0.499695
0.505059
0.511276
0.517451
0.522929
0.527364
0.530733
0.533174
0.253762
0.252006
0.24918
0.244926
0.238959
0.231477
0.223354
0.216462
0.211198
0.207011
0.203603
0.200699
0.198157
0.19586
0.193737
0.191734
0.189812
0.187931
0.186059
0.184173
0.182249
0.18026
0.178178
0.175971
0.173598
0.17101
0.168148
0.164933
0.16127
0.157048
0.152152
0.146509
0.140177
0.133501
0.127231
0.122257
0.119135
0.117806
0.117898
0.118985
0.120721
0.122851
0.125205
0.127673
0.130183
0.132701
0.13521
0.137713
0.140227
0.142781
0.145427
0.148238
0.151292
0.1547
0.158622
0.16329
0.16905
0.176404
0.186165
0.199746
0.220405
0.254701
0.308454
0.366915
0.395711
0.39662
0.387309
0.377651
0.369963
0.364141
0.359671
0.356148
0.353279
0.350866
0.348774
0.346906
0.345195
0.343589
0.342025
0.340458
0.338844
0.337138
0.335286
0.333226
0.33088
0.328151
0.32492
0.321061
0.316467
0.311135
0.305302
0.299582
0.294772
0.291452
0.289667
0.289158
0.289579
0.290635
0.292097
0.293811
0.295669
0.297603
0.299573
0.301561
0.303561
0.305586
0.307656
0.309812
0.312114
0.314624
0.317432
0.32067
0.324524
0.329275
0.335327
0.343333
0.354415
0.371135
0.39855
0.440905
0.486179
0.507701
0.507555
0.499703
0.491771
0.48549
0.480736
0.477086
0.474209
0.471869
0.469907
0.46821
0.466703
0.465329
0.464046
0.462805
0.461568
0.460301
0.458966
0.457522
0.455919
0.454092
0.451964
0.449436
0.446401
0.442764
0.438502
0.433777
0.429056
0.424971
0.422009
0.420249
0.419514
0.41955
0.420126
0.421065
0.422242
0.423567
0.424983
0.426457
0.42797
0.429519
0.431109
0.432758
0.434496
0.436373
0.438439
0.440768
0.443467
0.446691
0.450667
0.455727
0.462392
0.471544
0.4851
0.506612
0.538497
0.570855
0.58453
0.582442
0.575234
0.568405
0.563072
0.559051
0.55597
0.55355
0.551591
0.54996
0.548565
0.54734
0.546241
0.545232
0.544273
0.543335
0.542389
0.541405
0.540346
0.53917
0.537817
0.536211
0.534251
0.531802
0.528711
0.524834
0.520133
0.514817
0.509366
0.504333
0.500055
0.496618
0.493954
0.491947
0.490474
0.489432
0.488733
0.488312
0.48812
0.488122
0.488289
0.488603
0.489052
0.489625
0.490324
0.491153
0.492122
0.493249
0.494563
0.496108
0.497935
0.500135
0.502802
0.506128
0.510276
0.515615
0.521818
0.527461
0.531944
0.535128
0.537222
0.538494
0.480507
0.481001
0.481499
0.481999
0.482501
0.483002
0.483502
0.484
0.484494
0.484982
0.485465
0.485941
0.486409
0.486867
0.487316
0.487754
0.48818
0.488595
0.488996
0.489385
0.48976
0.490121
0.490467
0.4908
0.491117
0.49142
0.491708
0.491981
0.492239
0.492481
0.492708
0.492918
0.493112
0.493288
0.493446
0.493584
0.493699
0.493791
0.493856
0.493891
0.480395
0.480936
0.481481
0.482031
0.482584
0.483138
0.483692
0.484244
0.484793
0.485338
0.485877
0.486409
0.486933
0.487448
0.487952
0.488444
0.488925
0.489392
0.489845
0.490284
0.490708
0.491117
0.49151
0.491887
0.492248
0.492592
0.49292
0.493231
0.493525
0.493802
0.494061
0.494303
0.494525
0.494728
0.494911
0.49507
0.495205
0.495312
0.495389
0.49543
0.480178
0.480766
0.481362
0.481963
0.482569
0.483178
0.483788
0.484397
0.485004
0.485607
0.486205
0.486795
0.487378
0.48795
0.488512
0.489062
0.489598
0.49012
0.490627
0.491118
0.491593
0.492052
0.492492
0.492915
0.493321
0.493708
0.494077
0.494427
0.494759
0.495071
0.495365
0.495638
0.495891
0.496122
0.49633
0.496513
0.496668
0.496792
0.496881
0.496929
0.479871
0.480508
0.481155
0.481811
0.482472
0.483138
0.483806
0.484474
0.485141
0.485805
0.486463
0.487114
0.487757
0.488389
0.48901
0.489618
0.490212
0.490791
0.491353
0.491898
0.492425
0.492933
0.493423
0.493893
0.494343
0.494774
0.495184
0.495574
0.495944
0.496293
0.49662
0.496926
0.49721
0.497469
0.497704
0.49791
0.498086
0.498227
0.498329
0.498385
0.479493
0.480182
0.480883
0.481595
0.482314
0.483039
0.483767
0.484497
0.485225
0.485951
0.486672
0.487385
0.48809
0.488784
0.489466
0.490133
0.490785
0.491421
0.492039
0.492638
0.493217
0.493776
0.494315
0.494832
0.495327
0.495801
0.496253
0.496682
0.497089
0.497473
0.497835
0.498173
0.498486
0.498774
0.499034
0.499264
0.499461
0.499619
0.499734
0.499798
0.479067
0.47981
0.480568
0.481338
0.482117
0.482903
0.483694
0.484487
0.48528
0.48607
0.486854
0.487632
0.4884
0.489156
0.489899
0.490627
0.491338
0.492031
0.492705
0.493358
0.493989
0.494599
0.495185
0.495748
0.496288
0.496804
0.497295
0.497763
0.498206
0.498625
0.499018
0.499387
0.499729
0.500043
0.500328
0.500581
0.500798
0.500974
0.501102
0.501173
0.478616
0.479416
0.480233
0.481064
0.481906
0.482756
0.483612
0.48447
0.485328
0.486184
0.487035
0.487877
0.488709
0.489529
0.490334
0.491122
0.491892
0.492643
0.493371
0.494078
0.49476
0.495419
0.496052
0.49666
0.497242
0.497798
0.498328
0.498831
0.499308
0.499759
0.500183
0.50058
0.500949
0.501288
0.501596
0.50187
0.502106
0.502297
0.502438
0.502517
0.478164
0.479024
0.479903
0.480797
0.481704
0.482621
0.483543
0.484469
0.485395
0.486318
0.487236
0.488144
0.489041
0.489925
0.490792
0.491641
0.492469
0.493276
0.494059
0.494817
0.49555
0.496256
0.496934
0.497584
0.498206
0.4988
0.499365
0.499902
0.50041
0.50089
0.501341
0.501763
0.502156
0.502517
0.502846
0.503139
0.503391
0.503598
0.50375
0.503836
0.477731
0.478655
0.479599
0.48056
0.481535
0.48252
0.483512
0.484507
0.485503
0.486495
0.48748
0.488455
0.489418
0.490365
0.491295
0.492203
0.49309
0.493952
0.494788
0.495596
0.496376
0.497127
0.497847
0.498537
0.499197
0.499825
0.500422
0.500989
0.501524
0.50203
0.502504
0.502948
0.503361
0.503741
0.504087
0.504396
0.504663
0.504881
0.505043
0.505135
0.477341
0.478331
0.479343
0.480373
0.481419
0.482475
0.483539
0.484606
0.485672
0.486734
0.487789
0.488832
0.48986
0.490871
0.491862
0.492829
0.493772
0.494688
0.495574
0.496431
0.497256
0.498048
0.498808
0.499534
0.500227
0.500886
0.501511
0.502104
0.502663
0.503189
0.503683
0.504145
0.504573
0.504968
0.505327
0.505648
0.505926
0.506154
0.506324
0.506421
0.477012
0.478071
0.479155
0.480258
0.481377
0.482508
0.483645
0.484785
0.485924
0.487058
0.488181
0.489292
0.490386
0.49146
0.492511
0.493536
0.494533
0.4955
0.496435
0.497337
0.498203
0.499034
0.499829
0.500588
0.50131
0.501995
0.502644
0.503257
0.503835
0.504378
0.504886
0.50536
0.505799
0.506204
0.506572
0.5069
0.507185
0.50742
0.507595
0.507696
0.476763
0.477896
0.479054
0.480234
0.481429
0.482636
0.483849
0.485065
0.486277
0.487483
0.488677
0.489855
0.491014
0.49215
0.493259
0.49434
0.495389
0.496404
0.497384
0.498327
0.499231
0.500096
0.500922
0.501708
0.502454
0.503161
0.503828
0.504457
0.505047
0.505601
0.506118
0.506599
0.507044
0.507453
0.507824
0.508156
0.508444
0.508682
0.50886
0.508963
0.476614
0.477824
0.47906
0.480319
0.481593
0.482879
0.484171
0.485463
0.48675
0.488028
0.489292
0.490537
0.49176
0.492956
0.494122
0.495255
0.496353
0.497413
0.498433
0.499412
0.50035
0.501244
0.502095
0.502903
0.503668
0.50439
0.505069
0.505708
0.506306
0.506864
0.507384
0.507866
0.508311
0.508718
0.509088
0.509417
0.509703
0.509939
0.510116
0.51022
0.476582
0.477873
0.479192
0.480532
0.481889
0.483256
0.484628
0.485998
0.487361
0.488711
0.490044
0.491355
0.492639
0.493892
0.495112
0.496294
0.497436
0.498536
0.499592
0.500603
0.501567
0.502485
0.503355
0.504179
0.504956
0.505686
0.506372
0.507013
0.507612
0.508168
0.508685
0.509161
0.509599
0.509999
0.510361
0.510682
0.510961
0.511191
0.511364
0.511465
0.476686
0.478063
0.479468
0.480894
0.482336
0.483786
0.485239
0.486687
0.488126
0.489548
0.490949
0.492323
0.493665
0.494973
0.496241
0.497467
0.498649
0.499783
0.500868
0.501904
0.502889
0.503823
0.504706
0.505538
0.50632
0.507052
0.507736
0.508374
0.508965
0.509513
0.510019
0.510483
0.510908
0.511293
0.511641
0.511948
0.512214
0.512433
0.512598
0.512695
0.476947
0.478413
0.479908
0.481423
0.482953
0.484488
0.486023
0.48755
0.489063
0.490556
0.492021
0.493455
0.494853
0.496209
0.497521
0.498785
0.499999
0.501161
0.502269
0.503322
0.504319
0.505262
0.506149
0.506981
0.50776
0.508486
0.509161
0.509786
0.510364
0.510895
0.511383
0.511828
0.512232
0.512597
0.512923
0.513211
0.513458
0.513661
0.513814
0.513904
0.477385
0.478946
0.480534
0.482141
0.48376
0.485382
0.487
0.488605
0.49019
0.49175
0.493277
0.494766
0.496213
0.497612
0.49896
0.500255
0.501493
0.502674
0.503795
0.504857
0.505858
0.5068
0.507682
0.508506
0.509273
0.509984
0.510641
0.511246
0.511802
0.512309
0.512771
0.513189
0.513565
0.513902
0.514201
0.514462
0.514685
0.514868
0.515004
0.515084
0.478024
0.479683
0.481368
0.48307
0.48478
0.486489
0.488188
0.489869
0.491524
0.493146
0.494729
0.496267
0.497755
0.499189
0.500565
0.501881
0.503135
0.504324
0.505449
0.506509
0.507504
0.508435
0.509302
0.510108
0.510853
0.51154
0.51217
0.512746
0.513271
0.513746
0.514174
0.514557
0.514899
0.515201
0.515466
0.515695
0.515888
0.516044
0.516161
0.516229
0.478887
0.48065
0.482435
0.484234
0.486035
0.48783
0.489608
0.49136
0.49308
0.494759
0.49639
0.497968
0.499489
0.500947
0.502341
0.503667
0.504924
0.506111
0.507227
0.508274
0.509251
0.510159
0.511001
0.511778
0.512491
0.513144
0.513738
0.514276
0.51476
0.515195
0.515581
0.515923
0.516223
0.516483
0.516708
0.516898
0.517056
0.517182
0.517274
0.517328
0.480003
0.481872
0.483761
0.485657
0.487549
0.489426
0.491279
0.493097
0.494874
0.4966
0.49827
0.499877
0.501418
0.502889
0.504286
0.505609
0.506857
0.508028
0.509123
0.510143
0.51109
0.511964
0.512768
0.513505
0.514175
0.514783
0.515331
0.515822
0.516258
0.516643
0.51698
0.517272
0.517523
0.517736
0.517914
0.518061
0.518178
0.518269
0.518334
0.518372
0.481401
0.483381
0.485373
0.487365
0.489344
0.491299
0.49322
0.495095
0.496918
0.49868
0.500375
0.501998
0.503544
0.505012
0.506399
0.507704
0.508926
0.510066
0.511126
0.512106
0.513008
0.513835
0.514589
0.515273
0.51589
0.516443
0.516935
0.517368
0.517748
0.518075
0.518356
0.518592
0.518787
0.518946
0.519072
0.51917
0.519243
0.519296
0.519331
0.51935
0.483116
0.485207
0.487301
0.489385
0.491446
0.49347
0.495447
0.497367
0.499222
0.501004
0.502708
0.504329
0.505864
0.507311
0.508669
0.509938
0.511118
0.512212
0.513219
0.514144
0.514987
0.515754
0.516445
0.517065
0.517617
0.518104
0.51853
0.518898
0.519212
0.519475
0.519691
0.519864
0.519999
0.520099
0.520169
0.520214
0.520239
0.520251
0.520254
0.520253
0.485183
0.487383
0.489575
0.491744
0.493875
0.495956
0.497975
0.499922
0.501791
0.503573
0.505266
0.506864
0.508367
0.509773
0.511082
0.512296
0.513416
0.514444
0.515383
0.516236
0.517007
0.517698
0.518314
0.518858
0.519334
0.519746
0.520097
0.520391
0.520632
0.520823
0.520969
0.521074
0.521142
0.521179
0.521189
0.521178
0.521154
0.521122
0.521092
0.521072
0.487641
0.489945
0.492225
0.494465
0.496651
0.498769
0.500809
0.502762
0.504621
0.50638
0.508036
0.509588
0.511034
0.512376
0.513615
0.514752
0.515792
0.516736
0.51759
0.518356
0.519039
0.519642
0.520171
0.520628
0.521018
0.521345
0.521612
0.521825
0.521986
0.5221
0.522171
0.522203
0.522202
0.522172
0.52212
0.522052
0.521976
0.521901
0.521837
0.521797
0.490528
0.492923
0.495276
0.497568
0.499785
0.501916
0.50395
0.505879
0.507699
0.509406
0.510998
0.512475
0.513839
0.515092
0.516236
0.517276
0.518215
0.519058
0.519809
0.520472
0.521053
0.521556
0.521986
0.522346
0.522641
0.522875
0.523053
0.523178
0.523254
0.523286
0.523278
0.523235
0.523161
0.523064
0.522948
0.522822
0.522695
0.522577
0.522481
0.522422
0.49388
0.496347
0.498746
0.501062
0.50328
0.505389
0.507382
0.509253
0.511
0.512621
0.514117
0.51549
0.516743
0.51788
0.518907
0.519827
0.520646
0.521369
0.522002
0.522549
0.523016
0.523408
0.523728
0.523983
0.524176
0.524312
0.524394
0.524427
0.524414
0.524362
0.524273
0.524152
0.524006
0.523841
0.523663
0.52348
0.523304
0.523145
0.523019
0.522942
0.497725
0.500232
0.502642
0.504942
0.507119
0.509165
0.511075
0.512848
0.514482
0.51598
0.517345
0.518582
0.519696
0.520693
0.521578
0.522358
0.523039
0.523627
0.524128
0.524547
0.524889
0.525161
0.525366
0.525509
0.525595
0.525628
0.525611
0.52555
0.525448
0.525309
0.525139
0.524942
0.524725
0.524493
0.524255
0.524019
0.523797
0.523601
0.523447
0.523355
0.502076
0.504578
0.50695
0.509182
0.511266
0.513198
0.514978
0.516605
0.518085
0.519422
0.520621
0.521691
0.522639
0.52347
0.524194
0.524816
0.525344
0.525784
0.526142
0.526424
0.526636
0.526781
0.526866
0.526894
0.526871
0.526799
0.526683
0.526527
0.526336
0.526113
0.525864
0.525593
0.525307
0.525013
0.524719
0.524434
0.524171
0.523942
0.523765
0.523661
0.506921
0.509355
0.511624
0.513726
0.515657
0.517417
0.519012
0.520447
0.521729
0.522867
0.523869
0.524744
0.5255
0.526147
0.526693
0.527144
0.527508
0.527791
0.528
0.52814
0.528217
0.528234
0.528198
0.528111
0.527978
0.527803
0.52759
0.527342
0.527065
0.526761
0.526437
0.526097
0.525748
0.525397
0.525053
0.524726
0.524427
0.524172
0.523977
0.523863
0.512208
0.514494
0.516583
0.518481
0.52019
0.521719
0.523076
0.524272
0.525317
0.526222
0.526998
0.527656
0.528204
0.528653
0.529009
0.529281
0.529476
0.5296
0.529658
0.529656
0.529598
0.529489
0.529334
0.529135
0.528897
0.528623
0.528317
0.527983
0.527624
0.527246
0.526853
0.526451
0.526046
0.525646
0.52526
0.524897
0.524571
0.524296
0.524089
0.523969
0.51783
0.519873
0.521695
0.52331
0.52473
0.525969
0.52704
0.527957
0.528734
0.529382
0.529914
0.530341
0.530672
0.530916
0.531081
0.531173
0.5312
0.531166
0.531077
0.530937
0.53075
0.530521
0.530253
0.529949
0.529612
0.529246
0.528855
0.528442
0.528011
0.527567
0.527114
0.526658
0.526206
0.525766
0.525347
0.524958
0.524613
0.524325
0.524111
0.523989
0.523612
0.525309
0.526775
0.528034
0.529106
0.530008
0.530757
0.53137
0.531859
0.532239
0.532521
0.532715
0.532829
0.532872
0.532851
0.53277
0.532636
0.532454
0.532226
0.531958
0.531652
0.531312
0.530941
0.530542
0.530117
0.52967
0.529204
0.528722
0.528229
0.527728
0.527226
0.526727
0.526239
0.525769
0.525326
0.524921
0.524565
0.524271
0.524056
0.523936
0.529299
0.530555
0.531591
0.53244
0.533124
0.533663
0.534075
0.534375
0.534578
0.534693
0.534733
0.534703
0.534613
0.534469
0.534275
0.534036
0.533756
0.533439
0.533087
0.532705
0.532294
0.531857
0.531396
0.530914
0.530414
0.529898
0.529369
0.528831
0.528288
0.527744
0.527203
0.526673
0.52616
0.525671
0.525215
0.524802
0.524444
0.524152
0.523941
0.523825
0.53457
0.535319
0.535885
0.5363
0.536588
0.536767
0.536852
0.536856
0.53679
0.536663
0.536482
0.536253
0.535982
0.535672
0.535327
0.534951
0.534546
0.534114
0.533658
0.533179
0.532679
0.532161
0.531627
0.531078
0.530517
0.529946
0.529369
0.528789
0.528209
0.527634
0.527068
0.526519
0.525991
0.525494
0.525035
0.524624
0.524271
0.523987
0.523784
0.523674
0.539079
0.539309
0.539412
0.539416
0.539337
0.53919
0.538985
0.538731
0.538435
0.538102
0.537736
0.537341
0.53692
0.536476
0.536009
0.535522
0.535016
0.534492
0.533952
0.533398
0.53283
0.532249
0.531659
0.531059
0.530454
0.529844
0.529233
0.528624
0.528021
0.527427
0.526849
0.526292
0.525761
0.525265
0.524812
0.52441
0.524068
0.523796
0.523604
0.523502
0.000686881
0.00234827
0.00436739
0.00681369
0.00976163
0.0132877
0.0174683
0.0223768
0.0280812
0.0346398
0.0420974
0.0504799
0.05979
0.0700023
0.0810595
0.0928703
0.105309
0.118216
0.131405
0.144668
0.157783
0.17053
0.182699
0.194101
0.204584
0.214032
0.222377
0.229597
0.235712
0.240783
0.244896
0.24816
0.250693
0.252614
0.254034
0.255052
0.25575
0.256193
0.256425
0.256466
0.000694531
0.00237469
0.0044171
0.00689162
0.00987222
0.0134341
0.0176515
0.0225957
0.0283317
0.0349154
0.0423887
0.0507752
0.0600757
0.0702635
0.0812809
0.0930371
0.105408
0.118238
0.131344
0.144521
0.157555
0.170229
0.182337
0.193696
0.204154
0.213598
0.221959
0.229213
0.235378
0.240511
0.244696
0.248037
0.250651
0.252653
0.254154
0.255255
0.256038
0.25657
0.256898
0.257045
0.000702586
0.00240257
0.00446967
0.00697404
0.00998898
0.0135881
0.0178437
0.0228242
0.0285924
0.0352011
0.0426898
0.0510799
0.06037
0.0705325
0.0815091
0.09321
0.105513
0.118264
0.131285
0.144376
0.157327
0.169925
0.181972
0.193285
0.203717
0.213154
0.221529
0.228815
0.235028
0.240222
0.244476
0.247893
0.250585
0.252668
0.25425
0.255431
0.256296
0.256914
0.257334
0.257584
0.000711063
0.00243197
0.00452522
0.00706111
0.010112
0.0137499
0.0180445
0.0230622
0.0288626
0.0354963
0.0430001
0.051393
0.0606721
0.0708084
0.0817436
0.0933883
0.105622
0.118294
0.131229
0.144233
0.1571
0.169622
0.181605
0.192871
0.203274
0.212703
0.221089
0.228405
0.234664
0.239916
0.244238
0.247729
0.250499
0.252659
0.254319
0.255579
0.256524
0.257225
0.257733
0.258081
0.000719982
0.00246297
0.00458388
0.00715296
0.0102414
0.0139192
0.0182538
0.0233089
0.0291417
0.0358
0.0433183
0.0517135
0.0609809
0.0710905
0.0819836
0.0935716
0.105736
0.118328
0.131178
0.144094
0.156875
0.16932
0.181238
0.192455
0.202828
0.212246
0.220641
0.227984
0.234287
0.239595
0.243983
0.247546
0.250391
0.252627
0.254364
0.2557
0.256722
0.257502
0.258094
0.258534
0.000729367
0.00249566
0.00464579
0.00724971
0.0103772
0.0140959
0.0184711
0.0235637
0.0294286
0.0361111
0.0436432
0.05204
0.0612951
0.0713773
0.082228
0.0937591
0.105853
0.118366
0.13113
0.143958
0.156654
0.169022
0.180874
0.19204
0.20238
0.211786
0.220187
0.227555
0.233899
0.239261
0.243712
0.247345
0.250263
0.252574
0.254385
0.255794
0.25689
0.257745
0.258417
0.258944
0.000739246
0.00253013
0.00471106
0.00735142
0.0105192
0.0142796
0.0186956
0.0238256
0.0297221
0.036428
0.0439732
0.0523708
0.0616129
0.0716674
0.0824755
0.0939498
0.105975
0.118409
0.131087
0.143827
0.156438
0.168728
0.180514
0.191629
0.201935
0.211326
0.219731
0.227122
0.233503
0.238916
0.243429
0.247128
0.250116
0.252499
0.254382
0.255862
0.257028
0.257955
0.258701
0.259311
0.000749655
0.00256647
0.00477981
0.00745805
0.0106671
0.0144697
0.0189263
0.0240932
0.0300204
0.0367489
0.0443063
0.052704
0.0619325
0.0719591
0.0827247
0.0941427
0.106099
0.118455
0.131048
0.143702
0.156229
0.168441
0.18016
0.191223
0.201494
0.210868
0.219276
0.226686
0.233103
0.238564
0.243134
0.246898
0.249953
0.252405
0.254356
0.255904
0.257138
0.258132
0.258948
0.259633
0.000760633
0.00260479
0.0048521
0.0075695
0.0108204
0.0146653
0.019162
0.0243649
0.0303218
0.0370716
0.0446402
0.0530371
0.0622517
0.0722503
0.0829738
0.0943362
0.106225
0.118504
0.131015
0.143583
0.156027
0.168163
0.179815
0.190826
0.201061
0.210417
0.218825
0.226252
0.232701
0.238207
0.242831
0.246656
0.249776
0.252294
0.25431
0.255923
0.25722
0.258277
0.259158
0.259913
0.00077223
0.00264519
0.00492795
0.00768547
0.0109786
0.0148651
0.019401
0.0246385
0.0306237
0.0373935
0.0449721
0.0533675
0.0625678
0.0725387
0.0832207
0.0945289
0.106352
0.118556
0.130986
0.143472
0.155834
0.167895
0.179482
0.19044
0.200639
0.209975
0.218381
0.225822
0.232301
0.237848
0.242524
0.246406
0.249587
0.252167
0.254246
0.255919
0.257275
0.258392
0.259333
0.260151
0.256211
0.255315
0.253552
0.250512
0.245693
0.238934
0.230829
0.223704
0.218285
0.213874
0.21019
0.206955
0.204044
0.201346
0.198796
0.196339
0.19393
0.191541
0.189151
0.186738
0.184282
0.18176
0.17915
0.176426
0.173559
0.170516
0.167254
0.163722
0.159858
0.155584
0.150822
0.145509
0.139672
0.13358
0.127916
0.12357
0.121019
0.120149
0.120607
0.121994
0.123995
0.126381
0.128999
0.131745
0.134555
0.137399
0.140258
0.143133
0.146036
0.148986
0.152011
0.155161
0.158517
0.162175
0.166273
0.171
0.176656
0.18367
0.192767
0.205218
0.224235
0.25697
0.311443
0.372715
0.40078
0.400366
0.39093
0.381769
0.374535
0.368952
0.364514
0.360869
0.357766
0.355038
0.352572
0.350287
0.348119
0.346013
0.343935
0.341848
0.339718
0.337509
0.335183
0.332694
0.329988
0.326999
0.323645
0.319832
0.315473
0.310543
0.305222
0.300064
0.295861
0.293114
0.291809
0.291689
0.292424
0.293741
0.295437
0.297375
0.299458
0.301626
0.303845
0.306096
0.308375
0.31069
0.313056
0.315493
0.318042
0.320767
0.323745
0.32709
0.330957
0.335586
0.341322
0.348751
0.358885
0.37426
0.400415
0.443325
0.490758
0.511695
0.510562
0.502668
0.495166
0.489269
0.48472
0.481106
0.47814
0.475618
0.473407
0.471413
0.469571
0.467829
0.466143
0.464484
0.462823
0.461133
0.459385
0.457547
0.455583
0.45345
0.451093
0.448444
0.445423
0.441952
0.437997
0.433677
0.429414
0.425842
0.423387
0.422074
0.421722
0.422079
0.42293
0.424111
0.425512
0.427052
0.428682
0.430372
0.432106
0.433881
0.435701
0.437578
0.439528
0.441585
0.4438
0.446238
0.448991
0.452186
0.456021
0.460779
0.466931
0.475277
0.48774
0.508267
0.540554
0.574406
0.587594
0.58486
0.577737
0.571319
0.56633
0.562496
0.559457
0.556972
0.554869
0.553036
0.551394
0.549889
0.548479
0.547125
0.545806
0.544497
0.543175
0.541817
0.540395
0.538875
0.537217
0.535364
0.53324
0.530741
0.527736
0.524085
0.519739
0.514903
0.510102
0.505863
0.50246
0.499913
0.498092
0.496848
0.496043
0.495578
0.495369
0.495361
0.495518
0.495811
0.496223
0.496743
0.497359
0.498068
0.498873
0.499782
0.500802
0.501948
0.503242
0.504728
0.506454
0.508505
0.510961
0.514023
0.517844
0.522928
0.528784
0.533671
0.537155
0.539323
0.540525
0.541067
0.256964
0.256341
0.254924
0.252297
0.247906
0.241469
0.233448
0.226271
0.220823
0.216355
0.212595
0.209262
0.206241
0.203421
0.200739
0.198142
0.195587
0.193048
0.190504
0.187932
0.185314
0.182629
0.179854
0.176967
0.173942
0.170747
0.167346
0.163694
0.159735
0.155406
0.150637
0.145378
0.139658
0.13373
0.128266
0.124192
0.121903
0.121257
0.121898
0.123431
0.125551
0.128038
0.130745
0.133577
0.136472
0.139402
0.142352
0.145321
0.148321
0.151369
0.154492
0.157739
0.161179
0.164903
0.169042
0.173775
0.179383
0.186274
0.195144
0.207214
0.225673
0.257846
0.31249
0.374659
0.402488
0.401691
0.392261
0.383283
0.376206
0.370707
0.366286
0.362608
0.359435
0.356612
0.354031
0.351616
0.349306
0.347052
0.34482
0.342576
0.340287
0.337921
0.335442
0.33281
0.329975
0.326882
0.323458
0.319622
0.315297
0.310465
0.305292
0.300324
0.296378
0.293883
0.292796
0.292854
0.293729
0.295156
0.296941
0.298955
0.301106
0.303338
0.305622
0.307939
0.310286
0.312672
0.315108
0.317616
0.320233
0.323016
0.326038
0.329406
0.333265
0.337843
0.343467
0.350698
0.360513
0.375432
0.401133
0.444172
0.492295
0.513044
0.511628
0.503758
0.496413
0.490648
0.48617
0.482573
0.479583
0.477008
0.474721
0.472636
0.47069
0.468834
0.467028
0.465244
0.463455
0.461635
0.459757
0.457792
0.455708
0.453466
0.451018
0.448305
0.445259
0.441808
0.437925
0.433722
0.429615
0.42626
0.424024
0.422908
0.422722
0.423213
0.424172
0.425441
0.426916
0.428521
0.43021
0.431957
0.433748
0.435578
0.437453
0.439384
0.441387
0.443492
0.445746
0.448211
0.450972
0.454149
0.457929
0.462581
0.468559
0.476634
0.488725
0.508896
0.541272
0.575602
0.588637
0.585726
0.57866
0.572389
0.567517
0.563746
0.560725
0.558223
0.556078
0.554183
0.552465
0.550872
0.549364
0.547907
0.546479
0.545056
0.543617
0.54214
0.540598
0.538963
0.537196
0.535248
0.53305
0.530509
0.527504
0.523907
0.519671
0.515009
0.510478
0.506559
0.503488
0.501261
0.499731
0.498738
0.498147
0.49786
0.4978
0.497915
0.498173
0.498551
0.499031
0.499605
0.500266
0.501008
0.501838
0.502762
0.503788
0.504932
0.506214
0.507677
0.509365
0.511362
0.513742
0.516708
0.520408
0.52539
0.531082
0.535669
0.538794
0.540623
0.541537
0.54185
0.257669
0.257312
0.256238
0.254038
0.250125
0.244101
0.236256
0.229058
0.223607
0.219101
0.215278
0.211862
0.208741
0.205808
0.203004
0.200276
0.197585
0.194904
0.192211
0.189487
0.186713
0.183869
0.180933
0.177885
0.1747
0.171349
0.167801
0.164014
0.159941
0.155527
0.150715
0.145468
0.139821
0.13402
0.128736
0.124991
0.123026
0.12266
0.123529
0.125244
0.127508
0.130112
0.132918
0.135838
0.138816
0.141828
0.144859
0.147912
0.150997
0.154129
0.157336
0.160661
0.164169
0.167944
0.17211
0.176832
0.182378
0.189132
0.197759
0.209435
0.227311
0.258867
0.313615
0.376656
0.404254
0.403126
0.393753
0.384981
0.378072
0.372664
0.368267
0.364564
0.361331
0.358421
0.355734
0.353197
0.350754
0.348359
0.34598
0.343584
0.34114
0.338618
0.335985
0.333205
0.330233
0.32702
0.323505
0.319617
0.315294
0.310524
0.305473
0.300682
0.297042
0.294849
0.294025
0.294297
0.29534
0.296898
0.298784
0.300879
0.3031
0.305396
0.30774
0.310116
0.312523
0.314968
0.317464
0.32003
0.322701
0.325529
0.328583
0.331961
0.3358
0.340315
0.345815
0.352838
0.362323
0.376764
0.401968
0.445082
0.493874
0.514443
0.512787
0.50498
0.497811
0.492186
0.487785
0.484211
0.481204
0.478582
0.476227
0.474057
0.472014
0.47005
0.46813
0.466227
0.464313
0.462366
0.460359
0.458267
0.456059
0.4537
0.45115
0.448356
0.44526
0.441804
0.437965
0.433857
0.429895
0.426798
0.424823
0.42394
0.423949
0.424596
0.425679
0.427045
0.428599
0.430269
0.432016
0.433816
0.435657
0.437535
0.439458
0.441434
0.443479
0.445622
0.447906
0.450386
0.453145
0.456295
0.460012
0.464549
0.470343
0.478139
0.489839
0.509618
0.542042
0.576834
0.589728
0.586674
0.579696
0.573585
0.568837
0.565135
0.562136
0.559622
0.55744
0.555488
0.5537
0.552024
0.550423
0.548868
0.547333
0.545799
0.544245
0.542649
0.540987
0.539233
0.537351
0.535297
0.53301
0.530407
0.527381
0.523816
0.519676
0.515187
0.510969
0.507408
0.504701
0.502815
0.501584
0.500847
0.500469
0.500357
0.50044
0.500673
0.501027
0.501483
0.502026
0.50265
0.50335
0.504121
0.504971
0.505905
0.506934
0.508071
0.509337
0.510771
0.512417
0.514354
0.516653
0.519512
0.523077
0.527937
0.533404
0.537634
0.54037
0.541851
0.542484
0.542576
0.258324
0.258222
0.257486
0.255724
0.252334
0.246817
0.239264
0.232082
0.226654
0.22213
0.218261
0.214773
0.211566
0.208533
0.205618
0.202769
0.199951
0.197137
0.194307
0.191439
0.188516
0.18552
0.182429
0.179225
0.175883
0.172378
0.168679
0.164749
0.160545
0.156023
0.151135
0.145855
0.140233
0.134513
0.129365
0.126027
0.124454
0.124424
0.125564
0.127493
0.12992
0.132651
0.13556
0.138566
0.141622
0.144707
0.14781
0.150934
0.154089
0.15729
0.160564
0.163951
0.16751
0.171319
0.175493
0.180189
0.185657
0.192258
0.200629
0.211896
0.229167
0.260056
0.31483
0.378698
0.406083
0.404686
0.395419
0.386877
0.380147
0.374838
0.370475
0.366757
0.363474
0.360488
0.357705
0.355057
0.35249
0.349964
0.347446
0.344905
0.342312
0.339639
0.336856
0.333927
0.330814
0.327471
0.323846
0.319881
0.315526
0.310782
0.305815
0.301168
0.297899
0.296065
0.295549
0.296069
0.297304
0.299006
0.301001
0.303181
0.30547
0.307825
0.310222
0.312649
0.315106
0.317599
0.320142
0.322753
0.325464
0.328324
0.331394
0.334769
0.338576
0.343016
0.34838
0.355184
0.364327
0.378272
0.402937
0.446065
0.495491
0.515896
0.514049
0.506345
0.49937
0.493894
0.489578
0.486033
0.483016
0.480356
0.477941
0.475695
0.473562
0.471499
0.469473
0.467457
0.465425
0.463356
0.461224
0.459006
0.456674
0.454196
0.451535
0.448646
0.44548
0.44199
0.438166
0.434123
0.43028
0.427494
0.425827
0.425213
0.425444
0.426266
0.427482
0.428951
0.430584
0.432319
0.43412
0.435967
0.437851
0.43977
0.44173
0.443741
0.445818
0.447988
0.45029
0.452777
0.455524
0.458635
0.462279
0.466694
0.472295
0.479801
0.491095
0.510448
0.54287
0.5781
0.590869
0.587713
0.580855
0.574919
0.570301
0.566674
0.563702
0.561182
0.558969
0.556968
0.555114
0.553362
0.551675
0.550026
0.548391
0.54675
0.545084
0.543372
0.541592
0.539717
0.537716
0.53555
0.533162
0.53048
0.527411
0.523855
0.519788
0.515455
0.511604
0.508445
0.506132
0.504602
0.503678
0.503195
0.503024
0.503081
0.503301
0.503644
0.504087
0.504613
0.505213
0.505882
0.506614
0.50741
0.508274
0.509215
0.510241
0.511367
0.512612
0.514014
0.515613
0.517485
0.519696
0.52244
0.525855
0.530569
0.53574
0.539554
0.541874
0.543005
0.543362
0.543243
0.258928
0.259069
0.258663
0.257342
0.254511
0.249597
0.242482
0.23536
0.229983
0.225462
0.221563
0.21802
0.214739
0.211618
0.208605
0.205649
0.202716
0.199781
0.196823
0.193822
0.190762
0.187624
0.184388
0.181036
0.177545
0.17389
0.170043
0.165968
0.161628
0.15698
0.15199
0.14664
0.140994
0.135294
0.130199
0.127383
0.126277
0.126636
0.128083
0.130244
0.132844
0.135704
0.138712
0.141799
0.144922
0.148069
0.15123
0.154411
0.15762
0.160875
0.164198
0.167629
0.171221
0.175046
0.179213
0.183865
0.189239
0.195673
0.203772
0.214617
0.231265
0.261445
0.316158
0.38078
0.407977
0.406383
0.397277
0.388987
0.382448
0.377248
0.372927
0.369206
0.365883
0.362833
0.359966
0.357218
0.35454
0.351895
0.349249
0.346574
0.343842
0.341027
0.338099
0.335027
0.331773
0.328297
0.324552
0.32049
0.316072
0.311315
0.306386
0.30182
0.299017
0.297602
0.297436
0.298232
0.299673
0.301526
0.303631
0.305893
0.308244
0.31065
0.31309
0.315558
0.318052
0.320582
0.323159
0.325801
0.328538
0.331415
0.334489
0.337847
0.341607
0.34596
0.351177
0.357749
0.36654
0.379974
0.404066
0.447137
0.497142
0.517404
0.515426
0.507868
0.501103
0.495786
0.491561
0.488054
0.485036
0.482346
0.479881
0.477569
0.475356
0.473203
0.47108
0.468959
0.466818
0.464635
0.462386
0.460048
0.457595
0.454999
0.452223
0.449231
0.445979
0.442431
0.438591
0.434576
0.430801
0.428404
0.427093
0.426783
0.427256
0.428264
0.429618
0.431189
0.432899
0.434693
0.43654
0.438427
0.440345
0.442294
0.444282
0.446318
0.448416
0.450603
0.452913
0.455394
0.458118
0.461182
0.464744
0.469026
0.474426
0.481633
0.492509
0.511405
0.54377
0.579398
0.592065
0.588855
0.582148
0.5764
0.57192
0.568373
0.565436
0.562916
0.560679
0.558635
0.556725
0.554904
0.553138
0.551402
0.549674
0.547933
0.546161
0.544338
0.542443
0.540451
0.538333
0.53605
0.533554
0.530781
0.527648
0.524077
0.520055
0.515842
0.512429
0.509717
0.507822
0.506658
0.506039
0.505805
0.505832
0.506047
0.506392
0.506835
0.507358
0.507948
0.508597
0.509303
0.510063
0.510877
0.511751
0.512693
0.513712
0.514823
0.516043
0.517409
0.518957
0.520759
0.522877
0.525497
0.528748
0.533291
0.538076
0.541415
0.543298
0.544079
0.54417
0.543853
0.259479
0.25985
0.259761
0.258879
0.256633
0.252413
0.245923
0.23891
0.233614
0.229117
0.225206
0.221624
0.218284
0.21509
0.211992
0.208942
0.205908
0.202865
0.199792
0.196672
0.193488
0.190221
0.186853
0.183365
0.179736
0.175943
0.171957
0.167744
0.163269
0.158492
0.153384
0.147937
0.142224
0.136478
0.131291
0.129166
0.128605
0.129395
0.131167
0.133567
0.136338
0.13932
0.142416
0.14557
0.148748
0.151942
0.155145
0.158366
0.161614
0.164904
0.168259
0.171716
0.175323
0.179147
0.183288
0.187881
0.193145
0.199397
0.20721
0.217623
0.233638
0.263077
0.317628
0.382889
0.409938
0.408236
0.399346
0.39133
0.384993
0.379911
0.375645
0.37193
0.368581
0.365479
0.362541
0.359708
0.356932
0.35418
0.35142
0.348624
0.345766
0.342821
0.339761
0.336555
0.333168
0.329563
0.325696
0.321527
0.317026
0.312223
0.307278
0.30268
0.300481
0.299548
0.299765
0.300849
0.302501
0.304502
0.30671
0.309044
0.311448
0.313893
0.316366
0.318861
0.32138
0.323933
0.32653
0.329189
0.331938
0.334818
0.337881
0.341209
0.34491
0.349163
0.354222
0.360552
0.368983
0.381898
0.40539
0.448324
0.498818
0.518972
0.516932
0.509563
0.503027
0.497877
0.49375
0.49029
0.48728
0.484571
0.482065
0.479696
0.477415
0.475184
0.472974
0.47076
0.46852
0.466232
0.463876
0.461428
0.458863
0.456154
0.453269
0.450171
0.446826
0.443205
0.43932
0.435289
0.43149
0.429596
0.428693
0.428712
0.429438
0.430633
0.432122
0.433788
0.435566
0.437409
0.439294
0.441211
0.443153
0.445123
0.447128
0.449178
0.451287
0.453478
0.455784
0.458249
0.460941
0.463948
0.467417
0.471559
0.476749
0.483652
0.494101
0.512517
0.544761
0.580723
0.59332
0.590111
0.583588
0.578042
0.573707
0.570245
0.567349
0.564838
0.562584
0.560506
0.558547
0.556665
0.55483
0.553016
0.551203
0.54937
0.547501
0.545576
0.543574
0.541472
0.53924
0.536844
0.534239
0.531368
0.528159
0.524551
0.520541
0.516374
0.513502
0.51128
0.50982
0.509021
0.508698
0.508697
0.508907
0.509265
0.509723
0.510255
0.510847
0.51149
0.512181
0.512917
0.513698
0.514524
0.515403
0.516342
0.51735
0.518441
0.519632
0.520958
0.522451
0.52418
0.5262
0.528689
0.531765
0.536109
0.540392
0.5432
0.544633
0.54507
0.544907
0.544403
0.259977
0.260563
0.260775
0.260323
0.258675
0.255226
0.249601
0.242756
0.237569
0.233118
0.229212
0.225607
0.222224
0.218973
0.215804
0.212675
0.209554
0.206418
0.203246
0.200021
0.196728
0.193348
0.189864
0.186257
0.182508
0.178592
0.174483
0.170148
0.165551
0.160655
0.155432
0.149879
0.144073
0.138214
0.132688
0.131517
0.131569
0.132809
0.134906
0.137532
0.140456
0.143541
0.146707
0.14991
0.153125
0.156348
0.159578
0.162821
0.16609
0.169397
0.172766
0.176231
0.179835
0.183641
0.18774
0.192257
0.197395
0.203452
0.210968
0.220942
0.236323
0.265009
0.319283
0.385011
0.411967
0.410266
0.401649
0.393928
0.387802
0.382848
0.378647
0.374951
0.371589
0.368448
0.365454
0.36255
0.359692
0.356849
0.35399
0.351089
0.348121
0.345062
0.341885
0.338561
0.335057
0.331335
0.327357
0.323085
0.318496
0.313625
0.308613
0.303785
0.302404
0.302006
0.30262
0.303991
0.305841
0.307976
0.310271
0.312662
0.315103
0.317574
0.320065
0.322574
0.325105
0.327666
0.330269
0.332931
0.335678
0.338547
0.341586
0.34487
0.348501
0.352643
0.357533
0.363612
0.371677
0.384073
0.406954
0.449657
0.500508
0.5206
0.518585
0.511449
0.505157
0.500182
0.496162
0.492757
0.489765
0.487047
0.484512
0.482098
0.47976
0.477462
0.475178
0.472883
0.470557
0.468179
0.465728
0.463182
0.460519
0.45771
0.454726
0.451532
0.448096
0.444396
0.440452
0.436363
0.432379
0.431161
0.430709
0.431068
0.432044
0.433416
0.435026
0.436774
0.438607
0.440487
0.442398
0.444332
0.446287
0.448267
0.450279
0.452331
0.454439
0.456624
0.458916
0.461355
0.464004
0.466944
0.470313
0.474307
0.479281
0.485876
0.495895
0.513819
0.545866
0.582069
0.594638
0.591496
0.585192
0.579858
0.575674
0.572304
0.569456
0.56696
0.564699
0.562595
0.560597
0.558665
0.556769
0.554887
0.552999
0.551086
0.54913
0.547113
0.545015
0.542813
0.540479
0.53798
0.535272
0.532307
0.52902
0.525363
0.521331
0.517079
0.514899
0.5132
0.512177
0.51173
0.511682
0.511892
0.512264
0.512746
0.5133
0.513906
0.514555
0.515242
0.515965
0.516724
0.517519
0.518352
0.51923
0.520161
0.521154
0.522222
0.523381
0.524662
0.526098
0.52775
0.529669
0.532022
0.534913
0.539027
0.542662
0.544893
0.545871
0.545974
0.545571
0.544894
0.260421
0.261205
0.261701
0.261663
0.260612
0.25798
0.253513
0.246907
0.241858
0.237478
0.233596
0.229987
0.226578
0.223285
0.220063
0.216871
0.213679
0.210466
0.207211
0.203899
0.200514
0.19704
0.193458
0.189752
0.185902
0.181885
0.177676
0.173243
0.168549
0.16356
0.158246
0.152606
0.146708
0.140693
0.134417
0.134611
0.135314
0.13699
0.139381
0.1422
0.145244
0.148403
0.151613
0.154842
0.158073
0.161307
0.164543
0.167791
0.171062
0.17437
0.177735
0.181189
0.184772
0.18854
0.19258
0.197004
0.202
0.207847
0.215052
0.22458
0.239332
0.267268
0.32113
0.387106
0.414042
0.41247
0.404193
0.396787
0.390885
0.38607
0.381947
0.378284
0.374923
0.37176
0.368725
0.365766
0.362844
0.359926
0.356986
0.353997
0.350938
0.347785
0.344512
0.341091
0.337491
0.333677
0.329609
0.325255
0.320594
0.315659
0.310543
0.305158
0.304925
0.305092
0.30609
0.30772
0.309741
0.311981
0.31434
0.316766
0.319226
0.321706
0.3242
0.326709
0.329237
0.331793
0.334389
0.337039
0.339769
0.342613
0.345614
0.348841
0.352387
0.356405
0.361115
0.366932
0.374628
0.386507
0.408779
0.451144
0.50218
0.522273
0.520382
0.513532
0.5075
0.50271
0.498806
0.495466
0.492503
0.489787
0.487235
0.484789
0.482407
0.480057
0.477712
0.475351
0.472953
0.470499
0.467969
0.465343
0.462598
0.459708
0.456643
0.453372
0.449864
0.4461
0.442098
0.437922
0.433487
0.433214
0.433236
0.433924
0.435127
0.43665
0.438358
0.440167
0.442036
0.443938
0.44586
0.4478
0.449756
0.451734
0.453741
0.455786
0.457882
0.460049
0.462315
0.464718
0.467313
0.470178
0.473437
0.477274
0.482024
0.488307
0.497898
0.515325
0.547089
0.583411
0.596009
0.593011
0.586963
0.581854
0.577828
0.574557
0.571766
0.569295
0.567035
0.564916
0.562888
0.560917
0.558972
0.557034
0.555083
0.553101
0.551071
0.548976
0.546795
0.544509
0.542087
0.539502
0.536709
0.533664
0.530311
0.526609
0.522533
0.517972
0.516714
0.515553
0.514946
0.51482
0.515013
0.515404
0.515911
0.516495
0.517126
0.517791
0.518485
0.519204
0.51995
0.520723
0.521526
0.52236
0.523233
0.524151
0.525124
0.526165
0.527289
0.528523
0.529898
0.53147
0.533285
0.535496
0.538194
0.54204
0.54485
0.546479
0.547007
0.546789
0.546162
0.545328
0.260811
0.261777
0.262533
0.26289
0.262425
0.260599
0.257065
0.250744
0.245846
0.241548
0.2377
0.234098
0.230675
0.227352
0.224089
0.220846
0.217597
0.21432
0.210997
0.207612
0.204151
0.200597
0.196935
0.193147
0.189216
0.18512
0.180835
0.176329
0.171568
0.166518
0.161151
0.155461
0.149499
0.143324
0.136464
0.137839
0.139173
0.141239
0.143869
0.14683
0.149954
0.153153
0.15638
0.159614
0.162842
0.166069
0.169297
0.172535
0.175795
0.17909
0.182438
0.185869
0.18942
0.193142
0.197113
0.201437
0.206289
0.211925
0.218827
0.227934
0.242111
0.26937
0.322751
0.38874
0.415733
0.414413
0.406515
0.399425
0.393743
0.389067
0.385025
0.381402
0.378049
0.374874
0.371811
0.36881
0.365835
0.362857
0.359851
0.356792
0.353658
0.350429
0.347079
0.343584
0.339912
0.33603
0.331903
0.327498
0.322796
0.317819
0.312597
0.306787
0.307553
0.308267
0.309608
0.311452
0.313601
0.315913
0.318308
0.320748
0.32321
0.325684
0.328168
0.330664
0.333177
0.335718
0.338296
0.340926
0.34363
0.34644
0.349395
0.352559
0.356016
0.359907
0.364439
0.370003
0.377349
0.388755
0.410473
0.452442
0.503485
0.52364
0.521969
0.515434
0.509662
0.505053
0.501263
0.497992
0.495062
0.492355
0.489794
0.487326
0.484911
0.482518
0.480125
0.477709
0.475253
0.472737
0.470144
0.467453
0.464644
0.461692
0.458569
0.455244
0.45169
0.447886
0.443846
0.439581
0.434803
0.435353
0.435835
0.436816
0.438206
0.439846
0.441622
0.443469
0.445357
0.447265
0.449186
0.45112
0.453068
0.455035
0.457029
0.459057
0.461134
0.463277
0.465512
0.467872
0.47041
0.473196
0.476344
0.480027
0.484561
0.490548
0.499743
0.516714
0.548146
0.584461
0.597139
0.594353
0.588581
0.583695
0.579824
0.576651
0.573917
0.571475
0.569223
0.567094
0.565045
0.563042
0.561058
0.559074
0.55707
0.55503
0.552938
0.550778
0.548529
0.546173
0.543682
0.541028
0.538171
0.53507
0.531674
0.527943
0.523822
0.519043
0.518599
0.517955
0.517724
0.517871
0.518264
0.518799
0.519412
0.520073
0.520762
0.521471
0.522197
0.522939
0.523699
0.52448
0.525284
0.526115
0.526978
0.527881
0.528833
0.529845
0.530932
0.532119
0.533433
0.534927
0.53664
0.538712
0.54122
0.544779
0.546905
0.547944
0.548033
0.547514
0.546682
0.545705
0.261149
0.262278
0.263272
0.263994
0.264094
0.263044
0.260329
0.254321
0.249576
0.245364
0.241556
0.237968
0.234538
0.231195
0.227901
0.224618
0.221323
0.217994
0.214614
0.21117
0.207646
0.204028
0.2003
0.196447
0.192452
0.188295
0.183952
0.179396
0.174594
0.169513
0.164123
0.158414
0.152411
0.146088
0.138796
0.141163
0.143088
0.145495
0.148314
0.151375
0.154544
0.157757
0.16098
0.164202
0.167414
0.170623
0.173831
0.17705
0.18029
0.183563
0.186887
0.190288
0.1938
0.19747
0.201369
0.205594
0.210304
0.215741
0.222362
0.23109
0.244773
0.271459
0.3243
0.390028
0.417128
0.416174
0.408683
0.401896
0.396422
0.391877
0.387914
0.384333
0.380996
0.377815
0.374731
0.371699
0.368683
0.365658
0.362598
0.359482
0.356289
0.353
0.34959
0.346038
0.342314
0.338388
0.334227
0.329798
0.325081
0.32008
0.314761
0.308646
0.310256
0.311481
0.313124
0.315141
0.317381
0.319736
0.322145
0.324582
0.327032
0.329489
0.331954
0.33443
0.336922
0.33944
0.341994
0.344598
0.347271
0.350042
0.352949
0.356047
0.359417
0.363186
0.367549
0.372877
0.379908
0.390906
0.412152
0.453678
0.504515
0.524774
0.523411
0.517209
0.511687
0.507248
0.503567
0.500362
0.497468
0.494774
0.49221
0.489726
0.487285
0.48486
0.482427
0.479969
0.477465
0.4749
0.472255
0.469514
0.466657
0.463659
0.460496
0.457139
0.45356
0.44974
0.445675
0.44133
0.436306
0.437553
0.438463
0.439704
0.441246
0.442971
0.44479
0.446656
0.448547
0.45045
0.452362
0.454282
0.456215
0.458165
0.46014
0.462148
0.464201
0.466317
0.468517
0.470833
0.473313
0.476021
0.479064
0.482601
0.486934
0.492654
0.501505
0.518078
0.54914
0.585296
0.598091
0.595579
0.590092
0.585418
0.581692
0.578611
0.575935
0.573522
0.57128
0.569147
0.567083
0.565055
0.563039
0.561016
0.558969
0.556881
0.554738
0.552524
0.55022
0.547807
0.545261
0.542556
0.539653
0.536517
0.533098
0.529352
0.525193
0.520276
0.520531
0.520367
0.520469
0.520846
0.521398
0.522045
0.522738
0.523457
0.524188
0.524928
0.525676
0.526432
0.527201
0.527985
0.528787
0.529611
0.530462
0.531349
0.532278
0.533262
0.534313
0.535455
0.536712
0.538132
0.53975
0.54169
0.544018
0.547284
0.548802
0.549275
0.548947
0.548147
0.54713
0.546028
0.541184
0.54113
0.540989
0.54078
0.540518
0.54021
0.539865
0.539488
0.539083
0.538654
0.538203
0.537732
0.537243
0.536738
0.536216
0.53568
0.535129
0.534565
0.533989
0.533402
0.532805
0.532198
0.531585
0.530965
0.530342
0.529718
0.529095
0.528476
0.527867
0.527269
0.52669
0.526133
0.525606
0.525116
0.524669
0.524275
0.523942
0.523679
0.523495
0.523398
0.541821
0.541679
0.541462
0.541189
0.54087
0.540514
0.540125
0.539711
0.539273
0.538814
0.538337
0.537844
0.537334
0.53681
0.536272
0.535721
0.535157
0.534581
0.533994
0.533397
0.532791
0.532177
0.531556
0.530931
0.530302
0.529674
0.529047
0.528427
0.527815
0.527217
0.526637
0.526081
0.525556
0.525067
0.524623
0.524232
0.523902
0.523642
0.52346
0.523365
0.542408
0.542184
0.541897
0.541562
0.541191
0.540788
0.54036
0.539911
0.539442
0.538956
0.538455
0.53794
0.537412
0.536871
0.536317
0.535752
0.535176
0.534589
0.533992
0.533386
0.532771
0.53215
0.531523
0.530893
0.53026
0.529628
0.528998
0.528375
0.527762
0.527164
0.526584
0.526029
0.525505
0.525019
0.524578
0.52419
0.523863
0.523605
0.523426
0.523333
0.542946
0.542644
0.542291
0.5419
0.54148
0.541035
0.54057
0.540088
0.539591
0.53908
0.538557
0.538023
0.537477
0.53692
0.536352
0.535775
0.535187
0.53459
0.533983
0.533369
0.532748
0.53212
0.531487
0.530852
0.530215
0.52958
0.528948
0.528323
0.527709
0.52711
0.526531
0.525977
0.525455
0.524971
0.524533
0.524148
0.523824
0.52357
0.523393
0.523301
0.543434
0.54306
0.542646
0.542203
0.541738
0.541254
0.540755
0.540243
0.53972
0.539187
0.538644
0.538091
0.537529
0.536958
0.536378
0.535788
0.53519
0.534584
0.533969
0.533347
0.532719
0.532086
0.531449
0.530809
0.530169
0.52953
0.528896
0.52827
0.527656
0.527057
0.526479
0.525926
0.525406
0.524925
0.524489
0.524107
0.523787
0.523535
0.523361
0.52327
0.543872
0.543432
0.542963
0.542472
0.541965
0.541446
0.540916
0.540378
0.539831
0.539277
0.538716
0.538146
0.53757
0.536986
0.536394
0.535794
0.535187
0.534572
0.53395
0.533322
0.532688
0.532049
0.531407
0.530764
0.53012
0.52948
0.528844
0.528217
0.527603
0.527004
0.526427
0.525876
0.525358
0.524879
0.524447
0.524068
0.52375
0.523502
0.52333
0.523241
0.54426
0.543761
0.543241
0.542707
0.542164
0.541612
0.541055
0.540492
0.539924
0.539351
0.538773
0.53819
0.5376
0.537004
0.536402
0.535793
0.535177
0.534555
0.533926
0.533292
0.532653
0.53201
0.531364
0.530717
0.530072
0.529429
0.528792
0.528165
0.52755
0.526952
0.526376
0.525827
0.525311
0.524835
0.524405
0.52403
0.523716
0.52347
0.523301
0.523213
0.544601
0.544048
0.543483
0.54291
0.542334
0.541754
0.541172
0.540587
0.540001
0.539411
0.538818
0.538221
0.53762
0.537014
0.536402
0.535785
0.535162
0.534533
0.533898
0.533259
0.532615
0.531968
0.53132
0.53067
0.530022
0.529378
0.528741
0.528113
0.527498
0.526901
0.526326
0.525779
0.525266
0.524792
0.524366
0.523994
0.523682
0.52344
0.523273
0.523186
0.544896
0.544295
0.543689
0.543083
0.542477
0.541872
0.541268
0.540664
0.540061
0.539457
0.538851
0.538243
0.537631
0.537016
0.536396
0.535772
0.535142
0.534507
0.533868
0.533224
0.532576
0.531926
0.531274
0.530623
0.529973
0.529328
0.52869
0.528062
0.527448
0.526852
0.526278
0.525733
0.525222
0.524752
0.524328
0.523959
0.523651
0.523411
0.523246
0.523161
0.545146
0.544503
0.543863
0.543226
0.542595
0.541968
0.541345
0.540725
0.540107
0.53949
0.538873
0.538255
0.537635
0.537011
0.536385
0.535754
0.535118
0.534479
0.533835
0.533187
0.532536
0.531883
0.531229
0.530576
0.529925
0.529279
0.52864
0.528012
0.527399
0.526804
0.526233
0.52569
0.525181
0.524713
0.524293
0.523926
0.523621
0.523384
0.523221
0.523138
0.000784504
0.00268777
0.00500728
0.00780549
0.0111404
0.0150677
0.0196412
0.0249116
0.0309233
0.0377116
0.045299
0.0536921
0.062878
0.0728215
0.0834633
0.0947189
0.106479
0.118611
0.130963
0.143368
0.155652
0.16764
0.179163
0.19007
0.200232
0.209548
0.217949
0.225403
0.231907
0.237493
0.242216
0.246151
0.24939
0.252028
0.254165
0.255895
0.257307
0.258478
0.259474
0.260349
0.000797519
0.00273261
0.00508986
0.00792878
0.0113045
0.0152708
0.01988
0.0251811
0.0312173
0.0380223
0.0456173
0.0540075
0.0631789
0.0730958
0.0836989
0.0949041
0.106604
0.118667
0.130944
0.143273
0.155482
0.167399
0.178861
0.189718
0.199843
0.209138
0.217534
0.224997
0.231525
0.237145
0.241911
0.245896
0.249188
0.251881
0.254071
0.255854
0.257317
0.258537
0.259583
0.260509
0.000811336
0.00277969
0.00517524
0.00805418
0.0114691
0.015472
0.0201141
0.0254434
0.0315018
0.0383217
0.045923
0.0543096
0.0634668
0.0733583
0.0839245
0.0950822
0.106724
0.118723
0.13093
0.143187
0.155325
0.167176
0.178578
0.189387
0.199478
0.208751
0.217141
0.224611
0.231158
0.236809
0.241615
0.245645
0.248985
0.251728
0.253968
0.255799
0.257308
0.258573
0.259663
0.260634
0.000826003
0.00282889
0.00526264
0.00818001
0.0116314
0.0156679
0.0203399
0.0256945
0.0317725
0.0386052
0.0462115
0.0545942
0.0637377
0.0736051
0.084137
0.0952505
0.10684
0.118778
0.130921
0.143111
0.155182
0.166971
0.178319
0.189083
0.199139
0.208392
0.216774
0.224249
0.230814
0.236492
0.241332
0.245402
0.248786
0.251574
0.253859
0.255733
0.257284
0.258589
0.259717
0.260726
0.000841517
0.00287986
0.00535076
0.00830389
0.0117883
0.0158546
0.0205528
0.0259294
0.0320243
0.0388679
0.0464779
0.0548564
0.063987
0.0738323
0.0843328
0.0954062
0.106948
0.118831
0.130916
0.143045
0.155056
0.166789
0.178086
0.188808
0.198833
0.208066
0.216439
0.223918
0.230497
0.236198
0.241068
0.245174
0.248596
0.251424
0.253748
0.255661
0.257248
0.258587
0.259749
0.260791
0.000857768
0.00293184
0.00543759
0.00842261
0.0119356
0.0160273
0.0207477
0.0261427
0.0322516
0.039104
0.0467167
0.055091
0.0642097
0.0740352
0.084508
0.0955459
0.107045
0.118881
0.130913
0.142989
0.154948
0.16663
0.177883
0.188568
0.198564
0.207778
0.216143
0.223624
0.230214
0.235934
0.24083
0.244966
0.248421
0.251283
0.253641
0.255587
0.257205
0.258574
0.259762
0.260832
0.000874428
0.00298339
0.00552011
0.00853184
0.0120681
0.0161804
0.0209186
0.0263283
0.0324483
0.0393074
0.0469218
0.0552921
0.0644005
0.0742091
0.0846583
0.0956662
0.10713
0.118925
0.130914
0.142944
0.154859
0.166499
0.177713
0.188366
0.198337
0.207535
0.215892
0.223374
0.229972
0.235708
0.240624
0.244785
0.248267
0.251157
0.253543
0.255516
0.257159
0.258552
0.259763
0.260853
0.000890761
0.00303193
0.00559388
0.00862598
0.0121797
0.0163073
0.0210587
0.0264793
0.0326075
0.0394714
0.0470868
0.0554535
0.0645535
0.0743485
0.084779
0.0957632
0.107198
0.118962
0.130916
0.142911
0.15479
0.166396
0.17758
0.188207
0.198158
0.207342
0.215693
0.223174
0.229779
0.235526
0.240458
0.244638
0.248141
0.251052
0.25346
0.255453
0.257116
0.258527
0.259754
0.26086
0.000905291
0.0030731
0.00565261
0.00869793
0.0122629
0.0164004
0.0211605
0.0265883
0.0327217
0.0395887
0.0472044
0.0555684
0.0646624
0.0744478
0.084865
0.0958326
0.107248
0.118989
0.130919
0.142889
0.154742
0.166325
0.177488
0.188096
0.198033
0.207207
0.215553
0.223033
0.229642
0.235396
0.240339
0.244531
0.248049
0.250975
0.253398
0.255406
0.257082
0.258504
0.259743
0.260859
0.000915248
0.00309966
0.00568763
0.00873898
0.0123093
0.0164515
0.0212158
0.0266471
0.0327831
0.0396515
0.0472673
0.0556298
0.0647205
0.0745008
0.084911
0.0958698
0.107275
0.119004
0.130922
0.142878
0.154718
0.166288
0.177439
0.188038
0.197967
0.207136
0.215478
0.222959
0.229569
0.235327
0.240275
0.244474
0.247999
0.250933
0.253363
0.255378
0.257062
0.25849
0.259734
0.260855
0.261436
0.262709
0.263914
0.264971
0.265601
0.265296
0.263353
0.257675
0.253077
0.24895
0.245183
0.241613
0.238183
0.234827
0.231509
0.228196
0.224864
0.221495
0.21807
0.214578
0.211004
0.207335
0.203555
0.199652
0.195608
0.191406
0.187024
0.182437
0.177616
0.172528
0.167145
0.161448
0.155426
0.148976
0.141356
0.144561
0.147018
0.149713
0.152674
0.155794
0.158978
0.162183
0.165387
0.168584
0.17177
0.174953
0.178136
0.181329
0.184543
0.187789
0.191083
0.19445
0.19792
0.201537
0.205366
0.209496
0.214074
0.21933
0.225699
0.234102
0.24739
0.273628
0.325869
0.391038
0.418285
0.417803
0.410738
0.404238
0.398951
0.394526
0.390638
0.387098
0.383779
0.380598
0.377501
0.374446
0.371399
0.368337
0.365236
0.362075
0.358836
0.3555
0.352046
0.348453
0.344696
0.340745
0.336572
0.332144
0.327436
0.322429
0.317029
0.310689
0.313016
0.314701
0.316601
0.318748
0.321047
0.323419
0.325825
0.328246
0.330674
0.333107
0.335547
0.337997
0.340464
0.342956
0.345482
0.348056
0.350696
0.353427
0.356284
0.35932
0.362606
0.366262
0.370472
0.375589
0.38235
0.393018
0.413891
0.454926
0.505327
0.525722
0.524748
0.518893
0.513604
0.50932
0.505737
0.502594
0.499735
0.497057
0.494494
0.492
0.489541
0.48709
0.484628
0.482135
0.479594
0.47699
0.474307
0.471527
0.468634
0.465606
0.46242
0.459049
0.455466
0.451649
0.447576
0.443164
0.437958
0.439798
0.441094
0.442555
0.444214
0.445995
0.447837
0.449706
0.451589
0.453478
0.455373
0.457276
0.459189
0.461119
0.463073
0.465058
0.467085
0.46917
0.471335
0.473608
0.476032
0.478667
0.481612
0.485017
0.489171
0.494661
0.503228
0.519477
0.550131
0.585966
0.598907
0.596724
0.591526
0.587048
0.583453
0.580457
0.577833
0.575449
0.573219
0.571086
0.569011
0.566964
0.564923
0.56287
0.560787
0.558661
0.556476
0.554218
0.55187
0.549414
0.546827
0.544085
0.541155
0.538001
0.534576
0.530829
0.526642
0.521638
0.522493
0.522761
0.52315
0.523712
0.524387
0.525117
0.525867
0.526627
0.527388
0.528148
0.528909
0.529674
0.530447
0.53123
0.532027
0.532842
0.533681
0.534551
0.535459
0.536416
0.537433
0.538533
0.539738
0.541089
0.542622
0.544442
0.546607
0.549582
0.550529
0.550463
0.549744
0.548692
0.547511
0.546299
0.261675
0.263073
0.264462
0.265814
0.266931
0.267339
0.26616
0.260822
0.256362
0.252315
0.248588
0.245039
0.241612
0.238249
0.234916
0.23158
0.228221
0.22482
0.221361
0.217832
0.21422
0.210511
0.206692
0.202751
0.198672
0.194439
0.190034
0.185433
0.180611
0.175538
0.170185
0.164524
0.158507
0.151954
0.144065
0.147989
0.150909
0.153838
0.156895
0.16004
0.163215
0.166395
0.169569
0.172733
0.175887
0.179039
0.182192
0.185357
0.188541
0.191758
0.19502
0.198352
0.20178
0.205346
0.209108
0.213151
0.217611
0.222707
0.22886
0.236999
0.249999
0.275918
0.327503
0.391819
0.419236
0.419326
0.412701
0.406466
0.401347
0.397027
0.393207
0.389706
0.386405
0.383229
0.380124
0.377053
0.373984
0.370894
0.367762
0.364567
0.361294
0.357925
0.354439
0.35082
0.347043
0.343085
0.338917
0.334511
0.329833
0.324838
0.319374
0.312852
0.315795
0.317882
0.319992
0.32223
0.324558
0.326928
0.329316
0.331712
0.334113
0.336517
0.338929
0.341351
0.34379
0.346254
0.348752
0.351295
0.353901
0.356594
0.359404
0.36238
0.36559
0.369145
0.37322
0.378156
0.384696
0.395122
0.415723
0.456222
0.505958
0.526512
0.526001
0.520501
0.515427
0.51128
0.507785
0.504698
0.501872
0.49921
0.496651
0.494151
0.491679
0.48921
0.486725
0.484207
0.481638
0.479005
0.476293
0.473486
0.47057
0.467523
0.464328
0.460958
0.457389
0.453593
0.449526
0.445061
0.439709
0.442058
0.44369
0.445332
0.447074
0.448887
0.450733
0.452593
0.45446
0.45633
0.458205
0.460087
0.461978
0.463886
0.465817
0.467778
0.469779
0.471836
0.473967
0.476198
0.478571
0.48114
0.483997
0.487287
0.491286
0.496587
0.504939
0.520939
0.551149
0.586502
0.599609
0.597806
0.592897
0.588597
0.585118
0.582196
0.579619
0.577263
0.575045
0.572914
0.570832
0.568771
0.566711
0.564634
0.562525
0.560368
0.558151
0.555859
0.553477
0.550989
0.548373
0.545608
0.542664
0.539509
0.536095
0.53236
0.528155
0.523086
0.524458
0.525103
0.52573
0.526437
0.527202
0.527989
0.528778
0.529564
0.530343
0.531115
0.531885
0.532653
0.533426
0.534205
0.534996
0.535802
0.536629
0.537482
0.53837
0.539302
0.54029
0.541352
0.54251
0.543801
0.545258
0.546972
0.548992
0.551684
0.552076
0.551499
0.550424
0.549148
0.547826
0.54652
0.261867
0.263372
0.264917
0.266524
0.268075
0.269158
0.268757
0.263765
0.259432
0.255457
0.251767
0.248239
0.244819
0.241454
0.23811
0.23476
0.231381
0.227957
0.224473
0.220917
0.217276
0.213538
0.209692
0.205724
0.201622
0.19737
0.192953
0.188351
0.183541
0.178499
0.173195
0.167589
0.161597
0.15496
0.146824
0.151379
0.154693
0.157801
0.160913
0.164056
0.167205
0.17035
0.173486
0.176614
0.179734
0.182853
0.185976
0.18911
0.192266
0.195452
0.198683
0.20198
0.20537
0.208888
0.21259
0.216556
0.220913
0.225873
0.231849
0.239789
0.252611
0.278339
0.329213
0.392401
0.420002
0.42075
0.414577
0.408584
0.403609
0.399382
0.39562
0.392154
0.388872
0.385702
0.382595
0.379513
0.376429
0.37332
0.370165
0.366947
0.36365
0.360257
0.356752
0.353117
0.349333
0.34538
0.341232
0.336862
0.33223
0.327262
0.321748
0.315057
0.318539
0.320968
0.32324
0.325535
0.327869
0.330222
0.332583
0.33495
0.337319
0.339694
0.342076
0.34447
0.346882
0.349319
0.351788
0.354302
0.356876
0.359533
0.3623
0.365223
0.368366
0.371834
0.375794
0.380581
0.386954
0.397225
0.417654
0.457575
0.506436
0.527158
0.527176
0.522038
0.51716
0.513131
0.509711
0.506673
0.503876
0.50123
0.498677
0.496175
0.493695
0.491214
0.488713
0.486176
0.483587
0.480934
0.478201
0.475377
0.472446
0.469392
0.466197
0.462841
0.459298
0.455537
0.45149
0.446982
0.441495
0.444289
0.446208
0.44799
0.449785
0.451609
0.453447
0.45529
0.457136
0.458984
0.460836
0.462696
0.464566
0.466452
0.46836
0.470298
0.472274
0.474304
0.476403
0.478598
0.480924
0.483436
0.486218
0.489409
0.493282
0.498437
0.506643
0.522469
0.552202
0.586924
0.600209
0.598828
0.594208
0.590068
0.586688
0.58383
0.581294
0.578962
0.576757
0.574629
0.572543
0.570473
0.568399
0.566305
0.564175
0.561996
0.559754
0.557438
0.555031
0.55252
0.549885
0.547109
0.544163
0.541019
0.537629
0.533915
0.529701
0.524567
0.526388
0.527353
0.528171
0.528985
0.529811
0.530635
0.531448
0.532249
0.533037
0.533816
0.534588
0.535357
0.536127
0.536902
0.537686
0.538482
0.539297
0.540136
0.541005
0.541915
0.542877
0.543906
0.545024
0.546264
0.547657
0.549281
0.551176
0.553595
0.553436
0.55238
0.550988
0.549521
0.54808
0.546696
0.262017
0.26361
0.265284
0.267103
0.269027
0.270737
0.271133
0.266493
0.262274
0.258362
0.254706
0.251197
0.247786
0.244422
0.241073
0.237713
0.234322
0.230882
0.227381
0.223806
0.220146
0.216389
0.212524
0.208539
0.204423
0.200162
0.195742
0.191148
0.18636
0.181357
0.176111
0.170572
0.164619
0.157912
0.149523
0.154646
0.158287
0.161524
0.164661
0.167783
0.170895
0.174
0.177097
0.180188
0.183274
0.186362
0.189455
0.192561
0.195689
0.198847
0.202049
0.205315
0.208668
0.212144
0.215795
0.219695
0.223967
0.228817
0.234656
0.242464
0.255217
0.280871
0.330989
0.392807
0.420592
0.422067
0.416356
0.410584
0.405731
0.401579
0.397867
0.394432
0.391168
0.388006
0.384899
0.381812
0.378719
0.375597
0.372427
0.369194
0.365881
0.362473
0.358956
0.355315
0.351533
0.347593
0.343473
0.339148
0.334572
0.329642
0.324086
0.317215
0.321179
0.323892
0.326283
0.328608
0.330931
0.333258
0.335589
0.337923
0.340262
0.342608
0.344963
0.34733
0.349716
0.352128
0.354572
0.357059
0.359604
0.362228
0.364958
0.367836
0.370922
0.374317
0.378184
0.382856
0.389117
0.399321
0.419671
0.458977
0.506776
0.527668
0.528267
0.523495
0.518795
0.514865
0.511507
0.50851
0.505739
0.503108
0.500561
0.498061
0.495577
0.493088
0.490577
0.488027
0.485425
0.482757
0.480013
0.477178
0.47424
0.471186
0.467999
0.464664
0.461155
0.457435
0.453418
0.448875
0.443243
0.446434
0.448592
0.450477
0.452303
0.454123
0.455944
0.457765
0.459588
0.461414
0.463244
0.465083
0.466932
0.468798
0.470686
0.472602
0.474556
0.476561
0.478633
0.480795
0.483083
0.485545
0.488265
0.491377
0.495151
0.500205
0.508333
0.524057
0.553286
0.587245
0.600711
0.599788
0.595453
0.591456
0.588157
0.585352
0.58285
0.58054
0.578347
0.576223
0.574136
0.57206
0.569977
0.56787
0.565726
0.56353
0.561272
0.558937
0.556514
0.553988
0.551344
0.548564
0.545625
0.5425
0.539141
0.535457
0.531235
0.526019
0.528236
0.529467
0.53043
0.531319
0.532183
0.533028
0.533852
0.53466
0.535453
0.536233
0.537006
0.537773
0.538539
0.539309
0.540086
0.540873
0.541677
0.542503
0.543357
0.544249
0.545188
0.54619
0.547275
0.548472
0.549812
0.551362
0.553151
0.555309
0.554599
0.553102
0.55144
0.549815
0.548278
0.546831
0.262129
0.263793
0.265569
0.267555
0.269786
0.272058
0.273268
0.268983
0.264865
0.261007
0.257379
0.253889
0.250486
0.247126
0.243776
0.240411
0.237012
0.233564
0.230052
0.226466
0.222794
0.219025
0.215149
0.211154
0.207031
0.202768
0.198352
0.19377
0.189008
0.184047
0.178861
0.173392
0.167484
0.160714
0.152052
0.157694
0.161602
0.164927
0.168066
0.171158
0.17423
0.177295
0.180355
0.183412
0.186468
0.189527
0.192593
0.195674
0.198776
0.20191
0.205087
0.208325
0.211648
0.215088
0.218696
0.222543
0.226748
0.231514
0.237256
0.244999
0.257786
0.283472
0.332799
0.393055
0.421011
0.423264
0.418017
0.412446
0.407692
0.4036
0.399928
0.396518
0.39327
0.390117
0.387013
0.383924
0.380826
0.377697
0.374519
0.371276
0.367954
0.364539
0.361018
0.357376
0.353602
0.349679
0.34559
0.341311
0.336793
0.331905
0.32631
0.319238
0.323637
0.326583
0.329057
0.331392
0.333695
0.335993
0.338292
0.340597
0.342908
0.345228
0.347558
0.349902
0.352266
0.354654
0.357076
0.35954
0.362061
0.364657
0.367356
0.370197
0.373238
0.376575
0.380371
0.384962
0.391164
0.401383
0.42174
0.460405
0.506992
0.528045
0.529262
0.524857
0.520316
0.516466
0.513158
0.510194
0.507444
0.504826
0.502287
0.499788
0.497303
0.494811
0.492293
0.489736
0.487126
0.484451
0.481699
0.47886
0.475921
0.47287
0.469697
0.466384
0.462912
0.459236
0.455252
0.450677
0.444883
0.448432
0.450784
0.452742
0.45458
0.456389
0.458189
0.459987
0.461788
0.463593
0.465404
0.467223
0.469055
0.470902
0.472772
0.47467
0.476605
0.478589
0.480638
0.482773
0.485029
0.487453
0.490123
0.493175
0.496878
0.501875
0.509991
0.525676
0.554382
0.587473
0.601117
0.600673
0.596618
0.592746
0.589513
0.586749
0.584275
0.581982
0.579799
0.57768
0.575594
0.573516
0.571427
0.569313
0.567159
0.564953
0.562683
0.560337
0.557903
0.555369
0.55272
0.549942
0.547015
0.543913
0.540588
0.536937
0.532704
0.527383
0.529949
0.531394
0.532464
0.533402
0.534287
0.535141
0.535971
0.53678
0.537573
0.538353
0.539123
0.539887
0.54065
0.541414
0.542184
0.542964
0.543759
0.544574
0.545416
0.546292
0.547213
0.548194
0.549252
0.550416
0.551715
0.553206
0.554907
0.556815
0.555557
0.553671
0.551787
0.550037
0.548425
0.546929
0.262207
0.263926
0.265778
0.267891
0.270358
0.273109
0.27513
0.271199
0.267171
0.263357
0.259752
0.256277
0.252883
0.249527
0.246179
0.242813
0.239411
0.235959
0.232442
0.22885
0.225172
0.221397
0.217516
0.213518
0.209393
0.205132
0.200724
0.196156
0.19142
0.186498
0.181366
0.175959
0.170094
0.163262
0.154308
0.160423
0.164546
0.167927
0.171058
0.174117
0.177153
0.180182
0.18321
0.186238
0.189268
0.192304
0.195348
0.198407
0.201489
0.204602
0.207758
0.210973
0.214271
0.217684
0.221259
0.225066
0.229221
0.233927
0.239613
0.247351
0.260264
0.286071
0.334594
0.39316
0.421266
0.424317
0.419531
0.414139
0.409463
0.405415
0.401773
0.398384
0.395149
0.392003
0.388904
0.385816
0.382717
0.379585
0.376404
0.373156
0.369831
0.366413
0.362891
0.359253
0.355488
0.351583
0.347525
0.343289
0.338822
0.333973
0.328338
0.321043
0.325836
0.328967
0.331497
0.33383
0.336111
0.338381
0.340653
0.342932
0.345219
0.347517
0.349827
0.352152
0.354497
0.356868
0.359271
0.361716
0.364217
0.366792
0.369466
0.372278
0.375284
0.378579
0.382326
0.386868
0.393061
0.40337
0.423803
0.461817
0.507096
0.528294
0.530143
0.526099
0.521699
0.517911
0.51464
0.5117
0.508967
0.50636
0.503828
0.501333
0.498848
0.496355
0.493835
0.491275
0.488661
0.485982
0.483228
0.480387
0.47745
0.474407
0.471246
0.467957
0.464517
0.460883
0.456928
0.45232
0.446345
0.450218
0.452725
0.454732
0.456573
0.458366
0.460146
0.461924
0.463706
0.465492
0.467287
0.469091
0.470907
0.47274
0.474595
0.476478
0.478397
0.480365
0.482395
0.48451
0.486741
0.489135
0.49177
0.494779
0.498439
0.503419
0.511582
0.527282
0.555462
0.587617
0.601424
0.601466
0.597683
0.593918
0.590736
0.588001
0.585548
0.583269
0.581095
0.578981
0.576896
0.574817
0.572726
0.570608
0.568448
0.566236
0.56396
0.561608
0.559169
0.556631
0.553982
0.551209
0.548294
0.545215
0.541922
0.5383
0.534053
0.528602
0.531474
0.533088
0.534232
0.5352
0.536096
0.536953
0.537782
0.53859
0.539381
0.540159
0.540926
0.541687
0.542446
0.543206
0.54397
0.544744
0.545531
0.546338
0.547169
0.548034
0.548942
0.549906
0.550945
0.552084
0.553353
0.554799
0.556428
0.558099
0.556307
0.554092
0.552038
0.550195
0.548527
0.546995
0.262257
0.264016
0.265923
0.268123
0.270757
0.273882
0.276685
0.273096
0.269147
0.265367
0.261779
0.258316
0.25493
0.251579
0.248234
0.24487
0.241468
0.238015
0.234497
0.230904
0.227224
0.223448
0.219566
0.215568
0.211446
0.207189
0.202789
0.198236
0.193521
0.188631
0.183542
0.178185
0.172351
0.165459
0.156203
0.162741
0.167031
0.17045
0.173569
0.176601
0.179606
0.182608
0.185611
0.188617
0.191627
0.194644
0.197671
0.200713
0.203779
0.206876
0.210016
0.213214
0.216494
0.219886
0.223437
0.227216
0.231338
0.23601
0.241674
0.24946
0.262569
0.28856
0.336299
0.393143
0.42137
0.425203
0.420857
0.415621
0.411004
0.406986
0.403364
0.39999
0.396765
0.393626
0.390531
0.387446
0.384348
0.381217
0.378034
0.374787
0.371461
0.368044
0.364524
0.360892
0.357137
0.353248
0.349214
0.345013
0.340586
0.335765
0.33009
0.32256
0.327701
0.330975
0.333541
0.33587
0.338132
0.340379
0.342629
0.344888
0.347158
0.349439
0.351733
0.354043
0.356374
0.358731
0.36112
0.363551
0.366037
0.368596
0.371252
0.374043
0.377026
0.380293
0.38401
0.388533
0.39476
0.405215
0.425777
0.463159
0.507104
0.528421
0.530887
0.527187
0.522909
0.519168
0.515921
0.512998
0.510277
0.507679
0.505152
0.50266
0.500178
0.497686
0.495166
0.492605
0.48999
0.487311
0.484557
0.481718
0.478784
0.475748
0.4726
0.46933
0.465917
0.462314
0.458381
0.453741
0.447575
0.451733
0.454359
0.456399
0.458238
0.460017
0.46178
0.463542
0.465309
0.467082
0.468863
0.470655
0.47246
0.474282
0.476126
0.477998
0.479905
0.48186
0.483877
0.485977
0.488191
0.490565
0.493176
0.496159
0.4998
0.504798
0.513054
0.528813
0.556482
0.587685
0.601635
0.602148
0.598618
0.594944
0.591798
0.589083
0.586644
0.584374
0.582207
0.580097
0.578015
0.575937
0.573845
0.571725
0.569564
0.567349
0.56507
0.562716
0.560275
0.557736
0.55509
0.552323
0.54942
0.54636
0.543092
0.53949
0.535225
0.529627
0.532763
0.534503
0.535698
0.536683
0.537583
0.538439
0.539266
0.540072
0.540861
0.541636
0.542401
0.543159
0.543914
0.54467
0.54543
0.546199
0.546981
0.547781
0.548606
0.549462
0.550361
0.551314
0.552339
0.553461
0.554709
0.556124
0.557696
0.559145
0.556849
0.554379
0.552206
0.550298
0.548592
0.547036
0.262284
0.26407
0.266012
0.268268
0.271005
0.274387
0.277895
0.27462
0.270738
0.266982
0.263405
0.259951
0.256571
0.253225
0.249883
0.246522
0.243122
0.239671
0.236154
0.232562
0.228884
0.22511
0.221229
0.217234
0.213116
0.208865
0.204472
0.199931
0.195232
0.190365
0.185306
0.179979
0.174161
0.167213
0.157673
0.164568
0.168979
0.172425
0.175536
0.178549
0.181534
0.184517
0.187503
0.190493
0.193489
0.196493
0.199508
0.202539
0.205594
0.20868
0.211808
0.214995
0.218262
0.221641
0.225176
0.228939
0.233043
0.2377
0.243369
0.251239
0.264583
0.290791
0.337815
0.393035
0.42135
0.425896
0.421946
0.41684
0.412263
0.408263
0.404653
0.401287
0.39807
0.394937
0.391845
0.388764
0.385668
0.382539
0.379358
0.376112
0.372788
0.369373
0.365858
0.362231
0.358484
0.354608
0.350592
0.346414
0.342013
0.337207
0.331492
0.323737
0.329168
0.332547
0.335139
0.337464
0.339711
0.341943
0.344179
0.346424
0.348681
0.350951
0.353235
0.355535
0.357856
0.360203
0.362582
0.365004
0.36748
0.370028
0.372672
0.375451
0.37842
0.381671
0.385375
0.389901
0.396192
0.406826
0.427544
0.464349
0.507037
0.528446
0.531474
0.528081
0.523904
0.520195
0.516962
0.514048
0.511335
0.508742
0.50622
0.503732
0.501252
0.498762
0.496243
0.493684
0.49107
0.488392
0.48564
0.482803
0.479874
0.476844
0.473706
0.470449
0.467055
0.463472
0.459551
0.454877
0.448529
0.452925
0.455637
0.457699
0.459537
0.461306
0.463057
0.464808
0.466565
0.468328
0.470101
0.471885
0.473682
0.475496
0.477332
0.479196
0.481096
0.483042
0.485051
0.487141
0.489344
0.491706
0.494304
0.497276
0.500916
0.505958
0.514334
0.530177
0.557383
0.587689
0.601757
0.602696
0.59939
0.595788
0.592665
0.589961
0.58753
0.585267
0.583104
0.580998
0.578918
0.576841
0.57475
0.572631
0.570469
0.568254
0.565975
0.56362
0.56118
0.558643
0.555999
0.553237
0.550344
0.547297
0.544045
0.540455
0.536168
0.530423
0.533772
0.535602
0.53683
0.537825
0.538726
0.53958
0.540405
0.541209
0.541996
0.542769
0.543531
0.544287
0.545039
0.545793
0.54655
0.547316
0.548094
0.54889
0.54971
0.550561
0.551454
0.5524
0.553417
0.554529
0.555764
0.557159
0.558686
0.559938
0.557195
0.554552
0.552304
0.550357
0.548627
0.547056
0.262296
0.264098
0.266058
0.268343
0.271133
0.274652
0.278726
0.275708
0.271878
0.268136
0.264566
0.261117
0.257742
0.254399
0.25106
0.247702
0.244305
0.240856
0.237342
0.233752
0.230077
0.226305
0.222428
0.218436
0.214322
0.210075
0.205689
0.201155
0.196467
0.191613
0.186569
0.181258
0.17544
0.168445
0.158673
0.165835
0.170327
0.173792
0.176902
0.179904
0.182879
0.185851
0.188827
0.191808
0.194796
0.197793
0.200801
0.203825
0.206873
0.209952
0.213073
0.216253
0.219513
0.222884
0.226412
0.230167
0.234264
0.23892
0.244611
0.252574
0.266144
0.292556
0.339005
0.392884
0.421255
0.426375
0.42274
0.417732
0.413179
0.409186
0.405582
0.402221
0.399007
0.395877
0.392789
0.389711
0.386617
0.38349
0.380312
0.377068
0.373747
0.370335
0.366823
0.363201
0.35946
0.355592
0.351586
0.347421
0.343032
0.338228
0.332478
0.324538
0.330184
0.333631
0.336242
0.338566
0.340807
0.343031
0.345258
0.347496
0.349746
0.352009
0.354286
0.356581
0.358896
0.361237
0.363611
0.366027
0.368497
0.371039
0.373678
0.37645
0.379412
0.382657
0.38636
0.390902
0.397265
0.408073
0.428941
0.465283
0.506933
0.528403
0.531883
0.528735
0.524632
0.520941
0.517714
0.514805
0.512095
0.509506
0.506986
0.504501
0.502023
0.499535
0.497018
0.49446
0.491849
0.489173
0.486423
0.483589
0.480663
0.477638
0.474506
0.471257
0.467873
0.464299
0.46038
0.455677
0.449178
0.45375
0.456519
0.458597
0.460435
0.462199
0.463944
0.465689
0.467439
0.469198
0.470965
0.472744
0.474536
0.476346
0.478177
0.480037
0.481932
0.483874
0.485878
0.487963
0.49016
0.492517
0.49511
0.49808
0.501732
0.506826
0.515321
0.531251
0.558088
0.587654
0.601805
0.603085
0.599956
0.596405
0.593295
0.590596
0.588168
0.585907
0.583747
0.581643
0.579565
0.57749
0.5754
0.573282
0.571122
0.568908
0.566629
0.564276
0.561836
0.559301
0.55666
0.553903
0.551015
0.547975
0.544731
0.541143
0.536835
0.530966
0.534469
0.536355
0.537603
0.538604
0.539506
0.540359
0.541182
0.541984
0.542769
0.543541
0.544302
0.545056
0.545807
0.546559
0.547314
0.548078
0.548854
0.549648
0.550465
0.551314
0.552203
0.553146
0.554159
0.555266
0.556496
0.55788
0.559375
0.560469
0.557371
0.554635
0.55235
0.550384
0.548641
0.547063
0.262298
0.264106
0.266074
0.268369
0.271176
0.274738
0.279152
0.27629
0.272489
0.268755
0.265187
0.261741
0.258367
0.255027
0.25169
0.248333
0.244938
0.241491
0.23798
0.234392
0.230718
0.226949
0.223074
0.219085
0.214973
0.21073
0.206347
0.201817
0.197133
0.192285
0.187246
0.181937
0.176113
0.169087
0.159179
0.166488
0.171022
0.1745
0.177611
0.180611
0.183581
0.186549
0.189522
0.1925
0.195484
0.198478
0.201482
0.204503
0.207548
0.210624
0.213743
0.21692
0.220177
0.223546
0.227071
0.230824
0.23492
0.239581
0.245293
0.253324
0.267046
0.293593
0.339698
0.392763
0.421159
0.426621
0.423174
0.418221
0.413678
0.409687
0.406083
0.402723
0.399511
0.396383
0.393297
0.39022
0.387129
0.384003
0.380827
0.377585
0.374265
0.370856
0.367346
0.363727
0.359989
0.356124
0.352123
0.347961
0.343574
0.338767
0.332992
0.324943
0.330707
0.334189
0.336811
0.339137
0.341376
0.343597
0.345821
0.348056
0.350303
0.352563
0.354838
0.35713
0.359443
0.361782
0.364154
0.366567
0.369035
0.371575
0.374211
0.376981
0.379941
0.383186
0.386893
0.391452
0.397868
0.408792
0.42976
0.465826
0.506846
0.528346
0.532095
0.529092
0.525031
0.521347
0.518121
0.515213
0.512504
0.509916
0.507398
0.504914
0.502438
0.499951
0.497436
0.494879
0.492269
0.489595
0.486846
0.484014
0.48109
0.478068
0.474938
0.471693
0.468312
0.46474
0.460817
0.456095
0.449506
0.454174
0.456972
0.45906
0.4609
0.462662
0.464405
0.466148
0.467896
0.469652
0.471417
0.473194
0.474985
0.476792
0.478622
0.48048
0.482373
0.484313
0.486315
0.488398
0.490594
0.492949
0.495541
0.498514
0.502179
0.507311
0.51589
0.531879
0.558496
0.587613
0.60181
0.603291
0.600266
0.596744
0.593638
0.590939
0.588512
0.586252
0.584093
0.58199
0.579913
0.577839
0.57575
0.573633
0.571474
0.569261
0.566983
0.564631
0.562193
0.559659
0.55702
0.554264
0.551379
0.548342
0.545099
0.541508
0.537185
0.53124
0.534826
0.53674
0.537998
0.539002
0.539904
0.540757
0.541579
0.542381
0.543165
0.543936
0.544696
0.54545
0.5462
0.546951
0.547705
0.548468
0.549244
0.550037
0.550853
0.551701
0.552589
0.55353
0.554542
0.555648
0.556876
0.558256
0.559734
0.560733
0.557425
0.55466
0.552363
0.55039
0.548644
0.547062
0.545354
0.544675
0.544004
0.543343
0.542689
0.542044
0.541404
0.54077
0.54014
0.539512
0.538885
0.538259
0.537631
0.537001
0.536368
0.535732
0.535092
0.534448
0.5338
0.533149
0.532496
0.53184
0.531184
0.53053
0.529878
0.529231
0.528593
0.527965
0.527352
0.526759
0.526189
0.525648
0.525142
0.524677
0.524259
0.523896
0.523594
0.523359
0.523198
0.523116
0.545523
0.544813
0.544117
0.543434
0.542763
0.542101
0.541448
0.540802
0.540161
0.539524
0.53889
0.538256
0.537621
0.536986
0.536348
0.535707
0.535063
0.534416
0.533765
0.533111
0.532455
0.531798
0.531141
0.530485
0.529833
0.529186
0.528547
0.52792
0.527309
0.526716
0.526148
0.52561
0.525106
0.524643
0.524229
0.523868
0.523569
0.523336
0.523177
0.523096
0.545655
0.544921
0.544204
0.543503
0.542816
0.542142
0.541478
0.540822
0.540173
0.539528
0.538887
0.538247
0.537607
0.536967
0.536325
0.535681
0.535033
0.534383
0.53373
0.533074
0.532416
0.531758
0.531099
0.530443
0.52979
0.529143
0.528505
0.527878
0.527268
0.526677
0.526111
0.525574
0.525072
0.524613
0.5242
0.523843
0.523546
0.523316
0.523158
0.523078
0.545755
0.545001
0.544267
0.543552
0.542853
0.542169
0.541496
0.540832
0.540176
0.539525
0.538878
0.538234
0.53759
0.536946
0.536301
0.535653
0.535003
0.534351
0.533696
0.533038
0.532379
0.53172
0.53106
0.530403
0.52975
0.529103
0.528466
0.52784
0.527231
0.526641
0.526076
0.525542
0.525042
0.524585
0.524175
0.52382
0.523525
0.523297
0.523142
0.523062
0.545827
0.545056
0.54431
0.543584
0.542876
0.542184
0.541503
0.540834
0.540172
0.539517
0.538866
0.538218
0.537571
0.536924
0.536276
0.535626
0.534974
0.53432
0.533664
0.533005
0.532345
0.531685
0.531025
0.530368
0.529714
0.529068
0.528431
0.527806
0.527197
0.526609
0.526046
0.525513
0.525016
0.52456
0.524153
0.5238
0.523507
0.523281
0.523127
0.523049
0.545874
0.545092
0.544336
0.543602
0.542888
0.542189
0.541504
0.54083
0.540164
0.539506
0.538851
0.5382
0.537551
0.536902
0.536252
0.535601
0.534947
0.534292
0.533634
0.532975
0.532314
0.531653
0.530993
0.530336
0.529683
0.529037
0.5284
0.527776
0.527168
0.526581
0.52602
0.525488
0.524993
0.524539
0.524134
0.523783
0.523492
0.523268
0.523115
0.523037
0.545901
0.545111
0.544349
0.54361
0.54289
0.542188
0.541499
0.540822
0.540154
0.539492
0.538836
0.538183
0.537532
0.536882
0.53623
0.535578
0.534924
0.534267
0.533609
0.532949
0.532288
0.531627
0.530967
0.530309
0.529656
0.52901
0.528374
0.527751
0.527144
0.526558
0.525998
0.525468
0.524974
0.524522
0.524118
0.523769
0.52348
0.523257
0.523105
0.523028
0.545914
0.545119
0.544352
0.54361
0.542887
0.542182
0.541491
0.540812
0.540142
0.53948
0.538822
0.538168
0.537516
0.536864
0.536212
0.535559
0.534904
0.534247
0.533588
0.532928
0.532267
0.531606
0.530945
0.530288
0.529636
0.52899
0.528354
0.527732
0.527126
0.526541
0.525981
0.525452
0.52496
0.524509
0.524107
0.523758
0.52347
0.523248
0.523097
0.523021
0.545917
0.545119
0.544351
0.543606
0.542882
0.542176
0.541484
0.540804
0.540133
0.539469
0.538811
0.538156
0.537503
0.536851
0.536199
0.535545
0.53489
0.534233
0.533574
0.532913
0.532252
0.531591
0.530931
0.530273
0.529621
0.528976
0.52834
0.527718
0.527113
0.526528
0.52597
0.525442
0.52495
0.5245
0.524098
0.523751
0.523464
0.523243
0.523092
0.523016
0.545915
0.545117
0.544348
0.543602
0.542878
0.542171
0.541479
0.540798
0.540127
0.539463
0.538804
0.538149
0.537496
0.536844
0.536191
0.535538
0.534882
0.534225
0.533566
0.532906
0.532244
0.531583
0.530923
0.530266
0.529614
0.528968
0.528333
0.527711
0.527106
0.526522
0.525964
0.525436
0.524945
0.524496
0.524094
0.523748
0.523461
0.52324
0.52309
0.523014
)
;

boundaryField
{
    In
    {
        type            fixedValue;
        value           uniform 0;
    }
    Out
    {
        type            zeroGradient;
    }
    Bottom
    {
        type            zeroGradient;
    }
    Top
    {
        type            zeroGradient;
    }
    DefaultFaces
    {
        type            empty;
    }
}


// ************************************************************************* //
