/*--------------------------------*- C++ -*----------------------------------*\
  =========                 |
  \\      /  F ield         | OpenFOAM: The Open Source CFD Toolbox
   \\    /   O peration     | Website:  https://openfoam.org
    \\  /    A nd           | Version:  10
     \\/     M anipulation  |
\*---------------------------------------------------------------------------*/
FoamFile
{
    format      ascii;
    class       volScalarField;
    location    "5.000001";
    object      c_Bot_P1_R;
}
// * * * * * * * * * * * * * * * * * * * * * * * * * * * * * * * * * * * * * //

dimensions      [0 0 0 0 0 0 0];

internalField   nonuniform List<scalar> 
44800
(
2.47247e-05
8.37359e-05
0.000153654
0.000236098
0.000332575
0.000444524
0.000573303
0.000720134
0.000886042
0.00107178
0.00127776
0.00150395
0.00174986
0.00201444
0.00229606
0.0025925
0.00290097
0.00321817
0.00354036
0.00386348
0.00418331
0.00449563
0.00479641
0.00508196
0.0053491
0.00559529
0.00581873
0.00601839
0.006194
0.00634599
0.00647546
0.00658397
0.00667349
0.00674621
0.00680444
0.00685045
0.00688642
0.00691434
0.00693598
0.00695283
2.44557e-05
8.30186e-05
0.000152708
0.000234989
0.000331323
0.000443144
0.000571809
0.000718546
0.000884385
0.00107009
0.00127606
0.0015023
0.0017483
0.00201302
0.00229483
0.00259151
0.00290026
0.00321779
0.00354032
0.0038638
0.004184
0.00449667
0.00479776
0.00508358
0.00535093
0.00559728
0.00582081
0.00602049
0.00619605
0.00634795
0.00647728
0.00658562
0.00667495
0.00674748
0.0068055
0.00685133
0.00688713
0.0069149
0.00693641
0.00695315
2.40632e-05
8.19066e-05
0.000151122
0.000233046
0.000329075
0.000440627
0.000569059
0.000715603
0.000881301
0.00106692
0.00127289
0.0014992
0.00174537
0.00201035
0.00229252
0.00258966
0.00289896
0.00321709
0.00354029
0.00386447
0.00418535
0.00449867
0.00480036
0.00508669
0.00535444
0.00560107
0.00582475
0.00602446
0.00619993
0.00635164
0.0064807
0.00658871
0.00667767
0.00674982
0.00680747
0.00685294
0.00688842
0.0069159
0.00693717
0.00695371
2.36221e-05
8.05954e-05
0.000149129
0.000230503
0.000326062
0.000437201
0.000565276
0.000711526
0.000877004
0.0010625
0.00126844
0.00149485
0.00174125
0.00200661
0.00228929
0.00258708
0.00289716
0.00321616
0.00354031
0.00386546
0.00418732
0.00450157
0.0048041
0.00509114
0.00535945
0.00560647
0.00583035
0.00603008
0.00620542
0.00635685
0.0064855
0.00659304
0.00668147
0.00675307
0.00681019
0.00685515
0.00689016
0.00691724
0.00693816
0.00695442
2.31721e-05
7.92033e-05
0.0001469
0.000227553
0.000322482
0.000433068
0.000560662
0.000706516
0.000871697
0.00105701
0.00126291
0.00148944
0.00173612
0.00200194
0.00228528
0.00258389
0.00289494
0.00321505
0.0035404
0.00386679
0.00418988
0.0045053
0.00480888
0.00509681
0.00536581
0.0056133
0.00583742
0.00603717
0.0062123
0.00636336
0.0064915
0.00659841
0.00668617
0.00675707
0.00681351
0.00685782
0.00689226
0.00691882
0.0069393
0.0069552
2.27333e-05
7.77996e-05
0.000144555
0.000224347
0.000318505
0.000428404
0.000555401
0.000700758
0.000865562
0.00105064
0.00125648
0.00148312
0.00173014
0.0019965
0.0022806
0.00258018
0.00289239
0.00321382
0.00354057
0.00386844
0.00419298
0.00450978
0.00481459
0.00510357
0.00537338
0.0056214
0.00584579
0.00604552
0.0062204
0.00637099
0.00649849
0.00660466
0.0066916
0.00676167
0.00681729
0.00686085
0.00689459
0.00692055
0.00694051
0.00695598
2.23144e-05
7.64232e-05
0.000142176
0.000221002
0.000314269
0.000423363
0.000549653
0.000694418
0.000858768
0.00104356
0.0012493
0.00147606
0.00172344
0.00199041
0.00227537
0.00257605
0.00288958
0.0032125
0.00354087
0.0038704
0.00419659
0.00451495
0.00482116
0.0051113
0.005382
0.00563061
0.00585526
0.00605496
0.00622952
0.00637955
0.00650631
0.00661161
0.00669761
0.00676673
0.00682142
0.00686411
0.00689707
0.00692235
0.00694172
0.00695668
2.19184e-05
7.50947e-05
0.000139816
0.000217605
0.000309886
0.000418074
0.000543559
0.000687644
0.000851467
0.00103591
0.00124152
0.00146841
0.00171616
0.00198379
0.00226969
0.00257159
0.00288657
0.00321113
0.00354128
0.00387265
0.00420066
0.00452073
0.00482847
0.00511988
0.00539154
0.00564077
0.00586569
0.00606531
0.00623949
0.00638887
0.00651479
0.00661911
0.00670406
0.00677211
0.00682578
0.00686751
0.00689961
0.00692413
0.00694286
0.00695727
2.15454e-05
7.38238e-05
0.000137511
0.00021422
0.000305445
0.000412644
0.000537239
0.000680565
0.000843793
0.00102784
0.00123329
0.00146028
0.00170842
0.00197676
0.00226367
0.00256688
0.00288342
0.00320977
0.00354184
0.0038752
0.00420517
0.00452707
0.00483644
0.00512921
0.00540188
0.00565175
0.00587693
0.00607643
0.00625015
0.00639881
0.00652379
0.00662702
0.00671082
0.00677771
0.00683026
0.00687096
0.00690213
0.00692584
0.00694387
0.00695768
2.11941e-05
7.26137e-05
0.000135282
0.000210892
0.000301015
0.000407162
0.000530797
0.000673295
0.000835865
0.00101947
0.00122472
0.00145179
0.00170034
0.00196942
0.00225739
0.00256198
0.00288019
0.00320843
0.00354254
0.00387801
0.00421005
0.00453391
0.004845
0.00513917
0.0054129
0.00566341
0.00588882
0.00608815
0.00626136
0.00640921
0.00653315
0.00663522
0.00671778
0.00678342
0.00683478
0.00687439
0.00690458
0.00692743
0.00694471
0.00695789
0.00697101
0.00698778
0.00700166
0.00701474
0.00702834
0.00704342
0.00706102
0.00708252
0.00710821
0.00713782
0.00717144
0.00720927
0.00725168
0.00729919
0.0073524
0.0074121
0.00747927
0.00755506
0.00764095
0.00773873
0.00785066
0.0079796
0.00812922
0.00830434
0.00851141
0.00875933
0.0090608
0.00943476
0.00991108
0.0105402
0.0114142
0.0127175
0.0148504
0.0187553
0.0267447
0.0445742
0.0549912
0.0623213
0.0683089
0.0736443
0.0786064
0.0833185
0.0878425
0.0922156
0.0964638
0.100609
0.104669
0.108663
0.112608
0.116521
0.120426
0.124344
0.128306
0.132352
0.136537
0.140941
0.145692
0.151
0.157211
0.164788
0.173686
0.180666
0.175011
0.144799
0.123763
0.114677
0.111858
0.111132
0.110928
0.110825
0.11073
0.110625
0.110506
0.110372
0.110223
0.110057
0.109873
0.109669
0.109444
0.109195
0.108922
0.108621
0.10829
0.107925
0.107525
0.107087
0.106607
0.106084
0.105516
0.104902
0.104237
0.103518
0.102783
0.102067
0.101374
0.100701
0.100054
0.0994335
0.0988431
0.0982835
0.0977551
0.0972578
0.0967913
0.096355
0.0959481
0.0955697
0.0952189
0.0948947
0.0945962
0.0943225
0.0940728
0.0938465
0.0936433
0.0934631
0.0933047
0.0931605
0.0929909
0.0926351
0.091628
0.0892495
0.0857219
0.0831509
0.0820358
0.0816958
0.081613
0.0815925
0.0815822
0.0815708
0.081556
0.0815373
0.0815144
0.0814869
0.0814543
0.081416
0.0813713
0.0813194
0.0812594
0.0811902
0.0811106
0.0810194
0.080915
0.0807958
0.0806601
0.0805061
0.080332
0.0801362
0.0799169
0.079671
0.0793969
0.0791084
0.0788193
0.0785309
0.0782441
0.077961
0.0776838
0.0774143
0.0771537
0.0769029
0.0766624
0.0764329
0.0762145
0.0760075
0.0758118
0.0756276
0.0754548
0.0752933
0.075143
0.0750038
0.0748758
0.074759
0.0746533
0.074557
0.0744603
0.0743139
0.0739232
0.0727306
0.0698848
0.0656776
0.0626346
0.061334
0.0609554
0.0608821
0.0608834
0.0608982
0.0609135
0.0609268
0.0609375
0.0609454
0.06095
0.060951
0.0609477
0.0609394
0.0609253
0.0609045
0.0608759
0.0608383
0.06079
0.0607296
0.060655
0.0605641
0.0604545
0.0603235
0.0601682
0.0599854
0.0597706
0.0595206
0.059248
0.0589631
0.0586673
0.0583614
0.0580482
0.0577303
0.0574099
0.0570886
0.0567679
0.056449
0.056133
0.0558208
0.0555132
0.055211
0.0549149
0.0546255
0.0543433
0.0540689
0.0538027
0.0535451
0.0532968
0.053058
0.0528296
0.052612
0.0524063
0.0522136
0.052036
0.0518762
0.0517323
0.0515951
0.05146
0.0513251
0.051189
0.0510508
0.00697121
0.00698788
0.00700168
0.00701471
0.00702824
0.00704324
0.00706073
0.00708216
0.00710781
0.00713737
0.00717092
0.00720867
0.00725101
0.00729842
0.00735153
0.00741111
0.00747813
0.00755377
0.00763947
0.00773702
0.00784868
0.00797728
0.0081265
0.00830111
0.00850752
0.00875458
0.00905487
0.00942716
0.00990095
0.0105259
0.0113926
0.0126816
0.0147846
0.0186232
0.0264555
0.0439645
0.0542747
0.0615648
0.0675395
0.0728725
0.0778359
0.0825505
0.0870772
0.0914531
0.0957042
0.0998521
0.103915
0.107912
0.111859
0.115775
0.119682
0.123604
0.127568
0.131617
0.135804
0.140211
0.144963
0.15027
0.15648
0.164071
0.173064
0.180321
0.174966
0.144568
0.123474
0.114527
0.111808
0.11112
0.110926
0.110826
0.110731
0.110627
0.110508
0.110375
0.110226
0.11006
0.109876
0.109672
0.109447
0.1092
0.108926
0.108626
0.108295
0.107931
0.107531
0.107093
0.106614
0.106091
0.105522
0.104907
0.10424
0.103519
0.102781
0.102063
0.101368
0.100695
0.100047
0.0994263
0.0988359
0.0982765
0.0977483
0.0972513
0.0967851
0.0963491
0.0959425
0.0955645
0.0952141
0.0948903
0.0945921
0.0943187
0.0940694
0.0938435
0.0936406
0.0934608
0.0933029
0.09316
0.0929946
0.0926504
0.0916612
0.0892778
0.0856992
0.0831163
0.0820179
0.0816903
0.0816123
0.0815931
0.0815831
0.0815717
0.081557
0.0815384
0.0815156
0.0814882
0.0814556
0.0814174
0.0813728
0.081321
0.0812611
0.0811921
0.0811127
0.0810217
0.0809174
0.0807984
0.0806629
0.080509
0.080335
0.0801391
0.0799196
0.0796731
0.079398
0.0791085
0.0788185
0.0785294
0.0782421
0.0779587
0.0776814
0.0774118
0.0771512
0.0769004
0.07666
0.0764305
0.0762123
0.0760053
0.0758099
0.0756258
0.0754531
0.0752918
0.0751416
0.0750026
0.0748748
0.0747581
0.0746526
0.0745568
0.0744615
0.07432
0.0739428
0.0727713
0.0699191
0.0656506
0.062594
0.0613134
0.0609497
0.0608819
0.0608847
0.0608998
0.0609152
0.0609285
0.0609393
0.0609472
0.0609519
0.0609529
0.0609496
0.0609414
0.0609275
0.0609068
0.0608783
0.0608408
0.0607927
0.0607325
0.0606581
0.0605674
0.060458
0.0603272
0.060172
0.0599892
0.0597739
0.059523
0.0592495
0.0589637
0.058667
0.0583605
0.058047
0.0577288
0.0574081
0.0570866
0.0567658
0.0564468
0.0561308
0.0558185
0.055511
0.0552088
0.0549127
0.0546234
0.0543413
0.0540669
0.0538008
0.0535434
0.0532952
0.0530566
0.0528283
0.0526109
0.0524053
0.0522129
0.0520354
0.0518759
0.0517327
0.051596
0.0514613
0.0513266
0.0511906
0.0510525
0.00697152
0.00698799
0.00700164
0.00701453
0.00702788
0.0070426
0.00705974
0.00708095
0.0071064
0.00713573
0.00716904
0.00720653
0.00724858
0.00729566
0.0073484
0.00740758
0.00747412
0.00754921
0.00763426
0.00773106
0.00784181
0.00796933
0.00811723
0.00829021
0.00849458
0.008739
0.00903581
0.00940327
0.0098701
0.0104843
0.0113331
0.0125896
0.0146294
0.0183388
0.0258826
0.0428161
0.0529251
0.0601428
0.0660954
0.0714256
0.0763924
0.081112
0.085644
0.0900249
0.0942807
0.0984334
0.102501
0.106502
0.110454
0.114375
0.118288
0.122215
0.126185
0.130241
0.134435
0.138849
0.143609
0.148922
0.155142
0.162771
0.171938
0.17967
0.174846
0.144179
0.123004
0.114287
0.111731
0.111103
0.110926
0.11083
0.110737
0.110633
0.110515
0.110383
0.110234
0.110069
0.109887
0.109684
0.109461
0.109214
0.108942
0.108643
0.108313
0.107951
0.107552
0.107115
0.106636
0.106113
0.105543
0.104924
0.10425
0.103521
0.102774
0.102048
0.101347
0.100671
0.100021
0.0993999
0.0988096
0.0982506
0.0977232
0.0972273
0.0967622
0.0963275
0.0959222
0.0955455
0.0951964
0.094874
0.0945772
0.0943051
0.0940571
0.0938325
0.093631
0.0934525
0.0932962
0.0931562
0.0929983
0.0926735
0.0917145
0.0893244
0.0856625
0.0830605
0.0819894
0.081682
0.0816116
0.0815945
0.0815851
0.081574
0.0815595
0.0815411
0.0815185
0.0814913
0.0814591
0.0814212
0.081377
0.0813256
0.0812662
0.0811976
0.0811188
0.0810283
0.0809247
0.0808063
0.0806714
0.080518
0.0803442
0.080148
0.0799273
0.0796785
0.0794003
0.0791074
0.0788139
0.0785223
0.0782333
0.0779489
0.077671
0.0774012
0.0771405
0.0768899
0.0766498
0.0764207
0.0762028
0.0759964
0.0758014
0.0756179
0.0754458
0.0752851
0.0751355
0.0749971
0.0748699
0.0747539
0.0746492
0.0745545
0.0744617
0.0743284
0.0739736
0.0728371
0.0699754
0.065607
0.0625284
0.0612806
0.0609408
0.060882
0.0608871
0.0609027
0.0609182
0.0609317
0.0609425
0.0609506
0.0609555
0.0609567
0.0609537
0.0609458
0.0609322
0.0609119
0.0608839
0.0608469
0.0607994
0.0607398
0.0606661
0.0605761
0.0604674
0.0603371
0.060182
0.0599986
0.0597816
0.0595279
0.0592512
0.0589619
0.0586624
0.0583537
0.0580386
0.0577192
0.0573977
0.0570757
0.0567545
0.0564353
0.056119
0.0558068
0.0554992
0.0551972
0.0549013
0.0546122
0.0543304
0.0540564
0.0537907
0.0535338
0.0532861
0.0530481
0.0528203
0.0526036
0.0523988
0.0522071
0.0520304
0.0518721
0.0517309
0.051596
0.0514625
0.0513285
0.051193
0.0510553
0.00697188
0.00698804
0.00700146
0.00701408
0.00702708
0.00704125
0.00705771
0.00707839
0.00710341
0.00713225
0.00716504
0.00720196
0.00724339
0.00728979
0.00734177
0.00740007
0.00746563
0.00753957
0.00762329
0.00771853
0.00782744
0.00795275
0.00809797
0.00826768
0.00846796
0.00870718
0.0089972
0.00935549
0.00980936
0.0104042
0.011222
0.0124253
0.0143674
0.0178891
0.0250401
0.041211
0.0510315
0.058147
0.0640693
0.0693966
0.0743686
0.0790953
0.0836341
0.0880214
0.0922831
0.0964414
0.100515
0.104522
0.10848
0.112407
0.116327
0.120262
0.124242
0.128309
0.132516
0.136946
0.141724
0.14706
0.153309
0.161006
0.170411
0.178755
0.17463
0.143699
0.122444
0.114007
0.111644
0.111087
0.110929
0.110838
0.110748
0.110646
0.11053
0.110399
0.110253
0.11009
0.109909
0.109709
0.109488
0.109244
0.108975
0.108678
0.108351
0.107992
0.107596
0.107161
0.106683
0.106159
0.105586
0.104958
0.10427
0.103523
0.102758
0.102015
0.101303
0.100619
0.0999654
0.0993432
0.098753
0.0981951
0.0976694
0.0971757
0.0967131
0.096281
0.0958786
0.0955048
0.0951586
0.0948391
0.0945452
0.0942761
0.0940309
0.0938091
0.0936105
0.0934349
0.0932819
0.0931465
0.0929987
0.0926983
0.0917769
0.0893807
0.0856192
0.0829946
0.0819564
0.081673
0.0816115
0.0815969
0.0815883
0.0815777
0.0815637
0.0815457
0.0815237
0.0814971
0.0814655
0.0814283
0.0813848
0.0813343
0.0812758
0.0812083
0.0811306
0.0810414
0.080939
0.0808219
0.0806882
0.0805357
0.0803623
0.0801654
0.0799423
0.0796886
0.0794038
0.0791037
0.078803
0.078506
0.0782134
0.0779268
0.0776477
0.0773774
0.0771167
0.0768663
0.0766268
0.0763985
0.0761816
0.0759762
0.0757824
0.0756001
0.0754292
0.0752698
0.0751216
0.0749846
0.0748588
0.0747442
0.074641
0.0745483
0.0744592
0.074336
0.0740085
0.072915
0.0700437
0.0655556
0.0624509
0.0612426
0.0609311
0.0608825
0.0608903
0.0609066
0.0609224
0.060936
0.0609472
0.0609556
0.0609608
0.0609625
0.06096
0.0609527
0.0609398
0.0609204
0.0608933
0.0608574
0.0608111
0.0607528
0.0606805
0.060592
0.0604846
0.0603553
0.0602004
0.0600156
0.0597948
0.0595353
0.059252
0.0589552
0.0586494
0.0583361
0.0580176
0.0576959
0.0573727
0.0570494
0.0567273
0.0564075
0.056091
0.0557786
0.0554712
0.0551694
0.0548739
0.0545854
0.0543043
0.0540311
0.0537664
0.0535104
0.0532638
0.0530271
0.0528007
0.0525856
0.0523824
0.0521925
0.0520176
0.051862
0.0517249
0.0515936
0.0514626
0.0513301
0.0511956
0.0510586
0.00697221
0.00698797
0.00700105
0.00701329
0.00702572
0.00703902
0.00705435
0.00707412
0.00709835
0.00712636
0.00715826
0.00719422
0.00723461
0.00727986
0.00733055
0.0073874
0.0074513
0.00752333
0.00760484
0.00769749
0.00780335
0.00792502
0.00806587
0.00823024
0.0084239
0.00865476
0.00893399
0.00927788
0.0097118
0.0102775
0.0110503
0.0121792
0.0139909
0.0172737
0.0239529
0.0392333
0.0486862
0.0556686
0.0615509
0.0668732
0.0718508
0.0765852
0.0811312
0.0855248
0.0897921
0.0939559
0.0980347
0.102048
0.106012
0.109947
0.113876
0.117822
0.121814
0.125897
0.130125
0.13458
0.139391
0.144767
0.151074
0.158877
0.168575
0.177617
0.174311
0.143178
0.121864
0.113724
0.11156
0.111075
0.110938
0.110853
0.110766
0.110667
0.110554
0.110427
0.110284
0.110125
0.109948
0.109751
0.109534
0.109295
0.10903
0.108738
0.108416
0.108061
0.10767
0.107238
0.106762
0.106237
0.105657
0.105015
0.104303
0.103527
0.102731
0.101959
0.101227
0.100531
0.0998712
0.0992467
0.0986566
0.0981006
0.0975778
0.0970877
0.0966294
0.0962019
0.0958042
0.0954354
0.0950942
0.0947797
0.0944908
0.0942267
0.0939864
0.0937695
0.0935758
0.0934052
0.0932576
0.0931291
0.0929935
0.0927201
0.0918404
0.0894401
0.0855748
0.0829269
0.0819233
0.0816647
0.0816124
0.0816006
0.0815931
0.0815832
0.0815699
0.0815528
0.0815316
0.0815059
0.0814754
0.0814394
0.0813973
0.0813482
0.0812913
0.0812255
0.0811497
0.0810625
0.0809623
0.0808473
0.0807155
0.0805645
0.0803917
0.0801937
0.0799663
0.0797043
0.0794085
0.0790961
0.0787832
0.0784771
0.0781785
0.0778882
0.0776072
0.077336
0.0770752
0.0768254
0.0765869
0.0763599
0.0761445
0.0759409
0.0757491
0.0755688
0.0754002
0.075243
0.0750971
0.0749624
0.074839
0.074727
0.0746264
0.0745367
0.0744524
0.0743407
0.0740422
0.0729954
0.0701163
0.065503
0.0623712
0.0612043
0.0609219
0.0608837
0.0608942
0.0609113
0.0609274
0.0609414
0.060953
0.0609619
0.0609678
0.0609702
0.0609686
0.0609624
0.0609507
0.0609326
0.0609071
0.060873
0.0608287
0.0607726
0.0607026
0.0606164
0.0605113
0.0603835
0.0602289
0.0600417
0.0598145
0.0595452
0.0592503
0.058941
0.0586248
0.0583037
0.0579795
0.0576537
0.0573274
0.057002
0.0566784
0.0563576
0.0560406
0.055728
0.0554208
0.0551195
0.0548248
0.0545372
0.0542573
0.0539855
0.0537224
0.0534682
0.0532236
0.052989
0.052765
0.0525525
0.0523522
0.0521656
0.051994
0.0518432
0.051713
0.0515875
0.0514603
0.0513304
0.0511976
0.0510618
0.00697246
0.00698772
0.00700035
0.00701205
0.00702367
0.00703574
0.00704943
0.00706782
0.00709085
0.00711758
0.00714815
0.00718269
0.00722153
0.00726508
0.00731388
0.00736859
0.00743005
0.00749929
0.00757757
0.00766644
0.00776786
0.00788426
0.00801878
0.00817548
0.00835968
0.00857868
0.00884271
0.00916659
0.00957325
0.0101001
0.0108144
0.0118499
0.0135038
0.0165075
0.0226584
0.0369666
0.0459821
0.0527979
0.0586265
0.0639383
0.0689189
0.0736591
0.0782106
0.0826089
0.0868802
0.0910478
0.0951307
0.0991484
0.103119
0.107061
0.110999
0.114957
0.118966
0.123069
0.127324
0.131815
0.136675
0.142115
0.148512
0.156462
0.166502
0.176295
0.173888
0.142653
0.12131
0.113461
0.111487
0.11107
0.110952
0.110875
0.110793
0.110699
0.110591
0.110468
0.11033
0.110176
0.110004
0.109814
0.109603
0.10937
0.109112
0.108827
0.108512
0.108163
0.107778
0.107351
0.106878
0.106351
0.105762
0.105099
0.104352
0.103531
0.102689
0.101875
0.101113
0.1004
0.0997308
0.0991026
0.0985127
0.0979593
0.0974409
0.0969563
0.0965043
0.0960836
0.0956931
0.0953316
0.094998
0.094691
0.0944096
0.0941529
0.09392
0.0937106
0.0935242
0.0933611
0.0932214
0.0931022
0.092981
0.092736
0.0918993
0.0894983
0.0855334
0.082863
0.081893
0.0816581
0.0816145
0.0816055
0.0815994
0.0815906
0.0815784
0.0815624
0.0815425
0.0815183
0.0814893
0.0814551
0.0814149
0.081368
0.0813134
0.0812502
0.0811772
0.0810929
0.0809958
0.0808839
0.0807549
0.0806062
0.0804341
0.0802342
0.0800007
0.0797267
0.0794143
0.0790835
0.0787528
0.0784332
0.0781256
0.0778299
0.0775458
0.0772732
0.0770124
0.0767634
0.0765263
0.0763013
0.0760883
0.0758874
0.0756985
0.0755214
0.075356
0.0752022
0.0750597
0.0749286
0.0748089
0.0747006
0.074604
0.0745187
0.0744404
0.0743408
0.0740715
0.0730716
0.0701877
0.065454
0.062296
0.0611691
0.0609142
0.0608855
0.0608985
0.0609164
0.060933
0.0609475
0.0609597
0.0609694
0.0609762
0.0609798
0.0609795
0.0609748
0.0609648
0.0609488
0.0609256
0.0608941
0.0608527
0.0607998
0.0607332
0.0606505
0.0605485
0.060423
0.0602686
0.0600778
0.0598413
0.0595574
0.0592451
0.0589173
0.0585856
0.0582528
0.0579201
0.0575881
0.0572574
0.0569287
0.0566028
0.0562806
0.0559627
0.0556499
0.0553429
0.0550423
0.0547487
0.0544627
0.0541846
0.0539149
0.0536542
0.0534027
0.0531611
0.0529298
0.0527095
0.052501
0.0523051
0.0521235
0.0519573
0.0518139
0.0516936
0.0515764
0.0514548
0.0513286
0.0511983
0.0510643
0.00697256
0.00698724
0.0069993
0.0070103
0.00702086
0.00703129
0.00704282
0.00705927
0.00708063
0.00710559
0.00713435
0.00716694
0.00720368
0.00724492
0.00729115
0.00734298
0.00740116
0.00746664
0.00754057
0.0076244
0.00771988
0.00782927
0.00795542
0.00810199
0.00827378
0.00847734
0.00872179
0.00902018
0.00939266
0.00987186
0.0105163
0.0114441
0.0129214
0.0156194
0.0212063
0.0344919
0.04301
0.0496229
0.055379
0.0606697
0.0656466
0.0703876
0.0749402
0.0793392
0.0836108
0.0877789
0.0918629
0.0958829
0.099857
0.103805
0.107752
0.111724
0.11575
0.119879
0.124168
0.128705
0.13363
0.139158
0.145679
0.153822
0.164249
0.174823
0.173364
0.142151
0.120814
0.113234
0.11143
0.111073
0.110974
0.110906
0.11083
0.110742
0.11064
0.110523
0.110392
0.110245
0.110081
0.109899
0.109696
0.109472
0.109223
0.108947
0.108642
0.108302
0.107926
0.107506
0.107035
0.106506
0.105903
0.105212
0.104418
0.103537
0.102631
0.101761
0.100959
0.100221
0.0995387
0.0989054
0.0983156
0.0977657
0.0972531
0.096776
0.0963325
0.0959212
0.0955406
0.0951893
0.0948659
0.0945693
0.0942982
0.0940517
0.0938291
0.0936298
0.0934537
0.093301
0.0931721
0.093065
0.0929603
0.0927442
0.0919499
0.089552
0.0854978
0.082807
0.0818672
0.0816535
0.0816179
0.0816118
0.0816073
0.0816
0.0815892
0.0815749
0.0815567
0.0815344
0.0815076
0.0814757
0.0814382
0.0813941
0.0813428
0.0812831
0.0812138
0.0811335
0.0810405
0.0809327
0.0808076
0.0806617
0.0804907
0.0802882
0.0800463
0.0797561
0.0794212
0.0790651
0.0787103
0.0783724
0.0780524
0.0777491
0.0774607
0.0771863
0.0769253
0.0766774
0.0764423
0.07622
0.0760104
0.0758132
0.0756283
0.0754555
0.0752947
0.0751455
0.0750078
0.0748817
0.074767
0.0746639
0.0745727
0.0744934
0.0744225
0.0743356
0.0740941
0.073139
0.0702541
0.0654119
0.0622299
0.0611387
0.0609081
0.0608877
0.060903
0.0609217
0.0609389
0.0609542
0.0609672
0.0609779
0.060986
0.060991
0.0609925
0.0609899
0.0609823
0.060969
0.0609489
0.0609209
0.0608834
0.0608348
0.0607728
0.0606947
0.0605969
0.0604743
0.06032
0.0601243
0.0598754
0.0595718
0.0592355
0.0588825
0.0585297
0.0581809
0.0578364
0.0574958
0.0571587
0.0568255
0.0564964
0.0561721
0.055853
0.0555399
0.0552333
0.0549337
0.0546416
0.0543577
0.0540821
0.0538154
0.053558
0.0533103
0.0530728
0.0528462
0.052631
0.0524282
0.0522385
0.0520641
0.0519055
0.0517725
0.0516657
0.0515594
0.0514453
0.051324
0.0511971
0.0510656
0.00697248
0.00698648
0.00699786
0.00700797
0.00701721
0.00702562
0.00703442
0.00704836
0.00706751
0.00709019
0.00711661
0.0071467
0.00718076
0.00721906
0.00726203
0.00731019
0.00736422
0.00742495
0.00749343
0.00757091
0.00765899
0.00775963
0.00787538
0.00800944
0.00816601
0.00835076
0.00857158
0.00883963
0.00917212
0.00959679
0.0101637
0.0109755
0.0122682
0.0146497
0.0196556
0.0318843
0.0398542
0.0462267
0.0518861
0.0571393
0.0621007
0.0668333
0.0713794
0.0757725
0.0800386
0.0842021
0.0882825
0.0923006
0.0962751
0.100227
0.104181
0.108165
0.11221
0.116367
0.120696
0.125291
0.130296
0.135937
0.142619
0.151001
0.161862
0.173228
0.172738
0.141691
0.120396
0.113049
0.111388
0.111084
0.111004
0.110945
0.110877
0.110797
0.110703
0.110595
0.110472
0.110334
0.11018
0.110008
0.109816
0.109603
0.109365
0.109101
0.108808
0.10848
0.108114
0.107702
0.107236
0.106702
0.106083
0.105356
0.104502
0.103544
0.102556
0.101614
0.10076
0.0999906
0.0992917
0.0986515
0.0980614
0.0975159
0.0970107
0.0965432
0.0961108
0.0957115
0.0953436
0.0950054
0.0946953
0.0944121
0.0941544
0.0939213
0.0937119
0.0935258
0.093363
0.0932238
0.0931089
0.0930168
0.0929309
0.0927439
0.09199
0.089599
0.08547
0.0827612
0.0818468
0.0816511
0.0816226
0.0816194
0.0816168
0.0816113
0.0816024
0.0815902
0.0815743
0.0815545
0.0815304
0.0815015
0.0814673
0.0814269
0.0813796
0.0813243
0.0812598
0.0811845
0.0810968
0.0809942
0.0808738
0.0807315
0.0805615
0.0803557
0.0801032
0.0797927
0.0794291
0.0790403
0.0786549
0.0782934
0.0779575
0.0776442
0.0773502
0.0770733
0.076812
0.0765654
0.0763329
0.0761142
0.0759088
0.0757165
0.0755369
0.0753697
0.0752147
0.0750716
0.0749402
0.0748204
0.0747123
0.0746161
0.074532
0.0744602
0.0743981
0.0743245
0.0741092
0.0731951
0.0703127
0.065379
0.0621757
0.0611142
0.0609038
0.0608903
0.0609076
0.0609271
0.060945
0.0609611
0.0609752
0.0609873
0.0609969
0.0610038
0.0610075
0.0610074
0.0610029
0.0609931
0.0609769
0.0609533
0.0609208
0.0608775
0.0608212
0.0607489
0.0606563
0.0605373
0.0603831
0.0601812
0.0599168
0.0595882
0.0592206
0.0588355
0.0584556
0.058086
0.057726
0.057374
0.0570286
0.0566893
0.056356
0.0560289
0.0557083
0.0553947
0.0550885
0.0547902
0.0545002
0.054219
0.0539467
0.0536839
0.0534309
0.0531882
0.0529562
0.0527357
0.0525272
0.0523319
0.0521505
0.0519855
0.0518373
0.0517182
0.0516285
0.0515357
0.0514311
0.0513162
0.0511936
0.0510653
0.00697216
0.00698539
0.00699596
0.00700502
0.00701267
0.00701867
0.00702423
0.00703506
0.00705146
0.00707132
0.00709486
0.00712191
0.0071527
0.00718743
0.00722645
0.00727019
0.00731922
0.00737427
0.0074362
0.00750613
0.00758539
0.00767569
0.00777918
0.0078986
0.00803746
0.00820051
0.00839437
0.00862827
0.00891661
0.00928254
0.00976854
0.0104634
0.0115746
0.0136449
0.0180702
0.0292087
0.0365882
0.0426836
0.0482179
0.0534113
0.05834
0.0630507
0.0675793
0.0719571
0.0762094
0.0803607
0.0844309
0.0884412
0.0924109
0.0963617
0.10032
0.104314
0.108378
0.112565
0.11694
0.121601
0.126702
0.13248
0.13936
0.148029
0.159366
0.171526
0.172007
0.141285
0.120069
0.112909
0.111364
0.111103
0.11104
0.110992
0.110934
0.110864
0.11078
0.110682
0.11057
0.110444
0.110301
0.110141
0.109962
0.109763
0.109539
0.10929
0.109011
0.108697
0.108343
0.107941
0.107479
0.10694
0.1063
0.10553
0.104604
0.103552
0.102464
0.101434
0.100518
0.099709
0.0989886
0.0983394
0.0977487
0.0972082
0.0967121
0.0962562
0.0958374
0.0954529
0.0951007
0.0947787
0.0944851
0.0942184
0.0939773
0.0937606
0.0935675
0.0933979
0.0932516
0.0931293
0.0930316
0.0929578
0.0928929
0.0927348
0.0920184
0.0896378
0.0854515
0.0827273
0.0818322
0.0816508
0.0816284
0.0816281
0.0816278
0.0816245
0.081618
0.0816082
0.0815951
0.0815783
0.0815575
0.0815323
0.0815021
0.0814662
0.0814238
0.0813738
0.081315
0.0812458
0.0811643
0.081068
0.0809532
0.0808151
0.0806464
0.0804365
0.0801711
0.0798364
0.0794378
0.079009
0.0785862
0.0781959
0.0778402
0.0775144
0.0772133
0.0769331
0.0766714
0.0764264
0.0761971
0.0759827
0.0757826
0.0755963
0.0754232
0.075263
0.0751153
0.0749798
0.0748562
0.0747444
0.0746445
0.0745567
0.0744815
0.074419
0.0743674
0.0743077
0.0741164
0.0732381
0.0703618
0.0653571
0.0621353
0.0610959
0.060901
0.060893
0.0609119
0.0609322
0.0609511
0.0609682
0.0609836
0.0609971
0.0610087
0.0610178
0.0610242
0.0610272
0.0610263
0.0610206
0.0610092
0.0609909
0.0609643
0.0609275
0.060878
0.0608125
0.0607261
0.0606113
0.0604572
0.0602479
0.059965
0.059606
0.0592002
0.0587758
0.0583624
0.0579669
0.0575875
0.0572211
0.0568651
0.0565181
0.0561793
0.0558486
0.0555261
0.0552118
0.0549063
0.0546096
0.0543221
0.0540443
0.0537763
0.0535183
0.0532709
0.0530344
0.0528094
0.0525965
0.0523965
0.0522107
0.0520398
0.0518868
0.051752
0.0516505
0.0515813
0.0515048
0.0514116
0.0513044
0.0511873
0.0510629
0.00697158
0.00698395
0.00699359
0.00700141
0.00700721
0.00701045
0.00701228
0.00701943
0.00703252
0.00704903
0.00706919
0.00709265
0.00711963
0.0071502
0.00718464
0.00722325
0.00726652
0.00731501
0.00736945
0.00743073
0.00749996
0.00757853
0.00766822
0.00777123
0.0078904
0.00802958
0.00819411
0.00839146
0.00863348
0.00893944
0.00934555
0.00992905
0.0108721
0.0126516
0.0165132
0.0265155
0.0332715
0.0390566
0.0444343
0.0495406
0.0544144
0.0590853
0.0635815
0.0679315
0.0721592
0.0762887
0.0803401
0.0843348
0.0882927
0.0922363
0.0961939
0.100195
0.104275
0.108491
0.112915
0.11765
0.122862
0.128799
0.135912
0.144917
0.156774
0.169721
0.171159
0.140937
0.11984
0.112817
0.111355
0.111129
0.111083
0.111048
0.111002
0.110943
0.11087
0.110785
0.110686
0.110572
0.110444
0.110298
0.110135
0.109951
0.109744
0.109512
0.109249
0.108952
0.108612
0.108221
0.107763
0.107217
0.106553
0.105732
0.104723
0.103561
0.102355
0.101224
0.100233
0.0993773
0.0986308
0.0979702
0.0973781
0.0968433
0.0963575
0.0959153
0.0955125
0.0951457
0.0948121
0.0945094
0.0942353
0.0939884
0.0937669
0.0935698
0.0933964
0.0932463
0.0931198
0.0930176
0.0929406
0.0928883
0.0928468
0.0927174
0.0920345
0.0896673
0.0854433
0.0827062
0.0818234
0.0816525
0.0816352
0.081638
0.0816402
0.0816395
0.0816358
0.0816289
0.0816189
0.0816056
0.0815887
0.0815678
0.0815423
0.0815116
0.0814748
0.081431
0.0813788
0.0813167
0.0812425
0.0811533
0.0810449
0.0809116
0.0807442
0.0805294
0.0802493
0.0798866
0.0794473
0.0789714
0.0785048
0.0780802
0.0777008
0.0773598
0.07705
0.0767657
0.0765033
0.07626
0.0760345
0.0758253
0.0756315
0.0754524
0.0752872
0.0751353
0.0749964
0.07487
0.0747557
0.0746535
0.0745635
0.074486
0.0744214
0.07437
0.0743305
0.0742854
0.0741159
0.0732674
0.0704
0.0653475
0.0621099
0.061084
0.0608997
0.0608957
0.0609159
0.0609371
0.0609568
0.0609751
0.0609919
0.0610072
0.0610209
0.0610326
0.061042
0.0610487
0.0610519
0.061051
0.061045
0.0610329
0.0610131
0.0609837
0.0609421
0.0608844
0.060805
0.0606951
0.060541
0.0603232
0.0600193
0.0596251
0.059174
0.0587034
0.0582502
0.0578235
0.0574204
0.0570364
0.0566673
0.0563107
0.0559651
0.05563
0.055305
0.05499
0.0546851
0.0543904
0.054106
0.0538324
0.0535695
0.0533175
0.0530769
0.052848
0.0526314
0.0524279
0.0522382
0.052064
0.0519058
0.0517676
0.0516493
0.051569
0.0515238
0.0514662
0.0513863
0.0512882
0.0511776
0.051058
0.0509399
0.050858
0.0507749
0.0506903
0.050604
0.050516
0.0504261
0.0503341
0.0502398
0.050143
0.0500438
0.0499419
0.0498372
0.0497297
0.0496193
0.0495061
0.04939
0.0492713
0.0491499
0.0490261
0.0489002
0.0487724
0.0486431
0.0485127
0.0483817
0.0482508
0.0481206
0.047992
0.0478659
0.0477431
0.047625
0.0475128
0.0474076
0.047311
0.0472244
0.0471492
0.047087
0.0470388
0.0470061
0.0469894
0.0509417
0.0508599
0.0507767
0.0506922
0.050606
0.050518
0.0504281
0.0503361
0.0502418
0.0501452
0.0500459
0.049944
0.0498394
0.0497319
0.0496215
0.0495083
0.0493923
0.0492735
0.0491521
0.0490284
0.0489024
0.0487746
0.0486452
0.0485148
0.0483838
0.0482529
0.0481226
0.047994
0.0478677
0.0477449
0.0476267
0.0475143
0.0474091
0.0473124
0.0472256
0.0471504
0.047088
0.0470398
0.0470069
0.0469902
0.0509447
0.0508631
0.0507801
0.0506956
0.0506095
0.0505216
0.0504318
0.0503399
0.0502457
0.0501491
0.0500499
0.0499481
0.0498435
0.0497361
0.0496258
0.0495126
0.0493966
0.0492778
0.0491565
0.0490327
0.0489067
0.0487789
0.0486495
0.048519
0.0483879
0.0482569
0.0481266
0.0479978
0.0478714
0.0477484
0.0476301
0.0475175
0.047412
0.0473151
0.0472281
0.0471526
0.04709
0.0470416
0.0470086
0.0469919
0.0509485
0.0508671
0.0507843
0.0507001
0.0506142
0.0505265
0.0504369
0.0503451
0.0502511
0.0501546
0.0500556
0.0499538
0.0498493
0.049742
0.0496318
0.0495187
0.0494027
0.049284
0.0491627
0.0490389
0.048913
0.0487851
0.0486556
0.0485251
0.048394
0.0482628
0.0481323
0.0480034
0.0478768
0.0477536
0.047635
0.0475221
0.0474163
0.0473191
0.0472318
0.047156
0.0470931
0.0470444
0.0470112
0.0469944
0.0509524
0.0508715
0.0507891
0.0507052
0.0506197
0.0505323
0.0504429
0.0503514
0.0502576
0.0501614
0.0500625
0.049961
0.0498566
0.0497495
0.0496394
0.0495264
0.0494105
0.0492919
0.0491706
0.0490469
0.0489209
0.048793
0.0486636
0.048533
0.0484017
0.0482704
0.0481398
0.0480106
0.0478838
0.0477603
0.0476413
0.0475281
0.047422
0.0473243
0.0472366
0.0471604
0.0470971
0.0470481
0.0470147
0.0469977
0.050956
0.0508758
0.050794
0.0507106
0.0506256
0.0505386
0.0504497
0.0503585
0.050265
0.0501691
0.0500705
0.0499693
0.0498652
0.0497582
0.0496483
0.0495354
0.0494197
0.0493012
0.0491801
0.0490564
0.0489305
0.0488026
0.0486731
0.0485424
0.0484111
0.0482796
0.0481488
0.0480194
0.0478923
0.0477685
0.0476491
0.0475355
0.0474289
0.0473307
0.0472425
0.0471658
0.0471021
0.0470527
0.047019
0.0470018
0.0509589
0.0508795
0.0507986
0.0507159
0.0506315
0.0505452
0.0504567
0.0503661
0.0502731
0.0501775
0.0500794
0.0499784
0.0498746
0.049768
0.0496583
0.0495457
0.0494302
0.0493119
0.0491908
0.0490673
0.0489414
0.0488136
0.0486841
0.0485534
0.0484219
0.0482903
0.0481593
0.0480296
0.0479022
0.047778
0.0476583
0.0475441
0.047437
0.0473383
0.0472496
0.0471723
0.047108
0.0470582
0.0470241
0.0470067
0.0509606
0.0508824
0.0508025
0.0507208
0.0506372
0.0505516
0.0504639
0.0503739
0.0502814
0.0501864
0.0500887
0.0499883
0.0498849
0.0497786
0.0496693
0.049557
0.0494417
0.0493236
0.0492028
0.0490794
0.0489537
0.0488259
0.0486964
0.0485656
0.0484341
0.0483024
0.0481712
0.0480412
0.0479135
0.0477889
0.0476687
0.047554
0.0474463
0.047347
0.0472576
0.0471797
0.0471149
0.0470645
0.04703
0.0470124
0.0509606
0.050884
0.0508054
0.0507249
0.0506423
0.0505577
0.0504708
0.0503816
0.0502899
0.0501955
0.0500984
0.0499985
0.0498957
0.0497898
0.0496809
0.049569
0.0494541
0.0493363
0.0492157
0.0490926
0.048967
0.0488393
0.0487099
0.0485791
0.0484475
0.0483157
0.0481843
0.048054
0.0479259
0.0478009
0.0476802
0.047565
0.0474567
0.0473567
0.0472667
0.0471881
0.0471226
0.0470717
0.0470368
0.0470189
0.0509588
0.0508839
0.050807
0.0507279
0.0506466
0.0505631
0.0504773
0.050389
0.0502982
0.0502046
0.0501083
0.050009
0.0499068
0.0498015
0.0496931
0.0495817
0.0494672
0.0493498
0.0492295
0.0491066
0.0489813
0.0488538
0.0487244
0.0485937
0.0484621
0.0483301
0.0481985
0.048068
0.0479395
0.0478141
0.0476929
0.0475771
0.0474681
0.0473674
0.0472766
0.0471973
0.0471312
0.0470797
0.0470443
0.0470261
2.08629e-05
7.14645e-05
0.000133141
0.000207653
0.000296647
0.000401697
0.000524318
0.00066593
0.000827788
0.0010109
0.00121592
0.00144306
0.00169202
0.00196184
0.00225093
0.00255696
0.00287692
0.00320713
0.00354339
0.00388107
0.00421529
0.00454117
0.00485405
0.00514968
0.00542448
0.00567562
0.00590123
0.00610035
0.00627298
0.00641994
0.00654277
0.00664358
0.00672482
0.00678916
0.00683927
0.00687772
0.00690688
0.00692884
0.00694535
0.00695784
2.055e-05
7.03744e-05
0.000131095
0.000204524
0.000292381
0.000396306
0.000517872
0.000658551
0.000819651
0.00100223
0.00120698
0.00143418
0.00168354
0.00195413
0.00224435
0.00255188
0.00287364
0.00320591
0.0035444
0.00388436
0.00422083
0.00454881
0.00486352
0.00516064
0.00543651
0.00568828
0.00591405
0.00611291
0.00628489
0.00643088
0.00655253
0.00665201
0.00673187
0.00679484
0.00684364
0.00688091
0.00690901
0.00693003
0.00694574
0.00695753
2.02538e-05
6.93407e-05
0.000129145
0.000201517
0.000288244
0.000391031
0.000511515
0.000651227
0.000811531
0.000993535
0.001198
0.00142523
0.00167497
0.00194634
0.00223773
0.00254678
0.00287039
0.00320478
0.00354555
0.00388787
0.00422664
0.00455676
0.00487333
0.00517196
0.00544889
0.00570126
0.00592716
0.0061257
0.00629697
0.00644194
0.00656234
0.00666043
0.00673884
0.00680039
0.00684786
0.0068839
0.00691092
0.00693099
0.00694586
0.00695692
1.99732e-05
6.83606e-05
0.00012729
0.000198641
0.000284255
0.000385905
0.000505294
0.000644015
0.000803492
0.000984895
0.00118904
0.00141628
0.0016664
0.00193855
0.0022311
0.0025417
0.00286721
0.00320375
0.00354685
0.00389157
0.00423268
0.00456497
0.00488343
0.00518355
0.00546154
0.00571448
0.00594047
0.00613863
0.00630913
0.00645301
0.00657209
0.00666874
0.00674567
0.00680577
0.00685187
0.00688667
0.00691258
0.00693168
0.0069457
0.00695599
1.97068e-05
6.74314e-05
0.00012553
0.000195899
0.000280428
0.000380953
0.000499243
0.000636958
0.000795588
0.000976365
0.00118017
0.0014074
0.00165789
0.0019308
0.00222453
0.0025367
0.00286411
0.00320283
0.00354829
0.00389544
0.00423892
0.00457339
0.00489373
0.00519535
0.00547437
0.00572785
0.00595387
0.0061516
0.00632127
0.00646401
0.00658173
0.00667689
0.00675231
0.00681092
0.00685563
0.00688917
0.00691396
0.00693208
0.00694524
0.00695475
1.94538e-05
6.65503e-05
0.000123862
0.000193291
0.000276768
0.00037619
0.000493389
0.000630094
0.000787863
0.000967996
0.00117143
0.00139863
0.00164947
0.00192314
0.00221805
0.00253178
0.00286111
0.00320203
0.00354987
0.00389945
0.00424531
0.00458197
0.00490419
0.00520728
0.0054873
0.00574127
0.00596728
0.00616454
0.00633333
0.00647488
0.00659119
0.00668483
0.00675869
0.0068158
0.00685912
0.00689139
0.00691506
0.00693219
0.00694446
0.00695317
1.92135e-05
6.57148e-05
0.000122281
0.000190816
0.000273281
0.000371627
0.000487751
0.00062345
0.000780352
0.000959827
0.00116288
0.00139003
0.00164121
0.00191562
0.00221169
0.00252698
0.00285823
0.00320135
0.00355157
0.00390359
0.00425183
0.00459066
0.00491474
0.00521928
0.00550026
0.00575468
0.00598063
0.00617736
0.00634522
0.00648553
0.00660041
0.0066925
0.00676479
0.00682039
0.00686231
0.00689331
0.00691585
0.00693198
0.00694337
0.00695125
1.89852e-05
6.49227e-05
0.000120784
0.00018847
0.000269966
0.000367271
0.000482342
0.000617045
0.000773081
0.00095189
0.00115455
0.00138163
0.00163312
0.00190826
0.00220548
0.00252232
0.00285548
0.00320079
0.00355338
0.00390784
0.00425843
0.00459941
0.00492533
0.00523128
0.00551318
0.005768
0.00599385
0.00619
0.00635689
0.00649594
0.00660934
0.00669986
0.00677058
0.00682467
0.00686518
0.00689492
0.00691633
0.00693147
0.00694195
0.006949
1.87683e-05
6.41719e-05
0.000119369
0.000186251
0.000266822
0.000363123
0.000477169
0.000610894
0.000766069
0.00094421
0.00114646
0.00137347
0.00162525
0.0019011
0.00219944
0.00251782
0.00285287
0.00320035
0.00355529
0.00391216
0.00426509
0.0046082
0.00493591
0.00524323
0.00552601
0.00578119
0.00600687
0.00620241
0.00636829
0.00650604
0.00661795
0.00670689
0.00677603
0.00682861
0.00686773
0.00689621
0.0069165
0.00693064
0.00694022
0.0069464
1.85623e-05
6.34607e-05
0.00011803
0.000184153
0.000263845
0.000359183
0.000472237
0.000605006
0.000759332
0.000936805
0.00113864
0.00136556
0.00161762
0.00189415
0.0021936
0.00251348
0.00285039
0.00320002
0.00355729
0.00391654
0.00427177
0.00461697
0.00494643
0.00525508
0.00553869
0.00579418
0.00601966
0.00621454
0.00637938
0.0065158
0.00662621
0.00671357
0.00678113
0.00683221
0.00686994
0.00689718
0.00691636
0.0069295
0.00693817
0.00694347
0.0069707
0.00698212
0.00699069
0.00699709
0.0070008
0.00700097
0.00699866
0.00700162
0.00701087
0.00702354
0.00703982
0.00705922
0.00708188
0.00710776
0.00713705
0.00716994
0.00720677
0.00724799
0.00729413
0.0073459
0.00740413
0.00746991
0.00754463
0.00762998
0.00772814
0.0078421
0.00797607
0.00813598
0.00833163
0.0085793
0.0089106
0.00939397
0.01019
0.0117112
0.0150412
0.0238378
0.0299482
0.0353952
0.0405833
0.0455711
0.0503633
0.0549723
0.0594181
0.0637248
0.0679143
0.07201
0.0760317
0.0800009
0.0839379
0.0878665
0.0918161
0.0958178
0.0999105
0.104155
0.108629
0.113443
0.118777
0.124894
0.132272
0.141657
0.154076
0.167797
0.170163
0.140651
0.11971
0.11277
0.111361
0.111162
0.111132
0.111111
0.111078
0.111033
0.110974
0.110903
0.110818
0.11072
0.110607
0.110478
0.110332
0.110166
0.109978
0.109764
0.109521
0.109241
0.108917
0.108537
0.108084
0.10753
0.106838
0.105959
0.104858
0.103572
0.102232
0.100985
0.0999094
0.0989991
0.0982215
0.0975469
0.0969526
0.0964237
0.0959494
0.0955228
0.0951384
0.0947918
0.0944797
0.0941991
0.0939476
0.0937234
0.0935247
0.0933503
0.0931995
0.0930722
0.0929687
0.0928899
0.0928368
0.0928093
0.0927935
0.0926923
0.0920384
0.089687
0.0854461
0.0826985
0.0818203
0.0816559
0.0816428
0.0816487
0.0816538
0.0816561
0.0816554
0.0816519
0.0816456
0.0816362
0.0816236
0.0816075
0.0815873
0.0815624
0.081532
0.081495
0.0814503
0.081396
0.0813299
0.0812486
0.0811474
0.0810192
0.0808531
0.0806328
0.0803362
0.0799426
0.0794573
0.0789279
0.0784115
0.0779476
0.0775405
0.0771816
0.0768613
0.0765719
0.0763084
0.0760671
0.0758458
0.0756426
0.0754561
0.0752854
0.0751293
0.0749872
0.0748585
0.0747426
0.0746392
0.0745482
0.0744698
0.0744041
0.074352
0.0743136
0.0742879
0.0742581
0.074108
0.0732826
0.0704267
0.065351
0.0620999
0.0610782
0.0608996
0.0608981
0.0609194
0.0609415
0.0609622
0.0609817
0.061
0.0610173
0.0610333
0.0610478
0.0610606
0.0610712
0.0610791
0.0610835
0.0610836
0.0610783
0.0610661
0.061045
0.061012
0.060963
0.0608915
0.0607868
0.0606328
0.0604057
0.0600787
0.059645
0.0591425
0.0586192
0.0581199
0.0576565
0.0572254
0.0568202
0.0564352
0.0560671
0.0557133
0.0553728
0.0550447
0.0547287
0.0544246
0.0541322
0.0538515
0.0535828
0.0533259
0.053081
0.0528485
0.0526286
0.052422
0.0522296
0.0520521
0.0518916
0.0517487
0.051628
0.0515295
0.051474
0.0514558
0.0514194
0.0513547
0.0512672
0.0511642
0.0510504
0.0069695
0.00697987
0.00698726
0.00699206
0.00699344
0.00699028
0.0069835
0.0069818
0.00698674
0.00699513
0.00700711
0.00702202
0.00703994
0.0070607
0.00708439
0.00711107
0.00714096
0.00717434
0.00721161
0.00725323
0.0072998
0.0073521
0.00741114
0.00747815
0.00755469
0.007643
0.00774635
0.00786947
0.00802065
0.00821421
0.00847886
0.00887695
0.00955162
0.0108553
0.0136999
0.0211902
0.0266473
0.0317346
0.0366996
0.0415345
0.0462149
0.0507368
0.0551106
0.0593558
0.0634911
0.0675386
0.0715174
0.075449
0.0793539
0.0832571
0.0871895
0.0911838
0.0952822
0.0995502
0.104072
0.108968
0.114431
0.120744
0.128414
0.13822
0.151235
0.165711
0.168968
0.140421
0.119678
0.112766
0.11138
0.111201
0.111187
0.111181
0.111163
0.111133
0.111089
0.111033
0.110965
0.110884
0.110788
0.110678
0.110551
0.110405
0.110237
0.110044
0.109821
0.10956
0.109254
0.108886
0.108436
0.107872
0.107149
0.106207
0.105005
0.103583
0.102097
0.100723
0.0995523
0.0985801
0.0977664
0.0970748
0.0964769
0.0959539
0.0954922
0.0950828
0.0947187
0.0943947
0.0941066
0.0938509
0.0936248
0.0934262
0.0932531
0.0931042
0.0929789
0.0928773
0.0927997
0.0927475
0.0927215
0.0927218
0.092734
0.0926603
0.0920304
0.0896969
0.0854602
0.0827041
0.0818228
0.0816609
0.0816511
0.0816602
0.0816684
0.081674
0.0816767
0.0816769
0.0816745
0.0816695
0.0816616
0.0816507
0.0816363
0.0816177
0.0815942
0.0815648
0.0815281
0.0814823
0.0814249
0.0813521
0.0812585
0.0811357
0.0809709
0.0807444
0.08043
0.0800031
0.0794678
0.0788795
0.0783081
0.0778
0.0773615
0.0769818
0.076649
0.0763535
0.0760885
0.0758492
0.0756326
0.0754361
0.0752579
0.0750965
0.0749508
0.0748197
0.0747026
0.0745988
0.0745077
0.0744295
0.0743641
0.0743121
0.0742741
0.0742505
0.0742402
0.0742264
0.0740934
0.0732843
0.0704416
0.0653677
0.0621053
0.0610785
0.0609006
0.0609002
0.0609223
0.0609452
0.0609669
0.0609876
0.0610076
0.0610269
0.0610454
0.061063
0.0610794
0.0610942
0.061107
0.0611172
0.0611239
0.0611259
0.0611219
0.0611097
0.0610862
0.0610465
0.0609833
0.0608843
0.0607304
0.0604935
0.060142
0.0596655
0.0591064
0.0585245
0.0579731
0.0574677
0.0570039
0.0565738
0.0561702
0.0557883
0.0554248
0.0550778
0.054746
0.0544288
0.0541254
0.0538356
0.0535593
0.0532962
0.0530463
0.0528096
0.0525863
0.0523768
0.0521818
0.0520022
0.0518389
0.0516943
0.051569
0.0514687
0.0513932
0.0513658
0.0513773
0.0513642
0.0513165
0.0512411
0.0511468
0.0510395
0.00696795
0.0069772
0.00698327
0.0069863
0.00698514
0.00697842
0.00696693
0.00696024
0.00696046
0.00696418
0.00697151
0.0069816
0.00699443
0.00700974
0.0070275
0.00704763
0.00707023
0.00709544
0.00712347
0.0071546
0.00718917
0.0072277
0.00727084
0.00731942
0.00737446
0.00743759
0.00751136
0.00759966
0.0077099
0.00785539
0.00806349
0.0083928
0.00897301
0.0101033
0.012522
0.018572
0.0233871
0.0280975
0.0328053
0.0374509
0.0419866
0.046393
0.0506707
0.0548333
0.0588959
0.0628783
0.0667986
0.070678
0.0745371
0.078402
0.0823049
0.0862808
0.0903748
0.0946581
0.0992219
0.104197
0.109792
0.11631
0.124292
0.134546
0.14818
0.16338
0.167479
0.140236
0.119736
0.112802
0.111411
0.111243
0.111246
0.111256
0.111255
0.111241
0.111215
0.111176
0.111125
0.111062
0.110985
0.110895
0.110788
0.110664
0.110518
0.110347
0.110145
0.109905
0.109615
0.109259
0.108812
0.108237
0.107479
0.10647
0.105162
0.103596
0.101954
0.100443
0.099169
0.0981278
0.0972728
0.096561
0.0959579
0.0954404
0.0949918
0.0946007
0.0942588
0.0939594
0.0936976
0.0934692
0.0932709
0.0931003
0.0929553
0.0928344
0.0927373
0.092664
0.0926152
0.0925924
0.0925964
0.0926273
0.0926694
0.0926225
0.0920119
0.0896974
0.0854848
0.0827221
0.0818304
0.0816672
0.0816598
0.0816721
0.0816838
0.0816928
0.0816993
0.0817034
0.0817052
0.0817048
0.081702
0.0816967
0.0816883
0.0816765
0.0816603
0.0816388
0.0816106
0.0815738
0.0815255
0.0814617
0.0813759
0.0812587
0.0810949
0.0808618
0.0805286
0.0800667
0.0794788
0.0788277
0.078197
0.0776405
0.0771667
0.0767633
0.0764161
0.0761132
0.0758461
0.0756088
0.0753971
0.0752079
0.0750388
0.0748879
0.0747536
0.0746348
0.0745305
0.0744399
0.0743626
0.0742985
0.0742478
0.0742109
0.0741888
0.0741816
0.0741881
0.0741911
0.074073
0.0732735
0.0704456
0.065397
0.0621253
0.0610844
0.0609024
0.0609019
0.0609246
0.0609482
0.0609709
0.0609929
0.0610145
0.0610358
0.0610569
0.0610776
0.0610977
0.061117
0.061135
0.0611512
0.0611647
0.0611745
0.0611791
0.0611762
0.0611625
0.0611326
0.0610782
0.0609852
0.0608315
0.0605845
0.0602078
0.0596865
0.059067
0.0584215
0.0578127
0.05726
0.0567587
0.0562999
0.0558745
0.0554765
0.0551014
0.0547468
0.0544107
0.0540918
0.0537893
0.0535024
0.0532307
0.0529741
0.0527322
0.0525046
0.0522919
0.0520942
0.0519123
0.0517472
0.0516
0.0514733
0.051368
0.0512907
0.0512414
0.0512451
0.0512884
0.0513004
0.0512714
0.0512094
0.0511251
0.0510253
0.00696605
0.00697408
0.0069787
0.00697979
0.0069759
0.00696545
0.0069491
0.00693717
0.00693235
0.00693112
0.00693352
0.00693853
0.00694607
0.00695571
0.00696733
0.00698073
0.00699587
0.00701275
0.00703144
0.00705201
0.0070746
0.00709945
0.00712695
0.00715755
0.00719187
0.00723108
0.00727723
0.00733374
0.0074077
0.00751226
0.0076746
0.00795146
0.00846254
0.00946206
0.0115273
0.01601
0.0202126
0.0245252
0.0289357
0.0333497
0.0377021
0.0419595
0.0461122
0.0501669
0.054134
0.0580305
0.0618729
0.0656816
0.0694772
0.0732867
0.0771443
0.0810866
0.0851624
0.0894481
0.0940427
0.0990874
0.104808
0.11153
0.119827
0.130542
0.144792
0.160664
0.165534
0.140085
0.119873
0.112875
0.111452
0.11129
0.111309
0.111336
0.111353
0.111357
0.111348
0.111328
0.111296
0.111252
0.111195
0.111126
0.111041
0.110938
0.110815
0.110667
0.110487
0.110268
0.109995
0.109651
0.109206
0.108617
0.107821
0.106742
0.105323
0.10361
0.101806
0.100152
0.0987678
0.0976509
0.0967495
0.0960139
0.0954036
0.0948908
0.0944553
0.0940835
0.093765
0.0934918
0.0932581
0.0930588
0.0928904
0.0927499
0.092635
0.0925444
0.0924776
0.092435
0.0924174
0.0924265
0.0924633
0.0925272
0.0926009
0.09258
0.0919841
0.0896898
0.0855189
0.0827515
0.0818428
0.0816747
0.0816689
0.0816844
0.0816997
0.0817124
0.0817228
0.081731
0.0817373
0.0817416
0.0817441
0.0817445
0.0817424
0.0817375
0.0817289
0.0817155
0.0816961
0.0816685
0.0816296
0.0815748
0.081497
0.0813852
0.0812223
0.0809822
0.0806297
0.0801321
0.0794901
0.0787741
0.0780808
0.0774722
0.0769598
0.0765297
0.076166
0.0758543
0.0755844
0.0753488
0.0751422
0.0749608
0.0748015
0.0746619
0.07454
0.0744344
0.074344
0.0742679
0.0742055
0.0741568
0.0741221
0.0741019
0.074097
0.0741078
0.0741326
0.0741529
0.0740475
0.0732517
0.0704399
0.0654376
0.0621586
0.0610955
0.0609051
0.0609032
0.0609262
0.0609505
0.060974
0.0609972
0.0610204
0.0610438
0.0610674
0.0610911
0.061115
0.0611388
0.0611621
0.0611844
0.0612049
0.0612227
0.0612361
0.0612428
0.0612392
0.0612194
0.0611739
0.061087
0.0609337
0.0606769
0.0602747
0.0597079
0.0590259
0.0583131
0.0576419
0.0570368
0.0564934
0.0560017
0.0555512
0.0551345
0.0547461
0.0543825
0.0540412
0.0537203
0.0534185
0.0531347
0.0528683
0.0526188
0.0523856
0.0521683
0.0519672
0.0517827
0.0516153
0.0514664
0.051337
0.0512303
0.0511473
0.0510955
0.0510752
0.0511122
0.0511891
0.0512278
0.0512191
0.051172
0.0510987
0.0510074
0.00696378
0.00697051
0.00697355
0.00697254
0.00696575
0.00695144
0.00693015
0.00691285
0.00690276
0.00689637
0.00689366
0.00689345
0.00689556
0.00689944
0.00690486
0.00691151
0.00691919
0.00692781
0.00693727
0.00694749
0.00695841
0.00697005
0.00698258
0.00699615
0.00701108
0.00702825
0.00704943
0.00707791
0.00712089
0.00719197
0.00731905
0.0075583
0.00802217
0.00892846
0.0107238
0.0141899
0.0178616
0.021785
0.0258812
0.0300373
0.0341774
0.0382574
0.0422585
0.0461803
0.0500284
0.0538164
0.0575591
0.0612757
0.0649868
0.0687203
0.0725112
0.0763983
0.0804344
0.0847012
0.0893059
0.0944002
0.100227
0.107133
0.115727
0.12688
0.141704
0.158157
0.163686
0.139961
0.120072
0.112978
0.111502
0.11134
0.111374
0.11142
0.111455
0.111478
0.111488
0.111487
0.111474
0.11145
0.111415
0.111367
0.111304
0.111224
0.111124
0.110999
0.110842
0.110643
0.110387
0.110053
0.109608
0.109003
0.108167
0.107015
0.105485
0.103625
0.101659
0.0998585
0.0983576
0.0971592
0.0962061
0.0954428
0.0948229
0.0943135
0.0938909
0.0935387
0.0932443
0.0929985
0.0927942
0.0926256
0.0924885
0.0923797
0.0922966
0.0922379
0.0922033
0.0921933
0.0922089
0.0922521
0.0923238
0.0924229
0.0925295
0.0925337
0.091949
0.0896759
0.0855606
0.0827902
0.0818592
0.0816832
0.0816781
0.0816969
0.0817158
0.0817324
0.0817468
0.0817593
0.08177
0.0817793
0.081787
0.0817932
0.0817976
0.0817996
0.0817986
0.0817936
0.0817829
0.0817646
0.081735
0.0816893
0.0816193
0.0815128
0.0813504
0.0811029
0.0807308
0.0801976
0.0795019
0.0787206
0.0779628
0.0772991
0.0767447
0.0762852
0.0759027
0.0755807
0.0753071
0.0750728
0.0748714
0.074698
0.074549
0.0744213
0.0743125
0.074221
0.0741455
0.0740848
0.0740384
0.0740062
0.0739886
0.0739862
0.074
0.07403
0.0740743
0.0741124
0.0740179
0.0732213
0.0704266
0.0654871
0.0622027
0.0611111
0.0609085
0.0609041
0.0609271
0.0609519
0.0609763
0.0610006
0.0610252
0.0610505
0.0610765
0.0611033
0.0611309
0.0611591
0.0611876
0.061216
0.0612435
0.0612693
0.0612916
0.0613079
0.0613145
0.0613047
0.0612683
0.0611876
0.0610348
0.0607684
0.0603415
0.0597297
0.0589848
0.0582024
0.0574648
0.0568024
0.0562121
0.0556833
0.0552043
0.0547663
0.0543624
0.0539885
0.053641
0.0533176
0.0530164
0.0527358
0.052475
0.0522332
0.0520094
0.0518033
0.051615
0.0514447
0.0512933
0.051162
0.0510521
0.0509673
0.0509086
0.0508846
0.0508956
0.0509679
0.0510795
0.0511463
0.0511595
0.0511287
0.0510676
0.0509856
0.00696114
0.00696647
0.00696782
0.00696456
0.00695471
0.00693644
0.00691022
0.0068875
0.00687201
0.00686035
0.00685245
0.00684696
0.00684362
0.00684177
0.00684106
0.00684106
0.00684147
0.00684206
0.00684263
0.00684295
0.00684278
0.00684199
0.00684056
0.00683843
0.00683574
0.00683318
0.00683248
0.00683702
0.00685446
0.00689925
0.00700049
0.00721456
0.00764885
0.0084931
0.0100957
0.0129124
0.0161584
0.0197335
0.0235281
0.0274237
0.0313404
0.0352278
0.0390601
0.042831
0.0465416
0.0502025
0.0538266
0.0574321
0.0610394
0.0646774
0.0683818
0.0721937
0.0761703
0.0803988
0.0849943
0.0901198
0.0960347
0.103109
0.111984
0.123556
0.138913
0.155868
0.16196
0.139855
0.120317
0.113107
0.111559
0.111391
0.11144
0.111506
0.111561
0.111603
0.111633
0.111651
0.111659
0.111655
0.111641
0.111614
0.111574
0.111517
0.11144
0.111338
0.111203
0.111024
0.110784
0.110459
0.110012
0.109389
0.108511
0.107285
0.105645
0.103641
0.101516
0.099568
0.0979468
0.0966614
0.0956518
0.094857
0.0942247
0.0937172
0.0933067
0.0929739
0.0927041
0.0924863
0.0923122
0.0921752
0.0920704
0.0919944
0.0919443
0.0919187
0.0919175
0.0919416
0.091992
0.0920712
0.0921796
0.0923156
0.0924561
0.0924846
0.0919084
0.0896573
0.0856079
0.0828364
0.0818792
0.0816926
0.0816875
0.0817093
0.081732
0.0817526
0.0817711
0.0817878
0.0818031
0.0818172
0.0818302
0.0818421
0.0818528
0.0818618
0.0818683
0.0818713
0.0818694
0.0818601
0.0818398
0.0818029
0.0817404
0.0816388
0.0814766
0.0812215
0.08083
0.080262
0.0795142
0.0786686
0.0778456
0.0771246
0.0765254
0.0760336
0.0756302
0.0752963
0.075018
0.0747844
0.074588
0.0744228
0.0742844
0.0741691
0.074074
0.0739973
0.0739373
0.0738928
0.073863
0.0738483
0.0738488
0.0738653
0.0738988
0.0739492
0.074014
0.0740702
0.0739851
0.0731842
0.0704078
0.0655433
0.0622555
0.0611308
0.0609128
0.0609047
0.0609274
0.0609526
0.0609776
0.0610029
0.0610288
0.0610558
0.061084
0.0611136
0.0611447
0.0611772
0.0612108
0.0612451
0.0612796
0.0613131
0.0613441
0.0613701
0.0613867
0.0613869
0.0613595
0.061285
0.0611329
0.0608575
0.060407
0.059752
0.0589453
0.0580923
0.0572851
0.0565611
0.0559192
0.0553493
0.0548382
0.054376
0.0539545
0.0535686
0.0532139
0.0528873
0.0525863
0.052309
0.0520541
0.0518203
0.0516068
0.0514126
0.051238
0.0510831
0.0509487
0.0508365
0.0507476
0.0506862
0.0506537
0.0506595
0.050704
0.0508128
0.0509597
0.051056
0.0510924
0.0510791
0.0510314
0.0509597
0.00695812
0.00696196
0.00696149
0.00695584
0.00694282
0.00692052
0.00688943
0.00686134
0.00684042
0.00682346
0.00681036
0.00679963
0.00679093
0.00678347
0.00677682
0.00677043
0.00676388
0.00675686
0.00674905
0.00674011
0.00672967
0.00671747
0.00670335
0.00668714
0.00666886
0.00664916
0.00662984
0.00661459
0.00661168
0.00663662
0.00671991
0.00691853
0.00733644
0.00814296
0.00961594
0.0120258
0.0149512
0.0182369
0.0217633
0.0254147
0.0291128
0.0328046
0.0364605
0.0400698
0.0436302
0.0471495
0.0506395
0.0541174
0.0576038
0.0611285
0.064728
0.0684456
0.0723436
0.0765148
0.0810824
0.0862206
0.0922057
0.0994312
0.108569
0.120539
0.136386
0.15377
0.160345
0.139758
0.120594
0.113258
0.111625
0.111445
0.111508
0.111593
0.111668
0.111731
0.111781
0.111819
0.111847
0.111864
0.11187
0.111866
0.111847
0.111813
0.111759
0.111679
0.111565
0.111404
0.111179
0.110862
0.110411
0.109767
0.108847
0.107547
0.1058
0.103658
0.101381
0.0992862
0.0975425
0.096166
0.0950953
0.0942652
0.0936177
0.0931102
0.0927107
0.0923969
0.0921515
0.0919619
0.0918183
0.0917133
0.0916414
0.0915987
0.0915821
0.0915903
0.0916235
0.0916826
0.0917692
0.0918856
0.0920322
0.0922063
0.0923814
0.0924334
0.0918638
0.0896356
0.0856588
0.0828881
0.0819022
0.0817028
0.0816968
0.0817216
0.0817481
0.0817727
0.0817952
0.0818162
0.0818359
0.0818548
0.0818729
0.0818904
0.0819072
0.0819229
0.0819367
0.0819476
0.0819541
0.0819535
0.0819421
0.0819136
0.0818583
0.0817613
0.081599
0.0813363
0.0809259
0.0803244
0.0795271
0.0786195
0.0777318
0.076952
0.0763055
0.075779
0.0753524
0.0750049
0.0747208
0.0744873
0.0742956
0.0741385
0.0740108
0.0739082
0.0738272
0.0737656
0.0737216
0.0736938
0.0736814
0.0736847
0.0737041
0.0737403
0.0737945
0.0738663
0.0739523
0.0740267
0.0739497
0.0731424
0.0703855
0.065604
0.0623149
0.0611539
0.0609178
0.0609051
0.0609272
0.0609525
0.060978
0.061004
0.061031
0.0610595
0.0610897
0.0611219
0.0611562
0.0611926
0.0612311
0.0612711
0.0613121
0.0613532
0.0613928
0.061428
0.0614544
0.0614645
0.0614459
0.0613777
0.0612267
0.0609431
0.0604705
0.0597749
0.0589089
0.0579854
0.0571064
0.056317
0.0556193
0.055004
0.0544572
0.0539679
0.0535265
0.0531269
0.0527638
0.0524332
0.0521322
0.051858
0.051609
0.0513838
0.0511809
0.0509994
0.0508392
0.0507006
0.0505844
0.0504923
0.0504257
0.0503892
0.0503845
0.0504217
0.0505012
0.0506473
0.05083
0.0509566
0.0510176
0.0510232
0.0509901
0.0509297
0.00695471
0.00695699
0.00695458
0.00694642
0.00693011
0.00690375
0.0068679
0.00683456
0.00680825
0.00678606
0.00676784
0.00675199
0.00673809
0.00672526
0.00671296
0.00670054
0.00668749
0.0066734
0.00665787
0.00664048
0.00662076
0.00659834
0.006573
0.00654449
0.0065128
0.00647864
0.00644396
0.00641285
0.00639425
0.00640477
0.00647625
0.00666646
0.00707712
0.00786355
0.009255
0.0114176
0.0141157
0.0171776
0.0204818
0.0239192
0.0274159
0.0309201
0.0344007
0.0378447
0.0412478
0.0446159
0.0479599
0.0512967
0.0546474
0.0580431
0.0615206
0.0651261
0.0689275
0.0730234
0.0775449
0.082678
0.0887154
0.0960749
0.105457
0.117801
0.134097
0.151842
0.158831
0.139662
0.120891
0.113425
0.111696
0.1115
0.111576
0.11168
0.111777
0.111859
0.11193
0.111988
0.112036
0.112073
0.112101
0.112117
0.11212
0.112108
0.112075
0.112017
0.111923
0.11178
0.111568
0.111256
0.1108
0.110134
0.109169
0.107797
0.105948
0.103677
0.101254
0.0990171
0.0971504
0.0956796
0.0945441
0.0936751
0.0930097
0.0925002
0.0921105
0.0918147
0.0915933
0.0914315
0.0913184
0.0912453
0.0912063
0.091197
0.091214
0.0912564
0.0913243
0.0914191
0.0915424
0.0916971
0.0918829
0.092096
0.0923059
0.0923806
0.0918165
0.0896122
0.085712
0.0829441
0.0819279
0.0817138
0.0817062
0.0817338
0.081764
0.0817925
0.081819
0.0818441
0.0818682
0.0818915
0.0819146
0.0819374
0.08196
0.081982
0.0820027
0.0820211
0.0820356
0.0820434
0.0820404
0.0820199
0.0819714
0.0818786
0.0817159
0.0814457
0.0810173
0.0803843
0.0795405
0.0785741
0.0776228
0.0767837
0.0760881
0.0755247
0.0750729
0.0747103
0.0744191
0.074185
0.0739975
0.0738484
0.0737314
0.0736415
0.0735747
0.0735285
0.0735008
0.0734899
0.0734953
0.0735171
0.0735559
0.0736125
0.0736881
0.0737819
0.0738897
0.0739823
0.0739124
0.0730973
0.0703612
0.0656673
0.0623792
0.0611802
0.0609237
0.0609052
0.0609263
0.0609517
0.0609774
0.0610039
0.0610318
0.0610615
0.0610934
0.0611278
0.061165
0.0612051
0.0612479
0.0612933
0.0613406
0.0613889
0.0614365
0.0614807
0.0615167
0.0615365
0.0615267
0.0614648
0.0613152
0.0610244
0.0605316
0.0597985
0.0588763
0.0578835
0.0569315
0.0560735
0.0553161
0.0546516
0.0540656
0.0535461
0.0530825
0.0526675
0.0522947
0.0519594
0.0516577
0.0513864
0.0511435
0.050927
0.0507351
0.0505667
0.0504217
0.0503002
0.050203
0.0501319
0.0500887
0.0500784
0.0501027
0.0501726
0.0502882
0.0504719
0.0506906
0.0508483
0.050935
0.0509609
0.0509434
0.0508953
0.00695093
0.00695155
0.0069471
0.00693629
0.00691661
0.00688619
0.00684574
0.00680732
0.00677576
0.00674847
0.00672529
0.00670453
0.00668569
0.00666778
0.00665021
0.00663224
0.00661323
0.00659272
0.00657026
0.00654535
0.00651744
0.00648613
0.00645113
0.00641217
0.00636929
0.00632328
0.00627631
0.00623288
0.00620259
0.006203
0.00626713
0.00645354
0.00686267
0.00764095
0.00898556
0.0110052
0.0135539
0.0164562
0.0195899
0.022852
0.0261741
0.0295072
0.0328214
0.0361029
0.0393468
0.0425583
0.0457483
0.0489337
0.0521365
0.0553897
0.05873
0.0622069
0.0658953
0.069899
0.0743574
0.0794683
0.0855412
0.0930181
0.102626
0.11532
0.132021
0.150066
0.15741
0.139564
0.121199
0.113608
0.111774
0.111556
0.111644
0.111768
0.111885
0.111988
0.112079
0.112157
0.112225
0.112282
0.112329
0.112366
0.11239
0.112398
0.112386
0.112348
0.112273
0.112146
0.111945
0.111637
0.111175
0.110486
0.109477
0.108035
0.106088
0.103696
0.101138
0.0987632
0.0967745
0.0952075
0.0940042
0.0930935
0.0924077
0.0918942
0.0915128
0.091234
0.0910358
0.0909013
0.090818
0.0907764
0.0907698
0.0907934
0.0908438
0.0909199
0.0910226
0.0911532
0.0913138
0.0915072
0.0917329
0.0919855
0.0922303
0.0923267
0.0917674
0.0895879
0.0857663
0.0830032
0.0819561
0.0817256
0.0817155
0.0817456
0.0817794
0.0818118
0.0818422
0.0818713
0.0818994
0.0819271
0.0819547
0.0819824
0.0820104
0.0820383
0.0820655
0.0820909
0.0821128
0.0821285
0.0821334
0.0821205
0.0820784
0.0819895
0.0818264
0.0815491
0.0811038
0.0804414
0.0795547
0.0785329
0.0775201
0.0766217
0.0758757
0.0752736
0.0747948
0.0744156
0.0741163
0.0738808
0.073697
0.0735555
0.073449
0.0733717
0.0733192
0.0732883
0.0732769
0.0732831
0.0733063
0.0733469
0.0734055
0.0734829
0.0735803
0.0736967
0.0738266
0.0739373
0.0738734
0.07305
0.0703359
0.0657321
0.0624473
0.0612092
0.0609305
0.0609053
0.060925
0.0609501
0.0609759
0.0610027
0.0610311
0.0610617
0.061095
0.0611313
0.0611709
0.0612142
0.0612611
0.0613113
0.0613644
0.0614194
0.0614748
0.0615276
0.0615728
0.061602
0.0616008
0.0615454
0.0613978
0.061101
0.0605902
0.059823
0.0588482
0.057788
0.0567626
0.0558337
0.0550133
0.0542958
0.0536673
0.0531148
0.0526267
0.0521943
0.0518105
0.0514695
0.0511666
0.050898
0.050661
0.0504533
0.0502727
0.0501179
0.0499884
0.0498846
0.049807
0.0497579
0.0497389
0.0497555
0.0498099
0.0499134
0.0500658
0.0502872
0.0505415
0.050731
0.0508446
0.0508919
0.0508913
0.0508564
0.00694677
0.00694565
0.00693904
0.00692548
0.00690236
0.00686793
0.00682306
0.00677978
0.00674318
0.006711
0.00668306
0.00665767
0.0066342
0.00661161
0.00658922
0.00656623
0.00654191
0.00651571
0.00648718
0.00645575
0.00642084
0.00638201
0.00633896
0.00629144
0.00623953
0.00618417
0.00612775
0.00607514
0.00603649
0.00603014
0.00609005
0.00627549
0.00668629
0.00746405
0.008786
0.0107313
0.0131933
0.0159948
0.0190102
0.02214
0.0253197
0.0285043
0.0316664
0.0347933
0.0378806
0.040934
0.043965
0.0469915
0.050037
0.0531363
0.056326
0.0596597
0.0632203
0.0671167
0.0714963
0.0765693
0.0826621
0.0902411
0.100057
0.113078
0.130142
0.14843
0.15608
0.139458
0.121514
0.113804
0.111858
0.111613
0.111711
0.111854
0.111992
0.112116
0.112226
0.112324
0.112411
0.112487
0.112553
0.112609
0.112653
0.112681
0.112689
0.112669
0.112611
0.112498
0.112307
0.112002
0.111531
0.110819
0.109766
0.108258
0.106221
0.103717
0.101032
0.0985268
0.0964186
0.0947546
0.0934814
0.0925264
0.0918179
0.0912986
0.0909239
0.090661
0.0904849
0.0903766
0.0903223
0.0903112
0.0903362
0.0903918
0.0904746
0.0905841
0.090721
0.0908872
0.0910851
0.0913174
0.0915832
0.0918754
0.0921548
0.092272
0.091717
0.0895633
0.0858212
0.0830649
0.0819865
0.0817382
0.0817248
0.081757
0.0817944
0.0818305
0.0818647
0.0818974
0.0819294
0.081961
0.0819928
0.082025
0.0820579
0.0820912
0.0821243
0.0821562
0.082185
0.0822079
0.0822202
0.0822143
0.0821781
0.0820929
0.0819296
0.0816456
0.0811847
0.0804955
0.0795695
0.0784964
0.0774245
0.0764677
0.0756706
0.0750283
0.074521
0.0741239
0.0738154
0.0735776
0.073397
0.0732627
0.0731664
0.0731015
0.0730629
0.0730473
0.073052
0.0730751
0.0731161
0.0731755
0.073254
0.0733525
0.0734721
0.0736114
0.0737635
0.0738919
0.0738331
0.0730011
0.0703104
0.0657977
0.0625184
0.061241
0.0609382
0.0609054
0.0609232
0.0609479
0.0609735
0.0610003
0.0610289
0.06106
0.0610943
0.061132
0.0611737
0.0612197
0.0612701
0.0613247
0.0613831
0.0614444
0.0615071
0.061568
0.0616221
0.0616604
0.0616679
0.0616193
0.0614742
0.0611728
0.0606461
0.0598484
0.0588251
0.0577003
0.0566019
0.0556003
0.054714
0.0539404
0.0532661
0.0526778
0.0521628
0.0517114
0.0513152
0.0509675
0.0506627
0.0503963
0.0501651
0.0499661
0.049797
0.0496559
0.0495424
0.0494566
0.0493992
0.0493725
0.0493784
0.0494227
0.0495079
0.0496455
0.049835
0.0500937
0.050383
0.0506047
0.0507462
0.0508163
0.0508337
0.0508131
0.0509546
0.050882
0.0508069
0.0507295
0.0506498
0.0505676
0.0504831
0.0503959
0.0503061
0.0502135
0.050118
0.0500195
0.049918
0.0498134
0.0497057
0.0495948
0.0494808
0.0493639
0.049244
0.0491214
0.0489963
0.0488691
0.0487399
0.0486092
0.0484776
0.0483455
0.0482138
0.048083
0.0479542
0.0478283
0.0477066
0.0475901
0.0474805
0.0473791
0.0472875
0.0472075
0.0471406
0.0470884
0.0470525
0.0470341
0.050948
0.0508778
0.050805
0.0507296
0.0506516
0.050571
0.0504879
0.050402
0.0503134
0.0502219
0.0501274
0.0500299
0.0499293
0.0498254
0.0497184
0.0496082
0.0494948
0.0493784
0.049259
0.0491368
0.0490121
0.0488851
0.0487561
0.0486256
0.048494
0.0483619
0.04823
0.048099
0.0479698
0.0478435
0.0477212
0.0476042
0.0474938
0.0473916
0.0472993
0.0472184
0.0471507
0.0470979
0.0470615
0.0470427
0.0509385
0.0508712
0.0508009
0.0507278
0.0506518
0.0505731
0.0504916
0.0504072
0.05032
0.0502297
0.0501364
0.0500399
0.0499403
0.0498373
0.0497311
0.0496217
0.049509
0.0493932
0.0492744
0.0491527
0.0490284
0.0489017
0.048773
0.0486426
0.0485111
0.048379
0.048247
0.0481158
0.0479863
0.0478596
0.0477367
0.0476191
0.047508
0.047405
0.0473118
0.0472301
0.0471617
0.0471081
0.0470711
0.047052
0.0509259
0.050862
0.0507945
0.0507239
0.0506503
0.0505736
0.050494
0.0504113
0.0503256
0.0502368
0.0501447
0.0500495
0.0499509
0.049849
0.0497437
0.0496352
0.0495233
0.0494082
0.04929
0.0491689
0.0490451
0.0489188
0.0487904
0.0486603
0.0485289
0.0483968
0.0482647
0.0481333
0.0480036
0.0478764
0.0477531
0.0476348
0.047523
0.0474192
0.0473252
0.0472426
0.0471733
0.0471191
0.0470815
0.047062
0.0509101
0.0508498
0.0507856
0.0507179
0.0506468
0.0505724
0.0504949
0.0504141
0.0503301
0.0502429
0.0501523
0.0500584
0.049961
0.0498603
0.0497561
0.0496485
0.0495375
0.0494232
0.0493057
0.0491853
0.049062
0.0489362
0.0488082
0.0486784
0.0485472
0.0484153
0.0482831
0.0481516
0.0480215
0.047894
0.0477701
0.0476512
0.0475387
0.0474341
0.0473393
0.0472558
0.0471857
0.0471306
0.0470924
0.0470726
0.0508909
0.0508347
0.050774
0.0507094
0.0506412
0.0505694
0.0504941
0.0504155
0.0503334
0.0502479
0.0501589
0.0500665
0.0499705
0.049871
0.049768
0.0496615
0.0495515
0.0494381
0.0493215
0.0492018
0.0490792
0.0489539
0.0488264
0.0486969
0.048566
0.0484342
0.048302
0.0481704
0.0480401
0.0479122
0.0477879
0.0476683
0.0475551
0.0474498
0.047354
0.0472697
0.0471987
0.0471428
0.047104
0.0470838
0.0508681
0.0508163
0.0507596
0.0506985
0.0506334
0.0505644
0.0504916
0.0504153
0.0503353
0.0502517
0.0501645
0.0500737
0.0499792
0.0498811
0.0497794
0.0496741
0.0495652
0.0494528
0.0493371
0.0492182
0.0490963
0.0489718
0.0488448
0.0487157
0.0485851
0.0484535
0.0483214
0.0481897
0.0480592
0.047931
0.0478062
0.0476861
0.0475722
0.047466
0.0473694
0.0472842
0.0472123
0.0471557
0.0471162
0.0470956
0.0508416
0.0507947
0.0507422
0.0506849
0.0506232
0.0505572
0.0504873
0.0504134
0.0503357
0.0502542
0.0501689
0.0500799
0.0499871
0.0498905
0.0497902
0.0496861
0.0495784
0.0494672
0.0493525
0.0492345
0.0491135
0.0489896
0.0488632
0.0487347
0.0486045
0.0484731
0.0483411
0.0482094
0.0480788
0.0479503
0.0478251
0.0477044
0.0475898
0.0474829
0.0473854
0.0472993
0.0472265
0.0471691
0.0471289
0.047108
0.0508112
0.0507696
0.0507218
0.0506686
0.0506105
0.0505479
0.0504809
0.0504097
0.0503345
0.0502553
0.0501721
0.050085
0.0499939
0.049899
0.0498002
0.0496976
0.0495912
0.0494812
0.0493676
0.0492506
0.0491305
0.0490074
0.0488817
0.0487537
0.048624
0.0484929
0.0483611
0.0482295
0.0480988
0.04797
0.0478444
0.0477232
0.0476079
0.0475002
0.0474019
0.0473149
0.0472413
0.047183
0.0471422
0.0471208
0.0507771
0.0507411
0.0506983
0.0506495
0.0505954
0.0505363
0.0504725
0.0504042
0.0503317
0.0502548
0.0501739
0.0500888
0.0499997
0.0499065
0.0498094
0.0497083
0.0496033
0.0494946
0.0493822
0.0492664
0.0491472
0.049025
0.0489001
0.0487728
0.0486435
0.0485128
0.0483814
0.0482498
0.048119
0.0479901
0.0478641
0.0477424
0.0476266
0.0475181
0.047419
0.0473311
0.0472565
0.0471975
0.047156
0.0471342
1.79623e-05
6.13922e-05
0.000114146
0.000178068
0.000255199
0.00034771
0.000457826
0.000587737
0.000739504
0.000914945
0.0011155
0.00134209
0.00159495
0.00187351
0.00217626
0.00250068
0.00284322
0.00319934
0.00356364
0.00393009
0.00429226
0.00464374
0.00497846
0.00529102
0.00557703
0.00583333
0.00605807
0.00625082
0.00641238
0.00654467
0.00665043
0.00673293
0.00679568
0.00684219
0.00687572
0.00689917
0.00691497
0.00692506
0.00693089
0.00693347
1.71983e-05
5.87775e-05
0.00010928
0.00017049
0.000244438
0.000333365
0.000439644
0.000565697
0.000713877
0.000886335
0.00108486
0.00131071
0.00156443
0.00184564
0.00215295
0.00248381
0.00283446
0.00320001
0.0035746
0.00395156
0.00432382
0.0046843
0.00502636
0.00534414
0.00563297
0.00588959
0.00611231
0.00630097
0.00645682
0.00658226
0.00668055
0.00675542
0.00681076
0.00685031
0.00687748
0.00689515
0.00690568
0.00691087
0.00691197
0.00690978
1.66282e-05
5.68359e-05
0.000105695
0.000164949
0.000236608
0.000322934
0.00042638
0.000549511
0.000694883
0.000864904
0.00106165
0.00128668
0.00154079
0.00182383
0.00213454
0.00247036
0.0028274
0.0032005
0.00358337
0.00396884
0.00434924
0.00471694
0.00506474
0.00538642
0.00567706
0.00593337
0.00615378
0.00633842
0.00648894
0.0066082
0.00669989
0.0067681
0.00681701
0.00685054
0.00687213
0.00688466
0.00689036
0.00689088
0.00688732
0.00688029
1.62025e-05
5.53912e-05
0.000103044
0.00016088
0.000230894
0.000315347
0.000416728
0.000537681
0.000680894
0.000848947
0.00104413
0.00126822
0.00152226
0.00180629
0.00211915
0.00245834
0.0028199
0.00319847
0.00358746
0.00397926
0.00436578
0.00473888
0.00509096
0.00541546
0.00570728
0.00596309
0.00618143
0.00636267
0.0065088
0.00662301
0.00670932
0.00677213
0.0068158
0.00684434
0.00686122
0.00686925
0.00687059
0.00686676
0.00685874
0.00684703
1.58771e-05
5.42896e-05
0.000101031
0.000157808
0.000226601
0.000309661
0.000409489
0.000528764
0.000670244
0.000836616
0.00103031
0.00125327
0.00150669
0.00179079
0.00210454
0.00244549
0.00280967
0.00319161
0.00358453
0.00398055
0.00437123
0.0047481
0.00510324
0.00542981
0.00572256
0.00597812
0.00619508
0.00637399
0.00651702
0.00662763
0.00671005
0.00676887
0.00680855
0.00683319
0.00684624
0.00685048
0.00684801
0.00684026
0.00682817
0.0068122
1.56142e-05
5.34005e-05
9.94089e-05
0.000155339
0.000223154
0.000305094
0.000403649
0.000521506
0.000661447
0.000826212
0.00101831
0.00123978
0.00149196
0.00177517
0.00208851
0.00242961
0.00279455
0.00317785
0.00357262
0.00397088
0.00436397
0.0047432
0.00510042
0.00542862
0.0057224
0.0059783
0.00619492
0.00637284
0.00651435
0.006623
0.00670316
0.00675948
0.00679651
0.00681837
0.00682852
0.00682975
0.0068241
0.00681302
0.00679744
0.00677783
1.53825e-05
5.26165e-05
9.79767e-05
0.000153153
0.000220093
0.000301014
0.000398387
0.000514879
0.000653265
0.000816296
0.00100651
0.00122601
0.00147619
0.0017575
0.00206912
0.0024088
0.00277272
0.00315545
0.00355016
0.00394885
0.00434279
0.00472319
0.0050818
0.00541144
0.00570659
0.00596367
0.00618119
0.00635968
0.00650138
0.00660985
0.00668945
0.00674485
0.00678061
0.00680088
0.00680914
0.0068082
0.00680013
0.00678643
0.00676807
0.00674561
1.51572e-05
5.18524e-05
9.6575e-05
0.000151001
0.000217057
0.000296932
0.000393062
0.000508077
0.000644721
0.000805722
0.000993612
0.00121051
0.00145787
0.00173619
0.00204479
0.00238153
0.00274274
0.00312314
0.00351601
0.00391348
0.00430691
0.0046875
0.00504695
0.00537801
0.00567501
0.00593424
0.00615402
0.00633471
0.00647841
0.00658853
0.00666933
0.00672545
0.00676141
0.00678136
0.00678883
0.00678668
0.00677707
0.00676156
0.00674124
0.00671676
1.49191e-05
5.10428e-05
9.50823e-05
0.000148694
0.000213775
0.000292479
0.000387193
0.000500498
0.000635085
0.000793633
0.000978644
0.00119223
0.00143586
0.00171011
0.00201438
0.00234672
0.00270361
0.00308002
0.00346944
0.00386421
0.00425589
0.00463579
0.00499564
0.00532817
0.00562757
0.00588992
0.00611333
0.00629786
0.00644536
0.00655899
0.00664283
0.00670136
0.00673906
0.00676007
0.00676796
0.00676568
0.00675549
0.00673908
0.00671767
0.00669205
1.46542e-05
5.01401e-05
9.34107e-05
0.000146095
0.000210054
0.000287393
0.000380443
0.000491719
0.000623844
0.000779432
0.000960932
0.00117043
0.0014094
0.00167847
0.00197717
0.00230369
0.00265477
0.00302564
0.00341011
0.00380081
0.00418958
0.00456797
0.00492781
0.00526182
0.00556409
0.00583049
0.0060588
0.00624875
0.0064018
0.00652078
0.00660949
0.00667221
0.00671329
0.00673684
0.00674649
0.00674526
0.00673556
0.00671924
0.00669765
0.00667177
1.43531e-05
4.91122e-05
9.15007e-05
0.000143112
0.000205764
0.000281503
0.000372593
0.000481471
0.000610679
0.000762752
0.000940071
0.00114468
0.00137805
0.00164087
0.00193278
0.00225216
0.00259602
0.00295991
0.00333802
0.00372335
0.00410811
0.00448415
0.00484349
0.0051789
0.00548438
0.00575556
0.00598989
0.00618668
0.00634693
0.00647305
0.00656846
0.00663717
0.00668336
0.00671106
0.00672392
0.00672507
0.00671705
0.00670186
0.00668106
0.00665577
1.40101e-05
4.79397e-05
8.93174e-05
0.000139694
0.000200832
0.000274714
0.000363524
0.000469614
0.00059543
0.000743419
0.000915884
0.00111482
0.00134169
0.00159723
0.0018812
0.0021922
0.00252752
0.00288307
0.00325347
0.00363218
0.00401182
0.00438462
0.00474285
0.00507939
0.0053882
0.00566467
0.00590589
0.00611072
0.00627965
0.00641457
0.00651847
0.00659499
0.00664807
0.00668163
0.00669929
0.00670425
0.00669921
0.00668633
0.00666732
0.00664352
1.36226e-05
4.66143e-05
8.68458e-05
0.000135818
0.000195231
0.000266993
0.000353201
0.000456111
0.000578068
0.000721418
0.000888381
0.00108089
0.00130041
0.0015477
0.00182268
0.00212414
0.00244969
0.00279564
0.00315706
0.0035279
0.00390129
0.00426985
0.0046262
0.00496339
0.00527536
0.00555732
0.00580601
0.00601979
0.00619861
0.00634382
0.00645787
0.00654398
0.00660576
0.00664695
0.00667112
0.00668148
0.00668085
0.00667154
0.00665545
0.00663408
1.31908e-05
4.51363e-05
8.40875e-05
0.000131488
0.000188969
0.000258357
0.000341655
0.000441014
0.000558669
0.000696863
0.000857724
0.00104312
0.0012545
0.00149269
0.0017577
0.00204857
0.00236323
0.00269838
0.00304959
0.00341134
0.00377727
0.0041405
0.00449402
0.00483112
0.00514577
0.00543307
0.00568941
0.0059127
0.00610233
0.00625905
0.00638472
0.00648207
0.00655434
0.00660498
0.00663743
0.00665489
0.00666024
0.00665592
0.00664399
0.00662612
1.27167e-05
4.35131e-05
8.10567e-05
0.000126729
0.000182085
0.000248863
0.000328966
0.000424434
0.00053739
0.000669964
0.000824187
0.00100187
0.00120442
0.00143273
0.00168692
0.00196626
0.00226899
0.00259224
0.00293206
0.00328349
0.00364073
0.00399742
0.00434698
0.00468298
0.00499953
0.00529162
0.0055554
0.00578835
0.00598929
0.00615838
0.00629687
0.00640693
0.00649133
0.0065532
0.00659575
0.00662209
0.00663511
0.00663733
0.00663095
0.00661779
1.22039e-05
4.17573e-05
7.77778e-05
0.000121579
0.000174638
0.000238596
0.000315254
0.000406536
0.000514445
0.000640998
0.000788127
0.000957566
0.00115071
0.00136848
0.00161112
0.00187811
0.00216799
0.00247832
0.00280565
0.00314556
0.00349284
0.00384168
0.00418597
0.00451962
0.00483694
0.0051329
0.00540348
0.00564576
0.00585808
0.00603998
0.00619211
0.00631604
0.00641401
0.00648874
0.00654315
0.00658018
0.00660263
0.00661308
0.00661379
0.0066067
1.16573e-05
3.98855e-05
7.42822e-05
0.00011609
0.000166701
0.000227663
0.000300664
0.000387511
0.000490089
0.000610294
0.000749956
0.000910735
0.001094
0.00130068
0.00153116
0.0017851
0.00206135
0.00235786
0.00267166
0.0029989
0.00333493
0.00367453
0.00401208
0.00434192
0.00465859
0.00495715
0.00523343
0.00548426
0.00570751
0.00590218
0.00606831
0.00620686
0.00631951
0.0064085
0.00647637
0.00652582
0.00655949
0.00657992
0.00658937
0.00658988
1.10825e-05
3.79169e-05
7.06061e-05
0.000110319
0.000158362
0.000216181
0.000285357
0.000367576
0.0004646
0.000578205
0.000710116
0.000861915
0.00103493
0.00123013
0.00144797
0.0016883
0.00195025
0.00223215
0.00253149
0.00284496
0.00316849
0.00349743
0.0038267
0.00415107
0.00446541
0.00476493
0.00504544
0.00530355
0.00553678
0.00574364
0.0059236
0.00607702
0.00620502
0.00630929
0.00639196
0.00645536
0.00650193
0.00653406
0.00655399
0.00656372
1.04855e-05
3.58722e-05
6.67886e-05
0.000104328
0.000149709
0.000204278
0.000269504
0.000346955
0.000438266
0.000545096
0.000669063
0.000811664
0.000974187
0.0011576
0.00136246
0.00158876
0.00183589
0.00210253
0.0023866
0.0026853
0.00299513
0.003312
0.00363138
0.00394853
0.00425867
0.00455724
0.00484012
0.0051038
0.00534555
0.00556347
0.00575652
0.00592451
0.00606798
0.00618808
0.00628645
0.00636503
0.00642595
0.00647139
0.00650344
0.00652407
9.87255e-06
3.3773e-05
6.287e-05
9.81807e-05
0.000140836
0.000192083
0.000253278
0.000325872
0.000411377
0.000511332
0.000627246
0.000760531
0.000912425
0.0010839
0.00127555
0.00148754
0.00171948
0.00197034
0.00223847
0.00252154
0.00281656
0.00312001
0.00342791
0.00373602
0.00403996
0.00433547
0.00461857
0.00488575
0.00513409
0.0053614
0.00556622
0.00574785
0.00590631
0.0060422
0.00615665
0.00625117
0.00632752
0.00638758
0.00643324
0.00646634
9.24987e-06
3.16406e-05
5.88903e-05
9.19403e-05
0.000131834
0.00017972
0.000236847
0.000304547
0.000384213
0.000477263
0.0005851
0.000709045
0.000850279
0.00100976
0.00118814
0.00138568
0.00160218
0.00183692
0.00208859
0.00235528
0.00263453
0.00292333
0.00321823
0.0035155
0.0038112
0.00410142
0.00438238
0.00465066
0.00490328
0.00513783
0.00535254
0.00554629
0.0057186
0.00586959
0.00599989
0.00611053
0.00620287
0.00627843
0.00633886
0.00638574
8.62352e-06
2.94958e-05
5.48883e-05
8.56677e-05
0.000122792
0.000167313
0.000220373
0.00028319
0.000357038
0.000443222
0.000543032
0.000657701
0.000788345
0.000935898
0.00110104
0.00128413
0.00148513
0.00170354
0.00193838
0.00218815
0.00245081
0.00272387
0.00300439
0.00328911
0.00357457
0.00385723
0.00413359
0.00440038
0.00465466
0.00489392
0.00511615
0.00531991
0.00550433
0.00566907
0.00581428
0.00594056
0.00604882
0.00614022
0.00621605
0.00627765
7.99924e-06
2.73583e-05
5.09009e-05
7.94206e-05
0.000113792
0.000154974
0.000204005
0.000261993
0.0003301
0.000409513
0.000501417
0.000606953
0.000727169
0.000862964
0.00101503
0.00118379
0.00136934
0.00157139
0.00178923
0.00202169
0.00226715
0.00252357
0.00278848
0.00305911
0.00333245
0.00360534
0.00387463
0.00413727
0.00439041
0.00463154
0.00485853
0.00506973
0.00526392
0.00544042
0.00559895
0.00573968
0.0058631
0.00596998
0.00606126
0.00613796
7.38235e-06
2.52463e-05
4.6962e-05
7.32523e-05
0.000104911
0.000142807
0.000187881
0.000241135
0.00030362
0.000376413
0.000460594
0.000557212
0.000667242
0.00079154
0.000930796
0.00108548
0.00125578
0.00144158
0.0016424
0.00185737
0.00208522
0.0023243
0.00257261
0.00282781
0.00308732
0.00334841
0.00360826
0.00386409
0.00411324
0.00435327
0.00458201
0.00479768
0.00499887
0.00518457
0.00535418
0.00550749
0.00564459
0.00576589
0.00587196
0.00596349
6.77771e-06
2.31763e-05
4.31026e-05
6.72109e-05
9.62183e-05
0.000130908
0.000172126
0.000220774
0.000277796
0.000344166
0.000420862
0.000508838
0.000608996
0.000722142
0.000848948
0.000989907
0.00114529
0.00131511
0.00149906
0.00169653
0.00190657
0.00212787
0.00235882
0.00259749
0.00284174
0.0030892
0.00333744
0.00358396
0.00382633
0.00406225
0.00428963
0.00450661
0.00471166
0.00490359
0.00508152
0.00524492
0.00539358
0.00552753
0.00564701
0.00575237
6.18963e-06
2.11632e-05
3.93501e-05
6.13393e-05
8.77748e-05
0.000119358
0.000156847
0.000201046
0.000252802
0.000312986
0.000382478
0.000462142
0.000552803
0.000655211
0.000770012
0.000897704
0.00103861
0.00119284
0.00136024
0.00154041
0.00173264
0.00193594
0.00214904
0.00237038
0.00259819
0.0028305
0.00306521
0.00330016
0.00353316
0.0037621
0.00398501
0.00420007
0.00440571
0.0046006
0.00478371
0.00495426
0.00511177
0.00525597
0.00538682
0.00550433
5.62187e-06
1.92198e-05
3.57284e-05
5.56748e-05
7.96336e-05
0.00010823
0.000142137
0.000182072
0.000228785
0.000283053
0.000345661
0.000417386
0.000498976
0.000591122
0.00069443
0.000809396
0.000936368
0.00107552
0.00122684
0.00139006
0.0015647
0.00175002
0.00194504
0.00214854
0.00235907
0.00257503
0.00279464
0.00301606
0.00323737
0.0034567
0.00367222
0.00388223
0.00408516
0.00427967
0.0044646
0.00463904
0.00480229
0.00495386
0.00509344
0.00522081
5.07764e-06
1.73572e-05
3.22581e-05
5.0249e-05
7.18398e-05
9.75838e-05
0.000128076
0.000163949
0.000205866
0.000254514
0.00031059
0.000374785
0.00044777
0.000530176
0.000622565
0.000725413
0.000839081
0.000963791
0.0010996
0.0012464
0.00140385
0.00157144
0.00174842
0.00193385
0.00212659
0.00232535
0.00252865
0.00273496
0.00294265
0.00315006
0.00335558
0.00355762
0.00375473
0.00394556
0.00412895
0.00430389
0.00446955
0.00462527
0.00477056
0.00490497
4.55961e-06
1.55844e-05
2.89558e-05
4.5088e-05
6.44302e-05
8.74689e-05
0.000114727
0.000146758
0.000184145
0.000227491
0.000277407
0.000334507
0.000399386
0.000472611
0.000554699
0.000646095
0.000747159
0.000858139
0.000979153
0.00111017
0.00125101
0.00140131
0.00156053
0.00172796
0.00190273
0.00208379
0.00226998
0.00246002
0.00265254
0.00284615
0.00303942
0.00323096
0.00341941
0.00360352
0.00378215
0.00395425
0.00411895
0.00427549
0.00442322
0.00456156
4.06991e-06
1.39086e-05
2.58352e-05
4.02126e-05
5.74341e-05
7.79246e-05
0.000102139
0.000130561
0.000163698
0.000202073
0.000246221
0.000296679
0.000353973
0.000418606
0.000491043
0.000571697
0.000660913
0.000758948
0.000865957
0.000981981
0.00110693
0.00124057
0.00138253
0.0015323
0.0016892
0.00185243
0.00202107
0.00219409
0.00237037
0.00254874
0.00272799
0.0029069
0.00308429
0.00325899
0.00342993
0.00359612
0.00375665
0.00391072
0.00405762
0.00419667
3.61016e-06
1.23356e-05
2.29064e-05
3.56386e-05
5.08737e-05
6.89799e-05
9.0351e-05
0.000115405
0.000144578
0.000178325
0.000217107
0.00026139
0.000311634
0.000368279
0.00043174
0.000502392
0.000580555
0.000666485
0.000760356
0.000862252
0.000972153
0.00108993
0.00121533
0.00134799
0.00148742
0.00163301
0.00178404
0.0019397
0.0020991
0.00226127
0.00242522
0.0025899
0.00275428
0.00291735
0.00307812
0.00323567
0.00338913
0.00353771
0.00368066
0.00381727
3.18151e-06
1.08691e-05
2.01766e-05
3.13769e-05
4.47642e-05
6.06547e-05
7.93866e-05
0.000101317
0.000126821
0.000156287
0.000190111
0.000228692
0.000272426
0.000321698
0.000376871
0.000438278
0.000506211
0.000580914
0.000662565
0.000751276
0.000847074
0.0009499
0.0010596
0.00117592
0.00129852
0.00142694
0.00156064
0.001699
0.00184131
0.00198679
0.00213463
0.00228398
0.00243396
0.00258369
0.00273232
0.002879
0.00302294
0.00316339
0.00329962
0.00343092
2.78467e-06
9.51155e-06
1.76502e-05
2.74342e-05
3.91145e-05
5.29606e-05
6.92597e-05
8.83155e-05
0.000110445
0.000135978
0.000165251
0.000198603
0.000236371
0.000278885
0.000326459
0.000379385
0.000437924
0.000502298
0.000572684
0.000649203
0.000731912
0.000820803
0.00091579
0.00101671
0.00112332
0.00123531
0.00135225
0.0014737
0.00159909
0.00172782
0.00185925
0.00199267
0.00212738
0.00226263
0.00239769
0.00253182
0.00266432
0.0027945
0.00292168
0.00304521
2.41995e-06
8.26404e-06
1.53291e-05
2.38131e-05
3.39279e-05
4.5901e-05
5.99739e-05
7.64016e-05
9.54506e-05
0.000117397
0.000142522
0.000171112
0.00020345
0.000239815
0.000280475
0.000325681
0.00037566
0.000430613
0.000490702
0.00055605
0.000626732
0.000702769
0.000784125
0.000870703
0.000962341
0.00105881
0.00115983
0.00126505
0.00137405
0.00148637
0.0016015
0.00171889
0.00183796
0.00195812
0.00207875
0.00219922
0.00231894
0.00243728
0.00255365
0.00266745
2.08732e-06
7.12639e-06
1.32129e-05
2.05125e-05
2.92026e-05
3.94725e-05
5.15232e-05
6.55664e-05
8.18228e-05
0.000100521
0.000121894
0.000146179
0.000173612
0.000204425
0.000238841
0.000277072
0.000319315
0.000365743
0.000416502
0.000471709
0.000531445
0.000595748
0.000664615
0.000737994
0.000815784
0.000897834
0.000983941
0.00107385
0.00116726
0.00126383
0.00136316
0.00146484
0.00156839
0.00167336
0.00177923
0.0018855
0.00199166
0.00209719
0.00220156
0.00230427
0.00693285
0.00692614
0.00691259
0.00689025
0.00685641
0.00680978
0.00675209
0.00669475
0.0066434
0.00659703
0.00655539
0.00651676
0.00648023
0.00644458
0.00640894
0.00637242
0.00633434
0.00629396
0.00625062
0.00620371
0.00615265
0.00609703
0.00603661
0.00597134
0.00590166
0.00582896
0.00575623
0.00568928
0.00563909
0.00562526
0.00568291
0.00587255
0.00629341
0.00708496
0.00839953
0.010294
0.0126901
0.0153986
0.0182591
0.0211588
0.0240331
0.0268479
0.0295887
0.0322528
0.0348455
0.0373788
0.0398707
0.0423456
0.0448342
0.0473777
0.0500382
0.0528924
0.0560221
0.059548
0.063643
0.0685569
0.0746683
0.0825202
0.092932
0.106892
0.124952
0.143832
0.152281
0.139102
0.12249
0.114445
0.112136
0.111792
0.111914
0.112114
0.112315
0.112501
0.112671
0.112828
0.112971
0.113103
0.113224
0.113333
0.113429
0.113509
0.113566
0.113593
0.113576
0.113496
0.113324
0.113015
0.11251
0.111723
0.110544
0.108853
0.106578
0.10379
0.100776
0.097911
0.0954568
0.0934976
0.0920023
0.0908995
0.0901086
0.0895593
0.0891942
0.0889693
0.088851
0.0888139
0.0888393
0.0889134
0.0890273
0.0891753
0.089354
0.0895625
0.0898022
0.0900761
0.0903872
0.0907386
0.0911276
0.0915409
0.0919246
0.0921017
0.0915589
0.089487
0.08599
0.0832616
0.0820873
0.0817796
0.0817531
0.0817908
0.0818385
0.0818855
0.0819305
0.081974
0.0820166
0.0820593
0.0821026
0.0821469
0.0821925
0.0822395
0.0822875
0.0823356
0.0823818
0.082423
0.0824537
0.0824655
0.0824442
0.082368
0.0822035
0.0819022
0.0814018
0.0806447
0.0796199
0.0784132
0.0771781
0.0760502
0.0750956
0.0743252
0.0737236
0.0732645
0.0729217
0.0726719
0.0724965
0.0723803
0.0723117
0.0722815
0.0722828
0.0723112
0.0723635
0.0724376
0.0725327
0.0726494
0.0727889
0.0729523
0.0731404
0.0733504
0.0735707
0.0737521
0.0737056
0.0728471
0.0702321
0.0659998
0.0627455
0.0613473
0.0609655
0.0609056
0.0609166
0.0609391
0.0609634
0.0609892
0.0610175
0.0610492
0.0610851
0.061126
0.0611724
0.0612246
0.0612832
0.0613484
0.0614201
0.0614976
0.0615793
0.0616621
0.0617404
0.0618044
0.0618369
0.0618088
0.0616743
0.0613655
0.0608035
0.0599328
0.0587858
0.0574829
0.0561692
0.0549409
0.053841
0.0528804
0.0520514
0.0513405
0.0507327
0.0502146
0.0497743
0.0494016
0.049088
0.0488264
0.0486115
0.0484388
0.0483045
0.0482059
0.048142
0.0481125
0.048118
0.048161
0.0482445
0.048375
0.0485561
0.0487988
0.0491021
0.0494731
0.0498672
0.0501893
0.0504195
0.0505633
0.0506397
0.0506658
0.00690215
0.00688522
0.00685936
0.00682237
0.00677211
0.00670848
0.00663513
0.00656191
0.00649468
0.00643418
0.00638015
0.00633116
0.00628592
0.00624307
0.00620149
0.00616015
0.0061182
0.00607471
0.00602895
0.0059802
0.00592782
0.00587119
0.00580981
0.0057433
0.00567162
0.00559545
0.00551681
0.00544036
0.00537576
0.00534195
0.00537485
0.00553909
0.00594267
0.00674178
0.00810957
0.0101461
0.0128041
0.0158917
0.019181
0.0224757
0.0256393
0.0285932
0.0313027
0.0337624
0.0359865
0.0380022
0.0398465
0.0415637
0.043206
0.0448343
0.046522
0.0483654
0.050487
0.0530511
0.0562855
0.0605147
0.0662096
0.0740343
0.0848901
0.0997198
0.118574
0.13767
0.146962
0.138256
0.12397
0.115632
0.112702
0.112106
0.112213
0.112479
0.112764
0.113033
0.113279
0.113502
0.113706
0.113893
0.114064
0.114221
0.114364
0.114491
0.114595
0.114669
0.114698
0.114657
0.114512
0.114211
0.113681
0.11282
0.111504
0.109606
0.107054
0.103931
0.100514
0.0971886
0.0942665
0.0918944
0.0900829
0.088769
0.0878627
0.087274
0.0869251
0.0867536
0.0867112
0.0867625
0.0868821
0.0870529
0.0872647
0.0875129
0.087797
0.0881189
0.0884831
0.0888954
0.089361
0.0898822
0.0904513
0.0910406
0.0915693
0.0918217
0.0913026
0.0893782
0.0862467
0.0835976
0.0822848
0.0818646
0.0817988
0.081835
0.0818925
0.081951
0.0820061
0.0820579
0.0821072
0.0821554
0.0822037
0.0822533
0.0823052
0.0823602
0.0824187
0.0824804
0.0825441
0.0826068
0.0826633
0.082704
0.0827128
0.0826637
0.0825162
0.0822124
0.0816803
0.0808536
0.0797168
0.0783472
0.0768995
0.0755326
0.074347
0.0733812
0.0726315
0.072073
0.0716733
0.071401
0.0712288
0.0711343
0.0711
0.0711129
0.0711636
0.0712461
0.0713573
0.0714959
0.0716622
0.0718576
0.0720844
0.0723441
0.0726362
0.072954
0.0732752
0.0735273
0.073487
0.0725985
0.0701261
0.0663095
0.0631345
0.0615612
0.0610336
0.0609107
0.0608995
0.0609113
0.0609266
0.0609428
0.0609611
0.0609828
0.0610097
0.061043
0.0610841
0.0611341
0.0611945
0.061266
0.0613496
0.0614453
0.0615524
0.0616684
0.0617879
0.0618997
0.0619839
0.0620057
0.0619097
0.0616163
0.0610329
0.0600909
0.0588017
0.0572697
0.0556495
0.0540712
0.0526173
0.0513277
0.0502123
0.0492645
0.0484695
0.0478106
0.0472707
0.0468341
0.0464869
0.0462172
0.0460157
0.0458744
0.045787
0.0457491
0.0457585
0.0458145
0.0459183
0.0460726
0.0462815
0.0465513
0.0468873
0.0472965
0.0477759
0.0483168
0.04887
0.0493526
0.0497327
0.0500088
0.0501963
0.0503143
0.00686546
0.00683813
0.00680037
0.0067503
0.00668689
0.0066116
0.00652943
0.00644886
0.0063755
0.00631101
0.00625519
0.00620671
0.00616401
0.00612549
0.00608976
0.00605556
0.00602174
0.00598727
0.00595119
0.00591254
0.00587031
0.00582343
0.00577075
0.00571111
0.00564345
0.00556713
0.00548264
0.00539289
0.00530591
0.00523978
0.00523113
0.00534834
0.00570733
0.00647858
0.00786044
0.0100007
0.012909
0.0164268
0.0202953
0.02424
0.0280319
0.0315125
0.0345922
0.037237
0.0394536
0.0412762
0.0427575
0.0439625
0.0449651
0.0458478
0.0467036
0.0476456
0.0488246
0.0504428
0.0527807
0.0562349
0.0613653
0.0689345
0.0798861
0.095039
0.113999
0.132745
0.142524
0.137178
0.125238
0.116887
0.113382
0.112451
0.112468
0.112755
0.11309
0.113412
0.113703
0.113961
0.114191
0.114395
0.11458
0.11475
0.114906
0.11505
0.115178
0.115282
0.115347
0.115347
0.115242
0.114974
0.114455
0.113572
0.112186
0.110163
0.107435
0.104086
0.100386
0.0967213
0.093443
0.0907536
0.0887053
0.087248
0.0862824
0.085698
0.0853939
0.0852876
0.0853163
0.0854349
0.0856136
0.0858345
0.0860892
0.0863767
0.086702
0.0870727
0.0874989
0.0879915
0.0885584
0.0892008
0.0899045
0.0906254
0.0912562
0.0915547
0.0910609
0.0892874
0.0864736
0.0839347
0.0825103
0.0819705
0.0818471
0.0818677
0.0819257
0.0819878
0.0820452
0.0820966
0.082143
0.0821864
0.0822291
0.082273
0.0823204
0.0823731
0.0824325
0.0824996
0.0825741
0.0826541
0.0827348
0.0828064
0.0828509
0.0828383
0.0827216
0.0824343
0.0818955
0.0810326
0.0798249
0.0783423
0.0767371
0.0751834
0.0738114
0.0726864
0.0718188
0.0711856
0.0707489
0.0704679
0.0703059
0.0702328
0.0702254
0.0702672
0.0703473
0.0704599
0.0706027
0.0707768
0.0709847
0.0712303
0.0715175
0.0718486
0.0722215
0.072624
0.0730213
0.0733184
0.0732697
0.0723659
0.0700448
0.0665869
0.063527
0.0618111
0.061132
0.0609282
0.0608825
0.0608768
0.0608778
0.0608789
0.0608809
0.0608857
0.0608959
0.0609138
0.0609418
0.0609821
0.0610368
0.0611081
0.0611976
0.0613069
0.0614363
0.0615842
0.0617452
0.0619074
0.0620477
0.0621261
0.0620787
0.0618166
0.0612378
0.060263
0.0588862
0.0571931
0.0553346
0.053463
0.0516947
0.0501003
0.0487111
0.0475318
0.0465512
0.0457506
0.0451085
0.0446036
0.0442164
0.0439299
0.0437302
0.043606
0.0435487
0.043552
0.0436127
0.0437299
0.0439053
0.0441422
0.0444458
0.0448225
0.045278
0.0458161
0.0464308
0.0471037
0.0477857
0.0484062
0.0489256
0.0493333
0.0496382
0.0498574
0.00682531
0.00678829
0.00674014
0.00667973
0.00660736
0.00652583
0.00644083
0.00635973
0.0062876
0.00622634
0.00617571
0.0061343
0.00610026
0.00607174
0.00604702
0.00602458
0.006003
0.00598109
0.00595763
0.00593132
0.00590077
0.00586437
0.00582034
0.00576668
0.00570134
0.00562247
0.00552914
0.00542279
0.00531009
0.00520824
0.00515412
0.00521815
0.00552091
0.00624191
0.00759893
0.00978056
0.0128554
0.0167157
0.0211048
0.0256954
0.030173
0.0342902
0.0378866
0.0408846
0.0432726
0.0450869
0.0463942
0.0472794
0.0478377
0.0481716
0.0483921
0.0486279
0.0490499
0.0498892
0.0514689
0.0542454
0.0588515
0.0661149
0.0769746
0.0920788
0.110674
0.128729
0.138746
0.135947
0.126237
0.118167
0.114173
0.112851
0.112702
0.112952
0.113302
0.113647
0.113957
0.114225
0.114455
0.114654
0.11483
0.114991
0.115143
0.11529
0.115431
0.11556
0.115663
0.115711
0.115661
0.115445
0.114966
0.114095
0.112682
0.110589
0.107749
0.104244
0.10034
0.096423
0.0928741
0.0899455
0.0877302
0.086193
0.0852255
0.0846943
0.0844724
0.0844544
0.0845614
0.0847395
0.0849559
0.0851943
0.0854509
0.085731
0.0860467
0.0864136
0.0868494
0.0873705
0.0879885
0.088703
0.0894925
0.0902969
0.0909862
0.0913043
0.0908356
0.0892103
0.0866745
0.084266
0.0827602
0.0821009
0.0819041
0.0818944
0.081943
0.082002
0.082056
0.0821017
0.08214
0.0821734
0.082205
0.0822382
0.0822763
0.0823222
0.0823786
0.0824477
0.0825305
0.0826263
0.0827309
0.0828341
0.0829165
0.0829443
0.0828645
0.0826029
0.0820715
0.0811925
0.0799401
0.0783779
0.0766553
0.0749574
0.0734391
0.0721908
0.071238
0.0705599
0.070112
0.0698429
0.0697051
0.0696597
0.0696776
0.0697396
0.0698343
0.0699572
0.0701084
0.0702921
0.0705145
0.0707828
0.0711033
0.071479
0.0719059
0.0723657
0.0728107
0.0731267
0.0730581
0.0721509
0.0699823
0.0668364
0.0639156
0.0620929
0.0612649
0.0609659
0.0608734
0.0608435
0.0608269
0.0608109
0.0607946
0.0607804
0.0607717
0.060772
0.0607845
0.0608127
0.0608596
0.0609284
0.061022
0.061143
0.0612929
0.0614708
0.0616716
0.0618821
0.0620767
0.0622104
0.0622126
0.0619876
0.0614268
0.0604431
0.0590156
0.0572131
0.0551774
0.0530732
0.0510435
0.0491877
0.04756
0.0461783
0.0450365
0.0441147
0.0433866
0.0428251
0.0424045
0.0421023
0.0419
0.0417829
0.0417401
0.0417643
0.0418516
0.042001
0.042215
0.0424981
0.0428564
0.043297
0.0438257
0.0444445
0.0451455
0.0459058
0.0466796
0.0474062
0.0480425
0.0485696
0.0489882
0.0493106
0.00678434
0.00673903
0.0066827
0.00661516
0.00653788
0.0064546
0.00637115
0.0062939
0.00622726
0.00617293
0.00613053
0.00609845
0.00607462
0.00605693
0.00604342
0.00603234
0.00602212
0.00601141
0.00599878
0.00598269
0.00596142
0.00593297
0.00589503
0.00584496
0.00577987
0.00569694
0.00559412
0.00547163
0.00533493
0.00520021
0.00510382
0.00511639
0.00536
0.00601855
0.00732312
0.00949521
0.0126566
0.0167544
0.0215541
0.0266991
0.0318042
0.0365352
0.0406555
0.0440367
0.0466456
0.0485197
0.0497421
0.0504204
0.0506727
0.0506208
0.0503914
0.0501251
0.050006
0.0502846
0.0513142
0.0535947
0.0578072
0.0648067
0.0754823
0.0902923
0.10822
0.125394
0.135467
0.134625
0.126956
0.119428
0.115066
0.113331
0.112946
0.113103
0.113426
0.113769
0.114078
0.11434
0.114558
0.11474
0.114899
0.115044
0.115187
0.115333
0.115486
0.115642
0.115785
0.115888
0.1159
0.115745
0.115317
0.114474
0.113058
0.110927
0.108014
0.104399
0.100341
0.0962305
0.0924704
0.0893566
0.0870217
0.0854477
0.0845183
0.0840764
0.083966
0.0840566
0.0842519
0.084489
0.0847335
0.0849725
0.0852087
0.0854553
0.0857324
0.0860644
0.0864764
0.086991
0.0876224
0.0883689
0.0892013
0.0900457
0.0907552
0.0910715
0.0906269
0.0891432
0.0868541
0.0845868
0.0830327
0.0822577
0.0819766
0.0819226
0.0819518
0.0820016
0.0820487
0.0820866
0.0821154
0.0821379
0.082158
0.08218
0.0822084
0.0822471
0.0823001
0.0823707
0.0824613
0.0825719
0.0826991
0.0828325
0.0829511
0.0830178
0.0829746
0.082741
0.0822232
0.0813392
0.0800586
0.0784387
0.0766265
0.0748154
0.0731809
0.071837
0.0708242
0.0701249
0.0696876
0.0694489
0.0693491
0.0693394
0.0693848
0.0694635
0.0695645
0.0696855
0.0698301
0.0700063
0.0702245
0.0704954
0.0708278
0.0712255
0.0716821
0.072173
0.0726389
0.0729508
0.072854
0.071953
0.0699335
0.0670636
0.0642951
0.0624048
0.0614343
0.0610305
0.0608795
0.0608187
0.0607822
0.0607492
0.0607159
0.0606844
0.0606586
0.0606429
0.0606415
0.0606588
0.0606987
0.0607654
0.0608628
0.0609945
0.0611629
0.0613678
0.0616041
0.0618575
0.0621001
0.0622827
0.0623301
0.0621415
0.0616043
0.0606252
0.0591713
0.0572959
0.0551306
0.052846
0.0506056
0.0485346
0.0467094
0.0451622
0.0438924
0.0428788
0.0420904
0.0414928
0.0410535
0.0407441
0.0405414
0.0404272
0.0403889
0.0404181
0.0405109
0.0406671
0.0408898
0.0411851
0.0415604
0.0420237
0.0425815
0.043235
0.0439758
0.0447807
0.0456084
0.0464061
0.0471306
0.0477564
0.0482762
0.0486963
0.0067449
0.0066931
0.00663103
0.00655939
0.00648054
0.0063987
0.00631944
0.00624821
0.00618872
0.00614227
0.00610828
0.00608498
0.00607013
0.00606146
0.0060569
0.00605459
0.00605293
0.00605045
0.00604563
0.0060368
0.00602203
0.00599903
0.00596509
0.00591705
0.00585138
0.00576444
0.00565326
0.00551701
0.00536003
0.00519733
0.00506409
0.00502964
0.00521501
0.00580485
0.00703827
0.00916239
0.0123456
0.0165882
0.0216894
0.0272815
0.0329243
0.0382027
0.042803
0.0465419
0.049362
0.0513035
0.0524701
0.052997
0.0530285
0.0527076
0.0521754
0.0515827
0.0511207
0.0510506
0.0517444
0.0537269
0.0577001
0.0645089
0.0749557
0.0893104
0.106387
0.122586
0.132578
0.133251
0.12741
0.120615
0.116056
0.113906
0.113232
0.113241
0.113498
0.113813
0.114107
0.114355
0.114557
0.114722
0.114863
0.114994
0.115129
0.115278
0.115447
0.115631
0.115817
0.115974
0.116047
0.115952
0.115574
0.114762
0.113352
0.111198
0.108236
0.104542
0.100367
0.0961024
0.0921718
0.0889081
0.0864814
0.0848928
0.0840215
0.0836872
0.083704
0.0839147
0.0842047
0.0845025
0.0847728
0.0850072
0.0852158
0.0854204
0.0856492
0.0859345
0.0863083
0.0867977
0.0874188
0.088168
0.0890094
0.0898582
0.0905576
0.0908562
0.0904343
0.0890836
0.0870159
0.0848945
0.0833232
0.0824452
0.0820698
0.0819594
0.0819598
0.0819946
0.0820323
0.082062
0.0820822
0.0820955
0.0821061
0.0821192
0.08214
0.0821733
0.0822242
0.082297
0.082395
0.0825194
0.0826669
0.0828273
0.0829779
0.0830791
0.0830687
0.0828612
0.0823587
0.0814755
0.0801771
0.0785146
0.0766321
0.0747297
0.0730002
0.071579
0.0705224
0.0698165
0.0694034
0.0692074
0.0691552
0.0691877
0.0692636
0.0693589
0.0694633
0.0695774
0.0697087
0.0698693
0.0700734
0.0703352
0.0706657
0.0710686
0.0715352
0.0720349
0.0724984
0.0727881
0.0726585
0.0717712
0.0698951
0.0672728
0.0646629
0.0627418
0.0616444
0.061127
0.0609069
0.0608084
0.0607497
0.0607005
0.0606529
0.0606076
0.0605684
0.0605404
0.0605285
0.0605376
0.0605727
0.0606385
0.0607399
0.0608813
0.0610659
0.061294
0.0615603
0.0618497
0.0621321
0.0623555
0.0624411
0.0622851
0.0617723
0.0608049
0.0593398
0.0574167
0.0551573
0.0527338
0.0503253
0.0480794
0.0460939
0.0444154
0.0430492
0.041973
0.0411498
0.0405378
0.0400968
0.0397918
0.0395945
0.0394838
0.0394452
0.0394699
0.0395543
0.0396993
0.0399091
0.0401911
0.0405545
0.0410084
0.0415599
0.042211
0.0429537
0.0437668
0.0446141
0.0454498
0.0462319
0.0469313
0.047534
0.0480398
0.00670884
0.00665247
0.00658694
0.00651372
0.0064357
0.00635721
0.00628335
0.00621872
0.00616631
0.00612704
0.00610012
0.0060837
0.00607549
0.00607321
0.00607477
0.00607834
0.00608234
0.00608531
0.00608569
0.00608175
0.00607141
0.00605218
0.00602102
0.00597431
0.00590796
0.00581766
0.00569963
0.00555219
0.00537865
0.00519279
0.00502813
0.00495174
0.00508143
0.00559961
0.00674955
0.00879704
0.0119507
0.0162619
0.0215683
0.0275071
0.0335979
0.0393536
0.044384
0.0484468
0.0514573
0.0534582
0.0545763
0.0549789
0.0548414
0.0543306
0.0536033
0.0528196
0.0521748
0.0519346
0.0524785
0.0543386
0.0582113
0.0648976
0.0750886
0.0888818
0.105005
0.120195
0.130003
0.13185
0.12762
0.121681
0.117107
0.114597
0.113596
0.113403
0.113555
0.113817
0.114082
0.114311
0.114497
0.114648
0.114776
0.1149
0.115034
0.115191
0.115378
0.115593
0.115821
0.116028
0.116155
0.116113
0.115776
0.11499
0.113585
0.111418
0.10842
0.104667
0.100401
0.0960114
0.0919392
0.0885487
0.0860445
0.0844492
0.0836404
0.0834174
0.083565
0.0838991
0.0842862
0.0846461
0.0849434
0.0851748
0.0853584
0.0855241
0.0857078
0.0859481
0.0862819
0.0867393
0.0873372
0.0880695
0.0888946
0.0897206
0.0903875
0.0906577
0.0902571
0.0890301
0.0871626
0.0851881
0.083626
0.0826634
0.0821915
0.082013
0.0819743
0.0819883
0.0820141
0.0820355
0.0820487
0.0820553
0.0820596
0.0820669
0.0820829
0.0821134
0.082164
0.0822399
0.0823454
0.0824823
0.0826478
0.0828312
0.083009
0.0831389
0.0831556
0.0829706
0.0824825
0.0816028
0.0802929
0.0785983
0.0766594
0.0746813
0.0728718
0.0713851
0.070293
0.0695872
0.0692044
0.0690564
0.0690568
0.0691355
0.0692446
0.0693578
0.0694663
0.0695736
0.069691
0.0698344
0.0700217
0.0702695
0.07059
0.0709868
0.0714484
0.0719389
0.0723819
0.0726361
0.0724721
0.0716045
0.069865
0.0674669
0.0650176
0.0630974
0.0618951
0.0612629
0.0609628
0.0608182
0.0607338
0.0606687
0.0606091
0.0605536
0.0605053
0.0604691
0.0604504
0.0604546
0.0604871
0.0605535
0.0606592
0.0608096
0.0610081
0.0612556
0.0615466
0.061865
0.0621791
0.0624346
0.0625507
0.0624221
0.061932
0.060979
0.0595119
0.0575584
0.0552305
0.0527001
0.0501573
0.0477693
0.0456536
0.0438714
0.0424343
0.0413188
0.0404819
0.0398737
0.0394455
0.0391555
0.0389705
0.0388661
0.0388265
0.0388427
0.0389118
0.0390356
0.0392199
0.0394734
0.0398065
0.0402298
0.0407512
0.0413737
0.0420908
0.0428845
0.0437235
0.0445683
0.0453798
0.046127
0.0467914
0.0473667
0.00667743
0.00661829
0.00655125
0.00647832
0.00640266
0.00632845
0.00626019
0.00620174
0.00615545
0.00612191
0.0061002
0.00608849
0.00608456
0.00608621
0.00609143
0.00609851
0.00610595
0.00611231
0.00611606
0.00611541
0.00610818
0.00609167
0.00606252
0.00601673
0.0059497
0.00585653
0.00573283
0.00557618
0.0053891
0.00518419
0.00499301
0.00487937
0.00495653
0.00540258
0.00646119
0.00841097
0.011494
0.0158102
0.0212406
0.0274379
0.0338954
0.0400668
0.0454873
0.0498524
0.0530445
0.0551052
0.0561842
0.0564835
0.0562132
0.0555674
0.054721
0.0538445
0.053136
0.0528619
0.0534
0.0552735
0.0591495
0.0657597
0.0756704
0.0888322
0.103955
0.118139
0.127686
0.130437
0.127613
0.122591
0.118175
0.115399
0.114067
0.11363
0.113636
0.113816
0.114037
0.114242
0.114412
0.114553
0.114676
0.114799
0.114938
0.115109
0.115318
0.115564
0.115831
0.116083
0.116255
0.116252
0.115945
0.115175
0.113771
0.111591
0.108566
0.104767
0.10043
0.0959392
0.0917467
0.0882449
0.0856703
0.084067
0.0833153
0.0831981
0.0834725
0.0839279
0.0844119
0.0848355
0.085163
0.0853971
0.0855632
0.085699
0.0858469
0.0860504
0.0863493
0.0867749
0.0873433
0.0880458
0.0888367
0.0896205
0.0902394
0.0904749
0.0900946
0.0889819
0.0872962
0.0854669
0.083936
0.08291
0.0823459
0.0820914
0.0820038
0.0819898
0.0820001
0.0820125
0.0820198
0.0820221
0.0820228
0.0820273
0.0820415
0.0820716
0.0821239
0.0822042
0.0823175
0.0824659
0.0826471
0.0828498
0.0830496
0.0832024
0.0832407
0.0830734
0.0825972
0.0817214
0.0804036
0.0786845
0.0766999
0.0746579
0.0727785
0.0712335
0.0701094
0.0694048
0.0690524
0.0689532
0.0690074
0.069134
0.0692784
0.0694121
0.0695273
0.0696307
0.0697372
0.0698661
0.0700378
0.0702706
0.0705773
0.0709604
0.0714058
0.0718733
0.0722822
0.0724926
0.0722951
0.0714519
0.0698417
0.0676482
0.0653586
0.0634655
0.0621834
0.061442
0.0610546
0.0608548
0.0607391
0.0606564
0.0605861
0.0605231
0.0604691
0.0604283
0.0604061
0.0604082
0.0604405
0.0605089
0.0606196
0.0607783
0.0609892
0.0612529
0.0615637
0.0619049
0.0622433
0.0625231
0.0626623
0.062555
0.0620839
0.061145
0.0596809
0.0577089
0.0553312
0.052718
0.0500676
0.0475631
0.0453407
0.0434755
0.0419859
0.0408477
0.040012
0.0394201
0.0390152
0.0387483
0.0385813
0.0384868
0.0384477
0.0384551
0.038507
0.0386064
0.0387603
0.0389785
0.0392727
0.0396542
0.0401321
0.0407103
0.0413844
0.0421396
0.0429498
0.0437809
0.0445975
0.0453689
0.0460734
0.0467003
0.00665138
0.00659106
0.00652403
0.00645267
0.00638021
0.00631051
0.00624748
0.00619432
0.00615289
0.0061235
0.00610523
0.00609632
0.00609473
0.0060984
0.00610549
0.00611442
0.00612378
0.00613218
0.0061381
0.0061397
0.00613467
0.00612008
0.0060923
0.00604694
0.00597896
0.00588301
0.00575423
0.00558974
0.00539137
0.00517062
0.00495692
0.00481038
0.00483873
0.00521384
0.00617666
0.00801355
0.0109935
0.0152612
0.0207448
0.0271231
0.0338776
0.040413
0.0461952
0.0508568
0.0542401
0.0563787
0.0574413
0.0576641
0.0572937
0.0565547
0.0556433
0.0547423
0.0540535
0.0538413
0.0544744
0.0564533
0.0603972
0.0669505
0.0765528
0.0890384
0.10315
0.116354
0.125587
0.129023
0.127412
0.123325
0.119215
0.116291
0.11466
0.113956
0.113779
0.113849
0.114007
0.114177
0.11433
0.114463
0.114586
0.114715
0.114866
0.115055
0.11529
0.115567
0.115869
0.116156
0.116361
0.116384
0.116093
0.115326
0.113916
0.11172
0.108673
0.104838
0.100445
0.0958723
0.0915769
0.0879749
0.0853321
0.0837155
0.0830109
0.0829881
0.0833811
0.0839534
0.0845335
0.0850231
0.0853862
0.0856304
0.0857886
0.0859056
0.0860291
0.0862059
0.0864771
0.0868736
0.0874099
0.0880744
0.0888188
0.0895471
0.0901088
0.0903068
0.0899458
0.0889382
0.0874181
0.0857306
0.0842487
0.083181
0.0825345
0.0822011
0.0820563
0.0820066
0.0819965
0.0819978
0.0819992
0.0819984
0.0819977
0.0820018
0.0820167
0.0820488
0.0821047
0.0821907
0.0823121
0.0824716
0.0826664
0.0828852
0.0831024
0.0832726
0.0833265
0.0831719
0.0827041
0.0818309
0.0805072
0.0787689
0.076747
0.0746505
0.072709
0.0711098
0.0699543
0.0692484
0.0689231
0.06887
0.0689769
0.0691519
0.0693334
0.0694904
0.0696163
0.0697202
0.0698204
0.069939
0.0700981
0.070317
0.0706081
0.0709725
0.0713936
0.0718281
0.0721937
0.0723558
0.0721274
0.0713125
0.0698241
0.0678182
0.0656855
0.0638409
0.0625046
0.0616657
0.0611881
0.0609249
0.0607709
0.0606669
0.0605851
0.0605158
0.0604582
0.0604154
0.0603925
0.0603949
0.0604289
0.0605009
0.0606174
0.0607844
0.0610064
0.0612839
0.0616107
0.0619694
0.0623255
0.0626224
0.0627775
0.0626851
0.0622282
0.0613014
0.0598422
0.0578593
0.0554458
0.0527682
0.0500308
0.0474303
0.0451191
0.043186
0.0416566
0.0405064
0.0396808
0.0391132
0.038738
0.0384993
0.0383542
0.0382726
0.0382365
0.0382371
0.0382732
0.0383491
0.0384729
0.0386552
0.0389086
0.0392449
0.0396739
0.0402005
0.0408224
0.0415278
0.0422954
0.0430964
0.0438992
0.0446745
0.0453994
0.04606
0.00663089
0.00657075
0.00650488
0.00643592
0.006367
0.00630165
0.00624322
0.00619436
0.00615654
0.00612992
0.00611363
0.00610609
0.00610542
0.00610981
0.00611759
0.0061273
0.00613762
0.00614719
0.00615447
0.00615754
0.00615394
0.00614051
0.00611333
0.00606767
0.00599815
0.00589911
0.00576538
0.00559379
0.0053857
0.0051516
0.00491878
0.00474337
0.00472687
0.00503352
0.00589874
0.00761231
0.0104635
0.0146382
0.0201131
0.0266025
0.0335906
0.040446
0.0465725
0.0515376
0.0551375
0.0573897
0.0584746
0.0586583
0.0582237
0.0574281
0.0564921
0.0556134
0.0549991
0.05491
0.0557001
0.0578366
0.0618773
0.068369
0.0776299
0.0894111
0.102529
0.114793
0.123671
0.127617
0.12704
0.123869
0.120183
0.117237
0.11537
0.114403
0.114019
0.11395
0.114024
0.114147
0.114277
0.114402
0.114527
0.114666
0.114834
0.115045
0.115306
0.115612
0.115943
0.116257
0.116482
0.116516
0.116225
0.115449
0.114023
0.111807
0.108737
0.104875
0.100439
0.0957999
0.0914167
0.0877237
0.085013
0.083375
0.0827047
0.0827638
0.0832657
0.0839497
0.0846255
0.0851848
0.0855902
0.0858534
0.0860141
0.0861231
0.086233
0.0863924
0.0866427
0.0870134
0.0875164
0.0881375
0.0888272
0.089492
0.0899919
0.0901522
0.08981
0.0888988
0.0875296
0.0859793
0.0845599
0.0834718
0.0827565
0.0823461
0.0821387
0.0820463
0.08201
0.0819967
0.0819908
0.0819869
0.0819858
0.0819913
0.0820088
0.0820448
0.082106
0.082199
0.0823292
0.0824992
0.0827062
0.0829381
0.0831685
0.0833508
0.0834147
0.0832673
0.0828036
0.0819309
0.0806019
0.0788481
0.0767959
0.0746524
0.0726551
0.0710044
0.069816
0.0691045
0.068801
0.0687896
0.0689467
0.0691698
0.0693902
0.069574
0.069715
0.0698245
0.0699235
0.0700362
0.0701863
0.0703928
0.0706675
0.0710097
0.0714006
0.071795
0.0721114
0.0722242
0.071969
0.0711854
0.0698115
0.067978
0.0659982
0.0642187
0.0628532
0.0619325
0.061367
0.0610347
0.0608353
0.0607045
0.0606084
0.0605321
0.0604716
0.0604284
0.0604065
0.0604112
0.0604488
0.0605258
0.060649
0.0608246
0.061057
0.0613465
0.0616862
0.0620578
0.0624258
0.0627331
0.0628972
0.0628132
0.062365
0.0614469
0.0599925
0.0580033
0.0555642
0.0528366
0.0500287
0.0473483
0.0449624
0.0429725
0.0414115
0.0402555
0.039445
0.0389054
0.0385631
0.0383555
0.0382348
0.0381686
0.038138
0.0381346
0.0381581
0.0382137
0.0383106
0.0384601
0.0386749
0.0389675
0.0393477
0.0398215
0.040388
0.0410385
0.0417559
0.042516
0.0432911
0.0440544
0.0447829
0.0454607
0.00661576
0.00655694
0.0064931
0.00642703
0.00636175
0.0063004
0.00624589
0.00620043
0.00616518
0.00614028
0.00612492
0.00611773
0.00611708
0.00612136
0.00612908
0.0061389
0.00614956
0.00615969
0.00616768
0.00617152
0.00616856
0.00615542
0.0061279
0.00608101
0.0060091
0.00590631
0.00576739
0.00558902
0.00537228
0.00512679
0.00487777
0.00467725
0.00462002
0.00486161
0.00562964
0.00721326
0.00991605
0.0139606
0.0193724
0.025909
0.0330711
0.0402059
0.0466639
0.0519483
0.0558024
0.0582174
0.0593764
0.0595691
0.0591121
0.0582964
0.0573689
0.056545
0.0560389
0.0561071
0.057084
0.059396
0.0635311
0.069937
0.0788236
0.0898856
0.102042
0.113414
0.121913
0.126223
0.126519
0.124219
0.12104
0.118195
0.116177
0.114978
0.11438
0.114152
0.114121
0.114181
0.114279
0.114391
0.114518
0.114669
0.114855
0.115089
0.115374
0.115706
0.116059
0.116388
0.116619
0.116649
0.116342
0.115544
0.114091
0.11185
0.108758
0.104872
0.100404
0.0957135
0.0912564
0.0874807
0.0847016
0.0830333
0.0823836
0.0825107
0.0831113
0.0839025
0.084675
0.0853092
0.0857647
0.0860565
0.0862297
0.0863409
0.0864462
0.0865959
0.0868305
0.0871778
0.0876467
0.0882211
0.0888514
0.0894488
0.0898856
0.0900102
0.0896864
0.0888633
0.0876316
0.086213
0.0848663
0.0837772
0.0830093
0.0825283
0.0822564
0.0821156
0.0820474
0.0820151
0.0819991
0.081991
0.0819895
0.0819971
0.0820186
0.0820599
0.0821279
0.082229
0.0823684
0.0825487
0.0827664
0.0830087
0.0832482
0.0834376
0.0835059
0.08336
0.0828959
0.0820207
0.0806859
0.0789192
0.0768421
0.0746585
0.0726108
0.0709106
0.0696868
0.0689643
0.0686761
0.068701
0.0689053
0.0691761
0.0694373
0.0696516
0.0698123
0.0699324
0.070035
0.0701463
0.0702902
0.0704858
0.0707435
0.0710609
0.0714175
0.0717675
0.0720322
0.072097
0.0718199
0.07107
0.0698035
0.0681286
0.0662966
0.064595
0.0632229
0.0622389
0.0615926
0.0611892
0.0609382
0.0607747
0.06066
0.0605743
0.0605102
0.0604668
0.0604469
0.0604552
0.0604978
0.0605811
0.060712
0.0608966
0.061139
0.0614389
0.0617888
0.0621692
0.0625439
0.0628554
0.0630216
0.0629393
0.062494
0.0615803
0.0601292
0.0581363
0.0556789
0.0529128
0.0500478
0.0473007
0.0448511
0.0428127
0.0412256
0.0400672
0.0392737
0.0387635
0.0384552
0.0382797
0.0381849
0.0381361
0.0381135
0.0381093
0.0381238
0.0381634
0.038238
0.0383593
0.0385402
0.0387931
0.039128
0.0395512
0.0400634
0.0406583
0.0413222
0.0420352
0.0427737
0.0435131
0.0442317
0.0449127
0.00660543
0.00654897
0.00648784
0.00642498
0.00636328
0.00630558
0.0062544
0.0062116
0.00617818
0.00615424
0.00613911
0.00613165
0.00613046
0.00613413
0.00614134
0.00615082
0.00616134
0.0061715
0.00617961
0.00618348
0.00618029
0.00616644
0.0061375
0.00608824
0.00601288
0.00590552
0.0057609
0.0055758
0.00535117
0.0050959
0.00483321
0.00461105
0.00451729
0.00469794
0.00537095
0.0068213
0.00936132
0.013245
0.0185457
0.0250704
0.0323491
0.0397224
0.046499
0.0521206
0.0562724
0.0589086
0.0602036
0.0604627
0.0600317
0.059234
0.0583449
0.0575992
0.0572198
0.0574583
0.0586263
0.0611048
0.0653094
0.0715931
0.0800746
0.0904176
0.101653
0.112185
0.12029
0.124847
0.125868
0.124376
0.121756
0.11912
0.117048
0.115669
0.114871
0.114475
0.114324
0.114307
0.11436
0.114453
0.114577
0.114737
0.11494
0.115195
0.115502
0.115852
0.116218
0.11655
0.116773
0.116782
0.116445
0.115609
0.114119
0.111847
0.108731
0.104826
0.100334
0.0956055
0.0910878
0.0872377
0.0843903
0.082683
0.0820399
0.0822206
0.0829093
0.0838035
0.0846745
0.08539
0.0859049
0.0862353
0.0864308
0.0865529
0.086661
0.0868065
0.0870292
0.0873544
0.0877888
0.0883145
0.0888833
0.0894126
0.0897882
0.0898797
0.0895741
0.0888316
0.0877252
0.0864318
0.085165
0.0840919
0.0832884
0.0827467
0.0824124
0.0822202
0.0821151
0.0820591
0.0820295
0.0820152
0.0820123
0.082022
0.0820479
0.0820955
0.0821712
0.082281
0.08243
0.08262
0.0828468
0.0830968
0.0833416
0.0835331
0.0836
0.0834501
0.0829804
0.0820992
0.0807574
0.0789795
0.0768821
0.0746645
0.0725715
0.0708234
0.0695619
0.0688223
0.0685422
0.0685972
0.0688452
0.0691632
0.0694674
0.069716
0.0699011
0.0700366
0.0701473
0.0702605
0.0704007
0.0705863
0.0708265
0.0711174
0.0714372
0.0717406
0.0719539
0.0719738
0.0716798
0.0709654
0.0697994
0.0682708
0.0665806
0.0649661
0.0636076
0.0625799
0.0618639
0.0613911
0.0610848
0.0608832
0.0607448
0.0606463
0.0605764
0.060532
0.0605142
0.0605268
0.0605753
0.060666
0.0608054
0.0609993
0.0612511
0.06156
0.0619173
0.0623026
0.062679
0.0629887
0.0631507
0.0630635
0.0626149
0.0617006
0.0602503
0.0582547
0.0557842
0.0529891
0.050078
0.0472751
0.044771
0.0426905
0.0410811
0.0399217
0.0391455
0.0386643
0.0383898
0.0382467
0.0381787
0.0381489
0.0381368
0.0381349
0.0381444
0.0381725
0.0382296
0.0383279
0.0384802
0.0386985
0.038993
0.0393701
0.0398314
0.0403727
0.0409832
0.0416468
0.0423431
0.0430507
0.0437492
0.0444218
0.00659901
0.00654591
0.00648812
0.00642873
0.00637058
0.00631623
0.00626793
0.00622728
0.00619516
0.0061717
0.0061564
0.00614832
0.00614627
0.00614904
0.00615542
0.00616423
0.00617419
0.00618386
0.00619141
0.00619449
0.0061901
0.00617442
0.00614282
0.00608995
0.00600997
0.00589706
0.00574616
0.00555425
0.00532229
0.00505858
0.00478448
0.00454394
0.00441784
0.00454218
0.00512376
0.0064403
0.00880792
0.012506
0.0176538
0.0241117
0.0314502
0.0390186
0.0460968
0.0520706
0.0565634
0.0594828
0.0609822
0.0613719
0.0610206
0.060282
0.0594599
0.0588101
0.0585652
0.0589714
0.0603162
0.0629336
0.0671685
0.0732883
0.0813389
0.0909739
0.101336
0.11108
0.118784
0.123491
0.125105
0.124347
0.122308
0.11997
0.117941
0.11645
0.115486
0.114929
0.11465
0.114543
0.114541
0.114605
0.114721
0.114884
0.115099
0.115369
0.115691
0.116051
0.116418
0.116739
0.116938
0.116911
0.116528
0.115642
0.114105
0.111794
0.108653
0.104732
0.100225
0.0954694
0.0909043
0.0869881
0.0840731
0.0823192
0.0816689
0.0818885
0.0826545
0.0836472
0.084619
0.0854231
0.0860071
0.0863864
0.0866139
0.0867547
0.0868717
0.0870171
0.08723
0.0875339
0.0879333
0.0884098
0.0889172
0.0893801
0.0896981
0.08976
0.0894723
0.0888033
0.087811
0.0866361
0.0854535
0.0844108
0.0835886
0.0829988
0.0826076
0.0823637
0.0822185
0.0821346
0.0820879
0.0820645
0.0820586
0.0820694
0.0820996
0.0821537
0.0822374
0.0823563
0.0825146
0.0827133
0.0829474
0.0832022
0.0834482
0.0836367
0.0836967
0.083537
0.0830564
0.0821652
0.0808146
0.0790266
0.0769126
0.0746667
0.0725332
0.0707392
0.0694376
0.0686751
0.0683956
0.0684741
0.0687616
0.0691261
0.0694753
0.069762
0.069976
0.0701316
0.0702544
0.0703725
0.0705107
0.070687
0.0709093
0.0711724
0.0714542
0.071711
0.0718749
0.0718547
0.0715487
0.070871
0.069799
0.0684052
0.0668503
0.065329
0.0640013
0.0629493
0.0621774
0.061641
0.0612788
0.0610349
0.0608683
0.0607528
0.0606745
0.0606274
0.0606109
0.0606278
0.0606825
0.060781
0.0609292
0.0611321
0.0613927
0.0617088
0.0620708
0.0624571
0.0628303
0.0631324
0.0632838
0.063185
0.0627268
0.0618068
0.0603543
0.058356
0.0558761
0.0530593
0.0501117
0.0472626
0.0447118
0.0425943
0.0409649
0.0398051
0.0390454
0.0385921
0.0383505
0.0382396
0.038199
0.0381897
0.0381905
0.0381941
0.0382024
0.0382232
0.0382676
0.0383479
0.0384768
0.0386661
0.0389254
0.0392615
0.0396766
0.040168
0.0407273
0.0413414
0.0419932
0.0426641
0.0433354
0.0439908
0.00659522
0.00654662
0.00649284
0.00643725
0.00638265
0.00633149
0.00628577
0.00624695
0.00621584
0.00619263
0.00617695
0.00616807
0.006165
0.00616667
0.00617198
0.00617977
0.00618873
0.00619731
0.00620355
0.00620494
0.00619825
0.0061795
0.00614393
0.00608612
0.00600031
0.00588088
0.00572308
0.00552422
0.0052854
0.00501445
0.00473099
0.00447511
0.00432081
0.00439383
0.00488871
0.00607322
0.00826319
0.0117566
0.0167154
0.0230557
0.0303977
0.0381141
0.04547
0.0518036
0.0566759
0.0599389
0.061713
0.0623017
0.0620883
0.0614526
0.0607262
0.0601864
0.0600765
0.0606374
0.0621325
0.0648499
0.0690689
0.0749835
0.0825843
0.0915299
0.10107
0.110078
0.117379
0.122157
0.124248
0.124142
0.122682
0.120707
0.118809
0.117285
0.116203
0.115508
0.115105
0.114903
0.114837
0.114863
0.11496
0.115119
0.115339
0.115615
0.115942
0.1163
0.116654
0.116949
0.117109
0.11703
0.116587
0.115638
0.114044
0.111689
0.108519
0.104585
0.10007
0.095299
0.0906993
0.0867261
0.0837455
0.0819384
0.081268
0.0815118
0.0823436
0.0834297
0.0845042
0.0854042
0.0860675
0.0865064
0.0867751
0.0869421
0.087073
0.0872214
0.0874262
0.0877092
0.0880737
0.0885012
0.088949
0.0893491
0.0896142
0.0896503
0.0893803
0.0887783
0.0878898
0.0868262
0.08573
0.0847292
0.0839042
0.08328
0.0828402
0.0825476
0.0823612
0.0822467
0.0821794
0.0821441
0.0821329
0.0821435
0.0821771
0.0822373
0.0823287
0.0824561
0.0826227
0.0828287
0.0830678
0.0833241
0.0835671
0.0837477
0.0837951
0.0836196
0.0831227
0.0822173
0.0808556
0.0790578
0.0769304
0.0746618
0.0724926
0.070655
0.0693115
0.0685204
0.068234
0.0683287
0.0686511
0.0690607
0.0694566
0.0697851
0.0700328
0.0702127
0.070351
0.0704766
0.0706145
0.0707819
0.070986
0.0712209
0.0714648
0.0716766
0.0717946
0.0717396
0.0714265
0.0707861
0.0698018
0.0685324
0.0671058
0.0656814
0.0643985
0.0633404
0.0625281
0.061937
0.0615214
0.0612337
0.0610352
0.0608991
0.060809
0.0607569
0.0607404
0.0607607
0.0608214
0.0609275
0.0610841
0.0612954
0.0615633
0.0618845
0.0622481
0.0626314
0.0629963
0.0632852
0.0634196
0.0633029
0.0628289
0.061898
0.0604396
0.0584379
0.0559514
0.0531189
0.0501431
0.0472561
0.0446654
0.0425154
0.0408678
0.0397073
0.0389628
0.0385359
0.038326
0.0382469
0.0382343
0.038247
0.0382631
0.0382752
0.0382859
0.0383036
0.0383396
0.0384066
0.038517
0.0386822
0.0389117
0.039212
0.0395859
0.0400317
0.0405432
0.0411096
0.0417167
0.0423482
0.0429876
0.0436194
0.00659242
0.00654961
0.0065007
0.00644936
0.00639849
0.00635048
0.00630723
0.0062701
0.00623988
0.00621682
0.00620071
0.00619097
0.00618678
0.0061872
0.00619119
0.00619759
0.00620503
0.00621185
0.00621592
0.00621457
0.00620439
0.00618126
0.00614035
0.00607628
0.00598346
0.00585656
0.0056913
0.0054854
0.00524017
0.00496309
0.00467217
0.00440383
0.00422539
0.00425229
0.00466607
0.00572242
0.00773301
0.011008
0.0157479
0.0219242
0.0292142
0.0370272
0.0446285
0.0513193
0.0566003
0.0602617
0.0623789
0.063236
0.0632213
0.0627348
0.0621335
0.0617163
0.0617374
0.0624337
0.0640458
0.0668193
0.0709757
0.0766481
0.0837874
0.0920679
0.100839
0.109162
0.116063
0.120846
0.123311
0.123773
0.12287
0.121298
0.119608
0.118127
0.116986
0.116189
0.115678
0.115384
0.115249
0.115229
0.115299
0.115445
0.115658
0.115931
0.116249
0.116591
0.116917
0.117172
0.117276
0.11713
0.116614
0.115592
0.113932
0.111526
0.108327
0.104381
0.0998649
0.0950888
0.0904668
0.0864465
0.0834037
0.0815384
0.080836
0.0810894
0.0819746
0.0831479
0.0843259
0.0853286
0.0860814
0.0865907
0.0869101
0.0871106
0.0872602
0.0874144
0.0876121
0.0878747
0.0882049
0.0885851
0.0889762
0.0893181
0.0895357
0.0895499
0.0892973
0.0887563
0.0879621
0.0870025
0.085993
0.0850431
0.0842292
0.0835847
0.0831067
0.0827708
0.0825448
0.0823985
0.0823083
0.0822584
0.0822397
0.0822481
0.0822837
0.0823487
0.0824468
0.0825815
0.082755
0.0829661
0.0832074
0.0834616
0.0836973
0.0838646
0.0838936
0.0836965
0.0831778
0.0822538
0.0808784
0.0790708
0.0769328
0.0746463
0.0724464
0.070568
0.0691816
0.0683569
0.068056
0.0681595
0.0685115
0.0689643
0.069408
0.0697816
0.0700671
0.0702756
0.0704329
0.0705684
0.0707071
0.0708663
0.0710525
0.0712596
0.0714668
0.0716361
0.0717128
0.0716287
0.0713129
0.07071
0.0698076
0.0686527
0.0673473
0.0660212
0.064794
0.0637462
0.0629093
0.0622749
0.0618115
0.061481
0.061249
0.0610892
0.0609844
0.0609248
0.0609063
0.0609286
0.0609942
0.061107
0.061271
0.0614893
0.0617625
0.0620861
0.0624478
0.0628239
0.0631755
0.0634454
0.0635567
0.0634158
0.0629199
0.0619727
0.060505
0.0584987
0.0560077
0.0531645
0.0501678
0.0472503
0.0446261
0.0424474
0.0407831
0.0396213
0.0388902
0.0384879
0.0383084
0.0382606
0.0382767
0.038313
0.0383466
0.0383703
0.0383869
0.0384052
0.0384369
0.0384948
0.038591
0.0387368
0.0389412
0.0392106
0.0395482
0.0399532
0.0404207
0.0409421
0.0415055
0.042097
0.0427019
0.0433057
0.00658846
0.00655302
0.00651007
0.00646364
0.00641687
0.00637219
0.00633147
0.00629605
0.00626674
0.00624387
0.00622735
0.00621674
0.00621136
0.00621036
0.00621274
0.0062173
0.00622262
0.00622688
0.00622783
0.0062226
0.00620766
0.0061788
0.00613118
0.00605956
0.00595862
0.00582346
0.00565028
0.00543733
0.00518621
0.00490407
0.00460748
0.0043294
0.00413074
0.00411681
0.00445574
0.00538952
0.00722213
0.0102702
0.0147671
0.020738
0.0279221
0.0357766
0.0435823
0.0506156
0.0563223
0.060427
0.06295
0.0641435
0.0643892
0.0640999
0.0636544
0.0633719
0.0635186
0.0643286
0.0660221
0.0688079
0.0728583
0.0782579
0.0849317
0.0925761
0.100631
0.108315
0.114823
0.119561
0.122309
0.123255
0.122872
0.121722
0.120297
0.118931
0.117793
0.116937
0.116345
0.115971
0.115769
0.115699
0.115735
0.115856
0.116052
0.116307
0.116604
0.116914
0.117198
0.117395
0.11743
0.117203
0.116601
0.115495
0.113762
0.111301
0.10807
0.104115
0.0996043
0.0948333
0.0902011
0.0861443
0.0830441
0.0811173
0.0803724
0.0806209
0.0815464
0.0827991
0.0840801
0.0851913
0.0860432
0.0866338
0.0870138
0.0872552
0.0874286
0.0875913
0.0877835
0.0880267
0.0883238
0.088659
0.0889973
0.0892864
0.089462
0.0894582
0.0892227
0.0887372
0.0880286
0.0871656
0.0862415
0.0853489
0.084558
0.0839066
0.0834019
0.0830304
0.0827684
0.082591
0.0824769
0.0824106
0.0823821
0.0823864
0.0824221
0.0824902
0.0825932
0.0827334
0.0829116
0.0831252
0.0833654
0.0836135
0.083837
0.0839857
0.0839904
0.0837657
0.0832196
0.0822724
0.0808807
0.079063
0.0769167
0.0746169
0.0723916
0.0704757
0.0690461
0.0681835
0.067861
0.0679656
0.0683412
0.0688342
0.0693261
0.0697477
0.0700751
0.0703162
0.0704961
0.0706438
0.0707849
0.0709367
0.0711057
0.0712862
0.0714588
0.0715893
0.0716297
0.071522
0.0712077
0.0706421
0.0698159
0.0687666
0.0675752
0.0663469
0.0651837
0.0641602
0.063314
0.0626488
0.0621456
0.0617759
0.0615107
0.0613258
0.061204
0.0611345
0.0611118
0.0611343
0.0612031
0.0613209
0.0614905
0.0617137
0.0619897
0.0623125
0.0626684
0.0630326
0.0633657
0.0636109
0.0636931
0.0635217
0.0629981
0.0620297
0.0605491
0.0585371
0.0560429
0.0531933
0.0501824
0.0472413
0.0445892
0.0423854
0.0407057
0.0395418
0.0388225
0.0384426
0.0382921
0.0382751
0.0383204
0.0383818
0.0384355
0.0384737
0.0384995
0.0385219
0.0385529
0.0386054
0.0386914
0.0388218
0.0390055
0.0392486
0.0395545
0.0399231
0.0403507
0.0408303
0.041352
0.0419039
0.0424731
0.0430464
0.00658061
0.00655444
0.00651883
0.00647829
0.00643624
0.00639528
0.00635735
0.00632382
0.00629557
0.00627301
0.00625615
0.00624468
0.00623802
0.00623539
0.00623579
0.006238
0.00624049
0.00624131
0.00623807
0.00622775
0.00620674
0.00617079
0.00611516
0.00603481
0.00592479
0.0057807
0.00559934
0.00537949
0.00512307
0.00483697
0.00453643
0.00425119
0.00403607
0.00398658
0.00425735
0.00507544
0.00673421
0.00955178
0.0137875
0.019517
0.0265438
0.0343826
0.0423433
0.0496917
0.0558267
0.060407
0.0633896
0.0649827
0.0655496
0.0655067
0.0652492
0.065115
0.0653824
0.0662846
0.0680259
0.0707836
0.0746907
0.0797951
0.0860061
0.0930463
0.100436
0.107527
0.113651
0.1183
0.121253
0.122604
0.122692
0.121964
0.120844
0.119649
0.118576
0.11771
0.11707
0.116636
0.116375
0.116255
0.11625
0.116339
0.116505
0.11673
0.11699
0.117255
0.11748
0.117606
0.117556
0.117237
0.116538
0.115341
0.113528
0.111009
0.107745
0.103783
0.0992833
0.0945271
0.0898965
0.0858148
0.0826633
0.0806737
0.079877
0.0801069
0.0810588
0.0823814
0.0837629
0.0849868
0.0859468
0.0866294
0.0870802
0.0873707
0.0875734
0.0877481
0.0879368
0.0881621
0.0884282
0.0887216
0.0890117
0.0892536
0.0893928
0.0893746
0.0891558
0.0887207
0.0880896
0.087316
0.0864749
0.0856437
0.0848855
0.0842393
0.0837194
0.0833211
0.0830287
0.0828229
0.0826853
0.0826016
0.0825617
0.08256
0.0825937
0.0826629
0.0827686
0.0829117
0.0830918
0.0833048
0.0835401
0.0837778
0.0839841
0.0841086
0.0840832
0.0838248
0.0832458
0.0822709
0.08086
0.0790317
0.0768793
0.0745704
0.0723251
0.0703756
0.0689036
0.0679997
0.0676489
0.0677468
0.0681393
0.0686686
0.0692082
0.0696801
0.070053
0.0703309
0.0705368
0.0706995
0.0708449
0.0709906
0.0711436
0.0712994
0.0714403
0.0715363
0.0715457
0.0714199
0.0711104
0.0705817
0.0698265
0.0688743
0.0677896
0.0666575
0.0655637
0.0645761
0.0637347
0.0630516
0.0625184
0.0621153
0.0618192
0.0616093
0.0614692
0.0613879
0.0613588
0.0613794
0.0614493
0.0615699
0.0617426
0.061968
0.0622435
0.0625617
0.0629076
0.0632551
0.0635643
0.0637791
0.0638262
0.0636185
0.0630617
0.0620673
0.0605705
0.0585515
0.0560556
0.0532035
0.050184
0.0472257
0.0445512
0.0423259
0.0406318
0.0394652
0.0387556
0.0383961
0.0382729
0.0382862
0.0383611
0.0384492
0.0385252
0.0385808
0.0386189
0.0386487
0.0386825
0.0387331
0.0388124
0.0389311
0.0390978
0.0393187
0.0395971
0.0399334
0.040325
0.0407662
0.0412487
0.0417624
0.0422958
0.0428371
0.0065655
0.00655081
0.00652431
0.00649096
0.00645456
0.00641798
0.0063833
0.006352
0.00632507
0.00630299
0.0062859
0.00627358
0.00626553
0.006261
0.006259
0.00625823
0.00625708
0.00625349
0.00624493
0.00622829
0.0061999
0.00615557
0.00609071
0.00600061
0.00588075
0.00572731
0.0055377
0.00531128
0.00505029
0.00476139
0.00445858
0.00416862
0.00394064
0.00386076
0.00407026
0.00478053
0.00627181
0.00885969
0.0128218
0.0182803
0.0251023
0.032867
0.0409264
0.0485501
0.0551005
0.0601737
0.0636581
0.065707
0.066653
0.0669059
0.0668705
0.0669006
0.0672864
0.0682628
0.0700221
0.0727177
0.0764519
0.0812464
0.0870034
0.0934733
0.100248
0.106786
0.112536
0.117065
0.120154
0.121834
0.12234
0.122017
0.121221
0.120244
0.119286
0.118459
0.117809
0.117339
0.117033
0.116868
0.116821
0.116871
0.116997
0.117179
0.117389
0.117593
0.117746
0.117787
0.117642
0.11722
0.116417
0.11512
0.113224
0.110643
0.107346
0.10338
0.0988971
0.094165
0.0895476
0.0854532
0.0822578
0.080206
0.0793504
0.0795486
0.0805125
0.0818938
0.0833709
0.0847098
0.0857856
0.0865707
0.0871028
0.0874513
0.0876899
0.087881
0.0880691
0.088279
0.0885169
0.0887723
0.0890192
0.0892195
0.0893277
0.0892984
0.0890958
0.0887066
0.0881456
0.0874544
0.0866928
0.0859252
0.0852071
0.0845767
0.0840526
0.083637
0.0833211
0.0830908
0.0829315
0.0828306
0.0827784
0.0827689
0.0827987
0.0828666
0.0829724
0.0831157
0.0832945
0.0835031
0.0837295
0.0839519
0.0841358
0.0842304
0.0841687
0.0838708
0.0832534
0.0822464
0.0808136
0.0789741
0.0768173
0.0745034
0.0722439
0.0702653
0.0687524
0.0678049
0.0674199
0.0675032
0.0679053
0.0684661
0.0690519
0.0695754
0.0699974
0.0703161
0.0705518
0.0707326
0.0708846
0.0710261
0.0711653
0.0712987
0.0714115
0.0714775
0.0714613
0.0713222
0.0710208
0.0705282
0.0698389
0.0689762
0.067991
0.0669521
0.0659312
0.0649886
0.0641641
0.0634757
0.0629228
0.0624936
0.0621709
0.0619376
0.0617791
0.0616848
0.0616477
0.0616641
0.0617326
0.0618534
0.0620263
0.0622505
0.0625219
0.0628314
0.0631626
0.0634883
0.0637683
0.0639469
0.0639532
0.0637035
0.0631084
0.0620839
0.0605681
0.058541
0.0560446
0.0531935
0.0501708
0.0472011
0.0445094
0.0422658
0.0405586
0.0393884
0.0386867
0.0383455
0.0382479
0.0382906
0.0383954
0.0385115
0.0386119
0.0386876
0.0387411
0.0387816
0.0388214
0.0388732
0.0389491
0.0390594
0.0392126
0.0394148
0.0396695
0.0399775
0.0403368
0.0407429
0.0411889
0.0416661
0.0421644
0.0426733
0.00653909
0.00653838
0.00652307
0.00649857
0.0064691
0.00643784
0.00640711
0.00637857
0.00635333
0.006332
0.00631482
0.00630164
0.00629204
0.00628529
0.00628038
0.00627595
0.00627029
0.00626126
0.00624622
0.00622203
0.00618502
0.00613113
0.00605602
0.00595536
0.00582516
0.00566221
0.00546455
0.00523211
0.00496742
0.00467695
0.00437354
0.00408119
0.00384375
0.00373848
0.00389367
0.0045047
0.00583682
0.00819929
0.0118812
0.0170452
0.0236202
0.0312537
0.0393505
0.0471983
0.054136
0.0597029
0.063717
0.0662682
0.0676465
0.0682438
0.0684668
0.0686805
0.0691868
0.0702244
0.0719784
0.0745853
0.0781254
0.082603
0.0879199
0.0938541
0.100059
0.106085
0.111474
0.115856
0.119023
0.120962
0.121828
0.121882
0.121414
0.120682
0.119882
0.119137
0.118514
0.118036
0.117703
0.117502
0.117414
0.117421
0.1175
0.117628
0.117777
0.117909
0.117977
0.117923
0.117672
0.117139
0.116225
0.114825
0.112841
0.110198
0.106868
0.102901
0.0984407
0.0937419
0.0891492
0.0850542
0.081824
0.0797125
0.0787928
0.0789475
0.0799088
0.081336
0.0829015
0.0843551
0.0855528
0.0864501
0.0870745
0.0874909
0.0877732
0.0879865
0.0881782
0.088376
0.0885894
0.0888111
0.08902
0.0891845
0.0892666
0.0892291
0.0890423
0.0886947
0.088197
0.0875813
0.0868952
0.0861917
0.0855189
0.084913
0.0843947
0.0839711
0.0836391
0.0833896
0.0832116
0.0830946
0.0830299
0.0830116
0.0830356
0.0830999
0.083203
0.0833434
0.0835174
0.0837177
0.0839306
0.0841329
0.0842888
0.0843476
0.0842435
0.0839001
0.083239
0.0821957
0.0807383
0.078887
0.0767277
0.0744129
0.0721446
0.0701419
0.0685908
0.0675986
0.0671743
0.0672354
0.0676394
0.0682259
0.0688551
0.0694308
0.0699046
0.0702681
0.0705378
0.0707404
0.070902
0.0710421
0.07117
0.0712843
0.0713728
0.0714136
0.071377
0.0712293
0.0709383
0.070481
0.0698529
0.0690724
0.0681797
0.0672303
0.0662837
0.0653927
0.0645956
0.0639132
0.0633512
0.062904
0.0625602
0.0623066
0.0621308
0.0620231
0.0619766
0.0619868
0.0620516
0.0621696
0.0623396
0.0625589
0.0628221
0.0631185
0.0634301
0.0637288
0.0639739
0.0641107
0.0640706
0.0637739
0.0631358
0.0620775
0.0605402
0.0585045
0.0560088
0.0531621
0.050141
0.0471658
0.0444617
0.0422031
0.0404838
0.0393095
0.0386138
0.0382885
0.0382146
0.0382857
0.0384205
0.0385656
0.0386923
0.0387906
0.0388624
0.0389166
0.0389655
0.0390216
0.0390971
0.0392021
0.039345
0.0395318
0.0397662
0.0400493
0.0403798
0.040754
0.0411662
0.0416089
0.0420734
0.0425503
0.00649678
0.00651269
0.00651093
0.00649726
0.00647631
0.00645162
0.0064258
0.00640074
0.00637771
0.00635748
0.00634038
0.00632636
0.00631504
0.00630571
0.00629733
0.0062885
0.00627744
0.00626193
0.0062393
0.00620639
0.00615966
0.00609523
0.00600909
0.00589736
0.00575662
0.00558429
0.00537907
0.00514139
0.00487408
0.00458336
0.00428101
0.00398851
0.0037448
0.00361889
0.00372664
0.00424742
0.00543018
0.00757453
0.0109751
0.015828
0.0221197
0.0295677
0.037638
0.0456496
0.0529317
0.0589762
0.0635321
0.0666201
0.0684771
0.0694655
0.0699845
0.0704055
0.0710399
0.0721323
0.0738656
0.0763655
0.0796985
0.0838592
0.0887538
0.0941872
0.0998661
0.105416
0.110456
0.114671
0.117867
0.120001
0.12117
0.121563
0.121413
0.120941
0.120327
0.119701
0.119139
0.118681
0.118341
0.118116
0.117993
0.117955
0.117983
0.11805
0.118128
0.118178
0.118153
0.117994
0.117632
0.116982
0.115952
0.114446
0.112372
0.109666
0.106305
0.10234
0.0979091
0.0932526
0.0886961
0.0846129
0.0813582
0.0791917
0.0782047
0.0783056
0.0792497
0.0807086
0.0823528
0.0839183
0.0852417
0.0862601
0.0869877
0.0874828
0.0878181
0.0880607
0.0882615
0.088452
0.0886452
0.0888381
0.0890144
0.0891485
0.0892092
0.089166
0.0889945
0.0886847
0.0882441
0.0876974
0.0870822
0.086442
0.085818
0.0852432
0.0847392
0.0843163
0.0839758
0.083713
0.0835201
0.083389
0.0833124
0.0832846
0.0833013
0.0833598
0.0834577
0.0835919
0.0837574
0.0839452
0.08414
0.0843169
0.084439
0.0844558
0.0843033
0.0839085
0.0831986
0.082115
0.0806307
0.0787672
0.0766072
0.0742954
0.072024
0.0700028
0.068417
0.06738
0.0669124
0.0669444
0.0673422
0.0679476
0.0686164
0.0692436
0.0697714
0.0701837
0.0704919
0.0707205
0.0708956
0.0710376
0.0711576
0.0712564
0.0713249
0.0713454
0.0712932
0.0711408
0.0708624
0.0704393
0.0698681
0.0691631
0.0683561
0.0674918
0.0666195
0.0657847
0.065023
0.0643566
0.0637952
0.0633386
0.0629801
0.0627102
0.0625192
0.0623987
0.062342
0.0623445
0.0624031
0.0625155
0.062679
0.0628897
0.0631405
0.0634191
0.0637061
0.0639724
0.0641771
0.0642666
0.0641748
0.0638261
0.0631412
0.062046
0.0604856
0.0584409
0.0559474
0.0531084
0.0500935
0.0471183
0.0444064
0.042136
0.0404059
0.0392267
0.0385351
0.0382235
0.0381713
0.0382694
0.0384338
0.0386087
0.0387634
0.0388865
0.0389793
0.0390501
0.039111
0.0391744
0.0392523
0.0393549
0.0394904
0.0396649
0.0398821
0.0401436
0.0404485
0.0407938
0.0411749
0.0415853
0.0420175
0.0424631
0.00643358
0.00646871
0.00648298
0.00648234
0.00647178
0.00645519
0.0064355
0.00641484
0.00639472
0.00637604
0.00635927
0.00634444
0.00633124
0.00631896
0.00630656
0.00629261
0.00627528
0.00625232
0.00622108
0.00617848
0.00612114
0.00604545
0.0059478
0.00582484
0.00567372
0.00549251
0.00528051
0.00503864
0.00476993
0.0044804
0.00418078
0.00389024
0.00364326
0.0035012
0.00356817
0.00400782
0.00505204
0.006988
0.010111
0.0146426
0.0206217
0.0278346
0.0358143
0.043923
0.051494
0.0579833
0.0630763
0.0667215
0.0690943
0.0705168
0.0713707
0.0720266
0.0728032
0.073952
0.0756573
0.0780409
0.0811619
0.085012
0.0895051
0.0944721
0.0996654
0.104772
0.109477
0.11351
0.116694
0.118967
0.120381
0.121072
0.121219
0.121006
0.120597
0.120113
0.119641
0.119229
0.118903
0.118667
0.118516
0.118437
0.118411
0.118414
0.118416
0.118377
0.118252
0.117984
0.117504
0.116734
0.115587
0.113972
0.111809
0.109041
0.105651
0.101692
0.0972974
0.0926921
0.0881832
0.0841242
0.0808565
0.0786413
0.0775862
0.0776249
0.0785379
0.0800133
0.0817241
0.0833957
0.0848461
0.0859928
0.0868343
0.0874196
0.0878186
0.0880994
0.0883165
0.0885056
0.0886841
0.0888535
0.0890028
0.0891116
0.0891552
0.0891086
0.0889518
0.0886763
0.0882872
0.0878032
0.0872542
0.0866755
0.086102
0.0855632
0.0850804
0.0846659
0.0843241
0.0840538
0.0838504
0.0837079
0.0836206
0.0835832
0.0835916
0.0836425
0.0837324
0.0838573
0.0840106
0.0841816
0.0843532
0.0844991
0.0845815
0.08455
0.0843428
0.0838911
0.0831277
0.0820003
0.080487
0.0786112
0.0764525
0.0741476
0.0718785
0.069845
0.0682289
0.0671483
0.0666346
0.0666311
0.0670147
0.0676314
0.0683346
0.0690115
0.0695948
0.0700595
0.0704108
0.0706704
0.0708636
0.0710117
0.0711279
0.0712154
0.0712685
0.0712733
0.0712101
0.0710568
0.0707925
0.0704025
0.0698841
0.0692484
0.0685207
0.0677368
0.0669373
0.0661614
0.0654412
0.064799
0.0642472
0.0637892
0.0634225
0.0631411
0.0629379
0.0628057
0.0627387
0.0627323
0.0627827
0.0628866
0.0630404
0.0632386
0.0634726
0.0637286
0.0639858
0.0642142
0.064373
0.0644098
0.0642614
0.0638566
0.0631215
0.0619873
0.0604026
0.0583492
0.0558599
0.0530318
0.0500277
0.0470574
0.0443423
0.0420632
0.0403236
0.039139
0.0384497
0.0381492
0.0381164
0.03824
0.0384334
0.0386383
0.0388223
0.0389722
0.0390883
0.0391785
0.0392541
0.0393277
0.0394108
0.0395137
0.0396446
0.0398096
0.0400126
0.0402554
0.0405376
0.0408571
0.0412097
0.04159
0.0419916
0.042407
0.00634445
0.00640109
0.00643375
0.00644842
0.00645029
0.00644354
0.0064314
0.00641629
0.00639991
0.00638338
0.00636729
0.00635178
0.00633658
0.00632105
0.00630413
0.0062844
0.00626004
0.00622882
0.00618816
0.00613513
0.00606659
0.00597929
0.00587006
0.00573608
0.00557514
0.0053859
0.00516823
0.00492345
0.00465478
0.00436794
0.00407273
0.00378617
0.00353872
0.00338468
0.00341721
0.00378481
0.00470196
0.00644124
0.00929464
0.0135009
0.0191454
0.02608
0.0339074
0.0420425
0.0498366
0.0567228
0.0623308
0.0665382
0.0694528
0.0713468
0.0725739
0.0734964
0.0744359
0.0756508
0.0773301
0.0795965
0.0825085
0.0860596
0.0901747
0.0947091
0.0994542
0.10415
0.108533
0.112373
0.11551
0.117872
0.119478
0.120421
0.120836
0.120873
0.120672
0.120348
0.119986
0.119642
0.119347
0.119115
0.118945
0.118831
0.118753
0.118691
0.118613
0.118483
0.118255
0.117874
0.117275
0.116383
0.115117
0.113395
0.111144
0.108315
0.104901
0.100953
0.0966005
0.0920555
0.0876055
0.0835832
0.0803151
0.0780592
0.0769375
0.0769074
0.0777764
0.0792527
0.0810159
0.0827847
0.0843604
0.0856404
0.0866056
0.0872932
0.0877678
0.0880975
0.0883398
0.088535
0.0887053
0.0888573
0.088985
0.0890738
0.0891041
0.0890561
0.0889137
0.0886693
0.0883265
0.0878995
0.0874118
0.0868919
0.0863691
0.0858696
0.0854134
0.0850136
0.084677
0.0844049
0.0841954
0.0840447
0.0839483
0.0839018
0.0839012
0.0839428
0.0840225
0.0841349
0.0842721
0.0844218
0.084565
0.084674
0.0847103
0.0846243
0.0843564
0.0838422
0.0830209
0.0818468
0.0803032
0.0784153
0.0762599
0.073966
0.0717048
0.0696656
0.0680244
0.0669025
0.0663411
0.0662967
0.0666581
0.0672781
0.0680093
0.0687328
0.0693718
0.0698919
0.0702912
0.0705871
0.0708038
0.0709632
0.0710804
0.0711615
0.0712039
0.0711977
0.0711278
0.0709767
0.0707279
0.0703698
0.0699004
0.0693283
0.0686736
0.0679652
0.0672364
0.0665204
0.0658459
0.0652344
0.0646996
0.0642476
0.0638792
0.0635914
0.0633791
0.0632372
0.0631604
0.0631442
0.0631846
0.0632777
0.0634185
0.0636004
0.0638131
0.0640416
0.0642638
0.0644489
0.0645563
0.0645353
0.0643259
0.0638615
0.0630736
0.0618989
0.0602898
0.0582288
0.0557458
0.052932
0.049943
0.0469825
0.0442685
0.0419837
0.0402358
0.0390453
0.0383565
0.0380648
0.0380488
0.0381959
0.0384172
0.0386522
0.0388661
0.0390444
0.039186
0.039298
0.0393911
0.0394774
0.0395685
0.0396745
0.0398035
0.0399617
0.0401533
0.0403802
0.0406426
0.0409387
0.0412654
0.0416179
0.0419906
0.0423772
0.00622464
0.00630449
0.00635758
0.00638967
0.00640599
0.00641091
0.00640791
0.00639963
0.00638801
0.00637435
0.00635941
0.00634344
0.00632627
0.00630729
0.0062855
0.00625951
0.00622755
0.0061875
0.0061369
0.00607306
0.00599314
0.00589429
0.00577383
0.00562951
0.0054597
0.00526366
0.00504172
0.00479558
0.00452852
0.00424599
0.00395686
0.00367622
0.00343085
0.0032687
0.00327275
0.00357713
0.00437896
0.00593481
0.00852956
0.0124126
0.017708
0.0243283
0.0319465
0.0400368
0.0479809
0.0552028
0.0612873
0.0660453
0.0695144
0.0719091
0.0735456
0.0747688
0.0758983
0.0771974
0.0788616
0.0810189
0.0837321
0.087001
0.0907636
0.0948982
0.0992302
0.103544
0.107619
0.111259
0.114321
0.116728
0.118477
0.119626
0.120275
0.120542
0.120546
0.120388
0.120149
0.119888
0.11964
0.119424
0.119247
0.119103
0.118978
0.118851
0.118695
0.118473
0.118142
0.117648
0.116929
0.115915
0.114531
0.112703
0.110367
0.107482
0.104047
0.100116
0.0958135
0.0913379
0.086958
0.0829853
0.0797297
0.0774429
0.0762581
0.0761552
0.0769689
0.07843
0.0802298
0.082084
0.0837801
0.0851958
0.0862929
0.0870946
0.0876577
0.0880486
0.0883268
0.0885371
0.088707
0.0888484
0.0889607
0.0890345
0.0890554
0.0890079
0.0888793
0.0886633
0.0883622
0.0879867
0.0875553
0.087091
0.0866183
0.0861598
0.0857339
0.085354
0.085028
0.0847593
0.0845481
0.0843922
0.0842887
0.0842339
0.084224
0.0842551
0.0843222
0.0844191
0.0845362
0.0846597
0.084769
0.0848349
0.0848188
0.0846717
0.0843371
0.0837555
0.0828726
0.0816494
0.0800745
0.0781754
0.0760258
0.0737471
0.0714994
0.0694612
0.0678009
0.0666414
0.066032
0.0659423
0.0662741
0.0668887
0.0676406
0.0684061
0.0690997
0.0696774
0.0701293
0.0704675
0.0707138
0.0708904
0.0710143
0.0710942
0.071131
0.0711186
0.0710461
0.0709001
0.0706678
0.0703405
0.0699165
0.0694028
0.0688154
0.0681774
0.0675162
0.0668599
0.0662336
0.0656576
0.0651459
0.0647064
0.0643422
0.0640527
0.0638351
0.0636854
0.0635996
0.0635734
0.0636025
0.0636824
0.0638072
0.0639689
0.064156
0.0643521
0.0645339
0.0646703
0.0647211
0.0646376
0.0643632
0.0638364
0.0629943
0.0617787
0.0601457
0.0580787
0.0556046
0.0528087
0.0498392
0.0468929
0.0441842
0.0418967
0.0401418
0.0389451
0.038255
0.0379694
0.0379676
0.0381359
0.0383837
0.038648
0.0388923
0.0391001
0.039269
0.0394049
0.0395179
0.0396196
0.0397214
0.039833
0.0399628
0.0401169
0.0402997
0.0405134
0.0407586
0.0410341
0.0413372
0.0416641
0.04201
0.0423692
0.00607018
0.0061741
0.00624901
0.00630022
0.00633279
0.00635113
0.00635884
0.00635876
0.00635303
0.00634312
0.00632994
0.0063139
0.00629492
0.00627249
0.00624569
0.00621321
0.0061734
0.00612429
0.00606365
0.00598905
0.00589802
0.00578816
0.00565732
0.00550378
0.00532649
0.00512521
0.00490073
0.00465497
0.00439125
0.00411469
0.0038333
0.0035604
0.00331948
0.00315273
0.00313384
0.00338343
0.00408169
0.00546826
0.00781785
0.011385
0.0163239
0.0226021
0.0299605
0.0379372
0.0459544
0.0534404
0.0599478
0.065228
0.0692496
0.0721639
0.0742412
0.0758002
0.0771517
0.0785607
0.0802298
0.0822946
0.0848261
0.0878344
0.091272
0.0950393
0.0989913
0.10295
0.106731
0.110167
0.113131
0.115545
0.117392
0.118703
0.11955
0.120022
0.120217
0.120222
0.120112
0.119944
0.119755
0.119567
0.119391
0.119225
0.119058
0.118872
0.11864
0.118328
0.117895
0.117289
0.116451
0.115317
0.113818
0.111887
0.109469
0.106533
0.103083
0.0991765
0.0949314
0.0905348
0.0862363
0.0823259
0.079096
0.0767894
0.0755474
0.0753699
0.0761187
0.0775494
0.0793686
0.0812939
0.0831019
0.0846523
0.0858873
0.0868139
0.0874788
0.0879445
0.0882713
0.0885077
0.0886865
0.0888251
0.0889286
0.0889927
0.0890079
0.0889629
0.0888479
0.0886578
0.0883942
0.0880653
0.0876855
0.0872732
0.0868489
0.0864318
0.0860388
0.0856824
0.0853715
0.0851106
0.0849015
0.0847437
0.084635
0.0845728
0.0845535
0.0845727
0.0846251
0.0847032
0.0847962
0.0848884
0.0849578
0.0849742
0.0848987
0.0846841
0.0842771
0.0836237
0.0826761
0.0814023
0.0797962
0.0778872
0.0757463
0.0734873
0.071259
0.0692287
0.067556
0.0663633
0.065707
0.065569
0.0658644
0.0664649
0.0672291
0.0680305
0.0687763
0.0694127
0.0699211
0.0703073
0.07059
0.0707907
0.0709276
0.0710124
0.0710491
0.0710353
0.0709642
0.070826
0.0706113
0.0703136
0.0699319
0.0694718
0.0689462
0.0683736
0.0677766
0.0671786
0.0666018
0.0660644
0.0655804
0.0651586
0.0648038
0.0645171
0.0642975
0.0641426
0.0640488
0.0640125
0.0640292
0.0640937
0.0641995
0.0643374
0.0644945
0.0646532
0.0647894
0.0648717
0.0648609
0.0647107
0.0643682
0.0637771
0.06288
0.0616242
0.059969
0.0578982
0.0554361
0.0526619
0.049716
0.0467885
0.044089
0.0418017
0.0400412
0.0388379
0.0381447
0.0378627
0.0378722
0.0380592
0.0383313
0.038624
0.0388984
0.0391363
0.0393337
0.0394953
0.0396305
0.0397501
0.039865
0.0399849
0.040118
0.0402707
0.0404473
0.0406504
0.040881
0.0411383
0.0414204
0.0417239
0.0420448
0.0423783
0.00587825
0.00600605
0.00610332
0.00617468
0.00622484
0.00625804
0.0062779
0.00628735
0.00628865
0.00628345
0.00627281
0.00625726
0.00623686
0.00621123
0.00617957
0.00614071
0.00609319
0.00603524
0.0059649
0.00588009
0.00577876
0.00565895
0.00551905
0.00535788
0.00517488
0.00497029
0.00474521
0.00450176
0.00424321
0.00397433
0.00370231
0.00343886
0.00320453
0.00303635
0.00299959
0.00320234
0.00380851
0.00504042
0.00716027
0.0104231
0.015005
0.0209216
0.0279777
0.0357768
0.0437894
0.0514611
0.0583249
0.0640831
0.0686392
0.0720795
0.0746214
0.0765494
0.0781578
0.0797091
0.081411
0.0834082
0.0857824
0.0885563
0.0916986
0.095131
0.0987347
0.102363
0.105864
0.109096
0.111943
0.114334
0.116238
0.117669
0.118676
0.119324
0.119691
0.11985
0.119868
0.119797
0.119673
0.119523
0.119356
0.119176
0.118973
0.118732
0.118428
0.118029
0.117496
0.116781
0.115827
0.114576
0.112964
0.110935
0.108441
0.10546
0.102003
0.0981282
0.0939494
0.0896416
0.0854358
0.0816008
0.0784099
0.0760962
0.0748045
0.0745531
0.0752294
0.0766156
0.0784365
0.0804159
0.0823239
0.0840044
0.0853801
0.0864408
0.0872205
0.0877754
0.088165
0.0884403
0.0886389
0.088784
0.0888861
0.0889464
0.08896
0.0889196
0.0888182
0.0886521
0.0884224
0.0881355
0.0878027
0.0874388
0.0870606
0.0866845
0.0863254
0.0859952
0.0857026
0.0854531
0.0852494
0.0850922
0.0849803
0.0849115
0.0848825
0.0848887
0.084924
0.0849799
0.085044
0.0850993
0.0851224
0.0850824
0.0849408
0.0846523
0.0841676
0.0834385
0.0824241
0.0810993
0.079463
0.0775464
0.0754177
0.073183
0.0709803
0.0689648
0.0672869
0.0660666
0.0653657
0.0651774
0.0654307
0.0660087
0.066776
0.067606
0.0683996
0.0690943
0.0696623
0.0701021
0.0704281
0.0706602
0.0708175
0.0709138
0.0709564
0.0709465
0.0708807
0.070753
0.0705569
0.070288
0.0699457
0.069535
0.069066
0.068554
0.0680174
0.0674758
0.0669483
0.0664515
0.0659984
0.0655983
0.065257
0.0649771
0.0647588
0.0646006
0.0645001
0.0644537
0.0644569
0.0645042
0.0645881
0.0646983
0.0648209
0.0649372
0.0650224
0.0650455
0.0649686
0.064748
0.0643353
0.063679
0.0627276
0.0614331
0.0597581
0.0576869
0.0552404
0.0524918
0.0495738
0.0466692
0.0439828
0.0416983
0.0399335
0.0387233
0.0380253
0.0377443
0.0377621
0.0379647
0.0382589
0.0385781
0.0388819
0.0391499
0.0393767
0.0395655
0.0397246
0.0398643
0.0399947
0.0401255
0.0402646
0.0404183
0.0405913
0.0407865
0.041005
0.0412466
0.04151
0.0417923
0.0420903
0.0423998
0.00564761
0.00579792
0.00591702
0.0060087
0.0060771
0.00612612
0.00615923
0.00617933
0.00618876
0.00618925
0.00618199
0.00616767
0.00614648
0.00611819
0.00608218
0.00603748
0.00598282
0.00591673
0.00583757
0.00574366
0.00563334
0.00550518
0.00535803
0.00519122
0.00500466
0.00479894
0.00457544
0.00433636
0.00408488
0.00382539
0.0035643
0.00331188
0.00308606
0.00291928
0.00286924
0.0030325
0.00355759
0.00464956
0.00655642
0.00952959
0.0137601
0.0193038
0.0260239
0.0335885
0.0415217
0.0492969
0.0564409
0.0626185
0.0676752
0.0716333
0.0746534
0.0769787
0.0788795
0.0806098
0.0823794
0.0843413
0.0865892
0.0891598
0.0920392
0.0951695
0.0984561
0.10178
0.105016
0.108043
0.110761
0.1131
0.115027
0.11654
0.11767
0.118463
0.118979
0.119278
0.119417
0.11944
0.119386
0.119276
0.119126
0.118937
0.118704
0.118413
0.118042
0.11756
0.116931
0.116109
0.115042
0.113677
0.111958
0.109836
0.107273
0.104255
0.100799
0.0969657
0.092863
0.0886543
0.0845526
0.0808057
0.0776679
0.0753601
0.0740282
0.0737058
0.0743046
0.0756333
0.0774382
0.0794533
0.0814461
0.0832479
0.0847636
0.0859646
0.0868709
0.0875296
0.0879971
0.0883258
0.0885571
0.0887195
0.088829
0.0888922
0.088909
0.0888758
0.0887886
0.088645
0.0884462
0.0881973
0.0879072
0.0875879
0.0872531
0.0869167
0.0865918
0.0862891
0.086017
0.0857815
0.0855859
0.0854314
0.0853177
0.0852429
0.0852037
0.0851952
0.0852106
0.0852401
0.0852703
0.0852825
0.0852524
0.0851488
0.084934
0.0845656
0.0839987
0.0831911
0.0821089
0.0807338
0.0790694
0.0771483
0.0750359
0.0728307
0.0706597
0.0686663
0.0669909
0.0657492
0.0650073
0.0647684
0.0649747
0.065522
0.0662831
0.0671329
0.0679684
0.0687191
0.0693483
0.0698465
0.0702225
0.0704939
0.0706795
0.0707948
0.0708499
0.0708495
0.0707935
0.0706792
0.0705029
0.070262
0.0699569
0.0695916
0.0691748
0.0687188
0.0682386
0.0677509
0.0672718
0.066816
0.0663959
0.0660204
0.0656959
0.0654258
0.0652113
0.0650519
0.0649455
0.064889
0.0648777
0.0649056
0.0649645
0.0650431
0.0651265
0.0651953
0.0652245
0.0651835
0.0650365
0.0647429
0.0642585
0.0635374
0.0625334
0.0612032
0.0595121
0.0574442
0.0550173
0.0522985
0.0494126
0.0465351
0.0438653
0.0415865
0.0398185
0.0386011
0.0378968
0.037614
0.0376369
0.0378519
0.0381652
0.0385089
0.0388406
0.0391382
0.0393945
0.0396114
0.039796
0.0399575
0.0401057
0.0402497
0.0403972
0.0405546
0.0407267
0.0409164
0.0411254
0.0413538
0.0416008
0.0418642
0.0421413
0.0424285
0.00537879
0.00554905
0.00568834
0.00579949
0.00588592
0.00595103
0.00599798
0.00602953
0.00604796
0.00605505
0.00605209
0.00603987
0.00601874
0.00598866
0.00594918
0.00589957
0.00583885
0.00576585
0.00567929
0.00557788
0.00546045
0.00532599
0.00517384
0.00500376
0.00481606
0.00461162
0.00439199
0.00415942
0.00391692
0.00366848
0.00341981
0.00317986
0.00296425
0.00280138
0.00274214
0.00287266
0.00332704
0.0042935
0.00600481
0.00870547
0.0125956
0.0177627
0.0241223
0.031404
0.0391885
0.046985
0.0543265
0.0608529
0.066361
0.0708133
0.0743126
0.0770553
0.079281
0.0812286
0.0831055
0.0850709
0.0872296
0.0896333
0.0922853
0.0951478
0.0981486
0.101193
0.104179
0.107004
0.109583
0.11185
0.113769
0.11533
0.116548
0.117455
0.118095
0.118515
0.118762
0.118875
0.118888
0.118821
0.118689
0.118497
0.118238
0.117902
0.117467
0.116906
0.116183
0.115257
0.114082
0.112607
0.110786
0.108578
0.105955
0.10291
0.099466
0.0956839
0.0916677
0.0875689
0.0835831
0.0799373
0.0768662
0.0745781
0.0732169
0.0728287
0.0733473
0.0746078
0.0763795
0.0784104
0.0804698
0.0823803
0.0840309
0.0853751
0.0864171
0.0871933
0.0877545
0.0881523
0.0884309
0.0886231
0.0887504
0.0888246
0.0888503
0.0888279
0.0887561
0.0886344
0.0884642
0.0882499
0.0879987
0.0877204
0.0874261
0.0871277
0.0868362
0.0865614
0.0863111
0.0860912
0.0859052
0.0857548
0.08564
0.085559
0.0855085
0.085483
0.0854749
0.0854733
0.0854635
0.0854257
0.085335
0.0851602
0.0848657
0.0844118
0.0837591
0.0828714
0.081722
0.0802986
0.0786095
0.0766883
0.074597
0.072427
0.0702943
0.0683302
0.0666652
0.0654093
0.064631
0.0643422
0.0644981
0.0650074
0.0657525
0.0666123
0.067482
0.0682845
0.0689746
0.0695346
0.0699669
0.0702853
0.0705076
0.07065
0.070725
0.0707403
0.070699
0.0706014
0.0704465
0.0702335
0.0699636
0.0696407
0.0692719
0.0688675
0.0684399
0.0680031
0.0675707
0.0671559
0.0667695
0.0664204
0.0661149
0.0658569
0.0656482
0.0654888
0.0653771
0.0653101
0.0652829
0.065289
0.0653195
0.0653623
0.0654018
0.0654179
0.0653861
0.0652768
0.0650564
0.064688
0.0641321
0.0633478
0.0622943
0.0609324
0.0592297
0.0571698
0.0547672
0.0520825
0.0492329
0.0463864
0.0437368
0.041466
0.0396962
0.0384713
0.037759
0.0374718
0.0374964
0.0377205
0.0380496
0.0384149
0.0387724
0.0390983
0.0393837
0.039629
0.03984
0.0400249
0.0401928
0.0403521
0.0405104
0.040674
0.0408476
0.0410344
0.0412364
0.0414542
0.0416872
0.041934
0.0421922
0.042459
0.00507419
0.00526079
0.00541753
0.00554626
0.00564956
0.00573022
0.00579096
0.00583426
0.00586226
0.0058767
0.0058789
0.00586974
0.00584971
0.00581895
0.00577724
0.0057241
0.00565884
0.00558063
0.00548858
0.00538182
0.00525957
0.00512129
0.00496673
0.00479604
0.00460982
0.0044092
0.00419582
0.00397188
0.00374021
0.00350443
0.00326953
0.00304333
0.00283941
0.0026826
0.00261778
0.00272163
0.00311496
0.00396981
0.00550319
0.00795018
0.0115149
0.0163087
0.0222923
0.0292524
0.0368263
0.0445654
0.0520192
0.0588148
0.0647115
0.069619
0.0735837
0.0767527
0.0793293
0.0815307
0.0835566
0.0855685
0.0876805
0.0899584
0.0924223
0.0950536
0.097801
0.100592
0.103345
0.105975
0.108409
0.110587
0.112473
0.114051
0.115325
0.116315
0.117052
0.117573
0.117913
0.118106
0.118179
0.118154
0.118041
0.117846
0.117564
0.117185
0.116689
0.11605
0.115237
0.11421
0.112929
0.111351
0.109435
0.10715
0.104477
0.101416
0.0979962
0.0942776
0.0903595
0.0863821
0.082524
0.0789922
0.0760019
0.0737476
0.0723692
0.0719222
0.0723604
0.073544
0.0752667
0.077293
0.0793986
0.0814012
0.083177
0.0846626
0.0858462
0.0867515
0.0874214
0.0879047
0.0882465
0.0884829
0.0886402
0.0887351
0.0887769
0.08877
0.0887162
0.0886167
0.0884737
0.0882915
0.0880759
0.0878352
0.0875786
0.0873158
0.0870564
0.086809
0.0865807
0.086377
0.0862012
0.0860553
0.0859392
0.0858509
0.0857869
0.0857411
0.0857048
0.0856663
0.0856096
0.0855142
0.0853549
0.0851018
0.0847211
0.0841775
0.0834366
0.082469
0.0812544
0.0797866
0.0780776
0.0761615
0.0740973
0.0719686
0.0698809
0.0679537
0.0663071
0.0650446
0.0642354
0.063899
0.0640023
0.064467
0.0651866
0.0660461
0.0669405
0.0677885
0.0685371
0.0691604
0.0696538
0.0700265
0.0702937
0.0704719
0.0705749
0.0706129
0.0705918
0.070515
0.0703837
0.0701991
0.0699632
0.06968
0.0693558
0.0689992
0.0686205
0.0682315
0.0678438
0.0674687
0.067116
0.066794
0.0665086
0.066264
0.0660622
0.0659035
0.0657864
0.0657079
0.0656628
0.0656443
0.0656426
0.065645
0.0656356
0.0655941
0.0654966
0.0653154
0.0650195
0.0645759
0.0639499
0.0631057
0.0620072
0.0606189
0.0589101
0.0568637
0.0544903
0.0518443
0.0490352
0.0462234
0.0435973
0.0413369
0.0395664
0.0383339
0.0376121
0.0373178
0.0373407
0.03757
0.0379113
0.0382949
0.0386755
0.0390278
0.0393411
0.0396145
0.0398522
0.0400614
0.0402503
0.0404268
0.0405981
0.0407702
0.0409478
0.0411343
0.0413318
0.0415414
0.0417628
0.0419952
0.0422367
0.042485
0.00473803
0.0049365
0.00510701
0.00525044
0.00536853
0.00546336
0.00553712
0.0055919
0.00562961
0.00565186
0.00565994
0.00565479
0.00563702
0.00560692
0.0055645
0.00550954
0.00544166
0.00536038
0.00526517
0.00515555
0.00503115
0.00489183
0.0047377
0.00456921
0.00438721
0.00419297
0.00398817
0.00377494
0.00355587
0.00333419
0.00311429
0.00290294
0.00271195
0.00256305
0.00249578
0.0025784
0.00291953
0.0036759
0.00504875
0.00726187
0.0105192
0.014949
0.0205498
0.0271595
0.0344704
0.0420793
0.0495607
0.0565407
0.0627522
0.0680611
0.072462
0.0760525
0.0789957
0.081482
0.0836972
0.0858003
0.0879117
0.0901088
0.0924276
0.0948671
0.097396
0.0999619
0.102501
0.104945
0.107231
0.109309
0.111142
0.112711
0.114012
0.115057
0.115865
0.116463
0.116878
0.117137
0.117263
0.117272
0.117175
0.116976
0.11667
0.116248
0.115691
0.114977
0.114074
0.11295
0.111568
0.109892
0.10789
0.105539
0.102828
0.0997661
0.0963839
0.0927423
0.0889351
0.0850913
0.081373
0.077968
0.0750723
0.0728659
0.0714834
0.0709865
0.0713462
0.0724468
0.074106
0.0761077
0.0782374
0.080312
0.0821984
0.0838188
0.0851453
0.0861879
0.0869798
0.0875646
0.0879861
0.0882826
0.0884839
0.0886111
0.0886781
0.0886931
0.0886612
0.0885856
0.0884697
0.0883179
0.0881356
0.0879296
0.0877077
0.0874782
0.0872491
0.0870279
0.0868208
0.0866326
0.0864666
0.0863242
0.0862052
0.0861074
0.0860263
0.0859555
0.0858852
0.0858027
0.0856912
0.0855301
0.0852944
0.084956
0.084484
0.0838476
0.0830181
0.0819724
0.0806968
0.0791901
0.0774676
0.0755635
0.0735329
0.0714523
0.0694168
0.0675341
0.065914
0.064653
0.0638194
0.0634387
0.0634884
0.0639033
0.0645884
0.0654364
0.0663449
0.0672297
0.0680318
0.0687176
0.0692753
0.0697082
0.0700283
0.0702509
0.0703904
0.0704587
0.0704644
0.0704131
0.0703086
0.0701537
0.0699515
0.0697063
0.0694239
0.0691116
0.0687784
0.0684341
0.0680885
0.0677515
0.0674318
0.0671365
0.0668715
0.0666405
0.0664457
0.0662873
0.0661638
0.066072
0.0660065
0.0659597
0.0659215
0.0658788
0.0658154
0.0657116
0.0655446
0.0652889
0.0649167
0.0643991
0.0637061
0.0628067
0.0616691
0.060261
0.0585526
0.0565258
0.054187
0.0515846
0.0488201
0.0460466
0.0434471
0.0411993
0.0394293
0.038189
0.0374561
0.0371521
0.0371699
0.0374004
0.0377499
0.038148
0.0385483
0.0389243
0.0392636
0.0395638
0.0398278
0.0400617
0.0402726
0.0404677
0.0406537
0.0408364
0.0410202
0.0412087
0.0414043
0.0416081
0.0418204
0.0420406
0.0422675
0.0424994
0.00437609
0.00458141
0.0047613
0.00491577
0.00504574
0.00515257
0.00523785
0.00530323
0.00535029
0.00538046
0.00539493
0.00539464
0.00538029
0.00535229
0.00531087
0.00525605
0.00518776
0.00510581
0.00501005
0.00490034
0.00477669
0.00463927
0.0044885
0.00432507
0.00415001
0.00396465
0.00377067
0.00357006
0.00336518
0.0031589
0.00295504
0.00275945
0.00258241
0.00244292
0.00237591
0.00244208
0.00273902
0.00340918
0.0046383
0.00663771
0.00960779
0.0136879
0.0189065
0.0251468
0.0321524
0.0395668
0.0469954
0.054073
0.0605178
0.0661616
0.0709541
0.0749458
0.0782583
0.0810508
0.0834902
0.0857277
0.0878856
0.0900496
0.0922692
0.0945595
0.0969073
0.0992782
0.101625
0.103895
0.106038
0.108008
0.109772
0.111311
0.112614
0.113687
0.114541
0.115193
0.115663
0.115973
0.116138
0.116173
0.116085
0.115876
0.115543
0.115076
0.114457
0.113666
0.112675
0.111456
0.109978
0.108213
0.106136
0.103733
0.101
0.0979521
0.0946235
0.0910741
0.0873917
0.0836942
0.0801282
0.0768627
0.0740752
0.0719311
0.0705581
0.0700213
0.0703069
0.0713205
0.072904
0.0748618
0.0769925
0.0791162
0.0810943
0.0828373
0.0843026
0.0854861
0.0864099
0.0871103
0.087628
0.0880012
0.0882619
0.0884349
0.0885381
0.0885835
0.0885791
0.0885308
0.0884434
0.0883217
0.088171
0.0879976
0.087808
0.0876092
0.0874082
0.0872111
0.0870234
0.0868491
0.0866908
0.0865496
0.0864247
0.0863132
0.0862102
0.086108
0.0859965
0.0858619
0.0856872
0.0854519
0.0851324
0.0847027
0.0841358
0.0834057
0.0824893
0.08137
0.0800397
0.0785018
0.0767739
0.0748898
0.0729006
0.0708754
0.0688994
0.0670692
0.0654837
0.0642325
0.0633816
0.0629608
0.0629574
0.0633183
0.0639606
0.0647861
0.0656967
0.0666079
0.0674559
0.0682006
0.0688229
0.0693201
0.0696998
0.0699749
0.0701596
0.0702665
0.070306
0.0702861
0.0702123
0.0700894
0.0699216
0.0697136
0.069471
0.0692005
0.0689098
0.0686072
0.0683012
0.0680001
0.0677116
0.067442
0.0671964
0.0669782
0.0667894
0.0666299
0.0664981
0.0663902
0.0663006
0.0662213
0.0661419
0.0660491
0.065927
0.0657568
0.0655176
0.0651863
0.0647387
0.0641501
0.063395
0.062447
0.0612778
0.0598574
0.058157
0.0561564
0.0538581
0.051304
0.0485883
0.0458566
0.0432866
0.0410535
0.0392849
0.0380367
0.0372914
0.0369751
0.0369842
0.0372119
0.0375651
0.0379734
0.0383896
0.0387858
0.0391484
0.0394734
0.0397626
0.0400206
0.0402537
0.0404682
0.0406702
0.0408651
0.0410571
0.0412499
0.0414457
0.041646
0.0418515
0.0420619
0.0422764
0.0424937
0.00399538
0.00420233
0.0043868
0.00454812
0.00468643
0.00480242
0.00489708
0.00497159
0.00502716
0.00506495
0.00508602
0.00509125
0.00508137
0.00505691
0.00501824
0.00496563
0.00489924
0.00481919
0.00472561
0.0046187
0.00449873
0.00436616
0.00422165
0.00406605
0.0039005
0.00372634
0.0035452
0.00335893
0.00316964
0.00297983
0.00279283
0.00261371
0.00245139
0.00232255
0.00225803
0.00231192
0.00257185
0.00316708
0.00426845
0.00607415
0.00877843
0.0125269
0.0173705
0.0232316
0.0299002
0.0370654
0.0443675
0.051458
0.0580502
0.0639525
0.0690778
0.0734344
0.0771035
0.0802108
0.0828998
0.0853092
0.0875581
0.0897369
0.0919048
0.0940909
0.0962977
0.0985071
0.100688
0.102801
0.104806
0.106666
0.108351
0.109842
0.111127
0.112204
0.113079
0.113763
0.114268
0.11461
0.114799
0.114847
0.114757
0.114532
0.114165
0.113647
0.112963
0.112094
0.111017
0.109707
0.108141
0.106297
0.104159
0.10172
0.0989827
0.0959674
0.0927105
0.08927
0.0857274
0.0821897
0.0787886
0.0756752
0.0730094
0.0709417
0.0695918
0.0690266
0.069244
0.0701693
0.0716671
0.0735631
0.0756713
0.077819
0.0798659
0.0817138
0.0833078
0.0846301
0.0856911
0.086518
0.0871464
0.0876123
0.0879487
0.0881824
0.0883346
0.0884207
0.0884518
0.0884361
0.0883801
0.0882897
0.0881704
0.0880281
0.0878688
0.0876984
0.0875227
0.0873471
0.087176
0.0870125
0.0868586
0.0867146
0.0865789
0.086448
0.0863162
0.086175
0.0860137
0.0858182
0.0855716
0.0852543
0.0848447
0.0843198
0.0836567
0.0828344
0.0818359
0.08065
0.0792738
0.0777145
0.0759912
0.0741364
0.0721972
0.0702355
0.0683268
0.0665569
0.0650144
0.0637812
0.0629205
0.0624649
0.0624099
0.062714
0.0633062
0.0640983
0.0649984
0.0659235
0.0668073
0.0676042
0.0682887
0.0688515
0.0692954
0.0696299
0.0698677
0.0700215
0.0701026
0.0701204
0.0700825
0.069995
0.0698633
0.0696928
0.069489
0.0692584
0.0690076
0.068744
0.0684748
0.0682072
0.0679477
0.0677017
0.0674736
0.0672664
0.0670814
0.0669182
0.0667748
0.0666471
0.0665291
0.0664126
0.066287
0.0661393
0.0659544
0.065715
0.0654022
0.0649961
0.0644761
0.0638217
0.0630114
0.0620229
0.060831
0.0594074
0.0577231
0.055756
0.0535042
0.0510034
0.0483404
0.045654
0.0431161
0.0408997
0.0391336
0.0378773
0.0371182
0.036787
0.0367841
0.0370047
0.0373571
0.0377709
0.0381984
0.0386106
0.038993
0.03934
0.0396521
0.039933
0.0401876
0.0404216
0.0406402
0.0408483
0.0410501
0.0412488
0.0414469
0.0416459
0.0418467
0.0420494
0.0422536
0.0424583
0.00360367
0.00380717
0.00399138
0.00415509
0.00429784
0.00441971
0.00452114
0.00460282
0.00466557
0.00471029
0.00473782
0.00474896
0.00474442
0.00472478
0.00469055
0.00464214
0.00457994
0.0045043
0.00441559
0.00431425
0.00420079
0.00407589
0.00394033
0.00379511
0.00364138
0.00348048
0.00331394
0.00314344
0.00297085
0.00279836
0.00262882
0.00246664
0.00231958
0.00220232
0.00214216
0.00218735
0.00241663
0.00294719
0.00393575
0.00556718
0.00802766
0.0114651
0.0159467
0.0214268
0.0277368
0.0346089
0.0417198
0.0487431
0.0553963
0.0614741
0.0668618
0.0715319
0.0755282
0.0789431
0.0818941
0.0845031
0.0868812
0.089119
0.0912819
0.0934094
0.095517
0.0976012
0.0996443
0.10162
0.103499
0.105251
0.106853
0.108284
0.109532
0.110594
0.111468
0.112161
0.11268
0.113034
0.113231
0.113276
0.113172
0.112918
0.112509
0.111934
0.111181
0.110234
0.109072
0.107679
0.106035
0.104126
0.101944
0.099488
0.0967681
0.0938067
0.0906416
0.0873281
0.0839413
0.0805775
0.077354
0.0744053
0.0718742
0.0698967
0.0685838
0.0680022
0.068159
0.0689966
0.070401
0.0722193
0.0742823
0.0764276
0.0785168
0.0804469
0.0821531
0.0836056
0.0848027
0.0857621
0.086512
0.0870848
0.0875122
0.087822
0.0880374
0.0881763
0.0882525
0.0882767
0.0882571
0.0882009
0.088114
0.0880025
0.0878719
0.0877276
0.0875745
0.0874169
0.0872585
0.0871015
0.0869469
0.0867943
0.0866413
0.0864836
0.0863147
0.0861258
0.0859056
0.0856402
0.0853137
0.0849081
0.0844043
0.0837828
0.0830253
0.0821161
0.0810433
0.079801
0.0783904
0.0768216
0.0751144
0.0732998
0.0714202
0.0695306
0.0676974
0.0659956
0.0645043
0.0632976
0.0624348
0.0619504
0.0618465
0.0620921
0.062628
0.0633763
0.0642529
0.0651781
0.0660851
0.0669244
0.0676649
0.0682914
0.0688012
0.0691998
0.0694974
0.0697055
0.0698357
0.0698984
0.0699021
0.0698543
0.0697615
0.0696297
0.0694649
0.069273
0.0690603
0.0688333
0.0685983
0.0683613
0.068128
0.0679028
0.0676894
0.0674901
0.0673055
0.0671348
0.0669757
0.0668236
0.0666723
0.0665136
0.0663371
0.0661305
0.06588
0.0655702
0.0651847
0.0647069
0.0641199
0.063407
0.0625507
0.0615317
0.0603273
0.0589103
0.0572512
0.0553252
0.0531261
0.0506837
0.0480775
0.0454393
0.0429361
0.0407381
0.0389754
0.037711
0.0369368
0.0365884
0.0365699
0.0367793
0.0371261
0.0375404
0.0379741
0.0383977
0.0387954
0.0391606
0.0394927
0.039794
0.0400686
0.0403211
0.0405562
0.040778
0.0409903
0.0411962
0.041398
0.0415974
0.0417954
0.0419923
0.042188
0.042382
0.00320907
0.00340448
0.00358384
0.00374559
0.0038888
0.00401306
0.00411834
0.00420488
0.00427314
0.00432371
0.00435723
0.00437436
0.00437573
0.00436195
0.00433359
0.00429118
0.00423524
0.0041663
0.00408491
0.00399168
0.00388729
0.00377254
0.00364832
0.00351566
0.00337572
0.00322978
0.00307925
0.00292562
0.00277055
0.00261593
0.00246422
0.00231923
0.00218775
0.00208272
0.0020284
0.00206791
0.00227211
0.00274725
0.00363683
0.00511253
0.0073512
0.0104998
0.0146367
0.019741
0.0256805
0.0322264
0.0390915
0.045975
0.0526056
0.058773
0.0643439
0.0692627
0.0735408
0.0772391
0.0804483
0.0832707
0.0858057
0.0881394
0.0903393
0.0924516
0.0945018
0.096498
0.0984346
0.100297
0.102065
0.103717
0.105233
0.106596
0.107796
0.108824
0.109678
0.110359
0.110871
0.111217
0.111402
0.111428
0.111296
0.111001
0.11054
0.109903
0.109078
0.108053
0.106813
0.105345
0.103637
0.101682
0.0994778
0.0970289
0.09435
0.0914661
0.0884148
0.0852479
0.0820338
0.0788584
0.0758254
0.0730537
0.0706697
0.0687958
0.0675336
0.066948
0.0670529
0.0678056
0.0691114
0.070838
0.0728342
0.07495
0.0770526
0.0790377
0.0808335
0.0824003
0.0837255
0.0848164
0.0856935
0.0863834
0.0869149
0.0873149
0.0876075
0.087812
0.0879445
0.0880174
0.0880408
0.0880231
0.087971
0.0878909
0.0877882
0.0876679
0.0875342
0.0873908
0.0872403
0.0870841
0.0869225
0.0867541
0.0865757
0.0863825
0.0861675
0.0859216
0.0856337
0.0852908
0.0848783
0.0843805
0.0837816
0.0830661
0.0822201
0.0812329
0.0800974
0.078812
0.0773814
0.0758174
0.0741398
0.0723773
0.0705679
0.0687596
0.06701
0.0653845
0.0639524
0.0627804
0.0619234
0.0614165
0.0612674
0.0614541
0.0619285
0.0626236
0.0634637
0.0643743
0.0652897
0.0661585
0.0669453
0.0676296
0.0682034
0.0686676
0.069029
0.0692973
0.0694833
0.0695974
0.0696487
0.0696455
0.0695952
0.0695044
0.0693792
0.0692257
0.0690499
0.0688574
0.068654
0.0684448
0.0682343
0.0680265
0.067824
0.0676284
0.0674399
0.0672572
0.0670775
0.066896
0.0667065
0.066501
0.0662698
0.0660019
0.0656849
0.0653059
0.0648514
0.0643078
0.0636618
0.0629003
0.062009
0.0609712
0.0597659
0.0583663
0.0567418
0.0548649
0.0527251
0.0503459
0.0478003
0.0452133
0.042747
0.0405692
0.0388108
0.0375381
0.0367477
0.0363798
0.0363425
0.0365363
0.0368727
0.0372822
0.0377168
0.0381464
0.0385543
0.0389331
0.0392811
0.0395995
0.0398914
0.0401606
0.0404108
0.0406457
0.0408686
0.0410821
0.0412886
0.0414896
0.0416861
0.0418787
0.0420676
0.0422524
0.00281952
0.00300291
0.00317338
0.00332918
0.00346909
0.00359232
0.00369845
0.00378739
0.00385924
0.00391431
0.00395302
0.00397587
0.0039834
0.00397618
0.00395478
0.00391979
0.00387183
0.00381151
0.0037395
0.0036565
0.0035633
0.00346076
0.0033498
0.00323145
0.00310683
0.00297712
0.0028436
0.00270759
0.00257054
0.00243406
0.00230028
0.00217249
0.00205667
0.00196427
0.00191693
0.00195329
0.00213724
0.00256519
0.00336842
0.00470583
0.00674418
0.00962701
0.0134395
0.0181794
0.0237448
0.0299418
0.0365173
0.0431978
0.0497278
0.0558996
0.0615696
0.0666619
0.0711616
0.0751019
0.0785479
0.0815809
0.0842858
0.0867406
0.0890108
0.0911454
0.0931763
0.0951204
0.0969821
0.098756
0.100431
0.101993
0.103427
0.10472
0.10586
0.106841
0.107658
0.108309
0.108794
0.109113
0.109268
0.109258
0.109082
0.108737
0.108215
0.107511
0.106615
0.105517
0.104209
0.102681
0.100929
0.0989511
0.0967499
0.0943353
0.0917247
0.0889443
0.0860304
0.0830308
0.0800069
0.0770346
0.0742049
0.071622
0.0693973
0.0676396
0.0664413
0.0658642
0.0659269
0.066599
0.0678031
0.0694263
0.0713358
0.0733955
0.0754811
0.0774899
0.0793471
0.0810052
0.0824424
0.0836564
0.0846588
0.0854699
0.0861139
0.0866153
0.0869972
0.0872796
0.0874794
0.0876106
0.0876845
0.0877107
0.0876969
0.0876496
0.0875745
0.0874763
0.0873589
0.0872251
0.0870769
0.086915
0.0867389
0.0865465
0.0863341
0.0860965
0.0858266
0.0855155
0.0851529
0.0847271
0.0842258
0.0836363
0.0829461
0.0821438
0.08122
0.0801682
0.0789856
0.077674
0.0762403
0.0746973
0.0730643
0.0713671
0.0696392
0.0679218
0.0662643
0.064723
0.0633581
0.0622287
0.0613855
0.0608628
0.0606727
0.0608011
0.0612102
0.0618435
0.0626346
0.0635151
0.0644225
0.0653053
0.066125
0.0668571
0.0674885
0.0680156
0.0684415
0.0687731
0.0690195
0.0691901
0.0692943
0.0693405
0.0693365
0.0692892
0.0692052
0.0690903
0.0689505
0.0687908
0.0686165
0.0684318
0.0682407
0.0680461
0.0678502
0.0676537
0.0674565
0.0672567
0.0670513
0.0668358
0.066604
0.0663485
0.0660607
0.0657312
0.0653498
0.064906
0.064389
0.0637886
0.0630946
0.0622968
0.0613836
0.0603402
0.0591466
0.0577758
0.0561958
0.0543763
0.052302
0.049991
0.0475096
0.0449767
0.0425495
0.0403933
0.03864
0.037359
0.0365513
0.0361618
0.0361024
0.0362768
0.0365978
0.0369972
0.0374269
0.0378565
0.038269
0.038656
0.0390149
0.039346
0.0396516
0.0399343
0.0401974
0.0404438
0.0406762
0.040897
0.0411081
0.0413111
0.0415069
0.0416963
0.0418794
0.0420564
0.00244244
0.00261077
0.00276907
0.00291555
0.00304884
0.00316791
0.00327209
0.00336096
0.00343439
0.00349242
0.00353526
0.00356325
0.0035768
0.00357641
0.00356264
0.00353607
0.00349731
0.00344704
0.00338594
0.00331477
0.00323434
0.00314551
0.00304919
0.00294638
0.00283809
0.00272543
0.0026095
0.00249147
0.00237258
0.00225423
0.00213822
0.00202744
0.00192715
0.00184754
0.00180798
0.00184324
0.00201108
0.00239908
0.00312735
0.00434262
0.00620119
0.00884136
0.0123516
0.0167433
0.0219381
0.0277734
0.0340266
0.0404512
0.0468108
0.0529056
0.0585892
0.0637729
0.0684223
0.0725477
0.076191
0.0794135
0.0822839
0.0848695
0.0872304
0.0894145
0.0914569
0.0933801
0.0951955
0.0969057
0.0985069
0.0999913
0.101349
0.10257
0.103647
0.10457
0.105336
0.10594
0.10638
0.106656
0.106764
0.106704
0.106473
0.106067
0.105482
0.104711
0.103749
0.10259
0.10123
0.0996645
0.0978941
0.0959214
0.093754
0.0914046
0.0888923
0.0862432
0.0834915
0.0806805
0.0778646
0.0751101
0.0724962
0.0701135
0.0680593
0.0664297
0.0653079
0.0647515
0.0647821
0.0653792
0.0664805
0.0679911
0.0697958
0.0717738
0.0738111
0.0758101
0.0776953
0.0794151
0.0809402
0.0822598
0.0833773
0.0843058
0.0850638
0.0856722
0.0861515
0.086521
0.0867975
0.0869956
0.0871274
0.0872031
0.0872311
0.0872185
0.0871709
0.0870931
0.0869885
0.0868597
0.0867079
0.0865335
0.0863353
0.0861109
0.0858563
0.0855665
0.0852348
0.0848531
0.0844121
0.0839026
0.0833151
0.0826399
0.0818681
0.0809921
0.0800065
0.0789083
0.0776981
0.0763801
0.0749628
0.0734591
0.0718868
0.070269
0.0686342
0.0670177
0.0654608
0.0640115
0.0627215
0.0616425
0.0608205
0.0602889
0.0600625
0.0601342
0.0604753
0.0610394
0.0617695
0.0626045
0.0634865
0.0643651
0.0652011
0.0659666
0.0666447
0.0672275
0.067714
0.0681078
0.0684158
0.0686458
0.0688063
0.0689053
0.0689506
0.0689493
0.0689077
0.0688319
0.0687272
0.0685988
0.068451
0.0682877
0.0681121
0.0679265
0.0677325
0.0675304
0.0673196
0.0670981
0.066863
0.06661
0.0663336
0.0660271
0.0656839
0.0652962
0.0648561
0.0643555
0.0637865
0.0631416
0.0624133
0.0615938
0.0606734
0.0596388
0.0584703
0.0571402
0.0556149
0.0538607
0.0518584
0.0496203
0.0472065
0.0447302
0.0423439
0.0402108
0.0384634
0.0371741
0.0363482
0.0359351
0.0358508
0.0360017
0.0363027
0.0366865
0.0371054
0.037529
0.0379398
0.0383289
0.0386928
0.0390313
0.0393456
0.0396379
0.0399104
0.0401655
0.0404053
0.0406318
0.0408467
0.0410512
0.0412463
0.0414327
0.0416107
0.0417805
0.05066
0.0506426
0.0506161
0.0505819
0.0505408
0.0504933
0.05044
0.0503813
0.0503174
0.0502486
0.050175
0.0500967
0.0500138
0.0499265
0.0498347
0.0497387
0.0496384
0.049534
0.0494256
0.0493134
0.0491976
0.0490784
0.048956
0.0488309
0.0487035
0.0485742
0.0484437
0.0483127
0.048182
0.0480526
0.0479257
0.0478026
0.0476849
0.0475743
0.0474727
0.0473821
0.0473048
0.0472432
0.0471997
0.0471765
0.0503692
0.05039
0.0503975
0.0503936
0.0503798
0.0503571
0.0503262
0.0502879
0.0502427
0.050191
0.0501332
0.0500696
0.0500003
0.0499257
0.0498458
0.0497608
0.0496709
0.0495762
0.0494769
0.0493731
0.049265
0.0491529
0.049037
0.0489177
0.0487953
0.0486703
0.0485433
0.048415
0.0482861
0.0481576
0.0480307
0.0479068
0.0477873
0.0476741
0.0475692
0.0474748
0.0473934
0.0473278
0.0472808
0.0472554
0.0499812
0.0500463
0.0500936
0.0501257
0.0501445
0.0501514
0.0501475
0.0501338
0.0501112
0.0500803
0.0500418
0.0499959
0.0499433
0.0498841
0.0498187
0.0497473
0.0496701
0.0495874
0.0494992
0.049406
0.0493077
0.0492048
0.0490973
0.0489858
0.0488704
0.0487517
0.0486302
0.0485064
0.0483813
0.0482556
0.0481305
0.0480074
0.0478878
0.0477735
0.0476666
0.0475695
0.0474849
0.0474159
0.0473658
0.0473382
0.0495071
0.0496199
0.0497109
0.049783
0.0498384
0.0498786
0.0499054
0.0499198
0.049923
0.049916
0.0498995
0.0498742
0.0498406
0.0497992
0.0497505
0.0496948
0.0496324
0.0495635
0.0494885
0.0494076
0.049321
0.0492289
0.0491318
0.0490297
0.0489232
0.0488125
0.0486983
0.048581
0.0484615
0.0483405
0.0482192
0.0480987
0.0479808
0.047867
0.0477597
0.0476613
0.0475747
0.0475032
0.0474506
0.0474212
0.048964
0.0491251
0.0492611
0.0493751
0.0494691
0.0495452
0.0496049
0.0496499
0.0496813
0.0497005
0.0497082
0.0497055
0.049693
0.0496713
0.0496411
0.0496028
0.0495567
0.0495033
0.049443
0.0493759
0.0493024
0.0492228
0.0491373
0.0490463
0.0489501
0.0488491
0.0487438
0.0486346
0.0485224
0.0484078
0.048292
0.048176
0.0480615
0.0479501
0.047844
0.0477458
0.0476585
0.0475856
0.0475313
0.0475005
0.0483729
0.0485799
0.0487596
0.0489149
0.0490479
0.0491604
0.0492541
0.0493308
0.0493918
0.0494385
0.049472
0.0494933
0.0495032
0.0495027
0.0494922
0.0494725
0.0494441
0.0494074
0.0493628
0.0493107
0.0492515
0.0491854
0.0491128
0.049034
0.0489494
0.0488593
0.0487641
0.0486645
0.048561
0.0484544
0.0483455
0.0482357
0.0481262
0.0480188
0.0479157
0.0478192
0.0477326
0.0476595
0.0476044
0.0475727
0.0477558
0.0480037
0.0482236
0.0484177
0.0485878
0.0487357
0.048863
0.0489713
0.0490621
0.0491368
0.0491965
0.0492425
0.0492756
0.0492969
0.0493071
0.0493069
0.0492969
0.0492776
0.0492496
0.0492133
0.0491691
0.0491174
0.0490585
0.0489928
0.0489206
0.0488423
0.0487584
0.0486693
0.0485757
0.0484782
0.0483777
0.0482753
0.0481724
0.0480705
0.0479717
0.0478785
0.047794
0.0477219
0.047667
0.047635
0.0471341
0.0474162
0.0476707
0.0478993
0.0481032
0.0482839
0.0484428
0.0485814
0.048701
0.048803
0.0488887
0.0489593
0.0490157
0.049059
0.0490901
0.0491096
0.0491184
0.049117
0.049106
0.049086
0.0490573
0.0490204
0.0489757
0.0489235
0.0488644
0.0487986
0.0487266
0.0486488
0.0485659
0.0484785
0.0483873
0.0482935
0.0481982
0.0481031
0.0480099
0.0479213
0.0478402
0.0477704
0.0477166
0.0476849
0.0465264
0.0468351
0.0471177
0.0473752
0.0476082
0.0478178
0.0480052
0.0481715
0.0483179
0.0484458
0.0485563
0.0486506
0.0487297
0.0487945
0.0488461
0.0488853
0.0489128
0.0489292
0.0489353
0.0489315
0.0489185
0.0488966
0.0488663
0.048828
0.0487822
0.0487292
0.0486695
0.0486035
0.0485319
0.0484551
0.048374
0.0482896
0.0482029
0.0481155
0.0480291
0.0479461
0.0478695
0.047803
0.0477513
0.0477205
0.0459479
0.0462754
0.0465791
0.0468592
0.0471159
0.0473497
0.0475615
0.0477522
0.0479226
0.048074
0.0482074
0.0483237
0.0484242
0.0485096
0.0485809
0.048639
0.0486846
0.0487185
0.0487412
0.0487536
0.048756
0.0487489
0.048733
0.0487086
0.0486761
0.048636
0.0485887
0.0485348
0.0484746
0.0484089
0.0483383
0.0482637
0.0481862
0.0481073
0.0480285
0.0479521
0.0478809
0.0478186
0.0477698
0.0477403
0.04541
0.0457489
0.0460667
0.046363
0.0466376
0.0468905
0.0471222
0.0473332
0.0475242
0.0476961
0.0478497
0.0479861
0.0481059
0.0482103
0.0483
0.0483759
0.0484387
0.0484892
0.0485281
0.0485559
0.0485732
0.0485807
0.0485787
0.0485678
0.0485485
0.0485211
0.0484862
0.0484442
0.0483955
0.0483409
0.048281
0.0482166
0.0481487
0.0480787
0.048008
0.0479389
0.0478739
0.0478165
0.0477712
0.0477437
0.0449201
0.0452638
0.0455893
0.0458958
0.0461825
0.0464493
0.0466961
0.0469232
0.0471309
0.0473199
0.0474909
0.0476445
0.0477816
0.0479029
0.0480093
0.0481014
0.0481801
0.0482461
0.0483
0.0483424
0.0483739
0.0483952
0.0484066
0.0484088
0.0484021
0.0483871
0.0483641
0.0483338
0.0482965
0.0482529
0.0482036
0.0481494
0.0480913
0.0480304
0.0479682
0.0479068
0.0478485
0.0477966
0.0477553
0.04773
0.0444826
0.0448255
0.045153
0.0454641
0.0457578
0.0460334
0.0462907
0.0465295
0.04675
0.0469525
0.0471374
0.0473054
0.0474571
0.0475931
0.047714
0.0478206
0.0479136
0.0479936
0.0480612
0.0481171
0.0481618
0.0481959
0.04822
0.0482344
0.0482398
0.0482365
0.048225
0.0482059
0.0481796
0.0481467
0.0481078
0.0480637
0.0480152
0.0479635
0.0479099
0.0478564
0.0478051
0.047759
0.0477222
0.0476995
0.0440991
0.0444365
0.0447614
0.0450724
0.0453682
0.0456481
0.0459114
0.0461577
0.046387
0.0465994
0.0467951
0.0469745
0.0471379
0.047286
0.0474192
0.0475382
0.0476436
0.0477359
0.0478158
0.0478838
0.0479405
0.0479864
0.048022
0.0480478
0.0480644
0.0480721
0.0480715
0.048063
0.0480471
0.0480244
0.0479955
0.0479611
0.047922
0.0478793
0.0478343
0.0477886
0.0477444
0.0477045
0.0476722
0.0476523
0.0437689
0.0440973
0.0444157
0.0447226
0.0450166
0.0452967
0.045562
0.0458121
0.0460466
0.0462654
0.0464685
0.0466562
0.0468286
0.0469862
0.0471293
0.0472585
0.0473743
0.0474772
0.0475676
0.0476462
0.0477134
0.0477698
0.0478158
0.047852
0.0478787
0.0478966
0.0479059
0.0479073
0.0479012
0.0478881
0.0478686
0.0478434
0.0478133
0.0477794
0.0477427
0.0477048
0.0476677
0.0476337
0.0476062
0.047589
0.0434901
0.0438067
0.0441157
0.0444153
0.0447041
0.044981
0.045245
0.0454954
0.0457317
0.0459537
0.0461612
0.0463542
0.0465328
0.0466973
0.046848
0.0469851
0.0471092
0.0472207
0.04732
0.0474075
0.0474838
0.0475493
0.0476044
0.0476497
0.0476856
0.0477125
0.0477309
0.0477413
0.0477441
0.0477398
0.0477291
0.0477126
0.047691
0.0476653
0.0476366
0.0476062
0.0475758
0.0475478
0.0475249
0.0475106
0.0432594
0.0435625
0.0438598
0.0441497
0.0444306
0.0447015
0.0449612
0.045209
0.0454443
0.0456666
0.0458756
0.0460712
0.0462535
0.0464224
0.0465782
0.0467211
0.0468514
0.0469695
0.0470758
0.0471706
0.0472543
0.0473275
0.0473904
0.0474436
0.0474874
0.0475223
0.0475487
0.0475671
0.047578
0.0475818
0.0475791
0.0475705
0.0475568
0.0475388
0.0475174
0.0474941
0.0474703
0.047448
0.0474295
0.047418
0.0430731
0.0433615
0.0436456
0.0439239
0.0441949
0.0444576
0.0447107
0.0449534
0.0451851
0.0454051
0.0456132
0.045809
0.0459924
0.0461635
0.0463222
0.0464687
0.0466033
0.0467261
0.0468376
0.0469379
0.0470276
0.0471068
0.0471761
0.0472358
0.0472863
0.0473281
0.0473614
0.0473868
0.0474048
0.0474157
0.0474202
0.0474188
0.0474123
0.0474013
0.0473868
0.04737
0.0473523
0.0473352
0.047321
0.047312
0.0429271
0.0431999
0.0434698
0.0437353
0.043995
0.0442477
0.0444923
0.044728
0.044954
0.0451697
0.0453746
0.0455684
0.0457509
0.0459219
0.0460815
0.0462296
0.0463665
0.0464923
0.0466072
0.0467114
0.0468054
0.0468893
0.0469635
0.0470284
0.0470844
0.0471317
0.0471709
0.0472023
0.0472263
0.0472435
0.0472543
0.0472592
0.047259
0.0472543
0.047246
0.0472352
0.047223
0.0472108
0.0472004
0.0471938
0.042817
0.043074
0.0433291
0.0435809
0.0438281
0.0440697
0.0443044
0.0445315
0.0447501
0.0449597
0.0451596
0.0453495
0.0455292
0.0456984
0.0458569
0.0460049
0.0461423
0.0462693
0.046386
0.0464925
0.0465892
0.0466763
0.0467541
0.0468229
0.046883
0.0469348
0.0469787
0.047015
0.0470441
0.0470664
0.0470826
0.047093
0.0470983
0.0470992
0.0470964
0.0470908
0.0470835
0.0470757
0.0470688
0.0470643
0.0427382
0.0429794
0.0432195
0.0434573
0.0436914
0.0439209
0.0441447
0.044362
0.0445719
0.0447739
0.0449674
0.0451519
0.0453271
0.0454928
0.0456487
0.0457949
0.0459312
0.0460578
0.0461747
0.0462821
0.0463801
0.046469
0.0465491
0.0466204
0.0466835
0.0467386
0.0467859
0.046826
0.0468591
0.0468858
0.0469063
0.0469213
0.0469313
0.0469369
0.0469388
0.0469378
0.0469348
0.0469307
0.0469268
0.0469242
0.0426865
0.0429121
0.0431373
0.0433607
0.0435814
0.0437984
0.0440105
0.0442172
0.0444174
0.0446108
0.0447966
0.0449743
0.0451438
0.0453046
0.0454565
0.0455994
0.0457332
0.045858
0.0459738
0.0460806
0.0461786
0.0462679
0.0463489
0.0464216
0.0464865
0.0465436
0.0465934
0.0466362
0.0466723
0.0467022
0.0467263
0.0467449
0.0467587
0.0467682
0.046774
0.0467768
0.0467774
0.0467766
0.0467753
0.0467742
0.0426573
0.0428678
0.0430782
0.0432875
0.0434946
0.0436987
0.0438988
0.0440942
0.0442841
0.044468
0.0446451
0.0448152
0.0449777
0.0451325
0.0452791
0.0454176
0.0455477
0.0456694
0.0457827
0.0458877
0.0459844
0.0460731
0.0461538
0.0462267
0.0462921
0.0463503
0.0464014
0.0464459
0.0464841
0.0465162
0.0465428
0.0465642
0.0465809
0.0465935
0.0466024
0.0466083
0.0466118
0.0466136
0.0466143
0.0466145
0.0426461
0.0428421
0.0430382
0.0432335
0.0434272
0.0436184
0.0438063
0.0439901
0.0441691
0.0443429
0.0445107
0.0446722
0.044827
0.0449748
0.0451152
0.0452481
0.0453734
0.0454909
0.0456007
0.0457027
0.0457971
0.0458838
0.0459632
0.0460352
0.0461002
0.0461583
0.0462098
0.046255
0.0462941
0.0463276
0.0463558
0.0463791
0.0463979
0.0464126
0.0464239
0.0464321
0.0464379
0.0464417
0.046444
0.0464451
0.0426484
0.0428304
0.0430127
0.0431945
0.043375
0.0435534
0.043729
0.0439011
0.044069
0.0442323
0.0443904
0.0445427
0.0446891
0.0448291
0.0449624
0.0450889
0.0452084
0.0453209
0.0454261
0.0455242
0.0456152
0.0456991
0.045776
0.0458462
0.0459097
0.0459667
0.0460176
0.0460625
0.0461018
0.0461357
0.0461646
0.0461888
0.0462089
0.0462251
0.0462379
0.0462477
0.046255
0.0462602
0.0462637
0.0462655
0.0426591
0.0428279
0.042997
0.0431658
0.0433335
0.0434994
0.0436628
0.0438232
0.04398
0.0441326
0.0442805
0.0444233
0.0445607
0.0446924
0.044818
0.0449374
0.0450504
0.0451569
0.0452568
0.04535
0.0454367
0.0455168
0.0455905
0.0456578
0.0457189
0.045774
0.0458233
0.0458671
0.0459055
0.045939
0.0459677
0.0459922
0.0460126
0.0460294
0.046043
0.0460537
0.046062
0.046068
0.0460722
0.0460744
0.0426728
0.0428292
0.0429859
0.0431423
0.0432976
0.0434514
0.043603
0.0437518
0.0438974
0.0440392
0.0441768
0.0443099
0.044438
0.0445609
0.0446783
0.04479
0.0448958
0.0449956
0.0450894
0.0451771
0.0452587
0.0453342
0.0454037
0.0454674
0.0455253
0.0455776
0.0456245
0.0456662
0.0457031
0.0457352
0.045763
0.0457868
0.0458069
0.0458236
0.0458372
0.0458482
0.0458568
0.0458632
0.0458676
0.04587
0.0426833
0.0428283
0.0429733
0.0431179
0.0432616
0.0434037
0.0435437
0.0436813
0.0438158
0.0439469
0.0440742
0.0441973
0.0443159
0.0444297
0.0445385
0.0446421
0.0447402
0.0448329
0.04492
0.0450014
0.0450772
0.0451474
0.0452121
0.0452713
0.0453252
0.0453739
0.0454176
0.0454566
0.045491
0.0455211
0.0455472
0.0455696
0.0455886
0.0456045
0.0456175
0.0456281
0.0456364
0.0456427
0.045647
0.0456494
0.0426836
0.042818
0.0429522
0.0430858
0.0432184
0.0433494
0.0434784
0.043605
0.0437288
0.0438493
0.0439664
0.0440795
0.0441885
0.044293
0.0443929
0.044488
0.0445781
0.0446631
0.0447429
0.0448176
0.044887
0.0449513
0.0450104
0.0450646
0.0451138
0.0451582
0.0451981
0.0452335
0.0452648
0.0452922
0.0453159
0.0453362
0.0453534
0.0453678
0.0453797
0.0453893
0.0453969
0.0454026
0.0454065
0.0454087
0.0426653
0.0427901
0.0429143
0.0430377
0.0431599
0.0432804
0.0433989
0.043515
0.0436284
0.0437386
0.0438455
0.0439488
0.0440481
0.0441433
0.0442342
0.0443205
0.0444022
0.0444793
0.0445515
0.0446189
0.0446815
0.0447393
0.0447924
0.0448408
0.0448848
0.0449243
0.0449597
0.044991
0.0450186
0.0450426
0.0450633
0.0450809
0.0450958
0.0451082
0.0451183
0.0451265
0.0451329
0.0451377
0.045141
0.0451427
0.0426187
0.0427348
0.04285
0.042964
0.0430765
0.0431872
0.0432957
0.0434018
0.0435052
0.0436055
0.0437025
0.043796
0.0438858
0.0439716
0.0440534
0.0441309
0.0442041
0.0442729
0.0443372
0.044397
0.0444524
0.0445033
0.0445499
0.0445922
0.0446304
0.0446645
0.0446949
0.0447216
0.0447449
0.044765
0.0447822
0.0447966
0.0448087
0.0448186
0.0448266
0.0448329
0.0448378
0.0448414
0.0448438
0.0448451
0.0425325
0.0426409
0.0427479
0.0428534
0.042957
0.0430585
0.0431577
0.0432543
0.0433481
0.0434389
0.0435264
0.0436104
0.0436908
0.0437674
0.04384
0.0439087
0.0439733
0.0440337
0.0440899
0.0441419
0.0441898
0.0442336
0.0442734
0.0443092
0.0443413
0.0443697
0.0443946
0.0444163
0.044435
0.0444508
0.0444641
0.044475
0.0444839
0.0444909
0.0444964
0.0445006
0.0445038
0.044506
0.0445074
0.0445081
0.0423943
0.0424958
0.0425955
0.0426931
0.0427886
0.0428817
0.0429722
0.0430599
0.0431446
0.0432262
0.0433045
0.0433794
0.0434506
0.0435182
0.0435819
0.0436418
0.0436978
0.0437499
0.043798
0.0438422
0.0438825
0.043919
0.0439518
0.0439809
0.0440067
0.0440291
0.0440485
0.0440649
0.0440787
0.04409
0.0440991
0.0441062
0.0441117
0.0441157
0.0441186
0.0441205
0.0441217
0.0441224
0.0441227
0.0441229
0.0421906
0.042286
0.042379
0.0424696
0.0425575
0.0426428
0.0427251
0.0428045
0.0428807
0.0429537
0.0430232
0.0430893
0.0431518
0.0432106
0.0432657
0.0433171
0.0433647
0.0434085
0.0434486
0.043485
0.0435178
0.0435471
0.0435729
0.0435954
0.0436149
0.0436313
0.043645
0.0436562
0.043665
0.0436717
0.0436766
0.0436799
0.0436819
0.0436828
0.043683
0.0436825
0.0436818
0.043681
0.0436802
0.0436798
0.0419078
0.0419976
0.0420845
0.0421686
0.0422496
0.0423276
0.0424024
0.0424739
0.0425421
0.0426069
0.0426682
0.042726
0.0427801
0.0428306
0.0428775
0.0429206
0.0429602
0.0429961
0.0430285
0.0430574
0.043083
0.0431052
0.0431243
0.0431404
0.0431537
0.0431644
0.0431726
0.0431786
0.0431826
0.0431849
0.0431857
0.0431853
0.043184
0.0431819
0.0431794
0.0431767
0.0431741
0.0431719
0.0431701
0.043169
1.86951e-06
6.38146e-06
1.18274e-05
1.83523e-05
2.61109e-05
3.52684e-05
4.59996e-05
5.84883e-05
7.29262e-05
8.95112e-05
0.000108446
0.000129935
0.000154182
0.000181391
0.000211755
0.000245461
0.00028268
0.000323567
0.000368257
0.000416856
0.000469444
0.000526067
0.000586735
0.000651419
0.00072005
0.000792516
0.000868662
0.00094829
0.00103116
0.001117
0.00120548
0.00129626
0.00138896
0.00148318
0.00157849
0.00167447
0.00177066
0.00186662
0.0019619
0.00205602
1.73785e-06
5.93138e-06
1.09907e-05
1.70486e-05
2.42464e-05
3.27349e-05
4.26734e-05
5.42294e-05
6.75773e-05
8.2897e-05
0.000100373
0.00012019
0.000142536
0.000167594
0.000195541
0.000226548
0.000260772
0.000298357
0.000339427
0.000384084
0.000432405
0.000484438
0.000540201
0.000599675
0.000662807
0.000729507
0.000799645
0.000873053
0.000949526
0.00102882
0.00111067
0.00119476
0.00128076
0.00136831
0.00145703
0.00154654
0.00163644
0.00172631
0.00181573
0.00190429
1.60656e-06
5.48254e-06
1.01564e-05
1.57488e-05
2.2388e-05
3.02104e-05
3.93603e-05
4.9989e-05
6.22538e-05
7.6317e-05
9.23448e-05
0.000110505
0.000130965
0.000153891
0.000179443
0.000207776
0.000239034
0.000273346
0.000310829
0.000351577
0.000395665
0.000443142
0.000494029
0.000548318
0.000605969
0.000666911
0.000731038
0.000798209
0.000868251
0.000940958
0.00101609
0.00109339
0.00117256
0.00125329
0.00133525
0.00141809
0.00150145
0.00158496
0.00166825
0.00175093
1.47625e-06
5.03704e-06
9.32844e-06
1.44592e-05
2.05446e-05
2.77072e-05
3.60763e-05
4.57874e-05
5.69814e-05
6.98033e-05
8.44013e-05
0.000100925
0.000119525
0.000140349
0.000163541
0.000189239
0.000217573
0.000248661
0.000282608
0.000319502
0.000359413
0.00040239
0.000448457
0.000497615
0.000549836
0.000605064
0.000663213
0.000724168
0.000787786
0.000853893
0.000922287
0.000992744
0.00106501
0.00113882
0.00121388
0.00128988
0.00136652
0.00144345
0.00152036
0.00159689
1.34757e-06
4.59721e-06
8.51115e-06
1.31865e-05
1.87259e-05
2.52384e-05
3.28389e-05
4.16475e-05
5.17888e-05
6.33912e-05
7.65857e-05
9.15048e-05
0.000108281
0.000127045
0.000147925
0.000171042
0.000196513
0.000224443
0.000254927
0.000288045
0.000323862
0.000362425
0.000403761
0.000447877
0.000494753
0.000544348
0.000596596
0.000651403
0.000708651
0.000768196
0.000829872
0.000893487
0.000958829
0.00102567
0.00109375
0.00116282
0.0012326
0.0013028
0.00137313
0.00144329
1.22128e-06
4.16555e-06
7.7092e-06
1.1938e-05
1.69425e-05
2.28186e-05
2.96671e-05
3.75935e-05
4.67067e-05
5.7119e-05
6.89449e-05
8.23001e-05
9.73001e-05
0.000114059
0.000132689
0.000153297
0.000175984
0.000200844
0.00022796
0.000257406
0.00028924
0.000323507
0.000360234
0.000399432
0.000441091
0.00048518
0.000531648
0.000580422
0.000631407
0.000684487
0.000739524
0.00079636
0.000854819
0.000914705
0.000975809
0.00103791
0.00110077
0.00116414
0.00122777
0.00129141
1.09814e-06
3.74473e-06
6.92757e-06
1.07215e-05
1.52055e-05
2.04629e-05
2.65811e-05
3.36512e-05
4.17677e-05
5.10272e-05
6.15285e-05
7.33712e-05
8.66549e-05
0.000101478
0.000117936
0.000136123
0.000156125
0.000178024
0.000201894
0.000227798
0.00025579
0.00028591
0.000318186
0.000352631
0.000389241
0.000427995
0.000468856
0.000511767
0.000556653
0.000603423
0.000651964
0.00070215
0.000753835
0.00080686
0.000861051
0.000916222
0.000972174
0.0010287
0.00108559
0.00114263
9.78984e-07
3.33758e-06
6.17152e-06
9.54534e-06
1.35269e-05
1.81875e-05
2.36019e-05
2.9848e-05
3.7006e-05
4.51582e-05
5.43885e-05
6.47811e-05
7.64205e-05
8.93901e-05
0.000103771
0.000119643
0.00013708
0.000156151
0.000176919
0.00019944
0.000223761
0.000249918
0.000277939
0.000307836
0.00033961
0.000373249
0.000408726
0.000445999
0.00048501
0.000525688
0.000567946
0.000611682
0.000656781
0.000703114
0.000750539
0.000798906
0.000848052
0.000897808
0.000947997
0.000998439
8.64666e-07
2.94702e-06
5.44651e-06
8.41793e-06
1.19186e-05
1.60089e-05
2.07515e-05
2.62118e-05
3.2457e-05
3.95558e-05
4.75781e-05
5.65942e-05
6.66743e-05
7.78878e-05
9.03026e-05
0.000103984
0.000118995
0.000135392
0.00015323
0.000172555
0.000193408
0.000215821
0.000239818
0.000265414
0.000292611
0.000321404
0.000351774
0.000383691
0.000417113
0.000451985
0.000488241
0.000525803
0.000564581
0.000604473
0.000645368
0.000687146
0.000729678
0.000772828
0.000816453
0.000860411
7.56059e-07
2.57604e-06
4.7581e-06
7.34795e-06
1.03933e-05
1.3944e-05
1.8052e-05
2.2771e-05
2.81562e-05
3.42639e-05
4.11512e-05
4.88754e-05
5.74938e-05
6.70628e-05
7.76378e-05
8.92721e-05
0.000102017
0.000115919
0.000131022
0.000147367
0.000164985
0.000183906
0.00020415
0.000225731
0.000248655
0.000272919
0.000298512
0.000325413
0.000353593
0.000383011
0.000413619
0.000445358
0.00047816
0.000511948
0.000546638
0.000582136
0.000618343
0.000655153
0.000692455
0.000730139
6.54038e-07
2.22763e-06
4.11184e-06
6.34408e-06
8.96321e-06
1.20097e-05
1.55255e-05
1.95538e-05
2.4139e-05
2.93262e-05
3.51608e-05
4.16886e-05
4.89551e-05
5.70052e-05
6.58829e-05
7.56304e-05
8.62883e-05
9.78946e-05
0.000110484
0.000124089
0.000138736
0.000154449
0.000171246
0.000189139
0.000208135
0.000228235
0.000249431
0.000271712
0.000295056
0.000319437
0.000344819
0.000371161
0.000398413
0.000426519
0.000455416
0.000485036
0.000515305
0.000546143
0.000577467
0.000609198
5.59454e-07
1.90472e-06
3.51315e-06
5.41474e-06
7.6404e-06
1.02222e-05
1.31932e-05
1.65874e-05
2.04394e-05
2.47844e-05
2.96576e-05
3.50947e-05
4.11307e-05
4.78003e-05
5.51375e-05
6.31749e-05
7.19438e-05
8.14737e-05
9.17919e-05
0.000102923
0.000114889
0.000127709
0.000141396
0.000155964
0.000171417
0.000187759
0.000204987
0.000223093
0.000242064
0.000261884
0.000282527
0.000303967
0.000326168
0.000349092
0.000372695
0.000396929
0.000421739
0.000447071
0.000472867
0.000499068
4.73119e-07
1.61005e-06
2.96716e-06
4.56788e-06
6.4362e-06
8.59684e-06
1.10752e-05
1.38971e-05
1.70889e-05
2.06771e-05
2.46885e-05
2.91495e-05
3.40866e-05
3.95257e-05
4.54921e-05
5.20102e-05
5.91035e-05
6.67939e-05
7.51021e-05
8.40468e-05
9.36446e-05
0.00010391
0.000114855
0.00012649
0.000138819
0.000151847
0.000165573
0.000179995
0.000195104
0.00021089
0.000227339
0.000244432
0.000262149
0.000280462
0.000299344
0.000318763
0.000338682
0.000359065
0.000379874
0.000401071
3.95769e-07
1.34615e-06
2.47852e-06
3.81072e-06
5.36083e-06
7.14738e-06
9.18921e-06
1.15055e-05
1.41155e-05
1.70386e-05
2.02943e-05
2.39018e-05
2.78802e-05
3.22481e-05
3.70239e-05
4.22251e-05
4.78686e-05
5.39703e-05
6.05451e-05
6.76069e-05
7.51679e-05
8.32391e-05
9.18298e-05
0.000100947
0.000110598
0.000120784
0.000131508
0.000142768
0.000154563
0.000166885
0.000179728
0.000193081
0.000206932
0.000221264
0.000236062
0.000251305
0.000266972
0.00028304
0.000299486
0.00031629
3.28049e-07
1.11521e-06
2.05128e-06
3.14949e-06
4.4231e-06
5.88557e-06
7.55049e-06
9.43154e-06
1.15424e-05
1.38969e-05
1.65085e-05
1.93909e-05
2.25572e-05
2.60204e-05
2.97934e-05
3.38882e-05
3.83166e-05
4.30899e-05
4.82184e-05
5.37119e-05
5.95793e-05
6.58286e-05
7.24668e-05
7.94998e-05
8.69323e-05
9.47678e-05
0.000103009
0.000111655
0.000120708
0.000130164
0.000140021
0.000150273
0.000160915
0.000171938
0.000183333
0.00019509
0.000207197
0.000219642
0.000232414
0.000245504
0.00218318
0.00233913
0.00248692
0.00262481
0.00275139
0.00286555
0.0029665
0.00305369
0.00312683
0.00318582
0.00323074
0.00326181
0.00327937
0.00328383
0.0032757
0.00325553
0.0032239
0.00318147
0.00312893
0.003067
0.00299649
0.00291821
0.00283305
0.00274194
0.00264583
0.00254573
0.00244264
0.00233762
0.00223177
0.00212633
0.00202294
0.00192419
0.00183493
0.00176454
0.00173099
0.00176659
0.00192516
0.00228857
0.00296955
0.00410655
0.00584829
0.00832844
0.0116359
0.015789
0.0207227
0.0262932
0.0322976
0.0385079
0.0447018
0.0506878
0.056321
0.061509
0.0662087
0.0704173
0.0741633
0.0774944
0.0804677
0.083142
0.0855713
0.0878008
0.0898654
0.0917894
0.0935875
0.0952664
0.0968263
0.0982633
0.099571
0.100742
0.101769
0.102646
0.103367
0.103928
0.104327
0.10456
0.104626
0.104523
0.104247
0.103796
0.103167
0.102356
0.101358
0.100172
0.0987928
0.0972221
0.0954618
0.0935175
0.0913991
0.0891207
0.0867018
0.0841679
0.0815511
0.0788915
0.0762382
0.0736512
0.0712018
0.0689713
0.0670477
0.0655185
0.06446
0.0639267
0.0639411
0.0644883
0.0655156
0.0669396
0.0686573
0.0705589
0.0725387
0.0745046
0.0763833
0.0781219
0.0796875
0.0810646
0.0822513
0.0832552
0.0840906
0.0847748
0.0853258
0.0857613
0.0860973
0.0863479
0.0865253
0.0866398
0.0867002
0.0867136
0.0866857
0.0866211
0.0865234
0.0863948
0.0862364
0.0860483
0.0858294
0.085577
0.0852878
0.0849568
0.0845781
0.0841451
0.0836508
0.0830869
0.0824454
0.0817186
0.0809002
0.0799851
0.07897
0.0778543
0.0766404
0.0753336
0.073943
0.0724812
0.0709648
0.0694143
0.0678554
0.0663186
0.0648404
0.0634629
0.062232
0.0611944
0.0603928
0.0598592
0.05961
0.0596422
0.0599328
0.0604423
0.0611204
0.0619115
0.0627617
0.0636231
0.0644566
0.0652332
0.0659338
0.0665479
0.0670716
0.0675063
0.0678566
0.0681287
0.0683301
0.0684682
0.0685501
0.0685827
0.0685722
0.0685244
0.0684445
0.0683373
0.0682068
0.0680565
0.0678894
0.0677074
0.0675117
0.0673025
0.0670791
0.0668396
0.0665814
0.0663007
0.0659929
0.065653
0.0652745
0.0648512
0.0643765
0.0638439
0.0632475
0.0625813
0.0618396
0.0610158
0.0601016
0.0590838
0.0579428
0.0566505
0.0551715
0.0534702
0.0515241
0.0493418
0.0469793
0.0445455
0.0421901
0.0400745
0.0383318
0.0370365
0.0361969
0.0357656
0.0356613
0.0357927
0.0360761
0.0364449
0.0368519
0.0372667
0.0376716
0.0380575
0.0384204
0.0387596
0.039076
0.039371
0.0396467
0.039905
0.0401477
0.0403765
0.0405926
0.0407972
0.0409912
0.0411751
0.0413493
0.041514
0.00202426
0.00217198
0.00231264
0.00244455
0.00256631
0.0026768
0.00277516
0.00286078
0.00293329
0.00299253
0.00303848
0.0030713
0.00309126
0.00309872
0.00309415
0.00307806
0.00305102
0.00301365
0.00296664
0.00291069
0.00284658
0.0027751
0.0026971
0.00261347
0.00252512
0.00243298
0.00233801
0.00224118
0.00214352
0.00204617
0.00195065
0.00185942
0.00177705
0.00171248
0.00168281
0.00171891
0.00187226
0.00222132
0.0028743
0.00396461
0.00563618
0.00801953
0.0112033
0.0152094
0.0199803
0.0253827
0.031226
0.0372932
0.043371
0.0492737
0.0548586
0.0600311
0.0647435
0.0689866
0.0727811
0.0761672
0.0791953
0.0819187
0.0843875
0.0866446
0.0887242
0.0906512
0.0924417
0.0941042
0.0956412
0.097051
0.0983289
0.0994692
0.100466
0.101312
0.102004
0.102538
0.102909
0.103116
0.103155
0.103025
0.102724
0.102247
0.101594
0.100761
0.0997453
0.0985456
0.0971612
0.0955937
0.093847
0.0919284
0.0898485
0.0876225
0.0852697
0.0828151
0.0802893
0.0777302
0.0751838
0.0727061
0.0703634
0.0682317
0.0663932
0.0649298
0.0639139
0.0633977
0.063404
0.0639211
0.0649018
0.0662696
0.0679293
0.0697778
0.071715
0.0736524
0.0755183
0.0772596
0.078842
0.0802472
0.0814703
0.0825163
0.0833963
0.0841254
0.0847199
0.0851963
0.0855696
0.0858537
0.0860605
0.0862002
0.0862816
0.0863117
0.0862965
0.0862405
0.0861471
0.0860185
0.0858558
0.0856591
0.0854271
0.0851576
0.0848472
0.0844914
0.0840849
0.0836216
0.0830954
0.0824992
0.0818263
0.0810705
0.0802267
0.0792913
0.0782625
0.077141
0.0759299
0.0746353
0.0732664
0.0718355
0.0703581
0.0688537
0.0673454
0.0658614
0.064435
0.0631045
0.0619126
0.0609029
0.0601157
0.0595823
0.0593198
0.0593274
0.0595858
0.0600596
0.0607026
0.0614629
0.0622891
0.063135
0.063962
0.0647406
0.0654507
0.0660802
0.066624
0.0670816
0.0674564
0.0677538
0.06798
0.0681421
0.0682468
0.0683007
0.0683097
0.0682795
0.0682151
0.068121
0.0680012
0.0678589
0.0676969
0.0675169
0.0673201
0.0671066
0.0668756
0.0666255
0.0663537
0.0660568
0.0657307
0.0653708
0.0649717
0.0645279
0.0640338
0.0634839
0.0628733
0.0621971
0.0614505
0.0606278
0.0597208
0.0587171
0.0575966
0.0563308
0.0548833
0.0532173
0.0513081
0.0491621
0.0468327
0.0444265
0.0420909
0.0399867
0.0382472
0.0369481
0.0360997
0.0356565
0.0355391
0.0356573
0.0359286
0.0362869
0.0366851
0.0370931
0.0374929
0.0378753
0.0382363
0.0385746
0.038891
0.0391866
0.0394632
0.0397224
0.0399659
0.0401951
0.0404112
0.0406151
0.0408077
0.0409896
0.041161
0.0413223
0.00186323
0.00200209
0.00213494
0.00226019
0.00237646
0.00248263
0.00257781
0.00266135
0.00273279
0.00279191
0.00283863
0.00287303
0.00289532
0.0029058
0.00290488
0.00289305
0.00287083
0.00283882
0.00279767
0.00274806
0.00269073
0.00262644
0.002556
0.00248024
0.00240001
0.0023162
0.00222967
0.00214135
0.00205215
0.00196315
0.00187576
0.00179227
0.00171701
0.00165848
0.00163295
0.00166987
0.0018184
0.00215363
0.0027793
0.00382366
0.00542571
0.00771244
0.0107717
0.0146284
0.0192317
0.0244584
0.0301296
0.0360395
0.0419844
0.0477851
0.0533016
0.0584388
0.0631452
0.067406
0.0712348
0.0746647
0.0777393
0.0805064
0.0830115
0.0852951
0.0873902
0.0893214
0.0911058
0.0927535
0.0942689
0.095652
0.0969001
0.0980088
0.0989732
0.0997881
0.100449
0.100952
0.101294
0.101471
0.101483
0.101325
0.100997
0.100497
0.0998212
0.0989696
0.0979407
0.0967342
0.0953513
0.0937952
0.0920714
0.0901884
0.0881579
0.0859951
0.0837195
0.0813549
0.0789307
0.076482
0.074052
0.0716923
0.0694645
0.0674389
0.0656919
0.0643001
0.0633314
0.0628357
0.0628359
0.063323
0.0642553
0.0655632
0.0671589
0.0689467
0.0708325
0.0727318
0.0745752
0.0763101
0.0779008
0.079327
0.0805811
0.0816648
0.0825867
0.0833593
0.0839971
0.0845147
0.0849264
0.0852452
0.0854827
0.0856489
0.0857523
0.0858001
0.0857981
0.0857507
0.0856614
0.0855324
0.0853648
0.0851585
0.0849127
0.0846251
0.0842927
0.0839116
0.0834771
0.082984
0.0824269
0.0818001
0.0810982
0.0803165
0.0794513
0.0785004
0.0774633
0.0763418
0.0751398
0.0738638
0.0725231
0.0711293
0.0696973
0.0682446
0.0667925
0.0653664
0.0639962
0.062717
0.0615677
0.0605888
0.0598184
0.0592866
0.0590113
0.0589938
0.0592182
0.0596535
0.0602574
0.0609821
0.0617792
0.0626041
0.0634191
0.0641947
0.0649099
0.0655513
0.0661122
0.0665908
0.0669889
0.0673107
0.0675617
0.067748
0.0678759
0.0679515
0.0679805
0.0679683
0.0679197
0.067839
0.0677299
0.0675955
0.0674383
0.0672601
0.0670618
0.0668435
0.0666045
0.0663435
0.066058
0.0657451
0.0654012
0.0650224
0.064604
0.0641414
0.0636302
0.0630658
0.0624443
0.0617618
0.0610142
0.0601967
0.0593014
0.058316
0.0572203
0.0559851
0.0545731
0.0529459
0.0510769
0.0489701
0.0466763
0.0442994
0.0419851
0.0398932
0.0381571
0.0368542
0.0359964
0.0355403
0.0354085
0.0355122
0.0357698
0.0361158
0.0365036
0.0369029
0.037296
0.0376732
0.0380305
0.0383664
0.0386813
0.0389762
0.0392524
0.0395115
0.0397548
0.0399835
0.0401987
0.0404013
0.040592
0.0407713
0.0409395
0.0410971
0.00170112
0.00183053
0.00195496
0.0020729
0.00218302
0.00228424
0.00237564
0.00245654
0.00252644
0.00258505
0.00263223
0.00266799
0.00269248
0.00270594
0.00270873
0.00270127
0.00268406
0.00265765
0.00262264
0.00257968
0.00252946
0.0024727
0.00241016
0.00234261
0.00227084
0.00219565
0.00211787
0.00203831
0.00195784
0.00187742
0.00179836
0.00172282
0.00165488
0.00160258
0.00158144
0.00161949
0.00176364
0.00208562
0.00268476
0.00368409
0.00521752
0.00740818
0.0103427
0.014048
0.0184795
0.0235231
0.0290116
0.0347501
0.0405446
0.0462231
0.0516494
0.0567291
0.0614078
0.0656661
0.0695116
0.0729704
0.0760798
0.0788816
0.0814172
0.0837237
0.0858323
0.0877672
0.0895457
0.0911791
0.0926733
0.0940299
0.0952479
0.0963243
0.0972553
0.0980367
0.0986644
0.099135
0.0994454
0.0995929
0.0995754
0.0993909
0.099038
0.0985151
0.0978214
0.0969566
0.0959208
0.0947154
0.0933432
0.0918089
0.0901193
0.0882838
0.0863149
0.0842279
0.0820418
0.0797794
0.0774682
0.075141
0.0728375
0.0706053
0.0685009
0.0665892
0.0649408
0.0636266
0.0627102
0.0622388
0.0622351
0.0626925
0.0635746
0.0648186
0.0663442
0.0680632
0.0698878
0.0717383
0.073548
0.0752653
0.076854
0.0782921
0.0795693
0.0806847
0.0816439
0.0824569
0.0831359
0.0836939
0.0841438
0.0844977
0.0847665
0.0849598
0.085086
0.0851519
0.0851634
0.0851248
0.0850395
0.0849097
0.0847367
0.0845204
0.0842602
0.0839542
0.0835999
0.0831939
0.0827323
0.0822109
0.0816253
0.080971
0.0802441
0.0794412
0.0785601
0.0775999
0.0765613
0.075447
0.0742615
0.0730117
0.0717066
0.0703573
0.0689775
0.0675831
0.0661932
0.0648303
0.0635214
0.0622979
0.0611951
0.0602503
0.0594991
0.0589708
0.0586833
0.0586402
0.058829
0.0592226
0.0597833
0.0604672
0.0612291
0.0620268
0.0628235
0.0635901
0.0643048
0.0649534
0.0655275
0.0660239
0.066443
0.0667877
0.0670624
0.0672724
0.0674233
0.0675207
0.0675698
0.0675757
0.067543
0.0674757
0.0673772
0.0672506
0.0670981
0.0669214
0.0667214
0.0664982
0.0662513
0.0659795
0.0656808
0.0653527
0.0649923
0.0645962
0.0641607
0.0636822
0.063157
0.0625819
0.0619536
0.0612693
0.0605256
0.0597182
0.0588397
0.0578776
0.0568115
0.0556116
0.0542394
0.0526549
0.0508297
0.0487651
0.0465093
0.0441638
0.0418723
0.0397934
0.0380613
0.0367542
0.0358864
0.0354166
0.035269
0.0353567
0.0355989
0.0359308
0.0363062
0.036695
0.0370792
0.0374494
0.037801
0.0381327
0.0384444
0.0387368
0.0390112
0.0392687
0.0395105
0.0397377
0.039951
0.0401514
0.0403394
0.0405155
0.04068
0.0408333
0.00153911
0.00165858
0.00177402
0.00188405
0.00198741
0.00208305
0.00217008
0.00224778
0.00231565
0.00237332
0.00242061
0.00245747
0.00248397
0.00250032
0.00250679
0.00250376
0.00249167
0.00247102
0.00244236
0.0024063
0.00236346
0.00231451
0.00226015
0.00220108
0.00213803
0.00207174
0.00200294
0.00193237
0.00186082
0.00178917
0.00171862
0.0016512
0.00159073
0.00154487
0.00152833
0.00156782
0.00170804
0.00201743
0.00259091
0.00354633
0.00501231
0.00710785
0.00991767
0.0134704
0.0177265
0.0225803
0.0278756
0.0334284
0.0390546
0.0445897
0.0499025
0.0548999
0.0595263
0.0637585
0.0675989
0.0710676
0.0741958
0.0770197
0.0795759
0.0818983
0.0840156
0.085951
0.0877219
0.08934
0.0908122
0.0921417
0.0933288
0.094372
0.0952684
0.096015
0.0966083
0.0970454
0.0973237
0.0974409
0.0973952
0.0971854
0.0968106
0.0962701
0.0955641
0.0946934
0.0936598
0.0924659
0.091116
0.0896161
0.0879741
0.0862001
0.084307
0.0823099
0.0802272
0.0780804
0.075895
0.0737011
0.0715351
0.0694404
0.0674687
0.0656792
0.0641368
0.0629067
0.0620479
0.0616048
0.0615997
0.0620281
0.0628583
0.0640343
0.0654834
0.0671248
0.0688775
0.0706671
0.0724303
0.074117
0.0756913
0.0771296
0.0784198
0.0795581
0.0805475
0.0813954
0.0821115
0.0827071
0.0831935
0.0835815
0.0838811
0.0841015
0.0842505
0.0843347
0.0843597
0.0843299
0.0842486
0.084118
0.0839395
0.0837133
0.083439
0.0831153
0.0827402
0.082311
0.0818247
0.0812781
0.0806679
0.079991
0.0792448
0.0784273
0.0775377
0.0765762
0.0755445
0.0744461
0.073286
0.0720712
0.0708103
0.0695137
0.0681938
0.0668649
0.0655438
0.0642502
0.0630079
0.0618448
0.0607927
0.0598855
0.0591564
0.0586332
0.0583344
0.0582653
0.0584167
0.0587656
0.0592787
0.0599161
0.0606364
0.0613996
0.0621707
0.062921
0.0636285
0.0642779
0.0648598
0.0653696
0.065806
0.0661708
0.0664672
0.0666994
0.0668723
0.0669907
0.0670596
0.0670834
0.0670663
0.0670122
0.0669243
0.0668054
0.0666575
0.0664823
0.0662807
0.0660529
0.0657987
0.065517
0.0652064
0.0648648
0.06449
0.0640794
0.0636301
0.0631395
0.0626049
0.0620238
0.061394
0.0607134
0.0599794
0.0591879
0.0583319
0.0573988
0.0563678
0.0552082
0.0538805
0.0523431
0.0505653
0.0485462
0.0463312
0.0440192
0.0417519
0.0396872
0.0379592
0.0366479
0.0357695
0.0352848
0.0351202
0.0351902
0.0354151
0.035731
0.0360919
0.0364678
0.0368411
0.0372019
0.0375458
0.0378711
0.0381775
0.0384656
0.0387363
0.0389905
0.0392293
0.0394534
0.0396637
0.0398607
0.040045
0.0402171
0.0403771
0.0405255
0.00137856
0.00148768
0.00159367
0.00169526
0.0017913
0.00188079
0.00196287
0.00203683
0.00210215
0.00215842
0.00220543
0.00224307
0.00227135
0.0022904
0.00230046
0.00230184
0.0022949
0.0022801
0.00225792
0.0022289
0.00219362
0.00215267
0.00210669
0.0020563
0.00200217
0.00194494
0.00188529
0.00182387
0.00176139
0.00169865
0.00163674
0.00157755
0.00152471
0.00148543
0.00147372
0.00151495
0.0016517
0.0019492
0.00249801
0.00341079
0.00481079
0.00681252
0.00949839
0.0128978
0.0169755
0.0216336
0.0267257
0.0320789
0.0375184
0.0428883
0.0480625
0.0529507
0.057497
0.0616758
0.0654853
0.0689404
0.0720666
0.0748951
0.0774578
0.0797847
0.0819022
0.0838319
0.0855906
0.08719
0.088638
0.0899386
0.0910934
0.092102
0.0929627
0.0936735
0.0942318
0.0946354
0.0948822
0.0949706
0.0948996
0.0946684
0.094277
0.0937259
0.0930163
0.09215
0.0911303
0.089961
0.0886477
0.0871974
0.0856188
0.0839225
0.0821214
0.0802302
0.0782663
0.0762497
0.0742038
0.0721561
0.0701394
0.0681931
0.0663637
0.0647053
0.0632766
0.0621375
0.0613421
0.0609317
0.0609278
0.061328
0.0621047
0.0632087
0.0645745
0.066129
0.0677983
0.0695137
0.0712158
0.072857
0.0744018
0.0758261
0.077116
0.0782656
0.0792752
0.0801496
0.0808963
0.0815244
0.0820432
0.0824625
0.082791
0.0830371
0.083208
0.0833099
0.0833482
0.0833271
0.0832499
0.0831188
0.0829354
0.0827004
0.0824135
0.082074
0.0816806
0.0812316
0.0807248
0.0801582
0.0795295
0.0788371
0.0780796
0.0772563
0.0763675
0.0754146
0.0744001
0.0733281
0.0722038
0.0710341
0.0698271
0.0685925
0.0673411
0.0660856
0.0648404
0.0636227
0.0624529
0.0613554
0.0603584
0.0594925
0.0587884
0.0582725
0.0579633
0.0578679
0.0579801
0.058281
0.0587417
0.0593267
0.0599981
0.060719
0.0614561
0.0621815
0.0628735
0.0635161
0.0640988
0.0646157
0.0650643
0.0654448
0.0657594
0.0660111
0.0662038
0.0663417
0.066429
0.0664698
0.0664679
0.0664266
0.066349
0.0662376
0.0660945
0.0659212
0.0657186
0.0654873
0.065227
0.0649372
0.064617
0.0642648
0.0638791
0.063458
0.0629996
0.062502
0.0619636
0.0613826
0.0607578
0.0600876
0.05937
0.0586012
0.0577743
0.0568765
0.0558865
0.0547729
0.0534948
0.052009
0.0502828
0.0483127
0.0461413
0.0438651
0.0416237
0.039574
0.0378507
0.036535
0.0356452
0.0351446
0.0349615
0.035012
0.0352177
0.0355154
0.0358595
0.0362203
0.03658
0.0369291
0.0372628
0.0375792
0.0378779
0.0381594
0.0384242
0.0386732
0.0389071
0.0391265
0.0393321
0.0395244
0.0397038
0.0398707
0.0400254
0.0401682
0.00122095
0.00131945
0.00141563
0.00150836
0.0015966
0.00167943
0.00175603
0.00182573
0.00188798
0.0019424
0.0019887
0.00202674
0.00205648
0.00207801
0.00209148
0.00209713
0.00209528
0.0020863
0.00207062
0.0020487
0.00202105
0.00198819
0.00195067
0.00190907
0.00186394
0.00181589
0.00176547
0.00171329
0.00165995
0.00160618
0.00155298
0.00150211
0.00145697
0.0014244
0.00141769
0.00146097
0.00159473
0.00188108
0.00240632
0.00327792
0.00461367
0.00652334
0.00908646
0.0123325
0.0162297
0.0206868
0.0255665
0.0307063
0.0359411
0.041123
0.0461324
0.0508823
0.055318
0.0594126
0.0631611
0.0665742
0.0696729
0.0724833
0.0750329
0.0773482
0.0794527
0.0813663
0.0831047
0.0846794
0.0860984
0.0873666
0.0884865
0.0894587
0.0902827
0.0909573
0.0914809
0.0918522
0.09207
0.0921333
0.0920419
0.0917961
0.0913965
0.0908448
0.0901433
0.0892949
0.088304
0.0871755
0.085916
0.0845333
0.0830365
0.0814364
0.0797454
0.0779778
0.0761496
0.0742793
0.0723879
0.0705001
0.0686452
0.0668586
0.065182
0.0636638
0.0623572
0.0613162
0.0605902
0.0602172
0.0602176
0.0605905
0.0613125
0.0623402
0.0636157
0.0650736
0.0666471
0.0682736
0.0698984
0.0714768
0.0729745
0.0743677
0.075641
0.0767868
0.0778032
0.0786926
0.0794599
0.0801122
0.080657
0.0811022
0.0814557
0.0817245
0.0819152
0.0820335
0.0820843
0.0820716
0.0819988
0.0818682
0.0816814
0.0814396
0.0811429
0.0807914
0.0803845
0.0799212
0.0794005
0.0788214
0.078183
0.0774847
0.0767263
0.0759084
0.0750322
0.0741
0.073115
0.0720815
0.071005
0.069892
0.0687499
0.0675875
0.0664142
0.0652407
0.0640794
0.0629445
0.0618534
0.060827
0.0598899
0.0590693
0.0583933
0.0578868
0.0575684
0.0574464
0.0575177
0.0577673
0.0581707
0.0586968
0.0593116
0.0599813
0.0606748
0.0613656
0.0620322
0.0626586
0.0632333
0.0637493
0.0642029
0.064593
0.0649205
0.0651873
0.0653964
0.065551
0.0656547
0.0657108
0.0657228
0.0656935
0.0656259
0.0655221
0.0653842
0.0652136
0.0650114
0.0647783
0.0645144
0.0642195
0.0638931
0.0635346
0.0631428
0.0627168
0.0622554
0.0617576
0.0612224
0.0606492
0.060037
0.0593851
0.0586916
0.0579532
0.0571629
0.0563074
0.0553652
0.0543036
0.0530807
0.0516515
0.0499811
0.0480637
0.045939
0.0437008
0.041487
0.0394534
0.0377352
0.036415
0.0355132
0.0349955
0.0347923
0.0348215
0.0350059
0.0352831
0.0356079
0.035951
0.0362946
0.0366291
0.0369498
0.0372547
0.0375431
0.0378153
0.0380718
0.0383132
0.0385399
0.0387526
0.0389517
0.0391376
0.0393106
0.0394711
0.0396193
0.0397555
0.0010679
0.00115566
0.00124181
0.00132538
0.00140545
0.00148119
0.00155185
0.0016168
0.00167551
0.00172759
0.00177273
0.00181077
0.00184161
0.00186528
0.00188188
0.00189158
0.00189463
0.00189134
0.00188205
0.00186715
0.00184707
0.00182226
0.00179319
0.00176035
0.00172422
0.00168531
0.00164412
0.00160116
0.00155696
0.00151216
0.00146768
0.00142513
0.00138773
0.00136196
0.00136041
0.00140601
0.00153726
0.00181325
0.00231611
0.00314817
0.00442169
0.00624143
0.00868359
0.0117769
0.0154922
0.0197439
0.0244029
0.0293161
0.0343281
0.0392994
0.0441168
0.0486978
0.0529899
0.0569659
0.0606192
0.0639573
0.0669974
0.0697613
0.0722728
0.0745548
0.076628
0.0785103
0.080216
0.0817561
0.0831386
0.0843688
0.0854497
0.086383
0.087169
0.0878075
0.088298
0.08864
0.0888332
0.0888776
0.0887739
0.0885231
0.0881271
0.0875884
0.0869103
0.0860968
0.085153
0.0840848
0.0828995
0.0816051
0.080211
0.0787277
0.0771672
0.0755426
0.0738686
0.0721616
0.0704406
0.0687273
0.0670476
0.0654328
0.0639197
0.0625515
0.0613755
0.0604402
0.0597899
0.0594592
0.0594673
0.0598141
0.0604798
0.0614272
0.0626052
0.0639562
0.0654207
0.0669425
0.0684722
0.0699684
0.071399
0.0727407
0.0739777
0.0751011
0.0761071
0.0769958
0.0777702
0.0784349
0.0789958
0.079459
0.0798308
0.0801173
0.080324
0.0804561
0.080518
0.0805135
0.0804456
0.080317
0.0801295
0.0798845
0.0795829
0.0792252
0.0788116
0.0783423
0.0778171
0.0772361
0.0765995
0.0759077
0.0751618
0.0743631
0.0735138
0.0726168
0.0716757
0.0706949
0.0696798
0.0686364
0.0675715
0.0664926
0.0654078
0.0643258
0.0632568
0.0622123
0.0612066
0.0602571
0.0593849
0.0586139
0.0579693
0.0574747
0.057148
0.0569993
0.057028
0.0572229
0.0575639
0.0580243
0.0585742
0.0591831
0.0598225
0.0604674
0.0610973
0.0616961
0.062252
0.062757
0.0632064
0.0635979
0.0639311
0.0642069
0.0644272
0.0645942
0.0647108
0.0647797
0.0648036
0.0647853
0.0647271
0.0646311
0.0644991
0.0643328
0.0641331
0.063901
0.063637
0.0633414
0.0630141
0.062655
0.0622638
0.06184
0.0613835
0.0608938
0.0603707
0.059814
0.0592237
0.058599
0.0579387
0.0572393
0.0564937
0.0556884
0.054801
0.0537981
0.0526364
0.0512691
0.0496593
0.0477984
0.0457236
0.043526
0.0413416
0.0393252
0.0376124
0.0362875
0.0353731
0.0348371
0.0346123
0.0346183
0.0347792
0.0350334
0.0353363
0.0356588
0.0359834
0.0363005
0.0366052
0.0368955
0.0371706
0.0374307
0.037676
0.037907
0.0381241
0.0383277
0.0385181
0.0386956
0.0388605
0.0390131
0.0391534
0.0392819
0.000921115
0.000998165
0.00107423
0.00114849
0.00122015
0.00128849
0.00135284
0.00141263
0.00146735
0.00151663
0.00156016
0.00159774
0.00162925
0.00165466
0.00167402
0.00168743
0.00169508
0.0016972
0.00169405
0.00168596
0.00167325
0.00165631
0.00163552
0.00161128
0.00158401
0.00155412
0.00152203
0.00148816
0.00145299
0.00141707
0.00138122
0.00134695
0.00131727
0.00129832
0.00130204
0.00135022
0.00147946
0.00174592
0.00222768
0.003022
0.00423556
0.00596792
0.00829143
0.0112334
0.0147663
0.0188092
0.0232399
0.0279143
0.0326861
0.037424
0.0420217
0.0464021
0.0505154
0.0543359
0.057856
0.0610816
0.0640269
0.0667106
0.069153
0.071374
0.0733919
0.0752223
0.0768782
0.0783698
0.0797048
0.0808885
0.0819246
0.0828153
0.0835619
0.084165
0.0846251
0.0849426
0.0851181
0.0851526
0.0850477
0.0848054
0.0844283
0.0839199
0.0832842
0.0825262
0.0816514
0.0806664
0.0795785
0.078396
0.0771279
0.0757844
0.0743762
0.0729155
0.0714153
0.0698901
0.0683562
0.0668328
0.0653422
0.0639116
0.0625733
0.0613652
0.0603288
0.0595069
0.058939
0.0586559
0.0586749
0.0589969
0.0596053
0.0604681
0.0615414
0.0627747
0.0641162
0.0655166
0.0669316
0.0683244
0.0696653
0.0709322
0.0721099
0.0731884
0.0741627
0.0750312
0.0757948
0.0764563
0.0770196
0.0774891
0.0778698
0.0781664
0.0783836
0.0785256
0.0785963
0.0785992
0.0785373
0.0784131
0.0782288
0.077986
0.0776864
0.0773309
0.0769206
0.0764565
0.0759393
0.0753701
0.07475
0.0740805
0.0733632
0.0726005
0.071795
0.0709499
0.0700692
0.0691571
0.0682187
0.0672594
0.0662851
0.065302
0.0643168
0.0633365
0.0623689
0.0614229
0.0605097
0.0596433
0.0588412
0.0581242
0.0575146
0.0570342
0.0567007
0.0565251
0.0565095
0.0566463
0.0569196
0.0573071
0.0577832
0.0583209
0.0588947
0.0594814
0.0600617
0.0606199
0.0611441
0.0616259
0.0620596
0.062442
0.0627715
0.063048
0.0632723
0.0634459
0.0635705
0.0636484
0.0636818
0.0636726
0.0636231
0.0635352
0.0634104
0.0632504
0.0630564
0.0628295
0.0625705
0.06228
0.0619586
0.0616066
0.0612244
0.060812
0.0603699
0.0598984
0.0593977
0.0588682
0.05831
0.0577229
0.0571057
0.0564549
0.0557631
0.0550164
0.0541917
0.0532546
0.0521604
0.0508606
0.0493163
0.047516
0.0454944
0.04334
0.0411868
0.0391888
0.037482
0.0361522
0.0352244
0.034669
0.0344209
0.0344017
0.0345368
0.0347655
0.0350438
0.0353429
0.0356454
0.0359419
0.0362273
0.0364998
0.0367584
0.0370031
0.0372342
0.0374519
0.0376565
0.0378483
0.0380276
0.0381945
0.0383493
0.0384921
0.0386231
0.0387426
0.000782333
0.000848901
0.000915003
0.000979972
0.00104315
0.00110392
0.0011617
0.00121599
0.00126635
0.0013124
0.00135386
0.00139051
0.00142221
0.00144888
0.00147053
0.00148721
0.00149902
0.00150613
0.00150873
0.00150706
0.00150137
0.00149196
0.00147912
0.00146318
0.00144447
0.00142332
0.00140007
0.00137507
0.00134871
0.00132147
0.00129409
0.00126796
0.00124591
0.00123374
0.0012428
0.0012938
0.00142151
0.0016793
0.00214131
0.00289986
0.00405603
0.00570393
0.00791168
0.0107044
0.0140553
0.0178867
0.0220828
0.0265072
0.0310223
0.0355045
0.0398552
0.0440025
0.0479007
0.0515263
0.0548724
0.0579441
0.060754
0.0633184
0.0656553
0.0677821
0.0697147
0.0714672
0.0730511
0.0744757
0.0757484
0.0768744
0.0778577
0.0787011
0.0794064
0.0799753
0.0804089
0.0807085
0.0808757
0.0809123
0.0808207
0.0806036
0.0802645
0.0798075
0.079237
0.0785585
0.0777779
0.0769017
0.0759373
0.0748925
0.0737759
0.0725965
0.0713643
0.0700896
0.0687838
0.0674593
0.0661301
0.0648123
0.0635251
0.0622916
0.0611398
0.0601021
0.0592145
0.0585143
0.0580355
0.0578052
0.0578388
0.0581375
0.0586874
0.0594614
0.0604224
0.0615271
0.0627313
0.0639924
0.0652722
0.0665383
0.0677646
0.068931
0.0700229
0.0710305
0.0719479
0.0727723
0.0735031
0.0741415
0.0746895
0.0751503
0.0755271
0.0758235
0.0760432
0.0761896
0.076266
0.0762754
0.0762206
0.0761043
0.0759286
0.0756956
0.0754072
0.0750651
0.074671
0.0742264
0.0737331
0.0731927
0.0726072
0.0719785
0.0713092
0.0706019
0.0698595
0.0690855
0.0682836
0.067458
0.066613
0.0657534
0.0648841
0.0640101
0.0631366
0.0622688
0.0614121
0.0605731
0.0597599
0.0589831
0.0582568
0.0575983
0.0570274
0.0565637
0.0562247
0.0560222
0.0559604
0.0560356
0.0562357
0.0565432
0.0569362
0.0573919
0.0578875
0.0584025
0.0589189
0.0594219
0.0598999
0.0603442
0.0607486
0.0611091
0.0614232
0.06169
0.0619092
0.0620814
0.0622078
0.0622898
0.0623288
0.0623267
0.062285
0.0622055
0.0620897
0.0619391
0.061755
0.0615386
0.0612912
0.0610135
0.0607066
0.0603712
0.0600082
0.0596182
0.0592019
0.0587603
0.0582938
0.0578033
0.057289
0.0567509
0.0561878
0.0555959
0.0549676
0.0542886
0.0535348
0.052671
0.0516511
0.0504249
0.048951
0.0472158
0.0452509
0.0431424
0.0410223
0.0390438
0.0373435
0.0360088
0.0350668
0.0344908
0.0342178
0.0341714
0.0342783
0.0344789
0.0347297
0.0350024
0.0352797
0.0355522
0.0358152
0.0360664
0.036305
0.0365311
0.0367446
0.0369458
0.0371349
0.0373121
0.0374775
0.0376314
0.0377738
0.037905
0.038025
0.038134
0.000653279
0.000709782
0.000766239
0.000822123
0.000876908
0.000930088
0.000981186
0.00102977
0.00107546
0.00111791
0.00115687
0.00119211
0.00122348
0.00125088
0.00127427
0.00129364
0.00130906
0.0013206
0.00132839
0.0013326
0.0013334
0.001331
0.00132563
0.00131752
0.00130691
0.00129408
0.00127927
0.00126276
0.00124488
0.00122601
0.00120683
0.00118861
0.00117402
0.00116854
0.00118297
0.00123697
0.00136363
0.00161363
0.00205735
0.00278224
0.0038838
0.00545056
0.00754593
0.0101922
0.0133622
0.0169808
0.0209372
0.0251016
0.0293444
0.03355
0.0376266
0.0415087
0.0451553
0.0485458
0.0516751
0.0545489
0.0571792
0.0595814
0.0617717
0.0637659
0.0655785
0.0672219
0.0687069
0.0700419
0.0712338
0.0722879
0.0732083
0.0739982
0.07466
0.075196
0.0756081
0.0758983
0.0760688
0.0761222
0.0760613
0.0758895
0.0756106
0.075229
0.0747495
0.0741775
0.0735186
0.0727793
0.0719663
0.0710867
0.0701482
0.0691586
0.0681264
0.0670604
0.0659701
0.0648658
0.0637589
0.0626629
0.0615937
0.0605705
0.0596169
0.0587602
0.0580309
0.0574603
0.0570777
0.0569057
0.0569575
0.0572342
0.0577245
0.0584056
0.0592467
0.0602117
0.0612637
0.0623672
0.0634902
0.0646054
0.0656905
0.0667281
0.0677052
0.0686127
0.0694446
0.0701974
0.0708695
0.0714608
0.0719722
0.0724053
0.0727623
0.0730455
0.0732576
0.0734013
0.0734792
0.0734939
0.0734479
0.0733436
0.0731834
0.0729696
0.0727042
0.0723893
0.0720271
0.0716197
0.0711691
0.0706777
0.0701477
0.0695816
0.068982
0.0683519
0.0676942
0.0670121
0.0663092
0.065589
0.0648554
0.0641122
0.0633632
0.0626124
0.0618632
0.0611191
0.0603835
0.0596604
0.0589549
0.0582744
0.0576297
0.0570345
0.0565058
0.0560616
0.0557183
0.0554887
0.0553792
0.0553891
0.0555107
0.0557304
0.056031
0.0563933
0.056798
0.0572269
0.0576641
0.058096
0.0585115
0.0589023
0.0592618
0.0595856
0.0598707
0.0601152
0.0603183
0.0604797
0.0605999
0.0606797
0.0607199
0.0607219
0.060687
0.0606165
0.0605118
0.0603744
0.0602055
0.0600064
0.0597785
0.0595229
0.0592408
0.0589333
0.0586014
0.0582463
0.0578689
0.0574702
0.0570512
0.0566127
0.056155
0.0556782
0.0551807
0.0546589
0.0541044
0.0535024
0.0528284
0.0520457
0.0511071
0.0499606
0.0485627
0.0468969
0.0449924
0.0429326
0.0408477
0.03889
0.0371966
0.0358568
0.0349001
0.0343021
0.0340027
0.033927
0.0340034
0.0341733
0.0343938
0.034637
0.0348859
0.0351312
0.0353682
0.0355947
0.0358099
0.0360138
0.0362064
0.0363877
0.0365582
0.0367177
0.0368666
0.0370049
0.0371327
0.0372501
0.0373573
0.0374545
0.000535584
0.000582638
0.000629962
0.000677161
0.000723833
0.000769582
0.000814029
0.000856824
0.000897647
0.000936215
0.000972285
0.00100566
0.00103617
0.00106371
0.00108821
0.00110962
0.00112795
0.00114322
0.0011555
0.00116489
0.00117148
0.00117541
0.00117683
0.0011759
0.00117279
0.00116768
0.00116076
0.00115224
0.00114235
0.00113144
0.00112008
0.00110945
0.00110206
0.00110311
0.00112285
0.00118002
0.00130608
0.0015492
0.00197613
0.00266961
0.0037196
0.00520888
0.00719576
0.00969905
0.0126902
0.0160956
0.0198082
0.0237041
0.0276607
0.03157
0.0353473
0.0389333
0.0422923
0.0454078
0.0482775
0.0509085
0.0533136
0.0555082
0.057508
0.0593282
0.0609823
0.062482
0.0638375
0.0650568
0.0661466
0.0671121
0.0679577
0.0686869
0.0693025
0.0698071
0.0702034
0.0704937
0.0706807
0.0707673
0.0707566
0.0706521
0.0704578
0.0701778
0.0698167
0.0693795
0.0688713
0.0682978
0.0676648
0.0669783
0.0662447
0.0654705
0.0646625
0.0638277
0.0629738
0.0621088
0.0612418
0.0603835
0.0595466
0.0587469
0.0580033
0.0573381
0.0567764
0.0563439
0.0560642
0.0559559
0.0560295
0.0562858
0.0567152
0.0572992
0.0580128
0.0588269
0.0597118
0.0606392
0.0615834
0.0625227
0.0634392
0.0643186
0.0651503
0.0659265
0.0666418
0.0672927
0.0678771
0.0683945
0.0688446
0.0692283
0.0695467
0.0698013
0.0699938
0.0701263
0.0702006
0.070219
0.0701836
0.0700966
0.0699601
0.0697764
0.0695476
0.0692761
0.068964
0.0686136
0.0682272
0.0678072
0.0673559
0.066876
0.0663699
0.0658404
0.0652903
0.0647223
0.0641394
0.0635446
0.062941
0.0623313
0.0617186
0.0611052
0.0604933
0.0598846
0.0592805
0.0586824
0.0580927
0.0575156
0.0569581
0.0564311
0.0559485
0.0555261
0.0551799
0.054923
0.0547639
0.054705
0.0547425
0.0548671
0.0550658
0.0553234
0.055624
0.0559523
0.0562945
0.0566386
0.0569747
0.0572947
0.0575924
0.0578634
0.0581041
0.0583123
0.0584866
0.0586263
0.0587312
0.0588015
0.0588377
0.0588406
0.0588111
0.0587503
0.0586593
0.0585394
0.0583918
0.0582178
0.0580186
0.0577955
0.0575497
0.0572825
0.0569951
0.0566885
0.0563639
0.0560224
0.0556649
0.0552921
0.0549044
0.0545015
0.0540819
0.0536413
0.0531713
0.0526562
0.0520707
0.0513773
0.0505273
0.0494669
0.0481504
0.0465588
0.0447184
0.0427102
0.0406624
0.0387267
0.037041
0.035696
0.0347238
0.0341029
0.0337752
0.0336683
0.033712
0.0338486
0.0340361
0.0342468
0.0344642
0.0346791
0.0348867
0.0350852
0.0352736
0.035452
0.0356202
0.0357786
0.0359272
0.0360663
0.0361959
0.0363161
0.036427
0.0365287
0.0366214
0.0367052
0.000430711
0.000469118
0.000508015
0.000547124
0.000586152
0.000624807
0.000662805
0.000699877
0.000735769
0.000770252
0.000803122
0.0008342
0.000863337
0.000890413
0.000915337
0.000938046
0.0009585
0.000976687
0.000992616
0.00100632
0.00101784
0.00102725
0.00103462
0.00104006
0.00104365
0.00104552
0.00104578
0.00104457
0.00104207
0.00103856
0.00103453
0.00103107
0.00103053
0.00103785
0.00106281
0.00112326
0.00124915
0.00148631
0.00189804
0.00256248
0.00356413
0.00497991
0.00686265
0.00922697
0.0120422
0.015235
0.018701
0.0223214
0.0259798
0.0295752
0.0330299
0.0362913
0.0393293
0.042132
0.0447009
0.0470457
0.049181
0.0511232
0.0528887
0.0544927
0.055949
0.0572691
0.0584632
0.0595393
0.0605041
0.0613632
0.0621211
0.0627814
0.0633476
0.0638224
0.0642085
0.0645088
0.0647258
0.0648625
0.0649219
0.0649072
0.0648218
0.0646693
0.0644538
0.0641791
0.0638497
0.0634699
0.0630442
0.0625773
0.0620741
0.0615395
0.0609784
0.0603962
0.0597983
0.0591907
0.0585803
0.057975
0.0573845
0.0568209
0.0562987
0.0558356
0.0554508
0.0551644
0.0549945
0.0549551
0.055054
0.0552909
0.0556581
0.0561407
0.0567192
0.0573714
0.0580746
0.0588077
0.0595517
0.0602905
0.0610111
0.0617031
0.0623585
0.0629717
0.0635385
0.0640562
0.0645229
0.0649378
0.0653006
0.0656116
0.0658711
0.0660803
0.0662401
0.0663519
0.0664171
0.0664374
0.0664145
0.0663501
0.0662461
0.0661045
0.0659272
0.0657162
0.0654735
0.0652012
0.0649014
0.0645763
0.0642279
0.0638584
0.0634701
0.0630651
0.0626456
0.062214
0.0617723
0.0613229
0.0608678
0.0604091
0.0599483
0.0594868
0.0590253
0.0585638
0.0581016
0.0576379
0.0571721
0.0567052
0.056241
0.0557869
0.0553539
0.0549559
0.0546078
0.0543233
0.0541128
0.0539815
0.0539295
0.0539516
0.0540393
0.0541811
0.0543649
0.0545784
0.0548101
0.05505
0.0552895
0.0555215
0.0557403
0.0559416
0.0561221
0.0562794
0.0564117
0.0565181
0.0565979
0.0566509
0.0566773
0.0566774
0.0566519
0.0566014
0.0565268
0.0564291
0.0563093
0.0561684
0.0560076
0.055828
0.0556307
0.0554168
0.0551874
0.0549434
0.0546859
0.0544158
0.0541339
0.0538406
0.0535362
0.0532201
0.0528903
0.0525423
0.0521672
0.0517487
0.0512608
0.0506648
0.0499107
0.0489429
0.0477134
0.0462007
0.0444283
0.0424746
0.040466
0.0385538
0.0368762
0.035526
0.0345378
0.0338927
0.0335354
0.0333954
0.0334042
0.0335051
0.0336569
0.0338325
0.0340155
0.0341969
0.0343722
0.0345395
0.0346981
0.0348478
0.0349888
0.0351212
0.0352453
0.0353612
0.0354691
0.035569
0.035661
0.0357454
0.0358221
0.0358913
0.000339868
0.0003706
0.000401953
0.000433747
0.000465784
0.000497863
0.000529784
0.000561355
0.000592388
0.000622709
0.000652157
0.000680583
0.000707859
0.000733872
0.000758526
0.000781745
0.000803468
0.00082365
0.000842264
0.000859294
0.000874741
0.000888618
0.000900948
0.000911765
0.000921113
0.000929044
0.000935622
0.000940926
0.000945072
0.000948268
0.000950953
0.000954121
0.000959986
0.000973257
0.00100326
0.00106704
0.00119319
0.00142532
0.00182346
0.00246136
0.00341811
0.00476463
0.00654797
0.00877791
0.0114208
0.0144025
0.0176206
0.0209601
0.0243102
0.0275767
0.0306887
0.0336004
0.0362877
0.0387442
0.0409756
0.0429953
0.0448205
0.0464695
0.0479604
0.0493096
0.0505314
0.0516384
0.052641
0.0535479
0.0543661
0.0551015
0.055759
0.0563427
0.0568559
0.0573017
0.0576828
0.0580018
0.0582611
0.0584631
0.0586103
0.0587052
0.0587503
0.0587484
0.0587022
0.0586145
0.0584881
0.0583262
0.0581315
0.0579072
0.0576565
0.0573823
0.057088
0.0567768
0.0564524
0.0561185
0.0557798
0.0554414
0.0551101
0.0547945
0.0545048
0.0542536
0.0540548
0.0539222
0.0538685
0.0539031
0.0540302
0.0542488
0.0545521
0.0549288
0.0553648
0.0558443
0.0563519
0.0568735
0.0573971
0.0579124
0.0584117
0.0588888
0.0593392
0.0597596
0.0601479
0.0605026
0.0608229
0.0611081
0.0613584
0.0615739
0.0617549
0.061902
0.062016
0.0620978
0.0621483
0.0621686
0.0621598
0.0621233
0.0620604
0.0619723
0.0618607
0.0617268
0.0615721
0.0613982
0.0612066
0.0609987
0.060776
0.0605401
0.0602923
0.0600343
0.0597674
0.059493
0.0592126
0.0589273
0.0586385
0.0583469
0.0580533
0.0577576
0.0574592
0.0571563
0.0568464
0.0565262
0.0561923
0.0558427
0.0554776
0.055101
0.0547211
0.0543496
0.0540005
0.0536879
0.0534238
0.0532165
0.0530698
0.0529826
0.0529506
0.0529666
0.0530218
0.0531074
0.0532145
0.0533351
0.0534623
0.0535903
0.0537142
0.0538304
0.0539358
0.0540281
0.0541058
0.0541676
0.0542128
0.0542409
0.0542518
0.0542456
0.0542224
0.0541827
0.054127
0.0540558
0.0539699
0.05387
0.0537567
0.053631
0.0534935
0.0533451
0.0531864
0.0530183
0.0528413
0.0526559
0.0524627
0.0522619
0.0520532
0.0518358
0.0516072
0.0513626
0.0510925
0.05078
0.0503983
0.0499077
0.0492568
0.0483881
0.0472513
0.0458223
0.0441217
0.0422254
0.0402583
0.0383707
0.036702
0.0353466
0.0343419
0.0336716
0.0332832
0.0331085
0.0330803
0.0331434
0.0332573
0.0333953
0.0335414
0.0336869
0.0338274
0.033961
0.0340871
0.0342057
0.0343169
0.0344211
0.0345185
0.0346092
0.0346935
0.0347714
0.0348432
0.0349088
0.0349685
0.0350224
0.000263936
0.000288104
0.000312948
0.000338361
0.000364223
0.000390408
0.000416789
0.000443239
0.000469631
0.000495843
0.000521759
0.000547268
0.000572266
0.000596659
0.000620361
0.000643295
0.000665392
0.000686595
0.000706853
0.000726125
0.000744378
0.000761587
0.000777736
0.000792815
0.000806823
0.000819763
0.000831649
0.000842511
0.000852414
0.00086151
0.000870177
0.000879329
0.000891058
0.000909857
0.000944657
0.00101179
0.00113859
0.00136661
0.00175285
0.0023668
0.00328223
0.004564
0.00625297
0.00835355
0.0108282
0.0136013
0.0165712
0.019626
0.0226602
0.0255859
0.0283391
0.0308809
0.0331938
0.0352771
0.0371417
0.0388051
0.0402879
0.0416114
0.0427958
0.0438593
0.0448177
0.0456849
0.0464721
0.0471889
0.0478431
0.0484411
0.0489881
0.0494884
0.0499456
0.0503625
0.0507418
0.0510855
0.0513955
0.0516736
0.0519212
0.0521399
0.052331
0.0524958
0.0526358
0.0527522
0.0528463
0.0529193
0.0529726
0.0530075
0.0530252
0.053027
0.0530143
0.0529886
0.0529512
0.0529041
0.0528493
0.0527898
0.052729
0.052672
0.0526249
0.0525949
0.0525903
0.0526189
0.0526875
0.0528002
0.0529581
0.0531586
0.053396
0.0536623
0.0539483
0.0542451
0.0545443
0.0548392
0.0551246
0.0553966
0.0556529
0.055892
0.0561131
0.056316
0.0565008
0.0566679
0.0568176
0.0569506
0.0570673
0.0571684
0.0572542
0.0573255
0.0573827
0.0574264
0.0574572
0.0574756
0.0574823
0.0574778
0.0574627
0.0574376
0.0574032
0.05736
0.0573087
0.0572498
0.057184
0.0571117
0.0570337
0.0569504
0.0568623
0.0567701
0.0566741
0.0565748
0.0564726
0.0563679
0.0562607
0.0561509
0.056038
0.0559208
0.0557972
0.0556638
0.055516
0.0553481
0.055154
0.0549283
0.0546679
0.0543732
0.0540494
0.0537062
0.0533565
0.0530149
0.0526951
0.0524083
0.0521618
0.0519592
0.0518001
0.0516814
0.0515984
0.0515453
0.0515161
0.0515052
0.0515075
0.0515185
0.0515348
0.0515532
0.0515713
0.0515875
0.0516001
0.0516081
0.0516108
0.0516077
0.0515983
0.0515824
0.0515601
0.0515313
0.0514961
0.0514548
0.0514075
0.0513545
0.051296
0.0512324
0.0511638
0.0510907
0.0510132
0.0509316
0.050846
0.0507565
0.050663
0.0505655
0.0504631
0.0503546
0.0502372
0.0501054
0.0499493
0.0497514
0.0494839
0.0491062
0.0485654
0.0478021
0.0467636
0.045423
0.0437981
0.0419623
0.0400387
0.0381773
0.036518
0.0351575
0.0341358
0.0334396
0.033019
0.0328079
0.0327412
0.0327647
0.0328388
0.0329374
0.0330448
0.0331525
0.0332562
0.0333544
0.0334463
0.0335322
0.0336123
0.0336869
0.0337562
0.0338207
0.0338804
0.0339355
0.0339863
0.0340328
0.0340752
0.0341137
0.0416366
0.0417225
0.0418053
0.0418849
0.0419612
0.0420342
0.0421039
0.0421701
0.0422329
0.0422922
0.0423479
0.0424
0.0424484
0.0424933
0.0425345
0.0425721
0.0426062
0.0426368
0.042664
0.0426878
0.0427084
0.0427259
0.0427404
0.0427522
0.0427613
0.0427681
0.0427726
0.0427752
0.042776
0.0427754
0.0427735
0.0427706
0.042767
0.042763
0.0427588
0.0427547
0.0427509
0.0427477
0.0427452
0.0427438
0.0414417
0.0415252
0.0416053
0.041682
0.0417554
0.0418253
0.0418918
0.0419547
0.0420142
0.04207
0.0421222
0.0421709
0.0422159
0.0422572
0.0422951
0.0423293
0.0423601
0.0423874
0.0424114
0.0424322
0.0424498
0.0424644
0.0424763
0.0424854
0.0424921
0.0424965
0.0424989
0.0424995
0.0424984
0.042496
0.0424925
0.0424882
0.0424834
0.0424782
0.042473
0.0424681
0.0424636
0.0424598
0.0424571
0.0424555
0.041213
0.0412939
0.0413711
0.0414449
0.0415152
0.0415819
0.0416451
0.0417047
0.0417607
0.041813
0.0418618
0.0419069
0.0419484
0.0419863
0.0420206
0.0420515
0.0420789
0.042103
0.0421238
0.0421415
0.0421562
0.0421681
0.0421772
0.0421838
0.0421881
0.0421902
0.0421905
0.0421891
0.0421862
0.0421821
0.0421771
0.0421714
0.0421653
0.0421591
0.042153
0.0421472
0.0421421
0.0421379
0.0421348
0.0421331
0.0409455
0.0410235
0.0410978
0.0411685
0.0412355
0.0412989
0.0413587
0.0414148
0.0414673
0.0415161
0.0415613
0.0416028
0.0416408
0.0416752
0.0417061
0.0417336
0.0417578
0.0417786
0.0417964
0.0418111
0.0418229
0.041832
0.0418385
0.0418426
0.0418446
0.0418445
0.0418427
0.0418394
0.0418348
0.0418292
0.0418227
0.0418158
0.0418085
0.0418013
0.0417943
0.0417879
0.0417822
0.0417775
0.0417742
0.0417724
0.0406337
0.0407086
0.0407797
0.040847
0.0409107
0.0409706
0.0410268
0.0410794
0.0411283
0.0411735
0.0412151
0.0412531
0.0412875
0.0413185
0.041346
0.0413701
0.041391
0.0414088
0.0414235
0.0414353
0.0414444
0.0414508
0.0414548
0.0414566
0.0414564
0.0414543
0.0414506
0.0414456
0.0414394
0.0414323
0.0414246
0.0414165
0.0414082
0.0414001
0.0413924
0.0413854
0.0413792
0.0413742
0.0413706
0.0413687
0.0402718
0.0403432
0.0404108
0.0404746
0.0405346
0.0405909
0.0406435
0.0406924
0.0407376
0.0407792
0.0408172
0.0408516
0.0408826
0.0409101
0.0409343
0.0409552
0.040973
0.0409877
0.0409996
0.0410086
0.0410151
0.0410191
0.0410208
0.0410205
0.0410182
0.0410143
0.041009
0.0410024
0.0409948
0.0409865
0.0409777
0.0409686
0.0409595
0.0409507
0.0409424
0.0409349
0.0409283
0.040923
0.0409193
0.0409173
0.0398539
0.0399214
0.0399852
0.0400451
0.0401013
0.0401538
0.0402025
0.0402476
0.0402891
0.040327
0.0403614
0.0403923
0.0404198
0.040444
0.040465
0.0404828
0.0404976
0.0405096
0.0405187
0.0405253
0.0405294
0.0405312
0.0405309
0.0405286
0.0405247
0.0405192
0.0405125
0.0405046
0.0404959
0.0404866
0.040477
0.0404672
0.0404575
0.0404482
0.0404394
0.0404316
0.0404248
0.0404194
0.0404155
0.0404135
0.0393743
0.0394376
0.0394971
0.0395529
0.0396049
0.0396533
0.039698
0.0397392
0.0397769
0.0398111
0.0398419
0.0398693
0.0398935
0.0399145
0.0399324
0.0399473
0.0399594
0.0399688
0.0399755
0.0399798
0.0399819
0.0399818
0.0399798
0.039976
0.0399707
0.039964
0.0399561
0.0399474
0.0399379
0.0399279
0.0399177
0.0399075
0.0398975
0.0398879
0.039879
0.039871
0.0398642
0.0398587
0.0398549
0.0398529
0.0388282
0.0388867
0.0389414
0.0389926
0.0390402
0.0390842
0.0391248
0.039162
0.0391957
0.0392262
0.0392534
0.0392774
0.0392984
0.0393164
0.0393314
0.0393437
0.0393533
0.0393604
0.0393651
0.0393676
0.0393679
0.0393663
0.039363
0.0393581
0.0393518
0.0393443
0.0393358
0.0393265
0.0393166
0.0393064
0.039296
0.0392857
0.0392756
0.0392661
0.0392573
0.0392494
0.0392427
0.0392373
0.0392336
0.0392317
0.0382118
0.0382649
0.0383144
0.0383606
0.0384033
0.0384428
0.038479
0.0385119
0.0385417
0.0385685
0.0385922
0.0386129
0.0386308
0.038646
0.0386585
0.0386684
0.0386759
0.0386811
0.0386841
0.0386851
0.0386842
0.0386816
0.0386774
0.0386718
0.038665
0.0386572
0.0386485
0.0386392
0.0386293
0.0386192
0.0386091
0.038599
0.0385893
0.0385801
0.0385717
0.0385642
0.0385578
0.0385527
0.0385492
0.0385474
0.0375236
0.0375706
0.0376144
0.0376551
0.0376927
0.0377273
0.0377589
0.0377875
0.0378133
0.0378364
0.0378566
0.0378743
0.0378893
0.0379019
0.0379121
0.0379201
0.0379258
0.0379296
0.0379314
0.0379314
0.0379297
0.0379266
0.037922
0.0379163
0.0379095
0.0379019
0.0378935
0.0378846
0.0378753
0.0378658
0.0378563
0.0378469
0.0378379
0.0378295
0.0378217
0.0378148
0.0378089
0.0378043
0.0378011
0.0377995
0.0367647
0.036805
0.0368426
0.0368775
0.0369097
0.0369392
0.036966
0.0369904
0.0370122
0.0370315
0.0370485
0.0370632
0.0370757
0.037086
0.0370943
0.0371006
0.0371051
0.0371078
0.0371089
0.0371084
0.0371065
0.0371033
0.037099
0.0370937
0.0370875
0.0370806
0.037073
0.037065
0.0370568
0.0370484
0.03704
0.0370317
0.0370238
0.0370164
0.0370096
0.0370036
0.0369985
0.0369945
0.0369917
0.0369903
0.0359404
0.0359737
0.0360047
0.0360335
0.0360599
0.0360842
0.0361063
0.0361262
0.0361441
0.03616
0.0361739
0.0361859
0.036196
0.0362044
0.0362112
0.0362163
0.0362199
0.036222
0.0362228
0.0362224
0.0362208
0.0362182
0.0362146
0.0362102
0.0362051
0.0361994
0.0361932
0.0361867
0.0361799
0.036173
0.0361662
0.0361595
0.036153
0.036147
0.0361414
0.0361365
0.0361324
0.0361291
0.0361269
0.0361258
0.0350607
0.0350866
0.0351108
0.0351333
0.0351541
0.0351731
0.0351904
0.0352061
0.0352202
0.0352328
0.0352438
0.0352534
0.0352616
0.0352685
0.035274
0.0352784
0.0352815
0.0352836
0.0352846
0.0352847
0.0352839
0.0352823
0.0352799
0.0352769
0.0352734
0.0352694
0.035265
0.0352603
0.0352555
0.0352505
0.0352455
0.0352406
0.035236
0.0352315
0.0352275
0.0352239
0.0352209
0.0352185
0.0352169
0.0352161
0.034141
0.0341597
0.0341772
0.0341936
0.0342087
0.0342227
0.0342355
0.0342472
0.0342578
0.0342674
0.0342759
0.0342835
0.0342901
0.0342958
0.0343006
0.0343045
0.0343077
0.0343101
0.0343117
0.0343127
0.034313
0.0343128
0.0343121
0.0343109
0.0343092
0.0343073
0.034305
0.0343025
0.0342998
0.034297
0.0342942
0.0342914
0.0342886
0.034286
0.0342836
0.0342815
0.0342797
0.0342783
0.0342773
0.0342768
2.71908e-07
9.23876e-07
1.69769e-06
2.60308e-06
3.64965e-06
4.84706e-06
6.20496e-06
7.73302e-06
9.44085e-06
1.1338e-05
1.34339e-05
1.57378e-05
1.8259e-05
2.10063e-05
2.39884e-05
2.72139e-05
3.06908e-05
3.44267e-05
3.84291e-05
4.27049e-05
4.72603e-05
5.21012e-05
5.72329e-05
6.266e-05
6.83863e-05
7.44151e-05
8.07489e-05
8.73894e-05
9.43375e-05
0.000101593
0.000109156
0.000117024
0.000125195
0.000133666
0.000142433
0.000151491
0.000160834
0.000170458
0.000180358
0.000190532
2.2876e-07
7.7693e-07
1.42651e-06
2.18481e-06
3.05898e-06
4.05613e-06
5.18331e-06
6.44754e-06
7.85576e-06
9.41485e-06
1.11316e-05
1.30126e-05
1.50645e-05
1.72937e-05
1.97065e-05
2.23089e-05
2.51067e-05
2.81057e-05
3.13111e-05
3.47282e-05
3.83616e-05
4.22157e-05
4.62948e-05
5.06024e-05
5.51418e-05
5.99158e-05
6.49269e-05
7.01769e-05
7.56672e-05
8.13988e-05
8.73722e-05
9.35871e-05
0.000100043
0.000106739
0.000113674
0.000120845
0.00012825
0.000135888
0.000143758
0.000151861
1.9715e-07
6.69376e-07
1.22837e-06
1.87996e-06
2.62977e-06
3.4834e-06
4.44638e-06
5.52421e-06
6.72231e-06
8.04608e-06
9.50085e-06
1.10919e-05
1.28243e-05
1.47033e-05
1.67338e-05
1.89207e-05
2.12687e-05
2.37824e-05
2.64661e-05
2.93239e-05
3.23599e-05
3.55777e-05
3.89806e-05
4.25717e-05
4.63539e-05
5.03294e-05
5.45005e-05
5.88687e-05
6.34354e-05
6.82015e-05
7.31676e-05
7.83338e-05
8.36998e-05
8.92651e-05
9.50289e-05
0.00010099
0.000107147
0.000113499
0.000120046
0.00012679
1.74751e-07
5.93264e-07
1.08849e-06
1.66546e-06
2.32903e-06
3.08405e-06
3.93534e-06
4.88771e-06
5.94595e-06
7.11484e-06
8.39915e-06
9.80363e-06
1.1333e-05
1.29918e-05
1.47848e-05
1.67164e-05
1.87909e-05
2.10126e-05
2.33855e-05
2.59134e-05
2.86001e-05
3.14487e-05
3.44623e-05
3.76437e-05
4.09952e-05
4.45188e-05
4.82161e-05
5.20882e-05
5.6136e-05
6.03599e-05
6.47596e-05
6.93348e-05
7.40845e-05
7.90075e-05
8.41022e-05
8.93668e-05
9.47994e-05
0.000100398
0.000106162
0.000112091
1.59696e-07
5.42206e-07
9.95002e-07
1.52283e-06
2.13036e-06
2.82226e-06
3.60323e-06
4.47803e-06
5.45145e-06
6.52832e-06
7.71351e-06
9.0119e-06
1.04284e-05
1.19678e-05
1.36349e-05
1.54344e-05
1.7371e-05
1.9449e-05
2.16726e-05
2.40458e-05
2.65723e-05
2.92552e-05
3.20976e-05
3.5102e-05
3.82703e-05
4.16042e-05
4.51045e-05
4.87718e-05
5.2606e-05
5.66064e-05
6.07718e-05
6.51004e-05
6.959e-05
7.42378e-05
7.90404e-05
8.39945e-05
8.90962e-05
9.43418e-05
9.9728e-05
0.000105253
1.50487e-07
5.11088e-07
9.38404e-07
1.43732e-06
2.01268e-06
2.66946e-06
3.41268e-06
4.24751e-06
5.17921e-06
6.21315e-06
7.35477e-06
8.60957e-06
9.98308e-06
1.14808e-05
1.31083e-05
1.48708e-05
1.67735e-05
1.88215e-05
2.10194e-05
2.33716e-05
2.5882e-05
2.85542e-05
3.13909e-05
3.43947e-05
3.75671e-05
4.09092e-05
4.44214e-05
4.8103e-05
5.1953e-05
5.59692e-05
6.0149e-05
6.44887e-05
6.89841e-05
7.36303e-05
7.84218e-05
8.33526e-05
8.84162e-05
9.36062e-05
9.89164e-05
0.000104342
1.45929e-07
4.9582e-07
9.11111e-07
1.39712e-06
1.95921e-06
2.60293e-06
3.33401e-06
4.15836e-06
5.08206e-06
6.11138e-06
7.25267e-06
8.51244e-06
9.89719e-06
1.14135e-05
1.30677e-05
1.48663e-05
1.68152e-05
1.89203e-05
2.11871e-05
2.36205e-05
2.62248e-05
2.90039e-05
3.19607e-05
3.50975e-05
3.84157e-05
4.19155e-05
4.55965e-05
4.94571e-05
5.34947e-05
5.77055e-05
6.20849e-05
6.66271e-05
7.13256e-05
7.61728e-05
8.11602e-05
8.6279e-05
9.15196e-05
9.6872e-05
0.000102327
0.000107874
1.45062e-07
4.93135e-07
9.07068e-07
1.39283e-06
1.95655e-06
2.60461e-06
3.34366e-06
4.18064e-06
5.12271e-06
6.17727e-06
7.35191e-06
8.65434e-06
1.00923e-05
1.16737e-05
1.34061e-05
1.5297e-05
1.73536e-05
1.95828e-05
2.19909e-05
2.45835e-05
2.73656e-05
3.03412e-05
3.35136e-05
3.68846e-05
4.04554e-05
4.42255e-05
4.81933e-05
5.2356e-05
5.67092e-05
6.12474e-05
6.59636e-05
7.08496e-05
7.58959e-05
8.10921e-05
8.64264e-05
9.18866e-05
9.74593e-05
0.000103131
0.000108888
0.000114718
1.47123e-07
5.0042e-07
9.2143e-07
1.41695e-06
1.99404e-06
2.6601e-06
3.42291e-06
4.2906e-06
5.27161e-06
6.3747e-06
7.60884e-06
8.98318e-06
1.05069e-05
1.21893e-05
1.40394e-05
1.60661e-05
1.82777e-05
2.06823e-05
2.32872e-05
2.60987e-05
2.91224e-05
3.23628e-05
3.5823e-05
3.95048e-05
4.34087e-05
4.75335e-05
5.18763e-05
5.64326e-05
6.11965e-05
6.61598e-05
7.13133e-05
7.66459e-05
8.21449e-05
8.77965e-05
9.35855e-05
9.94959e-05
0.00010551
0.000111612
0.000117782
0.000124003
1.51496e-07
5.1558e-07
9.50322e-07
1.46348e-06
2.06316e-06
2.75793e-06
3.55683e-06
4.46934e-06
5.50532e-06
6.67503e-06
7.98897e-06
9.45786e-06
1.10925e-05
1.29037e-05
1.4902e-05
1.70978e-05
1.95007e-05
2.212e-05
2.4964e-05
2.804e-05
3.13539e-05
3.49107e-05
3.87134e-05
4.27636e-05
4.7061e-05
5.16033e-05
5.63863e-05
6.14039e-05
6.66477e-05
7.21073e-05
7.77704e-05
8.36229e-05
8.96488e-05
9.58305e-05
0.000102149
0.000108584
0.000115115
0.00012172
0.000128376
0.000135061
1.57688e-07
5.36931e-07
9.90629e-07
1.52759e-06
2.15707e-06
2.88892e-06
3.73351e-06
4.70179e-06
5.80516e-06
7.05547e-06
8.46488e-06
1.00458e-05
1.18107e-05
1.3772e-05
1.59419e-05
1.83323e-05
2.09543e-05
2.38183e-05
2.69337e-05
3.03086e-05
3.39495e-05
3.78615e-05
4.20477e-05
4.65092e-05
5.12447e-05
5.62509e-05
6.1522e-05
6.70496e-05
7.2823e-05
7.88292e-05
8.50527e-05
9.14759e-05
9.80792e-05
0.000104841
0.000111739
0.000118747
0.000125842
0.000132996
0.000140184
0.000147377
1.65301e-07
5.63119e-07
1.03984e-06
1.6054e-06
2.27029e-06
3.04567e-06
3.94338e-06
4.97587e-06
6.15618e-06
7.49783e-06
9.01471e-06
1.0721e-05
1.26309e-05
1.47586e-05
1.71179e-05
1.97223e-05
2.25844e-05
2.57158e-05
2.91269e-05
3.28265e-05
3.68219e-05
4.11181e-05
4.57181e-05
5.06223e-05
5.58285e-05
6.13319e-05
6.71249e-05
7.31969e-05
7.95344e-05
8.61215e-05
9.29391e-05
9.99662e-05
0.000107179
0.000114552
0.000122058
0.000129669
0.000137354
0.000145083
0.000152825
0.000160548
1.74014e-07
5.93045e-07
1.09594e-06
1.69379e-06
2.39838e-06
3.22224e-06
4.17872e-06
5.28186e-06
6.54636e-06
7.98749e-06
9.62092e-06
1.14626e-05
1.35287e-05
1.5835e-05
1.83971e-05
2.12301e-05
2.43479e-05
2.77635e-05
3.14883e-05
3.55319e-05
3.99018e-05
4.46033e-05
4.96388e-05
5.50081e-05
6.07079e-05
6.67317e-05
7.30697e-05
7.97089e-05
8.6633e-05
9.38225e-05
0.000101255
0.000108905
0.000116746
0.000124746
0.000132876
0.000141101
0.000149387
0.0001577
0.000166003
0.000174262
1.83567e-07
6.25822e-07
1.15727e-06
1.79022e-06
2.53774e-06
3.41381e-06
4.43331e-06
5.6119e-06
6.966e-06
8.51265e-06
1.02694e-05
1.2254e-05
1.44844e-05
1.69783e-05
1.9753e-05
2.28251e-05
2.62102e-05
2.99222e-05
3.39737e-05
3.83748e-05
4.31336e-05
4.8255e-05
5.37412e-05
5.95909e-05
6.57995e-05
7.23586e-05
7.92562e-05
8.64764e-05
9.39998e-05
0.000101803
0.000109861
0.000118143
0.000126618
0.000135251
0.000144006
0.000152846
0.000161732
0.000170625
0.000179485
0.000188271
1.93747e-07
6.60725e-07
1.22251e-06
1.89261e-06
2.68545e-06
3.61647e-06
4.70209e-06
5.95963e-06
7.40726e-06
9.06383e-06
1.09487e-05
1.30816e-05
1.54822e-05
1.81702e-05
2.11645e-05
2.44834e-05
2.81437e-05
3.21608e-05
3.6548e-05
4.13162e-05
4.64734e-05
5.20246e-05
5.79712e-05
6.4311e-05
7.10377e-05
7.81408e-05
8.56058e-05
9.34138e-05
0.000101542
0.000109964
0.000118649
0.000127563
0.00013667
0.000145932
0.000155307
0.000164753
0.000174228
0.000183687
0.000193088
0.000202385
0.000204904
0.000223853
0.000243466
0.000263689
0.000284457
0.000305699
0.000327342
0.00034931
0.000371528
0.000393919
0.000416408
0.000438921
0.000461385
0.00048373
0.00050589
0.000527802
0.000549405
0.000570642
0.000591457
0.000611802
0.00063163
0.000650897
0.000669565
0.000687598
0.000704965
0.000721637
0.000737593
0.000752825
0.000767357
0.000781297
0.000794972
0.000809226
0.000826049
0.000849751
0.000888927
0.000959288
0.00108707
0.00131202
0.00168833
0.00228155
0.00316031
0.00438348
0.00598557
0.00796517
0.0102803
0.012853
0.0155815
0.0183569
0.021078
0.0236632
0.0260555
0.0282229
0.0301549
0.031857
0.0333453
0.034642
0.0357718
0.0367589
0.037626
0.0383936
0.0390794
0.0396982
0.0402628
0.0407834
0.0412687
0.0417254
0.0421592
0.0425745
0.0429748
0.0433628
0.0437408
0.0441102
0.0444722
0.0448278
0.0451774
0.0455213
0.0458597
0.0461926
0.0465199
0.0468412
0.0471565
0.0474652
0.047767
0.0480614
0.0483481
0.0486264
0.048896
0.0491564
0.0494071
0.0496479
0.0498787
0.0500997
0.0503115
0.0505153
0.050713
0.0509068
0.0510989
0.051291
0.0514838
0.0516764
0.0518659
0.0520484
0.0522189
0.0523727
0.0525057
0.0526154
0.0527007
0.0527622
0.0528018
0.0528221
0.0528261
0.0528172
0.0527987
0.0527734
0.052744
0.0527128
0.0526817
0.0526525
0.0526264
0.0526046
0.0525878
0.0525768
0.052572
0.0525737
0.0525821
0.0525973
0.0526192
0.0526478
0.0526829
0.0527242
0.0527715
0.0528243
0.0528824
0.0529452
0.0530124
0.0530834
0.0531578
0.0532351
0.0533148
0.0533964
0.0534792
0.0535628
0.0536465
0.0537295
0.053811
0.0538896
0.0539638
0.054031
0.0540877
0.0541289
0.0541479
0.0541366
0.054086
0.0539873
0.0538339
0.0536228
0.0533563
0.0530419
0.0526916
0.0523203
0.0519438
0.0515759
0.051228
0.0509077
0.0506188
0.0503627
0.0501381
0.0499427
0.0497733
0.0496266
0.0494995
0.0493891
0.0492929
0.0492088
0.0491351
0.0490705
0.0490138
0.0489641
0.0489208
0.0488832
0.0488509
0.0488235
0.0488006
0.0487819
0.0487672
0.0487562
0.0487486
0.0487442
0.0487427
0.0487439
0.0487476
0.0487533
0.0487609
0.0487699
0.04878
0.0487908
0.0488018
0.0488121
0.0488207
0.0488258
0.048824
0.0488095
0.0487717
0.0486925
0.0485433
0.0482823
0.0478551
0.0472004
0.046263
0.0450131
0.0434658
0.0416918
0.0398127
0.0379781
0.0363288
0.0349636
0.033925
0.0332028
0.0327499
0.0325024
0.0323969
0.0323806
0.0324147
0.0324737
0.0325422
0.0326121
0.0326793
0.0327422
0.0328003
0.032854
0.0329033
0.0329489
0.032991
0.03303
0.033066
0.0330994
0.0331302
0.0331586
0.0331848
0.0332089
0.000163332
0.000178515
0.000194306
0.000210682
0.00022761
0.000245054
0.000262975
0.000281333
0.000300089
0.000319201
0.000338627
0.000358325
0.000378252
0.000398367
0.000418628
0.000438994
0.000459421
0.000479867
0.000500289
0.000520645
0.000540891
0.000560985
0.000580883
0.000600541
0.000619915
0.000638962
0.000657641
0.000675922
0.0006938
0.000711355
0.000728871
0.000747143
0.000768077
0.000795842
0.000838765
0.00091206
0.00104106
0.00126398
0.00163258
0.00220889
0.00305683
0.00422956
0.00575546
0.00762717
0.00979801
0.0121872
0.0146927
0.0172076
0.0196352
0.0218998
0.0239512
0.0257645
0.0273361
0.0286775
0.0298105
0.0307617
0.0315595
0.0322313
0.0328021
0.0332943
0.0337269
0.0341161
0.0344752
0.0348153
0.0351451
0.035472
0.0358014
0.0361379
0.0364847
0.0368443
0.0372184
0.0376082
0.0380141
0.0384364
0.0388746
0.0393284
0.0397968
0.0402787
0.0407729
0.041278
0.0417924
0.0423144
0.0428422
0.0433739
0.0439075
0.044441
0.0449722
0.045499
0.0460191
0.0465303
0.0470302
0.0475166
0.0479871
0.0484393
0.0488708
0.0492787
0.0496594
0.0500084
0.0503204
0.0505894
0.0508089
0.0509734
0.0510788
0.0511233
0.0511081
0.0510368
0.0509158
0.0507526
0.050556
0.0503348
0.0500977
0.0498524
0.049606
0.0493642
0.0491323
0.0489141
0.0487129
0.0485314
0.0483715
0.0482346
0.0481218
0.0480338
0.0479707
0.0479328
0.0479197
0.0479311
0.0479664
0.0480249
0.0481057
0.0482078
0.0483302
0.0484717
0.0486311
0.0488071
0.0489984
0.0492036
0.0494213
0.04965
0.0498883
0.0501347
0.0503877
0.0506458
0.0509072
0.0511704
0.0514332
0.0516934
0.0519481
0.0521937
0.052425
0.0526354
0.0528162
0.0529568
0.0530453
0.0530697
0.0530198
0.0528895
0.0526779
0.0523906
0.0520391
0.0516386
0.0512068
0.0507607
0.0503151
0.0498818
0.0494691
0.049082
0.0487231
0.0483931
0.0480916
0.0478174
0.0475691
0.0473451
0.047144
0.0469646
0.0468055
0.0466659
0.0465448
0.0464414
0.046355
0.046285
0.0462308
0.0461917
0.0461672
0.0461568
0.0461598
0.0461756
0.0462036
0.0462432
0.0462936
0.0463542
0.0464243
0.0465031
0.0465899
0.0466838
0.0467839
0.0468895
0.0469994
0.0471125
0.0472272
0.0473411
0.0474505
0.0475491
0.0476257
0.0476615
0.0476271
0.0474796
0.047163
0.046614
0.045775
0.0446134
0.0431413
0.0414275
0.0395916
0.0377831
0.0361438
0.0347744
0.0337201
0.0329735
0.0324899
0.0322079
0.0320657
0.0320118
0.0320083
0.0320302
0.0320626
0.0320974
0.0321309
0.0321615
0.032189
0.0322135
0.0322354
0.0322552
0.0322734
0.0322901
0.0323057
0.0323203
0.0323342
0.0323474
0.0323601
0.0323722
0.000136344
0.000149003
0.000162191
0.000175896
0.000190102
0.000204789
0.000219938
0.000235531
0.000251549
0.000267975
0.000284793
0.000301985
0.000319538
0.000337433
0.000355656
0.000374191
0.000393019
0.000412121
0.000431475
0.000451056
0.000470839
0.000490792
0.000510884
0.000531076
0.000551328
0.000571595
0.000591832
0.000611998
0.000632077
0.000652128
0.000672411
0.000693681
0.000717788
0.000748794
0.000794827
0.000870714
0.00100107
0.00122284
0.00158572
0.00214864
0.00297127
0.00410149
0.00556179
0.00733907
0.00938188
0.0116065
0.0139105
0.0161888
0.018349
0.0203211
0.0220619
0.0235535
0.0247989
0.0258156
0.0266306
0.0272747
0.0277797
0.0281755
0.0284889
0.0287436
0.0289595
0.0291531
0.0293382
0.0295257
0.0297245
0.0299415
0.0301822
0.0304506
0.0307497
0.0310817
0.0314481
0.0318494
0.0322859
0.0327574
0.0332632
0.0338021
0.034373
0.034974
0.0356034
0.036259
0.0369384
0.0376391
0.0383582
0.0390929
0.0398398
0.0405958
0.0413573
0.0421206
0.0428817
0.0436365
0.0443807
0.0451093
0.0458173
0.0464987
0.0471466
0.0477533
0.0483093
0.0488043
0.0492272
0.0495667
0.049813
0.0499593
0.0500022
0.0499432
0.0497884
0.0495479
0.0492348
0.0488638
0.0484504
0.0480092
0.0475539
0.0470966
0.0466474
0.046215
0.0458059
0.0454257
0.0450785
0.0447672
0.044494
0.0442605
0.0440674
0.0439152
0.0438038
0.0437329
0.0437018
0.0437097
0.0437555
0.043838
0.043956
0.0441079
0.0442922
0.0445072
0.0447512
0.0450224
0.0453188
0.0456385
0.0459794
0.0463395
0.0467165
0.0471083
0.0475125
0.0479268
0.0483485
0.0487752
0.0492037
0.0496308
0.0500523
0.0504634
0.0508575
0.0512262
0.0515587
0.051842
0.0520612
0.0522012
0.0522484
0.0521933
0.0520325
0.0517698
0.0514159
0.0509871
0.0505027
0.0499829
0.0494462
0.0489086
0.0483822
0.0478759
0.0473958
0.0469454
0.0465267
0.0461404
0.0457865
0.0454645
0.0451737
0.0449132
0.0446822
0.0444797
0.0443047
0.0441566
0.0440344
0.0439372
0.0438644
0.0438151
0.0437886
0.0437841
0.0438007
0.0438376
0.0438941
0.0439692
0.0440621
0.0441718
0.0442973
0.0444377
0.0445918
0.0447586
0.0449368
0.0451253
0.0453227
0.0455274
0.0457373
0.0459499
0.0461608
0.0463633
0.0465456
0.0466883
0.0467612
0.0467201
0.0465076
0.0460583
0.0453122
0.044234
0.0428331
0.0411759
0.039381
0.0375973
0.0359677
0.0345948
0.0335263
0.0327572
0.0322456
0.031932
0.0317563
0.0316683
0.0316307
0.0316193
0.0316195
0.0316234
0.0316274
0.0316302
0.0316313
0.0316312
0.0316302
0.0316287
0.0316273
0.0316261
0.0316254
0.0316253
0.031626
0.0316276
0.0316301
0.0316335
0.000120479
0.000131571
0.000143099
0.000155054
0.000167419
0.000180181
0.000193329
0.000206854
0.00022075
0.000235016
0.000249652
0.000264661
0.00028005
0.000295826
0.000311998
0.000328577
0.000345569
0.000362983
0.000380823
0.000399092
0.000417786
0.000436899
0.000456418
0.000476322
0.000496585
0.000517175
0.000538052
0.000559177
0.000580533
0.000602169
0.000624334
0.00064776
0.000674256
0.000707812
0.00075641
0.000834586
0.000966382
0.0011877
0.00154648
0.00209888
0.00290071
0.00399491
0.00539837
0.00709242
0.00902095
0.0110974
0.0132188
0.0152821
0.0171993
0.0189062
0.0203665
0.0215694
0.0225243
0.0232548
0.0237922
0.0241715
0.024427
0.0245904
0.0246899
0.0247494
0.0247891
0.0248254
0.0248714
0.0249375
0.0250321
0.0251615
0.0253304
0.0255425
0.0258004
0.0261059
0.0264601
0.0268635
0.0273164
0.0278183
0.0283685
0.0289661
0.0296098
0.0302977
0.031028
0.0317984
0.0326062
0.0334486
0.0343222
0.0352233
0.0361482
0.0370924
0.0380514
0.03902
0.0399929
0.0409642
0.0419274
0.0428752
0.0437996
0.044691
0.0455383
0.0463287
0.0470472
0.0476775
0.0482025
0.0486065
0.0488762
0.0490034
0.048986
0.0488288
0.048543
0.0481452
0.0476553
0.047095
0.046486
0.0458488
0.0452017
0.0445604
0.043938
0.0433448
0.0427889
0.0422764
0.0418116
0.0413974
0.0410357
0.0407275
0.0404731
0.0402724
0.0401246
0.040029
0.0399844
0.0399895
0.0400429
0.0401431
0.0402885
0.0404774
0.0407082
0.040979
0.041288
0.0416331
0.0420123
0.0424233
0.042864
0.0433317
0.0438241
0.0443383
0.0448715
0.0454207
0.0459826
0.0465537
0.0471302
0.0477076
0.0482808
0.0488434
0.0493875
0.0499029
0.0503766
0.050793
0.0511344
0.0513824
0.0515201
0.0515347
0.0514204
0.0511794
0.0508219
0.0503651
0.0498306
0.0492417
0.0486207
0.0479875
0.0473583
0.0467456
0.0461586
0.0456036
0.0450845
0.0446037
0.044162
0.0437599
0.0433968
0.043072
0.0427845
0.0425333
0.0423171
0.0421349
0.0419854
0.0418676
0.0417805
0.041723
0.0416943
0.0416932
0.0417191
0.041771
0.041848
0.0419492
0.0420737
0.0422207
0.0423889
0.0425775
0.0427853
0.043011
0.0432535
0.0435112
0.0437826
0.0440658
0.0443587
0.044658
0.0449593
0.0452553
0.0455337
0.0457745
0.0459464
0.0460043
0.045889
0.0455332
0.0448744
0.0438746
0.0425407
0.0409369
0.0391806
0.0374204
0.0358003
0.0344246
0.0333432
0.0325538
0.0320166
0.0316743
0.0314684
0.0313496
0.0312818
0.0312409
0.0312129
0.0311902
0.0311691
0.0311484
0.0311278
0.0311076
0.0310882
0.0310701
0.0310535
0.0310387
0.0310258
0.0310151
0.0310065
0.031
0.0309956
0.0309932
0.000113044
0.000123292
0.000133878
0.000144784
0.000155988
0.000167474
0.000179231
0.00019125
0.000203534
0.000216086
0.00022892
0.000242053
0.000255509
0.000269316
0.000283504
0.000298108
0.000313162
0.000328703
0.000344764
0.000361375
0.000378563
0.000396349
0.000414747
0.000433763
0.000453393
0.000473623
0.000494431
0.000515791
0.00053769
0.000560183
0.000583513
0.000608402
0.000636639
0.000672167
0.000722873
0.000803076
0.000936376
0.00115782
0.0015138
0.00205803
0.00284275
0.00390628
0.00526014
0.00688031
0.00870621
0.0106486
0.0126041
0.014472
0.0161687
0.0176362
0.0188452
0.0197918
0.0204919
0.0209744
0.0212753
0.0214323
0.0214819
0.0214571
0.0213862
0.0212931
0.0211971
0.0211138
0.0210552
0.0210308
0.0210476
0.0211111
0.0212252
0.0213928
0.021616
0.0218963
0.0222345
0.0226314
0.0230871
0.0236016
0.0241746
0.0248054
0.0254933
0.0262369
0.0270349
0.0278852
0.0287856
0.0297332
0.0307248
0.0317566
0.0328242
0.0339227
0.0350467
0.0361901
0.037346
0.0385069
0.0396645
0.0408089
0.0419291
0.0430121
0.0440424
0.045002
0.0458705
0.0466255
0.0472443
0.0477065
0.0479957
0.0481028
0.0480271
0.0477767
0.0473684
0.0468252
0.046174
0.0454434
0.0446612
0.0438532
0.0430419
0.0422462
0.0414813
0.040759
0.0400879
0.039474
0.0389213
0.038432
0.0380072
0.0376469
0.0373507
0.0371174
0.0369456
0.0368339
0.0367805
0.0367837
0.036842
0.0369536
0.0371168
0.0373302
0.0375921
0.0379009
0.0382548
0.0386523
0.0390912
0.0395698
0.0400856
0.0406365
0.0412196
0.0418322
0.0424711
0.0431329
0.0438136
0.0445092
0.0452149
0.0459254
0.0466344
0.0473342
0.0480152
0.0486653
0.0492695
0.0498096
0.0502647
0.0506131
0.0508346
0.0509135
0.0508414
0.0506189
0.0502564
0.049772
0.0491899
0.0485363
0.0478377
0.0471179
0.046397
0.045691
0.045012
0.0443686
0.0437666
0.0432093
0.0426984
0.0422344
0.0418169
0.0414449
0.0411169
0.0408313
0.0405866
0.0403811
0.0402132
0.0400814
0.0399843
0.0399208
0.0398898
0.0398902
0.0399212
0.0399819
0.0400717
0.0401897
0.0403352
0.0405074
0.0407056
0.0409289
0.0411763
0.0414467
0.0417389
0.0420515
0.0423828
0.042731
0.0430937
0.0434675
0.0438475
0.0442261
0.0445905
0.04492
0.0451825
0.0453315
0.0453065
0.0450379
0.0444608
0.0435346
0.0422637
0.0407102
0.0389901
0.0372523
0.0356414
0.0342634
0.0331705
0.0323627
0.0318025
0.0314343
0.0312012
0.0310551
0.0309605
0.030894
0.0308418
0.0307965
0.0307546
0.0307148
0.0306769
0.0306411
0.0306077
0.0305772
0.0305497
0.0305254
0.0305044
0.0304867
0.0304723
0.0304611
0.0304528
0.0304473
0.000111957
0.000121899
0.000132078
0.000142462
0.000153019
0.000163724
0.00017456
0.000185516
0.000196593
0.000207801
0.000219158
0.000230693
0.000242443
0.000254452
0.00026677
0.000279454
0.000292563
0.000306159
0.000320304
0.000335059
0.000350482
0.000366624
0.000383531
0.000401237
0.000419769
0.000439137
0.000459342
0.000480379
0.000502251
0.000525021
0.000548942
0.000574734
0.00060418
0.000641204
0.000693634
0.000775644
0.000910491
0.00113251
0.00148677
0.00202476
0.00279541
0.00383266
0.00514293
0.00669708
0.00843025
0.0102507
0.0120551
0.0137452
0.0152421
0.0164944
0.0174796
0.018201
0.0186804
0.018952
0.0190552
0.0190306
0.018916
0.0187444
0.0185441
0.0183377
0.0181435
0.0179753
0.0178437
0.0177566
0.0177197
0.017737
0.0178117
0.0179456
0.0181405
0.0183973
0.018717
0.0191002
0.0195475
0.0200594
0.0206361
0.0212779
0.0219847
0.0227562
0.0235917
0.0244903
0.0254503
0.0264695
0.0275452
0.0286739
0.0298511
0.0310718
0.0323301
0.0336189
0.0349304
0.0362554
0.0375837
0.0389031
0.0401996
0.0414566
0.0426542
0.0437693
0.0447758
0.0456453
0.0463499
0.0468641
0.0471691
0.0472548
0.0471223
0.0467836
0.0462611
0.0455844
0.0447874
0.0439054
0.0429722
0.0420185
0.0410705
0.0401496
0.0392728
0.0384521
0.0376963
0.0370107
0.0363982
0.0358601
0.0353959
0.0350047
0.0346845
0.0344334
0.0342489
0.0341289
0.0340712
0.0340736
0.0341344
0.0342519
0.0344245
0.0346509
0.0349299
0.0352603
0.0356409
0.0360705
0.0365478
0.0370712
0.037639
0.0382492
0.0388995
0.039587
0.0403086
0.0410608
0.0418393
0.0426395
0.0434559
0.0442823
0.0451113
0.0459338
0.0467386
0.0475119
0.0482361
0.0488903
0.0494507
0.0498922
0.0501912
0.0503289
0.0502947
0.0500879
0.0497188
0.0492072
0.0485795
0.0478657
0.0470962
0.0462987
0.0454971
0.0447107
0.0439544
0.0432388
0.0425708
0.0419547
0.0413924
0.0408842
0.0404293
0.040026
0.0396723
0.0393658
0.0391043
0.0388854
0.038707
0.0385671
0.0384642
0.0383967
0.0383635
0.0383635
0.0383959
0.0384602
0.0385557
0.038682
0.0388388
0.0390255
0.0392418
0.0394872
0.039761
0.0400624
0.0403906
0.0407442
0.0411219
0.0415217
0.0419413
0.0423771
0.0428242
0.0432746
0.0437148
0.0441238
0.0444683
0.0447009
0.0447591
0.0445715
0.0440707
0.0432134
0.0420015
0.0404951
0.0388093
0.0370925
0.0354905
0.0341108
0.0330077
0.0321834
0.0316024
0.031211
0.0309537
0.0307835
0.0306655
0.0305771
0.0305045
0.0304405
0.0303818
0.0303269
0.0302758
0.0302284
0.0301851
0.0301461
0.0301116
0.0300815
0.0300559
0.0300347
0.0300176
0.0300044
0.0299948
0.0299886
0.000115622
0.000125651
0.000135814
0.000146063
0.00015635
0.000166641
0.000176909
0.000187139
0.000197328
0.000207487
0.000217639
0.000227819
0.000238074
0.000248461
0.000259048
0.000269908
0.000281124
0.000292783
0.000304973
0.000317783
0.000331302
0.000345613
0.000360793
0.00037691
0.00039402
0.000412168
0.00043138
0.000451676
0.000473083
0.000495681
0.000519737
0.000545982
0.000576207
0.000614335
0.000668172
0.000751803
0.00088823
0.0011112
0.00146461
0.00199794
0.00275702
0.00377164
0.00504334
0.00653805
0.00818694
0.00989612
0.0115625
0.0130906
0.0144068
0.0154662
0.0162534
0.0167784
0.017069
0.0171639
0.0171058
0.0169368
0.0166955
0.0164146
0.0161211
0.0158362
0.0155762
0.015353
0.0151754
0.0150494
0.0149791
0.0149672
0.0150155
0.0151254
0.0152977
0.0155332
0.0158328
0.0161973
0.0166277
0.017125
0.0176904
0.0183249
0.0190298
0.0198057
0.0206534
0.0215729
0.0225638
0.0236251
0.0247547
0.0259499
0.0272067
0.0285203
0.0298844
0.0312916
0.0327331
0.0341983
0.0356752
0.0371494
0.0386039
0.0400183
0.0413684
0.042626
0.0437591
0.0447337
0.045516
0.0460765
0.0463934
0.0464565
0.0462687
0.0458464
0.0452177
0.044419
0.0434914
0.0424765
0.0414139
0.0403386
0.0392801
0.0382618
0.0373013
0.0364108
0.0355982
0.0348676
0.0342205
0.0336565
0.0331738
0.0327696
0.0324409
0.0321843
0.0319968
0.0318752
0.0318169
0.0318195
0.031881
0.0319998
0.0321747
0.0324047
0.032689
0.0330272
0.0334188
0.0338632
0.0343599
0.0349083
0.0355072
0.0361554
0.036851
0.0375918
0.0383748
0.0391966
0.040053
0.0409387
0.041848
0.0427737
0.0437074
0.0446387
0.0455549
0.0464399
0.0472739
0.0480332
0.0486909
0.0492183
0.0495886
0.0497799
0.0497793
0.0495853
0.0492083
0.0486696
0.0479986
0.047229
0.046395
0.0455284
0.0446568
0.0438026
0.0429831
0.0422103
0.0414924
0.0408339
0.0402365
0.0397
0.0392229
0.0388026
0.0384361
0.0381202
0.0378518
0.0376279
0.0374456
0.0373028
0.0371973
0.0371275
0.0370921
0.0370903
0.0371212
0.0371846
0.0372802
0.0374078
0.0375676
0.0377596
0.0379838
0.0382402
0.0385288
0.0388491
0.0392007
0.0395828
0.0399941
0.0404331
0.0408974
0.0413837
0.0418867
0.0423983
0.0429047
0.043384
0.0438024
0.0441109
0.0442457
0.0441331
0.0437032
0.0429103
0.0417535
0.0402914
0.0386376
0.0369408
0.0353473
0.0339665
0.0328543
0.0320152
0.0314157
0.0310036
0.0307249
0.0305335
0.0303955
0.0302884
0.0301989
0.0301199
0.0300479
0.0299817
0.029921
0.0298657
0.029816
0.029772
0.0297338
0.0297011
0.0296739
0.0296518
0.0296346
0.0296219
0.0296132
0.0296082
0.000122816
0.000133212
0.000143637
0.000154023
0.000164312
0.000174454
0.000184413
0.000194167
0.000203711
0.000213053
0.000222219
0.000231249
0.000240198
0.000249133
0.000258134
0.000267292
0.000276709
0.00028649
0.00029675
0.000307604
0.000319168
0.000331557
0.00034488
0.000359237
0.000374719
0.000391401
0.000409343
0.000428595
0.000449209
0.000471291
0.000495126
0.000521467
0.000552124
0.000591039
0.000646025
0.000731123
0.000869156
0.00109338
0.00144668
0.00197665
0.00272622
0.00372121
0.00495852
0.00639939
0.00797126
0.00957841
0.0111183
0.012499
0.0136518
0.0145387
0.0151516
0.0155069
0.0156378
0.0155871
0.0154
0.0151197
0.0147846
0.0144265
0.0140707
0.0137364
0.0134375
0.013184
0.0129823
0.0128365
0.0127491
0.0127215
0.0127544
0.0128481
0.0130031
0.0132197
0.0134989
0.0138415
0.0142491
0.0147234
0.0152662
0.0158799
0.0165666
0.0173287
0.0181679
0.0190861
0.0200841
0.0211623
0.02232
0.0235554
0.0248655
0.0262458
0.0276904
0.0291915
0.0307396
0.0323232
0.0339284
0.0355386
0.037134
0.0386904
0.0401793
0.0415671
0.0428163
0.0438867
0.0447394
0.0453405
0.0456659
0.0457051
0.0454635
0.044962
0.0442349
0.0433255
0.0422817
0.0411516
0.03998
0.0388058
0.0376611
0.0365706
0.0355519
0.0346168
0.0337716
0.033019
0.0323585
0.0317878
0.0313033
0.0309008
0.0305757
0.0303236
0.0301405
0.0300225
0.0299666
0.0299701
0.030031
0.0301479
0.0303197
0.030546
0.0308266
0.0311616
0.0315515
0.0319966
0.0324973
0.0330538
0.0336661
0.0343337
0.0350558
0.0358307
0.036656
0.0375286
0.0384445
0.0393983
0.0403839
0.0413934
0.0424174
0.0434444
0.0444598
0.0454457
0.0463799
0.0472357
0.0479829
0.0485895
0.0490251
0.049265
0.0492942
0.0491101
0.0487238
0.0481584
0.0474463
0.046625
0.0457328
0.0448054
0.043874
0.0429639
0.0420942
0.0412784
0.0405251
0.0398388
0.0392207
0.0386697
0.0381833
0.0377578
0.0373891
0.0370731
0.0368058
0.0365833
0.0364025
0.0362604
0.0361549
0.0360841
0.0360467
0.0360419
0.0360691
0.0361282
0.0362194
0.0363429
0.0364992
0.036689
0.0369129
0.0371713
0.0374649
0.0377938
0.0381581
0.0385575
0.0389914
0.0394583
0.0399564
0.0404823
0.041031
0.0415939
0.0421572
0.0426983
0.0431826
0.04356
0.0437648
0.0437213
0.0433573
0.0426243
0.0415192
0.0400983
0.0384747
0.0367967
0.0352116
0.03383
0.0327099
0.0318576
0.0312415
0.0308111
0.0305136
0.0303039
0.0301487
0.030026
0.0299228
0.0298319
0.02975
0.0296756
0.0296085
0.0295484
0.0294954
0.0294493
0.0294101
0.0293775
0.0293511
0.0293305
0.0293152
0.0293048
0.0292988
0.0292965
0.000132604
0.000143557
0.000154432
0.000165145
0.00017562
0.000185796
0.000195628
0.000205088
0.000214166
0.000222869
0.000231224
0.000239275
0.000247082
0.000254721
0.000262283
0.000269871
0.000277601
0.000285599
0.000293999
0.000302939
0.000312562
0.00032301
0.000334423
0.000346934
0.000360665
0.000375727
0.000392215
0.000410208
0.00042979
0.000451097
0.000474439
0.000500597
0.00053141
0.000570856
0.00062678
0.000713221
0.000852881
0.00107862
0.00143239
0.00196007
0.00270183
0.00367971
0.00488612
0.00627789
0.00777903
0.00929231
0.0107162
0.0119623
0.0129675
0.0137009
0.0141611
0.0143706
0.014368
0.0141993
0.0139115
0.0135483
0.0131474
0.012739
0.0123462
0.0119858
0.0116695
0.0114047
0.0111958
0.0110449
0.0109531
0.0109202
0.0109459
0.0110299
0.011172
0.0113724
0.0116317
0.0119512
0.0123327
0.0127785
0.0132914
0.0138746
0.0145316
0.015266
0.0160813
0.0169807
0.0179669
0.0190417
0.020206
0.0214595
0.0228003
0.0242248
0.0257275
0.0273008
0.0289347
0.0306169
0.0323319
0.0340611
0.0357817
0.037466
0.0390809
0.0405877
0.0419429
0.0431008
0.0440168
0.0446532
0.0449836
0.0449978
0.0447039
0.0441276
0.0433096
0.0423002
0.041154
0.0399253
0.0386636
0.0374112
0.0362022
0.0350617
0.0340072
0.0330489
0.0321915
0.0314356
0.0307786
0.0302162
0.029743
0.0293532
0.0290408
0.0288004
0.0286271
0.0285165
0.0284652
0.0284703
0.0285298
0.0286424
0.0288074
0.0290248
0.029295
0.0296189
0.0299976
0.0304325
0.030925
0.0314764
0.0320877
0.0327596
0.0334922
0.0342848
0.0351358
0.0360428
0.0370019
0.0380081
0.0390548
0.0401338
0.0412349
0.0423453
0.0434488
0.0445256
0.0455508
0.0464949
0.0473243
0.0480036
0.0484989
0.0487827
0.0488379
0.0486612
0.0482644
0.0476726
0.0469216
0.0460527
0.0451083
0.0441281
0.0431464
0.0421912
0.0412833
0.040437
0.0396612
0.0389597
0.0383331
0.0377791
0.0372938
0.0368725
0.03651
0.0362009
0.0359405
0.0357243
0.0355486
0.03541
0.0353063
0.0352353
0.0351959
0.0351874
0.0352093
0.0352618
0.0353453
0.0354607
0.0356089
0.035791
0.0360081
0.0362616
0.0365524
0.0368815
0.0372497
0.0376572
0.0381039
0.0385891
0.0391112
0.0396672
0.040252
0.0408574
0.041469
0.042064
0.0426068
0.0430462
0.0433149
0.0433351
0.0430321
0.0423548
0.0412978
0.0399156
0.0383201
0.0366599
0.0350829
0.033701
0.032574
0.03171
0.0310792
0.0306326
0.0303186
0.0300932
0.0299235
0.029788
0.0296738
0.0295738
0.0294848
0.0294051
0.0293342
0.029272
0.0292181
0.0291723
0.0291344
0.0291038
0.0290802
0.0290628
0.0290511
0.0290445
0.0290422
0.0290438
0.000144264
0.000155898
0.000167345
0.000178503
0.000189285
0.000199616
0.000209444
0.000218735
0.000227476
0.000235673
0.000243353
0.000250565
0.000257371
0.000263856
0.000270117
0.000276268
0.000282438
0.000288766
0.000295404
0.000302509
0.000310248
0.000318787
0.000328294
0.000338933
0.000350859
0.000364217
0.000379134
0.000395727
0.000414111
0.000434454
0.000457099
0.000482858
0.00051361
0.000553383
0.000610075
0.000697758
0.000839062
0.00106652
0.00142126
0.00194753
0.00268288
0.00364572
0.00482419
0.00617092
0.00760679
0.00903342
0.0103507
0.0114738
0.012346
0.0129428
0.0132698
0.0133553
0.0132423
0.0129795
0.0126154
0.0121934
0.0117496
0.0113125
0.0109027
0.0105345
0.0102169
0.00995507
0.00975132
0.00960612
0.00951885
0.00948832
0.00951325
0.00959255
0.00972556
0.00991219
0.010153
0.0104494
0.0108035
0.0112181
0.0116968
0.0122436
0.0128633
0.0135607
0.0143409
0.0152086
0.0161684
0.017224
0.0183778
0.0196314
0.0209841
0.0224336
0.0239753
0.0256018
0.0273032
0.0290663
0.0308746
0.0327073
0.0345388
0.0363379
0.0380671
0.0396824
0.0411345
0.0423719
0.0433448
0.0440115
0.0443438
0.0443321
0.0439873
0.0433406
0.0424389
0.0413396
0.040104
0.038792
0.0374574
0.0361454
0.0348913
0.0337202
0.0326485
0.0316847
0.0308315
0.030087
0.0294465
0.0289036
0.028451
0.0280816
0.0277881
0.0275643
0.0274044
0.0273038
0.0272585
0.0272657
0.0273233
0.0274303
0.0275862
0.0277914
0.0280468
0.028354
0.028715
0.0291319
0.0296073
0.0301435
0.0307427
0.0314068
0.0321371
0.0329339
0.0337967
0.0347238
0.0357121
0.0367567
0.0378512
0.038987
0.0401531
0.0413356
0.0425169
0.043675
0.0447827
0.0458075
0.0467124
0.0474583
0.0480082
0.0483314
0.0484091
0.0482374
0.0478289
0.0472113
0.0464235
0.045511
0.0445202
0.0434945
0.0424714
0.041481
0.0405456
0.0396799
0.0388925
0.0381865
0.0375613
0.0370133
0.0365374
0.0361274
0.035777
0.0354799
0.0352305
0.0350237
0.0348555
0.0347222
0.0346213
0.0345507
0.0345094
0.0344965
0.0345121
0.0345565
0.0346304
0.0347351
0.0348718
0.0350423
0.0352482
0.0354914
0.0357736
0.0360965
0.0364615
0.0368695
0.0373213
0.0378165
0.0383542
0.0389318
0.0395446
0.0401843
0.0408366
0.041478
0.0420725
0.0425675
0.0428943
0.042973
0.0427264
0.0421008
0.0410887
0.0397426
0.0381736
0.0365302
0.0349609
0.0335791
0.0324461
0.0315718
0.030928
0.0304672
0.0301389
0.0299
0.0297182
0.0295723
0.0294496
0.029343
0.0292492
0.0291665
0.0290942
0.0290318
0.028979
0.0289355
0.0289005
0.0288736
0.0288541
0.0288412
0.0288342
0.0288324
0.0288349
0.0288411
0.00015724
0.000169626
0.000181715
0.000193388
0.000204545
0.000215104
0.000225004
0.000234208
0.000242701
0.000250489
0.000257601
0.000264086
0.000270013
0.000275469
0.000280559
0.000285404
0.000290142
0.000294923
0.000299913
0.000305286
0.000311226
0.000317923
0.000325569
0.000334357
0.000344473
0.000356094
0.000369382
0.000384488
0.000401564
0.000420811
0.000442607
0.000467805
0.000498329
0.000538267
0.000595592
0.000684434
0.000827399
0.00105675
0.00141285
0.00193843
0.00266853
0.00361808
0.00477109
0.00607627
0.00745166
0.00879808
0.0100171
0.0110281
0.0117803
0.012256
0.0124672
0.0124478
0.0122446
0.0119086
0.0114886
0.0110274
0.0105594
0.0101106
0.00969904
0.0093364
0.00902924
0.00878048
0.00859053
0.0084583
0.00838185
0.00835897
0.00838757
0.00846595
0.00859302
0.00876842
0.00899264
0.00926706
0.009594
0.00997671
0.0104193
0.0109268
0.0115048
0.0121594
0.0128971
0.0137244
0.0146474
0.0156717
0.0168019
0.0180411
0.0193905
0.0208492
0.0224136
0.0240771
0.0258299
0.0276586
0.0295453
0.0314676
0.0333972
0.0352993
0.037132
0.0388461
0.0403867
0.0416962
0.0427199
0.0434123
0.0437437
0.0437053
0.0433113
0.0425983
0.0416198
0.0404402
0.0391272
0.0377459
0.036354
0.0349988
0.0337161
0.0325307
0.0314572
0.0305021
0.0296656
0.0289435
0.0283287
0.027813
0.0273874
0.0270433
0.0267726
0.0265682
0.0264239
0.0263346
0.0262962
0.0263059
0.0263616
0.0264624
0.026608
0.0267991
0.0270373
0.0273245
0.0276635
0.0280574
0.0285095
0.0290234
0.0296023
0.0302495
0.0309673
0.0317575
0.0326208
0.0335563
0.0345617
0.0356328
0.0367632
0.0379444
0.0391646
0.0404091
0.0416588
0.0428897
0.0440721
0.0451704
0.0461444
0.0469513
0.0475508
0.0479093
0.0480062
0.0478374
0.0474164
0.0467734
0.045951
0.0449987
0.0439669
0.0429026
0.0418461
0.0408295
0.0398759
0.0390003
0.0382105
0.0375087
0.0368928
0.0363579
0.0358973
0.0355036
0.0351693
0.0348874
0.0346515
0.0344561
0.0342967
0.0341695
0.034072
0.0340021
0.0339588
0.0339415
0.0339502
0.0339856
0.0340488
0.0341411
0.0342645
0.0344209
0.0346126
0.034842
0.0351115
0.0354234
0.0357798
0.0361825
0.0366329
0.0371314
0.0376777
0.0382697
0.0389033
0.0395701
0.040256
0.0409374
0.0415772
0.042122
0.0425015
0.0426337
0.0424392
0.0418617
0.0408913
0.039579
0.0380348
0.0364071
0.0348453
0.0334639
0.0323258
0.0314424
0.0307872
0.0303139
0.0299733
0.0297229
0.0295311
0.029377
0.0292479
0.0291368
0.0290402
0.0289563
0.0288844
0.0288236
0.0287735
0.0287335
0.0287028
0.0286807
0.0286664
0.0286589
0.0286574
0.028661
0.0286688
0.0286801
0.000171099
0.000184271
0.000197032
0.00020925
0.000220814
0.000231636
0.000241651
0.000250818
0.000259122
0.00026657
0.000273194
0.000279044
0.000284193
0.000288732
0.00029277
0.000296433
0.000299866
0.000303227
0.000306692
0.000310448
0.000314694
0.000319639
0.000325498
0.000332488
0.000340824
0.000350714
0.000362356
0.000375933
0.000391635
0.000409698
0.000430541
0.000455056
0.000485223
0.000525201
0.000583051
0.000672989
0.000817625
0.001049
0.00140679
0.00193227
0.00265808
0.00359577
0.00472545
0.0059921
0.00731126
0.00858325
0.00971159
0.0106201
0.0112642
0.0116328
0.0117439
0.0116365
0.0113606
0.0109688
0.0105099
0.0100254
0.00954764
0.00910005
0.008698
0.00835051
0.00806182
0.00783282
0.00766225
0.00754765
0.00748598
0.00747418
0.00750951
0.00758977
0.00771347
0.00787999
0.00808969
0.00834392
0.0086451
0.00899675
0.00940346
0.00987083
0.0104053
0.0110143
0.0117053
0.0124865
0.0133656
0.0143502
0.0154469
0.0166607
0.0179947
0.0194496
0.0210233
0.0227101
0.0245006
0.0263813
0.0283334
0.0303329
0.032349
0.0343435
0.0362699
0.038074
0.0396951
0.04107
0.042139
0.0428529
0.0431809
0.0431151
0.0426735
0.0418983
0.0408497
0.0395987
0.0382193
0.0367814
0.0353459
0.0339616
0.0326645
0.0314782
0.0304152
0.0294796
0.0286692
0.0279772
0.0273944
0.0269107
0.0265157
0.0261996
0.0259536
0.02577
0.0256422
0.0255649
0.025534
0.0255464
0.0256003
0.0256947
0.0258297
0.0260062
0.026226
0.0264917
0.0268065
0.0271744
0.0275994
0.0280863
0.0286393
0.0292628
0.0299607
0.030736
0.0315906
0.0325249
0.0335375
0.0346249
0.0357811
0.0369977
0.0382625
0.0395599
0.0408694
0.0421652
0.043415
0.0445803
0.0456175
0.0464802
0.0471247
0.0475147
0.0476279
0.0474599
0.0470257
0.046358
0.0455032
0.0445147
0.043447
0.0423504
0.0412679
0.0402329
0.0392693
0.0383917
0.0376071
0.0369163
0.0363158
0.035799
0.0353578
0.0349837
0.034668
0.0344031
0.0341819
0.0339986
0.0338485
0.0337278
0.0336338
0.0335647
0.0335193
0.0334974
0.0334991
0.0335253
0.0335772
0.0336567
0.0337657
0.0339067
0.0340825
0.0342959
0.0345499
0.0348475
0.0351914
0.0355844
0.0360284
0.0365248
0.037074
0.0376744
0.0383225
0.0390103
0.0397237
0.0404389
0.0411183
0.0417076
0.0421348
0.0423161
0.0421696
0.0416366
0.040705
0.0394242
0.0379031
0.0362904
0.0347358
0.0333551
0.0322126
0.0313213
0.030656
0.0301719
0.0298207
0.0295607
0.0293608
0.0292002
0.0290664
0.0289526
0.0288548
0.0287714
0.0287012
0.0286433
0.0285971
0.0285616
0.0285361
0.0285196
0.028511
0.0285095
0.0285139
0.0285234
0.0285368
0.0285535
0.000185505
0.000199465
0.000212899
0.000225665
0.000237641
0.000248735
0.00025888
0.000268035
0.000276187
0.000283344
0.00028954
0.00029483
0.000299288
0.000303008
0.000306102
0.0003087
0.00031095
0.000313017
0.000315082
0.000317342
0.00032001
0.000323308
0.00032747
0.000332737
0.00033935
0.000347546
0.000357554
0.000369594
0.00038389
0.000400718
0.000420536
0.000444283
0.000473998
0.000513919
0.00057221
0.000663192
0.000809509
0.00104302
0.00140275
0.00192862
0.00265092
0.00357796
0.00468612
0.00591689
0.00718357
0.00838633
0.0094309
0.0102459
0.0107926
0.0110666
0.0110916
0.0109108
0.0105772
0.0101442
0.00966022
0.00916504
0.00868861
0.0082517
0.00786702
0.00754107
0.00727595
0.00707075
0.00692277
0.00682841
0.00678376
0.0067851
0.00682913
0.00691325
0.00703565
0.00719546
0.00739284
0.00762906
0.00790656
0.008229
0.00860126
0.00902941
0.00952064
0.0100831
0.0107257
0.0114577
0.0122886
0.013228
0.0142842
0.0154643
0.0167736
0.0182145
0.0197865
0.0214851
0.0233017
0.0252227
0.0272289
0.0292946
0.0313869
0.033464
0.0354753
0.0373613
0.0390557
0.0404898
0.0415988
0.0423306
0.0426527
0.0425592
0.0420718
0.0412383
0.0401258
0.0388118
0.037376
0.0358929
0.0344259
0.0330247
0.0317248
0.0305482
0.0295052
0.0285973
0.0278195
0.0271626
0.0266156
0.0261664
0.0258037
0.0255166
0.0252958
0.0251332
0.025022
0.0249567
0.0249333
0.0249486
0.025001
0.0250894
0.025214
0.0253761
0.0255776
0.0258215
0.0261114
0.026452
0.026848
0.0273051
0.0278286
0.028424
0.0290966
0.0298508
0.0306897
0.0316152
0.0326268
0.033722
0.0348954
0.0361387
0.0374397
0.0387818
0.0401436
0.0414971
0.0428078
0.0440341
0.045129
0.0460427
0.0467279
0.0471458
0.0472726
0.0471038
0.0466557
0.0459641
0.045079
0.0440578
0.0429589
0.0418358
0.0407337
0.0396873
0.0387205
0.0378476
0.0370741
0.0363996
0.0358188
0.0353236
0.0349045
0.0345517
0.0342559
0.0340086
0.0338024
0.0336313
0.0334904
0.033376
0.0332854
0.0332168
0.0331694
0.033143
0.0331378
0.0331548
0.0331957
0.0332622
0.0333567
0.033482
0.0336411
0.0338374
0.0340743
0.0343554
0.0346843
0.0350643
0.0354983
0.0359884
0.0365357
0.0371396
0.0377969
0.0385004
0.0392359
0.0399796
0.0406935
0.0413223
0.0417926
0.0420187
0.0419164
0.0414248
0.0405293
0.0392777
0.0377784
0.0361796
0.034632
0.0332523
0.0321061
0.0312079
0.0305338
0.0300403
0.0296801
0.0294121
0.0292056
0.0290401
0.0289033
0.028788
0.0286905
0.0286087
0.0285413
0.0284873
0.0284457
0.0284155
0.0283957
0.0283852
0.0283829
0.0283876
0.0283982
0.0284137
0.0284329
0.028455
0.000200195
0.000214924
0.000229012
0.000242305
0.000254677
0.000266034
0.000276307
0.000285459
0.000293478
0.000300377
0.000306192
0.000310981
0.000314822
0.00031781
0.000320058
0.000321699
0.000322883
0.000323776
0.000324566
0.000325455
0.000326663
0.000328426
0.000330995
0.000334629
0.000339592
0.000346149
0.000354561
0.00036508
0.000377966
0.000393534
0.000412284
0.000435205
0.000464398
0.00050419
0.000562857
0.00065484
0.000802845
0.00103857
0.00140046
0.0019271
0.00264652
0.00356394
0.00465213
0.00584934
0.00706692
0.00820516
0.00917228
0.00990177
0.010361
0.0105515
0.0105026
0.0102613
0.0098826
0.00942055
0.00892259
0.00842645
0.00795959
0.00754003
0.00717791
0.00687744
0.00663874
0.00645938
0.00633546
0.00626248
0.00623585
0.00625134
0.00630524
0.0063946
0.00651734
0.00667235
0.00685958
0.00708016
0.00733645
0.00763213
0.00797225
0.00836319
0.00881265
0.00932955
0.00992376
0.0106055
0.0113862
0.0122769
0.013288
0.0144288
0.0157064
0.0171253
0.0186868
0.0203878
0.0222206
0.0241719
0.0262222
0.0283446
0.0305037
0.0326547
0.0347428
0.0367034
0.0384646
0.0399521
0.0410966
0.0418426
0.042157
0.0420355
0.041504
0.0406162
0.0394456
0.0380762
0.0365934
0.0350751
0.0335869
0.032179
0.0308859
0.0297275
0.0287116
0.0278369
0.0270959
0.0264771
0.0259675
0.0255538
0.0252234
0.0249651
0.024769
0.0246268
0.0245316
0.0244781
0.024462
0.0244805
0.0245316
0.0246146
0.0247296
0.024878
0.025062
0.0252846
0.0255501
0.0258632
0.0262298
0.0266559
0.0271478
0.0277125
0.0283562
0.0290848
0.029903
0.0308136
0.0318177
0.0329137
0.0340971
0.0353598
0.0366895
0.0380693
0.0394764
0.0408812
0.0422468
0.0435286
0.0446763
0.0456364
0.0463585
0.0468011
0.046939
0.0467678
0.0463055
0.0455907
0.0446773
0.0436268
0.0425012
0.0413568
0.040241
0.039189
0.0382248
0.0373618
0.0366042
0.0359498
0.0353917
0.0349202
0.0345245
0.0341939
0.0339181
0.0336882
0.0334966
0.0333372
0.033205
0.0330964
0.0330089
0.0329408
0.0328913
0.0328604
0.0328486
0.0328569
0.032887
0.032941
0.0330214
0.0331311
0.0332736
0.0334524
0.0336716
0.0339352
0.0342473
0.0346122
0.0350335
0.0355141
0.036056
0.0366593
0.0373216
0.038036
0.038789
0.0395565
0.0403003
0.0409641
0.0414734
0.0417404
0.0416789
0.0412254
0.0403635
0.0391393
0.0376602
0.0360747
0.0345337
0.0331552
0.0320059
0.0311017
0.03042
0.0299185
0.0295505
0.0292758
0.0290642
0.0288952
0.0287566
0.0286411
0.0285448
0.0284655
0.0284017
0.0283522
0.0283158
0.0282914
0.0282777
0.0282734
0.0282774
0.0282885
0.0283053
0.0283268
0.0283518
0.0283794
0.000214964
0.000230428
0.000245135
0.000258922
0.000271661
0.000283256
0.000293643
0.000302787
0.000310682
0.000317343
0.000322813
0.000327151
0.000330438
0.00033277
0.000334262
0.000335046
0.000335272
0.000335109
0.000334743
0.000334381
0.00033425
0.000334596
0.00033568
0.000337778
0.000341177
0.000346166
0.000353034
0.000362066
0.000373558
0.000387863
0.000405524
0.000427581
0.000456205
0.000495814
0.000554807
0.00064776
0.000797454
0.00103547
0.00139967
0.00192738
0.00264446
0.0035531
0.00462266
0.00578837
0.00695989
0.00803789
0.00893337
0.00958478
0.00996536
0.0100825
0.00997042
0.00967961
0.0092665
0.00878531
0.00828209
0.00779239
0.00734102
0.00694332
0.00660696
0.00633404
0.00612301
0.00597013
0.00587054
0.00581905
0.00581058
0.00584051
0.00590484
0.00600035
0.00612471
0.00627656
0.00645565
0.00666291
0.00690055
0.00717219
0.0074829
0.00783926
0.00824933
0.00872259
0.00926975
0.00990171
0.0106316
0.0114722
0.0124357
0.0135333
0.0147742
0.0161652
0.0177091
0.0194048
0.0212456
0.0232189
0.0253047
0.0274752
0.0296929
0.0319101
0.0340677
0.0360962
0.0379181
0.0394538
0.0406294
0.0413865
0.0416916
0.041542
0.0409683
0.0400298
0.0388066
0.0373891
0.0358672
0.0343227
0.0328223
0.0314162
0.0301375
0.0290037
0.02802
0.0271823
0.0264805
0.025901
0.0254291
0.0250504
0.0247516
0.0245209
0.0243483
0.0242255
0.0241455
0.0241031
0.0240941
0.0241156
0.0241659
0.0242441
0.0243505
0.0244864
0.0246539
0.0248565
0.0250985
0.0253851
0.0257226
0.0261178
0.0265775
0.0271099
0.0277227
0.0284228
0.0292164
0.0301078
0.0310993
0.0321905
0.0333777
0.0346535
0.0360058
0.037417
0.0388633
0.0403136
0.0417286
0.0430609
0.0442567
0.0452592
0.0460145
0.0464789
0.0466257
0.0464508
0.0459739
0.0452369
0.0442974
0.0432207
0.0420722
0.0409114
0.0397867
0.0387343
0.0377775
0.0369286
0.0361903
0.0355587
0.0350252
0.0345786
0.0342068
0.0338981
0.0336419
0.0334288
0.033251
0.0331024
0.0329781
0.0328747
0.0327898
0.0327219
0.0326703
0.0326352
0.0326171
0.0326172
0.0326373
0.0326794
0.0327463
0.0328412
0.0329674
0.0331292
0.0333306
0.0335761
0.0338708
0.0342193
0.0346261
0.0350949
0.0356286
0.0362281
0.0368917
0.0376134
0.0383797
0.0391669
0.0399364
0.0406313
0.0411756
0.04148
0.041456
0.0410378
0.0402071
0.0390083
0.0375482
0.0359752
0.0344407
0.0330634
0.0319117
0.0310023
0.0303141
0.0298055
0.0294311
0.029151
0.0289353
0.0287639
0.0286245
0.0285097
0.0284155
0.0283394
0.0282798
0.0282352
0.0282044
0.0281859
0.0281783
0.0281804
0.0281908
0.0282081
0.0282311
0.0282585
0.0282891
0.028322
0.0332263
0.0332383
0.0332497
0.0332604
0.0332705
0.03328
0.0332889
0.0332972
0.0333049
0.033312
0.0333185
0.0333245
0.03333
0.0333349
0.0333393
0.0333432
0.0333467
0.0333497
0.0333523
0.0333544
0.0333561
0.0333575
0.0333585
0.0333593
0.0333597
0.0333598
0.0333598
0.0333595
0.033359
0.0333584
0.0333578
0.033357
0.0333562
0.0333554
0.0333546
0.0333539
0.0333533
0.0333529
0.0333525
0.0333523
0.0323815
0.0323881
0.0323946
0.0324009
0.0324071
0.0324131
0.0324189
0.0324246
0.0324301
0.0324354
0.0324406
0.0324455
0.0324503
0.0324549
0.0324593
0.0324634
0.0324674
0.0324712
0.0324747
0.032478
0.0324812
0.0324841
0.0324868
0.0324892
0.0324915
0.0324936
0.0324955
0.0324972
0.0324987
0.0325001
0.0325013
0.0325023
0.0325033
0.032504
0.0325047
0.0325052
0.0325056
0.032506
0.0325062
0.0325063
0.0316368
0.0316395
0.0316425
0.0316457
0.0316491
0.0316527
0.0316566
0.0316605
0.0316647
0.0316689
0.0316732
0.0316777
0.0316822
0.0316867
0.0316913
0.0316958
0.0317004
0.0317049
0.0317094
0.0317137
0.031718
0.0317222
0.0317263
0.0317303
0.0317341
0.0317377
0.0317412
0.0317445
0.0317475
0.0317504
0.0317531
0.0317556
0.0317578
0.0317598
0.0317615
0.031763
0.0317642
0.0317652
0.0317658
0.0317661
0.0309927
0.0309929
0.0309937
0.0309951
0.0309969
0.0309992
0.0310019
0.031005
0.0310084
0.0310122
0.0310162
0.0310205
0.0310251
0.0310298
0.0310347
0.0310398
0.0310449
0.0310501
0.0310553
0.0310606
0.0310658
0.031071
0.0310761
0.0310812
0.0310861
0.0310908
0.0310954
0.0310998
0.031104
0.031108
0.0311117
0.0311151
0.0311183
0.0311211
0.0311236
0.0311257
0.0311275
0.0311289
0.0311298
0.0311303
0.0304449
0.030444
0.0304438
0.0304444
0.0304456
0.0304474
0.0304498
0.0304527
0.0304561
0.0304599
0.0304641
0.0304687
0.0304735
0.0304786
0.030484
0.0304895
0.0304952
0.0305009
0.0305068
0.0305127
0.0305186
0.0305245
0.0305303
0.0305361
0.0305417
0.0305472
0.0305525
0.0305576
0.0305624
0.030567
0.0305713
0.0305753
0.030579
0.0305823
0.0305852
0.0305877
0.0305898
0.0305915
0.0305926
0.0305932
0.029986
0.029985
0.0299849
0.0299856
0.0299871
0.0299892
0.029992
0.0299953
0.0299991
0.0300034
0.0300081
0.0300131
0.0300185
0.0300241
0.03003
0.030036
0.0300422
0.0300484
0.0300548
0.0300611
0.0300675
0.0300738
0.03008
0.0300861
0.0300921
0.0300979
0.0301035
0.0301089
0.030114
0.0301188
0.0301234
0.0301276
0.0301314
0.0301349
0.0301379
0.0301406
0.0301428
0.0301445
0.0301456
0.0301462
0.0296067
0.0296066
0.0296074
0.029609
0.0296114
0.0296145
0.0296181
0.0296223
0.029627
0.0296321
0.0296375
0.0296433
0.0296493
0.0296556
0.029662
0.0296685
0.0296751
0.0296818
0.0296884
0.0296951
0.0297017
0.0297082
0.0297145
0.0297207
0.0297268
0.0297326
0.0297382
0.0297435
0.0297486
0.0297533
0.0297577
0.0297618
0.0297656
0.0297689
0.0297719
0.0297744
0.0297765
0.0297781
0.0297792
0.0297798
0.0292971
0.0292986
0.0293009
0.029304
0.0293079
0.0293123
0.0293173
0.0293227
0.0293285
0.0293347
0.0293411
0.0293478
0.0293546
0.0293616
0.0293686
0.0293756
0.0293826
0.0293896
0.0293965
0.0294033
0.02941
0.0294165
0.0294228
0.0294289
0.0294347
0.0294403
0.0294457
0.0294507
0.0294554
0.0294598
0.0294639
0.0294676
0.029471
0.029474
0.0294766
0.0294789
0.0294807
0.0294821
0.0294831
0.0294837
0.0290473
0.0290509
0.0290552
0.0290603
0.0290659
0.0290721
0.0290787
0.0290856
0.0290929
0.0291003
0.0291079
0.0291155
0.0291232
0.0291309
0.0291386
0.0291462
0.0291536
0.0291609
0.0291679
0.0291748
0.0291814
0.0291878
0.0291939
0.0291997
0.0292052
0.0292104
0.0292153
0.0292198
0.029224
0.0292279
0.0292314
0.0292346
0.0292374
0.0292399
0.0292421
0.0292439
0.0292454
0.0292465
0.0292473
0.0292477
0.0288481
0.028854
0.0288607
0.028868
0.0288757
0.0288839
0.0288923
0.0289009
0.0289097
0.0289186
0.0289274
0.0289362
0.0289448
0.0289533
0.0289617
0.0289697
0.0289776
0.0289851
0.0289923
0.0289992
0.0290058
0.0290119
0.0290177
0.0290232
0.0290282
0.0290329
0.0290372
0.0290411
0.0290447
0.0290478
0.0290507
0.0290532
0.0290553
0.0290572
0.0290588
0.0290601
0.0290611
0.0290619
0.0290624
0.0290627
0.0286909
0.0286995
0.0287087
0.0287184
0.0287284
0.0287386
0.028749
0.0287595
0.0287699
0.0287802
0.0287904
0.0288003
0.02881
0.0288194
0.0288284
0.028837
0.0288453
0.0288531
0.0288604
0.0288673
0.0288737
0.0288797
0.0288851
0.0288901
0.0288947
0.0288988
0.0289024
0.0289056
0.0289084
0.0289109
0.0289129
0.0289146
0.0289161
0.0289172
0.0289181
0.0289188
0.0289193
0.0289197
0.02892
0.0289201
0.0285683
0.0285797
0.0285915
0.0286037
0.028616
0.0286285
0.0286409
0.0286532
0.0286654
0.0286772
0.0286888
0.0287
0.0287107
0.0287209
0.0287307
0.0287399
0.0287485
0.0287566
0.0287641
0.028771
0.0287773
0.028783
0.0287881
0.0287926
0.0287966
0.0288001
0.0288031
0.0288056
0.0288076
0.0288092
0.0288105
0.0288114
0.028812
0.0288124
0.0288126
0.0288126
0.0288126
0.0288125
0.0288125
0.0288124
0.0284739
0.0284881
0.0285026
0.0285173
0.028532
0.0285467
0.0285612
0.0285754
0.0285892
0.0286027
0.0286156
0.028628
0.0286399
0.028651
0.0286615
0.0286713
0.0286804
0.0286888
0.0286964
0.0287033
0.0287095
0.028715
0.0287198
0.0287239
0.0287274
0.0287302
0.0287325
0.0287343
0.0287355
0.0287363
0.0287367
0.0287368
0.0287366
0.0287363
0.0287357
0.0287351
0.0287345
0.028734
0.0287336
0.0287334
0.0284022
0.0284192
0.0284364
0.0284535
0.0284706
0.0284875
0.028504
0.0285202
0.0285358
0.0285508
0.0285651
0.0285788
0.0285917
0.0286038
0.0286151
0.0286255
0.028635
0.0286437
0.0286515
0.0286585
0.0286646
0.0286699
0.0286744
0.0286781
0.0286811
0.0286833
0.028685
0.028686
0.0286865
0.0286865
0.0286861
0.0286854
0.0286844
0.0286832
0.028682
0.0286807
0.0286795
0.0286785
0.0286777
0.0286773
0.0283488
0.0283685
0.0283882
0.0284079
0.0284273
0.0284463
0.0284649
0.0284828
0.0285001
0.0285167
0.0285325
0.0285474
0.0285614
0.0285744
0.0285865
0.0285976
0.0286076
0.0286167
0.0286247
0.0286317
0.0286378
0.028643
0.0286472
0.0286505
0.028653
0.0286548
0.0286558
0.0286561
0.0286559
0.0286552
0.028654
0.0286525
0.0286507
0.0286487
0.0286467
0.0286448
0.028643
0.0286415
0.0286405
0.0286399
2.11372e-07
7.21161e-07
1.33544e-06
2.06981e-06
2.94094e-06
3.96672e-06
5.16622e-06
6.55955e-06
8.16784e-06
1.0013e-05
1.21175e-05
1.45043e-05
1.71963e-05
2.0216e-05
2.35854e-05
2.73253e-05
3.1455e-05
3.59917e-05
4.09502e-05
4.63421e-05
5.21757e-05
5.84554e-05
6.51812e-05
7.23486e-05
7.99483e-05
8.79661e-05
9.63825e-05
0.000105173
0.00011431
0.000123758
0.00013348
0.000143436
0.00015358
0.000163867
0.000174248
0.000184674
0.000195093
0.000205457
0.000215715
0.000225815
2.40206e-07
8.19943e-07
1.51976e-06
2.35846e-06
3.35622e-06
4.53474e-06
5.91714e-06
7.5279e-06
9.39271e-06
1.15382e-05
1.39918e-05
1.67812e-05
1.99342e-05
2.34779e-05
2.74387e-05
3.18414e-05
3.67084e-05
4.20597e-05
4.79116e-05
5.42766e-05
6.11624e-05
6.85717e-05
7.65016e-05
8.4943e-05
9.38809e-05
0.000103294
0.000113154
0.000123427
0.000134074
0.000145049
0.000156304
0.000167785
0.000179435
0.000191195
0.000203006
0.000214807
0.000226538
0.000238139
0.000249551
0.000260717
2.73169e-07
9.32822e-07
1.73021e-06
2.6877e-06
3.82935e-06
5.18107e-06
6.77053e-06
8.62706e-06
1.07814e-05
1.32656e-05
1.61123e-05
1.93546e-05
2.30257e-05
2.71579e-05
3.1782e-05
3.6927e-05
4.26186e-05
4.88792e-05
5.57265e-05
6.31728e-05
7.12244e-05
7.98811e-05
8.91353e-05
9.89717e-05
0.000109367
0.000120291
0.000131704
0.000143561
0.000155809
0.000168389
0.000181237
0.000194286
0.000207466
0.000220704
0.000233928
0.000247067
0.00026005
0.00027281
0.00028528
0.000297396
3.09975e-07
1.05882e-06
1.96503e-06
3.05487e-06
4.35666e-06
5.90097e-06
7.72052e-06
9.84997e-06
1.23257e-05
1.51856e-05
1.84683e-05
2.2213e-05
2.64584e-05
3.12423e-05
3.66006e-05
4.25663e-05
4.91684e-05
5.64312e-05
6.43731e-05
7.30053e-05
8.23315e-05
9.23466e-05
0.000103036
0.000114377
0.000126335
0.000138867
0.000151921
0.000165436
0.000179343
0.000193568
0.000208029
0.000222645
0.000237328
0.000251994
0.000266557
0.000280935
0.00029505
0.000308826
0.000322191
0.000335077
3.50375e-07
1.19712e-06
2.2227e-06
3.45766e-06
4.93501e-06
6.69041e-06
8.7621e-06
1.11907e-05
1.40187e-05
1.72905e-05
2.10513e-05
2.53466e-05
3.02216e-05
3.57198e-05
4.18821e-05
4.87457e-05
5.63425e-05
6.46982e-05
7.38307e-05
8.3749e-05
9.44522e-05
0.000105928
0.000118154
0.000131094
0.000144702
0.000158918
0.000173674
0.00018889
0.00020448
0.000220349
0.000236399
0.000252529
0.000268638
0.000284626
0.000300395
0.000315855
0.000330919
0.000345509
0.000359551
0.000372974
3.94146e-07
1.34694e-06
2.50183e-06
3.89399e-06
5.5615e-06
7.54562e-06
9.89063e-06
1.26436e-05
1.58539e-05
1.95728e-05
2.38528e-05
2.87464e-05
3.43053e-05
4.05793e-05
4.76142e-05
5.54513e-05
6.41249e-05
7.36611e-05
8.40761e-05
9.53747e-05
0.000107549
0.000120579
0.000134427
0.000149045
0.000164368
0.000180319
0.000196808
0.000213735
0.00023099
0.00024846
0.000266026
0.000283569
0.00030097
0.000318118
0.000334905
0.000351233
0.000367012
0.000382163
0.000396613
0.000410296
4.41063e-07
1.50752e-06
2.80103e-06
4.36174e-06
6.23324e-06
8.46284e-06
1.11014e-05
1.4203e-05
1.78245e-05
2.20249e-05
2.68641e-05
3.24023e-05
3.86984e-05
4.58081e-05
5.37826e-05
6.26666e-05
7.24959e-05
8.3296e-05
9.50796e-05
0.000107845
0.000121576
0.000136238
0.00015178
0.000168134
0.000185214
0.000202921
0.000221141
0.000239749
0.000258612
0.000277593
0.000296553
0.000315354
0.000333863
0.000351957
0.000369522
0.000386456
0.000402669
0.000418087
0.000432643
0.000446281
4.9089e-07
1.67807e-06
3.11884e-06
4.85866e-06
6.94708e-06
9.43795e-06
1.23892e-05
1.58627e-05
1.99231e-05
2.46378e-05
3.00749e-05
3.63027e-05
4.33873e-05
5.13908e-05
6.03692e-05
7.03701e-05
8.143e-05
9.3572e-05
0.000106803
0.000121113
0.000136473
0.000152831
0.000170118
0.000188243
0.000207095
0.000226547
0.000246459
0.000266679
0.000287047
0.000307403
0.000327586
0.000347443
0.000366827
0.000385607
0.000403667
0.000420906
0.000437241
0.000452606
0.00046695
0.000480227
5.43366e-07
1.8577e-06
3.4536e-06
5.38224e-06
7.69952e-06
1.04663e-05
1.37482e-05
1.76152e-05
2.21408e-05
2.7401e-05
3.3473e-05
4.04332e-05
4.83553e-05
5.73078e-05
6.73511e-05
7.85348e-05
9.08946e-05
0.000104449
0.000119198
0.000135118
0.000152164
0.000170266
0.000189328
0.000209232
0.00022984
0.000250994
0.000272522
0.000294243
0.00031597
0.000337519
0.000358711
0.000379376
0.000399361
0.000418531
0.000436772
0.000453992
0.00047012
0.000485106
0.000498917
0.000511528
5.98196e-07
2.0454e-06
3.80346e-06
5.92961e-06
8.4865e-06
1.15425e-05
1.51714e-05
1.94521e-05
2.44671e-05
3.0302e-05
3.70433e-05
4.4776e-05
5.35815e-05
6.35345e-05
7.46991e-05
8.71259e-05
0.000100848
0.000115878
0.000132203
0.000149786
0.00016856
0.00018843
0.000209273
0.000230939
0.000253256
0.000276031
0.000299061
0.000322132
0.000345032
0.000367552
0.000389498
0.00041069
0.000430972
0.000450212
0.000468305
0.000485175
0.000500769
0.00051506
0.000528039
0.000539708
6.55043e-07
2.24001e-06
4.16629e-06
6.49748e-06
9.30337e-06
1.26603e-05
1.66508e-05
2.1363e-05
2.68895e-05
3.33256e-05
4.07675e-05
4.93094e-05
5.90403e-05
7.00405e-05
8.23772e-05
9.61006e-05
0.000111239
0.000127796
0.000145744
0.000165027
0.000185552
0.000207195
0.0002298
0.00025318
0.000277126
0.000301409
0.000325789
0.000350023
0.000373872
0.000397108
0.000419525
0.000440939
0.000461198
0.000480179
0.000497797
0.000513996
0.00052875
0.000542061
0.000553949
0.000564446
7.13524e-07
2.44024e-06
4.53967e-06
7.08207e-06
1.01448e-05
1.38125e-05
1.8177e-05
2.33363e-05
2.93933e-05
3.64538e-05
4.4624e-05
5.40075e-05
6.47007e-05
7.6789e-05
9.03418e-05
0.000105407
0.000122006
0.00014013
0.000159733
0.000180736
0.000203015
0.000226413
0.000250734
0.000275753
0.000301218
0.000326862
0.000352409
0.000377587
0.000402133
0.000425806
0.000448393
0.000469713
0.000489627
0.000508032
0.000524865
0.000540102
0.000553749
0.000565842
0.000576435
0.00058559
7.7321e-07
2.6446e-06
4.92085e-06
7.67914e-06
1.10046e-05
1.49908e-05
1.97392e-05
2.53581e-05
3.19613e-05
3.96655e-05
4.85874e-05
5.88396e-05
7.0526e-05
8.37366e-05
9.85412e-05
0.000114984
0.000133077
0.000152794
0.00017407
0.000196794
0.00022081
0.00024592
0.000271887
0.00029844
0.000325286
0.000352116
0.00037862
0.000404499
0.000429472
0.00045329
0.000475741
0.000496659
0.000515922
0.000533456
0.000549233
0.000563262
0.00057559
0.000586288
0.000595445
0.000603158
8.33621e-07
2.85146e-06
5.30678e-06
8.28391e-06
1.18761e-05
1.61861e-05
2.13253e-05
2.7413e-05
3.45742e-05
4.29369e-05
5.26283e-05
6.37704e-05
7.6474e-05
9.08328e-05
0.000106916
0.000124761
0.000144368
0.000165692
0.00018864
0.000213069
0.000238784
0.000265542
0.00029306
0.000321019
0.000349081
0.000376899
0.000404132
0.000430455
0.000455577
0.000479248
0.00050127
0.000521494
0.000539831
0.000556243
0.000570741
0.000583377
0.000594236
0.00060343
0.000611083
0.000617321
8.94235e-07
3.05903e-06
5.69414e-06
8.89117e-06
1.27517e-05
1.7388e-05
2.29218e-05
2.94836e-05
3.72101e-05
4.62407e-05
5.67136e-05
6.87598e-05
8.24967e-05
9.80204e-05
0.000115398
0.000134659
0.000155787
0.000178715
0.00020332
0.000229419
0.000256774
0.000285094
0.000314045
0.000343261
0.000372358
0.000400952
0.000428672
0.000455178
0.000480176
0.000503425
0.000524745
0.000544022
0.000561203
0.000576294
0.000589352
0.000600473
0.000609786
0.000617437
0.000623583
0.000628379
9.54492e-07
3.26539e-06
6.07932e-06
9.49528e-06
1.36234e-05
1.85854e-05
2.4514e-05
3.1551e-05
3.9845e-05
4.95473e-05
6.08067e-05
7.37634e-05
8.85405e-05
0.000105236
0.000123913
0.00014459
0.000167232
0.000191746
0.000217973
0.000245689
0.000274608
0.000304386
0.000334637
0.000364945
0.000394883
0.000424032
0.000451999
0.000478436
0.000503053
0.000525629
0.000546015
0.000564135
0.000579985
0.000593619
0.000605142
0.000614697
0.000622451
0.000628586
0.000633286
0.000636726
1.0138e-06
3.46851e-06
6.45854e-06
1.00903e-05
1.44825e-05
1.97666e-05
2.60862e-05
3.35948e-05
4.2453e-05
5.28241e-05
6.48677e-05
7.87326e-05
9.45473e-05
0.00011241
0.000132379
0.000154459
0.000178594
0.00020466
0.00023246
0.000261724
0.000292112
0.000323228
0.000354632
0.000385859
0.000416439
0.000445926
0.00047391
0.000500043
0.000524051
0.000545741
0.000565006
0.000581817
0.000596222
0.000608327
0.000618287
0.000626288
0.000632535
0.000637237
0.000640598
0.000642809
1.07155e-06
3.6663e-06
6.82788e-06
1.067e-05
1.532e-05
2.09192e-05
2.76219e-05
3.55935e-05
4.50067e-05
5.60368e-05
6.88541e-05
8.36158e-05
0.000100455
0.00011947
0.00014071
0.000164165
0.000189757
0.000217327
0.000246635
0.000277362
0.000309113
0.000341438
0.00037384
0.000405808
0.000436836
0.000466453
0.000494243
0.000519867
0.000543076
0.000563715
0.000581725
0.000597133
0.000610041
0.000620609
0.00062904
0.000635558
0.000640398
0.000643793
0.000645959
0.000647093
1.12713e-06
3.85668e-06
7.18343e-06
1.12283e-05
1.61271e-05
2.20306e-05
2.91043e-05
3.75251e-05
4.7478e-05
5.91499e-05
7.27219e-05
8.83591e-05
0.000106199
0.000126337
0.000148815
0.000173606
0.000200604
0.000229614
0.000260351
0.000292444
0.000325443
0.000358839
0.000392083
0.00042462
0.000455913
0.000485473
0.000512886
0.000537832
0.000560097
0.000579571
0.00059625
0.00061022
0.00062164
0.00063072
0.000637706
0.000642858
0.000646432
0.000648673
0.000649805
0.000650024
1.17996e-06
4.0376e-06
7.52136e-06
1.17591e-05
1.68947e-05
2.30886e-05
3.05167e-05
3.93677e-05
4.98385e-05
6.21277e-05
7.64267e-05
9.29082e-05
0.000111713
0.000132934
0.000156604
0.000182676
0.000211015
0.000241389
0.000273465
0.000306818
0.000340941
0.000375269
0.000409204
0.000442149
0.000473541
0.000502883
0.000529772
0.000553915
0.000575138
0.000593387
0.000608715
0.000621269
0.000631261
0.000638951
0.00064462
0.000648553
0.000651024
0.000652282
0.000652548
0.000652012
1.22949e-06
4.20722e-06
7.83815e-06
1.22567e-05
1.76146e-05
2.40814e-05
3.18434e-05
4.11004e-05
5.20611e-05
6.49356e-05
7.99251e-05
9.72097e-05
0.000116933
0.000139185
0.000163987
0.000191271
0.000220874
0.000252523
0.000285837
0.000320337
0.00035546
0.000390584
0.000425067
0.000458274
0.000489625
0.000518622
0.000544878
0.000568137
0.000588272
0.000605288
0.000619298
0.000630505
0.000639175
0.000645608
0.000650115
0.000652999
0.00065454
0.000654986
0.000654549
0.00065341
1.27525e-06
4.36391e-06
8.13075e-06
1.27163e-05
1.82796e-05
2.49988e-05
3.30701e-05
4.27042e-05
5.4121e-05
6.75416e-05
8.31769e-05
0.000101214
0.000121798
0.000145016
0.000170877
0.000199294
0.000230072
0.000262896
0.00029734
0.000332868
0.000368865
0.000404657
0.000439557
0.000472903
0.000504102
0.000532661
0.000558219
0.000580559
0.00059961
0.000615432
0.0006282
0.000638172
0.000645658
0.000650993
0.00065451
0.000656521
0.000657306
0.000657105
0.00065612
0.000654513
1.31689e-06
4.50644e-06
8.39679e-06
1.3134e-05
1.88838e-05
2.58325e-05
3.41854e-05
4.41634e-05
5.59972e-05
6.99184e-05
8.6147e-05
0.000104876
0.000126254
0.000150363
0.0001772
0.000206656
0.000238507
0.000272398
0.000307855
0.000344292
0.00038104
0.000417379
0.000452584
0.00048597
0.000516936
0.000545002
0.000569838
0.00059127
0.000609282
0.000623993
0.000635634
0.000644511
0.000650974
0.000655384
0.000658088
0.000659401
0.000659597
0.000658905
0.000657509
0.000655558
1.35421e-06
4.6341e-06
8.63488e-06
1.35075e-05
1.94237e-05
2.6577e-05
3.51812e-05
4.54668e-05
5.76745e-05
7.20455e-05
8.88086e-05
0.000108163
0.000130258
0.000155171
0.000182889
0.000213282
0.000246093
0.000280934
0.000317283
0.000354507
0.000391888
0.000428665
0.00046408
0.00049743
0.000528114
0.000555669
0.000579798
0.000600374
0.000617433
0.00063115
0.000641805
0.000649749
0.000655361
0.000659023
0.000661089
0.000661872
0.000661635
0.000660592
0.000658912
0.000656724
1.3872e-06
4.74686e-06
8.84487e-06
1.38363e-05
1.98982e-05
2.72306e-05
3.60547e-05
4.66097e-05
5.91453e-05
7.3912e-05
9.11459e-05
0.000111052
0.00013378
0.000159404
0.000187897
0.000219112
0.000252765
0.000288429
0.000325543
0.00036343
0.00040133
0.000438446
0.000473993
0.000507257
0.000537639
0.000564699
0.000588174
0.000607981
0.000624205
0.00063707
0.000646901
0.000654084
0.000659023
0.000662112
0.000663707
0.000664115
0.000663587
0.000662322
0.000660469
0.000658141
1.4161e-06
4.84553e-06
9.02822e-06
1.41227e-05
2.03102e-05
2.77965e-05
3.68093e-05
4.75954e-05
6.04126e-05
7.55191e-05
9.31579e-05
0.000113538
0.00013681
0.000163043
0.0001922
0.000224114
0.000258477
0.00029483
0.000332576
0.000371001
0.000409309
0.000446673
0.000482289
0.000515436
0.000545525
0.000572137
0.00059504
0.000614193
0.000629724
0.000641899
0.000651079
0.000657679
0.000662119
0.000664803
0.000666084
0.00066626
0.000665571
0.000664198
0.000662276
0.000659899
1.44148e-06
4.932e-06
9.18836e-06
1.43717e-05
2.06668e-05
2.8284e-05
3.74566e-05
4.84377e-05
6.14919e-05
7.68838e-05
9.48618e-05
0.000115637
0.000139362
0.000166098
0.000195799
0.000228281
0.000263214
0.000300112
0.00033835
0.000377183
0.000415788
0.000453314
0.000488947
0.000521966
0.000551791
0.000578024
0.000600462
0.000619097
0.000634094
0.000645752
0.000654461
0.000660654
0.000664766
0.000667201
0.000668312
0.000668388
0.000667655
0.00066628
0.000664384
0.000662046
1.46424e-06
5.00941e-06
9.33107e-06
1.45922e-05
2.09806e-05
2.87097e-05
3.80178e-05
4.91628e-05
6.24145e-05
7.8042e-05
9.62971e-05
0.000117392
0.000141477
0.000168608
0.000198728
0.00023164
0.000266994
0.000304285
0.000342865
0.000381968
0.000420752
0.000458356
0.000493962
0.00052685
0.000556454
0.000582392
0.000604487
0.000622757
0.000637391
0.000648712
0.000657129
0.000663089
0.000667033
0.000669367
0.00067044
0.000670532
0.00066986
0.000668581
0.000666802
0.000664589
1.48577e-06
5.08239e-06
9.46492e-06
1.47976e-05
2.12703e-05
2.90993e-05
3.85261e-05
4.9812e-05
6.32302e-05
7.90519e-05
9.75296e-05
0.000118874
0.00014323
0.000170648
0.00020106
0.000234257
0.000269874
0.000307393
0.000346152
0.000385377
0.000424215
0.000461807
0.000497337
0.000530095
0.000559525
0.000585263
0.000607145
0.000625207
0.000639653
0.000650819
0.000659123
0.000665017
0.000668946
0.000671314
0.000672468
0.000672683
0.000672168
0.000671073
0.000669496
0.000667494
1.50791e-06
5.1573e-06
9.60172e-06
1.50064e-05
2.15625e-05
2.94886e-05
3.9028e-05
5.0444e-05
6.40103e-05
7.99973e-05
9.86543e-05
0.000120187
0.000144733
0.000172332
0.000202907
0.000236238
0.000271951
0.000309521
0.000348285
0.000387466
0.00042622
0.000463698
0.000499094
0.000531714
0.000561015
0.000586641
0.000608441
0.000626453
0.000640886
0.000652076
0.00066044
0.00066643
0.000670487
0.000673016
0.000674359
0.000674791
0.000674518
0.000673687
0.00067239
0.00067068
1.53308e-06
5.24242e-06
9.75695e-06
1.52427e-05
2.18922e-05
2.99253e-05
3.95861e-05
5.11373e-05
6.485e-05
8.09898e-05
9.97981e-05
0.000121471
0.000146133
0.000173814
0.000204423
0.000237732
0.000273365
0.000310798
0.000349374
0.000388331
0.000426845
0.000464087
0.000499275
0.000531732
0.000560931
0.000586524
0.000608359
0.00062647
0.000641057
0.000652444
0.000661036
0.000667276
0.0006716
0.000674407
0.000676039
0.000676773
0.000676816
0.000676316
0.000675369
0.000674023
1.56432e-06
5.34818e-06
9.9502e-06
1.55376e-05
2.23042e-05
3.04707e-05
4.02802e-05
5.19919e-05
6.587e-05
8.21696e-05
0.000101119
0.000122897
0.000147613
0.000175281
0.000205798
0.000238928
0.000274298
0.000311392
0.000349575
0.00038811
0.000426207
0.00046307
0.00049795
0.000530196
0.000559297
0.00058491
0.000606876
0.000625217
0.000640108
0.000651852
0.000660831
0.00066747
0.000672191
0.000675388
0.000677403
0.000678514
0.000678937
0.000678826
0.000678281
0.000677357
1.6053e-06
5.48726e-06
1.02054e-05
1.59292e-05
2.28542e-05
3.12009e-05
4.1209e-05
5.31297e-05
6.72148e-05
8.37023e-05
0.0001028
0.000124664
0.000149382
0.000176949
0.000207248
0.000240041
0.000274961
0.00031151
0.000349084
0.000386986
0.000424471
0.00046079
0.000495237
0.000527192
0.000556164
0.000581815
0.000603976
0.000622645
0.000637966
0.000650207
0.000659718
0.000666893
0.000672137
0.000675832
0.000678318
0.000679878
0.000680734
0.000681054
0.000680951
0.000680487
1.66029e-06
5.67455e-06
1.05513e-05
1.64637e-05
2.36096e-05
3.22072e-05
4.24886e-05
5.46911e-05
6.90465e-05
8.57679e-05
0.000105035
0.000126976
0.00015165
0.000179032
0.000208994
0.000241295
0.00027558
0.000311381
0.000348131
0.000385186
0.000421856
0.000457451
0.000491315
0.000522868
0.000551644
0.000577309
0.000599683
0.000618735
0.000634573
0.000647419
0.000657579
0.000665413
0.000671296
0.000675593
0.000678635
0.000680709
0.000682049
0.000682833
0.000683191
0.000683203
1.73407e-06
5.92707e-06
1.10213e-05
1.71958e-05
2.46492e-05
3.35934e-05
4.42456e-05
5.6821e-05
7.1523e-05
8.85322e-05
0.000107994
0.000130003
0.000154591
0.000181709
0.00021122
0.000242886
0.00027637
0.000311236
0.000346967
0.000382976
0.00041864
0.000453332
0.000486453
0.000517471
0.000545946
0.000571556
0.000594108
0.000613545
0.000629931
0.000643441
0.000654333
0.000662919
0.000669536
0.000674525
0.000678204
0.000680857
0.000682724
0.000683999
0.000684827
0.00068531
0.000239416
0.000256011
0.000271653
0.000286172
0.000299441
0.000311367
0.000321894
0.000330997
0.000338677
0.000344962
0.000349899
0.000353553
0.000356007
0.00035736
0.000357729
0.000357246
0.000356054
0.00035432
0.00035223
0.000349993
0.00034784
0.000346029
0.000344837
0.000344563
0.000345524
0.000348047
0.000352464
0.000359114
0.000368347
0.000380582
0.000396432
0.000417029
0.000444658
0.0004839
0.00054337
0.000637884
0.000790378
0.00103225
0.0014005
0.00193037
0.00264427
0.00353955
0.00458018
0.00569676
0.00679663
0.00778131
0.00856703
0.00910028
0.00936382
0.00937423
0.00917328
0.00881667
0.00836299
0.00786532
0.00736684
0.00689897
0.006482
0.00612684
0.00583731
0.00561239
0.00544812
0.00533907
0.0052792
0.00526254
0.00528347
0.00533696
0.00541867
0.00552503
0.00565335
0.00580185
0.00596986
0.00615789
0.00636779
0.00660288
0.00686812
0.00717013
0.00751735
0.00792
0.00839007
0.00894179
0.00958896
0.0103464
0.0112291
0.0122514
0.0134262
0.0147635
0.0162697
0.0179465
0.0197894
0.0217869
0.0239193
0.0261572
0.0284601
0.0307753
0.033037
0.0351677
0.0370811
0.0386887
0.0399094
0.0406805
0.0409676
0.0407718
0.040131
0.0391146
0.037813
0.0363263
0.0347521
0.0331769
0.0316697
0.0302797
0.0290366
0.0279536
0.027031
0.0262598
0.0256261
0.0251128
0.024703
0.0243808
0.024132
0.0239444
0.023808
0.0237147
0.0236578
0.0236321
0.0236339
0.0236602
0.0237092
0.0237801
0.023873
0.0239892
0.0241308
0.0243014
0.0245053
0.0247484
0.0250376
0.0253807
0.0257872
0.0262658
0.0268257
0.027476
0.0282248
0.0290789
0.0300431
0.0311189
0.0323044
0.0335932
0.0349736
0.0364277
0.0379302
0.0394472
0.040936
0.0423443
0.0436129
0.0446792
0.0454842
0.0459801
0.0461384
0.0459555
0.0454543
0.044682
0.0437024
0.0425871
0.0414071
0.0402258
0.0390939
0.0380482
0.037111
0.036292
0.0355912
0.0350014
0.0345112
0.034107
0.033775
0.0335022
0.0332771
0.03309
0.0329332
0.0328006
0.0326878
0.0325916
0.0325099
0.0324416
0.0323862
0.032344
0.0323158
0.0323029
0.032307
0.0323304
0.0323758
0.0324466
0.0325465
0.0326798
0.0328517
0.0330677
0.0333329
0.0336533
0.0340342
0.034481
0.0349977
0.0355868
0.0362479
0.0369761
0.0377588
0.0385727
0.0393788
0.0401191
0.0407158
0.0410766
0.0411096
0.0407456
0.0399628
0.0388033
0.0373726
0.035819
0.0342947
0.03292
0.0317649
0.0308482
0.0301505
0.0296321
0.0292486
0.0289613
0.0287407
0.0285669
0.0284275
0.0283151
0.0282253
0.0281553
0.0281032
0.0280672
0.0280457
0.0280372
0.0280401
0.0280528
0.0280737
0.0281013
0.0281343
0.0281714
0.0282112
0.0282527
0.000275645
0.000293664
0.000310435
0.000325789
0.00033961
0.000351827
0.000362403
0.000371338
0.000378653
0.000384395
0.000388624
0.000391414
0.000392851
0.00039303
0.000392061
0.000390065
0.000387177
0.000383552
0.000379367
0.000374822
0.000370148
0.000365604
0.000361481
0.000358102
0.000355816
0.000354997
0.000356036
0.000359341
0.000365345
0.000374561
0.000387714
0.000406076
0.000432124
0.000470706
0.000530796
0.000627619
0.0007844
0.00103235
0.00140719
0.00194125
0.00265189
0.00352964
0.00453109
0.0055809
0.00658408
0.00744494
0.00808862
0.00847393
0.00859726
0.00848757
0.00819566
0.00778174
0.00730459
0.00681406
0.00634773
0.00593044
0.00557592
0.00528935
0.00506996
0.00491336
0.0048134
0.0047633
0.00475629
0.00478604
0.00484674
0.00493321
0.00504088
0.00516584
0.00530493
0.00545578
0.00561702
0.00578839
0.00597096
0.00616729
0.00638166
0.00662023
0.00689122
0.00720507
0.0075745
0.00801452
0.00854185
0.00917456
0.00993159
0.0108319
0.0118935
0.0131319
0.014559
0.0161814
0.0179989
0.0200028
0.0221742
0.0244823
0.0268829
0.0293162
0.0317072
0.0339663
0.0359942
0.0376897
0.0389615
0.0397412
0.0399948
0.03973
0.038997
0.0378799
0.0364847
0.0349245
0.0333066
0.0317217
0.0302387
0.0289026
0.0277368
0.0267468
0.0259255
0.0252573
0.0247232
0.0243027
0.0239765
0.0237279
0.0235426
0.0234088
0.0233172
0.0232602
0.0232321
0.0232281
0.0232446
0.0232789
0.0233291
0.0233942
0.0234739
0.0235691
0.0236817
0.0238147
0.0239725
0.0241609
0.0243872
0.02466
0.0249895
0.0253867
0.0258635
0.0264317
0.0271031
0.0278878
0.0287944
0.029828
0.0309898
0.0322758
0.0336754
0.0351708
0.036735
0.0383306
0.0399097
0.0414131
0.0427734
0.0439198
0.0447855
0.0453172
0.045484
0.0452841
0.0447459
0.0439249
0.0428944
0.0417351
0.0405256
0.0393336
0.0382119
0.0371958
0.0363045
0.0355434
0.0349073
0.0343847
0.03396
0.033617
0.0333396
0.0331139
0.0329281
0.0327727
0.0326403
0.0325256
0.0324249
0.0323355
0.0322561
0.032186
0.0321252
0.032074
0.0320335
0.032005
0.03199
0.031991
0.0320103
0.0320513
0.0321178
0.0322143
0.0323461
0.0325192
0.0327401
0.033016
0.033354
0.0337611
0.0342439
0.0348069
0.035452
0.0361764
0.0369692
0.0378078
0.0386534
0.0394467
0.0401072
0.040539
0.0406452
0.0403516
0.0396315
0.038524
0.0371323
0.0356049
0.0340951
0.0327249
0.0315668
0.0306423
0.0299344
0.0294055
0.029013
0.0287192
0.0284955
0.028322
0.0281863
0.0280805
0.0279998
0.0279411
0.0279017
0.0278796
0.0278728
0.0278792
0.0278972
0.0279248
0.0279604
0.0280023
0.0280491
0.0280994
0.0281518
0.0282052
0.000313472
0.000332654
0.000350275
0.00036618
0.000380281
0.000392539
0.000402953
0.000411552
0.000418388
0.000423529
0.000427052
0.00042904
0.00042958
0.000428764
0.000426688
0.000423456
0.000419188
0.000414016
0.000408096
0.000401612
0.000394779
0.000387848
0.000381114
0.000374908
0.000369604
0.000365616
0.000363386
0.000363389
0.000366144
0.000372261
0.000382591
0.000398567
0.000422888
0.000460718
0.000521455
0.000620812
0.000782373
0.00103717
0.00141961
0.00195888
0.00266706
0.00352769
0.00449011
0.00547369
0.00638199
0.0071244
0.00763615
0.00788928
0.00789378
0.00768983
0.00733529
0.00689258
0.00641833
0.00595729
0.00554025
0.00518507
0.00489922
0.0046829
0.00453183
0.00443942
0.00439841
0.00440159
0.00444224
0.0045142
0.00461186
0.0047301
0.00486426
0.00501013
0.00516405
0.00532305
0.00548499
0.00564875
0.00581447
0.00598377
0.00615997
0.00634836
0.00655645
0.0067942
0.00707425
0.007412
0.00782558
0.00833547
0.00896401
0.00973453
0.0106702
0.0117926
0.0131197
0.0146644
0.0164316
0.0184167
0.0206029
0.0229592
0.0254376
0.0279719
0.030477
0.032851
0.0349807
0.0367516
0.0380624
0.0388394
0.0390505
0.0387123
0.0378885
0.0366796
0.0352072
0.0335969
0.0319631
0.0303984
0.0289687
0.0277124
0.0266446
0.0257623
0.0250505
0.0244879
0.0240511
0.0237176
0.0234671
0.0232832
0.0231523
0.0230639
0.0230098
0.0229837
0.0229803
0.0229958
0.0230266
0.0230701
0.0231243
0.0231877
0.0232597
0.0233406
0.0234316
0.0235353
0.0236554
0.0237975
0.0239684
0.0241772
0.0244344
0.0247524
0.0251449
0.0256266
0.0262122
0.026916
0.0277505
0.0287251
0.029845
0.0311093
0.0325097
0.034029
0.035639
0.0372995
0.0389568
0.040545
0.0419878
0.0432054
0.0441231
0.0446821
0.0448497
0.0446267
0.0440485
0.0431799
0.0421044
0.0409119
0.0396875
0.0385024
0.0374091
0.0364404
0.0356105
0.0349191
0.034356
0.0339046
0.0335461
0.0332619
0.0330349
0.0328506
0.0326978
0.0325676
0.0324536
0.0323515
0.0322583
0.0321723
0.0320927
0.0320195
0.0319527
0.0318933
0.0318421
0.0318004
0.0317698
0.0317523
0.0317501
0.0317663
0.0318043
0.0318685
0.0319641
0.0320973
0.0322754
0.0325063
0.0327987
0.0331616
0.0336034
0.0341316
0.0347505
0.0354598
0.0362508
0.0371024
0.0379764
0.0388125
0.0395281
0.0400234
0.0401967
0.0399684
0.0393074
0.038249
0.0368948
0.035393
0.0338978
0.0325333
0.0313741
0.0304441
0.0297287
0.0291924
0.0287943
0.0284976
0.028274
0.0281041
0.0279748
0.0278782
0.0278088
0.0277628
0.0277374
0.0277298
0.0277378
0.0277592
0.027792
0.0278341
0.0278838
0.0279395
0.0279995
0.0280625
0.028127
0.0281918
0.000352036
0.00037202
0.00039012
0.000406214
0.000420257
0.000432255
0.000442253
0.00045032
0.000456542
0.000461011
0.000463821
0.000465064
0.000464827
0.000463191
0.00046024
0.000456055
0.00045073
0.000444369
0.0004371
0.000429076
0.000420489
0.00041157
0.0004026
0.000393913
0.000385896
0.000378989
0.000373681
0.000370511
0.000370078
0.0003731
0.000380561
0.000394074
0.000416595
0.000453652
0.000515134
0.000617316
0.000784196
0.00104662
0.00143755
0.00198281
0.00268891
0.00353227
0.00445521
0.0053725
0.00618779
0.00681731
0.00720763
0.00734452
0.00725099
0.00697687
0.00658478
0.0061369
0.00568565
0.00526916
0.00491087
0.0046218
0.00440394
0.00425362
0.00416429
0.00412832
0.0041383
0.00418739
0.00426942
0.00437874
0.00451012
0.00465856
0.00481927
0.00498772
0.0051597
0.00533156
0.00550037
0.00566415
0.0058221
0.00597486
0.00612469
0.00627582
0.00643473
0.00661045
0.00681494
0.00706331
0.00737411
0.00776923
0.00827349
0.00891395
0.00971868
0.0107152
0.0119282
0.0133774
0.0150742
0.0170193
0.0191993
0.0215836
0.0241217
0.0267408
0.0293458
0.0318215
0.0340402
0.035874
0.0372113
0.0379744
0.0381347
0.0377194
0.036808
0.035518
0.0339864
0.0323495
0.0307266
0.0292091
0.027857
0.0267
0.0257435
0.0249754
0.0243736
0.023912
0.0235644
0.0233074
0.0231212
0.0229906
0.0229037
0.0228517
0.0228278
0.0228268
0.0228445
0.0228773
0.022922
0.0229758
0.0230364
0.023102
0.0231713
0.0232441
0.0233208
0.0234033
0.0234948
0.0235997
0.0237248
0.0238785
0.0240715
0.0243165
0.0246287
0.0250247
0.0255223
0.0261393
0.0268926
0.0277962
0.0288598
0.0300868
0.031472
0.0329996
0.0346411
0.0363534
0.0380777
0.0397404
0.0412564
0.0425364
0.0434972
0.0440748
0.0442356
0.043984
0.0433637
0.0424498
0.0413364
0.0401223
0.0388981
0.0377367
0.0366886
0.0357818
0.0350246
0.0344105
0.0339235
0.0335429
0.0332471
0.0330159
0.032832
0.0326816
0.0325541
0.032442
0.03234
0.0322449
0.0321549
0.0320689
0.0319868
0.0319089
0.0318359
0.0317687
0.0317083
0.0316559
0.0316128
0.0315808
0.0315618
0.0315583
0.0315734
0.031611
0.031676
0.0317744
0.0319136
0.0321022
0.0323498
0.0326671
0.0330647
0.0335524
0.0341375
0.0348226
0.0356018
0.036456
0.037348
0.0382174
0.0389794
0.0395306
0.0397647
0.0395968
0.0389909
0.0379787
0.0366602
0.0351833
0.0337032
0.0323454
0.0311868
0.0302536
0.0295335
0.0289929
0.0285921
0.0282954
0.0280749
0.0279109
0.0277903
0.0277045
0.0276474
0.0276149
0.0276035
0.0276103
0.0276327
0.0276683
0.0277149
0.0277706
0.0278335
0.027902
0.0279744
0.0280493
0.0281253
0.0282012
0.000390478
0.000410824
0.000428968
0.00044484
0.000458452
0.000469869
0.000479189
0.000486525
0.000492
0.000495731
0.000497827
0.000498387
0.000497494
0.000495219
0.000491624
0.000486766
0.000480708
0.00047352
0.000465292
0.000456141
0.000446223
0.000435739
0.000424947
0.000414169
0.000403794
0.000394278
0.000386148
0.000379999
0.000376512
0.000376511
0.000381125
0.000392168
0.000412884
0.000449216
0.000511612
0.000616971
0.000789745
0.00106056
0.00146076
0.00201252
0.00271651
0.00354195
0.00442451
0.00527498
0.00599934
0.00652194
0.00680176
0.00683838
0.00666676
0.00634438
0.00593615
0.00550168
0.0050874
0.00472396
0.00442743
0.00420268
0.00404733
0.00395514
0.00391849
0.00392979
0.00398224
0.00406989
0.00418742
0.00432984
0.00449226
0.00466974
0.00485723
0.00504973
0.00524241
0.00543087
0.00561139
0.00578117
0.00593855
0.00608326
0.00621659
0.00634171
0.00646395
0.00659118
0.00673425
0.0069074
0.00712884
0.00742084
0.00780975
0.00832542
0.00900018
0.00986716
0.0109579
0.0122994
0.0139106
0.0157986
0.0179545
0.0203495
0.0229309
0.02562
0.0283113
0.0308759
0.0331712
0.0350553
0.0364067
0.037145
0.0372469
0.0367526
0.0357586
0.0343999
0.0328281
0.031188
0.0296009
0.0281538
0.0268982
0.0258533
0.025014
0.0243598
0.0238623
0.023492
0.0232216
0.0230281
0.0228935
0.0228045
0.0227514
0.0227273
0.022727
0.0227466
0.0227823
0.022831
0.0228895
0.0229548
0.0230241
0.0230951
0.023166
0.0232358
0.0233045
0.0233731
0.0234439
0.0235209
0.0236096
0.023718
0.0238562
0.0240371
0.0242761
0.0245914
0.0250029
0.025532
0.0261994
0.0270243
0.0280214
0.0291989
0.0305555
0.0320781
0.0337382
0.0354905
0.0372712
0.0389989
0.0405789
0.0419122
0.0429072
0.0434949
0.0436414
0.0433564
0.042693
0.0417374
0.0405946
0.0393714
0.0381624
0.0370403
0.0360515
0.035218
0.0345408
0.0340068
0.0335949
0.0332808
0.033041
0.0328548
0.0327057
0.0325807
0.0324708
0.0323698
0.0322739
0.032181
0.0320902
0.0320012
0.0319146
0.031831
0.0317514
0.0316769
0.0316085
0.0315472
0.0314945
0.0314515
0.0314199
0.0314016
0.0313993
0.0314161
0.0314566
0.0315261
0.0316319
0.0317827
0.0319888
0.032262
0.0326147
0.0330591
0.0336056
0.0342598
0.035019
0.0358669
0.0367677
0.0376614
0.0384615
0.0390613
0.0393499
0.0392371
0.0386822
0.0377134
0.0364288
0.0349761
0.0335113
0.0321613
0.0310052
0.0300711
0.0293488
0.0288064
0.0284057
0.0281115
0.0278963
0.0277402
0.0276296
0.0275554
0.027511
0.0274918
0.0274939
0.0275142
0.0275498
0.0275984
0.0276577
0.0277257
0.0278006
0.0278809
0.0279648
0.0280509
0.0281378
0.0282242
0.000427957
0.000448176
0.000465897
0.000481119
0.000493927
0.000504451
0.000512846
0.000519273
0.00052389
0.000526836
0.000528235
0.000528185
0.000526764
0.000524028
0.000520017
0.00051476
0.000508284
0.00050062
0.000491816
0.000481947
0.000471122
0.000459506
0.000447322
0.000434868
0.000422522
0.000410749
0.000400099
0.00039122
0.000384867
0.000381974
0.000383823
0.000392449
0.000411418
0.000447139
0.000510679
0.000619626
0.0007989
0.00107882
0.00148894
0.00204744
0.0027489
0.00355531
0.00439607
0.00517927
0.00581504
0.00623721
0.00641786
0.00637002
0.00613906
0.00578778
0.0053809
0.00497341
0.00460453
0.00429713
0.00406041
0.00389421
0.00379308
0.00374949
0.00375587
0.00380545
0.00389261
0.00401257
0.00416097
0.00433342
0.00452526
0.00473138
0.00494631
0.00516438
0.00538
0.00558796
0.00578376
0.00596386
0.00612588
0.0062688
0.00639314
0.00650115
0.00659708
0.0066876
0.00678223
0.00689397
0.00704001
0.00724223
0.00752746
0.00792738
0.00847767
0.00921647
0.0101819
0.0114085
0.0129234
0.0147411
0.0168583
0.0192491
0.0218597
0.0246055
0.0273705
0.0300119
0.0323715
0.0342932
0.0356467
0.0363499
0.0363871
0.0358134
0.0347435
0.0333302
0.0317378
0.0301171
0.0285879
0.0272302
0.0260843
0.0251579
0.0244355
0.0238891
0.0234857
0.0231939
0.0229868
0.0228433
0.0227477
0.0226894
0.0226612
0.0226582
0.0226766
0.0227133
0.0227653
0.0228293
0.0229019
0.0229798
0.0230597
0.0231386
0.0232144
0.0232853
0.0233508
0.0234112
0.0234682
0.0235248
0.0235859
0.0236583
0.0237515
0.0238777
0.0240524
0.0242943
0.0246251
0.0250686
0.0256496
0.026392
0.0273159
0.0284349
0.0297525
0.0312587
0.0329263
0.0347082
0.0365354
0.0383189
0.0399542
0.041332
0.0423523
0.0429417
0.0430669
0.0427447
0.0420383
0.041046
0.0398832
0.0386638
0.0374845
0.0364155
0.0354975
0.0347448
0.0341508
0.0336961
0.0333548
0.0331002
0.0329079
0.0327578
0.0326346
0.032527
0.0324275
0.0323316
0.0322368
0.032142
0.0320473
0.031953
0.0318603
0.0317701
0.0316837
0.0316021
0.0315266
0.0314582
0.0313979
0.0313467
0.0313059
0.0312771
0.0312621
0.0312636
0.0312853
0.0313322
0.0314107
0.0315293
0.0316986
0.031931
0.0322404
0.0326412
0.0331465
0.0337654
0.0344985
0.0353326
0.0362343
0.037144
0.0379744
0.0386157
0.0389525
0.0388896
0.0383816
0.0374532
0.0362006
0.0347715
0.0333222
0.0319813
0.0308293
0.0298964
0.0291743
0.0286327
0.0282343
0.0279447
0.0277364
0.0275893
0.0274893
0.0274268
0.0273949
0.0273882
0.0274028
0.0274352
0.0274827
0.0275427
0.0276132
0.0276923
0.0277781
0.0278691
0.0279637
0.0280604
0.0281577
0.0282543
0.000463684
0.000483266
0.000500098
0.00051426
0.000525919
0.000535275
0.000542541
0.000547922
0.000551604
0.000553749
0.000554486
0.000553912
0.000552095
0.000549075
0.000544865
0.000539465
0.000532865
0.000525056
0.000516038
0.000505839
0.00049452
0.000482195
0.000469048
0.00045534
0.000441429
0.000427772
0.000414938
0.000403614
0.000394628
0.000389021
0.000388238
0.000394554
0.000411889
0.00044717
0.000512145
0.000625141
0.000811539
0.00110125
0.00152176
0.00208698
0.0027851
0.003571
0.00436809
0.00508385
0.00563382
0.00596261
0.00605578
0.00593887
0.00566574
0.00530208
0.0049101
0.00453851
0.0042187
0.00396601
0.00378378
0.00366807
0.00361172
0.00360707
0.00364743
0.00372747
0.00384302
0.00399062
0.00416678
0.00436758
0.00458836
0.00482359
0.00506712
0.00531239
0.00555289
0.00578254
0.00599607
0.00618929
0.00635928
0.00650455
0.00662504
0.00672235
0.00679986
0.00686312
0.00692033
0.006983
0.00706689
0.00719281
0.00738723
0.00768261
0.00811701
0.00873275
0.00957396
0.0106828
0.0120948
0.0138326
0.0158999
0.0182743
0.0209019
0.0236924
0.0265196
0.0292263
0.0316382
0.0335853
0.034929
0.0355874
0.035555
0.0349035
0.0337665
0.0323139
0.0307205
0.0291403
0.0276881
0.0264336
0.025405
0.0245977
0.0239869
0.0235382
0.0232158
0.0229884
0.0228305
0.022724
0.0226564
0.0226197
0.0226093
0.0226222
0.0226558
0.0227077
0.0227751
0.0228545
0.0229421
0.0230338
0.0231259
0.0232148
0.0232977
0.0233726
0.0234382
0.0234946
0.0235427
0.0235851
0.0236256
0.0236702
0.0237274
0.0238083
0.0239281
0.0241052
0.0243623
0.0247254
0.0252224
0.0258817
0.0267288
0.0277833
0.029054
0.0305349
0.0322007
0.0340028
0.0358678
0.0376985
0.0393806
0.0407941
0.0418311
0.042414
0.0425119
0.0421494
0.0414016
0.0403789
0.0392066
0.0380039
0.0368677
0.0358634
0.0350245
0.0343566
0.0338454
0.0334657
0.033188
0.0329843
0.0328304
0.0327075
0.032602
0.0325045
0.0324095
0.0323137
0.032216
0.0321163
0.0320153
0.0319141
0.0318141
0.0317166
0.0316231
0.0315349
0.031453
0.0313784
0.0313121
0.0312548
0.0312076
0.0311714
0.0311476
0.0311384
0.0311466
0.0311764
0.0312336
0.0313261
0.0314641
0.0316603
0.0319297
0.0322883
0.032752
0.0333331
0.0340357
0.0348503
0.0357459
0.0366645
0.0375179
0.038194
0.0385729
0.0385547
0.0380893
0.0371983
0.0359759
0.0345697
0.0331363
0.0318054
0.0306592
0.0297296
0.0290099
0.028471
0.0280768
0.0277934
0.0275931
0.0274556
0.0273663
0.0273151
0.0272946
0.0272993
0.0273249
0.0273679
0.0274257
0.0274957
0.0275761
0.027665
0.0277607
0.0278617
0.0279664
0.0280732
0.0281807
0.0282873
0.000496952
0.000515407
0.000530918
0.00054366
0.000553883
0.000561856
0.000567845
0.000572093
0.000574809
0.000576168
0.0005763
0.000575298
0.000573217
0.000570076
0.000565865
0.000560553
0.000554093
0.000546434
0.000537532
0.00052736
0.000515927
0.000503296
0.000489598
0.00047505
0.000459978
0.000444822
0.000430157
0.000416699
0.000405343
0.000397237
0.000393997
0.000398152
0.000414018
0.000449085
0.000515842
0.000633388
0.000827543
0.00112766
0.00155888
0.00213048
0.00282407
0.00358753
0.00433917
0.00498754
0.0054551
0.00569818
0.00571572
0.00554443
0.00524448
0.00488196
0.0045146
0.00418375
0.00391287
0.00371054
0.00357545
0.00350128
0.00348034
0.00350578
0.0035724
0.00367663
0.00381592
0.00398806
0.00419035
0.0044191
0.00466936
0.00493493
0.00520866
0.00548286
0.00574993
0.00600284
0.00623557
0.00644342
0.00662315
0.006773
0.00689269
0.00698343
0.00704801
0.00709107
0.00711958
0.00714354
0.00717705
0.00723933
0.00735579
0.00755877
0.0078877
0.00838811
0.00910945
0.0101011
0.0114071
0.0130589
0.0150678
0.0174162
0.0200505
0.0228756
0.0257545
0.0285154
0.0309679
0.0329284
0.034251
0.0348563
0.0347511
0.034025
0.0328315
0.0313557
0.0297807
0.0282597
0.0268996
0.0257577
0.0248487
0.0241564
0.0236478
0.023284
0.0230285
0.0228511
0.0227295
0.0226486
0.0225995
0.0225773
0.0225795
0.0226048
0.0226518
0.0227182
0.0228011
0.0228967
0.0230002
0.0231071
0.0232128
0.023313
0.0234045
0.0234849
0.0235527
0.0236077
0.0236505
0.0236829
0.0237083
0.0237318
0.0237605
0.0238048
0.0238785
0.0239999
0.0241915
0.0244807
0.0248982
0.0254764
0.026246
0.0272326
0.0284509
0.0298996
0.0315559
0.0333705
0.0352653
0.0371354
0.038856
0.0402969
0.041342
0.0419107
0.0419759
0.0415715
0.0407851
0.0397395
0.0385686
0.0373953
0.0363139
0.0353836
0.0346289
0.0340463
0.0336145
0.0333031
0.0330806
0.0329186
0.0327941
0.0326901
0.0325952
0.032502
0.0324065
0.0323071
0.0322036
0.0320967
0.0319878
0.0318784
0.0317703
0.0316651
0.0315644
0.0314696
0.0313818
0.0313019
0.0312307
0.0311689
0.031117
0.0310759
0.0310464
0.0310301
0.0310291
0.0310467
0.0310879
0.0311599
0.0312723
0.0314375
0.0316712
0.0319906
0.0324138
0.0329563
0.0336258
0.0344165
0.0353007
0.0362218
0.0370917
0.037796
0.038211
0.0382323
0.0378054
0.0369486
0.0357546
0.0343707
0.0329535
0.0316339
0.0304951
0.0295706
0.0288551
0.0283208
0.0279323
0.0276561
0.0274644
0.0273365
0.0272575
0.0272167
0.0272064
0.0272209
0.0272559
0.027308
0.0273745
0.0274532
0.0275423
0.0276401
0.027745
0.0278555
0.0279699
0.0280867
0.0282042
0.0283208
0.000527182
0.000544068
0.000557893
0.000568929
0.000577507
0.000583957
0.000588589
0.000591674
0.000593437
0.000594055
0.000593658
0.000592328
0.000590104
0.000586988
0.000582947
0.000577917
0.000571821
0.000564565
0.00055606
0.000546228
0.000535024
0.000522451
0.000508583
0.000493588
0.000477746
0.000461472
0.000445332
0.000430065
0.000416623
0.000406261
0.000400769
0.000402954
0.000417557
0.000452687
0.000521619
0.000644253
0.000846787
0.00115784
0.00159988
0.00217724
0.00286483
0.00360347
0.00430807
0.00488956
0.00527875
0.00544436
0.00539808
0.00518614
0.0048726
0.00452175
0.00418526
0.00389659
0.00367171
0.00351354
0.00341745
0.00337597
0.00338192
0.00342989
0.00351657
0.00364028
0.00380015
0.00399512
0.00422312
0.00448044
0.00476159
0.00505932
0.00536517
0.00567008
0.00596515
0.00624232
0.00649488
0.00671778
0.00690766
0.00706281
0.00718301
0.00726941
0.0073245
0.00735226
0.00735862
0.00735217
0.00734521
0.00735513
0.00740572
0.00752844
0.00776312
0.00815756
0.00876563
0.00964343
0.0108433
0.012406
0.0143508
0.0166659
0.0192986
0.0221493
0.0250703
0.027875
0.0303568
0.0323191
0.0336101
0.0341552
0.0339756
0.0331806
0.0319424
0.0304602
0.0289217
0.027476
0.0262191
0.0251943
0.0244026
0.0238174
0.0233991
0.0231065
0.0229037
0.0227632
0.0226662
0.0226015
0.0225636
0.0225504
0.0225617
0.0225974
0.0226569
0.0227381
0.0228375
0.0229504
0.0230713
0.0231946
0.0233147
0.0234271
0.0235279
0.0236145
0.0236856
0.0237405
0.0237799
0.0238053
0.0238195
0.0238268
0.0238333
0.0238482
0.0238841
0.0239581
0.0240927
0.0243156
0.0246596
0.0251604
0.0258539
0.0267714
0.027934
0.0293456
0.0309864
0.0328068
0.0347246
0.0366268
0.0383782
0.0398381
0.0408832
0.0414307
0.0414587
0.0410121
0.0401914
0.0391312
0.037973
0.0368406
0.0358241
0.0349742
0.0343055
0.033806
0.0334476
0.0331966
0.0330202
0.0328908
0.0327874
0.0326952
0.0326051
0.0325115
0.0324121
0.0323062
0.0321948
0.0320791
0.031961
0.0318426
0.0317259
0.0316127
0.0315048
0.0314035
0.0313102
0.0312255
0.0311502
0.0310849
0.0310298
0.0309854
0.0309524
0.0309316
0.0309246
0.0309341
0.030964
0.0310205
0.0311126
0.0312523
0.0314549
0.0317389
0.032124
0.0326285
0.0332638
0.0340278
0.0348961
0.0358144
0.036695
0.0374215
0.037867
0.0379226
0.03753
0.0367044
0.035537
0.0341746
0.0327741
0.0314668
0.030337
0.0294194
0.0287097
0.0281814
0.0277998
0.0275312
0.0273482
0.0272296
0.02716
0.0271284
0.0271268
0.0271496
0.0271924
0.027252
0.0273259
0.0274122
0.0275091
0.0276151
0.0277288
0.0278485
0.0279727
0.0280995
0.0282272
0.028354
0.000553948
0.000568906
0.00058077
0.000589907
0.000596719
0.000601587
0.000604852
0.000606799
0.00060766
0.000607609
0.000606766
0.000605204
0.000602946
0.000599976
0.000596237
0.000591645
0.000586086
0.000579435
0.000571555
0.000562323
0.000551635
0.000539438
0.000525743
0.000510659
0.000494414
0.000477386
0.000460122
0.000443373
0.000428139
0.000415781
0.000408267
0.000408705
0.000422292
0.000457802
0.000529346
0.000657626
0.000869139
0.00119154
0.00164432
0.0022265
0.00290623
0.00361765
0.00427382
0.00478952
0.00510509
0.00520189
0.00510337
0.00486324
0.00454716
0.00421562
0.00391323
0.00366557
0.00348195
0.00336087
0.00329568
0.00327884
0.00330435
0.00336869
0.00347064
0.00361047
0.00378893
0.00400608
0.00426028
0.00454761
0.00486167
0.00519384
0.00553397
0.00587131
0.00619548
0.00649735
0.00676959
0.00700697
0.00720631
0.00736624
0.00748693
0.00756975
0.00761718
0.00763281
0.00762175
0.00759126
0.00755196
0.0075192
0.00751481
0.00756879
0.00772053
0.00801916
0.00852209
0.00929138
0.0103875
0.0118602
0.0137378
0.0160144
0.018639
0.0215076
0.0244621
0.0273008
0.0298011
0.031754
0.0330036
0.0334831
0.0332296
0.0323728
0.0311033
0.0296311
0.0281455
0.026788
0.0256414
0.0247339
0.0240537
0.023565
0.023224
0.0229887
0.0228254
0.0227101
0.0226281
0.0225719
0.0225395
0.0225314
0.0225494
0.0225948
0.022667
0.022764
0.0228813
0.0230131
0.0231528
0.0232935
0.0234289
0.0235537
0.0236638
0.0237566
0.0238308
0.0238861
0.0239229
0.023943
0.0239486
0.0239433
0.0239325
0.0239241
0.0239292
0.0239637
0.0240492
0.0242136
0.0244907
0.0249193
0.0255396
0.0263888
0.0274943
0.0288656
0.0304864
0.0323073
0.034242
0.0361695
0.0379442
0.0394154
0.0404526
0.0409725
0.0409602
0.0404723
0.0396229
0.0385575
0.0374229
0.0363418
0.0353979
0.0346318
0.0340484
0.0336271
0.0333347
0.0331352
0.0329959
0.0328909
0.0328015
0.0327154
0.0326255
0.0325281
0.032422
0.0323078
0.0321868
0.0320613
0.0319333
0.0318053
0.0316795
0.0315581
0.031443
0.0313355
0.0312368
0.0311478
0.0310691
0.0310008
0.0309434
0.030897
0.0308619
0.0308385
0.0308281
0.0308324
0.0308547
0.0309002
0.0309768
0.0310959
0.0312724
0.0315252
0.0318755
0.0323438
0.0329449
0.0336805
0.0345297
0.0354409
0.0363269
0.0370701
0.0375406
0.0376255
0.037263
0.0364656
0.0353231
0.0339817
0.0325983
0.0313044
0.0301851
0.0292758
0.0285734
0.0280522
0.027678
0.0274175
0.0272428
0.0271326
0.0270713
0.0270474
0.0270531
0.0270825
0.0271317
0.0271975
0.0272777
0.0273707
0.0274749
0.0275889
0.0277113
0.0278403
0.0279744
0.0281115
0.0282497
0.0283871
0.000577003
0.000589774
0.000599509
0.000606655
0.000611673
0.000614978
0.000616925
0.000617806
0.000617847
0.000617212
0.000616013
0.000614305
0.000612099
0.000609364
0.000606025
0.000601976
0.000597079
0.000591175
0.000584092
0.000575658
0.000565719
0.000554159
0.000540928
0.000526071
0.000509755
0.000492311
0.000474258
0.000456346
0.000439617
0.000425532
0.000416248
0.000415185
0.000428037
0.000464284
0.000538909
0.000673407
0.000894456
0.0012285
0.00169169
0.00227751
0.00294708
0.00362901
0.00423574
0.00468739
0.00493479
0.00497171
0.00483202
0.00457473
0.0042649
0.00395772
0.00369021
0.00348055
0.00333248
0.00324135
0.00319959
0.00320038
0.0032394
0.00331523
0.00342881
0.00358237
0.0037783
0.0040177
0.00429926
0.0046186
0.00496808
0.00533727
0.00571394
0.0060853
0.00643929
0.00676567
0.00705665
0.00730707
0.00751422
0.00767744
0.00779757
0.00787651
0.00791697
0.00792237
0.00789717
0.00784752
0.00778237
0.00771509
0.0076653
0.00766109
0.00774079
0.007954
0.00836076
0.00902835
0.0100248
0.011409
0.013218
0.0154528
0.0180644
0.0209446
0.0239248
0.0267881
0.0292963
0.0312294
0.0324292
0.0328392
0.0325143
0.0316047
0.0303178
0.0288715
0.0274531
0.0261934
0.0251601
0.0243666
0.0237891
0.023385
0.0231079
0.0229169
0.0227813
0.0226814
0.0226064
0.0225528
0.0225214
0.0225158
0.0225392
0.022594
0.02268
0.0227942
0.0229313
0.0230839
0.0232438
0.0234028
0.0235537
0.0236906
0.0238095
0.0239077
0.0239844
0.0240395
0.0240739
0.0240893
0.0240878
0.0240726
0.0240482
0.0240212
0.0240014
0.0240034
0.0240474
0.0241608
0.0243781
0.0247403
0.0252916
0.0260747
0.0271232
0.0284525
0.0300502
0.0318673
0.0338137
0.0357603
0.0375514
0.0390261
0.0400482
0.0405351
0.0404805
0.0399538
0.0390822
0.0380211
0.0369205
0.0358996
0.0350335
0.0343523
0.0338507
0.0335011
0.0332664
0.0331095
0.0329989
0.0329112
0.03283
0.0327455
0.0326524
0.0325486
0.032434
0.03231
0.0321785
0.0320422
0.0319037
0.0317657
0.0316307
0.031501
0.0313787
0.0312651
0.0311615
0.0310685
0.0309866
0.0309161
0.030857
0.0308093
0.030773
0.0307485
0.0307362
0.0307376
0.0307552
0.0307932
0.0308585
0.0309614
0.0311165
0.0313426
0.0316616
0.0320962
0.0326642
0.0333708
0.034199
0.0350995
0.0359864
0.0367413
0.0372315
0.037341
0.0370044
0.0362322
0.0351129
0.0337922
0.0324263
0.0311469
0.0300393
0.0291398
0.0284459
0.0279326
0.0275661
0.0273134
0.0271465
0.0270437
0.0269892
0.0269717
0.026983
0.0270177
0.0270718
0.0271428
0.0272286
0.0273279
0.0274391
0.0275612
0.0276924
0.0278312
0.0279756
0.0281235
0.0282727
0.028421
0.000596283
0.000606725
0.000614269
0.000619432
0.00062271
0.000624537
0.000625268
0.000625187
0.000624508
0.000623383
0.000621908
0.000620126
0.000618036
0.000615593
0.00061271
0.000609265
0.0006051
0.000600032
0.000593856
0.000586359
0.000577338
0.000566619
0.000554089
0.000539724
0.000523628
0.000506073
0.00048754
0.00046877
0.000450837
0.0004353
0.000424507
0.000422212
0.000434637
0.000472011
0.000550213
0.000691497
0.000922576
0.0012684
0.00174145
0.0023294
0.00298637
0.00363666
0.00419345
0.00458352
0.00476878
0.00475487
0.00458433
0.00431932
0.00402238
0.00374234
0.00350865
0.00333288
0.00321436
0.00314646
0.00312159
0.00313417
0.00318181
0.00326525
0.00338763
0.0035532
0.00376598
0.00402818
0.00433872
0.00469251
0.00508028
0.00548931
0.00590477
0.00631146
0.00669548
0.00704549
0.00735343
0.00761457
0.00782706
0.00799127
0.00810907
0.00818312
0.00821655
0.00821278
0.00817578
0.00811069
0.00802495
0.00792994
0.00784304
0.00779014
0.007808
0.00794597
0.00826592
0.00883952
0.00974178
0.0110404
0.0127815
0.0149729
0.017568
0.0204544
0.023453
0.026332
0.0288382
0.0307416
0.0318845
0.032223
0.0318311
0.0308791
0.0295891
0.0281836
0.026844
0.0256881
0.0247676
0.0240818
0.0235967
0.0232647
0.0230387
0.0228803
0.0227626
0.0226698
0.0225954
0.0225395
0.022506
0.0225007
0.022529
0.0225937
0.0226947
0.0228282
0.0229872
0.0231624
0.0233438
0.0235217
0.023688
0.0238363
0.0239626
0.0240649
0.0241427
0.0241967
0.0242282
0.0242391
0.0242314
0.0242081
0.0241728
0.024131
0.0240914
0.0240668
0.0240761
0.0241456
0.0243102
0.0246122
0.0250995
0.0258197
0.0268126
0.0280995
0.0296722
0.0314822
0.0334357
0.0353959
0.0371965
0.0386676
0.0396679
0.0401175
0.0400199
0.039458
0.0385719
0.0375247
0.0364675
0.0355136
0.0347281
0.0341302
0.0337053
0.0334198
0.0332341
0.0331114
0.0330224
0.0329459
0.0328684
0.0327821
0.0326834
0.0325713
0.0324469
0.032312
0.0321693
0.0320216
0.0318721
0.0317237
0.0315793
0.0314413
0.0313119
0.0311925
0.0310842
0.0309876
0.0309031
0.0308306
0.0307702
0.0307217
0.030685
0.03066
0.0306472
0.0306473
0.0306622
0.0306954
0.0307527
0.0308436
0.0309816
0.0311851
0.0314768
0.0318808
0.0324174
0.0330954
0.0339011
0.0347884
0.0356725
0.0364344
0.0369395
0.0370687
0.0367542
0.0360042
0.0349067
0.0336061
0.0322583
0.0309945
0.0299
0.0290114
0.0283268
0.0278219
0.0274632
0.0272178
0.0270577
0.0269611
0.0269121
0.0268994
0.026915
0.0269536
0.0270118
0.0270872
0.0271782
0.0272836
0.0274021
0.0275325
0.0276731
0.0278222
0.0279776
0.0281369
0.0282977
0.0284573
0.000611899
0.000619983
0.00062538
0.000628651
0.000630313
0.000630795
0.000630443
0.000629524
0.000628234
0.000626708
0.000625028
0.000623226
0.00062129
0.000619165
0.000616759
0.000613936
0.000610528
0.000606331
0.000601115
0.000594633
0.000586639
0.000576905
0.000565254
0.000551594
0.00053596
0.00051856
0.000499827
0.000480483
0.000461625
0.000444906
0.000432874
0.000429633
0.000441966
0.000480883
0.000563174
0.000711793
0.000953313
0.00131089
0.00179298
0.00238125
0.00302316
0.00363994
0.00414684
0.00447853
0.00460821
0.00455237
0.00436037
0.00409544
0.00381605
0.00356413
0.00336192
0.0032154
0.00312066
0.00307005
0.00305656
0.00307615
0.00312842
0.00321633
0.00334519
0.00352137
0.00375067
0.0040365
0.00437796
0.00476899
0.00519823
0.00565004
0.00610645
0.00654941
0.006963
0.00733492
0.00765715
0.00792582
0.00814039
0.00830269
0.00841587
0.0084836
0.00850954
0.00849721
0.00845016
0.00837263
0.00827064
0.00815366
0.00803681
0.00794365
0.00790904
0.0079815
0.00822402
0.00871189
0.00952645
0.0107438
0.012419
0.0145667
0.0171428
0.020031
0.0230415
0.0259278
0.0284226
0.030287
0.0313676
0.0316344
0.0311817
0.030199
0.02892
0.0275683
0.0263164
0.0252669
0.0244559
0.0238693
0.0234653
0.0231932
0.0230069
0.0228711
0.0227628
0.0226705
0.0225916
0.0225294
0.0224911
0.0224847
0.0225175
0.0225931
0.0227109
0.0228659
0.023049
0.0232487
0.0234528
0.0236498
0.0238307
0.023989
0.0241209
0.0242253
0.0243025
0.024354
0.0243817
0.0243878
0.0243746
0.0243444
0.0243003
0.0242471
0.0241917
0.0241456
0.0241262
0.0241585
0.024277
0.0245253
0.0249539
0.0256153
0.026555
0.0278003
0.029347
0.0311475
0.0331044
0.0350727
0.0368766
0.0383373
0.0393098
0.0397188
0.0395789
0.0389867
0.0380942
0.0370702
0.0360644
0.0351823
0.0344779
0.0339597
0.0336048
0.0333753
0.0332303
0.0331345
0.0330609
0.032991
0.0329136
0.032823
0.0327168
0.0325952
0.0324599
0.0323135
0.0321588
0.0319993
0.0318384
0.0316794
0.0315255
0.0313793
0.031243
0.031118
0.0310054
0.0309056
0.0308188
0.0307447
0.0306834
0.0306344
0.0305976
0.0305728
0.03056
0.0305599
0.0305737
0.0306041
0.0306562
0.0307382
0.0308628
0.031048
0.0313162
0.0316928
0.0322004
0.0328507
0.0336337
0.0345058
0.0353838
0.0361486
0.036664
0.0368085
0.0365121
0.0357817
0.0347044
0.0334237
0.0320946
0.0308475
0.0297673
0.0288906
0.0282161
0.0277197
0.0273684
0.0271296
0.0269752
0.0268836
0.0268387
0.0268293
0.026848
0.0268896
0.0269512
0.0270307
0.0271268
0.0272384
0.0273646
0.0275039
0.0276547
0.0278149
0.0279821
0.0281535
0.0283263
0.0284977
0.000624115
0.000629915
0.000633293
0.000634832
0.000635045
0.000634347
0.000633061
0.000631431
0.000629634
0.000627787
0.00062596
0.000624173
0.000622408
0.000620604
0.000618664
0.000616447
0.000613778
0.000610441
0.000606189
0.000600747
0.000593831
0.000585166
0.000574515
0.000561719
0.00054674
0.000529719
0.000511031
0.000491369
0.00047185
0.000454215
0.000441216
0.000437329
0.000449922
0.00049082
0.000577718
0.000734188
0.000986459
0.00135557
0.00184568
0.00243213
0.00305661
0.00363836
0.00409613
0.00437331
0.00445429
0.00436511
0.00415998
0.00390131
0.00364241
0.00341819
0.00324438
0.00312245
0.00304626
0.00300788
0.00300125
0.00302396
0.00307758
0.00316724
0.00330052
0.00348604
0.00373162
0.00404204
0.00441661
0.00484797
0.00532209
0.00581971
0.006319
0.00679864
0.00724055
0.00763169
0.00796457
0.00823671
0.00844943
0.00860642
0.00871241
0.00877221
0.00879008
0.00876964
0.00871405
0.00862667
0.00851217
0.00837818
0.00823765
0.00811174
0.00803318
0.00804929
0.00822353
0.00863414
0.00936812
0.0105095
0.0121219
0.0142269
0.0167827
0.0196688
0.0226852
0.0255706
0.0280449
0.0298625
0.0308769
0.0310739
0.0305683
0.029567
0.0283124
0.0270255
0.0258671
0.0249239
0.0242165
0.0237195
0.0233851
0.0231617
0.0230051
0.0228834
0.0227778
0.0226806
0.0225928
0.0225211
0.0224755
0.0224668
0.022504
0.0225916
0.0227284
0.0229075
0.0231172
0.0233432
0.0235707
0.0237864
0.0239806
0.0241467
0.0242819
0.0243859
0.0244604
0.0245077
0.0245306
0.0245316
0.024513
0.024477
0.0244261
0.0243639
0.0242964
0.0242333
0.0241905
0.0241916
0.0242705
0.0244713
0.024847
0.0254541
0.0263437
0.027549
0.0290696
0.030859
0.0328158
0.0347875
0.0365885
0.0380325
0.038972
0.0393384
0.0391582
0.0385417
0.0376511
0.036659
0.035711
0.0349034
0.0342785
0.0338346
0.0335424
0.0333606
0.0332488
0.0331735
0.0331103
0.0330433
0.0329636
0.0328668
0.0327519
0.0326199
0.032473
0.0323143
0.0321472
0.0319754
0.0318028
0.031633
0.0314695
0.0313152
0.0311723
0.0310422
0.0309257
0.0308231
0.0307343
0.030659
0.0305969
0.0305476
0.0305109
0.0304866
0.0304744
0.0304747
0.0304884
0.0305176
0.0305665
0.0306423
0.0307569
0.0309271
0.0311756
0.0315282
0.0320094
0.0326338
0.0333941
0.0342497
0.0351191
0.0358832
0.0364045
0.0365601
0.0362781
0.0355646
0.0345063
0.0332454
0.0319357
0.0307064
0.0296417
0.0287777
0.0281136
0.0276256
0.0272812
0.027048
0.0268982
0.0268101
0.026768
0.0267609
0.0267816
0.0268256
0.0268901
0.0269736
0.027075
0.0271935
0.0273281
0.0274773
0.0276391
0.0278113
0.0279911
0.0281753
0.0283608
0.0285444
0.00063331
0.000636986
0.000638535
0.000638543
0.0006375
0.000635794
0.000633721
0.000631501
0.00062929
0.000627191
0.000625259
0.000623508
0.000621913
0.000620412
0.000618904
0.000617251
0.000615273
0.00061275
0.000609422
0.000604998
0.000599162
0.000591598
0.000582014
0.000570187
0.000556007
0.000539542
0.000521107
0.000501357
0.000481419
0.000463123
0.000449431
0.000445205
0.000458429
0.00050176
0.000593778
0.000758566
0.00102177
0.001402
0.00189882
0.00248121
0.00308603
0.0036317
0.00404176
0.00426895
0.00430828
0.00419382
0.00398269
0.00373496
0.00349808
0.00330018
0.00315138
0.00304966
0.00298752
0.00295721
0.0029538
0.00297646
0.00302864
0.00311758
0.00325324
0.00344679
0.00370834
0.00404439
0.00445443
0.00492949
0.00545214
0.00599862
0.0065424
0.00705841
0.00752641
0.007933
0.00827185
0.00854258
0.00874895
0.00889692
0.00899306
0.00904334
0.00905266
0.00902466
0.00896202
0.00886722
0.00874359
0.00859704
0.00843838
0.00828641
0.00817166
0.00813993
0.0082547
0.00859653
0.00925744
0.0103288
0.0118824
0.0139465
0.0164814
0.0193624
0.0223788
0.0252557
0.0277009
0.029465
0.0304109
0.0305418
0.0299925
0.0289853
0.0277674
0.026554
0.0254923
0.0246525
0.0240409
0.0236233
0.0233478
0.0231631
0.0230276
0.0229132
0.0228049
0.0226983
0.0225979
0.0225135
0.0224586
0.0224464
0.0224882
0.0225892
0.0227472
0.0229532
0.0231921
0.023446
0.0236972
0.0239307
0.0241359
0.0243071
0.0244424
0.0245432
0.0246125
0.0246539
0.0246709
0.0246665
0.024643
0.0246022
0.0245462
0.0244774
0.0244008
0.0243247
0.0242631
0.0242385
0.0242838
0.0244432
0.0247717
0.0253294
0.0261728
0.0273401
0.0288354
0.0306124
0.0325662
0.0345366
0.0363291
0.0377506
0.0386529
0.038976
0.0387587
0.0381245
0.0372443
0.0362917
0.0354062
0.0346735
0.0341246
0.0337489
0.0335115
0.0333698
0.0332845
0.0332243
0.0331677
0.033101
0.0330171
0.0329129
0.0327884
0.0326452
0.0324861
0.0323146
0.0321345
0.0319501
0.0317654
0.0315847
0.0314117
0.0312495
0.0311004
0.0309656
0.0308457
0.0307407
0.0306502
0.0305739
0.0305112
0.0304619
0.0304254
0.0304016
0.0303902
0.0303914
0.0304057
0.0304347
0.030482
0.0305538
0.030661
0.0308196
0.0310517
0.0313837
0.0318414
0.0324416
0.03318
0.0340185
0.0348772
0.0356372
0.0361605
0.0363229
0.0360519
0.0353529
0.0343125
0.0330716
0.0317821
0.0305717
0.0295234
0.0286729
0.0280193
0.0275394
0.0272013
0.0269726
0.0268261
0.0267403
0.0266997
0.0266939
0.0267159
0.0267618
0.0268293
0.026917
0.0270244
0.0271505
0.0272944
0.0274545
0.0276285
0.0278138
0.028007
0.0282047
0.0284033
0.0285992
0.000639941
0.000641711
0.000641659
0.000640351
0.000638246
0.000635698
0.000632974
0.00063027
0.000627724
0.000625425
0.000623419
0.000621712
0.000620275
0.000619046
0.000617924
0.000616774
0.000615417
0.000613634
0.000611162
0.000607695
0.000602898
0.00059642
0.000587922
0.000577119
0.000563834
0.000548059
0.000530045
0.000510405
0.00049027
0.000471557
0.000457443
0.000453195
0.000467432
0.000513654
0.00061129
0.000784794
0.00105898
0.00144971
0.00195166
0.00252773
0.00311086
0.00361995
0.00398443
0.00416663
0.00417134
0.00403899
0.00382784
0.00359437
0.00337991
0.00320637
0.00307919
0.00299379
0.00294196
0.00291642
0.00291333
0.00293332
0.00298158
0.00306743
0.00320338
0.00340344
0.00368054
0.00404321
0.00449126
0.00501366
0.00558873
0.00618703
0.00677644
0.00732764
0.00781835
0.00823544
0.00857455
0.00883824
0.00903335
0.00916852
0.00925223
0.00929169
0.00929225
0.00925744
0.00918939
0.00908959
0.00896007
0.00880503
0.00863325
0.00846127
0.00831736
0.00824567
0.00830935
0.00859075
0.0091863
0.0101942
0.0116938
0.0137195
0.0162335
0.0191066
0.0221175
0.0249784
0.0273865
0.0290919
0.0299689
0.0300391
0.0294565
0.0284555
0.0272852
0.0261517
0.0251869
0.0244455
0.0239213
0.0235728
0.0233463
0.0231917
0.0230705
0.022958
0.0228425
0.0227228
0.0226064
0.0225065
0.0224399
0.0224231
0.0224697
0.0225856
0.0227676
0.0230035
0.023274
0.0235572
0.0238318
0.0240812
0.0242947
0.0244673
0.0245992
0.0246936
0.0247552
0.024789
0.0247992
0.0247892
0.0247612
0.0247168
0.0246571
0.0245841
0.0245012
0.0244155
0.0243395
0.0242941
0.0243112
0.024435
0.024722
0.0252355
0.0260367
0.027169
0.02864
0.030404
0.0323522
0.034317
0.0360954
0.0374889
0.0383511
0.0386312
0.0383813
0.0377367
0.0368749
0.0359681
0.035148
0.0344889
0.0340111
0.0336964
0.0335062
0.0333977
0.0333331
0.0332839
0.033231
0.0331627
0.0330733
0.0329607
0.0328258
0.0326709
0.0324991
0.0323143
0.0321209
0.0319234
0.0317264
0.0315346
0.0313523
0.0311826
0.0310278
0.0308889
0.0307661
0.030659
0.0305672
0.03049
0.030427
0.0303775
0.0303413
0.0303182
0.0303077
0.03031
0.0303253
0.0303549
0.0304016
0.0304711
0.0305731
0.0307228
0.0309418
0.0312564
0.0316934
0.0322716
0.0329892
0.0338103
0.0346566
0.0354097
0.0359312
0.0360967
0.0358334
0.0351467
0.0341234
0.0329026
0.0316343
0.0304441
0.0294131
0.0285766
0.0279335
0.0274613
0.0271284
0.0269032
0.0267587
0.026674
0.026634
0.0266286
0.0266516
0.0266993
0.02677
0.0268626
0.0269766
0.0271115
0.0272659
0.0274381
0.0276255
0.0278248
0.0280323
0.0282442
0.0284562
0.0286645
0.000644498
0.000644611
0.000643197
0.000640787
0.0006378
0.000634556
0.000631295
0.000628193
0.000625373
0.000622914
0.000620853
0.000619191
0.000617896
0.000616902
0.000616112
0.000615396
0.000614579
0.000613447
0.000611737
0.000609141
0.000605309
0.000599863
0.000592426
0.00058266
0.000570319
0.000555327
0.000537866
0.000518503
0.00049837
0.00047947
0.000465202
0.000461253
0.000476894
0.000526467
0.000630187
0.000812721
0.00109778
0.00149817
0.00200346
0.00257097
0.00313072
0.00360332
0.00392498
0.00406756
0.0040445
0.00390089
0.00369452
0.00347747
0.00328503
0.00313357
0.00302483
0.00295246
0.00290796
0.00288461
0.00287958
0.00289473
0.00293681
0.00301721
0.00315118
0.00335599
0.00364796
0.00403821
0.00452696
0.00510065
0.00573219
0.00638515
0.00702069
0.00760482
0.00811358
0.00853495
0.00886767
0.00911816
0.00929696
0.00941566
0.00948475
0.00951246
0.00950443
0.00946391
0.00939227
0.00928997
0.00915768
0.00899797
0.00881767
0.00863115
0.00846451
0.00836016
0.00838067
0.00860976
0.00914772
0.0100988
0.0115497
0.0135401
0.0160337
0.0188963
0.0218964
0.0247343
0.0270979
0.0287408
0.0295502
0.0295667
0.0289617
0.0279789
0.0268651
0.0258153
0.0249458
0.0242962
0.0238501
0.0235611
0.0233748
0.0232432
0.0231309
0.0230161
0.0228898
0.0227537
0.0226182
0.0224999
0.0224192
0.0223965
0.0224481
0.0225808
0.0227897
0.0230586
0.0233634
0.0236767
0.0239738
0.0242365
0.0244542
0.0246241
0.0247486
0.0248332
0.0248847
0.0249093
0.0249121
0.0248965
0.0248648
0.0248178
0.0247563
0.0246811
0.0245946
0.0245024
0.0244158
0.0243542
0.0243482
0.0244419
0.0246929
0.0251674
0.0259308
0.0270312
0.0284795
0.0302301
0.0321702
0.0341252
0.0358846
0.0372453
0.0380654
0.0383042
0.0380269
0.0373796
0.0365435
0.0356875
0.0349338
0.0343453
0.0339328
0.0336717
0.0335215
0.0334399
0.0333915
0.0333501
0.0332987
0.0332275
0.0331316
0.0330101
0.0328642
0.032697
0.032512
0.0323136
0.0321065
0.0318955
0.031686
0.0314832
0.0312917
0.031115
0.030955
0.0308126
0.0306874
0.0305788
0.0304859
0.030408
0.0303445
0.030295
0.0302591
0.0302365
0.030227
0.0302305
0.0302471
0.0302778
0.0303249
0.0303933
0.0304919
0.0306351
0.0308436
0.0311438
0.031563
0.0321216
0.0328198
0.0336236
0.034456
0.0351996
0.035716
0.0358809
0.0356222
0.034946
0.0339392
0.0327391
0.0314932
0.0303242
0.0293116
0.0284894
0.0278568
0.0273915
0.0270629
0.0268399
0.0266963
0.0266116
0.0265714
0.0265661
0.0265899
0.0266397
0.026714
0.0268123
0.0269341
0.0270789
0.0272452
0.0274308
0.0276327
0.0278472
0.0280699
0.0282963
0.0285218
0.0287423
0.000647466
0.000646181
0.000643633
0.000640313
0.000636598
0.000632778
0.00062907
0.000625636
0.000622589
0.00062
0.000617897
0.000616277
0.000615103
0.000614308
0.000613797
0.000613443
0.00061308
0.000612502
0.000611451
0.00060962
0.000606654
0.000602157
0.000595722
0.000586964
0.000575579
0.000561423
0.00054461
0.00052566
0.000505706
0.000486837
0.000472681
0.000469354
0.000486796
0.000540171
0.000650398
0.000842175
0.00113782
0.00154683
0.00205351
0.00261032
0.00314537
0.0035822
0.00386437
0.00397292
0.00392862
0.00377952
0.00358167
0.00338225
0.00321083
0.00307913
0.002986
0.00292394
0.00288445
0.00286137
0.00285265
0.00286113
0.00289495
0.00296754
0.00309705
0.00330455
0.00361044
0.0040291
0.0045614
0.00519062
0.00588288
0.00659308
0.00727444
0.00788797
0.0084087
0.00882695
0.00914585
0.0093767
0.0095343
0.00963334
0.00968614
0.00970174
0.00968578
0.00964096
0.00956776
0.00946549
0.00933346
0.00917265
0.00898806
0.008792
0.0086085
0.00847822
0.00846303
0.00864766
0.00913577
0.0100372
0.0114447
0.0134033
0.0158771
0.0187268
0.0217108
0.0245188
0.0268317
0.0284097
0.0291545
0.0291256
0.0285096
0.0275558
0.0265057
0.0255412
0.024763
0.0241976
0.0238204
0.0235819
0.0234283
0.0233141
0.0232064
0.0230861
0.0229464
0.0227911
0.0226334
0.0224936
0.0223964
0.0223664
0.0224232
0.0225746
0.0228136
0.0231191
0.0234604
0.0238042
0.024122
0.0243943
0.0246117
0.0247741
0.0248868
0.0249584
0.0249975
0.0250118
0.0250067
0.024986
0.0249514
0.0249033
0.0248416
0.0247662
0.0246785
0.0245829
0.0244892
0.0244154
0.024391
0.0244598
0.0246802
0.0251209
0.0258511
0.026923
0.0283503
0.0300873
0.0320171
0.0339582
0.0356937
0.0370177
0.0377947
0.0379951
0.0376966
0.037054
0.0362503
0.0354485
0.0347604
0.0342383
0.0338845
0.0336698
0.033553
0.0334931
0.033457
0.033421
0.0333698
0.0332947
0.0331917
0.0330606
0.0329033
0.0327234
0.0325249
0.0323126
0.0320913
0.0318666
0.0316444
0.0314306
0.0312303
0.0310471
0.0308828
0.0307375
0.0306106
0.0305007
0.0304069
0.0303282
0.0302642
0.0302145
0.0301788
0.0301569
0.0301484
0.0301532
0.0301713
0.0302034
0.0302514
0.0303198
0.0304164
0.030555
0.0307555
0.031044
0.0314482
0.0319896
0.0326698
0.0334566
0.0342743
0.035006
0.035514
0.0356749
0.0354181
0.0347511
0.0337605
0.032582
0.0313597
0.0302133
0.0292199
0.0284124
0.0277899
0.0273308
0.0270054
0.0267835
0.0266397
0.0265543
0.0265133
0.0265078
0.0265325
0.0265848
0.0266637
0.0267687
0.0268996
0.0270557
0.0272353
0.0274357
0.0276534
0.027884
0.0281224
0.0283635
0.0286025
0.0288346
0.000649298
0.000646858
0.000643383
0.000639316
0.000634997
0.000630691
0.000626602
0.000622883
0.000619642
0.000616942
0.000614807
0.000613225
0.000612154
0.000611525
0.000611243
0.000611184
0.000611192
0.000611068
0.000610567
0.000609386
0.000607171
0.000603518
0.000597998
0.000590189
0.000579736
0.000566433
0.000550332
0.000531905
0.000512286
0.000493652
0.000479869
0.000477493
0.000497131
0.000554741
0.000671845
0.00087296
0.00117873
0.00159509
0.00210116
0.00264527
0.00315476
0.00355711
0.00380361
0.0038838
0.00382431
0.00367464
0.00348807
0.00330672
0.00315501
0.00304077
0.00296079
0.00290689
0.00287068
0.00284646
0.00283273
0.00283306
0.00285672
0.00291913
0.00304155
0.00324935
0.00356785
0.00401561
0.00459446
0.00528377
0.00604117
0.00681083
0.00753665
0.00817462
0.00869976
0.00910642
0.0094036
0.00960849
0.00974054
0.00981745
0.00985308
0.00985687
0.00983409
0.00978667
0.00971405
0.00961431
0.00948541
0.0093268
0.00914175
0.00894069
0.00874568
0.00859572
0.00855185
0.00869958
0.00914546
0.0100041
0.0113742
0.0133046
0.0157593
0.0185936
0.0215564
0.0243278
0.0265847
0.0280967
0.0287815
0.0287167
0.0281011
0.027186
0.0262049
0.0253252
0.0246329
0.0241434
0.0238261
0.02363
0.0235029
0.0234015
0.0232955
0.0231673
0.0230118
0.0228348
0.0226521
0.0224878
0.0223713
0.0223324
0.0223947
0.022567
0.0228397
0.0231853
0.0235652
0.0239394
0.024275
0.0245522
0.0247639
0.0249134
0.0250103
0.0250658
0.0250908
0.0250939
0.0250812
0.025056
0.0250196
0.0249718
0.0249116
0.024838
0.0247514
0.024655
0.0245573
0.024475
0.0244366
0.0244854
0.0246803
0.0250924
0.0257939
0.0268409
0.0282492
0.0299725
0.0318897
0.033813
0.0355201
0.0368044
0.0375384
0.0377042
0.0373912
0.0367608
0.0359949
0.0352492
0.0346247
0.0341637
0.0338615
0.0336864
0.0335969
0.0335543
0.0335278
0.0334955
0.0334434
0.0333638
0.0332533
0.0331122
0.032943
0.03275
0.0325377
0.0323112
0.0320756
0.0318368
0.0316017
0.031377
0.0311684
0.0309796
0.0308117
0.0306644
0.0305361
0.0304253
0.0303305
0.0302511
0.0301864
0.0301364
0.0301009
0.0300795
0.030072
0.0300782
0.0300979
0.0301317
0.0301812
0.0302501
0.030346
0.0304816
0.0306763
0.0309555
0.0313473
0.0318737
0.0325376
0.033308
0.0341101
0.0348278
0.0353245
0.0354784
0.0352211
0.034562
0.033588
0.032432
0.0312349
0.0301126
0.0291392
0.0283467
0.027734
0.0272804
0.0269571
0.0267353
0.0265904
0.0265035
0.0264614
0.0264558
0.0264819
0.0265375
0.0266219
0.026735
0.0268764
0.0270453
0.0272396
0.0274563
0.0276909
0.0279383
0.0281928
0.0284486
0.0287003
0.0289431
0.00065039
0.000647016
0.000642788
0.000638104
0.000633275
0.000628548
0.000624121
0.000620148
0.000616733
0.000613937
0.000611775
0.000610228
0.000609246
0.000608754
0.000608656
0.000608832
0.000609132
0.000609368
0.000609306
0.000608656
0.00060707
0.000604141
0.000599429
0.000592485
0.000582912
0.00057045
0.000555094
0.000537276
0.00051813
0.000499927
0.000486774
0.000485678
0.000507903
0.000570156
0.000694436
0.000904855
0.00122012
0.00164235
0.00214578
0.00267542
0.00315894
0.00352868
0.00374369
0.0038011
0.00373196
0.00358579
0.00341243
0.00324903
0.00311546
0.00301655
0.00294762
0.00290015
0.00286596
0.00283963
0.00281998
0.00281099
0.00282285
0.00287278
0.0029853
0.00319066
0.0035201
0.00399745
0.004626
0.00538033
0.0062074
0.00703821
0.00780594
0.00846175
0.00898235
0.00936814
0.00963568
0.00980889
0.00991198
0.00996532
0.00998378
0.00997669
0.00994864
0.0099005
0.00983056
0.00973567
0.00961247
0.00945899
0.00927691
0.00907491
0.00887326
0.00870936
0.00864343
0.00876152
0.00917262
0.00999565
0.011334
0.0132398
0.0156762
0.0184926
0.0214289
0.0241569
0.026354
0.0278005
0.0284314
0.0283408
0.0277366
0.0268687
0.0259598
0.0251627
0.0245499
0.0241277
0.0238616
0.0237009
0.023595
0.023503
0.0233963
0.0232586
0.0230857
0.0228848
0.0226743
0.0224824
0.0223438
0.0222943
0.0223622
0.0225579
0.0228682
0.0232577
0.0236781
0.0240813
0.0244309
0.0247073
0.0249072
0.0250388
0.0251157
0.0251528
0.0251625
0.0251545
0.0251346
0.0251058
0.0250689
0.0250228
0.0249656
0.0248956
0.0248121
0.0247173
0.0246185
0.0245311
0.0244826
0.0245159
0.0246905
0.0250788
0.0257564
0.0267819
0.0281733
0.0298828
0.0317852
0.0336868
0.035361
0.0366035
0.0372957
0.0374318
0.0371113
0.0365
0.0357765
0.0350874
0.0345233
0.0341173
0.0338599
0.0337177
0.0336504
0.0336215
0.0336022
0.0335724
0.0335189
0.0334344
0.0333159
0.0331644
0.032983
0.0327766
0.0325504
0.0323094
0.0320593
0.0318063
0.0315582
0.0313229
0.0311067
0.030913
0.0307426
0.030594
0.0304648
0.0303531
0.0302573
0.0301768
0.0301113
0.0300609
0.0300254
0.0300046
0.0299982
0.0300058
0.0300273
0.0300629
0.0301141
0.0301842
0.0302803
0.0304143
0.0306049
0.0308772
0.031259
0.0317727
0.0324218
0.0331764
0.0339621
0.0346639
0.0351466
0.0352907
0.035031
0.0343792
0.0334223
0.0322906
0.0311205
0.0300238
0.0290715
0.0282942
0.027691
0.027242
0.02692
0.0266974
0.0265506
0.0264619
0.0264186
0.0264132
0.0264413
0.0265012
0.0265924
0.0267149
0.0268683
0.0270516
0.0272622
0.0274962
0.0277486
0.0280134
0.0282839
0.0285539
0.0288174
0.0290693
0.000651077
0.000646959
0.000642121
0.00063692
0.000631645
0.000626537
0.000621798
0.000617586
0.000614008
0.000611122
0.000608937
0.000607422
0.000606517
0.000606138
0.000606187
0.000606544
0.000607065
0.000607574
0.000607848
0.000607612
0.000606527
0.000604195
0.000600171
0.000593988
0.00058522
0.000573563
0.000558964
0.000541818
0.000523268
0.000505683
0.000493419
0.00049393
0.000519126
0.000586394
0.000718065
0.000937612
0.00126154
0.001688
0.00218679
0.00270046
0.0031581
0.00349755
0.00368549
0.00372553
0.00365167
0.00351232
0.00335339
0.00320737
0.0030903
0.00300473
0.00294504
0.00290265
0.00286954
0.00284048
0.00281433
0.00279522
0.0027939
0.00282922
0.002929
0.00312888
0.00346715
0.00397437
0.00465588
0.00548054
0.0063819
0.00727489
0.00808048
0.00874588
0.00925174
0.00960702
0.00983753
0.00997443
0.0100465
0.010076
0.0100782
0.0100618
0.0100303
0.00998332
0.00991798
0.00982992
0.00971458
0.00956867
0.00939247
0.00919311
0.00898918
0.00881665
0.00873488
0.00883028
0.00921389
0.0100082
0.0113206
0.0132053
0.0156239
0.0184196
0.0213242
0.0240026
0.0261367
0.0275197
0.0281041
0.0279984
0.0274163
0.0266025
0.0257674
0.0250492
0.0245086
0.0241451
0.0239224
0.0237905
0.0237015
0.0236162
0.0235073
0.023359
0.0231674
0.0229408
0.0227
0.0224773
0.0223137
0.0222516
0.0223255
0.0225473
0.0228994
0.0233366
0.0237988
0.0242291
0.0245875
0.0248566
0.0250384
0.0251469
0.0252008
0.0252177
0.0252119
0.0251931
0.0251669
0.0251359
0.0250997
0.0250565
0.0250038
0.0249389
0.0248603
0.0247691
0.0246715
0.0245821
0.0245273
0.0245494
0.0247083
0.0250779
0.0257359
0.0267436
0.0281199
0.0298154
0.0317005
0.0335767
0.0352142
0.0364136
0.0370662
0.0371781
0.0368576
0.0362719
0.035594
0.0349609
0.0344528
0.0340956
0.0338761
0.0337608
0.0337112
0.0336929
0.0336792
0.033651
0.0335956
0.0335059
0.0333792
0.0332169
0.0330229
0.032803
0.0325627
0.0323074
0.0320426
0.0317751
0.0315141
0.0312685
0.0310454
0.0308482
0.0306763
0.030527
0.0303973
0.0302845
0.0301875
0.0301057
0.0300392
0.0299882
0.0299527
0.0299325
0.0299272
0.0299364
0.0299597
0.0299973
0.0300505
0.0301222
0.0302191
0.0303526
0.0305408
0.0308081
0.031182
0.0316851
0.0323212
0.0330605
0.0338293
0.0345134
0.0349794
0.0351114
0.0348477
0.0342033
0.0332646
0.0321591
0.0310183
0.029949
0.029019
0.0282573
0.0276633
0.0272184
0.0268968
0.0266726
0.0265235
0.0264327
0.0263885
0.0263838
0.0264149
0.0264802
0.0265795
0.0267129
0.0268799
0.027079
0.0273071
0.0275596
0.0278304
0.0281126
0.0283987
0.0286817
0.0289553
0.0292143
0.00065163
0.000646929
0.000641595
0.00063595
0.000630271
0.000624803
0.000619761
0.000615312
0.000611572
0.000608597
0.000606387
0.000604899
0.000604059
0.000603775
0.000603938
0.000604429
0.000605109
0.000605809
0.000606323
0.000606387
0.000605681
0.000603816
0.000600351
0.000594815
0.000586761
0.000575854
0.000562004
0.00054558
0.000527739
0.000510955
0.000499837
0.000502284
0.000530818
0.000603429
0.00074261
0.000970956
0.00130254
0.00173148
0.00222367
0.00272015
0.00315244
0.00346437
0.00362976
0.00365754
0.0035833
0.00345338
0.00330955
0.00318004
0.00307778
0.00300368
0.00295166
0.00291321
0.00288051
0.00284835
0.00281543
0.00278573
0.00277025
0.00278912
0.00287335
0.00306445
0.00340903
0.00394606
0.00468396
0.00558466
0.00656501
0.0075203
0.00835807
0.00902309
0.00950312
0.0098185
0.0100057
0.0101033
0.0101437
0.0101505
0.0101383
0.0101146
0.0100815
0.0100374
0.00997818
0.00989844
0.00979252
0.00965605
0.00948809
0.00929437
0.00909205
0.00891576
0.008824
0.00890339
0.00926658
0.0100389
0.0113309
0.0131978
0.0155988
0.0183707
0.0212379
0.0238612
0.0259303
0.0272531
0.0277994
0.0276897
0.0271395
0.0263856
0.0256244
0.0249804
0.0245043
0.0241912
0.0240042
0.0238955
0.0238195
0.0237387
0.0236264
0.0234667
0.0232556
0.0230019
0.0227286
0.0224723
0.0222806
0.022204
0.0222841
0.022535
0.0229336
0.0234224
0.0239272
0.0243813
0.0247423
0.0249969
0.0251543
0.0252356
0.0252641
0.0252603
0.0252394
0.0252109
0.0251798
0.0251475
0.0251132
0.0250742
0.025027
0.0249683
0.0248958
0.0248099
0.0247158
0.0246271
0.0245693
0.0245843
0.024732
0.0250876
0.0257304
0.0267238
0.0280867
0.0297678
0.0316332
0.0334801
0.0350776
0.0362332
0.0368494
0.0369435
0.0366303
0.0360759
0.0354461
0.0348673
0.0344105
0.0340957
0.0339076
0.0338137
0.0337777
0.0337675
0.0337579
0.0337305
0.0336729
0.0335777
0.0334425
0.033269
0.0330623
0.0328287
0.0325746
0.0323051
0.0320255
0.0317435
0.0314694
0.0312141
0.0309854
0.0307858
0.0306135
0.0304643
0.030334
0.0302201
0.0301214
0.030038
0.0299702
0.0299186
0.0298831
0.0298636
0.0298595
0.0298703
0.0298955
0.0299353
0.0299906
0.0300643
0.0301626
0.0302965
0.0304835
0.0307476
0.0311157
0.0316101
0.0322345
0.0329591
0.0337103
0.034375
0.0348222
0.03494
0.0346714
0.0340348
0.0331163
0.0320396
0.0309306
0.0298909
0.0289846
0.0282392
0.0276544
0.0272131
0.0268914
0.0266651
0.0265134
0.0264207
0.026376
0.0263728
0.0264079
0.0264799
0.0265887
0.0267345
0.0269165
0.0271327
0.0273793
0.0276508
0.0279401
0.0282391
0.0285396
0.0288339
0.0291152
0.0293787
0.000652262
0.000647114
0.000641377
0.000635343
0.000629286
0.000623464
0.000618111
0.000613416
0.000609503
0.000606428
0.000604185
0.000602714
0.000601927
0.000601716
0.000601964
0.000602547
0.00060333
0.000604151
0.000604814
0.000605075
0.000604629
0.000603103
0.000600067
0.000595057
0.000587616
0.000577392
0.000564272
0.000548608
0.000531585
0.000515787
0.000506076
0.000510785
0.000543006
0.000621228
0.000767931
0.00100458
0.00134262
0.00177219
0.00225594
0.00273433
0.0031422
0.00342964
0.00357701
0.0035973
0.00352644
0.00340794
0.00327944
0.00316538
0.00307624
0.00301186
0.00296606
0.00293055
0.00289771
0.00286224
0.00282253
0.00278214
0.00275195
0.00275294
0.00281902
0.0029979
0.00334582
0.00391225
0.00471007
0.00569299
0.006757
0.00777365
0.00863605
0.00928919
0.00973194
0.00999896
0.0101384
0.0101956
0.0102056
0.0101918
0.0101677
0.0101388
0.010106
0.0100661
0.010014
0.0099434
0.00984782
0.00972199
0.00956396
0.00937835
0.00918104
0.00900545
0.00890923
0.00897902
0.00932863
0.0100856
0.0113624
0.0132145
0.0155976
0.018342
0.0211662
0.0237294
0.0257322
0.0269994
0.0275168
0.0274142
0.0269052
0.0262157
0.0255275
0.0249524
0.0245331
0.0242621
0.0241038
0.0240129
0.0239463
0.0238679
0.0237511
0.0235796
0.0233484
0.0230667
0.0227592
0.0224668
0.0222443
0.0221512
0.0222377
0.0225209
0.0229711
0.0235154
0.024063
0.0245363
0.0248925
0.0251252
0.0252526
0.0253034
0.0253056
0.0252817
0.0252469
0.0252102
0.0251755
0.0251434
0.0251118
0.0250776
0.0250366
0.0249848
0.0249194
0.02484
0.0247512
0.0246655
0.0246078
0.0246195
0.0247603
0.0251064
0.0257384
0.0267205
0.0280716
0.0297376
0.0315804
0.0333943
0.034949
0.0360611
0.0366449
0.0367281
0.0364293
0.0359115
0.0353313
0.0348046
0.0343941
0.0341154
0.0339527
0.0338751
0.033849
0.0338445
0.0338376
0.0338104
0.0337501
0.0336492
0.0335051
0.0333201
0.0331003
0.0328533
0.0325857
0.0323024
0.0320082
0.0317114
0.0314245
0.0311602
0.0309271
0.0307267
0.0305552
0.0304065
0.0302757
0.0301603
0.0300596
0.0299742
0.0299051
0.0298527
0.0298174
0.0297986
0.0297958
0.0298083
0.0298355
0.0298774
0.0299349
0.0300108
0.0301109
0.030246
0.0304331
0.0306954
0.0310594
0.0315468
0.0321608
0.0328711
0.0336041
0.0342477
0.034674
0.0347761
0.0345023
0.0338749
0.0329791
0.0319344
0.0308605
0.0298531
0.0289723
0.0282442
0.027669
0.0272313
0.0269092
0.0266806
0.0265264
0.026432
0.0263875
0.0263867
0.0264269
0.0265068
0.0266265
0.0267859
0.026984
0.0272181
0.0274838
0.0277743
0.0280814
0.028396
0.0287089
0.0290117
0.0292978
0.0295623
0.000653134
0.000647662
0.000641601
0.000635222
0.000628803
0.000622621
0.000616939
0.000611972
0.000607861
0.000604664
0.000602367
0.000600894
0.000600139
0.000599976
0.000600278
0.000600915
0.000601748
0.000602624
0.000603357
0.000603718
0.000603419
0.00060211
0.000599378
0.000594771
0.000587841
0.000578229
0.000565813
0.000550948
0.000534853
0.000520232
0.000512195
0.000519489
0.000555719
0.000639755
0.000793871
0.00103818
0.00138128
0.00180958
0.00228313
0.0027428
0.00312754
0.00339372
0.00352747
0.00354463
0.00348034
0.0033748
0.00326155
0.00316177
0.00308407
0.00302775
0.00298676
0.00295322
0.00291969
0.00288077
0.00283443
0.0027836
0.00273865
0.00272087
0.0027666
0.00292978
0.00327765
0.00387263
0.00473403
0.00580588
0.00695816
0.00803386
0.00891137
0.00953991
0.00993427
0.0101462
0.0102357
0.0102536
0.0102359
0.0102048
0.0101714
0.0101396
0.0101084
0.0100734
0.0100288
0.00996755
0.00988249
0.00976779
0.00962078
0.00944517
0.00925581
0.00908502
0.00898961
0.00905597
0.00939859
0.0101464
0.0114129
0.0132527
0.015617
0.0183299
0.0211048
0.0236034
0.02554
0.0267569
0.0272554
0.0271709
0.0267117
0.0260903
0.0254736
0.0249618
0.0245917
0.0243551
0.0242186
0.0241403
0.0240793
0.024001
0.0238786
0.0236946
0.0234432
0.0231331
0.0227902
0.0224599
0.0222041
0.0220927
0.0221859
0.022505
0.0230122
0.0236161
0.0242054
0.0246922
0.0250356
0.025239
0.0253319
0.0253504
0.0253268
0.0252844
0.0252377
0.0251945
0.0251577
0.0251265
0.0250984
0.0250692
0.0250346
0.0249899
0.024932
0.0248599
0.0247776
0.0246971
0.0246424
0.0246542
0.0247924
0.0251333
0.0257583
0.0267322
0.0280725
0.0297224
0.0315398
0.0333166
0.0348262
0.035896
0.0364521
0.0365314
0.0362544
0.035778
0.0352485
0.0347713
0.0344022
0.0341536
0.0340106
0.0339447
0.033925
0.0339238
0.0339181
0.03389
0.0338265
0.0337193
0.0335659
0.0333691
0.0331363
0.0328761
0.0325957
0.0322992
0.0319907
0.0316791
0.0313794
0.0311072
0.0308714
0.0306719
0.0305022
0.0303543
0.0302229
0.0301056
0.0300026
0.0299151
0.0298446
0.0297916
0.0297565
0.0297385
0.0297371
0.0297513
0.0297805
0.0298245
0.0298842
0.0299623
0.0300646
0.0302015
0.0303895
0.0306513
0.0310127
0.0314945
0.0320991
0.0327954
0.0335094
0.0341304
0.0345341
0.0346194
0.034341
0.0337248
0.0328553
0.0318467
0.0308119
0.02984
0.0289872
0.028278
0.0277133
0.0272796
0.0269575
0.0267269
0.0265705
0.026475
0.0264313
0.026434
0.0264802
0.0265692
0.0267007
0.0268745
0.0270892
0.0273414
0.0276257
0.0279343
0.0282577
0.0285856
0.0289078
0.0292157
0.0295024
0.0297639
0.000654373
0.000648686
0.000642375
0.000635694
0.000628924
0.000622371
0.000616332
0.000611055
0.000606704
0.000603345
0.000600955
0.000599445
0.000598687
0.000598539
0.000598857
0.000599502
0.000600335
0.000601204
0.000601931
0.000602303
0.00060205
0.000600844
0.000598297
0.00059398
0.00058746
0.000578393
0.000566662
0.000552639
0.000537594
0.000524351
0.000518267
0.000528464
0.00056899
0.000658965
0.000820253
0.00107138
0.00141801
0.00184308
0.00230477
0.00274535
0.00310844
0.00335663
0.00348095
0.0034989
0.00344392
0.00335246
0.00325421
0.0031675
0.00309964
0.00304972
0.00301215
0.00297953
0.00294471
0.00290219
0.00284948
0.00278875
0.00272951
0.00269276
0.00271652
0.00286066
0.00320476
0.0038269
0.00475561
0.0059237
0.00716871
0.00829957
0.00918068
0.00977117
0.0101073
0.0102599
0.0103
0.0102818
0.0102404
0.0101954
0.0101555
0.0101225
0.0100937
0.0100639
0.0100264
0.00997379
0.00989873
0.00979499
0.00965949
0.00949529
0.00931644
0.00915427
0.0090647
0.0091336
0.00947559
0.0102201
0.0114808
0.0133099
0.0156538
0.0183306
0.0210497
0.0234796
0.0253505
0.0265235
0.0270134
0.0269579
0.0265564
0.0260062
0.0254594
0.0250056
0.0246777
0.0244681
0.0243468
0.0242754
0.024216
0.0241349
0.024005
0.0238078
0.023536
0.0231976
0.0228194
0.0224501
0.0221592
0.022028
0.0221284
0.0224871
0.0230575
0.0237247
0.0243538
0.0248468
0.0251687
0.0253365
0.0253917
0.0253783
0.0253307
0.0252721
0.0252159
0.0251681
0.0251302
0.0251007
0.025076
0.0250518
0.0250231
0.0249853
0.0249348
0.0248704
0.0247957
0.024722
0.0246729
0.0246884
0.0248278
0.0251676
0.0257894
0.0267575
0.0280878
0.0297201
0.0315087
0.0332444
0.0347073
0.0357362
0.0362701
0.0363531
0.0361049
0.0356743
0.0351963
0.0347664
0.034434
0.0342103
0.0340817
0.034023
0.0340062
0.0340056
0.033999
0.0339686
0.0339008
0.0337866
0.0336234
0.0334147
0.033169
0.0328963
0.0326042
0.0322956
0.0319732
0.0316467
0.0313345
0.0310555
0.030819
0.0306222
0.0304554
0.0303087
0.0301763
0.0300569
0.0299514
0.0298619
0.0297901
0.0297368
0.029702
0.0296849
0.0296848
0.0297006
0.0297315
0.0297775
0.0298393
0.0299197
0.0300243
0.0301634
0.030353
0.0306154
0.0309754
0.0314528
0.0320488
0.0327309
0.0334252
0.034022
0.0344017
0.0344698
0.0341883
0.0335866
0.0327478
0.0317803
0.0307894
0.0298574
0.0290359
0.0283481
0.0277956
0.0273672
0.0270458
0.0268139
0.026656
0.0265602
0.0265182
0.0265251
0.0265782
0.0266767
0.0268204
0.0270086
0.0272394
0.0275088
0.0278103
0.0281349
0.0284717
0.0288092
0.0291367
0.029445
0.0297278
0.0299814
0.000656061
0.000650273
0.000643795
0.000636861
0.000629758
0.00062282
0.000616387
0.000610749
0.000606099
0.000602516
0.000599974
0.000598367
0.00059755
0.000597362
0.000597642
0.000598242
0.000599016
0.000599813
0.000600463
0.000600763
0.000600462
0.000599257
0.000596789
0.000592658
0.000586464
0.000577886
0.000566836
0.000553717
0.000539861
0.000528221
0.00052438
0.000537794
0.000582864
0.000678808
0.000846881
0.00110382
0.00145225
0.00187206
0.00232033
0.00274157
0.00308462
0.00331801
0.00343676
0.00345894
0.00341552
0.00333902
0.0032554
0.00318064
0.00312108
0.00307598
0.00304038
0.00300754
0.00297068
0.00292431
0.00286553
0.00279567
0.00272315
0.00266801
0.00266896
0.00279116
0.00312743
0.00377471
0.00477454
0.00604689
0.00738886
0.00856909
0.00944037
0.00997942
0.0102496
0.010342
0.0103358
0.0102862
0.0102257
0.0101704
0.0101263
0.0100931
0.0100668
0.0100414
0.01001
0.00996485
0.00989865
0.00980517
0.00968117
0.00952944
0.00936337
0.00921347
0.00913465
0.00921189
0.00955929
0.010306
0.0115644
0.0133838
0.0157049
0.0183398
0.0209965
0.0233538
0.0251602
0.0262961
0.0267877
0.0267718
0.0264355
0.0259597
0.0254813
0.0250809
0.0247889
0.0245994
0.0244866
0.0244163
0.0243534
0.0242656
0.0241256
0.0239139
0.0236216
0.0232557
0.0228431
0.0224354
0.0221088
0.0219566
0.0220646
0.0224673
0.0231073
0.0238414
0.024507
0.0249979
0.0252897
0.0254167
0.0254336
0.02539
0.0253215
0.0252498
0.0251863
0.0251355
0.0250974
0.0250696
0.025048
0.025028
0.0250044
0.0249727
0.0249291
0.0248725
0.0248061
0.0247409
0.0246998
0.0247221
0.0248666
0.0252091
0.0258309
0.0267952
0.0281157
0.0297282
0.0314844
0.0331752
0.0345897
0.0355801
0.0360976
0.0361919
0.0359794
0.035599
0.0351736
0.034789
0.0344896
0.0342861
0.0341674
0.0341116
0.0340938
0.0340904
0.0340803
0.0340454
0.0339716
0.0338494
0.0336759
0.0334551
0.0331969
0.0329129
0.0326106
0.0322914
0.0319557
0.0316142
0.0312899
0.0310056
0.0307708
0.0305787
0.0304158
0.0302704
0.030137
0.0300154
0.0299076
0.0298165
0.0297438
0.0296904
0.029656
0.0296398
0.0296409
0.029658
0.0296904
0.0297379
0.0298015
0.029884
0.029991
0.0301325
0.0303244
0.0305881
0.0309476
0.0314213
0.032009
0.0326768
0.0333501
0.0339214
0.0342761
0.0343274
0.0340452
0.0334625
0.0326601
0.0317401
0.030799
0.0299122
0.0291267
0.0284639
0.0279265
0.0275054
0.0271865
0.0269546
0.0267963
0.0267011
0.0266614
0.0266729
0.026733
0.0268407
0.0269958
0.0271972
0.0274423
0.0277265
0.028042
0.0283789
0.0287248
0.0290672
0.0293945
0.0296977
0.0299709
0.0302117
0.000658249
0.000652481
0.000645936
0.000638817
0.000631414
0.000624087
0.000617224
0.000611164
0.000606141
0.000602251
0.000599468
0.000597676
0.000596714
0.000596402
0.000596565
0.000597043
0.000597683
0.000598333
0.000598828
0.000598973
0.000598538
0.000597244
0.000594764
0.000590737
0.000584804
0.000576687
0.000566339
0.000554216
0.000541724
0.000531941
0.000530651
0.000547588
0.000597395
0.000699234
0.000873542
0.00113508
0.00148343
0.00189584
0.00232911
0.00273083
0.00305538
0.00327687
0.00339341
0.00342273
0.00339271
0.00333179
0.00326246
0.00319862
0.00314599
0.00310418
0.00306907
0.00303476
0.00299498
0.00294441
0.00287985
0.00280188
0.00271759
0.00264547
0.00262381
0.00272194
0.00304594
0.00371566
0.00479049
0.00617597
0.00761877
0.00884042
0.0096868
0.0101621
0.0103619
0.0103963
0.0103496
0.0102745
0.0101993
0.0101367
0.0100898
0.0100565
0.010032
0.0100097
0.00998251
0.00994301
0.00988407
0.00979974
0.00968699
0.00954855
0.00939746
0.00926343
0.00920023
0.00929148
0.00965
0.0104036
0.0116626
0.0134721
0.0157667
0.0183533
0.0209403
0.0232209
0.0249641
0.0260698
0.0265733
0.0266069
0.0263431
0.0259448
0.0255342
0.0251838
0.0249222
0.0247465
0.0246356
0.0245598
0.0244874
0.0243877
0.024234
0.0240057
0.023693
0.0233012
0.0228568
0.0224129
0.0220515
0.0218779
0.0219941
0.0224453
0.0231622
0.0239664
0.0246639
0.025143
0.0253969
0.0254802
0.0254602
0.0253901
0.0253046
0.025223
0.0251544
0.0251016
0.0250635
0.0250369
0.0250175
0.0250005
0.0249808
0.024954
0.0249167
0.0248676
0.02481
0.0247546
0.0247238
0.0247561
0.0249092
0.025258
0.0258826
0.0268445
0.0281545
0.0297446
0.0314639
0.0331058
0.0344707
0.0354251
0.0359321
0.0360453
0.0358755
0.0355497
0.0351784
0.0348381
0.0345691
0.0343822
0.0342691
0.0342119
0.0341889
0.0341787
0.0341612
0.0341187
0.0340365
0.0339049
0.0337205
0.033488
0.0332184
0.0329247
0.0326145
0.0322865
0.0319384
0.0315818
0.0312457
0.0309582
0.0307278
0.0305425
0.0303844
0.0302406
0.0301064
0.029983
0.0298737
0.0297815
0.0297085
0.0296552
0.0296214
0.029606
0.0296078
0.0296257
0.029659
0.0297077
0.0297727
0.0298569
0.029966
0.0301101
0.0303045
0.03057
0.0309294
0.0313998
0.0319791
0.0326318
0.033283
0.0338274
0.0341566
0.0341926
0.0339134
0.0333554
0.0325967
0.0317317
0.0308481
0.0300134
0.0292697
0.028637
0.0281189
0.0277086
0.0273948
0.027165
0.0270076
0.0269137
0.0268767
0.0268923
0.0269584
0.0270738
0.0272379
0.0274493
0.027705
0.0279994
0.0283241
0.0286677
0.0290168
0.0293576
0.0296783
0.02997
0.0302277
0.03045
0.000660948
0.000655341
0.000648853
0.00064165
0.000634008
0.00062631
0.000618991
0.000612451
0.000606971
0.000602672
0.000599535
0.000597439
0.000596208
0.00059565
0.00059558
0.000595824
0.000596225
0.00059663
0.000596876
0.000596779
0.000596124
0.00059466
0.000592095
0.000588113
0.000582407
0.000574757
0.000565178
0.000554187
0.000543279
0.000535647
0.000537242
0.000557993
0.000612667
0.000720195
0.0009
0.00116469
0.00151086
0.00191359
0.00233017
0.00271203
0.00301934
0.00323131
0.0033483
0.00338699
0.00337176
0.00332688
0.00327152
0.00321771
0.00317077
0.00313089
0.0030949
0.00305786
0.00301425
0.00295911
0.00288915
0.0028043
0.00271026
0.00262352
0.00258067
0.00265335
0.00296063
0.00364933
0.00480303
0.00631157
0.00785857
0.00911115
0.00991646
0.0103178
0.010447
0.0104292
0.0103492
0.0102547
0.010169
0.010101
0.0100515
0.0100174
0.00999289
0.00997151
0.00994626
0.00991014
0.00985654
0.0097801
0.00967825
0.00955396
0.00942012
0.00930569
0.00926302
0.00937382
0.00974874
0.0105132
0.0117744
0.0135726
0.0158356
0.0183657
0.0208752
0.0230744
0.0247554
0.0258371
0.0263616
0.0264535
0.0262691
0.0259519
0.0256094
0.0253067
0.0250713
0.0249038
0.0247881
0.0246997
0.0246109
0.0244932
0.024321
0.0240738
0.0237407
0.0233257
0.022854
0.0223786
0.0219856
0.0217911
0.0219165
0.0224211
0.0232227
0.0240999
0.0248228
0.0252801
0.0254896
0.0255291
0.0254759
0.0253844
0.0252861
0.0251975
0.0251254
0.0250711
0.0250326
0.0250062
0.0249875
0.0249718
0.0249545
0.0249313
0.0248991
0.0248572
0.0248089
0.0247648
0.0247466
0.0247919
0.024957
0.0253151
0.0259446
0.0269046
0.0282025
0.0297666
0.0314439
0.0330327
0.0343465
0.0352674
0.0357699
0.0359093
0.0357886
0.0355221
0.0352073
0.0349114
0.0346711
0.034498
0.0343871
0.0343242
0.0342913
0.0342694
0.0342399
0.0341856
0.0340921
0.0339493
0.0337537
0.0335103
0.0332311
0.0329303
0.032615
0.032281
0.0319215
0.0315494
0.0312021
0.0309139
0.030691
0.0305146
0.0303623
0.0302206
0.0300865
0.0299624
0.0298527
0.0297606
0.0296879
0.0296352
0.0296019
0.0295868
0.0295888
0.0296069
0.0296404
0.0296894
0.0297551
0.0298405
0.0299515
0.0300979
0.0302948
0.0305621
0.0309215
0.0313883
0.0319585
0.032595
0.0332227
0.0337391
0.0340428
0.0340659
0.033795
0.033269
0.0325627
0.0317621
0.0309452
0.0301709
0.0294767
0.0288809
0.0283879
0.0279932
0.0276883
0.0274631
0.0273083
0.0272162
0.0271812
0.0271995
0.027269
0.0273885
0.0275571
0.0277731
0.028033
0.0283309
0.0286574
0.0290003
0.0293449
0.0296766
0.0299831
0.0302563
0.0304922
0.030691
0.000664128
0.00065884
0.000652567
0.000645421
0.000637648
0.000629638
0.000621871
0.000614814
0.000608803
0.000603993
0.000600374
0.000597826
0.000596167
0.000595201
0.000594735
0.000594591
0.000594606
0.000594631
0.000594505
0.000594056
0.000593087
0.000591374
0.000588665
0.000584695
0.000579219
0.000572086
0.00056339
0.000553733
0.000544696
0.000539559
0.000544391
0.000569225
0.000628805
0.00074166
0.000926001
0.00119213
0.00153372
0.0019242
0.00232212
0.0026834
0.00297411
0.00317808
0.00329734
0.00334679
0.00334703
0.00331824
0.00327641
0.0032319
0.00318976
0.00315076
0.00311281
0.00307207
0.00302395
0.0029641
0.00288939
0.00279927
0.00269813
0.0026
0.00253856
0.00258557
0.00287189
0.0035752
0.00481159
0.00645448
0.00810831
0.00937854
0.0101263
0.0104473
0.0105099
0.0104486
0.0103435
0.0102354
0.0101423
0.0100697
0.010017
0.00998001
0.00995307
0.00992975
0.0099036
0.00986827
0.00981796
0.00974813
0.00965698
0.00954796
0.00943389
0.009343
0.00932586
0.00946154
0.00985751
0.0106358
0.0118994
0.0136829
0.0159075
0.0183712
0.0207937
0.0229055
0.0245236
0.0255855
0.0261381
0.0262961
0.0261966
0.0259636
0.0256899
0.0254336
0.0252214
0.0250575
0.0249312
0.0248235
0.024711
0.0245687
0.0243732
0.0241048
0.0237525
0.0233188
0.0228267
0.0223275
0.0219085
0.0216956
0.0218313
0.0223945
0.0232894
0.0242419
0.024982
0.0254071
0.0255683
0.0255668
0.0254865
0.0253793
0.0252726
0.0251796
0.0251051
0.025049
0.025009
0.0249813
0.0249614
0.0249451
0.0249281
0.0249069
0.0248789
0.0248438
0.0248053
0.0247738
0.0247706
0.0248318
0.0250119
0.0253818
0.0260173
0.0269749
0.0282582
0.0297914
0.0314206
0.0329513
0.034212
0.0351014
0.0356043
0.0357763
0.0357109
0.0355083
0.0352524
0.035002
0.03479
0.0346291
0.0345174
0.034445
0.0343973
0.0343583
0.0343115
0.0342409
0.0341326
0.033977
0.0337705
0.033518
0.0332322
0.0329278
0.0326115
0.0322748
0.0319052
0.0315172
0.0311592
0.0308735
0.0306614
0.0304961
0.0303508
0.0302125
0.03008
0.0299573
0.0298489
0.0297582
0.0296869
0.029635
0.029602
0.0295869
0.0295884
0.0296057
0.0296385
0.0296868
0.0297523
0.0298382
0.0299503
0.0300985
0.0302974
0.030566
0.0309246
0.0313868
0.0319466
0.0325654
0.0331678
0.0336551
0.0339342
0.0339483
0.0336922
0.0332076
0.0325642
0.0318388
0.0310989
0.0303952
0.0297599
0.0292095
0.0287489
0.028376
0.0280846
0.0278671
0.0277163
0.027626
0.0275913
0.0276092
0.0276775
0.0277952
0.0279612
0.0281737
0.0284289
0.0287208
0.0290397
0.0293724
0.0297035
0.0300173
0.0303017
0.0305491
0.0307574
0.0309279
0.000667712
0.000662917
0.00065705
0.000650153
0.000642418
0.000634219
0.00062607
0.000618512
0.000611942
0.000606547
0.000602333
0.000599185
0.000596925
0.000595361
0.000594301
0.000593571
0.000593011
0.000592475
0.000591815
0.000590871
0.00058947
0.000587421
0.000584514
0.000580542
0.000575329
0.000568808
0.000561165
0.000553097
0.000546271
0.000544039
0.000552496
0.000581631
0.000646026
0.000763632
0.00095126
0.00121674
0.00155096
0.00192615
0.00230293
0.00264215
0.0029159
0.00311229
0.00323427
0.00329458
0.00330998
0.0032967
0.00326778
0.00323201
0.00319415
0.00315558
0.00311523
0.00307048
0.00301782
0.00295375
0.00287553
0.0027824
0.00267752
0.00257223
0.00249616
0.0025187
0.0027802
0.00349268
0.00481537
0.00660571
0.00836798
0.00963942
0.0103141
0.010553
0.0105579
0.0104638
0.0103422
0.0102256
0.010127
0.0100499
0.00999226
0.00994991
0.00991738
0.00988883
0.00985863
0.00982137
0.00977226
0.00970785
0.00962734
0.00953493
0.00944354
0.00938043
0.0093938
0.00955913
0.00997978
0.0107731
0.0120372
0.0138005
0.015977
0.0183619
0.0206854
0.0227012
0.0242526
0.0252959
0.0258804
0.0261081
0.0260961
0.0259484
0.0257439
0.0255333
0.0253428
0.0251797
0.0250386
0.0249062
0.0247643
0.0245924
0.0243701
0.0240802
0.0237121
0.023267
0.0227649
0.0222532
0.0218175
0.0215907
0.0217381
0.0223653
0.0233633
0.0243924
0.0251394
0.0255228
0.0256349
0.0255986
0.0254987
0.0253821
0.0252712
0.0251761
0.0250996
0.0250412
0.0249983
0.0249671
0.0249439
0.0249248
0.0249062
0.0248853
0.0248604
0.0248317
0.0248035
0.0247862
0.0248002
0.0248801
0.0250775
0.0254607
0.0261023
0.0270553
0.0283195
0.0298156
0.0313892
0.0328554
0.0340596
0.0349176
0.0354244
0.0356337
0.035628
0.0354924
0.0352977
0.0350939
0.0349108
0.0347616
0.0346475
0.0345624
0.0344958
0.0344349
0.0343659
0.0342747
0.0341491
0.03398
0.0337642
0.033506
0.0332181
0.0329153
0.0326032
0.0322679
0.0318897
0.031485
0.0311173
0.0308376
0.0306403
0.0304883
0.0303515
0.0302187
0.0300906
0.0299719
0.0298674
0.02978
0.029711
0.0296605
0.0296278
0.0296121
0.0296123
0.0296279
0.0296587
0.0297053
0.0297695
0.0298546
0.0299669
0.0301159
0.0303156
0.0305841
0.0309402
0.0313958
0.031943
0.0325417
0.0331169
0.0335743
0.0338306
0.0338407
0.0336079
0.0331753
0.0326066
0.0319682
0.031317
0.0306949
0.0301289
0.0296335
0.0292141
0.0288699
0.0285972
0.0283907
0.028245
0.0281554
0.0281183
0.0281308
0.0281915
0.0282992
0.0284531
0.0286512
0.0288904
0.0291646
0.0294642
0.0297761
0.0300836
0.0303705
0.0306246
0.0308397
0.0310151
0.0311537
0.000671569
0.000667445
0.000662199
0.000655794
0.00064834
0.000640162
0.000631791
0.000623843
0.000616779
0.000610812
0.000605961
0.00060212
0.000599124
0.000596791
0.000594946
0.000593426
0.000592082
0.000590783
0.000589398
0.000587788
0.000585812
0.000583316
0.000580146
0.000576157
0.000571257
0.000565471
0.000559086
0.000552901
0.000548658
0.000549741
0.000562181
0.000595779
0.000664724
0.000786201
0.000975462
0.00123771
0.00156117
0.0019173
0.00226939
0.00258396
0.00283907
0.0030266
0.00314994
0.0032195
0.00324838
0.00324919
0.00323221
0.00320478
0.00317128
0.00313354
0.00309149
0.00304362
0.00298762
0.00292099
0.00284159
0.00274864
0.00264427
0.0025371
0.00245179
0.00245269
0.00268612
0.00340106
0.00481323
0.00676662
0.00863732
0.00989016
0.0104788
0.0106403
0.0106
0.010485
0.0103548
0.0102343
0.0101323
0.0100504
0.00998621
0.00993588
0.00989467
0.0098577
0.00982043
0.00977863
0.00972879
0.00966877
0.00959899
0.00952454
0.00945851
0.00942699
0.00947538
0.00967448
0.0101217
0.0109288
0.0121884
0.0139224
0.0160376
0.0183276
0.0205356
0.0224416
0.0239177
0.0249379
0.0255511
0.0258458
0.0259183
0.0258536
0.0257168
0.0255515
0.0253825
0.02522
0.0250635
0.0249052
0.0247325
0.0245302
0.0242825
0.023975
0.0235987
0.0231538
0.0226565
0.0221483
0.0217092
0.0214756
0.0216366
0.0223329
0.0234451
0.0245512
0.0252927
0.0256266
0.0256931
0.0256308
0.02552
0.0254004
0.0252894
0.0251943
0.0251166
0.0250554
0.0250082
0.024972
0.0249433
0.0249193
0.0248973
0.0248752
0.0248523
0.0248298
0.0248122
0.0248102
0.0248431
0.0249435
0.0251599
0.0255564
0.0262019
0.027146
0.0283847
0.0298347
0.031343
0.0327359
0.0338773
0.0347016
0.0352123
0.0354597
0.0355143
0.0354461
0.035313
0.0351567
0.0350034
0.0348665
0.0347499
0.0346512
0.0345638
0.0344785
0.0343846
0.0342712
0.034128
0.0339473
0.033726
0.0334679
0.0331847
0.0328905
0.0325892
0.0322605
0.0318755
0.0314526
0.0310763
0.0308072
0.0306285
0.0304921
0.0303664
0.0302424
0.0301224
0.0300116
0.029914
0.0298322
0.0297671
0.0297189
0.0296868
0.0296702
0.0296686
0.0296815
0.0297092
0.0297527
0.0298142
0.0298972
0.030008
0.030156
0.0303544
0.0306203
0.0309709
0.0314165
0.0319476
0.0325229
0.0330684
0.0334953
0.0337314
0.0337438
0.0335441
0.033175
0.032693
0.0321533
0.0316019
0.0310722
0.0305858
0.030155
0.0297851
0.0294766
0.0292277
0.0290351
0.0288952
0.0288049
0.0287613
0.0287626
0.0288077
0.0288959
0.0290264
0.0291981
0.0294082
0.0296515
0.0299194
0.0301989
0.030473
0.0307242
0.0309408
0.0311181
0.0312569
0.0313613
0.000675514
0.000672224
0.00066782
0.000662188
0.000655332
0.000647489
0.000639176
0.000631094
0.000623759
0.000617392
0.000612018
0.000607536
0.000603799
0.000600646
0.000597925
0.000595496
0.000593231
0.000591018
0.000588752
0.000586329
0.000583644
0.000580596
0.000577091
0.000573063
0.000568511
0.000563566
0.000558627
0.00055459
0.000553258
0.000557989
0.000574639
0.000612641
0.000685561
0.000809596
0.000998243
0.00125395
0.00156227
0.00189428
0.00221683
0.00250264
0.0027356
0.00291089
0.00303203
0.00310726
0.0031464
0.00315888
0.00315253
0.00313326
0.00310494
0.0030697
0.00302819
0.00297986
0.00292356
0.00285775
0.00278102
0.00269271
0.00259412
0.00249132
0.0024035
0.00238734
0.00259038
0.0032995
0.00480347
0.00693914
0.00891565
0.0101268
0.0106215
0.0107169
0.0106456
0.0105215
0.0103912
0.010272
0.0101694
0.0100837
0.0100126
0.00995306
0.00990142
0.00985408
0.00980776
0.00975966
0.00970775
0.00965139
0.00959239
0.00953682
0.0094979
0.00950039
0.00958627
0.00982064
0.0102935
0.0111093
0.0123548
0.0140454
0.0160804
0.0182531
0.0203219
0.022097
0.023481
0.0244637
0.0250927
0.0254418
0.0255877
0.0255978
0.0255241
0.0254032
0.025258
0.0251004
0.024934
0.0247562
0.0245597
0.024335
0.0240712
0.0237578
0.0233878
0.0229605
0.0224883
0.0220046
0.0215802
0.0213498
0.0215264
0.0222968
0.0235362
0.0247177
0.0254394
0.0257193
0.0257482
0.02567
0.0255574
0.0254417
0.0253355
0.0252434
0.0251662
0.0251028
0.0250512
0.025009
0.024974
0.024944
0.0249173
0.024893
0.0248713
0.0248543
0.0248473
0.0248608
0.0249131
0.0250343
0.0252691
0.0256764
0.0263208
0.0272484
0.0284513
0.0298428
0.0312723
0.0325786
0.0336468
0.0344298
0.0349385
0.0352186
0.0353281
0.0353227
0.0352482
0.0351384
0.0350159
0.0348936
0.0347774
0.034668
0.0345625
0.0344553
0.0343395
0.0342071
0.0340508
0.0338644
0.0336453
0.0333965
0.0331275
0.0328511
0.0325685
0.0322529
0.031863
0.0314199
0.0310365
0.0307833
0.0306269
0.0305087
0.0303976
0.0302869
0.03018
0.0300814
0.0299946
0.0299215
0.0298628
0.0298184
0.029788
0.0297712
0.0297677
0.0297775
0.0298014
0.0298407
0.0298979
0.0299768
0.0300838
0.0302278
0.0304215
0.0306804
0.0310205
0.0314506
0.0319603
0.0325077
0.0330203
0.0334162
0.0336351
0.0336572
0.0335003
0.0332055
0.0328202
0.0323884
0.0319451
0.0315157
0.0311168
0.0307581
0.0304444
0.0301775
0.0299567
0.0297804
0.0296468
0.029554
0.0295003
0.0294848
0.0295068
0.0295662
0.0296628
0.0297962
0.0299646
0.0301644
0.0303883
0.0306247
0.0308564
0.0310646
0.0312381
0.031374
0.0314743
0.0315441
0.000679321
0.000676986
0.000673618
0.000669042
0.000663149
0.000656057
0.00064822
0.000640441
0.000633278
0.000626922
0.000621387
0.000616573
0.000612352
0.000608585
0.000605149
0.000601934
0.00059884
0.000595776
0.00059267
0.000589454
0.000586072
0.000582477
0.000578646
0.0005746
0.000570437
0.000566402
0.000563008
0.000561246
0.000562952
0.000571394
0.000592134
0.000634029
0.000709769
0.000834307
0.00101917
0.00126383
0.00155109
0.00185225
0.00213872
0.00238986
0.00259519
0.00275278
0.00286619
0.0029418
0.00298675
0.00300777
0.0030106
0.00299972
0.00297839
0.00294871
0.00291174
0.00286765
0.00281612
0.00275647
0.00268791
0.00261
0.0025234
0.00243195
0.00234932
0.00232242
0.00249393
0.0031871
0.00478358
0.00712602
0.00920123
0.010346
0.010747
0.0107893
0.0107029
0.0105826
0.0104616
0.0103506
0.0102524
0.0101666
0.0100916
0.010025
0.00996469
0.00990831
0.00985391
0.00980017
0.00974664
0.00969424
0.00964618
0.00960951
0.00959748
0.00963329
0.00975504
0.0100211
0.0105128
0.0113258
0.0125404
0.0141652
0.0160926
0.0181153
0.0200104
0.0216226
0.0228856
0.0238041
0.0244229
0.0248021
0.0250013
0.0250718
0.0250539
0.0249772
0.024862
0.0247206
0.0245592
0.0243792
0.024178
0.023951
0.0236921
0.0233949
0.0230542
0.022669
0.0222474
0.0218139
0.0214268
0.021213
0.0214073
0.0222557
0.0236385
0.0248906
0.0255774
0.0258039
0.0258045
0.0257222
0.0256177
0.0255136
0.0254181
0.0253338
0.0252608
0.0251981
0.0251445
0.0250984
0.0250585
0.0250235
0.0249929
0.0249667
0.0249463
0.0249345
0.0249373
0.0249649
0.0250347
0.0251738
0.0254223
0.0258336
0.026467
0.027365
0.0285165
0.0298318
0.0311625
0.0323622
0.0333394
0.0340657
0.034558
0.0348566
0.0350078
0.0350544
0.0350314
0.0349654
0.034875
0.0347721
0.0346637
0.0345527
0.0344392
0.0343206
0.0341935
0.0340534
0.0338954
0.0337152
0.0335108
0.033284
0.0330419
0.0327944
0.0325405
0.0322453
0.0318528
0.0313862
0.030998
0.0307665
0.030636
0.0305393
0.0304472
0.0303552
0.0302667
0.0301856
0.0301143
0.030054
0.0300051
0.0299675
0.0299412
0.029926
0.029922
0.0299297
0.0299499
0.0299845
0.0300362
0.030109
0.030209
0.0303448
0.0305283
0.0307736
0.0310954
0.0315017
0.031982
0.0324947
0.0329701
0.0333339
0.0335385
0.0335765
0.0334703
0.0332565
0.0329728
0.0326521
0.0323193
0.0319925
0.0316837
0.0314003
0.0311466
0.0309247
0.030735
0.0305774
0.0304511
0.0303556
0.0302903
0.0302548
0.0302493
0.0302739
0.0303294
0.0304161
0.0305334
0.0306797
0.0308497
0.0310346
0.0312174
0.0313774
0.0315048
0.0315979
0.0316601
0.0316965
0.00068274
0.000681416
0.000679209
0.00067592
0.000671351
0.000665486
0.00065866
0.000651804
0.000645495
0.000639827
0.000634802
0.000630299
0.000626215
0.000622432
0.000618856
0.000615403
0.000612003
0.000608589
0.000605114
0.000601549
0.000597878
0.000594108
0.000590278
0.000586486
0.000582922
0.000579933
0.000578131
0.000578575
0.000583093
0.000594795
0.000618822
0.000663247
0.000739616
0.000861338
0.00103772
0.00126491
0.00152306
0.00178464
0.00202687
0.00223615
0.00240727
0.00254075
0.0026402
0.00271051
0.0027567
0.00278329
0.00279422
0.00279264
0.002781
0.0027611
0.00273403
0.00270032
0.00266013
0.00261331
0.00255951
0.00249845
0.00243034
0.00235724
0.00228778
0.00225779
0.00239825
0.00306327
0.00474994
0.00733085
0.00949047
0.0105469
0.0108574
0.0108641
0.0107796
0.0106762
0.0105748
0.0104809
0.0103956
0.0103181
0.0102473
0.0101818
0.0101204
0.0100621
0.0100062
0.00995262
0.00990214
0.00985705
0.00982167
0.00980371
0.00981614
0.00988026
0.0100299
0.0103161
0.0108103
0.0115984
0.0127532
0.0142774
0.0160553
0.0178798
0.0195521
0.0209558
0.0220566
0.022872
0.0234442
0.0238212
0.0240478
0.0241618
0.024193
0.024164
0.0240911
0.0239856
0.0238547
0.0237019
0.0235278
0.0233313
0.0231102
0.0228609
0.0225804
0.0222671
0.0219254
0.0215706
0.0212466
0.0210657
0.0212795
0.0222078
0.023754
0.0250675
0.025706
0.0258821
0.0258667
0.0257925
0.0257061
0.025622
0.0255446
0.0254749
0.0254128
0.0253576
0.0253084
0.0252645
0.0252254
0.0251906
0.0251606
0.0251361
0.0251192
0.0251136
0.0251255
0.0251647
0.0252469
0.0253964
0.0256484
0.0260499
0.0266547
0.0275018
0.0285775
0.0297891
0.0309907
0.0320543
0.0329138
0.0335588
0.0340112
0.0343059
0.0344788
0.0345619
0.034581
0.0345558
0.0345009
0.0344263
0.0343389
0.0342428
0.0341397
0.0340295
0.0339112
0.0337829
0.0336421
0.0334863
0.0333135
0.0331247
0.0329241
0.0327187
0.0325042
0.0322382
0.0318459
0.0313508
0.0309613
0.030757
0.0306561
0.0305846
0.0305161
0.0304481
0.0303836
0.0303253
0.0302745
0.0302319
0.0301974
0.0301712
0.0301531
0.0301435
0.0301424
0.0301507
0.0301695
0.0302007
0.0302468
0.0303121
0.030402
0.0305246
0.0306906
0.030913
0.0312053
0.0315755
0.0320145
0.0324828
0.0329143
0.0332426
0.0334338
0.0334906
0.0334372
0.0333036
0.0331177
0.0329021
0.0326735
0.0324437
0.032221
0.0320108
0.0318168
0.031641
0.0314846
0.0313482
0.0312322
0.0311368
0.0310622
0.0310086
0.0309764
0.0309666
0.0309801
0.031018
0.031081
0.0311693
0.0312801
0.0314086
0.0315394
0.0316493
0.0317303
0.0317821
0.0318087
0.0318145
0.000685534
0.000685199
0.000684174
0.000682293
0.000679315
0.000675123
0.000669887
0.000664682
0.000660057
0.000655936
0.000652314
0.000649043
0.000646052
0.000643238
0.000640538
0.000637888
0.00063524
0.000632554
0.000629806
0.000626989
0.000624116
0.000621225
0.000618387
0.000615743
0.000613533
0.000612149
0.000612236
0.000614841
0.000621694
0.000635635
0.000661254
0.000705618
0.000778884
0.000892501
0.00105337
0.00125399
0.00147253
0.0016845
0.00187425
0.00203533
0.00216704
0.00227177
0.00235293
0.00241413
0.00245866
0.0024892
0.00250814
0.00251737
0.00251845
0.00251261
0.00250077
0.00248344
0.00246089
0.00243316
0.00240007
0.00236146
0.0023172
0.00226815
0.00221881
0.00219382
0.00230568
0.0029286
0.00469831
0.00755672
0.00977797
0.0107267
0.0109562
0.0109465
0.0108799
0.0108054
0.010734
0.0106679
0.0106069
0.0105505
0.0104975
0.0104475
0.0103998
0.0103543
0.0103112
0.010271
0.0102354
0.0102071
0.010191
0.0101944
0.0102292
0.010314
0.0104777
0.0107636
0.011232
0.0119587
0.0130075
0.0143766
0.0159419
0.0175011
0.0188878
0.0200294
0.0209222
0.0215946
0.0220854
0.0224312
0.0226644
0.0228109
0.0228905
0.0229186
0.0229069
0.0228639
0.0227957
0.0227065
0.0225981
0.0224714
0.0223259
0.02216
0.0219719
0.0217599
0.0215254
0.0212758
0.0210401
0.0209096
0.021144
0.022151
0.0238845
0.0252448
0.0258232
0.0259556
0.0259376
0.025883
0.0258237
0.0257673
0.0257159
0.0256696
0.0256278
0.0255901
0.025556
0.0255252
0.0254978
0.0254739
0.0254542
0.0254401
0.0254338
0.0254391
0.0254617
0.0255105
0.0255991
0.025748
0.0259873
0.0263573
0.0269059
0.0276685
0.0286307
0.0296968
0.0307265
0.0316146
0.0323226
0.0328568
0.0332425
0.0335095
0.0336844
0.0337901
0.0338441
0.0338597
0.0338473
0.0338143
0.0337662
0.0337067
0.0336383
0.033562
0.0334783
0.0333868
0.0332863
0.0331756
0.0330531
0.0329188
0.0327744
0.0326237
0.0324594
0.0322318
0.031843
0.031313
0.0309265
0.0307552
0.0306868
0.0306433
0.0306023
0.0305626
0.0305263
0.030495
0.0304691
0.0304487
0.0304338
0.0304243
0.0304202
0.0304218
0.0304293
0.0304436
0.0304657
0.0304973
0.0305406
0.0305991
0.0306777
0.030783
0.0309243
0.0311133
0.0313622
0.0316803
0.0320614
0.0324705
0.0328469
0.0331325
0.0333066
0.0333787
0.0333714
0.0333074
0.0332053
0.0330794
0.03294
0.0327944
0.0326478
0.0325042
0.0323662
0.0322358
0.0321143
0.0320028
0.0319021
0.0318128
0.0317357
0.0316712
0.0316198
0.0315828
0.0315612
0.0315567
0.0315702
0.031604
0.0316568
0.0317295
0.0318089
0.0318703
0.0319077
0.0319219
0.0319168
0.031896
0.0282859
0.02831
0.0283339
0.0283575
0.0283806
0.0284032
0.028425
0.0284461
0.0284662
0.0284853
0.0285034
0.0285204
0.0285362
0.0285508
0.0285642
0.0285764
0.0285873
0.028597
0.0286055
0.0286127
0.0286188
0.0286237
0.0286276
0.0286304
0.0286322
0.0286331
0.0286332
0.0286325
0.0286311
0.0286292
0.0286267
0.0286239
0.0286208
0.0286177
0.0286145
0.0286115
0.0286087
0.0286065
0.0286048
0.0286039
0.028247
0.0282772
0.028307
0.0283361
0.0283645
0.028392
0.0284185
0.0284439
0.0284681
0.0284909
0.0285124
0.0285325
0.028551
0.0285681
0.0285836
0.0285976
0.02861
0.0286208
0.0286302
0.028638
0.0286444
0.0286493
0.0286529
0.0286552
0.0286563
0.0286563
0.0286553
0.0286533
0.0286505
0.0286469
0.0286429
0.0286384
0.0286336
0.0286287
0.0286239
0.0286194
0.0286154
0.028612
0.0286095
0.0286081
0.0282423
0.0282784
0.0283139
0.0283485
0.0283822
0.0284147
0.0284459
0.0284757
0.028504
0.0285307
0.0285558
0.0285791
0.0286006
0.0286204
0.0286383
0.0286543
0.0286684
0.0286808
0.0286913
0.0287
0.0287069
0.0287122
0.0287159
0.028718
0.0287187
0.028718
0.0287161
0.028713
0.028709
0.0287041
0.0286986
0.0286925
0.0286862
0.0286797
0.0286734
0.0286673
0.028662
0.0286574
0.0286541
0.0286523
0.0282598
0.0283018
0.0283429
0.0283829
0.0284218
0.0284592
0.0284951
0.0285294
0.028562
0.0285927
0.0286215
0.0286482
0.0286729
0.0286955
0.028716
0.0287344
0.0287505
0.0287646
0.0287766
0.0287864
0.0287943
0.0288002
0.0288042
0.0288065
0.028807
0.0288059
0.0288034
0.0287996
0.0287946
0.0287886
0.0287818
0.0287743
0.0287665
0.0287585
0.0287507
0.0287433
0.0287366
0.0287309
0.0287268
0.0287244
0.0282908
0.0283384
0.028385
0.0284304
0.0284743
0.0285167
0.0285574
0.0285962
0.0286331
0.0286678
0.0287004
0.0287307
0.0287587
0.0287844
0.0288077
0.0288285
0.0288469
0.028863
0.0288766
0.0288879
0.0288969
0.0289037
0.0289084
0.0289109
0.0289116
0.0289104
0.0289076
0.0289032
0.0288974
0.0288905
0.0288826
0.0288739
0.0288647
0.0288554
0.0288461
0.0288373
0.0288293
0.0288226
0.0288176
0.0288148
0.0283287
0.0283819
0.0284339
0.0284845
0.0285336
0.0285809
0.0286264
0.0286697
0.0287109
0.0287498
0.0287863
0.0288203
0.0288517
0.0288805
0.0289066
0.0289301
0.0289509
0.0289691
0.0289846
0.0289975
0.0290078
0.0290157
0.0290212
0.0290243
0.0290253
0.0290242
0.0290212
0.0290164
0.0290101
0.0290023
0.0289935
0.0289837
0.0289733
0.0289627
0.0289521
0.0289419
0.0289327
0.0289248
0.0289189
0.0289156
0.0283694
0.0284281
0.0284855
0.0285414
0.0285956
0.0286479
0.0286981
0.0287461
0.0287916
0.0288347
0.0288751
0.0289127
0.0289476
0.0289796
0.0290087
0.0290349
0.0290582
0.0290785
0.029096
0.0291105
0.0291223
0.0291313
0.0291377
0.0291416
0.029143
0.0291421
0.029139
0.029134
0.0291272
0.0291188
0.029109
0.0290982
0.0290867
0.0290748
0.0290628
0.0290513
0.0290408
0.0290317
0.0290249
0.029021
0.0284107
0.0284749
0.0285378
0.028599
0.0286584
0.0287156
0.0287706
0.0288232
0.0288731
0.0289203
0.0289647
0.029006
0.0290443
0.0290795
0.0291115
0.0291404
0.0291661
0.0291886
0.029208
0.0292242
0.0292374
0.0292476
0.029255
0.0292595
0.0292613
0.0292607
0.0292576
0.0292524
0.0292451
0.029236
0.0292255
0.0292136
0.0292009
0.0291877
0.0291744
0.0291615
0.0291496
0.0291393
0.0291315
0.029127
0.0284518
0.0285217
0.02859
0.0286566
0.0287212
0.0287835
0.0288433
0.0289004
0.0289547
0.029006
0.0290542
0.0290992
0.0291408
0.0291791
0.029214
0.0292454
0.0292734
0.029298
0.0293192
0.029337
0.0293515
0.0293628
0.029371
0.0293761
0.0293784
0.0293779
0.0293748
0.0293692
0.0293614
0.0293517
0.0293402
0.0293273
0.0293134
0.0292988
0.029284
0.0292696
0.0292563
0.0292447
0.0292358
0.0292307
0.028493
0.0285686
0.0286426
0.0287146
0.0287844
0.0288518
0.0289164
0.028978
0.0290366
0.0290919
0.0291438
0.0291923
0.0292371
0.0292783
0.0293158
0.0293497
0.0293798
0.0294062
0.029429
0.0294482
0.0294639
0.0294761
0.029485
0.0294906
0.029493
0.0294925
0.0294892
0.0294832
0.0294749
0.0294643
0.0294518
0.0294377
0.0294224
0.0294063
0.0293899
0.0293739
0.029359
0.029346
0.0293359
0.0293301
0.0285352
0.0286168
0.0286965
0.028774
0.0288491
0.0289214
0.0289908
0.0290569
0.0291196
0.0291788
0.0292342
0.0292859
0.0293337
0.0293776
0.0294175
0.0294534
0.0294854
0.0295134
0.0295376
0.0295579
0.0295744
0.0295872
0.0295965
0.0296023
0.0296048
0.0296041
0.0296003
0.0295937
0.0295845
0.0295729
0.0295592
0.0295437
0.0295269
0.0295091
0.029491
0.0294732
0.0294565
0.0294419
0.0294306
0.0294239
0.02858
0.0286676
0.0287531
0.0288362
0.0289165
0.0289938
0.0290677
0.0291381
0.0292048
0.0292675
0.0293263
0.0293809
0.0294313
0.0294775
0.0295195
0.0295572
0.0295906
0.0296199
0.029645
0.0296661
0.0296831
0.0296963
0.0297056
0.0297113
0.0297135
0.0297123
0.0297078
0.0297003
0.02969
0.0296772
0.029662
0.0296449
0.0296263
0.0296067
0.0295866
0.0295668
0.0295482
0.0295318
0.029519
0.0295113
0.0286292
0.0287229
0.0288142
0.0289028
0.0289882
0.0290703
0.0291486
0.029223
0.0292933
0.0293594
0.029421
0.0294782
0.0295309
0.029579
0.0296226
0.0296616
0.0296961
0.0297261
0.0297518
0.0297732
0.0297903
0.0298034
0.0298125
0.0298177
0.0298191
0.0298171
0.0298116
0.0298029
0.0297912
0.0297768
0.0297599
0.0297409
0.0297203
0.0296985
0.0296762
0.0296542
0.0296334
0.029615
0.0296006
0.0295919
0.0286847
0.0287845
0.0288815
0.0289754
0.0290658
0.0291523
0.0292348
0.0293129
0.0293864
0.0294553
0.0295194
0.0295787
0.0296331
0.0296826
0.0297273
0.0297671
0.0298022
0.0298325
0.0298582
0.0298794
0.0298962
0.0299087
0.0299171
0.0299214
0.0299218
0.0299184
0.0299115
0.0299012
0.0298878
0.0298715
0.0298526
0.0298314
0.0298085
0.0297843
0.0297595
0.029735
0.0297118
0.0296912
0.029675
0.0296652
0.0287484
0.0288542
0.0289568
0.0290558
0.0291508
0.0292415
0.0293275
0.0294088
0.0294851
0.0295563
0.0296223
0.0296831
0.0297386
0.029789
0.0298341
0.0298742
0.0299092
0.0299393
0.0299645
0.029985
0.0300009
0.0300124
0.0300195
0.0300224
0.0300213
0.0300162
0.0300075
0.0299953
0.0299797
0.0299612
0.0299399
0.0299162
0.0298906
0.0298637
0.0298362
0.0298089
0.029783
0.02976
0.0297418
0.0297308
0.0288224
0.0289339
0.0290417
0.0291454
0.0292445
0.0293388
0.029428
0.0295118
0.0295902
0.029663
0.0297302
0.0297919
0.0298479
0.0298983
0.0299434
0.029983
0.0300173
0.0300465
0.0300707
0.0300899
0.0301044
0.0301142
0.0301196
0.0301206
0.0301175
0.0301104
0.0300994
0.0300848
0.0300667
0.0300455
0.0300215
0.029995
0.0299664
0.0299365
0.0299059
0.0298756
0.0298468
0.0298212
0.0298009
0.0297885
0.0289084
0.0290253
0.0291378
0.0292456
0.0293483
0.0294455
0.029537
0.0296226
0.0297023
0.029776
0.0298436
0.0299053
0.029961
0.0300109
0.030055
0.0300935
0.0301265
0.0301541
0.0301765
0.0301939
0.0302064
0.0302141
0.0302172
0.0302158
0.0302102
0.0302005
0.0301868
0.0301693
0.0301484
0.0301242
0.030097
0.0300673
0.0300355
0.0300022
0.0299682
0.0299346
0.0299027
0.0298743
0.0298517
0.0298378
0.0290083
0.0291299
0.0292465
0.0293576
0.0294629
0.0295621
0.0296551
0.0297416
0.0298217
0.0298953
0.0299625
0.0300233
0.0300779
0.0301263
0.0301688
0.0302054
0.0302363
0.0302617
0.0302817
0.0302966
0.0303064
0.0303114
0.0303117
0.0303075
0.0302989
0.0302861
0.0302692
0.0302486
0.0302243
0.0301967
0.030166
0.0301327
0.0300973
0.0300603
0.0300227
0.0299856
0.0299504
0.0299189
0.0298939
0.0298785
0.0291234
0.0292489
0.0293686
0.029482
0.029589
0.0296892
0.0297826
0.029869
0.0299484
0.0300209
0.0300867
0.0301457
0.0301982
0.0302443
0.0302842
0.0303181
0.0303462
0.0303687
0.0303857
0.0303974
0.030404
0.0304057
0.0304027
0.030395
0.0303829
0.0303666
0.0303462
0.0303218
0.0302938
0.0302624
0.0302279
0.0301907
0.0301513
0.0301104
0.0300689
0.030028
0.0299892
0.0299547
0.0299271
0.0299101
0.0292549
0.0293831
0.0295048
0.0296194
0.0297267
0.0298267
0.0299192
0.0300043
0.0300819
0.0301522
0.0302154
0.0302716
0.0303211
0.030364
0.0304006
0.030431
0.0304555
0.0304743
0.0304876
0.0304955
0.0304984
0.0304962
0.0304893
0.0304777
0.0304617
0.0304413
0.0304169
0.0303884
0.0303563
0.0303207
0.030282
0.0302405
0.0301969
0.0301518
0.0301062
0.0300613
0.0300189
0.0299811
0.0299509
0.0299323
0.0294034
0.0295331
0.0296551
0.0297694
0.0298758
0.0299741
0.0300644
0.0301468
0.0302213
0.0302883
0.0303478
0.0304002
0.0304456
0.0304844
0.0305167
0.0305429
0.0305631
0.0305775
0.0305865
0.0305901
0.0305885
0.030582
0.0305707
0.0305547
0.0305343
0.0305095
0.0304805
0.0304476
0.030411
0.0303708
0.0303276
0.0302816
0.0302334
0.0301839
0.030134
0.030085
0.0300387
0.0299976
0.0299648
0.0299447
0.0295691
0.0296984
0.0298193
0.0299316
0.0300353
0.0301304
0.030217
0.0302953
0.0303654
0.0304278
0.0304825
0.03053
0.0305705
0.0306042
0.0306315
0.0306526
0.0306678
0.0306773
0.0306812
0.0306799
0.0306734
0.030662
0.0306458
0.030625
0.0305997
0.0305701
0.0305363
0.0304985
0.030457
0.030412
0.0303639
0.0303131
0.0302602
0.030206
0.0301516
0.0300984
0.0300483
0.0300039
0.0299686
0.0299469
0.0297512
0.0298782
0.029996
0.0301045
0.0302037
0.0302939
0.0303753
0.0304481
0.0305125
0.030569
0.0306179
0.0306594
0.030694
0.0307219
0.0307434
0.0307587
0.0307682
0.0307721
0.0307705
0.0307637
0.0307519
0.0307351
0.0307136
0.0306876
0.030657
0.0306221
0.0305831
0.0305402
0.0304934
0.0304433
0.0303901
0.0303342
0.0302764
0.0302174
0.0301585
0.0301011
0.0300472
0.0299996
0.0299618
0.0299387
0.0299482
0.0300708
0.0301833
0.030286
0.030379
0.0304626
0.0305372
0.030603
0.0306605
0.03071
0.0307519
0.0307866
0.0308144
0.0308356
0.0308506
0.0308596
0.0308629
0.0308606
0.030853
0.0308403
0.0308226
0.0308001
0.0307729
0.0307412
0.030705
0.0306646
0.0306201
0.0305716
0.0305194
0.0304639
0.0304053
0.0303442
0.0302814
0.0302176
0.0301541
0.0300925
0.030035
0.0299844
0.0299444
0.02992
0.0301578
0.0302735
0.0303786
0.0304734
0.0305584
0.0306337
0.0307
0.0307575
0.0308068
0.0308483
0.0308823
0.0309093
0.0309297
0.0309436
0.0309515
0.0309536
0.0309501
0.0309413
0.0309272
0.0309082
0.0308843
0.0308557
0.0308224
0.0307847
0.0307427
0.0306964
0.030646
0.0305918
0.030534
0.0304728
0.0304088
0.0303425
0.0302745
0.0302059
0.030138
0.0300725
0.0300115
0.0299581
0.0299162
0.0298907
0.0303763
0.0304828
0.0305783
0.0306633
0.0307384
0.030804
0.0308606
0.0309087
0.0309488
0.0309813
0.0310067
0.0310254
0.0310376
0.0310438
0.0310441
0.0310388
0.0310282
0.0310124
0.0309916
0.0309659
0.0309355
0.0309005
0.0308609
0.030817
0.0307688
0.0307164
0.03066
0.0305999
0.0305363
0.0304695
0.0303999
0.0303283
0.0302553
0.0301821
0.03011
0.0300407
0.0299767
0.029921
0.0298774
0.0298513
0.0305994
0.0306944
0.0307782
0.0308516
0.0309153
0.0309698
0.0310156
0.0310534
0.0310835
0.0311064
0.0311226
0.0311324
0.0311361
0.031134
0.0311264
0.0311135
0.0310955
0.0310725
0.0310446
0.0310121
0.0309749
0.0309332
0.0308872
0.0308368
0.0307822
0.0307236
0.0306611
0.030595
0.0305255
0.030453
0.0303781
0.0303013
0.0302235
0.0301459
0.0300699
0.0299974
0.0299308
0.0298732
0.0298286
0.029802
0.0308217
0.030903
0.0309734
0.0310338
0.0310849
0.0311273
0.0311616
0.0311883
0.0312079
0.0312207
0.0312273
0.0312279
0.0312229
0.0312124
0.0311967
0.0311759
0.0311502
0.0311198
0.0310848
0.0310451
0.0310011
0.0309526
0.0308999
0.030843
0.030782
0.0307171
0.0306485
0.0305764
0.0305011
0.0304231
0.0303429
0.0302612
0.0301791
0.0300975
0.0300182
0.029943
0.0298745
0.0298156
0.0297704
0.0297437
0.0310371
0.0311031
0.0311589
0.0312052
0.031243
0.0312727
0.031295
0.0313103
0.031319
0.0313217
0.0313185
0.0313098
0.0312959
0.0312768
0.0312529
0.0312242
0.0311908
0.0311529
0.0311106
0.0310639
0.0310128
0.0309575
0.0308981
0.0308347
0.0307673
0.0306962
0.0306215
0.0305436
0.0304628
0.0303795
0.0302944
0.0302084
0.0301223
0.0300374
0.0299554
0.0298783
0.0298085
0.0297491
0.0297039
0.0296775
0.0312393
0.0312891
0.0313295
0.0313613
0.0313854
0.0314022
0.0314124
0.0314162
0.0314142
0.0314067
0.0313938
0.0313759
0.0313531
0.0313256
0.0312935
0.0312569
0.0312158
0.0311705
0.0311208
0.031067
0.031009
0.030947
0.030881
0.0308111
0.0307375
0.0306604
0.0305799
0.0304965
0.0304105
0.0303225
0.0302331
0.0301433
0.030054
0.0299666
0.0298828
0.0298045
0.0297343
0.0296752
0.0296306
0.029605
0.0314224
0.0314556
0.0314804
0.0314978
0.0315083
0.0315125
0.0315108
0.0315036
0.0314911
0.0314736
0.0314513
0.0314243
0.0313929
0.031357
0.0313169
0.0312725
0.0312239
0.0311713
0.0311145
0.0310537
0.030989
0.0309204
0.030848
0.030772
0.0306925
0.0306097
0.0305239
0.0304355
0.030345
0.0302529
0.0301599
0.0300671
0.0299755
0.0298865
0.0298018
0.0297234
0.0296538
0.0295956
0.0295523
0.0295278
0.0315808
0.0315978
0.0316076
0.0316111
0.0316087
0.0316008
0.0315878
0.0315699
0.0315474
0.0315204
0.0314891
0.0314535
0.0314137
0.0313699
0.031322
0.0312701
0.0312143
0.0311546
0.031091
0.0310235
0.0309524
0.0308776
0.0307993
0.0307175
0.0306326
0.0305448
0.0304544
0.0303617
0.0302674
0.0301721
0.0300765
0.0299817
0.0298888
0.0297993
0.0297148
0.0296373
0.029569
0.0295127
0.0294713
0.0294481
0.0317101
0.0317119
0.0317078
0.0316983
0.0316839
0.0316648
0.0316413
0.0316136
0.0315817
0.0315458
0.031506
0.0314623
0.0314148
0.0313634
0.0313083
0.0312493
0.0311867
0.0311204
0.0310504
0.0309768
0.0308998
0.0308194
0.0307357
0.0306489
0.0305594
0.0304673
0.030373
0.030277
0.03018
0.0300824
0.0299853
0.0298897
0.0297966
0.0297077
0.0296244
0.0295488
0.0294829
0.029429
0.02939
0.0293685
0.0318071
0.0317952
0.0317786
0.0317575
0.0317323
0.0317031
0.0316702
0.0316335
0.0315932
0.0315492
0.0315017
0.0314506
0.031396
0.0313377
0.031276
0.0312107
0.0311419
0.0310696
0.0309939
0.030915
0.0308328
0.0307475
0.0306593
0.0305684
0.0304751
0.0303798
0.0302827
0.0301845
0.0300857
0.0299872
0.0298897
0.0297944
0.0297024
0.0296151
0.0295341
0.0294612
0.0293983
0.0293476
0.0293112
0.0292916
0.0318703
0.0318466
0.031819
0.0317879
0.0317533
0.0317154
0.0316742
0.0316298
0.0315821
0.0315311
0.0314769
0.0314193
0.0313585
0.0312944
0.0312269
0.0311561
0.0310821
0.0310048
0.0309244
0.0308409
0.0307546
0.0306654
0.0305738
0.0304798
0.0303839
0.0302863
0.0301876
0.0300883
0.0299891
0.0298907
0.029794
0.0297001
0.0296101
0.0295255
0.0294476
0.0293781
0.0293188
0.0292715
0.029238
0.0292202
1.79204e-06
6.12692e-06
1.13966e-05
1.77838e-05
2.5485e-05
3.47027e-05
4.56394e-05
5.84917e-05
7.34415e-05
9.06476e-05
0.000110233
0.000132273
0.000156782
0.0001837
0.000212886
0.000244105
0.000277035
0.000311261
0.000346296
0.000381592
0.000416564
0.000450627
0.000483218
0.000513836
0.000542058
0.000567572
0.000590181
0.000609813
0.00062651
0.000640418
0.000651762
0.000660823
0.000667916
0.000673358
0.000677456
0.000680487
0.000682694
0.000684275
0.000685387
0.000686143
1.81194e-06
6.19564e-06
1.15259e-05
1.79866e-05
2.57729e-05
3.50837e-05
4.61165e-05
5.90614e-05
7.40935e-05
9.13642e-05
0.00011099
0.000133039
0.00015752
0.000184371
0.000213448
0.00024452
0.000277265
0.00031128
0.000346085
0.000381145
0.000415888
0.000449742
0.000482156
0.000512638
0.000540774
0.000566252
0.000588875
0.000608567
0.000625363
0.000639397
0.000650887
0.000660104
0.000667351
0.000672942
0.000677178
0.000680334
0.000682652
0.000684334
0.000685538
0.000686381
1.8329e-06
6.26819e-06
1.16627e-05
1.82012e-05
2.60768e-05
3.54848e-05
4.66169e-05
5.96566e-05
7.47721e-05
9.21077e-05
0.000111772
0.000133829
0.000158281
0.000185063
0.000214029
0.000244951
0.00027751
0.000311311
0.000345883
0.000380704
0.000415215
0.000448856
0.00048109
0.000511432
0.000539476
0.000564913
0.000587546
0.000607294
0.000624184
0.000638343
0.000649978
0.000659349
0.000666752
0.000672492
0.000676866
0.000680148
0.000682579
0.00068436
0.000685656
0.000686585
1.85496e-06
6.34472e-06
1.18074e-05
1.84279e-05
2.63973e-05
3.59061e-05
4.71401e-05
6.02763e-05
7.5476e-05
9.28762e-05
0.000112579
0.000134642
0.000159063
0.000185774
0.000214628
0.000245397
0.000277769
0.000311354
0.000345692
0.000380272
0.000414549
0.000447974
0.000480023
0.000510222
0.000538169
0.000563561
0.000586199
0.000605998
0.000622979
0.00063726
0.000649037
0.000658561
0.000666118
0.000672008
0.000676522
0.00067993
0.000682473
0.000684355
0.000685741
0.000686755
1.87818e-06
6.42545e-06
1.19601e-05
1.86671e-05
2.67345e-05
3.63474e-05
4.76856e-05
6.09194e-05
7.62032e-05
9.36672e-05
0.000113408
0.000135475
0.000159864
0.000186502
0.000215242
0.000245858
0.000278041
0.00031141
0.000345513
0.000379851
0.000413892
0.0004471
0.000478962
0.000509013
0.000536861
0.000562202
0.000584841
0.000604686
0.000621754
0.000636152
0.000648068
0.000657743
0.000665454
0.000671493
0.000676145
0.00067968
0.000682337
0.000684319
0.000685794
0.000686891
1.90262e-06
6.51059e-06
1.21214e-05
1.89192e-05
2.70883e-05
3.6808e-05
4.8252e-05
6.15837e-05
7.69511e-05
9.44778e-05
0.000114254
0.000136324
0.000160679
0.000187243
0.000215868
0.00024633
0.000278326
0.000311478
0.000345347
0.000379444
0.000413248
0.000446238
0.000477911
0.000507812
0.000535556
0.000560843
0.000583477
0.000603364
0.000620513
0.000635025
0.000647076
0.000656899
0.000664762
0.000670948
0.000675739
0.0006794
0.000682169
0.000684251
0.000685815
0.000686993
1.92835e-06
6.60038e-06
1.22915e-05
1.91843e-05
2.74583e-05
3.7287e-05
4.88374e-05
6.22667e-05
7.77164e-05
9.5304e-05
0.000115114
0.000137185
0.000161504
0.000187993
0.000216504
0.000246813
0.000278621
0.000311559
0.000345195
0.000379052
0.000412621
0.000445393
0.000476876
0.000506626
0.000534262
0.000559491
0.000582116
0.000602039
0.000619265
0.000633885
0.000646067
0.000656034
0.000664045
0.000670377
0.000675306
0.000679092
0.000681973
0.000684154
0.000685805
0.000687061
1.95547e-06
6.69507e-06
1.24706e-05
1.94622e-05
2.78439e-05
3.77827e-05
4.94393e-05
6.29648e-05
7.84948e-05
9.6141e-05
0.000115982
0.000138052
0.000162335
0.000188749
0.000217145
0.000247302
0.000278926
0.000311652
0.000345058
0.000378678
0.000412014
0.00044457
0.000475864
0.000505461
0.000532988
0.000558155
0.000580766
0.00060072
0.000618016
0.000632739
0.000645047
0.000655154
0.00066331
0.000669785
0.000674849
0.000678759
0.00068175
0.000684028
0.000685765
0.000687098
1.98408e-06
6.79494e-06
1.26591e-05
1.97528e-05
2.82439e-05
3.82928e-05
5.00543e-05
6.36737e-05
7.92812e-05
9.6983e-05
0.000116853
0.00013892
0.000163165
0.000189503
0.000217787
0.000247795
0.000279236
0.000311755
0.000344936
0.000378323
0.000411432
0.000443773
0.00047488
0.000504325
0.000531741
0.000556844
0.000579436
0.000599416
0.000616777
0.000631597
0.000644025
0.000654266
0.000662562
0.000669176
0.000674372
0.000678403
0.000681503
0.000683876
0.000685697
0.000687104
2.01431e-06
6.90026e-06
1.28568e-05
2.00552e-05
2.86564e-05
3.88143e-05
5.0678e-05
6.4388e-05
8.00692e-05
9.78232e-05
0.000117719
0.000139782
0.000163988
0.000190252
0.000218424
0.000248286
0.000279551
0.000311868
0.00034483
0.000377991
0.000410876
0.000443009
0.000473932
0.000503226
0.000530532
0.000555567
0.000578137
0.000598138
0.000615558
0.000630467
0.000643008
0.000653377
0.000661808
0.000668556
0.00067388
0.000678029
0.000681235
0.000683701
0.000685603
0.000687082
0.000686753
0.00068696
0.000686599
0.000685552
0.00068359
0.000680558
0.00067655
0.000672695
0.000669482
0.00066672
0.000664406
0.00066239
0.000660626
0.000659029
0.000657554
0.000656148
0.000654763
0.00065338
0.000651992
0.000650601
0.000649227
0.000647912
0.000646727
0.000645805
0.000645367
0.000645771
0.000647604
0.000651797
0.0006599
0.000674465
0.000699633
0.000741759
0.000810107
0.000914728
0.001061
0.00123939
0.00142775
0.00160514
0.00176065
0.00189183
0.00199995
0.00208783
0.00215839
0.00221433
0.002258
0.00229112
0.0023153
0.00233178
0.00234162
0.00234571
0.00234475
0.00233913
0.00232902
0.00231447
0.00229536
0.00227155
0.00224283
0.00220963
0.00217472
0.00215661
0.00225406
0.0028441
0.00465636
0.00770255
0.00994574
0.0108208
0.01101
0.0110007
0.0109516
0.0108992
0.0108502
0.010806
0.0107662
0.0107301
0.0106971
0.0106666
0.0106384
0.0106122
0.0105885
0.0105681
0.0105526
0.0105446
0.0105481
0.0105698
0.0106198
0.0107141
0.0108777
0.0111487
0.0115803
0.0122422
0.0131921
0.0144265
0.0158184
0.0171739
0.0183546
0.0193141
0.0200655
0.0206408
0.0210749
0.0213969
0.0216319
0.0217989
0.0219119
0.0219824
0.0220188
0.0220273
0.0220131
0.0219799
0.0219296
0.0218626
0.021779
0.0216776
0.0215573
0.0214163
0.0212552
0.0210779
0.0209052
0.0208137
0.0210605
0.0221116
0.0239702
0.0253489
0.0258858
0.0259975
0.0259846
0.0259464
0.0259065
0.0258698
0.0258375
0.0258093
0.025785
0.025764
0.0257461
0.0257311
0.0257189
0.0257099
0.0257048
0.025705
0.0257124
0.0257302
0.0257634
0.0258194
0.0259098
0.0260525
0.0262737
0.0266094
0.0271044
0.0277912
0.0286566
0.0296047
0.030502
0.0312621
0.0318621
0.0323173
0.0326533
0.0328962
0.033067
0.0331832
0.0332578
0.0333006
0.0333191
0.033319
0.0333045
0.0332787
0.033244
0.0332017
0.0331521
0.0330949
0.0330296
0.0329552
0.0328707
0.0327756
0.0326706
0.0325578
0.032428
0.0322282
0.0318438
0.0312889
0.030907
0.030758
0.0307098
0.0306837
0.0306599
0.030638
0.0306192
0.0306046
0.0305945
0.0305889
0.0305876
0.0305906
0.0305978
0.0306095
0.030626
0.0306478
0.0306759
0.0307115
0.0307566
0.0308138
0.030887
0.030982
0.0311064
0.0312707
0.0314864
0.0317637
0.0320988
0.0324614
0.0327957
0.0330489
0.0332074
0.0332826
0.0332944
0.0332611
0.0331969
0.0331121
0.0330142
0.0329087
0.0327996
0.0326897
0.0325814
0.0324764
0.032376
0.0322811
0.0321926
0.0321114
0.0320381
0.0319734
0.0319181
0.031873
0.0318392
0.0318181
0.0318104
0.0318189
0.0318429
0.0318859
0.0319371
0.0319717
0.0319855
0.0319799
0.0319584
0.031924
0.000687112
0.000687489
0.000687335
0.000686548
0.00068491
0.000682259
0.00067867
0.000675276
0.000672542
0.00067024
0.000668371
0.000666784
0.000665445
0.000664272
0.000663229
0.000662266
0.000661348
0.000660457
0.000659591
0.000658756
0.000657975
0.000657293
0.000656782
0.000656575
0.000656887
0.000658062
0.000660663
0.000665577
0.000674278
0.00068919
0.000714255
0.000755527
0.000821868
0.000922786
0.00106312
0.00123292
0.00141042
0.00157612
0.00172064
0.00184255
0.00194354
0.00202642
0.00209392
0.00214845
0.00219204
0.00222615
0.00225217
0.00227113
0.00228392
0.00229134
0.00229398
0.00229218
0.00228613
0.00227588
0.0022613
0.00224227
0.00221857
0.0021905
0.00216034
0.00214477
0.00223809
0.00281735
0.00464255
0.00774977
0.00999838
0.0108496
0.011027
0.0110186
0.0109754
0.0109303
0.0108888
0.010852
0.0108192
0.01079
0.0107639
0.0107404
0.0107191
0.0107002
0.010684
0.0106714
0.010664
0.0106642
0.010676
0.0107056
0.0107623
0.0108614
0.0110262
0.0112926
0.0117111
0.0123483
0.0132595
0.0144407
0.0157662
0.0170479
0.018158
0.019058
0.019765
0.0203109
0.0207287
0.021045
0.0212825
0.0214577
0.0215832
0.021669
0.0217225
0.0217494
0.0217542
0.0217402
0.0217095
0.0216625
0.0215995
0.0215194
0.0214213
0.0213036
0.0211664
0.0210127
0.0208609
0.0207828
0.0210338
0.0220988
0.023998
0.0253816
0.025905
0.0260108
0.0260001
0.0259674
0.0259339
0.0259036
0.0258776
0.0258555
0.025837
0.0258217
0.0258095
0.0258
0.0257934
0.0257901
0.0257907
0.0257966
0.0258097
0.0258329
0.0258709
0.0259306
0.0260229
0.0261644
0.02638
0.0267037
0.0271786
0.0278363
0.0286636
0.0295667
0.030416
0.031132
0.0316965
0.0321267
0.0324477
0.032684
0.0328546
0.0329753
0.0330577
0.0331103
0.03314
0.0331517
0.0331492
0.0331355
0.0331126
0.033082
0.0330438
0.0329983
0.0329447
0.0328825
0.0328105
0.0327283
0.0326362
0.0325358
0.0324174
0.0322269
0.0318441
0.0312811
0.030901
0.0307593
0.0307175
0.0306969
0.0306788
0.0306625
0.0306494
0.0306402
0.0306352
0.0306343
0.0306374
0.0306446
0.0306556
0.0306709
0.0306905
0.0307152
0.0307457
0.0307832
0.0308294
0.0308869
0.0309591
0.0310513
0.0311708
0.0313273
0.0315319
0.0317948
0.032113
0.032458
0.0327765
0.033018
0.0331707
0.0332462
0.0332635
0.0332393
0.0331864
0.0331142
0.0330292
0.0329363
0.032839
0.03274
0.0326414
0.0325449
0.0324516
0.0323626
0.0322787
0.0322006
0.0321292
0.032065
0.0320089
0.0319618
0.0319245
0.0318985
0.0318845
0.0318852
0.0319002
0.0319337
0.0319758
0.0320019
0.0320085
0.0319968
0.0319703
0.0319317
0.000687434
0.000687972
0.000688014
0.000687478
0.000686157
0.000683887
0.000680733
0.000677816
0.000675574
0.000673747
0.000672334
0.000671194
0.000670298
0.000669574
0.000668989
0.000668504
0.000668089
0.000667733
0.000667438
0.000667213
0.000667087
0.000667108
0.000667348
0.000667939
0.000669092
0.000671136
0.000674605
0.000680337
0.000689723
0.000705044
0.000730018
0.000770367
0.000834483
0.000931295
0.00106507
0.00122561
0.00139182
0.00154577
0.00167954
0.00179254
0.0018868
0.00196502
0.00202971
0.00208297
0.00212658
0.00216173
0.00218958
0.00221099
0.00222673
0.00223745
0.00224366
0.00224566
0.00224363
0.00223761
0.0022275
0.00221319
0.00219442
0.00217141
0.00214602
0.00213323
0.00222299
0.00279154
0.00462881
0.00779644
0.0100489
0.0108765
0.0110433
0.0110366
0.0109997
0.0109619
0.0109279
0.0108984
0.0108729
0.010851
0.010832
0.0108158
0.0108021
0.0107909
0.0107829
0.0107789
0.0107803
0.0107896
0.0108105
0.0108488
0.0109132
0.0110177
0.0111842
0.011446
0.0118508
0.0124616
0.0133308
0.0144538
0.0157078
0.0169125
0.0179509
0.0187921
0.019456
0.019974
0.0203769
0.0206886
0.0209291
0.0211132
0.0212517
0.0213531
0.0214242
0.0214697
0.0214938
0.0214996
0.0214888
0.0214621
0.0214199
0.0213613
0.0212854
0.0211908
0.0210774
0.0209472
0.0208165
0.0207522
0.0210077
0.0220862
0.0240255
0.0254131
0.0259231
0.0260237
0.0260157
0.0259886
0.0259614
0.0259377
0.0259179
0.0259019
0.0258894
0.0258801
0.0258737
0.0258701
0.0258695
0.0258723
0.0258792
0.0258914
0.0259106
0.0259398
0.0259832
0.0260472
0.0261419
0.0262827
0.0264928
0.0268042
0.0272579
0.027884
0.02867
0.0295245
0.0303237
0.0309948
0.0315241
0.03193
0.0322368
0.032467
0.0326379
0.0327634
0.0328539
0.0329167
0.0329578
0.0329816
0.0329915
0.0329901
0.0329795
0.0329608
0.0329345
0.0329009
0.0328593
0.0328094
0.0327499
0.0326806
0.0326014
0.0325134
0.0324065
0.0322253
0.0318444
0.0312735
0.0308954
0.030761
0.0307254
0.0307103
0.0306976
0.0306869
0.0306793
0.0306754
0.0306754
0.0306792
0.0306868
0.030698
0.030713
0.0307318
0.0307549
0.0307825
0.0308156
0.0308553
0.030903
0.030961
0.0310326
0.0311225
0.0312373
0.0313862
0.0315797
0.0318277
0.032128
0.0324543
0.0327558
0.032985
0.0331315
0.0332069
0.0332291
0.0332134
0.0331712
0.0331108
0.033038
0.032957
0.0328711
0.0327826
0.0326935
0.0326053
0.0325192
0.0324361
0.0323568
0.0322822
0.0322129
0.0321497
0.0320933
0.0320445
0.0320043
0.0319739
0.0319542
0.0319477
0.0319541
0.0319784
0.0320114
0.0320295
0.0320291
0.0320117
0.0319805
0.031938
0.000687719
0.00068841
0.000688637
0.000688339
0.000687327
0.000685437
0.00068273
0.000680303
0.000678559
0.000677212
0.000676264
0.000675581
0.000675142
0.000674883
0.000674779
0.000674796
0.000674915
0.000675129
0.000675445
0.000675878
0.00067646
0.000677243
0.000678302
0.000679768
0.000681844
0.000684846
0.000689278
0.000695923
0.000706082
0.000721881
0.000746793
0.000786171
0.00084788
0.000940224
0.00106686
0.00121755
0.00137216
0.00151442
0.00163777
0.00174233
0.00183029
0.00190422
0.00196636
0.00201853
0.00206223
0.00209844
0.00212811
0.00215194
0.00217055
0.0021845
0.00219421
0.00219995
0.00220185
0.00219999
0.00219424
0.00218451
0.00217055
0.00215249
0.00213182
0.00212203
0.00220891
0.00276713
0.00461559
0.00784201
0.0100967
0.0109014
0.011059
0.0110546
0.0110241
0.0109937
0.0109672
0.0109451
0.0109269
0.0109123
0.0109008
0.0108922
0.0108864
0.0108836
0.0108843
0.0108894
0.0109003
0.0109194
0.0109501
0.0109978
0.0110706
0.0111813
0.0113501
0.0116077
0.0119983
0.0125812
0.0134056
0.0144661
0.015644
0.0167691
0.0177356
0.0185193
0.019142
0.0196339
0.0200232
0.0203313
0.0205757
0.020769
0.0209207
0.021038
0.0211267
0.021191
0.0212346
0.0212602
0.0212695
0.0212632
0.0212418
0.0212045
0.0211506
0.0210788
0.0209887
0.0208818
0.020772
0.0207221
0.0209825
0.022074
0.0240525
0.0254429
0.02594
0.0260363
0.0260313
0.0260098
0.025989
0.0259716
0.0259581
0.0259483
0.0259418
0.0259385
0.0259382
0.0259408
0.0259465
0.0259557
0.0259692
0.0259881
0.0260141
0.0260498
0.0260992
0.0261681
0.0262657
0.0264063
0.0266111
0.02691
0.0273415
0.0279341
0.0286758
0.0294786
0.0302259
0.0308518
0.0313466
0.0317292
0.0320226
0.0322475
0.0324192
0.03255
0.0326487
0.0327218
0.0327744
0.0328105
0.0328328
0.032844
0.0328458
0.0328393
0.0328252
0.0328035
0.0327741
0.0327364
0.0326894
0.0326329
0.0325664
0.0324907
0.0323952
0.0322235
0.0318447
0.031266
0.0308901
0.0307629
0.0307334
0.0307236
0.0307162
0.030711
0.0307086
0.0307099
0.0307147
0.0307232
0.0307351
0.0307505
0.0307694
0.0307919
0.0308183
0.0308492
0.0308851
0.0309271
0.0309765
0.0310354
0.0311067
0.0311946
0.0313052
0.0314468
0.0316292
0.0318621
0.0321438
0.0324502
0.0327339
0.03295
0.03309
0.033165
0.0331916
0.0331837
0.0331515
0.0331022
0.0330408
0.0329712
0.0328962
0.0328178
0.0327379
0.0326579
0.0325788
0.0325016
0.0324271
0.0323561
0.0322893
0.0322273
0.032171
0.032121
0.0320784
0.0320443
0.0320194
0.0320062
0.0320047
0.03202
0.0320441
0.0320544
0.0320474
0.0320247
0.0319891
0.0319429
0.000687965
0.000688802
0.000689204
0.000689132
0.000688417
0.000686903
0.000684649
0.000682719
0.000681474
0.000680608
0.000680125
0.000679903
0.000679928
0.000680144
0.000680534
0.000681073
0.000681747
0.000682558
0.000683516
0.000684643
0.000685976
0.00068757
0.000689504
0.000691908
0.00069498
0.00069902
0.0007045
0.000712151
0.000723173
0.00073953
0.000764426
0.000802818
0.000861978
0.000949533
0.00106851
0.00120882
0.00135166
0.00148242
0.00159582
0.00169247
0.00177462
0.00184465
0.00190451
0.00195577
0.00199964
0.00203691
0.00206836
0.00209453
0.00211592
0.002133
0.00214611
0.00215546
0.00216118
0.00216332
0.00216179
0.00215649
0.00214717
0.00213388
0.00211785
0.00211126
0.00219604
0.00274477
0.00460358
0.00788564
0.0101411
0.010924
0.0110741
0.0110725
0.0110485
0.0110253
0.0110062
0.0109914
0.0109807
0.0109735
0.0109696
0.0109688
0.0109712
0.010977
0.0109868
0.0110014
0.0110224
0.0110519
0.0110931
0.011151
0.0112328
0.0113505
0.0115221
0.0117759
0.0121524
0.0127064
0.0134835
0.0144773
0.0155752
0.0166191
0.0175142
0.0182425
0.0188264
0.0192943
0.0196717
0.0199773
0.0202261
0.020429
0.0205939
0.0207271
0.0208333
0.0209164
0.0209793
0.0210247
0.0210539
0.0210678
0.0210668
0.0210504
0.0210181
0.0209684
0.0209011
0.020817
0.0207279
0.0206928
0.0209586
0.0220627
0.0240782
0.0254705
0.0259555
0.0260484
0.0260467
0.0260309
0.0260163
0.0260051
0.0259978
0.0259941
0.0259937
0.0259964
0.0260023
0.0260112
0.0260234
0.0260393
0.0260598
0.0260857
0.0261189
0.0261615
0.0262174
0.0262917
0.0263929
0.0265337
0.0267337
0.0270202
0.0274289
0.0279864
0.0286808
0.0294293
0.0301235
0.0307046
0.0311659
0.0315265
0.0318077
0.0320282
0.0322012
0.0323374
0.0324445
0.0325279
0.0325921
0.0326403
0.0326753
0.032699
0.0327132
0.032719
0.0327169
0.0327072
0.0326897
0.0326641
0.0326295
0.0325855
0.0325315
0.0324678
0.0323836
0.0322212
0.0318448
0.0312588
0.0308854
0.0307651
0.0307414
0.0307367
0.0307345
0.0307344
0.0307372
0.0307433
0.0307529
0.0307658
0.030782
0.0308015
0.0308242
0.0308504
0.0308804
0.0309144
0.0309533
0.0309978
0.0310491
0.0311092
0.0311805
0.0312669
0.0313736
0.0315083
0.0316799
0.0318975
0.0321602
0.0324457
0.0327105
0.0329133
0.0330464
0.0331208
0.0331514
0.0331508
0.0331278
0.0330888
0.0330383
0.0329794
0.0329146
0.0328459
0.0327749
0.0327027
0.0326306
0.0325592
0.0324896
0.0324224
0.0323582
0.0322978
0.0322419
0.0321912
0.0321466
0.0321093
0.0320799
0.0320607
0.0320517
0.0320585
0.0320739
0.0320767
0.0320635
0.0320357
0.031996
0.0319464
0.000688174
0.000689147
0.000689713
0.000689854
0.000689424
0.000688279
0.000686482
0.00068505
0.000684295
0.000683903
0.000683879
0.000684115
0.000684603
0.000685297
0.000686187
0.000687256
0.000688498
0.000689921
0.000691541
0.000693385
0.000695498
0.000697938
0.000700789
0.00070418
0.000708304
0.000713446
0.000720048
0.000728785
0.000740756
0.000757752
0.000782695
0.000820112
0.000876628
0.000959139
0.00107
0.00119956
0.00133062
0.00145024
0.00155425
0.00164359
0.00172046
0.00178699
0.00184486
0.00189535
0.00193945
0.00197778
0.00201094
0.00203935
0.00206341
0.00208347
0.00209982
0.00211262
0.00212199
0.00212797
0.00213046
0.00212937
0.00212446
0.00211574
0.00210422
0.002101
0.00218467
0.00272541
0.00459376
0.00792614
0.0101808
0.0109441
0.0110883
0.0110902
0.0110726
0.0110565
0.0110446
0.011037
0.0110335
0.0110337
0.0110374
0.0110446
0.0110553
0.0110699
0.0110891
0.0111136
0.011145
0.0111853
0.0112374
0.0113059
0.0113975
0.0115227
0.0116979
0.0119485
0.0123113
0.0128358
0.0135639
0.0144877
0.0155024
0.0164646
0.0172899
0.0179655
0.0185134
0.0189596
0.0193267
0.0196308
0.0198846
0.0200973
0.0202754
0.0204242
0.0205477
0.020649
0.0207309
0.0207955
0.0208442
0.0208778
0.0208967
0.0209006
0.0208891
0.0208608
0.0208154
0.0207532
0.0206845
0.0206645
0.0209367
0.0220529
0.0241022
0.0254953
0.0259693
0.02606
0.0260619
0.0260517
0.0260431
0.0260379
0.0260366
0.0260388
0.0260444
0.0260532
0.0260652
0.0260804
0.0260992
0.0261221
0.0261496
0.0261829
0.0262234
0.0262734
0.0263361
0.0264164
0.0265216
0.0266633
0.026859
0.0271334
0.027519
0.0280403
0.0286852
0.0293773
0.030018
0.030555
0.0309845
0.0313246
0.0315949
0.0318117
0.0319865
0.0321285
0.0322439
0.0323376
0.0324131
0.0324734
0.0325206
0.0325568
0.0325833
0.0326011
0.0326109
0.032613
0.0326072
0.0325934
0.0325708
0.0325388
0.032497
0.032445
0.0323716
0.0322184
0.0318445
0.0312521
0.0308813
0.0307676
0.0307493
0.0307494
0.0307521
0.030757
0.0307646
0.0307755
0.0307895
0.0308067
0.030827
0.0308504
0.0308769
0.0309068
0.0309402
0.0309775
0.0310194
0.0310665
0.03112
0.0311815
0.0312531
0.0313382
0.0314415
0.0315698
0.031731
0.0319336
0.0321768
0.0324406
0.032686
0.0328751
0.0330013
0.0330747
0.0331089
0.033115
0.0331006
0.0330713
0.0330308
0.032982
0.0329269
0.0328674
0.0328048
0.0327403
0.0326748
0.0326093
0.0325444
0.032481
0.0324197
0.0323611
0.0323059
0.0322549
0.0322088
0.0321688
0.0321355
0.0321109
0.0320951
0.0320937
0.0321008
0.0320965
0.0320774
0.032045
0.0320015
0.0319487
0.000688345
0.000689448
0.000690166
0.000690505
0.000690347
0.000689559
0.000688217
0.000687276
0.000686996
0.000687063
0.000687484
0.000688168
0.000689111
0.000690278
0.000691665
0.000693262
0.000695073
0.000697112
0.0006994
0.000701973
0.000704879
0.000708183
0.000711973
0.000716381
0.000721592
0.00072788
0.000735656
0.00074554
0.000758529
0.000776238
0.000801294
0.000837769
0.000891591
0.000968892
0.00107137
0.00118999
0.00130946
0.00141844
0.00151373
0.0015964
0.00166854
0.00173197
0.0017881
0.00183797
0.00188235
0.00192171
0.00195649
0.00198701
0.00201356
0.00203643
0.00205583
0.00207189
0.00208469
0.00209427
0.00210055
0.00210342
0.00210267
0.00209826
0.00209106
0.00209139
0.00217521
0.00271032
0.00458749
0.00796192
0.0102143
0.0109611
0.0111016
0.0111075
0.0110962
0.0110869
0.0110819
0.0110813
0.0110848
0.0110923
0.0111035
0.0111185
0.0111376
0.011161
0.0111896
0.0112241
0.011266
0.0113173
0.0113806
0.0114601
0.0115619
0.0116952
0.0118746
0.0121227
0.0124721
0.0129672
0.0136453
0.0144971
0.0154273
0.0163086
0.0170667
0.0176929
0.0182077
0.0186347
0.0189931
0.0192967
0.0195559
0.0197783
0.0199693
0.0201331
0.0202732
0.0203922
0.0204923
0.0205755
0.0206429
0.0206954
0.0207334
0.0207567
0.020765
0.020757
0.0207324
0.0206911
0.0206422
0.0206376
0.0209175
0.0220454
0.0241232
0.0255163
0.0259812
0.0260708
0.0260766
0.0260718
0.0260689
0.0260696
0.026074
0.0260819
0.0260933
0.026108
0.0261261
0.0261477
0.0261731
0.0262028
0.0262374
0.0262781
0.0263262
0.0263837
0.0264535
0.02654
0.0266497
0.0267928
0.0269847
0.0272476
0.0276103
0.0280947
0.0286888
0.0293235
0.0299112
0.0304057
0.0308053
0.0311267
0.0313874
0.0316013
0.0317784
0.0319261
0.0320498
0.0321534
0.03224
0.0323119
0.0323711
0.0324192
0.0324576
0.0324871
0.0325084
0.0325219
0.0325275
0.032525
0.0325138
0.0324934
0.0324632
0.0324223
0.0323593
0.0322147
0.0318436
0.0312462
0.0308782
0.0307703
0.0307569
0.0307615
0.0307689
0.0307784
0.0307906
0.0308059
0.0308241
0.0308454
0.0308696
0.0308967
0.0309269
0.0309603
0.0309971
0.0310377
0.0310825
0.0311324
0.0311881
0.0312511
0.0313233
0.0314075
0.0315079
0.0316302
0.0317816
0.0319694
0.0321932
0.032435
0.0326606
0.0328359
0.0329551
0.0330274
0.0330649
0.0330771
0.0330707
0.0330503
0.0330192
0.0329797
0.0329338
0.0328828
0.0328282
0.0327709
0.0327119
0.0326519
0.0325918
0.0325322
0.0324738
0.0324171
0.0323629
0.0323119
0.0322648
0.0322226
0.0321859
0.0321566
0.0321347
0.0321258
0.0321249
0.0321137
0.0320892
0.0320524
0.0320054
0.0319497
0.00068848
0.000689704
0.000690562
0.000691085
0.000691182
0.000690739
0.000689842
0.000689377
0.000689548
0.000690052
0.000690898
0.000692011
0.000693393
0.000695018
0.000696889
0.000699004
0.000701374
0.000704019
0.000706969
0.000710264
0.00071396
0.000718127
0.000722859
0.000728289
0.0007346
0.000742051
0.000751027
0.000762093
0.000776147
0.000794626
0.000819854
0.000855434
0.000906567
0.0009786
0.0010726
0.00118038
0.00128866
0.00138766
0.00147495
0.00155163
0.00161957
0.00168028
0.00173493
0.0017843
0.00182899
0.00186931
0.0019056
0.00193807
0.00196694
0.0019924
0.00201462
0.0020337
0.00204968
0.00206261
0.00207238
0.00207893
0.00208202
0.00208163
0.00207853
0.00208258
0.00216804
0.00270075
0.00458607
0.00799149
0.0102401
0.0109746
0.0111137
0.0111241
0.0111189
0.0111161
0.0111176
0.0111236
0.0111339
0.0111483
0.0111668
0.0111895
0.0112167
0.0112489
0.0112867
0.0113311
0.0113835
0.0114457
0.0115202
0.0116109
0.0117229
0.0118647
0.0120488
0.012295
0.0126318
0.013098
0.0137262
0.0145056
0.0153518
0.0161545
0.016849
0.0174295
0.0179146
0.0183246
0.0186759
0.0189797
0.0192445
0.0194763
0.0196797
0.0198579
0.0200137
0.0201493
0.0202667
0.0203674
0.0204526
0.0205229
0.0205789
0.0206204
0.0206472
0.0206583
0.0206531
0.0206315
0.0206014
0.0206125
0.0209019
0.0220411
0.0241404
0.0255324
0.0259908
0.0260807
0.0260907
0.0260911
0.0260936
0.0260997
0.0261095
0.0261229
0.0261398
0.0261602
0.0261842
0.0262119
0.0262437
0.0262801
0.0263219
0.0263699
0.0264255
0.0264904
0.0265675
0.0266604
0.0267749
0.0269198
0.0271086
0.0273606
0.0277008
0.0281486
0.0286918
0.0292694
0.0298055
0.0302597
0.0306316
0.0309361
0.0311884
0.0314002
0.0315798
0.0317333
0.031865
0.0319781
0.0320751
0.0321581
0.0322286
0.0322882
0.0323379
0.0323786
0.0324109
0.0324351
0.0324514
0.0324596
0.0324592
0.0324498
0.0324304
0.0324001
0.0323467
0.03221
0.0318418
0.0312412
0.030876
0.0307732
0.0307641
0.0307729
0.0307846
0.0307985
0.0308149
0.0308342
0.0308564
0.0308814
0.0309092
0.03094
0.0309736
0.0310104
0.0310504
0.0310941
0.0311419
0.0311944
0.0312523
0.031317
0.0313899
0.0314736
0.0315714
0.0316883
0.0318304
0.0320041
0.0322089
0.0324287
0.0326347
0.0327964
0.0329087
0.0329799
0.0330203
0.0330381
0.0330389
0.0330267
0.0330041
0.0329733
0.0329358
0.0328928
0.0328456
0.0327951
0.0327422
0.0326876
0.032632
0.0325762
0.0325206
0.0324661
0.032413
0.0323623
0.0323145
0.0322706
0.0322311
0.0321977
0.0321704
0.0321545
0.032146
0.0321286
0.032099
0.0320582
0.0320079
0.0319496
0.000688581
0.000689917
0.000690903
0.000691595
0.000691928
0.000691813
0.000691346
0.000691333
0.000691923
0.000692833
0.000694078
0.000695595
0.000697391
0.000699451
0.000701784
0.000704394
0.000707301
0.00071053
0.000714119
0.000718114
0.000722578
0.000727588
0.000733242
0.000739675
0.000747069
0.000755672
0.000765842
0.000778094
0.000793229
0.000812507
0.000837955
0.000872691
0.000921188
0.00098802
0.00107372
0.00117104
0.00126876
0.00135856
0.00143863
0.00151
0.00157425
0.00163263
0.001686
0.00173498
0.00177997
0.00182118
0.00185885
0.00189309
0.00192405
0.00195187
0.00197666
0.00199847
0.00201736
0.00203332
0.00204629
0.00205617
0.00206278
0.00206605
0.0020668
0.00207477
0.00216366
0.00269816
0.00459099
0.00801318
0.0102564
0.010984
0.0111244
0.0111398
0.0111404
0.0111436
0.0111512
0.0111635
0.0111801
0.0112011
0.0112265
0.0112565
0.0112915
0.011332
0.0113788
0.0114327
0.0114953
0.0115681
0.0116536
0.0117551
0.0118774
0.0120277
0.0122168
0.0124617
0.0127868
0.013225
0.0138044
0.0145133
0.0152783
0.0160064
0.0166416
0.0171806
0.0176392
0.0180346
0.01838
0.0186845
0.0189548
0.0191957
0.0194105
0.0196021
0.0197725
0.0199236
0.020057
0.020174
0.0202756
0.0203624
0.0204351
0.0204934
0.0205373
0.0205659
0.0205786
0.0205752
0.0205628
0.0205899
0.0208908
0.0220407
0.0241528
0.0255427
0.0259977
0.0260896
0.0261038
0.0261092
0.0261167
0.0261278
0.0261426
0.0261611
0.0261832
0.026209
0.0262385
0.0262721
0.02631
0.026353
0.0264015
0.0264566
0.0265194
0.0265918
0.0266759
0.0267752
0.0268947
0.0270417
0.0272279
0.0274696
0.0277884
0.0282006
0.0286941
0.0292166
0.0297036
0.0301201
0.0304667
0.0307562
0.0310013
0.0312117
0.031394
0.031553
0.0316922
0.0318142
0.031921
0.0320143
0.0320954
0.0321656
0.0322259
0.032277
0.0323195
0.0323538
0.0323801
0.0323982
0.0324078
0.0324084
0.0323992
0.0323786
0.0323339
0.0322041
0.0318389
0.0312375
0.0308751
0.0307763
0.0307708
0.0307834
0.030799
0.0308167
0.030837
0.03086
0.0308858
0.0309142
0.0309455
0.0309795
0.0310163
0.0310562
0.0310994
0.031146
0.0311966
0.0312516
0.0313118
0.0313782
0.031452
0.0315353
0.0316309
0.0317429
0.0318764
0.0320367
0.0322233
0.0324219
0.0326088
0.0327575
0.0328631
0.032933
0.032976
0.0329988
0.0330062
0.0330014
0.0329866
0.0329636
0.0329337
0.0328981
0.0328578
0.0328136
0.0327663
0.0327167
0.0326654
0.0326132
0.0325605
0.032508
0.0324563
0.032406
0.0323579
0.0323126
0.0322708
0.0322339
0.0322021
0.0321799
0.0321644
0.0321411
0.0321068
0.0320623
0.0320091
0.0319484
0.000688648
0.000690088
0.000691191
0.000692034
0.000692584
0.000692776
0.000692717
0.00069312
0.000694091
0.000695372
0.000696981
0.00069887
0.00070105
0.000703514
0.000706276
0.00070935
0.00071276
0.000716539
0.00072073
0.000725387
0.000730579
0.000736389
0.000742922
0.000750315
0.000758748
0.00076846
0.000779786
0.000793193
0.000809391
0.000829472
0.000855168
0.000889124
0.000935094
0.000996922
0.00107472
0.00116225
0.00125024
0.00133171
0.00140538
0.00147211
0.00153319
0.00158956
0.00164187
0.00169053
0.00173581
0.00177782
0.00181671
0.00185253
0.00188535
0.00191526
0.00194233
0.00196659
0.00198807
0.00200675
0.00202256
0.00203543
0.00204517
0.00205174
0.00205605
0.00206814
0.00216247
0.00270346
0.00460304
0.00802615
0.0102624
0.0109887
0.0111335
0.0111543
0.0111604
0.0111691
0.0111823
0.0112001
0.0112226
0.0112497
0.0112815
0.0113183
0.0113606
0.0114089
0.0114641
0.0115271
0.0115992
0.0116821
0.011778
0.01189
0.0120222
0.0121808
0.012375
0.012619
0.0129332
0.0133451
0.0138781
0.0145202
0.0152091
0.0158678
0.016449
0.0169507
0.0173861
0.0177689
0.0181097
0.0184153
0.0186909
0.0189401
0.0191655
0.0193692
0.0195529
0.019718
0.0198659
0.0199977
0.0201142
0.020216
0.0203037
0.0203773
0.0204366
0.0204809
0.0205098
0.0205229
0.0205271
0.0205702
0.020885
0.022045
0.0241598
0.0255464
0.0260016
0.0260972
0.0261159
0.0261258
0.0261378
0.0261535
0.0261729
0.0261961
0.0262229
0.0262536
0.0262883
0.0263273
0.026371
0.02642
0.0264749
0.0265367
0.0266064
0.0266857
0.0267767
0.0268822
0.0270065
0.0271559
0.02734
0.0275724
0.0278708
0.0282492
0.0286958
0.0291666
0.0296078
0.0299899
0.0303139
0.0305902
0.0308293
0.0310387
0.0312236
0.0313878
0.0315339
0.0316641
0.0317798
0.0318825
0.0319733
0.0320532
0.0321231
0.0321837
0.0322356
0.0322791
0.0323145
0.0323416
0.0323603
0.03237
0.0323699
0.032358
0.032321
0.0321969
0.0318347
0.0312351
0.0308756
0.0307795
0.0307768
0.0307927
0.0308118
0.030833
0.0308567
0.030883
0.030912
0.0309436
0.0309778
0.0310148
0.0310546
0.0310974
0.0311433
0.0311927
0.0312459
0.0313034
0.0313656
0.0314336
0.0315083
0.0315914
0.0316852
0.0317929
0.0319185
0.0320663
0.0322358
0.0324145
0.0325835
0.0327198
0.0328192
0.0328878
0.032933
0.0329604
0.0329736
0.0329754
0.0329676
0.0329516
0.0329286
0.0328996
0.0328654
0.0328269
0.0327848
0.0327398
0.0326925
0.0326436
0.0325936
0.0325432
0.0324928
0.0324432
0.0323949
0.0323487
0.0323051
0.0322653
0.0322296
0.0322019
0.03218
0.0321512
0.0321127
0.032065
0.0320091
0.0319462
0.0318891
0.0318594
0.0318263
0.0317901
0.0317509
0.0317086
0.0316633
0.031615
0.0315636
0.0315092
0.0314517
0.031391
0.0313272
0.0312601
0.0311899
0.0311166
0.0310401
0.0309605
0.0308779
0.0307925
0.0307043
0.0306136
0.0305205
0.0304254
0.0303286
0.0302304
0.0301314
0.0300321
0.0299332
0.0298355
0.0297399
0.0296473
0.0295591
0.0294763
0.0294006
0.0293334
0.0292764
0.0292311
0.0291994
0.0291826
0.0318939
0.0318624
0.0318276
0.0317899
0.0317492
0.0317055
0.031659
0.0316095
0.031557
0.0315015
0.0314429
0.0313813
0.0313165
0.0312486
0.0311776
0.0311034
0.0310262
0.0309459
0.0308627
0.0307766
0.0306879
0.0305967
0.0305033
0.0304078
0.0303107
0.0302124
0.0301134
0.0300141
0.0299154
0.0298179
0.0297226
0.0296305
0.0295428
0.0294608
0.0293858
0.0293193
0.029263
0.0292184
0.0291872
0.0291708
0.0318975
0.0318642
0.0318279
0.0317887
0.0317466
0.0317017
0.0316539
0.0316033
0.0315497
0.0314932
0.0314337
0.0313712
0.0313056
0.0312368
0.031165
0.0310901
0.0310122
0.0309312
0.0308474
0.0307608
0.0306716
0.03058
0.0304861
0.0303904
0.0302931
0.0301947
0.0300956
0.0299964
0.0298979
0.0298007
0.0297058
0.0296142
0.0295271
0.0294457
0.0293714
0.0293057
0.0292501
0.0292062
0.0291755
0.0291595
0.0318999
0.031865
0.0318271
0.0317865
0.0317432
0.0316971
0.0316482
0.0315965
0.031542
0.0314845
0.0314241
0.0313607
0.0312943
0.0312248
0.0311523
0.0310767
0.0309981
0.0309166
0.0308322
0.0307451
0.0306554
0.0305634
0.0304692
0.0303733
0.0302758
0.0301773
0.0300782
0.0299792
0.0298808
0.029784
0.0296895
0.0295984
0.0295119
0.0294311
0.0293576
0.0292926
0.0292378
0.0291945
0.0291644
0.0291486
0.0319011
0.0318647
0.0318254
0.0317835
0.031739
0.0316918
0.0316419
0.0315892
0.0315337
0.0314754
0.0314141
0.03135
0.0312828
0.0312126
0.0311394
0.0310632
0.030984
0.0309019
0.030817
0.0307295
0.0306394
0.0305471
0.0304526
0.0303565
0.0302589
0.0301603
0.0300613
0.0299624
0.0298643
0.0297677
0.0296737
0.0295831
0.0294972
0.0294171
0.0293443
0.0292801
0.0292259
0.0291833
0.0291537
0.0291383
0.0319012
0.0318633
0.0318228
0.0317797
0.0317341
0.0316858
0.031635
0.0315814
0.031525
0.0314659
0.0314039
0.031339
0.0312711
0.0312003
0.0311265
0.0310497
0.03097
0.0308874
0.0308021
0.0307141
0.0306237
0.030531
0.0304364
0.03034
0.0302424
0.0301438
0.0300448
0.0299461
0.0298482
0.0297521
0.0296585
0.0295684
0.0294831
0.0294037
0.0293316
0.0292681
0.0292147
0.0291727
0.0291436
0.0291285
0.0319002
0.031861
0.0318194
0.0317752
0.0317285
0.0316793
0.0316276
0.0315732
0.031516
0.0314562
0.0313935
0.0313279
0.0312594
0.031188
0.0311136
0.0310363
0.0309561
0.0308731
0.0307873
0.030699
0.0306083
0.0305154
0.0304206
0.0303241
0.0302264
0.0301278
0.030029
0.0299304
0.0298328
0.029737
0.0296439
0.0295544
0.0294697
0.029391
0.0293195
0.0292568
0.029204
0.0291627
0.029134
0.0291192
0.0318982
0.0318579
0.0318151
0.03177
0.0317224
0.0316724
0.0316198
0.0315646
0.0315068
0.0314463
0.0313829
0.0313168
0.0312477
0.0311758
0.0311009
0.0310231
0.0309425
0.0308591
0.030773
0.0306843
0.0305934
0.0305002
0.0304053
0.0303087
0.0302109
0.0301125
0.0300137
0.0299154
0.0298181
0.0297227
0.02963
0.029541
0.0294569
0.0293789
0.0293081
0.029246
0.029194
0.0291532
0.029125
0.0291105
0.0318953
0.031854
0.0318103
0.0317642
0.0317158
0.031665
0.0316117
0.0315559
0.0314974
0.0314362
0.0313724
0.0313057
0.0312361
0.0311637
0.0310884
0.0310102
0.0309292
0.0308454
0.030759
0.0306701
0.0305789
0.0304856
0.0303905
0.0302939
0.0301962
0.0300978
0.0299992
0.0299011
0.0298041
0.029709
0.0296168
0.0295284
0.0294449
0.0293675
0.0292974
0.029236
0.0291846
0.0291444
0.0291166
0.0291024
0.0318917
0.0318494
0.0318048
0.031758
0.0317088
0.0316573
0.0316034
0.031547
0.0314879
0.0314263
0.0313619
0.0312947
0.0312247
0.0311519
0.0310762
0.0309976
0.0309163
0.0308322
0.0307456
0.0306565
0.0305651
0.0304717
0.0303765
0.0302799
0.0301822
0.0300838
0.0299854
0.0298875
0.0297909
0.0296962
0.0296044
0.0295165
0.0294336
0.0293568
0.0292874
0.0292266
0.0291758
0.0291362
0.0291089
0.0290948
2.04631e-06
7.01128e-06
1.30637e-05
2.03683e-05
2.90786e-05
3.93428e-05
5.13049e-05
6.51009e-05
8.08515e-05
9.86537e-05
0.000118572
0.000140628
0.000164795
0.000190986
0.000219051
0.000248772
0.000279866
0.000311989
0.00034474
0.000377683
0.000410352
0.000442283
0.000473027
0.000502172
0.000529368
0.000554336
0.00057688
0.000596897
0.000614369
0.000629361
0.000642008
0.000652498
0.000661057
0.000667933
0.000673379
0.000677642
0.00068095
0.000683506
0.000685486
0.000687033
2.08024e-06
7.12817e-06
1.32791e-05
2.06899e-05
2.95069e-05
3.9873e-05
5.19282e-05
6.58047e-05
8.16193e-05
9.94652e-05
0.000119403
0.000141451
0.000165579
0.000191699
0.00021966
0.000249247
0.000280178
0.000312115
0.000344666
0.0003774
0.000409864
0.000441601
0.000472172
0.000501174
0.000528263
0.000553161
0.000575678
0.000595705
0.000613223
0.000628291
0.000641035
0.000651637
0.000660317
0.000667314
0.000672877
0.000677248
0.000680654
0.000683296
0.00068535
0.000686962
2.11627e-06
7.25095e-06
1.35018e-05
2.1017e-05
2.99362e-05
4.03981e-05
5.25397e-05
6.649e-05
8.23626e-05
0.000100247
0.000120201
0.00014224
0.00016633
0.000192382
0.000220245
0.000249704
0.000280482
0.000312245
0.000344606
0.000377144
0.000409414
0.000440968
0.000471375
0.000500241
0.000527225
0.000552056
0.000574543
0.000594576
0.000612134
0.000627269
0.000640103
0.000650809
0.000659599
0.000666709
0.000672382
0.000676855
0.000680352
0.000683075
0.000685199
0.000686871
2.15451e-06
7.37928e-06
1.37297e-05
2.13453e-05
3.03599e-05
4.09096e-05
5.31293e-05
6.71458e-05
8.30699e-05
0.000100988
0.000120955
0.000142983
0.000167037
0.000193025
0.000220796
0.000250137
0.000280773
0.000312374
0.000344561
0.000376918
0.000409008
0.000440391
0.000470646
0.000499383
0.000526268
0.000551034
0.000573489
0.000593526
0.000611117
0.000626312
0.000639225
0.000650024
0.000658916
0.000666129
0.000671902
0.000676469
0.000680052
0.00068285
0.000685039
0.000686767
2.19498e-06
7.51222e-06
1.39596e-05
2.16686e-05
3.07694e-05
4.13972e-05
5.36855e-05
6.77595e-05
8.37279e-05
0.000101675
0.000121651
0.000143668
0.000167687
0.000193616
0.000221304
0.000250538
0.000281046
0.000312501
0.000344529
0.000376722
0.000408648
0.000439877
0.000469992
0.000498611
0.000525405
0.000550108
0.000572533
0.000592569
0.000610187
0.000625433
0.000638416
0.000649298
0.00065828
0.000665586
0.00067145
0.000676102
0.000679762
0.000682628
0.000684876
0.000686653
2.23736e-06
7.6478e-06
1.41861e-05
2.19784e-05
3.11539e-05
4.18482e-05
5.41946e-05
6.8317e-05
8.43222e-05
0.000102292
0.000122276
0.000144281
0.000168269
0.000194146
0.000221759
0.000250898
0.000281293
0.00031262
0.000344509
0.000376557
0.00040834
0.000439431
0.000469422
0.000497936
0.000524648
0.000549295
0.00057169
0.000591723
0.000609363
0.000624651
0.000637693
0.000648647
0.000657707
0.000665094
0.000671036
0.000675763
0.000679491
0.000682417
0.000684717
0.000686538
2.28082e-06
7.78226e-06
1.44014e-05
2.22635e-05
3.15e-05
4.2248e-05
5.4641e-05
6.8802e-05
8.48364e-05
0.000102824
0.000122812
0.000144807
0.000168768
0.000194599
0.00022215
0.000251209
0.000281509
0.000312728
0.000344499
0.000376425
0.000408086
0.000439061
0.000468947
0.000497371
0.000524011
0.000548609
0.000570977
0.000591006
0.000608662
0.000623984
0.000637074
0.000648087
0.000657212
0.000664666
0.000670675
0.000675465
0.00067925
0.000682227
0.00068457
0.000686427
2.32342e-06
7.90889e-06
1.45939e-05
2.25092e-05
3.17913e-05
4.25793e-05
5.5007e-05
6.91968e-05
8.52526e-05
0.000103253
0.000123244
0.000145229
0.000169167
0.000194963
0.000222464
0.00025146
0.000281685
0.000312818
0.000344497
0.000376326
0.00040789
0.000438773
0.000468575
0.000496927
0.00052351
0.000548068
0.000570413
0.000590437
0.000608104
0.000623452
0.000636579
0.000647636
0.000656812
0.000664319
0.00067038
0.000675219
0.000679049
0.000682067
0.000684444
0.00068633
2.36132e-06
8.0163e-06
1.47472e-05
2.2697e-05
3.20086e-05
4.28226e-05
5.52731e-05
6.94816e-05
8.55514e-05
0.00010356
0.000123551
0.00014553
0.000169452
0.000195222
0.000222688
0.00025164
0.000281812
0.000312885
0.000344499
0.00037626
0.000407756
0.000438575
0.000468317
0.000496618
0.00052316
0.000547688
0.000570017
0.000590036
0.00060771
0.000623075
0.000636227
0.000647316
0.000656526
0.000664069
0.000670167
0.000675041
0.000678903
0.000681948
0.00068435
0.000686255
2.38729e-06
8.08557e-06
1.48385e-05
2.28041e-05
3.21296e-05
4.29562e-05
5.54177e-05
6.96354e-05
8.5712e-05
0.000103724
0.000123716
0.00014569
0.000169604
0.000195361
0.000222808
0.000251737
0.00028188
0.000312922
0.000344502
0.000376227
0.000407688
0.000438472
0.000468183
0.000496456
0.000522977
0.000547489
0.000569808
0.000589824
0.000607502
0.000622875
0.00063604
0.000647144
0.000656373
0.000663935
0.000670052
0.000674944
0.000678823
0.000681883
0.000684297
0.000686213
0.000688684
0.000690219
0.000691427
0.000692406
0.000693151
0.000693624
0.000693941
0.000694719
0.000696026
0.000697638
0.000699572
0.000701795
0.00070432
0.00070715
0.000710302
0.000713798
0.000717667
0.000721949
0.000726693
0.00073196
0.000737823
0.000744373
0.000751719
0.000760003
0.000769404
0.000780153
0.000792565
0.000807063
0.000824273
0.00084513
0.000871085
0.000904333
0.000947944
0.00100509
0.00107563
0.00115426
0.0012335
0.0013076
0.00137569
0.00143844
0.00149683
0.00155151
0.00160293
0.00165134
0.00169689
0.00173961
0.00177955
0.00181673
0.00185117
0.0018829
0.00191197
0.00193836
0.00196209
0.00198315
0.00200145
0.00201692
0.00202941
0.0020389
0.00204647
0.00206294
0.00216484
0.00271735
0.00462272
0.00802988
0.0102573
0.0109886
0.0111406
0.0111673
0.0111785
0.0111921
0.0112103
0.0112332
0.0112609
0.0112934
0.011331
0.011374
0.011423
0.0114785
0.0115413
0.0116126
0.0116935
0.0117857
0.0118913
0.012013
0.0121544
0.0123209
0.01252
0.0127635
0.013068
0.0134555
0.0139455
0.0145263
0.0151459
0.0157419
0.0162748
0.0167439
0.0171592
0.0175315
0.0178685
0.0181754
0.0184559
0.0187126
0.0189474
0.0191619
0.0193574
0.0195349
0.0196957
0.0198405
0.0199703
0.0200854
0.0201865
0.0202735
0.0203464
0.0204046
0.0204477
0.0204755
0.0204948
0.0205542
0.0208851
0.0220541
0.0241611
0.0255432
0.0260023
0.0261033
0.0261265
0.0261406
0.0261567
0.0261765
0.0262
0.0262273
0.0262584
0.0262935
0.0263329
0.0263768
0.0264257
0.0264802
0.026541
0.0266088
0.026685
0.0267707
0.026868
0.0269794
0.0271083
0.02726
0.0274424
0.0276663
0.0279462
0.0282933
0.0286969
0.0291206
0.0295205
0.0298717
0.0301757
0.0304408
0.0306748
0.0308836
0.031071
0.0312399
0.0313923
0.0315298
0.0316535
0.0317645
0.0318639
0.0319525
0.032031
0.0321001
0.0321603
0.032212
0.0322554
0.0322906
0.0323172
0.032335
0.032343
0.0323388
0.0323083
0.0321883
0.0318292
0.0312342
0.0308775
0.0307827
0.030782
0.0308006
0.0308227
0.0308471
0.0308738
0.030903
0.0309347
0.030969
0.031006
0.0310456
0.031088
0.0311334
0.0311818
0.0312337
0.0312892
0.0313489
0.0314131
0.0314826
0.0315582
0.0316412
0.0317334
0.0318372
0.0319559
0.0320924
0.0322462
0.0324067
0.0325593
0.0326844
0.032778
0.0328454
0.0328926
0.0329238
0.0329422
0.0329498
0.0329481
0.0329382
0.0329212
0.032898
0.0328693
0.0328358
0.0327983
0.0327574
0.0327138
0.0326679
0.0326204
0.0325719
0.0325229
0.032474
0.0324257
0.0323788
0.0323339
0.0322918
0.0322529
0.0322204
0.0321928
0.0321592
0.0321169
0.0320662
0.032008
0.0319431
0.000688692
0.000690314
0.000691614
0.000692712
0.00069363
0.000694355
0.000695008
0.000696114
0.000697709
0.000699607
0.000701824
0.000704338
0.000707167
0.000710318
0.000713815
0.000717683
0.00072196
0.000726689
0.000731925
0.000737734
0.000744197
0.000751409
0.000759486
0.000768573
0.000778847
0.000790535
0.000803932
0.000819426
0.000837567
0.000859146
0.000885359
0.00091798
0.000959457
0.00101237
0.00107643
0.00114724
0.00121882
0.00128657
0.00134992
0.00140933
0.00146547
0.00151876
0.00156945
0.00161767
0.00166344
0.00170676
0.0017476
0.00178594
0.00182174
0.00185502
0.00188578
0.00191399
0.00193964
0.00196272
0.00198314
0.00200083
0.00201566
0.00202767
0.00203823
0.00205935
0.00217105
0.00274004
0.00464994
0.00802454
0.0102412
0.0109833
0.0111456
0.0111785
0.0111944
0.0112124
0.0112348
0.0112621
0.0112944
0.0113317
0.0113744
0.0114229
0.0114777
0.0115396
0.0116093
0.0116879
0.0117767
0.0118772
0.0119914
0.0121218
0.0122716
0.0124452
0.0126491
0.0128923
0.0131881
0.0135539
0.0140052
0.0145316
0.0150902
0.0156309
0.0161219
0.0165629
0.0169614
0.017325
0.0176591
0.0179673
0.0182522
0.0185154
0.0187584
0.0189822
0.0191878
0.0193761
0.019548
0.0197041
0.0198453
0.0199719
0.0200845
0.0201831
0.0202677
0.0203379
0.0203932
0.0204338
0.0204667
0.0205422
0.0208914
0.0220682
0.0241569
0.0255331
0.0259996
0.0261076
0.0261356
0.0261535
0.0261731
0.0261964
0.0262234
0.0262543
0.0262892
0.0263282
0.0263717
0.0264199
0.0264734
0.0265328
0.0265987
0.0266721
0.0267539
0.0268454
0.0269484
0.027065
0.0271982
0.0273522
0.0275332
0.0277497
0.028013
0.0283321
0.0286975
0.0290796
0.0294431
0.0297675
0.0300544
0.0303099
0.0305398
0.0307483
0.030938
0.0311111
0.031269
0.0314127
0.0315433
0.0316616
0.0317684
0.0318645
0.0319504
0.0320269
0.0320943
0.0321532
0.0322036
0.0322457
0.0322793
0.032304
0.0323189
0.0323212
0.0322958
0.0321785
0.0318224
0.0312347
0.0308808
0.030786
0.0307863
0.0308071
0.0308318
0.0308587
0.030888
0.0309196
0.0309538
0.0309904
0.0310297
0.0310716
0.0311162
0.0311638
0.0312145
0.0312685
0.0313261
0.0313877
0.0314536
0.0315245
0.0316009
0.031684
0.0317748
0.0318754
0.0319878
0.0321143
0.0322542
0.0323987
0.0325369
0.0326519
0.0327403
0.0328067
0.0328555
0.0328901
0.0329129
0.0329254
0.0329289
0.0329243
0.0329125
0.0328942
0.0328702
0.0328412
0.0328077
0.0327704
0.0327299
0.0326867
0.0326415
0.0325947
0.0325469
0.0324987
0.0324506
0.0324033
0.0323573
0.0323134
0.0322719
0.0322356
0.032203
0.0321651
0.0321195
0.0320661
0.0320059
0.0319394
0.000688676
0.000690376
0.000691755
0.000692955
0.000694022
0.000694967
0.000695913
0.000697293
0.000699127
0.000701265
0.00070372
0.000706481
0.000709567
0.000712991
0.000716782
0.000720969
0.000725595
0.000730707
0.000736366
0.000742643
0.000749625
0.00075741
0.00076612
0.000775903
0.000786938
0.000799445
0.000813706
0.000830076
0.00084904
0.000871266
0.000897722
0.000929808
0.000969423
0.00101863
0.00107714
0.00114131
0.00120639
0.00126882
0.00132824
0.00138491
0.00143922
0.00149139
0.0015415
0.00158956
0.00163554
0.00167934
0.00172093
0.00176021
0.00179714
0.0018317
0.00186384
0.00189355
0.0019208
0.00194555
0.00196773
0.00198726
0.00200404
0.00201818
0.00203145
0.00205757
0.00218131
0.00277136
0.00468421
0.0080107
0.0102143
0.0109727
0.0111481
0.0111878
0.011208
0.0112296
0.0112557
0.0112867
0.0113228
0.0113642
0.0114113
0.0114644
0.0115243
0.0115915
0.0116671
0.011752
0.0118476
0.0119553
0.012077
0.012215
0.0123721
0.012552
0.01276
0.0130032
0.0132917
0.0136387
0.0140564
0.0145362
0.0150429
0.0155365
0.0159921
0.0164097
0.0167943
0.0171508
0.0174828
0.0177922
0.0180808
0.0183496
0.0185994
0.0188311
0.0190452
0.0192425
0.0194236
0.0195892
0.0197399
0.0198762
0.0199983
0.0201066
0.020201
0.0202812
0.0203468
0.0203981
0.0204432
0.0205347
0.0209038
0.0220868
0.0241473
0.0255162
0.0259933
0.0261101
0.026143
0.0261642
0.0261869
0.026213
0.026243
0.026277
0.026315
0.0263573
0.0264043
0.0264562
0.0265137
0.0265773
0.0266476
0.0267256
0.0268123
0.0269089
0.0270168
0.027138
0.027275
0.027431
0.0276109
0.0278212
0.0280701
0.0283649
0.0286977
0.0290445
0.0293768
0.0296785
0.0299511
0.0301988
0.0304254
0.0306338
0.0308256
0.0310022
0.0311647
0.0313137
0.0314501
0.0315745
0.0316876
0.0317899
0.0318822
0.0319648
0.0320383
0.0321031
0.0321594
0.0322073
0.0322467
0.0322772
0.0322979
0.0323055
0.0322837
0.0321676
0.0318144
0.0312366
0.0308854
0.0307892
0.0307897
0.030812
0.0308388
0.0308679
0.0308993
0.030933
0.0309691
0.0310077
0.0310489
0.0310927
0.0311393
0.0311887
0.0312413
0.0312971
0.0313565
0.0314197
0.0314871
0.0315592
0.0316363
0.0317194
0.0318092
0.0319069
0.032014
0.0321319
0.0322599
0.0323908
0.0325165
0.0326228
0.0327069
0.0327723
0.0328225
0.03286
0.0328864
0.032903
0.0329109
0.0329107
0.0329032
0.0328891
0.032869
0.0328437
0.0328135
0.0327793
0.0327414
0.0327006
0.0326572
0.032612
0.0325653
0.0325178
0.0324699
0.0324224
0.0323756
0.0323303
0.0322869
0.0322474
0.0322106
0.0321691
0.0321205
0.0320649
0.032003
0.0319351
0.00068864
0.000690408
0.000691855
0.00069314
0.000694331
0.000695462
0.000696652
0.000698254
0.000700278
0.000702609
0.000705257
0.000708218
0.000711514
0.000715163
0.000719194
0.000723644
0.000728556
0.000733985
0.000739994
0.000746658
0.000754068
0.000762329
0.000771566
0.00078193
0.000793599
0.000806793
0.000821779
0.000838888
0.000858551
0.000881331
0.000908005
0.000939653
0.000977712
0.0010238
0.00107775
0.00113651
0.00119627
0.0012544
0.00131068
0.00136517
0.00141805
0.00146933
0.00151899
0.00156694
0.00161307
0.00165727
0.00169944
0.00173947
0.0017773
0.00181287
0.00184613
0.00187704
0.00190555
0.00193163
0.00195521
0.00197621
0.00199456
0.00201047
0.00202622
0.00205772
0.00219565
0.0028108
0.00472468
0.00798921
0.0101776
0.0109569
0.0111481
0.0111949
0.011219
0.0112437
0.0112727
0.0113068
0.011346
0.0113908
0.0114414
0.0114984
0.0115623
0.0116341
0.0117145
0.0118046
0.0119058
0.0120195
0.0121474
0.0122917
0.0124549
0.0126402
0.0128517
0.013095
0.0133775
0.0137088
0.0140985
0.01454
0.0150044
0.0154593
0.015886
0.0162848
0.0166583
0.0170093
0.0173397
0.0176502
0.0179419
0.0182152
0.0184706
0.0187086
0.0189296
0.0191341
0.0193227
0.019496
0.0196544
0.0197983
0.0199283
0.0200443
0.0201466
0.0202348
0.0203087
0.0203689
0.0204246
0.0205319
0.0209223
0.0221095
0.0241331
0.0254931
0.0259836
0.0261107
0.0261486
0.0261727
0.0261979
0.0262264
0.0262588
0.0262952
0.0263358
0.0263808
0.0264306
0.0264856
0.0265463
0.0266133
0.0266874
0.0267692
0.02686
0.0269607
0.0270727
0.0271978
0.0273379
0.0274958
0.0276749
0.02788
0.0281171
0.0283915
0.0286975
0.0290155
0.0293221
0.0296054
0.0298665
0.0301079
0.0303321
0.0305404
0.0307339
0.0309135
0.0310797
0.031233
0.0313741
0.0315035
0.0316216
0.031729
0.0318263
0.031914
0.0319924
0.032062
0.032123
0.0321756
0.0322197
0.0322549
0.0322802
0.0322918
0.0322723
0.0321557
0.0318054
0.0312397
0.0308912
0.0307925
0.0307921
0.0308154
0.0308439
0.0308747
0.0309077
0.030943
0.0309808
0.031021
0.0310637
0.031109
0.0311571
0.0312081
0.0312622
0.0313195
0.0313803
0.0314449
0.0315135
0.0315865
0.0316643
0.0317474
0.0318363
0.0319318
0.0320346
0.0321453
0.0322633
0.0323832
0.0324987
0.0325978
0.0326783
0.032743
0.0327943
0.032834
0.0328634
0.0328833
0.0328947
0.032898
0.032894
0.0328833
0.0328664
0.032844
0.0328166
0.0327848
0.0327491
0.0327102
0.0326684
0.0326244
0.0325787
0.0325318
0.0324842
0.0324364
0.0323891
0.0323428
0.032298
0.0322561
0.0322159
0.0321713
0.0321203
0.0320628
0.0319995
0.0319305
0.000688587
0.000690416
0.000691919
0.000693273
0.000694563
0.000695843
0.000697228
0.000699
0.000701168
0.000703647
0.000706444
0.000709561
0.00071302
0.000716843
0.000721063
0.000725718
0.000730856
0.000736533
0.000742817
0.000749786
0.000757535
0.000766172
0.000775826
0.000786649
0.000798823
0.000812563
0.000828129
0.000845831
0.000866056
0.000889287
0.000916147
0.000947458
0.000984281
0.00102789
0.00107827
0.00113283
0.00118843
0.00124323
0.00129709
0.00134993
0.00140173
0.00145235
0.00150167
0.00154953
0.00159578
0.00164027
0.00168289
0.0017235
0.00176201
0.00179835
0.00183245
0.00186427
0.00189375
0.00192085
0.0019455
0.00196763
0.00198718
0.00200451
0.00202254
0.00205983
0.00221388
0.00285728
0.00477012
0.00796128
0.0101323
0.0109363
0.0111456
0.0111999
0.0112275
0.0112546
0.011286
0.0113224
0.0113641
0.0114115
0.0114648
0.0115248
0.011592
0.0116673
0.0117515
0.0118457
0.0119513
0.0120697
0.0122025
0.0123518
0.0125199
0.0127095
0.0129239
0.0131674
0.0134452
0.0137642
0.0141316
0.0145432
0.0149746
0.0153991
0.0158033
0.0161876
0.0165527
0.0168996
0.0172288
0.0175403
0.0178344
0.0181112
0.0183709
0.0186137
0.01884
0.0190501
0.0192445
0.0194236
0.019588
0.0197379
0.0198738
0.0199959
0.0201042
0.0201985
0.0202788
0.020346
0.020411
0.0205337
0.0209461
0.0221356
0.024115
0.0254646
0.0259707
0.0261093
0.0261523
0.0261791
0.0262062
0.0262366
0.0262709
0.0263092
0.0263517
0.0263989
0.0264509
0.0265083
0.0265715
0.0266412
0.0267181
0.026803
0.0268969
0.0270009
0.0271162
0.0272444
0.0273871
0.0275464
0.027725
0.0279261
0.0281537
0.0284121
0.0286972
0.0289927
0.0292791
0.029548
0.0298003
0.030037
0.0302592
0.0304676
0.0306625
0.0308443
0.0310134
0.0311702
0.0313149
0.031448
0.03157
0.0316814
0.0317826
0.0318741
0.0319564
0.0320297
0.0320944
0.0321506
0.0321983
0.0322371
0.0322658
0.0322802
0.0322615
0.0321432
0.0317958
0.0312438
0.0308981
0.0307958
0.0307938
0.0308175
0.0308471
0.0308792
0.0309135
0.0309501
0.030989
0.0310304
0.0310743
0.0311209
0.0311701
0.0312223
0.0312776
0.031336
0.031398
0.0314636
0.0315332
0.031607
0.0316853
0.0317684
0.0318566
0.0319503
0.0320496
0.0321547
0.0322648
0.0323761
0.0324837
0.0325771
0.0326547
0.0327188
0.032771
0.0328125
0.0328442
0.0328667
0.0328807
0.0328868
0.0328854
0.0328773
0.0328629
0.0328428
0.0328175
0.0327876
0.0327536
0.0327161
0.0326756
0.0326327
0.0325877
0.0325413
0.0324939
0.0324461
0.0323984
0.0323514
0.0323055
0.0322619
0.032219
0.0321719
0.032119
0.0320601
0.0319956
0.0319256
0.000688525
0.000690404
0.000691953
0.000693359
0.000694725
0.000696119
0.000697649
0.000699543
0.000701814
0.000704399
0.000707304
0.000710535
0.000714114
0.000718065
0.000722423
0.000727229
0.000732533
0.000738393
0.00074488
0.000752075
0.000760075
0.000768991
0.000778955
0.000790121
0.000802671
0.00081682
0.000832819
0.000850967
0.000871619
0.000895195
0.000922203
0.000953271
0.000989178
0.00103093
0.0010787
0.00113021
0.00118274
0.0012351
0.00128722
0.00133887
0.00138988
0.00144003
0.0014891
0.0015369
0.00158324
0.00162795
0.00167088
0.0017119
0.0017509
0.00178779
0.0018225
0.00185497
0.00188515
0.00191298
0.0019384
0.00196134
0.00198178
0.00200022
0.00202036
0.00206378
0.00223539
0.00290903
0.00481874
0.00792854
0.0100804
0.0109116
0.0111406
0.0112029
0.0112336
0.0112627
0.0112957
0.0113338
0.0113774
0.0114266
0.011482
0.0115442
0.0116138
0.0116916
0.0117786
0.0118759
0.0119848
0.0121066
0.0122431
0.0123961
0.0125678
0.0127606
0.0129773
0.013221
0.0134954
0.0138052
0.0141559
0.0145457
0.0149531
0.0153551
0.0157428
0.0161165
0.0164756
0.0168195
0.0171479
0.0174601
0.017756
0.0180353
0.0182981
0.0185445
0.0187746
0.0189888
0.0191874
0.0193708
0.0195394
0.0196937
0.0198339
0.0199603
0.020073
0.0201718
0.0202567
0.0203293
0.0204022
0.0205397
0.0209741
0.0221641
0.0240939
0.025432
0.025955
0.0261062
0.0261544
0.0261834
0.0262121
0.0262438
0.0262794
0.0263191
0.0263631
0.0264118
0.0264655
0.0265246
0.0265897
0.0266614
0.0267404
0.0268276
0.0269239
0.0270303
0.027148
0.0272784
0.0274231
0.0275835
0.0277617
0.0279599
0.0281806
0.0284269
0.0286968
0.0289759
0.0292474
0.0295057
0.0297514
0.0299848
0.0302057
0.0304141
0.0306101
0.0307936
0.0309648
0.0311239
0.0312713
0.0314072
0.0315321
0.0316463
0.0317504
0.0318447
0.0319297
0.0320057
0.032073
0.0321319
0.0321821
0.0322235
0.0322547
0.0322708
0.0322515
0.0321304
0.0317858
0.0312487
0.0309058
0.0307991
0.0307947
0.0308183
0.0308486
0.0308816
0.0309169
0.0309544
0.0309942
0.0310365
0.0310812
0.0311286
0.0311788
0.0312318
0.0312879
0.0313472
0.03141
0.0314764
0.0315467
0.0316211
0.0316997
0.0317829
0.0318706
0.0319629
0.0320597
0.0321606
0.0322649
0.0323699
0.0324715
0.0325607
0.0326363
0.0327
0.0327529
0.0327956
0.032829
0.0328533
0.0328693
0.0328773
0.0328779
0.0328717
0.032859
0.0328406
0.0328168
0.0327883
0.0327556
0.0327192
0.0326796
0.0326374
0.032593
0.0325469
0.0324997
0.0324519
0.032404
0.0323565
0.03231
0.0322651
0.0322203
0.0321713
0.0321168
0.0320568
0.0319915
0.0319209
0.00068846
0.000690379
0.000691962
0.000693407
0.000694826
0.0006963
0.000697932
0.000699905
0.000702242
0.000704898
0.000707875
0.000711182
0.000714841
0.000718879
0.00072333
0.000728238
0.000733653
0.000739638
0.000746263
0.000753611
0.000761781
0.000770887
0.000781062
0.000792463
0.000805271
0.0008197
0.000835998
0.000854455
0.000875402
0.00089922
0.000926339
0.00095725
0.000992536
0.00103302
0.00107904
0.00112851
0.00117896
0.00122969
0.00128063
0.00133149
0.00138199
0.00143182
0.00148074
0.00152849
0.00157489
0.00161973
0.00166287
0.00170416
0.00174348
0.00178073
0.00181585
0.00184875
0.00187939
0.0019077
0.00193362
0.0019571
0.00197814
0.00199742
0.0020195
0.0020692
0.00225898
0.00296318
0.004868
0.00789327
0.0100253
0.0108843
0.0111337
0.011204
0.0112375
0.0112681
0.0113023
0.0113415
0.0113862
0.0114368
0.0114935
0.0115572
0.0116284
0.011708
0.0117969
0.0118962
0.0120073
0.0121315
0.0122705
0.0124261
0.0126003
0.0127953
0.0130135
0.0132574
0.0135296
0.0138331
0.0141725
0.0145476
0.0149389
0.0153256
0.0157022
0.0160688
0.0164238
0.0167658
0.0170937
0.0174064
0.0177035
0.0179845
0.0182494
0.0184981
0.0187308
0.0189477
0.0191491
0.0193353
0.0195068
0.0196639
0.019807
0.0199363
0.0200518
0.0201536
0.0202417
0.0203182
0.0203976
0.020549
0.0210047
0.0221932
0.0240713
0.0253974
0.0259377
0.0261016
0.026155
0.026186
0.0262157
0.0262484
0.0262849
0.0263255
0.0263705
0.0264202
0.026475
0.0265353
0.0266016
0.0266747
0.0267551
0.0268438
0.0269417
0.0270498
0.0271692
0.0273012
0.0274472
0.0276084
0.0277864
0.0279826
0.0281985
0.0284366
0.0286963
0.0289644
0.0292257
0.0294769
0.0297183
0.0299494
0.0301694
0.0303779
0.0305746
0.0307592
0.0309318
0.0310926
0.0312417
0.0313795
0.0315063
0.0316224
0.0317284
0.0318245
0.0319114
0.0319892
0.0320583
0.0321189
0.0321708
0.0322139
0.0322465
0.0322633
0.0322427
0.0321179
0.0317759
0.031254
0.0309139
0.0308023
0.0307951
0.0308182
0.0308489
0.0308825
0.0309183
0.0309564
0.0309968
0.0310397
0.031085
0.031133
0.0311837
0.0312373
0.031294
0.0313539
0.0314172
0.0314842
0.0315549
0.0316297
0.0317086
0.0317917
0.0318791
0.0319706
0.0320656
0.0321636
0.0322638
0.0323647
0.0324623
0.0325486
0.0326228
0.0326862
0.0327395
0.0327832
0.0328176
0.0328433
0.0328605
0.0328698
0.0328717
0.0328667
0.0328553
0.0328379
0.0328152
0.0327876
0.0327557
0.03272
0.0326811
0.0326393
0.0325953
0.0325495
0.0325025
0.0324546
0.0324066
0.0323588
0.0323119
0.0322662
0.0322201
0.0321698
0.0321143
0.0320535
0.0319876
0.0319165
0.000688399
0.000690348
0.000691956
0.000693425
0.000694879
0.000696403
0.000698096
0.000700115
0.000702489
0.000705185
0.000708205
0.000711557
0.000715263
0.000719351
0.000723858
0.000728826
0.000734308
0.000740367
0.000747074
0.000754514
0.000762786
0.000772006
0.000782308
0.000793849
0.000806812
0.00082141
0.000837891
0.000856535
0.000877663
0.000901632
0.000928824
0.000959649
0.000994572
0.0010343
0.00107929
0.00112757
0.00117678
0.00122654
0.00127679
0.00132719
0.00137738
0.00142703
0.00147585
0.00152358
0.00157
0.00161493
0.00165818
0.00169962
0.00173912
0.00177659
0.00181193
0.00184508
0.00187598
0.00190457
0.00193079
0.00195458
0.00197599
0.00199588
0.00201968
0.00207539
0.00228259
0.00301537
0.00491425
0.0078587
0.00997161
0.0108569
0.0111259
0.0112037
0.0112397
0.0112712
0.0113061
0.0113461
0.0113915
0.0114427
0.0115003
0.0115649
0.011637
0.0117176
0.0118077
0.0119083
0.0120207
0.0121463
0.0122868
0.0124439
0.0126196
0.012816
0.0130352
0.0132792
0.0135501
0.0138499
0.0141825
0.0145489
0.0149308
0.0153084
0.0156784
0.0160408
0.0163934
0.0167343
0.0170618
0.0173748
0.0176725
0.0179546
0.0182207
0.0184708
0.018705
0.0189234
0.0191264
0.0193143
0.0194875
0.0196463
0.019791
0.019922
0.0200392
0.0201427
0.0202326
0.0203117
0.0203965
0.0205602
0.021035
0.0222208
0.0240493
0.0253636
0.0259202
0.0260963
0.0261545
0.0261871
0.0262176
0.0262508
0.0262879
0.0263291
0.0263746
0.0264249
0.0264803
0.0265413
0.0266084
0.0266823
0.0267636
0.0268532
0.0269521
0.0270611
0.0271815
0.0273145
0.0274613
0.027623
0.0278009
0.0279959
0.028209
0.0284422
0.0286958
0.0289575
0.0292127
0.0294597
0.0296986
0.0299283
0.0301478
0.0303563
0.0305534
0.0307387
0.0309121
0.0310739
0.031224
0.0313628
0.0314907
0.031608
0.031715
0.0318123
0.0319002
0.0319791
0.0320492
0.0321108
0.0321637
0.0322077
0.0322411
0.0322578
0.0322351
0.0321064
0.0317667
0.0312593
0.0309218
0.0308054
0.0307951
0.0308174
0.0308482
0.0308822
0.0309184
0.0309568
0.0309976
0.0310407
0.0310864
0.0311347
0.0311858
0.0312397
0.0312968
0.031357
0.0314206
0.0314879
0.0315589
0.0316339
0.031713
0.0317961
0.0318833
0.0319742
0.0320682
0.0321644
0.0322623
0.0323608
0.0324559
0.0325404
0.0326138
0.0326771
0.0327307
0.0327748
0.0328099
0.0328363
0.0328543
0.0328644
0.032867
0.0328627
0.032852
0.0328353
0.0328131
0.0327861
0.0327547
0.0327194
0.0326808
0.0326394
0.0325956
0.0325499
0.032503
0.0324552
0.032407
0.0323591
0.032312
0.0322659
0.0322189
0.0321678
0.0321116
0.0320503
0.0319841
0.0319127
0.000688349
0.000690319
0.000691942
0.000693425
0.000694897
0.000696446
0.00069817
0.000700209
0.0007026
0.000705314
0.000708353
0.000711726
0.000715454
0.000719566
0.000724099
0.000729096
0.00073461
0.000740704
0.00074745
0.000754934
0.000763255
0.000772529
0.000782892
0.000794501
0.00080754
0.000822221
0.00083879
0.000857526
0.000878745
0.00090279
0.000930023
0.000960815
0.000995576
0.00103495
0.00107946
0.00112717
0.0011758
0.0012251
0.00127503
0.00132521
0.00137526
0.00142482
0.00147359
0.0015213
0.00156774
0.00161269
0.001656
0.00169751
0.00173709
0.00177465
0.0018101
0.00184336
0.00187438
0.00190309
0.00192944
0.00195337
0.00197497
0.00199527
0.00202044
0.00208123
0.00230304
0.00305925
0.00495237
0.00782933
0.00992613
0.0108331
0.0111185
0.0112027
0.0112405
0.0112726
0.0113079
0.0113482
0.0113939
0.0114455
0.0115035
0.0115685
0.0116411
0.0117222
0.0118128
0.0119139
0.012027
0.0121533
0.0122945
0.0124524
0.0126288
0.0128258
0.0130455
0.0132896
0.0135599
0.0138581
0.0141874
0.0145497
0.0149272
0.0153004
0.0156673
0.0160277
0.0163792
0.0167195
0.0170469
0.01736
0.0176581
0.0179406
0.0182073
0.018458
0.0186928
0.018912
0.0191157
0.0193044
0.0194783
0.0196379
0.0197834
0.0199151
0.0200331
0.0201374
0.0202283
0.0203089
0.0203975
0.0205709
0.0210609
0.0222437
0.0240306
0.0253351
0.0259051
0.0260913
0.0261535
0.0261873
0.0262182
0.0262517
0.026289
0.0263305
0.0263763
0.0264269
0.0264826
0.0265439
0.0266114
0.0266856
0.0267673
0.0268574
0.0269567
0.0270662
0.0271871
0.0273206
0.0274677
0.0276297
0.0278076
0.0280021
0.0282139
0.0284447
0.0286955
0.028954
0.0292064
0.0294514
0.029689
0.0299181
0.0301374
0.030346
0.0305432
0.0307288
0.0309026
0.0310648
0.0312154
0.0313547
0.0314831
0.0316009
0.0317084
0.0318062
0.0318946
0.031974
0.0320446
0.0321066
0.03216
0.0322043
0.0322379
0.0322542
0.0322294
0.0320972
0.0317594
0.0312639
0.0309284
0.0308079
0.030795
0.0308165
0.0308472
0.0308813
0.0309176
0.0309562
0.0309971
0.0310405
0.0310863
0.0311348
0.031186
0.0312401
0.0312973
0.0313577
0.0314215
0.0314889
0.03156
0.0316351
0.0317143
0.0317974
0.0318845
0.0319751
0.0320686
0.032164
0.0322607
0.0323581
0.032452
0.0325356
0.0326087
0.0326719
0.0327256
0.03277
0.0328054
0.0328321
0.0328504
0.0328608
0.0328638
0.0328599
0.0328494
0.032833
0.0328112
0.0327844
0.0327532
0.0327181
0.0326797
0.0326384
0.0325947
0.0325492
0.0325022
0.0324544
0.0324062
0.0323583
0.032311
0.0322647
0.0322173
0.0321658
0.0321093
0.0320478
0.0319814
0.0319099
0.00068832
0.0006903
0.00069193
0.000693419
0.000694896
0.000696454
0.000698187
0.000700232
0.000702627
0.000705346
0.00070839
0.000711768
0.000715503
0.000719621
0.000724161
0.000729166
0.00073469
0.000740793
0.000747551
0.000755047
0.000763383
0.000772673
0.000783054
0.000794683
0.000807745
0.00082245
0.000839046
0.000857811
0.000879058
0.000903129
0.000930377
0.000961167
0.000995894
0.00103518
0.00107954
0.00112708
0.00117555
0.00122473
0.00127457
0.00132469
0.0013747
0.00142424
0.00147299
0.0015207
0.00156713
0.00161209
0.00165541
0.00169693
0.00173654
0.00177412
0.00180959
0.00184288
0.00187393
0.00190267
0.00192906
0.00195303
0.00197469
0.00199518
0.00202117
0.00208511
0.00231594
0.00308631
0.00497549
0.00781117
0.00989796
0.0108181
0.0111136
0.0112017
0.0112406
0.011273
0.0113084
0.0113488
0.0113946
0.0114463
0.0115044
0.0115694
0.0116422
0.0117234
0.0118142
0.0119155
0.0120287
0.0121553
0.0122967
0.0124548
0.0126314
0.0128287
0.0130484
0.0132926
0.0135628
0.0138606
0.0141891
0.0145501
0.0149262
0.0152982
0.0156643
0.0160242
0.0163753
0.0167155
0.0170428
0.017356
0.0176541
0.0179367
0.0182035
0.0184544
0.0186895
0.0189088
0.0191127
0.0193016
0.0194757
0.0196355
0.0197812
0.0199131
0.0200313
0.0201358
0.0202269
0.0203082
0.0203989
0.0205782
0.0210771
0.0222576
0.0240191
0.0253174
0.0258955
0.026088
0.0261525
0.0261871
0.0262182
0.0262518
0.0262892
0.0263307
0.0263766
0.0264273
0.0264831
0.0265445
0.026612
0.0266864
0.0267682
0.0268584
0.0269578
0.0270675
0.0271886
0.0273221
0.0274694
0.0276315
0.0278093
0.0280037
0.0282152
0.0284454
0.0286953
0.0289529
0.0292044
0.0294489
0.0296863
0.0299152
0.0301344
0.0303429
0.0305402
0.0307258
0.0308998
0.0310621
0.0312128
0.0313523
0.0314808
0.0315987
0.0317064
0.0318043
0.0318928
0.0319723
0.032043
0.0321051
0.0321586
0.0322031
0.0322366
0.0322524
0.0322261
0.0320917
0.0317549
0.0312668
0.0309325
0.0308095
0.0307948
0.0308157
0.0308464
0.0308804
0.0309168
0.0309555
0.0309964
0.0310398
0.0310857
0.0311342
0.0311855
0.0312396
0.0312969
0.0313573
0.0314211
0.0314886
0.0315598
0.0316349
0.031714
0.0317972
0.0318843
0.0319748
0.0320681
0.0321633
0.0322597
0.0323567
0.0324503
0.0325337
0.0326066
0.0326698
0.0327235
0.032768
0.0328034
0.0328302
0.0328486
0.0328592
0.0328623
0.0328584
0.032848
0.0328317
0.0328099
0.0327832
0.0327521
0.0327171
0.0326787
0.0326374
0.0325937
0.0325482
0.0325013
0.0324535
0.0324053
0.0323573
0.0323101
0.0322637
0.0322161
0.0321645
0.0321079
0.0320463
0.0319798
0.0319083
0.0318874
0.0318442
0.0317989
0.0317514
0.0317016
0.0316495
0.031595
0.0315381
0.0314786
0.0314164
0.0313516
0.031284
0.0312136
0.0311404
0.0310644
0.0309856
0.0309039
0.0308197
0.0307328
0.0306435
0.030552
0.0304585
0.0303632
0.0302666
0.030169
0.0300708
0.0299725
0.0298749
0.0297785
0.0296842
0.0295929
0.0295055
0.0294232
0.029347
0.0292782
0.029218
0.0291678
0.0291286
0.0291017
0.0290879
0.0318825
0.0318386
0.0317927
0.0317446
0.0316943
0.0316417
0.0315867
0.0315293
0.0314694
0.0314068
0.0313416
0.0312737
0.031203
0.0311295
0.0310532
0.0309741
0.0308923
0.0308078
0.0307207
0.0306313
0.0305397
0.0304461
0.0303509
0.0302542
0.0301567
0.0300586
0.0299605
0.0298631
0.0297671
0.0296732
0.0295823
0.0294954
0.0294135
0.0293379
0.0292697
0.0292101
0.0291604
0.0291218
0.0290953
0.0290817
0.0318772
0.0318328
0.0317863
0.0317377
0.031687
0.0316339
0.0315786
0.0315208
0.0314605
0.0313976
0.0313321
0.0312639
0.0311929
0.0311192
0.0310427
0.0309633
0.0308813
0.0307967
0.0307095
0.03062
0.0305283
0.0304347
0.0303394
0.0302428
0.0301454
0.0300474
0.0299496
0.0298524
0.0297566
0.0296631
0.0295726
0.0294862
0.0294048
0.0293297
0.0292621
0.029203
0.0291539
0.0291156
0.0290894
0.0290761
0.0318718
0.0318269
0.03178
0.031731
0.0316798
0.0316265
0.0315708
0.0315127
0.0314521
0.031389
0.0313232
0.0312548
0.0311836
0.0311096
0.0310329
0.0309534
0.0308713
0.0307865
0.0306992
0.0306097
0.0305179
0.0304243
0.030329
0.0302325
0.0301351
0.0300373
0.0299397
0.0298427
0.0297473
0.029654
0.0295639
0.0294779
0.0293971
0.0293224
0.0292553
0.0291967
0.029148
0.0291102
0.0290843
0.0290711
0.0318664
0.0318211
0.0317738
0.0317245
0.0316731
0.0316195
0.0315635
0.0315052
0.0314444
0.0313811
0.0313151
0.0312465
0.0311751
0.031101
0.0310241
0.0309445
0.0308623
0.0307774
0.0306901
0.0306004
0.0305087
0.030415
0.0303198
0.0302234
0.0301261
0.0300284
0.0299309
0.0298342
0.029739
0.0296461
0.0295563
0.0294707
0.0293903
0.0293161
0.0292494
0.0291913
0.029143
0.0291055
0.0290799
0.0290669
0.0318612
0.0318156
0.0317681
0.0317186
0.0316669
0.0316131
0.0315569
0.0314984
0.0314375
0.031374
0.0313079
0.0312391
0.0311676
0.0310934
0.0310164
0.0309367
0.0308544
0.0307695
0.0306821
0.0305924
0.0305007
0.0304071
0.0303119
0.0302155
0.0301183
0.0300208
0.0299234
0.0298269
0.029732
0.0296393
0.0295499
0.0294646
0.0293845
0.0293107
0.0292444
0.0291867
0.0291387
0.0291016
0.0290762
0.0290633
0.0318565
0.0318107
0.0317631
0.0317133
0.0316615
0.0316075
0.0315513
0.0314926
0.0314316
0.0313679
0.0313017
0.0312329
0.0311613
0.031087
0.0310099
0.0309302
0.0308478
0.0307628
0.0306754
0.0305858
0.030494
0.0304004
0.0303053
0.030209
0.0301119
0.0300145
0.0299173
0.029821
0.0297262
0.0296338
0.0295446
0.0294596
0.0293798
0.0293063
0.0292403
0.0291829
0.0291353
0.0290984
0.0290732
0.0290605
0.0318525
0.0318066
0.0317589
0.031709
0.0316571
0.0316031
0.0315467
0.031488
0.0314268
0.0313631
0.0312968
0.0312279
0.0311563
0.0310819
0.0310048
0.0309251
0.0308426
0.0307577
0.0306703
0.0305806
0.0304889
0.0303953
0.0303002
0.030204
0.0301069
0.0300096
0.0299126
0.0298164
0.0297217
0.0296295
0.0295405
0.0294557
0.0293762
0.029303
0.0292373
0.0291801
0.0291327
0.029096
0.029071
0.0290583
0.0318495
0.0318036
0.0317558
0.0317059
0.031654
0.0315998
0.0315434
0.0314847
0.0314235
0.0313597
0.0312934
0.0312244
0.0311528
0.0310784
0.0310013
0.0309215
0.0308391
0.0307541
0.0306667
0.030577
0.0304853
0.0303918
0.0302967
0.0302005
0.0301035
0.0300063
0.0299093
0.0298132
0.0297187
0.0296266
0.0295378
0.0294532
0.0293738
0.0293008
0.0292352
0.0291782
0.029131
0.0290944
0.0290695
0.0290569
0.0318479
0.031802
0.0317541
0.0317043
0.0316523
0.0315981
0.0315417
0.0314829
0.0314217
0.031358
0.0312916
0.0312226
0.0311509
0.0310766
0.0309994
0.0309196
0.0308372
0.0307522
0.0306648
0.0305752
0.0304835
0.03039
0.0302949
0.0301988
0.0301018
0.0300046
0.0299077
0.0298116
0.0297172
0.0296252
0.0295364
0.0294518
0.0293726
0.0292996
0.0292342
0.0291773
0.0291301
0.0290936
0.0290688
0.0290562
)
;

boundaryField
{
    In
    {
        type            fixedValue;
        value           uniform 0;
    }
    Out
    {
        type            zeroGradient;
    }
    Bottom
    {
        type            zeroGradient;
    }
    Top
    {
        type            zeroGradient;
    }
    DefaultFaces
    {
        type            empty;
    }
}


// ************************************************************************* //
