/*--------------------------------*- C++ -*----------------------------------*\
  =========                 |
  \\      /  F ield         | OpenFOAM: The Open Source CFD Toolbox
   \\    /   O peration     | Website:  https://openfoam.org
    \\  /    A nd           | Version:  10
     \\/     M anipulation  |
\*---------------------------------------------------------------------------*/
FoamFile
{
    format      ascii;
    class       volScalarField;
    location    "5.000001";
    object      c_Bot_P3_L;
}
// * * * * * * * * * * * * * * * * * * * * * * * * * * * * * * * * * * * * * //

dimensions      [0 0 0 0 0 0 0];

internalField   nonuniform List<scalar> 
44800
(
2.70925e-08
9.17651e-08
1.68425e-07
2.5888e-07
3.64824e-07
4.87883e-07
6.29607e-07
7.91405e-07
9.74479e-07
1.17974e-06
1.40773e-06
1.65852e-06
1.93166e-06
2.2261e-06
2.54013e-06
2.8714e-06
3.21691e-06
3.57307e-06
3.93578e-06
4.30057e-06
4.66278e-06
5.01767e-06
5.36071e-06
5.68771e-06
5.99502e-06
6.2797e-06
6.53958e-06
6.77333e-06
6.9805e-06
7.16142e-06
7.31714e-06
7.44928e-06
7.55992e-06
7.65141e-06
7.72626e-06
7.78696e-06
7.83592e-06
7.87537e-06
7.90726e-06
7.9333e-06
2.67977e-08
9.09787e-08
1.67387e-07
2.57663e-07
3.63448e-07
4.86365e-07
6.27963e-07
7.89656e-07
9.72652e-07
1.17787e-06
1.40586e-06
1.65669e-06
1.92993e-06
2.22452e-06
2.53877e-06
2.87031e-06
3.21613e-06
3.57265e-06
3.93576e-06
4.30096e-06
4.66358e-06
5.01887e-06
5.36227e-06
5.68959e-06
5.99717e-06
6.28204e-06
6.54202e-06
6.77582e-06
6.98296e-06
7.16379e-06
7.31936e-06
7.45133e-06
7.56176e-06
7.65304e-06
7.72767e-06
7.78817e-06
7.83694e-06
7.87621e-06
7.90796e-06
7.93389e-06
2.63675e-08
8.97596e-08
1.65647e-07
2.5553e-07
3.6098e-07
4.836e-07
6.24938e-07
7.86416e-07
9.69252e-07
1.17438e-06
1.40235e-06
1.65327e-06
1.92669e-06
2.22157e-06
2.53622e-06
2.86827e-06
3.2147e-06
3.57191e-06
3.93576e-06
4.30176e-06
4.66515e-06
5.0212e-06
5.36529e-06
5.69321e-06
6.00127e-06
6.28648e-06
6.54668e-06
6.78054e-06
6.98761e-06
7.16826e-06
7.32356e-06
7.45517e-06
7.56522e-06
7.65608e-06
7.7303e-06
7.7904e-06
7.83881e-06
7.87775e-06
7.90922e-06
7.93491e-06
2.5884e-08
8.83221e-08
1.63462e-07
2.5274e-07
3.5767e-07
4.79834e-07
6.20776e-07
7.81926e-07
9.64517e-07
1.1695e-06
1.39744e-06
1.64847e-06
1.92214e-06
2.21743e-06
2.53265e-06
2.86542e-06
3.21273e-06
3.57092e-06
3.93584e-06
4.30294e-06
4.66746e-06
5.02457e-06
5.36964e-06
5.6984e-06
6.00713e-06
6.29283e-06
6.5533e-06
6.78724e-06
6.9942e-06
7.17457e-06
7.32946e-06
7.46057e-06
7.57004e-06
7.66031e-06
7.73393e-06
7.79347e-06
7.84135e-06
7.87983e-06
7.9109e-06
7.93625e-06
2.53908e-08
8.6796e-08
1.61018e-07
2.49502e-07
3.53739e-07
4.75292e-07
6.15702e-07
7.76411e-07
9.58669e-07
1.16345e-06
1.39134e-06
1.64248e-06
1.91647e-06
2.21228e-06
2.52821e-06
2.8619e-06
3.2103e-06
3.56974e-06
3.93601e-06
4.30453e-06
4.67045e-06
5.02891e-06
5.3752e-06
5.70501e-06
6.01457e-06
6.30086e-06
6.56167e-06
6.79568e-06
7.00248e-06
7.18248e-06
7.33683e-06
7.46728e-06
7.57602e-06
7.66552e-06
7.73839e-06
7.7972e-06
7.84442e-06
7.8823e-06
7.91286e-06
7.93778e-06
2.49097e-08
8.5257e-08
1.58446e-07
2.45985e-07
3.49372e-07
4.70167e-07
6.09916e-07
7.70073e-07
9.51911e-07
1.15642e-06
1.38424e-06
1.63551e-06
1.90986e-06
2.20626e-06
2.52305e-06
2.85782e-06
3.20752e-06
3.56843e-06
3.93631e-06
4.30649e-06
4.67408e-06
5.03412e-06
5.38186e-06
5.7129e-06
6.02343e-06
6.31039e-06
6.57156e-06
6.80564e-06
7.01221e-06
7.19175e-06
7.34544e-06
7.47509e-06
7.58294e-06
7.67152e-06
7.74348e-06
7.80143e-06
7.84786e-06
7.88504e-06
7.91498e-06
7.93937e-06
2.44505e-08
8.3748e-08
1.55836e-07
2.42314e-07
3.44721e-07
4.64628e-07
6.03595e-07
7.63096e-07
9.44427e-07
1.14862e-06
1.37632e-06
1.62772e-06
1.90246e-06
2.19954e-06
2.51728e-06
2.85328e-06
3.20446e-06
3.56705e-06
3.93675e-06
4.30883e-06
4.6783e-06
5.04014e-06
5.3895e-06
5.72192e-06
6.03353e-06
6.32123e-06
6.58279e-06
6.8169e-06
7.02319e-06
7.20216e-06
7.35508e-06
7.48379e-06
7.59062e-06
7.67814e-06
7.74905e-06
7.80601e-06
7.85154e-06
7.88792e-06
7.91715e-06
7.94094e-06
2.40164e-08
8.22915e-08
1.53248e-07
2.38586e-07
3.39909e-07
4.58817e-07
5.96894e-07
7.55641e-07
9.36386e-07
1.14019e-06
1.36774e-06
1.61926e-06
1.89442e-06
2.19224e-06
2.51103e-06
2.84839e-06
3.20119e-06
3.56563e-06
3.93735e-06
4.31152e-06
4.68308e-06
5.04689e-06
5.39803e-06
5.73195e-06
6.04473e-06
6.33321e-06
6.59515e-06
6.82926e-06
7.0352e-06
7.21352e-06
7.36554e-06
7.49319e-06
7.59886e-06
7.6852e-06
7.75494e-06
7.81081e-06
7.85534e-06
7.89082e-06
7.91928e-06
7.94238e-06
2.36076e-08
8.08981e-08
1.5072e-07
2.34872e-07
3.35034e-07
4.52852e-07
5.89947e-07
7.47853e-07
9.27936e-07
1.13129e-06
1.35866e-06
1.61029e-06
1.88589e-06
2.18448e-06
2.50439e-06
2.84321e-06
3.19778e-06
3.56423e-06
3.93812e-06
4.31456e-06
4.68835e-06
5.05429e-06
5.40734e-06
5.74286e-06
6.05686e-06
6.34615e-06
6.60847e-06
6.84254e-06
7.04805e-06
7.22563e-06
7.37664e-06
7.50312e-06
7.60752e-06
7.69255e-06
7.76104e-06
7.81571e-06
7.85915e-06
7.89367e-06
7.92128e-06
7.94362e-06
2.32225e-08
7.95714e-08
1.48276e-07
2.31221e-07
3.3017e-07
4.4683e-07
5.82865e-07
7.39855e-07
9.19208e-07
1.12207e-06
1.34921e-06
1.60094e-06
1.87697e-06
2.17638e-06
2.49748e-06
2.83785e-06
3.19428e-06
3.56286e-06
3.93907e-06
4.31791e-06
4.69409e-06
5.06227e-06
5.41732e-06
5.75452e-06
6.06979e-06
6.3599e-06
6.62258e-06
6.85656e-06
7.06158e-06
7.23831e-06
7.38822e-06
7.51342e-06
7.61644e-06
7.70008e-06
7.7672e-06
7.82061e-06
7.86289e-06
7.89638e-06
7.92307e-06
7.9446e-06
7.96286e-06
7.99207e-06
8.01698e-06
8.04007e-06
8.06295e-06
8.08683e-06
8.11305e-06
8.14367e-06
8.17933e-06
8.21975e-06
8.26493e-06
8.31506e-06
8.37047e-06
8.43161e-06
8.49908e-06
8.57357e-06
8.65595e-06
8.74724e-06
8.84863e-06
8.96157e-06
9.08775e-06
9.22916e-06
9.38821e-06
9.56772e-06
9.77106e-06
1.00022e-05
1.0266e-05
1.05679e-05
1.09145e-05
1.13131e-05
1.17719e-05
1.22998e-05
1.29069e-05
1.36083e-05
1.4418e-05
1.53063e-05
1.62354e-05
1.72035e-05
1.82109e-05
1.92516e-05
2.03184e-05
2.14043e-05
2.25026e-05
2.36069e-05
2.47109e-05
2.58085e-05
2.68936e-05
2.79601e-05
2.90021e-05
3.00141e-05
3.09903e-05
3.19257e-05
3.28149e-05
3.3653e-05
3.44355e-05
3.51627e-05
3.58653e-05
3.67478e-05
3.89255e-05
4.77181e-05
8.41458e-05
0.000208818
0.000515795
0.000976781
0.00131608
0.00146588
0.00151433
0.0015293
0.00153654
0.00154299
0.0015502
0.00155852
0.00156808
0.00157899
0.00159139
0.00160548
0.00162147
0.00163965
0.00166034
0.00168394
0.00171094
0.0017419
0.00177751
0.0018186
0.00186614
0.00192127
0.00198527
0.00205962
0.0021459
0.00224594
0.00236241
0.00249778
0.00264714
0.00280434
0.00296914
0.00314158
0.00332061
0.00350497
0.00369342
0.00388476
0.00407783
0.0042715
0.00446462
0.00465608
0.00484476
0.00502956
0.00520943
0.00538332
0.00555025
0.00570923
0.00585933
0.00599972
0.0061306
0.00625841
0.00642525
0.00685979
0.00865142
0.0161022
0.0416209
0.10459
0.20029
0.255182
0.270039
0.268061
0.262352
0.256705
0.251658
0.247082
0.242811
0.238725
0.234745
0.230814
0.226892
0.222947
0.21895
0.214881
0.210716
0.206434
0.202014
0.197435
0.192672
0.187696
0.182469
0.176929
0.170962
0.164314
0.156367
0.145563
0.128098
0.119445
0.114485
0.11116
0.108632
0.106553
0.104766
0.103191
0.101783
0.100514
0.0993647
0.0983207
0.0973708
0.0965059
0.0957182
0.0950013
0.0943496
0.0937581
0.0932225
0.0927396
0.0923064
0.091921
0.0915822
0.0912882
0.0910299
0.0907604
0.0902889
0.0890608
0.0862179
0.0820219
0.0789668
0.0776381
0.0772271
0.0771203
0.0770868
0.0770647
0.0770407
0.077012
0.0769779
0.076938
0.0768917
0.0768385
0.0767775
0.0767079
0.0766284
0.076538
0.0764352
0.0763183
0.0761856
0.0760349
0.0758638
0.07567
0.0754507
0.0752033
0.0749251
0.0746133
0.074263
0.0738709
0.0734556
0.0730361
0.0726137
0.0721887
0.0717638
0.0713418
0.0709247
0.0705144
0.070112
0.0697186
0.0693351
0.068962
0.0686
0.0682494
0.0679108
0.0675843
0.0672701
0.0669686
0.0666797
0.0664037
0.0661407
0.0658909
0.0656547
0.0654324
0.0652247
0.0650329
0.0648588
0.0647061
0.0645743
0.0644552
0.0643439
0.0642377
0.0641351
0.064035
7.96329e-06
7.99238e-06
8.01719e-06
8.04021e-06
8.06301e-06
8.08676e-06
8.11284e-06
8.14338e-06
8.17898e-06
8.21933e-06
8.26444e-06
8.31448e-06
8.3698e-06
8.43084e-06
8.4982e-06
8.57257e-06
8.65481e-06
8.74594e-06
8.84715e-06
8.95989e-06
9.08583e-06
9.22699e-06
9.38573e-06
9.5649e-06
9.76784e-06
9.99857e-06
1.02618e-05
1.05632e-05
1.09092e-05
1.13073e-05
1.17657e-05
1.22934e-05
1.29009e-05
1.36037e-05
1.4416e-05
1.53073e-05
1.62396e-05
1.72101e-05
1.82195e-05
1.92617e-05
2.03296e-05
2.14164e-05
2.25154e-05
2.36203e-05
2.47247e-05
2.58226e-05
2.69078e-05
2.79743e-05
2.90162e-05
3.00279e-05
3.10038e-05
3.19388e-05
3.28275e-05
3.36649e-05
3.44465e-05
3.5172e-05
3.58687e-05
3.67235e-05
3.87724e-05
4.70575e-05
8.20247e-05
0.000204403
0.000512026
0.000979727
0.00132065
0.0014683
0.00151511
0.00152944
0.0015365
0.0015429
0.00155009
0.00155839
0.00156792
0.00157881
0.00159119
0.00160524
0.00162121
0.00163934
0.00165999
0.00168354
0.00171048
0.00174137
0.00177691
0.00181791
0.00186535
0.00192037
0.00198428
0.00205854
0.00214479
0.00224488
0.00236158
0.00249737
0.00264723
0.00280496
0.00297019
0.00314297
0.00332227
0.00350684
0.00369546
0.00388692
0.0040801
0.00427384
0.00446702
0.00465851
0.0048472
0.00503199
0.00521182
0.00538566
0.00555251
0.0057114
0.00586138
0.00600162
0.00613219
0.0062588
0.00641997
0.00682817
0.00851598
0.0156676
0.0407127
0.103782
0.200661
0.25556
0.269858
0.267554
0.261743
0.256074
0.251023
0.246445
0.242173
0.238085
0.234102
0.23017
0.226245
0.222298
0.2183
0.214228
0.210061
0.205777
0.201355
0.196773
0.192008
0.18703
0.1818
0.176259
0.170293
0.163654
0.155739
0.145024
0.12784
0.119324
0.114418
0.111116
0.108598
0.106526
0.104742
0.10317
0.101764
0.100496
0.0993486
0.0983059
0.0973572
0.0964935
0.0957069
0.094991
0.0943402
0.0937495
0.0932149
0.0927327
0.0923002
0.0919156
0.0915775
0.0912843
0.0910278
0.0907636
0.0903061
0.0890995
0.0862511
0.0819946
0.0789256
0.0776166
0.0772204
0.0771192
0.0770872
0.0770656
0.0770417
0.0770131
0.076979
0.0769392
0.0768931
0.07684
0.0767791
0.0767096
0.0766303
0.0765401
0.0764375
0.0763208
0.0761883
0.0760378
0.0758671
0.0756735
0.0754544
0.0752072
0.0749289
0.0746167
0.0742656
0.0738722
0.0734555
0.0730346
0.0726111
0.0721854
0.0717601
0.0713378
0.0709205
0.0705101
0.0701077
0.0697143
0.0693307
0.0689577
0.0685958
0.0682453
0.0679068
0.0675804
0.0672665
0.066965
0.0666764
0.0664005
0.0661377
0.0658881
0.0656521
0.06543
0.0652226
0.065031
0.064857
0.0647046
0.0645735
0.0644549
0.0643439
0.064238
0.0641355
0.0640355
7.96402e-06
7.99286e-06
8.01747e-06
8.0403e-06
8.06284e-06
8.08622e-06
8.11184e-06
8.14208e-06
8.17744e-06
8.21752e-06
8.26234e-06
8.31207e-06
8.36706e-06
8.42775e-06
8.49471e-06
8.56864e-06
8.65039e-06
8.74098e-06
8.84158e-06
8.95362e-06
9.07878e-06
9.21904e-06
9.37677e-06
9.55479e-06
9.75644e-06
9.98571e-06
1.02474e-05
1.0547e-05
1.08912e-05
1.12877e-05
1.17449e-05
1.22727e-05
1.28825e-05
1.35911e-05
1.44118e-05
1.53135e-05
1.62573e-05
1.72373e-05
1.8254e-05
1.93016e-05
2.03738e-05
2.14638e-05
2.25652e-05
2.36719e-05
2.47776e-05
2.58761e-05
2.69615e-05
2.80277e-05
2.90688e-05
3.00794e-05
3.10537e-05
3.19865e-05
3.28729e-05
3.37075e-05
3.44857e-05
3.52065e-05
3.58917e-05
3.67013e-05
3.85473e-05
4.60271e-05
7.86383e-05
0.000197228
0.000505812
0.000984487
0.00132802
0.00147213
0.00151626
0.00152956
0.00153629
0.00154257
0.00154969
0.00155792
0.00156738
0.00157818
0.00159047
0.00160442
0.00162027
0.00163827
0.00165877
0.00168215
0.00170889
0.00173956
0.00177484
0.00181556
0.0018627
0.0019174
0.001981
0.00205504
0.00214125
0.00224168
0.00235931
0.00249651
0.0026481
0.00280779
0.00297465
0.00314871
0.00332899
0.00351432
0.00370353
0.00389545
0.00408898
0.00428297
0.0044763
0.00466785
0.0048565
0.00504118
0.00522082
0.00539439
0.0055609
0.00571937
0.00586886
0.00600851
0.00613819
0.00626256
0.00641457
0.00678135
0.00830444
0.0149736
0.0392359
0.102441
0.201218
0.256098
0.269459
0.266613
0.260627
0.254914
0.249851
0.245267
0.240988
0.236895
0.232908
0.228972
0.225044
0.221094
0.217093
0.213019
0.20885
0.204564
0.200139
0.195555
0.190787
0.185805
0.180572
0.175027
0.16906
0.162435
0.154574
0.144018
0.127332
0.119056
0.114248
0.11099
0.108496
0.106436
0.104661
0.103096
0.101696
0.100434
0.0992914
0.0982534
0.097309
0.0964492
0.0956664
0.0949541
0.0943067
0.0937193
0.0931876
0.0927083
0.0922786
0.0918966
0.0915612
0.091271
0.0910188
0.0907646
0.0903312
0.0891612
0.0863054
0.0819503
0.0788591
0.0775825
0.0772102
0.0771181
0.0770887
0.0770678
0.0770442
0.0770159
0.0769822
0.0769427
0.0768969
0.0768442
0.0767838
0.0767148
0.0766361
0.0765465
0.0764446
0.0763287
0.0761969
0.0760473
0.0758774
0.0756846
0.0754663
0.0752193
0.0749407
0.074627
0.0742726
0.0738748
0.0734533
0.0730274
0.0726002
0.0721719
0.0717448
0.0713214
0.0709034
0.0704926
0.07009
0.0696966
0.0693132
0.0689404
0.0685788
0.0682288
0.0678907
0.0675649
0.0672515
0.0669507
0.0666627
0.0663875
0.0661254
0.0658766
0.0656413
0.0654201
0.0652135
0.0650228
0.0648497
0.0646985
0.0645696
0.0644529
0.0643431
0.0642378
0.0641358
0.064036
7.96493e-06
7.99338e-06
8.01767e-06
8.04014e-06
8.06219e-06
8.08483e-06
8.10955e-06
8.13911e-06
8.17393e-06
8.21341e-06
8.25761e-06
8.30668e-06
8.36096e-06
8.42088e-06
8.48701e-06
8.56002e-06
8.64075e-06
8.73019e-06
8.82951e-06
8.94011e-06
9.06363e-06
9.20204e-06
9.35768e-06
9.53334e-06
9.73232e-06
9.95861e-06
1.0217e-05
1.05131e-05
1.08538e-05
1.1247e-05
1.17021e-05
1.22304e-05
1.28455e-05
1.35666e-05
1.44055e-05
1.53294e-05
1.62975e-05
1.72978e-05
1.83302e-05
1.93897e-05
2.04709e-05
2.15677e-05
2.26743e-05
2.37846e-05
2.48928e-05
2.59926e-05
2.70781e-05
2.81434e-05
2.91827e-05
3.01903e-05
3.11608e-05
3.2089e-05
3.29698e-05
3.37981e-05
3.4569e-05
3.52805e-05
3.59487e-05
3.67035e-05
3.83164e-05
4.48646e-05
7.46903e-05
0.00018868
0.000498265
0.000990086
0.00133671
0.00147652
0.00151745
0.00152949
0.00153581
0.00154189
0.00154886
0.00155694
0.00156624
0.00157687
0.00158896
0.0016027
0.00161829
0.00163602
0.0016562
0.00167923
0.00170556
0.00173577
0.00177054
0.00181069
0.0018572
0.00191126
0.00197427
0.00204788
0.0021341
0.00223533
0.00235499
0.0024952
0.00265049
0.00281433
0.0029847
0.00316151
0.0033439
0.00353085
0.00372133
0.00391422
0.00410847
0.00430296
0.00449658
0.00468822
0.00487677
0.00506116
0.00524033
0.00541326
0.00557897
0.0057365
0.00588487
0.00602322
0.00615121
0.00627234
0.0064134
0.0067327
0.00806536
0.014164
0.0374744
0.1008
0.20181
0.256619
0.268822
0.265308
0.259098
0.253319
0.248231
0.243631
0.239341
0.235239
0.231246
0.227304
0.223373
0.219421
0.215418
0.211343
0.207174
0.202888
0.198463
0.193879
0.189109
0.184124
0.178887
0.173336
0.167368
0.160759
0.152966
0.142631
0.126588
0.118624
0.113946
0.110751
0.10829
0.106252
0.104494
0.102942
0.101554
0.100303
0.0991706
0.098142
0.0972066
0.0963554
0.0955806
0.0948759
0.0942356
0.093655
0.0931299
0.0926568
0.0922331
0.0918569
0.0915273
0.0912431
0.0909987
0.0907587
0.0903562
0.0892328
0.0863707
0.081898
0.0787804
0.077543
0.0771992
0.0771177
0.0770915
0.0770717
0.0770488
0.0770211
0.0769881
0.0769493
0.0769044
0.0768525
0.0767931
0.0767252
0.0766476
0.0765593
0.0764588
0.0763444
0.0762144
0.0760665
0.0758983
0.0757072
0.0754902
0.0752438
0.0749643
0.0746472
0.074286
0.073879
0.0734471
0.0730107
0.0725754
0.0721415
0.0717107
0.0712849
0.0708655
0.0704538
0.0700508
0.0696575
0.0692743
0.0689021
0.0685412
0.0681921
0.067855
0.0675304
0.0672182
0.0669188
0.0666321
0.0663585
0.066098
0.0658508
0.0656173
0.0653979
0.0651933
0.0650047
0.0648336
0.0646853
0.0645608
0.0644477
0.0643402
0.0642364
0.0641353
0.0640362
7.9659e-06
7.99383e-06
8.01765e-06
8.03957e-06
8.06083e-06
8.08229e-06
8.10554e-06
8.13394e-06
8.16778e-06
8.20622e-06
8.24935e-06
8.2973e-06
8.35038e-06
8.40902e-06
8.47374e-06
8.5452e-06
8.62421e-06
8.71173e-06
8.8089e-06
8.91708e-06
9.03788e-06
9.17321e-06
9.32538e-06
9.49712e-06
9.69169e-06
9.91307e-06
1.01661e-05
1.04564e-05
1.07913e-05
1.11793e-05
1.16312e-05
1.21606e-05
1.27849e-05
1.35271e-05
1.43971e-05
1.53589e-05
1.63681e-05
1.74029e-05
1.84621e-05
1.95419e-05
2.06383e-05
2.17468e-05
2.28622e-05
2.39788e-05
2.5091e-05
2.61929e-05
2.72785e-05
2.8342e-05
2.93777e-05
3.03802e-05
3.13439e-05
3.22637e-05
3.31348e-05
3.39519e-05
3.47101e-05
3.54064e-05
3.60516e-05
3.67469e-05
3.81255e-05
4.37355e-05
7.06874e-05
0.000179782
0.00049022
0.000995792
0.00134562
0.00148088
0.00151844
0.00152914
0.00153494
0.00154075
0.00154746
0.00155529
0.00156432
0.00157465
0.00158642
0.00159979
0.00161498
0.00163225
0.0016519
0.00167434
0.0017
0.00172945
0.00176337
0.00180257
0.00184807
0.00190108
0.00196313
0.00203608
0.00212235
0.00222498
0.00234805
0.0024934
0.00265507
0.00282589
0.00300223
0.00318373
0.00336973
0.00355947
0.0037521
0.00394665
0.00414212
0.00433744
0.00453153
0.00472329
0.00491163
0.00509548
0.00527381
0.0054456
0.00560989
0.00576572
0.00591214
0.00604824
0.00617351
0.00629033
0.00641963
0.00669143
0.0078325
0.0133427
0.0356388
0.0990359
0.202329
0.257002
0.267945
0.263702
0.257234
0.251368
0.246238
0.241612
0.237303
0.233189
0.229187
0.225241
0.221307
0.217354
0.213353
0.209281
0.205115
0.200833
0.196413
0.191831
0.187064
0.18208
0.176839
0.171284
0.165313
0.158721
0.151011
0.140946
0.125631
0.118022
0.113496
0.110376
0.107958
0.10595
0.104216
0.102685
0.101316
0.100083
0.0989667
0.097954
0.0970336
0.0961966
0.0954353
0.0947434
0.0941154
0.0935464
0.0930323
0.0925698
0.0921563
0.0917901
0.0914704
0.0911964
0.090964
0.0907422
0.0903754
0.0893045
0.0864394
0.0818442
0.0786995
0.0775034
0.0771892
0.0771188
0.077096
0.0770777
0.077056
0.0770293
0.0769974
0.0769599
0.0769163
0.0768659
0.0768081
0.0767419
0.0766664
0.0765802
0.0764821
0.0763703
0.076243
0.076098
0.0759328
0.0757444
0.0755295
0.075284
0.0750029
0.0746801
0.0743073
0.0738847
0.0734352
0.0729812
0.0725322
0.0720887
0.0716516
0.0712217
0.0707997
0.0703866
0.069983
0.0695896
0.069207
0.0688356
0.068476
0.0681284
0.0677931
0.0674704
0.0671604
0.0668633
0.0665791
0.066308
0.0660502
0.0658059
0.0655754
0.0653593
0.0651581
0.0649732
0.0648058
0.0646627
0.0645454
0.0644382
0.0643346
0.0642332
0.0641336
0.0640356
7.96683e-06
7.99411e-06
8.0173e-06
8.03846e-06
8.0586e-06
8.07839e-06
8.0995e-06
8.12611e-06
8.15845e-06
8.19532e-06
8.23685e-06
8.28311e-06
8.33442e-06
8.39114e-06
8.45378e-06
8.52295e-06
8.59943e-06
8.68412e-06
8.77813e-06
8.88275e-06
8.99955e-06
9.13037e-06
9.27746e-06
9.44348e-06
9.63164e-06
9.84589e-06
1.00911e-05
1.03732e-05
1.06997e-05
1.10803e-05
1.15277e-05
1.2059e-05
1.26969e-05
1.34701e-05
1.43864e-05
1.54054e-05
1.64753e-05
1.75617e-05
1.86611e-05
1.97713e-05
2.08911e-05
2.20172e-05
2.31458e-05
2.42718e-05
2.53901e-05
2.64948e-05
2.75804e-05
2.8641e-05
2.96712e-05
3.06656e-05
3.16187e-05
3.25257e-05
3.33819e-05
3.41818e-05
3.49206e-05
3.55945e-05
3.62097e-05
3.68423e-05
3.80012e-05
4.27395e-05
6.69578e-05
0.000171244
0.000482267
0.00100108
0.00135398
0.00148479
0.00151908
0.00152842
0.00153364
0.00153905
0.0015454
0.00155285
0.00156148
0.00157137
0.00158265
0.00159549
0.00161008
0.00162667
0.00164556
0.00166712
0.00169181
0.00172016
0.00175283
0.00179067
0.0018347
0.00188622
0.00194689
0.00201893
0.00210531
0.00221001
0.00233808
0.00249111
0.00266236
0.00284353
0.00302878
0.00321733
0.00340877
0.00360273
0.00379863
0.00399567
0.00419299
0.00438955
0.00458431
0.00477623
0.00496419
0.0051472
0.00532421
0.00549422
0.00565631
0.00580954
0.00595296
0.00608564
0.00620691
0.00631822
0.00643536
0.00666288
0.00762622
0.0125766
0.0338742
0.0972735
0.2027
0.257171
0.266839
0.26185
0.255102
0.249123
0.243935
0.23927
0.234937
0.230806
0.226794
0.222844
0.21891
0.21496
0.210965
0.2069
0.202744
0.198473
0.194063
0.189491
0.184732
0.179753
0.174515
0.168958
0.162987
0.156416
0.148802
0.139043
0.124498
0.117257
0.11289
0.10985
0.107481
0.10551
0.103807
0.102305
0.100963
0.0997559
0.0986643
0.0976749
0.0967766
0.0959606
0.0952194
0.0945465
0.0939366
0.0933848
0.0928872
0.0924405
0.0920424
0.0916912
0.0913863
0.0911275
0.0909118
0.0907127
0.0903849
0.0893694
0.0865061
0.0817939
0.0786232
0.0774673
0.0771813
0.0771216
0.0771025
0.0770861
0.0770659
0.0770409
0.0770107
0.076975
0.0769333
0.0768851
0.0768297
0.0767662
0.0766936
0.0766106
0.0765159
0.0764079
0.0762847
0.0761439
0.0759829
0.0757985
0.0755868
0.0753424
0.0750589
0.0747275
0.0743378
0.073892
0.0734161
0.072936
0.0724667
0.072009
0.0715623
0.0711262
0.0707004
0.070285
0.0698804
0.0694869
0.069105
0.068735
0.0683772
0.0680319
0.0676993
0.0673796
0.0670728
0.0667792
0.0664987
0.0662315
0.0659778
0.0657378
0.0655119
0.0653007
0.0651047
0.0649255
0.0647641
0.0646289
0.0645222
0.0644234
0.0643254
0.0642275
0.0641302
0.0640338
7.96763e-06
7.99411e-06
8.01651e-06
8.03667e-06
8.05534e-06
8.07294e-06
8.09119e-06
8.11531e-06
8.14554e-06
8.18023e-06
8.21957e-06
8.26352e-06
8.3124e-06
8.36651e-06
8.42631e-06
8.49238e-06
8.56541e-06
8.64628e-06
8.73602e-06
8.83585e-06
8.94726e-06
9.07202e-06
9.21229e-06
9.37065e-06
9.55024e-06
9.75499e-06
9.98982e-06
1.02609e-05
1.05765e-05
1.09475e-05
1.13891e-05
1.19232e-05
1.25794e-05
1.33939e-05
1.43735e-05
1.54712e-05
1.66238e-05
1.77809e-05
1.8936e-05
2.00889e-05
2.12411e-05
2.2392e-05
2.3539e-05
2.46782e-05
2.58048e-05
2.69134e-05
2.79987e-05
2.9055e-05
3.00772e-05
3.106e-05
3.19982e-05
3.28871e-05
3.3722e-05
3.44978e-05
3.52095e-05
3.58526e-05
3.64296e-05
3.69963e-05
3.79561e-05
4.1927e-05
6.36937e-05
0.00016353
0.000474822
0.00100558
0.00136128
0.00148801
0.00151928
0.00152729
0.00153184
0.00153674
0.0015426
0.00154954
0.00155761
0.00156691
0.00157754
0.00158965
0.00160342
0.0016191
0.00163696
0.00165737
0.00168074
0.00170761
0.00173864
0.00177466
0.00181674
0.00186628
0.00192515
0.001996
0.00208259
0.00219007
0.00232481
0.00248831
0.00267277
0.00286804
0.00306553
0.00326384
0.00346288
0.00366273
0.00386321
0.00406374
0.00426361
0.00446188
0.00465756
0.00484964
0.00503706
0.00521882
0.00539394
0.00556144
0.00572041
0.00586997
0.00600916
0.00613704
0.00625283
0.00635722
0.00646179
0.00664954
0.00745675
0.0119051
0.032276
0.0956018
0.202874
0.257082
0.265522
0.259801
0.252752
0.246637
0.241371
0.236656
0.23229
0.228139
0.224118
0.220165
0.216235
0.212294
0.20831
0.20426
0.200121
0.195868
0.191478
0.186925
0.182183
0.177217
0.171988
0.166436
0.160471
0.153929
0.146427
0.137001
0.123231
0.116353
0.112136
0.109171
0.106852
0.104922
0.103258
0.101792
0.100485
0.0993116
0.0982526
0.0972943
0.0964258
0.0956384
0.0949243
0.0942774
0.0936922
0.0931641
0.092689
0.0922641
0.091887
0.0915564
0.091272
0.091034
0.0908404
0.0906685
0.0903824
0.0894231
0.0865671
0.0817503
0.0785563
0.0774366
0.0771762
0.0771264
0.0771111
0.077097
0.0770789
0.0770561
0.0770282
0.0769949
0.076956
0.0769108
0.0768586
0.0767987
0.07673
0.0766514
0.0765614
0.0764584
0.0763406
0.0762055
0.0760502
0.0758711
0.0756634
0.0754205
0.0751335
0.0747906
0.0743784
0.0739008
0.0733887
0.0728732
0.0723762
0.0718989
0.071439
0.0709941
0.0705628
0.0701442
0.0697381
0.0693445
0.0689636
0.0685954
0.0682401
0.067898
0.067569
0.0672534
0.0669512
0.0666623
0.066387
0.0661252
0.0658772
0.0656433
0.0654237
0.0652193
0.0650306
0.0648595
0.0647065
0.0645827
0.0644901
0.0644026
0.064312
0.0642187
0.0641246
0.0640303
7.96821e-06
7.99376e-06
8.0152e-06
8.03411e-06
8.05095e-06
8.06582e-06
8.08049e-06
8.10136e-06
8.1288e-06
8.16066e-06
8.19715e-06
8.23813e-06
8.28389e-06
8.33466e-06
8.39084e-06
8.45295e-06
8.52161e-06
8.59762e-06
8.68193e-06
8.7757e-06
8.8803e-06
8.99741e-06
9.12909e-06
9.27783e-06
9.44667e-06
9.63952e-06
9.86142e-06
1.01189e-05
1.04209e-05
1.078e-05
1.12146e-05
1.17524e-05
1.24317e-05
1.32978e-05
1.43584e-05
1.55576e-05
1.68163e-05
1.80653e-05
1.92933e-05
2.05024e-05
2.16977e-05
2.28814e-05
2.40528e-05
2.52092e-05
2.63467e-05
2.74602e-05
2.85449e-05
2.95954e-05
3.06067e-05
3.1574e-05
3.24921e-05
3.33568e-05
3.41637e-05
3.49074e-05
3.55832e-05
3.61861e-05
3.67156e-05
3.72117e-05
3.79928e-05
4.13146e-05
6.09915e-05
0.000156932
0.000468176
0.00100903
0.00136717
0.00149041
0.00151901
0.00152574
0.00152953
0.00153379
0.00153902
0.0015453
0.00155267
0.00156121
0.00157101
0.00158219
0.00159494
0.00160946
0.00162602
0.00164496
0.00166669
0.0016917
0.00172066
0.00175442
0.00179407
0.00184116
0.00189782
0.00196722
0.0020541
0.00216508
0.00230812
0.00248501
0.00268654
0.0028999
0.00311327
0.00332436
0.00353343
0.00374109
0.00394763
0.00415277
0.00435601
0.00455651
0.00475336
0.00494562
0.00513225
0.00531232
0.00548489
0.00564901
0.00580383
0.00594849
0.00608207
0.00620361
0.00631224
0.00640807
0.00649943
0.00665192
0.00732749
0.0113479
0.0309037
0.0940822
0.202814
0.256708
0.264016
0.257591
0.250224
0.243946
0.238583
0.233806
0.229401
0.225229
0.221198
0.217246
0.213325
0.209398
0.205434
0.201408
0.197295
0.193072
0.188711
0.184188
0.179474
0.174533
0.169325
0.163788
0.157841
0.151339
0.143964
0.134887
0.121884
0.115342
0.111253
0.108348
0.106072
0.104184
0.102562
0.10114
0.0998755
0.0987436
0.0977252
0.0968062
0.0959756
0.0952245
0.0945452
0.0939315
0.093378
0.0928802
0.0924342
0.0920373
0.0916874
0.0913835
0.0911258
0.0909146
0.0907491
0.0906093
0.0903669
0.0894631
0.0866198
0.0817159
0.0785015
0.0774125
0.0771739
0.0771331
0.0771217
0.0771105
0.0770951
0.077075
0.0770501
0.07702
0.0769845
0.0769431
0.0768951
0.0768397
0.0767761
0.0767029
0.0766188
0.0765224
0.0764114
0.0762834
0.0761352
0.0759626
0.0757599
0.0755188
0.0752274
0.0748698
0.0744294
0.0739112
0.0733523
0.0727918
0.072259
0.0717561
0.0712788
0.0708224
0.0703837
0.0699608
0.0695527
0.0691588
0.068779
0.0684131
0.0680611
0.0677231
0.0673989
0.0670887
0.0667923
0.0665097
0.0662411
0.0659863
0.0657458
0.0655197
0.0653085
0.0651132
0.064934
0.0647736
0.0646321
0.0645231
0.0644484
0.0643748
0.0642936
0.0642065
0.0641163
0.0640249
7.96849e-06
7.99299e-06
8.01328e-06
8.03069e-06
8.04533e-06
8.05697e-06
8.06735e-06
8.0842e-06
8.10814e-06
8.13647e-06
8.16946e-06
8.20679e-06
8.24874e-06
8.29542e-06
8.34721e-06
8.40449e-06
8.46785e-06
8.53798e-06
8.61575e-06
8.70221e-06
8.79861e-06
8.90654e-06
9.02794e-06
9.16517e-06
9.3212e-06
9.49991e-06
9.70648e-06
9.94777e-06
1.02338e-05
1.05791e-05
1.10057e-05
1.15481e-05
1.22549e-05
1.31822e-05
1.4341e-05
1.56651e-05
1.70538e-05
1.84169e-05
1.97365e-05
2.10168e-05
2.22669e-05
2.34924e-05
2.46949e-05
2.58732e-05
2.70243e-05
2.81439e-05
2.92274e-05
3.02701e-05
3.12673e-05
3.22145e-05
3.31071e-05
3.39408e-05
3.47119e-05
3.5415e-05
3.60453e-05
3.65977e-05
3.70693e-05
3.74884e-05
3.81083e-05
4.08988e-05
5.88861e-05
0.000151622
0.000462531
0.00101124
0.00137144
0.00149194
0.00151829
0.00152377
0.00152672
0.00153021
0.00153466
0.00154013
0.00154665
0.00155426
0.00156304
0.00157311
0.00158461
0.00159774
0.00161275
0.00162993
0.00164969
0.0016725
0.001699
0.00173007
0.00176686
0.00181106
0.00186513
0.00193285
0.00202008
0.0021352
0.00228808
0.00248121
0.00270371
0.00293928
0.00317238
0.00339954
0.00362131
0.00383889
0.00405315
0.00426415
0.00447165
0.00467494
0.00487323
0.00506565
0.00525121
0.00542908
0.00559834
0.00575812
0.00590762
0.00604605
0.00617249
0.006286
0.00638565
0.0064711
0.00654826
0.00666936
0.0072377
0.0109119
0.0297921
0.0927561
0.202487
0.256032
0.262338
0.255246
0.247543
0.241076
0.235597
0.230745
0.226296
0.222101
0.218064
0.214117
0.21021
0.206306
0.202371
0.198379
0.194304
0.190122
0.185804
0.181324
0.176652
0.171751
0.166578
0.161073
0.155158
0.148712
0.141477
0.132759
0.120513
0.114264
0.110266
0.107396
0.105152
0.103302
0.101724
0.100349
0.0991336
0.0980508
0.0970808
0.0962092
0.0954243
0.0947173
0.0940804
0.0935072
0.0929925
0.0925319
0.0921216
0.0917591
0.0914428
0.0911719
0.090947
0.090769
0.0906377
0.090535
0.0903383
0.0894879
0.0866623
0.0816924
0.078461
0.0773955
0.0771746
0.0771415
0.0771344
0.0771265
0.0771144
0.0770977
0.0770764
0.0770502
0.077019
0.0769821
0.0769392
0.0768893
0.0768317
0.0767651
0.0766883
0.0765995
0.0764968
0.0763773
0.0762376
0.0760728
0.075876
0.0756368
0.0753399
0.0749647
0.0744905
0.0739231
0.0733067
0.0726912
0.0721145
0.0715798
0.0710804
0.0706094
0.0701611
0.0697326
0.0693217
0.0689273
0.0685488
0.0681857
0.0678378
0.0675048
0.0671866
0.0668831
0.066594
0.0663193
0.066059
0.0658131
0.0655819
0.0653657
0.065165
0.0649809
0.0648138
0.0646669
0.06454
0.0644498
0.0643966
0.0643398
0.0642699
0.0641902
0.0641051
0.0640173
7.96843e-06
7.99173e-06
8.01069e-06
8.02635e-06
8.03845e-06
8.04637e-06
8.05182e-06
8.06387e-06
8.08358e-06
8.10772e-06
8.13654e-06
8.16957e-06
8.20702e-06
8.24893e-06
8.29556e-06
8.34722e-06
8.4044e-06
8.46771e-06
8.53789e-06
8.61589e-06
8.70284e-06
8.8002e-06
8.90977e-06
9.03382e-06
9.1752e-06
9.33779e-06
9.52694e-06
9.74997e-06
1.0018e-05
1.03478e-05
1.07657e-05
1.13135e-05
1.20514e-05
1.30483e-05
1.43214e-05
1.57927e-05
1.73354e-05
1.88354e-05
2.02663e-05
2.16341e-05
2.29518e-05
2.42289e-05
2.54698e-05
2.66749e-05
2.78426e-05
2.89692e-05
3.0051e-05
3.10837e-05
3.20632e-05
3.29855e-05
3.38462e-05
3.46419e-05
3.53689e-05
3.60221e-05
3.65969e-05
3.70876e-05
3.74902e-05
3.78244e-05
3.8296e-05
4.06654e-05
5.73757e-05
0.000147692
0.000458024
0.00101205
0.00137396
0.0014926
0.00151713
0.00152142
0.00152342
0.00152602
0.00152955
0.00153407
0.00153958
0.00154611
0.00155371
0.00156248
0.00157254
0.00158407
0.00159727
0.00161244
0.00162994
0.00165023
0.00167393
0.00170195
0.00173549
0.00177644
0.00182759
0.00189344
0.00198109
0.00210089
0.00226493
0.0024769
0.00272415
0.002986
0.00324282
0.00348949
0.00372685
0.00395668
0.00418047
0.00439869
0.00461142
0.0048181
0.0050181
0.00521062
0.0053948
0.00556986
0.00573499
0.00588937
0.0060323
0.00616304
0.00628072
0.0063844
0.00647311
0.00654619
0.00660786
0.00670057
0.00718452
0.0105968
0.028959
0.0916501
0.201859
0.255036
0.260494
0.25278
0.244721
0.238039
0.232424
0.227488
0.22299
0.218771
0.21473
0.210795
0.206911
0.203039
0.199144
0.195197
0.191174
0.187046
0.182786
0.178365
0.173752
0.168908
0.163789
0.158334
0.152472
0.146099
0.139016
0.130659
0.119172
0.113162
0.109206
0.106338
0.104107
0.102287
0.100752
0.0994264
0.0982653
0.0972377
0.0963231
0.095506
0.0947743
0.0941188
0.0935315
0.0930058
0.0925369
0.0921202
0.091752
0.0914304
0.0911539
0.0909223
0.0907366
0.0905981
0.0905073
0.0904467
0.0902973
0.089497
0.0866935
0.0816811
0.0784357
0.0773856
0.0771778
0.0771517
0.077149
0.0771449
0.0771367
0.077124
0.0771069
0.0770853
0.077059
0.0770275
0.0769904
0.076947
0.0768964
0.0768375
0.076769
0.0766892
0.0765959
0.0764863
0.0763563
0.0762004
0.0760102
0.0757729
0.0754695
0.0750741
0.0745612
0.0739363
0.0732523
0.0725722
0.0719432
0.0713701
0.0708439
0.0703547
0.0698946
0.0694589
0.0690443
0.0686491
0.0682721
0.0679123
0.0675692
0.0672423
0.0669312
0.0666357
0.0663555
0.0660902
0.06584
0.0656047
0.0653848
0.0651805
0.0649925
0.0648221
0.0646696
0.0645391
0.0644303
0.0643627
0.0643345
0.0642969
0.0642403
0.0641695
0.0640905
0.0640071
0.0639576
0.0639019
0.0638464
0.0637912
0.0637361
0.0636809
0.0636256
0.06357
0.063514
0.0634575
0.0634004
0.0633426
0.0632841
0.0632247
0.0631644
0.0631032
0.0630411
0.0629781
0.0629142
0.0628496
0.0627842
0.0627183
0.062652
0.0625854
0.0625189
0.0624527
0.0623872
0.0623226
0.0622595
0.0621983
0.0621395
0.0620838
0.0620317
0.0619839
0.0619412
0.0619042
0.0618735
0.0618499
0.0618337
0.0618256
0.0639582
0.0639025
0.0638471
0.0637919
0.0637368
0.0636816
0.0636263
0.0635708
0.0635148
0.0634583
0.0634012
0.0633435
0.0632849
0.0632256
0.0631653
0.0631041
0.063042
0.062979
0.0629152
0.0628505
0.0627851
0.0627192
0.0626529
0.0625863
0.0625198
0.0624536
0.062388
0.0623234
0.0622603
0.062199
0.0621402
0.0620844
0.0620323
0.0619845
0.0619417
0.0619046
0.0618739
0.0618502
0.0618341
0.0618259
0.0639589
0.0639033
0.063848
0.0637929
0.0637379
0.0636828
0.0636276
0.0635721
0.0635162
0.0634598
0.0634028
0.063345
0.0632865
0.0632272
0.063167
0.0631058
0.0630437
0.0629808
0.0629169
0.0628523
0.0627869
0.062721
0.0626547
0.0625881
0.0625215
0.0624553
0.0623897
0.062325
0.0622618
0.0622005
0.0621416
0.0620857
0.0620335
0.0619856
0.0619427
0.0619055
0.0618747
0.0618509
0.0618347
0.0618265
0.0639595
0.0639041
0.063849
0.0637941
0.0637392
0.0636843
0.0636292
0.0635738
0.063518
0.0634617
0.0634048
0.0633472
0.0632887
0.0632295
0.0631693
0.0631082
0.0630462
0.0629832
0.0629194
0.0628548
0.0627895
0.0627235
0.0626572
0.0625906
0.062524
0.0624577
0.0623921
0.0623273
0.062264
0.0622026
0.0621436
0.0620876
0.0620353
0.0619872
0.0619442
0.0619068
0.0618759
0.061852
0.0618357
0.0618274
0.0639595
0.0639045
0.0638497
0.0637951
0.0637405
0.0636858
0.0636309
0.0635757
0.0635201
0.063464
0.0634072
0.0633497
0.0632914
0.0632322
0.0631722
0.0631111
0.0630492
0.0629863
0.0629226
0.062858
0.0627927
0.0627268
0.0626604
0.0625938
0.0625272
0.0624609
0.0623951
0.0623303
0.0622669
0.0622054
0.0621462
0.0620901
0.0620376
0.0619893
0.0619461
0.0619086
0.0618775
0.0618534
0.061837
0.0618287
0.0639586
0.0639042
0.0638499
0.0637957
0.0637415
0.0636871
0.0636325
0.0635776
0.0635223
0.0634663
0.0634098
0.0633525
0.0632943
0.0632353
0.0631754
0.0631145
0.0630527
0.0629899
0.0629262
0.0628617
0.0627965
0.0627306
0.0626643
0.0625977
0.062531
0.0624647
0.0623988
0.0623339
0.0622704
0.0622087
0.0621494
0.0620931
0.0620404
0.0619919
0.0619485
0.0619107
0.0618794
0.0618552
0.0618386
0.0618302
0.0639564
0.0639028
0.0638492
0.0637956
0.0637419
0.063688
0.0636339
0.0635793
0.0635243
0.0634687
0.0634124
0.0633554
0.0632975
0.0632387
0.063179
0.0631183
0.0630566
0.0629939
0.0629304
0.062866
0.0628008
0.062735
0.0626687
0.0626021
0.0625354
0.062469
0.0624031
0.0623381
0.0622745
0.0622126
0.0621532
0.0620966
0.0620437
0.061995
0.0619513
0.0619133
0.0618817
0.0618573
0.0618406
0.061832
0.0639528
0.0639002
0.0638475
0.0637946
0.0637416
0.0636884
0.0636348
0.0635807
0.0635261
0.0634709
0.063415
0.0633583
0.0633007
0.0632422
0.0631827
0.0631222
0.0630607
0.0629983
0.0629349
0.0628706
0.0628055
0.0627398
0.0626735
0.062607
0.0625403
0.0624738
0.0624079
0.0623428
0.062279
0.062217
0.0621574
0.0621006
0.0620474
0.0619984
0.0619544
0.0619162
0.0618844
0.0618597
0.0618428
0.0618342
0.0639473
0.063896
0.0638444
0.0637926
0.0637404
0.0636879
0.063635
0.0635815
0.0635275
0.0634728
0.0634174
0.0633611
0.0633039
0.0632457
0.0631865
0.0631263
0.0630651
0.0630028
0.0629396
0.0628755
0.0628106
0.0627449
0.0626788
0.0626123
0.0625456
0.0624791
0.0624131
0.062348
0.0622841
0.0622219
0.062162
0.062105
0.0620515
0.0620023
0.061958
0.0619194
0.0618873
0.0618624
0.0618453
0.0618366
0.0639397
0.06389
0.0638398
0.0637891
0.0637381
0.0636865
0.0636344
0.0635817
0.0635284
0.0634743
0.0634194
0.0633636
0.0633068
0.0632491
0.0631903
0.0631304
0.0630695
0.0630075
0.0629445
0.0628806
0.0628159
0.0627504
0.0626843
0.0626179
0.0625513
0.0624848
0.0624188
0.0623535
0.0622895
0.0622272
0.0621671
0.0621098
0.0620561
0.0620065
0.0619619
0.061923
0.0618906
0.0618654
0.0618481
0.0618392
2.28594e-08
7.83116e-08
1.45928e-07
2.27668e-07
3.25376e-07
4.40827e-07
5.75744e-07
7.31754e-07
9.10317e-07
1.11263e-06
1.33951e-06
1.59131e-06
1.86779e-06
2.16804e-06
2.49037e-06
2.83236e-06
3.19075e-06
3.56157e-06
3.9402e-06
4.32156e-06
4.70023e-06
5.07076e-06
5.42789e-06
5.76682e-06
6.08339e-06
6.37432e-06
6.63733e-06
6.87116e-06
7.07561e-06
7.25141e-06
7.40013e-06
7.52395e-06
7.6255e-06
7.70765e-06
7.77334e-06
7.82541e-06
7.86647e-06
7.89887e-06
7.92459e-06
7.94525e-06
2.25164e-08
7.71165e-08
1.43684e-07
2.24235e-07
3.20694e-07
4.34906e-07
5.68659e-07
7.23639e-07
9.01361e-07
1.10308e-06
1.32967e-06
1.58152e-06
1.85844e-06
2.15954e-06
2.48315e-06
2.8268e-06
3.18722e-06
3.56036e-06
3.94152e-06
4.32549e-06
4.70673e-06
5.07968e-06
5.43896e-06
5.77965e-06
6.09753e-06
6.38927e-06
6.65256e-06
6.88619e-06
7.09e-06
7.26479e-06
7.41223e-06
7.53458e-06
7.63458e-06
7.71517e-06
7.77936e-06
7.83003e-06
7.86983e-06
7.90108e-06
7.92579e-06
7.94553e-06
2.21919e-08
7.59834e-08
1.41546e-07
2.20937e-07
3.16153e-07
4.29114e-07
5.61675e-07
7.15586e-07
8.92427e-07
1.09351e-06
1.31977e-06
1.57166e-06
1.84901e-06
2.15097e-06
2.47587e-06
2.82124e-06
3.18374e-06
3.55927e-06
3.94302e-06
4.32967e-06
4.71356e-06
5.08898e-06
5.45044e-06
5.79291e-06
6.11209e-06
6.40462e-06
6.66816e-06
6.90152e-06
7.10461e-06
7.27832e-06
7.42439e-06
7.5452e-06
7.64358e-06
7.72255e-06
7.78519e-06
7.83442e-06
7.8729e-06
7.90298e-06
7.92663e-06
7.94541e-06
2.18843e-08
7.49092e-08
1.39513e-07
2.17783e-07
3.11777e-07
4.23487e-07
5.5484e-07
7.07657e-07
8.83583e-07
1.084e-06
1.3099e-06
1.5618e-06
1.83958e-06
2.14239e-06
2.46861e-06
2.81571e-06
3.18034e-06
3.5583e-06
3.94469e-06
4.33408e-06
4.72066e-06
5.09859e-06
5.46225e-06
5.80651e-06
6.12698e-06
6.42025e-06
6.68399e-06
6.91703e-06
7.11933e-06
7.29188e-06
7.43651e-06
7.55572e-06
7.65241e-06
7.72972e-06
7.79076e-06
7.83851e-06
7.87564e-06
7.90452e-06
7.92708e-06
7.94485e-06
2.15924e-08
7.38907e-08
1.37583e-07
2.14776e-07
3.07577e-07
4.1805e-07
5.48193e-07
6.99901e-07
8.74891e-07
1.07461e-06
1.30014e-06
1.55202e-06
1.8302e-06
2.13388e-06
2.46141e-06
2.81027e-06
3.17704e-06
3.55747e-06
3.94654e-06
4.33869e-06
4.72799e-06
5.10845e-06
5.47432e-06
5.82035e-06
6.14209e-06
6.43606e-06
6.69995e-06
6.9326e-06
7.13405e-06
7.30537e-06
7.4485e-06
7.56604e-06
7.66101e-06
7.7366e-06
7.79602e-06
7.84226e-06
7.87803e-06
7.90566e-06
7.9271e-06
7.94382e-06
2.13152e-08
7.29251e-08
1.35754e-07
2.11916e-07
3.03563e-07
4.12822e-07
5.41764e-07
6.92358e-07
8.66397e-07
1.06541e-06
1.29052e-06
1.54238e-06
1.82095e-06
2.12547e-06
2.45431e-06
2.80493e-06
3.17386e-06
3.55677e-06
3.94854e-06
4.34348e-06
4.73551e-06
5.1185e-06
5.48657e-06
5.83436e-06
6.15732e-06
6.45196e-06
6.71593e-06
6.94813e-06
7.14867e-06
7.3187e-06
7.46027e-06
7.57611e-06
7.6693e-06
7.74316e-06
7.80092e-06
7.84563e-06
7.88001e-06
7.9064e-06
7.92668e-06
7.94232e-06
2.10519e-08
7.20097e-08
1.34022e-07
2.09202e-07
2.99738e-07
4.07815e-07
5.35573e-07
6.85058e-07
8.5814e-07
1.05642e-06
1.28112e-06
1.53292e-06
1.81186e-06
2.11721e-06
2.44735e-06
2.79973e-06
3.17083e-06
3.55622e-06
3.9507e-06
4.34842e-06
4.74318e-06
5.12869e-06
5.49894e-06
5.84845e-06
6.1726e-06
6.46785e-06
6.73185e-06
6.96354e-06
7.1631e-06
7.33179e-06
7.47177e-06
7.58585e-06
7.67725e-06
7.74934e-06
7.80544e-06
7.84861e-06
7.88159e-06
7.9067e-06
7.92582e-06
7.94034e-06
2.08018e-08
7.11419e-08
1.32382e-07
2.06631e-07
2.96103e-07
4.03035e-07
5.29635e-07
6.78023e-07
8.5015e-07
1.0477e-06
1.27195e-06
1.52368e-06
1.80298e-06
2.10914e-06
2.44057e-06
2.79469e-06
3.16794e-06
3.55582e-06
3.95299e-06
4.35349e-06
4.75095e-06
5.13897e-06
5.51136e-06
5.86256e-06
6.18785e-06
6.48365e-06
6.74763e-06
6.97876e-06
7.17728e-06
7.34458e-06
7.48292e-06
7.59522e-06
7.6848e-06
7.75512e-06
7.80954e-06
7.85117e-06
7.88274e-06
7.90657e-06
7.92449e-06
7.93786e-06
2.05642e-08
7.03196e-08
1.30831e-07
2.04198e-07
2.92655e-07
3.98485e-07
5.23959e-07
6.71269e-07
8.42448e-07
1.03926e-06
1.26307e-06
1.51471e-06
1.79434e-06
2.1013e-06
2.43399e-06
2.78984e-06
3.16522e-06
3.55555e-06
3.95539e-06
4.35865e-06
4.7588e-06
5.14928e-06
5.52378e-06
5.87661e-06
6.20299e-06
6.4993e-06
6.76319e-06
6.9937e-06
7.19115e-06
7.35701e-06
7.49368e-06
7.60418e-06
7.69193e-06
7.76047e-06
7.81322e-06
7.8533e-06
7.88346e-06
7.90599e-06
7.92269e-06
7.93489e-06
2.03387e-08
6.95407e-08
1.29365e-07
2.019e-07
2.89392e-07
3.94164e-07
5.18547e-07
6.64805e-07
8.35049e-07
1.03112e-06
1.25448e-06
1.50602e-06
1.78596e-06
2.09369e-06
2.42763e-06
2.78517e-06
3.16265e-06
3.55541e-06
3.95791e-06
4.36388e-06
4.76668e-06
5.15958e-06
5.53614e-06
5.89056e-06
6.21797e-06
6.51472e-06
6.77847e-06
7.00831e-06
7.20465e-06
7.36905e-06
7.50401e-06
7.6127e-06
7.69862e-06
7.76538e-06
7.81645e-06
7.855e-06
7.88374e-06
7.90497e-06
7.92044e-06
7.93143e-06
7.96796e-06
7.98994e-06
8.00738e-06
8.02104e-06
8.03026e-06
8.03404e-06
8.03398e-06
8.04054e-06
8.05533e-06
8.07461e-06
8.09865e-06
8.12676e-06
8.15909e-06
8.19556e-06
8.23636e-06
8.28169e-06
8.33191e-06
8.38756e-06
8.44925e-06
8.5178e-06
8.59423e-06
8.67983e-06
8.7763e-06
8.88577e-06
9.01101e-06
9.1559e-06
9.32598e-06
9.52911e-06
9.77769e-06
1.00908e-05
1.04993e-05
1.10532e-05
1.18251e-05
1.28983e-05
1.42994e-05
1.59383e-05
1.76577e-05
1.93176e-05
2.08801e-05
2.23526e-05
2.37518e-05
2.50912e-05
2.63784e-05
2.76158e-05
2.88031e-05
2.99379e-05
3.10171e-05
3.20372e-05
3.29951e-05
3.38871e-05
3.47095e-05
3.54594e-05
3.61336e-05
3.67274e-05
3.72359e-05
3.76538e-05
3.79755e-05
3.82155e-05
3.85477e-05
4.0596e-05
5.64374e-05
0.00014517
0.000454735
0.00101139
0.00137467
0.00149239
0.00151558
0.00151873
0.00151969
0.00152126
0.00152375
0.00152718
0.00153154
0.00153684
0.00154312
0.00155043
0.00155889
0.00156862
0.00157982
0.00159276
0.00160776
0.00162527
0.0016459
0.00167057
0.00170058
0.00173798
0.00178599
0.00184982
0.00193794
0.00206281
0.00223903
0.00247209
0.00274752
0.00303955
0.00332404
0.00359382
0.00384984
0.00409442
0.0043297
0.00455662
0.0047756
0.00498631
0.00518826
0.00538083
0.00556324
0.00573484
0.00589494
0.00604279
0.0061778
0.00629933
0.00640653
0.00649849
0.00657423
0.00663287
0.00667749
0.00674397
0.00716424
0.0103976
0.0284098
0.0907777
0.200888
0.253694
0.258477
0.250186
0.241754
0.23483
0.229064
0.224033
0.219484
0.215243
0.211204
0.207287
0.203435
0.199606
0.195762
0.191875
0.187917
0.18386
0.179674
0.17533
0.170794
0.166027
0.160984
0.155603
0.149816
0.143536
0.13661
0.12861
0.11791
0.112075
0.108106
0.1052
0.10296
0.101158
0.099661
0.0983857
0.0972813
0.0963136
0.0954601
0.0947038
0.0940319
0.0934346
0.0929034
0.0924319
0.092015
0.0916484
0.0913285
0.0910537
0.0908231
0.0906368
0.0904965
0.0904037
0.0903594
0.0903459
0.0902449
0.0894906
0.0867127
0.0816829
0.0784263
0.0773827
0.0771835
0.0771632
0.0771651
0.0771655
0.0771617
0.0771536
0.0771413
0.0771249
0.0771041
0.0770787
0.0770482
0.077012
0.0769693
0.076919
0.0768598
0.07679
0.0767073
0.0766085
0.0764894
0.0763431
0.07616
0.0759247
0.0756139
0.075196
0.0746402
0.0739507
0.0731899
0.0724363
0.0717468
0.0711288
0.0705706
0.0700594
0.0695848
0.0691402
0.068721
0.0683246
0.0679491
0.067593
0.0672554
0.0669355
0.0666327
0.0663466
0.0660767
0.0658225
0.0655841
0.0653614
0.0651546
0.0649644
0.0647912
0.0646369
0.0645018
0.0643907
0.0643033
0.0642619
0.0642619
0.0642459
0.0642046
0.0641441
0.0640722
0.063994
7.96705e-06
7.98756e-06
8.00331e-06
8.01473e-06
8.02074e-06
8.02002e-06
8.01399e-06
8.01444e-06
8.02365e-06
8.03749e-06
8.05617e-06
8.07881e-06
8.10547e-06
8.13596e-06
8.17035e-06
8.20873e-06
8.25137e-06
8.29867e-06
8.35114e-06
8.40948e-06
8.47453e-06
8.54748e-06
8.6299e-06
8.72378e-06
8.8318e-06
8.95788e-06
9.10778e-06
9.28995e-06
9.51812e-06
9.81387e-06
1.0213e-05
1.07734e-05
1.15813e-05
1.27353e-05
1.4275e-05
1.60988e-05
1.80155e-05
1.98573e-05
2.15723e-05
2.31675e-05
2.46629e-05
2.60761e-05
2.74181e-05
2.86934e-05
2.99037e-05
3.10476e-05
3.21234e-05
3.31284e-05
3.40603e-05
3.49164e-05
3.56937e-05
3.63898e-05
3.70024e-05
3.75268e-05
3.79583e-05
3.82917e-05
3.85206e-05
3.86565e-05
3.88549e-05
4.06716e-05
5.60353e-05
0.00014403
0.000452682
0.00100923
0.00137358
0.00149138
0.00151369
0.00151575
0.00151558
0.00151601
0.00151733
0.00151956
0.00152265
0.00152661
0.00153143
0.00153715
0.00154386
0.00155166
0.00156071
0.00157125
0.00158359
0.00159813
0.00161549
0.00163662
0.0016629
0.00169659
0.0017413
0.00180305
0.00189166
0.00202185
0.00221092
0.00246677
0.00277326
0.00309901
0.00341503
0.00371158
0.00398946
0.00425146
0.00450032
0.00473751
0.00496384
0.00517923
0.00538341
0.00557591
0.00575614
0.00592358
0.00607768
0.00621781
0.00634352
0.00645425
0.00654922
0.00662754
0.00668824
0.0067303
0.00675616
0.00679788
0.00717299
0.010307
0.0281377
0.0901383
0.199518
0.251963
0.256256
0.247441
0.238619
0.231432
0.2255
0.220369
0.215767
0.211509
0.207477
0.203588
0.199779
0.196005
0.192227
0.188414
0.184538
0.180568
0.176474
0.172225
0.167788
0.16312
0.158176
0.152895
0.147209
0.14104
0.134276
0.126618
0.116766
0.111036
0.106994
0.104011
0.101736
0.099938
0.0984717
0.0972439
0.0961971
0.0952922
0.0945039
0.0938134
0.0932067
0.0926732
0.0922038
0.0917921
0.091433
0.091122
0.0908558
0.0906334
0.0904541
0.0903187
0.0902296
0.0901884
0.0901962
0.0902343
0.0901826
0.0894694
0.08672
0.0816979
0.0784327
0.0773865
0.0771912
0.0771759
0.0771827
0.0771878
0.077189
0.077186
0.0771791
0.0771683
0.0771537
0.0771349
0.0771116
0.0770833
0.0770492
0.0770082
0.0769591
0.0769002
0.0768289
0.0767418
0.0766342
0.0764981
0.0763225
0.076089
0.0757701
0.0753279
0.074726
0.0739663
0.073121
0.0722859
0.0715283
0.0708588
0.0702633
0.0697262
0.0692342
0.0687787
0.0683537
0.0679555
0.0675814
0.0672293
0.0668979
0.066586
0.0662926
0.0660172
0.0657591
0.0655176
0.0652926
0.0650842
0.0648925
0.0647184
0.0645623
0.0644264
0.0643112
0.0642224
0.0641598
0.0641481
0.0641787
0.0641866
0.0641623
0.0641135
0.06405
0.0639778
7.96566e-06
7.98457e-06
7.99845e-06
8.00738e-06
8.0099e-06
8.00436e-06
7.99202e-06
7.98587e-06
7.98894e-06
7.99682e-06
8.00965e-06
8.02635e-06
8.0469e-06
8.07094e-06
8.09848e-06
8.12945e-06
8.16403e-06
8.20249e-06
8.24523e-06
8.29281e-06
8.34593e-06
8.40566e-06
8.47342e-06
8.5511e-06
8.64131e-06
8.74801e-06
8.8772e-06
9.03798e-06
9.24548e-06
9.52385e-06
9.91366e-06
1.04813e-05
1.1326e-05
1.25632e-05
1.4248e-05
1.62692e-05
1.8401e-05
2.04455e-05
2.23336e-05
2.40702e-05
2.56774e-05
2.71766e-05
2.85824e-05
2.99017e-05
3.11385e-05
3.22927e-05
3.33641e-05
3.43511e-05
3.52527e-05
3.60672e-05
3.67923e-05
3.74266e-05
3.79686e-05
3.84138e-05
3.87577e-05
3.89952e-05
3.91195e-05
3.91411e-05
3.9209e-05
4.08733e-05
5.61183e-05
0.000144161
0.000451783
0.00100564
0.00137081
0.00148962
0.00151151
0.00151254
0.00151117
0.00151035
0.0015104
0.00151132
0.00151305
0.00151556
0.00151883
0.00152288
0.00152774
0.00153351
0.00154031
0.00154835
0.00155791
0.00156939
0.00158339
0.00160089
0.00162335
0.00165326
0.00169465
0.0017543
0.00184343
0.00197903
0.00218127
0.00246092
0.00280058
0.0031631
0.00351425
0.00384118
0.00414426
0.00442647
0.00469116
0.0049403
0.00517514
0.0053959
0.00560257
0.0057949
0.0059725
0.00613505
0.00628215
0.00641334
0.00652833
0.00662667
0.00670765
0.00677041
0.00681403
0.0068374
0.00684273
0.00686068
0.00720697
0.0103141
0.0281194
0.0897106
0.197668
0.24978
0.253772
0.244491
0.235272
0.227807
0.2217
0.216466
0.211815
0.207546
0.203531
0.19968
0.195927
0.192223
0.188526
0.184803
0.181025
0.177161
0.173179
0.169047
0.164731
0.160186
0.155367
0.150212
0.144653
0.138616
0.132014
0.124672
0.115769
0.110069
0.105898
0.1028
0.100464
0.0986524
0.097207
0.0960222
0.0950316
0.0941905
0.0934699
0.0928488
0.0923113
0.0918458
0.0914429
0.0910956
0.0907988
0.0905481
0.0903403
0.0901749
0.0900519
0.0899724
0.0899396
0.0899553
0.0900204
0.0901142
0.0901121
0.0894352
0.086716
0.0817254
0.078454
0.0773965
0.0772008
0.0771895
0.0772013
0.0772117
0.0772182
0.0772207
0.0772196
0.0772149
0.0772068
0.0771951
0.0771795
0.0771596
0.0771346
0.0771036
0.0770651
0.0770175
0.0769582
0.0768834
0.0767877
0.0766622
0.0764941
0.0762622
0.0759344
0.0754667
0.0748166
0.0739831
0.0730478
0.0721246
0.0712919
0.0705644
0.0699263
0.0693589
0.0688464
0.0683779
0.0679456
0.0675449
0.0671719
0.0668241
0.0664994
0.0661962
0.0659133
0.0656499
0.0654048
0.0651774
0.0649676
0.0647751
0.0646004
0.0644443
0.0643073
0.0641921
0.0640993
0.0640356
0.064001
0.0640217
0.0640853
0.0641187
0.0641132
0.0640776
0.0640236
0.0639583
7.96375e-06
7.98095e-06
7.99277e-06
7.99898e-06
7.99775e-06
7.98715e-06
7.96827e-06
7.95514e-06
7.95162e-06
7.9531e-06
7.9597e-06
7.97008e-06
7.98417e-06
8.00146e-06
8.02182e-06
8.04508e-06
8.07129e-06
8.10062e-06
8.13335e-06
8.16989e-06
8.21083e-06
8.25709e-06
8.30998e-06
8.3713e-06
8.44358e-06
8.53085e-06
8.6394e-06
8.77899e-06
8.96616e-06
9.22766e-06
9.60877e-06
1.01839e-05
1.10657e-05
1.23861e-05
1.42183e-05
1.64444e-05
1.88051e-05
2.1071e-05
2.31522e-05
2.50491e-05
2.67843e-05
2.83826e-05
2.98618e-05
3.12317e-05
3.24986e-05
3.36644e-05
3.47304e-05
3.56967e-05
3.65637e-05
3.73308e-05
3.79968e-05
3.85615e-05
3.9024e-05
3.93804e-05
3.96263e-05
3.97568e-05
3.97652e-05
3.96626e-05
3.96023e-05
4.11846e-05
5.66319e-05
0.000145419
0.000451911
0.00100077
0.0013665
0.00148718
0.0015091
0.00150916
0.00150653
0.00150438
0.00150307
0.0015026
0.00150289
0.00150388
0.00150554
0.00150785
0.00151082
0.00151451
0.00151901
0.00152452
0.00153128
0.00153967
0.0015503
0.00156417
0.00158285
0.00160904
0.00164716
0.00170479
0.00179446
0.00193541
0.00215075
0.00245453
0.00282858
0.00323023
0.00361977
0.00398064
0.00431229
0.00461763
0.0049005
0.00516337
0.00540796
0.00563482
0.00584426
0.00603632
0.00621083
0.00636774
0.00650685
0.00662788
0.00673074
0.00681512
0.0068804
0.00692574
0.00695029
0.00695293
0.00693601
0.00693091
0.00726287
0.0104079
0.0283245
0.0894668
0.195199
0.247038
0.250924
0.241253
0.231643
0.223897
0.217614
0.212282
0.20759
0.203319
0.199334
0.195536
0.191854
0.188236
0.184638
0.181024
0.177365
0.173628
0.16978
0.165788
0.161617
0.157223
0.152559
0.147562
0.142162
0.136283
0.129851
0.122786
0.114933
0.109189
0.10484
0.101592
0.0991698
0.0973276
0.0958919
0.0947434
0.0938057
0.0930276
0.0923756
0.0918255
0.0913598
0.0909655
0.0906322
0.0903528
0.0901218
0.0899348
0.0897892
0.0896846
0.0896218
0.0896025
0.0896306
0.0897078
0.0898347
0.0899875
0.0900352
0.0893896
0.0867022
0.0817641
0.0784887
0.0774122
0.0772119
0.0772038
0.0772207
0.0772366
0.0772488
0.0772572
0.0772622
0.077264
0.0772627
0.0772584
0.0772508
0.0772395
0.077224
0.0772031
0.0771756
0.0771397
0.0770926
0.0770303
0.0769466
0.0768318
0.076671
0.0764402
0.076103
0.075609
0.07491
0.074001
0.0729725
0.0719563
0.0710426
0.070251
0.0695646
0.0689626
0.0684261
0.0679422
0.0675011
0.0670968
0.0667246
0.066381
0.0660635
0.0657697
0.0654982
0.0652477
0.065017
0.0648051
0.0646117
0.0644369
0.0642807
0.0641444
0.0640284
0.0639361
0.063868
0.0638319
0.063828
0.0638836
0.0639815
0.0640422
0.064057
0.0640361
0.0639927
0.0639353
7.96132e-06
7.97667e-06
7.98626e-06
7.98954e-06
7.98431e-06
7.96844e-06
7.9429e-06
7.92259e-06
7.91211e-06
7.90687e-06
7.90694e-06
7.91076e-06
7.91817e-06
7.92849e-06
7.94152e-06
7.95693e-06
7.97466e-06
7.99477e-06
8.01742e-06
8.04292e-06
8.0717e-06
8.10458e-06
8.14277e-06
8.18795e-06
8.24265e-06
8.31097e-06
8.3995e-06
8.51867e-06
8.68642e-06
8.93205e-06
9.30539e-06
9.88849e-06
1.08067e-05
1.22084e-05
1.41856e-05
1.66181e-05
1.92171e-05
2.17203e-05
2.4014e-05
2.60902e-05
2.79701e-05
2.96809e-05
3.12437e-05
3.26713e-05
3.39725e-05
3.51513e-05
3.62112e-05
3.71541e-05
3.79822e-05
3.86964e-05
3.92966e-05
3.97841e-05
4.01589e-05
4.04173e-05
4.05555e-05
4.05686e-05
4.04504e-05
4.02146e-05
4.0028e-05
4.15895e-05
5.75059e-05
0.000147571
0.000452823
0.000994889
0.00136094
0.00148417
0.0015065
0.00150566
0.00150173
0.00149819
0.00149544
0.00149352
0.00149232
0.00149176
0.00149178
0.00149233
0.0014934
0.00149501
0.00149723
0.00150023
0.00150424
0.0015096
0.00151694
0.00152729
0.00154232
0.00156492
0.00159993
0.00165566
0.0017459
0.00189205
0.0021201
0.00244754
0.00285622
0.00329862
0.00372931
0.00412751
0.0044911
0.00482257
0.00512609
0.00540458
0.00566021
0.00589397
0.00610651
0.00629819
0.00646919
0.00661974
0.00674988
0.00685958
0.00694895
0.00701788
0.00706581
0.00709198
0.0070956
0.00707561
0.00703482
0.00700729
0.00733747
0.0105737
0.0287057
0.0893655
0.192683
0.244305
0.248274
0.238312
0.228345
0.220333
0.213889
0.208476
0.20376
0.199507
0.19557
0.191845
0.188255
0.184745
0.181265
0.177782
0.174264
0.170676
0.166985
0.163157
0.159156
0.154938
0.150453
0.145637
0.140415
0.134703
0.128425
0.12156
0.114266
0.108403
0.103837
0.10041
0.0978797
0.0959895
0.0945512
0.0934308
0.0925413
0.0918236
0.0912392
0.0907605
0.0903676
0.0900459
0.0897841
0.0895746
0.0894117
0.0892909
0.08921
0.089169
0.0891696
0.0892139
0.0893065
0.0894492
0.0896417
0.0898561
0.0899533
0.0893352
0.0866807
0.0818117
0.0785344
0.0774328
0.0772244
0.0772184
0.0772406
0.0772623
0.0772805
0.077295
0.0773063
0.0773147
0.0773204
0.0773236
0.0773241
0.0773216
0.0773156
0.077305
0.0772885
0.0772644
0.0772295
0.0771796
0.0771078
0.0770032
0.0768494
0.0766191
0.076272
0.0757516
0.0750039
0.0740201
0.0728979
0.0717857
0.0707859
0.0699246
0.0691845
0.0685432
0.0679791
0.067477
0.0670252
0.0666162
0.0662443
0.0659048
0.0655945
0.0653106
0.0650512
0.0648146
0.0645993
0.064404
0.0642285
0.0640725
0.0639365
0.0638214
0.0637283
0.0636606
0.0636192
0.063613
0.0636422
0.0637343
0.0638677
0.063957
0.0639937
0.0639888
0.0639571
0.0639086
7.95834e-06
7.97171e-06
7.9789e-06
7.97904e-06
7.96962e-06
7.94833e-06
7.91609e-06
7.88849e-06
7.87083e-06
7.85868e-06
7.85202e-06
7.84914e-06
7.84975e-06
7.85305e-06
7.85871e-06
7.86629e-06
7.8756e-06
7.88659e-06
7.89934e-06
7.91401e-06
7.93094e-06
7.95083e-06
7.9748e-06
8.00447e-06
8.04235e-06
8.09261e-06
8.16219e-06
8.26217e-06
8.41185e-06
8.64294e-06
9.00958e-06
9.60091e-06
1.0554e-05
1.20333e-05
1.41497e-05
1.67853e-05
1.96275e-05
2.23809e-05
2.49045e-05
2.71785e-05
2.922e-05
3.10574e-05
3.27146e-05
3.42072e-05
3.55469e-05
3.67406e-05
3.77938e-05
3.87109e-05
3.94963e-05
4.01522e-05
4.06804e-05
4.10836e-05
4.13628e-05
4.15149e-05
4.15362e-05
4.14226e-05
4.11683e-05
4.0791e-05
4.04805e-05
4.20758e-05
5.86804e-05
0.000150415
0.000454309
0.000988238
0.00135437
0.00148067
0.00150374
0.00150209
0.00149683
0.00149184
0.00148763
0.00148422
0.0014815
0.00147938
0.00147776
0.00147657
0.00147577
0.00147534
0.00147535
0.00147593
0.00147728
0.00147975
0.00148396
0.00149097
0.00150255
0.0015218
0.00155392
0.0016079
0.00169873
0.0018498
0.00208987
0.00243994
0.00288264
0.00336659
0.00384069
0.00427932
0.00467816
0.00503879
0.00536549
0.00566154
0.00592961
0.0061711
0.00638709
0.00657836
0.00674545
0.00688895
0.0070092
0.00710644
0.00718106
0.00723312
0.00726219
0.00726755
0.00724851
0.00720416
0.00713808
0.0070888
0.00742829
0.0107992
0.0292214
0.08937
0.190176
0.241621
0.245824
0.235661
0.225367
0.217104
0.210511
0.205031
0.200305
0.196086
0.192216
0.188581
0.185102
0.181717
0.178376
0.175042
0.171683
0.168262
0.164747
0.161101
0.157288
0.153261
0.148968
0.144339
0.139292
0.133731
0.127567
0.120808
0.113753
0.10771
0.102899
0.0992727
0.0966151
0.094661
0.0932077
0.0921065
0.091259
0.0905977
0.0900786
0.0896701
0.0893496
0.0891007
0.0889109
0.0887721
0.0886783
0.0886251
0.0886102
0.0886348
0.0887009
0.0888114
0.0889714
0.0891826
0.0894435
0.0897216
0.0898677
0.089274
0.0866535
0.0818659
0.078589
0.0774576
0.077238
0.0772334
0.0772607
0.0772884
0.0773127
0.0773335
0.0773512
0.0773663
0.0773791
0.0773898
0.0773983
0.0774045
0.0774079
0.0774075
0.0774018
0.0773892
0.0773663
0.0773284
0.0772681
0.0771733
0.0770258
0.0767956
0.0764383
0.0758917
0.0750966
0.0740404
0.0728262
0.0716169
0.0705272
0.0695909
0.0687919
0.0681067
0.0675113
0.0669881
0.0665235
0.0661086
0.065736
0.0654003
0.0650973
0.0648236
0.0645768
0.0643548
0.0641557
0.063978
0.0638213
0.0636854
0.0635707
0.0634783
0.0634094
0.0633679
0.0633551
0.0633806
0.0634447
0.0635745
0.063744
0.0638629
0.0639229
0.0639354
0.0639167
0.063878
7.95481e-06
7.96608e-06
7.9707e-06
7.96751e-06
7.9537e-06
7.9269e-06
7.888e-06
7.85313e-06
7.82818e-06
7.809e-06
7.79554e-06
7.78592e-06
7.77974e-06
7.77608e-06
7.77449e-06
7.7744e-06
7.7755e-06
7.77766e-06
7.78086e-06
7.78516e-06
7.79079e-06
7.79834e-06
7.80888e-06
7.82396e-06
7.84608e-06
7.87956e-06
7.93159e-06
8.01395e-06
8.14717e-06
8.36524e-06
8.72625e-06
9.32583e-06
1.03119e-05
1.18635e-05
1.41103e-05
1.69415e-05
2.00275e-05
2.30406e-05
2.58098e-05
2.82993e-05
3.05191e-05
3.24971e-05
3.42596e-05
3.58249e-05
3.7208e-05
3.84185e-05
3.94648e-05
4.03541e-05
4.1093e-05
4.16859e-05
4.21364e-05
4.24488e-05
4.26254e-05
4.26635e-05
4.25599e-05
4.2311e-05
4.1912e-05
4.13865e-05
4.09555e-05
4.26332e-05
6.00965e-05
0.000153743
0.000456146
0.000981076
0.00134705
0.00147675
0.00150087
0.00149849
0.00149189
0.00148543
0.00147972
0.0014748
0.00147056
0.00146689
0.00146366
0.00146078
0.00145818
0.0014558
0.00145371
0.001452
0.00145086
0.00145062
0.00145192
0.00145585
0.00146425
0.00148041
0.00150989
0.00156231
0.0016537
0.0018093
0.0020605
0.0024317
0.0029071
0.00343269
0.00395185
0.00443366
0.00487088
0.00526366
0.0056161
0.00593173
0.00621366
0.00646377
0.00668363
0.00687447
0.00703729
0.00717311
0.00728261
0.00736637
0.00742508
0.007459
0.00746781
0.00745088
0.00740765
0.00733741
0.00724484
0.00717463
0.00753321
0.0110723
0.02983
0.0894406
0.187705
0.238998
0.243556
0.233273
0.222684
0.214185
0.207455
0.20192
0.1972
0.193031
0.189243
0.185715
0.182363
0.17912
0.175933
0.172764
0.169579
0.166342
0.163015
0.159564
0.155948
0.152118
0.148017
0.143569
0.138679
0.133233
0.127131
0.120388
0.113369
0.107105
0.102034
0.0981935
0.0953935
0.0933615
0.0918815
0.0907903
0.089978
0.0893683
0.0889111
0.0885703
0.0883205
0.0881432
0.0880246
0.0879561
0.0879312
0.0879455
0.0879973
0.0880882
0.088221
0.0883993
0.0886287
0.0889108
0.0892423
0.0895853
0.0897797
0.0892082
0.0866226
0.0819243
0.0786501
0.0774861
0.0772526
0.0772485
0.0772809
0.0773146
0.0773452
0.0773723
0.0773964
0.0774182
0.0774379
0.0774559
0.0774723
0.077487
0.0774995
0.0775088
0.0775137
0.077512
0.0775006
0.0774742
0.0774248
0.0773392
0.0771973
0.0769667
0.076599
0.0760271
0.0751868
0.0740621
0.0727594
0.0714533
0.0702713
0.0692556
0.0683929
0.0676591
0.0670286
0.0664813
0.0660018
0.0655792
0.065205
0.0648726
0.0645768
0.0643134
0.0640795
0.0638726
0.0636903
0.0635309
0.0633939
0.063279
0.0631866
0.063118
0.0630745
0.0630606
0.0630776
0.0631363
0.0632368
0.0634047
0.0636106
0.0637602
0.0638448
0.063876
0.0638714
0.0638433
7.95073e-06
7.95976e-06
7.96165e-06
7.95495e-06
7.93661e-06
7.90422e-06
7.85879e-06
7.81674e-06
7.78451e-06
7.7583e-06
7.73807e-06
7.72177e-06
7.70892e-06
7.69846e-06
7.68985e-06
7.68239e-06
7.67566e-06
7.66943e-06
7.66361e-06
7.65817e-06
7.65324e-06
7.64932e-06
7.64744e-06
7.6491e-06
7.65681e-06
7.67498e-06
7.71112e-06
7.77759e-06
7.89608e-06
8.10263e-06
8.4589e-06
9.06635e-06
1.00826e-05
1.17005e-05
1.40675e-05
1.70841e-05
2.04108e-05
2.36896e-05
2.67177e-05
2.94388e-05
3.18528e-05
3.39856e-05
3.58644e-05
3.75102e-05
3.89415e-05
4.01711e-05
4.12106e-05
4.20701e-05
4.27594e-05
4.3285e-05
4.36526e-05
4.38686e-05
4.39363e-05
4.38537e-05
4.3618e-05
4.32263e-05
4.26755e-05
4.19964e-05
4.14495e-05
4.32547e-05
6.17107e-05
0.000157404
0.000458174
0.000973597
0.00133916
0.00147247
0.00149789
0.00149488
0.00148697
0.00147902
0.00147179
0.00146537
0.00145963
0.00145444
0.00144966
0.00144517
0.00144087
0.00143668
0.00143262
0.0014288
0.00142537
0.00142266
0.00142131
0.00142243
0.00142796
0.00144134
0.00146843
0.00151942
0.00161131
0.00177096
0.00203223
0.00242278
0.00292913
0.00349582
0.00406108
0.00458842
0.00506688
0.0054947
0.0058754
0.00621263
0.00650987
0.00676951
0.00699368
0.00718412
0.00734238
0.00746994
0.00756792
0.00763727
0.00767903
0.00769366
0.00768099
0.00764047
0.00757169
0.00747424
0.00735424
0.00726416
0.00765082
0.0113841
0.0305007
0.0895481
0.185288
0.236445
0.241448
0.231122
0.220271
0.211551
0.204697
0.19912
0.194419
0.190314
0.186622
0.183216
0.180005
0.176919
0.1739
0.170909
0.167911
0.164866
0.161737
0.158486
0.15507
0.151436
0.147519
0.143233
0.138469
0.133096
0.126998
0.120197
0.11309
0.10658
0.101241
0.09718
0.094227
0.092106
0.090589
0.0894992
0.0887151
0.0881515
0.0877518
0.0874753
0.0872935
0.0871854
0.0871363
0.0871364
0.0871792
0.08726
0.0873778
0.0875349
0.0877348
0.0879817
0.0882818
0.0886362
0.0890397
0.0894483
0.0896899
0.089139
0.0865894
0.0819853
0.0787162
0.0775178
0.0772682
0.0772636
0.0773009
0.0773406
0.0773775
0.0774109
0.0774414
0.0774697
0.0774961
0.0775212
0.0775451
0.0775678
0.077589
0.0776076
0.0776224
0.0776312
0.0776306
0.077615
0.0775757
0.0774986
0.0773618
0.0771303
0.0767523
0.0761563
0.0752736
0.0740851
0.0726986
0.0712976
0.070022
0.0689234
0.0679925
0.067206
0.0665366
0.0659623
0.0654655
0.0650337
0.0646568
0.0643269
0.0640378
0.0637847
0.0635639
0.0633723
0.0632072
0.0630667
0.06295
0.0628568
0.0627873
0.0627433
0.0627261
0.0627407
0.0627888
0.0628816
0.0630194
0.0632257
0.0634678
0.0636486
0.063759
0.0638102
0.0638209
0.0638046
7.94608e-06
7.95277e-06
7.95177e-06
7.94139e-06
7.91838e-06
7.8804e-06
7.82859e-06
7.77956e-06
7.74014e-06
7.70701e-06
7.68011e-06
7.6573e-06
7.63799e-06
7.62101e-06
7.60572e-06
7.59131e-06
7.57724e-06
7.5632e-06
7.54903e-06
7.53463e-06
7.52004e-06
7.5057e-06
7.49258e-06
7.48215e-06
7.47693e-06
7.48145e-06
7.50345e-06
7.55584e-06
7.66129e-06
7.85767e-06
8.20979e-06
8.82431e-06
9.86734e-06
1.15448e-05
1.4021e-05
1.72113e-05
2.07729e-05
2.43203e-05
2.76178e-05
3.05848e-05
3.3208e-05
3.55089e-05
3.75148e-05
3.92491e-05
4.07335e-05
4.19844e-05
4.30173e-05
4.38457e-05
4.44825e-05
4.4937e-05
4.52173e-05
4.5332e-05
4.52853e-05
4.50762e-05
4.47023e-05
4.41616e-05
4.3453e-05
4.26163e-05
4.19601e-05
4.39359e-05
6.34919e-05
0.000161289
0.000460282
0.000965935
0.00133084
0.00146788
0.00149482
0.0014913
0.00148209
0.00147265
0.00146392
0.00145602
0.00144882
0.00144217
0.00143592
0.00142992
0.00142405
0.00141819
0.00141236
0.00140662
0.00140114
0.00139622
0.00139251
0.00139114
0.00139411
0.001405
0.00142994
0.0014796
0.00157184
0.00173498
0.00200516
0.00241318
0.00294844
0.0035552
0.00416706
0.00474179
0.00526405
0.00572959
0.006141
0.00650179
0.00681579
0.00708589
0.00731481
0.00750492
0.00765836
0.00777717
0.00786294
0.00791706
0.00794095
0.0079353
0.00790008
0.00783485
0.00773937
0.00761363
0.00746551
0.00735694
0.00778023
0.011728
0.0312117
0.0896727
0.182939
0.233962
0.239484
0.229185
0.218107
0.209182
0.202215
0.196607
0.191938
0.187908
0.184325
0.181054
0.177996
0.175079
0.172239
0.169437
0.166632
0.163787
0.16086
0.157811
0.154591
0.151143
0.147393
0.143244
0.13857
0.133224
0.127077
0.120159
0.112892
0.106125
0.10052
0.0962359
0.0931238
0.0909057
0.0893433
0.0882472
0.0874845
0.0869615
0.0866145
0.0863982
0.0862806
0.0862387
0.086256
0.0863223
0.0864304
0.0865757
0.086758
0.0869803
0.0872467
0.0875623
0.0879336
0.088361
0.0888372
0.0893113
0.0895989
0.0890676
0.086555
0.0820477
0.078786
0.0775522
0.0772848
0.0772788
0.0773206
0.0773663
0.0774094
0.077449
0.0774857
0.0775202
0.0775531
0.0775848
0.0776157
0.077646
0.0776753
0.0777025
0.0777265
0.0777451
0.0777545
0.0777489
0.077719
0.0776496
0.0775173
0.0772848
0.0768971
0.0762786
0.0753567
0.0741094
0.0726444
0.0711516
0.0697822
0.0685981
0.0675954
0.0667523
0.0660404
0.0654362
0.0649198
0.0644771
0.0640962
0.063768
0.0634853
0.0632422
0.0630344
0.0628582
0.0627106
0.0625892
0.0624931
0.062422
0.0623761
0.0623572
0.0623669
0.0624107
0.0624905
0.0626181
0.0627935
0.0630379
0.0633157
0.0635284
0.0636656
0.063738
0.0637652
0.0637616
7.94089e-06
7.94511e-06
7.94107e-06
7.92685e-06
7.89906e-06
7.8555e-06
7.79754e-06
7.74177e-06
7.69537e-06
7.65552e-06
7.62214e-06
7.59307e-06
7.5676e-06
7.54446e-06
7.52291e-06
7.50207e-06
7.48126e-06
7.46009e-06
7.43836e-06
7.41591e-06
7.39269e-06
7.3691e-06
7.34605e-06
7.32499e-06
7.30846e-06
7.30106e-06
7.31076e-06
7.35089e-06
7.44499e-06
7.63245e-06
7.9808e-06
8.60126e-06
9.66734e-06
1.13969e-05
1.39704e-05
1.73211e-05
2.11091e-05
2.4925e-05
2.85e-05
3.17257e-05
3.45721e-05
3.70539e-05
3.91974e-05
4.10277e-05
4.25701e-05
4.38449e-05
4.48715e-05
4.56675e-05
4.62496e-05
4.66297e-05
4.6819e-05
4.68281e-05
4.66628e-05
4.63223e-05
4.58051e-05
4.51102e-05
4.4239e-05
4.32425e-05
4.24856e-05
4.46751e-05
6.54201e-05
0.000165325
0.000462394
0.000958181
0.00132218
0.001463
0.00149168
0.00148776
0.0014773
0.0014664
0.00145619
0.00144684
0.00143822
0.00143019
0.00142256
0.00141518
0.0014079
0.00140054
0.00139313
0.00138571
0.00137843
0.00137159
0.00136581
0.00136228
0.00136301
0.00137171
0.00139473
0.00144314
0.00153554
0.00170153
0.00197938
0.00240285
0.00296471
0.00361003
0.00426846
0.00489203
0.00546034
0.00596613
0.00641057
0.00679684
0.00712901
0.00741048
0.00764462
0.00783448
0.00798289
0.00809252
0.00816549
0.00820368
0.00820895
0.00818219
0.00812353
0.00803265
0.00790951
0.00775461
0.00757798
0.00745268
0.00792102
0.0120998
0.0319484
0.0898016
0.180667
0.231554
0.237652
0.227448
0.216174
0.20706
0.199988
0.19436
0.189732
0.18579
0.182327
0.1792
0.176306
0.173568
0.170915
0.168307
0.165702
0.163059
0.160334
0.157482
0.154452
0.151175
0.147571
0.143527
0.138904
0.13354
0.127299
0.120223
0.112755
0.105733
0.0998674
0.0953647
0.092091
0.0897702
0.0881555
0.0870462
0.0862987
0.0858105
0.0855111
0.0853504
0.0852928
0.0853129
0.085393
0.085522
0.0856922
0.0858991
0.0861435
0.0864292
0.086761
0.0871445
0.0875867
0.0880873
0.0886361
0.0891753
0.0895073
0.0889947
0.08652
0.0821105
0.0788587
0.0775894
0.0773022
0.0772938
0.0773398
0.0773915
0.0774406
0.0774862
0.0775289
0.0775694
0.0776082
0.0776462
0.0776835
0.0777207
0.0777574
0.0777925
0.0778249
0.0778523
0.0778709
0.0778744
0.0778531
0.0777908
0.0776626
0.0774291
0.0770323
0.0763933
0.0754357
0.0741353
0.0725978
0.0710168
0.0695546
0.0682833
0.0672058
0.0663025
0.065545
0.0649079
0.0643698
0.0639144
0.0635283
0.0632009
0.0629239
0.0626904
0.0624953
0.0623345
0.0622043
0.0621021
0.0620268
0.061978
0.0619557
0.0619622
0.0619992
0.0620725
0.0621845
0.062347
0.0625601
0.0628419
0.0631547
0.0633996
0.0635646
0.0636595
0.0637043
0.0637144
0.0639298
0.063882
0.0638334
0.0637842
0.0637344
0.0636839
0.0636329
0.0635811
0.0635285
0.0634752
0.0634209
0.0633657
0.0633095
0.0632522
0.0631939
0.0631344
0.0630739
0.0630122
0.0629496
0.0628859
0.0628214
0.0627561
0.0626902
0.0626238
0.0625573
0.0624908
0.0624248
0.0623595
0.0622953
0.0622328
0.0621725
0.062115
0.062061
0.0620111
0.0619662
0.0619269
0.0618942
0.0618687
0.0618512
0.0618422
0.0639173
0.0638718
0.0638251
0.0637776
0.0637293
0.0636801
0.0636302
0.0635795
0.0635279
0.0634753
0.0634219
0.0633674
0.0633118
0.0632551
0.0631973
0.0631383
0.0630782
0.0630169
0.0629546
0.0628913
0.062827
0.0627619
0.0626962
0.06263
0.0625636
0.0624971
0.0624311
0.0623657
0.0623014
0.0622388
0.0621783
0.0621205
0.0620662
0.062016
0.0619707
0.0619311
0.0618981
0.0618723
0.0618545
0.0618453
0.0639021
0.0638591
0.0638147
0.0637691
0.0637225
0.0636749
0.0636263
0.0635768
0.0635263
0.0634747
0.0634221
0.0633684
0.0633136
0.0632576
0.0632004
0.0631419
0.0630823
0.0630215
0.0629596
0.0628966
0.0628326
0.0627678
0.0627023
0.0626363
0.06257
0.0625037
0.0624376
0.0623722
0.0623078
0.062245
0.0621843
0.0621263
0.0620717
0.0620212
0.0619756
0.0619356
0.0619022
0.0618761
0.061858
0.0618487
0.063884
0.0638439
0.063802
0.0637587
0.063714
0.0636681
0.0636211
0.0635729
0.0635236
0.0634732
0.0634216
0.0633688
0.0633148
0.0632595
0.063203
0.0631452
0.0630862
0.0630259
0.0629644
0.0629019
0.0628383
0.0627738
0.0627085
0.0626427
0.0625766
0.0625103
0.0624443
0.0623789
0.0623145
0.0622516
0.0621907
0.0621324
0.0620775
0.0620267
0.0619807
0.0619404
0.0619066
0.0618801
0.0618618
0.0618524
0.0638627
0.063826
0.0637869
0.0637461
0.0637036
0.0636597
0.0636143
0.0635677
0.0635198
0.0634706
0.0634202
0.0633684
0.0633153
0.0632609
0.0632052
0.0631481
0.0630897
0.06303
0.0629691
0.062907
0.0628438
0.0627797
0.0627147
0.0626492
0.0625832
0.0625171
0.0624512
0.0623858
0.0623213
0.0622583
0.0621972
0.0621388
0.0620836
0.0620324
0.061986
0.0619453
0.0619112
0.0618844
0.0618658
0.0618562
0.0638382
0.0638051
0.0637693
0.0637312
0.0636912
0.0636494
0.063606
0.0635612
0.0635148
0.063467
0.0634178
0.0633672
0.0633151
0.0632617
0.0632068
0.0631505
0.0630928
0.0630338
0.0629734
0.0629119
0.0628492
0.0627854
0.0627209
0.0626556
0.0625899
0.062524
0.0624581
0.0623928
0.0623283
0.0622652
0.062204
0.0621453
0.0620898
0.0620383
0.0619916
0.0619505
0.061916
0.0618889
0.06187
0.0618603
0.0638103
0.0637813
0.063749
0.063714
0.0636767
0.0636373
0.0635961
0.0635531
0.0635084
0.0634622
0.0634144
0.063365
0.0633141
0.0632617
0.0632078
0.0631523
0.0630954
0.0630371
0.0629774
0.0629165
0.0628543
0.0627911
0.0627269
0.062662
0.0625965
0.0625308
0.0624652
0.0623999
0.0623354
0.0622722
0.0622109
0.062152
0.0620962
0.0620444
0.0619974
0.0619559
0.061921
0.0618936
0.0618744
0.0618645
0.063779
0.0637544
0.063726
0.0636944
0.06366
0.0636233
0.0635844
0.0635435
0.0635007
0.0634561
0.0634098
0.0633618
0.0633122
0.0632609
0.063208
0.0631535
0.0630975
0.06304
0.0629811
0.0629208
0.0628592
0.0627965
0.0627328
0.0626682
0.0626031
0.0625377
0.0624722
0.062407
0.0623425
0.0622793
0.0622179
0.0621588
0.0621028
0.0620507
0.0620033
0.0619615
0.0619262
0.0618984
0.061879
0.0618689
0.063744
0.0637243
0.0637001
0.0636722
0.0636411
0.0636072
0.0635708
0.0635322
0.0634914
0.0634487
0.063404
0.0633576
0.0633093
0.0632593
0.0632075
0.0631541
0.063099
0.0630424
0.0629842
0.0629247
0.0628637
0.0628016
0.0627384
0.0626743
0.0626096
0.0625444
0.0624791
0.0624141
0.0623497
0.0622865
0.062225
0.0621657
0.0621096
0.0620572
0.0620094
0.0619673
0.0619316
0.0619034
0.0618837
0.0618734
0.0637055
0.063691
0.0636713
0.0636474
0.0636198
0.063589
0.0635554
0.0635192
0.0634807
0.0634399
0.063397
0.0633522
0.0633054
0.0632567
0.0632062
0.0631539
0.0630999
0.0630442
0.0629869
0.0629281
0.0628679
0.0628064
0.0627438
0.0626802
0.0626159
0.062551
0.062486
0.0624212
0.0623569
0.0622937
0.0622321
0.0621728
0.0621164
0.0620637
0.0620157
0.0619731
0.0619371
0.0619086
0.0618886
0.0618781
1.96818e-08
6.72759e-08
1.25111e-07
1.95234e-07
2.79917e-07
3.81586e-07
5.02739e-07
6.45854e-07
8.1328e-07
1.00712e-06
1.22906e-06
1.48026e-06
1.7611e-06
2.07111e-06
2.40877e-06
2.77142e-06
3.15526e-06
3.55538e-06
3.96587e-06
4.38008e-06
4.79087e-06
5.19106e-06
5.57379e-06
5.9329e-06
6.2633e-06
6.56124e-06
6.82441e-06
7.05206e-06
7.24483e-06
7.40465e-06
7.53435e-06
7.63744e-06
7.71774e-06
7.77906e-06
7.82502e-06
7.85885e-06
7.88327e-06
7.90047e-06
7.91211e-06
7.91929e-06
1.88461e-08
6.44155e-08
1.19787e-07
1.86941e-07
2.68136e-07
3.65876e-07
4.82821e-07
6.21702e-07
7.85191e-07
9.75757e-07
1.19549e-06
1.44591e-06
1.72775e-06
2.04077e-06
2.38357e-06
2.75349e-06
3.14652e-06
3.55736e-06
3.97957e-06
4.40582e-06
4.82823e-06
5.23888e-06
5.63023e-06
5.9956e-06
6.32955e-06
6.62821e-06
6.88938e-06
7.11261e-06
7.29901e-06
7.45104e-06
7.57211e-06
7.66623e-06
7.73765e-06
7.79047e-06
7.82847e-06
7.85489e-06
7.87237e-06
7.88293e-06
7.88802e-06
7.8885e-06
1.82233e-08
6.22943e-08
1.1587e-07
1.80885e-07
2.59578e-07
3.54472e-07
4.68316e-07
6.03999e-07
7.64417e-07
9.52323e-07
1.17013e-06
1.41967e-06
1.70201e-06
2.01713e-06
2.3638e-06
2.73935e-06
3.13963e-06
3.55906e-06
3.99073e-06
4.42672e-06
4.85851e-06
5.27752e-06
5.67562e-06
6.04565e-06
6.3819e-06
6.6804e-06
6.93909e-06
7.15781e-06
7.33812e-06
7.48294e-06
7.59618e-06
7.68229e-06
7.74581e-06
7.79107e-06
7.82191e-06
7.84153e-06
7.85246e-06
7.85656e-06
7.85509e-06
7.84871e-06
1.7759e-08
6.07186e-08
1.12978e-07
1.76447e-07
2.53344e-07
3.46194e-07
4.57784e-07
5.91091e-07
7.49155e-07
9.34922e-07
1.15104e-06
1.3996e-06
1.68191e-06
1.99818e-06
2.34732e-06
2.72672e-06
3.13215e-06
3.55781e-06
3.99645e-06
4.4397e-06
4.87851e-06
5.30377e-06
5.70685e-06
6.08021e-06
6.4179e-06
6.71589e-06
6.97222e-06
7.18699e-06
7.3621e-06
7.50087e-06
7.60758e-06
7.68699e-06
7.74387e-06
7.78267e-06
7.80726e-06
7.82078e-06
7.82567e-06
7.82364e-06
7.81582e-06
7.80273e-06
1.74047e-08
5.95191e-08
1.10786e-07
1.73103e-07
2.4867e-07
3.40003e-07
4.49903e-07
5.81384e-07
7.37564e-07
9.21506e-07
1.13601e-06
1.38336e-06
1.66504e-06
1.98145e-06
2.33164e-06
2.71306e-06
3.12148e-06
3.55098e-06
3.99411e-06
4.44216e-06
4.88573e-06
5.31529e-06
5.72184e-06
6.09756e-06
6.43628e-06
6.7339e-06
6.98853e-06
7.20042e-06
7.3717e-06
7.50596e-06
7.60774e-06
7.68199e-06
7.73364e-06
7.76719e-06
7.78653e-06
7.79476e-06
7.79424e-06
7.78661e-06
7.77291e-06
7.75363e-06
1.71187e-08
5.85521e-08
1.09023e-07
1.70417e-07
2.44922e-07
3.35037e-07
4.43554e-07
5.73492e-07
7.27998e-07
9.10193e-07
1.12296e-06
1.3687e-06
1.64903e-06
1.9645e-06
2.31426e-06
2.69589e-06
3.1052e-06
3.53623e-06
3.98145e-06
4.43201e-06
4.87826e-06
5.31043e-06
5.71927e-06
6.09672e-06
6.43645e-06
6.73426e-06
6.98823e-06
7.19868e-06
7.36783e-06
7.4994e-06
7.59804e-06
7.66883e-06
7.71675e-06
7.74637e-06
7.76155e-06
7.76541e-06
7.76028e-06
7.74778e-06
7.72895e-06
7.70429e-06
1.68667e-08
5.76994e-08
1.07465e-07
1.68039e-07
2.41592e-07
3.306e-07
4.37828e-07
5.66278e-07
7.19088e-07
8.99387e-07
1.11009e-06
1.35367e-06
1.63181e-06
1.94517e-06
2.29303e-06
2.67308e-06
3.08123e-06
3.51161e-06
3.9567e-06
4.40766e-06
4.85476e-06
5.28812e-06
5.69833e-06
6.07719e-06
6.4182e-06
6.71704e-06
6.97168e-06
7.18237e-06
7.35128e-06
7.48213e-06
7.57958e-06
7.64871e-06
7.69452e-06
7.7216e-06
7.73385e-06
7.73441e-06
7.72562e-06
7.70917e-06
7.68615e-06
7.65716e-06
1.66212e-08
5.68668e-08
1.05938e-07
1.65695e-07
2.38284e-07
3.26149e-07
4.32019e-07
5.58853e-07
7.09753e-07
8.87821e-07
1.09597e-06
1.33667e-06
1.61168e-06
1.92172e-06
2.2662e-06
2.64293e-06
3.04799e-06
3.47567e-06
3.91859e-06
4.36803e-06
4.81436e-06
5.24769e-06
5.65858e-06
6.03872e-06
6.38148e-06
6.68234e-06
6.93912e-06
7.15184e-06
7.32253e-06
7.45474e-06
7.55302e-06
7.62238e-06
7.66781e-06
7.69388e-06
7.70455e-06
7.703e-06
7.69169e-06
7.67236e-06
7.64625e-06
7.61409e-06
1.63612e-08
5.59827e-08
1.04307e-07
1.63174e-07
2.34697e-07
3.21279e-07
4.25597e-07
5.50551e-07
6.99184e-07
8.74544e-07
1.0795e-06
1.31652e-06
1.58737e-06
1.89285e-06
2.23248e-06
2.60422e-06
3.00436e-06
3.42744e-06
3.86631e-06
4.31251e-06
4.7566e-06
5.18884e-06
5.59982e-06
5.9812e-06
6.32623e-06
6.63017e-06
6.89056e-06
7.10714e-06
7.28163e-06
7.41732e-06
7.51852e-06
7.59011e-06
7.63699e-06
7.66372e-06
7.6743e-06
7.67201e-06
7.65942e-06
7.63843e-06
7.61041e-06
7.57628e-06
1.60712e-08
5.49944e-08
1.02477e-07
1.60327e-07
2.30618e-07
3.15701e-07
4.18187e-07
5.40904e-07
6.86816e-07
8.58897e-07
1.05996e-06
1.29242e-06
1.55806e-06
1.85773e-06
2.19106e-06
2.55622e-06
2.94973e-06
3.36642e-06
3.79952e-06
4.24086e-06
4.68135e-06
5.1115e-06
5.52203e-06
5.90461e-06
6.25237e-06
6.56036e-06
6.82577e-06
7.04796e-06
7.22824e-06
7.3695e-06
7.47577e-06
7.55165e-06
7.60193e-06
7.63111e-06
7.64325e-06
7.64171e-06
7.62922e-06
7.60786e-06
7.57918e-06
7.54428e-06
1.57409e-08
5.38666e-08
1.00381e-07
1.57053e-07
2.25906e-07
3.09226e-07
4.09549e-07
5.29616e-07
6.72297e-07
8.40475e-07
1.03688e-06
1.26389e-06
1.52326e-06
1.8159e-06
2.14157e-06
2.49863e-06
2.88389e-06
3.29256e-06
3.71824e-06
4.15322e-06
4.58881e-06
5.01586e-06
5.42533e-06
5.80896e-06
6.15977e-06
6.4726e-06
6.74425e-06
6.97364e-06
7.16157e-06
7.31045e-06
7.42389e-06
7.50619e-06
7.56191e-06
7.59548e-06
7.61095e-06
7.61182e-06
7.60095e-06
7.58061e-06
7.55255e-06
7.51809e-06
1.5364e-08
5.25782e-08
9.79807e-08
1.53294e-07
2.2048e-07
3.01751e-07
3.99555e-07
5.16534e-07
6.55453e-07
8.19089e-07
1.01008e-06
1.23075e-06
1.48283e-06
1.76729e-06
2.08399e-06
2.43153e-06
2.80705e-06
3.20613e-06
3.62287e-06
4.05004e-06
4.47944e-06
4.90233e-06
5.31e-06
5.69432e-06
6.04828e-06
6.36647e-06
6.64533e-06
6.88326e-06
7.0805e-06
7.23891e-06
7.36158e-06
7.45241e-06
7.51567e-06
7.55566e-06
7.5764e-06
7.58146e-06
7.57384e-06
7.55602e-06
7.52993e-06
7.49712e-06
1.49377e-08
5.11199e-08
9.52607e-08
1.49026e-07
2.14309e-07
2.93239e-07
3.88165e-07
5.0162e-07
6.36253e-07
7.94728e-07
9.79585e-07
1.19306e-06
1.4369e-06
1.71208e-06
2.01862e-06
2.35534e-06
2.71972e-06
3.10777e-06
3.51409e-06
3.93203e-06
4.35393e-06
4.77153e-06
5.17649e-06
5.56091e-06
5.91779e-06
6.24153e-06
6.52821e-06
6.77569e-06
6.98362e-06
7.15324e-06
7.28705e-06
7.38847e-06
7.4614e-06
7.50992e-06
7.53796e-06
7.54912e-06
7.54654e-06
7.53283e-06
7.51016e-06
7.48025e-06
1.44623e-08
4.94924e-08
9.22226e-08
1.44255e-07
2.07406e-07
2.83712e-07
3.75416e-07
4.84932e-07
6.14787e-07
7.67521e-07
9.45568e-07
1.15109e-06
1.3858e-06
1.65073e-06
1.94602e-06
2.27074e-06
2.62269e-06
2.99836e-06
3.39288e-06
3.80018e-06
4.21321e-06
4.62425e-06
5.02542e-06
5.40907e-06
5.76831e-06
6.0974e-06
6.39208e-06
6.64972e-06
6.86935e-06
7.05156e-06
7.19819e-06
7.31211e-06
7.39677e-06
7.45594e-06
7.49339e-06
7.51269e-06
7.51704e-06
7.50919e-06
7.4915e-06
7.46587e-06
1.394e-08
4.7704e-08
8.88826e-08
1.39008e-07
1.99812e-07
2.73232e-07
3.61398e-07
4.66599e-07
5.9123e-07
7.37705e-07
9.08345e-07
1.10523e-06
1.33005e-06
1.58385e-06
1.86694e-06
2.17859e-06
2.51696e-06
2.879e-06
3.2604e-06
3.65568e-06
4.05844e-06
4.46155e-06
4.85763e-06
5.23937e-06
5.60004e-06
5.93385e-06
6.23627e-06
6.5042e-06
6.73609e-06
6.93184e-06
7.09265e-06
7.22072e-06
7.31901e-06
7.39089e-06
7.43987e-06
7.46941e-06
7.48269e-06
7.48259e-06
7.47157e-06
7.45172e-06
1.33749e-08
4.57689e-08
8.52679e-08
1.33329e-07
1.91594e-07
2.61896e-07
3.46245e-07
4.46802e-07
5.65824e-07
7.05595e-07
8.68318e-07
1.05599e-06
1.27025e-06
1.51221e-06
1.78226e-06
2.07992e-06
2.4037e-06
2.75098e-06
3.118e-06
3.49993e-06
3.89098e-06
4.28469e-06
4.67418e-06
5.0526e-06
5.41343e-06
5.75091e-06
6.06031e-06
6.33815e-06
6.58233e-06
6.79211e-06
6.96799e-06
7.11152e-06
7.22506e-06
7.31152e-06
7.37406e-06
7.41592e-06
7.44023e-06
7.44984e-06
7.44733e-06
7.4349e-06
1.27725e-08
4.37055e-08
8.14136e-08
1.27275e-07
1.82836e-07
2.49822e-07
3.3012e-07
4.25758e-07
5.38855e-07
6.71558e-07
8.25951e-07
1.00394e-06
1.20713e-06
1.43663e-06
1.69297e-06
1.97588e-06
2.28418e-06
2.61569e-06
2.9672e-06
3.33447e-06
3.71239e-06
4.09514e-06
4.47643e-06
4.84987e-06
5.20926e-06
5.54893e-06
5.86407e-06
6.1509e-06
6.40685e-06
6.63057e-06
6.8219e-06
6.98171e-06
7.11174e-06
7.21433e-06
7.29224e-06
7.34841e-06
7.38577e-06
7.40713e-06
7.41506e-06
7.41184e-06
1.21389e-08
4.15353e-08
7.73601e-08
1.20909e-07
1.73632e-07
2.37143e-07
3.13204e-07
4.03708e-07
5.10634e-07
6.35991e-07
7.81741e-07
9.49696e-07
1.1414e-06
1.35801e-06
1.60012e-06
1.86765e-06
2.15974e-06
2.47462e-06
2.80958e-06
3.161e-06
3.5244e-06
3.89461e-06
4.26596e-06
4.63258e-06
4.98863e-06
5.32867e-06
5.64786e-06
5.94224e-06
6.20884e-06
6.4458e-06
6.65234e-06
6.82868e-06
6.9759e-06
7.09576e-06
7.19051e-06
7.26271e-06
7.31502e-06
7.35009e-06
7.37042e-06
7.3783e-06
1.14809e-08
3.92815e-08
7.3151e-08
1.14301e-07
1.64084e-07
2.24e-07
2.95688e-07
3.80903e-07
4.81484e-07
5.99304e-07
7.36198e-07
8.9388e-07
1.07384e-06
1.27723e-06
1.50473e-06
1.75644e-06
2.03175e-06
2.32929e-06
2.64682e-06
2.98129e-06
3.32885e-06
3.68497e-06
4.04461e-06
4.40244e-06
4.75307e-06
5.09133e-06
5.41247e-06
5.71245e-06
5.98803e-06
6.23692e-06
6.45779e-06
6.65025e-06
6.81473e-06
6.95241e-06
7.06498e-06
7.15454e-06
7.2234e-06
7.27396e-06
7.30857e-06
7.3294e-06
1.08054e-08
3.69679e-08
6.88312e-08
1.07522e-07
1.54294e-07
2.10537e-07
2.77762e-07
3.57593e-07
4.51729e-07
5.61903e-07
6.89826e-07
8.37111e-07
1.00518e-06
1.19518e-06
1.40785e-06
1.64344e-06
1.90158e-06
2.18122e-06
2.4806e-06
2.79718e-06
3.12769e-06
3.46825e-06
3.81442e-06
4.16146e-06
4.50444e-06
4.83855e-06
5.15924e-06
5.46246e-06
5.74482e-06
6.00372e-06
6.23737e-06
6.44484e-06
6.62598e-06
6.78135e-06
6.9121e-06
7.0198e-06
7.10637e-06
7.17385e-06
7.22434e-06
7.25987e-06
1.01194e-08
3.46183e-08
6.44451e-08
1.00642e-07
1.44365e-07
1.96893e-07
2.59617e-07
3.34025e-07
4.2168e-07
5.2418e-07
6.43111e-07
7.79978e-07
9.36139e-07
1.11271e-06
1.31048e-06
1.5298e-06
1.77053e-06
2.03193e-06
2.3126e-06
2.6105e-06
2.92292e-06
3.24657e-06
3.57761e-06
3.91188e-06
4.24496e-06
4.57243e-06
4.89002e-06
5.19379e-06
5.48031e-06
5.74677e-06
5.99104e-06
6.21173e-06
6.40817e-06
6.58038e-06
6.72893e-06
6.8549e-06
6.9597e-06
7.04501e-06
7.11261e-06
7.16425e-06
9.4295e-09
3.22558e-08
6.00359e-08
9.37285e-08
1.34395e-07
1.83205e-07
2.4143e-07
3.1043e-07
3.91634e-07
4.86507e-07
5.96507e-07
7.23037e-07
8.67375e-07
1.0306e-06
1.21353e-06
1.41662e-06
1.63987e-06
1.88282e-06
2.14443e-06
2.42307e-06
2.71655e-06
3.02211e-06
3.33651e-06
3.65614e-06
3.97711e-06
4.29543e-06
4.60718e-06
4.9086e-06
5.19633e-06
5.46746e-06
5.71964e-06
5.95113e-06
6.16083e-06
6.34826e-06
6.51348e-06
6.65705e-06
6.77992e-06
6.88331e-06
6.96864e-06
7.03735e-06
8.7422e-09
2.99022e-08
5.56445e-08
8.68463e-08
1.24476e-07
1.69598e-07
2.23369e-07
2.87025e-07
3.61864e-07
4.49222e-07
5.50434e-07
6.66795e-07
7.99501e-07
9.4959e-07
1.11788e-06
1.30488e-06
1.51077e-06
1.73526e-06
1.97763e-06
2.23664e-06
2.51053e-06
2.79705e-06
3.0935e-06
3.3968e-06
3.7036e-06
4.01035e-06
4.31351e-06
4.60961e-06
4.89541e-06
5.16802e-06
5.42497e-06
5.6643e-06
5.88458e-06
6.0849e-06
6.26489e-06
6.42462e-06
6.56457e-06
6.68554e-06
6.78852e-06
6.8746e-06
8.06335e-09
2.75777e-08
5.13086e-08
8.0054e-08
1.14693e-07
1.56189e-07
2.05588e-07
2.64006e-07
3.32618e-07
4.12633e-07
5.05268e-07
6.11708e-07
7.33063e-07
8.70319e-07
1.02428e-06
1.19551e-06
1.38427e-06
1.59047e-06
1.81364e-06
2.05284e-06
2.30673e-06
2.5735e-06
2.85094e-06
3.13647e-06
3.42725e-06
3.72019e-06
4.01215e-06
4.29998e-06
4.58067e-06
4.85141e-06
5.10974e-06
5.35357e-06
5.58122e-06
5.7915e-06
5.98365e-06
6.15733e-06
6.31259e-06
6.44981e-06
6.56957e-06
6.67258e-06
7.39833e-09
2.53008e-08
4.70624e-08
7.34051e-08
1.05122e-07
1.43081e-07
1.88222e-07
2.41548e-07
3.04115e-07
3.77013e-07
4.6134e-07
5.58175e-07
6.68542e-07
7.93363e-07
9.33418e-07
1.08929e-06
1.26132e-06
1.44956e-06
1.65373e-06
1.87318e-06
2.1069e-06
2.35346e-06
2.61111e-06
2.87772e-06
3.15091e-06
3.42807e-06
3.70644e-06
3.98324e-06
4.25572e-06
4.52126e-06
4.77746e-06
5.0222e-06
5.25369e-06
5.47052e-06
5.67165e-06
5.8564e-06
6.02447e-06
6.17582e-06
6.31068e-06
6.42938e-06
6.75191e-09
2.30878e-08
4.29363e-08
6.69471e-08
9.58315e-08
1.30367e-07
1.71392e-07
2.19805e-07
2.76548e-07
3.42596e-07
4.18935e-07
5.06542e-07
6.06349e-07
7.19212e-07
8.45875e-07
9.86924e-07
1.14275e-06
1.3135e-06
1.49907e-06
1.69902e-06
1.91262e-06
2.1388e-06
2.37617e-06
2.62302e-06
2.87739e-06
3.13711e-06
3.39982e-06
3.66311e-06
3.92451e-06
4.18165e-06
4.43227e-06
4.6743e-06
4.90593e-06
5.12562e-06
5.33214e-06
5.52457e-06
5.70231e-06
5.86501e-06
6.01255e-06
6.14491e-06
6.12824e-09
2.09528e-08
3.89569e-08
6.0721e-08
8.68799e-08
1.18125e-07
1.55202e-07
1.98908e-07
2.50078e-07
3.09581e-07
3.78296e-07
4.57098e-07
5.4683e-07
6.48278e-07
7.62138e-07
8.88985e-07
1.02924e-06
1.18311e-06
1.35063e-06
1.53153e-06
1.72531e-06
1.93118e-06
2.14808e-06
2.37466e-06
2.60935e-06
2.85035e-06
3.09571e-06
3.34335e-06
3.59115e-06
3.83698e-06
4.07878e-06
4.31461e-06
4.54269e-06
4.76145e-06
4.96958e-06
5.16598e-06
5.34984e-06
5.52055e-06
5.67771e-06
5.82104e-06
5.53086e-09
1.89081e-08
3.51464e-08
5.47618e-08
7.83166e-08
1.06422e-07
1.39737e-07
1.78964e-07
2.24841e-07
2.78133e-07
3.39619e-07
4.10077e-07
4.90264e-07
5.80891e-07
6.82604e-07
7.9595e-07
9.21353e-07
1.05909e-06
1.20924e-06
1.37171e-06
1.54617e-06
1.73206e-06
1.92859e-06
2.13472e-06
2.34922e-06
2.57063e-06
2.79736e-06
3.02768e-06
3.25976e-06
3.49176e-06
3.72185e-06
3.94825e-06
4.1693e-06
4.38347e-06
4.58941e-06
4.78595e-06
4.97214e-06
5.14719e-06
5.31051e-06
5.46156e-06
4.96271e-09
1.69635e-08
3.15236e-08
4.90982e-08
7.01823e-08
9.53131e-08
1.25068e-07
1.60063e-07
2.00944e-07
2.48381e-07
3.0306e-07
3.65666e-07
4.36871e-07
5.17313e-07
6.07581e-07
7.08186e-07
8.19546e-07
9.41957e-07
1.07557e-06
1.22039e-06
1.37621e-06
1.54268e-06
1.71921e-06
1.90503e-06
2.09918e-06
2.30054e-06
2.5078e-06
2.71955e-06
2.93428e-06
3.15041e-06
3.36635e-06
3.58052e-06
3.79142e-06
3.9976e-06
4.19775e-06
4.39071e-06
4.57543e-06
4.75105e-06
4.9168e-06
5.07202e-06
4.42611e-09
1.51272e-08
2.81031e-08
4.37529e-08
6.25091e-08
8.48404e-08
1.1125e-07
1.42272e-07
1.78469e-07
2.20425e-07
2.68736e-07
3.24001e-07
3.86811e-07
4.57733e-07
5.37294e-07
6.25967e-07
7.24147e-07
8.32137e-07
9.50129e-07
1.07819e-06
1.21623e-06
1.36402e-06
1.52117e-06
1.68711e-06
1.86112e-06
2.04233e-06
2.22972e-06
2.42215e-06
2.61839e-06
2.81711e-06
3.01698e-06
3.21664e-06
3.41473e-06
3.60995e-06
3.80109e-06
3.98701e-06
4.16668e-06
4.33918e-06
4.50368e-06
4.6594e-06
3.92284e-09
1.3405e-08
2.48961e-08
3.8743e-08
5.5321e-08
7.50357e-08
9.83218e-08
1.25641e-07
1.57477e-07
1.94335e-07
2.36728e-07
2.85177e-07
3.40194e-07
4.02278e-07
4.71897e-07
5.49474e-07
6.3538e-07
7.29909e-07
8.3327e-07
9.45573e-07
1.06681e-06
1.19686e-06
1.33545e-06
1.4822e-06
1.63658e-06
1.79792e-06
1.96544e-06
2.13825e-06
2.31535e-06
2.49568e-06
2.67812e-06
2.86152e-06
3.04471e-06
3.22655e-06
3.40594e-06
3.58182e-06
3.75322e-06
3.91922e-06
4.07898e-06
4.23169e-06
3.45415e-09
1.18014e-08
2.19105e-08
3.40806e-08
4.86346e-08
6.59207e-08
8.63112e-08
1.10201e-07
1.38005e-07
1.70152e-07
2.07084e-07
2.49247e-07
2.97081e-07
3.51019e-07
4.11469e-07
4.78808e-07
5.53371e-07
6.35437e-07
7.25217e-07
8.22845e-07
9.28367e-07
1.04173e-06
1.16278e-06
1.29125e-06
1.42676e-06
1.56883e-06
1.71686e-06
1.87017e-06
2.02798e-06
2.18944e-06
2.35364e-06
2.51963e-06
2.68642e-06
2.85305e-06
3.01854e-06
3.18195e-06
3.34238e-06
3.49896e-06
3.6509e-06
3.79737e-06
3.0208e-09
1.03188e-08
1.91509e-08
2.97727e-08
4.24595e-08
5.75074e-08
7.52325e-08
9.59696e-08
1.20069e-07
1.47896e-07
1.79823e-07
2.16229e-07
2.57488e-07
3.03971e-07
3.56029e-07
4.13992e-07
4.78157e-07
5.48778e-07
6.26059e-07
7.10145e-07
8.01112e-07
8.98958e-07
1.0036e-06
1.11487e-06
1.23252e-06
1.35619e-06
1.48544e-06
1.61976e-06
1.75855e-06
1.90115e-06
2.04683e-06
2.19482e-06
2.34433e-06
2.49453e-06
2.6446e-06
2.79371e-06
2.94108e-06
3.08592e-06
3.22748e-06
3.365e-06
2.62314e-09
8.95851e-09
1.66194e-08
2.58221e-08
3.67991e-08
4.97995e-08
6.50891e-08
8.29484e-08
1.03672e-07
1.27563e-07
1.54936e-07
1.86107e-07
2.21393e-07
2.61103e-07
3.05538e-07
3.54981e-07
4.09688e-07
4.69888e-07
5.35768e-07
6.07472e-07
6.85091e-07
7.68657e-07
8.58138e-07
9.53438e-07
1.05439e-06
1.16074e-06
1.27219e-06
1.38835e-06
1.50877e-06
1.63295e-06
1.76031e-06
1.89027e-06
2.02216e-06
2.15533e-06
2.28909e-06
2.42274e-06
2.55561e-06
2.68701e-06
2.81626e-06
2.9427e-06
2.26114e-09
7.72027e-09
1.43155e-08
2.2228e-08
3.16514e-08
4.27933e-08
5.58744e-08
7.11272e-08
8.87949e-08
1.0913e-07
1.3239e-07
1.58838e-07
1.88735e-07
2.2234e-07
2.59904e-07
3.01663e-07
3.47839e-07
3.98629e-07
4.54199e-07
5.14685e-07
5.80182e-07
6.5074e-07
7.26362e-07
8.06999e-07
8.92546e-07
9.82841e-07
1.07767e-06
1.17675e-06
1.27976e-06
1.38632e-06
1.496e-06
1.60833e-06
1.72281e-06
1.8389e-06
1.95606e-06
2.07372e-06
2.1913e-06
2.30823e-06
2.42393e-06
2.53781e-06
7.92325e-06
7.91954e-06
7.90572e-06
7.87922e-06
7.83651e-06
7.77592e-06
7.69998e-06
7.62447e-06
7.55744e-06
7.49777e-06
7.44535e-06
7.39805e-06
7.35478e-06
7.31405e-06
7.27483e-06
7.23609e-06
7.19715e-06
7.15735e-06
7.11622e-06
7.07343e-06
7.02888e-06
6.98284e-06
6.93614e-06
6.89024e-06
6.84779e-06
6.81366e-06
6.79627e-06
6.80997e-06
6.87985e-06
7.04851e-06
7.389e-06
8.02259e-06
9.13883e-06
1.09863e-05
1.37896e-05
1.75485e-05
2.19641e-05
2.65802e-05
3.10308e-05
3.51019e-05
3.8695e-05
4.17889e-05
4.43998e-05
4.65573e-05
4.82979e-05
4.96566e-05
5.06675e-05
5.13626e-05
5.17712e-05
5.19159e-05
5.18171e-05
5.14925e-05
5.09514e-05
5.0196e-05
4.92267e-05
4.80457e-05
4.66648e-05
4.51748e-05
4.41418e-05
4.71267e-05
7.17819e-05
0.000178096
0.000468786
0.000934227
0.00129459
0.00144708
0.00148179
0.00147708
0.00146297
0.00144766
0.00143299
0.00141934
0.0014066
0.00139459
0.00138308
0.00137185
0.00136074
0.00134962
0.00133836
0.00132696
0.00131552
0.00130431
0.00129397
0.00128568
0.00128155
0.00128545
0.00130413
0.00134947
0.00144167
0.00161309
0.00190746
0.0023666
0.00299553
0.00374736
0.00454442
0.00532205
0.00604096
0.00668136
0.00723748
0.00771027
0.0081041
0.0084242
0.0086763
0.00886598
0.00899857
0.00907897
0.0091112
0.00909883
0.00904502
0.00895138
0.00881852
0.0086466
0.00843621
0.00818982
0.00792528
0.00775527
0.00838905
0.0133247
0.0342698
0.0901899
0.173957
0.224383
0.232398
0.222682
0.210909
0.20125
0.193883
0.188215
0.18374
0.180093
0.177026
0.174368
0.172
0.169836
0.167811
0.16585
0.163899
0.161905
0.159815
0.157568
0.155089
0.152286
0.149037
0.145191
0.140567
0.134979
0.128307
0.120655
0.112539
0.104803
0.0982191
0.0930868
0.0893206
0.0866652
0.0848575
0.0836709
0.0829328
0.0825155
0.0823284
0.0823063
0.0824031
0.0825865
0.0828344
0.0831336
0.0834772
0.0838618
0.084288
0.0847607
0.0852871
0.0858752
0.0865324
0.0872563
0.0880263
0.0887619
0.0892246
0.088767
0.0864115
0.0823036
0.0790904
0.0777119
0.0773588
0.0773395
0.0773973
0.0774663
0.0775336
0.0775971
0.0776571
0.0777146
0.0777706
0.0778258
0.0778809
0.0779361
0.0779916
0.0780467
0.0781001
0.0781494
0.0781904
0.078216
0.0782151
0.0781692
0.0780497
0.0778121
0.0773912
0.0767009
0.0756555
0.0742238
0.0724998
0.0706764
0.0689418
0.0673999
0.0660811
0.0649781
0.0640652
0.0633142
0.0626982
0.0621951
0.0617863
0.0614562
0.0611927
0.0609855
0.0608272
0.0607115
0.0606332
0.0605888
0.0605765
0.0605954
0.0606459
0.0607302
0.0608511
0.0610151
0.061226
0.0614951
0.0618224
0.0622162
0.0626328
0.0629773
0.0632304
0.0633982
0.0635008
0.063556
7.88251e-06
7.86429e-06
7.83308e-06
7.78587e-06
7.7198e-06
7.63468e-06
7.53544e-06
7.43581e-06
7.34419e-06
7.26201e-06
7.18927e-06
7.12426e-06
7.06544e-06
7.01111e-06
6.95987e-06
6.91046e-06
6.86185e-06
6.81304e-06
6.76328e-06
6.71197e-06
6.65866e-06
6.60318e-06
6.54573e-06
6.48703e-06
6.42889e-06
6.37501e-06
6.33246e-06
6.31446e-06
6.34531e-06
6.46897e-06
6.76364e-06
7.36308e-06
8.47967e-06
1.04029e-05
1.34212e-05
1.76445e-05
2.28738e-05
2.86543e-05
3.44981e-05
4.00178e-05
4.4966e-05
4.922e-05
5.27444e-05
5.55564e-05
5.77033e-05
5.92461e-05
6.02498e-05
6.07783e-05
6.08889e-05
6.06287e-05
6.00341e-05
5.91325e-05
5.79424e-05
5.64725e-05
5.47286e-05
5.27227e-05
5.05002e-05
4.82723e-05
4.70946e-05
5.21082e-05
8.36748e-05
0.00019836
0.000476366
0.000897048
0.00124738
0.00141703
0.00146426
0.0014613
0.00144328
0.00142231
0.00140198
0.00138326
0.00136626
0.00135079
0.00133655
0.0013232
0.00131043
0.00129795
0.00128544
0.00127272
0.00125968
0.00124637
0.00123313
0.0012208
0.00121118
0.00120782
0.00121751
0.00125279
0.00133579
0.00150272
0.00180453
0.00229458
0.00299782
0.00388629
0.00488436
0.00590709
0.00688453
0.00776993
0.00853838
0.00918075
0.00969809
0.0100971
0.0103876
0.0105806
0.0106868
0.0107164
0.0106777
0.0105773
0.0104203
0.0102099
0.00994821
0.00963641
0.00927712
0.0088793
0.00848435
0.00830059
0.00934185
0.0155909
0.0378757
0.0903481
0.164218
0.213524
0.224975
0.217096
0.205331
0.195263
0.187729
0.182263
0.178292
0.175361
0.17315
0.171433
0.170046
0.168868
0.167801
0.166766
0.165691
0.164504
0.163125
0.161465
0.159415
0.156843
0.153589
0.149469
0.144292
0.137901
0.130261
0.121596
0.112505
0.103835
0.0963518
0.0904261
0.0860399
0.0829673
0.0809269
0.0796555
0.0789386
0.078612
0.0785557
0.0786842
0.0789383
0.0792786
0.0796808
0.0801323
0.0806297
0.0811768
0.0817805
0.0824523
0.0832056
0.084053
0.0850014
0.0860405
0.087126
0.0881346
0.0887688
0.0883964
0.0862497
0.0825943
0.0794844
0.0779495
0.07747
0.0774116
0.0774754
0.0775645
0.0776536
0.0777368
0.0778137
0.0778853
0.0779532
0.0780189
0.0780838
0.078149
0.0782157
0.0782841
0.0783537
0.0784228
0.0784876
0.0785413
0.0785717
0.0785583
0.0784678
0.0782482
0.0778236
0.0770958
0.0759671
0.0743948
0.0724513
0.0703162
0.0681991
0.0662494
0.0645431
0.0631013
0.061912
0.0609485
0.0601794
0.0595746
0.0591071
0.0587535
0.0584944
0.0583139
0.0581995
0.0581414
0.0581318
0.0581653
0.058239
0.058352
0.0585054
0.0587019
0.0589457
0.0592436
0.0596016
0.0600278
0.0605212
0.061075
0.0616424
0.0621415
0.0625405
0.0628376
0.0630486
0.0631927
7.83244e-06
7.79937e-06
7.75109e-06
7.68496e-06
7.59945e-06
7.49631e-06
7.38224e-06
7.26905e-06
7.16492e-06
7.07265e-06
6.99251e-06
6.92305e-06
6.86243e-06
6.80869e-06
6.76004e-06
6.71488e-06
6.67182e-06
6.62954e-06
6.58696e-06
6.54303e-06
6.49679e-06
6.44735e-06
6.39397e-06
6.33624e-06
6.27453e-06
6.2107e-06
6.14972e-06
6.10255e-06
6.09156e-06
6.16021e-06
6.38921e-06
6.92021e-06
7.98143e-06
9.8908e-06
1.29893e-05
1.7482e-05
2.32805e-05
2.99819e-05
3.70288e-05
4.38822e-05
5.01305e-05
5.55215e-05
5.99432e-05
6.33863e-05
6.59076e-05
6.75993e-05
6.85673e-05
6.89158e-05
6.87372e-05
6.81059e-05
6.70752e-05
6.56787e-05
6.39367e-05
6.1858e-05
5.94502e-05
5.67387e-05
5.38228e-05
5.1103e-05
5.02627e-05
5.80124e-05
9.63922e-05
0.000216868
0.000480933
0.000863235
0.00119993
0.00138376
0.0014453
0.0014476
0.00142863
0.00140438
0.00138055
0.00135901
0.00134021
0.00132398
0.0013099
0.00129745
0.0012861
0.00127531
0.00126456
0.0012534
0.00124143
0.00122839
0.00121421
0.00119929
0.00118496
0.00117433
0.00117394
0.0011966
0.00126558
0.00141964
0.00171456
0.00221291
0.00295674
0.00393872
0.00509436
0.00632816
0.00754385
0.00866514
0.00964294
0.0104532
0.011091
0.011564
0.011887
0.0120779
0.0121549
0.0121343
0.0120297
0.0118509
0.0116041
0.0112934
0.0109208
0.0104882
0.0100009
0.00947839
0.00899891
0.00889229
0.0104689
0.0179831
0.0410849
0.090066
0.155876
0.203613
0.218426
0.21314
0.202146
0.192074
0.184529
0.179298
0.175803
0.173519
0.172055
0.171125
0.170526
0.170108
0.169754
0.169376
0.168887
0.168197
0.16721
0.165814
0.163877
0.161243
0.157733
0.153159
0.147346
0.140188
0.131734
0.122296
0.112507
0.103187
0.0950809
0.0886035
0.0838008
0.080478
0.0783411
0.0770904
0.0764675
0.0762694
0.0763468
0.0765957
0.0769474
0.0773606
0.0778138
0.0783009
0.078827
0.0794063
0.0800575
0.0808032
0.0816665
0.0826665
0.0838096
0.0850747
0.0863912
0.0875939
0.0883434
0.088045
0.0861071
0.0828476
0.0798782
0.0782183
0.0776032
0.0774826
0.0775345
0.0776312
0.0777315
0.0778238
0.077906
0.0779789
0.0780449
0.0781064
0.0781663
0.078227
0.0782908
0.0783593
0.0784336
0.0785132
0.0785956
0.0786746
0.0787381
0.0787639
0.0787148
0.0785317
0.0781293
0.0773994
0.076235
0.0745826
0.072496
0.0701382
0.0677246
0.065439
0.0633986
0.061656
0.0602169
0.0590601
0.0581515
0.0574543
0.0569329
0.0565557
0.0562961
0.0561321
0.0560463
0.0560256
0.05606
0.0561428
0.0562704
0.0564422
0.0566601
0.0569281
0.0572519
0.0576392
0.0580972
0.0586322
0.059241
0.0599087
0.0605896
0.0612148
0.0617446
0.0621673
0.062491
0.0627325
7.77653e-06
7.72941e-06
7.66589e-06
7.58423e-06
7.48455e-06
7.37035e-06
7.24922e-06
7.13146e-06
7.02463e-06
6.93201e-06
6.85398e-06
6.78915e-06
6.73542e-06
6.69052e-06
6.6523e-06
6.61878e-06
6.58818e-06
6.55895e-06
6.52961e-06
6.49864e-06
6.46452e-06
6.42561e-06
6.38026e-06
6.32689e-06
6.26439e-06
6.19283e-06
6.11504e-06
6.03962e-06
5.98667e-06
5.99815e-06
6.15516e-06
6.60313e-06
7.57947e-06
9.42095e-06
1.25091e-05
1.71285e-05
2.32966e-05
3.06847e-05
3.87102e-05
4.67125e-05
5.41181e-05
6.05289e-05
6.5739e-05
6.97038e-05
7.2492e-05
7.42371e-05
7.50986e-05
7.52324e-05
7.47729e-05
7.38223e-05
7.24479e-05
7.06833e-05
6.85418e-05
6.60232e-05
6.31319e-05
5.99117e-05
5.65424e-05
5.3684e-05
5.37372e-05
6.48062e-05
0.000109568
0.000233546
0.000483192
0.000832285
0.0011531
0.0013477
0.00142434
0.001435
0.00141819
0.00139309
0.00136772
0.00134507
0.00132604
0.00131053
0.00129803
0.0012878
0.00127906
0.00127103
0.00126295
0.00125411
0.00124385
0.00123155
0.0012168
0.0011996
0.00118082
0.00116314
0.00115278
0.00116246
0.00121594
0.00135326
0.00163321
0.00212516
0.00288528
0.00392572
0.00519712
0.00660148
0.00802217
0.00935396
0.0105207
0.0114803
0.0122197
0.0127479
0.0130863
0.0132621
0.013303
0.0132329
0.0130706
0.0128289
0.0125143
0.0121297
0.011676
0.0111546
0.0105746
0.00997127
0.00947303
0.00954685
0.0117594
0.0204277
0.0439008
0.089484
0.148631
0.194436
0.212314
0.210047
0.200441
0.190716
0.18324
0.178164
0.174988
0.173156
0.172215
0.171836
0.171778
0.171872
0.171988
0.172027
0.171894
0.171491
0.170707
0.169415
0.167466
0.164688
0.160895
0.155899
0.14955
0.141789
0.132734
0.122749
0.112475
0.102705
0.0941656
0.0873068
0.0822338
0.0787862
0.076663
0.0755281
0.0750761
0.0750609
0.075301
0.0756732
0.0761011
0.0765446
0.0769892
0.0774393
0.0779124
0.0784357
0.0790425
0.079769
0.08065
0.0817117
0.0829598
0.084362
0.0858224
0.0871403
0.0879527
0.0877159
0.0859789
0.0830675
0.0802631
0.0785136
0.0777624
0.0775599
0.0775808
0.0776716
0.0777734
0.0778666
0.0779462
0.0780128
0.0780692
0.0781193
0.0781669
0.0782163
0.0782711
0.0783344
0.0784089
0.0784957
0.0785938
0.078698
0.078796
0.0788644
0.0788622
0.0787242
0.078357
0.0776444
0.0764724
0.0747783
0.0725998
0.0700849
0.0674483
0.0648978
0.0625857
0.0605956
0.0589525
0.0576421
0.0566287
0.0558681
0.0553156
0.0549308
0.0546789
0.0545318
0.0544677
0.0544701
0.0545276
0.0546329
0.0547826
0.0549766
0.0552183
0.0555135
0.0558696
0.0562959
0.0568008
0.0573896
0.0580588
0.0587902
0.0595423
0.0602567
0.0608905
0.0614228
0.0618529
0.0621921
7.71844e-06
7.65905e-06
7.58312e-06
7.49008e-06
7.38157e-06
7.26234e-06
7.1402e-06
7.02417e-06
6.92098e-06
6.83381e-06
6.76298e-06
6.70701e-06
6.66358e-06
6.63014e-06
6.60423e-06
6.58359e-06
6.56618e-06
6.55022e-06
6.53391e-06
6.51537e-06
6.49259e-06
6.46336e-06
6.42524e-06
6.37569e-06
6.31234e-06
6.23372e-06
6.14077e-06
6.03988e-06
5.94883e-06
5.90736e-06
5.99514e-06
6.35778e-06
7.23621e-06
8.97815e-06
1.19954e-05
1.66388e-05
2.30221e-05
3.08993e-05
3.9694e-05
4.86545e-05
5.70555e-05
6.4345e-05
7.02093e-05
7.45606e-05
7.74827e-05
7.91624e-05
7.98269e-05
7.96966e-05
7.89546e-05
7.77321e-05
7.61053e-05
7.41015e-05
7.17178e-05
6.89376e-05
6.57602e-05
6.22575e-05
5.87218e-05
5.6135e-05
5.76412e-05
7.24455e-05
0.000122951
0.000248514
0.000483748
0.000803612
0.00110747
0.00130895
0.00140089
0.00142228
0.00141047
0.00138682
0.00136155
0.00133893
0.00132043
0.00130612
0.00129544
0.0012875
0.00128129
0.00127583
0.00127015
0.00126332
0.00125442
0.00124261
0.00122718
0.00120779
0.00118496
0.00116097
0.00114166
0.00113941
0.00117788
0.00129738
0.00155818
0.00203447
0.00279385
0.00386603
0.00521802
0.00675504
0.00834591
0.00985872
0.0111891
0.012274
0.0130912
0.0136509
0.0139832
0.0141274
0.0141226
0.0140019
0.0137897
0.0135007
0.0131407
0.0127102
0.0122072
0.0116325
0.0110011
0.0103698
0.00992905
0.0102856
0.0132005
0.0228767
0.0463626
0.0887103
0.142218
0.185882
0.206278
0.207309
0.19955
0.190501
0.183176
0.178161
0.175119
0.173511
0.172859
0.172795
0.173056
0.173452
0.173848
0.174137
0.174219
0.173985
0.173317
0.172072
0.170086
0.167174
0.163141
0.157807
0.151046
0.142841
0.133357
0.122994
0.112387
0.102302
0.0934561
0.0863272
0.0810748
0.0775758
0.0755291
0.0745661
0.0743339
0.07454
0.0749682
0.0754747
0.0759764
0.0764359
0.0768483
0.0772307
0.0776145
0.0780411
0.0785582
0.0792156
0.0800591
0.081121
0.0824062
0.0838716
0.0853998
0.0867648
0.0875971
0.0874099
0.0858612
0.0832596
0.0806335
0.0788333
0.0779499
0.0776513
0.0776234
0.0776948
0.0777893
0.0778777
0.077951
0.0780085
0.0780535
0.0780906
0.0781251
0.0781624
0.0782075
0.0782653
0.0783396
0.0784332
0.0785463
0.0786747
0.0788061
0.0789158
0.0789594
0.0788669
0.0785383
0.0778512
0.0766865
0.0749735
0.0727365
0.0701102
0.067306
0.0645487
0.06202
0.0598324
0.0580307
0.0566085
0.0555283
0.0547382
0.0541833
0.053813
0.053584
0.0534616
0.0534193
0.0534382
0.0535056
0.0536146
0.0537624
0.0539504
0.0541835
0.0544695
0.0548182
0.0552406
0.0557464
0.0563416
0.057023
0.0577733
0.0585559
0.0593214
0.0600267
0.0606447
0.061166
0.061595
7.66153e-06
7.59223e-06
7.50713e-06
7.4068e-06
7.29407e-06
7.17437e-06
7.05527e-06
6.94463e-06
6.84828e-06
6.769e-06
6.70691e-06
6.66043e-06
6.62707e-06
6.60414e-06
6.58899e-06
6.57923e-06
6.57267e-06
6.5674e-06
6.56142e-06
6.55263e-06
6.53867e-06
6.5169e-06
6.48428e-06
6.43749e-06
6.37314e-06
6.28845e-06
6.18276e-06
6.06049e-06
5.93707e-06
5.84952e-06
5.87472e-06
6.15553e-06
6.9318e-06
8.55572e-06
1.14604e-05
1.60518e-05
2.2531e-05
3.07367e-05
4.01217e-05
4.98715e-05
5.91248e-05
6.71723e-05
7.35797e-05
7.82059e-05
8.11489e-05
8.26573e-05
8.30395e-05
8.25926e-05
8.1556e-05
8.00911e-05
7.82804e-05
7.61394e-05
7.36432e-05
7.07557e-05
6.74749e-05
6.39163e-05
6.05189e-05
5.86306e-05
6.21e-05
8.08748e-05
0.000136359
0.000261927
0.000483026
0.00077677
0.00106329
0.00126801
0.0013741
0.00140825
0.0014039
0.00138375
0.00135999
0.00133819
0.00132051
0.00130733
0.00129811
0.0012919
0.00128757
0.00128396
0.00127996
0.00127447
0.00126639
0.00125466
0.00123838
0.00121694
0.00119059
0.00116126
0.00113436
0.00112177
0.00114657
0.00124859
0.00148833
0.00194318
0.0026898
0.00377356
0.00517789
0.00681518
0.008545
0.0102121
0.0116835
0.0128733
0.013748
0.0143188
0.0146259
0.0147227
0.0146622
0.0144882
0.0142308
0.0139065
0.0135193
0.0130661
0.0125416
0.011947
0.0113058
0.0107032
0.0103988
0.0111295
0.0147773
0.0252967
0.0485136
0.0878139
0.136448
0.177874
0.200163
0.204475
0.199014
0.19096
0.183899
0.178892
0.175829
0.174249
0.17368
0.173736
0.174136
0.17468
0.175226
0.175658
0.175869
0.175745
0.175153
0.173936
0.171914
0.16889
0.164664
0.159064
0.151988
0.143458
0.133675
0.123056
0.112227
0.101926
0.0928615
0.085537
0.0801592
0.0766443
0.0746985
0.073927
0.0739321
0.0743746
0.0750019
0.0756495
0.0762274
0.0767026
0.0770809
0.0773928
0.0776839
0.0780086
0.0784273
0.0790009
0.0797835
0.0808118
0.0820886
0.0835614
0.0850971
0.0864555
0.0872748
0.0871267
0.0857518
0.0834284
0.0809861
0.079172
0.078171
0.0777638
0.0776714
0.0777109
0.0777899
0.0778693
0.0779346
0.0779834
0.0780184
0.0780446
0.0780684
0.0780962
0.078134
0.078188
0.0782633
0.078364
0.0784914
0.078642
0.0788037
0.0789503
0.079035
0.0789835
0.078691
0.078031
0.0768804
0.0751618
0.072888
0.0701814
0.0672501
0.0643302
0.0616282
0.0592832
0.0573594
0.0558593
0.0547438
0.0539528
0.0534204
0.0530849
0.0528938
0.0528054
0.0527889
0.0528229
0.0528945
0.0529969
0.0531289
0.0532938
0.0534981
0.0537518
0.0540669
0.0544558
0.0549303
0.0554972
0.0561549
0.0568887
0.0576677
0.0584499
0.0591944
0.0598707
0.0604626
0.0609674
7.60851e-06
7.5319e-06
7.44078e-06
7.3367e-06
7.22327e-06
7.10617e-06
6.9924e-06
6.88878e-06
6.80021e-06
6.72898e-06
6.67504e-06
6.63669e-06
6.61145e-06
6.59656e-06
6.58938e-06
6.58749e-06
6.58873e-06
6.59109e-06
6.59251e-06
6.59074e-06
6.58321e-06
6.56693e-06
6.53839e-06
6.4936e-06
6.42834e-06
6.33873e-06
6.22275e-06
6.08308e-06
5.93294e-06
5.80637e-06
5.77645e-06
5.98142e-06
6.65576e-06
8.1508e-06
1.0914e-05
1.53954e-05
2.18759e-05
3.02808e-05
4.01061e-05
5.05037e-05
6.04957e-05
6.92173e-05
7.61023e-05
8.09409e-05
8.38382e-05
8.51066e-05
8.51447e-05
8.43366e-05
8.29859e-05
8.12876e-05
7.93302e-05
7.7116e-05
7.45973e-05
7.17215e-05
6.84946e-05
6.50955e-05
6.21419e-05
6.13645e-05
6.72201e-05
9.00217e-05
0.000149649
0.000273931
0.000481312
0.00075145
0.00102068
0.00122547
0.00134373
0.00139148
0.00139677
0.00138212
0.00136119
0.00134088
0.00132418
0.00131187
0.00130359
0.00129841
0.00129517
0.00129262
0.00128954
0.0012847
0.00127688
0.00126486
0.00124757
0.00122425
0.00119488
0.00116113
0.001128
0.00110675
0.00111948
0.00120492
0.00142299
0.00185289
0.00257828
0.00365819
0.00509246
0.006803
0.00864534
0.0104447
0.0120405
0.0133223
0.0142424
0.0148118
0.015081
0.0151191
0.0149947
0.0147635
0.0144625
0.0141094
0.0137066
0.0132471
0.0127231
0.0121377
0.0115267
0.0110094
0.010917
0.0120951
0.0164725
0.0276628
0.0503918
0.0868365
0.131189
0.170345
0.193935
0.201295
0.198407
0.191712
0.185111
0.180125
0.176947
0.175254
0.17461
0.174637
0.175045
0.175628
0.176232
0.176736
0.177024
0.176969
0.176423
0.175216
0.173152
0.170022
0.165627
0.159808
0.152488
0.14372
0.133731
0.122948
0.11198
0.101541
0.0923249
0.0848579
0.0793882
0.0758709
0.0740264
0.0734418
0.0736799
0.0743562
0.0751818
0.075971
0.0766279
0.0771242
0.077477
0.0777303
0.077943
0.0781807
0.0785136
0.07901
0.0797289
0.0807086
0.0819488
0.0833896
0.0848881
0.0862004
0.0869836
0.0868657
0.0856492
0.0835771
0.0813196
0.079523
0.0784258
0.0779068
0.0777353
0.0777296
0.077785
0.0778513
0.0779079
0.0779492
0.0779768
0.0779958
0.0780126
0.0780344
0.0780682
0.078121
0.078199
0.0783073
0.0784483
0.0786188
0.0788068
0.0789848
0.079104
0.0790867
0.0788254
0.0781904
0.0770556
0.0753381
0.0730412
0.0702761
0.0672468
0.0641979
0.0613555
0.058883
0.0568638
0.0553096
0.0541803
0.053408
0.0529152
0.0526289
0.0524865
0.0524396
0.0524529
0.0525034
0.0525777
0.0526701
0.0527811
0.0529157
0.0530825
0.0532932
0.0535615
0.0539015
0.0543262
0.0548439
0.0554549
0.0561479
0.0568977
0.057669
0.0584242
0.0591321
0.0597718
0.0603348
7.56129e-06
7.47992e-06
7.38556e-06
7.28054e-06
7.16889e-06
7.05618e-06
6.94872e-06
6.85236e-06
6.77119e-06
6.70703e-06
6.65967e-06
6.62743e-06
6.60789e-06
6.59841e-06
6.59646e-06
6.59969e-06
6.60603e-06
6.61348e-06
6.61995e-06
6.62311e-06
6.6202e-06
6.60793e-06
6.58237e-06
6.53897e-06
6.47279e-06
6.37905e-06
6.25461e-06
6.10069e-06
5.92852e-06
5.76933e-06
5.69157e-06
5.82683e-06
6.40177e-06
7.76261e-06
1.03644e-05
1.46914e-05
2.10959e-05
2.9591e-05
3.97326e-05
5.06608e-05
6.13028e-05
7.06502e-05
7.79941e-05
8.30379e-05
8.58788e-05
8.6886e-05
8.65511e-05
8.53526e-05
8.36659e-05
8.17258e-05
7.96302e-05
7.73716e-05
7.48841e-05
7.21071e-05
6.90686e-05
6.60326e-05
6.38172e-05
6.45237e-05
7.30767e-05
9.97951e-05
0.000162698
0.000284648
0.000478806
0.000727432
0.00097964
0.0011819
0.00130986
0.00137104
0.00138747
0.00138014
0.00136341
0.00134537
0.00132987
0.00131827
0.00131049
0.00130574
0.0013029
0.00130071
0.00129788
0.00129309
0.00128503
0.00127237
0.00125392
0.00122879
0.00119682
0.00115944
0.00112125
0.00109279
0.00109501
0.00116513
0.00136176
0.00176477
0.002463
0.00352708
0.00497295
0.00673458
0.00866731
0.0105812
0.0122907
0.013659
0.014622
0.0151872
0.0154144
0.0153885
0.015195
0.0149028
0.0145566
0.0141766
0.0137637
0.0133082
0.0128011
0.0122501
0.0117072
0.0113296
0.0115163
0.013193
0.0182659
0.0299547
0.0520281
0.0858032
0.126348
0.16324
0.187604
0.197647
0.197433
0.192424
0.186543
0.18169
0.178386
0.176498
0.175677
0.175572
0.175896
0.176437
0.177035
0.177556
0.177873
0.177845
0.177311
0.176082
0.17395
0.170703
0.166145
0.160134
0.152616
0.143673
0.13355
0.122675
0.111636
0.101121
0.0918091
0.0842407
0.0787013
0.0751845
0.0734293
0.073014
0.0734686
0.0743664
0.0753835
0.0763127
0.0770515
0.077577
0.0779174
0.0781301
0.0782855
0.0784589
0.0787269
0.0791619
0.0798242
0.0807509
0.0819379
0.0833197
0.0847496
0.0859887
0.0867205
0.0866258
0.0855529
0.0837081
0.081633
0.0798803
0.0787118
0.0780856
0.0778251
0.0777618
0.0777843
0.0778325
0.0778788
0.0779136
0.0779364
0.0779514
0.0779649
0.0779844
0.0780175
0.0780718
0.0781544
0.0782712
0.0784251
0.0786133
0.0788235
0.0790274
0.0791741
0.0791842
0.0789476
0.0783333
0.0772127
0.0754987
0.0731868
0.0703786
0.0672726
0.0641197
0.0611623
0.0585846
0.0564887
0.0548956
0.0537656
0.053023
0.0525793
0.0523496
0.0522619
0.0522606
0.0523066
0.0523751
0.052453
0.052536
0.0526261
0.0527304
0.0528591
0.0530254
0.0532441
0.0535305
0.0538984
0.0543574
0.05491
0.055548
0.0562517
0.0569919
0.0577353
0.0584514
0.0591172
0.0597195
7.52106e-06
7.43723e-06
7.34192e-06
7.23804e-06
7.12974e-06
7.02229e-06
6.92129e-06
6.83171e-06
6.75694e-06
6.69846e-06
6.65593e-06
6.6278e-06
6.61183e-06
6.60557e-06
6.60666e-06
6.61292e-06
6.62238e-06
6.63308e-06
6.64291e-06
6.64945e-06
6.64977e-06
6.64029e-06
6.61671e-06
6.57396e-06
6.50651e-06
6.40885e-06
6.27701e-06
6.11112e-06
5.92064e-06
5.73392e-06
5.61451e-06
5.68638e-06
6.16619e-06
7.39138e-06
9.81847e-06
1.39571e-05
2.02219e-05
2.87137e-05
3.9062e-05
5.04204e-05
6.16463e-05
7.15973e-05
7.9418e-05
8.47088e-05
8.75354e-05
8.83089e-05
8.76084e-05
8.60103e-05
8.39691e-05
8.17679e-05
7.95223e-05
7.72224e-05
7.47944e-05
7.21817e-05
6.94506e-05
6.69693e-05
6.57656e-05
6.82701e-05
7.97074e-05
0.000110087
0.000175397
0.000294175
0.000475645
0.000704555
0.00094018
0.00113779
0.00127281
0.00134641
0.00137471
0.00137615
0.00136499
0.00135013
0.00133629
0.00132544
0.00131793
0.0013132
0.00131025
0.00130786
0.00130472
0.00129948
0.00129073
0.0012771
0.00125731
0.00123039
0.00119611
0.00115571
0.00111339
0.00107898
0.00107218
0.00112837
0.00130436
0.00167962
0.00234658
0.00338558
0.00482785
0.00662142
0.00862573
0.0106403
0.0124568
0.0139125
0.0149238
0.0154913
0.0156809
0.0155924
0.0153285
0.0149725
0.0145783
0.0141697
0.013748
0.0133022
0.0128246
0.0123303
0.0118913
0.0117032
0.0122241
0.0144262
0.0201349
0.0321557
0.053447
0.0847291
0.121855
0.156516
0.181199
0.193489
0.195897
0.192815
0.187943
0.183413
0.180059
0.177972
0.176925
0.176623
0.176799
0.177239
0.177775
0.178264
0.178561
0.178512
0.17794
0.176644
0.174407
0.171018
0.166289
0.160098
0.152416
0.143346
0.133145
0.122236
0.111185
0.100649
0.0912885
0.0836529
0.0780602
0.0745417
0.07286
0.0725912
0.0732396
0.0743432
0.0755436
0.0766115
0.0774372
0.0780021
0.0783453
0.0785364
0.0786564
0.0787885
0.0790131
0.0794035
0.0800188
0.0808927
0.0820167
0.0833217
0.0846621
0.0858113
0.0864831
0.086406
0.0854622
0.0838236
0.0819262
0.0802381
0.0790243
0.0783025
0.0779492
0.077818
0.0777979
0.0778217
0.0778547
0.0778825
0.0779017
0.0779152
0.0779285
0.0779489
0.0779842
0.0780426
0.0781317
0.0782579
0.0784244
0.0786286
0.0788576
0.0790821
0.0792499
0.0792801
0.0790613
0.0784616
0.0773515
0.0756406
0.073318
0.0704771
0.0673108
0.0640732
0.0610203
0.0583547
0.056195
0.0545725
0.0534483
0.0527402
0.0523491
0.0521787
0.0521474
0.0521931
0.0522728
0.0523606
0.0524439
0.0525197
0.0525921
0.0526697
0.0527644
0.0528903
0.0530629
0.0532981
0.0536101
0.0540094
0.0545001
0.0550772
0.0557257
0.0564218
0.057137
0.0578427
0.0585155
0.0591393
7.48828e-06
7.40401e-06
7.30958e-06
7.20829e-06
7.10427e-06
7.00237e-06
6.90752e-06
6.82393e-06
6.75444e-06
6.70026e-06
6.66105e-06
6.63543e-06
6.62139e-06
6.61674e-06
6.61933e-06
6.62717e-06
6.63837e-06
6.65101e-06
6.66296e-06
6.67168e-06
6.67405e-06
6.66621e-06
6.64348e-06
6.60038e-06
6.53088e-06
6.42902e-06
6.29019e-06
6.11371e-06
5.9076e-06
5.69748e-06
5.54189e-06
5.55656e-06
5.94663e-06
7.03762e-06
9.28196e-06
1.32068e-05
1.9279e-05
2.7686e-05
3.81421e-05
4.98389e-05
6.1592e-05
7.2142e-05
8.04857e-05
8.61012e-05
8.89989e-05
8.96105e-05
8.85891e-05
8.66058e-05
8.42012e-05
8.17171e-05
7.92991e-05
7.69472e-05
7.45926e-05
7.21971e-05
6.98812e-05
6.81305e-05
6.81781e-05
7.27237e-05
8.71209e-05
0.000120789
0.000187654
0.000302592
0.00047193
0.000682696
0.000902278
0.00109355
0.00123304
0.00131745
0.00135759
0.00136878
0.0013644
0.00135373
0.00134218
0.00133238
0.00132514
0.00132024
0.00131685
0.00131387
0.00130999
0.00130385
0.00129403
0.00127911
0.00125778
0.00122906
0.00119267
0.00114971
0.00110405
0.00106479
0.00105031
0.00109403
0.0012505
0.00159795
0.00223093
0.00323771
0.00466371
0.00647244
0.00853143
0.0106346
0.0125545
0.0141029
0.015174
0.0157576
0.0159218
0.0157788
0.0154477
0.0150271
0.0145818
0.0141416
0.0137098
0.0132769
0.0128392
0.0124221
0.0121191
0.0121635
0.0130595
0.0157927
0.0220578
0.0342519
0.0546687
0.0836238
0.117657
0.150137
0.174756
0.188834
0.193686
0.192665
0.189066
0.185098
0.181845
0.179622
0.178358
0.177837
0.177826
0.178119
0.178546
0.17895
0.179174
0.179048
0.178381
0.176963
0.174576
0.171012
0.166098
0.159733
0.151911
0.142754
0.132524
0.121632
0.110618
0.10011
0.0907441
0.0830723
0.0774403
0.0739159
0.0722895
0.072143
0.0729631
0.0742564
0.0756325
0.0768399
0.0777601
0.0783769
0.0787389
0.0789268
0.0790313
0.0791418
0.079341
0.0797011
0.0802779
0.0811001
0.0821549
0.0833717
0.08461
0.0856602
0.0862685
0.086205
0.0853771
0.083925
0.0821991
0.0805919
0.079358
0.0785567
0.0781126
0.077907
0.0778355
0.0778276
0.0778428
0.0778616
0.0778773
0.0778903
0.0779054
0.0779291
0.0779692
0.0780341
0.0781315
0.0782682
0.0784473
0.078666
0.0789106
0.079151
0.0793338
0.0793768
0.0791684
0.0785766
0.0774717
0.0757614
0.0734297
0.0705631
0.067349
0.0640422
0.0609096
0.0581694
0.0559556
0.0543094
0.0531937
0.0525208
0.052182
0.0520701
0.0520946
0.0521866
0.0523001
0.0524081
0.0524987
0.0525704
0.0526292
0.0526853
0.052752
0.052844
0.0529771
0.0531673
0.0534287
0.0537722
0.0542032
0.0547193
0.0553095
0.0559547
0.0566309
0.0573127
0.0579771
0.0586069
7.46284e-06
7.37988e-06
7.28777e-06
7.19008e-06
7.09084e-06
6.99446e-06
6.90526e-06
6.82685e-06
6.76164e-06
6.71064e-06
6.6736e-06
6.64932e-06
6.63609e-06
6.63196e-06
6.63503e-06
6.64346e-06
6.65545e-06
6.66907e-06
6.68212e-06
6.69193e-06
6.69518e-06
6.68773e-06
6.66457e-06
6.61987e-06
6.54727e-06
6.44048e-06
6.29455e-06
6.10826e-06
5.88847e-06
5.65829e-06
5.47137e-06
5.43486e-06
5.7413e-06
6.70176e-06
8.75974e-06
1.24521e-05
1.82885e-05
2.65391e-05
3.70116e-05
4.89588e-05
6.11841e-05
7.23341e-05
8.12615e-05
8.73063e-05
9.03958e-05
9.09536e-05
8.96889e-05
8.7361e-05
8.46004e-05
8.1819e-05
7.92068e-05
7.67893e-05
7.45184e-05
7.23901e-05
7.05926e-05
6.97339e-05
7.12308e-05
7.79688e-05
9.52604e-05
0.000131773
0.000199384
0.000309966
0.000467736
0.000661757
0.000865908
0.00104955
0.00119108
0.00128431
0.00133559
0.00135693
0.00136028
0.00135477
0.00134629
0.00133802
0.00133129
0.00132622
0.00132226
0.00131842
0.00131348
0.00130611
0.00129488
0.00127839
0.00125536
0.00122481
0.00118646
0.00114134
0.001093
0.00104985
0.00102894
0.00106161
0.00119988
0.00152003
0.00211744
0.00308657
0.00448568
0.00629468
0.00839263
0.010573
0.0125938
0.0142424
0.0153891
0.0160083
0.0161657
0.0159821
0.0155917
0.015109
0.0146112
0.0141364
0.013693
0.013276
0.0128879
0.0125671
0.0124295
0.0127409
0.014035
0.0172789
0.0240096
0.036232
0.0557095
0.0824932
0.113714
0.144073
0.168316
0.183729
0.190756
0.191815
0.189694
0.186535
0.183578
0.181345
0.179923
0.179197
0.178986
0.179103
0.179379
0.179647
0.179741
0.179476
0.178654
0.177058
0.174474
0.170703
0.165591
0.159057
0.151118
0.141907
0.13169
0.12086
0.10993
0.0994924
0.0901617
0.0824829
0.0768251
0.0732907
0.0717016
0.0716531
0.0726225
0.0740906
0.0756372
0.0769877
0.0780123
0.0786953
0.0790925
0.0792945
0.0794006
0.0795053
0.0796926
0.0800325
0.0805763
0.0813476
0.0823294
0.0834515
0.0845815
0.0855296
0.0860743
0.0860215
0.0852973
0.084014
0.0824518
0.0809373
0.0797065
0.078845
0.0783179
0.0780355
0.077906
0.0778593
0.0778512
0.0778576
0.0778681
0.0778807
0.0778984
0.077927
0.0779739
0.0780471
0.0781544
0.0783025
0.0784941
0.0787258
0.0789832
0.079235
0.0794268
0.0794756
0.0792699
0.0786785
0.0775725
0.0758589
0.073518
0.0706303
0.0673778
0.0640148
0.0608155
0.0580118
0.0557516
0.0540853
0.0529784
0.0523392
0.0520501
0.0519944
0.0520724
0.0522096
0.0523566
0.0524856
0.0525853
0.0526562
0.0527057
0.0527459
0.0527908
0.0528559
0.0529571
0.0531096
0.0533276
0.0536219
0.0539985
0.0544571
0.0549899
0.0555821
0.0562136
0.0568624
0.0575071
0.05813
7.44411e-06
7.36402e-06
7.27541e-06
7.18205e-06
7.08785e-06
6.99683e-06
6.91281e-06
6.83889e-06
6.77716e-06
6.72854e-06
6.69287e-06
6.66918e-06
6.65602e-06
6.65174e-06
6.65461e-06
6.66294e-06
6.67496e-06
6.68873e-06
6.70196e-06
6.71179e-06
6.7147e-06
6.70627e-06
6.68123e-06
6.63349e-06
6.55648e-06
6.44378e-06
6.29033e-06
6.09459e-06
5.86257e-06
5.61513e-06
5.40119e-06
5.31928e-06
5.54865e-06
6.38402e-06
8.25567e-06
1.1703e-05
1.72689e-05
2.53003e-05
3.57038e-05
4.7814e-05
6.04525e-05
7.21994e-05
8.17737e-05
8.83661e-05
9.1793e-05
9.24379e-05
9.10405e-05
8.84372e-05
8.53499e-05
8.22716e-05
7.9453e-05
7.69628e-05
7.47905e-05
7.29806e-05
7.17986e-05
7.19704e-05
7.50598e-05
8.40444e-05
0.000104048
0.000142878
0.000210518
0.000316357
0.000463122
0.000641657
0.000831039
0.00100611
0.0011475
0.00124737
0.00130855
0.0013399
0.00135153
0.00135201
0.00134737
0.00134124
0.00133539
0.00133035
0.00132582
0.00132101
0.00131482
0.00130597
0.00129309
0.00127484
0.00124997
0.00121761
0.00117747
0.00113054
0.00108011
0.00103391
0.00100769
0.00103071
0.00115222
0.00144599
0.00200709
0.00293456
0.00429793
0.00609382
0.00821578
0.0104619
0.0125805
0.0143373
0.0155774
0.0162557
0.01643
0.0162254
0.0157889
0.0152504
0.0147014
0.0141911
0.0137361
0.0133384
0.0130099
0.0128031
0.0128554
0.0134572
0.015154
0.0188674
0.0259615
0.038087
0.0565834
0.0813411
0.109993
0.138303
0.161918
0.178242
0.187116
0.19017
0.189648
0.187512
0.185064
0.182983
0.181505
0.180625
0.180226
0.180154
0.180245
0.180333
0.180242
0.17978
0.178744
0.176918
0.174094
0.17009
0.16477
0.158076
0.150042
0.140811
0.130645
0.119919
0.109114
0.0987887
0.0895299
0.0818726
0.0762029
0.0726557
0.0710872
0.0711131
0.0722095
0.073838
0.0755512
0.0770504
0.0781918
0.0789567
0.0794059
0.079638
0.07976
0.0798709
0.0800556
0.0803816
0.0808956
0.0816158
0.0825225
0.0835472
0.0845678
0.085415
0.0858983
0.0858543
0.0852225
0.0840916
0.0826846
0.081271
0.0800636
0.0791624
0.0785644
0.0782078
0.0780164
0.077925
0.0778879
0.0778777
0.0778804
0.0778913
0.0779116
0.0779458
0.0780005
0.0780833
0.0782016
0.0783615
0.0785653
0.0788086
0.0790757
0.0793344
0.0795291
0.0795766
0.0793658
0.0787671
0.0776531
0.0759313
0.0735796
0.0706735
0.0673901
0.0639818
0.0607272
0.0578697
0.0555693
0.0538855
0.052787
0.0521787
0.051936
0.051933
0.0520622
0.0522432
0.0524234
0.0525743
0.0526854
0.0527586
0.0528031
0.0528323
0.0528614
0.0529061
0.0529822
0.0531046
0.0532866
0.0535388
0.0538677
0.0542743
0.0547533
0.0552934
0.0558782
0.0564888
0.0571058
0.0577124
7.43099e-06
7.35526e-06
7.27117e-06
7.18274e-06
7.09377e-06
7.00797e-06
6.92873e-06
6.8588e-06
6.80001e-06
6.75324e-06
6.71844e-06
6.69489e-06
6.68138e-06
6.67649e-06
6.67869e-06
6.68637e-06
6.69778e-06
6.71092e-06
6.72335e-06
6.73208e-06
6.73331e-06
6.72244e-06
6.69395e-06
6.6416e-06
6.55875e-06
6.43904e-06
6.27746e-06
6.07242e-06
5.82929e-06
5.56699e-06
5.3299e-06
5.20811e-06
5.36729e-06
6.08432e-06
7.77277e-06
1.09679e-05
1.62364e-05
2.39939e-05
3.42487e-05
4.64337e-05
5.94188e-05
7.17479e-05
8.20245e-05
8.9285e-05
9.321e-05
9.41088e-05
9.27213e-05
8.99437e-05
8.65867e-05
8.3234e-05
8.02135e-05
7.76553e-05
7.56035e-05
7.41637e-05
7.36824e-05
7.49896e-05
7.97492e-05
9.09383e-05
0.000113374
0.000153958
0.000220987
0.000321814
0.000458135
0.000622329
0.000797638
0.000963481
0.00110285
0.00120717
0.00127666
0.00131734
0.00133736
0.00134438
0.00134427
0.0013409
0.00133642
0.00133171
0.00132676
0.00132099
0.00131346
0.00130301
0.00128835
0.00126823
0.00124151
0.00120739
0.00116566
0.00111728
0.00106529
0.0010168
0.000986316
0.001001
0.00110724
0.00137583
0.00190057
0.00278354
0.00410391
0.00587468
0.00800622
0.0103059
0.0125177
0.0143894
0.0157408
0.0165038
0.0167228
0.0165221
0.0160578
0.0154748
0.0148801
0.0143365
0.0138718
0.0134983
0.0132391
0.0131617
0.0134214
0.0143245
0.0164108
0.0205362
0.0278878
0.0398086
0.0573022
0.0801698
0.106466
0.132805
0.155598
0.172451
0.182818
0.187692
0.188799
0.187842
0.1861
0.184345
0.182941
0.181987
0.181438
0.18118
0.181068
0.180939
0.180617
0.179908
0.178608
0.176509
0.173415
0.169161
0.163633
0.156793
0.148689
0.139471
0.129393
0.118808
0.108167
0.0979918
0.0888398
0.0812319
0.0755648
0.0720039
0.0704412
0.0705189
0.0717204
0.0734949
0.0753708
0.077025
0.0782967
0.0791603
0.0796784
0.0799558
0.080106
0.0802323
0.0804207
0.0807363
0.0812215
0.0818904
0.0827211
0.0836487
0.0845623
0.0853133
0.0857388
0.0857021
0.0851526
0.0841591
0.0828979
0.0815901
0.0804232
0.0795027
0.0788488
0.0784248
0.0781715
0.0780316
0.0779607
0.0779293
0.0779208
0.0779279
0.0779497
0.0779893
0.0780522
0.0781452
0.0782749
0.0784466
0.0786615
0.0789143
0.0791879
0.0794487
0.0796403
0.0796793
0.0794555
0.0788414
0.0777122
0.0759766
0.0736117
0.0706889
0.0673805
0.0639363
0.0606366
0.0577341
0.055399
0.0536997
0.0526084
0.0520283
0.0518282
0.0518746
0.0520526
0.0522761
0.0524897
0.0526639
0.0527887
0.0528675
0.0529109
0.0529338
0.0529521
0.0529822
0.0530393
0.0531379
0.0532908
0.0535079
0.0537959
0.0541567
0.0545869
0.0550778
0.0556164
0.0561865
0.0567712
0.0573544
7.42187e-06
7.35208e-06
7.27356e-06
7.19064e-06
7.10711e-06
7.02646e-06
6.95176e-06
6.88548e-06
6.8293e-06
6.78409e-06
6.74992e-06
6.72626e-06
6.71215e-06
6.70637e-06
6.70751e-06
6.71404e-06
6.72418e-06
6.73586e-06
6.74648e-06
6.75286e-06
6.75102e-06
6.73612e-06
6.70254e-06
6.64396e-06
6.55383e-06
6.42596e-06
6.25562e-06
6.04134e-06
5.78806e-06
5.51297e-06
5.25628e-06
5.09987e-06
5.19582e-06
5.80231e-06
7.31323e-06
1.02538e-05
1.52058e-05
2.26429e-05
3.26747e-05
4.48455e-05
5.81008e-05
7.09815e-05
8.19993e-05
9.00397e-05
9.4628e-05
9.5966e-05
9.476e-05
9.19423e-05
8.84047e-05
8.48279e-05
8.16316e-05
7.90252e-05
7.71231e-05
7.61018e-05
7.63871e-05
7.8892e-05
8.53286e-05
9.85914e-05
0.000123108
0.00016488
0.000230736
0.000326384
0.000452814
0.000603715
0.000765665
0.000921888
0.00105767
0.00116437
0.00124035
0.00128927
0.00131735
0.00133112
0.00133603
0.00133598
0.00133336
0.00132935
0.00132423
0.00131764
0.00130882
0.00129675
0.0012803
0.00125832
0.00122981
0.00119409
0.00115103
0.00110155
0.00104851
0.000998426
0.000964606
0.00097219
0.00106464
0.00130947
0.00179836
0.002635
0.00390653
0.00564146
0.00776862
0.0101088
0.0124071
0.0143979
0.015877
0.0167507
0.0170448
0.0168771
0.0164088
0.0157979
0.0151676
0.0145968
0.0141271
0.0137838
0.013603
0.0136662
0.0141427
0.0153448
0.0177917
0.0222602
0.0297663
0.0413908
0.0578762
0.0789811
0.103113
0.127565
0.149389
0.166437
0.177938
0.184398
0.187074
0.18738
0.186498
0.185234
0.184042
0.183112
0.182471
0.18205
0.181732
0.181366
0.18078
0.179787
0.178189
0.175789
0.172407
0.167899
0.162172
0.155205
0.147061
0.13789
0.127935
0.117528
0.107086
0.0970966
0.0880841
0.080553
0.0749041
0.0713307
0.0697611
0.0698693
0.071154
0.073059
0.0750931
0.0769083
0.0783238
0.0793032
0.0799073
0.0802446
0.0804341
0.0805835
0.0807797
0.0810866
0.0815433
0.0821607
0.0829161
0.0837491
0.0845606
0.0852216
0.085594
0.0855637
0.0850874
0.0842174
0.0830925
0.0818923
0.0807798
0.0798589
0.0791658
0.0786846
0.0783732
0.0781838
0.0780756
0.0780192
0.077996
0.0779967
0.0780183
0.0780623
0.0781328
0.0782355
0.0783761
0.0785586
0.0787832
0.0790428
0.0793191
0.0795771
0.0797594
0.0797825
0.0795377
0.0789001
0.0777481
0.0759929
0.0736117
0.0706731
0.0673446
0.0638727
0.0605376
0.0575981
0.0552338
0.0535208
0.0524356
0.0518803
0.0517193
0.0518119
0.0520365
0.0523019
0.0525494
0.0527486
0.0528899
0.0529775
0.0530237
0.0530444
0.0530566
0.0530766
0.0531198
0.0532003
0.0533298
0.0535181
0.0537716
0.0540926
0.0544793
0.0549251
0.0554194
0.0559489
0.0564987
0.0570542
7.41467e-06
7.35254e-06
7.28078e-06
7.20406e-06
7.1263e-06
7.05086e-06
6.98061e-06
6.91784e-06
6.86414e-06
6.82036e-06
6.78672e-06
6.76286e-06
6.748e-06
6.74108e-06
6.7408e-06
6.74566e-06
6.75383e-06
6.76314e-06
6.77084e-06
6.77356e-06
6.76713e-06
6.7466e-06
6.70625e-06
6.63985e-06
6.54103e-06
6.40395e-06
6.22427e-06
6.00081e-06
5.73823e-06
5.45226e-06
5.17924e-06
4.9932e-06
5.03291e-06
5.53735e-06
6.87854e-06
9.56638e-06
1.41896e-05
2.12683e-05
3.10095e-05
4.30774e-05
5.65169e-05
6.98996e-05
8.16747e-05
9.05884e-05
9.59991e-05
9.7971e-05
9.71413e-05
9.44498e-05
9.0855e-05
8.71355e-05
8.38142e-05
8.11956e-05
7.94782e-05
7.8916e-05
8.00081e-05
8.37245e-05
9.17761e-05
0.000106907
0.000133109
0.000175524
0.000239724
0.000330109
0.000447191
0.000585764
0.000735081
0.000881498
0.00101244
0.00111963
0.00120023
0.00125601
0.00129144
0.00131182
0.00132198
0.00132564
0.00132532
0.00132241
0.00131742
0.00131023
0.00130028
0.00128672
0.00126859
0.00124488
0.00121476
0.00117766
0.00113356
0.00108338
0.00102978
0.000978725
0.000942421
0.000944052
0.00102416
0.00124677
0.00170074
0.0024901
0.00370826
0.00539792
0.0075073
0.00987406
0.0122498
0.0143605
0.0159806
0.0169895
0.0173901
0.0172879
0.0168443
0.0162276
0.0155772
0.0149892
0.0145222
0.014216
0.0141209
0.0143311
0.0150247
0.016511
0.0192768
0.0240132
0.0315772
0.0428299
0.0583145
0.0777761
0.0999157
0.122566
0.143318
0.160279
0.17257
0.180344
0.184458
0.186032
0.186107
0.185468
0.184617
0.183815
0.183153
0.182611
0.182102
0.181494
0.180631
0.179334
0.17742
0.174709
0.171038
0.166285
0.160378
0.153314
0.145162
0.136072
0.126276
0.116081
0.105871
0.0960994
0.0872572
0.0798291
0.0742149
0.0706324
0.0690457
0.0691648
0.0705108
0.0725298
0.0747154
0.0766959
0.0782679
0.07938
0.0800872
0.080499
0.0807386
0.0809176
0.0811251
0.0814245
0.0818527
0.0824188
0.0831009
0.0838436
0.0845597
0.0851382
0.0854627
0.0854379
0.0850266
0.0842675
0.0832688
0.0821761
0.0811283
0.0802239
0.0795086
0.0789831
0.0786203
0.0783834
0.0782368
0.0781526
0.0781118
0.0781033
0.0781224
0.0781689
0.0782457
0.078357
0.0785071
0.0786987
0.0789303
0.0791935
0.0794683
0.079718
0.0798845
0.0798843
0.0796105
0.0789411
0.0777587
0.0759781
0.0735774
0.0706233
0.0672791
0.0637867
0.0604252
0.0574566
0.0550683
0.0533435
0.0522632
0.05173
0.0516045
0.0517402
0.0520095
0.0523163
0.0525989
0.0528252
0.0529858
0.0530858
0.0531385
0.053161
0.0531708
0.0531849
0.0532186
0.0532853
0.0533964
0.0535611
0.0537856
0.0540725
0.0544209
0.0548258
0.0552789
0.055769
0.0562833
0.0568085
7.40675e-06
7.35424e-06
7.29063e-06
7.22102e-06
7.14954e-06
7.07956e-06
7.01386e-06
6.95463e-06
6.90341e-06
6.86109e-06
6.82798e-06
6.80387e-06
6.78813e-06
6.77984e-06
6.77775e-06
6.78036e-06
6.78579e-06
6.79173e-06
6.79531e-06
6.79296e-06
6.78041e-06
6.75261e-06
6.70387e-06
6.62813e-06
6.51934e-06
6.37213e-06
6.18268e-06
5.95018e-06
5.67919e-06
5.38414e-06
5.0978e-06
4.88687e-06
4.87721e-06
5.28855e-06
6.46949e-06
8.91026e-06
1.31986e-05
1.98895e-05
2.92802e-05
4.11584e-05
5.46879e-05
6.85032e-05
8.10245e-05
9.08786e-05
9.72541e-05
0.000100054
9.98104e-05
9.74387e-05
9.39434e-05
9.01949e-05
8.68257e-05
8.42473e-05
8.27533e-05
8.26792e-05
8.45883e-05
8.94814e-05
9.9024e-05
0.000115762
0.000143229
0.00018578
0.000247923
0.00033303
0.000441293
0.000568433
0.000705838
0.000842438
0.000967591
0.00107363
0.00115703
0.00121814
0.00125991
0.00128642
0.00130176
0.00130936
0.00131166
0.0013102
0.00130568
0.00129818
0.00128734
0.00127252
0.00125292
0.00122772
0.00119625
0.00115809
0.00111331
0.00106283
0.00100913
0.00095769
0.00091967
0.000916401
0.00098557
0.00118755
0.00160788
0.00234974
0.00351121
0.0051475
0.00722644
0.00960516
0.0120467
0.0142742
0.0160445
0.0172102
0.0177481
0.0177457
0.0173594
0.0167642
0.0161141
0.0155234
0.015069
0.0148074
0.014803
0.0151609
0.0160632
0.017808
0.020842
0.0257693
0.0333035
0.044125
0.0586258
0.076556
0.0968579
0.117797
0.137408
0.15405
0.166817
0.175617
0.180983
0.183762
0.184827
0.184902
0.184499
0.183923
0.183317
0.182706
0.182036
0.181202
0.180065
0.178466
0.176239
0.173222
0.169278
0.164303
0.158247
0.151119
0.142996
0.134024
0.12442
0.114469
0.104523
0.0949977
0.0863544
0.0790544
0.0734926
0.0699064
0.068295
0.0684072
0.0697927
0.0719076
0.0742357
0.0763833
0.0781227
0.0793835
0.0802108
0.0807118
0.0810122
0.0812277
0.0814499
0.081743
0.0821433
0.0826595
0.0832713
0.0839293
0.0845577
0.0850616
0.0853434
0.0853237
0.0849699
0.08431
0.0834279
0.0824403
0.0814646
0.0805909
0.0798697
0.0793137
0.0789091
0.0786293
0.0784454
0.0783324
0.0782717
0.0782515
0.0782658
0.0783128
0.0783938
0.0785115
0.0786689
0.0788669
0.0791025
0.0793653
0.0796337
0.0798693
0.0800132
0.0799821
0.079671
0.0789618
0.0777417
0.0759298
0.0735064
0.0705371
0.0671809
0.063675
0.0602956
0.0573056
0.0548984
0.053164
0.0520879
0.0515739
0.0514803
0.0516562
0.0519686
0.0523166
0.0526355
0.0528914
0.0530745
0.0531905
0.0532534
0.0532813
0.0532925
0.0533042
0.0533318
0.0533886
0.0534854
0.053631
0.0538311
0.0540888
0.0544036
0.0547721
0.0551873
0.05564
0.0561192
0.0566132
7.39478e-06
7.35414e-06
7.30039e-06
7.23909e-06
7.17466e-06
7.11062e-06
7.04977e-06
6.99427e-06
6.94567e-06
6.90492e-06
6.87239e-06
6.84802e-06
6.83129e-06
6.82134e-06
6.81699e-06
6.8167e-06
6.81853e-06
6.82003e-06
6.81819e-06
6.80934e-06
6.7891e-06
6.75244e-06
6.69378e-06
6.60734e-06
6.4875e-06
6.32945e-06
6.12998e-06
5.88875e-06
5.6103e-06
5.30791e-06
5.01112e-06
4.77976e-06
4.7274e-06
5.05481e-06
6.08623e-06
8.28869e-06
1.22417e-05
1.85246e-05
2.75132e-05
3.91188e-05
5.26384e-05
6.67988e-05
8.0026e-05
9.08548e-05
9.83108e-05
0.000102119
0.000102678
0.00010084
9.76296e-05
9.39966e-05
9.06823e-05
8.82122e-05
8.69828e-05
8.74124e-05
9.01186e-05
9.61086e-05
0.000106968
0.000125013
0.000153327
0.000195556
0.000255319
0.000335188
0.000435146
0.000551682
0.00067789
0.000804801
0.000923476
0.00102699
0.00111151
0.00117638
0.00122327
0.00125517
0.00127539
0.00128691
0.00129203
0.00129229
0.00128855
0.00128106
0.00126965
0.00125387
0.00123311
0.00120675
0.00117428
0.00113542
0.00109035
0.00103998
0.000986643
0.000935349
0.000896303
0.000889092
0.00094864
0.00113162
0.00151982
0.00221461
0.00331715
0.00489334
0.00693008
0.00930583
0.0117994
0.0141366
0.0160611
0.0174009
0.0181042
0.0182361
0.0179424
0.0174
0.0167753
0.0162004
0.0157711
0.0155615
0.0156502
0.016151
0.0172456
0.0192151
0.0224612
0.0275042
0.0349316
0.0452765
0.058818
0.0753215
0.0939271
0.113246
0.131676
0.147816
0.160781
0.170322
0.176723
0.180587
0.182615
0.183443
0.183561
0.183292
0.182815
0.182193
0.181406
0.180376
0.178989
0.177108
0.174588
0.171292
0.167104
0.161943
0.155777
0.148625
0.140571
0.131753
0.122375
0.112696
0.103041
0.0937904
0.0853722
0.0782244
0.072733
0.0691507
0.0675095
0.0675989
0.0690026
0.0711937
0.0736524
0.0759657
0.0778809
0.0793051
0.0802689
0.0808742
0.0812471
0.0815066
0.0817477
0.0820366
0.0824105
0.082879
0.0834247
0.0840047
0.0845533
0.0849907
0.085235
0.08522
0.0849171
0.0843457
0.0835705
0.0826843
0.0817851
0.0809536
0.0802413
0.0796688
0.0792333
0.0789178
0.0787
0.0785589
0.0784773
0.0784436
0.0784507
0.0784957
0.0785783
0.0786999
0.0788616
0.0790627
0.0792983
0.0795563
0.0798128
0.0800281
0.0801423
0.0800726
0.0797162
0.0789591
0.0776941
0.0758455
0.0733965
0.0704123
0.0670479
0.063535
0.0601457
0.0571418
0.0547213
0.0529795
0.0519069
0.0514095
0.0513447
0.0515579
0.0519115
0.0523007
0.052657
0.0529451
0.0531541
0.0532897
0.0533667
0.0534037
0.0534196
0.0534323
0.0534571
0.0535071
0.053593
0.053723
0.0539028
0.0541355
0.0544211
0.054757
0.0551377
0.0555555
0.0560009
0.0564636
7.37472e-06
7.34853e-06
7.30669e-06
7.25522e-06
7.19893e-06
7.14159e-06
7.08611e-06
7.03471e-06
6.98901e-06
6.94999e-06
6.91816e-06
6.89351e-06
6.87563e-06
6.8637e-06
6.85657e-06
6.85265e-06
6.84992e-06
6.84583e-06
6.83726e-06
6.82046e-06
6.79102e-06
6.744e-06
6.67405e-06
6.57576e-06
6.44404e-06
6.27472e-06
6.06525e-06
5.81581e-06
5.53095e-06
5.22296e-06
4.91844e-06
4.67086e-06
4.58222e-06
4.83487e-06
5.72836e-06
7.70386e-06
1.13261e-05
1.71892e-05
2.57339e-05
3.69905e-05
5.03979e-05
6.47999e-05
7.8664e-05
9.04649e-05
9.90822e-05
0.000104057
0.000105625
0.000104545
0.000101828
9.84816e-05
9.5349e-05
9.30704e-05
9.21489e-05
9.30849e-05
9.65409e-05
0.000103511
0.000115478
0.000134513
0.00016327
0.000204772
0.000261908
0.000336623
0.000428771
0.000535473
0.000651186
0.000768646
0.00088039
0.000980274
0.00106444
0.00113154
0.00118226
0.00121863
0.00124318
0.00125841
0.00126636
0.00126854
0.00126584
0.00125868
0.00124704
0.00123066
0.00120912
0.00118199
0.00114892
0.00110977
0.00106482
0.00101498
0.000962426
0.000911762
0.000872306
0.000862019
0.000913177
0.00107878
0.00143654
0.00208521
0.00312756
0.0046383
0.00662224
0.00898011
0.01151
0.0139458
0.0160234
0.0175488
0.0184415
0.0187406
0.0185754
0.0181201
0.0175497
0.0170124
0.0166228
0.0164727
0.0166545
0.0172886
0.0185529
0.0207074
0.0241078
0.0291959
0.0364506
0.0462865
0.058899
0.0740738
0.0911121
0.108901
0.126137
0.141632
0.154559
0.164574
0.171777
0.176567
0.179482
0.181055
0.181729
0.181825
0.181539
0.180964
0.180109
0.178927
0.177328
0.175201
0.172426
0.168891
0.164503
0.159202
0.152971
0.145841
0.137896
0.129269
0.120147
0.110769
0.10143
0.0924772
0.0843079
0.0773347
0.0719325
0.0683632
0.0666901
0.0667432
0.0681446
0.070391
0.0729652
0.0754393
0.0775352
0.0791352
0.0802515
0.0809765
0.0814346
0.0817471
0.0820126
0.0823006
0.0826509
0.0830752
0.08356
0.0840689
0.0845462
0.0849247
0.0851364
0.0851258
0.0848678
0.0843754
0.0836974
0.0829078
0.0820872
0.0813066
0.0806157
0.0800403
0.0795855
0.0792427
0.0789962
0.0788294
0.0787274
0.078679
0.0786771
0.0787177
0.0787992
0.0789215
0.079084
0.0792843
0.0795156
0.0797635
0.0800024
0.0801908
0.0802679
0.0801516
0.0797418
0.0789291
0.0776126
0.0757223
0.0732454
0.0702469
0.0668781
0.0633646
0.0599731
0.0569628
0.0545344
0.0527878
0.0517184
0.0512353
0.0511959
0.0514434
0.0518366
0.0522665
0.0526616
0.0529843
0.0532225
0.0533816
0.0534765
0.0535262
0.0535504
0.0535671
0.0535919
0.0536381
0.0537159
0.0538336
0.0539965
0.0542077
0.0544679
0.0547749
0.0551243
0.0555097
0.055923
0.0563551
7.34179e-06
7.33288e-06
7.30533e-06
7.26559e-06
7.21889e-06
7.16931e-06
7.11997e-06
7.07325e-06
7.03083e-06
6.99383e-06
6.96281e-06
6.93787e-06
6.91865e-06
6.90437e-06
6.89387e-06
6.88553e-06
6.87724e-06
6.86638e-06
6.84976e-06
6.8236e-06
6.78356e-06
6.72487e-06
6.6425e-06
6.5315e-06
6.38739e-06
6.20668e-06
5.98754e-06
5.73062e-06
5.44056e-06
5.12876e-06
4.81912e-06
4.55929e-06
4.44045e-06
4.62739e-06
5.39505e-06
7.15693e-06
1.04578e-05
1.58969e-05
2.39656e-05
3.48054e-05
4.79998e-05
6.25287e-05
7.69342e-05
8.96667e-05
9.94844e-05
0.000105748
0.000108514
0.000108413
0.00010641
0.000103543
0.000100739
9.87497e-05
9.81822e-05
9.96176e-05
0.000103755
0.000111564
0.000124406
0.000144112
0.000172938
0.000213368
0.000267693
0.000337375
0.00042219
0.000519775
0.000625674
0.000734005
0.000838563
0.000933977
0.00101653
0.00108446
0.00113773
0.00117753
0.00120572
0.00122426
0.00123493
0.00123908
0.00123763
0.00123108
0.00121955
0.00120295
0.00118105
0.00115357
0.00112032
0.00108132
0.0010369
0.000987987
0.000936619
0.000887018
0.000847696
0.000835105
0.000879011
0.00102879
0.00135794
0.00196188
0.00294366
0.00438499
0.0063068
0.00863237
0.0111816
0.0137014
0.0159254
0.0176417
0.0187423
0.0192375
0.019236
0.0189034
0.0184187
0.0179435
0.0176099
0.017527
0.0177997
0.0185539
0.0199612
0.0222585
0.0257562
0.0308252
0.0378527
0.0471585
0.0588761
0.0728137
0.0884033
0.104751
0.1208
0.135546
0.148239
0.158489
0.166263
0.171799
0.175487
0.177753
0.178982
0.179472
0.179423
0.178947
0.178078
0.176794
0.175033
0.172709
0.16973
0.166008
0.161472
0.156084
0.149839
0.142778
0.134983
0.126582
0.117747
0.108694
0.0996922
0.0910591
0.0831601
0.0763824
0.0710876
0.0675424
0.0658378
0.0658437
0.0672236
0.0695032
0.0721751
0.0748008
0.0770787
0.0788644
0.080148
0.0810085
0.0815656
0.0819415
0.0822389
0.0825312
0.082862
0.0832468
0.0836767
0.0841219
0.084536
0.0848631
0.0850466
0.0850402
0.0848219
0.0843994
0.0838098
0.0831109
0.0823691
0.0816453
0.0809862
0.0804198
0.0799572
0.0795963
0.0793276
0.0791389
0.079018
0.078955
0.0789428
0.0789768
0.0790545
0.0791741
0.0793337
0.0795289
0.079751
0.0799834
0.0801983
0.0803528
0.0803852
0.0802144
0.0797432
0.0788677
0.0774935
0.0755573
0.0730507
0.070039
0.0666697
0.0631619
0.059776
0.0567668
0.0543359
0.0525872
0.051521
0.05105
0.0510329
0.0513117
0.0517423
0.0522124
0.0526473
0.0530069
0.0532775
0.0534637
0.0535804
0.0536467
0.0536826
0.0537064
0.0537342
0.0537791
0.0538516
0.0539596
0.0541085
0.0543015
0.0545394
0.0548207
0.0551418
0.0554974
0.0558805
0.0562832
7.29064e-06
7.30196e-06
7.29133e-06
7.26553e-06
7.2302e-06
7.18975e-06
7.14761e-06
7.10634e-06
7.06777e-06
7.03315e-06
7.00313e-06
6.97789e-06
6.95712e-06
6.94009e-06
6.9256e-06
6.912e-06
6.89715e-06
6.87836e-06
6.85245e-06
6.81566e-06
6.76382e-06
6.6924e-06
6.59679e-06
6.47257e-06
6.31592e-06
6.12408e-06
5.89589e-06
5.63252e-06
5.33866e-06
5.02488e-06
4.71265e-06
4.44428e-06
4.30098e-06
4.43095e-06
5.08508e-06
6.64816e-06
9.64059e-06
1.46584e-05
2.223e-05
3.25956e-05
4.54811e-05
6.00158e-05
7.48449e-05
8.84317e-05
9.9444e-05
0.000107077
0.000111197
0.000112282
0.000111214
0.00010903
0.000106719
0.000105129
0.000104967
0.000106889
0.000111628
0.000120117
0.000133598
0.000153666
0.000182225
0.000221297
0.000272687
0.000337485
0.000415423
0.000504559
0.000601302
0.000700886
0.000798167
0.000888505
0.000968429
0.00103596
0.00109054
0.00113273
0.00116376
0.00118511
0.00119823
0.00120431
0.00120423
0.00119852
0.00118742
0.00117098
0.00114911
0.00112171
0.00108874
0.0010503
0.00100682
0.000959208
0.000909387
0.000861229
0.000822514
0.000808302
0.000845998
0.000981474
0.00128389
0.00184483
0.00276646
0.00413567
0.00598748
0.00826724
0.0108183
0.0134046
0.015763
0.017669
0.0189891
0.0197042
0.0198983
0.0197232
0.019357
0.0189704
0.0187107
0.0187026
0.0190632
0.0199222
0.0214436
0.023841
0.0273824
0.0323763
0.0391327
0.0478968
0.0587566
0.0715425
0.0857923
0.100788
0.115669
0.129596
0.1419
0.152176
0.160304
0.166398
0.170721
0.173599
0.17535
0.176236
0.176453
0.176117
0.175283
0.17395
0.172082
0.16962
0.166495
0.162645
0.158022
0.152603
0.146398
0.139453
0.131849
0.123707
0.115184
0.106479
0.0978335
0.0895379
0.0819278
0.0753649
0.0701952
0.0666865
0.0649535
0.0649042
0.0662448
0.0685355
0.0712847
0.0740489
0.0765058
0.0784836
0.0799473
0.0809591
0.0816302
0.0820822
0.0824208
0.0827246
0.0830418
0.083393
0.0837747
0.0841639
0.0845228
0.0848053
0.0849647
0.0849624
0.0847789
0.0844184
0.0839084
0.0832941
0.0826294
0.0819661
0.0813466
0.0807995
0.0803395
0.0799699
0.0796863
0.0794805
0.0793434
0.0792666
0.0792434
0.0792691
0.0793403
0.0794541
0.0796069
0.0797925
0.0800001
0.0802111
0.0803955
0.0805087
0.0804886
0.0802552
0.0797149
0.0787698
0.0773326
0.0753473
0.0728099
0.0697867
0.0664214
0.0629259
0.0595529
0.0565523
0.0541243
0.0523765
0.0513137
0.0508528
0.0508548
0.0511617
0.0516274
0.0521368
0.0526121
0.0530104
0.0533164
0.0535334
0.0536757
0.0537623
0.0538134
0.0538477
0.0538813
0.0539276
0.0539973
0.0540981
0.0542357
0.0544132
0.0546317
0.0548902
0.0551858
0.055514
0.0558688
0.0562434
7.21556e-06
7.24994e-06
7.25893e-06
7.2495e-06
7.22758e-06
7.19796e-06
7.16433e-06
7.12951e-06
7.09553e-06
7.06377e-06
7.03501e-06
7.0095e-06
6.98701e-06
6.96682e-06
6.94773e-06
6.92809e-06
6.90572e-06
6.87797e-06
6.84167e-06
6.79321e-06
6.72863e-06
6.64376e-06
6.53446e-06
6.39693e-06
6.22803e-06
6.02571e-06
5.78948e-06
5.52095e-06
5.22485e-06
4.911e-06
4.59862e-06
4.32521e-06
4.16282e-06
4.24415e-06
4.79696e-06
6.17698e-06
8.87707e-06
1.34823e-05
2.0546e-05
3.03915e-05
4.28807e-05
5.72989e-05
7.24178e-05
8.67485e-05
9.89043e-05
0.000107937
0.000113525
0.000115974
0.000116052
0.000114757
0.000113114
0.000112044
0.000112346
0.000114745
0.00012
0.00012901
0.000142898
0.000163046
0.000191042
0.000228526
0.000276909
0.000336992
0.000408489
0.000489797
0.000578016
0.000669276
0.000759326
0.000844183
0.000920683
0.000986783
0.00104158
0.00108515
0.00111819
0.00114176
0.00115698
0.00116485
0.00116616
0.00116146
0.00115106
0.00113512
0.00111368
0.00108677
0.00105447
0.001017
0.000974829
0.000928868
0.000880911
0.000834525
0.000796822
0.000781586
0.000814015
0.000936616
0.00121421
0.00173415
0.00259671
0.0038923
0.0056678
0.00788945
0.0104248
0.013058
0.0155344
0.0176219
0.0191657
0.0201178
0.0205347
0.0205496
0.0203341
0.0200635
0.0198967
0.0199722
0.0204174
0.0213653
0.0229719
0.0254288
0.0289654
0.0338362
0.0402878
0.0485065
0.0585473
0.0702614
0.0832721
0.0970004
0.110748
0.123812
0.135606
0.145735
0.154023
0.160492
0.165302
0.168689
0.170902
0.172166
0.172656
0.172489
0.171732
0.170402
0.168484
0.165944
0.162737
0.158822
0.154172
0.148781
0.142668
0.135884
0.12851
0.120657
0.112472
0.104132
0.0958591
0.0879161
0.0806111
0.0742804
0.0692529
0.0657941
0.064038
0.0639283
0.0652143
0.0674942
0.0702982
0.0731838
0.075812
0.0779843
0.0796388
0.0808167
0.0816179
0.0821603
0.0825522
0.0828768
0.0831883
0.0835131
0.0838541
0.0841951
0.0845064
0.0847507
0.0848898
0.0848914
0.0847386
0.0844328
0.0839943
0.083458
0.0828674
0.0822662
0.0816919
0.0811724
0.0807243
0.0803547
0.0800634
0.0798459
0.079696
0.0796069
0.0795729
0.0795891
0.0796516
0.0797564
0.0798984
0.0800698
0.0802575
0.0804409
0.0805879
0.0806522
0.0805715
0.0802676
0.0796509
0.07863
0.0771255
0.0750886
0.0725207
0.0694886
0.066132
0.0626554
0.059303
0.0563181
0.0538987
0.0521548
0.0510957
0.050643
0.050661
0.0509926
0.0514908
0.052038
0.0525537
0.0529923
0.0533363
0.0535874
0.053759
0.0538698
0.0539398
0.0539878
0.0540302
0.0540808
0.0541501
0.0542463
0.0543749
0.0545394
0.0547411
0.0549794
0.055252
0.0555552
0.0558838
0.0562318
7.11081e-06
7.17068e-06
7.20185e-06
7.21123e-06
7.20494e-06
7.18801e-06
7.16445e-06
7.1373e-06
7.10882e-06
7.08056e-06
7.05343e-06
7.02779e-06
7.00346e-06
6.97978e-06
6.95558e-06
6.9292e-06
6.89853e-06
6.86095e-06
6.81343e-06
6.75256e-06
6.67469e-06
6.57607e-06
6.45312e-06
6.30264e-06
6.12222e-06
5.9105e-06
5.66758e-06
5.39547e-06
5.09889e-06
4.78693e-06
4.4768e-06
4.20162e-06
4.02511e-06
4.06564e-06
4.52903e-06
5.74219e-06
8.16827e-06
1.23748e-05
1.89294e-05
2.82212e-05
4.02382e-05
5.44218e-05
6.96869e-05
8.46244e-05
9.78297e-05
0.00010824
0.000115361
0.000119313
0.000120722
0.000120515
0.000119716
0.000119298
0.000120131
0.000123003
0.000128696
0.000138076
0.000152157
0.000172131
0.000199317
0.000235035
0.000280382
0.000335936
0.000401406
0.000475466
0.000555763
0.000639151
0.000722115
0.000801263
0.000873759
0.000937593
0.000991661
0.00103567
0.00106992
0.00109508
0.00111199
0.00112143
0.0011241
0.00112051
0.00111102
0.00109587
0.0010752
0.00104915
0.0010179
0.000981759
0.000941228
0.00089721
0.000851389
0.000807048
0.000770696
0.000754951
0.000782963
0.000894033
0.00114871
0.00162984
0.00243498
0.00365654
0.005351
0.00750377
0.0100065
0.0126657
0.0152399
0.0174949
0.019259
0.0204573
0.0211176
0.0213508
0.0213164
0.021189
0.0211349
0.0213035
0.021831
0.022853
0.0245179
0.0269971
0.0304866
0.0351949
0.0413171
0.0489934
0.058255
0.0689719
0.0808361
0.09338
0.106035
0.118216
0.129414
0.139255
0.147534
0.154209
0.159358
0.16314
0.165741
0.167343
0.168097
0.168116
0.167468
0.166185
0.164272
0.161713
0.158486
0.154569
0.149954
0.144646
0.138676
0.132096
0.124985
0.11745
0.109621
0.101663
0.0937752
0.0861972
0.0792109
0.0731275
0.0682584
0.0648639
0.0630921
0.0629197
0.0641383
0.0663864
0.0692213
0.0722079
0.074995
0.0773598
0.0792122
0.0805699
0.0815174
0.0821665
0.0826258
0.082983
0.0832987
0.083606
0.0839146
0.0842155
0.0844868
0.0846989
0.0848209
0.0848264
0.0847005
0.0844429
0.0840682
0.0836034
0.0830831
0.0825437
0.0820182
0.0815323
0.0811037
0.0807419
0.0804499
0.0802264
0.0800674
0.0799682
0.0799239
0.0799299
0.0799818
0.0800747
0.0802021
0.0803545
0.0805169
0.0806661
0.0807682
0.0807757
0.0806264
0.0802442
0.0795444
0.0784424
0.0768672
0.0747778
0.0721805
0.0691429
0.0658005
0.0623497
0.0590254
0.0560635
0.0536582
0.0519213
0.0508664
0.0504203
0.0504511
0.0508038
0.0513314
0.0519145
0.0524701
0.0529499
0.053334
0.0536223
0.0538268
0.0539654
0.0540579
0.0541232
0.0541777
0.0542353
0.0543069
0.0544009
0.054523
0.0546769
0.0548642
0.0550847
0.0553367
0.055617
0.0559212
0.0562443
6.97111e-06
7.0582e-06
7.11366e-06
7.14407e-06
7.15556e-06
7.15329e-06
7.14146e-06
7.12336e-06
7.10147e-06
7.07749e-06
7.05251e-06
7.027e-06
7.00086e-06
6.97351e-06
6.94383e-06
6.91025e-06
6.87072e-06
6.82277e-06
6.76356e-06
6.68996e-06
6.59872e-06
6.48656e-06
6.35048e-06
6.18795e-06
5.99722e-06
5.77758e-06
5.52967e-06
5.25581e-06
4.96068e-06
4.65265e-06
4.34709e-06
4.07318e-06
3.88712e-06
3.89415e-06
4.27953e-06
5.3421e-06
7.51402e-06
1.13404e-05
1.73925e-05
2.61098e-05
3.7592e-05
5.14317e-05
6.66972e-05
8.20848e-05
9.62085e-05
0.000107926
0.000116588
0.000122131
0.000125021
0.000126081
0.000126298
0.000126667
0.000128109
0.000131462
0.00013753
0.000147146
0.000161233
0.000180817
0.000206993
0.000240816
0.000283135
0.000334356
0.000394194
0.000461545
0.000534491
0.000610469
0.000686575
0.00075993
0.000828024
0.00088895
0.000941502
0.000985136
0.00101985
0.001046
0.00106415
0.00107489
0.00107881
0.00107636
0.00106793
0.00105379
0.00103418
0.00100931
0.000979436
0.000944926
0.000906316
0.000864488
0.000821022
0.000778945
0.000744223
0.000728409
0.000752759
0.000853552
0.00108717
0.00153181
0.00228164
0.0034297
0.00503999
0.00711483
0.00956918
0.0122333
0.0148823
0.0172855
0.0192591
0.0207045
0.0216214
0.0220951
0.0222686
0.0223102
0.022389
0.0226615
0.0232708
0.0243543
0.0260539
0.0285235
0.0319303
0.0364451
0.0422214
0.0493637
0.0578861
0.0676754
0.0784791
0.0899178
0.101528
0.112824
0.123366
0.13281
0.140941
0.147671
0.15302
0.157081
0.159985
0.161873
0.16287
0.163076
0.16256
0.161363
0.159502
0.156979
0.153789
0.14993
0.145405
0.140233
0.134451
0.128113
0.121297
0.1141
0.106646
0.0990816
0.0915887
0.0843853
0.0777285
0.071906
0.0672102
0.0638943
0.0621162
0.0618818
0.063023
0.0652199
0.0680614
0.0711255
0.0740546
0.0766048
0.0786583
0.0802069
0.0813167
0.0820897
0.0826328
0.0830371
0.0833692
0.0836695
0.0839551
0.0842245
0.0844632
0.0846488
0.0847571
0.0847665
0.0846643
0.084449
0.0841311
0.0837311
0.0832766
0.0827976
0.0823223
0.0818744
0.0814713
0.0811238
0.0808373
0.0806129
0.0804488
0.080342
0.0802883
0.0802837
0.0803234
0.0804017
0.0805108
0.0806394
0.0807704
0.0808786
0.0809282
0.0808708
0.0806446
0.0801768
0.0793877
0.0782005
0.0765526
0.0744111
0.071787
0.0687484
0.0654262
0.0620084
0.0587198
0.0557879
0.0534023
0.0516756
0.0506256
0.0501843
0.0502247
0.0505949
0.0511483
0.0517648
0.0523591
0.0528803
0.0533061
0.053634
0.0538746
0.0540448
0.0541635
0.0542495
0.0543194
0.0543872
0.054464
0.0545584
0.0546765
0.0548222
0.0549975
0.0552025
0.0554361
0.0556956
0.0559775
0.0562772
6.79209e-06
6.90715e-06
6.98826e-06
7.04144e-06
7.07256e-06
7.08676e-06
7.08834e-06
7.08075e-06
7.06662e-06
7.04787e-06
7.02571e-06
7.00075e-06
6.97303e-06
6.94205e-06
6.90681e-06
6.86584e-06
6.81727e-06
6.75881e-06
6.6879e-06
6.60178e-06
6.49762e-06
6.37268e-06
6.22456e-06
6.05137e-06
5.85201e-06
5.62635e-06
5.37547e-06
5.10195e-06
4.81033e-06
4.50831e-06
4.20956e-06
3.93974e-06
3.74829e-06
3.72855e-06
4.04666e-06
4.97461e-06
6.91315e-06
1.03809e-05
1.59445e-05
2.40788e-05
3.49782e-05
4.83774e-05
6.35012e-05
7.91714e-05
9.40531e-05
0.00010696
0.000117116
0.000124284
0.000128758
0.000131232
0.000132623
0.000133915
0.000136053
0.000139911
0.000146308
0.000156055
0.000169993
0.000189013
0.000214023
0.000245867
0.000285197
0.000332291
0.00038687
0.000448013
0.00051415
0.000583185
0.000652715
0.000720308
0.000783764
0.000841314
0.000891727
0.000934308
0.000968825
0.000995391
0.00101433
0.00102608
0.00103109
0.00102977
0.00102247
0.00100952
0.00099118
0.000967734
0.000939497
0.000906868
0.000870402
0.000830956
0.000790014
0.000750369
0.000717496
0.000701982
0.000723338
0.000815012
0.00102936
0.00143991
0.00213692
0.00321282
0.0047373
0.00672698
0.00911888
0.0117673
0.0144667
0.0169943
0.0191599
0.0208454
0.0220235
0.0227529
0.023156
0.02339
0.0236212
0.0240095
0.0247024
0.0258383
0.0275535
0.0299874
0.0332834
0.0375816
0.0430027
0.0496237
0.0574468
0.0663737
0.0761962
0.0866055
0.097223
0.107645
0.117495
0.126462
0.134332
0.140991
0.146413
0.150643
0.153764
0.155878
0.157085
0.15747
0.157098
0.156014
0.154244
0.151805
0.148704
0.144954
0.14057
0.13558
0.130025
0.123962
0.117465
0.110627
0.103559
0.0963978
0.089307
0.0824849
0.0761664
0.070616
0.0661073
0.0628843
0.0611107
0.0608176
0.0618743
0.064003
0.066827
0.069943
0.0729932
0.0757164
0.0779693
0.0797166
0.0810031
0.0819178
0.0825627
0.0830308
0.083394
0.0836999
0.0839734
0.0842205
0.0844343
0.0845993
0.084697
0.0847105
0.0846293
0.0844513
0.0841836
0.0838422
0.0834485
0.0830272
0.0826022
0.0821948
0.0818213
0.0814934
0.0812177
0.080997
0.0808316
0.0807194
0.0806577
0.0806423
0.0806683
0.0807293
0.0808162
0.0809159
0.0810093
0.0810692
0.0810582
0.0809275
0.0806166
0.0800562
0.0791728
0.0778974
0.0761765
0.0739847
0.0713377
0.0683037
0.0650086
0.0616313
0.0583861
0.0554911
0.0531306
0.0514174
0.0503729
0.0499349
0.0499818
0.0503653
0.0509407
0.0515874
0.0522185
0.0527806
0.0532488
0.0536184
0.053898
0.054103
0.0542516
0.0543621
0.0544508
0.054532
0.0546171
0.0547147
0.0548314
0.0549714
0.055137
0.0553289
0.0555463
0.0557872
0.0560485
0.0563265
6.57078e-06
6.71334e-06
6.82046e-06
6.89736e-06
6.94942e-06
6.98156e-06
6.99803e-06
7.00232e-06
6.99719e-06
6.98468e-06
6.96617e-06
6.9424e-06
6.91355e-06
6.87927e-06
6.83872e-06
6.79059e-06
6.73323e-06
6.66463e-06
6.58258e-06
6.4847e-06
6.36866e-06
6.23229e-06
6.07377e-06
5.89185e-06
5.68598e-06
5.45656e-06
5.20503e-06
4.9341e-06
4.64816e-06
4.35424e-06
4.06445e-06
3.80131e-06
3.60825e-06
3.56785e-06
3.82871e-06
4.63743e-06
6.36363e-06
9.49693e-06
1.45915e-05
2.21453e-05
3.24288e-05
4.53065e-05
6.01568e-05
7.59395e-05
9.13984e-05
0.000105339
0.000116889
0.000125658
0.000131767
0.000135761
0.000138459
0.0001408
0.000143728
0.000148132
0.00015484
0.000164641
0.000178313
0.000196637
0.000220372
0.000250193
0.000286601
0.000329774
0.00037945
0.000434852
0.00049469
0.000557243
0.000620521
0.000682472
0.000741182
0.000795044
0.000842853
0.000883831
0.00091759
0.000944057
0.000963377
0.000975826
0.00098174
0.000981466
0.000975337
0.000963667
0.000946757
0.000924922
0.000898511
0.000867947
0.000833789
0.000796864
0.000758562
0.000721467
0.00069061
0.000675701
0.000694651
0.000778267
0.000975081
0.00135395
0.00200087
0.0030067
0.004445
0.00634419
0.00866153
0.0112749
0.0139997
0.0166251
0.0189596
0.0208702
0.0223056
0.0232979
0.0239461
0.0243917
0.0247935
0.0253104
0.0260912
0.0272746
0.0289917
0.0313703
0.0345347
0.0386008
0.0436636
0.0497797
0.0569431
0.0650683
0.0739831
0.0834352
0.0931143
0.102685
0.111826
0.12026
0.127783
0.134265
0.139652
0.14395
0.147204
0.149483
0.150861
0.151407
0.151182
0.150228
0.148581
0.146263
0.143295
0.139697
0.135496
0.130726
0.125431
0.119669
0.113512
0.107046
0.100375
0.0936222
0.0869376
0.0805013
0.0745273
0.0692583
0.0649491
0.0618329
0.0600758
0.0597296
0.0606981
0.062744
0.0655275
0.0686688
0.0718153
0.0746944
0.0771395
0.0790889
0.0805638
0.0816371
0.082403
0.0829536
0.0833649
0.0836912
0.083965
0.0842005
0.0843977
0.0845481
0.0846388
0.0846571
0.0845947
0.0844494
0.0842263
0.0839372
0.0835993
0.0832323
0.0828566
0.0824906
0.0821495
0.0818448
0.0815839
0.0813709
0.0812073
0.0810921
0.0810232
0.0809968
0.0810076
0.0810485
0.0811089
0.0811741
0.0812231
0.081227
0.0811471
0.0809347
0.0805315
0.0798724
0.0788908
0.0775261
0.0757334
0.0734949
0.0708304
0.0678078
0.0645473
0.0612184
0.0580242
0.055173
0.052843
0.0511464
0.0501083
0.0496721
0.0497222
0.050115
0.050708
0.0513811
0.0520462
0.0526478
0.0531585
0.053571
0.0538918
0.0541346
0.0543165
0.054455
0.0545663
0.0546644
0.0547609
0.0548649
0.0549831
0.05512
0.0552785
0.0554596
0.0556631
0.0558874
0.0561302
0.0563882
6.30601e-06
6.47428e-06
6.60659e-06
6.70715e-06
6.78067e-06
6.83163e-06
6.86405e-06
6.88137e-06
6.88635e-06
6.88113e-06
6.86719e-06
6.84544e-06
6.8162e-06
6.77929e-06
6.73407e-06
6.67947e-06
6.6141e-06
6.53629e-06
6.44421e-06
6.33596e-06
6.2097e-06
6.06382e-06
5.89709e-06
5.70882e-06
5.49897e-06
5.26836e-06
5.0187e-06
4.75276e-06
4.47472e-06
4.19096e-06
3.91218e-06
3.65809e-06
3.46678e-06
3.41121e-06
3.62403e-06
4.32811e-06
5.8628e-06
8.68714e-06
1.33371e-05
2.03223e-05
2.99716e-05
4.22639e-05
5.67234e-05
7.24538e-05
8.82989e-05
0.000103088
0.000115887
0.000126177
0.000133914
0.000139486
0.00014359
0.00014709
0.0001509
0.000155905
0.00016293
0.000172743
0.000186074
0.000203615
0.000226008
0.000253801
0.000287375
0.000326841
0.00037195
0.000422047
0.000476064
0.000532584
0.000589957
0.000646453
0.000700418
0.00075041
0.000795287
0.00083424
0.000866785
0.000892715
0.000912031
0.000924883
0.000931504
0.000932172
0.000927183
0.000916839
0.00090145
0.000881344
0.000856887
0.00082851
0.000796766
0.000762446
0.000726854
0.000692382
0.000663659
0.000649602
0.000666659
0.000743187
0.000924095
0.00127367
0.00187344
0.00281185
0.00416477
0.00597002
0.00820283
0.0107635
0.0134892
0.0161843
0.0186602
0.0207743
0.022455
0.0237088
0.0246102
0.0252815
0.0258696
0.0265278
0.0274034
0.0286334
0.0303444
0.0326548
0.0356742
0.0394997
0.0442071
0.0498374
0.0563801
0.0637607
0.0718361
0.0803992
0.0891951
0.0979449
0.106375
0.114242
0.121354
0.127577
0.132839
0.137116
0.140426
0.142808
0.144315
0.145001
0.144915
0.144103
0.142597
0.140429
0.137626
0.134217
0.130232
0.125712
0.120703
0.115263
0.10946
0.103376
0.0971064
0.0907651
0.0844884
0.07844
0.0728146
0.0678346
0.0637358
0.0607395
0.0590118
0.0586202
0.0594996
0.0614513
0.0641732
0.0673126
0.0705281
0.0735409
0.0761655
0.078315
0.0799862
0.0812332
0.082139
0.0827921
0.0832706
0.0836344
0.0839232
0.0841589
0.0843491
0.0844918
0.0845795
0.084604
0.084559
0.0844428
0.0842591
0.0840169
0.0837295
0.0834131
0.0830845
0.0827596
0.0824522
0.082173
0.0819299
0.0817275
0.081568
0.0814515
0.0813761
0.081338
0.0813317
0.081349
0.0813782
0.0814027
0.0813999
0.0813392
0.0811818
0.0808795
0.0803771
0.0796145
0.0785325
0.077079
0.0752178
0.072938
0.0702632
0.0672599
0.0640423
0.0607699
0.0576344
0.0548338
0.0525395
0.0508627
0.0498317
0.0493959
0.049446
0.0498435
0.0504494
0.0511446
0.0518402
0.0524791
0.0530312
0.053487
0.0538505
0.0541336
0.0543519
0.054522
0.0546594
0.0547781
0.0548896
0.0550031
0.0551259
0.0552627
0.0554167
0.0555897
0.0557816
0.0559916
0.0562178
0.0564576
5.99863e-06
6.18951e-06
6.34491e-06
6.46796e-06
6.56247e-06
6.63235e-06
6.68122e-06
6.7123e-06
6.72828e-06
6.73129e-06
6.72291e-06
6.70414e-06
6.67549e-06
6.63696e-06
6.58813e-06
6.52822e-06
6.45616e-06
6.37065e-06
6.27028e-06
6.15363e-06
6.01938e-06
5.86646e-06
5.69418e-06
5.50233e-06
5.29135e-06
5.06234e-06
4.81721e-06
4.55873e-06
4.29082e-06
4.01921e-06
3.75334e-06
3.51041e-06
3.32383e-06
3.25799e-06
3.43112e-06
4.0442e-06
5.40761e-06
7.94916e-06
1.21822e-05
1.86183e-05
2.76291e-05
3.92897e-05
5.32592e-05
6.87848e-05
8.48243e-05
0.000100258
0.000114125
0.000125803
0.000135104
0.000142258
0.000147824
0.000152569
0.000157348
0.000163018
0.000170388
0.000180206
0.000193159
0.000209873
0.000230901
0.000256693
0.000287545
0.000323516
0.00036438
0.000409577
0.000458223
0.000509146
0.000560973
0.000612249
0.000661551
0.0007076
0.000749336
0.000785961
0.000816937
0.000841968
0.000860951
0.000873931
0.000881054
0.000882532
0.000878619
0.000869594
0.000855757
0.000837437
0.000815
0.000788875
0.000759597
0.00072792
0.000695064
0.000663247
0.000636735
0.000623726
0.000639333
0.000709653
0.000876192
0.00119883
0.00175448
0.00262855
0.00389786
0.00560752
0.00774803
0.0102406
0.0129444
0.0156804
0.0182675
0.0205579
0.0224641
0.0239697
0.0251246
0.0260296
0.026816
0.0276274
0.0286061
0.0298856
0.031588
0.0338241
0.0366923
0.0402755
0.0446352
0.0498018
0.0557621
0.0624517
0.0697512
0.07749
0.0854578
0.0934227
0.101152
0.108434
0.115092
0.120995
0.126059
0.130242
0.133538
0.135967
0.13756
0.138358
0.138402
0.13773
0.136379
0.13438
0.131766
0.128569
0.124825
0.120577
0.115872
0.110767
0.105328
0.0996316
0.0937664
0.0878369
0.0819674
0.076307
0.0710325
0.0663469
0.062468
0.0596041
0.0579186
0.0574911
0.0582834
0.0601327
0.0627743
0.0658855
0.0691408
0.0722611
0.0750468
0.0773885
0.0792588
0.0806909
0.0817541
0.0825301
0.0830964
0.0835168
0.0838375
0.0840875
0.0842817
0.0844248
0.0845148
0.0845477
0.0845197
0.0844299
0.0842813
0.0840809
0.0838393
0.0835694
0.0832851
0.083
0.0827262
0.0824737
0.0822499
0.0820599
0.0819061
0.081789
0.0817068
0.0816557
0.0816296
0.0816191
0.0816113
0.081588
0.0815251
0.0813913
0.0811475
0.0807477
0.0801402
0.0792709
0.0780882
0.0765486
0.0746244
0.0723108
0.0696342
0.0666592
0.0634935
0.0602863
0.0572172
0.0544738
0.0522203
0.0505664
0.0495433
0.0491064
0.0491532
0.049551
0.0501647
0.0508768
0.0515987
0.0522715
0.0528632
0.0533617
0.0537686
0.0540937
0.0543509
0.0545557
0.0547227
0.0548656
0.0549956
0.0551223
0.055253
0.0553928
0.0555454
0.0557129
0.0558959
0.056094
0.0563058
0.0565293
5.65162e-06
5.86084e-06
6.03603e-06
6.1792e-06
6.2932e-06
6.38119e-06
6.44627e-06
6.4913e-06
6.51879e-06
6.53078e-06
6.52886e-06
6.51414e-06
6.48724e-06
6.4484e-06
6.39742e-06
6.33384e-06
6.25691e-06
6.16574e-06
6.05936e-06
5.93682e-06
5.79731e-06
5.64026e-06
5.46546e-06
5.27313e-06
5.06405e-06
4.83957e-06
4.6017e-06
4.35314e-06
4.0975e-06
3.83993e-06
3.58868e-06
3.3588e-06
3.17953e-06
3.10771e-06
3.24867e-06
3.78332e-06
4.99472e-06
7.27964e-06
1.11257e-05
1.70383e-05
2.54184e-05
3.64184e-05
4.98188e-05
6.50041e-05
8.10542e-05
9.69223e-05
0.000111648
0.000124541
0.000135289
0.000143973
0.00015101
0.00015705
0.000162867
0.000169267
0.000177029
0.000186874
0.000199451
0.000215335
0.000235014
0.000258866
0.000287124
0.000319818
0.000356742
0.000397422
0.000441119
0.000486861
0.000533507
0.00057983
0.000624613
0.000666731
0.00070522
0.000739314
0.00076846
0.000792306
0.000810678
0.000823541
0.000830968
0.000833112
0.000830181
0.000822423
0.000810122
0.000793591
0.000773189
0.000749327
0.00072252
0.000693481
0.000663349
0.000634184
0.000609924
0.000598115
0.000612653
0.00067756
0.000831165
0.00112912
0.00164374
0.0024569
0.00364521
0.00525917
0.00730181
0.00971354
0.0123743
0.0151235
0.01779
0.0202256
0.0223314
0.0240711
0.0254716
0.0266112
0.0276029
0.0285772
0.029668
0.0310031
0.0326996
0.0348616
0.0375789
0.0409242
0.0449488
0.049676
0.055092
0.0611413
0.0677242
0.0746997
0.0818939
0.0891136
0.0961621
0.102855
0.109033
0.114571
0.119381
0.12341
0.126635
0.129059
0.130698
0.131579
0.131735
0.131199
0.130005
0.128186
0.125774
0.122806
0.119319
0.115357
0.110968
0.106206
0.101136
0.0958289
0.0903673
0.0848474
0.0793827
0.0741085
0.0691853
0.0647981
0.0611469
0.0584268
0.0567967
0.0563441
0.0570537
0.0587956
0.0613411
0.0643993
0.0676645
0.0708629
0.0737859
0.0763056
0.0783715
0.0799956
0.0812307
0.0821487
0.0828239
0.0833217
0.0836931
0.0839737
0.0841851
0.0843384
0.0844375
0.0844824
0.0844722
0.0844073
0.0842907
0.0841279
0.0839276
0.0837001
0.083457
0.0832095
0.0829683
0.0827422
0.0825382
0.082361
0.0822132
0.0820951
0.0820049
0.0819382
0.0818882
0.0818445
0.0817928
0.0817136
0.0815818
0.0813658
0.0810275
0.0805235
0.0798066
0.0788293
0.0775479
0.0759276
0.0739481
0.0716101
0.0689419
0.0660055
0.0629013
0.0597681
0.0567732
0.0540935
0.0518857
0.0502576
0.0492432
0.0488039
0.0488441
0.0492375
0.0498534
0.050577
0.0513199
0.0520225
0.0526507
0.0531902
0.05364
0.0540079
0.0543059
0.0545479
0.0547478
0.0549182
0.0550705
0.055214
0.0553561
0.0555024
0.0556568
0.0558218
0.0559987
0.0561874
0.0563872
0.0565965
5.26995e-06
5.49233e-06
5.68299e-06
5.84285e-06
5.97379e-06
6.07814e-06
6.15838e-06
6.21692e-06
6.25594e-06
6.27733e-06
6.28264e-06
6.27299e-06
6.24915e-06
6.21151e-06
6.16015e-06
6.09489e-06
6.01534e-06
5.921e-06
5.81134e-06
5.68586e-06
5.5442e-06
5.38625e-06
5.2122e-06
5.02264e-06
4.81861e-06
4.60162e-06
4.37369e-06
4.1374e-06
3.89606e-06
3.65424e-06
3.41915e-06
3.20391e-06
3.03416e-06
2.9601e-06
3.07554e-06
3.54321e-06
4.62071e-06
6.67456e-06
1.01647e-05
1.55842e-05
2.33514e-05
3.36782e-05
4.64508e-05
6.11813e-05
7.70732e-05
9.31669e-05
0.00010853
0.000122432
0.000134463
0.000144573
0.000153038
0.000160382
0.000167279
0.000174466
0.000182676
0.000192591
0.000204827
0.000219916
0.000238298
0.000260299
0.000286112
0.000315751
0.000349031
0.000385552
0.000424696
0.000465656
0.000507481
0.000549139
0.000589592
0.000627859
0.000663074
0.000694522
0.000721659
0.000744107
0.000761644
0.000774177
0.000781723
0.000784382
0.000782318
0.000775747
0.000764923
0.000750142
0.000731741
0.000710113
0.000685741
0.000659298
0.000631849
0.000605304
0.000583306
0.00057281
0.000586607
0.000646817
0.00078882
0.00106427
0.00154092
0.00229682
0.0034074
0.00492684
0.00686824
0.00918895
0.0117885
0.0145246
0.0172388
0.0197861
0.0220603
0.0240097
0.0256402
0.0270078
0.0282059
0.0293492
0.0305602
0.0319589
0.033656
0.0357495
0.0383223
0.0414397
0.0451462
0.0494606
0.0543702
0.0598276
0.0657497
0.0720196
0.0784935
0.0850101
0.0914031
0.0975134
0.103199
0.108344
0.11286
0.116687
0.119794
0.122168
0.123816
0.124752
0.125
0.124589
0.123549
0.12191
0.119708
0.116976
0.113754
0.110085
0.106017
0.101602
0.0969012
0.0919819
0.0869208
0.0818064
0.0767422
0.0718509
0.067278
0.0631915
0.0597745
0.0572086
0.0556464
0.0551804
0.0558141
0.0574466
0.0598836
0.0628661
0.0661116
0.0693564
0.0723885
0.0750655
0.0773169
0.0791336
0.0805504
0.081627
0.0824314
0.083028
0.0834706
0.0838
0.0840439
0.0842196
0.0843365
0.0843988
0.084409
0.0843691
0.0842825
0.0841542
0.0839913
0.0838024
0.0835969
0.0833844
0.0831738
0.0829728
0.0827876
0.0826224
0.0824792
0.0823582
0.082257
0.0821707
0.0820913
0.0820076
0.0819039
0.0817599
0.08155
0.0812429
0.0808026
0.0801892
0.0793609
0.078277
0.0769019
0.0752087
0.0731841
0.0708332
0.0681852
0.0652987
0.0622664
0.0592161
0.0563032
0.0536934
0.051536
0.0499366
0.0489317
0.0484885
0.0485189
0.0489031
0.0495156
0.0502445
0.0510025
0.0517296
0.0523902
0.0529676
0.0534589
0.0538692
0.0542089
0.0544899
0.0547251
0.0549263
0.0551043
0.0552681
0.0554252
0.0555815
0.0557411
0.0559069
0.0560806
0.0562628
0.0564531
0.0566505
4.86033e-06
5.09012e-06
5.29117e-06
5.46344e-06
5.60788e-06
5.72598e-06
5.81954e-06
5.89043e-06
5.94047e-06
5.97129e-06
5.98431e-06
5.98065e-06
5.96115e-06
5.92635e-06
5.87657e-06
5.81188e-06
5.73225e-06
5.63755e-06
5.52763e-06
5.4024e-06
5.26193e-06
5.10647e-06
4.93656e-06
4.75305e-06
4.55716e-06
4.3505e-06
4.13506e-06
3.91323e-06
3.68803e-06
3.46346e-06
3.24582e-06
3.04655e-06
2.88815e-06
2.81502e-06
2.91078e-06
3.32179e-06
4.28217e-06
6.12948e-06
9.29517e-06
1.42549e-05
2.14348e-05
3.10907e-05
4.31966e-05
5.73808e-05
7.2966e-05
8.90886e-05
0.000104864
0.000119548
0.000132664
0.000144048
0.000153847
0.000162457
0.000170442
0.000178455
0.000187164
0.000197208
0.000209161
0.000223521
0.000240688
0.000260957
0.000284489
0.000311296
0.00034122
0.000373921
0.000408887
0.000445445
0.000482804
0.000520096
0.00055644
0.000590984
0.000622963
0.000651721
0.000676741
0.000697638
0.000714166
0.000726193
0.000733691
0.000736716
0.000735393
0.000729902
0.000720469
0.000707364
0.000690897
0.000671435
0.000649433
0.000625518
0.000600683
0.000576704
0.000556954
0.000547852
0.000561187
0.000617341
0.000748974
0.00100398
0.00144568
0.00214809
0.00318471
0.00461193
0.00645074
0.00867278
0.0111956
0.013895
0.0166263
0.0192507
0.0216591
0.0237881
0.0256256
0.0272073
0.0286062
0.0299198
0.0312569
0.0327273
0.0344341
0.0364688
0.0389085
0.0418129
0.0452222
0.0491527
0.0535938
0.0585059
0.0638199
0.0694392
0.0752444
0.0811012
0.0868693
0.092412
0.0976044
0.10234
0.106534
0.110126
0.113076
0.115364
0.116985
0.117948
0.118268
0.117967
0.117071
0.11561
0.113614
0.11112
0.108164
0.10479
0.101042
0.096973
0.092639
0.0881036
0.083438
0.0787233
0.0740538
0.0695409
0.0653159
0.061531
0.0583533
0.0559507
0.0544685
0.0540015
0.0545676
0.0560918
0.0584111
0.0612981
0.0644956
0.0677541
0.0708631
0.0736711
0.0760908
0.0780934
0.0796956
0.0809428
0.081894
0.0826099
0.0831449
0.0835429
0.0838368
0.0840494
0.084195
0.0842826
0.0843178
0.0843047
0.0842477
0.0841519
0.0840236
0.0838699
0.0836987
0.083518
0.0833351
0.0831567
0.0829879
0.082832
0.0826907
0.0825631
0.0824462
0.0823343
0.0822185
0.0820864
0.0819216
0.0817032
0.0814059
0.0809999
0.0804519
0.0797262
0.0787872
0.0776013
0.0761405
0.0743852
0.0723283
0.0699781
0.0673636
0.0645392
0.0615896
0.0586315
0.0558081
0.0532742
0.0511718
0.0496037
0.048609
0.0481607
0.0481779
0.0485481
0.0491511
0.0498788
0.0506454
0.0513908
0.0520783
0.0526896
0.0532192
0.0536705
0.0540513
0.0543722
0.0546444
0.0548788
0.0550853
0.0552727
0.0554484
0.0556182
0.0557865
0.0559565
0.0561303
0.0563088
0.0564923
0.0566804
4.43077e-06
4.66204e-06
4.86801e-06
5.04785e-06
5.20168e-06
5.33021e-06
5.43455e-06
5.51602e-06
5.57599e-06
5.61581e-06
5.63671e-06
5.63973e-06
5.62573e-06
5.59538e-06
5.54915e-06
5.48739e-06
5.41034e-06
5.3182e-06
5.21115e-06
5.08948e-06
4.95356e-06
4.80397e-06
4.6415e-06
4.4672e-06
4.2824e-06
4.08871e-06
3.88805e-06
3.68263e-06
3.47512e-06
3.26905e-06
3.0699e-06
2.88764e-06
2.74207e-06
2.67252e-06
2.75365e-06
3.11719e-06
3.97582e-06
5.63976e-06
8.51192e-06
1.30472e-05
1.96713e-05
2.86712e-05
4.00899e-05
5.36593e-05
6.88132e-05
8.47866e-05
0.000100756
0.00011599
0.000129965
0.000142432
0.000153425
0.000163216
0.000172257
0.000181104
0.000190352
0.000200581
0.000212325
0.000226042
0.000242102
0.000260775
0.000282207
0.000306412
0.000333259
0.000362467
0.000393609
0.000426128
0.000459365
0.000492594
0.000525067
0.000556055
0.000584883
0.000610965
0.000633816
0.000653067
0.000668457
0.000679834
0.000687137
0.000690387
0.000689674
0.000685145
0.000676996
0.000665467
0.000650841
0.000633456
0.000613734
0.000592258
0.000569953
0.000548469
0.000530933
0.00052328
0.00053639
0.000589063
0.000711458
0.000947952
0.00135763
0.00201037
0.00297718
0.00431539
0.00605196
0.00817015
0.0106039
0.0132459
0.0159658
0.0186333
0.0211397
0.023414
0.0254298
0.0272045
0.0287917
0.0302711
0.0317362
0.0332848
0.0350109
0.0369991
0.0393206
0.0420309
0.0451669
0.0487443
0.0527551
0.0571672
0.0619236
0.0669445
0.0721312
0.077372
0.0825489
0.087545
0.0922513
0.0965721
0.100428
0.10376
0.106524
0.108695
0.110262
0.111225
0.111594
0.111385
0.110621
0.109327
0.107533
0.105271
0.102578
0.0994941
0.0960638
0.0923357
0.0883633
0.0842058
0.0799289
0.075607
0.0713256
0.0671854
0.0633047
0.0598211
0.0568864
0.054655
0.053264
0.0528084
0.0533168
0.0547361
0.0569319
0.059707
0.0628302
0.0660696
0.0692211
0.0721286
0.0746924
0.0768666
0.0786503
0.0800737
0.0811848
0.082038
0.0826855
0.0831725
0.0835354
0.0838012
0.0839891
0.084112
0.084179
0.0841968
0.084171
0.0841074
0.0840117
0.0838905
0.0837503
0.0835978
0.0834392
0.0832798
0.0831235
0.0829728
0.0828283
0.0826885
0.0825493
0.0824041
0.0822431
0.0820532
0.0818175
0.0815153
0.0811224
0.0806113
0.0799523
0.0791149
0.0780695
0.0767897
0.0752546
0.0734513
0.0713772
0.0690431
0.0664767
0.0637276
0.0608719
0.0580153
0.0552889
0.0528369
0.0507937
0.0492594
0.0482756
0.0478208
0.0478217
0.0481729
0.0487603
0.0494798
0.0502476
0.0510043
0.0517123
0.0523517
0.0529154
0.0534044
0.0538247
0.0541848
0.0544946
0.0547635
0.0550008
0.0552146
0.0554118
0.0555984
0.0557787
0.0559562
0.0561332
0.0563112
0.0564908
0.0566719
3.99011e-06
4.21713e-06
4.42253e-06
4.60488e-06
4.76362e-06
4.89879e-06
5.01086e-06
5.10059e-06
5.16892e-06
5.21686e-06
5.24541e-06
5.25549e-06
5.24793e-06
5.22346e-06
5.18267e-06
5.1261e-06
5.05422e-06
4.96748e-06
4.86637e-06
4.75141e-06
4.62328e-06
4.48274e-06
4.33079e-06
4.16858e-06
3.99749e-06
3.81909e-06
3.63519e-06
3.44779e-06
3.25924e-06
3.07264e-06
2.89272e-06
2.72822e-06
2.59658e-06
2.53277e-06
2.6036e-06
2.92778e-06
3.69857e-06
5.20076e-06
7.8093e-06
1.19562e-05
1.80602e-05
2.64284e-05
3.71569e-05
5.00651e-05
6.46885e-05
8.0358e-05
9.63203e-05
0.000111872
0.000126469
0.000139802
0.000151806
0.000162648
0.000172668
0.000182322
0.000192122
0.000202585
0.000214191
0.000227361
0.000242437
0.000259666
0.000279188
0.000301024
0.000325069
0.000351096
0.000378751
0.000407577
0.000437026
0.000466493
0.000495349
0.000522969
0.00054877
0.000572231
0.000592911
0.000610462
0.000624627
0.000635242
0.000642226
0.000645573
0.000645343
0.000641653
0.000634671
0.000624606
0.000611713
0.000596301
0.000578755
0.000559617
0.000539745
0.000520674
0.000505304
0.000499134
0.000512219
0.000561923
0.000676117
0.000895919
0.00127638
0.00188324
0.00278461
0.00403772
0.0056738
0.00768541
0.0100207
0.0125878
0.0152706
0.0179488
0.020517
0.0228999
0.0250604
0.0270006
0.0287568
0.0303908
0.0319805
0.0336106
0.0353646
0.037319
0.0395391
0.0420763
0.0449654
0.0482217
0.0518408
0.0557971
0.0600442
0.0645169
0.0691338
0.0738023
0.0784236
0.0828985
0.0871326
0.0910411
0.0945519
0.0976071
0.100164
0.102194
0.103682
0.104622
0.105019
0.104884
0.104236
0.103097
0.101493
0.0994546
0.0970169
0.0942172
0.0910976
0.0877039
0.0840861
0.0802991
0.0764033
0.0724663
0.0685655
0.0647915
0.0612507
0.0580668
0.0553774
0.0533239
0.0520345
0.0516024
0.0520639
0.0533841
0.0554537
0.0581037
0.0611292
0.0643178
0.0674758
0.0704474
0.0731247
0.0754484
0.0774014
0.0789987
0.0802763
0.0812798
0.0820571
0.0826523
0.0831032
0.08344
0.0836853
0.0838558
0.083964
0.0840188
0.0840279
0.0839976
0.0839341
0.0838434
0.0837313
0.0836035
0.0834648
0.0833196
0.0831705
0.0830191
0.0828648
0.0827052
0.0825353
0.0823476
0.0821316
0.0818739
0.0815577
0.0811635
0.0806689
0.0800495
0.0792799
0.0783352
0.0771919
0.0758304
0.0742362
0.0724019
0.0703284
0.0680276
0.0655251
0.062865
0.0601147
0.0573688
0.0547468
0.0523822
0.0504022
0.0489042
0.0479318
0.0474693
0.0474508
0.0477781
0.0483437
0.0490476
0.0498088
0.0505688
0.0512897
0.0519505
0.0525424
0.0530644
0.0535206
0.0539178
0.0542641
0.0545677
0.0548368
0.0550787
0.0552998
0.0555058
0.055701
0.055889
0.0560723
0.0562527
0.0564311
0.0566079
3.54746e-06
3.76506e-06
3.96473e-06
4.14467e-06
4.30381e-06
4.44163e-06
4.55807e-06
4.6534e-06
4.72813e-06
4.78292e-06
4.81852e-06
4.83568e-06
4.83518e-06
4.81771e-06
4.78396e-06
4.73458e-06
4.67021e-06
4.59147e-06
4.49906e-06
4.3937e-06
4.27622e-06
4.14757e-06
4.00881e-06
3.86117e-06
3.706e-06
3.5448e-06
3.37923e-06
3.21108e-06
3.04242e-06
2.8759e-06
2.71567e-06
2.56937e-06
2.45245e-06
2.39608e-06
2.46023e-06
2.75214e-06
3.4476e-06
4.80795e-06
7.18131e-06
1.09758e-05
1.65982e-05
2.43663e-05
3.44161e-05
4.66368e-05
6.06559e-05
7.58933e-05
9.16689e-05
0.000107319
0.000122302
0.000136264
0.000149071
0.000160793
0.000171671
0.000182064
0.000192397
0.000203115
0.000214643
0.000227359
0.000241575
0.000257519
0.000275325
0.000295022
0.000316534
0.000339679
0.00036417
0.000389633
0.000415616
0.000441619
0.000467113
0.000491571
0.000514493
0.000535423
0.000553967
0.000569805
0.000582694
0.000592467
0.000599032
0.000602364
0.0006025
0.000599532
0.000593598
0.000584882
0.00057361
0.000560058
0.00054458
0.000527671
0.00051013
0.000493381
0.000480122
0.00047545
0.000488679
0.000535871
0.000642811
0.00084761
0.00120151
0.00176623
0.00260665
0.0037791
0.0053176
0.00722197
0.0094521
0.0119302
0.0145538
0.0172129
0.0198074
0.0222611
0.0245297
0.0266031
0.0285024
0.0302733
0.0319783
0.0336881
0.035475
0.0374066
0.0395419
0.0419279
0.044597
0.047565
0.0508305
0.0543739
0.0581584
0.062131
0.0662252
0.0703646
0.0744672
0.0784491
0.0822297
0.0857348
0.0888997
0.0916708
0.0940067
0.0958777
0.0972655
0.0981617
0.0985666
0.0984879
0.0979396
0.0969406
0.0955149
0.0936901
0.0914979
0.0889737
0.0861567
0.0830894
0.0798182
0.0763935
0.0728702
0.0693096
0.0657813
0.0623664
0.0591601
0.0562735
0.0538306
0.0519605
0.0507819
0.0503849
0.050811
0.0520393
0.0539829
0.0564981
0.0594057
0.0625138
0.0656423
0.0686399
0.071395
0.0738383
0.0759396
0.0776997
0.0791417
0.0803017
0.0812208
0.08194
0.0824964
0.0829214
0.08324
0.0834719
0.0836321
0.0837323
0.0837816
0.0837876
0.083757
0.0836958
0.0836092
0.0835022
0.0833788
0.083242
0.0830937
0.0829341
0.0827618
0.0825734
0.0823632
0.0821231
0.0818422
0.0815075
0.0811031
0.0806111
0.0800121
0.0792854
0.0784104
0.0773677
0.0761398
0.0747132
0.0730788
0.0712333
0.0691804
0.0669316
0.0645097
0.0619528
0.0593195
0.0566936
0.054183
0.0519111
0.0499981
0.0485385
0.0475781
0.0471067
0.0470657
0.0473645
0.0479018
0.0485827
0.0493291
0.0500837
0.0508089
0.051483
0.0520955
0.0526442
0.0531311
0.0535614
0.0539415
0.0542783
0.0545787
0.054849
0.0550951
0.0553222
0.0555345
0.0557354
0.0559275
0.0561128
0.0562925
0.0564674
3.1117e-06
3.31553e-06
3.50498e-06
3.67805e-06
3.83334e-06
3.96995e-06
4.08737e-06
4.18547e-06
4.26438e-06
4.32445e-06
4.36615e-06
4.39007e-06
4.39684e-06
4.38713e-06
4.36162e-06
4.32104e-06
4.26608e-06
4.19751e-06
4.1161e-06
4.02273e-06
3.9183e-06
3.80384e-06
3.68044e-06
3.54932e-06
3.41177e-06
3.2692e-06
3.12307e-06
2.97499e-06
2.82673e-06
2.68061e-06
2.54021e-06
2.41227e-06
2.31051e-06
2.26285e-06
2.32333e-06
2.58907e-06
3.22031e-06
4.45698e-06
6.62189e-06
1.00988e-05
1.52795e-05
2.24845e-05
3.18781e-05
4.34045e-05
5.67693e-05
7.14738e-05
8.69095e-05
0.00010246
0.000117599
0.000131951
0.000145331
0.000157733
0.00016931
0.000180332
0.000191139
0.000202102
0.000213587
0.000225925
0.000239395
0.000254205
0.000270482
0.000288265
0.000307502
0.000328051
0.000349684
0.000372097
0.000394924
0.00041775
0.000440141
0.000461653
0.000481862
0.000500376
0.00051685
0.000530996
0.00054259
0.000551472
0.000557545
0.000560774
0.000561176
0.000558824
0.000553831
0.000546355
0.000536593
0.000524791
0.00051127
0.000496483
0.000481168
0.00046665
0.000455437
0.000452266
0.000465781
0.000510865
0.000611412
0.000802773
0.00113264
0.00165881
0.0024428
0.00353939
0.00498413
0.00678233
0.00890325
0.0112816
0.0138272
0.0164407
0.0190285
0.0215157
0.0238541
0.0260246
0.0280359
0.0299196
0.0317236
0.0335054
0.0353253
0.0372417
0.0393062
0.0415611
0.0440364
0.0467478
0.0496965
0.0528685
0.0562348
0.0597533
0.0633701
0.0670229
0.0706438
0.0741632
0.0775126
0.080628
0.0834525
0.0859376
0.0880444
0.089744
0.0910169
0.0918525
0.0922483
0.0922088
0.0917448
0.0908723
0.0896121
0.0879892
0.0860325
0.0837746
0.0812514
0.0785021
0.0755691
0.072498
0.0693386
0.0661456
0.0629812
0.0599176
0.0570398
0.0544471
0.0522509
0.0505682
0.0495087
0.0491578
0.0495598
0.050705
0.052525
0.0548992
0.0576719
0.0606728
0.0637369
0.0667209
0.0695138
0.0720405
0.0742604
0.0761624
0.0777574
0.079071
0.0801365
0.0809894
0.0816645
0.0821924
0.0825991
0.0829059
0.0831298
0.0832845
0.0833807
0.0834273
0.0834315
0.0833994
0.0833363
0.0832464
0.083133
0.0829983
0.0828433
0.0826673
0.0824681
0.0822414
0.0819813
0.0816794
0.0813254
0.0809067
0.0804095
0.0798184
0.0791173
0.0782899
0.0773204
0.0761945
0.0749005
0.0734297
0.0717774
0.0699436
0.0679329
0.0657561
0.0634321
0.0609929
0.0584882
0.0559912
0.0535989
0.0514247
0.0495821
0.048163
0.0472151
0.0467336
0.0466671
0.0469327
0.0474357
0.048086
0.048809
0.049549
0.0502691
0.050947
0.0515715
0.0521387
0.0526493
0.0531068
0.053516
0.0538825
0.0542117
0.0545092
0.05478
0.0550285
0.0552587
0.0554738
0.0556764
0.0558685
0.0560515
0.0562265
2.69105e-06
2.87778e-06
3.0534e-06
3.21588e-06
3.36364e-06
3.49553e-06
3.61076e-06
3.70886e-06
3.78967e-06
3.85325e-06
3.89983e-06
3.92981e-06
3.94368e-06
3.94202e-06
3.92549e-06
3.89477e-06
3.85061e-06
3.79378e-06
3.72511e-06
3.6455e-06
3.55588e-06
3.45729e-06
3.3508e-06
3.23755e-06
3.11876e-06
2.99568e-06
2.86963e-06
2.74197e-06
2.61427e-06
2.48849e-06
2.36776e-06
2.25803e-06
2.17158e-06
2.13351e-06
2.19273e-06
2.43753e-06
3.0143e-06
4.14365e-06
6.12478e-06
9.31758e-06
1.40963e-05
2.07787e-05
2.95475e-05
4.03889e-05
5.30708e-05
6.71688e-05
8.21399e-05
9.74187e-05
0.000112502
0.000127011
0.000140727
0.000153588
0.000165674
0.000177176
0.000188358
0.000199518
0.00021096
0.000222968
0.000235784
0.000249593
0.000264514
0.000280591
0.000297793
0.000316013
0.000335074
0.000354733
0.000374695
0.000394626
0.000414167
0.000432954
0.000450631
0.000466865
0.000481362
0.000493868
0.000504182
0.000512156
0.000517695
0.000520758
0.000521351
0.000519529
0.000515384
0.000509049
0.000500695
0.00049054
0.000478871
0.000466101
0.00045291
0.00044053
0.000431294
0.000429617
0.000443534
0.000486869
0.000581801
0.00076116
0.00106934
0.0015604
0.00229242
0.00331814
0.00467364
0.00636811
0.00837819
0.0106491
0.0131016
0.0156465
0.0181975
0.0206828
0.0230525
0.0252819
0.0273701
0.0293368
0.0312174
0.0330566
0.0349034
0.0368064
0.0388098
0.0409504
0.0432549
0.0457388
0.0484051
0.0512441
0.0542341
0.0573417
0.0605242
0.0637313
0.0669077
0.069996
0.072939
0.0756824
0.0781769
0.0803798
0.0822556
0.0837772
0.0849252
0.085688
0.0860615
0.0860477
0.085655
0.0848967
0.0837907
0.0823593
0.0806286
0.0786281
0.0763903
0.0739507
0.0713475
0.0686215
0.0658169
0.0629825
0.0601732
0.0574529
0.054897
0.0525939
0.0506435
0.0491514
0.0482177
0.0479229
0.0483122
0.0493838
0.0510847
0.0533144
0.0559391
0.058809
0.0617758
0.0647068
0.0674951
0.0700635
0.0723648
0.0743784
0.0761045
0.0775585
0.078765
0.0797532
0.0805533
0.0811937
0.0816995
0.0820925
0.0823905
0.0826086
0.0827585
0.0828502
0.0828914
0.0828886
0.0828471
0.0827707
0.0826622
0.0825232
0.082354
0.0821534
0.0819186
0.0816452
0.0813273
0.0809569
0.0805247
0.0800195
0.0794303
0.078745
0.077951
0.0770362
0.0759896
0.0748016
0.0734648
0.0719749
0.0703304
0.068533
0.0665877
0.0645033
0.062295
0.0599877
0.0576229
0.0552635
0.0529958
0.050924
0.0491551
0.0477783
0.0468433
0.0463507
0.046256
0.0464839
0.0469464
0.0475587
0.0482496
0.0489656
0.0496704
0.050342
0.0509683
0.0515444
0.0520698
0.0525465
0.052978
0.0533684
0.0537221
0.0540435
0.0543365
0.054605
0.0548525
0.0550819
0.0552954
0.0554952
0.0556826
0.0558589
0.0635757
0.0635786
0.063574
0.0635632
0.0635472
0.0635266
0.0635021
0.063474
0.0634427
0.0634085
0.0633715
0.063332
0.0632901
0.0632459
0.0631995
0.0631509
0.0631003
0.0630478
0.0629934
0.0629372
0.0628794
0.06282
0.0627593
0.0626974
0.0626345
0.0625709
0.0625068
0.0624426
0.0623788
0.0623158
0.0622541
0.0621944
0.0621375
0.0620841
0.0620351
0.0619915
0.0619544
0.0619248
0.061904
0.0618929
0.0632706
0.0633097
0.0633368
0.0633542
0.0633632
0.0633649
0.0633603
0.06335
0.0633348
0.0633151
0.0632913
0.0632638
0.0632328
0.0631986
0.0631614
0.0631213
0.0630785
0.0630331
0.0629854
0.0629353
0.0628831
0.0628288
0.0627728
0.0627151
0.0626559
0.0625956
0.0625343
0.0624725
0.0624105
0.0623488
0.062288
0.0622287
0.0621716
0.0621177
0.0620677
0.0620228
0.0619842
0.0619531
0.0619309
0.0619188
0.0628763
0.0629575
0.0630223
0.0630734
0.0631127
0.0631416
0.0631614
0.0631732
0.0631779
0.0631763
0.0631689
0.0631564
0.0631391
0.0631175
0.0630919
0.0630624
0.0630295
0.0629933
0.0629539
0.0629117
0.0628667
0.0628192
0.0627693
0.0627172
0.0626631
0.0626074
0.0625503
0.0624921
0.0624332
0.062374
0.0623152
0.0622573
0.0622011
0.0621475
0.0620974
0.062052
0.0620124
0.0619802
0.0619568
0.061944
0.0624047
0.0625311
0.0626371
0.0627258
0.0627991
0.062859
0.062907
0.0629443
0.0629723
0.0629918
0.0630037
0.0630089
0.0630078
0.0630011
0.0629891
0.0629724
0.0629512
0.0629259
0.0628966
0.0628638
0.0628275
0.0627881
0.0627458
0.0627007
0.0626531
0.0626033
0.0625515
0.0624982
0.0624436
0.0623882
0.0623325
0.0622772
0.062223
0.0621708
0.0621215
0.0620763
0.0620366
0.0620038
0.0619797
0.0619662
0.0618739
0.0620454
0.0621935
0.0623212
0.0624306
0.0625236
0.062602
0.0626673
0.0627208
0.0627639
0.0627974
0.0628223
0.0628395
0.0628496
0.0628532
0.0628509
0.0628431
0.0628301
0.0628125
0.0627904
0.0627643
0.0627343
0.0627007
0.0626638
0.0626239
0.0625811
0.0625359
0.0624885
0.0624394
0.0623889
0.0623375
0.062286
0.0622348
0.0621851
0.0621376
0.0620936
0.0620545
0.0620218
0.0619975
0.0619837
0.0613053
0.0615187
0.061707
0.0618728
0.0620181
0.0621447
0.0622544
0.0623487
0.0624291
0.062497
0.0625536
0.0625999
0.0626368
0.0626651
0.0626857
0.0626991
0.062706
0.0627067
0.0627018
0.0626917
0.0626767
0.0626572
0.0626335
0.0626058
0.0625745
0.0625398
0.0625022
0.0624618
0.0624191
0.0623745
0.0623285
0.0622816
0.0622347
0.0621883
0.0621437
0.0621018
0.0620641
0.0620323
0.0620084
0.0619946
0.0607213
0.0609709
0.0611951
0.0613959
0.061575
0.0617338
0.0618739
0.061997
0.0621045
0.0621976
0.0622778
0.062346
0.0624035
0.062451
0.0624894
0.0625195
0.0625419
0.0625572
0.062566
0.0625687
0.0625657
0.0625575
0.0625444
0.0625268
0.0625049
0.0624792
0.0624499
0.0624173
0.0623819
0.0623441
0.0623043
0.0622631
0.0622211
0.0621792
0.0621382
0.0620994
0.062064
0.0620338
0.0620108
0.0619973
0.0601426
0.0604211
0.0606753
0.0609063
0.0611152
0.0613033
0.0614718
0.061622
0.0617553
0.0618731
0.0619765
0.0620666
0.0621447
0.0622116
0.0622682
0.0623153
0.0623538
0.0623842
0.0624071
0.0624232
0.0624328
0.0624365
0.0624347
0.0624276
0.0624158
0.0623996
0.0623792
0.0623551
0.0623277
0.0622973
0.0622644
0.0622295
0.0621934
0.0621566
0.0621202
0.0620852
0.062053
0.0620251
0.0620035
0.0619908
0.0595866
0.0598862
0.0601635
0.0604188
0.0606526
0.0608658
0.0610592
0.0612339
0.061391
0.0615317
0.0616571
0.0617682
0.0618662
0.0619521
0.0620266
0.0620908
0.0621453
0.0621909
0.0622282
0.0622578
0.0622803
0.0622962
0.0623059
0.0623098
0.0623084
0.062302
0.062291
0.0622758
0.0622568
0.0622343
0.0622089
0.062181
0.0621512
0.0621203
0.0620891
0.0620586
0.0620301
0.0620051
0.0619856
0.0619739
0.0590669
0.0593799
0.0596731
0.0599463
0.0601995
0.0604329
0.0606471
0.0608427
0.0610206
0.0611818
0.0613271
0.0614577
0.0615744
0.0616781
0.0617699
0.0618504
0.0619205
0.061981
0.0620324
0.0620755
0.0621109
0.0621389
0.0621602
0.0621752
0.0621843
0.062188
0.0621866
0.0621805
0.0621701
0.0621559
0.0621382
0.0621177
0.0620947
0.0620701
0.0620446
0.0620192
0.061995
0.0619735
0.0619565
0.0619462
0.0585928
0.058912
0.0592145
0.0594994
0.0597662
0.0600147
0.060245
0.0604575
0.0606527
0.0608313
0.0609941
0.0611418
0.0612754
0.0613955
0.0615031
0.061599
0.0616839
0.0617585
0.0618236
0.0618797
0.0619275
0.0619674
0.0620001
0.062026
0.0620456
0.0620593
0.0620674
0.0620705
0.0620689
0.0620631
0.0620534
0.0620403
0.0620245
0.0620065
0.0619871
0.0619671
0.0619477
0.0619301
0.0619159
0.0619073
0.0581698
0.0584892
0.058795
0.0590858
0.0593607
0.0596192
0.0598611
0.0600862
0.060295
0.0604877
0.0606649
0.0608272
0.0609753
0.0611099
0.0612317
0.0613415
0.0614399
0.0615277
0.0616054
0.0616738
0.0617334
0.0617847
0.0618284
0.0618648
0.0618946
0.061918
0.0619355
0.0619476
0.0619547
0.0619572
0.0619555
0.06195
0.0619414
0.0619302
0.061917
0.0619028
0.0618883
0.0618749
0.061864
0.0618571
0.0578003
0.0581151
0.058419
0.0587107
0.0589889
0.0592527
0.0595016
0.0597353
0.0599537
0.0601571
0.0603455
0.0605196
0.0606798
0.0608265
0.0609606
0.0610825
0.0611929
0.0612925
0.0613817
0.0614614
0.0615319
0.0615939
0.0616478
0.0616942
0.0617336
0.0617663
0.0617929
0.0618137
0.0618292
0.0618398
0.0618459
0.061848
0.0618465
0.061842
0.0618352
0.0618268
0.0618175
0.0618085
0.0618009
0.061796
0.0574842
0.0577905
0.0580887
0.0583771
0.0586543
0.0589193
0.0591712
0.0594096
0.059634
0.0598445
0.0600411
0.060224
0.0603935
0.0605501
0.0606942
0.0608263
0.060947
0.0610568
0.0611562
0.0612459
0.0613262
0.0613979
0.0614612
0.0615169
0.0615652
0.0616067
0.0616417
0.0616708
0.0616943
0.0617127
0.0617263
0.0617356
0.0617411
0.0617433
0.0617427
0.06174
0.061736
0.0617314
0.0617271
0.0617244
0.0572196
0.0575147
0.0578041
0.0580859
0.0583587
0.0586213
0.0588727
0.0591123
0.0593394
0.0595539
0.0597555
0.0599444
0.0601207
0.0602847
0.0604366
0.0605768
0.0607059
0.0608242
0.0609323
0.0610305
0.0611195
0.0611996
0.0612714
0.0613353
0.0613918
0.0614413
0.0614842
0.0615209
0.0615519
0.0615776
0.0615983
0.0616145
0.0616267
0.0616352
0.0616407
0.0616436
0.0616446
0.0616444
0.0616435
0.0616428
0.0570035
0.0572856
0.0575639
0.0578367
0.0581024
0.0583597
0.0586077
0.0588454
0.0590723
0.0592878
0.0594918
0.059684
0.0598645
0.0600334
0.0601909
0.0603372
0.0604727
0.0605978
0.0607129
0.0608183
0.0609145
0.0610019
0.061081
0.0611522
0.0612159
0.0612725
0.0613224
0.0613661
0.061404
0.0614363
0.0614636
0.0614862
0.0615046
0.0615192
0.0615304
0.0615386
0.0615445
0.0615484
0.0615508
0.0615521
0.0568322
0.0571002
0.0573659
0.0576278
0.0578844
0.0581343
0.0583764
0.0586099
0.0588339
0.059048
0.0592517
0.0594448
0.0596272
0.0597988
0.0599597
0.0601101
0.0602502
0.0603803
0.0605007
0.0606117
0.0607137
0.0608071
0.0608923
0.0609696
0.0610395
0.0611023
0.0611584
0.0612083
0.0612522
0.0612906
0.0613239
0.0613524
0.0613764
0.0613965
0.061413
0.0614263
0.0614367
0.0614445
0.0614499
0.061453
0.0567019
0.056955
0.0572073
0.0574571
0.057703
0.0579438
0.0581782
0.0584054
0.0586246
0.0588351
0.0590364
0.0592283
0.0594104
0.0595826
0.059745
0.0598975
0.0600404
0.0601738
0.0602979
0.060413
0.0605194
0.0606174
0.0607074
0.0607897
0.0608647
0.0609327
0.0609941
0.0610492
0.0610985
0.0611422
0.0611807
0.0612144
0.0612436
0.0612686
0.0612899
0.0613077
0.0613222
0.0613336
0.0613418
0.0613466
0.0566083
0.0568465
0.0570848
0.0573218
0.0575561
0.0577865
0.0580118
0.0582312
0.0584438
0.058649
0.0588461
0.0590349
0.0592149
0.0593859
0.0595479
0.0597009
0.0598448
0.0599798
0.0601061
0.0602238
0.0603332
0.0604345
0.0605281
0.0606142
0.0606932
0.0607654
0.0608311
0.0608906
0.0609442
0.0609924
0.0610354
0.0610736
0.0611073
0.0611367
0.0611622
0.0611839
0.0612021
0.0612166
0.0612273
0.0612335
0.0565474
0.0567708
0.0569951
0.0572189
0.0574409
0.0576601
0.0578754
0.0580858
0.0582906
0.058489
0.0586805
0.0588645
0.0590409
0.0592091
0.0593692
0.0595209
0.0596644
0.0597995
0.0599265
0.0600454
0.0601564
0.0602598
0.0603558
0.0604445
0.0605264
0.0606017
0.0606707
0.0607336
0.0607908
0.0608427
0.0608894
0.0609313
0.0609687
0.0610018
0.0610309
0.061056
0.0610773
0.0610945
0.0611072
0.0611147
0.0565154
0.0567243
0.0569346
0.0571451
0.0573547
0.0575622
0.0577667
0.0579673
0.0581633
0.0583539
0.0585385
0.0587167
0.058888
0.0590521
0.0592088
0.059358
0.0594996
0.0596335
0.0597598
0.0598786
0.05999
0.0600942
0.0601913
0.0602816
0.0603653
0.0604427
0.0605139
0.0605794
0.0606393
0.0606939
0.0607435
0.0607884
0.0608288
0.0608649
0.0608968
0.0609247
0.0609485
0.0609678
0.0609823
0.0609907
0.0565084
0.0567033
0.0569
0.0570973
0.0572943
0.0574899
0.0576833
0.0578736
0.0580601
0.058242
0.0584189
0.0585901
0.0587553
0.0589142
0.0590664
0.0592118
0.0593503
0.0594818
0.0596063
0.0597238
0.0598344
0.0599382
0.0600354
0.0601261
0.0602106
0.060289
0.0603616
0.0604286
0.0604902
0.0605467
0.0605984
0.0606455
0.0606881
0.0607264
0.0607605
0.0607905
0.0608162
0.0608372
0.0608528
0.0608619
0.0565227
0.0567042
0.0568876
0.0570721
0.0572566
0.0574404
0.0576224
0.0578021
0.0579786
0.0581514
0.0583198
0.0584833
0.0586416
0.0587943
0.058941
0.0590816
0.059216
0.059344
0.0594655
0.0595806
0.0596894
0.0597918
0.059888
0.0599781
0.0600624
0.0601408
0.0602138
0.0602814
0.0603439
0.0604015
0.0604543
0.0605027
0.0605467
0.0605865
0.0606221
0.0606535
0.0606804
0.0607025
0.0607189
0.0607285
0.0565545
0.0567232
0.056894
0.057066
0.0572384
0.0574103
0.0575811
0.05775
0.0579163
0.0580795
0.058239
0.0583943
0.058545
0.0586907
0.0588312
0.0589662
0.0590955
0.059219
0.0593367
0.0594485
0.0595543
0.0596544
0.0597486
0.0598372
0.0599202
0.0599978
0.0600702
0.0601375
0.0601999
0.0602577
0.0603109
0.0603597
0.0604044
0.0604448
0.0604812
0.0605133
0.0605409
0.0605634
0.0605802
0.06059
0.0565998
0.0567565
0.0569152
0.0570753
0.0572359
0.0573963
0.057556
0.0577141
0.0578702
0.0580236
0.0581738
0.0583204
0.058463
0.0586012
0.0587348
0.0588634
0.0589869
0.0591052
0.0592182
0.0593258
0.0594279
0.0595246
0.059616
0.0597021
0.059783
0.0598588
0.0599297
0.0599958
0.0600573
0.0601144
0.0601671
0.0602156
0.06026
0.0603004
0.0603367
0.0603688
0.0603964
0.0604189
0.0604357
0.0604453
0.056654
0.0567995
0.0569469
0.0570956
0.0572449
0.0573943
0.057543
0.0576906
0.0578364
0.0579799
0.0581207
0.0582584
0.0583926
0.0585228
0.0586489
0.0587706
0.0588878
0.0590001
0.0591076
0.0592102
0.0593077
0.0594003
0.059488
0.0595707
0.0596486
0.0597218
0.0597903
0.0598544
0.0599141
0.0599695
0.0600209
0.0600682
0.0601116
0.0601511
0.0601866
0.060218
0.060245
0.060267
0.0602833
0.0602926
0.0567119
0.056847
0.0569839
0.0571219
0.0572605
0.0573992
0.0575374
0.0576746
0.0578103
0.0579441
0.0580755
0.058204
0.0583295
0.0584515
0.0585697
0.058684
0.0587941
0.0588999
0.0590013
0.0590982
0.0591904
0.0592781
0.0593612
0.0594398
0.0595138
0.0595835
0.0596488
0.0597099
0.0597669
0.0598199
0.059869
0.0599144
0.059956
0.0599938
0.0600278
0.0600579
0.0600836
0.0601046
0.06012
0.0601288
0.0567667
0.0568925
0.0570196
0.0571477
0.0572763
0.0574049
0.057533
0.0576603
0.0577861
0.0579102
0.0580322
0.0581516
0.0582682
0.0583816
0.0584917
0.0585982
0.0587009
0.0587996
0.0588942
0.0589847
0.059071
0.059153
0.0592308
0.0593044
0.0593738
0.059439
0.0595003
0.0595576
0.059611
0.0596608
0.0597068
0.0597493
0.0597883
0.0598237
0.0598555
0.0598835
0.0599075
0.0599269
0.0599412
0.0599492
0.05681
0.0569274
0.0570458
0.0571648
0.0572842
0.0574033
0.0575219
0.0576396
0.0577559
0.0578706
0.0579832
0.0580935
0.0582012
0.058306
0.0584076
0.0585059
0.0586007
0.0586918
0.0587792
0.0588627
0.0589423
0.059018
0.0590897
0.0591575
0.0592215
0.0592815
0.0593379
0.0593905
0.0594396
0.0594852
0.0595274
0.0595662
0.0596018
0.0596341
0.059663
0.0596884
0.05971
0.0597275
0.0597402
0.0597474
0.0568307
0.0569409
0.0570517
0.0571626
0.0572735
0.0573839
0.0574936
0.0576022
0.0577095
0.057815
0.0579185
0.0580198
0.0581185
0.0582145
0.0583075
0.0583973
0.0584839
0.058567
0.0586466
0.0587226
0.0587949
0.0588636
0.0589285
0.0589898
0.0590475
0.0591016
0.0591522
0.0591994
0.0592433
0.059284
0.0593215
0.0593559
0.0593873
0.0594158
0.0594411
0.0594634
0.0594822
0.0594974
0.0595083
0.0595144
0.0568151
0.0569193
0.0570234
0.0571273
0.0572306
0.0573332
0.0574346
0.0575348
0.0576334
0.0577301
0.0578248
0.0579171
0.058007
0.0580941
0.0581783
0.0582595
0.0583375
0.0584122
0.0584836
0.0585515
0.058616
0.058677
0.0587346
0.0587887
0.0588394
0.0588868
0.0589309
0.0589719
0.0590098
0.0590448
0.0590769
0.0591063
0.0591329
0.0591569
0.0591782
0.0591967
0.0592124
0.0592249
0.0592339
0.0592388
0.0567456
0.0568451
0.0569439
0.0570417
0.0571384
0.0572339
0.0573278
0.0574202
0.0575106
0.057599
0.0576851
0.0577688
0.0578498
0.0579281
0.0580035
0.0580758
0.0581451
0.0582111
0.0582738
0.0583333
0.0583894
0.0584423
0.0584918
0.0585381
0.0585812
0.0586212
0.0586583
0.0586924
0.0587237
0.0587524
0.0587785
0.0588022
0.0588235
0.0588425
0.0588593
0.0588737
0.0588859
0.0588955
0.0589023
0.0589061
0.0566015
0.0566975
0.0567919
0.0568847
0.0569758
0.057065
0.0571522
0.0572373
0.0573202
0.0574007
0.0574786
0.0575538
0.0576263
0.0576958
0.0577624
0.0578258
0.0578861
0.0579432
0.0579971
0.0580477
0.0580952
0.0581394
0.0581805
0.0582185
0.0582536
0.0582857
0.0583151
0.0583418
0.0583661
0.0583879
0.0584076
0.0584251
0.0584407
0.0584544
0.0584664
0.0584765
0.058485
0.0584915
0.0584962
0.0584987
0.0563584
0.0564519
0.056543
0.0566317
0.056718
0.0568017
0.0568829
0.0569615
0.0570374
0.0571104
0.0571805
0.0572477
0.0573118
0.0573727
0.0574306
0.0574851
0.0575365
0.0575846
0.0576295
0.0576712
0.0577097
0.0577451
0.0577775
0.057807
0.0578336
0.0578576
0.0578791
0.0578981
0.057915
0.0579298
0.0579427
0.0579539
0.0579636
0.0579719
0.0579788
0.0579846
0.0579892
0.0579928
0.0579952
0.0579965
0.0559897
0.0560814
0.05617
0.0562553
0.0563375
0.0564165
0.0564923
0.0565649
0.0566342
0.0567003
0.0567631
0.0568225
0.0568786
0.0569313
0.0569806
0.0570265
0.0570691
0.0571083
0.0571443
0.0571771
0.0572067
0.0572333
0.057257
0.0572779
0.0572962
0.0573119
0.0573254
0.0573368
0.0573463
0.057354
0.0573602
0.0573652
0.0573689
0.0573718
0.0573739
0.0573753
0.0573763
0.057377
0.0573773
0.0573773
2.02465e-09
6.91135e-09
1.28106e-08
1.98808e-08
2.82909e-08
3.82216e-08
4.98645e-08
6.34216e-08
7.91037e-08
9.7129e-08
1.17721e-07
1.41107e-07
1.67513e-07
1.97163e-07
2.30277e-07
2.6706e-07
3.07708e-07
3.52394e-07
4.01271e-07
4.54463e-07
5.12063e-07
5.74127e-07
6.40673e-07
7.11674e-07
7.87061e-07
8.66714e-07
9.50469e-07
1.03811e-06
1.12938e-06
1.22397e-06
1.32154e-06
1.4217e-06
1.52404e-06
1.62811e-06
1.73344e-06
1.83956e-06
1.94595e-06
2.05214e-06
2.1576e-06
2.26181e-06
1.88188e-09
6.42322e-09
1.19031e-08
1.84661e-08
2.62669e-08
3.547e-08
4.62501e-08
5.87911e-08
7.32844e-08
8.99285e-08
1.08926e-07
1.30484e-07
1.54808e-07
1.82101e-07
2.12563e-07
2.46383e-07
2.83739e-07
3.24792e-07
3.69683e-07
4.18529e-07
4.71421e-07
5.28416e-07
5.89539e-07
6.54775e-07
7.2407e-07
7.9733e-07
8.74417e-07
9.5515e-07
1.03931e-06
1.12662e-06
1.2168e-06
1.3095e-06
1.40436e-06
1.50098e-06
1.59895e-06
1.69782e-06
1.79717e-06
1.89652e-06
1.99542e-06
2.0934e-06
1.73973e-09
5.93719e-09
1.09994e-08
1.70578e-08
2.42524e-08
3.27322e-08
4.26551e-08
5.4187e-08
6.75007e-08
8.27749e-08
1.00193e-07
1.19939e-07
1.42201e-07
1.67161e-07
1.94999e-07
2.25887e-07
2.59986e-07
2.97443e-07
3.38389e-07
3.82932e-07
4.31159e-07
4.83128e-07
5.38867e-07
5.98373e-07
6.61606e-07
7.28492e-07
7.98918e-07
8.72733e-07
9.4975e-07
1.02975e-06
1.11246e-06
1.1976e-06
1.28486e-06
1.37387e-06
1.46429e-06
1.55572e-06
1.64776e-06
1.74e-06
1.83203e-06
1.92343e-06
1.59889e-09
5.45565e-09
1.01042e-08
1.5663e-08
2.22577e-08
3.00221e-08
3.90977e-08
4.96329e-08
6.17821e-08
7.57049e-08
9.15647e-08
1.09527e-07
1.29757e-07
1.5242e-07
1.77676e-07
2.05678e-07
2.36572e-07
2.7049e-07
3.07552e-07
3.47858e-07
3.91489e-07
4.38502e-07
4.88928e-07
5.42773e-07
6.00008e-07
6.60577e-07
7.2439e-07
7.91323e-07
8.61221e-07
9.33895e-07
1.00913e-06
1.08667e-06
1.16625e-06
1.24756e-06
1.33029e-06
1.41411e-06
1.49865e-06
1.58356e-06
1.66847e-06
1.753e-06
1.46014e-09
4.9813e-09
9.22257e-09
1.42895e-08
2.02941e-08
2.73552e-08
3.55982e-08
4.51547e-08
5.61614e-08
6.87592e-08
8.30924e-08
9.9307e-08
1.17549e-07
1.37965e-07
1.60694e-07
1.85875e-07
2.13636e-07
2.44095e-07
2.7736e-07
3.13522e-07
3.52655e-07
3.94815e-07
4.40035e-07
4.88325e-07
5.39668e-07
5.94023e-07
6.51319e-07
7.11456e-07
7.74309e-07
8.39721e-07
9.0751e-07
9.77468e-07
1.04936e-06
1.12294e-06
1.19792e-06
1.27403e-06
1.35095e-06
1.42836e-06
1.50596e-06
1.58339e-06
1.32433e-09
4.51705e-09
8.35981e-09
1.29458e-08
1.83737e-08
2.47479e-08
3.21786e-08
4.07808e-08
5.06742e-08
6.19819e-08
7.48298e-08
8.93452e-08
1.05656e-07
1.23888e-07
1.44166e-07
1.66609e-07
1.91329e-07
2.18432e-07
2.48012e-07
2.80152e-07
3.14918e-07
3.52364e-07
3.92522e-07
4.35407e-07
4.8101e-07
5.29302e-07
5.80229e-07
6.33714e-07
6.89655e-07
7.47926e-07
8.08377e-07
8.70838e-07
9.35113e-07
1.00099e-06
1.06824e-06
1.13662e-06
1.20586e-06
1.2757e-06
1.34586e-06
1.41605e-06
1.19238e-09
4.06605e-09
7.52187e-09
1.16412e-08
1.65098e-08
2.22184e-08
2.88625e-08
3.65415e-08
4.53588e-08
5.54205e-08
6.68349e-08
7.97116e-08
9.41605e-08
1.1029e-07
1.28208e-07
1.48016e-07
1.69811e-07
1.93686e-07
2.19722e-07
2.47993e-07
2.78558e-07
3.11465e-07
3.46747e-07
3.8442e-07
4.24483e-07
4.66916e-07
5.11681e-07
5.58716e-07
6.07944e-07
6.59265e-07
7.12557e-07
7.67683e-07
8.24485e-07
8.82788e-07
9.42401e-07
1.00312e-06
1.06473e-06
1.127e-06
1.1897e-06
1.25258e-06
1.06529e-09
3.63169e-09
6.71503e-09
1.03853e-08
1.47163e-08
1.97857e-08
2.5675e-08
3.24691e-08
4.02557e-08
4.91251e-08
5.91691e-08
7.04805e-08
8.31524e-08
9.72768e-08
1.12944e-07
1.30241e-07
1.49252e-07
1.70052e-07
1.92715e-07
2.17301e-07
2.43865e-07
2.72449e-07
3.03084e-07
3.35786e-07
3.70561e-07
4.07395e-07
4.46261e-07
4.87116e-07
5.29898e-07
5.74532e-07
6.20922e-07
6.6896e-07
7.18518e-07
7.69458e-07
8.21626e-07
8.74854e-07
9.28966e-07
9.83775e-07
1.03909e-06
1.09471e-06
9.44094e-10
3.21755e-09
5.94594e-09
9.18875e-09
1.30083e-08
1.74702e-08
2.26428e-08
2.85975e-08
3.54077e-08
4.31485e-08
5.18968e-08
6.17296e-08
7.27243e-08
8.49575e-08
9.85043e-08
1.13437e-07
1.29825e-07
1.47734e-07
1.67222e-07
1.88344e-07
2.11144e-07
2.3566e-07
2.6192e-07
2.89942e-07
3.19731e-07
3.51283e-07
3.84578e-07
4.19587e-07
4.56264e-07
4.94552e-07
5.34379e-07
5.75661e-07
6.183e-07
6.62187e-07
7.072e-07
7.53209e-07
8.00071e-07
8.47639e-07
8.95756e-07
9.44266e-07
8.2989e-10
2.82737e-09
5.22158e-09
8.06223e-09
1.14012e-08
1.52928e-08
1.97936e-08
2.49622e-08
3.0859e-08
3.75457e-08
4.50848e-08
5.35393e-08
6.29723e-08
7.34461e-08
8.50218e-08
9.77586e-08
1.11713e-07
1.26938e-07
1.43483e-07
1.61392e-07
1.80703e-07
2.01448e-07
2.23651e-07
2.4733e-07
2.72492e-07
2.99136e-07
3.27252e-07
3.56818e-07
3.87803e-07
4.20165e-07
4.53852e-07
4.88801e-07
5.2494e-07
5.62184e-07
6.00442e-07
6.39612e-07
6.79587e-07
7.20251e-07
7.61484e-07
8.03165e-07
7.23816e-10
2.46503e-09
4.54916e-09
7.01704e-09
9.91102e-09
1.32753e-08
1.71557e-08
2.15996e-08
2.66554e-08
3.23727e-08
3.88014e-08
4.59918e-08
5.39942e-08
6.28581e-08
7.26321e-08
8.33634e-08
9.5097e-08
1.07875e-07
1.21738e-07
1.3672e-07
1.52853e-07
1.70164e-07
1.88673e-07
2.08396e-07
2.29342e-07
2.51511e-07
2.749e-07
2.99494e-07
3.25273e-07
3.52209e-07
3.80264e-07
4.09394e-07
4.39547e-07
4.70661e-07
5.02669e-07
5.35497e-07
5.69064e-07
6.03285e-07
6.38071e-07
6.73333e-07
6.27037e-10
2.13452e-09
3.93608e-09
6.06466e-09
8.55422e-09
1.144e-08
1.47584e-08
1.85467e-08
2.28431e-08
2.76864e-08
3.31156e-08
3.917e-08
4.58884e-08
5.33095e-08
6.14709e-08
7.04091e-08
8.01592e-08
9.07542e-08
1.02225e-07
1.14599e-07
1.27902e-07
1.42155e-07
1.57376e-07
1.73577e-07
1.90768e-07
2.08951e-07
2.28127e-07
2.48287e-07
2.69418e-07
2.91503e-07
3.14517e-07
3.3843e-07
3.63206e-07
3.88803e-07
4.15173e-07
4.42266e-07
4.70023e-07
4.98385e-07
5.2729e-07
5.56674e-07
5.40735e-10
1.83989e-09
3.38984e-09
5.21675e-09
7.34738e-09
9.80928e-09
1.26308e-08
1.58407e-08
1.94685e-08
2.35438e-08
2.80965e-08
3.31563e-08
3.87528e-08
4.49152e-08
5.1672e-08
5.90508e-08
6.70781e-08
7.5779e-08
8.51769e-08
9.52934e-08
1.06148e-07
1.17757e-07
1.30135e-07
1.43294e-07
1.5724e-07
1.7198e-07
1.87513e-07
2.03838e-07
2.20947e-07
2.38829e-07
2.57471e-07
2.76852e-07
2.96951e-07
3.17739e-07
3.39187e-07
3.61259e-07
3.83918e-07
4.07124e-07
4.30836e-07
4.55015e-07
4.66103e-10
1.58518e-09
2.91797e-09
4.485e-09
6.3071e-09
8.40557e-09
1.08021e-08
1.35187e-08
1.65776e-08
2.00013e-08
2.38119e-08
2.80319e-08
3.26833e-08
3.77876e-08
4.33662e-08
4.94394e-08
5.60269e-08
6.31474e-08
7.08186e-08
7.90565e-08
8.78761e-08
9.72903e-08
1.0731e-07
1.17946e-07
1.29204e-07
1.41089e-07
1.53604e-07
1.6675e-07
1.80522e-07
1.94917e-07
2.09927e-07
2.2554e-07
2.41743e-07
2.5852e-07
2.75853e-07
2.9372e-07
3.12098e-07
3.30962e-07
3.50288e-07
3.70055e-07
4.04332e-10
1.37448e-09
2.52799e-09
3.88107e-09
5.44996e-09
7.25115e-09
9.30134e-09
1.16173e-08
1.4216e-08
1.71142e-08
2.03288e-08
2.38763e-08
2.77734e-08
3.2036e-08
3.66799e-08
4.17204e-08
4.71721e-08
5.30489e-08
5.93641e-08
6.61299e-08
7.33577e-08
8.10575e-08
8.92385e-08
9.79083e-08
1.07073e-07
1.16738e-07
1.26906e-07
1.3758e-07
1.48758e-07
1.60439e-07
1.7262e-07
1.85296e-07
1.98459e-07
2.121e-07
2.2621e-07
2.40776e-07
2.55784e-07
2.71222e-07
2.87074e-07
3.03332e-07
2.40266e-06
2.57544e-06
2.73921e-06
2.89198e-06
3.03219e-06
3.15856e-06
3.27019e-06
3.36647e-06
3.44705e-06
3.51184e-06
3.56093e-06
3.59457e-06
3.61317e-06
3.61721e-06
3.60729e-06
3.58406e-06
3.54821e-06
3.50051e-06
3.44178e-06
3.37287e-06
3.29472e-06
3.20831e-06
3.11466e-06
3.01485e-06
2.91e-06
2.80127e-06
2.68983e-06
2.57693e-06
2.46394e-06
2.35263e-06
2.24584e-06
2.14904e-06
2.07358e-06
2.04283e-06
2.10243e-06
2.33507e-06
2.87823e-06
3.93989e-06
5.80344e-06
8.81213e-06
1.33267e-05
1.966e-05
2.80024e-05
3.83627e-05
5.05449e-05
6.41701e-05
7.87381e-05
9.37185e-05
0.000108629
0.000123096
0.000136885
0.000149909
0.000162211
0.000173933
0.000185287
0.000196526
0.00020791
0.000219687
0.000232072
0.000245231
0.000259275
0.000274248
0.000290132
0.000306841
0.000324228
0.00034209
0.000360177
0.000378203
0.000395861
0.000412836
0.000428819
0.000443517
0.000456669
0.000468047
0.00047747
0.0004848
0.000489947
0.000492867
0.000493563
0.000492072
0.000488481
0.000482906
0.000475504
0.000466472
0.000456072
0.00044469
0.000432967
0.000422069
0.000414217
0.000413609
0.000427882
0.000470168
0.000561516
0.000733089
0.00102706
0.00149494
0.00219232
0.00317023
0.00446454
0.00608636
0.00801647
0.0102061
0.0125833
0.0150652
0.0175707
0.0200311
0.0223966
0.02464
0.0267563
0.0287586
0.0306741
0.0325397
0.0343966
0.0362866
0.0382482
0.040314
0.0425082
0.044845
0.0473285
0.0499515
0.0526963
0.0555352
0.0584322
0.0613448
0.0642255
0.0670249
0.0696931
0.0721824
0.0744489
0.0764541
0.0781656
0.0795578
0.0806125
0.0813179
0.0816691
0.0816673
0.0813189
0.080636
0.0796348
0.0783358
0.0767628
0.074943
0.0729064
0.0706856
0.0683155
0.0658334
0.0632797
0.0606986
0.0581402
0.0556627
0.053335
0.0512383
0.0494646
0.0481117
0.0472731
0.0470251
0.0474125
0.0484378
0.0500566
0.0521813
0.054692
0.0574529
0.0603277
0.0631927
0.0659459
0.0685116
0.0708404
0.0729066
0.0747044
0.0762424
0.0775393
0.0786189
0.0795075
0.0802305
0.0808115
0.0812715
0.0816282
0.0818966
0.0820892
0.082216
0.0822853
0.0823038
0.0822765
0.0822073
0.0820989
0.0819526
0.0817684
0.081545
0.0812798
0.0809685
0.0806057
0.0801844
0.0796969
0.0791345
0.078487
0.0777442
0.0768963
0.0759339
0.0748489
0.0736347
0.0722869
0.070803
0.0691835
0.0674306
0.065549
0.0635459
0.0614331
0.059231
0.0569749
0.0547207
0.0525473
0.0505526
0.0488389
0.0474939
0.0465686
0.0460672
0.0459503
0.0461481
0.0465774
0.0471571
0.0478187
0.0485105
0.0491971
0.0498563
0.050476
0.0510508
0.0515792
0.0520625
0.0525033
0.0529049
0.0532708
0.0536048
0.0539106
0.0541911
0.0544493
0.0546877
0.0549084
0.0551134
0.0553039
0.0554814
2.22616e-06
2.3897e-06
2.54544e-06
2.6915e-06
2.82629e-06
2.94855e-06
3.0573e-06
3.15186e-06
3.23181e-06
3.29695e-06
3.3473e-06
3.38303e-06
3.40446e-06
3.41203e-06
3.40628e-06
3.38781e-06
3.35731e-06
3.3155e-06
3.26318e-06
3.2012e-06
3.13044e-06
3.05186e-06
2.96645e-06
2.87523e-06
2.77925e-06
2.67961e-06
2.5774e-06
2.47378e-06
2.37001e-06
2.26776e-06
2.16967e-06
2.08094e-06
2.01238e-06
1.98633e-06
2.04652e-06
2.27228e-06
2.79578e-06
3.81739e-06
5.61089e-06
8.50922e-06
1.28645e-05
1.89854e-05
2.70658e-05
3.7127e-05
4.8993e-05
6.23109e-05
7.66072e-05
9.13727e-05
0.000106139
0.000120537
0.000134327
0.000147405
0.000159792
0.000171604
0.000183026
0.000194282
0.000205607
0.000217228
0.000229341
0.000242103
0.000255616
0.000269927
0.000285022
0.000300828
0.000317215
0.000334002
0.000350965
0.000367847
0.000384371
0.00040025
0.000415203
0.000428963
0.000441288
0.000451968
0.000460834
0.000467757
0.00047265
0.000475471
0.000476219
0.000474928
0.000471676
0.000466571
0.000459758
0.000451421
0.000441809
0.00043129
0.000420478
0.000410503
0.000403514
0.000403578
0.000418096
0.000459778
0.000548991
0.000715888
0.00100129
0.00145512
0.00213142
0.00308007
0.00433667
0.00591326
0.00779294
0.00993032
0.0122578
0.0146963
0.0171682
0.0196064
0.0219619
0.0242064
0.0263318
0.0283479
0.0302775
0.0321529
0.034011
0.0358892
0.0378229
0.0398418
0.0419685
0.0442166
0.0465903
0.0490838
0.0516817
0.0543595
0.0570852
0.0598204
0.0625226
0.0651466
0.0676471
0.0699805
0.0721062
0.0739884
0.0755967
0.0769071
0.0779018
0.0785695
0.078905
0.078909
0.0785874
0.0779509
0.077015
0.0757987
0.0743245
0.0726181
0.0707079
0.0686244
0.0664006
0.0640716
0.0616752
0.0592528
0.0568516
0.0545263
0.0523418
0.050375
0.0487128
0.0474484
0.0466712
0.0464547
0.0468431
0.0478411
0.0494093
0.0514675
0.0539043
0.0565924
0.0594033
0.0622189
0.0649408
0.0674945
0.0698297
0.0719186
0.0737519
0.0753347
0.0766819
0.0778142
0.0787552
0.0795283
0.080156
0.0806581
0.0810522
0.0813532
0.0815735
0.0817233
0.081811
0.0818432
0.0818251
0.0817606
0.0816522
0.0815013
0.0813078
0.0810704
0.0807867
0.0804526
0.0800631
0.079612
0.079092
0.0784956
0.077814
0.0770384
0.0761607
0.0751732
0.0740696
0.0728449
0.0714963
0.0700227
0.0684251
0.0667062
0.0648701
0.062923
0.0608745
0.0587421
0.0565573
0.0543715
0.0522592
0.0503143
0.0486363
0.0473118
0.0463927
0.0458855
0.045754
0.0459319
0.0463389
0.0468964
0.0475377
0.0482122
0.0488849
0.049534
0.0501472
0.0507187
0.0512468
0.0517321
0.0521767
0.0525835
0.0529555
0.0532959
0.053608
0.0538946
0.0541582
0.0544012
0.0546256
0.0548331
0.0550251
0.0552028
2.04761e-06
2.20121e-06
2.3482e-06
2.48679e-06
2.61544e-06
2.73287e-06
2.8381e-06
2.93037e-06
3.00919e-06
3.0743e-06
3.12562e-06
3.16326e-06
3.18745e-06
3.19858e-06
3.19712e-06
3.18362e-06
3.15873e-06
3.12315e-06
3.07763e-06
3.02297e-06
2.96005e-06
2.88975e-06
2.81302e-06
2.73081e-06
2.64413e-06
2.55397e-06
2.46135e-06
2.36735e-06
2.27312e-06
2.1802e-06
2.09108e-06
2.01066e-06
1.94924e-06
1.92818e-06
1.98929e-06
2.20866e-06
2.71321e-06
3.69574e-06
5.42041e-06
8.20962e-06
1.24063e-05
1.83141e-05
2.61293e-05
3.58835e-05
4.74196e-05
6.04093e-05
7.44054e-05
8.89199e-05
0.0001035
0.000117782
0.000131523
0.000144607
0.000157033
0.000168893
0.000180346
0.000191589
0.00020283
0.000214276
0.000226105
0.000238461
0.000251439
0.000265086
0.000279394
0.0002943
0.000309691
0.000325407
0.000341249
0.000356988
0.000372376
0.000387157
0.000401074
0.000413888
0.000425376
0.000435349
0.000443648
0.000450154
0.000454786
0.000457504
0.000458302
0.000457215
0.000454309
0.000449685
0.000443475
0.000435852
0.00042705
0.000417417
0.000407543
0.000398516
0.000392417
0.000393184
0.000407976
0.000449086
0.000536202
0.000698463
0.000975331
0.00141511
0.00207022
0.0029893
0.00420751
0.00573762
0.00756478
0.00964684
0.0119202
0.0143099
0.0167413
0.0191498
0.0214871
0.0237239
0.0258502
0.0278722
0.0298089
0.031688
0.0335421
0.0354047
0.0373073
0.0392773
0.0413351
0.0434936
0.0457573
0.0481213
0.0505725
0.0530894
0.0556437
0.0582012
0.0607239
0.0631713
0.0655024
0.0676776
0.0696598
0.0714161
0.0729184
0.0741441
0.0750764
0.0757044
0.076023
0.0760325
0.075738
0.0751494
0.074281
0.0731504
0.071779
0.0701906
0.0684117
0.066471
0.0643993
0.0622292
0.0599959
0.0577383
0.0555001
0.0533326
0.0512968
0.049465
0.0479194
0.0467482
0.0460365
0.0458548
0.0462465
0.0472182
0.0487349
0.0507237
0.0530814
0.0556895
0.0584272
0.0611829
0.0638623
0.0663926
0.0687234
0.0708251
0.0726857
0.0743067
0.0756993
0.0768812
0.0778729
0.0786958
0.0793705
0.0799159
0.080349
0.0806841
0.0809335
0.0811076
0.0812146
0.0812611
0.0812526
0.0811926
0.081084
0.0809278
0.0807242
0.0804721
0.0801691
0.0798117
0.0793953
0.0789145
0.078363
0.0777342
0.0770208
0.0762158
0.0753125
0.074305
0.0731886
0.0719602
0.0706181
0.0691624
0.0675948
0.0659179
0.0641354
0.0622519
0.060275
0.0582191
0.0561116
0.0539995
0.0519527
0.050061
0.0484211
0.0471185
0.046206
0.0456926
0.0455453
0.0457013
0.0460836
0.0466162
0.0472343
0.0478884
0.0485442
0.0491801
0.0497837
0.0503491
0.0508741
0.0513589
0.0518051
0.0522151
0.0525913
0.0529367
0.0532539
0.0535453
0.0538134
0.0540603
0.0542877
0.0544972
0.0546902
0.0548679
1.86816e-06
2.0112e-06
2.14878e-06
2.27919e-06
2.40099e-06
2.51291e-06
2.61395e-06
2.70334e-06
2.78052e-06
2.84516e-06
2.89713e-06
2.93644e-06
2.96327e-06
2.97792e-06
2.9808e-06
2.97243e-06
2.95337e-06
2.92429e-06
2.88589e-06
2.83892e-06
2.78421e-06
2.72258e-06
2.65491e-06
2.58211e-06
2.50507e-06
2.42474e-06
2.34205e-06
2.25795e-06
2.17352e-06
2.09017e-06
2.01023e-06
1.93834e-06
1.88429e-06
1.86845e-06
1.93085e-06
2.14434e-06
2.63071e-06
3.5753e-06
5.23265e-06
7.91443e-06
1.19539e-05
1.7649e-05
2.51965e-05
3.46373e-05
4.58311e-05
5.84724e-05
7.21396e-05
8.63664e-05
0.000100716
0.000114832
0.00012847
0.000141504
0.000153916
0.000165775
0.000177214
0.000188404
0.00019953
0.000210776
0.000222303
0.000234239
0.000246676
0.000259656
0.000273177
0.000287186
0.000301586
0.000316237
0.000330964
0.000345566
0.000359823
0.000373506
0.000386388
0.000398253
0.000408902
0.000418161
0.000425889
0.000431975
0.000436343
0.000438956
0.000439809
0.00043893
0.000436379
0.000432249
0.000426659
0.000419769
0.000411798
0.000403074
0.000394163
0.000386111
0.000380929
0.000382426
0.000397523
0.000438098
0.000523164
0.000680846
0.000949239
0.00137501
0.0020089
0.00289819
0.00407742
0.0055599
0.00733257
0.00935626
0.0115712
0.0139062
0.0162902
0.0186607
0.0209706
0.0231903
0.0253078
0.0273265
0.0292617
0.0311369
0.0329805
0.034822
0.0366895
0.0386073
0.0405941
0.0426618
0.0448147
0.0470491
0.0493538
0.0517101
0.0540932
0.0564732
0.0588162
0.0610863
0.063247
0.0652624
0.0670994
0.0687277
0.0701218
0.0712608
0.072129
0.0727162
0.0730173
0.0730324
0.072766
0.0722272
0.071429
0.0703878
0.0691233
0.0676576
0.0660154
0.0642232
0.0623094
0.0603042
0.0582402
0.0561532
0.0540838
0.0520797
0.0501982
0.0485067
0.0470827
0.0460094
0.0453675
0.0452242
0.0456219
0.0465683
0.0480329
0.0499493
0.0522227
0.0547432
0.0573981
0.0600825
0.0627066
0.0652005
0.0675141
0.0696168
0.0714939
0.0731441
0.0745751
0.0758012
0.07684
0.0777104
0.0784311
0.0790197
0.079492
0.079862
0.0801415
0.0803406
0.0804676
0.080529
0.0805302
0.0804748
0.0803657
0.080204
0.07999
0.0797229
0.0794006
0.0790202
0.0785777
0.0780687
0.0774879
0.0768298
0.0760887
0.0752591
0.0743361
0.0733154
0.072194
0.0709701
0.0696434
0.0682147
0.0666863
0.0650606
0.0633406
0.0615293
0.059632
0.0576598
0.0556361
0.0536034
0.0516268
0.049792
0.0481928
0.0469136
0.0460081
0.0454879
0.0453234
0.0454555
0.0458105
0.0463152
0.0469068
0.0475371
0.0481724
0.0487916
0.0493823
0.0499382
0.0504569
0.0509382
0.0513832
0.0517937
0.052172
0.0525201
0.0528406
0.0531354
0.0534067
0.0536562
0.0538856
0.0540964
0.0542897
0.0544669
1.68918e-06
1.82114e-06
1.9487e-06
2.07031e-06
2.18458e-06
2.29033e-06
2.38654e-06
2.47244e-06
2.54745e-06
2.61117e-06
2.6634e-06
2.7041e-06
2.73338e-06
2.75145e-06
2.75868e-06
2.75549e-06
2.74241e-06
2.72003e-06
2.689e-06
2.65001e-06
2.6038e-06
2.55115e-06
2.49287e-06
2.42977e-06
2.36269e-06
2.29246e-06
2.21993e-06
2.14597e-06
2.07155e-06
1.99796e-06
1.92737e-06
1.86417e-06
1.81767e-06
1.8073e-06
1.87131e-06
2.07947e-06
2.54853e-06
3.45647e-06
5.04828e-06
7.62482e-06
1.15092e-05
1.69928e-05
2.42716e-05
3.33937e-05
4.42342e-05
5.65082e-05
6.98185e-05
8.37204e-05
9.77932e-05
0.00011169
0.000125167
0.00013809
0.000150426
0.000162225
0.000173596
0.000184686
0.000195657
0.00020667
0.000217868
0.000229368
0.000241251
0.000253559
0.000266292
0.000279408
0.000292823
0.000306418
0.00032004
0.000333514
0.000346649
0.000359242
0.000371095
0.000382016
0.000391828
0.000400377
0.000407534
0.000413201
0.000417309
0.000419822
0.000420735
0.000420074
0.000417891
0.000414269
0.000409316
0.00040318
0.000396061
0.000388271
0.000380346
0.000373294
0.000369056
0.000371309
0.000386744
0.000426825
0.000509894
0.00066307
0.00092308
0.00133493
0.00194763
0.002807
0.00394682
0.00538065
0.00709698
0.00905932
0.0112114
0.013486
0.0158151
0.0181389
0.0204116
0.0226036
0.0247014
0.0267059
0.0286293
0.0304913
0.0323161
0.0341295
0.0359561
0.0378174
0.03973
0.0417047
0.0437456
0.0458499
0.0480082
0.0502044
0.052417
0.05462
0.0567837
0.0588768
0.0608667
0.062722
0.0644127
0.0659121
0.0671969
0.0682481
0.0690515
0.0695976
0.0698816
0.0699032
0.0696667
0.0691802
0.0684555
0.0675077
0.0663548
0.0650171
0.0635171
0.0618792
0.0601294
0.0582952
0.0564064
0.0544959
0.0526011
0.0507663
0.0490443
0.0474985
0.0462012
0.0452307
0.0446629
0.0445619
0.0449682
0.0458908
0.0473029
0.0491442
0.0513281
0.0537531
0.0563148
0.0589154
0.0614704
0.063913
0.0661945
0.0682836
0.0701641
0.0718317
0.0732912
0.0745534
0.075633
0.0765463
0.0773099
0.0779396
0.0784502
0.0788546
0.0791641
0.0793884
0.0795356
0.0796121
0.0796231
0.0795726
0.079463
0.079296
0.0790721
0.0787906
0.0784501
0.0780483
0.0775821
0.0770479
0.0764417
0.0757593
0.0749966
0.0741495
0.0732147
0.0721897
0.0710728
0.0698635
0.0685626
0.0671716
0.0656929
0.0641288
0.0624812
0.0607515
0.0589424
0.0570618
0.0551291
0.0531817
0.0512804
0.0495063
0.0479505
0.0466962
0.0457983
0.0452706
0.0450875
0.0451934
0.0455184
0.045992
0.0465535
0.0471562
0.0477672
0.0483656
0.0489393
0.0494818
0.0499905
0.0504647
0.0509051
0.0513131
0.0516903
0.0520387
0.05236
0.0526561
0.0529286
0.0531792
0.0534093
0.0536201
0.0538129
0.0539886
1.51221e-06
1.63268e-06
1.74974e-06
1.86199e-06
1.96816e-06
2.06711e-06
2.15789e-06
2.23973e-06
2.31201e-06
2.37432e-06
2.42641e-06
2.46816e-06
2.49963e-06
2.52096e-06
2.53244e-06
2.53443e-06
2.52737e-06
2.5118e-06
2.48828e-06
2.45744e-06
2.41995e-06
2.3765e-06
2.32782e-06
2.27464e-06
2.21771e-06
2.15778e-06
2.09559e-06
2.03192e-06
1.96764e-06
1.90393e-06
1.84281e-06
1.78842e-06
1.7496e-06
1.7449e-06
1.81086e-06
2.01423e-06
2.4669e-06
3.33966e-06
4.86803e-06
7.34199e-06
1.10742e-05
1.63485e-05
2.33589e-05
3.21588e-05
4.26364e-05
5.45259e-05
6.74521e-05
8.0992e-05
9.47411e-05
0.000108363
0.000121616
0.000134361
0.000146553
0.000158225
0.000169465
0.000180398
0.000191163
0.0002019
0.000212736
0.000223773
0.000235086
0.000246712
0.000258656
0.000270881
0.000283319
0.000295869
0.000308399
0.000320761
0.000332788
0.000344307
0.000355144
0.000365132
0.000374118
0.000381965
0.000388561
0.000393818
0.000397674
0.000400098
0.000401084
0.000400653
0.000398853
0.000395757
0.000391461
0.000386099
0.000379855
0.00037302
0.000366105
0.000360076
0.000356805
0.000359844
0.000375647
0.000415278
0.000496413
0.000645175
0.000896924
0.001295
0.00188662
0.00271605
0.00381612
0.00520044
0.00685874
0.00875688
0.0108419
0.01305
0.0153166
0.0175846
0.0198095
0.021962
0.0240279
0.026006
0.0279057
0.0297431
0.031539
0.0333153
0.0350935
0.0368922
0.038726
0.0406044
0.0425313
0.0445045
0.0465162
0.0485527
0.0505957
0.0526228
0.0546085
0.0565254
0.0583455
0.0600411
0.0615861
0.0629567
0.0641323
0.0650961
0.0658352
0.066341
0.0666092
0.0666395
0.0664355
0.0660046
0.0653575
0.0645077
0.0634714
0.0622672
0.0609154
0.0594378
0.057858
0.0562008
0.0544933
0.0527653
0.0510509
0.0493908
0.047834
0.046439
0.0452736
0.0444107
0.0439217
0.0438667
0.0442847
0.045185
0.0465443
0.048308
0.0503972
0.0527187
0.0551764
0.0576798
0.0601504
0.0625252
0.0647574
0.066816
0.0686836
0.0703537
0.0718283
0.0731153
0.0742264
0.0751752
0.0759758
0.0766424
0.0771881
0.0776247
0.0779628
0.0782115
0.0783784
0.0784698
0.0784909
0.0784454
0.0783361
0.0781647
0.0779321
0.0776382
0.0772821
0.0768622
0.0763765
0.0758223
0.075197
0.0744977
0.0737216
0.0728664
0.0719303
0.070912
0.0698113
0.0686287
0.0673659
0.0660249
0.064608
0.063117
0.0615527
0.0599148
0.0582034
0.056423
0.0545886
0.0527331
0.0509122
0.049203
0.0476934
0.0464658
0.0455758
0.0450401
0.0448367
0.0449141
0.045206
0.0456451
0.0461726
0.0467435
0.0473258
0.0478991
0.0484513
0.048976
0.0494702
0.0499331
0.0503648
0.0507664
0.0511391
0.0514842
0.0518034
0.052098
0.0523694
0.0526189
0.0528478
0.053057
0.0532477
0.053421
1.33897e-06
1.44769e-06
1.5539e-06
1.65637e-06
1.75394e-06
1.84557e-06
1.93037e-06
2.00758e-06
2.07661e-06
2.13702e-06
2.18851e-06
2.23094e-06
2.26428e-06
2.28862e-06
2.30417e-06
2.31121e-06
2.31012e-06
2.30134e-06
2.28537e-06
2.26275e-06
2.23405e-06
2.1999e-06
2.16092e-06
2.11776e-06
2.07108e-06
2.02152e-06
1.96974e-06
1.91642e-06
1.86233e-06
1.80855e-06
1.75694e-06
1.7114e-06
1.68035e-06
1.68147e-06
1.74968e-06
1.94885e-06
2.38613e-06
3.22533e-06
4.69265e-06
7.06722e-06
1.06509e-05
1.57192e-05
2.24628e-05
3.09387e-05
4.10459e-05
5.25353e-05
6.5052e-05
7.81937e-05
9.15719e-05
0.000104861
0.000117824
0.00013032
0.000142293
0.000153763
0.0001648
0.000175507
0.000186005
0.000196415
0.000206845
0.000217386
0.000228104
0.000239034
0.000250181
0.000261518
0.000272987
0.000284504
0.00029596
0.000307229
0.00031817
0.000328635
0.000338478
0.000347555
0.000355734
0.000362899
0.000368951
0.000373815
0.000377437
0.000379788
0.000380864
0.000380682
0.000379284
0.000376733
0.000373115
0.000368548
0.0003632
0.000357342
0.000351458
0.000346475
0.000344194
0.000348042
0.000364248
0.000403474
0.000482747
0.000627203
0.000870847
0.00125534
0.00182607
0.00262565
0.0036858
0.00501992
0.00661866
0.00844992
0.0104636
0.0125994
0.0147958
0.0169982
0.0191641
0.0212646
0.0232852
0.0252231
0.0270852
0.028885
0.0306396
0.0323679
0.0340882
0.0358163
0.0375649
0.0393423
0.041152
0.0429923
0.0448567
0.0467339
0.0486083
0.050461
0.0522705
0.0540133
0.0556655
0.0572033
0.0586043
0.0598478
0.060916
0.0617941
0.0624709
0.0629388
0.063194
0.0632361
0.0630684
0.0626975
0.0621326
0.0613861
0.0604722
0.0594074
0.0582096
0.0568985
0.0554949
0.0540209
0.0525005
0.0509607
0.0494323
0.0479525
0.046566
0.0453273
0.0442987
0.0435484
0.0431426
0.0431378
0.0435706
0.0444506
0.0457571
0.0474408
0.04943
0.0516397
0.0539822
0.0563744
0.0587441
0.0610327
0.0631962
0.0652045
0.0670398
0.0686941
0.070167
0.0714637
0.0725932
0.0735664
0.074395
0.0750911
0.0756662
0.0761307
0.0764942
0.0767651
0.0769503
0.077056
0.077087
0.0770471
0.0769393
0.0767655
0.076527
0.0762242
0.0758569
0.0754245
0.0749258
0.0743594
0.0737239
0.0730177
0.0722395
0.0713884
0.0704638
0.0694659
0.0683954
0.0672538
0.0660433
0.0647661
0.0634245
0.0620194
0.0605506
0.0590156
0.057412
0.0557408
0.0540128
0.052256
0.0505212
0.0488811
0.0474209
0.0462215
0.0453399
0.0447956
0.0445703
0.0446167
0.0448723
0.045273
0.0457624
0.0462969
0.0468457
0.047389
0.0479147
0.0484165
0.0488913
0.0493378
0.0497561
0.0501467
0.0505105
0.0508484
0.0511617
0.0514514
0.0517185
0.0519642
0.0521893
0.0523949
0.0525817
0.0527508
1.17133e-06
1.26821e-06
1.36339e-06
1.45579e-06
1.5444e-06
1.62829e-06
1.70664e-06
1.77874e-06
1.84403e-06
1.90205e-06
1.95249e-06
1.99516e-06
2.02999e-06
2.05701e-06
2.07634e-06
2.08821e-06
2.09291e-06
2.09078e-06
2.08224e-06
2.06775e-06
2.04779e-06
2.02288e-06
1.99356e-06
1.96038e-06
1.9239e-06
1.88467e-06
1.84325e-06
1.80023e-06
1.75628e-06
1.71236e-06
1.67021e-06
1.6335e-06
1.61024e-06
1.61729e-06
1.68803e-06
1.88357e-06
2.30654e-06
3.11395e-06
4.52294e-06
6.80181e-06
1.02414e-05
1.51082e-05
2.15882e-05
2.97402e-05
3.94715e-05
5.05475e-05
6.26314e-05
7.53399e-05
8.83005e-05
0.000101199
0.000113805
0.000125975
0.000137649
0.000148834
0.000159586
0.000169991
0.000180151
0.000190169
0.000200141
0.000210143
0.000220235
0.000230448
0.000240787
0.000251234
0.000261742
0.000272241
0.000282644
0.000292844
0.000302726
0.000312169
0.000321047
0.000329243
0.000336646
0.000343156
0.000348693
0.00035319
0.000356602
0.000358906
0.000360096
0.000360187
0.000359214
0.000357231
0.000354312
0.000350561
0.00034613
0.000341268
0.000336434
0.000332515
0.000331244
0.000335924
0.000352563
0.000391434
0.000468925
0.000609205
0.000844932
0.00121608
0.00176621
0.00253615
0.00355635
0.00483976
0.00637762
0.00813951
0.0100778
0.0121354
0.0142537
0.0163808
0.0184759
0.0205112
0.0224719
0.0243543
0.0261634
0.0279103
0.0296093
0.0312764
0.0329269
0.0345744
0.0362296
0.0378996
0.0395875
0.041292
0.0430078
0.0447256
0.0464325
0.0481128
0.0497485
0.0513202
0.0528077
0.0541911
0.0554515
0.0565714
0.0575357
0.0583318
0.0589501
0.0593841
0.0596305
0.0596891
0.0595627
0.059257
0.0587801
0.0581427
0.0573572
0.0564379
0.0554006
0.0542621
0.0530406
0.0517556
0.0504282
0.0490822
0.0477452
0.0464508
0.0452399
0.0441624
0.0432758
0.0426428
0.042325
0.0423745
0.0428254
0.0436871
0.044941
0.0465425
0.0484266
0.0505163
0.0527319
0.0549981
0.0572492
0.0594317
0.0615049
0.0634405
0.065221
0.0668375
0.0682879
0.0695753
0.0707059
0.0716884
0.0725321
0.0732469
0.0738424
0.0743278
0.0747112
0.0750002
0.0752012
0.0753197
0.0753604
0.0753271
0.0752228
0.0750497
0.0748096
0.0745034
0.0741318
0.0736949
0.0731927
0.072625
0.0719913
0.0712914
0.0705253
0.0696934
0.0687962
0.0678348
0.066811
0.0657269
0.0645848
0.0633871
0.0621356
0.0608306
0.0594702
0.0580502
0.0565653
0.0550131
0.0533999
0.0517489
0.0501061
0.0485398
0.047132
0.0459627
0.04509
0.0445363
0.0442873
0.0443001
0.044516
0.0448742
0.045321
0.0458143
0.0463245
0.0468322
0.047326
0.0477992
0.0482489
0.0486735
0.0490729
0.0494471
0.0497969
0.0501229
0.0504257
0.0507063
0.0509654
0.0512037
0.0514221
0.0516212
0.0518018
0.0519648
1.0113e-06
1.09645e-06
1.18059e-06
1.26283e-06
1.34228e-06
1.41815e-06
1.4897e-06
1.55628e-06
1.61738e-06
1.67255e-06
1.72148e-06
1.76394e-06
1.79982e-06
1.8291e-06
1.85184e-06
1.86818e-06
1.87834e-06
1.88257e-06
1.8812e-06
1.87459e-06
1.86313e-06
1.84725e-06
1.82739e-06
1.80398e-06
1.7775e-06
1.74841e-06
1.71716e-06
1.68424e-06
1.65025e-06
1.61603e-06
1.58319e-06
1.55521e-06
1.53967e-06
1.5527e-06
1.62621e-06
1.8187e-06
2.22848e-06
3.00606e-06
4.35972e-06
6.54713e-06
9.84795e-06
1.45188e-05
2.07401e-05
2.85702e-05
3.79224e-05
4.85744e-05
6.02047e-05
7.24472e-05
8.49452e-05
9.7396e-05
0.000109575
0.000121341
0.000132631
0.000143443
0.000153821
0.000163837
0.000173579
0.000183133
0.000192583
0.000201995
0.000211421
0.000220888
0.000230405
0.000239958
0.000249511
0.000259009
0.000268381
0.000277544
0.000286403
0.00029486
0.000302815
0.000310171
0.000316837
0.000322733
0.000327791
0.000331958
0.000335196
0.000337484
0.000338818
0.00033921
0.000338688
0.000337296
0.000335099
0.000332184
0.000328687
0.000324839
0.00032107
0.000318229
0.000317983
0.000323516
0.000340619
0.000379186
0.000454985
0.000591233
0.000819267
0.00117739
0.00170726
0.0024479
0.00342829
0.00466069
0.00613659
0.00782684
0.00968603
0.0116597
0.0136921
0.0157339
0.017746
0.0197021
0.0215875
0.023398
0.0251372
0.0268142
0.0284412
0.0300316
0.0315984
0.0331531
0.0347046
0.0362589
0.0378188
0.0393833
0.0409483
0.0425061
0.0440466
0.0455567
0.047022
0.0484265
0.049754
0.050988
0.052113
0.0531147
0.0539805
0.0547002
0.0552657
0.0556717
0.0559153
0.0559965
0.0559177
0.0556836
0.0553011
0.0547792
0.0541285
0.0533611
0.0524902
0.0515304
0.0504969
0.0494065
0.0482774
0.0471304
0.0459899
0.0448859
0.0438556
0.042944
0.0422042
0.0416934
0.0414681
0.0415761
0.0420487
0.0428942
0.0440959
0.0456132
0.0473873
0.0493487
0.0514256
0.0535505
0.0556644
0.0577193
0.0596787
0.0615167
0.0632168
0.0647699
0.0661731
0.0674277
0.0685379
0.0695101
0.0703516
0.0710702
0.0716737
0.0721696
0.0725649
0.0728659
0.0730785
0.0732076
0.0732575
0.0732319
0.073134
0.0729662
0.0727307
0.0724291
0.0720626
0.0716325
0.0711394
0.0705843
0.0699678
0.0692908
0.0685544
0.0677599
0.0669088
0.066003
0.0650448
0.0640366
0.0629809
0.0618799
0.0607349
0.0595451
0.0583072
0.057015
0.0556604
0.0542374
0.052748
0.0512105
0.0496659
0.048178
0.0468259
0.0456887
0.0448254
0.0442615
0.043987
0.0439633
0.044136
0.0444475
0.0448469
0.0452938
0.0457597
0.0462261
0.0466817
0.0471203
0.0475386
0.0479351
0.0483093
0.0486613
0.0489912
0.0492995
0.0495867
0.0498532
0.0500996
0.0503265
0.0505343
0.0507236
0.0508951
0.0510494
8.60936e-07
9.34692e-07
1.00802e-06
1.0802e-06
1.15049e-06
1.21822e-06
1.28276e-06
1.34354e-06
1.40009e-06
1.45201e-06
1.49897e-06
1.54075e-06
1.5772e-06
1.60825e-06
1.63391e-06
1.65425e-06
1.66939e-06
1.67953e-06
1.68489e-06
1.68573e-06
1.68236e-06
1.6751e-06
1.66429e-06
1.65028e-06
1.63342e-06
1.61409e-06
1.59266e-06
1.56951e-06
1.54516e-06
1.52034e-06
1.49656e-06
1.47707e-06
1.46912e-06
1.4881e-06
1.56457e-06
1.75459e-06
2.15236e-06
2.90221e-06
4.20389e-06
6.30459e-06
9.47271e-06
1.39546e-05
1.99236e-05
2.74359e-05
3.64086e-05
4.66285e-05
5.77874e-05
6.95342e-05
8.15269e-05
9.34738e-05
0.000105158
0.000116442
0.000127261
0.000137608
0.000147518
0.000157053
0.000166287
0.000175297
0.000184153
0.000192915
0.000201627
0.000210315
0.00021899
0.000227643
0.000236247
0.000244761
0.000253131
0.000261291
0.00026917
0.000276689
0.00028377
0.000290337
0.000296318
0.00030165
0.000306279
0.000310162
0.000313267
0.000315579
0.000317093
0.000317817
0.000317773
0.000316998
0.000315542
0.000313481
0.000310933
0.000308109
0.000305416
0.000303662
0.000304451
0.000310853
0.000328447
0.000366764
0.000440967
0.00057335
0.00079395
0.00113941
0.00164948
0.00236127
0.00330216
0.00448345
0.00589655
0.0075132
0.00928972
0.0111739
0.0131129
0.0150593
0.0169764
0.0188389
0.0206329
0.022354
0.0240051
0.0255938
0.0271306
0.028627
0.0300941
0.0315416
0.0329771
0.0344057
0.0358298
0.037249
0.0386599
0.0400569
0.0414317
0.0427742
0.0440731
0.0453157
0.046489
0.0475803
0.0485771
0.049468
0.0502431
0.0508941
0.0514145
0.0518001
0.0520486
0.0521599
0.052136
0.0519806
0.0516996
0.0513
0.0507907
0.0501813
0.0494829
0.0487073
0.0478672
0.0469765
0.0460506
0.0451072
0.0441678
0.0432588
0.0424134
0.0416725
0.041084
0.0407001
0.0405719
0.0407426
0.0412402
0.0420719
0.043222
0.0446532
0.0463125
0.0481374
0.0500637
0.0520315
0.053989
0.0558939
0.0577143
0.0594275
0.0610189
0.0624799
0.0638075
0.0650017
0.0660656
0.0670036
0.0678213
0.0685245
0.0691194
0.069612
0.0700081
0.0703128
0.0705311
0.0706674
0.0707257
0.0707094
0.0706217
0.0704654
0.0702428
0.069956
0.0696072
0.0691979
0.06873
0.0682049
0.0676245
0.0669903
0.0663043
0.0655684
0.0647849
0.0639561
0.0630846
0.0621728
0.0612232
0.0602376
0.0592165
0.0581581
0.0570577
0.0559068
0.0546947
0.0534117
0.0520554
0.0506394
0.0491993
0.0477948
0.046502
0.0453986
0.0445453
0.0439706
0.0436686
0.0436055
0.0437311
0.0439916
0.0443384
0.0447334
0.0451493
0.0455681
0.0459792
0.0463764
0.0467565
0.047118
0.0474604
0.0477833
0.0480869
0.0483713
0.0486367
0.0488836
0.0491121
0.0493226
0.0495155
0.0496911
0.04985
0.0499928
7.22362e-07
7.85288e-07
8.48259e-07
9.10702e-07
9.72039e-07
1.03171e-06
1.08921e-06
1.14405e-06
1.19581e-06
1.24413e-06
1.28873e-06
1.32936e-06
1.36587e-06
1.39814e-06
1.42613e-06
1.44986e-06
1.46938e-06
1.4848e-06
1.49626e-06
1.50394e-06
1.50804e-06
1.50878e-06
1.50642e-06
1.5012e-06
1.4934e-06
1.48328e-06
1.47112e-06
1.45725e-06
1.44205e-06
1.4262e-06
1.41107e-06
1.39974e-06
1.39913e-06
1.42396e-06
1.50354e-06
1.69163e-06
2.07864e-06
2.80301e-06
4.05636e-06
6.07567e-06
9.11806e-06
1.34192e-05
1.9144e-05
2.63448e-05
3.49401e-05
4.47232e-05
5.53964e-05
6.66214e-05
7.80694e-05
8.94597e-05
0.000100584
0.000111308
0.00012157
0.000131358
0.000140704
0.000149661
0.000158295
0.000166674
0.00017486
0.000182906
0.000190853
0.000198725
0.000206535
0.000214279
0.000221941
0.000229492
0.000236891
0.000244091
0.000251039
0.000257676
0.000263943
0.000269783
0.000275142
0.000279971
0.000284228
0.00028788
0.000290904
0.000293283
0.000295015
0.000296105
0.000296567
0.00029643
0.000295732
0.000294536
0.000292945
0.000291151
0.000289535
0.000288871
0.000290699
0.000297978
0.000316089
0.000354209
0.00042692
0.000555622
0.000769083
0.0011023
0.00159312
0.00227665
0.00317852
0.00430883
0.00565855
0.00719991
0.00889055
0.0106802
0.0125183
0.0143597
0.0161696
0.0179242
0.0196105
0.0212243
0.0227683
0.0242492
0.0256764
0.0270601
0.0284099
0.0297342
0.0310397
0.032331
0.0336102
0.0348775
0.0361306
0.0373652
0.0385752
0.0397532
0.0408903
0.0419772
0.0430041
0.043961
0.0448386
0.0456282
0.0463222
0.046914
0.0473989
0.0477734
0.0480358
0.0481858
0.048225
0.0481562
0.0479837
0.0477133
0.0473515
0.046906
0.0463854
0.0457989
0.0451567
0.04447
0.0437514
0.0430157
0.0422813
0.0415712
0.0409148
0.0403487
0.0399159
0.0396632
0.0396364
0.0398739
0.0404001
0.0412204
0.0423195
0.043663
0.0452028
0.0468831
0.0486469
0.050442
0.0522234
0.0539552
0.0556105
0.0571703
0.0586225
0.0599601
0.0611804
0.0622834
0.0632711
0.0641469
0.0649149
0.0655796
0.0661457
0.0666178
0.0670006
0.0672981
0.0675146
0.0676538
0.0677192
0.067714
0.0676413
0.0675039
0.0673045
0.0670454
0.0667292
0.066358
0.0659342
0.0654599
0.0649374
0.0643689
0.0637567
0.0631034
0.0624112
0.0616829
0.0609209
0.0601276
0.059305
0.0584545
0.0575757
0.0566657
0.0557182
0.0547228
0.0536657
0.0525338
0.0513205
0.0500341
0.0487054
0.0473894
0.0461593
0.0450919
0.044249
0.0436626
0.0433312
0.0432257
0.0433004
0.0435051
0.0437944
0.0441318
0.0444914
0.0448563
0.045216
0.0455649
0.0458997
0.0462191
0.0465222
0.0468089
0.0470791
0.0473327
0.0475699
0.0477908
0.0479956
0.0481844
0.0483574
0.048515
0.0486574
0.0487852
5.97668e-07
6.50573e-07
7.03883e-07
7.57169e-07
8.09989e-07
8.6191e-07
9.1252e-07
9.61433e-07
1.0083e-06
1.05281e-06
1.09469e-06
1.13374e-06
1.16977e-06
1.20266e-06
1.23232e-06
1.25873e-06
1.28187e-06
1.30179e-06
1.31854e-06
1.33222e-06
1.34296e-06
1.35088e-06
1.35614e-06
1.35892e-06
1.35937e-06
1.3577e-06
1.3541e-06
1.34879e-06
1.34211e-06
1.33463e-06
1.32761e-06
1.32398e-06
1.33033e-06
1.36082e-06
1.44358e-06
1.6303e-06
2.00783e-06
2.70915e-06
3.91813e-06
5.86192e-06
8.78641e-06
1.29161e-05
1.84067e-05
2.53046e-05
3.35275e-05
4.28722e-05
5.30492e-05
6.37306e-05
7.45989e-05
8.53844e-05
9.58866e-05
0.000105979
0.000115599
0.000124739
0.000133427
0.000141711
0.000149653
0.000157314
0.000164753
0.000172017
0.000179145
0.000186164
0.000193087
0.000199918
0.000206647
0.000213258
0.000219725
0.000226014
0.000232089
0.000237908
0.000243431
0.000248615
0.000253422
0.000257817
0.000261767
0.000265249
0.000268243
0.000270736
0.000272725
0.00027421
0.000275202
0.000275719
0.000275789
0.000275462
0.000274826
0.000274057
0.000273511
0.000273927
0.000276788
0.000284948
0.000303595
0.000341571
0.000412902
0.000538126
0.000744778
0.00106624
0.00153844
0.00219443
0.00305795
0.00413762
0.00542366
0.00688838
0.00849029
0.0101807
0.011911
0.0136381
0.0153291
0.0169617
0.0185242
0.0200129
0.0214307
0.0227841
0.0240819
0.0253334
0.0265475
0.0277318
0.0288926
0.0300341
0.0311587
0.0322671
0.033358
0.0344288
0.0354753
0.0364921
0.0374733
0.0384119
0.039301
0.0401336
0.0409027
0.0416021
0.0422262
0.0427702
0.0432304
0.0436042
0.0438902
0.0440881
0.0441987
0.0442241
0.0441672
0.0440319
0.0438231
0.0435462
0.0432076
0.0428141
0.0423733
0.0418937
0.0413854
0.0408604
0.040334
0.0398259
0.039362
0.0389744
0.0387011
0.0385837
0.0386625
0.0389708
0.0395289
0.0403401
0.0413888
0.042643
0.0440589
0.0455867
0.0471765
0.0487833
0.0503692
0.0519048
0.0533684
0.0547456
0.0560272
0.0572087
0.0582883
0.0592666
0.0601457
0.0609283
0.0616177
0.0622176
0.0627315
0.0631631
0.063516
0.0637935
0.063999
0.0641356
0.0642064
0.0642142
0.0641619
0.0640522
0.0638877
0.063671
0.0634046
0.0630909
0.0627326
0.062332
0.0618915
0.0614136
0.0609007
0.0603553
0.0597798
0.0591766
0.0585479
0.0578959
0.057222
0.0565268
0.0558091
0.0550649
0.0542862
0.0534605
0.0525715
0.0516022
0.0505417
0.0493934
0.0481829
0.0469608
0.0457971
0.0447677
0.0439359
0.043337
0.0429741
0.0428231
0.042843
0.0429874
0.0432137
0.0434878
0.043785
0.0440893
0.0443909
0.0446842
0.0449665
0.0452362
0.0454928
0.0457358
0.0459652
0.0461809
0.046383
0.0465715
0.0467463
0.0469076
0.0470556
0.0471904
0.0473121
0.0474213
4.88863e-07
5.32801e-07
5.77397e-07
6.22348e-07
6.67333e-07
7.12031e-07
7.56129e-07
7.99328e-07
8.4135e-07
8.8194e-07
9.20869e-07
9.57939e-07
9.92983e-07
1.02586e-06
1.05648e-06
1.08474e-06
1.11062e-06
1.13409e-06
1.15514e-06
1.17382e-06
1.19015e-06
1.2042e-06
1.21604e-06
1.22577e-06
1.23347e-06
1.23927e-06
1.24328e-06
1.24565e-06
1.24664e-06
1.24676e-06
1.24716e-06
1.25062e-06
1.26346e-06
1.2993e-06
1.38526e-06
1.57111e-06
1.94051e-06
2.62135e-06
3.79027e-06
5.66497e-06
8.48027e-06
1.24492e-05
1.77171e-05
2.43231e-05
3.21812e-05
4.10897e-05
5.0764e-05
6.08846e-05
7.11439e-05
8.12824e-05
9.11081e-05
0.000100501
0.000109405
0.000117814
0.000125756
0.000133279
0.000140443
0.000147307
0.000153926
0.000160348
0.000166612
0.000172745
0.000178767
0.000184685
0.000190499
0.000196203
0.000201783
0.000207218
0.000212486
0.000217561
0.000222416
0.000227023
0.000231355
0.000235388
0.0002391
0.000242471
0.000245487
0.000248138
0.000250416
0.000252321
0.000253856
0.000255031
0.000255867
0.0002564
0.000256705
0.000256942
0.000257445
0.000258921
0.000262798
0.000271831
0.000291026
0.00032891
0.000398979
0.000520946
0.000721156
0.00103141
0.00148571
0.00211501
0.002941
0.0039706
0.00519295
0.00658001
0.00809076
0.0096777
0.0112938
0.0128979
0.014459
0.0159564
0.0173797
0.0187264
0.0199998
0.0212066
0.0223558
0.0234563
0.0245169
0.0255449
0.0265465
0.0275261
0.0284866
0.0294294
0.0303546
0.0312607
0.0321455
0.0330058
0.0338376
0.0346366
0.0353981
0.0361175
0.0367901
0.0374115
0.0379779
0.0384859
0.0389328
0.0393166
0.0396359
0.0398904
0.0400801
0.0402062
0.0402704
0.040275
0.0402229
0.0401178
0.0399637
0.0397651
0.0395274
0.0392566
0.0389602
0.0386476
0.038331
0.0380273
0.0377584
0.0375521
0.0374418
0.0374633
0.0376515
0.0380341
0.0386274
0.0394316
0.0404306
0.041594
0.0428817
0.0442495
0.0456541
0.0470577
0.0484295
0.0497464
0.0509927
0.0521586
0.0532387
0.0542313
0.0551367
0.0559567
0.0566938
0.057351
0.0579317
0.0584388
0.0588756
0.0592451
0.0595501
0.0597935
0.0599778
0.0601058
0.0601798
0.0602025
0.0601761
0.0601032
0.0599861
0.0598271
0.0596286
0.0593929
0.0591223
0.058819
0.0584854
0.0581235
0.0577357
0.0573239
0.0568904
0.0564369
0.0559654
0.0554772
0.0549733
0.0544535
0.0539155
0.0533542
0.0527601
0.0521185
0.0514105
0.0506154
0.0497179
0.0487164
0.0476311
0.0465083
0.0454146
0.0444254
0.0436053
0.042993
0.0425966
0.0423971
0.0423582
0.0424377
0.0425959
0.0428009
0.0430296
0.0432669
0.0435035
0.0437345
0.043957
0.0441698
0.0443724
0.0445645
0.0447459
0.0449167
0.0450768
0.0452263
0.0453651
0.0454933
0.045611
0.0457182
0.0458151
0.045902
3.97821e-07
4.34078e-07
4.71148e-07
5.0883e-07
5.46905e-07
5.85144e-07
6.23324e-07
6.61224e-07
6.98632e-07
7.35346e-07
7.71182e-07
8.05968e-07
8.39552e-07
8.71798e-07
9.02594e-07
9.31843e-07
9.59466e-07
9.85405e-07
1.00961e-06
1.03207e-06
1.05275e-06
1.07166e-06
1.08882e-06
1.10424e-06
1.11796e-06
1.13003e-06
1.14049e-06
1.14945e-06
1.15709e-06
1.16385e-06
1.1708e-06
1.18059e-06
1.19931e-06
1.24011e-06
1.32919e-06
1.51468e-06
1.87732e-06
2.54045e-06
3.67396e-06
5.48658e-06
8.20232e-06
1.20224e-05
1.70811e-05
2.34081e-05
3.09121e-05
3.93897e-05
4.85592e-05
5.81072e-05
6.77345e-05
7.7191e-05
8.6294e-05
9.49318e-05
0.000103055
0.000110662
0.000117784
0.000124472
0.000130787
0.000136788
0.000142531
0.000148067
0.000153434
0.000158665
0.000163783
0.000168803
0.000173733
0.000178574
0.000183323
0.000187972
0.000192509
0.000196921
0.00020119
0.000205301
0.000209237
0.000212982
0.000216519
0.000219835
0.000222919
0.000225758
0.000228348
0.000230682
0.000232759
0.000234582
0.000236163
0.000237529
0.000238743
0.000239948
0.000241463
0.000243962
0.000248824
0.000258709
0.000278458
0.000316298
0.000385228
0.000504177
0.000698347
0.000997996
0.00143521
0.00203879
0.00282825
0.00380857
0.00496747
0.00627618
0.00769378
0.00917355
0.0106698
0.0121432
0.0135644
0.0149147
0.0161851
0.0173744
0.018487
0.0195303
0.0205137
0.0214465
0.0223378
0.0231952
0.0240253
0.0248329
0.0256219
0.0263945
0.0271519
0.0278942
0.0286209
0.0293305
0.0300211
0.0306901
0.0313352
0.0319533
0.0325417
0.0330976
0.0336185
0.0341021
0.0345462
0.0349494
0.0353104
0.0356283
0.0359028
0.036134
0.0363224
0.036469
0.0365749
0.036642
0.0366723
0.0366683
0.0366332
0.0365707
0.0364858
0.0363855
0.0362794
0.0361809
0.0361085
0.0360858
0.036141
0.0363046
0.0366054
0.0370658
0.037697
0.0384961
0.0394458
0.0405168
0.0416721
0.0428727
0.0440818
0.0452683
0.0464086
0.0474863
0.0484916
0.0494198
0.05027
0.0510435
0.0517434
0.0523733
0.0529371
0.0534387
0.0538817
0.0542694
0.054605
0.0548912
0.0551307
0.0553257
0.0554787
0.0555916
0.0556665
0.0557053
0.05571
0.0556824
0.0556243
0.0555377
0.0554241
0.0552855
0.0551235
0.0549399
0.0547362
0.0545142
0.0542754
0.0540212
0.0537531
0.0534723
0.0531799
0.0528767
0.0525627
0.052237
0.0518963
0.0515342
0.0511398
0.0506964
0.050182
0.0495725
0.0488481
0.048002
0.0470491
0.046031
0.0450113
0.0440644
0.0432565
0.0426302
0.0421983
0.0419473
0.0418458
0.0418558
0.0419409
0.0420714
0.0422258
0.04239
0.0425555
0.0427175
0.0428737
0.0430229
0.0431648
0.0432992
0.0434261
0.0435455
0.0436575
0.0437621
0.0438592
0.0439491
0.0440316
0.044107
0.0441753
0.0442367
3.26241e-07
3.56315e-07
3.8727e-07
4.18979e-07
4.51296e-07
4.84069e-07
5.17142e-07
5.50359e-07
5.83565e-07
6.1661e-07
6.49346e-07
6.81637e-07
7.1335e-07
7.44366e-07
7.74574e-07
8.03874e-07
8.32176e-07
8.594e-07
8.85477e-07
9.10347e-07
9.33962e-07
9.56282e-07
9.77275e-07
9.9692e-07
1.0152e-06
1.03212e-06
1.04767e-06
1.06191e-06
1.07498e-06
1.08724e-06
1.09971e-06
1.11492e-06
1.13877e-06
1.184e-06
1.27607e-06
1.46166e-06
1.81902e-06
2.46737e-06
3.57049e-06
5.32867e-06
7.95538e-06
1.16399e-05
1.65043e-05
2.25677e-05
2.97309e-05
3.77865e-05
4.64533e-05
5.54222e-05
6.44014e-05
7.31498e-05
8.14948e-05
8.9334e-05
9.66265e-05
0.000103378
0.000109626
0.000115427
0.000120844
0.000125941
0.000130778
0.000135406
0.000139871
0.000144207
0.000148445
0.000152603
0.000156699
0.00016074
0.000164732
0.000168674
0.000172565
0.0001764
0.00018017
0.000183868
0.000187483
0.000191005
0.000194423
0.000197727
0.000200906
0.000203951
0.000206852
0.000209604
0.000212199
0.000214635
0.000216918
0.000219065
0.000221132
0.000223249
0.000225716
0.000229182
0.000234978
0.000245682
0.000265978
0.000303819
0.000371737
0.000487925
0.000676493
0.000966198
0.00138723
0.00196618
0.00272026
0.00365228
0.00474822
0.00597826
0.00730116
0.00867068
0.0100423
0.0113783
0.0126512
0.0138442
0.0149502
0.0159696
0.016908
0.0177743
0.0185785
0.0193311
0.0200415
0.0207183
0.0213687
0.0219985
0.0226123
0.0232135
0.0238047
0.0243872
0.0249618
0.0255288
0.0260877
0.0266378
0.027178
0.027707
0.0282232
0.0287252
0.0292113
0.0296799
0.0301296
0.030559
0.0309667
0.0313517
0.0317131
0.03205
0.032362
0.0326488
0.0329102
0.0331463
0.0333575
0.0335445
0.0337084
0.0338509
0.033975
0.0340849
0.0341878
0.0342941
0.0344185
0.0345805
0.0348031
0.0351111
0.0355274
0.0360682
0.0367396
0.0375351
0.0384356
0.0394122
0.0404311
0.0414579
0.042462
0.0434192
0.0443129
0.0451337
0.045878
0.0465464
0.0471427
0.0476722
0.0481408
0.0485546
0.0489192
0.0492399
0.0495213
0.0497674
0.0499815
0.0501668
0.0503257
0.0504605
0.0505731
0.0506652
0.0507384
0.050794
0.0508333
0.0508574
0.0508674
0.0508644
0.0508493
0.050823
0.0507863
0.0507401
0.0506852
0.0506221
0.0505517
0.0504746
0.0503911
0.0503019
0.050207
0.0501065
0.0499995
0.0498842
0.0497562
0.0496081
0.0494272
0.0491948
0.0488861
0.0484733
0.0479319
0.0472497
0.0464363
0.0455284
0.0445865
0.0436841
0.0428891
0.042248
0.0417787
0.0414733
0.0413056
0.041242
0.0412494
0.0413005
0.0413755
0.0414613
0.0415501
0.0416376
0.0417219
0.041802
0.0418777
0.041949
0.042016
0.0420788
0.0421376
0.0421926
0.0422437
0.0422912
0.0423349
0.0423751
0.0424118
0.0424452
0.0556117
0.0557025
0.0557894
0.0558726
0.0559522
0.0560281
0.0561003
0.0561689
0.0562339
0.0562953
0.0563531
0.0564073
0.0564578
0.0565048
0.0565483
0.0565882
0.0566246
0.0566577
0.0566875
0.056714
0.0567374
0.0567579
0.0567755
0.0567904
0.0568028
0.0568129
0.0568209
0.0568269
0.0568312
0.0568341
0.0568357
0.0568363
0.0568361
0.0568352
0.056834
0.0568326
0.0568311
0.0568298
0.0568287
0.056828
0.0553326
0.0554226
0.0555085
0.0555903
0.0556681
0.055742
0.055812
0.0558781
0.0559404
0.0559989
0.0560536
0.0561045
0.0561516
0.0561951
0.0562349
0.0562712
0.0563039
0.0563332
0.0563592
0.0563819
0.0564016
0.0564183
0.0564322
0.0564435
0.0564524
0.056459
0.0564637
0.0564665
0.0564678
0.0564677
0.0564666
0.0564646
0.056462
0.056459
0.0564558
0.0564527
0.0564498
0.0564474
0.0564455
0.0564444
0.0549969
0.0550861
0.0551707
0.055251
0.055327
0.0553988
0.0554664
0.05553
0.0555895
0.055645
0.0556965
0.0557441
0.0557878
0.0558277
0.0558639
0.0558964
0.0559253
0.0559508
0.055973
0.0559919
0.0560078
0.0560207
0.056031
0.0560387
0.056044
0.0560472
0.0560486
0.0560482
0.0560465
0.0560436
0.0560397
0.0560352
0.0560302
0.0560251
0.0560201
0.0560153
0.056011
0.0560075
0.0560049
0.0560034
0.0545948
0.0546828
0.054766
0.0548446
0.0549186
0.0549882
0.0550533
0.0551142
0.0551708
0.0552232
0.0552715
0.0553157
0.0553559
0.0553923
0.0554248
0.0554536
0.0554787
0.0555004
0.0555188
0.0555339
0.0555461
0.0555553
0.055562
0.0555661
0.055568
0.0555679
0.055566
0.0555626
0.0555579
0.0555522
0.0555458
0.0555388
0.0555317
0.0555245
0.0555177
0.0555113
0.0555058
0.0555012
0.0554979
0.0554962
0.0541148
0.0542014
0.0542829
0.0543595
0.0544313
0.0544984
0.054561
0.054619
0.0546726
0.0547219
0.0547669
0.0548077
0.0548444
0.0548771
0.054906
0.054931
0.0549525
0.0549705
0.0549851
0.0549966
0.0550051
0.0550108
0.055014
0.0550147
0.0550133
0.0550101
0.0550052
0.0549988
0.0549914
0.0549831
0.0549742
0.054965
0.0549558
0.0549468
0.0549383
0.0549306
0.0549239
0.0549184
0.0549145
0.0549125
0.0535447
0.0536293
0.0537087
0.0537829
0.0538522
0.0539166
0.0539763
0.0540313
0.0540818
0.0541278
0.0541694
0.0542068
0.05424
0.0542691
0.0542944
0.0543159
0.0543338
0.0543482
0.0543593
0.0543673
0.0543724
0.0543747
0.0543746
0.0543722
0.0543678
0.0543617
0.054354
0.054345
0.0543351
0.0543245
0.0543135
0.0543023
0.0542913
0.0542807
0.0542708
0.0542618
0.0542541
0.0542479
0.0542435
0.0542412
0.0528712
0.0529531
0.0530297
0.0531011
0.0531674
0.0532288
0.0532853
0.053337
0.0533842
0.0534268
0.053465
0.0534989
0.0535286
0.0535543
0.0535761
0.0535941
0.0536086
0.0536196
0.0536275
0.0536323
0.0536342
0.0536336
0.0536306
0.0536254
0.0536184
0.0536097
0.0535997
0.0535885
0.0535765
0.053564
0.0535512
0.0535384
0.0535259
0.053514
0.053503
0.0534931
0.0534846
0.0534778
0.053473
0.0534706
0.0520803
0.0521588
0.0522318
0.0522997
0.0523625
0.0524203
0.0524732
0.0525214
0.052565
0.0526041
0.0526387
0.0526692
0.0526955
0.0527178
0.0527363
0.0527511
0.0527624
0.0527705
0.0527754
0.0527774
0.0527767
0.0527735
0.052768
0.0527606
0.0527514
0.0527408
0.0527289
0.052716
0.0527024
0.0526885
0.0526744
0.0526605
0.052647
0.0526342
0.0526224
0.0526119
0.0526029
0.0525958
0.0525908
0.0525882
0.0511585
0.0512324
0.051301
0.0513645
0.051423
0.0514767
0.0515256
0.0515699
0.0516096
0.0516449
0.051676
0.051703
0.0517259
0.051745
0.0517605
0.0517724
0.0517809
0.0517863
0.0517888
0.0517885
0.0517857
0.0517805
0.0517733
0.0517642
0.0517535
0.0517415
0.0517284
0.0517145
0.0517
0.0516853
0.0516705
0.051656
0.0516421
0.0516289
0.0516168
0.0516061
0.051597
0.0515898
0.0515847
0.0515821
0.0500934
0.0501614
0.0502244
0.0502826
0.050336
0.0503848
0.0504291
0.0504689
0.0505045
0.0505359
0.0505633
0.0505868
0.0506065
0.0506226
0.0506353
0.0506446
0.0506509
0.0506542
0.0506548
0.0506528
0.0506485
0.0506421
0.0506338
0.0506239
0.0506125
0.0505999
0.0505864
0.0505722
0.0505576
0.0505428
0.0505281
0.0505137
0.0504999
0.050487
0.0504751
0.0504647
0.0504558
0.0504488
0.0504439
0.0504414
0.0488751
0.0489357
0.0489918
0.0490435
0.0490909
0.049134
0.049173
0.049208
0.049239
0.0492663
0.0492899
0.0493099
0.0493265
0.0493399
0.0493501
0.0493573
0.0493618
0.0493636
0.049363
0.0493601
0.0493551
0.0493483
0.0493398
0.0493298
0.0493186
0.0493064
0.0492934
0.0492799
0.049266
0.049252
0.0492381
0.0492246
0.0492117
0.0491997
0.0491887
0.0491789
0.0491707
0.0491643
0.0491598
0.0491575
0.047498
0.0475498
0.0475976
0.0476416
0.0476818
0.0477184
0.0477514
0.0477809
0.047807
0.0478299
0.0478496
0.0478662
0.0478799
0.0478907
0.0478989
0.0479046
0.0479078
0.0479088
0.0479077
0.0479046
0.0478999
0.0478935
0.0478857
0.0478767
0.0478667
0.0478559
0.0478444
0.0478324
0.0478202
0.0478079
0.0477958
0.047784
0.0477728
0.0477623
0.0477527
0.0477443
0.0477372
0.0477316
0.0477278
0.0477258
0.0459631
0.0460044
0.0460425
0.0460776
0.0461096
0.0461388
0.0461651
0.0461886
0.0462095
0.0462277
0.0462434
0.0462566
0.0462676
0.0462762
0.0462828
0.0462873
0.0462899
0.0462908
0.04629
0.0462876
0.0462839
0.0462789
0.0462728
0.0462658
0.0462579
0.0462494
0.0462404
0.046231
0.0462214
0.0462118
0.0462023
0.0461931
0.0461843
0.0461761
0.0461686
0.046162
0.0461565
0.0461522
0.0461492
0.0461476
0.04428
0.0443092
0.0443364
0.0443614
0.0443844
0.0444054
0.0444244
0.0444414
0.0444567
0.0444701
0.0444817
0.0444917
0.0445
0.0445068
0.0445121
0.044516
0.0445186
0.04452
0.0445202
0.0445193
0.0445175
0.0445147
0.0445112
0.044507
0.0445023
0.044497
0.0444914
0.0444855
0.0444794
0.0444733
0.0444673
0.0444614
0.0444557
0.0444504
0.0444456
0.0444414
0.0444378
0.044435
0.0444331
0.0444321
0.042469
0.0424852
0.0425004
0.0425147
0.0425278
0.04254
0.0425513
0.0425616
0.0425709
0.0425794
0.042587
0.0425938
0.0425998
0.042605
0.0426094
0.0426131
0.0426162
0.0426186
0.0426203
0.0426216
0.0426223
0.0426225
0.0426223
0.0426217
0.0426208
0.0426195
0.042618
0.0426164
0.0426145
0.0426126
0.0426106
0.0426086
0.0426067
0.0426048
0.0426031
0.0426016
0.0426003
0.0425992
0.0425985
0.0425982
3.57795e-10
1.21588e-09
2.23488e-09
3.42808e-09
4.80869e-09
6.39004e-09
8.18552e-09
1.02086e-08
1.24726e-08
1.49911e-08
1.77773e-08
2.08443e-08
2.42051e-08
2.78725e-08
3.18587e-08
3.61758e-08
4.08354e-08
4.58485e-08
5.12257e-08
5.69767e-08
6.31107e-08
6.9636e-08
7.65601e-08
8.38895e-08
9.16299e-08
9.97857e-08
1.0836e-07
1.17356e-07
1.26775e-07
1.36615e-07
1.46876e-07
1.57556e-07
1.6865e-07
1.80153e-07
1.9206e-07
2.04363e-07
2.17053e-07
2.30122e-07
2.43564e-07
2.57373e-07
3.27648e-10
1.11327e-09
2.04577e-09
3.13691e-09
4.39839e-09
5.842e-09
7.47959e-09
9.32303e-09
1.13842e-08
1.3675e-08
1.62072e-08
1.89924e-08
2.20422e-08
2.53679e-08
2.89806e-08
3.28909e-08
3.71093e-08
4.16457e-08
4.65094e-08
5.17094e-08
5.72538e-08
6.31502e-08
6.94053e-08
7.60251e-08
8.30146e-08
9.03779e-08
9.81181e-08
1.06237e-07
1.14737e-07
1.23616e-07
1.32874e-07
1.42509e-07
1.52517e-07
1.62893e-07
1.73633e-07
1.8473e-07
1.96176e-07
2.07964e-07
2.20089e-07
2.32546e-07
3.11894e-10
1.05984e-09
1.9479e-09
2.98755e-09
4.19025e-09
5.56761e-09
7.13134e-09
8.89328e-09
1.08653e-08
1.30594e-08
1.54875e-08
1.81613e-08
2.10928e-08
2.42934e-08
2.77746e-08
3.15473e-08
3.56223e-08
4.00097e-08
4.47192e-08
4.976e-08
5.51402e-08
6.08675e-08
6.69485e-08
7.33889e-08
8.01936e-08
8.73659e-08
9.49085e-08
1.02822e-07
1.11108e-07
1.19764e-07
1.28787e-07
1.38174e-07
1.47919e-07
1.58017e-07
1.6846e-07
1.79238e-07
1.90343e-07
2.01765e-07
2.13495e-07
2.25527e-07
3.07927e-10
1.04665e-09
1.92469e-09
2.95418e-09
4.14736e-09
5.51673e-09
7.07503e-09
8.83525e-09
1.08105e-08
1.30141e-08
1.54594e-08
1.81598e-08
2.11286e-08
2.4379e-08
2.79238e-08
3.17758e-08
3.5947e-08
4.04492e-08
4.52931e-08
5.0489e-08
5.60462e-08
6.19727e-08
6.82757e-08
7.4961e-08
8.20329e-08
8.94945e-08
9.73472e-08
1.05591e-07
1.14223e-07
1.23242e-07
1.3264e-07
1.42412e-07
1.52548e-07
1.63039e-07
1.73872e-07
1.85034e-07
1.96511e-07
2.08288e-07
2.20351e-07
2.32686e-07
3.13603e-10
1.0664e-09
1.96255e-09
3.01563e-09
4.23947e-09
5.64835e-09
7.25694e-09
9.08032e-09
1.11339e-08
1.34333e-08
1.59943e-08
1.8833e-08
2.19652e-08
2.54067e-08
2.91731e-08
3.32796e-08
3.77406e-08
4.25701e-08
4.77811e-08
5.33855e-08
5.9394e-08
6.58159e-08
7.26589e-08
7.99291e-08
8.76306e-08
9.57655e-08
1.04334e-07
1.13334e-07
1.2276e-07
1.32606e-07
1.42864e-07
1.5352e-07
1.64563e-07
1.75975e-07
1.87739e-07
1.99835e-07
2.12241e-07
2.24936e-07
2.37896e-07
2.511e-07
3.2716e-10
1.11305e-09
2.05029e-09
3.15451e-09
4.44179e-09
5.92887e-09
7.63312e-09
9.57246e-09
1.17653e-08
1.42306e-08
1.69874e-08
2.0055e-08
2.34529e-08
2.72004e-08
3.13163e-08
3.58192e-08
4.07268e-08
4.60558e-08
5.1822e-08
5.80395e-08
6.47209e-08
7.18769e-08
7.95161e-08
8.76448e-08
9.62665e-08
1.05382e-07
1.14991e-07
1.25086e-07
1.35662e-07
1.46706e-07
1.58204e-07
1.7014e-07
1.82492e-07
1.95239e-07
2.08355e-07
2.2181e-07
2.35576e-07
2.4962e-07
2.63909e-07
2.78413e-07
3.47144e-10
1.18164e-09
2.17869e-09
3.35648e-09
4.73388e-09
6.33067e-09
8.16746e-09
1.02657e-08
1.26475e-08
1.53355e-08
1.8353e-08
2.17234e-08
2.54701e-08
2.96166e-08
3.4186e-08
3.92006e-08
4.46818e-08
5.065e-08
5.71238e-08
6.41202e-08
7.16537e-08
7.97368e-08
8.83787e-08
9.75859e-08
1.07361e-07
1.17705e-07
1.28612e-07
1.40074e-07
1.5208e-07
1.64612e-07
1.77652e-07
1.91174e-07
2.05152e-07
2.19553e-07
2.34342e-07
2.49482e-07
2.64932e-07
2.80649e-07
2.9659e-07
3.12712e-07
3.72349e-10
1.26805e-09
2.34012e-09
3.6097e-09
5.09887e-09
6.8309e-09
8.83016e-09
1.11221e-08
1.3733e-08
1.66901e-08
2.0021e-08
2.37538e-08
2.79168e-08
3.25381e-08
3.76452e-08
4.3265e-08
4.94231e-08
5.61437e-08
6.34488e-08
7.13583e-08
7.9889e-08
8.90548e-08
9.88659e-08
1.09329e-07
1.20445e-07
1.32212e-07
1.44624e-07
1.57667e-07
1.71324e-07
1.85573e-07
2.00387e-07
2.15734e-07
2.31576e-07
2.47873e-07
2.64579e-07
2.81644e-07
2.99018e-07
3.16645e-07
3.34468e-07
3.52432e-07
4.0177e-10
1.36885e-09
2.52822e-09
3.90428e-09
5.52269e-09
7.41058e-09
9.59647e-09
1.21102e-08
1.49828e-08
1.82461e-08
2.19331e-08
2.60767e-08
3.07106e-08
3.58678e-08
4.1581e-08
4.78818e-08
5.48004e-08
6.2365e-08
7.06014e-08
7.95323e-08
8.9177e-08
9.95509e-08
1.10665e-07
1.22524e-07
1.3513e-07
1.48477e-07
1.62555e-07
1.77346e-07
1.92827e-07
2.08968e-07
2.25735e-07
2.43085e-07
2.60971e-07
2.79342e-07
2.9814e-07
3.17303e-07
3.36768e-07
3.56466e-07
3.76328e-07
3.96283e-07
4.34567e-10
1.48117e-09
2.73766e-09
4.23197e-09
5.99361e-09
8.05386e-09
1.04457e-08
1.32037e-08
1.6364e-08
1.99636e-08
2.40408e-08
2.86342e-08
3.37827e-08
3.95251e-08
4.58993e-08
5.29421e-08
6.06885e-08
6.91709e-08
7.84188e-08
8.84582e-08
9.93104e-08
1.10992e-07
1.23515e-07
1.36883e-07
1.51096e-07
1.66145e-07
1.82014e-07
1.98682e-07
2.16117e-07
2.34282e-07
2.53132e-07
2.72616e-07
2.92674e-07
3.13244e-07
3.34254e-07
3.5563e-07
3.77295e-07
3.99167e-07
4.2116e-07
4.43191e-07
4.70032e-10
1.6026e-09
2.96397e-09
4.58583e-09
6.50175e-09
8.74739e-09
1.13605e-08
1.43807e-08
1.78492e-08
2.18088e-08
2.63034e-08
3.13774e-08
3.70755e-08
4.34424e-08
5.05214e-08
5.83548e-08
6.69824e-08
7.64413e-08
8.67646e-08
9.79813e-08
1.10115e-07
1.23183e-07
1.37198e-07
1.52161e-07
1.68071e-07
1.84915e-07
2.02671e-07
2.21311e-07
2.40796e-07
2.61079e-07
2.82106e-07
3.03813e-07
3.26129e-07
3.48977e-07
3.72273e-07
3.9593e-07
4.19854e-07
4.4395e-07
4.68118e-07
4.92259e-07
5.07569e-10
1.73109e-09
3.20338e-09
4.96e-09
7.03875e-09
9.47992e-09
1.23261e-08
1.56223e-08
1.94152e-08
2.37533e-08
2.86865e-08
3.42652e-08
4.05403e-08
4.75623e-08
5.53805e-08
6.40425e-08
7.35934e-08
8.40745e-08
9.55229e-08
1.0797e-07
1.21443e-07
1.35958e-07
1.51527e-07
1.68153e-07
1.85827e-07
2.04533e-07
2.24244e-07
2.44924e-07
2.66525e-07
2.88991e-07
3.12253e-07
3.36238e-07
3.60861e-07
3.8603e-07
4.11649e-07
4.37613e-07
4.63815e-07
4.90145e-07
5.16489e-07
5.42732e-07
5.46672e-10
1.86493e-09
3.45267e-09
5.34948e-09
7.59754e-09
1.02419e-08
1.33302e-08
1.69128e-08
2.10422e-08
2.57729e-08
3.11608e-08
3.72626e-08
4.41355e-08
5.1836e-08
6.04196e-08
6.99393e-08
8.04454e-08
9.19836e-08
1.04595e-07
1.18314e-07
1.33167e-07
1.49174e-07
1.66345e-07
1.84679e-07
2.04165e-07
2.24781e-07
2.46494e-07
2.69258e-07
2.93016e-07
3.177e-07
3.43231e-07
3.69519e-07
3.96468e-07
4.2397e-07
4.51914e-07
4.8018e-07
5.08646e-07
5.37186e-07
5.65673e-07
5.93974e-07
5.86911e-10
2.00263e-09
3.70911e-09
5.75005e-09
8.17209e-09
1.10251e-08
1.4362e-08
1.82387e-08
2.27135e-08
2.7847e-08
3.37013e-08
4.03397e-08
4.78256e-08
5.62219e-08
6.559e-08
7.59888e-08
8.74734e-08
1.00094e-07
1.13895e-07
1.28914e-07
1.45179e-07
1.6271e-07
1.81513e-07
2.01588e-07
2.22917e-07
2.45473e-07
2.69214e-07
2.94085e-07
3.20019e-07
3.46936e-07
3.74743e-07
4.03337e-07
4.32605e-07
4.62425e-07
4.9267e-07
5.23206e-07
5.53894e-07
5.84594e-07
6.15163e-07
6.45456e-07
6.27923e-10
2.14296e-09
3.9704e-09
6.15811e-09
8.75727e-09
1.18227e-08
1.54126e-08
1.95885e-08
2.44147e-08
2.9958e-08
3.6287e-08
4.34713e-08
5.15808e-08
6.0685e-08
7.08511e-08
8.21437e-08
9.46231e-08
1.08344e-07
1.23354e-07
1.39693e-07
1.57389e-07
1.76463e-07
1.9692e-07
2.18753e-07
2.41942e-07
2.66452e-07
2.92232e-07
3.19218e-07
3.4733e-07
3.76475e-07
4.06547e-07
4.37427e-07
4.68988e-07
5.01091e-07
5.33592e-07
5.66343e-07
5.9919e-07
6.31977e-07
6.64548e-07
6.96743e-07
2.76872e-07
3.02558e-07
3.29113e-07
3.56454e-07
3.84482e-07
4.1309e-07
4.42169e-07
4.71607e-07
5.01291e-07
5.3111e-07
5.60953e-07
5.90712e-07
6.20283e-07
6.49567e-07
6.78471e-07
7.06906e-07
7.34788e-07
7.62038e-07
7.88585e-07
8.14361e-07
8.39306e-07
8.63364e-07
8.86486e-07
9.08627e-07
9.29747e-07
9.49813e-07
9.68807e-07
9.86739e-07
1.00371e-06
1.02005e-06
1.03673e-06
1.05618e-06
1.08415e-06
1.1331e-06
1.22788e-06
1.41402e-06
1.76773e-06
2.40477e-06
3.48355e-06
5.19674e-06
7.74783e-06
1.13143e-05
1.60055e-05
2.18287e-05
2.86749e-05
3.63308e-05
4.45136e-05
5.2917e-05
6.12556e-05
6.92977e-05
7.68812e-05
8.39147e-05
9.03676e-05
9.62554e-05
0.000101624
0.000106536
0.000111063
0.000115271
0.000119227
0.000122987
0.000126599
0.000130105
0.000133537
0.000136922
0.00014028
0.000143625
0.000146967
0.000150315
0.000153669
0.000157032
0.0001604
0.000163771
0.000167138
0.000170496
0.000173836
0.00017715
0.000180428
0.000183663
0.000186844
0.000189963
0.000193011
0.000195983
0.000198878
0.00020171
0.000204526
0.000207447
0.00021076
0.000215091
0.000221731
0.000233183
0.000253994
0.000291872
0.000358932
0.000472695
0.000656261
0.00093697
0.00134317
0.00189928
0.0026201
0.00350615
0.00454142
0.0056947
0.00692418
0.00818385
0.00943017
0.0106271
0.011749
0.0127812
0.0137186
0.0145636
0.0153236
0.0160089
0.0166309
0.0172011
0.01773
0.0182273
0.0187009
0.0191576
0.0196032
0.0200419
0.0204773
0.020912
0.0213479
0.0217865
0.0222285
0.0226742
0.0231238
0.0235769
0.0240331
0.0244915
0.0249513
0.0254113
0.0258706
0.0263277
0.0267814
0.0272304
0.0276733
0.0281088
0.0285356
0.0289524
0.029358
0.0297513
0.0301312
0.0304968
0.0308477
0.0311839
0.031506
0.0318166
0.0321199
0.0324236
0.0327388
0.0330807
0.0334674
0.0339178
0.0344486
0.0350698
0.0357822
0.0365749
0.0374268
0.0383095
0.0391914
0.0400427
0.0408388
0.0415625
0.0422042
0.0427614
0.0432368
0.0436366
0.0439695
0.0442445
0.0444711
0.0446577
0.0448122
0.0449413
0.0450506
0.0451451
0.0452288
0.0453049
0.045376
0.0454445
0.0455119
0.0455797
0.0456488
0.0457201
0.0457942
0.0458714
0.0459519
0.046036
0.0461237
0.0462147
0.0463091
0.0464066
0.046507
0.0466099
0.0467151
0.0468223
0.0469309
0.0470405
0.0471504
0.0472597
0.0473667
0.0474685
0.0475599
0.0476321
0.0476708
0.0476552
0.0475578
0.0473468
0.046993
0.0464787
0.0458082
0.045013
0.0441507
0.0432939
0.0425122
0.041856
0.0413485
0.0409875
0.0407521
0.040613
0.0405408
0.0405104
0.0405039
0.0405091
0.0405191
0.0405301
0.0405404
0.0405493
0.0405568
0.0405631
0.0405685
0.0405731
0.0405773
0.0405812
0.040585
0.0405889
0.0405929
0.0405971
0.0406016
0.0406064
2.50138e-07
2.73321e-07
2.97298e-07
3.22002e-07
3.47351e-07
3.73257e-07
3.99633e-07
4.26389e-07
4.53436e-07
4.80688e-07
5.0806e-07
5.35471e-07
5.62843e-07
5.90103e-07
6.17182e-07
6.44016e-07
6.70541e-07
6.96699e-07
7.22436e-07
7.47698e-07
7.72437e-07
7.96605e-07
8.20159e-07
8.43053e-07
8.65248e-07
8.86704e-07
9.07393e-07
9.27312e-07
9.46542e-07
9.65398e-07
9.84803e-07
1.00715e-06
1.03808e-06
1.08985e-06
1.18691e-06
1.37397e-06
1.72571e-06
2.35518e-06
3.41642e-06
5.09552e-06
7.58701e-06
1.10572e-05
1.5603e-05
2.12191e-05
2.77859e-05
3.50828e-05
4.28239e-05
5.07047e-05
5.84461e-05
6.58255e-05
7.26923e-05
7.89673e-05
8.46318e-05
8.97122e-05
9.42644e-05
9.83601e-05
0.000102076
0.000105488
0.000108665
0.000111668
0.00011455
0.000117356
0.000120122
0.000122876
0.000125642
0.000128438
0.000131276
0.000134166
0.000137113
0.000140121
0.00014319
0.000146318
0.000149502
0.000152739
0.000156021
0.000159343
0.000162696
0.000166073
0.000169464
0.000172861
0.000176255
0.000179639
0.000183011
0.000186382
0.000189795
0.000193365
0.000197367
0.000202412
0.000209757
0.000221843
0.000243105
0.000281044
0.000347421
0.000459179
0.000638526
0.00091153
0.00130484
0.0018408
0.00253189
0.00337626
0.00435583
0.00543788
0.00657983
0.00773578
0.00886311
0.00992734
0.0109049
0.0117834
0.01256
0.0132391
0.0138302
0.0143452
0.0147971
0.0151985
0.0155612
0.0158956
0.0162106
0.0165139
0.0168119
0.0171096
0.0174113
0.0177204
0.0180396
0.018371
0.0187161
0.019076
0.0194514
0.0198427
0.0202499
0.020673
0.0211114
0.0215646
0.0220316
0.0225114
0.0230029
0.0235046
0.024015
0.0245326
0.0250556
0.0255822
0.0261104
0.0266382
0.0271637
0.0276848
0.0281998
0.0287071
0.0292059
0.0296965
0.0301813
0.0306649
0.0311552
0.0316634
0.0322025
0.032786
0.0334243
0.0341214
0.0348725
0.0356626
0.0364684
0.0372613
0.0380122
0.0386955
0.0392924
0.0397923
0.0401927
0.0404978
0.0407163
0.04086
0.0409421
0.0409757
0.0409729
0.0409448
0.040901
0.0408496
0.0407971
0.0407493
0.0407103
0.0406837
0.0406722
0.0406777
0.0407018
0.0407453
0.040809
0.0408931
0.0409974
0.0411219
0.041266
0.041429
0.0416103
0.0418089
0.0420239
0.0422542
0.0424988
0.0427564
0.0430259
0.0433061
0.0435957
0.0438934
0.0441977
0.0445068
0.0448182
0.0451281
0.0454301
0.0457144
0.0459651
0.0461592
0.0462663
0.046251
0.0460793
0.0457282
0.0451963
0.0445108
0.0437258
0.0429132
0.0421446
0.0414738
0.0409296
0.0405148
0.0402139
0.0400021
0.039853
0.0397442
0.0396592
0.0395873
0.0395219
0.0394598
0.0393997
0.039341
0.039284
0.039229
0.0391764
0.0391264
0.0390796
0.039036
0.0389959
0.0389594
0.0389267
0.0388978
0.0388727
0.0388514
2.42485e-07
2.64763e-07
2.87719e-07
3.11276e-07
3.35346e-07
3.59838e-07
3.84664e-07
4.09741e-07
4.34987e-07
4.6033e-07
4.85702e-07
5.11041e-07
5.36294e-07
5.61415e-07
5.86363e-07
6.11105e-07
6.35609e-07
6.59851e-07
6.83805e-07
7.07452e-07
7.3077e-07
7.5374e-07
7.76341e-07
7.98551e-07
8.20345e-07
8.41697e-07
8.62587e-07
8.83017e-07
9.03067e-07
9.23044e-07
9.43857e-07
9.67872e-07
1.00068e-06
1.05444e-06
1.15335e-06
1.34162e-06
1.69284e-06
2.31809e-06
3.36793e-06
5.02296e-06
7.46977e-06
1.08644e-05
1.52916e-05
2.07338e-05
2.70602e-05
3.40421e-05
4.13901e-05
4.88011e-05
5.60021e-05
6.27802e-05
6.8997e-05
7.45864e-05
7.95425e-05
8.39038e-05
8.77368e-05
9.1122e-05
9.41439e-05
9.68838e-05
9.94156e-05
0.000101804
0.000104105
0.000106365
0.00010862
0.0001109
0.00011323
0.000115627
0.000118103
0.000120668
0.000123328
0.000126086
0.000128942
0.000131896
0.000134945
0.000138087
0.000141315
0.000144625
0.000148012
0.000151468
0.000154987
0.000158561
0.000162183
0.000165848
0.000169553
0.00017331
0.000177159
0.000181214
0.000185744
0.000191343
0.000199247
0.000211846
0.000233484
0.000271496
0.000337349
0.000447499
0.000623387
0.000889957
0.00127232
0.00179089
0.00245593
0.00326331
0.00419285
0.0052103
0.00627225
0.00733291
0.00835057
0.00929241
0.010137
0.0108744
0.0115041
0.0120328
0.012472
0.0128354
0.0131373
0.0133918
0.0136114
0.0138074
0.0139893
0.0141652
0.014342
0.014525
0.014719
0.0149277
0.0151539
0.0154002
0.0156683
0.0159598
0.0162757
0.0166168
0.0169836
0.0173762
0.0177947
0.0182388
0.018708
0.0192016
0.0197186
0.0202579
0.0208182
0.0213978
0.0219949
0.0226075
0.0232333
0.0238699
0.0245147
0.025165
0.0258178
0.0264707
0.0271214
0.0277687
0.0284126
0.0290555
0.0297022
0.0303598
0.0310368
0.0317413
0.0324777
0.0332442
0.0340305
0.0348175
0.0355798
0.0362886
0.036917
0.0374437
0.0378557
0.0381487
0.038327
0.0384012
0.038386
0.0382984
0.0381557
0.0379743
0.0377691
0.037553
0.037337
0.0371299
0.036939
0.03677
0.0366272
0.036514
0.0364328
0.0363852
0.0363723
0.0363947
0.0364526
0.0365457
0.0366735
0.0368354
0.0370305
0.0372575
0.0375154
0.0378028
0.0381181
0.0384599
0.0388266
0.0392164
0.0396276
0.0400584
0.0405069
0.0409712
0.041449
0.0419378
0.0424344
0.0429341
0.0434298
0.04391
0.0443576
0.0447473
0.045046
0.0452146
0.0452143
0.045017
0.0446161
0.0440341
0.0433222
0.0425516
0.0417953
0.0411111
0.0405323
0.0400673
0.0397052
0.0394254
0.0392048
0.0390233
0.038866
0.038723
0.0385887
0.0384602
0.0383364
0.0382171
0.0381025
0.0379931
0.0378893
0.0377915
0.0377002
0.0376154
0.0375374
0.0374664
0.0374023
0.0373453
0.0372952
0.0372518
2.50012e-07
2.72644e-07
2.95805e-07
3.1939e-07
3.43286e-07
3.67385e-07
3.91584e-07
4.1579e-07
4.39921e-07
4.63905e-07
4.87687e-07
5.11219e-07
5.34471e-07
5.57421e-07
5.80061e-07
6.02391e-07
6.24418e-07
6.46157e-07
6.67624e-07
6.88841e-07
7.0983e-07
7.30608e-07
7.51195e-07
7.71603e-07
7.91839e-07
8.11905e-07
8.31805e-07
8.51557e-07
8.71256e-07
8.91216e-07
9.1235e-07
9.37023e-07
9.70822e-07
1.02586e-06
1.12626e-06
1.31596e-06
1.66789e-06
2.29173e-06
3.33531e-06
4.97462e-06
7.38922e-06
1.07255e-05
1.50568e-05
2.0353e-05
2.6472e-05
3.31769e-05
4.01747e-05
4.71637e-05
5.38771e-05
6.01128e-05
6.57452e-05
7.07223e-05
7.50519e-05
7.87849e-05
8.19986e-05
8.47827e-05
8.72286e-05
8.94229e-05
9.14431e-05
9.33564e-05
9.5219e-05
9.7077e-05
9.89669e-05
0.000100917
0.00010295
0.00010508
0.000107319
0.000109673
0.000112146
0.000114739
0.000117452
0.000120283
0.00012323
0.00012629
0.000129458
0.000132731
0.000136106
0.000139579
0.000143145
0.0001468
0.00015054
0.000154363
0.00015827
0.000162274
0.000166416
0.000170809
0.000175719
0.000181732
0.000190062
0.000203065
0.00022501
0.000263098
0.000328556
0.000437428
0.000610493
0.000871695
0.00124475
0.00174826
0.00239039
0.00316477
0.00404922
0.00500792
0.00599671
0.00696992
0.00788689
0.00871656
0.00943987
0.0100493
0.0105469
0.0109418
0.0112475
0.0114793
0.0116531
0.0117838
0.0118847
0.0119675
0.0120421
0.0121167
0.0121981
0.012292
0.0124027
0.0125339
0.0126885
0.012869
0.0130773
0.0133148
0.0135827
0.0138822
0.0142139
0.0145784
0.014976
0.0154069
0.0158711
0.0163682
0.0168979
0.0174594
0.0180517
0.0186736
0.0193235
0.0199995
0.0206993
0.0214205
0.0221602
0.022915
0.0236817
0.0244567
0.0252367
0.0260189
0.0268018
0.0275853
0.0283711
0.0291628
0.0299644
0.0307787
0.0316044
0.0324339
0.0332516
0.0340346
0.0347551
0.0353847
0.0358986
0.0362799
0.0365209
0.0366243
0.0366007
0.0364671
0.0362439
0.0359526
0.0356144
0.0352486
0.0348722
0.0344994
0.0341417
0.0338085
0.0335067
0.0332419
0.0330179
0.0328375
0.0327025
0.032614
0.0325724
0.032578
0.0326303
0.0327289
0.032873
0.0330616
0.0332936
0.0335679
0.033883
0.0342376
0.0346301
0.0350589
0.0355223
0.0360183
0.0365451
0.0371006
0.0376825
0.0382885
0.038916
0.0395619
0.0402222
0.0408915
0.0415618
0.0422206
0.0428489
0.0434195
0.0438964
0.0442366
0.044397
0.0443444
0.0440668
0.0435823
0.0429395
0.0422084
0.041464
0.0407674
0.0401564
0.0396445
0.0392257
0.038883
0.0385965
0.0383483
0.038125
0.0379178
0.0377217
0.037534
0.037354
0.0371817
0.0370172
0.0368611
0.0367139
0.0365758
0.0364473
0.0363285
0.0362194
0.0361202
0.0360308
0.0359511
0.0358809
0.0358199
2.6957e-07
2.93528e-07
3.17835e-07
3.42347e-07
3.66916e-07
3.91403e-07
4.15682e-07
4.39642e-07
4.6319e-07
4.86254e-07
5.08781e-07
5.30739e-07
5.52115e-07
5.72913e-07
5.93156e-07
6.1288e-07
6.32134e-07
6.50975e-07
6.69467e-07
6.8768e-07
7.05682e-07
7.23543e-07
7.41327e-07
7.59092e-07
7.76888e-07
7.94757e-07
8.12735e-07
8.30873e-07
8.49289e-07
8.68319e-07
8.88893e-07
9.13397e-07
9.47447e-07
1.0032e-06
1.1048e-06
1.29613e-06
1.64981e-06
2.2746e-06
3.31624e-06
4.94684e-06
7.33964e-06
1.06321e-05
1.48862e-05
2.00598e-05
2.59996e-05
3.24603e-05
3.91454e-05
4.57549e-05
5.20294e-05
5.77776e-05
6.28881e-05
6.73235e-05
7.11058e-05
7.42986e-05
7.699e-05
7.92783e-05
8.12611e-05
8.30291e-05
8.46622e-05
8.62282e-05
8.77826e-05
8.93699e-05
9.10239e-05
9.27701e-05
9.46263e-05
9.6604e-05
9.87103e-05
0.000100948
0.000103317
0.000105816
0.000108442
0.000111192
0.000114061
0.000117046
0.000120146
0.000123357
0.000126679
0.00013011
0.000133651
0.000137302
0.000141064
0.000144938
0.00014893
0.000153058
0.000157366
0.000161968
0.000167128
0.000173428
0.000182069
0.000195377
0.000217566
0.00025573
0.000320897
0.000428767
0.000599543
0.000856275
0.0012214
0.00171182
0.0023337
0.00307853
0.00392216
0.00482729
0.00574908
0.00664212
0.00746689
0.00819432
0.00880779
0.00930243
0.00968295
0.00996082
0.0101515
0.010272
0.0103392
0.0103688
0.0103746
0.0103686
0.0103603
0.010358
0.010368
0.0103956
0.0104448
0.0105189
0.0106205
0.0107518
0.0109143
0.0111096
0.0113389
0.0116033
0.0119037
0.0122409
0.0126158
0.0130288
0.0134807
0.0139715
0.0145016
0.0150709
0.0156789
0.0163249
0.0170081
0.0177268
0.0184792
0.0192629
0.0200751
0.0209124
0.021771
0.0226468
0.0235356
0.0244334
0.0253369
0.0262439
0.0271534
0.0280652
0.0289793
0.029893
0.0307997
0.0316861
0.0325314
0.0333091
0.0339893
0.0345439
0.0349506
0.0351968
0.0352809
0.0352118
0.0350068
0.0346889
0.0342839
0.0338177
0.0333147
0.0327964
0.0322813
0.0317841
0.0313165
0.0308875
0.0305035
0.0301689
0.0298869
0.0296592
0.0294868
0.0293699
0.0293085
0.0293019
0.0293495
0.0294505
0.029604
0.0298089
0.0300644
0.0303692
0.0307224
0.0311228
0.0315692
0.0320601
0.0325942
0.0331699
0.0337854
0.0344387
0.0351276
0.0358496
0.0366019
0.0373811
0.0381827
0.0390008
0.0398262
0.0406455
0.041438
0.0421745
0.0428159
0.0433158
0.0436263
0.0437091
0.0435474
0.0431547
0.0425768
0.0418831
0.04115
0.0404419
0.0398012
0.0392459
0.0387746
0.038374
0.0380273
0.0377186
0.037436
0.0371715
0.0369207
0.0366815
0.036453
0.0362355
0.0360291
0.0358343
0.0356515
0.035481
0.0353228
0.0351772
0.035044
0.0349231
0.0348144
0.0347176
0.0346323
0.0345581
2.98613e-07
3.24624e-07
3.50779e-07
3.76884e-07
4.02748e-07
4.28196e-07
4.53072e-07
4.77244e-07
5.00605e-07
5.23077e-07
5.4461e-07
5.65183e-07
5.848e-07
6.03492e-07
6.2131e-07
6.38327e-07
6.54633e-07
6.70331e-07
6.85532e-07
7.00357e-07
7.14927e-07
7.29363e-07
7.43783e-07
7.58297e-07
7.73005e-07
7.87994e-07
8.03346e-07
8.19149e-07
8.35555e-07
8.52933e-07
8.72245e-07
8.95917e-07
9.29626e-07
9.85624e-07
1.08819e-06
1.28135e-06
1.63768e-06
2.26541e-06
3.30877e-06
4.93655e-06
7.31627e-06
1.05769e-05
1.47697e-05
1.98404e-05
2.56247e-05
3.18693e-05
3.82743e-05
4.45422e-05
5.04214e-05
5.57326e-05
6.03792e-05
6.43389e-05
6.76481e-05
7.03831e-05
7.26421e-05
7.45313e-05
7.61536e-05
7.76027e-05
7.89594e-05
8.02907e-05
8.16502e-05
8.3079e-05
8.46071e-05
8.62551e-05
8.8036e-05
8.99561e-05
9.20172e-05
9.42172e-05
9.65515e-05
9.90143e-05
0.000101599
0.0001043
0.000107112
0.000110031
0.000113055
0.000116183
0.000119417
0.000122761
0.000126217
0.000129793
0.000133494
0.000137328
0.000141306
0.000145453
0.000149817
0.000154515
0.000159814
0.000166293
0.000175143
0.00018867
0.000211046
0.000249281
0.000314245
0.000421343
0.000590279
0.000843298
0.00120165
0.00168066
0.00228456
0.0030028
0.00380932
0.00466548
0.00552584
0.00634538
0.00708592
0.00772053
0.0082352
0.00862782
0.00890574
0.00908277
0.00917623
0.00920455
0.00918554
0.0091354
0.00906807
0.00899515
0.00892607
0.00886832
0.00882775
0.00880889
0.0088152
0.00884935
0.00891342
0.00900906
0.00913765
0.0093004
0.00949845
0.00973288
0.0100048
0.0103153
0.0106656
0.0110567
0.0114898
0.0119658
0.0124857
0.0130502
0.0136596
0.0143141
0.0150134
0.0157567
0.0165427
0.0173695
0.0182346
0.0191346
0.0200656
0.0210232
0.0220025
0.0229983
0.024006
0.0250212
0.0260404
0.0270599
0.0280752
0.029079
0.030059
0.0309964
0.0318657
0.0326365
0.0332774
0.0337608
0.034067
0.0341882
0.0341287
0.0339039
0.0335376
0.0330587
0.032498
0.0318851
0.0312472
0.0306075
0.0299851
0.0293948
0.0288477
0.0283518
0.0279122
0.0275324
0.0272139
0.0269574
0.0267628
0.0266292
0.0265559
0.0265418
0.0265857
0.0266867
0.0268437
0.027056
0.0273229
0.0276435
0.0280175
0.0284441
0.0289227
0.0294527
0.0300333
0.0306635
0.031342
0.0320672
0.0328374
0.0336503
0.0345031
0.0353922
0.036313
0.0372589
0.0382202
0.0391821
0.0401225
0.04101
0.0418027
0.0424502
0.0429005
0.0431099
0.0430567
0.0427502
0.0422333
0.0415749
0.0408527
0.0401341
0.0394659
0.0388706
0.038351
0.0378976
0.0374962
0.037133
0.0367975
0.0364826
0.0361844
0.035901
0.0356318
0.0353768
0.0351363
0.0349106
0.0346999
0.0345043
0.0343237
0.0341582
0.0340074
0.033871
0.0337486
0.0336398
0.0335442
0.0334609
3.35071e-07
3.63662e-07
3.92165e-07
4.20332e-07
4.47925e-07
4.7473e-07
5.00558e-07
5.25256e-07
5.48702e-07
5.70813e-07
5.91541e-07
6.10875e-07
6.28836e-07
6.45479e-07
6.60885e-07
6.75163e-07
6.88441e-07
7.00865e-07
7.12597e-07
7.23804e-07
7.34663e-07
7.45348e-07
7.56031e-07
7.66877e-07
7.7804e-07
7.89661e-07
8.01868e-07
8.14797e-07
8.28643e-07
8.43813e-07
8.61315e-07
8.8363e-07
9.16527e-07
9.72406e-07
1.07578e-06
1.27093e-06
1.63069e-06
2.26309e-06
3.31124e-06
4.94115e-06
7.31511e-06
1.0554e-05
1.46986e-05
1.96831e-05
2.53319e-05
3.13844e-05
3.75376e-05
4.34974e-05
4.90203e-05
5.39403e-05
5.81759e-05
6.172e-05
6.46235e-05
6.69751e-05
6.88825e-05
7.04584e-05
7.18103e-05
7.30334e-05
7.42083e-05
7.54001e-05
7.6659e-05
7.8022e-05
7.9514e-05
8.11503e-05
8.29377e-05
8.48769e-05
8.69633e-05
8.91892e-05
9.15447e-05
9.4019e-05
9.66017e-05
9.92834e-05
0.000102057
0.000104917
0.000107863
0.000110894
0.000114016
0.000117235
0.000120561
0.000124004
0.000127578
0.000131298
0.000135182
0.000139259
0.000143588
0.000148288
0.000153631
0.000160194
0.000169166
0.000182838
0.000205351
0.000243653
0.000308484
0.000415005
0.00058248
0.000832425
0.001185
0.00165401
0.00224187
0.00293607
0.00370874
0.00451998
0.00532392
0.0060761
0.0067398
0.00729046
0.00771676
0.00801941
0.00820839
0.00829975
0.00831254
0.00826634
0.00817961
0.00806873
0.00794745
0.00782688
0.00771577
0.00762082
0.00754704
0.00749812
0.00747673
0.00748481
0.0075238
0.00759482
0.00769883
0.00783677
0.0080096
0.00821838
0.00846433
0.00874879
0.00907326
0.00943936
0.00984879
0.0103033
0.0108045
0.011354
0.0119531
0.012603
0.0133041
0.0140566
0.0148601
0.0157133
0.0166141
0.0175597
0.0185461
0.0195687
0.0206222
0.0217005
0.0227977
0.0239076
0.0250238
0.0261396
0.0272462
0.0283314
0.0293776
0.0303606
0.0312502
0.0320127
0.0326151
0.0330306
0.0332427
0.0332484
0.033058
0.0326936
0.0321854
0.0315678
0.0308761
0.0301433
0.0293987
0.0286664
0.0279657
0.0273107
0.0267114
0.0261742
0.0257028
0.0252989
0.0249626
0.0246931
0.0244891
0.0243489
0.0242708
0.0242531
0.0242945
0.0243936
0.0245497
0.0247621
0.0250305
0.0253547
0.0257348
0.026171
0.0266635
0.0272125
0.0278182
0.0284804
0.0291988
0.0299725
0.0308004
0.0316807
0.0326111
0.0335881
0.034607
0.0356608
0.0367393
0.0378265
0.038899
0.0399231
0.0408541
0.0416378
0.0422177
0.0425453
0.0425936
0.0423679
0.0419084
0.0412832
0.0405712
0.0398432
0.0391496
0.0385176
0.0379538
0.0374524
0.0370017
0.0365899
0.0362078
0.0358491
0.0355103
0.0351898
0.034887
0.0346019
0.0343346
0.0340852
0.0338536
0.0336399
0.0334437
0.0332645
0.033102
0.0329556
0.0328246
0.0327085
0.0326065
0.0325178
3.77249e-07
4.08782e-07
4.39967e-07
4.70501e-07
5.00099e-07
5.28508e-07
5.55509e-07
5.80927e-07
6.04629e-07
6.26526e-07
6.46576e-07
6.64776e-07
6.81167e-07
6.95826e-07
7.08863e-07
7.20418e-07
7.30657e-07
7.39769e-07
7.47958e-07
7.55441e-07
7.62444e-07
7.69194e-07
7.75918e-07
7.82836e-07
7.90157e-07
7.98077e-07
8.06779e-07
8.16448e-07
8.27327e-07
8.39874e-07
8.55147e-07
8.75701e-07
9.07419e-07
9.62898e-07
1.06695e-06
1.26429e-06
1.62814e-06
2.26667e-06
3.32224e-06
4.95846e-06
7.33277e-06
1.05584e-05
1.46658e-05
1.95777e-05
2.51082e-05
3.09889e-05
3.6915e-05
4.25958e-05
4.77973e-05
5.23672e-05
5.62391e-05
5.94217e-05
6.19798e-05
6.40136e-05
6.56398e-05
6.69765e-05
6.81344e-05
6.92094e-05
7.02805e-05
7.14101e-05
7.26445e-05
7.40154e-05
7.55425e-05
7.72348e-05
7.90931e-05
8.11114e-05
8.3279e-05
8.55816e-05
8.80035e-05
9.05287e-05
9.31421e-05
9.58305e-05
9.8584e-05
0.000101396
0.000104265
0.000107193
0.000110187
0.000113257
0.000116418
0.000119687
0.000123084
0.000126631
0.000130355
0.000134294
0.000138511
0.000143136
0.000148442
0.000155011
0.00016403
0.000177783
0.000200391
0.000238754
0.000303512
0.00040962
0.000575953
0.000823368
0.00117099
0.00163122
0.00220471
0.00287706
0.00361873
0.00438867
0.00514072
0.00583112
0.00642485
0.00689979
0.00724743
0.00747129
0.00758393
0.00760349
0.00755051
0.00744551
0.00730728
0.00715209
0.00699321
0.00684102
0.00670337
0.00658599
0.00649292
0.00642689
0.00638973
0.00638258
0.00640622
0.0064612
0.00654805
0.00666739
0.00681998
0.00700683
0.00722919
0.00748862
0.00778693
0.00812619
0.00850868
0.00893682
0.0094131
0.00993998
0.0105198
0.0111546
0.011846
0.0125953
0.0134029
0.0142683
0.0151904
0.0161667
0.0171938
0.0182669
0.0193803
0.0205276
0.0217013
0.0228936
0.0240957
0.0252975
0.0264864
0.0276452
0.0287511
0.0297746
0.0306811
0.0314337
0.0319983
0.032349
0.0324729
0.032372
0.0320629
0.0315742
0.0309423
0.0302069
0.0294072
0.0285792
0.0277535
0.0269545
0.0262011
0.025506
0.0248778
0.024321
0.0238373
0.0234267
0.0230877
0.022818
0.022615
0.0224761
0.0223988
0.0223809
0.0224207
0.0225169
0.0226688
0.0228759
0.0231384
0.0234566
0.0238315
0.0242641
0.0247556
0.0253071
0.0259201
0.0265953
0.0273336
0.0281353
0.029
0.0299269
0.0309141
0.0319588
0.0330562
0.0341994
0.0353775
0.0365738
0.0377633
0.0389104
0.0399673
0.0408763
0.0415763
0.0420137
0.0421569
0.0420069
0.0416012
0.0410071
0.040305
0.0395684
0.0388516
0.0381859
0.0375819
0.037037
0.0365421
0.0360873
0.0356645
0.0352682
0.0348953
0.0345442
0.0342145
0.0339059
0.0336185
0.0333519
0.0331059
0.0328801
0.032674
0.0324868
0.0323177
0.032166
0.0320307
0.0319111
0.0318062
0.031715
4.23752e-07
4.58448e-07
4.92512e-07
5.25585e-07
5.57337e-07
5.87478e-07
6.15763e-07
6.41998e-07
6.66043e-07
6.87807e-07
7.07254e-07
7.24394e-07
7.39286e-07
7.52028e-07
7.62757e-07
7.71644e-07
7.78889e-07
7.84717e-07
7.89374e-07
7.93119e-07
7.96226e-07
7.98971e-07
8.01634e-07
8.04488e-07
8.07799e-07
8.11816e-07
8.1678e-07
8.22928e-07
8.30558e-07
8.40179e-07
8.52914e-07
8.71403e-07
9.01666e-07
9.56532e-07
1.06119e-06
1.26088e-06
1.62943e-06
2.27535e-06
3.34055e-06
4.98657e-06
7.36636e-06
1.05857e-05
1.46651e-05
1.9516e-05
2.49423e-05
3.06687e-05
3.63889e-05
4.18165e-05
4.67274e-05
5.09835e-05
5.4534e-05
5.74028e-05
5.96682e-05
6.14413e-05
6.28463e-05
6.40062e-05
6.50333e-05
6.60233e-05
6.70531e-05
6.81815e-05
6.94503e-05
7.08859e-05
7.25023e-05
7.43024e-05
7.62805e-05
7.8424e-05
8.07156e-05
8.31348e-05
8.56595e-05
8.82679e-05
9.094e-05
9.36584e-05
9.641e-05
9.91866e-05
0.000101985
0.00010481
0.000107668
0.000110574
0.000113548
0.000116613
0.000119796
0.000123127
0.000126642
0.000130387
0.000134434
0.000138919
0.000144123
0.000150633
0.000159636
0.000173416
0.000196082
0.000234502
0.000299237
0.00040507
0.000570534
0.000815876
0.00115926
0.00161174
0.00217229
0.00282471
0.00353789
0.00426974
0.00497399
0.00560773
0.00613779
0.00654461
0.00682252
0.00697783
0.00702555
0.00698571
0.00688015
0.00672999
0.00655411
0.00636837
0.00618534
0.00601447
0.00586257
0.00573428
0.00563261
0.00555933
0.00551538
0.00550117
0.00551679
0.00556227
0.00563771
0.00574339
0.00587987
0.00604807
0.00624926
0.00648511
0.00675772
0.00706953
0.00742334
0.00782221
0.00826942
0.00876831
0.00932219
0.00993417
0.0106071
0.0113431
0.012144
0.0130103
0.0139416
0.0149363
0.0159914
0.0171024
0.0182636
0.0194678
0.0207066
0.0219706
0.0232486
0.0245274
0.0257903
0.0270155
0.028175
0.0292345
0.0301547
0.0308959
0.0314232
0.0317122
0.0317535
0.0315544
0.0311381
0.0305394
0.0298008
0.0289667
0.0280801
0.0271789
0.0262946
0.0254515
0.024667
0.0239526
0.0233146
0.0227555
0.022275
0.0218713
0.021541
0.0212806
0.0210863
0.0209545
0.0208822
0.0208667
0.020906
0.0209987
0.0211442
0.0213424
0.0215938
0.0218994
0.0222608
0.0226799
0.0231589
0.0237003
0.0243063
0.0249792
0.0257211
0.0265335
0.0274172
0.0283725
0.0293984
0.0304926
0.031651
0.0328666
0.0341282
0.0354184
0.036711
0.0379681
0.0391393
0.0401631
0.0409741
0.0415137
0.0417453
0.0416661
0.0413108
0.040746
0.0400533
0.0393089
0.0385709
0.0378744
0.0372339
0.0366498
0.0361156
0.0356229
0.0351649
0.0347367
0.0343356
0.03396
0.0336094
0.0332834
0.0329816
0.0327035
0.0324486
0.0322161
0.032005
0.0318143
0.0316429
0.0314898
0.0313537
0.0312338
0.0311287
0.0310375
4.73417e-07
5.11387e-07
5.48416e-07
5.84093e-07
6.18045e-07
6.4995e-07
6.79543e-07
7.06617e-07
7.31026e-07
7.52686e-07
7.71567e-07
7.87696e-07
8.01147e-07
8.12041e-07
8.2054e-07
8.26842e-07
8.31177e-07
8.33803e-07
8.35e-07
8.35067e-07
8.3432e-07
8.33079e-07
8.31673e-07
8.30427e-07
8.29659e-07
8.29676e-07
8.3077e-07
8.3324e-07
8.37436e-07
8.43928e-07
8.53907e-07
8.7011e-07
8.98714e-07
9.52817e-07
1.05804e-06
1.26026e-06
1.63402e-06
2.2884e-06
3.36511e-06
5.02387e-06
7.41338e-06
1.06322e-05
1.46912e-05
1.94908e-05
2.48248e-05
3.04119e-05
3.59446e-05
4.11412e-05
4.57888e-05
4.97634e-05
5.30297e-05
5.56264e-05
5.76447e-05
5.92055e-05
6.04398e-05
6.1474e-05
6.24213e-05
6.33763e-05
6.44133e-05
6.55871e-05
6.69345e-05
6.8477e-05
7.02227e-05
7.21685e-05
7.43024e-05
7.66055e-05
7.90537e-05
8.162e-05
8.42762e-05
8.69943e-05
8.97489e-05
9.25182e-05
9.52855e-05
9.80401e-05
0.000100778
0.000103503
0.000106225
0.000108962
0.000111737
0.00011458
0.000117524
0.000120609
0.000123878
0.000127387
0.000131217
0.000135512
0.000140562
0.000146959
0.000155895
0.000169657
0.00019235
0.000230823
0.000295578
0.000401253
0.000566077
0.000809737
0.00114949
0.0015951
0.00214394
0.0027781
0.00346499
0.00416165
0.00482182
0.00540356
0.00587573
0.0062214
0.00643773
0.00653374
0.00652674
0.00643844
0.00629169
0.00610797
0.00590597
0.00570092
0.00550448
0.00532503
0.00516826
0.00503771
0.00493534
0.00486199
0.00481778
0.0048024
0.00481536
0.00485618
0.00492457
0.0050205
0.00514433
0.00529684
0.00547927
0.00569338
0.00594144
0.00622621
0.00655092
0.00691921
0.00733504
0.0078026
0.00832614
0.00890983
0.00955764
0.010273
0.0110588
0.0119167
0.0128475
0.0138503
0.0149229
0.0160612
0.0172595
0.0185102
0.0198042
0.0211303
0.0224753
0.0238229
0.0251525
0.0264377
0.0276455
0.0287365
0.0296675
0.030396
0.0308866
0.0311166
0.0310805
0.0307914
0.0302784
0.0295831
0.0287533
0.0278381
0.0268832
0.0259282
0.0250048
0.0241364
0.023339
0.0226218
0.021989
0.0214409
0.0209752
0.0205881
0.0202748
0.0200303
0.01985
0.0197295
0.0196651
0.0196538
0.0196935
0.0197826
0.0199207
0.0201078
0.0203448
0.0206334
0.0209758
0.0213746
0.0218332
0.0223549
0.0229433
0.0236021
0.0243346
0.0251437
0.0260317
0.0270001
0.028049
0.0291771
0.0303808
0.0316536
0.0329842
0.0343545
0.0357371
0.0370923
0.0383668
0.0394958
0.0404091
0.0410435
0.0413577
0.0413445
0.0410364
0.0404992
0.0398154
0.039064
0.0383066
0.0375822
0.0369086
0.0362893
0.0357202
0.0351945
0.0347063
0.0342514
0.0338274
0.0334326
0.0330664
0.0327281
0.0324171
0.0321325
0.0318733
0.0316384
0.0314264
0.0312359
0.0310657
0.0309143
0.0307802
0.0306623
0.0305593
0.0304698
5.25275e-07
5.66538e-07
6.0653e-07
6.44789e-07
6.80907e-07
7.14536e-07
7.45394e-07
7.7327e-07
7.9802e-07
8.19565e-07
8.37889e-07
8.53035e-07
8.65096e-07
8.74214e-07
8.80573e-07
8.84395e-07
8.85935e-07
8.85478e-07
8.83336e-07
8.7984e-07
8.75341e-07
8.70201e-07
8.64792e-07
8.59485e-07
8.54651e-07
8.50649e-07
8.47828e-07
8.46542e-07
8.47201e-07
8.50437e-07
8.57516e-07
8.71282e-07
8.98086e-07
9.51324e-07
1.0571e-06
1.26201e-06
1.64144e-06
2.30521e-06
3.395e-06
5.06895e-06
7.47169e-06
1.06949e-05
1.47396e-05
1.94958e-05
2.47478e-05
3.02082e-05
3.55691e-05
4.05544e-05
4.49627e-05
4.86843e-05
5.16989e-05
5.40597e-05
5.58698e-05
5.72591e-05
5.83642e-05
5.9314e-05
6.02217e-05
6.11803e-05
6.22609e-05
6.35141e-05
6.49723e-05
6.66517e-05
6.8555e-05
7.06734e-05
7.2989e-05
7.54764e-05
7.81052e-05
8.0842e-05
8.36519e-05
8.6501e-05
8.93583e-05
9.2197e-05
9.49966e-05
9.77434e-05
0.000100432
0.000103066
0.000105656
0.000108224
0.000110796
0.000113407
0.000116099
0.000118918
0.000121916
0.000125159
0.000128737
0.000132804
0.000137658
0.000143899
0.000152727
0.000166434
0.000189129
0.000227651
0.000292462
0.000398079
0.000562457
0.000804766
0.00114141
0.0015809
0.0021191
0.00273646
0.00339904
0.00406309
0.00468253
0.00521654
0.00563613
0.005927
0.00608912
0.00613412
0.0060814
0.00595414
0.00577591
0.00556831
0.00534958
0.00513413
0.0049326
0.00475221
0.00459748
0.00447088
0.00437337
0.00430493
0.00426496
0.00425252
0.00426659
0.00430625
0.00437087
0.00446014
0.00457419
0.00471366
0.00487974
0.00507419
0.00529939
0.00555832
0.00585455
0.0061922
0.00657585
0.00701042
0.00750104
0.00805292
0.00867116
0.00936044
0.0101248
0.0109672
0.0118896
0.0128922
0.0139736
0.0151302
0.0163565
0.0176449
0.0189853
0.0203653
0.0217695
0.0231786
0.0245683
0.0259076
0.0271587
0.0282773
0.0292163
0.0299309
0.0303853
0.030559
0.0304506
0.0300789
0.0294794
0.0286997
0.0277929
0.0268121
0.0258054
0.0248133
0.0238672
0.0229891
0.022193
0.0214859
0.0208697
0.0203423
0.0198994
0.0195356
0.0192446
0.0190204
0.0188574
0.0187507
0.018696
0.0186903
0.018731
0.0188168
0.018947
0.0191221
0.0193432
0.0196124
0.0199325
0.0203068
0.0207396
0.0212352
0.0217986
0.0224345
0.0231477
0.0239426
0.0248231
0.025792
0.0268508
0.0279994
0.029235
0.0305516
0.0319381
0.033376
0.0348368
0.036279
0.0376469
0.0388718
0.0398794
0.0406017
0.0409927
0.0410413
0.0407773
0.0402659
0.0395906
0.038833
0.0380579
0.037308
0.0366046
0.0359539
0.0353539
0.0347996
0.0342858
0.033809
0.0333666
0.0329574
0.0325802
0.0322342
0.0319183
0.0316312
0.0313715
0.0311377
0.0309281
0.0307409
0.0305744
0.030427
0.0302971
0.0301831
0.0300836
0.0299972
5.78513e-07
6.23017e-07
6.65899e-07
7.06654e-07
7.44842e-07
7.80098e-07
8.12132e-07
8.40733e-07
8.65763e-07
8.87157e-07
9.04914e-07
9.19095e-07
9.29813e-07
9.37229e-07
9.41546e-07
9.43007e-07
9.41889e-07
9.385e-07
9.33173e-07
9.26269e-07
9.18167e-07
9.09265e-07
8.99972e-07
8.90704e-07
8.81877e-07
8.73902e-07
8.67184e-07
8.62131e-07
8.59213e-07
8.5913e-07
8.63225e-07
8.7446e-07
8.99374e-07
9.51686e-07
1.05803e-06
1.26578e-06
1.65129e-06
2.32522e-06
3.42941e-06
5.12056e-06
7.53944e-06
1.07708e-05
1.48065e-05
1.95259e-05
2.47043e-05
3.00489e-05
3.52516e-05
4.0043e-05
4.42331e-05
4.77264e-05
5.05177e-05
5.26737e-05
5.43087e-05
5.55604e-05
5.65699e-05
5.7468e-05
5.83671e-05
5.93581e-05
6.05087e-05
6.18656e-05
6.34567e-05
6.52934e-05
6.73735e-05
6.96828e-05
7.21976e-05
7.48867e-05
7.77134e-05
8.06377e-05
8.36184e-05
8.66156e-05
8.95922e-05
9.25165e-05
9.53636e-05
9.81169e-05
0.000100769
0.000103322
0.000105789
0.000108192
0.000110563
0.000112941
0.000115373
0.000117915
0.000120626
0.000123583
0.000126884
0.000130695
0.000135321
0.000141373
0.000150059
0.000163681
0.000186357
0.000224927
0.000289825
0.000395467
0.000559565
0.000800803
0.00113477
0.0015688
0.00209728
0.00269914
0.00333914
0.00397294
0.0045547
0.00504488
0.00541672
0.00565856
0.00577311
0.00577446
0.0056839
0.0055258
0.00532424
0.00510068
0.00487272
0.00465379
0.0044534
0.00427761
0.00412979
0.00401138
0.00392244
0.0038622
0.0038294
0.00382259
0.00384031
0.00388128
0.00394455
0.00402956
0.00413624
0.00426506
0.0044171
0.00459409
0.00479845
0.00503329
0.00530243
0.00561036
0.00596215
0.00636339
0.00681999
0.00733813
0.00792399
0.00858348
0.00932188
0.0101435
0.0110515
0.0120472
0.0131301
0.0142976
0.0155443
0.0168626
0.0182419
0.0196684
0.0211249
0.022589
0.0240329
0.0254211
0.0267109
0.0278535
0.0287981
0.0294977
0.0299167
0.0300366
0.0298607
0.0294134
0.0287366
0.0278837
0.0269128
0.0258802
0.0248359
0.0238208
0.0228654
0.0219901
0.0212064
0.0205191
0.0199275
0.0194273
0.0190126
0.0186761
0.0184105
0.0182089
0.018065
0.0179734
0.0179296
0.0179301
0.0179725
0.0180553
0.018178
0.018341
0.0185458
0.0187947
0.0190909
0.0194387
0.0198426
0.0203083
0.0208416
0.0214485
0.0221353
0.022908
0.0237718
0.0247312
0.0257892
0.0269469
0.0282028
0.0295516
0.0309825
0.0324768
0.0340051
0.0355243
0.0369761
0.0382885
0.039383
0.0401867
0.0406491
0.0407553
0.0405326
0.0400454
0.0393783
0.038615
0.037824
0.0370509
0.0363206
0.035642
0.0350149
0.0344358
0.0339006
0.0334059
0.0329495
0.0325299
0.0321457
0.0317956
0.0314783
0.0311921
0.030935
0.0307052
0.0305004
0.0303187
0.030158
0.0300164
0.029892
0.0297832
0.0296883
0.0296059
6.32451e-07
6.80087e-07
7.25734e-07
7.68848e-07
8.08968e-07
8.45715e-07
8.78801e-07
9.08021e-07
9.3325e-07
9.54439e-07
9.71608e-07
9.84836e-07
9.94254e-07
1.00004e-06
1.00243e-06
1.00166e-06
9.98036e-07
9.91883e-07
9.83551e-07
9.73421e-07
9.61898e-07
9.49406e-07
9.36389e-07
9.23301e-07
9.10601e-07
8.98749e-07
8.88199e-07
8.79419e-07
8.72938e-07
8.69522e-07
8.706e-07
8.79255e-07
9.02229e-07
9.53586e-07
1.06053e-06
1.27126e-06
1.6632e-06
2.34795e-06
3.46762e-06
5.17764e-06
7.61499e-06
1.08578e-05
1.48886e-05
1.95766e-05
2.46884e-05
2.99264e-05
3.49828e-05
3.95954e-05
4.35859e-05
4.68728e-05
4.94654e-05
5.14432e-05
5.29309e-05
5.40727e-05
5.50136e-05
5.58854e-05
5.67992e-05
5.78434e-05
5.90825e-05
6.05594e-05
6.22978e-05
6.4305e-05
6.65739e-05
6.90856e-05
7.18111e-05
7.47134e-05
7.77498e-05
8.0874e-05
8.40385e-05
8.71968e-05
9.03064e-05
9.333e-05
9.62384e-05
9.90114e-05
0.000101639
0.000104124
0.000106478
0.000108725
0.0001109
0.000113048
0.00011522
0.00011748
0.000119898
0.000122555
0.000125564
0.000129098
0.000133473
0.000139309
0.000147827
0.000161341
0.000183982
0.000222599
0.000287609
0.000393347
0.000557304
0.000797711
0.00112938
0.00155851
0.00207808
0.00266556
0.00328457
0.00389023
0.00443708
0.00488703
0.00521552
0.00541354
0.00548646
0.00545065
0.00532906
0.00514703
0.00492889
0.00469574
0.00446438
0.00424718
0.00405246
0.00388511
0.00374744
0.00363992
0.00356183
0.00351175
0.00348789
0.00348837
0.00351136
0.00355531
0.00361899
0.00370162
0.00380293
0.00392321
0.00406341
0.00422517
0.00441088
0.00462372
0.00486764
0.00514741
0.00546852
0.00583709
0.00625968
0.00674338
0.00729543
0.00792288
0.00863228
0.00942927
0.0103182
0.0113018
0.0123806
0.0135527
0.0148134
0.0161552
0.0175668
0.0190335
0.020536
0.0220495
0.0235422
0.0249745
0.0262989
0.0274623
0.0284103
0.029094
0.0294781
0.0295468
0.0293079
0.0287917
0.0280461
0.0271303
0.0261065
0.0250341
0.0239645
0.0229382
0.0219844
0.0211214
0.0203586
0.0196978
0.0191361
0.0186674
0.0182836
0.0179765
0.0177377
0.0175596
0.0174354
0.0173593
0.0173267
0.0173339
0.0173785
0.0174589
0.0175746
0.0177261
0.017915
0.0181438
0.0184162
0.0187366
0.0191106
0.0195444
0.0200447
0.0206189
0.0212745
0.0220189
0.0228592
0.0238014
0.02485
0.0260077
0.0272742
0.0286452
0.0301103
0.031651
0.0332372
0.0348243
0.0363515
0.0377436
0.0389178
0.039797
0.0403258
0.0404857
0.0403016
0.039837
0.0391777
0.0384095
0.0376039
0.03681
0.0360555
0.0353519
0.0347012
0.034101
0.0335479
0.0330391
0.0325722
0.0321456
0.0317577
0.0314068
0.031091
0.0308083
0.0305562
0.0303324
0.0301344
0.0299597
0.0298062
0.0296715
0.0295537
0.0294509
0.0293613
0.0292835
6.86522e-07
7.37138e-07
7.85385e-07
8.30687e-07
8.72567e-07
9.10646e-07
9.44638e-07
9.74354e-07
9.99688e-07
1.02061e-06
1.03716e-06
1.04945e-06
1.05761e-06
1.06185e-06
1.06241e-06
1.05956e-06
1.05359e-06
1.04486e-06
1.03372e-06
1.02056e-06
1.00582e-06
9.89937e-07
9.73384e-07
9.56648e-07
9.40228e-07
9.24628e-07
9.10353e-07
8.97924e-07
8.87931e-07
8.81208e-07
8.79273e-07
8.85337e-07
9.06355e-07
9.56756e-07
1.06435e-06
1.2782e-06
1.67686e-06
2.37297e-06
3.50903e-06
5.23924e-06
7.69694e-06
1.09536e-05
1.49829e-05
1.9644e-05
2.46951e-05
2.98344e-05
3.47548e-05
3.9202e-05
4.30092e-05
4.61088e-05
4.8524e-05
5.03465e-05
5.17098e-05
5.27645e-05
5.36582e-05
5.45229e-05
5.54684e-05
5.65804e-05
5.79202e-05
5.95273e-05
6.14216e-05
6.36065e-05
6.60711e-05
6.87917e-05
7.17346e-05
7.48573e-05
7.81112e-05
8.14439e-05
8.48013e-05
8.8131e-05
9.13842e-05
9.45185e-05
9.75001e-05
0.000100305
0.000102921
0.000105349
0.000107601
0.000109703
0.000111692
0.000113616
0.000115533
0.000117512
0.000119633
0.000121986
0.000124693
0.000127936
0.000132043
0.000137645
0.000145975
0.000159362
0.000181955
0.000220618
0.000285763
0.000391657
0.000555592
0.000795369
0.00112505
0.00154977
0.00206114
0.00263527
0.00323468
0.00381414
0.00432862
0.0047416
0.00503076
0.00518967
0.00522624
0.00515897
0.00501221
0.00481204
0.00458283
0.00434512
0.00411482
0.00390315
0.00371723
0.00356084
0.00343529
0.0033402
0.00327419
0.00323527
0.00322126
0.00322992
0.00325916
0.00330717
0.00337253
0.00345423
0.00355182
0.00366541
0.00379579
0.00394447
0.00411377
0.00430684
0.00452771
0.00478132
0.00507347
0.00541072
0.00580012
0.00624964
0.00676749
0.00736181
0.00804035
0.00881008
0.0096767
0.0106442
0.0117142
0.012886
0.0141554
0.0155149
0.0169533
0.0184546
0.0199979
0.0215555
0.0230922
0.0245643
0.0259197
0.0271009
0.0280503
0.0287174
0.0290673
0.0290872
0.0287897
0.0282107
0.0274043
0.0264346
0.0253681
0.0242664
0.0231816
0.0221537
0.0212101
0.0203669
0.0196306
0.0190009
0.0184725
0.0180372
0.0176857
0.0174085
0.0171966
0.0170417
0.0169369
0.0168762
0.0168547
0.0168689
0.016916
0.0169946
0.0171041
0.0172451
0.0174191
0.0176288
0.0178781
0.0181718
0.0185159
0.0189172
0.0193835
0.0199228
0.0205442
0.0212566
0.0220685
0.0229875
0.02402
0.0251702
0.0264392
0.0278239
0.0293147
0.0308931
0.0325286
0.0341753
0.0357701
0.0372347
0.0384822
0.0394311
0.0400216
0.0402317
0.0400835
0.0396402
0.0389882
0.0382156
0.0373968
0.0365841
0.0358079
0.0350824
0.0344111
0.0337929
0.0332252
0.0327053
0.032231
0.0318004
0.0314116
0.0310623
0.0307504
0.0304732
0.0302279
0.0300118
0.0298218
0.0296554
0.0295099
0.0293829
0.0292723
0.0291759
0.029092
0.029019
7.40266e-07
7.93678e-07
8.44331e-07
8.91624e-07
9.35074e-07
9.74305e-07
1.00905e-06
1.03913e-06
1.06446e-06
1.08506e-06
1.10096e-06
1.11231e-06
1.11927e-06
1.12205e-06
1.12089e-06
1.1161e-06
1.10796e-06
1.09683e-06
1.08309e-06
1.06712e-06
1.04938e-06
1.03032e-06
1.01043e-06
9.90242e-07
9.70278e-07
9.51087e-07
9.33219e-07
9.17249e-07
9.03827e-07
8.93855e-07
8.88941e-07
8.92431e-07
9.11502e-07
9.60966e-07
1.06925e-06
1.28636e-06
1.692e-06
2.39992e-06
3.55307e-06
5.30453e-06
7.78404e-06
1.10566e-05
1.50869e-05
1.97247e-05
2.47202e-05
2.97673e-05
3.4561e-05
3.88545e-05
4.24928e-05
4.54219e-05
4.76782e-05
4.93647e-05
5.06229e-05
5.16087e-05
5.24718e-05
5.33439e-05
5.43332e-05
5.55227e-05
5.69707e-05
5.87136e-05
6.07681e-05
6.31342e-05
6.57974e-05
6.87301e-05
7.18937e-05
7.52407e-05
7.87169e-05
8.22635e-05
8.58203e-05
8.93286e-05
9.27337e-05
9.59878e-05
9.90523e-05
0.0001019
0.000104516
0.000106898
0.00010906
0.000111028
0.000112842
0.00011455
0.000116219
0.000117923
0.00011975
0.000121798
0.000124197
0.000127143
0.000130971
0.000136326
0.000144453
0.000157699
0.000180234
0.000218944
0.000284243
0.000390344
0.000554355
0.000793672
0.00112165
0.00154237
0.00204616
0.00260783
0.00318894
0.00374394
0.0042284
0.00460739
0.00486087
0.00498491
0.00498983
0.00489605
0.00472912
0.00451563
0.00427979
0.00404147
0.00381556
0.0036121
0.00343706
0.00329315
0.00318076
0.00309882
0.00304535
0.00301796
0.00301411
0.00303132
0.0030673
0.00312006
0.00318796
0.00326985
0.00336507
0.00347355
0.00359591
0.00373351
0.00388852
0.00406405
0.00426413
0.00449378
0.00475902
0.00506677
0.00542436
0.00584066
0.00632472
0.00688568
0.00753247
0.00827333
0.00911531
0.0100637
0.0111215
0.0122889
0.0135625
0.0149352
0.0163955
0.0179266
0.0195058
0.0211029
0.0226795
0.0241875
0.0255704
0.0267668
0.0277158
0.0283656
0.0286822
0.0286558
0.0283037
0.0276677
0.0268075
0.0257923
0.024692
0.0235699
0.0224785
0.0214567
0.02053
0.0197118
0.0190062
0.0184103
0.0179166
0.0175154
0.0171961
0.0169483
0.0167625
0.0166301
0.0165439
0.0164979
0.0164872
0.0165082
0.0165582
0.0166356
0.0167398
0.0168713
0.0170318
0.0172238
0.0174513
0.0177195
0.0180347
0.0184042
0.0188364
0.0193402
0.019926
0.0206039
0.0213841
0.0222759
0.0232872
0.0244239
0.0256889
0.0270802
0.0285892
0.0301977
0.0318748
0.0335736
0.035229
0.0367594
0.0380742
0.0390876
0.0397355
0.0399922
0.0398777
0.0394543
0.0388093
0.0380328
0.0372021
0.0363723
0.0355768
0.0348318
0.0341427
0.0335094
0.0329299
0.0324017
0.0319227
0.0314905
0.031103
0.0307574
0.0304511
0.030181
0.0299438
0.0297364
0.0295554
0.0293978
0.0292609
0.0291421
0.0290389
0.0289491
0.0288711
0.028803
0.0406104
0.0406134
0.0406166
0.0406199
0.0406233
0.0406267
0.0406303
0.0406339
0.0406375
0.0406413
0.040645
0.0406488
0.0406526
0.0406565
0.0406603
0.0406641
0.0406679
0.0406717
0.0406754
0.0406791
0.0406826
0.0406862
0.0406896
0.0406929
0.0406961
0.0406992
0.0407022
0.040705
0.0407076
0.0407101
0.0407125
0.0407146
0.0407166
0.0407184
0.0407199
0.0407213
0.0407224
0.0407232
0.0407238
0.0407241
0.0388373
0.0388283
0.0388206
0.0388139
0.0388084
0.038804
0.0388005
0.0387981
0.0387967
0.0387962
0.0387965
0.0387977
0.0387997
0.0388024
0.0388057
0.0388097
0.0388143
0.0388194
0.038825
0.038831
0.0388373
0.0388439
0.0388507
0.0388577
0.0388647
0.0388718
0.0388789
0.0388859
0.0388927
0.0388994
0.0389057
0.0389117
0.0389173
0.0389224
0.038927
0.038931
0.0389343
0.0389369
0.0389387
0.0389396
0.0372225
0.0372034
0.0371864
0.0371714
0.0371584
0.0371474
0.0371381
0.0371307
0.0371249
0.0371208
0.0371183
0.0371172
0.0371176
0.0371193
0.0371222
0.0371263
0.0371315
0.0371377
0.0371447
0.0371525
0.0371611
0.0371702
0.0371797
0.0371897
0.0372
0.0372104
0.0372209
0.0372313
0.0372416
0.0372516
0.0372613
0.0372704
0.037279
0.0372869
0.037294
0.0373002
0.0373054
0.0373095
0.0373123
0.0373137
0.0357785
0.0357514
0.0357271
0.0357055
0.0356865
0.0356702
0.0356562
0.0356447
0.0356354
0.0356284
0.0356234
0.0356205
0.0356194
0.0356202
0.0356226
0.0356266
0.0356321
0.0356389
0.0356469
0.035656
0.0356661
0.035677
0.0356886
0.0357007
0.0357133
0.0357262
0.0357392
0.0357522
0.035765
0.0357776
0.0357898
0.0358014
0.0358122
0.0358223
0.0358313
0.0358392
0.0358458
0.035851
0.0358545
0.0358564
0.0345077
0.0344745
0.0344447
0.0344182
0.0343947
0.0343743
0.0343568
0.0343421
0.0343301
0.0343207
0.0343138
0.0343092
0.0343069
0.0343067
0.0343085
0.0343122
0.0343175
0.0343245
0.034333
0.0343427
0.0343536
0.0343655
0.0343783
0.0343918
0.0344058
0.0344202
0.0344348
0.0344494
0.034464
0.0344782
0.034492
0.0345052
0.0345176
0.0345291
0.0345394
0.0345485
0.0345561
0.034562
0.0345661
0.0345683
0.0334043
0.033367
0.0333334
0.0333033
0.0332768
0.0332535
0.0332334
0.0332164
0.0332023
0.0331911
0.0331825
0.0331766
0.0331731
0.0331719
0.0331729
0.0331759
0.0331809
0.0331876
0.0331959
0.0332057
0.0332167
0.0332289
0.0332421
0.0332561
0.0332707
0.0332857
0.033301
0.0333164
0.0333318
0.0333469
0.0333615
0.0333755
0.0333888
0.033401
0.033412
0.0334217
0.0334298
0.0334362
0.0334407
0.033443
0.0324574
0.0324175
0.0323816
0.0323494
0.0323208
0.0322957
0.0322739
0.0322552
0.0322396
0.032227
0.0322172
0.03221
0.0322054
0.0322032
0.0322032
0.0322054
0.0322096
0.0322156
0.0322233
0.0322326
0.0322432
0.032255
0.0322679
0.0322816
0.032296
0.0323109
0.0323262
0.0323416
0.032357
0.0323721
0.0323869
0.032401
0.0324144
0.0324268
0.032438
0.0324478
0.0324561
0.0324626
0.0324672
0.0324696
0.0316529
0.0316119
0.0315748
0.0315416
0.0315119
0.0314857
0.0314628
0.0314432
0.0314265
0.0314128
0.0314019
0.0313937
0.031388
0.0313847
0.0313837
0.0313848
0.031388
0.031393
0.0313997
0.0314079
0.0314176
0.0314284
0.0314404
0.0314533
0.0314669
0.031481
0.0314955
0.0315103
0.031525
0.0315396
0.0315538
0.0315675
0.0315804
0.0315925
0.0316034
0.031613
0.0316211
0.0316275
0.0316319
0.0316343
0.0309753
0.0309342
0.030897
0.0308634
0.0308335
0.0308068
0.0307835
0.0307632
0.0307459
0.0307314
0.0307196
0.0307104
0.0307037
0.0306993
0.0306971
0.030697
0.0306989
0.0307026
0.0307079
0.0307148
0.0307231
0.0307326
0.0307432
0.0307547
0.030767
0.0307798
0.0307931
0.0308066
0.0308202
0.0308337
0.0308469
0.0308596
0.0308717
0.0308829
0.0308931
0.0309021
0.0309097
0.0309158
0.03092
0.0309222
0.0304088
0.0303684
0.0303317
0.0302986
0.0302688
0.0302423
0.0302188
0.0301982
0.0301805
0.0301654
0.0301529
0.0301429
0.0301351
0.0301296
0.0301262
0.0301248
0.0301252
0.0301274
0.0301312
0.0301364
0.030143
0.0301508
0.0301597
0.0301695
0.0301801
0.0301912
0.0302028
0.0302147
0.0302268
0.0302387
0.0302505
0.0302619
0.0302727
0.0302828
0.030292
0.0303001
0.030307
0.0303125
0.0303164
0.0303184
0.0299382
0.0298991
0.0298634
0.0298311
0.029802
0.0297759
0.0297526
0.029732
0.029714
0.0296985
0.0296854
0.0296745
0.0296658
0.0296592
0.0296545
0.0296516
0.0296505
0.0296511
0.0296531
0.0296565
0.0296613
0.0296672
0.0296741
0.0296819
0.0296905
0.0296997
0.0297093
0.0297193
0.0297295
0.0297397
0.0297497
0.0297595
0.0297688
0.0297775
0.0297855
0.0297925
0.0297985
0.0298033
0.0298067
0.0298086
0.0295495
0.029512
0.0294778
0.0294466
0.0294184
0.0293929
0.0293699
0.0293495
0.0293314
0.0293156
0.0293019
0.0292903
0.0292807
0.0292729
0.0292669
0.0292626
0.0292599
0.0292587
0.0292589
0.0292604
0.0292631
0.029267
0.0292718
0.0292774
0.0292839
0.0292909
0.0292984
0.0293063
0.0293144
0.0293226
0.0293308
0.0293387
0.0293463
0.0293535
0.0293601
0.0293659
0.0293709
0.0293749
0.0293778
0.0293793
0.0292301
0.0291944
0.0291618
0.029132
0.0291047
0.02908
0.0290576
0.0290373
0.0290192
0.0290032
0.028989
0.0289767
0.0289661
0.0289572
0.0289499
0.0289442
0.0289398
0.0289369
0.0289352
0.0289348
0.0289355
0.0289372
0.0289398
0.0289432
0.0289474
0.0289522
0.0289575
0.0289632
0.0289691
0.0289752
0.0289813
0.0289873
0.0289932
0.0289986
0.0290037
0.0290082
0.0290121
0.0290152
0.0290175
0.0290187
0.0289687
0.0289351
0.0289041
0.0288757
0.0288496
0.0288256
0.0288038
0.0287838
0.0287658
0.0287494
0.0287348
0.0287218
0.0287104
0.0287004
0.0286918
0.0286846
0.0286787
0.028674
0.0286705
0.0286681
0.0286667
0.0286663
0.0286667
0.0286679
0.0286698
0.0286723
0.0286753
0.0286788
0.0286825
0.0286864
0.0286905
0.0286945
0.0286985
0.0287022
0.0287057
0.0287088
0.0287115
0.0287137
0.0287153
0.0287163
0.0287559
0.0287243
0.028695
0.028668
0.028643
0.0286199
0.0285986
0.028579
0.0285609
0.0285444
0.0285294
0.0285157
0.0285034
0.0284924
0.0284826
0.028474
0.0284665
0.0284601
0.0284548
0.0284504
0.028447
0.0284445
0.0284427
0.0284417
0.0284414
0.0284416
0.0284424
0.0284436
0.0284451
0.0284469
0.0284488
0.0284509
0.028453
0.028455
0.0284569
0.0284586
0.0284601
0.0284613
0.0284623
0.0284628
6.96644e-10
2.37818e-09
4.40855e-09
6.84268e-09
9.73941e-09
1.31619e-08
1.71773e-08
2.18568e-08
2.72747e-08
3.35084e-08
4.06373e-08
4.8742e-08
5.79036e-08
6.82019e-08
7.97148e-08
9.2516e-08
1.06674e-07
1.22251e-07
1.393e-07
1.57863e-07
1.77971e-07
1.99641e-07
2.22875e-07
2.47659e-07
2.73963e-07
3.01737e-07
3.30916e-07
3.61416e-07
3.93137e-07
4.25961e-07
4.59757e-07
4.94381e-07
5.29678e-07
5.65482e-07
6.01623e-07
6.37925e-07
6.74211e-07
7.103e-07
7.46013e-07
7.81169e-07
8.0376e-10
2.74476e-09
5.09121e-09
7.90897e-09
1.12688e-08
1.52469e-08
1.99243e-08
2.53871e-08
3.17256e-08
3.90333e-08
4.74068e-08
5.69436e-08
6.77418e-08
7.98976e-08
9.35043e-08
1.0865e-07
1.25415e-07
1.43871e-07
1.64077e-07
1.86079e-07
2.09907e-07
2.35573e-07
2.63068e-07
2.92365e-07
3.23411e-07
3.56135e-07
3.9044e-07
4.2621e-07
4.63308e-07
5.01576e-07
5.40842e-07
5.80917e-07
6.21603e-07
6.62692e-07
7.03972e-07
7.45228e-07
7.86247e-07
8.26815e-07
8.66723e-07
9.0576e-07
9.22793e-10
3.15209e-09
5.84973e-09
9.09374e-09
1.29682e-08
1.75637e-08
2.29771e-08
2.93111e-08
3.66738e-08
4.51771e-08
5.49365e-08
6.60686e-08
7.86902e-08
9.29156e-08
1.08855e-07
1.2661e-07
1.46276e-07
1.67931e-07
1.9164e-07
2.17451e-07
2.45388e-07
2.75454e-07
3.07625e-07
3.41852e-07
3.78055e-07
4.16131e-07
4.55945e-07
4.97339e-07
5.40128e-07
5.84108e-07
6.29056e-07
6.74732e-07
7.2089e-07
7.67274e-07
8.13627e-07
8.59695e-07
9.05228e-07
9.49982e-07
9.9372e-07
1.03621e-06
1.05347e-09
3.59928e-09
6.68252e-09
1.03946e-08
1.48344e-08
2.01086e-08
2.63315e-08
3.36244e-08
4.21151e-08
5.19362e-08
6.32241e-08
7.61164e-08
9.07506e-08
1.07261e-07
1.25774e-07
1.46409e-07
1.6927e-07
1.94446e-07
2.22005e-07
2.5199e-07
2.84417e-07
3.19274e-07
3.56515e-07
3.9606e-07
4.37795e-07
4.81572e-07
5.27211e-07
5.74498e-07
6.23196e-07
6.7304e-07
7.2375e-07
7.7503e-07
8.26577e-07
8.78087e-07
9.29257e-07
9.79792e-07
1.02941e-06
1.07784e-06
1.12483e-06
1.17013e-06
1.19549e-09
4.08529e-09
7.58769e-09
1.18089e-08
1.68638e-08
2.2877e-08
2.99821e-08
3.8321e-08
4.80433e-08
5.93044e-08
7.22636e-08
8.7082e-08
1.03919e-07
1.2293e-07
1.44261e-07
1.68045e-07
1.94398e-07
2.23415e-07
2.55162e-07
2.89677e-07
3.26961e-07
3.66977e-07
4.0965e-07
4.54859e-07
5.02445e-07
5.52205e-07
6.03898e-07
6.5725e-07
7.11954e-07
7.6768e-07
8.24082e-07
8.808e-07
9.37476e-07
9.93751e-07
1.04928e-06
1.10373e-06
1.1568e-06
1.2082e-06
1.25767e-06
1.30493e-06
1.34846e-09
4.60882e-09
8.56289e-09
1.33329e-08
1.90516e-08
2.58628e-08
3.39214e-08
4.33921e-08
5.44484e-08
6.72707e-08
8.20436e-08
9.89533e-08
1.18183e-07
1.39911e-07
1.64301e-07
1.91501e-07
2.21638e-07
2.54808e-07
2.91073e-07
3.30458e-07
3.7294e-07
4.18453e-07
4.66876e-07
5.18041e-07
5.71727e-07
6.27666e-07
6.85545e-07
7.45012e-07
8.05687e-07
8.67162e-07
9.2902e-07
9.90834e-07
1.05219e-06
1.11267e-06
1.17191e-06
1.22953e-06
1.28523e-06
1.3387e-06
1.38968e-06
1.43794e-06
1.51189e-09
5.16821e-09
9.60507e-09
1.49621e-08
2.13912e-08
2.90576e-08
3.81391e-08
4.88253e-08
6.1316e-08
7.58187e-08
9.25455e-08
1.1171e-07
1.3352e-07
1.58177e-07
1.85864e-07
2.16743e-07
2.50946e-07
2.88569e-07
3.29665e-07
3.74235e-07
4.22227e-07
4.7353e-07
5.2797e-07
5.85314e-07
6.45267e-07
7.07483e-07
7.71561e-07
8.37065e-07
9.03527e-07
9.70457e-07
1.03736e-06
1.10375e-06
1.16914e-06
1.23309e-06
1.29519e-06
1.35507e-06
1.4124e-06
1.4669e-06
1.51833e-06
1.56647e-06
1.68518e-09
5.76135e-09
1.07104e-08
1.66905e-08
2.38745e-08
3.24505e-08
4.26214e-08
5.46038e-08
6.86259e-08
8.49247e-08
1.03742e-07
1.2532e-07
1.49893e-07
1.77686e-07
2.08901e-07
2.4371e-07
2.8225e-07
3.2461e-07
3.70824e-07
4.20865e-07
4.74637e-07
5.31972e-07
5.92629e-07
6.56295e-07
7.22589e-07
7.91067e-07
8.61234e-07
9.32553e-07
1.00446e-06
1.07639e-06
1.14775e-06
1.21801e-06
1.28663e-06
1.35314e-06
1.41711e-06
1.47818e-06
1.53602e-06
1.59041e-06
1.64113e-06
1.68802e-06
1.86755e-09
6.38564e-09
1.1874e-08
1.85107e-08
2.6491e-08
3.60276e-08
4.73505e-08
6.07055e-08
7.63515e-08
9.4557e-08
1.15595e-07
1.39739e-07
1.67251e-07
1.98378e-07
2.3334e-07
2.72318e-07
3.15448e-07
3.62804e-07
4.14395e-07
4.70152e-07
5.29924e-07
5.93472e-07
6.60472e-07
7.30516e-07
8.03118e-07
8.77726e-07
9.53734e-07
1.0305e-06
1.10736e-06
1.18366e-06
1.25875e-06
1.33201e-06
1.4029e-06
1.47092e-06
1.53565e-06
1.59674e-06
1.65393e-06
1.70702e-06
1.75588e-06
1.8004e-06
2.05807e-09
7.0379e-09
1.30899e-08
2.04137e-08
2.92278e-08
3.97718e-08
5.23044e-08
6.71029e-08
8.44588e-08
1.04675e-07
1.28057e-07
1.5491e-07
1.85526e-07
2.20173e-07
2.59087e-07
3.02453e-07
3.50401e-07
4.02984e-07
4.60173e-07
5.21846e-07
5.87782e-07
6.57654e-07
7.3104e-07
8.07418e-07
8.86184e-07
9.66664e-07
1.04813e-06
1.12984e-06
1.21101e-06
1.29091e-06
1.36883e-06
1.44412e-06
1.5162e-06
1.58459e-06
1.6489e-06
1.70883e-06
1.76417e-06
1.81482e-06
1.86072e-06
1.90186e-06
2.25564e-09
7.71433e-09
1.43513e-08
2.23884e-08
3.20695e-08
4.36621e-08
5.74562e-08
7.37618e-08
9.2906e-08
1.15227e-07
1.41066e-07
1.70761e-07
2.04631e-07
2.42968e-07
2.86018e-07
3.3397e-07
3.86936e-07
4.4494e-07
5.07905e-07
5.75641e-07
6.47839e-07
7.24071e-07
8.03796e-07
8.86364e-07
9.71037e-07
1.05701e-06
1.14343e-06
1.22942e-06
1.31413e-06
1.39674e-06
1.4765e-06
1.55273e-06
1.62487e-06
1.69246e-06
1.75516e-06
1.81276e-06
1.86515e-06
1.9123e-06
1.95428e-06
1.99117e-06
2.45896e-09
8.41051e-09
1.56498e-08
2.44221e-08
3.49978e-08
4.76742e-08
6.27737e-08
8.06419e-08
1.01643e-07
1.26152e-07
1.54548e-07
1.87201e-07
2.24461e-07
2.66636e-07
3.13985e-07
3.66689e-07
4.24839e-07
4.88419e-07
5.57288e-07
6.31174e-07
7.09664e-07
7.9221e-07
8.78135e-07
9.66645e-07
1.05686e-06
1.14782e-06
1.23856e-06
1.32809e-06
1.41546e-06
1.4998e-06
1.58032e-06
1.65637e-06
1.72741e-06
1.79305e-06
1.85303e-06
1.90724e-06
1.95569e-06
1.99846e-06
2.03574e-06
2.06773e-06
2.66655e-09
9.12139e-09
1.6976e-08
2.65001e-08
3.79919e-08
5.17795e-08
6.822e-08
8.76959e-08
1.1061e-07
1.37377e-07
1.68414e-07
2.04125e-07
2.44886e-07
2.91027e-07
3.42807e-07
4.00398e-07
4.6386e-07
5.33122e-07
6.07969e-07
6.88028e-07
7.72767e-07
8.61499e-07
9.53394e-07
1.0475e-06
1.14278e-06
1.23814e-06
1.33247e-06
1.42468e-06
1.51376e-06
1.5988e-06
1.67901e-06
1.75377e-06
1.8226e-06
1.88522e-06
1.94148e-06
1.9914e-06
2.03509e-06
2.07281e-06
2.10484e-06
2.13152e-06
2.87677e-09
9.84129e-09
1.83195e-08
2.86061e-08
4.1028e-08
5.59459e-08
7.37527e-08
9.48695e-08
1.1974e-07
1.48819e-07
1.82562e-07
2.21409e-07
2.65761e-07
3.15963e-07
3.72275e-07
4.3485e-07
5.03706e-07
5.78709e-07
6.59549e-07
7.4574e-07
8.36611e-07
9.31319e-07
1.02887e-06
1.12814e-06
1.22793e-06
1.327e-06
1.42411e-06
1.51811e-06
1.60792e-06
1.69261e-06
1.77145e-06
1.84387e-06
1.90951e-06
1.96818e-06
2.0199e-06
2.06481e-06
2.10319e-06
2.13541e-06
2.16191e-06
2.18311e-06
3.08777e-09
1.0564e-08
1.96684e-08
3.07216e-08
4.408e-08
6.01377e-08
7.93247e-08
1.02102e-07
1.28956e-07
1.60382e-07
1.96876e-07
2.38912e-07
2.86916e-07
3.41244e-07
4.02152e-07
4.69766e-07
5.44052e-07
6.24797e-07
7.11587e-07
8.03802e-07
9.00615e-07
1.00101e-06
1.10382e-06
1.20774e-06
1.31141e-06
1.41345e-06
1.51252e-06
1.60738e-06
1.69694e-06
1.78031e-06
1.8568e-06
1.92596e-06
1.98755e-06
2.04154e-06
2.0881e-06
2.12754e-06
2.16028e-06
2.18683e-06
2.20773e-06
2.22354e-06
3.29762e-09
1.12827e-08
2.10103e-08
3.2827e-08
4.71194e-08
6.43158e-08
8.48843e-08
1.09327e-07
1.38173e-07
1.71961e-07
2.11227e-07
2.56477e-07
3.08162e-07
3.66646e-07
4.32173e-07
5.04835e-07
5.84536e-07
6.70972e-07
7.63607e-07
8.61672e-07
9.64173e-07
1.06991e-06
1.17752e-06
1.28553e-06
1.3924e-06
1.49664e-06
1.59681e-06
1.69163e-06
1.78004e-06
1.86118e-06
1.93448e-06
1.99961e-06
2.0565e-06
2.10529e-06
2.14633e-06
2.18007e-06
2.20709e-06
2.22802e-06
2.24351e-06
2.25419e-06
3.50421e-09
1.19904e-08
2.23319e-08
3.49014e-08
5.0116e-08
6.84387e-08
9.03763e-08
1.16473e-07
1.47301e-07
1.83443e-07
2.25474e-07
2.73933e-07
3.29293e-07
3.91922e-07
4.62049e-07
5.3972e-07
6.2477e-07
7.16788e-07
8.15104e-07
9.18788e-07
1.02666e-06
1.13733e-06
1.24923e-06
1.36072e-06
1.47011e-06
1.57577e-06
1.67623e-06
1.77019e-06
1.85662e-06
1.93477e-06
2.00419e-06
2.06473e-06
2.11649e-06
2.1598e-06
2.19517e-06
2.22323e-06
2.24469e-06
2.26027e-06
2.27071e-06
2.27668e-06
3.70544e-09
1.26796e-08
2.36193e-08
3.69231e-08
5.30383e-08
7.24628e-08
9.57425e-08
1.23464e-07
1.56242e-07
1.94705e-07
2.39466e-07
2.91097e-07
3.50089e-07
4.16812e-07
4.91472e-07
5.74065e-07
6.64343e-07
7.6178e-07
8.65559e-07
9.74574e-07
1.08745e-06
1.2026e-06
1.31827e-06
1.43262e-06
1.54383e-06
1.6502e-06
1.7502e-06
1.84256e-06
1.92633e-06
2.00088e-06
2.06594e-06
2.12153e-06
2.16795e-06
2.20573e-06
2.23554e-06
2.25815e-06
2.27438e-06
2.28504e-06
2.29092e-06
2.29272e-06
3.89913e-09
1.33431e-08
2.48588e-08
3.88702e-08
5.58545e-08
7.63441e-08
1.00924e-07
1.30222e-07
1.64898e-07
2.05622e-07
2.53049e-07
3.07778e-07
3.7032e-07
4.41041e-07
5.20121e-07
6.07497e-07
7.02831e-07
8.05472e-07
9.14444e-07
1.02846e-06
1.14594e-06
1.2651e-06
1.38398e-06
1.50059e-06
1.61299e-06
1.7194e-06
1.81829e-06
1.90844e-06
1.98902e-06
2.05956e-06
2.11996e-06
2.17046e-06
2.21157e-06
2.24397e-06
2.26851e-06
2.28607e-06
2.29757e-06
2.30386e-06
2.30575e-06
2.30396e-06
4.08324e-09
1.39737e-08
2.6037e-08
4.07215e-08
5.85334e-08
8.0039e-08
1.05861e-07
1.36669e-07
1.73167e-07
2.16068e-07
2.66062e-07
3.23783e-07
3.89751e-07
4.64331e-07
5.47669e-07
6.3964e-07
7.39807e-07
8.47387e-07
9.61239e-07
1.07988e-06
1.20154e-06
1.32422e-06
1.44578e-06
1.56408e-06
1.67709e-06
1.78297e-06
1.88021e-06
1.96771e-06
2.04475e-06
2.11105e-06
2.16672e-06
2.21221e-06
2.2482e-06
2.27557e-06
2.29529e-06
2.30834e-06
2.31569e-06
2.31823e-06
2.31675e-06
2.31196e-06
4.25582e-09
1.45649e-08
2.71413e-08
4.2457e-08
6.10457e-08
8.35063e-08
1.10498e-07
1.42732e-07
1.80954e-07
2.25918e-07
2.78354e-07
3.3892e-07
4.08153e-07
4.86407e-07
5.73794e-07
6.70123e-07
7.74852e-07
8.8706e-07
1.00544e-06
1.12832e-06
1.25371e-06
1.37943e-06
1.50317e-06
1.62266e-06
1.73576e-06
1.84065e-06
1.93588e-06
2.02042e-06
2.09375e-06
2.15578e-06
2.20683e-06
2.24755e-06
2.27881e-06
2.30163e-06
2.3171e-06
2.32626e-06
2.3301e-06
2.32952e-06
2.32529e-06
2.31807e-06
4.41524e-09
1.51108e-08
2.8161e-08
4.40593e-08
6.33657e-08
8.67094e-08
1.14785e-07
1.48344e-07
1.8817e-07
2.3506e-07
2.89778e-07
3.53011e-07
4.25306e-07
5.07008e-07
5.98189e-07
6.98591e-07
8.07565e-07
9.24052e-07
1.04657e-06
1.17327e-06
1.30196e-06
1.43026e-06
1.55572e-06
1.67594e-06
1.78875e-06
1.89233e-06
1.98529e-06
2.06676e-06
2.13639e-06
2.19429e-06
2.241e-06
2.27735e-06
2.30439e-06
2.32325e-06
2.3351e-06
2.34103e-06
2.34203e-06
2.33896e-06
2.33257e-06
2.32345e-06
4.56022e-09
1.56071e-08
2.90876e-08
4.55149e-08
6.54727e-08
8.96189e-08
1.18681e-07
1.53447e-07
1.9474e-07
2.43396e-07
3.00212e-07
3.65899e-07
4.41017e-07
5.25898e-07
6.20576e-07
7.24721e-07
8.37582e-07
9.5796e-07
1.08421e-06
1.21429e-06
1.34584e-06
1.4763e-06
1.60308e-06
1.72368e-06
1.8359e-06
1.93796e-06
2.02857e-06
2.10701e-06
2.1731e-06
2.22718e-06
2.26996e-06
2.30247e-06
2.32588e-06
2.34143e-06
2.35034e-06
2.3537e-06
2.35251e-06
2.34757e-06
2.33956e-06
2.32904e-06
4.69003e-09
1.60512e-08
2.99163e-08
4.68153e-08
6.73536e-08
9.22149e-08
1.22158e-07
1.58002e-07
2.0061e-07
2.50851e-07
3.09557e-07
3.7746e-07
4.55128e-07
5.42883e-07
6.40719e-07
7.48238e-07
8.64587e-07
9.88435e-07
1.11798e-06
1.25101e-06
1.38499e-06
1.51721e-06
1.64495e-06
1.76566e-06
1.87712e-06
1.97759e-06
2.06591e-06
2.1415e-06
2.20437e-06
2.25505e-06
2.29444e-06
2.3237e-06
2.34413e-06
2.35705e-06
2.36369e-06
2.36515e-06
2.36238e-06
2.35614e-06
2.34704e-06
2.33557e-06
4.80465e-09
1.64431e-08
3.06462e-08
4.7959e-08
6.90051e-08
9.44914e-08
1.25203e-07
1.61992e-07
2.05752e-07
2.57387e-07
3.17755e-07
3.87613e-07
4.67533e-07
5.57824e-07
6.58445e-07
7.68929e-07
8.8833e-07
1.01519e-06
1.14757e-06
1.28311e-06
1.4191e-06
1.55272e-06
1.68115e-06
1.80177e-06
1.91239e-06
2.01132e-06
2.09753e-06
2.17058e-06
2.23067e-06
2.27847e-06
2.31507e-06
2.34174e-06
2.35987e-06
2.37083e-06
2.37587e-06
2.37605e-06
2.37228e-06
2.36527e-06
2.35556e-06
2.34358e-06
4.9049e-09
1.67854e-08
3.12825e-08
4.89531e-08
7.04365e-08
9.6459e-08
1.2783e-07
1.65427e-07
2.10175e-07
2.63005e-07
3.24802e-07
3.96338e-07
4.78191e-07
5.70656e-07
6.73655e-07
7.86663e-07
9.08644e-07
1.03804e-06
1.17277e-06
1.31034e-06
1.44794e-06
1.58263e-06
1.71149e-06
1.83191e-06
1.9417e-06
2.03927e-06
2.12365e-06
2.19458e-06
2.2524e-06
2.29793e-06
2.33238e-06
2.35713e-06
2.37365e-06
2.38331e-06
2.38736e-06
2.38685e-06
2.38263e-06
2.37535e-06
2.3655e-06
2.35342e-06
4.99272e-09
1.70847e-08
3.18369e-08
4.98155e-08
7.16723e-08
9.81498e-08
1.30077e-07
1.68355e-07
2.13933e-07
2.67764e-07
3.30756e-07
4.0369e-07
4.87147e-07
5.81405e-07
6.86353e-07
8.0141e-07
9.25465e-07
1.05687e-06
1.19344e-06
1.33257e-06
1.47137e-06
1.60678e-06
1.73589e-06
1.85604e-06
1.9651e-06
2.06152e-06
2.14446e-06
2.21377e-06
2.26989e-06
2.31379e-06
2.34677e-06
2.37028e-06
2.38583e-06
2.39482e-06
2.39847e-06
2.39782e-06
2.39366e-06
2.38659e-06
2.37703e-06
2.36528e-06
5.07131e-09
1.73519e-08
3.23296e-08
5.05772e-08
7.27562e-08
9.96219e-08
1.32019e-07
1.70867e-07
2.17134e-07
2.71789e-07
3.35753e-07
4.09814e-07
4.94544e-07
5.90206e-07
6.96655e-07
8.13259e-07
9.38849e-07
1.0717e-06
1.20956e-06
1.34975e-06
1.48929e-06
1.62512e-06
1.75427e-06
1.87414e-06
1.98259e-06
2.07816e-06
2.16009e-06
2.2283e-06
2.28336e-06
2.32629e-06
2.35847e-06
2.3814e-06
2.39661e-06
2.40551e-06
2.40931e-06
2.40902e-06
2.40539e-06
2.39897e-06
2.39014e-06
2.37914e-06
5.14539e-09
1.76031e-08
3.27903e-08
5.12845e-08
7.37541e-08
1.00964e-07
1.33772e-07
1.73108e-07
2.19952e-07
2.75283e-07
3.40024e-07
4.14958e-07
5.00645e-07
5.97322e-07
7.0481e-07
8.22438e-07
9.48987e-07
1.08268e-06
1.22123e-06
1.36192e-06
1.50175e-06
1.63763e-06
1.76665e-06
1.88618e-06
1.99418e-06
2.08921e-06
2.17057e-06
2.23826e-06
2.29288e-06
2.33551e-06
2.36755e-06
2.39053e-06
2.406e-06
2.41535e-06
2.4198e-06
2.42032e-06
2.41764e-06
2.41229e-06
2.40461e-06
2.39478e-06
5.22145e-09
1.78604e-08
3.32603e-08
5.20015e-08
7.4758e-08
1.02302e-07
1.35497e-07
1.75281e-07
2.22636e-07
2.7854e-07
3.43902e-07
4.1949e-07
5.05839e-07
6.03152e-07
7.11215e-07
8.29322e-07
9.56222e-07
1.09012e-06
1.22871e-06
1.36929e-06
1.50887e-06
1.64443e-06
1.77305e-06
1.8922e-06
1.99986e-06
2.09465e-06
2.17589e-06
2.2436e-06
2.2984e-06
2.34137e-06
2.37391e-06
2.39756e-06
2.41383e-06
2.42414e-06
2.42967e-06
2.43141e-06
2.43007e-06
2.42616e-06
2.42e-06
2.41175e-06
5.3079e-09
1.81527e-08
3.37934e-08
5.2813e-08
7.589e-08
1.03801e-07
1.37413e-07
1.77662e-07
2.25521e-07
2.81949e-07
3.47831e-07
4.239e-07
5.10647e-07
6.08235e-07
7.16411e-07
8.34438e-07
9.61051e-07
1.09446e-06
1.2324e-06
1.37219e-06
1.51094e-06
1.64569e-06
1.77362e-06
1.89226e-06
1.99964e-06
2.09442e-06
2.17594e-06
2.24418e-06
2.29974e-06
2.34367e-06
2.37731e-06
2.40219e-06
2.41979e-06
2.4315e-06
2.43852e-06
2.44183e-06
2.44215e-06
2.43999e-06
2.43569e-06
2.42939e-06
5.41532e-09
1.85164e-08
3.44578e-08
5.38267e-08
7.73065e-08
1.05676e-07
1.398e-07
1.80601e-07
2.29027e-07
2.86003e-07
3.52366e-07
4.28792e-07
5.15715e-07
6.13241e-07
7.21073e-07
8.38452e-07
9.64116e-07
1.09631e-06
1.23284e-06
1.37112e-06
1.50837e-06
1.64177e-06
1.7686e-06
1.88651e-06
1.99358e-06
2.0885e-06
2.17059e-06
2.23979e-06
2.29663e-06
2.34206e-06
2.37738e-06
2.404e-06
2.4234e-06
2.43694e-06
2.4458e-06
2.45098e-06
2.45323e-06
2.45308e-06
2.45089e-06
2.44681e-06
5.55647e-09
1.89954e-08
3.53369e-08
5.51757e-08
7.92013e-08
1.08192e-07
1.43e-07
1.84522e-07
2.33661e-07
2.91283e-07
3.58151e-07
4.34864e-07
5.21776e-07
6.18925e-07
7.2597e-07
8.42132e-07
9.66175e-07
1.09641e-06
1.23074e-06
1.36673e-06
1.50176e-06
1.63317e-06
1.75843e-06
1.87527e-06
1.98187e-06
2.07694e-06
2.15977e-06
2.23024e-06
2.28876e-06
2.33617e-06
2.37363e-06
2.40248e-06
2.42411e-06
2.43985e-06
2.45087e-06
2.45817e-06
2.46255e-06
2.46458e-06
2.46466e-06
2.46298e-06
5.74619e-09
1.96416e-08
3.65303e-08
5.70206e-08
8.1809e-08
1.11667e-07
1.4742e-07
1.89916e-07
2.39989e-07
2.98418e-07
3.65868e-07
4.42833e-07
5.29575e-07
6.26055e-07
7.31884e-07
8.46278e-07
9.68042e-07
1.09558e-06
1.22693e-06
1.35985e-06
1.49191e-06
1.62066e-06
1.74376e-06
1.85909e-06
1.96492e-06
2.06e-06
2.14358e-06
2.21546e-06
2.2759e-06
2.32561e-06
2.3656e-06
2.39707e-06
2.42131e-06
2.43958e-06
2.45303e-06
2.46268e-06
2.46933e-06
2.47364e-06
2.47605e-06
2.47683e-06
6.00105e-09
2.0514e-08
3.81543e-08
5.95509e-08
8.54039e-08
1.16463e-07
1.53501e-07
1.9729e-07
2.48566e-07
3.07992e-07
3.76113e-07
4.53307e-07
5.39729e-07
6.35263e-07
7.39479e-07
8.51599e-07
9.70488e-07
1.09466e-06
1.22233e-06
1.35145e-06
1.47984e-06
1.60527e-06
1.72559e-06
1.83889e-06
1.94354e-06
2.03832e-06
2.12246e-06
2.19567e-06
2.25809e-06
2.31025e-06
2.35298e-06
2.38733e-06
2.41446e-06
2.43552e-06
2.45163e-06
2.46379e-06
2.47284e-06
2.47946e-06
2.48418e-06
2.48734e-06
8.28481e-07
8.8614e-07
9.40377e-07
9.90568e-07
1.03623e-06
1.07702e-06
1.11269e-06
1.14312e-06
1.16828e-06
1.18819e-06
1.20298e-06
1.21279e-06
1.21782e-06
1.21831e-06
1.21452e-06
1.20674e-06
1.1953e-06
1.18053e-06
1.16281e-06
1.14255e-06
1.1202e-06
1.09624e-06
1.0712e-06
1.04563e-06
1.02012e-06
9.95266e-07
9.717e-07
9.50079e-07
9.31149e-07
9.15929e-07
9.06179e-07
9.05473e-07
9.21371e-07
9.69339e-07
1.07888e-06
1.30157e-06
1.71912e-06
2.44721e-06
3.62959e-06
5.41757e-06
7.93503e-06
1.12364e-05
1.52718e-05
1.98758e-05
2.4786e-05
2.96899e-05
3.42869e-05
3.83434e-05
4.17232e-05
4.43942e-05
4.64138e-05
4.79029e-05
4.90159e-05
4.99147e-05
5.07515e-05
5.16569e-05
5.27357e-05
5.40665e-05
5.57034e-05
5.7678e-05
6.00026e-05
6.26727e-05
6.56684e-05
6.89559e-05
7.24898e-05
7.6214e-05
8.00647e-05
8.39733e-05
8.78688e-05
9.16819e-05
9.53481e-05
9.88104e-05
0.000102023
0.000104951
0.000107576
0.000109894
0.000111917
0.000113672
0.000115203
0.000116572
0.000117846
0.000119109
0.000120457
0.000122005
0.000123897
0.000126343
0.000129701
0.000134631
0.000142406
0.000155401
0.000177829
0.000216618
0.000282199
0.000388712
0.000552986
0.000791783
0.00111733
0.00153203
0.00202418
0.00256655
0.00311926
0.00363643
0.0040747
0.00440197
0.00460182
0.00467441
0.00463379
0.00450328
0.00431043
0.00408225
0.00384225
0.0036089
0.00339521
0.00320926
0.00305509
0.00293378
0.00284437
0.00278478
0.0027523
0.002744
0.00275697
0.00278845
0.00283591
0.0028971
0.00297016
0.00305364
0.00314658
0.00324859
0.00335994
0.00348169
0.00361573
0.00376495
0.00393327
0.00412576
0.00434866
0.00460946
0.00491714
0.00528082
0.00571059
0.00621707
0.00681101
0.00750273
0.00830148
0.00921483
0.0102479
0.0114027
0.0126773
0.0140653
0.015555
0.0171284
0.0187601
0.0204161
0.0220521
0.0236137
0.0250374
0.0262548
0.0272006
0.0278211
0.0280839
0.0279846
0.0275486
0.026827
0.0258887
0.0248102
0.0236668
0.0225246
0.0214354
0.0204357
0.019547
0.0187784
0.0181294
0.0175931
0.0171587
0.0168142
0.0165472
0.0163464
0.0162017
0.0161042
0.0160469
0.0160236
0.0160297
0.0160614
0.0161161
0.0161919
0.0162882
0.0164053
0.0165447
0.0167089
0.0169018
0.0171289
0.0173967
0.0177135
0.0180891
0.0185343
0.0190605
0.0196797
0.0204042
0.021246
0.0222161
0.0233231
0.0245726
0.0259651
0.0274936
0.0291409
0.0308759
0.03265
0.0343949
0.0360243
0.0374416
0.0385537
0.0392898
0.0396185
0.0395561
0.0391635
0.0385294
0.0377474
0.0368988
0.0360436
0.0352195
0.0344461
0.0337315
0.0330773
0.0324823
0.0319444
0.0314611
0.0310298
0.0306473
0.0303105
0.0300157
0.0297591
0.0295369
0.0293452
0.0291804
0.0290389
0.0289172
0.0288125
0.0287222
0.0286439
0.0285757
0.028516
9.57936e-07
1.02086e-06
1.07933e-06
1.13273e-06
1.18064e-06
1.22276e-06
1.25896e-06
1.2892e-06
1.31353e-06
1.33208e-06
1.34502e-06
1.35255e-06
1.35492e-06
1.35238e-06
1.34518e-06
1.33363e-06
1.31801e-06
1.29867e-06
1.27596e-06
1.25027e-06
1.22205e-06
1.19178e-06
1.16001e-06
1.12732e-06
1.09437e-06
1.06182e-06
1.03041e-06
1.00091e-06
9.74212e-07
9.51505e-07
9.3479e-07
9.2801e-07
9.39344e-07
9.85313e-07
1.09715e-06
1.32898e-06
1.76571e-06
2.52613e-06
3.75534e-06
5.60207e-06
8.1814e-06
1.15319e-05
1.55828e-05
2.01462e-05
2.49429e-05
2.96532e-05
3.39857e-05
3.77275e-05
4.07711e-05
4.31154e-05
4.48464e-05
4.61064e-05
4.7064e-05
4.78879e-05
4.8731e-05
4.97208e-05
5.09573e-05
5.25137e-05
5.44393e-05
5.67615e-05
5.94885e-05
6.26113e-05
6.6104e-05
6.99256e-05
7.40206e-05
7.83212e-05
8.27497e-05
8.72219e-05
9.1651e-05
9.59518e-05
0.000100044
0.000103859
0.000107337
0.000110435
0.000113128
0.000115407
0.000117281
0.000118779
0.000119947
0.000120849
0.000121565
0.000122192
0.000122841
0.000123644
0.000124769
0.000126449
0.000129068
0.000133321
0.000140521
0.000153098
0.000175338
0.000214254
0.000280336
0.000387655
0.000552678
0.000791284
0.0011141
0.00152118
0.00199798
0.00251456
0.00302927
0.00349612
0.00387413
0.00413551
0.00426939
0.00428164
0.00419123
0.00402482
0.00381133
0.00357744
0.00334495
0.00312974
0.0029419
0.00278667
0.00266566
0.00257801
0.00252141
0.00249284
0.00248903
0.00250675
0.00254289
0.00259455
0.00265904
0.00273393
0.00281706
0.00290662
0.00300123
0.00310001
0.00320271
0.00330982
0.00342272
0.00354376
0.00367645
0.00382556
0.00399722
0.00419906
0.00444026
0.00473129
0.00508382
0.00551049
0.00602451
0.00663913
0.00736689
0.00821882
0.00920349
0.010326
0.0115871
0.0129818
0.0144987
0.0161184
0.0178121
0.0195398
0.0212496
0.0228773
0.0243492
0.0255882
0.0265223
0.0270964
0.0272818
0.0270833
0.0265389
0.0257132
0.0246878
0.0235488
0.0223766
0.0212381
0.0201822
0.01924
0.0184262
0.0177428
0.0171832
0.0167355
0.0163851
0.0161178
0.0159199
0.0157796
0.015687
0.0156337
0.0156128
0.0156189
0.0156474
0.0156947
0.0157581
0.0158355
0.015926
0.0160294
0.0161466
0.0162798
0.0164325
0.0166098
0.0168182
0.0170664
0.0173645
0.0177249
0.018161
0.0186878
0.0193208
0.0200759
0.0209683
0.0220113
0.023215
0.0245839
0.0261146
0.027792
0.0295853
0.0314442
0.0332966
0.0350494
0.0365973
0.0378376
0.0386894
0.0391131
0.0391196
0.0387681
0.0381491
0.0373607
0.0364903
0.0356043
0.0347461
0.0339402
0.0331981
0.0325234
0.0319161
0.031374
0.0308942
0.030473
0.0301064
0.0297898
0.0295184
0.0292872
0.0290914
0.0289261
0.028787
0.0286697
0.0285707
0.0284866
0.0284147
0.0283524
0.0282979
0.0282495
1.09257e-06
1.15977e-06
1.2214e-06
1.27691e-06
1.32596e-06
1.3684e-06
1.40419e-06
1.43345e-06
1.45632e-06
1.47304e-06
1.48385e-06
1.48901e-06
1.48879e-06
1.48344e-06
1.47322e-06
1.4584e-06
1.43923e-06
1.416e-06
1.38903e-06
1.35867e-06
1.32533e-06
1.28946e-06
1.25162e-06
1.21239e-06
1.17247e-06
1.13259e-06
1.09358e-06
1.05632e-06
1.02185e-06
9.91565e-07
9.67732e-07
9.5472e-07
9.61433e-07
1.00563e-06
1.12055e-06
1.36327e-06
1.82236e-06
2.62011e-06
3.90313e-06
5.81715e-06
8.46747e-06
1.18755e-05
1.59477e-05
2.04737e-05
2.51563e-05
2.96731e-05
3.37441e-05
3.71796e-05
3.99025e-05
4.19431e-05
4.34141e-05
4.44776e-05
4.53129e-05
4.60928e-05
4.69689e-05
4.80652e-05
4.94772e-05
5.12742e-05
5.35026e-05
5.61882e-05
5.93374e-05
6.29384e-05
6.69611e-05
7.1357e-05
7.60607e-05
8.09913e-05
8.60554e-05
9.11517e-05
9.61755e-05
0.000101024
0.000105601
0.000109822
0.000113618
0.000116936
0.000119743
0.000122027
0.000123793
0.000125071
0.000125908
0.000126371
0.000126547
0.000126543
0.000126484
0.00012652
0.000126837
0.000127697
0.000129512
0.000133014
0.000139563
0.00015166
0.000173683
0.000212758
0.000279464
0.000387837
0.000553992
0.000792911
0.00111356
0.0015136
0.0019756
0.00246705
0.00294484
0.00336335
0.0036847
0.00388593
0.00396196
0.00392423
0.00379606
0.00360656
0.00338507
0.00315696
0.00294156
0.00275169
0.00259441
0.00247231
0.00238493
0.00232999
0.00230431
0.00230445
0.002327
0.00236875
0.00242664
0.00249781
0.00257951
0.00266915
0.00276433
0.00286288
0.00296296
0.00306321
0.00316283
0.00326172
0.00336065
0.00346136
0.00356676
0.00368108
0.00381003
0.00396097
0.00414306
0.00436726
0.00464631
0.00499448
0.00542722
0.0059606
0.00661056
0.00739186
0.00831696
0.00939474
0.0106291
0.0120173
0.0135489
0.0152033
0.0169484
0.0187385
0.0205133
0.0221988
0.0237107
0.0249628
0.0258774
0.026399
0.0265044
0.0262092
0.025565
0.0246509
0.02356
0.0223863
0.0212132
0.0201057
0.0191076
0.0182428
0.0175181
0.0169285
0.0164615
0.0161009
0.0158301
0.0156332
0.0154966
0.0154091
0.0153614
0.015346
0.015357
0.0153893
0.0154388
0.0155019
0.0155758
0.0156583
0.0157478
0.0158436
0.015946
0.0160565
0.0161779
0.0163145
0.0164727
0.0166605
0.0168883
0.0171688
0.0175169
0.0179495
0.0184853
0.0191438
0.0199447
0.0209062
0.0220438
0.0233669
0.0248766
0.0265609
0.0283908
0.0303149
0.0322575
0.0341194
0.0357864
0.0371457
0.0381064
0.03862
0.038692
0.03838
0.037776
0.0369828
0.0360936
0.0351812
0.0342948
0.0334634
0.0327016
0.032015
0.0314039
0.0308663
0.0303982
0.029995
0.0296511
0.0293606
0.0291175
0.0289156
0.028749
0.0286121
0.0284997
0.0284073
0.0283309
0.028267
0.0282126
0.0281655
0.0281237
0.0280855
1.22972e-06
1.29987e-06
1.3633e-06
1.41956e-06
1.46847e-06
1.51004e-06
1.54441e-06
1.57184e-06
1.59262e-06
1.60707e-06
1.61551e-06
1.61827e-06
1.61561e-06
1.60779e-06
1.59505e-06
1.57758e-06
1.5556e-06
1.52933e-06
1.499e-06
1.4649e-06
1.42736e-06
1.38681e-06
1.34374e-06
1.29875e-06
1.25254e-06
1.20589e-06
1.15971e-06
1.11499e-06
1.07294e-06
1.03514e-06
1.00418e-06
9.84925e-07
9.87107e-07
1.02992e-06
1.14892e-06
1.40453e-06
1.88946e-06
2.72982e-06
4.07371e-06
6.06324e-06
8.79267e-06
1.22645e-05
1.63612e-05
2.08485e-05
2.54129e-05
2.97321e-05
3.35402e-05
3.66735e-05
3.90866e-05
4.08407e-05
4.20737e-05
4.2964e-05
4.36992e-05
4.44539e-05
4.53772e-05
4.65893e-05
4.81825e-05
5.02243e-05
5.27609e-05
5.5819e-05
5.94057e-05
6.35083e-05
6.8093e-05
7.31044e-05
7.84656e-05
8.40809e-05
8.98389e-05
9.56184e-05
0.000101294
0.000106745
0.000111856
0.00011653
0.000120684
0.000124259
0.000127215
0.000129537
0.000131229
0.000132319
0.000132856
0.000132909
0.000132571
0.000131955
0.000131196
0.000130459
0.000129951
0.000129957
0.000130921
0.000133616
0.000139458
0.000151029
0.000172819
0.000212095
0.000279556
0.000389226
0.000556875
0.000796551
0.00111551
0.00150891
0.00195649
0.00242329
0.002865
0.00323717
0.00350554
0.00365238
0.00367851
0.00360062
0.0034456
0.00324406
0.00302472
0.0028108
0.00261859
0.00245769
0.00233223
0.00224252
0.00218655
0.00216118
0.00216286
0.00218817
0.00223393
0.00229715
0.00237499
0.00246468
0.00256343
0.0026685
0.00277717
0.00288691
0.00299543
0.00310087
0.00320188
0.00329781
0.00338883
0.00347607
0.00356177
0.0036495
0.00374434
0.00385312
0.00398461
0.00414978
0.00436183
0.00463612
0.00498991
0.00544182
0.00601102
0.00671614
0.00757388
0.00859734
0.00979424
0.0111649
0.0127002
0.014379
0.0161661
0.0180099
0.0198416
0.0215766
0.0231202
0.0243768
0.0252642
0.0257276
0.0257511
0.0253629
0.0246292
0.023643
0.0225082
0.0213245
0.0201754
0.0191217
0.0181999
0.0174252
0.0167965
0.0163018
0.0159238
0.0156436
0.0154431
0.0153066
0.0152214
0.0151774
0.0151667
0.0151829
0.0152209
0.0152764
0.0153454
0.0154245
0.0155106
0.0156011
0.0156938
0.0157876
0.015882
0.0159776
0.0160765
0.0161822
0.0163002
0.0164378
0.016605
0.0168143
0.0170811
0.0174237
0.0178629
0.0184214
0.0191233
0.0199918
0.021048
0.0223073
0.023776
0.0254468
0.027293
0.0292635
0.0312796
0.0332362
0.0350106
0.0364795
0.0375417
0.03814
0.0382741
0.0379996
0.0374106
0.0366141
0.0357093
0.0347752
0.0338665
0.0330165
0.0322425
0.0315517
0.0309448
0.0304191
0.0299697
0.0295904
0.0292743
0.029014
0.0288021
0.0286313
0.0284948
0.0283864
0.0283003
0.0282318
0.0281766
0.0281313
0.028093
0.0280593
0.0280285
0.0279991
1.36654e-06
1.43806e-06
1.5017e-06
1.55719e-06
1.60457e-06
1.64404e-06
1.67597e-06
1.70075e-06
1.71884e-06
1.73065e-06
1.73658e-06
1.73698e-06
1.73214e-06
1.72228e-06
1.70759e-06
1.68821e-06
1.66427e-06
1.63588e-06
1.60321e-06
1.56641e-06
1.52575e-06
1.48157e-06
1.43428e-06
1.38447e-06
1.33281e-06
1.28013e-06
1.22738e-06
1.17568e-06
1.12637e-06
1.08128e-06
1.04333e-06
1.01794e-06
1.01583e-06
1.05783e-06
1.18212e-06
1.45289e-06
1.96741e-06
2.85588e-06
4.26769e-06
6.34047e-06
9.15591e-06
1.26957e-05
1.68169e-05
2.12599e-05
2.56982e-05
2.98118e-05
3.33522e-05
3.61838e-05
3.82939e-05
3.9774e-05
4.07845e-05
4.15176e-05
4.21664e-05
4.29052e-05
4.38801e-05
4.52083e-05
4.69804e-05
4.92648e-05
5.21101e-05
5.55468e-05
5.95853e-05
6.42137e-05
6.93951e-05
7.50663e-05
8.11376e-05
8.74956e-05
9.40076e-05
0.000100529
0.000106913
0.000113014
0.000118701
0.000123861
0.000128403
0.000132258
0.000135384
0.000137765
0.000139404
0.00014033
0.000140594
0.000140266
0.000139441
0.000138236
0.000136795
0.000135295
0.000133959
0.000133096
0.000133181
0.000135031
0.000140125
0.000151138
0.000172694
0.000212225
0.000280578
0.000391784
0.000561262
0.000802082
0.0011197
0.00150673
0.00194008
0.00238254
0.00278896
0.0031168
0.00333591
0.00343414
0.00341809
0.00330916
0.00313696
0.00293251
0.00272301
0.00252882
0.00236291
0.00223168
0.00213671
0.00207653
0.00204816
0.00204812
0.002073
0.00211973
0.00218554
0.00226785
0.00236406
0.00247147
0.00258722
0.00270832
0.00283171
0.00295439
0.00307363
0.00318704
0.00329282
0.0033898
0.00347763
0.00355688
0.00362919
0.00369744
0.00376601
0.003841
0.00393053
0.00404517
0.00419808
0.00440515
0.00468489
0.005058
0.00554665
0.00617324
0.00695885
0.00792122
0.00907247
0.0104165
0.0119463
0.0136406
0.0154613
0.0173509
0.0192317
0.0210084
0.0225752
0.0238281
0.0246807
0.0250807
0.0250218
0.0245456
0.0237338
0.0226928
0.0215354
0.0203644
0.0192607
0.0182783
0.0174449
0.0167666
0.016234
0.0158296
0.0155324
0.015322
0.0151804
0.0150931
0.0150488
0.0150393
0.0150581
0.0151003
0.0151614
0.0152376
0.0153253
0.0154207
0.0155205
0.0156215
0.0157212
0.0158175
0.0159094
0.0159968
0.016081
0.0161646
0.016252
0.0163499
0.0164672
0.0166157
0.0168107
0.0170709
0.0174186
0.0178789
0.0184796
0.0192488
0.0202134
0.0213952
0.0228069
0.0244463
0.0262907
0.02829
0.0303636
0.032401
0.034271
0.03584
0.0369963
0.0376738
0.0378662
0.0376275
0.0370533
0.0362551
0.035338
0.0343868
0.0334616
0.0325995
0.0318205
0.0311326
0.0305368
0.0300293
0.029604
0.0292531
0.0289681
0.0287402
0.0285606
0.0284211
0.0283141
0.0282328
0.0281714
0.0281248
0.0280887
0.0280598
0.0280353
0.0280129
0.0279912
0.0279689
1.50017e-06
1.57129e-06
1.63343e-06
1.68658e-06
1.73102e-06
1.76722e-06
1.79574e-06
1.81716e-06
1.83207e-06
1.84098e-06
1.84435e-06
1.84254e-06
1.83583e-06
1.82442e-06
1.80843e-06
1.78792e-06
1.76291e-06
1.73341e-06
1.69946e-06
1.6611e-06
1.61847e-06
1.57179e-06
1.52142e-06
1.46784e-06
1.41172e-06
1.35386e-06
1.29529e-06
1.2372e-06
1.18111e-06
1.12907e-06
1.08439e-06
1.05314e-06
1.04711e-06
1.08903e-06
1.22003e-06
1.5085e-06
2.05665e-06
2.99891e-06
4.4856e-06
6.64875e-06
9.55564e-06
1.31652e-05
1.73071e-05
2.16967e-05
2.59972e-05
2.98939e-05
3.31585e-05
3.56861e-05
3.74973e-05
3.8712e-05
3.9511e-05
4.00972e-05
4.06668e-05
4.13923e-05
4.24168e-05
4.38553e-05
4.5799e-05
4.83198e-05
5.1472e-05
5.52929e-05
5.97986e-05
6.49795e-05
7.07963e-05
7.71768e-05
8.4016e-05
9.11791e-05
9.85082e-05
0.000105832
0.000112975
0.000119769
0.000126065
0.000131735
0.000136678
0.000140823
0.000144126
0.000146572
0.000148169
0.000148945
0.000148954
0.000148268
0.000146981
0.000145215
0.000143117
0.000140873
0.000138719
0.000136985
0.000136177
0.00013716
0.000141481
0.000151921
0.000173256
0.000213107
0.000282498
0.000395477
0.000567093
0.00080938
0.00112591
0.00150669
0.00192585
0.00234411
0.00271602
0.0030016
0.00317527
0.00323063
0.0031798
0.00304815
0.00286703
0.00266689
0.00247257
0.00230115
0.00216219
0.0020592
0.00199167
0.00195698
0.00195173
0.00197258
0.00201662
0.00208136
0.00216461
0.00226419
0.00237772
0.00250252
0.00263554
0.00277341
0.00291263
0.0030497
0.00318137
0.00330478
0.00341768
0.00351849
0.00360648
0.00368177
0.00374549
0.00379996
0.00384881
0.00389737
0.00395297
0.00402544
0.00412748
0.004275
0.00448717
0.00478627
0.005197
0.00574532
0.00645668
0.0073537
0.00845338
0.00976381
0.0112806
0.0129828
0.0148299
0.0167581
0.0186808
0.0204914
0.0220733
0.0233141
0.0241248
0.0244573
0.0243164
0.0237588
0.0228815
0.0218033
0.0206435
0.0195053
0.0184643
0.0175658
0.0168272
0.0162455
0.0158043
0.0154814
0.0152538
0.015101
0.0150063
0.014957
0.0149441
0.0149613
0.0150036
0.0150673
0.0151488
0.0152445
0.0153505
0.0154629
0.0155778
0.0156915
0.0158008
0.0159031
0.0159968
0.0160812
0.0161568
0.0162255
0.0162908
0.0163583
0.0164358
0.0165343
0.016668
0.0168556
0.0171197
0.0174873
0.0179889
0.0186572
0.0195246
0.0206195
0.0219615
0.0235548
0.0253815
0.0273938
0.02951
0.0316146
0.0335687
0.0352283
0.0364711
0.037222
0.037469
0.0372641
0.0367046
0.0359063
0.03498
0.0340164
0.0330803
0.0322124
0.0314348
0.0307563
0.0301772
0.029693
0.0292957
0.0289761
0.0287239
0.0285289
0.0283813
0.028272
0.0281927
0.0281365
0.0280973
0.0280699
0.0280503
0.0280353
0.0280222
0.028009
0.0279944
0.0279774
1.62783e-06
1.69669e-06
1.75562e-06
1.80491e-06
1.84512e-06
1.877e-06
1.90131e-06
1.9188e-06
1.93018e-06
1.93606e-06
1.93691e-06
1.93312e-06
1.92494e-06
1.91252e-06
1.89589e-06
1.87503e-06
1.84985e-06
1.82024e-06
1.78608e-06
1.74729e-06
1.70387e-06
1.65589e-06
1.6036e-06
1.5474e-06
1.48787e-06
1.42581e-06
1.36226e-06
1.29851e-06
1.23622e-06
1.1777e-06
1.12667e-06
1.08992e-06
1.0805e-06
1.12324e-06
1.2626e-06
1.57157e-06
2.15764e-06
3.15952e-06
4.72783e-06
6.98764e-06
9.98978e-06
1.36684e-05
1.78231e-05
2.21469e-05
2.62946e-05
2.996e-05
3.29387e-05
3.51585e-05
3.66727e-05
3.76285e-05
3.82241e-05
3.86701e-05
3.91635e-05
3.9874e-05
4.09418e-05
4.24812e-05
4.45862e-05
4.7335e-05
5.07913e-05
5.5002e-05
5.9992e-05
6.57557e-05
7.22513e-05
7.93962e-05
8.70668e-05
9.51024e-05
0.000103315
0.000111499
0.000119451
0.000126976
0.000133903
0.000140092
0.000145437
0.000149866
0.000153339
0.000155844
0.000157394
0.000158025
0.000157789
0.000156762
0.000155038
0.000152738
0.000150011
0.000147048
0.000144095
0.000141501
0.000139802
0.000139909
0.000143447
0.000153313
0.000174453
0.000214703
0.000285283
0.000400266
0.000574302
0.000818318
0.00113391
0.00150843
0.00191331
0.00230734
0.00264561
0.00289111
0.00302324
0.00304139
0.00296272
0.00281576
0.00263257
0.0024421
0.00226622
0.00211853
0.00200533
0.00192771
0.00188368
0.00187
0.00188338
0.00192103
0.00198074
0.00206078
0.00215957
0.0022753
0.00240576
0.00254813
0.00269904
0.00285462
0.0030108
0.00316347
0.00330884
0.00344359
0.00356508
0.00367146
0.0037617
0.00383568
0.00389417
0.00393902
0.00397327
0.00400147
0.00403007
0.00406799
0.00412716
0.00422302
0.00437491
0.00460608
0.00494328
0.00541563
0.00605281
0.00688243
0.0079267
0.00919836
0.0106962
0.0124003
0.0142674
0.0162279
0.0181856
0.0200228
0.0216116
0.0228325
0.0235945
0.0238563
0.0236354
0.0230043
0.0220752
0.0209772
0.019834
0.0187457
0.0177804
0.016973
0.0163304
0.015841
0.0154826
0.0152299
0.0150595
0.0149519
0.0148927
0.0148716
0.0148821
0.0149197
0.0149813
0.0150638
0.0151642
0.0152788
0.0154035
0.0155338
0.0156652
0.0157933
0.0159143
0.016025
0.0161234
0.0162083
0.0162797
0.0163389
0.0163887
0.0164336
0.0164803
0.0165386
0.0166216
0.0167469
0.016937
0.0172197
0.0176275
0.0181968
0.0189652
0.0199677
0.021231
0.0227665
0.0245621
0.0265734
0.0287183
0.0308775
0.0329044
0.0346451
0.0359668
0.0367853
0.0370828
0.0369095
0.0363646
0.035568
0.0346359
0.0336643
0.0327226
0.0318548
0.0310844
0.0304206
0.0298631
0.0294058
0.0290392
0.0287522
0.0285332
0.0283705
0.0282534
0.0281721
0.0281181
0.0280842
0.0280642
0.0280533
0.0280475
0.0280438
0.0280398
0.0280337
0.0280245
0.0280112
1.74698e-06
1.81178e-06
1.86591e-06
1.90998e-06
1.94488e-06
1.97158e-06
1.99108e-06
2.00427e-06
2.01195e-06
2.01478e-06
2.01327e-06
2.00779e-06
1.99855e-06
1.98564e-06
1.96902e-06
1.94856e-06
1.92406e-06
1.89527e-06
1.86193e-06
1.82381e-06
1.78074e-06
1.73264e-06
1.67962e-06
1.62195e-06
1.56012e-06
1.49489e-06
1.42729e-06
1.35868e-06
1.29086e-06
1.22641e-06
1.16952e-06
1.12776e-06
1.11561e-06
1.16026e-06
1.30985e-06
1.64238e-06
2.2709e-06
3.33827e-06
4.9946e-06
7.35629e-06
1.04555e-05
1.41991e-05
1.83557e-05
2.25978e-05
2.65747e-05
2.99926e-05
3.26744e-05
3.45818e-05
3.5801e-05
3.65037e-05
3.69026e-05
3.72133e-05
3.76314e-05
3.83229e-05
3.94252e-05
4.10535e-05
4.33071e-05
4.6274e-05
5.00303e-05
5.46366e-05
6.01293e-05
6.65091e-05
7.37318e-05
8.17022e-05
9.02739e-05
9.92544e-05
0.000108418
0.000117523
0.000126328
0.00013461
0.00014218
0.000148885
0.000154618
0.00015931
0.000162929
0.000165473
0.000166964
0.000167442
0.000166966
0.000165611
0.000163471
0.000160665
0.00015734
0.000153688
0.000149963
0.000146529
0.00014395
0.000143187
0.000145944
0.000155248
0.000176234
0.000216975
0.000288904
0.000406116
0.000582823
0.000828764
0.00114347
0.00151158
0.00190194
0.00227176
0.00257727
0.00278499
0.00287957
0.00286603
0.00276596
0.00261012
0.00243028
0.00225313
0.00209717
0.00197255
0.00188271
0.00182682
0.001802
0.00180498
0.00183293
0.00188387
0.0019565
0.00204988
0.00216303
0.00229449
0.00244206
0.00260267
0.00277244
0.00294686
0.00312112
0.00329043
0.00345039
0.00359725
0.00372808
0.00384083
0.00393439
0.00400851
0.00406384
0.00410189
0.00412524
0.00413777
0.00414506
0.00415503
0.00417859
0.0042304
0.00432946
0.00449947
0.00476864
0.00516882
0.00573364
0.00649566
0.00748249
0.00871196
0.0101866
0.0118875
0.0137694
0.0157564
0.0177428
0.0195992
0.0211872
0.0223803
0.0230879
0.0232771
0.0229797
0.0222845
0.0213177
0.0202169
0.0191069
0.0180824
0.0172015
0.0164878
0.0159381
0.0155332
0.0152467
0.015052
0.0149263
0.0148525
0.0148188
0.0148179
0.0148455
0.0148992
0.014977
0.0150769
0.0151958
0.0153299
0.0154743
0.0156238
0.015773
0.0159168
0.0160507
0.0161713
0.0162761
0.0163636
0.0164335
0.0164869
0.0165258
0.0165541
0.0165773
0.0166039
0.0166457
0.0167189
0.0168451
0.017052
0.0173735
0.0178485
0.0185193
0.019427
0.0206059
0.022075
0.0238285
0.0258265
0.0279878
0.0301898
0.0322787
0.0340911
0.0354838
0.036364
0.0367079
0.0365643
0.0360338
0.0352405
0.0343057
0.0333306
0.0323885
0.031526
0.030768
0.0301234
0.029591
0.0291631
0.0288286
0.0285745
0.0283878
0.0282557
0.0281669
0.0281109
0.0280792
0.0280645
0.0280609
0.0280636
0.0280691
0.0280744
0.0280774
0.0280767
0.0280711
0.0280602
1.85552e-06
1.91463e-06
1.96257e-06
2.00032e-06
2.02907e-06
2.05003e-06
2.06436e-06
2.07307e-06
2.07704e-06
2.07695e-06
2.07331e-06
2.06646e-06
2.05657e-06
2.04367e-06
2.02763e-06
2.00823e-06
1.98516e-06
1.95802e-06
1.92642e-06
1.88996e-06
1.84829e-06
1.80119e-06
1.74857e-06
1.69056e-06
1.62754e-06
1.56019e-06
1.48951e-06
1.41689e-06
1.34429e-06
1.27455e-06
1.21236e-06
1.1662e-06
1.15211e-06
1.19993e-06
1.36185e-06
1.72123e-06
2.39692e-06
3.5356e-06
5.28581e-06
7.75338e-06
1.09495e-05
1.47503e-05
1.88947e-05
2.30362e-05
2.68222e-05
2.99757e-05
3.23498e-05
3.39415e-05
3.48685e-05
3.5325e-05
3.55345e-05
3.57146e-05
3.60576e-05
3.67247e-05
3.78512e-05
3.95545e-05
4.1942e-05
4.51144e-05
4.91649e-05
5.41716e-05
6.01863e-05
6.72182e-05
7.52208e-05
8.40837e-05
9.36322e-05
0.000103635
0.000113821
0.000123903
0.000133599
0.000142656
0.000150865
0.000158067
0.000164156
0.000169074
0.000172803
0.000175354
0.000176762
0.000177075
0.000176358
0.000174685
0.00017215
0.000168865
0.000164976
0.00016067
0.000156207
0.000151961
0.000148524
0.000146906
0.000148897
0.000157666
0.000178553
0.000219888
0.000293333
0.000412992
0.00059259
0.000840583
0.00115434
0.00151579
0.00189126
0.00223692
0.00251069
0.00268307
0.00274414
0.00270421
0.00258859
0.00242925
0.00225683
0.00209515
0.0019592
0.00185587
0.00178625
0.00174818
0.00173845
0.00175413
0.00179319
0.00185463
0.00193811
0.00204355
0.00217053
0.00231783
0.00248319
0.0026631
0.00285299
0.00304752
0.00324097
0.00342778
0.00360289
0.00376215
0.0039024
0.0040216
0.00411867
0.00419346
0.00424662
0.00427956
0.00429453
0.00429485
0.00428529
0.00427277
0.00426707
0.00428179
0.00433521
0.00445098
0.00465826
0.00499108
0.00548667
0.00618238
0.0071113
0.00829665
0.00974496
0.011439
0.0133313
0.0153398
0.0173488
0.0192174
0.0207969
0.0219551
0.0226034
0.0227195
0.0223504
0.0216015
0.0206116
0.019524
0.0184616
0.0175111
0.0167191
0.0160977
0.0156346
0.0153042
0.0150778
0.0149287
0.0148364
0.0147864
0.01477
0.0147828
0.0148229
0.0148897
0.0149824
0.0150994
0.0152374
0.0153919
0.0155574
0.0157274
0.0158956
0.0160561
0.0162038
0.0163348
0.0164466
0.0165375
0.0166074
0.0166571
0.0166883
0.0167041
0.0167095
0.0167114
0.0167202
0.0167505
0.0168226
0.0169633
0.0172068
0.0175941
0.0181712
0.0189849
0.0200765
0.0214731
0.0231761
0.0251506
0.0273173
0.0295511
0.0316918
0.0335667
0.0350228
0.0359585
0.0363448
0.0362287
0.0357125
0.0349242
0.03399
0.0330155
0.0320777
0.0312254
0.030484
0.0298622
0.0293574
0.0289604
0.0286581
0.0284361
0.02828
0.0281762
0.0281128
0.0280792
0.0280667
0.0280683
0.0280783
0.0280922
0.0281066
0.0281189
0.0281272
0.0281303
0.0281272
0.0281174
1.95185e-06
2.00391e-06
2.0446e-06
2.07526e-06
2.09734e-06
2.11227e-06
2.12132e-06
2.1256e-06
2.12599e-06
2.12319e-06
2.11769e-06
2.1098e-06
2.09963e-06
2.08716e-06
2.07218e-06
2.05438e-06
2.03334e-06
2.00854e-06
1.97945e-06
1.9455e-06
1.90617e-06
1.86106e-06
1.80989e-06
1.75261e-06
1.68947e-06
1.62102e-06
1.54823e-06
1.47249e-06
1.3959e-06
1.32156e-06
1.25472e-06
1.20484e-06
1.18973e-06
1.24216e-06
1.41871e-06
1.80848e-06
2.53617e-06
3.75183e-06
5.60106e-06
8.1769e-06
1.14669e-05
1.53143e-05
1.94293e-05
2.3449e-05
2.70231e-05
2.98956e-05
3.19529e-05
3.3228e-05
3.38685e-05
3.40878e-05
3.41169e-05
3.41723e-05
3.44406e-05
3.50775e-05
3.62165e-05
3.79788e-05
4.04823e-05
4.38449e-05
4.81807e-05
5.35905e-05
6.01461e-05
6.78681e-05
7.67077e-05
8.65362e-05
9.71434e-05
0.00010825
0.00011953
0.000130642
0.000141259
0.000151094
0.000159922
0.000167582
0.000173979
0.00017907
0.000182859
0.000185375
0.000186669
0.0001868
0.000185838
0.000183858
0.000180949
0.000177216
0.000172799
0.00016788
0.000162718
0.000157696
0.000153431
0.000150984
0.000152237
0.000160509
0.000181365
0.000223411
0.000298542
0.000420857
0.000603527
0.00085363
0.00116628
0.00152073
0.00188084
0.00220246
0.00244565
0.00258529
0.00261689
0.00255561
0.00242961
0.00227117
0.002109
0.00196369
0.00184676
0.00176227
0.00170946
0.00168542
0.00168701
0.00171199
0.00175933
0.00182909
0.00192195
0.00203869
0.00217942
0.00234314
0.00252734
0.00272792
0.00293942
0.00315541
0.00336913
0.00357407
0.00376454
0.003936
0.00408524
0.00421031
0.00431041
0.00438565
0.00443687
0.00446551
0.00447367
0.00446422
0.00444123
0.00441063
0.00438103
0.00436483
0.0043793
0.0044476
0.00459932
0.00487022
0.00530064
0.00593249
0.00680434
0.00794491
0.00936513
0.0110495
0.0129486
0.0149739
0.0169999
0.018874
0.0204377
0.0215542
0.0221396
0.0221834
0.0217492
0.020958
0.0199592
0.0188993
0.0178961
0.0170262
0.016324
0.0157904
0.0154051
0.0151383
0.01496
0.0148454
0.0147763
0.0147417
0.014736
0.0147577
0.0148071
0.0148854
0.0149925
0.015127
0.0152854
0.015462
0.0156502
0.0158422
0.0160304
0.0162081
0.0163697
0.016511
0.0166295
0.0167239
0.016794
0.0168408
0.016866
0.0168724
0.0168639
0.0168466
0.0168292
0.0168247
0.0168516
0.0169356
0.0171102
0.0174176
0.0179065
0.0186289
0.019633
0.0209535
0.0225997
0.0245425
0.0267051
0.0289609
0.0311437
0.0330723
0.034584
0.0355692
0.0359936
0.0359028
0.0354008
0.0346193
0.0336888
0.032719
0.0317899
0.0309519
0.0302307
0.0296344
0.0291588
0.0287929
0.0285221
0.0283306
0.0282028
0.0281246
0.0280835
0.0280692
0.0280731
0.0280882
0.0281093
0.0281322
0.0281537
0.0281714
0.0281837
0.0281894
0.0281876
0.0281781
2.03502e-06
2.07901e-06
2.11176e-06
2.13491e-06
2.15015e-06
2.15903e-06
2.16293e-06
2.16296e-06
2.16003e-06
2.1548e-06
2.14774e-06
2.13911e-06
2.12898e-06
2.11726e-06
2.10369e-06
2.08788e-06
2.06931e-06
2.04737e-06
2.02137e-06
1.99061e-06
1.95438e-06
1.9121e-06
1.86329e-06
1.80772e-06
1.74544e-06
1.67689e-06
1.60292e-06
1.52495e-06
1.44516e-06
1.36696e-06
1.29617e-06
1.24335e-06
1.22828e-06
1.28692e-06
1.48062e-06
1.90451e-06
2.68908e-06
3.98705e-06
5.93948e-06
8.62433e-06
1.20021e-05
1.58825e-05
1.99483e-05
2.38234e-05
2.71647e-05
2.97417e-05
3.14764e-05
3.24378e-05
3.28015e-05
3.27961e-05
3.26565e-05
3.25947e-05
3.27894e-05
3.33901e-05
3.45283e-05
3.63309e-05
3.89292e-05
4.2462e-05
4.707e-05
5.28824e-05
5.99962e-05
6.84476e-05
7.81856e-05
8.90587e-05
0.000100813
0.000113109
0.000125555
0.000137744
0.000149297
0.000159897
0.000169304
0.000177363
0.000183998
0.000189193
0.000192979
0.000195409
0.000196554
0.000196486
0.000195277
0.000193003
0.000189744
0.0001856
0.000180696
0.000175209
0.000169393
0.000163637
0.000158584
0.000155343
0.000155897
0.000163724
0.00018463
0.000227513
0.000304508
0.000429674
0.000615558
0.000867753
0.00117905
0.00152602
0.00187035
0.00216812
0.00238205
0.00249169
0.00249784
0.0024199
0.002288
0.00213387
0.0019837
0.00185469
0.00175513
0.00168669
0.00164732
0.00163381
0.00164347
0.00167493
0.00172825
0.00180463
0.00190583
0.00203346
0.00218822
0.00236923
0.00257362
0.0027965
0.00303123
0.00327009
0.00350502
0.00372849
0.00393415
0.00411717
0.0042744
0.00440424
0.00450632
0.00458123
0.00463015
0.00465472
0.00465696
0.00463943
0.00460559
0.00456045
0.00451145
0.0044697
0.00445124
0.00447845
0.00458091
0.00479558
0.00516551
0.00573683
0.00655347
0.00764973
0.00904107
0.010714
0.0126169
0.014655
0.0166925
0.0185655
0.0201065
0.0211754
0.0216954
0.0216694
0.0211778
0.0203561
0.0193623
0.0183426
0.0174073
0.0166213
0.0160066
0.015554
0.0152365
0.0150221
0.0148811
0.0147908
0.0147365
0.0147105
0.0147104
0.0147373
0.0147939
0.0148827
0.0150046
0.0151579
0.0153383
0.015539
0.0157517
0.015967
0.016176
0.0163711
0.016546
0.0166968
0.016821
0.0169179
0.0169877
0.0170317
0.0170518
0.0170504
0.017031
0.0169986
0.0169606
0.0169282
0.016918
0.0169539
0.0170685
0.0173042
0.0177118
0.0183475
0.0192657
0.0205089
0.0220942
0.0239989
0.0261495
0.0284183
0.0306343
0.032608
0.0341678
0.0351962
0.0356545
0.035587
0.0350991
0.0343261
0.0334023
0.0324411
0.0315246
0.0307045
0.0300064
0.0294373
0.0289915
0.0286563
0.0284156
0.0282523
0.0281501
0.0280944
0.0280728
0.0280748
0.0280923
0.0281187
0.0281488
0.028179
0.0282061
0.028228
0.0282432
0.0282505
0.0282493
0.0282394
2.10472e-06
2.14004e-06
2.16454e-06
2.18012e-06
2.18862e-06
2.1917e-06
2.19074e-06
2.18686e-06
2.18093e-06
2.17359e-06
2.16525e-06
2.15613e-06
2.14627e-06
2.13552e-06
2.12359e-06
2.11e-06
2.09418e-06
2.07542e-06
2.05291e-06
2.02581e-06
1.99327e-06
1.95448e-06
1.90879e-06
1.85575e-06
1.79521e-06
1.72745e-06
1.6532e-06
1.57386e-06
1.49168e-06
1.41038e-06
1.33639e-06
1.2815e-06
1.26761e-06
1.33424e-06
1.5478e-06
2.00966e-06
2.85595e-06
4.24109e-06
6.29973e-06
9.09217e-06
1.25488e-05
1.64459e-05
2.04405e-05
2.41478e-05
2.7237e-05
2.95071e-05
3.09181e-05
3.15741e-05
3.16755e-05
3.14621e-05
3.11686e-05
3.09991e-05
3.11222e-05
3.16798e-05
3.28023e-05
3.46234e-05
3.72907e-05
4.09685e-05
4.58299e-05
5.20396e-05
5.97266e-05
6.89474e-05
7.96494e-05
9.16524e-05
0.000104648
0.000118223
0.000131903
0.000145206
0.000157698
0.000169026
0.000178948
0.000187324
0.000194107
0.000199321
0.000203029
0.000205318
0.000206277
0.000205992
0.000204539
0.000201989
0.000198413
0.000193898
0.000188557
0.000182553
0.000176135
0.000169697
0.000163901
0.000159912
0.000159814
0.000167261
0.000188312
0.000232172
0.000311208
0.000439405
0.0006286
0.000882794
0.00119239
0.00153131
0.00185947
0.00213373
0.00231991
0.0024024
0.00238704
0.00229673
0.00216271
0.0020154
0.00187809
0.00176461
0.00168037
0.00162515
0.0015961
0.00159007
0.00160505
0.00164064
0.00169808
0.00177973
0.00188845
0.0020268
0.00219607
0.00239547
0.00262163
0.00286862
0.00312834
0.00339144
0.00364837
0.00389045
0.00411067
0.00430408
0.0044678
0.00460079
0.00470338
0.00477676
0.00482266
0.00484298
0.00483978
0.00481539
0.0047727
0.00471587
0.00465123
0.00458855
0.00454255
0.00453456
0.0045938
0.004758
0.00507249
0.00558724
0.00635132
0.00740463
0.00876719
0.0104275
0.012332
0.0143792
0.016423
0.0182886
0.0198001
0.0208167
0.0212702
0.0211783
0.020638
0.0197981
0.018822
0.0178528
0.0169913
0.0162895
0.0157576
0.0153775
0.0151177
0.014945
0.0148314
0.014757
0.0147105
0.0146876
0.014689
0.0147184
0.0147808
0.0148798
0.0150172
0.0151909
0.0153955
0.0156226
0.0158616
0.0161014
0.0163316
0.0165436
0.0167309
0.0168896
0.0170179
0.0171157
0.0171841
0.0172247
0.0172397
0.0172316
0.0172034
0.0171591
0.0171049
0.0170503
0.01701
0.0170058
0.017069
0.0172414
0.0175752
0.0181298
0.0189654
0.0201319
0.0216541
0.0235162
0.0256482
0.0279223
0.0301631
0.0321737
0.033774
0.0348397
0.0353277
0.0352813
0.0348076
0.0340449
0.0331309
0.0321817
0.0312814
0.0304822
0.0298093
0.0292683
0.0288521
0.0285464
0.0283338
0.0281961
0.0281166
0.0280805
0.0280753
0.0280911
0.0281199
0.0281555
0.0281932
0.0282293
0.028261
0.0282862
0.0283034
0.0283116
0.0283103
0.0282993
2.16127e-06
2.18773e-06
2.20404e-06
2.2123e-06
2.21444e-06
2.21214e-06
2.20675e-06
2.19936e-06
2.1908e-06
2.18165e-06
2.17228e-06
2.16288e-06
2.15343e-06
2.14377e-06
2.13355e-06
2.12229e-06
2.10932e-06
2.09388e-06
2.07507e-06
2.05192e-06
2.02343e-06
1.98862e-06
1.94662e-06
1.89678e-06
1.83874e-06
1.77256e-06
1.69885e-06
1.61894e-06
1.53515e-06
1.4515e-06
1.37511e-06
1.31908e-06
1.30768e-06
1.38421e-06
1.62052e-06
2.1243e-06
3.03695e-06
4.51344e-06
6.67989e-06
9.57609e-06
1.30999e-05
1.69951e-05
2.08954e-05
2.44123e-05
2.72329e-05
2.91897e-05
3.02817e-05
3.06466e-05
3.05055e-05
3.01053e-05
2.96757e-05
2.94097e-05
2.94637e-05
2.99712e-05
3.1061e-05
3.28752e-05
3.55808e-05
3.93721e-05
4.44616e-05
5.10575e-05
5.9329e-05
6.93594e-05
8.10948e-05
9.43199e-05
0.000108658
0.000123603
0.000138581
0.000153023
0.000166432
0.000178428
0.000188772
0.000197357
0.000204179
0.000209309
0.000212858
0.000214946
0.000215685
0.000215172
0.000213485
0.000210685
0.000206833
0.000201997
0.000196275
0.000189814
0.000182854
0.00017579
0.000169306
0.000164623
0.000163933
0.000171076
0.00019238
0.000237365
0.000318621
0.000450009
0.000642562
0.000898586
0.00120606
0.00153627
0.00184797
0.0020992
0.00225932
0.00231763
0.00228453
0.00218571
0.00205267
0.00191392
0.00178962
0.00169043
0.00161932
0.00157465
0.00155316
0.00155204
0.00157004
0.00160782
0.00166778
0.00175352
0.0018691
0.00201809
0.00220248
0.00242153
0.00267124
0.00294432
0.00323085
0.00351949
0.00379895
0.0040593
0.00429295
0.00449502
0.00466319
0.00479727
0.0048985
0.00496891
0.00501082
0.00502653
0.00501818
0.00498785
0.00493795
0.00487184
0.00479474
0.00471514
0.00464638
0.00460856
0.00463029
0.00474968
0.00501391
0.00547645
0.00619128
0.0072037
0.00853834
0.0101856
0.0120898
0.0141426
0.0161878
0.0180399
0.0195157
0.0204763
0.0208636
0.020711
0.0201317
0.0192856
0.0183386
0.0174281
0.0166433
0.0160235
0.0155679
0.0152513
0.0150392
0.0148986
0.0148039
0.0147383
0.014694
0.0146697
0.0146694
0.0146992
0.0147661
0.0148755
0.0150295
0.0152256
0.0154569
0.0157126
0.0159799
0.0162452
0.0164965
0.0167243
0.0169221
0.0170866
0.0172167
0.0173134
0.0173787
0.017415
0.0174248
0.0174106
0.017375
0.0173214
0.0172547
0.0171828
0.0171184
0.0170813
0.017101
0.0172183
0.0174859
0.017966
0.0187236
0.0198154
0.0212741
0.0230905
0.0251988
0.0274716
0.0297296
0.0317692
0.0334028
0.0344997
0.0350131
0.0349859
0.0345266
0.0337759
0.0328746
0.0319408
0.0310598
0.0302839
0.0296374
0.0291248
0.0287375
0.0284595
0.0282725
0.0281576
0.0280979
0.0280784
0.0280872
0.0281145
0.0281528
0.0281961
0.02824
0.0282811
0.0283165
0.0283443
0.028363
0.0283716
0.0283696
0.0283569
2.20557e-06
2.22334e-06
2.23185e-06
2.23329e-06
2.22962e-06
2.22246e-06
2.21315e-06
2.20269e-06
2.19185e-06
2.18116e-06
2.17097e-06
2.16142e-06
2.15246e-06
2.14391e-06
2.1354e-06
2.12641e-06
2.11626e-06
2.10412e-06
2.08904e-06
2.06994e-06
2.04568e-06
2.01513e-06
1.97723e-06
1.93109e-06
1.87613e-06
1.81221e-06
1.73976e-06
1.66002e-06
1.57537e-06
1.49014e-06
1.41216e-06
1.35599e-06
1.34848e-06
1.43699e-06
1.69904e-06
2.24871e-06
3.23209e-06
4.80323e-06
7.07751e-06
1.0071e-05
1.3648e-05
1.75204e-05
2.13031e-05
2.46093e-05
2.71491e-05
2.87922e-05
2.95767e-05
2.9671e-05
2.93128e-05
2.87508e-05
2.82057e-05
2.7856e-05
2.78439e-05
2.82932e-05
2.93314e-05
3.11101e-05
3.38181e-05
3.76848e-05
4.29693e-05
4.99331e-05
5.87958e-05
6.96755e-05
8.25179e-05
9.70643e-05
0.000112852
0.000129259
0.000145593
0.00016118
0.000175459
0.000188031
0.000198676
0.000207334
0.000214064
0.000218999
0.000222301
0.000224129
0.000224618
0.000223875
0.000221971
0.00021896
0.000214882
0.000209786
0.000203748
0.000196897
0.000189462
0.000181837
0.000174728
0.000169414
0.000168202
0.000175129
0.000196807
0.000243074
0.000326728
0.000461442
0.000657346
0.000914948
0.0012198
0.00154065
0.00183567
0.00206453
0.00220048
0.0022376
0.00219037
0.00208643
0.00195682
0.00182768
0.00171605
0.00162969
0.00156956
0.00153305
0.00151678
0.00151841
0.00153753
0.00157583
0.00163689
0.0017256
0.00184736
0.00200693
0.0022071
0.00244721
0.0027224
0.0030237
0.0033389
0.00365426
0.00395643
0.0042342
0.00447955
0.00468795
0.00485801
0.0049907
0.00508843
0.00515423
0.00519115
0.00520186
0.00518857
0.00515315
0.0050975
0.0050242
0.00493746
0.00484448
0.00475719
0.00469443
0.00468395
0.00476398
0.00498317
0.00539814
0.00606745
0.00704164
0.00834976
0.00998405
0.0118864
0.0139415
0.0159832
0.017816
0.0192507
0.0201527
0.0204755
0.0202688
0.0196609
0.01882
0.0179118
0.0170655
0.016358
0.0158161
0.0154293
0.015167
0.0149934
0.0148766
0.0147937
0.0147312
0.0146844
0.0146552
0.0146502
0.0146784
0.014749
0.0148692
0.0150413
0.0152621
0.0155227
0.0158096
0.0161067
0.0163981
0.0166698
0.0169117
0.0171175
0.0172848
0.0174139
0.0175072
0.0175676
0.0175984
0.0176026
0.0175827
0.017541
0.0174802
0.017404
0.0173189
0.0172357
0.0171721
0.0171555
0.0172255
0.0174347
0.0178472
0.0185322
0.0195529
0.020949
0.0227181
0.024799
0.0270648
0.029333
0.0313941
0.0330539
0.034176
0.0347109
0.034701
0.0342562
0.0335195
0.0326337
0.0317184
0.0308593
0.0301085
0.0294893
0.0290047
0.0286447
0.0283923
0.0282282
0.0281333
0.0280904
0.0280851
0.0281055
0.0281424
0.0281886
0.0282385
0.0282879
0.0283333
0.028372
0.0284019
0.0284215
0.0284298
0.0284265
0.0284115
2.23893e-06
2.24853e-06
2.24986e-06
2.24514e-06
2.23629e-06
2.22487e-06
2.21213e-06
2.19901e-06
2.18622e-06
2.17425e-06
2.16339e-06
2.15376e-06
2.1453e-06
2.13781e-06
2.1309e-06
2.12406e-06
2.11657e-06
2.10759e-06
2.09611e-06
2.08099e-06
2.06097e-06
2.03479e-06
2.00119e-06
1.95908e-06
1.90765e-06
1.84653e-06
1.77595e-06
1.69703e-06
1.61222e-06
1.52614e-06
1.44742e-06
1.39219e-06
1.39005e-06
1.49276e-06
1.78366e-06
2.3831e-06
3.4411e-06
5.10915e-06
7.48939e-06
1.05712e-05
1.4185e-05
1.80129e-05
2.16554e-05
2.47338e-05
2.69864e-05
2.83223e-05
2.88177e-05
2.86683e-05
2.81232e-05
2.74278e-05
2.67898e-05
2.63702e-05
2.6295e-05
2.66776e-05
2.76438e-05
2.93554e-05
3.20252e-05
3.59223e-05
4.13605e-05
4.86658e-05
5.81206e-05
6.98879e-05
8.39151e-05
9.98893e-05
0.000117239
0.000135202
0.000152935
0.000169652
0.000184724
0.000197745
0.000208535
0.000217106
0.000223596
0.000228215
0.000231182
0.000232697
0.000232916
0.000231949
0.000229861
0.000226686
0.000222443
0.000217157
0.000210877
0.000203713
0.000195877
0.000187764
0.0001801
0.000174227
0.000172574
0.000179386
0.00020157
0.000249287
0.000335509
0.000473656
0.000672844
0.000931693
0.00123331
0.00154422
0.00182244
0.00202981
0.00214362
0.00216257
0.00210455
0.00199843
0.00187412
0.00175513
0.00165547
0.0015804
0.00152929
0.00149888
0.00148591
0.00148854
0.00150717
0.00154449
0.00160528
0.00169583
0.00182303
0.00199306
0.00220971
0.00247238
0.00277517
0.00310696
0.00345268
0.00379569
0.00412032
0.00441406
0.0046687
0.00488047
0.00504934
0.00517781
0.00526973
0.00532927
0.00536021
0.0053656
0.00534768
0.00530804
0.00524807
0.00516956
0.00507571
0.0049725
0.00487051
0.00478724
0.00474948
0.00479534
0.00497464
0.0053468
0.00597463
0.00691368
0.00819717
0.00981891
0.0117181
0.0137725
0.0158059
0.0176138
0.0190029
0.0198449
0.0201063
0.0198531
0.0192269
0.0184018
0.0175403
0.0167615
0.0161298
0.0156601
0.0153341
0.0151176
0.0149743
0.0148744
0.0147976
0.0147335
0.0146803
0.0146429
0.0146307
0.0146555
0.0147291
0.0148603
0.0150521
0.0153002
0.0155931
0.0159136
0.0162421
0.0165595
0.0168503
0.0171037
0.0173142
0.0174808
0.0176057
0.0176928
0.0177463
0.0177706
0.0177688
0.0177436
0.017697
0.0176309
0.017548
0.0174533
0.0173559
0.0172714
0.0172252
0.0172551
0.0174135
0.0177655
0.0183842
0.019338
0.0206737
0.0223954
0.0244462
0.0267002
0.0289724
0.031048
0.032727
0.0338685
0.034421
0.0344267
0.0339968
0.0332761
0.0324085
0.0315144
0.0306796
0.0299552
0.0293633
0.0289058
0.0285713
0.028342
0.028198
0.0281202
0.0280916
0.028098
0.0281281
0.0281731
0.0282262
0.028282
0.0283362
0.0283855
0.028427
0.0284585
0.0284786
0.0284861
0.0284807
0.0284626
2.26301e-06
2.26516e-06
2.26007e-06
2.24993e-06
2.23657e-06
2.22146e-06
2.20575e-06
2.19034e-06
2.17588e-06
2.16281e-06
2.1514e-06
2.14173e-06
2.13375e-06
2.12721e-06
2.12176e-06
2.11685e-06
2.11179e-06
2.10571e-06
2.09759e-06
2.08624e-06
2.07033e-06
2.04845e-06
2.0192e-06
1.98128e-06
1.93366e-06
1.87572e-06
1.8075e-06
1.73e-06
1.64566e-06
1.55946e-06
1.48085e-06
1.42768e-06
1.43253e-06
1.55174e-06
1.87464e-06
2.52757e-06
3.66349e-06
5.42943e-06
7.9117e-06
1.10706e-05
1.47029e-05
1.84642e-05
2.19462e-05
2.47842e-05
2.67496e-05
2.7792e-05
2.80239e-05
2.76633e-05
2.69653e-05
2.61674e-05
2.546e-05
2.49846e-05
2.48496e-05
2.51568e-05
2.60301e-05
2.76409e-05
3.02279e-05
3.4104e-05
3.96459e-05
4.72568e-05
5.72976e-05
6.99888e-05
8.52827e-05
0.000102799
0.000121831
0.000141438
0.000160602
0.000178403
0.000194153
0.000207459
0.000218208
0.000226507
0.000232599
0.000236777
0.000239327
0.000240486
0.000240427
0.000239256
0.000237026
0.000233747
0.000229411
0.000224012
0.000217573
0.000210179
0.000202024
0.000193502
0.000185362
0.00017901
0.000177007
0.000183818
0.000206654
0.000255992
0.000344947
0.000486599
0.000688946
0.000948654
0.00124634
0.00154676
0.00180824
0.00199517
0.00208903
0.00209278
0.00202708
0.00192124
0.00180357
0.00169486
0.00160631
0.00154103
0.00149721
0.00147123
0.00145999
0.0014622
0.00147896
0.00151393
0.0015731
0.00166425
0.00179603
0.0019763
0.00221009
0.00249693
0.00282961
0.00319427
0.00357233
0.00394363
0.00428992
0.00459744
0.00485822
0.00506978
0.00523393
0.00535513
0.00543888
0.00549058
0.00551473
0.00551468
0.00549259
0.00544973
0.00538687
0.00530506
0.00520649
0.00509595
0.00498272
0.00488298
0.00482251
0.0048391
0.00498354
0.00531768
0.00590831
0.00681561
0.00807669
0.00968658
0.0115816
0.0136322
0.0156527
0.0174302
0.0187701
0.019552
0.0197564
0.0194652
0.018831
0.0180311
0.0172221
0.0165122
0.0159529
0.015549
0.015276
0.0150972
0.0149774
0.0148886
0.0148134
0.014744
0.0146813
0.0146327
0.0146107
0.0146302
0.0147058
0.0148486
0.015062
0.0153402
0.0156684
0.016025
0.016386
0.0167289
0.0170364
0.0172978
0.0175089
0.0176709
0.017788
0.017866
0.0179108
0.0179274
0.0179196
0.0178897
0.0178394
0.0177699
0.0176828
0.0175818
0.0174742
0.0173738
0.0173039
0.0173006
0.0174153
0.0177142
0.0182728
0.0191649
0.0204434
0.0221186
0.0241378
0.0263762
0.0286467
0.0307301
0.0324216
0.0335769
0.0341431
0.034163
0.0337487
0.0330459
0.0321993
0.0313291
0.0305203
0.0298231
0.0292583
0.0288264
0.0285152
0.0283063
0.0281797
0.0281163
0.0280995
0.0281156
0.0281539
0.028206
0.0282651
0.0283262
0.028385
0.0284378
0.0284818
0.0285145
0.0285344
0.0285403
0.0285321
0.0285101
2.27959e-06
2.27514e-06
2.26446e-06
2.24963e-06
2.23239e-06
2.21409e-06
2.19583e-06
2.17844e-06
2.16252e-06
2.1485e-06
2.13662e-06
2.12693e-06
2.11936e-06
2.11366e-06
2.10947e-06
2.10625e-06
2.10333e-06
2.09984e-06
2.09476e-06
2.08686e-06
2.07477e-06
2.05699e-06
2.03199e-06
1.99828e-06
1.9546e-06
1.9001e-06
1.83462e-06
1.75899e-06
1.67571e-06
1.59008e-06
1.51246e-06
1.46253e-06
1.47607e-06
1.61418e-06
1.97223e-06
2.68207e-06
3.89844e-06
5.76184e-06
8.33999e-06
1.15625e-05
1.5194e-05
1.88672e-05
2.21714e-05
2.47622e-05
2.64475e-05
2.72177e-05
2.72177e-05
2.66828e-05
2.58686e-05
2.49996e-05
2.42465e-05
2.37293e-05
2.35379e-05
2.37618e-05
2.45215e-05
2.59976e-05
2.84545e-05
3.22525e-05
3.78393e-05
4.57099e-05
5.63218e-05
6.99703e-05
8.66169e-05
0.000105799
0.000126639
0.000147974
0.000168577
0.000187384
0.000203656
0.000217042
0.000227532
0.00023536
0.000240889
0.000244511
0.000246573
0.000247347
0.000247015
0.000245675
0.000243356
0.000240042
0.000235691
0.000230266
0.000223756
0.00021622
0.000207834
0.000198989
0.000190458
0.000183716
0.000181466
0.000188402
0.000212047
0.000263183
0.00035502
0.000500212
0.000705525
0.000965614
0.00125866
0.00154811
0.00179307
0.00196082
0.00203703
0.00202847
0.00195787
0.00185434
0.00174425
0.00164566
0.00156725
0.0015104
0.00147242
0.00144952
0.0014388
0.00143944
0.00145316
0.00148449
0.00154064
0.00163105
0.00176636
0.00195649
0.00220805
0.00252078
0.0028858
0.00328585
0.00369795
0.00409779
0.00446425
0.00478258
0.00504558
0.00525275
0.00540834
0.00551913
0.00559246
0.00563496
0.00565177
0.0056464
0.00562084
0.00557587
0.00551166
0.00542841
0.00532737
0.0052122
0.00509091
0.0049784
0.00489943
0.00489142
0.00500583
0.00530675
0.00586455
0.00674372
0.00798485
0.00958375
0.0114734
0.0135171
0.0155203
0.0172624
0.0185505
0.0192734
0.0194266
0.0191063
0.0184741
0.0177073
0.016955
0.0163132
0.0158218
0.0154768
0.0152491
0.0151013
0.0149992
0.0149171
0.01484
0.0147622
0.014687
0.0146245
0.0145901
0.0146023
0.014679
0.0148337
0.0150707
0.0153821
0.0157489
0.0161441
0.0165382
0.0169052
0.0172262
0.0174911
0.0176981
0.0178508
0.0179564
0.0180227
0.0180572
0.0180654
0.0180515
0.0180178
0.0179651
0.017894
0.0178052
0.0177009
0.0175869
0.0174751
0.0173869
0.0173565
0.0174344
0.0176871
0.0181925
0.0190285
0.0202538
0.0218842
0.0238712
0.026091
0.0283547
0.0304395
0.032137
0.0333007
0.0338772
0.03391
0.0335121
0.0328294
0.0320065
0.0311625
0.0303814
0.0297117
0.0291731
0.0287651
0.0284749
0.0282837
0.0281717
0.0281202
0.0281131
0.0281373
0.0281826
0.0282408
0.0283056
0.0283717
0.0284347
0.0284908
0.0285369
0.0285702
0.0285891
0.0285925
0.0285804
0.0285534
2.29044e-06
2.28031e-06
2.26484e-06
2.24602e-06
2.22544e-06
2.20439e-06
2.1839e-06
2.16476e-06
2.14756e-06
2.1327e-06
2.12039e-06
2.11068e-06
2.10346e-06
2.09847e-06
2.09535e-06
2.09357e-06
2.09247e-06
2.09121e-06
2.08877e-06
2.08394e-06
2.07531e-06
2.06133e-06
2.04033e-06
2.01069e-06
1.97094e-06
1.92002e-06
1.85752e-06
1.78417e-06
1.70245e-06
1.61805e-06
1.54232e-06
1.49688e-06
1.52088e-06
1.68035e-06
2.07659e-06
2.84639e-06
4.1448e-06
6.10364e-06
8.76936e-06
1.20403e-05
1.56508e-05
1.92161e-05
2.23295e-05
2.46726e-05
2.60923e-05
2.66181e-05
2.64231e-05
2.57537e-05
2.48605e-05
2.39514e-05
2.31753e-05
2.26299e-05
2.23859e-05
2.25198e-05
2.31473e-05
2.44561e-05
2.6735e-05
3.03934e-05
3.59582e-05
4.40313e-05
5.51895e-05
6.98246e-05
8.7914e-05
0.000108894
0.000131671
0.000154811
0.000176837
0.000196529
0.000213124
0.000226347
0.000236336
0.000243484
0.000248294
0.000251257
0.00025278
0.000253161
0.000252579
0.000251115
0.00024877
0.000245495
0.000241213
0.000235849
0.000229359
0.000221773
0.000213247
0.000204169
0.000195338
0.000188305
0.000185921
0.00019312
0.000217741
0.000270855
0.000365709
0.000514428
0.000722441
0.000982358
0.00127005
0.00154816
0.00177697
0.00192699
0.00198793
0.00196983
0.0018968
0.00179723
0.00169529
0.00160645
0.00153721
0.00148759
0.00145429
0.00143343
0.00142231
0.00142046
0.00143013
0.00145661
0.00150832
0.0015965
0.00173409
0.00193353
0.00220341
0.00254382
0.00294383
0.00338189
0.00382959
0.00425769
0.00464204
0.00496733
0.0052279
0.00542603
0.00556907
0.00566643
0.00572738
0.00575968
0.00576895
0.0057587
0.00573055
0.00568474
0.00562072
0.00553788
0.00543651
0.00531919
0.00519275
0.00507089
0.00497735
0.00494909
0.00503816
0.00531058
0.00584001
0.00669479
0.00791854
0.00950739
0.0113907
0.0134243
0.0154056
0.017108
0.0183427
0.0190091
0.0191175
0.0187774
0.0181565
0.0174293
0.0167358
0.0161599
0.015731
0.015438
0.0152488
0.015126
0.015037
0.0149583
0.0148765
0.014788
0.0146978
0.0146186
0.0145692
0.0145717
0.0146482
0.0148155
0.0150782
0.0154262
0.015835
0.016271
0.0166983
0.017087
0.0174171
0.0176803
0.0178777
0.0180165
0.0181069
0.0181592
0.0181819
0.0181816
0.0181621
0.0181254
0.0180719
0.0180012
0.0179128
0.0178079
0.0176908
0.0175717
0.01747
0.0174184
0.0174659
0.0176792
0.0181381
0.0189241
0.0201007
0.0216891
0.0236439
0.0258427
0.0280949
0.0301752
0.0318726
0.0330394
0.033623
0.0336679
0.0332874
0.0326272
0.0318306
0.0310151
0.0302628
0.0296207
0.0291074
0.0287213
0.0284495
0.0282734
0.0281734
0.0281315
0.0281323
0.0281632
0.0282145
0.0282783
0.0283484
0.0284192
0.0284863
0.0285453
0.0285928
0.0286259
0.0286427
0.0286424
0.0286251
0.0285918
2.29728e-06
2.28235e-06
2.26285e-06
2.24062e-06
2.21715e-06
2.19368e-06
2.17119e-06
2.15047e-06
2.13211e-06
2.11649e-06
2.10381e-06
2.09406e-06
2.08713e-06
2.08273e-06
2.0805e-06
2.0799e-06
2.08031e-06
2.0809e-06
2.0807e-06
2.0785e-06
2.07289e-06
2.06229e-06
2.04496e-06
2.01914e-06
1.98319e-06
1.93584e-06
1.87649e-06
1.8057e-06
1.72601e-06
1.64349e-06
1.57055e-06
1.5309e-06
1.5672e-06
1.75051e-06
2.18782e-06
3.02009e-06
4.40104e-06
6.4516e-06
9.19453e-06
1.24972e-05
1.60668e-05
1.95068e-05
2.24216e-05
2.45232e-05
2.56986e-05
2.60136e-05
2.56638e-05
2.49006e-05
2.39647e-05
2.30448e-05
2.22664e-05
2.17051e-05
2.14128e-05
2.14524e-05
2.19324e-05
2.30445e-05
2.50992e-05
2.85545e-05
3.40229e-05
4.223e-05
5.38983e-05
6.95435e-05
8.917e-05
0.000112089
0.00013694
0.000161949
0.000185347
0.00020576
0.000222428
0.000235213
0.000244445
0.00025071
0.000254662
0.000256888
0.000257847
0.000257846
0.000257053
0.000255521
0.000253219
0.000250059
0.000245927
0.00024071
0.000234331
0.000226786
0.000218212
0.000208994
0.000199961
0.000192743
0.000190349
0.000197963
0.000223737
0.000279006
0.000376988
0.000529172
0.000739547
0.000998667
0.00128032
0.00154681
0.00176006
0.00189396
0.00194202
0.001917
0.00184372
0.00174938
0.00165587
0.00157628
0.00151529
0.00147187
0.00144231
0.00142271
0.00141053
0.00140552
0.00141028
0.00143077
0.00147661
0.00156094
0.00169935
0.00190732
0.002196
0.00256597
0.00300381
0.0034826
0.00396721
0.00442266
0.00482171
0.0051492
0.00540204
0.00558624
0.00571281
0.00579407
0.00584116
0.00586274
0.00586469
0.00585026
0.00582059
0.00577526
0.00571297
0.00563228
0.00553257
0.0054154
0.00528648
0.00515839
0.00505391
0.00500953
0.00507776
0.00532632
0.00583182
0.00666603
0.00787503
0.00945471
0.0113303
0.0133507
0.0153056
0.0169648
0.0181454
0.0187588
0.01883
0.0184794
0.017878
0.0171954
0.0165612
0.0160479
0.0156755
0.0154277
0.0152709
0.0151682
0.0150888
0.0150108
0.0149224
0.0148211
0.0147138
0.0146153
0.014548
0.0145384
0.0146134
0.0147935
0.0150843
0.0154726
0.0159271
0.0164058
0.0168656
0.0172725
0.0176064
0.0178618
0.0180438
0.0181641
0.0182361
0.0182724
0.0182827
0.0182739
0.0182496
0.0182112
0.0181584
0.0180898
0.018004
0.0179011
0.0177839
0.017661
0.0175502
0.0174825
0.0175057
0.0176862
0.0181053
0.0188474
0.0199806
0.02153
0.0234535
0.0256294
0.027866
0.0299359
0.0316272
0.0327922
0.0333802
0.0334366
0.0330751
0.03244
0.0316724
0.0308875
0.0301651
0.0295504
0.0290609
0.0286948
0.0284389
0.0282752
0.0281849
0.0281506
0.0281576
0.0281942
0.0282508
0.0283198
0.0283948
0.0284702
0.0285408
0.0286021
0.0286501
0.0286819
0.0286953
0.0286897
0.0286657
0.0286246
2.30163e-06
2.2827e-06
2.25982e-06
2.23467e-06
2.20867e-06
2.18301e-06
2.15868e-06
2.13651e-06
2.11707e-06
2.10074e-06
2.0877e-06
2.07792e-06
2.07122e-06
2.06731e-06
2.06579e-06
2.06615e-06
2.06776e-06
2.06984e-06
2.07145e-06
2.07141e-06
2.06836e-06
2.06067e-06
2.04658e-06
2.02424e-06
1.99185e-06
1.94797e-06
1.89181e-06
1.8238e-06
1.74654e-06
1.66653e-06
1.59731e-06
1.56481e-06
1.61532e-06
1.8249e-06
2.30593e-06
3.20251e-06
4.6653e-06
6.802e-06
9.60993e-06
1.29266e-05
1.64362e-05
1.97371e-05
2.24507e-05
2.43236e-05
2.52823e-05
2.54243e-05
2.49615e-05
2.41443e-05
2.31994e-05
2.22943e-05
2.15315e-05
2.09654e-05
2.06299e-05
2.05733e-05
2.08953e-05
2.17872e-05
2.35757e-05
2.6765e-05
3.2057e-05
4.03183e-05
5.24472e-05
6.91192e-05
9.03808e-05
0.000115392
0.000142455
0.000169381
0.000194063
0.000214979
0.000231429
0.000243474
0.000251693
0.000256891
0.000259876
0.000261324
0.000261723
0.000261374
0.000260422
0.000258885
0.000256693
0.00025372
0.000249814
0.000244824
0.000238637
0.00023122
0.000222689
0.000213426
0.000204292
0.000197003
0.000194734
0.000202925
0.000230038
0.000287636
0.00038883
0.000544362
0.0007567
0.0010143
0.00128929
0.00154402
0.00174246
0.00186198
0.00189956
0.00187005
0.00179837
0.00171022
0.00162521
0.0015543
0.00150069
0.00146259
0.00143604
0.00141715
0.00140344
0.00139477
0.00139396
0.00140747
0.00144602
0.00152478
0.00166233
0.00187782
0.00218561
0.00258713
0.00306587
0.00358817
0.00411069
0.00459179
0.00500138
0.00532545
0.00556477
0.00573013
0.00583672
0.00589982
0.00593218
0.00594309
0.00593833
0.0059207
0.00589069
0.00584715
0.00578802
0.00571105
0.00561476
0.00549978
0.00537078
0.00523932
0.00512727
0.00507066
0.00512237
0.00535162
0.0058376
0.00665503
0.00785187
0.00942315
0.0112897
0.0132936
0.0152175
0.0168306
0.0179575
0.0185227
0.0185647
0.0182127
0.0176381
0.0170036
0.0164279
0.0159727
0.0156506
0.0154418
0.0153118
0.0152253
0.0151527
0.0150736
0.0149771
0.0148616
0.0147351
0.0146149
0.0145267
0.0145024
0.0145742
0.0147674
0.0150889
0.0155215
0.0160255
0.0165484
0.0170391
0.0174596
0.0177909
0.0180316
0.0181925
0.01829
0.0183411
0.0183603
0.0183582
0.0183414
0.0183134
0.0182747
0.018224
0.0181593
0.0180781
0.0179793
0.0178646
0.0177412
0.0176252
0.017546
0.0175505
0.0177046
0.0180904
0.0187951
0.01989
0.0214041
0.0232976
0.0254491
0.0276662
0.0297203
0.0313997
0.0325583
0.0331483
0.0332163
0.0328756
0.0322683
0.0315326
0.0307804
0.0300888
0.0295013
0.0290343
0.028686
0.0284437
0.0282901
0.0282072
0.0281787
0.0281908
0.028232
0.0282933
0.0283671
0.0284467
0.0285261
0.0285997
0.0286622
0.0287095
0.0287382
0.0287463
0.0287336
0.0287009
0.0286504
2.30479e-06
2.2826e-06
2.25688e-06
2.22921e-06
2.20092e-06
2.17323e-06
2.14716e-06
2.12358e-06
2.10311e-06
2.08611e-06
2.07273e-06
2.0629e-06
2.05639e-06
2.05288e-06
2.05193e-06
2.05302e-06
2.05555e-06
2.05877e-06
2.06177e-06
2.06344e-06
2.06243e-06
2.05716e-06
2.04583e-06
2.02653e-06
1.99739e-06
1.95678e-06
1.90377e-06
1.83868e-06
1.76422e-06
1.68735e-06
1.62282e-06
1.59887e-06
1.66551e-06
1.90373e-06
2.43079e-06
3.39274e-06
4.93533e-06
7.15073e-06
1.00098e-05
1.33223e-05
1.67543e-05
1.99061e-05
2.24219e-05
2.40851e-05
2.48593e-05
2.48687e-05
2.43342e-05
2.35001e-05
2.25757e-05
2.17067e-05
2.09739e-05
2.04122e-05
2.00388e-05
1.98876e-05
2.00468e-05
2.07022e-05
2.21899e-05
2.50538e-05
3.00865e-05
3.83111e-05
5.0837e-05
6.85437e-05
9.1542e-05
0.00011881
0.000148227
0.000177096
0.000202926
0.000224074
0.000239975
0.000250969
0.000257936
0.00026192
0.000263876
0.000264541
0.000264414
0.000263773
0.000262724
0.000261244
0.000259224
0.0002565
0.000252883
0.000248186
0.000242263
0.000235051
0.000226648
0.000217433
0.000208303
0.000201065
0.000199067
0.000208009
0.000236653
0.000296744
0.000401199
0.0005599
0.000773721
0.00102906
0.00129678
0.00153974
0.0017243
0.00183129
0.00186074
0.00182896
0.00176048
0.0016792
0.00160257
0.00153971
0.00149267
0.00145912
0.001435
0.00141642
0.0014009
0.00138828
0.00138141
0.0013871
0.00141707
0.00148847
0.00162327
0.00184498
0.00217208
0.00260721
0.00313015
0.0036988
0.00425977
0.00476393
0.00517885
0.00549312
0.00571296
0.00585491
0.00593871
0.00598239
0.00599994
0.0060008
0.00599032
0.00597064
0.00594146
0.00590089
0.00584614
0.0057742
0.00568281
0.00557175
0.00544479
0.00531252
0.00519602
0.00513085
0.0051702
0.00538457
0.00585537
0.00665975
0.00784689
0.00941034
0.0112662
0.01325
0.0151387
0.0167035
0.0177782
0.0183008
0.0183221
0.0179773
0.0174358
0.0168515
0.0163322
0.0159303
0.0156523
0.0154764
0.0153685
0.0152947
0.0152269
0.0151455
0.0150399
0.0149091
0.0147618
0.0146174
0.0145056
0.0144636
0.0145305
0.0147371
0.015092
0.0155732
0.0161304
0.0166987
0.0172176
0.0176458
0.0179671
0.0181863
0.0183206
0.0183919
0.0184205
0.0184223
0.0184083
0.0183848
0.0183542
0.0183165
0.0182694
0.01821
0.0181349
0.018042
0.017932
0.0178108
0.0176931
0.0176068
0.0175977
0.0177313
0.0180903
0.0187639
0.0198262
0.0213089
0.0231738
0.0252998
0.0274936
0.0295267
0.0311887
0.0323369
0.032927
0.0330071
0.0326894
0.0321132
0.0314124
0.030695
0.0300353
0.0294746
0.029029
0.0286966
0.0284656
0.0283199
0.0282426
0.0282184
0.0282342
0.0282793
0.0283446
0.0284226
0.0285062
0.0285888
0.0286641
0.0287264
0.028771
0.0287944
0.0287949
0.0287727
0.0287292
0.0286676
2.30785e-06
2.28304e-06
2.25496e-06
2.22506e-06
2.19467e-06
2.16503e-06
2.13726e-06
2.11228e-06
2.09077e-06
2.0731e-06
2.05938e-06
2.04948e-06
2.04313e-06
2.03993e-06
2.03941e-06
2.04104e-06
2.04423e-06
2.04825e-06
2.05225e-06
2.05517e-06
2.0557e-06
2.05232e-06
2.04323e-06
2.02651e-06
2.00021e-06
1.96261e-06
1.91264e-06
1.85058e-06
1.77924e-06
1.70615e-06
1.64732e-06
1.63338e-06
1.71808e-06
1.98718e-06
2.56212e-06
3.58962e-06
5.20852e-06
7.49332e-06
1.03884e-05
1.36785e-05
1.70175e-05
2.00142e-05
2.23411e-05
2.38186e-05
2.44442e-05
2.43617e-05
2.37948e-05
2.29765e-05
2.20968e-05
2.12801e-05
2.05875e-05
2.0037e-05
1.96312e-05
1.93901e-05
1.93878e-05
1.97995e-05
2.09618e-05
2.34484e-05
2.81391e-05
3.62268e-05
4.90704e-05
6.78089e-05
9.26487e-05
0.000122351
0.000154265
0.000185075
0.000211866
0.000232922
0.000247914
0.000257554
0.000263069
0.000265745
0.000266658
0.000266581
0.000265993
0.000265129
0.000264047
0.000262682
0.000260883
0.000258453
0.000255168
0.000250813
0.00024521
0.00023827
0.000230071
0.000220996
0.000211977
0.000204919
0.000203348
0.000213226
0.000243595
0.00030633
0.000414054
0.000575673
0.000790412
0.00104272
0.00130263
0.00153395
0.00170571
0.00180208
0.00182566
0.00179365
0.00172966
0.00165572
0.00158722
0.00153174
0.00149049
0.00146082
0.00143865
0.00142008
0.0014026
0.00138589
0.0013727
0.00136997
0.00139019
0.00145249
0.00158249
0.00180882
0.00215521
0.00262609
0.00319678
0.00381465
0.00441409
0.00493768
0.00535167
0.00564925
0.0058438
0.00595852
0.00601771
0.00604171
0.00604515
0.00603711
0.00602219
0.00600164
0.00597435
0.0059377
0.00588822
0.00582226
0.00573689
0.00563114
0.00550801
0.00537723
0.00525914
0.0051889
0.00521988
0.00542367
0.00588353
0.00667846
0.00785816
0.00941406
0.0112573
0.0132172
0.0150667
0.0165817
0.0176066
0.018093
0.0181023
0.017773
0.0172697
0.0167366
0.0162709
0.0159169
0.015677
0.0155284
0.0154383
0.0153743
0.0153095
0.0152248
0.0151097
0.0149627
0.0147934
0.0146228
0.0144846
0.014422
0.0144818
0.0147021
0.0150934
0.0156279
0.0162423
0.0168564
0.0173994
0.0178283
0.0181317
0.0183224
0.0184257
0.0184685
0.0184741
0.0184592
0.0184345
0.0184056
0.018374
0.0183384
0.018296
0.0182429
0.0181751
0.0180895
0.0179859
0.0178691
0.0177527
0.0176633
0.0176454
0.0177641
0.0181026
0.0187513
0.0197866
0.0212419
0.02308
0.0251794
0.0273463
0.0293531
0.0309926
0.0321267
0.0327156
0.0328089
0.0325171
0.0319755
0.031313
0.030633
0.0300062
0.0294724
0.029047
0.0287289
0.0285074
0.0283677
0.0282943
0.028273
0.0282914
0.0283394
0.0284079
0.0284892
0.0285757
0.02866
0.0287352
0.028795
0.0288342
0.0288495
0.0288395
0.028805
0.0287485
0.0286739
2.31168e-06
2.28484e-06
2.25479e-06
2.22291e-06
2.19054e-06
2.15899e-06
2.1295e-06
2.10309e-06
2.08049e-06
2.06211e-06
2.04801e-06
2.03801e-06
2.03176e-06
2.02878e-06
2.02857e-06
2.03056e-06
2.03417e-06
2.03869e-06
2.04332e-06
2.04704e-06
2.04862e-06
2.04659e-06
2.03921e-06
2.02456e-06
2.00066e-06
1.96574e-06
1.91867e-06
1.8597e-06
1.79183e-06
1.72317e-06
1.67109e-06
1.66867e-06
1.77336e-06
2.07535e-06
2.6995e-06
3.7917e-06
5.48188e-06
7.82505e-06
1.07398e-05
1.39895e-05
1.72226e-05
2.00628e-05
2.22142e-05
2.35342e-05
2.40485e-05
2.39137e-05
2.335e-05
2.25748e-05
2.1758e-05
2.10041e-05
2.03576e-05
1.98226e-05
1.93896e-05
1.90654e-05
1.8909e-05
1.90794e-05
1.99039e-05
2.19728e-05
2.62431e-05
3.40865e-05
4.71527e-05
6.69066e-05
9.36955e-05
0.000126022
0.000160578
0.000193293
0.000220798
0.000241391
0.000255104
0.000263117
0.000267038
0.000268376
0.000268291
0.00026755
0.000266586
0.000265575
0.000264522
0.000263315
0.000261769
0.000259656
0.000256727
0.000252741
0.000247495
0.000240877
0.000232951
0.000224101
0.000215302
0.000208561
0.000207586
0.000218595
0.000250881
0.000316389
0.000427341
0.000591553
0.000806564
0.00105506
0.00130668
0.00152661
0.00168677
0.00177446
0.00179434
0.00176389
0.00170548
0.00163914
0.00157841
0.00152963
0.00149341
0.00146698
0.0014463
0.00142751
0.001408
0.00138723
0.00136767
0.00135618
0.00136574
0.00141731
0.00154031
0.00176941
0.00213482
0.00264366
0.00326595
0.00393591
0.00457312
0.00511136
0.00551725
0.00579103
0.0059551
0.00603989
0.00607389
0.00607901
0.00606976
0.00605438
0.0060364
0.00601608
0.0059915
0.00595938
0.00591567
0.00585623
0.00577757
0.00567815
0.00556028
0.005433
0.00531596
0.00524394
0.00527042
0.00546783
0.00592083
0.00670971
0.00788396
0.00943221
0.0112604
0.0131925
0.0149993
0.0164636
0.017442
0.0178992
0.0179052
0.017599
0.0171381
0.0166564
0.0162409
0.0159294
0.0157216
0.0155951
0.0155188
0.0154619
0.0153985
0.0153098
0.0151847
0.0150213
0.0148291
0.0146308
0.0144636
0.0143776
0.0144282
0.014662
0.0150929
0.0156859
0.0163613
0.0170208
0.0175828
0.0180041
0.0182813
0.0184376
0.0185065
0.01852
0.0185033
0.0184733
0.0184397
0.018407
0.0183755
0.0183431
0.0183061
0.01826
0.0182
0.0181225
0.0180266
0.0179161
0.0178035
0.0177144
0.0176922
0.0178014
0.0181253
0.0187552
0.019769
0.0212009
0.0230138
0.0250855
0.027222
0.0291975
0.0308093
0.0319263
0.0325133
0.0326216
0.0323592
0.0318564
0.0312359
0.030596
0.0300038
0.0294973
0.0290916
0.0287866
0.0285731
0.0284378
0.0283668
0.028347
0.0283668
0.0284164
0.0284868
0.0285698
0.0286573
0.0287411
0.0288135
0.0288675
0.0288978
0.0289014
0.0288775
0.0288278
0.0287561
0.028667
2.31697e-06
2.28863e-06
2.25701e-06
2.22338e-06
2.18912e-06
2.15566e-06
2.12437e-06
2.09643e-06
2.07265e-06
2.05346e-06
2.0389e-06
2.02872e-06
2.02247e-06
2.01961e-06
2.01957e-06
2.02175e-06
2.02555e-06
2.03028e-06
2.03518e-06
2.03929e-06
2.04146e-06
2.04026e-06
2.03405e-06
2.02094e-06
1.99899e-06
1.96641e-06
1.92206e-06
1.86624e-06
1.80219e-06
1.73867e-06
1.69447e-06
1.70513e-06
1.83167e-06
2.16829e-06
2.84233e-06
3.99721e-06
5.75208e-06
8.14093e-06
1.10581e-05
1.42504e-05
1.73669e-05
2.00527e-05
2.20463e-05
2.32389e-05
2.36792e-05
2.3529e-05
2.29991e-05
2.22884e-05
2.15468e-05
2.08609e-05
2.02619e-05
1.97438e-05
1.92875e-05
1.88888e-05
1.85908e-05
1.85318e-05
1.90196e-05
2.0645e-05
2.4426e-05
3.19137e-05
4.50918e-05
6.58284e-05
9.4676e-05
0.000129835
0.000167175
0.000201717
0.000229627
0.000249346
0.000261423
0.000267595
0.000269857
0.000269898
0.000268909
0.000267613
0.000266368
0.000265284
0.000264307
0.000263284
0.000262
0.000260205
0.000257631
0.000254018
0.000249146
0.000242885
0.000235287
0.000226746
0.00021828
0.000212001
0.0002118
0.000224139
0.000258533
0.000326914
0.000440994
0.000607392
0.000821937
0.00106583
0.00130874
0.00151765
0.00166748
0.00174841
0.00176662
0.00173933
0.00168736
0.00162875
0.00157538
0.00153259
0.00150064
0.00147681
0.00145716
0.00143791
0.00141635
0.00139164
0.00136588
0.00134559
0.00134393
0.00138334
0.00149713
0.00172683
0.00211071
0.00265979
0.00333784
0.0040627
0.00473617
0.00528309
0.00567294
0.00591609
0.00604558
0.0060992
0.00610877
0.00609675
0.00607679
0.00605582
0.00603611
0.00601689
0.00599549
0.00596809
0.00593022
0.00587736
0.00580569
0.00571321
0.00560172
0.00547966
0.00536613
0.00529547
0.00532118
0.00551626
0.00596634
0.00675229
0.0079227
0.00946277
0.0112732
0.0131731
0.0149339
0.0163473
0.0172832
0.0177187
0.0177301
0.0174539
0.017039
0.0166082
0.0162393
0.0159649
0.0157837
0.0156743
0.0156078
0.0155553
0.0154917
0.0153981
0.0152626
0.0150827
0.0148673
0.0146403
0.0144423
0.0143301
0.0143692
0.0146167
0.0150906
0.0157476
0.0164878
0.0171913
0.0177656
0.0181702
0.0184134
0.0185304
0.0185633
0.0185482
0.0185112
0.0184683
0.0184278
0.0183928
0.0183625
0.0183338
0.0183024
0.0182633
0.0182112
0.0181422
0.0180547
0.0179518
0.0178453
0.0177596
0.0177373
0.017842
0.0181571
0.0187741
0.0197716
0.0211839
0.0229732
0.0250158
0.027118
0.0290572
0.0306367
0.0317339
0.0323191
0.0324449
0.0322161
0.0317567
0.0311828
0.0305864
0.030031
0.0295527
0.0291669
0.0288744
0.0286678
0.0285356
0.0284656
0.0284457
0.0284652
0.0285146
0.0285849
0.0286672
0.0287527
0.0288326
0.0288982
0.0289422
0.0289594
0.028947
0.0289054
0.0288376
0.0287485
0.0286439
2.32425e-06
2.29496e-06
2.26214e-06
2.227e-06
2.19095e-06
2.15556e-06
2.12238e-06
2.09275e-06
2.06762e-06
2.04746e-06
2.03228e-06
2.02177e-06
2.01538e-06
2.01248e-06
2.01244e-06
2.01461e-06
2.01836e-06
2.02303e-06
2.02786e-06
2.03197e-06
2.03427e-06
2.03342e-06
2.02785e-06
2.01578e-06
1.99532e-06
1.96475e-06
1.92296e-06
1.87037e-06
1.81054e-06
1.75296e-06
1.71785e-06
1.74318e-06
1.89333e-06
2.26598e-06
2.98984e-06
4.20418e-06
6.01538e-06
8.43567e-06
1.13373e-05
1.44556e-05
1.74474e-05
1.99842e-05
2.18397e-05
2.29359e-05
2.33373e-05
2.32045e-05
2.27333e-05
2.21027e-05
2.14426e-05
2.08251e-05
2.02711e-05
1.97684e-05
1.92915e-05
1.88272e-05
1.84036e-05
1.81356e-05
1.8302e-05
1.94758e-05
2.27127e-05
2.97341e-05
4.28984e-05
6.45653e-05
9.55827e-05
0.000133801
0.000174062
0.000210303
0.000238249
0.000256661
0.000266786
0.000270984
0.000271609
0.00027046
0.000268702
0.000266972
0.000265541
0.000264444
0.000263571
0.000262736
0.0002617
0.000260197
0.000257952
0.000254695
0.000250194
0.000244309
0.000237087
0.000228935
0.000220919
0.000215258
0.00021602
0.000229896
0.000266573
0.000337891
0.000454927
0.000623013
0.000836264
0.00107474
0.00130857
0.00150691
0.00164773
0.00172375
0.00174215
0.00171943
0.0016746
0.00162374
0.00157726
0.00153975
0.00151132
0.0014894
0.00147029
0.0014503
0.00142665
0.00139821
0.00136659
0.00133778
0.00132473
0.00135092
0.00145335
0.00168125
0.0020827
0.00267433
0.00341268
0.00419516
0.00490239
0.00545077
0.00581626
0.00602272
0.00611514
0.00613798
0.00612514
0.00609847
0.00607005
0.00604518
0.0060248
0.00600719
0.00598903
0.0059661
0.00593367
0.00588705
0.00582221
0.00573692
0.00563262
0.0055173
0.00540955
0.0053433
0.00537188
0.00556855
0.00601939
0.00680521
0.00797292
0.00950374
0.0112931
0.0131563
0.0148679
0.0162308
0.0171287
0.0175503
0.0175755
0.017336
0.01697
0.0165893
0.0162635
0.0160214
0.0158613
0.0157642
0.0157035
0.0156522
0.0155864
0.0154867
0.0153405
0.015144
0.0149057
0.0146498
0.0144199
0.0142793
0.0143047
0.0145656
0.0150861
0.0158133
0.016622
0.017367
0.0179453
0.0183238
0.0185259
0.0186006
0.0185979
0.0185566
0.018502
0.0184488
0.0184035
0.0183674
0.0183389
0.018314
0.018288
0.0182553
0.0182108
0.01815
0.0180711
0.0179768
0.0178781
0.0177987
0.0177802
0.0178854
0.0181971
0.0188068
0.0197929
0.0211891
0.0229557
0.0249676
0.0270314
0.028929
0.030472
0.0315472
0.0321315
0.0322781
0.0320878
0.0316773
0.0311548
0.0306063
0.0300908
0.0296427
0.0292776
0.0289976
0.0287973
0.0286672
0.0285966
0.0285748
0.0285918
0.0286383
0.0287051
0.028783
0.0288624
0.0289335
0.0289872
0.029016
0.0290147
0.0289817
0.0289187
0.0288301
0.0287222
0.0286018
2.3339e-06
2.30421e-06
2.27063e-06
2.23428e-06
2.19658e-06
2.15925e-06
2.12405e-06
2.09254e-06
2.06582e-06
2.04444e-06
2.02839e-06
2.01729e-06
2.01052e-06
2.00736e-06
2.00707e-06
2.00898e-06
2.01242e-06
2.01673e-06
2.02117e-06
2.02491e-06
2.02691e-06
2.02594e-06
2.02054e-06
2.00903e-06
1.98965e-06
1.96078e-06
1.92143e-06
1.87224e-06
1.81714e-06
1.7664e-06
1.74169e-06
1.78331e-06
1.9587e-06
2.36833e-06
3.14107e-06
4.41028e-06
6.26769e-06
8.70357e-06
1.15709e-05
1.45994e-05
1.74599e-05
1.98547e-05
2.15926e-05
2.26219e-05
2.3016e-05
2.29278e-05
2.25346e-05
2.19938e-05
2.14171e-05
2.08643e-05
2.035e-05
1.98586e-05
1.9362e-05
1.88408e-05
1.83097e-05
1.78595e-05
1.77328e-05
1.84661e-05
2.11237e-05
2.75759e-05
4.05857e-05
6.3107e-05
9.64062e-05
0.000137933
0.000181246
0.000219
0.00024655
0.000263228
0.000271158
0.000273353
0.000272449
0.000270273
0.0002679
0.000265857
0.000264315
0.000263239
0.000262475
0.000261804
0.000260976
0.000259719
0.000257756
0.000254817
0.000250667
0.000245166
0.000238362
0.00023068
0.00022324
0.000218363
0.000220289
0.000235909
0.000275028
0.000349294
0.000469033
0.000638196
0.00084924
0.00108145
0.00130586
0.0014941
0.0016272
0.00170005
0.0017203
0.00170334
0.0016662
0.00162305
0.001583
0.00155009
0.00152441
0.00150369
0.00148455
0.00146348
0.00143765
0.0014057
0.00136872
0.001332
0.00130789
0.00132026
0.00140941
0.00163288
0.00205055
0.00268709
0.00349073
0.0043334
0.00507071
0.00561218
0.00594505
0.00611019
0.00616497
0.00615912
0.00612691
0.00608845
0.00605376
0.00602637
0.00600597
0.00599
0.00597467
0.0059555
0.00592772
0.0058866
0.00582811
0.00574997
0.00565344
0.00554621
0.00544644
0.00538758
0.00542261
0.00562463
0.00607962
0.00686766
0.00803324
0.00955305
0.0113175
0.013139
0.0147986
0.0161116
0.0169765
0.0173919
0.017439
0.0172421
0.0169279
0.0165968
0.0163109
0.0160964
0.0159526
0.0158629
0.0158036
0.0157501
0.0156792
0.0155717
0.015414
0.0152013
0.0149409
0.014657
0.0143951
0.0142247
0.0142345
0.0145084
0.0150794
0.0158833
0.016764
0.0175466
0.0181195
0.0184625
0.0186182
0.01865
0.018614
0.0185499
0.0184812
0.0184203
0.0183717
0.0183355
0.0183088
0.0182872
0.0182657
0.0182386
0.0182006
0.0181474
0.018077
0.017992
0.0179028
0.0178323
0.0178212
0.0179315
0.0182449
0.0188525
0.0198316
0.0212145
0.0229589
0.0249377
0.0269586
0.0288092
0.0303115
0.0313634
0.0319481
0.0321194
0.031973
0.0316177
0.0311529
0.0306573
0.0301856
0.0297706
0.0294279
0.0291612
0.0289671
0.0288381
0.0287652
0.028739
0.0287502
0.0287899
0.0288488
0.028917
0.0289843
0.0290405
0.029076
0.0290833
0.0290579
0.0289995
0.0289116
0.0288004
0.0286734
0.0285382
2.3461e-06
2.31666e-06
2.28286e-06
2.24569e-06
2.20657e-06
2.16734e-06
2.13001e-06
2.0964e-06
2.06779e-06
2.04485e-06
2.02757e-06
2.01553e-06
2.00801e-06
2.00421e-06
2.00334e-06
2.00464e-06
2.00743e-06
2.01103e-06
2.01472e-06
2.0177e-06
2.019e-06
2.01749e-06
2.01182e-06
2.00046e-06
1.98182e-06
1.95443e-06
1.91752e-06
1.872e-06
1.82227e-06
1.77944e-06
1.76658e-06
1.82613e-06
2.02819e-06
2.4752e-06
3.29485e-06
4.61282e-06
6.5044e-06
8.93832e-06
1.17517e-05
1.46743e-05
1.73976e-05
1.96576e-05
2.1297e-05
2.2285e-05
2.26979e-05
2.26754e-05
2.23734e-05
2.19275e-05
2.14324e-05
2.09382e-05
2.04561e-05
1.99707e-05
1.94542e-05
1.88841e-05
1.82648e-05
1.76638e-05
1.72832e-05
1.76066e-05
1.96732e-05
2.54701e-05
3.81673e-05
6.14419e-05
9.7135e-05
0.000142247
0.000188734
0.000227746
0.00025442
0.000268971
0.000274568
0.000274842
0.000272597
0.000269588
0.000266753
0.000264493
0.000262886
0.000261836
0.00026115
0.000260594
0.000259911
0.000258833
0.000257088
0.000254415
0.000250588
0.000245471
0.000239126
0.000232003
0.000225275
0.000221366
0.000224668
0.000242235
0.000283922
0.000361084
0.000483168
0.000652668
0.00086049
0.00108552
0.00130014
0.00147874
0.00160529
0.00167649
0.00170002
0.00168979
0.00166077
0.00162526
0.00159122
0.00156224
0.00153858
0.00151832
0.00149852
0.00147593
0.0014478
0.00141258
0.00137089
0.00132718
0.00129282
0.00129138
0.00136577
0.00158191
0.00201402
0.00269784
0.00357228
0.00447751
0.00523989
0.0057651
0.00605777
0.00617896
0.00619768
0.00616668
0.00611874
0.00607134
0.00603219
0.00600314
0.00598278
0.00596795
0.00595455
0.00593804
0.00591373
0.00587708
0.00582423
0.00575302
0.00566474
0.00556691
0.0054773
0.00542883
0.00547382
0.00568477
0.00614696
0.006939
0.00810227
0.00960853
0.0113433
0.0131181
0.0147225
0.0159863
0.016823
0.0172398
0.0173164
0.0171678
0.0169079
0.0166261
0.0163779
0.0161873
0.0160551
0.0159679
0.0159055
0.0158454
0.0157659
0.015648
0.0154778
0.0152491
0.0149682
0.0146584
0.014366
0.0141658
0.0141581
0.0144447
0.0150703
0.0159582
0.0169141
0.0177287
0.0182857
0.0185846
0.0186909
0.0186816
0.0186166
0.0185339
0.0184545
0.0183882
0.0183375
0.0183013
0.0182759
0.0182566
0.0182382
0.0182152
0.0181825
0.018136
0.0180738
0.0179984
0.0179201
0.0178611
0.0178611
0.0179809
0.0183009
0.018911
0.0198869
0.0212584
0.0229801
0.0249227
0.0268954
0.0286931
0.0301507
0.031178
0.031765
0.0319656
0.0318695
0.0315761
0.0311754
0.0307387
0.0303158
0.0299376
0.0296199
0.029368
0.0291803
0.0290514
0.028974
0.0289401
0.0289413
0.0289688
0.0290134
0.0290651
0.0291131
0.029147
0.029157
0.0291361
0.029081
0.0289931
0.028878
0.0287436
0.0285988
0.0284511
2.36089e-06
2.33242e-06
2.29908e-06
2.26164e-06
2.22148e-06
2.18052e-06
2.14103e-06
2.10511e-06
2.07431e-06
2.0494e-06
2.03043e-06
2.01693e-06
2.00814e-06
2.00319e-06
2.00122e-06
2.00142e-06
2.00309e-06
2.00553e-06
2.00803e-06
2.00983e-06
2.01001e-06
2.00755e-06
2.00123e-06
1.9897e-06
1.97154e-06
1.94555e-06
1.91124e-06
1.86987e-06
1.82637e-06
1.79272e-06
1.7933e-06
1.87243e-06
2.10231e-06
2.58642e-06
3.44983e-06
4.80869e-06
6.72027e-06
9.13254e-06
1.18705e-05
1.46705e-05
1.72497e-05
1.93801e-05
2.09357e-05
2.19018e-05
2.23523e-05
2.24097e-05
2.22063e-05
2.18558e-05
2.1438e-05
2.09954e-05
2.05383e-05
2.0054e-05
1.95178e-05
1.89074e-05
1.82199e-05
1.75025e-05
1.69158e-05
1.68785e-05
1.8371e-05
2.3441e-05
3.56591e-05
5.95568e-05
9.77542e-05
0.000146763
0.000196529
0.000236468
0.000261752
0.000273858
0.00027712
0.000275667
0.000272323
0.000268682
0.000265515
0.000263098
0.000261431
0.000260371
0.000259702
0.000259182
0.000258558
0.000257573
0.000255971
0.000253505
0.000249967
0.000245238
0.000239401
0.000232938
0.00022708
0.000224341
0.00022924
0.000248947
0.000293285
0.000373205
0.000497149
0.000666085
0.000869533
0.00108637
0.00129073
0.00146
0.00158095
0.00165169
0.00167957
0.00167681
0.00165621
0.00162826
0.00159982
0.0015742
0.00155186
0.00153137
0.00151029
0.00148575
0.00145519
0.00141699
0.00137135
0.00132187
0.00127864
0.00126414
0.00132276
0.00152858
0.00197283
0.00270631
0.00365773
0.00462756
0.00540845
0.0059074
0.00615374
0.00623088
0.00621722
0.00616564
0.00610574
0.00605188
0.00600945
0.0059789
0.00595802
0.00594325
0.0059304
0.00591506
0.0058928
0.0058594
0.00581136
0.00574684
0.00566731
0.00558025
0.00550311
0.00546807
0.0055265
0.00574974
0.00622164
0.00701872
0.00817862
0.00966779
0.0113671
0.0130894
0.014635
0.0158502
0.016663
0.0170877
0.0172003
0.0171051
0.0169024
0.0166703
0.016458
0.0162882
0.0161636
0.0160744
0.0160037
0.0159322
0.0158399
0.0157087
0.0155244
0.0152805
0.0149816
0.0146494
0.0143302
0.0141016
0.0140755
0.014374
0.0150585
0.0160385
0.0170723
0.0179116
0.0184415
0.0186894
0.0187464
0.0187004
0.0186117
0.0185152
0.0184283
0.0183581
0.0183058
0.018269
0.0182437
0.0182251
0.018208
0.0181874
0.0181584
0.0181174
0.0180629
0.0179976
0.0179316
0.0178867
0.0179014
0.0180348
0.0183658
0.0189823
0.0199578
0.0213188
0.0230162
0.0249181
0.0268361
0.0285746
0.0299833
0.0309847
0.0315761
0.0318107
0.0317712
0.0315466
0.0312169
0.0308452
0.0304766
0.0301397
0.0298504
0.0296151
0.0294342
0.0293042
0.0292198
0.029174
0.0291595
0.0291683
0.0291911
0.0292182
0.0292387
0.0292421
0.0292193
0.029164
0.0290744
0.0289544
0.0288116
0.0286557
0.0284961
0.0283402
2.37806e-06
2.3514e-06
2.31935e-06
2.28241e-06
2.24181e-06
2.19952e-06
2.15799e-06
2.11969e-06
2.08644e-06
2.05918e-06
2.03801e-06
2.02246e-06
2.01173e-06
2.00493e-06
2.00115e-06
1.99957e-06
1.99945e-06
2.00011e-06
2.00085e-06
2.00093e-06
1.99953e-06
1.9957e-06
1.98839e-06
1.97642e-06
1.95863e-06
1.93412e-06
1.90276e-06
1.86627e-06
1.83018e-06
1.80723e-06
1.823e-06
1.92331e-06
2.18176e-06
2.70181e-06
3.60439e-06
4.99418e-06
6.90901e-06
9.27723e-06
1.19161e-05
1.45742e-05
1.69994e-05
1.90002e-05
2.04798e-05
2.14351e-05
2.19327e-05
2.20751e-05
2.19708e-05
2.17127e-05
2.13668e-05
2.09699e-05
2.05332e-05
2.00481e-05
1.94956e-05
1.8856e-05
1.81229e-05
1.7327e-05
1.65893e-05
1.62555e-05
1.72133e-05
2.15089e-05
3.30793e-05
5.74359e-05
9.82439e-05
0.000151504
0.000204636
0.00024508
0.000268456
0.000277921
0.000278992
0.000276102
0.000271932
0.000267846
0.00026444
0.000261882
0.000260115
0.000258968
0.000258218
0.000257626
0.000256954
0.000255963
0.000254418
0.000252098
0.000248819
0.000244491
0.000239227
0.000233551
0.000228745
0.0002274
0.000234124
0.000256138
0.000303146
0.000385573
0.000510732
0.000678001
0.000875728
0.00108317
0.00127662
0.00143657
0.00155245
0.0016235
0.00165638
0.00166144
0.00164931
0.0016287
0.00160552
0.0015828
0.00156128
0.00154004
0.0015172
0.00149041
0.00145742
0.00141668
0.00136808
0.0013144
0.00126418
0.00123808
0.00128056
0.0014732
0.00192668
0.00271212
0.00374755
0.00478358
0.0055747
0.00603725
0.00623338
0.00626919
0.00622859
0.00616156
0.00609326
0.00603479
0.00598956
0.00595696
0.00593433
0.005918
0.0059039
0.00588793
0.00586608
0.00583462
0.00579057
0.00573258
0.00566247
0.00558776
0.00552554
0.00550711
0.00558236
0.00582086
0.00630435
0.00710653
0.00826079
0.00972804
0.0113849
0.0130477
0.0145301
0.0156958
0.0164877
0.0169254
0.0170795
0.0170416
0.0168981
0.016716
0.0165386
0.0163874
0.0162673
0.0161718
0.0160883
0.0160006
0.0158911
0.0157434
0.0155442
0.0152863
0.0149731
0.0146244
0.0142838
0.0140305
0.0139861
0.0142959
0.0150438
0.0161248
0.0172388
0.0180935
0.0185849
0.0187776
0.0187886
0.0187125
0.0186065
0.0185007
0.0184089
0.0183359
0.0182815
0.0182428
0.0182159
0.0181958
0.0181779
0.0181575
0.0181305
0.0180939
0.0180467
0.0179921
0.0179401
0.0179118
0.0179446
0.0180957
0.0184414
0.0190672
0.0200437
0.0213938
0.0230635
0.0249185
0.0267737
0.0284458
0.0298003
0.0307741
0.0313715
0.031644
0.0316662
0.0315163
0.0312634
0.0309626
0.0306536
0.0303626
0.030105
0.0298884
0.0297147
0.0295825
0.0294879
0.0294256
0.0293896
0.0293724
0.0293656
0.0293598
0.0293448
0.0293105
0.0292487
0.0291543
0.0290278
0.0288754
0.0287071
0.0285339
0.0283651
0.0282067
2.3972e-06
2.37323e-06
2.34347e-06
2.30805e-06
2.26793e-06
2.22499e-06
2.18186e-06
2.14137e-06
2.10566e-06
2.07583e-06
2.05205e-06
2.03387e-06
2.02048e-06
2.01101e-06
2.00457e-06
2.00034e-06
1.99757e-06
1.99562e-06
1.99383e-06
1.9915e-06
1.9879e-06
1.98221e-06
1.97353e-06
1.96091e-06
1.94348e-06
1.92069e-06
1.89286e-06
1.86224e-06
1.835e-06
1.82465e-06
1.85761e-06
1.98053e-06
2.26768e-06
2.82136e-06
3.75668e-06
5.1648e-06
7.06281e-06
9.36083e-06
1.1873e-05
1.43654e-05
1.66206e-05
1.84845e-05
1.98864e-05
2.08303e-05
2.13726e-05
2.15953e-05
2.15837e-05
2.14115e-05
2.11324e-05
2.07787e-05
2.03628e-05
1.98813e-05
1.93217e-05
1.86693e-05
1.79172e-05
1.70841e-05
1.62559e-05
1.57023e-05
1.61906e-05
1.96941e-05
3.04489e-05
5.50599e-05
9.8577e-05
0.000156502
0.000213055
0.000253488
0.000274471
0.000281259
0.000280439
0.000276472
0.000271754
0.000267383
0.000263794
0.000261072
0.000259128
0.000257783
0.000256823
0.000256026
0.000255178
0.000254067
0.000252487
0.000250248
0.000247204
0.000243304
0.000238704
0.000233971
0.000230433
0.000230724
0.000239497
0.000263942
0.000313542
0.00039807
0.000523582
0.000687822
0.0008782
0.00107475
0.00125624
0.00140641
0.00151721
0.00158866
0.00162652
0.00163918
0.00163517
0.00162158
0.00160336
0.00158329
0.00156235
0.00154018
0.00151547
0.00148648
0.0014514
0.00140888
0.00135865
0.00130271
0.00124795
0.00121249
0.00123934
0.00141611
0.0018752
0.00271475
0.00384236
0.00494555
0.00573669
0.00615335
0.00629846
0.00629849
0.00623764
0.00616037
0.00608679
0.00602498
0.00597683
0.00594112
0.00591505
0.00589514
0.00587768
0.00585909
0.00583591
0.00580505
0.00576422
0.00571272
0.00565286
0.00559232
0.00554774
0.00554912
0.0056443
0.00590044
0.00639637
0.00720236
0.00834712
0.00978578
0.0113913
0.012986
0.0143986
0.0155119
0.0162835
0.0167365
0.0169346
0.0169556
0.0168718
0.0167396
0.0165965
0.0164626
0.0163449
0.0162405
0.0161407
0.016033
0.0159033
0.0157373
0.0155234
0.0152546
0.0149331
0.0145758
0.0142227
0.0139508
0.0138897
0.01421
0.0150257
0.0162178
0.0174133
0.0182721
0.0187145
0.0188515
0.0188233
0.0187251
0.0186086
0.0184978
0.0184031
0.0183276
0.0182703
0.0182281
0.0181972
0.0181733
0.0181521
0.0181299
0.0181032
0.0180698
0.0180296
0.0179863
0.0179499
0.0179411
0.0179954
0.0181674
0.0185306
0.0191672
0.0201444
0.0214808
0.0231173
0.0249167
0.026699
0.0282952
0.0295887
0.0305315
0.0311344
0.0314462
0.0315327
0.0314604
0.0312879
0.0310618
0.0308162
0.0305746
0.0303518
0.0301557
0.0299899
0.0298544
0.0297473
0.0296648
0.0296021
0.0295531
0.0295103
0.0294653
0.029409
0.0293324
0.0292283
0.0290936
0.0289311
0.0287498
0.0285618
0.0283785
0.0282081
0.0280545
2.41758e-06
2.39723e-06
2.37086e-06
2.33822e-06
2.29986e-06
2.25739e-06
2.21354e-06
2.17154e-06
2.13383e-06
2.10164e-06
2.07519e-06
2.05405e-06
2.03749e-06
2.02465e-06
2.01471e-06
2.00691e-06
2.00055e-06
1.99504e-06
1.98979e-06
1.98419e-06
1.97763e-06
1.96944e-06
1.95893e-06
1.94542e-06
1.92837e-06
1.90765e-06
1.88409e-06
1.86054e-06
1.8438e-06
1.84802e-06
1.90011e-06
2.04692e-06
2.3621e-06
2.94542e-06
3.90458e-06
5.31488e-06
7.17163e-06
9.36804e-06
1.17192e-05
1.40152e-05
1.60767e-05
1.77865e-05
1.90963e-05
2.00144e-05
2.0586e-05
2.08736e-05
2.09417e-05
2.08465e-05
2.0631e-05
2.0323e-05
1.9936e-05
1.94713e-05
1.89232e-05
1.82827e-05
1.75447e-05
1.67199e-05
1.58655e-05
1.51783e-05
1.52857e-05
1.80131e-05
2.77917e-05
5.24051e-05
9.87145e-05
0.0001618
0.000221781
0.00026158
0.000279775
0.000284055
0.000281775
0.000277133
0.000272133
0.00026762
0.00026389
0.000260971
0.000258759
0.000257092
0.00025578
0.000254633
0.00025347
0.000252114
0.0002504
0.000248179
0.000245351
0.000241915
0.000238081
0.000234465
0.000232431
0.000234625
0.000245652
0.000272568
0.000324532
0.00041054
0.000535238
0.000694734
0.000875717
0.00105935
0.00122728
0.00136657
0.00147144
0.00154246
0.00158434
0.00160365
0.00160695
0.00159981
0.00158628
0.00156889
0.00154878
0.00152605
0.00150002
0.00146953
0.00143333
0.00139036
0.00134031
0.00128453
0.00122824
0.00118648
0.00119915
0.0013577
0.00181793
0.00271347
0.00394301
0.00511334
0.00589222
0.00625518
0.00635223
0.00632441
0.00625071
0.00616814
0.00609211
0.00602807
0.00597681
0.00593685
0.00590564
0.00588014
0.00585726
0.00583408
0.00580788
0.00577638
0.00573811
0.00569315
0.0056444
0.00559978
0.00557532
0.00559946
0.00571734
0.00599249
0.00650007
0.00730659
0.00843575
0.0098365
0.0113794
0.0128942
0.0142271
0.0152815
0.0160291
0.016495
0.0167345
0.0168118
0.0167855
0.0167015
0.0165918
0.0164752
0.0163598
0.0162462
0.0161297
0.0160017
0.0158518
0.0156691
0.015444
0.0151705
0.0148496
0.014495
0.0141413
0.0138605
0.013786
0.0141158
0.0150036
0.0163188
0.0175958
0.0184449
0.0188299
0.0189149
0.0188571
0.0187463
0.0186257
0.018514
0.0184186
0.0183411
0.0182801
0.0182329
0.018196
0.0181658
0.0181392
0.018113
0.018085
0.0180538
0.0180203
0.0179888
0.0179696
0.0179824
0.0180609
0.0182564
0.0186383
0.019285
0.02026
0.021577
0.0231713
0.0249031
0.0265991
0.0281063
0.0293288
0.0302336
0.0308373
0.0311851
0.0313331
0.0313365
0.0312433
0.0310917
0.0309104
0.0307199
0.0305336
0.03036
0.0302034
0.0300654
0.0299457
0.0298421
0.0297512
0.0296684
0.0295875
0.0295018
0.0294036
0.0292853
0.0291413
0.0289701
0.0287773
0.028575
0.0283768
0.0281935
0.0280307
0.0278899
2.43824e-06
2.42233e-06
2.40048e-06
2.37205e-06
2.33706e-06
2.2967e-06
2.25361e-06
2.21145e-06
2.17297e-06
2.13939e-06
2.11096e-06
2.08726e-06
2.06761e-06
2.05124e-06
2.03745e-06
2.02555e-06
2.01496e-06
2.00516e-06
1.99566e-06
1.98601e-06
1.97574e-06
1.96439e-06
1.95152e-06
1.93679e-06
1.92006e-06
1.90169e-06
1.8831e-06
1.86775e-06
1.86305e-06
1.88361e-06
1.95632e-06
2.12733e-06
2.46835e-06
3.07499e-06
4.04552e-06
5.43701e-06
7.2215e-06
9.27652e-06
1.14241e-05
1.34849e-05
1.53199e-05
1.68469e-05
1.80371e-05
1.89015e-05
1.9475e-05
1.98032e-05
1.99327e-05
1.99049e-05
1.97526e-05
1.94993e-05
1.91585e-05
1.87348e-05
1.8228e-05
1.76344e-05
1.69515e-05
1.61854e-05
1.5371e-05
1.4641e-05
1.44748e-05
1.64789e-05
2.51357e-05
4.9443e-05
9.85997e-05
0.00016746
0.000230792
0.000269235
0.000284415
0.00028659
0.000283337
0.000278426
0.00027343
0.000268944
0.000265146
0.00026203
0.000259499
0.000257421
0.000255647
0.00025403
0.000252431
0.00025072
0.000248778
0.000246513
0.000243882
0.000240947
0.00023798
0.000235646
0.000235331
0.000239644
0.000253053
0.000282357
0.000336235
0.000422769
0.000545057
0.000697558
0.000866423
0.00103443
0.00118648
0.00131289
0.00140995
0.00147858
0.00152253
0.00154668
0.00155592
0.00155444
0.00154544
0.00153111
0.00151269
0.00149062
0.0014647
0.00143438
0.00139891
0.00135761
0.0013102
0.00125752
0.00120322
0.00115898
0.00115996
0.00129848
0.00175437
0.0027072
0.00405069
0.00528649
0.00603889
0.00634349
0.00639976
0.00635284
0.00627364
0.00619105
0.00611581
0.00605121
0.00599736
0.00595285
0.00591561
0.00588334
0.00585371
0.00582462
0.00579423
0.00576119
0.00572499
0.0056866
0.00564961
0.00562211
0.00561945
0.00566812
0.00580985
0.00610354
0.00661968
0.00742043
0.00852435
0.00987423
0.0113389
0.0127569
0.0139948
0.0149782
0.0156915
0.0161607
0.0164323
0.0165573
0.0165818
0.0165422
0.0164648
0.0163666
0.0162566
0.0161382
0.0160099
0.0158671
0.0157034
0.0155113
0.0152839
0.0150165
0.0147094
0.0143726
0.0140339
0.0137571
0.013675
0.0140128
0.0149764
0.0164289
0.0177857
0.0186093
0.0189319
0.0189738
0.0188973
0.0187833
0.0186658
0.0185581
0.0184649
0.0183868
0.0183225
0.0182698
0.0182259
0.0181884
0.018155
0.0181236
0.0180931
0.0180634
0.0180362
0.0180167
0.0180152
0.0180507
0.0181543
0.0183735
0.0187728
0.0194256
0.0203914
0.0216789
0.0232172
0.0248643
0.0264546
0.0278547
0.0289906
0.0298445
0.0304373
0.0308099
0.0310089
0.0310787
0.0310571
0.0309748
0.0308549
0.0307147
0.0305663
0.0304177
0.0302741
0.030138
0.0300104
0.0298906
0.0297766
0.0296652
0.0295522
0.0294322
0.0292995
0.029148
0.0289736
0.0287764
0.0285647
0.0283541
0.0281587
0.0279872
0.027842
0.0277211
2.45798e-06
2.44712e-06
2.43076e-06
2.40798e-06
2.37821e-06
2.34205e-06
2.30185e-06
2.26179e-06
2.2248e-06
2.19196e-06
2.16342e-06
2.13874e-06
2.11731e-06
2.09847e-06
2.08162e-06
2.06623e-06
2.05183e-06
2.03798e-06
2.02434e-06
2.01061e-06
1.99652e-06
1.98186e-06
1.96647e-06
1.9504e-06
1.93398e-06
1.91812e-06
1.90488e-06
1.89836e-06
1.90651e-06
1.9441e-06
2.03745e-06
2.23092e-06
2.59275e-06
3.2124e-06
4.17636e-06
5.52068e-06
7.19226e-06
9.05581e-06
1.09483e-05
1.2727e-05
1.42947e-05
1.56017e-05
1.6636e-05
1.74107e-05
1.79524e-05
1.82929e-05
1.84642e-05
1.84952e-05
1.84099e-05
1.82266e-05
1.79573e-05
1.76082e-05
1.71822e-05
1.66793e-05
1.6099e-05
1.54447e-05
1.47355e-05
1.40522e-05
1.37309e-05
1.51012e-05
2.25165e-05
4.61429e-05
9.81489e-05
0.000173567
0.000240035
0.000276354
0.000288562
0.000289093
0.000285427
0.000280702
0.00027604
0.000271812
0.00026811
0.000264905
0.000262124
0.00025967
0.000257444
0.000255347
0.000253287
0.000251185
0.000248981
0.000246645
0.000244205
0.000241797
0.000239759
0.000238807
0.000240326
0.000246833
0.000262556
0.000293888
0.000348858
0.000434466
0.000552105
0.00069454
0.000847693
0.000996534
0.0011295
0.00124012
0.00132648
0.00138979
0.00143297
0.00145953
0.00147294
0.00147622
0.00147177
0.00146136
0.00144619
0.00142687
0.00140354
0.00137609
0.00134421
0.00130754
0.00126587
0.00121968
0.00117125
0.00112889
0.00112171
0.0012391
0.00168396
0.00269433
0.00416713
0.00546396
0.00617477
0.0064213
0.00644495
0.00638899
0.00631236
0.00623559
0.00616535
0.00610331
0.00604921
0.00600191
0.00595998
0.00592191
0.00588628
0.00585179
0.00581756
0.00578322
0.00574925
0.00571756
0.00569242
0.00568204
0.00570096
0.00577339
0.00593699
0.00624512
0.00676251
0.00754643
0.0086102
0.00989041
0.011254
0.012551
0.0136714
0.0145634
0.0152234
0.0156775
0.0159637
0.0161215
0.0161858
0.0161846
0.0161388
0.0160629
0.0159662
0.0158535
0.015726
0.0155824
0.0154195
0.0152334
0.0150197
0.0147752
0.0144996
0.0141993
0.0138947
0.0136384
0.0135568
0.0139007
0.0149427
0.0165503
0.0179817
0.0187631
0.0190242
0.019033
0.0189503
0.0188434
0.0187369
0.0186392
0.0185529
0.018478
0.0184133
0.0183574
0.0183085
0.0182651
0.0182258
0.01819
0.0181574
0.0181292
0.0181082
0.0181001
0.0181156
0.0181722
0.0182986
0.0185376
0.0189479
0.0195972
0.0205407
0.0217821
0.0232434
0.0247806
0.0262376
0.0275043
0.0285302
0.0293116
0.0298729
0.03025
0.0304809
0.0305999
0.0306361
0.030613
0.0305486
0.030457
0.0303484
0.0302302
0.0301075
0.0299834
0.0298597
0.0297368
0.0296139
0.0294892
0.0293599
0.0292225
0.0290727
0.0289058
0.0287192
0.0285136
0.0282998
0.0280975
0.02792
0.0277725
0.0276534
0.0275579
2.4755e-06
2.46996e-06
2.45971e-06
2.44372e-06
2.42097e-06
2.39141e-06
2.35677e-06
2.3219e-06
2.28982e-06
2.26108e-06
2.23575e-06
2.21324e-06
2.19307e-06
2.17463e-06
2.15749e-06
2.1412e-06
2.12544e-06
2.10987e-06
2.09426e-06
2.07846e-06
2.06239e-06
2.04604e-06
2.02956e-06
2.01333e-06
1.99814e-06
1.98545e-06
1.97789e-06
1.98015e-06
2.00053e-06
2.05363e-06
2.16457e-06
2.3747e-06
2.74705e-06
3.36257e-06
4.29331e-06
5.55076e-06
7.05599e-06
8.66708e-06
1.02464e-05
1.16944e-05
1.29549e-05
1.40068e-05
1.48517e-05
1.55041e-05
1.59842e-05
1.63129e-05
1.65108e-05
1.65963e-05
1.65853e-05
1.64906e-05
1.63214e-05
1.60834e-05
1.57802e-05
1.54131e-05
1.49825e-05
1.44898e-05
1.39434e-05
1.33859e-05
1.3028e-05
1.38876e-05
1.99833e-05
4.24821e-05
9.72431e-05
0.000180238
0.000249398
0.000282919
0.000292303
0.000291803
0.000288329
0.000284268
0.000280323
0.00027669
0.000273393
0.000270399
0.000267654
0.000265096
0.000262669
0.000260323
0.000258006
0.000255689
0.000253368
0.000251077
0.000248913
0.000247085
0.000245997
0.000246404
0.000249665
0.000258142
0.000275718
0.000308214
0.000362812
0.000445248
0.000555009
0.000683189
0.000816027
0.000941397
0.00105153
0.00114297
0.00121537
0.00127014
0.00130955
0.00133605
0.00135195
0.00135928
0.00135971
0.00135453
0.00134471
0.00133087
0.00131331
0.00129216
0.00126737
0.00123879
0.0012063
0.00117007
0.00113135
0.00109536
0.00108436
0.00118051
0.00160634
0.00267259
0.00429455
0.00564353
0.0062994
0.00649008
0.00649202
0.00643768
0.00637185
0.0063074
0.00624783
0.00619371
0.00614458
0.00609963
0.00605802
0.00601896
0.00598182
0.00594605
0.00591155
0.00587884
0.00584924
0.0058254
0.00581212
0.00581751
0.00585509
0.00594648
0.00612485
0.00643718
0.0069416
0.00768987
0.00869008
0.00987217
0.0111016
0.0122435
0.0132148
0.0139868
0.0145669
0.0149805
0.0152585
0.0154306
0.0155222
0.0155538
0.0155411
0.0154957
0.0154256
0.0153362
0.0152302
0.015108
0.0149692
0.0148122
0.0146348
0.014435
0.014212
0.0139692
0.0137195
0.0135027
0.0134321
0.0137793
0.0149001
0.0166853
0.0181813
0.0189056
0.0191083
0.0190973
0.0190214
0.0189323
0.0188454
0.0187654
0.0186932
0.0186284
0.0185703
0.0185178
0.0184703
0.018427
0.0183875
0.0183519
0.018321
0.018297
0.0182834
0.0182864
0.0183162
0.0183893
0.0185312
0.0187799
0.0191872
0.0198149
0.0207133
0.0218811
0.0232333
0.024623
0.0259079
0.0270056
0.0278896
0.0285693
0.0290712
0.0294264
0.0296647
0.0298121
0.0298897
0.0299146
0.0299002
0.0298571
0.0297933
0.029715
0.0296265
0.029531
0.0294304
0.0293258
0.0292171
0.0291035
0.0289835
0.0288547
0.0287142
0.0285583
0.0283851
0.0281946
0.0279991
0.0278236
0.0276787
0.027565
0.0274776
0.0274098
2.48956e-06
2.48921e-06
2.48517e-06
2.47656e-06
2.46215e-06
2.44137e-06
2.41516e-06
2.38906e-06
2.36596e-06
2.34551e-06
2.32771e-06
2.31182e-06
2.29749e-06
2.28419e-06
2.27161e-06
2.25942e-06
2.24737e-06
2.23525e-06
2.22294e-06
2.21035e-06
2.19754e-06
2.18463e-06
2.17192e-06
2.16001e-06
2.14993e-06
2.14345e-06
2.1435e-06
2.15495e-06
2.18603e-06
2.25062e-06
2.37181e-06
2.58663e-06
2.95116e-06
3.53475e-06
4.39249e-06
5.50809e-06
6.78016e-06
8.07318e-06
9.28751e-06
1.03703e-05
1.13021e-05
1.20842e-05
1.27269e-05
1.32439e-05
1.36497e-05
1.39561e-05
1.41749e-05
1.43157e-05
1.4387e-05
1.43965e-05
1.435e-05
1.42514e-05
1.41026e-05
1.39046e-05
1.36569e-05
1.33599e-05
1.30151e-05
1.26406e-05
1.23491e-05
1.28449e-05
1.76085e-05
3.84758e-05
9.57437e-05
0.00018757
0.00025871
0.000288842
0.000295754
0.000294904
0.0002922
0.000289259
0.000286443
0.000283831
0.000281407
0.000279136
0.000276976
0.000274891
0.000272853
0.000270845
0.000268849
0.000266869
0.00026494
0.000263138
0.000261607
0.000260598
0.00026055
0.000262216
0.00026688
0.000276688
0.000295056
0.000327084
0.000378855
0.000454685
0.000551965
0.000660479
0.000767801
0.000865473
0.000949608
0.00101935
0.00107554
0.00111962
0.00115331
0.00117819
0.00119563
0.00120681
0.00121274
0.00121419
0.00121181
0.0012061
0.00119735
0.0011857
0.0011712
0.00115378
0.00113337
0.00110992
0.00108397
0.00105826
0.0010481
0.00112421
0.00152191
0.00263933
0.00443484
0.00582189
0.00641104
0.00655187
0.00654423
0.0065015
0.00645403
0.00640855
0.00636645
0.00632763
0.00629158
0.00625776
0.00622569
0.00619503
0.00616573
0.00613777
0.00611154
0.00608804
0.006069
0.00605733
0.00605777
0.00607782
0.00612943
0.00623124
0.00641146
0.00671001
0.00717782
0.00786007
0.00876044
0.00980173
0.0108511
0.011795
0.0125807
0.0132021
0.0136754
0.0140252
0.0142752
0.0144469
0.0145576
0.0146208
0.014647
0.0146442
0.0146185
0.0145742
0.0145142
0.0144399
0.0143521
0.0142503
0.0141336
0.0140008
0.0138508
0.0136848
0.0135091
0.0133504
0.0133029
0.0136496
0.014846
0.016836
0.0183803
0.0190348
0.0191864
0.01917
0.0191133
0.0190514
0.0189924
0.0189384
0.0188894
0.0188448
0.0188041
0.0187667
0.0187322
0.0187006
0.0186722
0.0186474
0.0186278
0.0186156
0.0186145
0.0186306
0.0186731
0.0187565
0.0189026
0.0191441
0.0195256
0.0201022
0.0209187
0.0219703
0.0231645
0.0243538
0.025418
0.0263056
0.027014
0.0275633
0.0279804
0.0282907
0.0285167
0.0286765
0.028784
0.0288505
0.0288849
0.0288941
0.0288838
0.0288584
0.028821
0.028774
0.0287192
0.0286577
0.0285899
0.0285155
0.0284338
0.028343
0.0282417
0.0281259
0.0279949
0.0278448
0.0276886
0.0275567
0.0274548
0.0273803
0.0273258
0.0272845
0.0284743
0.0284461
0.0284197
0.0283951
0.028372
0.0283503
0.02833
0.0283109
0.028293
0.0282763
0.0282606
0.0282459
0.0282322
0.0282195
0.0282077
0.0281969
0.0281869
0.0281778
0.0281695
0.028162
0.0281553
0.0281494
0.0281441
0.0281395
0.0281354
0.028132
0.028129
0.0281265
0.0281244
0.0281226
0.0281211
0.0281199
0.0281188
0.0281179
0.0281171
0.0281165
0.028116
0.0281156
0.0281153
0.0281153
0.028215
0.0281913
0.0281687
0.0281472
0.0281265
0.0281067
0.0280875
0.0280691
0.0280512
0.028034
0.0280173
0.0280012
0.0279856
0.0279705
0.027956
0.0279421
0.0279287
0.0279159
0.0279036
0.0278918
0.0278806
0.02787
0.0278599
0.0278503
0.0278412
0.0278327
0.0278246
0.0278169
0.0278097
0.027803
0.0277966
0.0277907
0.0277852
0.0277801
0.0277755
0.0277714
0.0277679
0.0277651
0.0277631
0.0277621
0.0280575
0.0280377
0.0280185
0.0279995
0.0279809
0.0279625
0.0279442
0.0279261
0.0279081
0.0278903
0.0278725
0.0278549
0.0278374
0.02782
0.0278029
0.027786
0.0277693
0.0277529
0.0277368
0.027721
0.0277056
0.0276905
0.0276759
0.0276616
0.0276477
0.0276343
0.0276213
0.0276087
0.0275966
0.027585
0.027574
0.0275635
0.0275536
0.0275443
0.0275359
0.0275284
0.0275219
0.0275166
0.0275129
0.0275108
0.0279764
0.0279599
0.0279433
0.0279264
0.0279093
0.0278918
0.0278741
0.027856
0.0278376
0.0278189
0.0278
0.0277808
0.0277614
0.0277418
0.0277222
0.0277025
0.0276827
0.0276631
0.0276434
0.027624
0.0276047
0.0275855
0.0275667
0.0275481
0.0275298
0.0275119
0.0274944
0.0274773
0.0274607
0.0274447
0.0274292
0.0274143
0.0274003
0.0273871
0.027375
0.0273641
0.0273547
0.027347
0.0273415
0.0273384
0.0279504
0.0279363
0.0279215
0.027906
0.0278898
0.0278729
0.0278552
0.0278369
0.0278178
0.0277981
0.0277778
0.027757
0.0277357
0.0277141
0.027692
0.0276697
0.0276472
0.0276245
0.0276018
0.0275789
0.0275562
0.0275335
0.0275109
0.0274885
0.0274663
0.0274444
0.0274229
0.0274017
0.0273811
0.0273609
0.0273415
0.0273227
0.0273048
0.027288
0.0272725
0.0272584
0.0272462
0.0272362
0.0272289
0.0272248
0.0279618
0.0279493
0.0279358
0.0279211
0.0279053
0.0278883
0.0278703
0.0278513
0.0278314
0.0278105
0.0277888
0.0277663
0.0277431
0.0277194
0.0276951
0.0276704
0.0276453
0.02762
0.0275944
0.0275686
0.0275428
0.0275169
0.0274911
0.0274654
0.0274398
0.0274145
0.0273894
0.0273647
0.0273405
0.0273168
0.0272938
0.0272715
0.0272502
0.0272301
0.0272114
0.0271945
0.0271796
0.0271674
0.0271585
0.0271534
0.0279974
0.0279859
0.0279728
0.0279583
0.0279424
0.027925
0.0279063
0.0278864
0.0278652
0.027843
0.0278197
0.0277955
0.0277705
0.0277448
0.0277184
0.0276914
0.027664
0.0276362
0.0276081
0.0275797
0.0275512
0.0275226
0.027494
0.0274654
0.0274369
0.0274086
0.0273806
0.0273529
0.0273256
0.0272988
0.0272727
0.0272474
0.0272231
0.0272
0.0271785
0.0271589
0.0271417
0.0271274
0.0271169
0.0271109
0.0280473
0.0280361
0.028023
0.0280082
0.0279917
0.0279735
0.0279538
0.0279326
0.0279101
0.0278863
0.0278613
0.0278353
0.0278084
0.0277807
0.0277523
0.0277232
0.0276936
0.0276636
0.0276332
0.0276025
0.0275717
0.0275407
0.0275097
0.0274786
0.0274477
0.0274169
0.0273863
0.027356
0.0273261
0.0272967
0.027268
0.02724
0.0272131
0.0271875
0.0271635
0.0271415
0.0271221
0.027106
0.027094
0.0270872
0.0281046
0.0280932
0.0280797
0.0280641
0.0280466
0.0280273
0.0280063
0.0279836
0.0279594
0.0279339
0.0279071
0.0278793
0.0278504
0.0278207
0.0277903
0.0277592
0.0277275
0.0276955
0.027663
0.0276303
0.0275974
0.0275643
0.0275312
0.0274981
0.0274651
0.0274321
0.0273994
0.0273669
0.0273349
0.0273033
0.0272723
0.0272421
0.0272129
0.0271851
0.0271589
0.0271348
0.0271135
0.0270956
0.0270822
0.0270746
0.0281649
0.0281528
0.0281384
0.0281217
0.0281029
0.0280821
0.0280594
0.028035
0.028009
0.0279816
0.0279529
0.0279231
0.0278922
0.0278605
0.0278281
0.027795
0.0277614
0.0277274
0.0276931
0.0276585
0.0276237
0.0275888
0.0275539
0.027519
0.0274841
0.0274494
0.0274149
0.0273806
0.0273467
0.0273132
0.0272804
0.0272483
0.0272172
0.0271874
0.0271593
0.0271334
0.0271103
0.0270909
0.0270762
0.0270678
0.0282251
0.028212
0.0281963
0.0281782
0.0281577
0.0281352
0.0281106
0.0280842
0.0280562
0.0280267
0.0279959
0.027964
0.0279311
0.0278974
0.0278629
0.0278279
0.0277924
0.0277565
0.0277204
0.0276841
0.0276476
0.0276111
0.0275746
0.0275381
0.0275017
0.0274655
0.0274294
0.0273937
0.0273582
0.0273232
0.0272888
0.0272551
0.0272224
0.027191
0.0271612
0.0271336
0.027109
0.0270881
0.0270723
0.0270631
0.0282834
0.0282689
0.0282517
0.0282318
0.0282094
0.0281848
0.0281581
0.0281295
0.0280992
0.0280675
0.0280345
0.0280004
0.0279653
0.0279295
0.027893
0.027856
0.0278187
0.027781
0.0277432
0.0277053
0.0276673
0.0276293
0.0275914
0.0275535
0.0275158
0.0274783
0.027441
0.027404
0.0273672
0.027331
0.0272952
0.0272602
0.0272261
0.0271933
0.0271621
0.0271331
0.027107
0.0270849
0.027068
0.0270581
0.0283389
0.0283227
0.0283035
0.0282815
0.0282569
0.0282299
0.0282008
0.0281698
0.0281371
0.0281029
0.0280675
0.028031
0.0279938
0.0279558
0.0279173
0.0278784
0.0278392
0.0277999
0.0277604
0.027721
0.0276816
0.0276423
0.0276031
0.0275641
0.0275253
0.0274867
0.0274483
0.0274102
0.0273725
0.0273351
0.0272983
0.0272622
0.0272269
0.0271929
0.0271604
0.0271302
0.0271029
0.0270796
0.0270618
0.0270512
0.0283909
0.0283726
0.0283511
0.0283266
0.0282994
0.0282698
0.028238
0.0282043
0.0281689
0.0281321
0.0280942
0.0280553
0.0280157
0.0279756
0.0279351
0.0278943
0.0278533
0.0278124
0.0277714
0.0277306
0.0276899
0.0276495
0.0276092
0.0275692
0.0275294
0.0274899
0.0274507
0.0274117
0.0273731
0.0273349
0.0272972
0.0272602
0.0272239
0.0271889
0.0271554
0.027124
0.0270957
0.0270714
0.0270526
0.0270415
0.028439
0.0284182
0.0283939
0.0283666
0.0283364
0.0283038
0.028269
0.0282324
0.0281941
0.0281546
0.028114
0.0280727
0.0280308
0.0279884
0.0279459
0.0279032
0.0278606
0.0278181
0.0277758
0.0277338
0.027692
0.0276505
0.0276093
0.0275685
0.0275279
0.0274877
0.0274478
0.0274081
0.0273689
0.02733
0.0272916
0.0272538
0.0272168
0.0271809
0.0271465
0.0271142
0.0270849
0.0270597
0.0270401
0.0270284
0.0284827
0.0284588
0.0284314
0.0284008
0.0283673
0.0283314
0.0282933
0.0282535
0.0282122
0.0281698
0.0281265
0.0280826
0.0280383
0.0279939
0.0279494
0.027905
0.0278609
0.027817
0.0277735
0.0277303
0.0276876
0.0276453
0.0276034
0.0275619
0.0275207
0.02748
0.0274395
0.0273994
0.0273596
0.0273202
0.0272813
0.0272429
0.0272052
0.0271686
0.0271335
0.0271004
0.0270703
0.0270443
0.027024
0.0270118
0.0285215
0.028494
0.0284629
0.0284285
0.0283914
0.0283518
0.0283102
0.0282669
0.0282225
0.0281771
0.0281311
0.0280847
0.0280381
0.0279917
0.0279454
0.0278994
0.0278539
0.0278088
0.0277643
0.0277203
0.0276768
0.0276339
0.0275914
0.0275495
0.0275079
0.0274668
0.027426
0.0273856
0.0273455
0.0273057
0.0272663
0.0272275
0.0271893
0.0271522
0.0271164
0.0270826
0.0270518
0.0270251
0.0270042
0.0269916
0.0285546
0.0285229
0.0284876
0.028449
0.0284077
0.0283642
0.0283188
0.0282721
0.0282243
0.028176
0.0281273
0.0280785
0.0280298
0.0279815
0.0279336
0.0278863
0.0278396
0.0277936
0.0277483
0.0277037
0.0276597
0.0276164
0.0275736
0.0275314
0.0274897
0.0274484
0.0274074
0.0273668
0.0273265
0.0272865
0.0272469
0.0272077
0.0271692
0.0271315
0.0270953
0.0270609
0.0270295
0.0270022
0.0269808
0.0269678
0.0285809
0.0285445
0.0285044
0.0284611
0.0284154
0.0283677
0.0283184
0.0282681
0.0282171
0.0281659
0.0281146
0.0280636
0.0280131
0.0279632
0.027914
0.0278656
0.0278181
0.0277715
0.0277257
0.0276807
0.0276365
0.0275931
0.0275503
0.027508
0.0274663
0.027425
0.027384
0.0273434
0.027303
0.0272629
0.0272231
0.0271837
0.0271449
0.0271069
0.0270702
0.0270355
0.0270035
0.0269757
0.0269539
0.0269406
0.0285993
0.0285574
0.028512
0.0284637
0.0284133
0.0283612
0.028308
0.0282542
0.0282002
0.0281462
0.0280927
0.0280399
0.0279878
0.0279367
0.0278866
0.0278375
0.0277895
0.0277426
0.0276967
0.0276517
0.0276076
0.0275643
0.0275216
0.0274796
0.027438
0.0273969
0.0273561
0.0273156
0.0272753
0.0272352
0.0271954
0.0271558
0.0271168
0.0270785
0.0270415
0.0270063
0.026974
0.0269458
0.0269236
0.0269101
0.0286079
0.02856
0.0285089
0.0284554
0.0284001
0.0283437
0.0282867
0.0282297
0.0281729
0.0281167
0.0280613
0.028007
0.0279539
0.027902
0.0278514
0.0278021
0.0277541
0.0277073
0.0276616
0.027617
0.0275732
0.0275303
0.0274881
0.0274465
0.0274054
0.0273646
0.0273241
0.0272838
0.0272437
0.0272037
0.0271638
0.0271242
0.027085
0.0270466
0.0270093
0.0269738
0.0269411
0.0269126
0.0268902
0.0268765
0.0286048
0.0285505
0.0284934
0.0284346
0.0283746
0.0283142
0.0282538
0.0281939
0.0281348
0.0280769
0.0280202
0.0279651
0.0279115
0.0278594
0.0278089
0.0277599
0.0277123
0.027666
0.027621
0.027577
0.027534
0.0274918
0.0274502
0.0274092
0.0273687
0.0273284
0.0272883
0.0272484
0.0272084
0.0271686
0.0271288
0.0270891
0.0270499
0.0270112
0.0269737
0.026938
0.0269051
0.0268763
0.0268537
0.02684
0.0285878
0.0285268
0.0284639
0.0283999
0.0283357
0.0282717
0.0282085
0.0281464
0.0280858
0.0280269
0.0279697
0.0279144
0.027861
0.0278094
0.0277595
0.0277113
0.0276647
0.0276194
0.0275754
0.0275324
0.0274904
0.0274491
0.0274085
0.0273683
0.0273284
0.0272887
0.0272492
0.0272096
0.0271699
0.0271303
0.0270905
0.0270509
0.0270115
0.0269727
0.026935
0.0268991
0.026866
0.0268372
0.0268145
0.0268007
0.0285545
0.028487
0.0284186
0.0283502
0.0282824
0.0282157
0.0281505
0.0280873
0.028026
0.027967
0.0279102
0.0278556
0.0278031
0.0277526
0.0277041
0.0276572
0.027612
0.0275681
0.0275255
0.0274839
0.0274431
0.027403
0.0273634
0.0273241
0.0272851
0.0272461
0.027207
0.0271678
0.0271285
0.027089
0.0270493
0.0270096
0.0269702
0.0269313
0.0268934
0.0268574
0.0268242
0.0267953
0.0267727
0.0267589
0.0285026
0.0284294
0.0283565
0.0282846
0.0282143
0.0281461
0.0280802
0.0280169
0.0279562
0.0278981
0.0278425
0.0277895
0.0277387
0.0276901
0.0276435
0.0275985
0.0275552
0.0275131
0.0274722
0.0274321
0.0273928
0.027354
0.0273156
0.0272773
0.0272391
0.0272008
0.0271623
0.0271235
0.0270844
0.027045
0.0270054
0.0269657
0.0269261
0.0268871
0.0268492
0.0268131
0.0267799
0.0267511
0.0267285
0.0267149
0.0284305
0.0283528
0.0282768
0.0282029
0.0281318
0.0280635
0.0279984
0.0279363
0.0278773
0.0278213
0.0277681
0.0277174
0.0276692
0.0276231
0.0275789
0.0275363
0.0274952
0.0274552
0.0274162
0.027378
0.0273402
0.0273028
0.0272656
0.0272283
0.0271909
0.0271533
0.0271152
0.0270768
0.0270379
0.0269986
0.0269589
0.0269192
0.0268795
0.0268404
0.0268024
0.0267663
0.0267333
0.0267046
0.0266823
0.026669
0.0283374
0.0282572
0.02818
0.0281062
0.0280359
0.0279694
0.0279065
0.0278472
0.0277912
0.0277384
0.0276884
0.027641
0.027596
0.0275529
0.0275116
0.0274718
0.0274332
0.0273955
0.0273586
0.0273221
0.027286
0.02725
0.0272139
0.0271776
0.0271409
0.0271038
0.0270662
0.027028
0.0269892
0.0269499
0.0269102
0.0268703
0.0268306
0.0267914
0.0267534
0.0267175
0.0266846
0.0266563
0.0266344
0.0266214
0.0282238
0.0281436
0.0280677
0.0279962
0.027929
0.027866
0.0278071
0.0277519
0.0277001
0.0276514
0.0276055
0.0275621
0.0275207
0.0274811
0.027443
0.0274061
0.0273701
0.0273348
0.0273
0.0272653
0.0272307
0.027196
0.0271609
0.0271255
0.0270894
0.0270527
0.0270154
0.0269773
0.0269385
0.0268992
0.0268594
0.0268194
0.0267796
0.0267404
0.0267026
0.0266668
0.0266343
0.0266065
0.0265851
0.0265725
0.0280921
0.0280149
0.027943
0.0278761
0.0278141
0.0277565
0.0277029
0.0276531
0.0276065
0.0275628
0.0275216
0.0274825
0.0274452
0.0274093
0.0273745
0.0273405
0.0273071
0.0272741
0.0272412
0.0272082
0.0271749
0.0271413
0.0271071
0.0270722
0.0270366
0.0270002
0.026963
0.0269249
0.0268861
0.0268466
0.0268067
0.0267667
0.0267268
0.0266878
0.0266501
0.0266148
0.0265829
0.0265557
0.026535
0.026523
0.0279467
0.0278755
0.0278103
0.0277504
0.0276953
0.0276445
0.0275976
0.027554
0.0275133
0.0274751
0.0274388
0.0274043
0.027371
0.0273387
0.0273071
0.0272759
0.0272449
0.0272139
0.0271827
0.0271511
0.027119
0.0270862
0.0270526
0.0270182
0.0269828
0.0269465
0.0269093
0.0268711
0.0268321
0.0267925
0.0267525
0.0267125
0.0266727
0.0266339
0.0265967
0.026562
0.0265308
0.0265045
0.0264847
0.0264733
0.0277936
0.0277314
0.0276751
0.027624
0.0275772
0.0275343
0.0274947
0.0274578
0.0274232
0.0273905
0.0273592
0.027329
0.0272995
0.0272706
0.0272419
0.0272132
0.0271842
0.0271549
0.0271251
0.0270945
0.0270632
0.027031
0.0269977
0.0269635
0.0269282
0.0268918
0.0268544
0.0268161
0.026777
0.0267373
0.0266972
0.0266573
0.0266178
0.0265794
0.0265429
0.026509
0.0264788
0.0264536
0.0264348
0.0264241
0.0276405
0.0275894
0.0275437
0.0275023
0.0274645
0.0274298
0.0273976
0.0273673
0.0273386
0.0273111
0.0272843
0.027258
0.027232
0.0272059
0.0271795
0.0271528
0.0271255
0.0270974
0.0270685
0.0270387
0.0270078
0.0269758
0.0269427
0.0269084
0.026873
0.0268364
0.0267988
0.0267603
0.0267211
0.0266814
0.0266415
0.0266018
0.0265628
0.0265251
0.0264895
0.0264567
0.0264277
0.0264038
0.0263861
0.0263763
0.0274956
0.0274566
0.0274218
0.0273903
0.0273614
0.0273345
0.0273091
0.0272849
0.0272614
0.0272383
0.0272153
0.0271923
0.0271689
0.0271451
0.0271205
0.0270952
0.027069
0.0270417
0.0270133
0.0269838
0.026953
0.026921
0.0268878
0.0268533
0.0268177
0.0267809
0.0267431
0.0267045
0.0266653
0.0266257
0.0265861
0.026547
0.0265087
0.026472
0.0264375
0.026406
0.0263785
0.026356
0.0263397
0.0263307
0.0273662
0.027339
0.0273145
0.027292
0.0272709
0.0272507
0.0272311
0.0272118
0.0271925
0.027173
0.027153
0.0271323
0.0271109
0.0270885
0.0270651
0.0270406
0.027015
0.026988
0.0269598
0.0269302
0.0268994
0.0268672
0.0268337
0.0267989
0.026763
0.026726
0.0266882
0.0266496
0.0266105
0.0265713
0.0265323
0.0264939
0.0264567
0.0264212
0.0263881
0.0263582
0.0263324
0.0263114
0.0262964
0.0262883
0.0272578
0.0272407
0.0272248
0.0272096
0.0271947
0.0271797
0.0271645
0.0271489
0.0271325
0.0271154
0.0270973
0.0270782
0.0270579
0.0270364
0.0270136
0.0269895
0.0269639
0.026937
0.0269086
0.0268788
0.0268476
0.0268151
0.0267813
0.0267463
0.0267102
0.0266732
0.0266354
0.026597
0.0265583
0.0265197
0.0264815
0.0264442
0.0264082
0.0263742
0.0263427
0.0263146
0.0262904
0.0262711
0.0262575
0.0262502
6.20151e-09
2.12051e-08
3.94526e-08
6.15859e-08
8.82974e-08
1.20305e-07
1.58331e-07
2.03083e-07
2.55221e-07
3.15333e-07
3.83884e-07
4.61181e-07
5.4732e-07
6.42143e-07
7.45201e-07
8.55729e-07
9.72633e-07
1.09451e-06
1.21966e-06
1.3462e-06
1.47206e-06
1.59517e-06
1.71352e-06
1.82529e-06
1.92895e-06
2.02329e-06
2.10756e-06
2.18141e-06
2.2449e-06
2.29848e-06
2.34285e-06
2.37897e-06
2.4079e-06
2.43073e-06
2.44851e-06
2.46224e-06
2.47275e-06
2.48076e-06
2.48682e-06
2.49132e-06
6.27031e-09
2.14428e-08
3.99001e-08
6.22877e-08
8.9294e-08
1.21625e-07
1.59985e-07
2.05059e-07
2.57484e-07
3.17821e-07
3.86511e-07
4.63839e-07
5.4988e-07
6.44463e-07
7.47136e-07
8.57135e-07
9.73383e-07
1.0945e-06
1.21882e-06
1.3445e-06
1.46953e-06
1.59187e-06
1.70956e-06
1.82082e-06
1.92413e-06
2.01832e-06
2.10261e-06
2.17665e-06
2.24048e-06
2.2945e-06
2.33941e-06
2.3761e-06
2.40561e-06
2.42901e-06
2.44735e-06
2.46158e-06
2.47257e-06
2.48103e-06
2.48751e-06
2.49244e-06
6.34281e-09
2.16938e-08
4.03735e-08
6.30304e-08
9.03469e-08
1.23015e-07
1.6172e-07
2.07124e-07
2.5984e-07
3.20403e-07
3.89231e-07
4.66584e-07
5.52521e-07
6.46859e-07
7.49139e-07
8.58602e-07
9.74185e-07
1.09453e-06
1.21802e-06
1.34283e-06
1.46701e-06
1.58857e-06
1.70558e-06
1.81631e-06
1.91926e-06
2.01327e-06
2.09757e-06
2.17178e-06
2.23593e-06
2.29039e-06
2.33582e-06
2.37308e-06
2.40317e-06
2.42714e-06
2.44603e-06
2.46077e-06
2.47224e-06
2.48113e-06
2.48804e-06
2.49339e-06
6.41915e-09
2.19586e-08
4.08741e-08
6.38154e-08
9.14571e-08
1.24475e-07
1.63535e-07
2.09275e-07
2.62284e-07
3.23073e-07
3.92035e-07
4.6941e-07
5.55238e-07
6.49324e-07
7.51204e-07
8.60125e-07
9.75038e-07
1.09461e-06
1.21726e-06
1.34119e-06
1.46452e-06
1.58528e-06
1.70161e-06
1.81179e-06
1.91436e-06
2.00818e-06
2.09246e-06
2.16683e-06
2.23129e-06
2.28617e-06
2.33211e-06
2.36992e-06
2.40059e-06
2.42513e-06
2.44456e-06
2.45981e-06
2.47175e-06
2.48108e-06
2.4884e-06
2.49415e-06
6.4995e-09
2.2238e-08
4.14029e-08
6.46441e-08
9.26254e-08
1.26005e-07
1.65427e-07
2.11507e-07
2.6481e-07
3.25823e-07
3.94915e-07
4.72306e-07
5.58019e-07
6.51848e-07
7.53325e-07
8.61701e-07
9.75941e-07
1.09474e-06
1.21654e-06
1.3396e-06
1.46206e-06
1.58202e-06
1.69766e-06
1.80728e-06
1.90946e-06
2.00306e-06
2.08731e-06
2.16182e-06
2.22657e-06
2.28186e-06
2.32829e-06
2.36665e-06
2.39788e-06
2.42299e-06
2.44295e-06
2.45871e-06
2.47111e-06
2.48087e-06
2.4886e-06
2.49474e-06
6.58409e-09
2.25327e-08
4.19613e-08
6.55172e-08
9.38515e-08
1.27603e-07
1.67393e-07
2.13814e-07
2.67409e-07
3.28641e-07
3.97859e-07
4.7526e-07
5.60853e-07
6.54421e-07
7.55492e-07
8.63321e-07
9.7689e-07
1.09491e-06
1.21587e-06
1.33806e-06
1.45965e-06
1.57881e-06
1.69375e-06
1.8028e-06
1.90457e-06
1.99795e-06
2.08215e-06
2.15678e-06
2.22179e-06
2.27747e-06
2.32437e-06
2.36327e-06
2.39506e-06
2.42072e-06
2.44121e-06
2.45747e-06
2.47033e-06
2.48051e-06
2.48863e-06
2.49515e-06
6.67317e-09
2.28436e-08
4.25503e-08
6.64355e-08
9.51342e-08
1.29264e-07
1.69425e-07
2.16186e-07
2.70069e-07
3.31515e-07
4.00851e-07
4.78257e-07
5.63725e-07
6.57029e-07
7.57693e-07
8.64979e-07
9.77879e-07
1.09513e-06
1.21525e-06
1.33657e-06
1.45731e-06
1.57567e-06
1.6899e-06
1.79838e-06
1.89973e-06
1.99286e-06
2.07699e-06
2.15172e-06
2.21698e-06
2.27303e-06
2.32039e-06
2.3598e-06
2.39214e-06
2.41834e-06
2.43935e-06
2.4561e-06
2.46941e-06
2.48001e-06
2.48851e-06
2.49539e-06
6.76704e-09
2.31714e-08
4.31708e-08
6.73986e-08
9.6471e-08
1.30984e-07
1.71514e-07
2.18612e-07
2.72776e-07
3.34427e-07
4.03873e-07
4.81277e-07
5.66617e-07
6.59655e-07
7.59915e-07
8.66662e-07
9.78904e-07
1.0954e-06
1.21469e-06
1.33515e-06
1.45505e-06
1.57261e-06
1.68613e-06
1.79404e-06
1.89497e-06
1.98784e-06
2.07188e-06
2.14669e-06
2.21218e-06
2.26857e-06
2.31637e-06
2.35628e-06
2.38914e-06
2.41587e-06
2.43739e-06
2.45462e-06
2.46837e-06
2.47937e-06
2.48824e-06
2.49546e-06
6.86609e-09
2.35172e-08
4.38235e-08
6.84055e-08
9.78578e-08
1.32753e-07
1.7365e-07
2.21075e-07
2.75511e-07
3.37357e-07
4.06906e-07
4.84301e-07
5.69508e-07
6.62282e-07
7.62142e-07
8.6836e-07
9.79954e-07
1.09571e-06
1.21419e-06
1.33381e-06
1.45287e-06
1.56965e-06
1.68247e-06
1.7898e-06
1.8903e-06
1.98291e-06
2.06685e-06
2.14172e-06
2.20741e-06
2.26413e-06
2.31234e-06
2.35272e-06
2.38609e-06
2.41332e-06
2.43534e-06
2.45303e-06
2.46721e-06
2.4786e-06
2.48783e-06
2.49538e-06
6.97074e-09
2.38819e-08
4.45085e-08
6.94535e-08
9.9288e-08
1.34563e-07
1.75816e-07
2.23558e-07
2.78252e-07
3.40282e-07
4.09922e-07
4.87303e-07
5.72376e-07
6.64888e-07
7.64356e-07
8.70057e-07
9.81022e-07
1.09605e-06
1.21375e-06
1.33255e-06
1.4508e-06
1.56681e-06
1.67895e-06
1.78571e-06
1.88578e-06
1.97811e-06
2.06194e-06
2.13685e-06
2.20272e-06
2.25974e-06
2.30834e-06
2.34917e-06
2.38301e-06
2.41074e-06
2.43323e-06
2.45137e-06
2.46596e-06
2.47772e-06
2.48729e-06
2.49516e-06
2.49551e-06
2.49799e-06
2.49744e-06
2.49319e-06
2.48407e-06
2.46934e-06
2.44951e-06
2.43041e-06
2.41462e-06
2.40118e-06
2.3901e-06
2.38061e-06
2.3725e-06
2.36533e-06
2.35886e-06
2.35281e-06
2.34695e-06
2.34116e-06
2.33538e-06
2.3296e-06
2.32388e-06
2.31838e-06
2.31338e-06
2.30945e-06
2.30759e-06
2.30941e-06
2.31764e-06
2.33671e-06
2.37416e-06
2.44268e-06
2.56349e-06
2.77027e-06
3.11439e-06
3.65669e-06
4.44093e-06
5.43435e-06
6.52745e-06
7.60093e-06
8.58312e-06
9.44872e-06
1.01953e-05
1.08312e-05
1.13675e-05
1.18153e-05
1.21846e-05
1.24825e-05
1.27164e-05
1.28919e-05
1.30143e-05
1.30882e-05
1.31175e-05
1.31044e-05
1.30502e-05
1.29553e-05
1.2819e-05
1.26409e-05
1.24209e-05
1.21688e-05
1.1957e-05
1.23202e-05
1.63341e-05
3.59516e-05
9.44816e-05
0.000192293
0.000264147
0.000291975
0.000297695
0.000296992
0.000295
0.00029292
0.000290976
0.000289207
0.000287592
0.000286101
0.000284702
0.000283369
0.000282078
0.000280806
0.000279559
0.000278351
0.000277222
0.000276251
0.000275575
0.000275433
0.00027623
0.000278659
0.000283894
0.000293893
0.000311734
0.000342052
0.000390144
0.000459412
0.000546037
0.000639487
0.000729066
0.000808789
0.000876964
0.000933869
0.000980683
0.00101865
0.00104909
0.00107308
0.00109151
0.00110517
0.00111469
0.00112061
0.00112336
0.00112333
0.00112073
0.00111566
0.00110816
0.00109818
0.00108564
0.00107047
0.00105293
0.00103473
0.00102739
0.00109305
0.00146895
0.00261238
0.00452533
0.00592605
0.00646958
0.00658571
0.00657871
0.0065472
0.00651375
0.00648255
0.00645434
0.00642887
0.00640572
0.0063845
0.00636487
0.00634658
0.00632946
0.00631383
0.0063002
0.00628952
0.00628341
0.00628444
0.00629679
0.00632693
0.00638521
0.00648784
0.00665968
0.00693605
0.00736366
0.00798298
0.00879572
0.00972174
0.010633
0.0114348
0.0120929
0.0126134
0.0130159
0.0133228
0.0135532
0.0137234
0.0138462
0.013931
0.0139855
0.0140156
0.0140256
0.0140189
0.0139983
0.013965
0.0139195
0.0138617
0.0137909
0.0137064
0.013607
0.0134932
0.0133685
0.0132524
0.0132252
0.0135692
0.0148065
0.0169341
0.0184971
0.0191034
0.0192303
0.0192182
0.0191779
0.0191357
0.0190968
0.0190623
0.0190318
0.0190051
0.0189816
0.018961
0.018943
0.0189274
0.0189147
0.0189057
0.0189015
0.0189044
0.0189175
0.018946
0.0189978
0.0190854
0.0192276
0.0194534
0.0198026
0.0203264
0.0210658
0.022015
0.0230785
0.024113
0.0250181
0.0257613
0.0263534
0.0268179
0.02718
0.0274604
0.0276769
0.0278425
0.0279674
0.0280595
0.0281252
0.0281693
0.0281961
0.0282089
0.0282099
0.028201
0.0281837
0.0281591
0.0281277
0.0280892
0.0280431
0.0279878
0.0279227
0.0278439
0.027751
0.027637
0.0275137
0.0274137
0.0273402
0.027289
0.0272525
0.0272248
2.49725e-06
2.50061e-06
2.50115e-06
2.49826e-06
2.49083e-06
2.47807e-06
2.46042e-06
2.44371e-06
2.43038e-06
2.41931e-06
2.4105e-06
2.4032e-06
2.39723e-06
2.39218e-06
2.38785e-06
2.384e-06
2.38042e-06
2.37702e-06
2.37377e-06
2.37066e-06
2.36778e-06
2.36529e-06
2.3635e-06
2.36298e-06
2.36469e-06
2.37022e-06
2.38218e-06
2.40485e-06
2.44542e-06
2.51607e-06
2.63709e-06
2.84069e-06
3.17607e-06
3.70074e-06
4.4544e-06
5.40014e-06
6.42875e-06
7.42841e-06
8.33668e-06
9.13558e-06
9.82655e-06
1.04193e-05
1.09244e-05
1.13521e-05
1.17111e-05
1.20072e-05
1.22465e-05
1.24335e-05
1.25724e-05
1.26671e-05
1.27207e-05
1.27349e-05
1.27109e-05
1.26489e-05
1.25481e-05
1.2408e-05
1.2228e-05
1.20156e-05
1.18318e-05
1.21608e-05
1.59473e-05
3.51539e-05
9.40645e-05
0.000193821
0.000265854
0.000292936
0.00029831
0.000297682
0.000295934
0.00029414
0.000292485
0.000290999
0.000289659
0.000288437
0.000287306
0.000286242
0.000285224
0.000284239
0.000283294
0.000282405
0.000281615
0.000281002
0.000280701
0.000280947
0.000282126
0.000284904
0.000290405
0.000300495
0.000318113
0.000347683
0.000394205
0.000460754
0.000543233
0.000631251
0.000714841
0.000788813
0.000852045
0.000905069
0.000949096
0.000985285
0.00101481
0.00103861
0.00105745
0.00107197
0.00108271
0.00109012
0.00109459
0.00109643
0.00109584
0.0010929
0.00108768
0.0010801
0.00107011
0.0010576
0.00104279
0.00102707
0.00102083
0.00108345
0.00145219
0.00260351
0.00455461
0.00595872
0.00648746
0.00659637
0.00659008
0.00656241
0.00653361
0.00650714
0.00648356
0.00646258
0.00644384
0.00642698
0.00641172
0.00639787
0.00638536
0.00637453
0.00636589
0.0063604
0.0063596
0.00636597
0.00638344
0.00641811
0.00647967
0.00658338
0.00675267
0.00702104
0.00743319
0.00802773
0.00880575
0.00968753
0.0105488
0.0113021
0.0119185
0.0124074
0.0127885
0.013083
0.0133084
0.0134794
0.0136071
0.0137001
0.0137648
0.0138065
0.0138291
0.0138356
0.0138284
0.0138089
0.0137775
0.0137343
0.0136787
0.01361
0.0135271
0.0134303
0.0133223
0.0132204
0.0132003
0.0135436
0.0147937
0.0169658
0.0185338
0.0191244
0.0192443
0.019234
0.0191993
0.0191636
0.0191313
0.0191032
0.019079
0.0190583
0.0190407
0.0190259
0.0190137
0.0190041
0.0189974
0.0189945
0.0189965
0.0190056
0.0190248
0.0190588
0.0191151
0.0192054
0.0193474
0.0195684
0.0199061
0.02041
0.021119
0.0220276
0.0230408
0.0240191
0.0248697
0.0255659
0.0261216
0.0265603
0.0269064
0.0271788
0.0273934
0.0275621
0.0276934
0.0277947
0.0278712
0.0279274
0.0279669
0.0279927
0.0280069
0.028011
0.0280066
0.0279945
0.0279754
0.027949
0.0279149
0.0278716
0.0278188
0.0277525
0.0276725
0.0275709
0.027459
0.0273695
0.0273051
0.0272611
0.0272301
0.0272065
2.49878e-06
2.50299e-06
2.50455e-06
2.50298e-06
2.4972e-06
2.48642e-06
2.47101e-06
2.45677e-06
2.44597e-06
2.43732e-06
2.43084e-06
2.4258e-06
2.42206e-06
2.41925e-06
2.4172e-06
2.4157e-06
2.41459e-06
2.4138e-06
2.41332e-06
2.41316e-06
2.41343e-06
2.41433e-06
2.41615e-06
2.41948e-06
2.42526e-06
2.43502e-06
2.45129e-06
2.4781e-06
2.52231e-06
2.59546e-06
2.71679e-06
2.91686e-06
3.24234e-06
3.74718e-06
4.46676e-06
5.36096e-06
6.32261e-06
7.24827e-06
8.08463e-06
8.81992e-06
9.45866e-06
1.00111e-05
1.04876e-05
1.08969e-05
1.12467e-05
1.15414e-05
1.17862e-05
1.19844e-05
1.21393e-05
1.22541e-05
1.23313e-05
1.23721e-05
1.23774e-05
1.23473e-05
1.2281e-05
1.21779e-05
1.20367e-05
1.18634e-05
1.17094e-05
1.20126e-05
1.55893e-05
3.43861e-05
9.36488e-05
0.000195331
0.000267492
0.000293838
0.00029891
0.000298381
0.000296884
0.000295379
0.000294017
0.000292819
0.000291763
0.000290823
0.000289976
0.000289202
0.000288484
0.000287816
0.000287208
0.000286677
0.000286268
0.000286061
0.000286186
0.00028687
0.000288483
0.000291656
0.000297454
0.000307643
0.000325004
0.000353721
0.000398476
0.000461999
0.000539996
0.000622369
0.00069994
0.000768293
0.000826788
0.000876146
0.000917567
0.000952114
0.00098082
0.00100448
0.00102373
0.00103911
0.00105106
0.00105995
0.00106611
0.0010698
0.00107119
0.00107037
0.00106739
0.00106217
0.00105468
0.0010448
0.00103267
0.00101944
0.00101447
0.0010744
0.00143603
0.00259468
0.00458353
0.00599006
0.00650419
0.00660668
0.00660154
0.00657786
0.00655374
0.00653204
0.00651314
0.00649678
0.00648261
0.00647033
0.00645972
0.00645064
0.00644313
0.00643752
0.00643435
0.00643454
0.0064396
0.00645186
0.00647502
0.00651474
0.00658006
0.00668516
0.00685196
0.00711192
0.00750742
0.00807502
0.00881505
0.00964919
0.0104583
0.0111623
0.0117377
0.012196
0.0125568
0.0128399
0.013061
0.0132333
0.0133664
0.0134677
0.0135429
0.0135964
0.0136318
0.0136516
0.0136582
0.0136526
0.0136355
0.013607
0.0135665
0.0135136
0.0134472
0.0133673
0.0132759
0.0131883
0.013176
0.0135187
0.0147809
0.0169973
0.018569
0.0191442
0.0192578
0.01925
0.019221
0.0191918
0.0191661
0.0191444
0.0191265
0.019112
0.0191005
0.0190919
0.0190858
0.0190825
0.0190824
0.0190862
0.0190951
0.019111
0.0191368
0.0191771
0.0192386
0.0193322
0.0194743
0.0196906
0.0200164
0.0204988
0.0211751
0.0220392
0.0229981
0.0239178
0.0247131
0.0253629
0.0258833
0.0262978
0.026629
0.0268942
0.0271077
0.0272797
0.0274179
0.0275283
0.0276158
0.0276841
0.0277364
0.0277753
0.0278027
0.0278201
0.0278287
0.0278294
0.0278228
0.0278086
0.0277867
0.0277558
0.0277154
0.027662
0.0275953
0.0275068
0.0274067
0.0273278
0.0272722
0.0272351
0.0272092
0.0271894
2.50012e-06
2.50512e-06
2.50766e-06
2.50733e-06
2.50316e-06
2.49435e-06
2.48125e-06
2.46952e-06
2.46128e-06
2.45509e-06
2.45096e-06
2.44823e-06
2.44679e-06
2.44629e-06
2.44662e-06
2.4476e-06
2.44911e-06
2.4511e-06
2.45359e-06
2.45663e-06
2.46034e-06
2.46493e-06
2.47073e-06
2.47832e-06
2.48863e-06
2.50313e-06
2.52421e-06
2.55571e-06
2.60408e-06
2.68014e-06
2.80196e-06
2.99827e-06
3.31286e-06
3.79585e-06
4.4781e-06
5.31735e-06
6.21034e-06
7.06264e-06
7.82972e-06
8.50495e-06
9.09512e-06
9.61057e-06
1.00608e-05
1.04535e-05
1.0795e-05
1.1089e-05
1.13391e-05
1.15481e-05
1.17185e-05
1.18526e-05
1.19524e-05
1.20188e-05
1.20522e-05
1.20529e-05
1.20197e-05
1.19521e-05
1.18486e-05
1.17135e-05
1.15902e-05
1.18761e-05
1.52641e-05
3.36626e-05
9.32487e-05
0.000196805
0.000269046
0.000294678
0.000299492
0.000299083
0.000297843
0.000296626
0.000295558
0.000294652
0.000293885
0.000293237
0.000292687
0.00029222
0.000291825
0.0002915
0.000291258
0.000291119
0.000291131
0.000291372
0.00029197
0.000293141
0.000295236
0.00029885
0.00030498
0.000315282
0.00033236
0.000360132
0.00040294
0.000463154
0.000536372
0.000612948
0.000684535
0.000747455
0.000801457
0.000847388
0.000886402
0.00091945
0.000947426
0.000970997
0.000990673
0.0010069
0.00102003
0.00103036
0.00103817
0.00104367
0.00104701
0.00104825
0.00104745
0.00104454
0.00103948
0.00103215
0.00102264
0.00101189
0.00100833
0.001066
0.00142075
0.00258617
0.00461174
0.00601973
0.00651969
0.0066166
0.00661302
0.00659343
0.00657399
0.00655703
0.00654285
0.00653116
0.00652167
0.00651414
0.00650839
0.00650435
0.00650215
0.00650212
0.0065048
0.00651112
0.00652251
0.00654116
0.00657052
0.00661581
0.00668535
0.00679221
0.00695666
0.00720799
0.00758588
0.00812462
0.00882367
0.00960714
0.0103625
0.011017
0.0115524
0.0119815
0.0123232
0.0125959
0.0128136
0.0129876
0.0131264
0.0132362
0.0133219
0.0133874
0.0134355
0.0134688
0.0134892
0.0134976
0.0134948
0.0134809
0.0134555
0.0134182
0.0133679
0.0133045
0.0132296
0.0131563
0.0131523
0.0134947
0.0147686
0.0170279
0.0186023
0.0191626
0.0192709
0.0192659
0.0192427
0.01922
0.0192008
0.0191856
0.019174
0.0191658
0.0191606
0.0191582
0.0191587
0.0191621
0.0191689
0.0191798
0.019196
0.0192193
0.0192524
0.0192995
0.0193668
0.0194643
0.0196071
0.0198189
0.0201326
0.0205925
0.0212337
0.0220499
0.0229509
0.0238099
0.0245498
0.0251544
0.0256412
0.0260329
0.0263506
0.0266096
0.0268226
0.0269984
0.0271436
0.0272633
0.0273617
0.027442
0.027507
0.027559
0.0275996
0.0276302
0.0276518
0.0276653
0.0276712
0.0276694
0.0276598
0.0276413
0.0276135
0.0275731
0.02752
0.0274448
0.027357
0.0272886
0.0272416
0.027211
0.0271899
0.0271735
2.50125e-06
2.50701e-06
2.51047e-06
2.51132e-06
2.5087e-06
2.50183e-06
2.49107e-06
2.4819e-06
2.4762e-06
2.47246e-06
2.47069e-06
2.47028e-06
2.47115e-06
2.47302e-06
2.4758e-06
2.47935e-06
2.48358e-06
2.48849e-06
2.49412e-06
2.50054e-06
2.50791e-06
2.51646e-06
2.52655e-06
2.53875e-06
2.55399e-06
2.57367e-06
2.60008e-06
2.6368e-06
2.68984e-06
2.76926e-06
2.89185e-06
3.08431e-06
3.38721e-06
3.84655e-06
4.48846e-06
5.2698e-06
6.09321e-06
6.87368e-06
7.57485e-06
8.19409e-06
8.73962e-06
9.2214e-06
9.64794e-06
1.00258e-05
1.03602e-05
1.06536e-05
1.09091e-05
1.11285e-05
1.13134e-05
1.14659e-05
1.15871e-05
1.16777e-05
1.1738e-05
1.17678e-05
1.17663e-05
1.17325e-05
1.16649e-05
1.15667e-05
1.1475e-05
1.17522e-05
1.49779e-05
3.30046e-05
9.28864e-05
0.000198217
0.000270488
0.000295447
0.000300053
0.000299784
0.000298802
0.000297872
0.000297094
0.000296478
0.000296004
0.000295654
0.00029541
0.000295264
0.000295207
0.000295246
0.000295394
0.000295676
0.000296142
0.000296868
0.00029798
0.000299684
0.000302308
0.000306408
0.000312908
0.000323342
0.000340126
0.000366879
0.000407579
0.000464219
0.000532402
0.000603093
0.000668805
0.000726536
0.000776332
0.000819101
0.000855919
0.000887621
0.000914959
0.000938481
0.000958591
0.000975641
0.000989913
0.00100164
0.00101103
0.00101828
0.00102349
0.00102673
0.00102804
0.00102735
0.00102464
0.00101976
0.00101279
0.00100447
0.00100245
0.00105837
0.00140678
0.00257841
0.00463874
0.00604724
0.00653382
0.00662611
0.00662446
0.00660899
0.00659416
0.00658189
0.00657238
0.00656537
0.00656062
0.00655793
0.00655718
0.00655839
0.00656172
0.00656753
0.00657638
0.00658918
0.00660728
0.00663275
0.00666876
0.00672009
0.00679433
0.00690339
0.00706578
0.00730845
0.00766804
0.0081763
0.00883162
0.00956174
0.0102622
0.0108678
0.0113646
0.0117662
0.0120904
0.0123539
0.0125688
0.0127451
0.0128898
0.0130082
0.0131044
0.0131817
0.0132425
0.0132891
0.0133231
0.0133454
0.0133566
0.0133571
0.0133465
0.0133244
0.0132898
0.0132426
0.0131837
0.0131247
0.0131294
0.0134723
0.0147573
0.0170573
0.0186333
0.0191794
0.0192836
0.0192818
0.0192643
0.019248
0.0192352
0.0192263
0.019221
0.019219
0.0192202
0.0192243
0.0192314
0.0192418
0.0192558
0.0192742
0.0192981
0.0193293
0.0193701
0.0194246
0.0194982
0.0196003
0.0197443
0.019952
0.0202537
0.0206903
0.0212946
0.0220595
0.0228996
0.0236967
0.0243815
0.0249426
0.0253978
0.0257687
0.0260743
0.0263282
0.0265413
0.0267213
0.0268735
0.0270026
0.0271118
0.0272039
0.0272814
0.0273463
0.0273998
0.0274433
0.0274778
0.0275039
0.0275223
0.0275328
0.0275354
0.0275291
0.0275139
0.0274864
0.0274468
0.0273853
0.02731
0.027252
0.0272132
0.0271887
0.027172
0.0271587
2.50219e-06
2.50865e-06
2.51297e-06
2.51494e-06
2.5138e-06
2.50884e-06
2.50044e-06
2.49381e-06
2.49061e-06
2.48927e-06
2.48982e-06
2.49171e-06
2.49489e-06
2.49915e-06
2.5044e-06
2.51055e-06
2.51758e-06
2.52549e-06
2.53435e-06
2.54429e-06
2.55548e-06
2.56819e-06
2.58279e-06
2.59989e-06
2.62038e-06
2.64562e-06
2.67778e-06
2.72017e-06
2.77838e-06
2.86164e-06
2.98535e-06
3.17399e-06
3.46463e-06
3.89883e-06
4.49787e-06
5.21912e-06
5.97301e-06
6.68414e-06
7.32345e-06
7.89119e-06
8.39621e-06
8.84773e-06
9.25316e-06
9.6179e-06
9.946e-06
1.02393e-05
1.04999e-05
1.0729e-05
1.09277e-05
1.10972e-05
1.12386e-05
1.13519e-05
1.14373e-05
1.14946e-05
1.15228e-05
1.15209e-05
1.14873e-05
1.14243e-05
1.13645e-05
1.16423e-05
1.47392e-05
3.24422e-05
9.25935e-05
0.000199527
0.00027178
0.000296134
0.00030059
0.000300478
0.000299752
0.000299102
0.000298609
0.000298279
0.000298096
0.000298044
0.000298112
0.000298293
0.000298587
0.000299003
0.000299559
0.000300283
0.000301227
0.000302468
0.000304128
0.000306401
0.000309595
0.000314221
0.00032113
0.000331724
0.000348212
0.000373892
0.000412354
0.000465199
0.000528153
0.000592956
0.00065298
0.000705823
0.000751733
0.000791624
0.000826466
0.000856972
0.000883763
0.000907271
0.000927813
0.000945655
0.00096101
0.000974056
0.000984962
0.000993872
0.00100087
0.00100602
0.00100933
0.00101077
0.00101028
0.00100774
0.00100318
0.000997247
0.000996898
0.00105169
0.00139469
0.00257204
0.00466377
0.00607185
0.00654634
0.00663512
0.00663574
0.00662437
0.00661404
0.00660636
0.00660143
0.00659905
0.00659901
0.00660117
0.0066055
0.00661205
0.00662104
0.00663286
0.00664808
0.0066676
0.0066927
0.0067253
0.00676832
0.0068261
0.00690548
0.00701718
0.0071779
0.00741207
0.00775299
0.00822955
0.00883891
0.00951368
0.0101589
0.0107167
0.0111769
0.0115529
0.0118614
0.0121168
0.0123298
0.0125087
0.0126594
0.0127863
0.0128929
0.0129817
0.013055
0.0131145
0.0131617
0.0131975
0.0132225
0.013237
0.0132406
0.0132332
0.0132137
0.013182
0.0131386
0.0130937
0.0131077
0.0134521
0.0147475
0.0170845
0.018661
0.0191944
0.0192956
0.0192973
0.0192856
0.0192754
0.0192688
0.0192661
0.019267
0.0192712
0.0192787
0.0192893
0.0193032
0.0193206
0.019342
0.019368
0.0193999
0.0194393
0.0194883
0.0195505
0.0196311
0.0197382
0.019884
0.0200882
0.0203781
0.0207911
0.0213571
0.0220682
0.0228449
0.0235796
0.0242108
0.0247305
0.0251564
0.0255084
0.0258035
0.0260533
0.0262672
0.0264516
0.026611
0.0267492
0.026869
0.0269726
0.0270623
0.0271395
0.0272057
0.0272618
0.0273087
0.0273472
0.0273777
0.0274002
0.0274147
0.0274205
0.0274174
0.0274027
0.0273764
0.0273285
0.0272659
0.0272181
0.0271872
0.0271683
0.0271555
0.0271451
2.50292e-06
2.51005e-06
2.51517e-06
2.51818e-06
2.51845e-06
2.51535e-06
2.50928e-06
2.50516e-06
2.50438e-06
2.50536e-06
2.50815e-06
2.51229e-06
2.51774e-06
2.52434e-06
2.53204e-06
2.5408e-06
2.55063e-06
2.56156e-06
2.57371e-06
2.58722e-06
2.60232e-06
2.61929e-06
2.63856e-06
2.66072e-06
2.68668e-06
2.71775e-06
2.75596e-06
2.80441e-06
2.8682e-06
2.95571e-06
3.08088e-06
3.26584e-06
3.54387e-06
3.95189e-06
4.50639e-06
5.16656e-06
5.85223e-06
6.49745e-06
7.0795e-06
7.60047e-06
8.06919e-06
8.49382e-06
8.88062e-06
9.23386e-06
9.55659e-06
9.84998e-06
1.01154e-05
1.03535e-05
1.05648e-05
1.07501e-05
1.091e-05
1.10443e-05
1.11531e-05
1.12358e-05
1.12916e-05
1.13194e-05
1.13174e-05
1.12876e-05
1.12598e-05
1.15487e-05
1.45596e-05
3.20159e-05
9.24135e-05
0.000200686
0.000272874
0.000296724
0.000301095
0.000301156
0.000300683
0.000300302
0.000300084
0.000300033
0.000300134
0.000300377
0.000300755
0.000301265
0.000301914
0.000302713
0.000303686
0.000304865
0.000306302
0.000308077
0.000310307
0.000313177
0.000316971
0.000322158
0.000329508
0.000340288
0.000356488
0.000381061
0.000417192
0.000466095
0.000523734
0.000582749
0.000637348
0.000685651
0.000728019
0.000765322
0.000798406
0.000827863
0.000854187
0.000877712
0.00089867
0.000917259
0.000933631
0.000947914
0.000960236
0.000970705
0.000979385
0.000986316
0.000991517
0.000994943
0.000996544
0.000996205
0.000993931
0.000990277
0.000991732
0.00104621
0.00138529
0.0025679
0.00468584
0.00609259
0.00655697
0.00664354
0.00664675
0.00663942
0.00663342
0.00663014
0.00662965
0.00663176
0.00663634
0.00664331
0.00665268
0.00666457
0.00667925
0.00669713
0.0067188
0.00674514
0.00677737
0.00681729
0.00686756
0.00693207
0.00701694
0.00713169
0.00729115
0.00751712
0.00783931
0.00828351
0.00884556
0.00946403
0.0100546
0.0105665
0.0109924
0.011345
0.0116393
0.011888
0.0120997
0.0122815
0.0124383
0.0125735
0.01269
0.0127899
0.0128751
0.0129471
0.0130071
0.0130558
0.013094
0.0131218
0.013139
0.0131455
0.0131403
0.0131233
0.0130947
0.0130636
0.0130875
0.0134349
0.0147403
0.0171084
0.0186844
0.0192073
0.0193068
0.0193125
0.0193062
0.019302
0.0193013
0.0193046
0.0193114
0.0193217
0.0193354
0.0193524
0.019373
0.0193974
0.0194262
0.01946
0.0195
0.0195476
0.019605
0.0196753
0.0197631
0.0198758
0.020024
0.0202252
0.0205038
0.0208932
0.0214201
0.0220758
0.022788
0.023461
0.0240405
0.0245216
0.0249207
0.025256
0.0255419
0.0257887
0.0260039
0.0261928
0.0263593
0.0265064
0.0266363
0.026751
0.0268522
0.0269414
0.0270196
0.0270877
0.0271466
0.0271969
0.0272391
0.0272731
0.0272991
0.0273164
0.0273251
0.0273226
0.0273092
0.0272747
0.0272247
0.0271869
0.0271634
0.0271497
0.0271405
0.0271325
2.50347e-06
2.51121e-06
2.51706e-06
2.52104e-06
2.52265e-06
2.52132e-06
2.51754e-06
2.51585e-06
2.51736e-06
2.52055e-06
2.52548e-06
2.53176e-06
2.5394e-06
2.54826e-06
2.55836e-06
2.56967e-06
2.58224e-06
2.59616e-06
2.61156e-06
2.62863e-06
2.64763e-06
2.66889e-06
2.69285e-06
2.72015e-06
2.75167e-06
2.7887e-06
2.83314e-06
2.88787e-06
2.95751e-06
3.04959e-06
3.17654e-06
3.35802e-06
3.62333e-06
4.00471e-06
4.51406e-06
5.11363e-06
5.73366e-06
6.31727e-06
6.8471e-06
7.32618e-06
7.76277e-06
8.16379e-06
8.53431e-06
8.87755e-06
9.19567e-06
9.48927e-06
9.75911e-06
1.00053e-05
1.0228e-05
1.04277e-05
1.06044e-05
1.07579e-05
1.08879e-05
1.0994e-05
1.10749e-05
1.11299e-05
1.1157e-05
1.11582e-05
1.11622e-05
1.14738e-05
1.44511e-05
3.17658e-05
9.23883e-05
0.000201644
0.000273719
0.000297199
0.000301563
0.000301811
0.000301581
0.000301456
0.0003015
0.000301715
0.00030209
0.000302619
0.0003033
0.000304135
0.000305134
0.000306316
0.000307706
0.00030934
0.000311276
0.000313591
0.000316401
0.00031988
0.000324291
0.000330061
0.000337876
0.000348864
0.000364788
0.000388242
0.000422001
0.000466914
0.000519275
0.000572709
0.000622221
0.000666368
0.000705551
0.000740557
0.000772096
0.000800641
0.000826572
0.000850132
0.000871484
0.000890763
0.00090807
0.000923492
0.000937118
0.000949026
0.000959258
0.000967842
0.000974788
0.000980053
0.000983587
0.000985283
0.000985131
0.000983649
0.000987043
0.00104217
0.00137938
0.00256681
0.00470403
0.00610852
0.00656539
0.00665125
0.00665735
0.00665392
0.00665203
0.00665292
0.00665665
0.00666307
0.00667211
0.00668373
0.00669802
0.00671514
0.00673541
0.00675928
0.00678734
0.00682046
0.00685982
0.00690707
0.00696464
0.00703602
0.00712661
0.00724471
0.00740333
0.00762154
0.00792528
0.00833709
0.00885159
0.00941412
0.0099517
0.0104201
0.0108143
0.0111459
0.0114278
0.0116707
0.0118818
0.0120667
0.0122293
0.0123724
0.0124984
0.0126088
0.0127053
0.012789
0.012861
0.012922
0.0129725
0.0130128
0.0130428
0.0130623
0.0130706
0.0130673
0.0130526
0.0130348
0.0130692
0.0134217
0.0147367
0.0171279
0.0187023
0.0192176
0.0193171
0.0193269
0.0193261
0.0193273
0.0193323
0.0193412
0.0193537
0.0193698
0.0193894
0.0194127
0.0194398
0.0194711
0.0195071
0.0195486
0.0195966
0.0196525
0.0197182
0.0197967
0.019892
0.0200105
0.0201615
0.0203603
0.0206283
0.0209945
0.0214824
0.0220825
0.0227306
0.0233436
0.0238742
0.0243196
0.0246947
0.0250152
0.0252935
0.025538
0.0257549
0.0259485
0.0261218
0.0262773
0.0264168
0.0265419
0.026654
0.0267544
0.0268439
0.0269234
0.0269936
0.027055
0.0271081
0.0271531
0.0271899
0.0272181
0.0272379
0.027247
0.0272457
0.0272243
0.0271867
0.0271584
0.0271418
0.0271328
0.0271269
0.0271211
2.50383e-06
2.51214e-06
2.51867e-06
2.52354e-06
2.52637e-06
2.52674e-06
2.52516e-06
2.52577e-06
2.52941e-06
2.53464e-06
2.54157e-06
2.54987e-06
2.55957e-06
2.57059e-06
2.58297e-06
2.59672e-06
2.61194e-06
2.62874e-06
2.64729e-06
2.66782e-06
2.69063e-06
2.71608e-06
2.74465e-06
2.77701e-06
2.81405e-06
2.857e-06
2.90769e-06
2.96875e-06
3.04436e-06
3.14119e-06
3.27012e-06
3.44833e-06
3.70108e-06
4.05597e-06
4.52096e-06
5.0621e-06
5.62037e-06
6.14742e-06
6.63035e-06
7.07244e-06
7.48095e-06
7.86147e-06
8.21791e-06
8.55252e-06
8.8667e-06
9.16054e-06
9.43431e-06
9.68772e-06
9.92064e-06
1.0133e-05
1.03248e-05
1.04954e-05
1.06445e-05
1.07714e-05
1.08751e-05
1.09545e-05
1.1008e-05
1.10377e-05
1.10735e-05
1.14211e-05
1.44275e-05
3.17376e-05
9.25654e-05
0.00020235
0.000274263
0.00029754
0.000301984
0.000302431
0.000302433
0.000302548
0.000302836
0.0003033
0.000303935
0.000304736
0.000305707
0.000306854
0.000308193
0.000309746
0.000311542
0.000313624
0.00031605
0.000318899
0.000322284
0.000326369
0.000331399
0.000337754
0.000346045
0.000357254
0.000372917
0.000395263
0.000426666
0.000467658
0.000514929
0.000563101
0.000607929
0.000648328
0.000684686
0.000717678
0.000747875
0.000775634
0.000801234
0.000824839
0.000846552
0.000866455
0.000884607
0.000901057
0.000915861
0.000929072
0.000940712
0.000950797
0.000959328
0.000966265
0.000971557
0.000975104
0.000976895
0.000977456
0.000982941
0.00103987
0.00137786
0.0025697
0.00471728
0.00611858
0.00657124
0.00665808
0.00666737
0.00666766
0.0066696
0.00667437
0.00668205
0.00669252
0.00670577
0.00672181
0.00674079
0.00676293
0.00678859
0.00681823
0.00685247
0.00689218
0.00693848
0.00699291
0.00705767
0.00713587
0.0072322
0.00735386
0.00751197
0.0077229
0.00800879
0.00838896
0.00885704
0.00936555
0.00985281
0.0102808
0.0106462
0.010959
0.0112302
0.0114683
0.0116792
0.0118672
0.0120354
0.0121859
0.0123206
0.0124408
0.0125476
0.0126422
0.0127253
0.0127976
0.0128596
0.0129115
0.0129533
0.0129847
0.0130053
0.0130147
0.0130129
0.0130076
0.0130533
0.0134137
0.0147376
0.017142
0.0187137
0.0192249
0.0193263
0.0193405
0.0193447
0.0193512
0.0193613
0.0193754
0.0193932
0.0194147
0.01944
0.0194692
0.0195025
0.0195404
0.0195834
0.0196323
0.019688
0.019752
0.0198259
0.0199125
0.0200152
0.0201396
0.0202937
0.0204906
0.0207486
0.0210925
0.0215424
0.0220882
0.0226743
0.0232304
0.0237155
0.0241285
0.0244822
0.02479
0.025062
0.0253049
0.0255237
0.0257218
0.0259016
0.0260649
0.0262133
0.026348
0.0264702
0.0265809
0.0266809
0.0267708
0.0268515
0.0269232
0.0269865
0.0270416
0.0270884
0.0271268
0.0271568
0.0271766
0.0271866
0.0271776
0.0271519
0.0271327
0.0271224
0.0271177
0.0271146
0.0271106
2.50403e-06
2.51286e-06
2.51999e-06
2.52566e-06
2.52963e-06
2.53158e-06
2.53208e-06
2.53481e-06
2.54037e-06
2.54748e-06
2.55623e-06
2.56638e-06
2.57798e-06
2.591e-06
2.6055e-06
2.62155e-06
2.63924e-06
2.65875e-06
2.68028e-06
2.70409e-06
2.73052e-06
2.75997e-06
2.79296e-06
2.83018e-06
2.87253e-06
2.92123e-06
2.97799e-06
3.04525e-06
3.12675e-06
3.22834e-06
3.35939e-06
3.53456e-06
3.77516e-06
4.10443e-06
4.52713e-06
5.01357e-06
5.51506e-06
5.99122e-06
6.43274e-06
6.84265e-06
7.22697e-06
7.58992e-06
7.93432e-06
8.26157e-06
8.57238e-06
8.86645e-06
9.14362e-06
9.40331e-06
9.64508e-06
9.8686e-06
1.00735e-05
1.02592e-05
1.0425e-05
1.05704e-05
1.06941e-05
1.07951e-05
1.08721e-05
1.09276e-05
1.09952e-05
1.13939e-05
1.44998e-05
3.19601e-05
9.29699e-05
0.000202774
0.000274473
0.000297734
0.000302347
0.000303005
0.000303225
0.000303559
0.000304071
0.000304765
0.000305639
0.000306694
0.000307935
0.000309377
0.000311036
0.00031294
0.000315124
0.000317632
0.000320527
0.000323889
0.000327828
0.000332502
0.000338133
0.000345062
0.000353822
0.000365259
0.000380676
0.00040195
0.000431075
0.000468331
0.000510833
0.000554158
0.000594757
0.000631834
0.000665726
0.000696977
0.00072602
0.000753111
0.000778434
0.000802086
0.000824121
0.000844576
0.000863473
0.000880832
0.000896682
0.000911049
0.000923942
0.000935363
0.000945308
0.000953734
0.000960594
0.000965795
0.000969334
0.000971797
0.000979541
0.00103955
0.0013813
0.00257708
0.00472508
0.00612217
0.00657426
0.00666388
0.00667662
0.00668042
0.00668586
0.00669418
0.00670546
0.00671966
0.0067368
0.00675696
0.00678032
0.00680715
0.00683786
0.00687294
0.00691302
0.00695896
0.00701184
0.00707311
0.00714476
0.00722953
0.00733149
0.00745673
0.00761461
0.00781885
0.00808784
0.00843783
0.00886193
0.00931974
0.00976034
0.0101515
0.0104912
0.0107875
0.0110494
0.0112837
0.0114946
0.0116857
0.011859
0.0120164
0.012159
0.012288
0.0124042
0.0125086
0.0126018
0.0126844
0.0127567
0.0128191
0.0128715
0.0129137
0.0129454
0.0129661
0.012976
0.0129827
0.0130403
0.0134115
0.0147436
0.0171499
0.0187177
0.0192289
0.0193341
0.019353
0.0193619
0.019373
0.0193879
0.0194067
0.0194294
0.0194559
0.0194864
0.0195211
0.0195602
0.0196042
0.0196538
0.0197096
0.0197727
0.0198443
0.019926
0.0200203
0.0201301
0.0202604
0.0204178
0.0206133
0.0208621
0.0211849
0.0215986
0.022093
0.0226209
0.0231241
0.0235678
0.0239518
0.0242869
0.0245838
0.0248505
0.0250924
0.0253133
0.0255157
0.0257014
0.0258719
0.0260284
0.0261718
0.0263031
0.0264231
0.0265326
0.026632
0.0267221
0.0268032
0.0268757
0.0269399
0.0269959
0.0270434
0.0270827
0.0271123
0.0271324
0.0271348
0.0271205
0.0271097
0.0271052
0.0271042
0.0271035
0.0271012
0.0272062
0.0271938
0.0271818
0.0271697
0.0271574
0.0271447
0.0271312
0.027117
0.0271018
0.0270855
0.0270681
0.0270494
0.0270295
0.0270082
0.0269855
0.0269613
0.0269357
0.0269086
0.0268801
0.0268501
0.0268188
0.0267861
0.0267521
0.026717
0.0266809
0.0266439
0.0266062
0.0265681
0.0265298
0.0264917
0.0264541
0.0264175
0.0263824
0.0263493
0.0263189
0.0262918
0.0262687
0.0262503
0.0262374
0.0262306
0.0271904
0.0271794
0.0271685
0.0271574
0.0271459
0.0271337
0.0271208
0.027107
0.0270921
0.0270761
0.0270589
0.0270403
0.0270205
0.0269992
0.0269765
0.0269523
0.0269267
0.0268995
0.026871
0.0268409
0.0268095
0.0267768
0.0267428
0.0267077
0.0266716
0.0266346
0.026597
0.026559
0.0265208
0.0264828
0.0264454
0.0264091
0.0263742
0.0263415
0.0263114
0.0262846
0.0262619
0.0262438
0.0262311
0.0262245
0.0271755
0.0271658
0.0271559
0.0271457
0.0271349
0.0271233
0.0271108
0.0270974
0.0270828
0.027067
0.0270499
0.0270315
0.0270117
0.0269905
0.0269678
0.0269436
0.0269179
0.0268907
0.0268621
0.026832
0.0268005
0.0267678
0.0267338
0.0266986
0.0266625
0.0266255
0.026588
0.02655
0.026512
0.0264742
0.026437
0.0264009
0.0263664
0.0263339
0.0263042
0.0262778
0.0262553
0.0262376
0.0262251
0.0262186
0.0271616
0.027153
0.0271441
0.0271347
0.0271245
0.0271134
0.0271013
0.0270882
0.0270738
0.0270582
0.0270413
0.027023
0.0270032
0.026982
0.0269593
0.0269351
0.0269094
0.0268821
0.0268534
0.0268233
0.0267918
0.026759
0.0267249
0.0266898
0.0266537
0.0266168
0.0265793
0.0265414
0.0265035
0.0264659
0.0264289
0.0263931
0.0263588
0.0263267
0.0262973
0.0262712
0.0262491
0.0262316
0.0262194
0.026213
0.0271486
0.0271411
0.027133
0.0271242
0.0271146
0.027104
0.0270923
0.0270794
0.0270652
0.0270498
0.027033
0.0270147
0.026995
0.0269738
0.0269511
0.0269268
0.0269011
0.0268738
0.026845
0.0268149
0.0267833
0.0267504
0.0267164
0.0266812
0.0266451
0.0266083
0.0265708
0.0265331
0.0264953
0.0264579
0.0264212
0.0263856
0.0263516
0.0263197
0.0262906
0.0262649
0.0262431
0.0262259
0.026214
0.0262077
0.0271366
0.02713
0.0271226
0.0271144
0.0271053
0.027095
0.0270836
0.027071
0.027057
0.0270417
0.027025
0.0270068
0.0269871
0.0269659
0.0269431
0.0269189
0.0268931
0.0268657
0.0268369
0.0268067
0.0267751
0.0267422
0.0267081
0.026673
0.0266369
0.0266001
0.0265627
0.0265251
0.0264875
0.0264502
0.0264137
0.0263784
0.0263446
0.0263131
0.0262844
0.0262589
0.0262375
0.0262206
0.0262088
0.0262027
0.0271255
0.0271196
0.0271129
0.0271053
0.0270965
0.0270866
0.0270755
0.027063
0.0270492
0.027034
0.0270173
0.0269991
0.0269795
0.0269583
0.0269355
0.0269112
0.0268853
0.026858
0.0268291
0.0267988
0.0267672
0.0267343
0.0267002
0.026665
0.026629
0.0265922
0.026555
0.0265175
0.02648
0.0264429
0.0264066
0.0263715
0.0263381
0.0263069
0.0262784
0.0262533
0.0262321
0.0262155
0.0262039
0.0261979
0.0271153
0.0271101
0.0271039
0.0270967
0.0270883
0.0270787
0.0270677
0.0270554
0.0270418
0.0270266
0.02701
0.0269919
0.0269722
0.026951
0.0269282
0.0269038
0.0268779
0.0268505
0.0268216
0.0267913
0.0267596
0.0267267
0.0266926
0.0266575
0.0266215
0.0265848
0.0265476
0.0265102
0.0264729
0.026436
0.0263999
0.026365
0.0263319
0.0263009
0.0262728
0.026248
0.0262271
0.0262107
0.0261994
0.0261935
0.0271059
0.0271013
0.0270956
0.0270887
0.0270806
0.0270712
0.0270605
0.0270483
0.0270347
0.0270196
0.0270031
0.0269849
0.0269653
0.026944
0.0269212
0.0268968
0.0268709
0.0268434
0.0268145
0.0267842
0.0267525
0.0267195
0.0266854
0.0266503
0.0266143
0.0265777
0.0265406
0.0265033
0.0264661
0.0264294
0.0263935
0.0263589
0.026326
0.0262954
0.0262675
0.026243
0.0262224
0.0262063
0.0261951
0.0261894
0.0270974
0.0270932
0.0270879
0.0270814
0.0270735
0.0270643
0.0270537
0.0270416
0.0270281
0.0270131
0.0269965
0.0269784
0.0269587
0.0269375
0.0269146
0.0268902
0.0268642
0.0268367
0.0268078
0.0267774
0.0267457
0.0267127
0.0266786
0.0266435
0.0266076
0.026571
0.026534
0.0264968
0.0264598
0.0264233
0.0263876
0.0263532
0.0263206
0.0262902
0.0262626
0.0262384
0.0262181
0.0262022
0.0261912
0.0261856
7.08153e-09
2.42664e-08
4.5225e-08
7.05384e-08
1.00752e-07
1.36397e-07
1.77993e-07
2.26036e-07
2.80974e-07
3.43174e-07
4.12896e-07
4.90255e-07
5.75192e-07
6.67447e-07
7.66536e-07
8.71737e-07
9.82095e-07
1.09643e-06
1.21337e-06
1.33138e-06
1.44885e-06
1.56412e-06
1.67559e-06
1.78179e-06
1.88144e-06
1.97349e-06
2.05719e-06
2.13212e-06
2.19815e-06
2.25544e-06
2.3044e-06
2.34565e-06
2.37995e-06
2.40814e-06
2.43109e-06
2.44965e-06
2.46463e-06
2.47676e-06
2.48664e-06
2.49481e-06
7.19902e-09
2.46712e-08
4.59711e-08
7.16531e-08
1.02238e-07
1.38237e-07
1.80158e-07
2.28483e-07
2.83646e-07
3.46001e-07
4.15792e-07
4.93124e-07
5.77927e-07
6.69933e-07
7.68657e-07
8.7338e-07
9.83159e-07
1.09683e-06
1.21305e-06
1.33031e-06
1.44702e-06
1.56158e-06
1.67242e-06
1.77808e-06
1.87731e-06
1.96908e-06
2.05265e-06
2.12759e-06
2.19375e-06
2.25128e-06
2.30057e-06
2.34221e-06
2.37694e-06
2.40556e-06
2.42893e-06
2.4479e-06
2.46326e-06
2.47572e-06
2.4859e-06
2.49434e-06
7.32377e-09
2.50964e-08
4.67426e-08
7.27871e-08
1.03727e-07
1.4006e-07
1.82283e-07
2.30866e-07
2.86233e-07
3.48726e-07
4.18576e-07
4.95876e-07
5.80547e-07
6.72315e-07
7.70692e-07
8.74966e-07
9.842e-07
1.09725e-06
1.21279e-06
1.32934e-06
1.44535e-06
1.55924e-06
1.66947e-06
1.77461e-06
1.87344e-06
1.96494e-06
2.04837e-06
2.12329e-06
2.18957e-06
2.24731e-06
2.2969e-06
2.3389e-06
2.37401e-06
2.40304e-06
2.42681e-06
2.44616e-06
2.46186e-06
2.47463e-06
2.4851e-06
2.49379e-06
7.4562e-09
2.55408e-08
4.75324e-08
7.3925e-08
1.05197e-07
1.41836e-07
1.84331e-07
2.33147e-07
2.88695e-07
3.51307e-07
4.21206e-07
4.9847e-07
5.83015e-07
6.74559e-07
7.72613e-07
8.76469e-07
9.85199e-07
1.09767e-06
1.21258e-06
1.32848e-06
1.44384e-06
1.5571e-06
1.66676e-06
1.77142e-06
1.86987e-06
1.9611e-06
2.04439e-06
2.1193e-06
2.18566e-06
2.2436e-06
2.29345e-06
2.33577e-06
2.37124e-06
2.40063e-06
2.42476e-06
2.44445e-06
2.46047e-06
2.47353e-06
2.48426e-06
2.49317e-06
7.59629e-09
2.60012e-08
4.83288e-08
7.50456e-08
1.06617e-07
1.43529e-07
1.86264e-07
2.35282e-07
2.90986e-07
3.537e-07
4.23635e-07
5.00862e-07
5.85287e-07
6.76626e-07
7.74387e-07
8.77863e-07
9.86137e-07
1.09809e-06
1.21243e-06
1.32774e-06
1.4425e-06
1.55519e-06
1.66434e-06
1.76856e-06
1.86665e-06
1.95764e-06
2.04079e-06
2.11566e-06
2.1821e-06
2.24019e-06
2.29028e-06
2.33287e-06
2.36865e-06
2.39837e-06
2.42283e-06
2.44283e-06
2.45913e-06
2.47245e-06
2.4834e-06
2.49252e-06
7.74304e-09
2.64707e-08
4.91137e-08
7.61196e-08
1.07951e-07
1.45095e-07
1.88034e-07
2.37221e-07
2.93056e-07
3.55852e-07
4.25813e-07
5.03003e-07
5.8732e-07
6.78475e-07
7.75976e-07
8.79119e-07
9.86991e-07
1.09849e-06
1.21233e-06
1.32711e-06
1.44135e-06
1.55354e-06
1.66223e-06
1.76605e-06
1.86383e-06
1.95459e-06
2.03761e-06
2.11245e-06
2.17894e-06
2.23716e-06
2.28744e-06
2.33028e-06
2.36633e-06
2.39632e-06
2.42106e-06
2.44133e-06
2.45789e-06
2.47143e-06
2.48258e-06
2.49187e-06
7.89349e-09
2.69363e-08
4.98596e-08
7.71079e-08
1.09152e-07
1.46483e-07
1.89585e-07
2.38909e-07
2.94847e-07
3.57707e-07
4.27685e-07
5.0484e-07
5.89062e-07
6.80061e-07
7.77341e-07
8.80202e-07
9.87736e-07
1.09884e-06
1.21227e-06
1.32661e-06
1.44041e-06
1.55218e-06
1.66047e-06
1.76396e-06
1.86146e-06
1.95202e-06
2.03493e-06
2.10973e-06
2.17626e-06
2.23458e-06
2.28502e-06
2.32805e-06
2.36432e-06
2.39455e-06
2.41952e-06
2.44002e-06
2.45678e-06
2.47051e-06
2.48182e-06
2.49126e-06
8.04097e-09
2.73748e-08
5.05264e-08
7.79597e-08
1.10162e-07
1.47634e-07
1.90858e-07
2.40283e-07
2.96297e-07
3.59203e-07
4.29192e-07
5.06315e-07
5.90461e-07
6.81334e-07
7.7844e-07
8.81078e-07
9.88345e-07
1.09915e-06
1.21224e-06
1.32623e-06
1.43968e-06
1.55111e-06
1.6591e-06
1.76231e-06
1.8596e-06
1.95e-06
2.0328e-06
2.10757e-06
2.17412e-06
2.23252e-06
2.28307e-06
2.32626e-06
2.3627e-06
2.39311e-06
2.41827e-06
2.43894e-06
2.45586e-06
2.46974e-06
2.48118e-06
2.49072e-06
8.17218e-09
2.77468e-08
5.10574e-08
7.86108e-08
1.10916e-07
1.48479e-07
1.91783e-07
2.41274e-07
2.97338e-07
3.60273e-07
4.30267e-07
5.07366e-07
5.91457e-07
6.82242e-07
7.79225e-07
8.81706e-07
9.88786e-07
1.09938e-06
1.21223e-06
1.32598e-06
1.43918e-06
1.55038e-06
1.65814e-06
1.76117e-06
1.8583e-06
1.94858e-06
2.03131e-06
2.10605e-06
2.17261e-06
2.23106e-06
2.2817e-06
2.32498e-06
2.36154e-06
2.39208e-06
2.41736e-06
2.43815e-06
2.45519e-06
2.46917e-06
2.4807e-06
2.49032e-06
8.26209e-09
2.79866e-08
5.13739e-08
7.89823e-08
1.11336e-07
1.48943e-07
1.92285e-07
2.41809e-07
2.97898e-07
3.60847e-07
4.30842e-07
5.07928e-07
5.91989e-07
6.82727e-07
7.79645e-07
8.82044e-07
9.89026e-07
1.0995e-06
1.21224e-06
1.32586e-06
1.43893e-06
1.55e-06
1.65765e-06
1.76057e-06
1.85761e-06
1.94784e-06
2.03053e-06
2.10525e-06
2.17182e-06
2.23029e-06
2.28096e-06
2.3243e-06
2.36092e-06
2.39153e-06
2.41687e-06
2.43773e-06
2.45483e-06
2.46886e-06
2.48044e-06
2.49009e-06
2.50406e-06
2.51337e-06
2.52104e-06
2.52743e-06
2.53242e-06
2.53581e-06
2.53824e-06
2.54287e-06
2.55012e-06
2.55889e-06
2.56927e-06
2.58108e-06
2.59441e-06
2.60924e-06
2.62566e-06
2.64379e-06
2.66375e-06
2.68574e-06
2.71001e-06
2.73684e-06
2.76661e-06
2.79977e-06
2.83687e-06
2.87862e-06
2.92595e-06
2.98004e-06
3.04253e-06
3.11567e-06
3.2028e-06
3.30897e-06
3.44215e-06
3.61455e-06
3.84374e-06
4.14893e-06
4.53262e-06
4.96942e-06
5.42e-06
5.85135e-06
6.25701e-06
6.63943e-06
7.00324e-06
7.35138e-06
7.68563e-06
8.00667e-06
8.31462e-06
8.60887e-06
8.88891e-06
9.15393e-06
9.40323e-06
9.63626e-06
9.85244e-06
1.0051e-05
1.02313e-05
1.03926e-05
1.05336e-05
1.06534e-05
1.07509e-05
1.08296e-05
1.09295e-05
1.13962e-05
1.4678e-05
3.24546e-05
9.36182e-05
0.000202902
0.000274327
0.000297768
0.000302643
0.000303523
0.000303943
0.000304474
0.000305186
0.000306086
0.000307176
0.000308461
0.00030995
0.00031166
0.000313614
0.000315842
0.000318384
0.000321288
0.000324619
0.000328459
0.000332917
0.000338143
0.000344341
0.000351816
0.000361025
0.000372682
0.000387874
0.000408139
0.000435124
0.000468935
0.000507108
0.000546079
0.000582942
0.00061713
0.000648906
0.000678676
0.000706745
0.000733273
0.000758366
0.000782063
0.000804377
0.000825308
0.000844849
0.000862995
0.00087975
0.000895121
0.000909103
0.000921689
0.000932866
0.000942592
0.00095082
0.000957468
0.00096255
0.000966772
0.000976968
0.00104146
0.00139015
0.00258925
0.0047271
0.00611888
0.00657421
0.00666848
0.00668493
0.00669197
0.00670056
0.00671204
0.00672655
0.0067441
0.00676474
0.00678862
0.00681597
0.00684708
0.00688241
0.00692246
0.00696791
0.00701959
0.00707855
0.00714615
0.00722421
0.00731513
0.00742241
0.00755112
0.00770898
0.00790715
0.00816055
0.00848254
0.00886627
0.00927798
0.00967638
0.0100347
0.0103518
0.010634
0.0108881
0.0111192
0.0113304
0.0115243
0.0117023
0.0118656
0.0120153
0.0121521
0.0122767
0.0123898
0.0124919
0.0125835
0.012665
0.0127366
0.0127984
0.0128502
0.0128916
0.0129224
0.0129427
0.0129605
0.0130308
0.0134157
0.0147551
0.0171514
0.0187139
0.0192293
0.0193404
0.019364
0.0193773
0.0193926
0.0194117
0.0194348
0.0194618
0.0194928
0.019528
0.0195676
0.019612
0.0196616
0.0197172
0.0197794
0.0198491
0.0199278
0.0200167
0.0201182
0.0202347
0.0203705
0.0205312
0.0207256
0.0209662
0.0212696
0.0216497
0.0220969
0.0225719
0.0230272
0.023434
0.0237927
0.0241117
0.0243994
0.024662
0.0249033
0.0251262
0.0253325
0.0255235
0.0257004
0.025864
0.0260151
0.0261545
0.0262828
0.0264006
0.0265084
0.0266068
0.0266962
0.0267769
0.0268492
0.0269133
0.026969
0.0270164
0.0270546
0.0270837
0.0270964
0.0270925
0.0270894
0.0270901
0.0270924
0.0270938
0.0270928
2.50396e-06
2.51368e-06
2.52184e-06
2.52885e-06
2.53474e-06
2.53944e-06
2.54358e-06
2.54987e-06
2.55858e-06
2.56878e-06
2.58057e-06
2.59383e-06
2.60866e-06
2.62508e-06
2.64321e-06
2.66317e-06
2.68514e-06
2.70935e-06
2.73605e-06
2.76558e-06
2.79835e-06
2.83484e-06
2.87564e-06
2.92148e-06
2.97331e-06
3.0323e-06
3.10002e-06
3.17855e-06
3.27087e-06
3.38132e-06
3.51653e-06
3.68648e-06
3.90528e-06
4.18855e-06
4.53746e-06
4.93065e-06
5.3368e-06
5.72967e-06
6.10495e-06
6.46438e-06
6.81114e-06
7.14701e-06
7.47287e-06
7.78875e-06
8.09432e-06
8.38869e-06
8.67109e-06
8.94051e-06
9.19608e-06
9.43704e-06
9.66267e-06
9.8721e-06
1.00645e-05
1.02392e-05
1.03948e-05
1.05305e-05
1.06455e-05
1.07449e-05
1.08782e-05
1.1432e-05
1.49694e-05
3.3227e-05
9.45067e-05
0.000202739
0.000273825
0.000297632
0.000302862
0.000303973
0.000304576
0.000305279
0.000306165
0.000307247
0.000308526
0.000310013
0.000311721
0.00031367
0.000315886
0.000318404
0.000321267
0.000324526
0.00032825
0.000332522
0.000337451
0.000343178
0.000349894
0.000357868
0.000367492
0.000379358
0.000394347
0.000413694
0.000438733
0.000469471
0.000503839
0.000539004
0.000572648
0.00060438
0.000634378
0.000662914
0.000690175
0.000716237
0.000741141
0.000764879
0.000787427
0.000808758
0.000828842
0.000847651
0.000865172
0.000881394
0.000896301
0.000909876
0.0009221
0.000932933
0.000942326
0.00095021
0.000956629
0.000962471
0.000975341
0.00104574
0.00140451
0.00260617
0.00472345
0.00610867
0.00657095
0.00667169
0.00669212
0.00670214
0.00671348
0.00672771
0.00674503
0.00676551
0.00678923
0.00681639
0.00684724
0.00688215
0.00692157
0.00696606
0.00701628
0.00707308
0.00713748
0.00721077
0.00729459
0.00739109
0.00750322
0.00763518
0.00779315
0.00798599
0.0082254
0.00852219
0.00887008
0.00924118
0.00960246
0.00993224
0.01023
0.0105002
0.0107479
0.0109765
0.0111881
0.0113845
0.0115665
0.0117351
0.0118909
0.0120344
0.0121662
0.0122867
0.0123965
0.0124959
0.0125853
0.0126649
0.0127347
0.0127947
0.0128445
0.012884
0.0129134
0.0129414
0.0130251
0.0134266
0.0147721
0.0171466
0.0187023
0.019226
0.0193448
0.0193735
0.0193907
0.0194097
0.0194324
0.0194591
0.0194899
0.0195248
0.0195641
0.0196081
0.0196571
0.0197118
0.0197726
0.0198405
0.0199162
0.0200011
0.0200966
0.0202044
0.0203271
0.020468
0.0206317
0.0208253
0.0210587
0.0213447
0.0216947
0.0221
0.0225283
0.0229415
0.0233162
0.0236532
0.0239588
0.024239
0.0244983
0.0247393
0.024964
0.0251738
0.0253695
0.0255519
0.0257217
0.0258794
0.0260257
0.0261611
0.0262861
0.0264012
0.0265068
0.0266033
0.0266911
0.0267704
0.0268414
0.0269041
0.0269586
0.0270041
0.0270409
0.0270625
0.027068
0.0270719
0.0270771
0.0270821
0.0270852
0.0270853
2.50373e-06
2.51383e-06
2.52239e-06
2.52994e-06
2.53661e-06
2.54245e-06
2.54808e-06
2.55576e-06
2.56566e-06
2.57707e-06
2.59004e-06
2.60454e-06
2.62064e-06
2.63841e-06
2.65799e-06
2.67953e-06
2.70322e-06
2.72932e-06
2.75813e-06
2.78999e-06
2.82536e-06
2.86473e-06
2.90874e-06
2.95815e-06
3.0139e-06
3.07718e-06
3.1495e-06
3.23278e-06
3.32971e-06
3.44399e-06
3.58108e-06
3.74893e-06
3.95862e-06
4.22266e-06
4.5417e-06
4.89789e-06
5.26644e-06
5.62718e-06
5.97742e-06
6.31808e-06
6.65102e-06
6.97697e-06
7.29604e-06
7.60774e-06
7.91136e-06
8.20579e-06
8.49007e-06
8.76303e-06
9.02367e-06
9.27108e-06
9.50439e-06
9.72267e-06
9.92506e-06
1.01106e-05
1.02783e-05
1.04271e-05
1.05567e-05
1.06746e-05
1.08431e-05
1.15049e-05
1.53787e-05
3.42714e-05
9.56194e-05
0.000202302
0.000272978
0.000297323
0.000302996
0.000304348
0.000305114
0.000305965
0.000306999
0.000308233
0.000309674
0.000311333
0.000313229
0.000315382
0.000317824
0.000320593
0.000323733
0.0003273
0.000331366
0.000336015
0.000341354
0.000347521
0.000354692
0.000363107
0.000373099
0.000385154
0.00039997
0.00041851
0.000441842
0.000469942
0.00050108
0.000533018
0.000563968
0.000593668
0.00062221
0.000649743
0.000676348
0.000702034
0.000726785
0.000750557
0.000773297
0.000794956
0.000815483
0.000834836
0.000852986
0.000869908
0.000885577
0.000899969
0.000913059
0.000924806
0.000935163
0.000944074
0.000951629
0.000958966
0.000974766
0.00105252
0.0014243
0.0026275
0.00471448
0.00609178
0.00656439
0.0066734
0.00669806
0.00671078
0.00672447
0.00674103
0.00676073
0.00678368
0.00681002
0.00683997
0.00687382
0.00691198
0.00695491
0.00700319
0.00705753
0.00711875
0.00718785
0.00726607
0.0073549
0.00745626
0.00757267
0.00770753
0.00786571
0.00805401
0.00828131
0.00855618
0.00887336
0.00920995
0.00953957
0.00984529
0.0101269
0.0103873
0.0106298
0.0108565
0.0110685
0.011267
0.0114525
0.0116255
0.0117864
0.0119355
0.0120733
0.0122001
0.0123163
0.0124222
0.0125182
0.0126044
0.012681
0.0127478
0.0128046
0.0128513
0.0128885
0.0129258
0.0130234
0.0134441
0.0147942
0.0171358
0.0186832
0.0192188
0.0193473
0.0193812
0.0194019
0.019424
0.0194498
0.0194796
0.0195136
0.0195518
0.0195946
0.0196423
0.0196953
0.0197542
0.0198196
0.0198923
0.0199732
0.0200635
0.0201645
0.020278
0.020406
0.0205514
0.0207179
0.020911
0.0211381
0.0214092
0.021733
0.0221023
0.022491
0.0228683
0.0232159
0.0235349
0.0238294
0.0241036
0.0243603
0.0246012
0.0248276
0.0250404
0.02524
0.0254271
0.025602
0.0257653
0.0259174
0.0260587
0.0261897
0.0263108
0.0264224
0.0265249
0.0266186
0.0267038
0.0267806
0.0268492
0.0269096
0.0269612
0.0270043
0.0270334
0.027047
0.0270569
0.027066
0.0270733
0.0270777
0.0270787
2.50341e-06
2.51383e-06
2.52274e-06
2.53073e-06
2.53805e-06
2.54484e-06
2.55172e-06
2.56052e-06
2.57138e-06
2.58375e-06
2.59769e-06
2.61318e-06
2.63032e-06
2.6492e-06
2.66997e-06
2.6928e-06
2.71791e-06
2.74558e-06
2.77612e-06
2.80992e-06
2.84743e-06
2.88921e-06
2.93589e-06
2.98828e-06
3.04733e-06
3.11421e-06
3.19039e-06
3.2777e-06
3.37854e-06
3.49611e-06
3.63484e-06
3.80099e-06
4.00303e-06
4.2509e-06
4.54534e-06
4.87141e-06
5.20925e-06
5.54409e-06
5.87436e-06
6.20018e-06
6.52226e-06
6.84043e-06
7.15416e-06
7.46257e-06
7.76463e-06
8.05909e-06
8.34481e-06
8.62053e-06
8.88513e-06
9.1376e-06
9.37696e-06
9.60222e-06
9.81245e-06
1.00067e-05
1.01839e-05
1.03431e-05
1.04846e-05
1.06191e-05
1.08255e-05
1.1618e-05
1.59063e-05
3.55699e-05
9.69296e-05
0.000201619
0.000271812
0.000296841
0.000303039
0.000304642
0.000305554
0.000306527
0.000307681
0.00030904
0.000310613
0.000312414
0.000314463
0.000316786
0.000319415
0.00032239
0.000325761
0.000329585
0.000333935
0.000338899
0.000344582
0.000351118
0.000358673
0.000367461
0.000377768
0.000389986
0.00040466
0.000422524
0.00044442
0.000470346
0.000498853
0.000528153
0.000556926
0.000585
0.000612387
0.000639128
0.000665219
0.00069061
0.000715241
0.000739039
0.00076193
0.000783847
0.000804725
0.000824509
0.000843158
0.000860638
0.000876913
0.000891955
0.000905736
0.000918212
0.000929339
0.000939075
0.000947573
0.0009563
0.000975318
0.00106183
0.00144916
0.00265274
0.00470073
0.00606872
0.00655457
0.0066735
0.00670267
0.00671784
0.00673348
0.00675192
0.00677356
0.00679852
0.006827
0.00685924
0.00689556
0.00693638
0.0069822
0.00703363
0.00709136
0.00715624
0.00722925
0.00731156
0.00740458
0.00751001
0.00763002
0.00776737
0.0079258
0.00811039
0.00832762
0.00858419
0.00887614
0.00918456
0.00948817
0.00977431
0.0100429
0.0102956
0.010534
0.0107591
0.0109717
0.0111719
0.0113602
0.0115367
0.0117017
0.0118554
0.0119979
0.0121298
0.0122512
0.0123624
0.0124637
0.0125552
0.0126372
0.0127095
0.0127719
0.0128244
0.0128681
0.012914
0.0130261
0.013468
0.0148209
0.0171196
0.018657
0.0192077
0.0193477
0.0193871
0.0194109
0.0194356
0.0194638
0.0194962
0.0195327
0.0195737
0.0196193
0.01967
0.0197263
0.0197887
0.0198578
0.0199345
0.0200197
0.0201145
0.0202202
0.0203383
0.0204707
0.0206199
0.0207888
0.0209815
0.0212036
0.0214622
0.0217641
0.022104
0.0224603
0.0228081
0.0231337
0.0234382
0.0237239
0.0239934
0.0242482
0.0244891
0.024717
0.0249322
0.025135
0.0253258
0.0255049
0.0256727
0.0258294
0.0259756
0.0261114
0.0262374
0.0263538
0.0264611
0.0265596
0.0266494
0.026731
0.0268042
0.0268694
0.026926
0.026974
0.0270092
0.0270296
0.0270445
0.0270567
0.0270658
0.0270714
0.027073
2.50301e-06
2.51371e-06
2.52291e-06
2.53126e-06
2.5391e-06
2.54666e-06
2.55453e-06
2.56418e-06
2.57577e-06
2.58887e-06
2.60355e-06
2.61982e-06
2.63777e-06
2.65751e-06
2.67921e-06
2.70305e-06
2.72928e-06
2.75818e-06
2.79009e-06
2.82541e-06
2.86462e-06
2.9083e-06
2.9571e-06
3.01186e-06
3.07353e-06
3.14328e-06
3.22256e-06
3.31311e-06
3.41711e-06
3.53735e-06
3.67746e-06
3.84231e-06
4.03827e-06
4.27321e-06
4.54842e-06
4.85114e-06
5.16501e-06
5.47986e-06
5.79484e-06
6.10941e-06
6.42328e-06
6.73558e-06
7.04529e-06
7.3512e-06
7.65207e-06
7.94652e-06
8.23329e-06
8.51107e-06
8.77863e-06
9.0349e-06
9.27881e-06
9.50934e-06
9.7255e-06
9.92631e-06
1.01107e-05
1.02779e-05
1.04289e-05
1.05785e-05
1.08261e-05
1.17718e-05
1.65454e-05
3.70887e-05
9.83973e-05
0.000200729
0.000270368
0.000296199
0.000302991
0.000304853
0.000305896
0.000306966
0.000308214
0.000309669
0.000311345
0.000313257
0.000315427
0.000317882
0.000320658
0.000323797
0.000327349
0.000331377
0.000335953
0.000341167
0.000347124
0.000353955
0.000361817
0.000370906
0.000381467
0.000393821
0.000408386
0.000425712
0.00044646
0.000470686
0.000497154
0.000524391
0.000551479
0.000578307
0.000604815
0.000630956
0.000656658
0.000681825
0.000706366
0.000730183
0.000753188
0.0007753
0.000796443
0.000816555
0.000835582
0.000853485
0.000870222
0.00088576
0.000900066
0.000913098
0.000924813
0.000935188
0.000944453
0.000954486
0.000977014
0.00107352
0.00147844
0.0026811
0.00468296
0.00604029
0.00654171
0.00667197
0.00670591
0.00672329
0.0067405
0.00676042
0.00678355
0.00681009
0.00684023
0.00687425
0.0069125
0.00695541
0.00700351
0.0070574
0.00711781
0.00718558
0.00726167
0.00734722
0.00744356
0.00755225
0.00767514
0.00781452
0.00797322
0.00815491
0.00836418
0.00860618
0.00887844
0.00916497
0.00944816
0.00971906
0.00997766
0.0102244
0.0104597
0.0106838
0.0108967
0.0110984
0.0112888
0.0114681
0.0116362
0.0117933
0.0119396
0.0120753
0.0122007
0.012316
0.0124213
0.012517
0.0126031
0.0126796
0.0127464
0.0128035
0.0128524
0.0129059
0.0130329
0.0134976
0.0148513
0.017099
0.0186248
0.0191932
0.0193461
0.0193911
0.0194176
0.0194444
0.0194746
0.0195088
0.0195474
0.0195905
0.0196383
0.0196914
0.0197502
0.0198153
0.0198874
0.0199672
0.0200558
0.0201541
0.0202635
0.0203853
0.0205213
0.0206735
0.0208443
0.0210369
0.0212551
0.0215038
0.0217883
0.0221052
0.0224363
0.0227609
0.0230694
0.0233627
0.0236418
0.0239077
0.0241611
0.0244022
0.0246312
0.0248483
0.0250536
0.0252473
0.0254297
0.0256008
0.0257612
0.025911
0.0260505
0.0261802
0.0263004
0.0264114
0.0265135
0.026607
0.0266922
0.0267691
0.0268378
0.0268981
0.0269499
0.0269897
0.0270155
0.0270345
0.0270491
0.0270597
0.027066
0.0270682
2.50258e-06
2.51351e-06
2.52293e-06
2.53155e-06
2.53979e-06
2.54793e-06
2.55654e-06
2.56681e-06
2.57891e-06
2.59255e-06
2.60777e-06
2.6246e-06
2.64314e-06
2.66351e-06
2.68589e-06
2.71048e-06
2.73753e-06
2.76734e-06
2.80026e-06
2.83671e-06
2.87718e-06
2.92227e-06
2.97266e-06
3.02917e-06
3.0928e-06
3.16471e-06
3.24632e-06
3.3393e-06
3.4457e-06
3.56798e-06
3.70918e-06
3.8731e-06
4.06454e-06
4.28981e-06
4.55095e-06
4.83669e-06
5.13293e-06
5.4332e-06
5.73714e-06
6.04363e-06
6.35162e-06
6.65972e-06
6.96656e-06
7.27067e-06
7.57066e-06
7.86508e-06
8.15258e-06
8.43179e-06
8.70145e-06
8.9604e-06
9.20755e-06
9.44182e-06
9.6622e-06
9.8677e-06
1.00573e-05
1.02302e-05
1.03886e-05
1.05519e-05
1.08443e-05
1.19632e-05
1.72771e-05
3.87703e-05
9.99653e-05
0.000199683
0.000268714
0.000295422
0.000302858
0.000304986
0.000306142
0.000307287
0.000308605
0.000310131
0.000311882
0.000313875
0.000316134
0.000318687
0.000321572
0.000324831
0.000328519
0.000332698
0.000337442
0.000342842
0.000349005
0.000356057
0.00036415
0.000373465
0.000384221
0.00039668
0.000411168
0.000428093
0.000447982
0.000470962
0.000495947
0.000521665
0.000547522
0.000573447
0.000599322
0.000625034
0.000650457
0.000675464
0.000699938
0.000723769
0.000746855
0.000769105
0.000790437
0.000810782
0.00083008
0.000848286
0.000865354
0.000881247
0.00089593
0.000909362
0.000921501
0.000932344
0.000942219
0.000953486
0.000979778
0.00108723
0.001511
0.00271146
0.00466219
0.00600781
0.0065263
0.00666895
0.00670785
0.0067272
0.00674564
0.00676665
0.00679088
0.00681856
0.00684992
0.00688525
0.00692492
0.00696937
0.00701914
0.00707485
0.00713724
0.00720715
0.00728553
0.00737349
0.00747231
0.00758343
0.0077085
0.00784941
0.00800836
0.00818794
0.00839131
0.00862244
0.00888026
0.00915084
0.00941894
0.00967866
0.00992997
0.0101724
0.0104055
0.0106289
0.0108421
0.0110448
0.0112368
0.011418
0.0115885
0.0117481
0.0118971
0.0120356
0.0121639
0.0122821
0.0123904
0.0124891
0.0125782
0.0126577
0.0127276
0.012788
0.012841
0.0129015
0.0130434
0.0135314
0.0148841
0.0170751
0.018588
0.0191756
0.0193425
0.0193933
0.0194223
0.0194507
0.0194823
0.0195179
0.0195579
0.0196025
0.0196521
0.0197069
0.0197676
0.0198347
0.0199089
0.0199911
0.0200821
0.0201831
0.0202952
0.0204198
0.0205584
0.0207129
0.0208852
0.0210777
0.0212929
0.0215343
0.0218059
0.0221059
0.0224187
0.0227261
0.0230221
0.0233073
0.0235816
0.023845
0.0240974
0.0243386
0.0245685
0.0247869
0.0249941
0.0251899
0.0253746
0.0255482
0.0257112
0.0258636
0.0260059
0.0261383
0.0262612
0.0263748
0.0264796
0.0265757
0.0266635
0.026743
0.0268144
0.0268774
0.0269318
0.0269748
0.0270047
0.0270267
0.0270432
0.0270547
0.0270617
0.0270642
2.50215e-06
2.51325e-06
2.52284e-06
2.53166e-06
2.54018e-06
2.54874e-06
2.55786e-06
2.56853e-06
2.58096e-06
2.59495e-06
2.61053e-06
2.62773e-06
2.64667e-06
2.66747e-06
2.69031e-06
2.71541e-06
2.74301e-06
2.77343e-06
2.80704e-06
2.84425e-06
2.88559e-06
2.93163e-06
2.9831e-06
3.04082e-06
3.10579e-06
3.17919e-06
3.2624e-06
3.35706e-06
3.46513e-06
3.58885e-06
3.73084e-06
3.89418e-06
4.08257e-06
4.30123e-06
4.55294e-06
4.82737e-06
5.11168e-06
5.40217e-06
5.69875e-06
5.99988e-06
6.30398e-06
6.6093e-06
6.91422e-06
7.21714e-06
7.51653e-06
7.81091e-06
8.09886e-06
8.37898e-06
8.64999e-06
8.91068e-06
9.15993e-06
9.39664e-06
9.61978e-06
9.82834e-06
1.00213e-05
1.01982e-05
1.0362e-05
1.0538e-05
1.08775e-05
1.21821e-05
1.80634e-05
4.0523e-05
0.000101552
0.000198556
0.000266952
0.000294557
0.000302656
0.000305048
0.000306302
0.000307503
0.000308867
0.000310441
0.000312243
0.000314291
0.000316609
0.000319229
0.000322188
0.00032553
0.000329309
0.000333591
0.00033845
0.000343978
0.000350281
0.000357486
0.000365738
0.000375211
0.000386102
0.000398637
0.000413077
0.000429731
0.000449032
0.000471177
0.000495173
0.000519863
0.000544892
0.000570213
0.000595667
0.000621093
0.000646331
0.000671232
0.000695662
0.0007195
0.000742637
0.000764977
0.000786433
0.00080693
0.000826407
0.000844811
0.000862096
0.000878224
0.000893155
0.00090685
0.00091927
0.000930434
0.000940781
0.000953207
0.000983387
0.0011022
0.00154506
0.00274224
0.00463986
0.00597326
0.00650928
0.00666472
0.00670862
0.00672974
0.00674909
0.00677083
0.0067958
0.00682425
0.00685643
0.00689264
0.00693327
0.00697876
0.00702966
0.00708661
0.00715035
0.0072217
0.00730164
0.00739125
0.00749177
0.00760455
0.00773113
0.00787312
0.00803227
0.00821046
0.00840981
0.00863351
0.00888165
0.00914156
0.0093994
0.00965158
0.009898
0.0101376
0.0103692
0.0105921
0.0108055
0.0110089
0.011202
0.0113845
0.0115565
0.0117178
0.0118686
0.012009
0.0121392
0.0122593
0.0123696
0.0124702
0.0125613
0.0126429
0.0127149
0.0127775
0.0128336
0.0129003
0.0130567
0.0135677
0.0149177
0.0170494
0.0185488
0.0191561
0.0193375
0.019394
0.0194252
0.0194547
0.0194872
0.0195238
0.0195648
0.0196105
0.0196611
0.0197171
0.019779
0.0198475
0.0199232
0.0200069
0.0200996
0.0202024
0.0203163
0.0204428
0.0205833
0.0207394
0.0209127
0.0211052
0.0213185
0.0215549
0.0218176
0.0221063
0.0224068
0.0227026
0.0229901
0.0232698
0.023541
0.0238028
0.0240545
0.0242958
0.0245262
0.0247457
0.024954
0.0251512
0.0253374
0.0255128
0.0256774
0.0258316
0.0259757
0.0261099
0.0262346
0.02635
0.0264565
0.0265544
0.0266439
0.0267251
0.0267982
0.026863
0.026919
0.0269642
0.0269969
0.027021
0.0270387
0.0270509
0.0270583
0.027061
2.50176e-06
2.51299e-06
2.52269e-06
2.53164e-06
2.54033e-06
2.54915e-06
2.55858e-06
2.56948e-06
2.5821e-06
2.5963e-06
2.61208e-06
2.62951e-06
2.64868e-06
2.66973e-06
2.69284e-06
2.71824e-06
2.74617e-06
2.77696e-06
2.81098e-06
2.84865e-06
2.8905e-06
2.93712e-06
2.98923e-06
3.04768e-06
3.11347e-06
3.18776e-06
3.27194e-06
3.36764e-06
3.47673e-06
3.60134e-06
3.74385e-06
3.90689e-06
4.0935e-06
4.30822e-06
4.55441e-06
4.82223e-06
5.09944e-06
5.38417e-06
5.67642e-06
5.97441e-06
6.27623e-06
6.57993e-06
6.88372e-06
7.18591e-06
7.48494e-06
7.77926e-06
8.06744e-06
8.34807e-06
8.61983e-06
8.8815e-06
9.13193e-06
9.37003e-06
9.59474e-06
9.80504e-06
9.99995e-06
1.01792e-05
1.03469e-05
1.05342e-05
1.09201e-05
1.24088e-05
1.88397e-05
4.22074e-05
0.00010304
0.00019745
0.000265233
0.000293686
0.000302415
0.000305054
0.000306391
0.000307629
0.000309022
0.000310624
0.000312455
0.000314536
0.00031689
0.00031955
0.000322552
0.000325943
0.000329778
0.000334121
0.00033905
0.000344655
0.000351043
0.00035834
0.000366689
0.000376258
0.000387233
0.000399817
0.000414232
0.000430728
0.000449678
0.000471332
0.00049475
0.000518827
0.000543368
0.000568333
0.00059354
0.000618798
0.000643927
0.000668764
0.000693166
0.000717007
0.000740173
0.000762563
0.000784088
0.000804673
0.000824251
0.000842769
0.00086018
0.000876442
0.000891516
0.000905362
0.000917946
0.000929308
0.000940006
0.000953478
0.000987409
0.00111713
0.00157786
0.00277114
0.004618
0.00593962
0.00649219
0.00665987
0.00670849
0.00673112
0.0067511
0.0067733
0.0067987
0.00682761
0.00686027
0.006897
0.00693819
0.0069843
0.00703588
0.00709357
0.0071581
0.00723033
0.0073112
0.0074018
0.00750334
0.00761713
0.00774462
0.00788728
0.00804659
0.00822397
0.00842096
0.0086402
0.00888264
0.00913628
0.00938798
0.00963569
0.00987923
0.0101171
0.0103479
0.0105705
0.010784
0.0109878
0.0111815
0.0113648
0.0115377
0.0117
0.0118518
0.0119933
0.0121246
0.0122458
0.0123573
0.012459
0.0125513
0.012634
0.0127072
0.0127713
0.0128296
0.0129015
0.0130712
0.0136031
0.0149493
0.0170244
0.0185107
0.0191366
0.0193317
0.0193936
0.0194265
0.0194568
0.01949
0.0195271
0.0195687
0.0196149
0.0196662
0.0197229
0.0197856
0.0198548
0.0199314
0.0200161
0.0201098
0.0202136
0.0203287
0.0204563
0.0205979
0.0207549
0.0209289
0.0211214
0.0213336
0.021567
0.0218244
0.0221065
0.0223997
0.0226885
0.0229711
0.0232476
0.0235169
0.0237777
0.0240291
0.0242704
0.0245012
0.0247211
0.0249302
0.0251282
0.0253153
0.0254916
0.0256573
0.0258125
0.0259576
0.0260929
0.0262186
0.026335
0.0264426
0.0265415
0.0266319
0.0267142
0.0267882
0.026854
0.026911
0.0269574
0.0269917
0.0270171
0.0270356
0.0270482
0.0270558
0.0270587
2.50145e-06
2.51277e-06
2.52253e-06
2.53155e-06
2.54033e-06
2.54928e-06
2.55887e-06
2.56988e-06
2.58258e-06
2.59686e-06
2.61275e-06
2.63028e-06
2.64956e-06
2.67073e-06
2.69397e-06
2.7195e-06
2.7476e-06
2.77856e-06
2.81277e-06
2.85066e-06
2.89275e-06
2.93965e-06
2.99208e-06
3.05088e-06
3.11706e-06
3.19179e-06
3.27645e-06
3.37266e-06
3.48226e-06
3.60732e-06
3.75012e-06
3.91306e-06
4.09889e-06
4.31179e-06
4.55538e-06
4.82009e-06
5.09395e-06
5.37599e-06
5.66622e-06
5.96274e-06
6.26349e-06
6.56642e-06
6.86966e-06
7.1715e-06
7.47033e-06
7.7646e-06
8.05286e-06
8.33369e-06
8.60576e-06
8.86786e-06
9.11881e-06
9.35751e-06
9.58291e-06
9.79398e-06
9.98978e-06
1.01702e-05
1.03404e-05
1.05368e-05
1.09629e-05
1.26105e-05
1.9506e-05
4.36212e-05
0.000104265
0.00019651
0.000263777
0.000292927
0.000302184
0.000305027
0.000306427
0.000307687
0.000309095
0.00031071
0.000312555
0.000314651
0.000317022
0.0003197
0.000322724
0.000326138
0.000329999
0.000334372
0.000339335
0.000344977
0.000351407
0.000358748
0.000367146
0.000376763
0.00038778
0.00040039
0.000414797
0.000431224
0.00045001
0.000471433
0.000494578
0.000518365
0.000542677
0.000567475
0.000592566
0.000617745
0.000642822
0.000667627
0.000692015
0.000715855
0.000739032
0.000761443
0.000782999
0.000803622
0.000823246
0.000841815
0.000859282
0.000875604
0.000890743
0.000904657
0.000917316
0.000928782
0.000939716
0.000954037
0.000991149
0.00113005
0.00160544
0.00279496
0.00459944
0.00591112
0.00647736
0.00665529
0.00670785
0.00673165
0.00675203
0.00677446
0.00680006
0.00682918
0.00686207
0.00689905
0.0069405
0.0069869
0.0070388
0.00709685
0.00716176
0.0072344
0.00731573
0.0074068
0.00750883
0.00762312
0.00775106
0.00789405
0.00805345
0.00823048
0.00842639
0.00864353
0.00888325
0.00913392
0.00938271
0.00962833
0.00987051
0.0101076
0.010338
0.0105604
0.010774
0.010978
0.0111719
0.0113556
0.0115289
0.0116916
0.0118439
0.0119859
0.0121177
0.0122394
0.0123514
0.0124537
0.0125465
0.0126298
0.0127035
0.0127683
0.012828
0.012904
0.0130845
0.0136332
0.0149755
0.0170033
0.0184784
0.0191196
0.0193262
0.0193926
0.0194268
0.0194576
0.019491
0.0195285
0.0195703
0.0196168
0.0196684
0.0197254
0.0197885
0.0198581
0.0199351
0.0200202
0.0201144
0.0202188
0.0203344
0.0204625
0.0206046
0.0207621
0.0209365
0.0211289
0.0213406
0.0215727
0.0218276
0.0221065
0.0223963
0.0226818
0.022962
0.023237
0.0235054
0.0237658
0.024017
0.0242583
0.0244893
0.0247095
0.0249188
0.0251172
0.0253047
0.0254815
0.0256476
0.0258033
0.0259489
0.0260846
0.0262107
0.0263277
0.0264357
0.026535
0.026626
0.0267087
0.0267832
0.0268494
0.0269067
0.0269536
0.0269888
0.0270148
0.0270336
0.0270465
0.0270542
0.0270571
2.50127e-06
2.51263e-06
2.52242e-06
2.53146e-06
2.54028e-06
2.54927e-06
2.55891e-06
2.56995e-06
2.58267e-06
2.59698e-06
2.61289e-06
2.63044e-06
2.64975e-06
2.67095e-06
2.69423e-06
2.71981e-06
2.74794e-06
2.77896e-06
2.81322e-06
2.85118e-06
2.89334e-06
2.94033e-06
2.99285e-06
3.05175e-06
3.11805e-06
3.19291e-06
3.27772e-06
3.37408e-06
3.48384e-06
3.60906e-06
3.75196e-06
3.91492e-06
4.1006e-06
4.31304e-06
4.55586e-06
4.81964e-06
5.09259e-06
5.37391e-06
5.6636e-06
5.95972e-06
6.26017e-06
6.56287e-06
6.86595e-06
7.16768e-06
7.46643e-06
7.76067e-06
8.04892e-06
8.32978e-06
8.60192e-06
8.8641e-06
9.11517e-06
9.354e-06
9.57956e-06
9.79082e-06
9.98684e-06
1.01676e-05
1.0339e-05
1.0541e-05
1.09925e-05
1.274e-05
1.99235e-05
4.44915e-05
0.000105008
0.000195928
0.000262874
0.000292448
0.000302028
0.000304997
0.000306432
0.000307703
0.000309114
0.000310733
0.000312583
0.000314683
0.000317059
0.000319742
0.000322771
0.000326193
0.000330062
0.000334444
0.000339416
0.000345069
0.000351511
0.000358867
0.000367279
0.000376911
0.000387942
0.000400562
0.00041497
0.000431383
0.000450128
0.000471481
0.000494545
0.000518252
0.000542503
0.000567256
0.000592315
0.000617471
0.000642532
0.000667328
0.00069171
0.000715548
0.000738727
0.000761142
0.000782705
0.000803337
0.000822971
0.000841553
0.000859033
0.00087537
0.000890524
0.000904456
0.000917135
0.000928639
0.000939694
0.000954528
0.000993618
0.00113818
0.00162244
0.00280942
0.00458797
0.00589347
0.00646801
0.00665224
0.00670722
0.00673171
0.00675227
0.00677477
0.00680044
0.00682961
0.00686256
0.00689961
0.00694114
0.00698763
0.00703962
0.00709776
0.00716279
0.00723555
0.007317
0.00740822
0.00751039
0.00762483
0.0077529
0.00789601
0.00805545
0.00823241
0.00842806
0.00864464
0.00888354
0.00913331
0.00938129
0.00962635
0.00986816
0.010105
0.0103353
0.0105577
0.0107712
0.0109753
0.0111693
0.0113531
0.0115264
0.0116893
0.0118417
0.0119838
0.0121157
0.0122376
0.0123497
0.0124522
0.0125451
0.0126285
0.0127024
0.0127674
0.0128279
0.0129062
0.0130931
0.0136519
0.0149915
0.0169902
0.0184585
0.0191089
0.0193226
0.0193916
0.0194267
0.0194577
0.0194912
0.0195287
0.0195706
0.0196172
0.0196689
0.019726
0.0197891
0.0198589
0.019936
0.0200212
0.0201156
0.0202201
0.0203358
0.0204641
0.0206064
0.0207641
0.0209385
0.021131
0.0213426
0.0215744
0.0218285
0.0221065
0.0223952
0.0226798
0.0229594
0.023234
0.0235022
0.0237624
0.0240136
0.0242549
0.0244858
0.0247061
0.0249155
0.025114
0.0253016
0.0254785
0.0256447
0.0258005
0.0259462
0.0260821
0.0262084
0.0263254
0.0264335
0.026533
0.026624
0.0267068
0.0267815
0.0268478
0.0269052
0.0269522
0.0269876
0.0270139
0.0270328
0.0270457
0.0270534
0.0270563
0.0270896
0.0270859
0.0270809
0.0270746
0.027067
0.0270579
0.0270474
0.0270354
0.0270219
0.0270069
0.0269904
0.0269723
0.0269526
0.0269313
0.0269084
0.026884
0.026858
0.0268304
0.0268014
0.026771
0.0267393
0.0267063
0.0266722
0.0266372
0.0266013
0.0265648
0.0265279
0.0264908
0.026454
0.0264176
0.0263821
0.0263479
0.0263156
0.0262854
0.0262581
0.0262342
0.0262141
0.0261984
0.0261876
0.0261821
0.0270827
0.0270793
0.0270746
0.0270685
0.027061
0.027052
0.0270416
0.0270297
0.0270162
0.0270012
0.0269847
0.0269666
0.0269469
0.0269256
0.0269027
0.0268782
0.0268521
0.0268246
0.0267956
0.0267652
0.0267334
0.0267004
0.0266664
0.0266313
0.0265955
0.026559
0.0265222
0.0264853
0.0264486
0.0264124
0.0263771
0.0263431
0.0263109
0.0262811
0.026254
0.0262303
0.0262105
0.026195
0.0261844
0.0261789
0.0270766
0.0270734
0.0270689
0.0270629
0.0270555
0.0270467
0.0270363
0.0270244
0.027011
0.026996
0.0269795
0.0269614
0.0269416
0.0269203
0.0268974
0.0268729
0.0268468
0.0268192
0.0267902
0.0267598
0.026728
0.026695
0.026661
0.026626
0.0265902
0.0265538
0.0265171
0.0264803
0.0264437
0.0264076
0.0263725
0.0263387
0.0263068
0.0262772
0.0262503
0.0262268
0.0262072
0.0261919
0.0261814
0.0261761
0.0270712
0.0270683
0.0270639
0.027058
0.0270507
0.0270419
0.0270316
0.0270197
0.0270063
0.0269913
0.0269748
0.0269566
0.0269369
0.0269155
0.0268926
0.0268681
0.026842
0.0268144
0.0267853
0.0267549
0.0267231
0.0266902
0.0266561
0.0266212
0.0265854
0.0265491
0.0265125
0.0264758
0.0264393
0.0264034
0.0263684
0.0263348
0.0263031
0.0262737
0.0262471
0.0262238
0.0262044
0.0261892
0.0261789
0.0261736
0.0270666
0.0270638
0.0270595
0.0270537
0.0270465
0.0270377
0.0270274
0.0270156
0.0270022
0.0269872
0.0269706
0.0269525
0.0269327
0.0269113
0.0268884
0.0268638
0.0268377
0.0268101
0.026781
0.0267506
0.0267189
0.0266859
0.0266519
0.0266169
0.0265812
0.026545
0.0265084
0.0264718
0.0264354
0.0263997
0.0263648
0.0263314
0.0262999
0.0262706
0.0262442
0.0262211
0.0262019
0.0261869
0.0261767
0.0261714
0.0270628
0.02706
0.0270558
0.0270501
0.0270429
0.0270341
0.0270239
0.027012
0.0269986
0.0269836
0.0269671
0.0269489
0.0269291
0.0269077
0.0268847
0.0268602
0.026834
0.0268064
0.0267774
0.0267469
0.0267152
0.0266822
0.0266482
0.0266133
0.0265777
0.0265415
0.026505
0.0264684
0.0264322
0.0263965
0.0263618
0.0263286
0.0262971
0.0262681
0.0262418
0.0262189
0.0261998
0.026185
0.0261748
0.0261697
0.0270597
0.027057
0.0270528
0.0270472
0.02704
0.0270312
0.0270209
0.0270091
0.0269957
0.0269807
0.0269641
0.0269459
0.0269261
0.0269047
0.0268817
0.0268571
0.026831
0.0268034
0.0267743
0.0267439
0.0267121
0.0266792
0.0266452
0.0266104
0.0265747
0.0265386
0.0265022
0.0264657
0.0264295
0.0263939
0.0263594
0.0263262
0.0262949
0.026266
0.0262399
0.0262171
0.0261981
0.0261834
0.0261733
0.0261682
0.0270573
0.0270547
0.0270506
0.0270449
0.0270377
0.027029
0.0270187
0.0270068
0.0269934
0.0269784
0.0269618
0.0269436
0.0269238
0.0269024
0.0268794
0.0268548
0.0268287
0.0268011
0.026772
0.0267415
0.0267098
0.0266769
0.0266429
0.0266081
0.0265725
0.0265364
0.0265
0.0264636
0.0264275
0.026392
0.0263575
0.0263244
0.0262933
0.0262644
0.0262384
0.0262157
0.0261968
0.0261822
0.0261722
0.0261671
0.0270558
0.0270532
0.027049
0.0270434
0.0270362
0.0270274
0.0270171
0.0270053
0.0269919
0.0269769
0.0269603
0.0269421
0.0269222
0.0269008
0.0268778
0.0268532
0.0268271
0.0267995
0.0267704
0.0267399
0.0267082
0.0266753
0.0266414
0.0266065
0.026571
0.0265349
0.0264985
0.0264622
0.0264261
0.0263906
0.0263562
0.0263232
0.0262921
0.0262634
0.0262374
0.0262148
0.026196
0.0261814
0.0261715
0.0261664
0.027055
0.0270524
0.0270483
0.0270426
0.0270354
0.0270266
0.0270164
0.0270045
0.0269911
0.0269761
0.0269595
0.0269412
0.0269214
0.0269
0.026877
0.0268524
0.0268263
0.0267986
0.0267696
0.0267391
0.0267074
0.0266745
0.0266406
0.0266057
0.0265702
0.0265341
0.0264978
0.0264614
0.0264254
0.02639
0.0263556
0.0263226
0.0262915
0.0262628
0.0262369
0.0262144
0.0261956
0.026181
0.0261711
0.0261661
)
;

boundaryField
{
    In
    {
        type            fixedValue;
        value           uniform 0;
    }
    Out
    {
        type            zeroGradient;
    }
    Bottom
    {
        type            zeroGradient;
    }
    Top
    {
        type            zeroGradient;
    }
    DefaultFaces
    {
        type            empty;
    }
}


// ************************************************************************* //
