/*--------------------------------*- C++ -*----------------------------------*\
  =========                 |
  \\      /  F ield         | OpenFOAM: The Open Source CFD Toolbox
   \\    /   O peration     | Website:  https://openfoam.org
    \\  /    A nd           | Version:  10
     \\/     M anipulation  |
\*---------------------------------------------------------------------------*/
FoamFile
{
    format      ascii;
    class       volScalarField;
    location    "5.000001";
    object      c_Top_P3_R;
}
// * * * * * * * * * * * * * * * * * * * * * * * * * * * * * * * * * * * * * //

dimensions      [0 0 0 0 0 0 0];

internalField   nonuniform List<scalar> 
44800
(
2.08874e-10
7.07608e-10
1.29922e-09
1.99807e-09
2.81776e-09
3.77149e-09
4.87197e-09
6.13097e-09
7.55878e-09
9.16356e-09
1.09507e-08
1.2922e-08
1.50753e-08
1.74038e-08
1.98954e-08
2.2533e-08
2.52943e-08
2.81521e-08
3.1075e-08
3.40283e-08
3.69752e-08
3.98785e-08
4.27015e-08
4.54102e-08
4.79745e-08
5.03692e-08
5.25753e-08
5.45802e-08
5.63782e-08
5.79697e-08
5.9361e-08
6.05632e-08
6.15913e-08
6.24627e-08
6.31962e-08
6.3811e-08
6.4326e-08
6.47585e-08
6.51243e-08
6.54372e-08
2.06601e-10
7.01541e-10
1.29121e-09
1.98866e-09
2.80712e-09
3.75972e-09
4.8592e-09
6.11737e-09
7.54455e-09
9.14897e-09
1.0936e-08
1.29077e-08
1.50618e-08
1.73914e-08
1.98847e-08
2.25244e-08
2.52883e-08
2.8149e-08
3.1075e-08
3.40317e-08
3.69821e-08
3.98886e-08
4.27147e-08
4.54262e-08
4.79928e-08
5.03893e-08
5.25965e-08
5.4602e-08
5.64e-08
5.7991e-08
5.93814e-08
6.05824e-08
6.1609e-08
6.24787e-08
6.32106e-08
6.38238e-08
6.43373e-08
6.47684e-08
6.51331e-08
6.5445e-08
2.03283e-10
6.92135e-10
1.27777e-09
1.97218e-09
2.78801e-09
3.73829e-09
4.83573e-09
6.09219e-09
7.51808e-09
9.12174e-09
1.09087e-08
1.28809e-08
1.50364e-08
1.73683e-08
1.98647e-08
2.25085e-08
2.52772e-08
2.81435e-08
3.10756e-08
3.40386e-08
3.69955e-08
3.99083e-08
4.27403e-08
4.5457e-08
4.80278e-08
5.04275e-08
5.26369e-08
5.46434e-08
5.64413e-08
5.80313e-08
5.94199e-08
6.06184e-08
6.16422e-08
6.25088e-08
6.32374e-08
6.38476e-08
6.43581e-08
6.47866e-08
6.5149e-08
6.54589e-08
1.99553e-10
6.81043e-10
1.2609e-09
1.95061e-09
2.76241e-09
3.70912e-09
4.80344e-09
6.0573e-09
7.48124e-09
9.0837e-09
1.08704e-08
1.28434e-08
1.50008e-08
1.73359e-08
1.98368e-08
2.24864e-08
2.5262e-08
2.81361e-08
3.10769e-08
3.40491e-08
3.70151e-08
3.99369e-08
4.27772e-08
4.55011e-08
4.8078e-08
5.04822e-08
5.26945e-08
5.47023e-08
5.65e-08
5.80883e-08
5.94741e-08
6.06691e-08
6.16886e-08
6.25506e-08
6.32747e-08
6.38803e-08
6.43866e-08
6.48113e-08
6.51703e-08
6.54773e-08
1.95749e-10
6.69267e-10
1.24202e-09
1.9256e-09
2.732e-09
3.67393e-09
4.76408e-09
6.01446e-09
7.43574e-09
9.03654e-09
1.08227e-08
1.27966e-08
1.49565e-08
1.72956e-08
1.98022e-08
2.2459e-08
2.52434e-08
2.81275e-08
3.10793e-08
3.4063e-08
3.70407e-08
3.99737e-08
4.28244e-08
4.55574e-08
4.81417e-08
5.05515e-08
5.27673e-08
5.47766e-08
5.65737e-08
5.81598e-08
5.9542e-08
6.07322e-08
6.17462e-08
6.26024e-08
6.33204e-08
6.39203e-08
6.44212e-08
6.48409e-08
6.51955e-08
6.54987e-08
1.92038e-10
6.57392e-10
1.22217e-09
1.89841e-09
2.69821e-09
3.63424e-09
4.7192e-09
5.96523e-09
7.38317e-09
8.98184e-09
1.07673e-08
1.27422e-08
1.49048e-08
1.72486e-08
1.97619e-08
2.24273e-08
2.52221e-08
2.81181e-08
3.10829e-08
3.40803e-08
3.70717e-08
4.0018e-08
4.28809e-08
4.56246e-08
4.82176e-08
5.06338e-08
5.28535e-08
5.48643e-08
5.66606e-08
5.82438e-08
5.96214e-08
6.08057e-08
6.1813e-08
6.2662e-08
6.33729e-08
6.39658e-08
6.44602e-08
6.4874e-08
6.52232e-08
6.55216e-08
1.88496e-10
6.45748e-10
1.20202e-09
1.87005e-09
2.66223e-09
3.59134e-09
4.67019e-09
5.91105e-09
7.32497e-09
8.92104e-09
1.07056e-08
1.26814e-08
1.4847e-08
1.71961e-08
1.97169e-08
2.23921e-08
2.51987e-08
2.81083e-08
3.10879e-08
3.41008e-08
3.71079e-08
4.00692e-08
4.29459e-08
4.57017e-08
4.83043e-08
5.07275e-08
5.29514e-08
5.49635e-08
5.67586e-08
5.83382e-08
5.97103e-08
6.08877e-08
6.18872e-08
6.2728e-08
6.34305e-08
6.40154e-08
6.45022e-08
6.4909e-08
6.5252e-08
6.55448e-08
1.85147e-10
6.34508e-10
1.18204e-09
1.84124e-09
2.62501e-09
3.54634e-09
4.61823e-09
5.85317e-09
7.26246e-09
8.85544e-09
1.06387e-08
1.26154e-08
1.47843e-08
1.71391e-08
1.96682e-08
2.23542e-08
2.51739e-08
2.80984e-08
3.10944e-08
3.41245e-08
3.71488e-08
4.01267e-08
4.30185e-08
4.57873e-08
4.84004e-08
5.08311e-08
5.30593e-08
5.50726e-08
5.68659e-08
5.84413e-08
5.9807e-08
6.09765e-08
6.19671e-08
6.27985e-08
6.34917e-08
6.40675e-08
6.45458e-08
6.49449e-08
6.52808e-08
6.55672e-08
1.81992e-10
6.23756e-10
1.16252e-09
1.81255e-09
2.58731e-09
3.50016e-09
4.56438e-09
5.79272e-09
7.19678e-09
8.78623e-09
1.0568e-08
1.25455e-08
1.47177e-08
1.70786e-08
1.96167e-08
2.23143e-08
2.51481e-08
2.80888e-08
3.11025e-08
3.41511e-08
3.7194e-08
4.01897e-08
4.30978e-08
4.58805e-08
4.85047e-08
5.09431e-08
5.31757e-08
5.51899e-08
5.6981e-08
5.85513e-08
5.99098e-08
6.10704e-08
6.20511e-08
6.28722e-08
6.35551e-08
6.4121e-08
6.459e-08
6.49805e-08
6.53086e-08
6.55878e-08
1.79022e-10
6.13519e-10
1.14365e-09
1.78434e-09
2.5497e-09
3.45354e-09
4.50949e-09
5.73065e-09
7.12896e-09
8.71445e-09
1.04944e-08
1.24726e-08
1.46482e-08
1.70155e-08
1.9563e-08
2.2273e-08
2.51217e-08
2.80797e-08
3.11122e-08
3.41806e-08
3.72432e-08
4.02577e-08
4.31829e-08
4.59802e-08
4.86159e-08
5.10623e-08
5.32991e-08
5.53139e-08
5.71021e-08
5.86667e-08
6.00171e-08
6.1168e-08
6.21379e-08
6.29478e-08
6.36195e-08
6.41747e-08
6.46336e-08
6.50149e-08
6.53345e-08
6.56057e-08
6.58088e-08
6.61984e-08
6.65399e-08
6.68554e-08
6.71594e-08
6.74636e-08
6.77825e-08
6.8141e-08
6.85498e-08
6.9007e-08
6.95129e-08
7.00688e-08
7.0678e-08
7.13446e-08
7.2074e-08
7.28728e-08
7.37489e-08
7.47117e-08
7.57723e-08
7.69438e-08
7.82417e-08
7.9684e-08
8.12924e-08
8.30921e-08
8.51131e-08
8.73906e-08
8.99662e-08
9.28879e-08
9.62113e-08
9.9998e-08
1.04315e-07
1.09233e-07
1.14833e-07
1.21236e-07
1.28554e-07
1.36506e-07
1.44735e-07
1.53219e-07
1.61958e-07
1.70896e-07
1.79972e-07
1.89125e-07
1.983e-07
2.07442e-07
2.16505e-07
2.25439e-07
2.34199e-07
2.4274e-07
2.51023e-07
2.59006e-07
2.66652e-07
2.73928e-07
2.80798e-07
2.87229e-07
2.93193e-07
2.98693e-07
3.03937e-07
3.1032e-07
3.25459e-07
3.85718e-07
6.34879e-07
1.48775e-06
3.58879e-06
6.7463e-06
9.07387e-06
1.01052e-05
1.04426e-05
1.05505e-05
1.06054e-05
1.06551e-05
1.07103e-05
1.07732e-05
1.08448e-05
1.09258e-05
1.10172e-05
1.11203e-05
1.12364e-05
1.13673e-05
1.15152e-05
1.16826e-05
1.18725e-05
1.20884e-05
1.23345e-05
1.26158e-05
1.2938e-05
1.33077e-05
1.37321e-05
1.42191e-05
1.47772e-05
1.54155e-05
1.61479e-05
1.69868e-05
1.78985e-05
1.88421e-05
1.98145e-05
2.08146e-05
2.18354e-05
2.28688e-05
2.39074e-05
2.49442e-05
2.59732e-05
2.69884e-05
2.79848e-05
2.89571e-05
2.99008e-05
3.08118e-05
3.1686e-05
3.25201e-05
3.33106e-05
3.40547e-05
3.47494e-05
3.5392e-05
3.5982e-05
3.65329e-05
3.71412e-05
3.83382e-05
4.26659e-05
6.01675e-05
0.00011977
0.000266246
0.000485816
0.000647069
0.000718155
0.000741122
0.000748197
0.000751581
0.000754562
0.000757869
0.00076166
0.000765989
0.000770903
0.000776461
0.000782733
0.000789809
0.000797793
0.000806811
0.000817012
0.000828571
0.000841693
0.000856617
0.000873623
0.00089303
0.000915198
0.000940519
0.000969408
0.00100229
0.00103964
0.00108215
0.00113044
0.00118242
0.00123567
0.00128995
0.00134518
0.0014009
0.00145667
0.00151206
0.0015667
0.00162029
0.00167254
0.00172322
0.0017721
0.00181901
0.00186379
0.00190632
0.00194648
0.00198419
0.00201937
0.00205194
0.00208184
0.002109
0.00213355
0.00215675
0.00218607
0.00225777
0.00251538
0.00337183
0.00546403
0.00859116
0.0108821
0.0118898
0.0122137
0.0123112
0.0123553
0.0123925
0.0124332
0.0124795
0.012532
0.0125911
0.0126575
0.0127318
0.0128148
0.0129075
0.013011
0.0131267
0.013256
0.0134006
0.0135624
0.0137437
0.0139467
0.014174
0.0144281
0.0147116
0.0150267
0.015376
0.0157637
0.0161929
0.0166437
0.0170939
0.0175422
0.0179883
0.0184297
0.0188636
0.019288
0.0197013
0.0201022
0.0204898
0.0208636
0.021223
0.0215676
0.0218974
0.022212
0.0225115
0.022796
0.0230656
0.0233204
0.0235605
0.0237862
0.0239975
0.0241946
0.0243772
0.0245452
0.0246977
0.0248335
0.0249491
0.0250436
0.0251229
0.0251913
0.025251
0.0253038
0.0253505
6.58153e-08
6.62038e-08
6.65444e-08
6.68591e-08
6.71622e-08
6.7465e-08
6.77824e-08
6.814e-08
6.85481e-08
6.90047e-08
6.95097e-08
7.00648e-08
7.06731e-08
7.13387e-08
7.20671e-08
7.28647e-08
7.37395e-08
7.47008e-08
7.57597e-08
7.69293e-08
7.82251e-08
7.9665e-08
8.12707e-08
8.30673e-08
8.50848e-08
8.73584e-08
8.99296e-08
9.28468e-08
9.61654e-08
9.99476e-08
1.04261e-07
1.0918e-07
1.14784e-07
1.21201e-07
1.28542e-07
1.36522e-07
1.44779e-07
1.53284e-07
1.6204e-07
1.70991e-07
1.80076e-07
1.89236e-07
1.98416e-07
2.07562e-07
2.16627e-07
2.25562e-07
2.34323e-07
2.42864e-07
2.51144e-07
2.59125e-07
2.66769e-07
2.7404e-07
2.80905e-07
2.87331e-07
2.93289e-07
2.98776e-07
3.03979e-07
3.10171e-07
3.24429e-07
3.81217e-07
6.20385e-07
1.45755e-06
3.56301e-06
6.76651e-06
9.10527e-06
1.0122e-05
1.04481e-05
1.05517e-05
1.06054e-05
1.06547e-05
1.07096e-05
1.07724e-05
1.08439e-05
1.09247e-05
1.1016e-05
1.11188e-05
1.12347e-05
1.13654e-05
1.1513e-05
1.168e-05
1.18695e-05
1.2085e-05
1.23307e-05
1.26114e-05
1.29331e-05
1.33021e-05
1.3726e-05
1.42126e-05
1.47705e-05
1.54093e-05
1.61434e-05
1.69849e-05
1.78998e-05
1.88466e-05
1.98214e-05
2.08235e-05
2.18456e-05
2.28801e-05
2.39194e-05
2.49567e-05
2.59861e-05
2.70016e-05
2.79979e-05
2.89702e-05
2.99138e-05
3.08245e-05
3.16984e-05
3.2532e-05
3.33221e-05
3.40656e-05
3.47596e-05
3.54015e-05
3.59903e-05
3.65381e-05
3.71327e-05
3.82678e-05
4.23525e-05
5.91568e-05
0.000117667
0.00026446
0.000487231
0.000649246
0.000719308
0.000741496
0.00074827
0.000751569
0.000754526
0.000757822
0.000761604
0.000765924
0.000770828
0.000776375
0.000782635
0.000789696
0.000797665
0.000806665
0.000816846
0.000828383
0.000841479
0.000856375
0.00087335
0.000892724
0.000914859
0.00094015
0.000969018
0.0010019
0.00103928
0.00108189
0.00113033
0.0011825
0.00123593
0.00129035
0.00134567
0.00140146
0.00145728
0.0015127
0.00156736
0.00162096
0.00167322
0.00172389
0.00177276
0.00181965
0.00186442
0.00190692
0.00194705
0.00198473
0.00201987
0.00205241
0.00208227
0.00210939
0.00213387
0.00215684
0.00218525
0.00225344
0.00250107
0.00334196
0.00543876
0.00861148
0.0109131
0.0119063
0.0122191
0.0123123
0.0123552
0.0123921
0.0124327
0.0124789
0.0125312
0.0125903
0.0126565
0.0127307
0.0128135
0.0129061
0.0130094
0.0131249
0.013254
0.0133984
0.01356
0.013741
0.0139437
0.0141708
0.0144247
0.0147081
0.0150233
0.015373
0.0157617
0.0161924
0.0166447
0.0170965
0.0175458
0.0179926
0.0184344
0.0188687
0.0192932
0.0197065
0.0201074
0.020495
0.0208687
0.021228
0.0215726
0.0219021
0.0222166
0.022516
0.0228003
0.0230697
0.0233243
0.0235642
0.0237897
0.0240008
0.0241977
0.0243801
0.0245479
0.0247002
0.0248359
0.0249512
0.0250452
0.0251241
0.0251921
0.0252518
0.0253045
0.0253511
6.58265e-08
6.62127e-08
6.65513e-08
6.68639e-08
6.71641e-08
6.74628e-08
6.77753e-08
6.81296e-08
6.85352e-08
6.89889e-08
6.94911e-08
7.0043e-08
7.0648e-08
7.13101e-08
7.20346e-08
7.2828e-08
7.36981e-08
7.46542e-08
7.57073e-08
7.68704e-08
7.81588e-08
7.95905e-08
8.11869e-08
8.29731e-08
8.49789e-08
8.72395e-08
8.97966e-08
9.26986e-08
9.60022e-08
9.97711e-08
1.04076e-07
1.08998e-07
1.14626e-07
1.21099e-07
1.28518e-07
1.36592e-07
1.4495e-07
1.53537e-07
1.62353e-07
1.71349e-07
1.80467e-07
1.89652e-07
1.98848e-07
2.08007e-07
2.17078e-07
2.26016e-07
2.34775e-07
2.4331e-07
2.51582e-07
2.59551e-07
2.67179e-07
2.74432e-07
2.81277e-07
2.87679e-07
2.9361e-07
2.99061e-07
3.04181e-07
3.1006e-07
3.22926e-07
3.74204e-07
5.97251e-07
1.40849e-06
3.52051e-06
6.79919e-06
9.15595e-06
1.01485e-05
1.04563e-05
1.05527e-05
1.06042e-05
1.06527e-05
1.07071e-05
1.07694e-05
1.08403e-05
1.09206e-05
1.10112e-05
1.11133e-05
1.12284e-05
1.13582e-05
1.15048e-05
1.16707e-05
1.1859e-05
1.2073e-05
1.23171e-05
1.25961e-05
1.29158e-05
1.3283e-05
1.37052e-05
1.41907e-05
1.47488e-05
1.53902e-05
1.61305e-05
1.6981e-05
1.79066e-05
1.8865e-05
1.98492e-05
2.08582e-05
2.18853e-05
2.29234e-05
2.39653e-05
2.50044e-05
2.60348e-05
2.70508e-05
2.80472e-05
2.9019e-05
2.99617e-05
3.08712e-05
3.17435e-05
3.25752e-05
3.33631e-05
3.41042e-05
3.47956e-05
3.54345e-05
3.60196e-05
3.65604e-05
3.71318e-05
3.81683e-05
4.18666e-05
5.75449e-05
0.000114251
0.000261515
0.000489519
0.00065276
0.000721133
0.000742052
0.000748336
0.000751486
0.000754389
0.000757651
0.000761402
0.000765689
0.000770558
0.000776065
0.000782282
0.000789295
0.000797209
0.000806148
0.000816261
0.000827721
0.000840732
0.000855534
0.000872408
0.000891674
0.000913703
0.000938901
0.000967713
0.00100062
0.00103816
0.00108115
0.00113012
0.0011829
0.00123697
0.0012919
0.00134759
0.00140363
0.00145962
0.00151515
0.00156987
0.00162349
0.00167574
0.00172638
0.0017752
0.00182202
0.0018667
0.00190909
0.00194911
0.00198666
0.00202168
0.00205408
0.00208379
0.00211074
0.002135
0.00215753
0.0021844
0.00224694
0.00247837
0.00329349
0.00539713
0.00864436
0.0109632
0.0119323
0.0122272
0.0123135
0.0123543
0.0123906
0.0124307
0.0124765
0.0125285
0.0125872
0.012653
0.0127266
0.012809
0.012901
0.0130037
0.0131185
0.0132468
0.0133904
0.0135512
0.0137313
0.0139332
0.0141594
0.0144127
0.0146959
0.0150117
0.0153633
0.0157557
0.0161912
0.0166489
0.0171059
0.0175591
0.0180086
0.018452
0.0188872
0.0193123
0.0197258
0.0201267
0.0205142
0.0208876
0.0212465
0.0215905
0.0219195
0.0222334
0.0225321
0.0228157
0.0230844
0.0233382
0.0235774
0.0238021
0.0240125
0.0242085
0.0243901
0.0245571
0.0247086
0.0248435
0.0249578
0.0250499
0.0251274
0.0251945
0.0252537
0.0253061
0.0253525
6.5841e-08
6.62234e-08
6.65586e-08
6.68672e-08
6.71618e-08
6.74523e-08
6.77551e-08
6.81022e-08
6.85021e-08
6.89496e-08
6.94454e-08
6.99907e-08
7.05886e-08
7.12431e-08
7.19594e-08
7.27438e-08
7.3604e-08
7.45491e-08
7.559e-08
7.67395e-08
7.80126e-08
7.94271e-08
8.10042e-08
8.27688e-08
8.47505e-08
8.69845e-08
8.95126e-08
9.23841e-08
9.56573e-08
9.93999e-08
1.0369e-07
1.08621e-07
1.14304e-07
1.20895e-07
1.28481e-07
1.36755e-07
1.45327e-07
1.54088e-07
1.63036e-07
1.72127e-07
1.81315e-07
1.9055e-07
1.99782e-07
2.08964e-07
2.18049e-07
2.2699e-07
2.35743e-07
2.44265e-07
2.52515e-07
2.60455e-07
2.68048e-07
2.75259e-07
2.82057e-07
2.88406e-07
2.94277e-07
2.99655e-07
3.0465e-07
3.10146e-07
3.21409e-07
3.66308e-07
5.7029e-07
1.35003e-06
3.46889e-06
6.83764e-06
9.21574e-06
1.01789e-05
1.04648e-05
1.05525e-05
1.0601e-05
1.06482e-05
1.07015e-05
1.07627e-05
1.08325e-05
1.09116e-05
1.10009e-05
1.11015e-05
1.12149e-05
1.13428e-05
1.14874e-05
1.16509e-05
1.18365e-05
1.20476e-05
1.22884e-05
1.25638e-05
1.28798e-05
1.32432e-05
1.3662e-05
1.41454e-05
1.47043e-05
1.53515e-05
1.61053e-05
1.69749e-05
1.79234e-05
1.89063e-05
1.99104e-05
2.09343e-05
2.19722e-05
2.30179e-05
2.40652e-05
2.51079e-05
2.61404e-05
2.71574e-05
2.81536e-05
2.91243e-05
3.00649e-05
3.09714e-05
3.18401e-05
3.26675e-05
3.34505e-05
3.41861e-05
3.48715e-05
3.55038e-05
3.60813e-05
3.66106e-05
3.71524e-05
3.80738e-05
4.13232e-05
5.56687e-05
0.000110183
0.00025794
0.000492214
0.000656907
0.000723232
0.000742631
0.000748323
0.000751277
0.000754091
0.000757287
0.000760972
0.00076519
0.000769983
0.000775407
0.000781532
0.000788443
0.000796243
0.000805056
0.000815027
0.000826329
0.000839164
0.000853772
0.000870438
0.000889486
0.0009113
0.000936314
0.000965023
0.000997997
0.00103591
0.0010797
0.00112978
0.00118386
0.00123931
0.00129532
0.00135179
0.00140837
0.0014647
0.00152046
0.00157531
0.00162898
0.0016812
0.00173176
0.00178046
0.00182712
0.00187159
0.00191376
0.00195352
0.00199079
0.00202551
0.00205759
0.00208698
0.00211358
0.00213742
0.00215926
0.00218421
0.00224004
0.00245216
0.00323588
0.00534666
0.00868315
0.0110224
0.0119624
0.0122357
0.0123138
0.012352
0.0123871
0.0124264
0.0124715
0.0125227
0.0125804
0.0126453
0.012718
0.0127993
0.01289
0.0129915
0.0131049
0.0132317
0.0133736
0.0135326
0.0137109
0.013911
0.0141356
0.0143876
0.0146705
0.0149876
0.0153433
0.0157435
0.0161892
0.0166581
0.0171263
0.0175879
0.0180429
0.0184899
0.0189272
0.0193535
0.0197674
0.0201683
0.0205553
0.020928
0.021286
0.0216289
0.0219567
0.0222692
0.0225664
0.0228485
0.0231156
0.0233678
0.0236054
0.0238284
0.0240371
0.0242313
0.0244111
0.0245762
0.0247259
0.0248589
0.0249707
0.0250592
0.0251337
0.0251991
0.0252571
0.0253089
0.025355
6.58573e-08
6.62345e-08
6.65645e-08
6.68669e-08
6.71525e-08
6.743e-08
6.77169e-08
6.80516e-08
6.84412e-08
6.8878e-08
6.93628e-08
6.98966e-08
7.04825e-08
7.11241e-08
7.18265e-08
7.25958e-08
7.34393e-08
7.4366e-08
7.53864e-08
7.6513e-08
7.77605e-08
7.91464e-08
8.06914e-08
8.24202e-08
8.43619e-08
8.65518e-08
8.90323e-08
9.18536e-08
9.50774e-08
9.87776e-08
1.03045e-07
1.07995e-07
1.1377e-07
1.20561e-07
1.28431e-07
1.37046e-07
1.45979e-07
1.55035e-07
1.64206e-07
1.73461e-07
1.82768e-07
1.92088e-07
2.01381e-07
2.10602e-07
2.19707e-07
2.28652e-07
2.37394e-07
2.45889e-07
2.54101e-07
2.61989e-07
2.69519e-07
2.76657e-07
2.83371e-07
2.89628e-07
2.95395e-07
3.00653e-07
3.05474e-07
3.10546e-07
3.20192e-07
3.58659e-07
5.42968e-07
1.2892e-06
3.41387e-06
6.87682e-06
9.27704e-06
1.0209e-05
1.04718e-05
1.05503e-05
1.05952e-05
1.06403e-05
1.06919e-05
1.07513e-05
1.08191e-05
1.08961e-05
1.09832e-05
1.10813e-05
1.11919e-05
1.13167e-05
1.14578e-05
1.16174e-05
1.17986e-05
1.20048e-05
1.22402e-05
1.25098e-05
1.28195e-05
1.31767e-05
1.35901e-05
1.40702e-05
1.46307e-05
1.5288e-05
1.60644e-05
1.69665e-05
1.7954e-05
1.89782e-05
2.00161e-05
2.10653e-05
2.21215e-05
2.31803e-05
2.42367e-05
2.52855e-05
2.63217e-05
2.734e-05
2.83358e-05
2.93043e-05
3.02411e-05
3.11425e-05
3.20048e-05
3.28246e-05
3.3599e-05
3.4325e-05
3.49999e-05
3.56208e-05
3.61854e-05
3.6698e-05
3.72053e-05
3.80083e-05
4.08029e-05
5.37708e-05
0.000105952
0.000254131
0.000494964
0.000661161
0.000725313
0.00074312
0.00074818
0.000750899
0.000753584
0.00075667
0.000760243
0.000764342
0.000769008
0.000774292
0.000780263
0.000787003
0.000794613
0.000803214
0.000812948
0.000823987
0.00083653
0.000850819
0.00086714
0.000885829
0.000907293
0.000932009
0.000960558
0.00099366
0.0010322
0.00107734
0.00112931
0.00118562
0.00124337
0.00130121
0.001359
0.00141649
0.00147343
0.00152957
0.00158462
0.00163836
0.00169055
0.00174097
0.00178945
0.00183581
0.00187994
0.0019217
0.00196102
0.00199781
0.00203201
0.00206355
0.00209236
0.00211836
0.00214152
0.0021624
0.00218518
0.00223401
0.00242597
0.00317612
0.00529296
0.00872282
0.0110831
0.0119923
0.0122432
0.0123125
0.0123475
0.012381
0.0124191
0.0124628
0.0125127
0.012569
0.0126323
0.0127033
0.0127827
0.0128715
0.0129708
0.0130818
0.013206
0.0133452
0.0135013
0.0136766
0.0138736
0.0140955
0.0143456
0.0146279
0.0149474
0.01531
0.0157234
0.0161863
0.0166744
0.0171613
0.017637
0.0181015
0.0185545
0.0189954
0.0194236
0.0198383
0.0202391
0.0206255
0.020997
0.0213534
0.0216944
0.02202
0.0223301
0.0226249
0.0229043
0.0231687
0.0234181
0.0236528
0.023873
0.0240786
0.0242699
0.0244465
0.0246084
0.0247546
0.0248843
0.0249917
0.0250741
0.0251438
0.0252062
0.0252625
0.0253132
0.0253586
6.58739e-08
6.62443e-08
6.65674e-08
6.6861e-08
6.7134e-08
6.7393e-08
6.76568e-08
6.79725e-08
6.83464e-08
6.87667e-08
6.92351e-08
6.97517e-08
7.03196e-08
7.09422e-08
7.1624e-08
7.23708e-08
7.31897e-08
7.40891e-08
7.50793e-08
7.61722e-08
7.7382e-08
7.87258e-08
8.02238e-08
8.19002e-08
8.37836e-08
8.59095e-08
8.83208e-08
9.10696e-08
9.42224e-08
9.78622e-08
1.02098e-07
1.07077e-07
1.12989e-07
1.20072e-07
1.28366e-07
1.37494e-07
1.46959e-07
1.56456e-07
1.65961e-07
1.75462e-07
1.84948e-07
1.94399e-07
2.03782e-07
2.13062e-07
2.22197e-07
2.31146e-07
2.39869e-07
2.48324e-07
2.56474e-07
2.64283e-07
2.71716e-07
2.78741e-07
2.85327e-07
2.91441e-07
2.9705e-07
3.0213e-07
3.06721e-07
3.11341e-07
3.1946e-07
3.51941e-07
5.17529e-07
1.23084e-06
3.35948e-06
6.91316e-06
9.33455e-06
1.02361e-05
1.04763e-05
1.05453e-05
1.05862e-05
1.06284e-05
1.06774e-05
1.07341e-05
1.07991e-05
1.08731e-05
1.09567e-05
1.10512e-05
1.11577e-05
1.12779e-05
1.14138e-05
1.15678e-05
1.17426e-05
1.19416e-05
1.21691e-05
1.24301e-05
1.27308e-05
1.30791e-05
1.34847e-05
1.39604e-05
1.45233e-05
1.51957e-05
1.6005e-05
1.69557e-05
1.80018e-05
1.9087e-05
2.01752e-05
2.12623e-05
2.23461e-05
2.34245e-05
2.44948e-05
2.55527e-05
2.65943e-05
2.76147e-05
2.86096e-05
2.95746e-05
3.05057e-05
3.13992e-05
3.22516e-05
3.30597e-05
3.38209e-05
3.45323e-05
3.51912e-05
3.57947e-05
3.63402e-05
3.68296e-05
3.72977e-05
3.79861e-05
4.03543e-05
5.20085e-05
0.000101896
0.00025037
0.00049752
0.000665156
0.000727187
0.000743445
0.00074787
0.00075032
0.000752829
0.000755752
0.00075916
0.000763083
0.000767559
0.000772636
0.000778379
0.000784868
0.000792197
0.000800486
0.000809874
0.000820527
0.000832644
0.000846467
0.000862288
0.000880457
0.000901415
0.000925706
0.000954034
0.000987336
0.00102681
0.00107391
0.00112871
0.00118836
0.0012495
0.00131007
0.00136984
0.00142869
0.00148654
0.00154325
0.00159862
0.00165246
0.00170458
0.00175479
0.00180293
0.00184885
0.00189244
0.0019336
0.00197223
0.00200829
0.00204171
0.00207242
0.00210036
0.00212545
0.00214761
0.00216723
0.00218763
0.00222962
0.0024021
0.00311903
0.00524002
0.0087598
0.0111403
0.0120193
0.0122485
0.0123091
0.0123406
0.012372
0.0124081
0.0124499
0.0124977
0.0125519
0.0126129
0.0126814
0.0127581
0.0128439
0.01294
0.0130475
0.013168
0.0133031
0.0134549
0.0136258
0.0138185
0.0140364
0.0142836
0.0145653
0.0148884
0.0152613
0.0156938
0.0161824
0.0166992
0.0172137
0.0177103
0.018189
0.0186511
0.0190974
0.0195285
0.0199445
0.0203453
0.0207306
0.0211003
0.0214542
0.0217924
0.0221148
0.0224214
0.0227123
0.0229878
0.0232481
0.0234933
0.0237237
0.0239394
0.0241406
0.0243272
0.024499
0.024656
0.024797
0.0249214
0.0250219
0.0250955
0.0251584
0.0252164
0.0252702
0.0253193
0.0253636
6.58896e-08
6.62517e-08
6.65659e-08
6.6848e-08
6.71043e-08
6.73392e-08
6.75721e-08
6.78613e-08
6.82129e-08
6.86105e-08
6.90561e-08
6.95492e-08
7.00925e-08
7.06889e-08
7.13426e-08
7.20589e-08
7.28442e-08
7.37068e-08
7.4656e-08
7.57034e-08
7.68624e-08
7.81495e-08
7.95843e-08
8.11904e-08
8.29959e-08
8.50362e-08
8.73553e-08
9.0008e-08
9.3067e-08
9.66279e-08
1.00823e-07
1.05843e-07
1.1194e-07
1.19413e-07
1.28287e-07
1.3812e-07
1.48308e-07
1.58409e-07
1.68378e-07
1.78221e-07
1.87958e-07
1.9759e-07
2.071e-07
2.1646e-07
2.25637e-07
2.34591e-07
2.43285e-07
2.51682e-07
2.59745e-07
2.67442e-07
2.74737e-07
2.81602e-07
2.88009e-07
2.93922e-07
2.99311e-07
3.04146e-07
3.08442e-07
3.12576e-07
3.19299e-07
3.46499e-07
4.95285e-07
1.17811e-06
3.30858e-06
6.9441e-06
9.3847e-06
1.02583e-05
1.04777e-05
1.05375e-05
1.05735e-05
1.06121e-05
1.06575e-05
1.07106e-05
1.07717e-05
1.08415e-05
1.09206e-05
1.101e-05
1.1111e-05
1.1225e-05
1.1354e-05
1.15002e-05
1.16664e-05
1.18559e-05
1.20729e-05
1.23225e-05
1.26113e-05
1.29477e-05
1.33431e-05
1.38131e-05
1.43795e-05
1.5072e-05
1.59254e-05
1.69424e-05
1.80691e-05
1.92371e-05
2.03944e-05
2.15338e-05
2.26559e-05
2.37619e-05
2.48514e-05
2.59222e-05
2.69711e-05
2.79944e-05
2.8988e-05
2.99481e-05
3.08709e-05
3.17531e-05
3.25917e-05
3.33835e-05
3.41261e-05
3.4817e-05
3.54535e-05
3.60327e-05
3.65518e-05
3.70107e-05
3.74345e-05
3.80143e-05
4.00023e-05
5.04738e-05
9.82351e-05
0.000246854
0.000499705
0.000668646
0.000728737
0.000743568
0.000747373
0.000749518
0.000751797
0.000754501
0.000757682
0.000761365
0.000765582
0.000770379
0.000775813
0.00078196
0.000788912
0.00079678
0.000805701
0.000815836
0.000827382
0.000840581
0.000855734
0.000873211
0.000893501
0.000917232
0.000945278
0.000978859
0.00101959
0.00106932
0.00112798
0.00119222
0.00125796
0.00132226
0.00138475
0.00144551
0.00150462
0.00156213
0.00161793
0.00167192
0.00172395
0.00177386
0.00182153
0.00186682
0.00190966
0.00194996
0.00198765
0.00202268
0.00205501
0.00208458
0.00211131
0.00213512
0.00215592
0.00217394
0.00219177
0.00222728
0.00238189
0.00306779
0.00519066
0.00879155
0.0111903
0.0120419
0.0122512
0.0123034
0.012331
0.0123596
0.0123931
0.0124322
0.0124773
0.0125285
0.0125864
0.0126514
0.0127245
0.0128063
0.012898
0.0130008
0.0131162
0.0132458
0.0133919
0.0135568
0.0137437
0.0139564
0.0141998
0.0144809
0.0148088
0.0151955
0.0156537
0.0161774
0.0167335
0.0172855
0.0178106
0.0183089
0.0187835
0.0192374
0.0196728
0.0200905
0.0204913
0.0208752
0.0212425
0.0215932
0.0219273
0.0222452
0.0225469
0.0228326
0.0231026
0.0233572
0.0235966
0.023821
0.0240306
0.0242255
0.0244058
0.024571
0.0247211
0.0248547
0.0249716
0.0250624
0.0251241
0.025178
0.0252302
0.0252804
0.0253273
0.0253702
6.59034e-08
6.62556e-08
6.65588e-08
6.68265e-08
6.70622e-08
6.7267e-08
6.74611e-08
6.77156e-08
6.80377e-08
6.84056e-08
6.88218e-08
6.92844e-08
6.97961e-08
7.03589e-08
7.09767e-08
7.16539e-08
7.23965e-08
7.32121e-08
7.41093e-08
7.50989e-08
7.61936e-08
7.74091e-08
7.87641e-08
8.02816e-08
8.19892e-08
8.39222e-08
8.61263e-08
8.86593e-08
9.16023e-08
9.50662e-08
9.92137e-08
1.04287e-07
1.10615e-07
1.18576e-07
1.28192e-07
1.38934e-07
1.50049e-07
1.60933e-07
1.71507e-07
1.81801e-07
1.91871e-07
2.01744e-07
2.11422e-07
2.20888e-07
2.30118e-07
2.39077e-07
2.47733e-07
2.5605e-07
2.63997e-07
2.71543e-07
2.78656e-07
2.8531e-07
2.91478e-07
2.97127e-07
3.02225e-07
3.06739e-07
3.10665e-07
3.14272e-07
3.19728e-07
3.42446e-07
4.76896e-07
1.13303e-06
3.26314e-06
6.96782e-06
9.42518e-06
1.02748e-05
1.04758e-05
1.05265e-05
1.05571e-05
1.0591e-05
1.06319e-05
1.06803e-05
1.07364e-05
1.08008e-05
1.08741e-05
1.09571e-05
1.10511e-05
1.11573e-05
1.12776e-05
1.1414e-05
1.15694e-05
1.17469e-05
1.19506e-05
1.2186e-05
1.24598e-05
1.27817e-05
1.31645e-05
1.36274e-05
1.41985e-05
1.49163e-05
1.58248e-05
1.69264e-05
1.81572e-05
1.94313e-05
2.06779e-05
2.18858e-05
2.30583e-05
2.42007e-05
2.53158e-05
2.64034e-05
2.74622e-05
2.8489e-05
2.94808e-05
3.04343e-05
3.1346e-05
3.22134e-05
3.30334e-05
3.38036e-05
3.45218e-05
3.51856e-05
3.57926e-05
3.63399e-05
3.68243e-05
3.72445e-05
3.76178e-05
3.80948e-05
3.9755e-05
4.9213e-05
9.51102e-05
0.00024372
0.000501391
0.00067147
0.000729901
0.000743474
0.000746683
0.000748483
0.000750476
0.000752898
0.000755788
0.000759162
0.000763049
0.000767487
0.000772527
0.000778242
0.000784713
0.000792049
0.000800379
0.000809862
0.000820689
0.000833104
0.000847421
0.000864034
0.000883491
0.000906533
0.000934238
0.000968182
0.00101049
0.00106351
0.0011271
0.00119726
0.00126889
0.00133801
0.00140406
0.0014673
0.00152809
0.00158666
0.00164304
0.00169722
0.00174912
0.00179864
0.00184568
0.00189016
0.00193201
0.00197119
0.00200763
0.00204132
0.00207222
0.00210028
0.00212543
0.00214758
0.00216659
0.00218262
0.00219765
0.00222714
0.00236601
0.0030244
0.00514682
0.00881625
0.0112309
0.0120592
0.012251
0.0122952
0.0123185
0.0123436
0.0123738
0.0124095
0.0124509
0.0124984
0.0125522
0.012613
0.0126813
0.012758
0.0128441
0.0129409
0.0130499
0.0131726
0.0133114
0.0134689
0.0136485
0.0138547
0.0140935
0.0143738
0.0147079
0.0151121
0.0156026
0.0161712
0.016778
0.0173776
0.0179395
0.0184633
0.0189544
0.0194185
0.0198595
0.0202797
0.0206806
0.0210628
0.0214269
0.0217733
0.0221024
0.0224144
0.0227097
0.0229886
0.0232514
0.0234986
0.0237304
0.023947
0.0241487
0.0243355
0.0245073
0.0246639
0.024805
0.0249289
0.0250357
0.0251137
0.0251606
0.025203
0.0252479
0.0252936
0.0253376
0.0253785
6.59143e-08
6.62549e-08
6.6545e-08
6.67955e-08
6.70065e-08
6.71756e-08
6.73232e-08
6.75345e-08
6.78195e-08
6.81504e-08
6.85301e-08
6.89552e-08
6.94281e-08
6.99499e-08
7.05238e-08
7.11534e-08
7.18442e-08
7.26027e-08
7.3437e-08
7.43568e-08
7.53741e-08
7.65034e-08
7.77627e-08
7.91742e-08
8.07647e-08
8.25701e-08
8.46375e-08
8.70291e-08
8.98356e-08
9.31864e-08
9.72794e-08
1.02417e-07
1.09022e-07
1.17563e-07
1.2808e-07
1.39937e-07
1.52188e-07
1.64045e-07
1.75377e-07
1.86243e-07
1.96736e-07
2.06915e-07
2.16807e-07
2.26408e-07
2.35705e-07
2.44669e-07
2.53273e-07
2.61488e-07
2.69286e-07
2.7664e-07
2.83521e-07
2.89905e-07
2.95771e-07
3.01085e-07
3.05816e-07
3.09929e-07
3.13403e-07
3.16427e-07
3.20726e-07
3.39756e-07
4.62599e-07
1.09677e-06
3.22455e-06
6.98298e-06
9.45449e-06
1.02853e-05
1.04705e-05
1.05124e-05
1.05368e-05
1.05653e-05
1.06005e-05
1.06431e-05
1.06932e-05
1.07511e-05
1.08173e-05
1.08926e-05
1.0978e-05
1.10747e-05
1.11845e-05
1.13093e-05
1.14517e-05
1.16148e-05
1.18028e-05
1.20212e-05
1.22773e-05
1.25819e-05
1.295e-05
1.34048e-05
1.39816e-05
1.47295e-05
1.57033e-05
1.69078e-05
1.82663e-05
1.96704e-05
2.10277e-05
2.23213e-05
2.35575e-05
2.4746e-05
2.58936e-05
2.70028e-05
2.80739e-05
2.91053e-05
3.00947e-05
3.10396e-05
3.19373e-05
3.27856e-05
3.35822e-05
3.4325e-05
3.50122e-05
3.5642e-05
3.62117e-05
3.67187e-05
3.71598e-05
3.75323e-05
3.7848e-05
3.82262e-05
3.96107e-05
4.82427e-05
9.2603e-05
0.000241066
0.000502485
0.000673526
0.000730654
0.000743165
0.000745802
0.000747217
0.000748865
0.00075094
0.000753473
0.00075647
0.000759954
0.000763955
0.000768518
0.000773708
0.0007796
0.000786294
0.000793915
0.000802614
0.00081258
0.000824059
0.000837379
0.000852966
0.00087144
0.000893673
0.000920987
0.000955374
0.00099956
0.0010565
0.00112607
0.0012035
0.00128233
0.00135741
0.00142789
0.00149428
0.0015572
0.00161711
0.00167423
0.00172866
0.0017804
0.00182942
0.00187567
0.00191911
0.00195973
0.00199749
0.00203237
0.00206437
0.00209348
0.00211965
0.00214282
0.00216288
0.00217969
0.00219331
0.00220528
0.00222916
0.00235468
0.00299001
0.00510988
0.00883258
0.0112607
0.0120707
0.0122479
0.0122847
0.0123032
0.0123241
0.0123501
0.0123816
0.0124187
0.0124615
0.0125104
0.0125659
0.0126284
0.012699
0.0127784
0.0128679
0.0129691
0.0130835
0.0132136
0.0133622
0.013533
0.0137315
0.0139649
0.0142445
0.0145863
0.0150115
0.0155405
0.0161637
0.0168327
0.0174904
0.0180976
0.018653
0.019165
0.0196421
0.0200905
0.0205139
0.0209151
0.0212953
0.0216556
0.0219968
0.0223195
0.0226243
0.0229116
0.023182
0.0234359
0.0236738
0.0238961
0.024103
0.0242948
0.0244714
0.0246329
0.0247785
0.0249084
0.0250202
0.025114
0.0251761
0.025205
0.025234
0.0252699
0.02531
0.0253503
0.0253888
6.59215e-08
6.62489e-08
6.65238e-08
6.67542e-08
6.69365e-08
6.70646e-08
6.71585e-08
6.73183e-08
6.75583e-08
6.7845e-08
6.81813e-08
6.8562e-08
6.89891e-08
6.94626e-08
6.99849e-08
7.0559e-08
7.11892e-08
7.18813e-08
7.26424e-08
7.34814e-08
7.4409e-08
7.54388e-08
7.65881e-08
7.78777e-08
7.93343e-08
8.0994e-08
8.29059e-08
8.51373e-08
8.779e-08
9.10146e-08
9.50484e-08
1.00263e-07
1.07182e-07
1.16384e-07
1.2795e-07
1.41123e-07
1.54715e-07
1.67737e-07
1.7999e-07
1.91557e-07
2.02571e-07
2.1313e-07
2.23285e-07
2.33053e-07
2.42431e-07
2.51399e-07
2.5994e-07
2.68027e-07
2.7564e-07
2.82756e-07
2.89351e-07
2.95406e-07
3.00902e-07
3.05807e-07
3.10089e-07
3.13714e-07
3.16649e-07
3.19026e-07
3.22244e-07
3.3833e-07
4.52379e-07
1.06994e-06
3.19375e-06
6.98861e-06
9.47176e-06
1.02896e-05
1.0462e-05
1.04954e-05
1.0513e-05
1.05349e-05
1.05636e-05
1.05993e-05
1.06422e-05
1.06925e-05
1.07504e-05
1.08167e-05
1.08922e-05
1.0978e-05
1.10756e-05
1.1187e-05
1.13144e-05
1.1461e-05
1.1631e-05
1.18301e-05
1.20662e-05
1.23512e-05
1.27027e-05
1.31486e-05
1.37321e-05
1.45141e-05
1.55624e-05
1.68865e-05
1.83956e-05
1.9953e-05
2.14429e-05
2.28403e-05
2.41545e-05
2.53999e-05
2.65876e-05
2.77233e-05
2.88098e-05
2.98466e-05
3.08329e-05
3.17672e-05
3.26475e-05
3.34724e-05
3.42403e-05
3.49496e-05
3.5599e-05
3.61871e-05
3.67116e-05
3.71697e-05
3.75581e-05
3.78734e-05
3.81234e-05
3.84047e-05
3.95622e-05
4.75617e-05
9.07568e-05
0.000238955
0.000502921
0.000674754
0.000730992
0.000742654
0.000744744
0.000745729
0.000746973
0.00074864
0.00075075
0.000753303
0.000756314
0.000759804
0.000763812
0.000768393
0.000773612
0.000779565
0.000786366
0.000794163
0.000803139
0.000813546
0.000825727
0.000840148
0.000857507
0.00087883
0.000905714
0.000940618
0.000986952
0.00104835
0.0011249
0.00121089
0.00129821
0.0013804
0.00145625
0.00152648
0.001592
0.00165358
0.00171161
0.00176636
0.00181791
0.00186631
0.0019116
0.00195378
0.00199289
0.00202893
0.00206191
0.00209187
0.00211882
0.00214271
0.00216348
0.00218103
0.00219518
0.00220595
0.00221455
0.00223321
0.00234786
0.00296523
0.00508074
0.00883958
0.0112788
0.0120764
0.0122422
0.0122719
0.0122851
0.0123011
0.0123223
0.0123488
0.0123807
0.012418
0.0124611
0.0125104
0.0125663
0.0126295
0.0127012
0.0127823
0.0128744
0.0129792
0.0130992
0.0132375
0.0133984
0.0135881
0.0138155
0.0140945
0.0144452
0.0148947
0.015468
0.0161549
0.0168971
0.0176229
0.018284
0.0188775
0.019415
0.0199081
0.0203658
0.0207936
0.0211954
0.0215733
0.0219291
0.0222641
0.0225792
0.0228753
0.0231531
0.0234133
0.0236564
0.0238833
0.0240941
0.0242894
0.0244693
0.0246337
0.0247826
0.0249152
0.0250314
0.0251285
0.0252066
0.0252495
0.0252578
0.025271
0.0252965
0.0253298
0.0253657
0.0254011
0.0253828
0.0254044
0.0254241
0.0254422
0.0254586
0.0254733
0.0254865
0.0254981
0.0255083
0.0255169
0.025524
0.0255297
0.0255341
0.025537
0.0255386
0.0255389
0.0255379
0.0255356
0.0255321
0.0255275
0.0255217
0.0255149
0.0255071
0.0254984
0.0254888
0.0254785
0.0254676
0.0254562
0.0254445
0.0254326
0.0254207
0.0254091
0.0253979
0.0253873
0.0253777
0.0253692
0.025362
0.0253564
0.0253526
0.0253507
0.0253834
0.0254049
0.0254247
0.0254427
0.0254591
0.0254739
0.025487
0.0254986
0.0255087
0.0255174
0.0255245
0.0255302
0.0255346
0.0255375
0.0255391
0.0255394
0.0255384
0.0255361
0.0255326
0.025528
0.0255222
0.0255154
0.0255076
0.0254988
0.0254893
0.025479
0.025468
0.0254566
0.0254449
0.025433
0.0254211
0.0254095
0.0253982
0.0253877
0.025378
0.0253695
0.0253623
0.0253567
0.0253529
0.0253509
0.0253847
0.0254062
0.0254259
0.0254439
0.0254602
0.025475
0.0254881
0.0254997
0.0255098
0.0255184
0.0255255
0.0255312
0.0255355
0.0255385
0.0255401
0.0255403
0.0255393
0.0255371
0.0255336
0.0255289
0.0255232
0.0255163
0.0255085
0.0254998
0.0254902
0.0254799
0.0254689
0.0254575
0.0254457
0.0254338
0.0254219
0.0254102
0.025399
0.0253884
0.0253787
0.0253701
0.0253629
0.0253573
0.0253534
0.0253514
0.0253869
0.0254083
0.0254279
0.0254458
0.025462
0.0254767
0.0254898
0.0255013
0.0255114
0.0255199
0.0255271
0.0255327
0.025537
0.02554
0.0255415
0.0255418
0.0255408
0.0255385
0.025535
0.0255303
0.0255246
0.0255177
0.0255099
0.0255011
0.0254915
0.0254812
0.0254702
0.0254588
0.025447
0.025435
0.0254231
0.0254113
0.0254
0.0253894
0.0253796
0.025371
0.0253637
0.0253581
0.0253542
0.0253522
0.0253902
0.0254113
0.0254307
0.0254484
0.0254646
0.0254791
0.0254921
0.0255036
0.0255136
0.0255221
0.0255292
0.0255348
0.0255391
0.0255419
0.0255435
0.0255437
0.0255427
0.0255404
0.0255369
0.0255322
0.0255264
0.0255196
0.0255117
0.0255029
0.0254933
0.0254829
0.0254719
0.0254604
0.0254486
0.0254366
0.0254246
0.0254128
0.0254014
0.0253907
0.0253809
0.0253722
0.0253649
0.0253592
0.0253552
0.0253532
0.0253947
0.0254154
0.0254345
0.025452
0.025468
0.0254823
0.0254952
0.0255065
0.0255164
0.0255248
0.0255318
0.0255374
0.0255416
0.0255444
0.025546
0.0255462
0.0255451
0.0255428
0.0255392
0.0255345
0.0255287
0.0255218
0.025514
0.0255051
0.0254955
0.0254851
0.025474
0.0254625
0.0254506
0.0254386
0.0254265
0.0254146
0.0254032
0.0253924
0.0253825
0.0253737
0.0253663
0.0253605
0.0253565
0.0253545
0.0254004
0.0254207
0.0254394
0.0254566
0.0254722
0.0254864
0.025499
0.0255102
0.0255199
0.0255282
0.0255351
0.0255406
0.0255447
0.0255475
0.0255489
0.0255491
0.025548
0.0255456
0.025542
0.0255373
0.0255315
0.0255246
0.0255166
0.0255078
0.0254981
0.0254876
0.0254766
0.025465
0.025453
0.0254409
0.0254287
0.0254168
0.0254052
0.0253943
0.0253843
0.0253755
0.025368
0.0253621
0.0253581
0.025356
0.0254077
0.0254273
0.0254455
0.0254622
0.0254775
0.0254913
0.0255036
0.0255146
0.0255241
0.0255322
0.025539
0.0255443
0.0255483
0.025551
0.0255524
0.0255525
0.0255513
0.0255489
0.0255453
0.0255405
0.0255346
0.0255277
0.0255197
0.0255108
0.0255011
0.0254906
0.0254795
0.0254678
0.0254558
0.0254436
0.0254313
0.0254193
0.0254076
0.0253966
0.0253865
0.0253775
0.02537
0.025364
0.0253599
0.0253578
0.0254165
0.0254353
0.0254528
0.0254689
0.0254837
0.0254971
0.0255091
0.0255198
0.025529
0.0255369
0.0255435
0.0255487
0.0255525
0.0255551
0.0255564
0.0255564
0.0255551
0.0255527
0.025549
0.0255442
0.0255382
0.0255312
0.0255232
0.0255143
0.0255045
0.0254939
0.0254827
0.025471
0.0254589
0.0254466
0.0254343
0.0254221
0.0254103
0.0253992
0.025389
0.0253799
0.0253722
0.0253662
0.025362
0.0253599
0.0254271
0.0254449
0.0254615
0.0254769
0.0254911
0.0255039
0.0255155
0.0255258
0.0255347
0.0255423
0.0255486
0.0255536
0.0255573
0.0255597
0.0255609
0.0255608
0.0255594
0.0255569
0.0255531
0.0255482
0.0255423
0.0255352
0.0255271
0.0255181
0.0255083
0.0254977
0.0254864
0.0254746
0.0254624
0.02545
0.0254375
0.0254252
0.0254134
0.0254021
0.0253917
0.0253825
0.0253747
0.0253686
0.0253643
0.0253621
1.76221e-10
6.03798e-10
1.12553e-09
1.75689e-09
2.51263e-09
3.40708e-09
4.45431e-09
5.6678e-09
7.0599e-09
8.64103e-09
1.04189e-08
1.23976e-08
1.45767e-08
1.69506e-08
1.95079e-08
2.22307e-08
2.50952e-08
2.80713e-08
3.11236e-08
3.42126e-08
3.72959e-08
4.03302e-08
4.32731e-08
4.60855e-08
4.8733e-08
5.11873e-08
5.34282e-08
5.54431e-08
5.72279e-08
5.87861e-08
6.01276e-08
6.12679e-08
6.22262e-08
6.30241e-08
6.36839e-08
6.42276e-08
6.46758e-08
6.50472e-08
6.53576e-08
6.56202e-08
1.73575e-10
5.94578e-10
1.1082e-09
1.73038e-09
2.47644e-09
3.36126e-09
4.39943e-09
5.60486e-09
6.99036e-09
8.5668e-09
1.03423e-08
1.23214e-08
1.45039e-08
1.68846e-08
1.94519e-08
2.21881e-08
2.5069e-08
2.80638e-08
3.11367e-08
3.42471e-08
3.73518e-08
4.04064e-08
4.33677e-08
4.61955e-08
4.88548e-08
5.13171e-08
5.35616e-08
5.55763e-08
5.73571e-08
5.89081e-08
6.02401e-08
6.1369e-08
6.23149e-08
6.31001e-08
6.37473e-08
6.42789e-08
6.47159e-08
6.50767e-08
6.53774e-08
6.56307e-08
1.71072e-10
5.85837e-10
1.0917e-09
1.70491e-09
2.44134e-09
3.31645e-09
4.34533e-09
5.54242e-09
6.92101e-09
8.49245e-09
1.02653e-08
1.22446e-08
1.44306e-08
1.6818e-08
1.93957e-08
2.21456e-08
2.50432e-08
2.80573e-08
3.11513e-08
3.42838e-08
3.74105e-08
4.04859e-08
4.34658e-08
4.63093e-08
4.89804e-08
5.14504e-08
5.36984e-08
5.57122e-08
5.74885e-08
5.90317e-08
6.03533e-08
6.14702e-08
6.2403e-08
6.31748e-08
6.38088e-08
6.43279e-08
6.4753e-08
6.51029e-08
6.53932e-08
6.56367e-08
1.687e-10
5.77551e-10
1.07601e-09
1.68055e-09
2.40752e-09
3.27292e-09
4.29241e-09
5.48096e-09
6.85239e-09
8.41858e-09
1.01887e-08
1.2168e-08
1.43572e-08
1.67515e-08
1.93396e-08
2.21034e-08
2.50181e-08
2.8052e-08
3.11675e-08
3.43226e-08
3.74715e-08
4.05681e-08
4.35668e-08
4.6426e-08
4.91089e-08
5.15864e-08
5.38374e-08
5.58499e-08
5.76209e-08
5.91556e-08
6.04662e-08
6.15704e-08
6.24897e-08
6.32475e-08
6.38679e-08
6.4374e-08
6.47868e-08
6.51252e-08
6.54048e-08
6.56378e-08
1.66449e-10
5.69696e-10
1.06113e-09
1.65733e-09
2.37507e-09
3.23088e-09
4.24096e-09
5.42086e-09
6.78496e-09
8.34572e-09
1.01128e-08
1.2092e-08
1.42844e-08
1.66855e-08
1.92841e-08
2.2062e-08
2.49939e-08
2.80478e-08
3.11853e-08
3.43631e-08
3.75347e-08
4.06525e-08
4.36702e-08
4.65449e-08
4.92394e-08
5.1724e-08
5.39776e-08
5.59882e-08
5.77535e-08
5.92791e-08
6.05781e-08
6.16691e-08
6.25742e-08
6.33177e-08
6.3924e-08
6.44166e-08
6.48168e-08
6.51433e-08
6.54116e-08
6.56336e-08
1.64312e-10
5.62251e-10
1.04702e-09
1.63526e-09
2.34407e-09
3.19046e-09
4.19121e-09
5.36243e-09
6.71911e-09
8.27427e-09
1.00381e-08
1.20171e-08
1.42126e-08
1.66204e-08
1.92295e-08
2.20215e-08
2.49709e-08
2.80449e-08
3.12044e-08
3.44052e-08
3.75995e-08
4.07386e-08
4.37752e-08
4.66653e-08
4.93712e-08
5.18625e-08
5.41181e-08
5.61264e-08
5.78853e-08
5.94013e-08
6.06882e-08
6.17654e-08
6.26559e-08
6.33846e-08
6.39765e-08
6.44554e-08
6.48426e-08
6.51569e-08
6.54135e-08
6.56241e-08
1.62283e-10
5.55194e-10
1.03366e-09
1.61432e-09
2.31453e-09
3.15176e-09
4.14332e-09
5.30591e-09
6.65512e-09
8.20459e-09
9.96515e-09
1.19437e-08
1.41422e-08
1.65566e-08
1.91761e-08
2.19822e-08
2.4949e-08
2.80433e-08
3.12249e-08
3.44486e-08
3.76656e-08
4.0826e-08
4.38813e-08
4.67866e-08
4.95034e-08
5.2001e-08
5.42582e-08
5.62636e-08
5.80156e-08
5.95214e-08
6.07957e-08
6.18587e-08
6.27343e-08
6.34479e-08
6.40251e-08
6.449e-08
6.4864e-08
6.51657e-08
6.54103e-08
6.56089e-08
1.60356e-10
5.48506e-10
1.02101e-09
1.59449e-09
2.28647e-09
3.11483e-09
4.0974e-09
5.25146e-09
6.59322e-09
8.13696e-09
9.8941e-09
1.18721e-08
1.40735e-08
1.64944e-08
1.91241e-08
2.19443e-08
2.49285e-08
2.80428e-08
3.12465e-08
3.44931e-08
3.77328e-08
4.09142e-08
4.39879e-08
4.69081e-08
4.96355e-08
5.2139e-08
5.43972e-08
5.63992e-08
5.81437e-08
5.96389e-08
6.09002e-08
6.19486e-08
6.28089e-08
6.35073e-08
6.40696e-08
6.45202e-08
6.48808e-08
6.51696e-08
6.54018e-08
6.5588e-08
1.58525e-10
5.4217e-10
1.00906e-09
1.57573e-09
2.25986e-09
3.0797e-09
4.05352e-09
5.19921e-09
6.53359e-09
8.07158e-09
9.82524e-09
1.18026e-08
1.40066e-08
1.64339e-08
1.90738e-08
2.19078e-08
2.49093e-08
2.80436e-08
3.12692e-08
3.45386e-08
3.78006e-08
4.10029e-08
4.40947e-08
4.70293e-08
4.97668e-08
5.22756e-08
5.45345e-08
5.65325e-08
5.82691e-08
5.97532e-08
6.10011e-08
6.20347e-08
6.28796e-08
6.35624e-08
6.41097e-08
6.45459e-08
6.48928e-08
6.51686e-08
6.5388e-08
6.55613e-08
1.56789e-10
5.3617e-10
9.97763e-10
1.55801e-09
2.23469e-09
3.04634e-09
4.01171e-09
5.14923e-09
6.47634e-09
8.00861e-09
9.75874e-09
1.17354e-08
1.39419e-08
1.63753e-08
1.90252e-08
2.18729e-08
2.48914e-08
2.80456e-08
3.12928e-08
3.45847e-08
3.78687e-08
4.10915e-08
4.42011e-08
4.71497e-08
4.98968e-08
5.24105e-08
5.46694e-08
5.6663e-08
5.83913e-08
5.9864e-08
6.10981e-08
6.21167e-08
6.29459e-08
6.36131e-08
6.41452e-08
6.45669e-08
6.49e-08
6.51625e-08
6.53688e-08
6.55289e-08
6.59243e-08
6.62369e-08
6.64944e-08
6.67019e-08
6.68517e-08
6.69341e-08
6.6968e-08
6.70686e-08
6.7256e-08
6.74914e-08
6.77776e-08
6.81074e-08
6.84821e-08
6.89005e-08
6.93644e-08
6.98755e-08
7.04373e-08
7.10547e-08
7.17337e-08
7.24822e-08
7.33097e-08
7.42288e-08
7.52556e-08
7.64104e-08
7.77192e-08
7.92184e-08
8.096e-08
8.30167e-08
8.55028e-08
8.85921e-08
9.25645e-08
9.78647e-08
1.05129e-07
1.15057e-07
1.278e-07
1.4247e-07
1.576e-07
1.71979e-07
1.8532e-07
1.97725e-07
2.09367e-07
2.20384e-07
2.30859e-07
2.40827e-07
2.50301e-07
2.59274e-07
2.67735e-07
2.75667e-07
2.83057e-07
2.89888e-07
2.96141e-07
3.01803e-07
3.06858e-07
3.11276e-07
3.15028e-07
3.18077e-07
3.20382e-07
3.22038e-07
3.24225e-07
3.38041e-07
4.46079e-07
1.05276e-06
3.17128e-06
6.98411e-06
9.47658e-06
1.02879e-05
1.04508e-05
1.04759e-05
1.04859e-05
1.05003e-05
1.05214e-05
1.05494e-05
1.05841e-05
1.06256e-05
1.06743e-05
1.07304e-05
1.07948e-05
1.08683e-05
1.09524e-05
1.10488e-05
1.11597e-05
1.12881e-05
1.14382e-05
1.16161e-05
1.18302e-05
1.20939e-05
1.24276e-05
1.28639e-05
1.34548e-05
1.42743e-05
1.54042e-05
1.68623e-05
1.85428e-05
2.0276e-05
2.19201e-05
2.34398e-05
2.48471e-05
2.61608e-05
2.7397e-05
2.85647e-05
2.96695e-05
3.07129e-05
3.16954e-05
3.26168e-05
3.34762e-05
3.42731e-05
3.50068e-05
3.56761e-05
3.62807e-05
3.68195e-05
3.72904e-05
3.76907e-05
3.80171e-05
3.82655e-05
3.84411e-05
3.86255e-05
3.95998e-05
4.71586e-05
8.95859e-05
0.000237426
0.000502655
0.000675125
0.000730925
0.00074196
0.000743527
0.000744041
0.000744823
0.000746021
0.000747648
0.000749695
0.000752169
0.000755083
0.000758465
0.00076236
0.000766828
0.000771951
0.000777841
0.000784635
0.000792515
0.000801737
0.000812664
0.000825804
0.000841947
0.000862284
0.000888714
0.000924198
0.000972895
0.00103921
0.00112359
0.00121931
0.00131634
0.00140677
0.00148893
0.00156372
0.00163238
0.00169596
0.0017551
0.00181024
0.00186157
0.00190926
0.0019534
0.00199409
0.00203141
0.00206542
0.00209617
0.00212373
0.00214813
0.00216934
0.0021873
0.0022019
0.00221294
0.00222041
0.00222532
0.00223908
0.00234535
0.00295025
0.00505997
0.00883663
0.0112848
0.0120764
0.012234
0.0122571
0.0122645
0.012275
0.0122905
0.0123112
0.0123372
0.0123684
0.0124049
0.0124471
0.0124954
0.0125505
0.0126133
0.012685
0.012767
0.0128611
0.0129698
0.0130968
0.0132466
0.0134268
0.0136478
0.0139264
0.0142873
0.0147638
0.0153862
0.0161448
0.01697
0.0177734
0.0184966
0.0191348
0.0197027
0.0202152
0.0206843
0.0211176
0.0215205
0.0218961
0.0222468
0.0225747
0.0228809
0.0231669
0.0234336
0.0236818
0.0239125
0.0241264
0.024324
0.0245056
0.0246716
0.0248217
0.024956
0.0250733
0.0251736
0.0252534
0.0253128
0.0253336
0.0253187
0.0253145
0.0253279
0.0253533
0.025384
0.0254157
6.59222e-08
6.62184e-08
6.64564e-08
6.66382e-08
6.6752e-08
6.67846e-08
6.67533e-08
6.67877e-08
6.69155e-08
6.7093e-08
6.7323e-08
6.75958e-08
6.79123e-08
6.82699e-08
6.86693e-08
6.91112e-08
6.95981e-08
7.01338e-08
7.07235e-08
7.13737e-08
7.20928e-08
7.28924e-08
7.37876e-08
7.47978e-08
7.59485e-08
7.72771e-08
7.88382e-08
8.07108e-08
8.30227e-08
8.59721e-08
8.98837e-08
9.52782e-08
1.0291e-07
1.13611e-07
1.27629e-07
1.43949e-07
1.60794e-07
1.76715e-07
1.91313e-07
2.04699e-07
2.17083e-07
2.28644e-07
2.39497e-07
2.49702e-07
2.5929e-07
2.68267e-07
2.76633e-07
2.84382e-07
2.91509e-07
2.98006e-07
3.03859e-07
3.09062e-07
3.13605e-07
3.1746e-07
3.20597e-07
3.2298e-07
3.24563e-07
3.2542e-07
3.26605e-07
3.38754e-07
4.4345e-07
1.04503e-06
3.15726e-06
6.96927e-06
9.46899e-06
1.02805e-05
1.0437e-05
1.04541e-05
1.04559e-05
1.0462e-05
1.04746e-05
1.04939e-05
1.05195e-05
1.05515e-05
1.05899e-05
1.0635e-05
1.06873e-05
1.07475e-05
1.0817e-05
1.08972e-05
1.09904e-05
1.10993e-05
1.12282e-05
1.13836e-05
1.15744e-05
1.18157e-05
1.21307e-05
1.25572e-05
1.31561e-05
1.40153e-05
1.52319e-05
1.68353e-05
1.87045e-05
2.06336e-05
2.24526e-05
2.41135e-05
2.56295e-05
2.70237e-05
2.83172e-05
2.95229e-05
3.06494e-05
3.17006e-05
3.26787e-05
3.35849e-05
3.44198e-05
3.5184e-05
3.58778e-05
3.65008e-05
3.70534e-05
3.75351e-05
3.79441e-05
3.82778e-05
3.85329e-05
3.87046e-05
3.87969e-05
3.8883e-05
3.97133e-05
4.70155e-05
8.90766e-05
0.000236488
0.000501675
0.000674644
0.000730473
0.000741106
0.000742176
0.000742179
0.000742447
0.000743121
0.000744209
0.000745696
0.000747577
0.000749858
0.000752555
0.000755705
0.000759355
0.000763582
0.000768486
0.000774201
0.000780905
0.00078886
0.000798451
0.000810231
0.000825092
0.000844399
0.000870368
0.000906483
0.000957697
0.00102925
0.00112212
0.00122857
0.00133639
0.00143616
0.00152556
0.00160566
0.00167801
0.00174397
0.00180444
0.00186004
0.00191114
0.001958
0.00200083
0.00203979
0.00207505
0.00210673
0.00213491
0.00215971
0.00218119
0.00219933
0.00221407
0.00222529
0.00223279
0.00223652
0.00223741
0.00224654
0.00234683
0.00294484
0.00504767
0.00882355
0.0112786
0.0120711
0.0122236
0.0122406
0.0122418
0.012246
0.0122552
0.0122695
0.0122889
0.0123131
0.0123424
0.0123768
0.0124169
0.0124631
0.0125163
0.0125777
0.0126486
0.0127311
0.0128277
0.0129424
0.0130805
0.0132506
0.0134649
0.0137435
0.0141157
0.0146214
0.0152966
0.0161333
0.0170498
0.0179392
0.0187323
0.0194216
0.0200248
0.0205604
0.0210433
0.0214835
0.0218881
0.0222613
0.0226065
0.0229264
0.0232227
0.0234972
0.0237513
0.023986
0.0242024
0.0244016
0.024584
0.0247502
0.0249004
0.0250343
0.0251519
0.0252518
0.025334
0.0253939
0.025432
0.025428
0.0253879
0.0253644
0.0253644
0.0253808
0.0254052
0.0254326
6.59145e-08
6.61927e-08
6.64092e-08
6.65627e-08
6.66373e-08
6.66166e-08
6.65161e-08
6.64788e-08
6.65406e-08
6.66545e-08
6.68228e-08
6.70336e-08
6.72869e-08
6.75788e-08
6.79089e-08
6.82767e-08
6.86837e-08
6.91327e-08
6.96276e-08
7.01741e-08
7.07792e-08
7.14535e-08
7.22112e-08
7.30708e-08
7.40577e-08
7.52102e-08
7.65859e-08
7.82708e-08
8.04065e-08
8.32167e-08
8.70714e-08
9.25675e-08
1.0058e-07
1.12079e-07
1.27435e-07
1.45517e-07
1.64229e-07
1.81864e-07
1.97887e-07
2.12402e-07
2.25647e-07
2.37842e-07
2.49138e-07
2.5962e-07
2.69341e-07
2.78322e-07
2.86578e-07
2.94115e-07
3.0094e-07
3.07053e-07
3.12449e-07
3.17129e-07
3.21089e-07
3.24304e-07
3.26744e-07
3.28374e-07
3.29145e-07
3.29124e-07
3.29322e-07
3.40337e-07
4.44141e-07
1.04599e-06
3.15114e-06
6.94468e-06
9.44976e-06
1.02679e-05
1.04211e-05
1.04306e-05
1.04236e-05
1.04206e-05
1.0424e-05
1.04338e-05
1.04496e-05
1.04713e-05
1.04987e-05
1.0532e-05
1.05715e-05
1.06178e-05
1.06718e-05
1.07352e-05
1.08098e-05
1.08985e-05
1.10055e-05
1.11376e-05
1.13046e-05
1.15231e-05
1.18192e-05
1.22361e-05
1.28435e-05
1.37436e-05
1.50497e-05
1.68052e-05
1.88761e-05
2.10181e-05
2.30313e-05
2.48518e-05
2.64926e-05
2.79801e-05
2.93403e-05
3.05903e-05
3.17424e-05
3.28026e-05
3.37757e-05
3.46647e-05
3.54715e-05
3.61984e-05
3.68467e-05
3.7417e-05
3.79107e-05
3.83278e-05
3.86669e-05
3.89253e-05
3.90999e-05
3.91856e-05
3.9186e-05
3.91716e-05
3.98924e-05
4.71074e-05
8.91766e-05
0.000236102
0.000500019
0.000673361
0.000729668
0.000740116
0.000740716
0.000740176
0.000739882
0.000739983
0.000740486
0.000741366
0.000742611
0.000744214
0.000746182
0.000748542
0.000751328
0.000754611
0.000758482
0.000763069
0.000768548
0.000775187
0.000783395
0.000793778
0.000807328
0.000825595
0.000851116
0.000887907
0.000941731
0.00101871
0.0011205
0.00123839
0.00135792
0.00146802
0.00156559
0.00165178
0.00172839
0.00179713
0.00185916
0.00191534
0.00196618
0.00201212
0.00205346
0.00209048
0.00212342
0.00215246
0.00217776
0.00219947
0.00221768
0.00223238
0.00224351
0.00225095
0.00225448
0.00225405
0.0022506
0.00225534
0.00235187
0.00294823
0.00504328
0.00880089
0.0112612
0.0120608
0.0122114
0.0122227
0.0122173
0.0122146
0.0122169
0.0122242
0.0122364
0.0122532
0.0122746
0.0123008
0.0123319
0.0123686
0.0124116
0.0124621
0.0125215
0.0125917
0.0126756
0.0127775
0.0129035
0.0130632
0.013271
0.0135499
0.0139344
0.014471
0.0152015
0.0161204
0.0171342
0.0181163
0.0189863
0.0197331
0.0203768
0.0209392
0.0214386
0.0218873
0.0222944
0.0226655
0.0230049
0.023316
0.0236014
0.0238633
0.0241034
0.024323
0.0245236
0.0247064
0.024872
0.025021
0.0251536
0.0252695
0.0253686
0.0254491
0.025511
0.0255489
0.0255632
0.025532
0.0254651
0.025421
0.0254061
0.0254123
0.0254297
0.0254521
6.59011e-08
6.61598e-08
6.63526e-08
6.64752e-08
6.65077e-08
6.64308e-08
6.62584e-08
6.61453e-08
6.61357e-08
6.61812e-08
6.62834e-08
6.6428e-08
6.66143e-08
6.68367e-08
6.70941e-08
6.73844e-08
6.77081e-08
6.80671e-08
6.84643e-08
6.8904e-08
6.93922e-08
6.99385e-08
7.05562e-08
7.12633e-08
7.2085e-08
7.30607e-08
7.42516e-08
7.57506e-08
7.77139e-08
8.03904e-08
8.41952e-08
8.97995e-08
9.81966e-08
1.105e-07
1.27216e-07
1.47127e-07
1.67823e-07
1.87327e-07
2.04937e-07
2.20731e-07
2.34962e-07
2.47888e-07
2.59696e-07
2.70498e-07
2.80372e-07
2.8936e-07
2.97492e-07
3.0479e-07
3.11274e-07
3.16955e-07
3.21837e-07
3.25932e-07
3.29241e-07
3.31742e-07
3.33407e-07
3.34201e-07
3.34075e-07
3.33101e-07
3.32318e-07
3.42674e-07
4.47777e-07
1.05466e-06
3.15204e-06
6.91127e-06
9.41999e-06
1.02506e-05
1.04035e-05
1.04058e-05
1.03895e-05
1.03768e-05
1.03702e-05
1.03699e-05
1.03754e-05
1.03862e-05
1.04022e-05
1.04232e-05
1.04495e-05
1.04814e-05
1.05197e-05
1.05659e-05
1.06217e-05
1.06899e-05
1.07749e-05
1.08837e-05
1.10269e-05
1.12229e-05
1.15004e-05
1.19083e-05
1.25247e-05
1.34658e-05
1.48618e-05
1.6772e-05
1.90519e-05
2.14201e-05
2.36446e-05
2.56426e-05
2.74245e-05
2.90186e-05
3.04555e-05
3.17568e-05
3.29383e-05
3.40094e-05
3.49771e-05
3.58468e-05
3.66222e-05
3.73073e-05
3.79047e-05
3.84163e-05
3.88444e-05
3.91898e-05
3.94513e-05
3.96264e-05
3.97119e-05
3.97026e-05
3.96029e-05
3.94858e-05
4.01279e-05
4.74074e-05
8.98162e-05
0.000236206
0.000497753
0.000671353
0.000728544
0.000739014
0.000739176
0.000738064
0.000737169
0.000736657
0.000736537
0.000736774
0.000737348
0.000738243
0.000739454
0.000740996
0.000742893
0.000745207
0.000748023
0.000751461
0.000755697
0.000761007
0.000767825
0.00077681
0.00078906
0.000806309
0.000831418
0.000868922
0.000925387
0.00100784
0.00111871
0.00124848
0.00138042
0.00150172
0.00160834
0.00170139
0.00178287
0.00185481
0.00191866
0.00197553
0.00202614
0.00207106
0.00211077
0.00214563
0.00217601
0.00220216
0.00222428
0.00224258
0.0022572
0.00226812
0.00227529
0.00227857
0.00227774
0.00227277
0.00226469
0.00226525
0.00236005
0.0029594
0.00504592
0.00876958
0.0112335
0.012046
0.0121977
0.0122037
0.0121913
0.0121814
0.0121762
0.0121761
0.0121805
0.0121894
0.0122026
0.01222
0.012242
0.0122688
0.0123012
0.0123404
0.0123878
0.0124454
0.0125164
0.0126054
0.0127191
0.0128686
0.0130701
0.0133501
0.0137477
0.014316
0.0151031
0.016106
0.0172206
0.0183005
0.0192534
0.0200636
0.020753
0.0213462
0.021865
0.0223242
0.0227349
0.0231041
0.0234376
0.0237395
0.0240131
0.0242613
0.0244861
0.0246894
0.0248728
0.0250378
0.0251851
0.0253153
0.0254287
0.0255249
0.0256038
0.0256632
0.0257029
0.0257168
0.025705
0.0256451
0.0255502
0.0254842
0.0254532
0.0254481
0.0254575
0.0254741
6.58815e-08
6.61192e-08
6.62864e-08
6.63757e-08
6.63635e-08
6.62281e-08
6.59822e-08
6.57905e-08
6.57056e-08
6.56788e-08
6.57114e-08
6.57868e-08
6.59033e-08
6.6054e-08
6.62364e-08
6.64474e-08
6.66864e-08
6.69541e-08
6.72525e-08
6.75848e-08
6.79561e-08
6.83747e-08
6.88536e-08
6.941e-08
7.00695e-08
7.08726e-08
7.18841e-08
7.32044e-08
7.5004e-08
7.75568e-08
8.13216e-08
8.70402e-08
9.58194e-08
1.08912e-07
1.26971e-07
1.48724e-07
1.71484e-07
1.92987e-07
2.12339e-07
2.29561e-07
2.44907e-07
2.58666e-07
2.71058e-07
2.82228e-07
2.92281e-07
3.0128e-07
3.09276e-07
3.16309e-07
3.22415e-07
3.27619e-07
3.31936e-07
3.35386e-07
3.37981e-07
3.39699e-07
3.40516e-07
3.40398e-07
3.39296e-07
3.373e-07
3.35544e-07
3.45655e-07
4.53878e-07
1.06944e-06
3.1583e-06
6.87091e-06
9.38157e-06
1.02293e-05
1.03844e-05
1.038e-05
1.03541e-05
1.03312e-05
1.03141e-05
1.03033e-05
1.02979e-05
1.02976e-05
1.03019e-05
1.03105e-05
1.03234e-05
1.03408e-05
1.03634e-05
1.03925e-05
1.04297e-05
1.04777e-05
1.05411e-05
1.06272e-05
1.07474e-05
1.09216e-05
1.11817e-05
1.15814e-05
1.22073e-05
1.31888e-05
1.46728e-05
1.67355e-05
1.92258e-05
2.18289e-05
2.42793e-05
2.64717e-05
2.84109e-05
3.01252e-05
3.16494e-05
3.30092e-05
3.42248e-05
3.53087e-05
3.6271e-05
3.71196e-05
3.78606e-05
3.84997e-05
3.90413e-05
3.94887e-05
3.98451e-05
4.01122e-05
4.02891e-05
4.03734e-05
4.0362e-05
4.02498e-05
4.00425e-05
3.98207e-05
4.04111e-05
4.78814e-05
9.08845e-05
0.000236685
0.000495006
0.00066875
0.000727146
0.000737821
0.000737579
0.000735876
0.000734347
0.000733191
0.000732418
0.000731988
0.000731871
0.00073204
0.000732482
0.000733197
0.0007342
0.000735544
0.000737307
0.000739605
0.000742611
0.000746613
0.000752069
0.000759694
0.00077069
0.000786974
0.000811724
0.000849972
0.000909061
0.000996909
0.00111675
0.00125847
0.00140328
0.00153652
0.00165302
0.0017537
0.00184067
0.00191626
0.00198222
0.00203993
0.00209032
0.00213418
0.00217212
0.00220465
0.00223225
0.00225525
0.00227394
0.00228857
0.0022993
0.00230615
0.00230903
0.00230783
0.00230229
0.00229244
0.00227948
0.00227607
0.00237081
0.00297674
0.00505395
0.00873145
0.0111973
0.0120273
0.0121827
0.012184
0.0121644
0.0121467
0.0121337
0.0121257
0.0121221
0.0121228
0.0121275
0.012136
0.0121485
0.0121652
0.0121869
0.0122147
0.0122501
0.0122951
0.0123532
0.0124293
0.0125311
0.0126707
0.0128666
0.0131484
0.0135597
0.0141603
0.0150037
0.0160901
0.017306
0.0184868
0.0195277
0.0204068
0.0211469
0.0217752
0.0223165
0.0227882
0.0232038
0.0235719
0.0238994
0.0241918
0.0244531
0.0246867
0.0248953
0.0250811
0.0252461
0.025392
0.0255197
0.0256298
0.0257228
0.025798
0.0258553
0.025892
0.025908
0.0258961
0.0258565
0.0257665
0.025643
0.0255541
0.0255058
0.0254883
0.0254888
0.025499
6.58556e-08
6.60707e-08
6.62105e-08
6.62641e-08
6.62048e-08
6.60092e-08
6.56893e-08
6.54177e-08
6.52546e-08
6.51529e-08
6.51134e-08
6.51177e-08
6.51629e-08
6.52407e-08
6.53475e-08
6.5479e-08
6.56333e-08
6.58103e-08
6.6011e-08
6.62378e-08
6.64945e-08
6.67889e-08
6.71332e-08
6.75443e-08
6.80481e-08
6.86867e-08
6.95286e-08
7.06816e-08
7.23301e-08
7.47721e-08
7.85079e-08
8.43451e-08
9.34961e-08
1.07347e-07
1.26698e-07
1.50263e-07
1.75126e-07
1.98734e-07
2.19969e-07
2.38765e-07
2.55356e-07
2.70052e-07
2.83106e-07
2.94695e-07
3.04953e-07
3.13971e-07
3.21822e-07
3.28568e-07
3.34264e-07
3.38948e-07
3.4265e-07
3.45404e-07
3.47226e-07
3.481e-07
3.48002e-07
3.46902e-07
3.44754e-07
3.41675e-07
3.38958e-07
3.49193e-07
4.62032e-07
1.08895e-06
3.16848e-06
6.82526e-06
9.33621e-06
1.02045e-05
1.03643e-05
1.03536e-05
1.03179e-05
1.02843e-05
1.02565e-05
1.02347e-05
1.02184e-05
1.02067e-05
1.01993e-05
1.01955e-05
1.01952e-05
1.01984e-05
1.02057e-05
1.02181e-05
1.02373e-05
1.0266e-05
1.03087e-05
1.03731e-05
1.04716e-05
1.06254e-05
1.08693e-05
1.12618e-05
1.18974e-05
1.29181e-05
1.44862e-05
1.66954e-05
1.93927e-05
2.2235e-05
2.49227e-05
2.7325e-05
2.94371e-05
3.12853e-05
3.29075e-05
3.43337e-05
3.55881e-05
3.66872e-05
3.76445e-05
3.84706e-05
3.91745e-05
3.97641e-05
4.02455e-05
4.06236e-05
4.0903e-05
4.10859e-05
4.1172e-05
4.11589e-05
4.10436e-05
4.08212e-05
4.04999e-05
4.01722e-05
4.07353e-05
4.85003e-05
9.22843e-05
0.000237439
0.000491893
0.000665669
0.000725514
0.000736555
0.000735946
0.00073364
0.000731456
0.000729632
0.000728186
0.000727074
0.000726258
0.000725699
0.000725373
0.00072527
0.000725393
0.000725787
0.000726524
0.000727714
0.000729533
0.000732276
0.00073643
0.000742762
0.000752578
0.000767973
0.000792423
0.000831436
0.000893078
0.000986117
0.00111461
0.00126808
0.00142598
0.00157174
0.00169887
0.00180791
0.00190099
0.00198068
0.00204905
0.00210776
0.002158
0.00220075
0.00223682
0.00226688
0.00229152
0.00231117
0.0023262
0.00233692
0.00234354
0.00234605
0.00234438
0.0023384
0.00232786
0.00231285
0.0022948
0.00228761
0.00238371
0.00299885
0.00506592
0.00868813
0.0111544
0.0120052
0.0121666
0.0121638
0.0121369
0.0121111
0.01209
0.0120737
0.012062
0.0120543
0.0120503
0.0120498
0.0120528
0.0120595
0.0120706
0.0120872
0.0121107
0.0121434
0.0121889
0.0122527
0.012343
0.0124734
0.0126644
0.0129487
0.0133744
0.014007
0.0149054
0.0160727
0.0173881
0.018671
0.0198035
0.0207565
0.0215523
0.0222199
0.0227868
0.0232735
0.0236953
0.0240631
0.0243851
0.0246678
0.0249163
0.0251348
0.0253264
0.0254938
0.0256394
0.0257652
0.0258723
0.0259614
0.0260327
0.0260858
0.0261203
0.0261333
0.0261241
0.0260853
0.0260165
0.0258958
0.0257432
0.0256308
0.0255641
0.025533
0.0255237
0.0255267
6.58233e-08
6.60144e-08
6.61248e-08
6.61406e-08
6.60322e-08
6.57751e-08
6.53815e-08
6.50297e-08
6.47868e-08
6.46087e-08
6.4496e-08
6.44282e-08
6.44017e-08
6.44067e-08
6.44386e-08
6.44917e-08
6.4563e-08
6.46516e-08
6.47578e-08
6.48829e-08
6.50298e-08
6.52057e-08
6.54224e-08
6.56966e-08
6.60545e-08
6.65401e-08
6.72253e-08
6.82254e-08
6.97379e-08
7.20836e-08
7.58011e-08
8.17585e-08
9.12643e-08
1.05828e-07
1.26395e-07
1.51707e-07
1.78676e-07
2.04464e-07
2.27706e-07
2.48215e-07
2.66179e-07
2.81917e-07
2.95713e-07
3.07774e-07
3.18269e-07
3.27315e-07
3.35016e-07
3.41455e-07
3.46711e-07
3.50839e-07
3.53885e-07
3.55893e-07
3.56892e-07
3.56867e-07
3.55796e-07
3.53652e-07
3.50397e-07
3.46186e-07
3.42527e-07
3.53216e-07
4.71836e-07
1.11178e-06
3.18105e-06
6.7761e-06
9.28567e-06
1.01769e-05
1.03433e-05
1.03269e-05
1.02814e-05
1.02369e-05
1.0198e-05
1.01652e-05
1.01377e-05
1.01148e-05
1.00957e-05
1.00799e-05
1.00668e-05
1.00563e-05
1.00489e-05
1.00455e-05
1.00477e-05
1.00581e-05
1.00815e-05
1.01258e-05
1.02041e-05
1.03393e-05
1.05686e-05
1.0955e-05
1.16003e-05
1.26578e-05
1.43049e-05
1.66518e-05
1.95483e-05
2.26298e-05
2.55631e-05
2.81887e-05
3.04884e-05
3.2484e-05
3.42152e-05
3.57156e-05
3.70141e-05
3.81311e-05
3.90839e-05
3.98867e-05
4.05513e-05
4.10882e-05
4.15057e-05
4.18102e-05
4.20078e-05
4.21017e-05
4.20916e-05
4.19753e-05
4.175e-05
4.14114e-05
4.09707e-05
4.05368e-05
4.10946e-05
4.92355e-05
9.39167e-05
0.00023836
0.000488537
0.000662231
0.000723686
0.000735229
0.000734296
0.000731383
0.000728528
0.000726022
0.000723894
0.000722096
0.000720581
0.000719304
0.000718228
0.000717332
0.000716606
0.000716088
0.000715846
0.000715986
0.000716682
0.000718242
0.000721176
0.000726306
0.000735034
0.000749625
0.000773838
0.000813616
0.000877692
0.000975629
0.00111227
0.00127707
0.00144804
0.00160672
0.00174513
0.00186323
0.00196301
0.00204728
0.00211837
0.00217827
0.00222842
0.00227005
0.00230418
0.00233164
0.00235318
0.00236932
0.00238052
0.00238715
0.00238945
0.00238742
0.00238098
0.00236999
0.00235419
0.00233378
0.00231049
0.00229974
0.0023983
0.00302432
0.00508031
0.00864135
0.0111064
0.0119804
0.0121497
0.0121433
0.012109
0.012075
0.0120455
0.0120209
0.0120008
0.0119846
0.011972
0.0119627
0.0119564
0.0119533
0.0119541
0.0119597
0.0119719
0.0119928
0.0120263
0.0120782
0.0121578
0.0122799
0.0124668
0.0127543
0.0131946
0.0138585
0.0148096
0.0160537
0.0174649
0.0188493
0.0200757
0.0211069
0.021963
0.0226739
0.0232698
0.0237737
0.0242036
0.024572
0.0248889
0.0251621
0.0253976
0.0256006
0.0257746
0.025923
0.0260486
0.0261536
0.0262393
0.0263064
0.0263555
0.0263857
0.0263965
0.0263848
0.0263496
0.0262827
0.0261839
0.0260323
0.0258508
0.025714
0.0256279
0.0255823
0.0255623
0.0255573
6.57844e-08
6.59501e-08
6.60292e-08
6.60054e-08
6.5846e-08
6.55267e-08
6.50603e-08
6.46292e-08
6.43062e-08
6.40513e-08
6.38649e-08
6.37253e-08
6.36279e-08
6.35613e-08
6.35201e-08
6.34973e-08
6.34888e-08
6.3493e-08
6.35093e-08
6.35383e-08
6.35822e-08
6.36475e-08
6.37458e-08
6.38937e-08
6.41179e-08
6.44641e-08
6.50079e-08
6.58711e-08
6.72636e-08
6.95272e-08
7.32354e-08
7.93106e-08
8.91472e-08
1.0437e-07
1.26061e-07
1.53031e-07
1.82078e-07
2.10095e-07
2.35448e-07
2.57795e-07
2.77253e-07
2.94138e-07
3.08755e-07
3.21344e-07
3.32107e-07
3.41195e-07
3.48741e-07
3.54858e-07
3.5965e-07
3.6319e-07
3.65541e-07
3.66765e-07
3.66897e-07
3.65925e-07
3.63831e-07
3.60592e-07
3.56178e-07
3.50796e-07
3.46226e-07
3.57675e-07
4.82993e-07
1.13687e-06
3.19493e-06
6.72476e-06
9.23123e-06
1.01468e-05
1.03215e-05
1.03002e-05
1.02448e-05
1.01893e-05
1.01392e-05
1.00953e-05
1.00568e-05
1.00229e-05
9.99255e-06
9.96509e-06
9.93989e-06
9.9165e-06
9.89533e-06
9.87726e-06
9.86371e-06
9.85733e-06
9.86293e-06
9.88889e-06
9.94897e-06
1.00673e-05
1.02835e-05
1.06648e-05
1.13192e-05
1.24108e-05
1.41304e-05
1.66043e-05
1.96897e-05
2.30071e-05
2.61909e-05
2.9051e-05
3.15516e-05
3.37074e-05
3.55581e-05
3.71409e-05
3.84886e-05
3.96264e-05
4.05757e-05
4.13546e-05
4.19782e-05
4.246e-05
4.28103e-05
4.30377e-05
4.31499e-05
4.31505e-05
4.30397e-05
4.28155e-05
4.24753e-05
4.20153e-05
4.1451e-05
4.09118e-05
4.14851e-05
5.00661e-05
9.57087e-05
0.000239374
0.000485028
0.000658525
0.000721689
0.000733854
0.000732641
0.000729127
0.000725593
0.000722398
0.000719587
0.000717108
0.000714909
0.000712934
0.000711138
0.000709487
0.000707958
0.000706584
0.000705428
0.00070459
0.000704248
0.000704716
0.000706532
0.000710564
0.000718306
0.000732179
0.000756203
0.000796719
0.000863063
0.000965539
0.00110975
0.00128529
0.00146913
0.00164095
0.00179118
0.00191893
0.00202599
0.00211528
0.00218942
0.00225068
0.00230084
0.00234136
0.00237349
0.00239828
0.0024166
0.00242911
0.00243635
0.00243877
0.00243661
0.00242988
0.00241849
0.00240231
0.00238106
0.00235505
0.00232644
0.00231234
0.00241426
0.00305208
0.00509603
0.00859243
0.0110546
0.0119532
0.012132
0.0121227
0.0120811
0.0120387
0.0120007
0.0119677
0.0119392
0.0119147
0.0118937
0.0118757
0.0118605
0.011848
0.0118389
0.0118342
0.0118355
0.0118453
0.0118675
0.0119086
0.0119784
0.0120929
0.0122765
0.0125677
0.0130226
0.0137166
0.0147174
0.0160332
0.0175351
0.019019
0.0203406
0.0214532
0.0223735
0.0231315
0.0237596
0.0242833
0.0247229
0.0250931
0.0254056
0.0256695
0.025892
0.0260792
0.0262354
0.0263644
0.0264695
0.0265532
0.026617
0.0266617
0.0266879
0.0266947
0.0266814
0.0266444
0.0265826
0.0264872
0.0263579
0.0261755
0.0259653
0.0258038
0.0256975
0.0256364
0.0256046
0.025591
6.5739e-08
6.58778e-08
6.5924e-08
6.58585e-08
6.56468e-08
6.52649e-08
6.47274e-08
6.42186e-08
6.38162e-08
6.3485e-08
6.32257e-08
6.30156e-08
6.28488e-08
6.2713e-08
6.26016e-08
6.25066e-08
6.24228e-08
6.23476e-08
6.22802e-08
6.22203e-08
6.21695e-08
6.21338e-08
6.21246e-08
6.21584e-08
6.22627e-08
6.24847e-08
6.29031e-08
6.36461e-08
6.49346e-08
6.71288e-08
7.08333e-08
7.70195e-08
8.71572e-08
1.02979e-07
1.25695e-07
1.54221e-07
1.85294e-07
2.15559e-07
2.43106e-07
2.67401e-07
2.88467e-07
3.06598e-07
3.22115e-07
3.35285e-07
3.46349e-07
3.55493e-07
3.62884e-07
3.68668e-07
3.72974e-07
3.75899e-07
3.77526e-07
3.77932e-07
3.7716e-07
3.75202e-07
3.72044e-07
3.67667e-07
3.62052e-07
3.55472e-07
3.50035e-07
3.62539e-07
4.95289e-07
1.1635e-06
3.20934e-06
6.67215e-06
9.17384e-06
1.01146e-05
1.02992e-05
1.02736e-05
1.02085e-05
1.01419e-05
1.00807e-05
1.00259e-05
9.97657e-06
9.9319e-06
9.89081e-06
9.8524e-06
9.8159e-06
9.7806e-06
9.74682e-06
9.71536e-06
9.68757e-06
9.66606e-06
9.65576e-06
9.66531e-06
9.70907e-06
9.81234e-06
1.00169e-05
1.03936e-05
1.10563e-05
1.21783e-05
1.39634e-05
1.65531e-05
1.98155e-05
2.33626e-05
2.67988e-05
2.99021e-05
3.26152e-05
3.49427e-05
3.69231e-05
3.85958e-05
3.99981e-05
4.11597e-05
4.21067e-05
4.28614e-05
4.34428e-05
4.38674e-05
4.41482e-05
4.42957e-05
4.43194e-05
4.42236e-05
4.40087e-05
4.36726e-05
4.32134e-05
4.26281e-05
4.19373e-05
4.12951e-05
4.19041e-05
5.09769e-05
9.76087e-05
0.000240425
0.000481432
0.000654614
0.000719543
0.000732436
0.000730995
0.000726891
0.000722679
0.000718796
0.000715308
0.000712162
0.0007093
0.000706657
0.000704181
0.000701826
0.000699553
0.000697392
0.0006954
0.000693673
0.000692388
0.000691871
0.000692678
0.000695722
0.000702579
0.000715811
0.000739673
0.000780871
0.000849277
0.000955888
0.00110702
0.00129265
0.00148902
0.00167405
0.00183648
0.00197442
0.00208926
0.00218398
0.00226146
0.00232429
0.00237454
0.00241398
0.0024441
0.00246615
0.00248119
0.00248998
0.00249318
0.0024913
0.00248459
0.00247306
0.0024566
0.00243508
0.00240824
0.00237651
0.00234253
0.00232534
0.00243137
0.00308139
0.0051123
0.00854225
0.011
0.0119239
0.0121136
0.0121022
0.0120533
0.0120026
0.011956
0.0119146
0.0118779
0.0118453
0.0118161
0.0117898
0.0117661
0.0117448
0.0117264
0.0117121
0.0117034
0.0117028
0.0117147
0.0117458
0.0118067
0.0119146
0.0120956
0.0123908
0.0128598
0.013582
0.0146291
0.016011
0.0175981
0.0191784
0.0205952
0.0217915
0.0227794
0.0235879
0.0242511
0.0247968
0.0252479
0.025621
0.0259298
0.0261848
0.0263946
0.026566
0.0267043
0.0268137
0.026898
0.0269603
0.0270019
0.027024
0.0270272
0.0270103
0.0269726
0.0269101
0.0268214
0.0266973
0.0265376
0.0263249
0.0260866
0.0259001
0.0257728
0.0256952
0.0256509
0.0256277
6.56871e-08
6.57977e-08
6.58093e-08
6.57003e-08
6.5435e-08
6.49906e-08
6.43842e-08
6.38001e-08
6.33199e-08
6.29142e-08
6.25836e-08
6.23049e-08
6.20713e-08
6.18694e-08
6.16916e-08
6.15292e-08
6.13755e-08
6.12274e-08
6.10834e-08
6.0943e-08
6.08071e-08
6.06812e-08
6.05766e-08
6.051e-08
6.05092e-08
6.06231e-08
6.09332e-08
6.15731e-08
6.27729e-08
6.49094e-08
6.86141e-08
7.49012e-08
8.53054e-08
1.01658e-07
1.25296e-07
1.55259e-07
1.88285e-07
2.20794e-07
2.50597e-07
2.76936e-07
2.99715e-07
3.19186e-07
3.35677e-07
3.49482e-07
3.6088e-07
3.70095e-07
3.77333e-07
3.82773e-07
3.86578e-07
3.88867e-07
3.89745e-07
3.89308e-07
3.87604e-07
3.84631e-07
3.80376e-07
3.74826e-07
3.6798e-07
3.60186e-07
3.5394e-07
3.67795e-07
5.08587e-07
1.19116e-06
3.22379e-06
6.61891e-06
9.11408e-06
1.00803e-05
1.02763e-05
1.02473e-05
1.01728e-05
1.00953e-05
1.0023e-05
9.9574e-06
9.89764e-06
9.84272e-06
9.79149e-06
9.74292e-06
9.69613e-06
9.65004e-06
9.60497e-06
9.5616e-06
9.52122e-06
9.48641e-06
9.46217e-06
9.45734e-06
9.48682e-06
9.57687e-06
9.77114e-06
1.01435e-05
1.08134e-05
1.19617e-05
1.38045e-05
1.64978e-05
1.99236e-05
2.36918e-05
2.73796e-05
3.07325e-05
3.36679e-05
3.6178e-05
3.82975e-05
4.00675e-05
4.15294e-05
4.27178e-05
4.36639e-05
4.43945e-05
4.49328e-05
4.52988e-05
4.55082e-05
4.5574e-05
4.55072e-05
4.53126e-05
4.4991e-05
4.45404e-05
4.39592e-05
4.32456e-05
4.24264e-05
4.1685e-05
4.23504e-05
5.19583e-05
9.95818e-05
0.000241478
0.00047779
0.000650539
0.000717257
0.000730979
0.000729367
0.000724693
0.000719808
0.000715246
0.000711093
0.000707301
0.000703805
0.000700534
0.000697426
0.000694429
0.000691482
0.000688612
0.000685871
0.000683353
0.000681233
0.000679844
0.000679759
0.000681931
0.000688004
0.000700667
0.000724383
0.000766183
0.000836412
0.000946713
0.00110408
0.00129904
0.00150746
0.00170563
0.00188055
0.0020291
0.00215217
0.00225272
0.00233382
0.0023984
0.00244884
0.00248723
0.00251533
0.00253463
0.00254635
0.00255139
0.00255051
0.0025443
0.00253299
0.0025166
0.00249501
0.00246806
0.00243554
0.00239801
0.00235868
0.00233868
0.00244946
0.00311177
0.00512862
0.00849142
0.010943
0.0118925
0.0120947
0.0120818
0.012026
0.0119669
0.0119119
0.0118622
0.0118174
0.0117769
0.0117399
0.0117058
0.0116742
0.0116447
0.0116178
0.0115947
0.0115769
0.011567
0.0115695
0.0115917
0.0116446
0.0117467
0.0119257
0.0122251
0.0127074
0.0134558
0.0145451
0.0159872
0.017653
0.0193257
0.0208365
0.0221181
0.0231762
0.0240382
0.0247393
0.0253093
0.0257734
0.0261507
0.0264566
0.0267032
0.0269006
0.0270564
0.0271768
0.0272667
0.0273304
0.0273711
0.0273906
0.0273902
0.0273704
0.02733
0.0272679
0.0271799
0.0270644
0.0269118
0.0267221
0.0264799
0.0262143
0.0260027
0.0258538
0.0257588
0.025701
0.0256675
0.0254396
0.0254561
0.0254716
0.0254862
0.0254996
0.0255118
0.0255228
0.0255326
0.0255412
0.0255484
0.0255544
0.0255592
0.0255627
0.0255649
0.0255659
0.0255657
0.0255642
0.0255615
0.0255577
0.0255528
0.0255467
0.0255396
0.0255314
0.0255224
0.0255125
0.0255018
0.0254904
0.0254785
0.0254662
0.0254537
0.0254411
0.0254287
0.0254167
0.0254053
0.0253948
0.0253854
0.0253775
0.0253712
0.0253669
0.0253647
0.025454
0.025469
0.0254833
0.0254968
0.0255093
0.0255208
0.0255312
0.0255404
0.0255484
0.0255553
0.025561
0.0255654
0.0255686
0.0255706
0.0255714
0.025571
0.0255694
0.0255667
0.0255627
0.0255577
0.0255515
0.0255443
0.0255361
0.025527
0.025517
0.0255062
0.0254948
0.0254828
0.0254704
0.0254577
0.025445
0.0254325
0.0254203
0.0254088
0.0253981
0.0253886
0.0253805
0.0253742
0.0253697
0.0253674
0.0254705
0.0254838
0.0254967
0.0255089
0.0255204
0.0255309
0.0255405
0.0255491
0.0255566
0.025563
0.0255682
0.0255723
0.0255752
0.025577
0.0255775
0.0255769
0.0255752
0.0255722
0.0255682
0.025563
0.0255568
0.0255495
0.0255412
0.025532
0.0255219
0.025511
0.0254995
0.0254874
0.0254749
0.0254621
0.0254493
0.0254366
0.0254242
0.0254125
0.0254017
0.025392
0.0253838
0.0253773
0.0253728
0.0253704
0.0254892
0.0255005
0.0255117
0.0255225
0.0255327
0.0255423
0.025551
0.0255588
0.0255656
0.0255714
0.0255762
0.0255799
0.0255824
0.0255839
0.0255842
0.0255833
0.0255814
0.0255783
0.0255741
0.0255688
0.0255624
0.025555
0.0255466
0.0255373
0.0255271
0.0255162
0.0255045
0.0254923
0.0254797
0.0254668
0.0254538
0.025441
0.0254285
0.0254166
0.0254056
0.0253958
0.0253874
0.0253807
0.0253761
0.0253737
0.0255101
0.0255192
0.0255285
0.0255377
0.0255465
0.0255549
0.0255626
0.0255695
0.0255756
0.0255807
0.0255849
0.0255881
0.0255903
0.0255914
0.0255914
0.0255903
0.0255881
0.0255848
0.0255804
0.025575
0.0255685
0.025561
0.0255525
0.025543
0.0255328
0.0255217
0.0255099
0.0254976
0.0254848
0.0254718
0.0254586
0.0254456
0.025433
0.0254209
0.0254097
0.0253997
0.0253912
0.0253844
0.0253796
0.0253772
0.0255335
0.02554
0.0255471
0.0255545
0.0255618
0.0255687
0.0255753
0.0255812
0.0255864
0.0255909
0.0255944
0.0255971
0.0255988
0.0255995
0.0255991
0.0255977
0.0255953
0.0255918
0.0255872
0.0255816
0.0255749
0.0255673
0.0255587
0.0255491
0.0255387
0.0255275
0.0255156
0.0255032
0.0254903
0.0254771
0.0254638
0.0254506
0.0254378
0.0254255
0.0254141
0.0254039
0.0253952
0.0253883
0.0253834
0.0253809
0.0255593
0.0255629
0.0255677
0.025573
0.0255785
0.025584
0.0255892
0.025594
0.0255983
0.0256019
0.0256048
0.0256068
0.0256079
0.0256082
0.0256074
0.0256057
0.025603
0.0255992
0.0255944
0.0255886
0.0255818
0.025574
0.0255652
0.0255555
0.025545
0.0255337
0.0255217
0.0255091
0.025496
0.0254827
0.0254692
0.0254558
0.0254428
0.0254304
0.0254188
0.0254084
0.0253995
0.0253924
0.0253874
0.0253848
0.0255876
0.0255881
0.0255902
0.0255932
0.0255968
0.0256006
0.0256044
0.0256079
0.0256111
0.0256138
0.0256159
0.0256172
0.0256178
0.0256175
0.0256163
0.0256142
0.0256111
0.0256071
0.0256021
0.025596
0.025589
0.0255811
0.0255721
0.0255623
0.0255516
0.0255402
0.025528
0.0255153
0.0255021
0.0254886
0.0254749
0.0254614
0.0254481
0.0254355
0.0254237
0.0254131
0.0254041
0.0253968
0.0253917
0.025389
0.0256185
0.0256155
0.0256146
0.0256152
0.0256166
0.0256186
0.0256208
0.025623
0.025625
0.0256267
0.0256279
0.0256285
0.0256283
0.0256275
0.0256258
0.0256233
0.0256198
0.0256155
0.0256102
0.0256039
0.0255967
0.0255885
0.0255794
0.0255694
0.0255586
0.025547
0.0255347
0.0255218
0.0255084
0.0254947
0.0254809
0.0254672
0.0254537
0.0254409
0.0254289
0.0254181
0.0254088
0.0254014
0.0253961
0.0253934
0.025652
0.0256452
0.0256412
0.025639
0.0256381
0.025638
0.0256385
0.0256392
0.0256399
0.0256405
0.0256407
0.0256404
0.0256396
0.0256381
0.0256359
0.0256329
0.0256291
0.0256243
0.0256187
0.0256122
0.0256047
0.0255963
0.0255871
0.0255769
0.0255659
0.0255541
0.0255417
0.0255286
0.0255151
0.0255012
0.0254872
0.0254733
0.0254596
0.0254465
0.0254343
0.0254233
0.0254138
0.0254062
0.0254008
0.025398
1.51732e-10
5.18731e-10
9.64997e-10
1.50663e-09
2.16162e-09
2.94927e-09
3.88962e-09
5.00276e-09
6.30799e-09
7.82287e-09
9.56211e-09
1.15362e-08
1.37501e-08
1.62019e-08
1.88817e-08
2.17706e-08
2.48406e-08
2.80547e-08
3.13675e-08
3.47274e-08
3.80782e-08
4.13626e-08
4.45252e-08
4.75154e-08
5.02905e-08
5.28176e-08
5.50752e-08
5.70539e-08
5.87554e-08
6.01919e-08
6.13832e-08
6.2355e-08
6.31357e-08
6.37548e-08
6.42401e-08
6.46171e-08
6.49074e-08
6.51285e-08
6.52937e-08
6.54119e-08
1.45307e-10
4.96739e-10
9.24054e-10
1.44283e-09
2.07094e-09
2.82827e-09
3.73612e-09
4.81654e-09
6.09133e-09
7.58098e-09
9.30326e-09
1.12717e-08
1.3494e-08
1.59704e-08
1.86919e-08
2.16398e-08
2.47845e-08
2.80862e-08
3.14953e-08
3.49548e-08
3.84027e-08
4.17757e-08
4.50126e-08
4.80584e-08
5.08671e-08
5.34046e-08
5.56498e-08
5.75952e-08
5.9246e-08
6.06184e-08
6.17367e-08
6.26305e-08
6.33319e-08
6.38725e-08
6.42818e-08
6.45852e-08
6.4804e-08
6.49542e-08
6.50475e-08
6.50903e-08
1.4053e-10
4.80465e-10
8.93994e-10
1.39635e-09
2.00522e-09
2.74067e-09
3.62467e-09
4.68047e-09
5.93166e-09
7.40093e-09
9.1086e-09
1.10708e-08
1.32977e-08
1.57915e-08
1.85447e-08
2.15385e-08
2.47425e-08
2.81145e-08
3.16014e-08
3.51417e-08
3.86679e-08
4.21115e-08
4.54063e-08
4.84932e-08
5.13237e-08
5.38624e-08
5.6089e-08
5.79981e-08
5.9598e-08
6.09086e-08
6.1958e-08
6.27793e-08
6.34072e-08
6.3875e-08
6.42128e-08
6.44461e-08
6.45949e-08
6.46742e-08
6.4694e-08
6.46589e-08
1.36977e-10
4.68409e-10
8.71866e-10
1.36239e-09
1.95751e-09
2.6773e-09
3.54403e-09
4.58165e-09
5.81485e-09
7.26784e-09
8.96279e-09
1.09179e-08
1.31453e-08
1.5649e-08
1.84227e-08
2.14481e-08
2.46943e-08
2.81174e-08
3.16618e-08
3.52621e-08
3.88467e-08
4.23425e-08
4.56795e-08
4.87951e-08
5.16385e-08
5.41736e-08
5.63805e-08
5.82556e-08
5.98098e-08
6.1066e-08
6.20553e-08
6.28133e-08
6.33765e-08
6.37794e-08
6.40524e-08
6.42204e-08
6.43029e-08
6.43136e-08
6.42613e-08
6.41495e-08
1.34274e-10
4.59257e-10
8.55143e-10
1.33687e-09
1.92185e-09
2.63008e-09
3.48391e-09
4.50761e-09
5.72647e-09
7.16562e-09
8.84845e-09
1.07946e-08
1.30177e-08
1.55232e-08
1.83058e-08
2.13481e-08
2.4619e-08
2.80736e-08
3.16547e-08
3.52944e-08
3.8918e-08
4.24491e-08
4.58146e-08
4.89492e-08
5.18002e-08
5.43309e-08
5.65215e-08
5.83695e-08
5.98876e-08
6.11007e-08
6.20418e-08
6.27482e-08
6.32577e-08
6.36053e-08
6.38215e-08
6.3931e-08
6.39527e-08
6.38996e-08
6.378e-08
6.35969e-08
1.32096e-10
4.51892e-10
8.41712e-10
1.31642e-09
1.89332e-09
2.59227e-09
3.43558e-09
4.44752e-09
5.65363e-09
7.07948e-09
8.74911e-09
1.0683e-08
1.2896e-08
1.53945e-08
1.81743e-08
2.12186e-08
2.44968e-08
2.79639e-08
3.15618e-08
3.52213e-08
3.88661e-08
4.24176e-08
4.58003e-08
4.89472e-08
5.18041e-08
5.43332e-08
5.65145e-08
5.83457e-08
5.98403e-08
6.10241e-08
6.19311e-08
6.25996e-08
6.30678e-08
6.33711e-08
6.35402e-08
6.35997e-08
6.35682e-08
6.34587e-08
6.32794e-08
6.30338e-08
1.30176e-10
4.45395e-10
8.29844e-10
1.29831e-09
1.86795e-09
2.55846e-09
3.39193e-09
4.3925e-09
5.58561e-09
6.9969e-09
8.65065e-09
1.05678e-08
1.27638e-08
1.52458e-08
1.80107e-08
2.10424e-08
2.43112e-08
2.77726e-08
3.13686e-08
3.50303e-08
3.86803e-08
4.22392e-08
4.56304e-08
4.87854e-08
5.16489e-08
5.41817e-08
5.63632e-08
5.81903e-08
5.96761e-08
6.08463e-08
6.17351e-08
6.23805e-08
6.28212e-08
6.30928e-08
6.32259e-08
6.32455e-08
6.31704e-08
6.30141e-08
6.27854e-08
6.24886e-08
1.283e-10
4.39035e-10
8.18177e-10
1.28039e-09
1.84266e-09
2.52442e-09
3.34746e-09
4.33558e-09
5.51394e-09
6.90793e-09
8.54174e-09
1.04364e-08
1.26077e-08
1.50635e-08
1.78012e-08
2.08061e-08
2.40495e-08
2.74881e-08
3.10652e-08
3.47125e-08
3.83536e-08
4.19089e-08
4.53016e-08
4.84625e-08
5.13349e-08
5.38785e-08
5.6071e-08
5.79079e-08
5.94008e-08
6.05744e-08
6.14617e-08
6.21004e-08
6.25287e-08
6.27822e-08
6.2892e-08
6.28835e-08
6.27762e-08
6.25845e-08
6.23181e-08
6.19829e-08
1.26306e-10
4.32253e-10
8.05668e-10
1.26105e-09
1.81511e-09
2.48698e-09
3.29801e-09
4.27157e-09
5.43228e-09
6.80512e-09
8.41391e-09
1.02796e-08
1.24179e-08
1.48371e-08
1.75358e-08
2.05001e-08
2.37029e-08
2.71029e-08
3.06452e-08
3.42633e-08
3.78827e-08
4.14249e-08
4.48132e-08
4.79784e-08
5.08629e-08
5.34248e-08
5.56397e-08
5.75007e-08
5.90173e-08
6.02116e-08
6.11151e-08
6.17642e-08
6.21963e-08
6.2447e-08
6.25476e-08
6.25242e-08
6.23975e-08
6.2183e-08
6.18917e-08
6.15313e-08
1.24072e-10
4.24641e-10
7.91564e-10
1.2391e-09
1.78364e-09
2.44388e-09
3.24069e-09
4.19681e-09
5.33624e-09
6.68331e-09
8.26133e-09
1.00909e-08
1.21876e-08
1.45603e-08
1.7208e-08
2.01186e-08
2.32668e-08
2.66134e-08
3.01062e-08
3.36816e-08
3.72674e-08
4.07873e-08
4.4166e-08
4.73342e-08
5.02337e-08
5.2821e-08
5.50691e-08
5.69682e-08
5.85244e-08
5.9757e-08
6.06948e-08
6.13722e-08
6.18254e-08
6.20896e-08
6.21965e-08
6.21729e-08
6.20406e-08
6.18167e-08
6.15139e-08
6.11414e-08
1.2152e-10
4.15925e-10
7.75358e-10
1.21377e-09
1.74715e-09
2.39368e-09
3.17362e-09
4.109e-09
5.22306e-09
6.53936e-09
8.08054e-09
9.86667e-09
1.19133e-08
1.42295e-08
1.68152e-08
1.96596e-08
2.27397e-08
2.60192e-08
2.9449e-08
3.29689e-08
3.65099e-08
3.99987e-08
4.3362e-08
4.65311e-08
4.94476e-08
5.20661e-08
5.43569e-08
5.63068e-08
5.79179e-08
5.92058e-08
6.01958e-08
6.09198e-08
6.14122e-08
6.17074e-08
6.18371e-08
6.18289e-08
6.1706e-08
6.14869e-08
6.1186e-08
6.08145e-08
1.186e-10
4.05941e-10
7.56753e-10
1.1846e-09
1.70501e-09
2.33556e-09
3.0958e-09
4.00696e-09
5.0914e-09
6.37183e-09
7.87009e-09
9.60569e-09
1.1594e-08
1.38442e-08
1.63572e-08
1.9124e-08
2.21238e-08
2.53233e-08
2.86774e-08
3.21295e-08
3.56148e-08
3.90635e-08
4.24046e-08
4.55713e-08
4.85049e-08
5.11584e-08
5.34994e-08
5.55107e-08
5.71904e-08
5.85493e-08
5.96089e-08
6.03976e-08
6.09477e-08
6.1292e-08
6.14621e-08
6.14861e-08
6.13883e-08
6.11888e-08
6.09036e-08
6.05458e-08
1.15291e-10
3.94619e-10
7.35627e-10
1.15144e-09
1.65701e-09
2.26927e-09
3.00696e-09
3.89043e-09
4.94109e-09
6.18069e-09
7.63021e-09
9.30852e-09
1.12307e-08
1.34062e-08
1.58369e-08
1.85154e-08
2.14234e-08
2.45312e-08
2.77974e-08
3.117e-08
3.45887e-08
3.79874e-08
4.12988e-08
4.44578e-08
4.74062e-08
5.00958e-08
5.24916e-08
5.45725e-08
5.63319e-08
5.77758e-08
5.8921e-08
5.9792e-08
6.04179e-08
6.083e-08
6.10587e-08
6.11325e-08
6.10763e-08
6.09117e-08
6.06565e-08
6.03251e-08
1.11596e-10
3.81968e-10
7.12e-10
1.11431e-09
1.60324e-09
2.19497e-09
2.90739e-09
3.75989e-09
4.77285e-09
5.96701e-09
7.36243e-09
8.97728e-09
1.08263e-08
1.29192e-08
1.52588e-08
1.78394e-08
2.06453e-08
2.36503e-08
2.68173e-08
3.0099e-08
3.34397e-08
3.67783e-08
4.00508e-08
4.31947e-08
4.6153e-08
4.88767e-08
5.13286e-08
5.34838e-08
5.5331e-08
5.68711e-08
5.81159e-08
5.90852e-08
5.98046e-08
6.03027e-08
6.06086e-08
6.07501e-08
6.07529e-08
6.06394e-08
6.04288e-08
6.01374e-08
1.07533e-10
3.68054e-10
6.86003e-10
1.07344e-09
1.54404e-09
2.11318e-09
2.79784e-09
3.61638e-09
4.58812e-09
5.73272e-09
7.06928e-09
8.61524e-09
1.0385e-08
1.23884e-08
1.46292e-08
1.71033e-08
1.97979e-08
2.26901e-08
2.57472e-08
2.89267e-08
3.21783e-08
3.54453e-08
3.86683e-08
4.17879e-08
4.47484e-08
4.7501e-08
5.00064e-08
5.22368e-08
5.41761e-08
5.58202e-08
5.71755e-08
5.82569e-08
5.90857e-08
5.96871e-08
6.00882e-08
6.03158e-08
6.03953e-08
6.03497e-08
6.01993e-08
5.99617e-08
1.03136e-10
3.52991e-10
6.57854e-10
1.02919e-09
1.47995e-09
2.02467e-09
2.67938e-09
3.46136e-09
4.38884e-09
5.48037e-09
6.75404e-09
8.22651e-09
9.91181e-09
1.18199e-08
1.39553e-08
1.63157e-08
1.88908e-08
2.16612e-08
2.45984e-08
2.76651e-08
3.0816e-08
3.39997e-08
3.71613e-08
4.0245e-08
4.31973e-08
4.597e-08
4.85228e-08
5.08249e-08
5.28564e-08
5.46081e-08
5.60811e-08
5.7285e-08
5.82364e-08
5.89568e-08
5.94701e-08
5.98014e-08
5.99753e-08
6.00148e-08
5.99408e-08
5.97715e-08
9.84464e-11
3.36925e-10
6.27832e-10
9.81997e-10
1.41163e-09
1.93039e-09
2.5533e-09
3.29658e-09
4.1773e-09
5.21289e-09
6.42042e-09
7.81573e-09
9.41241e-09
1.12205e-08
1.32452e-08
1.54859e-08
1.79345e-08
2.05752e-08
2.33837e-08
2.63273e-08
2.93662e-08
3.24543e-08
3.55415e-08
3.8576e-08
4.15071e-08
4.42881e-08
4.6878e-08
4.92442e-08
5.13632e-08
5.32215e-08
5.48148e-08
5.61476e-08
5.72315e-08
5.80833e-08
5.87236e-08
5.91749e-08
5.94603e-08
5.96019e-08
5.96206e-08
5.95351e-08
9.3514e-11
3.20028e-10
5.96259e-10
9.32381e-10
1.33983e-09
1.83138e-09
2.42105e-09
3.12394e-09
3.956e-09
4.93348e-09
6.07242e-09
7.38784e-09
8.8928e-09
1.05973e-08
1.25074e-08
1.46235e-08
1.69401e-08
1.94444e-08
2.2116e-08
2.49273e-08
2.78433e-08
3.08234e-08
3.38225e-08
3.67932e-08
3.96882e-08
4.24626e-08
4.50758e-08
4.74941e-08
4.96914e-08
5.16501e-08
5.33614e-08
5.48245e-08
5.60459e-08
5.70379e-08
5.78168e-08
5.84019e-08
5.8814e-08
5.90738e-08
5.92013e-08
5.92151e-08
8.83923e-11
3.02482e-10
5.63478e-10
8.80887e-10
1.26537e-09
1.72878e-09
2.28414e-09
2.94545e-09
3.72749e-09
4.64539e-09
5.71413e-09
6.94784e-09
8.35905e-09
9.9577e-09
1.17502e-08
1.37384e-08
1.59186e-08
1.82811e-08
2.08093e-08
2.34798e-08
2.62628e-08
2.91228e-08
3.20199e-08
3.49114e-08
3.77536e-08
4.05042e-08
4.31239e-08
4.55785e-08
4.78402e-08
4.98881e-08
5.17096e-08
5.3299e-08
5.46579e-08
5.57937e-08
5.67184e-08
5.74475e-08
5.79987e-08
5.83907e-08
5.8642e-08
5.87702e-08
8.31361e-11
2.84476e-10
5.29845e-10
8.28077e-10
1.18904e-09
1.62371e-09
2.14409e-09
2.7631e-09
3.49437e-09
4.35189e-09
5.34957e-09
6.50067e-09
7.81711e-09
9.30865e-09
1.0982e-08
1.28402e-08
1.48812e-08
1.70979e-08
1.94772e-08
2.19998e-08
2.46406e-08
2.73693e-08
3.01508e-08
3.29473e-08
3.57193e-08
3.84273e-08
4.10341e-08
4.35059e-08
4.58139e-08
4.79353e-08
4.98537e-08
5.15598e-08
5.30502e-08
5.43279e-08
5.54002e-08
5.62787e-08
5.69774e-08
5.75123e-08
5.78998e-08
5.81558e-08
7.78003e-11
2.66198e-10
4.95712e-10
7.74505e-10
1.11167e-09
1.5173e-09
2.0024e-09
2.57884e-09
3.25911e-09
4.05608e-09
4.98261e-09
6.05106e-09
7.27268e-09
8.65697e-09
1.02109e-08
1.19382e-08
1.38385e-08
1.59068e-08
1.81332e-08
2.05023e-08
2.29931e-08
2.55802e-08
2.82335e-08
3.09197e-08
3.36037e-08
3.62496e-08
3.88225e-08
4.12898e-08
4.36228e-08
4.57974e-08
4.77948e-08
4.96021e-08
5.12124e-08
5.26238e-08
5.38396e-08
5.48671e-08
5.57166e-08
5.64006e-08
5.69328e-08
5.73271e-08
7.24379e-11
2.4783e-10
4.61419e-10
7.20708e-10
1.03403e-09
1.41061e-09
1.86049e-09
2.3945e-09
3.02405e-09
3.7609e-09
4.61687e-09
5.6034e-09
6.73106e-09
8.00897e-09
9.44418e-09
1.1041e-08
1.28004e-08
1.47194e-08
1.67906e-08
1.90019e-08
2.13366e-08
2.37734e-08
2.62869e-08
2.88486e-08
3.14275e-08
3.39915e-08
3.65088e-08
3.89485e-08
4.12828e-08
4.34871e-08
4.55411e-08
4.74295e-08
4.9142e-08
5.0673e-08
5.20219e-08
5.31917e-08
5.41889e-08
5.50226e-08
5.57033e-08
5.62422e-08
6.7099e-11
2.29545e-10
4.27289e-10
6.6719e-10
9.56842e-10
1.30463e-09
1.71968e-09
2.2118e-09
2.79136e-09
3.46906e-09
4.25567e-09
5.16173e-09
6.19708e-09
7.37042e-09
8.68872e-09
1.01567e-08
1.17764e-08
1.35464e-08
1.54615e-08
1.75127e-08
1.96867e-08
2.19663e-08
2.43303e-08
2.67547e-08
2.92127e-08
3.16761e-08
3.41162e-08
3.65047e-08
3.88152e-08
4.10234e-08
4.31085e-08
4.50535e-08
4.68458e-08
4.84767e-08
4.99419e-08
5.12409e-08
5.23765e-08
5.33541e-08
5.4181e-08
5.48653e-08
6.18303e-11
2.11501e-10
3.93619e-10
6.14416e-10
8.80777e-10
1.20028e-09
1.58117e-09
2.03229e-09
2.563e-09
3.18296e-09
3.90198e-09
4.72965e-09
5.67509e-09
6.74647e-09
7.95062e-09
9.29251e-09
1.07748e-08
1.23975e-08
1.41573e-08
1.60477e-08
1.80585e-08
2.01758e-08
2.23827e-08
2.4659e-08
2.69821e-08
2.93276e-08
3.16702e-08
3.39845e-08
3.62459e-08
3.84312e-08
4.052e-08
4.24943e-08
4.434e-08
4.60461e-08
4.76056e-08
4.90147e-08
5.02728e-08
5.1382e-08
5.23463e-08
5.31707e-08
5.66738e-11
1.93842e-10
3.60676e-10
5.62807e-10
8.06437e-10
1.09838e-09
1.44604e-09
1.85735e-09
2.34069e-09
2.90477e-09
3.5584e-09
4.31032e-09
5.16886e-09
6.14164e-09
7.23521e-09
8.45464e-09
9.80312e-09
1.12816e-08
1.28883e-08
1.46189e-08
1.64657e-08
1.84181e-08
2.04624e-08
2.25822e-08
2.47587e-08
2.69714e-08
2.91981e-08
3.14166e-08
3.36046e-08
3.57405e-08
3.78048e-08
3.97795e-08
4.16497e-08
4.34029e-08
4.50301e-08
4.6525e-08
4.7884e-08
4.91063e-08
5.01927e-08
5.11455e-08
5.1667e-11
1.76699e-10
3.28702e-10
5.12735e-10
7.34355e-10
9.99653e-10
1.31523e-09
1.68817e-09
2.12595e-09
2.63632e-09
3.2272e-09
3.90644e-09
4.68162e-09
5.55977e-09
6.54708e-09
7.64855e-09
8.86769e-09
1.02062e-08
1.16635e-08
1.32369e-08
1.49209e-08
1.67076e-08
1.85862e-08
2.05438e-08
2.25648e-08
2.46322e-08
2.67274e-08
2.8831e-08
3.09232e-08
3.29847e-08
3.4997e-08
3.69431e-08
3.88079e-08
4.05782e-08
4.22436e-08
4.3796e-08
4.52296e-08
4.65411e-08
4.77287e-08
4.87918e-08
4.68428e-11
1.60181e-10
2.97903e-10
4.64524e-10
6.64993e-10
9.0472e-10
1.18956e-09
1.5258e-09
1.92004e-09
2.37918e-09
2.91024e-09
3.52026e-09
4.21606e-09
5.00406e-09
5.89001e-09
6.87876e-09
7.97393e-09
9.1777e-09
1.04905e-08
1.19108e-08
1.34351e-08
1.50574e-08
1.67697e-08
1.85618e-08
2.04213e-08
2.23343e-08
2.42853e-08
2.62578e-08
2.82348e-08
3.01992e-08
3.21342e-08
3.40239e-08
3.58538e-08
3.76108e-08
3.92836e-08
4.0863e-08
4.23418e-08
4.37146e-08
4.49775e-08
4.61277e-08
4.2229e-11
1.44386e-10
2.68457e-10
4.18449e-10
5.9874e-10
8.14105e-10
1.06971e-09
1.37107e-09
1.72402e-09
2.13462e-09
2.60908e-09
3.15364e-09
3.77438e-09
4.47709e-09
5.26708e-09
6.14891e-09
7.12621e-09
8.20145e-09
9.37571e-09
1.06485e-08
1.20176e-08
1.34789e-08
1.50265e-08
1.66525e-08
1.83474e-08
2.01e-08
2.18975e-08
2.37264e-08
2.55722e-08
2.74201e-08
2.92553e-08
3.10635e-08
3.2831e-08
3.45452e-08
3.6195e-08
3.77705e-08
3.92635e-08
4.06674e-08
4.19767e-08
4.31868e-08
3.78489e-11
1.29392e-10
2.40512e-10
3.74738e-10
5.35918e-10
7.28239e-10
9.5622e-10
1.22469e-09
1.53874e-09
1.90367e-09
2.32493e-09
2.80799e-09
3.35825e-09
3.98087e-09
4.68065e-09
5.46184e-09
6.32795e-09
7.28157e-09
8.3242e-09
9.45609e-09
1.06761e-08
1.19815e-08
1.33681e-08
1.48301e-08
1.63601e-08
1.79493e-08
1.95877e-08
2.12642e-08
2.29666e-08
2.46826e-08
2.63994e-08
2.81043e-08
2.97849e-08
3.14297e-08
3.30278e-08
3.45695e-08
3.60461e-08
3.74504e-08
3.87758e-08
4.00165e-08
3.37215e-11
1.15264e-10
2.14186e-10
3.33575e-10
4.76785e-10
6.47464e-10
8.49538e-10
1.08719e-09
1.36485e-09
1.68711e-09
2.05871e-09
2.4844e-09
2.96893e-09
3.51685e-09
4.13246e-09
4.81963e-09
5.58165e-09
6.42114e-09
7.33981e-09
8.33842e-09
9.41659e-09
1.05727e-08
1.18039e-08
1.31061e-08
1.44736e-08
1.58998e-08
1.73769e-08
1.88958e-08
2.04469e-08
2.20197e-08
2.36037e-08
2.51877e-08
2.67611e-08
2.83133e-08
2.98344e-08
3.1315e-08
3.27466e-08
3.41217e-08
3.54333e-08
3.66748e-08
2.98617e-11
1.02053e-10
1.89574e-10
2.95103e-10
4.21544e-10
5.72047e-10
7.49995e-10
9.58995e-10
1.20285e-09
1.48551e-09
1.81106e-09
2.18362e-09
2.60728e-09
3.08604e-09
3.62367e-09
4.22365e-09
4.88902e-09
5.62227e-09
6.42523e-09
7.29895e-09
8.24361e-09
9.25839e-09
1.03415e-08
1.149e-08
1.26999e-08
1.39662e-08
1.52828e-08
1.66428e-08
1.80384e-08
1.94612e-08
2.09024e-08
2.23528e-08
2.38031e-08
2.52441e-08
2.6667e-08
2.80631e-08
2.94244e-08
3.07435e-08
3.20134e-08
3.32274e-08
2.62811e-11
8.97989e-11
1.66748e-10
2.59433e-10
3.70345e-10
5.02181e-10
6.57834e-10
8.4038e-10
1.05306e-09
1.29925e-09
1.58243e-09
1.90611e-09
2.27382e-09
2.68899e-09
3.15493e-09
3.67469e-09
4.251e-09
4.8862e-09
5.58209e-09
6.33988e-09
7.1601e-09
8.04251e-09
8.98606e-09
9.98882e-09
1.1048e-08
1.21599e-08
1.332e-08
1.4523e-08
1.57629e-08
1.70329e-08
1.83259e-08
1.96345e-08
2.09507e-08
2.22669e-08
2.35752e-08
2.4868e-08
2.61381e-08
2.73785e-08
2.85825e-08
2.97435e-08
2.29884e-11
7.85303e-11
1.45761e-10
2.26643e-10
3.23296e-10
4.38005e-10
5.73219e-10
7.31538e-10
9.15699e-10
1.12855e-09
1.37303e-09
1.6521e-09
1.96877e-09
2.32595e-09
2.72648e-09
3.17301e-09
3.66796e-09
4.21343e-09
4.81113e-09
5.46232e-09
6.16774e-09
6.9275e-09
7.74112e-09
8.60741e-09
9.52447e-09
1.04897e-08
1.14998e-08
1.25507e-08
1.36379e-08
1.47562e-08
1.58999e-08
1.7063e-08
1.82391e-08
1.94217e-08
2.06043e-08
2.17803e-08
2.29433e-08
2.4087e-08
2.52053e-08
2.62922e-08
1.999e-11
6.82695e-11
1.26652e-10
1.96793e-10
2.80473e-10
3.79612e-10
4.96257e-10
6.32584e-10
7.90876e-10
9.73511e-10
1.18294e-09
1.42164e-09
1.69212e-09
1.99684e-09
2.3382e-09
2.71845e-09
3.1397e-09
3.60379e-09
4.11228e-09
4.66641e-09
5.26698e-09
5.91436e-09
6.60843e-09
7.34852e-09
8.13342e-09
8.96134e-09
9.82992e-09
1.07363e-08
1.16769e-08
1.26479e-08
1.36449e-08
1.46631e-08
1.56976e-08
1.67429e-08
1.77938e-08
1.88446e-08
1.989e-08
2.09245e-08
2.19427e-08
2.29391e-08
1.72913e-11
5.90337e-11
1.09452e-10
1.69925e-10
2.41933e-10
3.27064e-10
4.27014e-10
5.43577e-10
6.78635e-10
8.34145e-10
1.01212e-09
1.21462e-09
1.44369e-09
1.70139e-09
1.98969e-09
2.31051e-09
2.66561e-09
3.05658e-09
3.48482e-09
3.95144e-09
4.45728e-09
5.00282e-09
5.58817e-09
6.21303e-09
6.87668e-09
7.57794e-09
8.31519e-09
9.08637e-09
9.88895e-09
1.072e-08
1.15763e-08
1.24541e-08
1.33495e-08
1.42583e-08
1.51763e-08
1.60989e-08
1.70216e-08
1.79397e-08
1.88488e-08
1.97441e-08
6.55078e-08
6.55278e-08
6.5428e-08
6.51802e-08
6.4747e-08
6.41113e-08
6.33024e-08
6.24967e-08
6.17854e-08
6.11582e-08
6.06158e-08
6.01356e-08
5.9707e-08
5.93141e-08
5.89467e-08
5.85942e-08
5.82499e-08
5.79081e-08
5.7565e-08
5.72188e-08
5.68698e-08
5.65232e-08
5.619e-08
5.5888e-08
5.56477e-08
5.5522e-08
5.55994e-08
5.60268e-08
5.70534e-08
5.90913e-08
6.28289e-08
6.93751e-08
8.04045e-08
9.80035e-08
1.2385e-07
1.57496e-07
1.95941e-07
2.35126e-07
2.72025e-07
3.05026e-07
3.3352e-07
3.57526e-07
3.77337e-07
3.9333e-07
4.05903e-07
4.15423e-07
4.22229e-07
4.26623e-07
4.28872e-07
4.29181e-07
4.27722e-07
4.2464e-07
4.2001e-07
4.13849e-07
4.06153e-07
3.96926e-07
3.86235e-07
3.74699e-07
3.66204e-07
3.85163e-07
5.52429e-07
1.27867e-06
3.26747e-06
6.4544e-06
8.9238e-06
9.96874e-06
1.02043e-05
1.01678e-05
1.00657e-05
9.95521e-06
9.84965e-06
9.75178e-06
9.66116e-06
9.57654e-06
9.49641e-06
9.41939e-06
9.3444e-06
9.27071e-06
9.19771e-06
9.12565e-06
9.05566e-06
8.9903e-06
8.93469e-06
8.89812e-06
8.8966e-06
8.95823e-06
9.13051e-06
9.49402e-06
1.01798e-05
1.13868e-05
1.33625e-05
1.63027e-05
2.01459e-05
2.45267e-05
2.89612e-05
3.30965e-05
3.67538e-05
3.98707e-05
4.24592e-05
4.45612e-05
4.62298e-05
4.75163e-05
4.84693e-05
4.91316e-05
4.95406e-05
4.97282e-05
4.9719e-05
4.95324e-05
4.91842e-05
4.8682e-05
4.80277e-05
4.72198e-05
4.62574e-05
4.51444e-05
4.39289e-05
4.28984e-05
4.3805e-05
5.51831e-05
0.000105823
0.000244668
0.00046653
0.000637556
0.000709798
0.000726384
0.000724444
0.000718099
0.000711191
0.000704581
0.000698444
0.00069275
0.000687419
0.000682357
0.000677479
0.000672721
0.000668042
0.00066341
0.000658851
0.000654449
0.000650383
0.000646997
0.000644905
0.000645146
0.000649507
0.00066096
0.000684425
0.000727698
0.00080218
0.000921215
0.0010937
0.00131267
0.00155453
0.00179159
0.00200546
0.00218825
0.00233855
0.00245871
0.00255231
0.00262322
0.00267497
0.00271067
0.00273301
0.0027442
0.00274606
0.0027399
0.00272672
0.00270725
0.00268183
0.00265049
0.00261305
0.00256932
0.00251921
0.00246375
0.00240818
0.00238058
0.00250793
0.00320767
0.00517813
0.00833425
0.0107614
0.0117899
0.0120345
0.0120199
0.0119438
0.0118596
0.0117789
0.0117043
0.0116356
0.011572
0.0115124
0.0114561
0.0114024
0.0113512
0.0113024
0.011257
0.0112165
0.011184
0.0111643
0.0111657
0.0112012
0.0112916
0.011469
0.0117823
0.0123016
0.0131171
0.0143123
0.0159043
0.0177735
0.0197007
0.0214871
0.0230323
0.0243157
0.025355
0.0261848
0.0268403
0.0273534
0.0277503
0.0280527
0.0282781
0.0284406
0.0285516
0.0286198
0.0286523
0.0286548
0.0286317
0.0285855
0.0285175
0.0284284
0.0283167
0.0281808
0.0280159
0.027819
0.0275809
0.0273011
0.0269719
0.0266261
0.0263374
0.0261202
0.0259688
0.0258669
0.0257995
6.50731e-08
6.49274e-08
6.46296e-08
6.41468e-08
6.34481e-08
6.25318e-08
6.14528e-08
6.03645e-08
5.93631e-08
5.84671e-08
5.76794e-08
5.69831e-08
5.63628e-08
5.58011e-08
5.52834e-08
5.47972e-08
5.43324e-08
5.38796e-08
5.34323e-08
5.29862e-08
5.2539e-08
5.2092e-08
5.16511e-08
5.12287e-08
5.08489e-08
5.05565e-08
5.04315e-08
5.06151e-08
5.13565e-08
5.30894e-08
5.65592e-08
6.29967e-08
7.42809e-08
9.2842e-08
1.20873e-07
1.58785e-07
2.04287e-07
2.53156e-07
3.01241e-07
3.45498e-07
3.84181e-07
4.16601e-07
4.42761e-07
4.6304e-07
4.78005e-07
4.88284e-07
4.94492e-07
4.97196e-07
4.96885e-07
4.93942e-07
4.88654e-07
4.81221e-07
4.71769e-07
4.60343e-07
4.46958e-07
4.31671e-07
4.1477e-07
3.97699e-07
3.87717e-07
4.20084e-07
6.34243e-07
1.41746e-06
3.31916e-06
6.19893e-06
8.5982e-06
9.75888e-06
1.00778e-05
1.005e-05
9.91703e-06
9.76326e-06
9.61408e-06
9.47674e-06
9.35231e-06
9.23964e-06
9.13674e-06
9.04142e-06
8.95159e-06
8.86532e-06
8.78074e-06
8.69683e-06
8.61334e-06
8.53135e-06
8.45427e-06
8.38953e-06
8.35167e-06
8.36808e-06
8.48842e-06
8.80029e-06
9.45054e-06
1.06647e-05
1.27333e-05
1.59128e-05
2.02369e-05
2.54126e-05
3.09245e-05
3.62822e-05
4.11418e-05
4.53193e-05
4.87568e-05
5.14747e-05
5.35349e-05
5.50159e-05
5.59989e-05
5.65602e-05
5.67664e-05
5.6673e-05
5.63221e-05
5.57435e-05
5.49561e-05
5.39703e-05
5.27887e-05
5.14095e-05
4.98347e-05
4.80859e-05
4.62755e-05
4.4942e-05
4.66191e-05
6.11669e-05
0.000115741
0.00024851
0.000449041
0.000615341
0.00069569
0.0007182
0.000717118
0.000708971
0.00069943
0.00069016
0.000681617
0.000673862
0.000666819
0.00066036
0.000654346
0.000648645
0.000643139
0.000637713
0.000632311
0.000626929
0.000621657
0.000616742
0.0006127
0.000610516
0.000611995
0.000620328
0.000640988
0.000682844
0.000758941
0.000885009
0.00107293
0.00132016
0.00160568
0.00189855
0.00217228
0.00241054
0.00260656
0.00276032
0.00287551
0.00295739
0.0030115
0.00304302
0.00305644
0.00305543
0.00304284
0.00302068
0.00299021
0.00295211
0.00290663
0.0028536
0.00279264
0.00272345
0.00264632
0.0025637
0.00248555
0.00245271
0.00261287
0.00336062
0.00523991
0.00809053
0.0104509
0.0115947
0.0119252
0.011926
0.0118286
0.0117111
0.0115961
0.0114899
0.0113934
0.0113058
0.0112259
0.0111521
0.011083
0.0110176
0.0109549
0.0108949
0.0108384
0.0107876
0.0107472
0.0107254
0.0107361
0.0108026
0.0109618
0.0112707
0.0118104
0.0126833
0.0139844
0.0157412
0.0178528
0.0201086
0.0222806
0.0242182
0.0258551
0.0271845
0.0282324
0.0290373
0.02964
0.0300774
0.0303818
0.0305801
0.0306944
0.0307423
0.0307375
0.0306907
0.0306103
0.030502
0.0303695
0.0302142
0.0300358
0.0298324
0.0296009
0.0293359
0.029032
0.0286814
0.0282833
0.0278404
0.0273865
0.0269839
0.0266572
0.0264081
0.0262242
0.0260901
6.45244e-08
6.42087e-08
6.37156e-08
6.30157e-08
6.20917e-08
6.09621e-08
5.97004e-08
5.84391e-08
5.72721e-08
5.62342e-08
5.53325e-08
5.45539e-08
5.38806e-08
5.32927e-08
5.2772e-08
5.23024e-08
5.18699e-08
5.14622e-08
5.10694e-08
5.06828e-08
5.02954e-08
4.9902e-08
4.95002e-08
4.90923e-08
4.86901e-08
4.83231e-08
4.80539e-08
4.80068e-08
4.84184e-08
4.97256e-08
5.27067e-08
5.86752e-08
6.96602e-08
8.83423e-08
1.17353e-07
1.5786e-07
2.08385e-07
2.64943e-07
3.22643e-07
3.77135e-07
4.25401e-07
4.65841e-07
4.98002e-07
5.22196e-07
5.39176e-07
5.49884e-07
5.5529e-07
5.56284e-07
5.53615e-07
5.47853e-07
5.39387e-07
5.28433e-07
5.15101e-07
4.99405e-07
4.81345e-07
4.61044e-07
4.39148e-07
4.18402e-07
4.10384e-07
4.61126e-07
7.21598e-07
1.54418e-06
3.35013e-06
5.96647e-06
8.2711e-06
9.5274e-06
9.94255e-06
9.94809e-06
9.80534e-06
9.62513e-06
9.44775e-06
9.2869e-06
9.14605e-06
9.0244e-06
8.91924e-06
8.82712e-06
8.74436e-06
8.66736e-06
8.5927e-06
8.51754e-06
8.4396e-06
8.35769e-06
8.27263e-06
8.18903e-06
8.11873e-06
8.08715e-06
8.14417e-06
8.3818e-06
8.95813e-06
1.01187e-05
1.21858e-05
1.54678e-05
2.00832e-05
2.58246e-05
3.21899e-05
3.85906e-05
4.45289e-05
4.96821e-05
5.39026e-05
5.71755e-05
5.95685e-05
6.11912e-05
6.21656e-05
6.26087e-05
6.26218e-05
6.22857e-05
6.16587e-05
6.07774e-05
5.96589e-05
5.83082e-05
5.67211e-05
5.4891e-05
5.28232e-05
5.05668e-05
4.8334e-05
4.69818e-05
4.98191e-05
6.75282e-05
0.000124816
0.000250897
0.000433121
0.000592992
0.000680048
0.000709311
0.000710702
0.000702113
0.000691011
0.00068005
0.000670105
0.000661385
0.000653832
0.000647271
0.000641477
0.000636217
0.00063126
0.000626394
0.00062144
0.000616266
0.000610818
0.000605185
0.000599723
0.000595278
0.00059359
0.000597955
0.000614246
0.000652164
0.000726067
0.000853535
0.00104915
0.00131441
0.00163168
0.00196897
0.00229327
0.00257998
0.00281602
0.00299827
0.00313021
0.00321874
0.00327185
0.00329722
0.00330148
0.00328985
0.00326612
0.00323273
0.00319092
0.00314095
0.0030825
0.00301484
0.00293707
0.00284875
0.00275069
0.00264739
0.00255458
0.00252568
0.0027214
0.00350137
0.00528113
0.00786909
0.0101383
0.0113772
0.0118041
0.0118417
0.0117404
0.0116029
0.0114654
0.0113394
0.0112281
0.011131
0.0110462
0.0109712
0.0109034
0.0108404
0.0107799
0.0107204
0.0106614
0.0106035
0.0105502
0.0105086
0.0104928
0.0105274
0.0106536
0.0109355
0.0114642
0.0123526
0.0137053
0.0155605
0.0178347
0.0203289
0.0228012
0.0250597
0.0269948
0.0285707
0.0298012
0.0307254
0.0313921
0.0318496
0.0321414
0.0323048
0.03237
0.0323612
0.0322969
0.032191
0.0320537
0.0318917
0.0317086
0.0315058
0.0312814
0.0310323
0.0307533
0.0304375
0.0300773
0.0296654
0.0292004
0.0286902
0.0281659
0.0276788
0.0272601
0.0269201
0.0266533
0.0264473
6.3901e-08
6.34235e-08
6.27541e-08
6.18727e-08
6.07788e-08
5.95097e-08
5.81483e-08
5.68102e-08
5.55833e-08
5.45085e-08
5.35952e-08
5.28321e-08
5.21995e-08
5.16748e-08
5.12361e-08
5.08636e-08
5.05394e-08
5.02484e-08
4.99767e-08
4.97112e-08
4.94393e-08
4.91488e-08
4.88285e-08
4.84702e-08
4.80724e-08
4.76486e-08
4.72431e-08
4.69604e-08
4.70206e-08
4.78532e-08
5.025e-08
5.55717e-08
6.59447e-08
8.4229e-08
1.13411e-07
1.55305e-07
2.09218e-07
2.71598e-07
3.3714e-07
4.00392e-07
4.57045e-07
5.04465e-07
5.41635e-07
5.68768e-07
5.86849e-07
5.9723e-07
6.01332e-07
6.00441e-07
5.956e-07
5.87556e-07
5.76758e-07
5.63388e-07
5.47459e-07
5.28884e-07
5.07603e-07
4.83838e-07
4.58773e-07
4.36936e-07
4.34833e-07
5.08066e-07
8.11987e-07
1.65832e-06
3.36526e-06
5.75361e-06
7.94848e-06
9.2773e-06
9.79446e-06
9.85558e-06
9.72518e-06
9.53624e-06
9.34504e-06
9.17329e-06
9.02775e-06
8.9083e-06
8.81157e-06
8.73272e-06
8.66636e-06
8.60705e-06
8.54975e-06
8.48968e-06
8.4225e-06
8.34473e-06
8.25463e-06
8.15407e-06
8.05216e-06
7.97208e-06
7.96299e-06
8.11911e-06
8.60555e-06
9.68109e-06
1.16912e-05
1.49864e-05
1.97589e-05
2.5885e-05
3.28988e-05
4.01483e-05
4.70006e-05
5.299e-05
5.78666e-05
6.15717e-05
6.41802e-05
6.58405e-05
6.67267e-05
6.70061e-05
6.68203e-05
6.62765e-05
6.54458e-05
6.43657e-05
6.30444e-05
6.14732e-05
5.96333e-05
5.75087e-05
5.51093e-05
5.2525e-05
5.01018e-05
4.90575e-05
5.33876e-05
7.40879e-05
0.000133009
0.000252164
0.000418542
0.000570915
0.000663077
0.000699447
0.000704762
0.000697161
0.000685625
0.000673877
0.000663319
0.000654372
0.000647017
0.000641034
0.000636108
0.000631892
0.000628039
0.000624224
0.000620146
0.000615535
0.000610189
0.000604038
0.000597271
0.00059059
0.000585642
0.000585767
0.000597099
0.000629935
0.000699587
0.000825076
0.00102332
0.00129945
0.00163929
0.00201102
0.00237657
0.0027036
0.00297228
0.00317587
0.00331755
0.00340626
0.0034531
0.00346885
0.00346263
0.00344129
0.00340942
0.00336951
0.00332237
0.00326745
0.00320346
0.0031287
0.00304159
0.00294144
0.00282982
0.00271381
0.00261543
0.00259913
0.00283086
0.00362917
0.00530651
0.00766678
0.00982931
0.0111403
0.0116677
0.0117613
0.0116748
0.0115319
0.0113833
0.0112478
0.0111312
0.0110339
0.0109534
0.0108863
0.0108284
0.0107758
0.0107249
0.0106724
0.0106161
0.0105549
0.0104907
0.0104293
0.0103846
0.0103823
0.0104672
0.0107096
0.0112098
0.0120891
0.0134604
0.0153719
0.0177552
0.0204222
0.0231242
0.0256368
0.0278111
0.0295813
0.0309468
0.0319463
0.0326371
0.0330798
0.0333311
0.0334395
0.0334445
0.0333769
0.0332597
0.0331093
0.0329368
0.032749
0.0325487
0.0323359
0.0321073
0.0318573
0.0315783
0.031261
0.0308957
0.0304738
0.0299931
0.0294619
0.0289071
0.0283708
0.0278868
0.0274728
0.0271316
0.0268559
6.32444e-08
6.26241e-08
6.18088e-08
6.07902e-08
5.95841e-08
5.82412e-08
5.68469e-08
5.5503e-08
5.42886e-08
5.32443e-08
5.23799e-08
5.1684e-08
5.11353e-08
5.07087e-08
5.03795e-08
5.01248e-08
4.99239e-08
4.97592e-08
4.96134e-08
4.94696e-08
4.93106e-08
4.91181e-08
4.88738e-08
4.85602e-08
4.81642e-08
4.76853e-08
4.7151e-08
4.6647e-08
4.63746e-08
4.67486e-08
4.85566e-08
5.31751e-08
6.27815e-08
8.03553e-08
1.09164e-07
1.5158e-07
2.07635e-07
2.74294e-07
3.46085e-07
4.16657e-07
4.80455e-07
5.33734e-07
5.74822e-07
6.03801e-07
6.2194e-07
6.31102e-07
6.33265e-07
6.30195e-07
6.23265e-07
6.13386e-07
6.01025e-07
5.86268e-07
5.68968e-07
5.48877e-07
5.25863e-07
5.00315e-07
4.74176e-07
4.54182e-07
4.61944e-07
5.60618e-07
9.03695e-07
1.76068e-06
3.36867e-06
5.55635e-06
7.63422e-06
9.00922e-06
9.63032e-06
9.76381e-06
9.66625e-06
9.4854e-06
9.2927e-06
9.11888e-06
8.97485e-06
8.86184e-06
8.77618e-06
8.71195e-06
8.66231e-06
8.62024e-06
8.57919e-06
8.53272e-06
8.47474e-06
8.39983e-06
8.30412e-06
8.18718e-06
8.05574e-06
7.93084e-06
7.86018e-06
7.93821e-06
8.33329e-06
9.31147e-06
1.12339e-05
1.44849e-05
1.9321e-05
2.56973e-05
3.31945e-05
4.11238e-05
4.87372e-05
5.54277e-05
6.08342e-05
6.48468e-05
6.7548e-05
6.91338e-05
6.98417e-05
6.98998e-05
6.9496e-05
6.87651e-05
6.77875e-05
6.65954e-05
6.51821e-05
6.3518e-05
6.15645e-05
5.92947e-05
5.67279e-05
5.40102e-05
5.1651e-05
5.12385e-05
5.73078e-05
8.07235e-05
0.000140368
0.0002526
0.000405025
0.000549377
0.000644824
0.000688398
0.000698728
0.000693448
0.000682552
0.000670794
0.000660174
0.000651386
0.000644496
0.000639261
0.000635296
0.00063216
0.000629401
0.000626593
0.000623326
0.000619211
0.00061392
0.000607243
0.00059923
0.000590447
0.000582451
0.000578564
0.000585058
0.000612591
0.000677105
0.000798695
0.000996294
0.00127834
0.00163405
0.00203246
0.00243169
0.00279226
0.00308734
0.00330608
0.00345122
0.00353411
0.00356955
0.00357204
0.00355358
0.00352274
0.00348469
0.00344171
0.00339375
0.00333917
0.00327539
0.00319957
0.00310936
0.00300392
0.00288579
0.002765
0.0026698
0.0026732
0.00293957
0.00374466
0.00532009
0.00747966
0.00952778
0.010885
0.0115135
0.0116775
0.0116235
0.0114895
0.0113403
0.0112027
0.0110866
0.0109934
0.0109205
0.0108637
0.0108176
0.0107769
0.0107365
0.0106917
0.0106385
0.0105744
0.0104994
0.0104184
0.0103445
0.0103048
0.010347
0.0105469
0.0110118
0.0118702
0.0132418
0.0151839
0.0176415
0.0204364
0.0233161
0.0260305
0.0283957
0.0303162
0.0317755
0.0328111
0.0334888
0.0338832
0.0340654
0.0340971
0.0340275
0.0338944
0.0337249
0.0335374
0.0333433
0.0331483
0.0329539
0.0327577
0.0325545
0.032336
0.032092
0.0318103
0.0314789
0.0310874
0.0306315
0.0301177
0.0295678
0.0290166
0.0284971
0.0280323
0.0276321
0.0272956
6.25928e-08
6.18556e-08
6.09295e-08
5.98186e-08
5.85515e-08
5.71865e-08
5.58066e-08
5.45014e-08
5.33402e-08
5.236e-08
5.15692e-08
5.09559e-08
5.04976e-08
5.01679e-08
4.99403e-08
4.97902e-08
4.96955e-08
4.96367e-08
4.95947e-08
4.95497e-08
4.9481e-08
4.93661e-08
4.91808e-08
4.89002e-08
4.85017e-08
4.79727e-08
4.73261e-08
4.66303e-08
4.60668e-08
4.60295e-08
4.72884e-08
5.12092e-08
5.99813e-08
7.66533e-08
1.04711e-07
1.47006e-07
2.0425e-07
2.73956e-07
3.50675e-07
4.27356e-07
4.97282e-07
5.55544e-07
5.99717e-07
6.29696e-07
6.4705e-07
6.5423e-07
6.53868e-07
6.48291e-07
6.3924e-07
6.27791e-07
6.14397e-07
5.99008e-07
5.81276e-07
5.60776e-07
5.37333e-07
5.11615e-07
4.86562e-07
4.71415e-07
4.9262e-07
6.18423e-07
9.9548e-07
1.85234e-06
3.36329e-06
5.37166e-06
7.33013e-06
8.72653e-06
9.44405e-06
9.6645e-06
9.61745e-06
9.45959e-06
9.27614e-06
9.10665e-06
8.96705e-06
8.86068e-06
8.78432e-06
8.73153e-06
8.69456e-06
8.66528e-06
8.63591e-06
8.59875e-06
8.54632e-06
8.47169e-06
8.36933e-06
8.23698e-06
8.07938e-06
7.91553e-06
7.79123e-06
7.7995e-06
8.10876e-06
8.98756e-06
1.08061e-05
1.3976e-05
1.88091e-05
2.53355e-05
3.31879e-05
4.16615e-05
4.99128e-05
5.71994e-05
6.30422e-05
6.7271e-05
6.99731e-05
7.13963e-05
7.18511e-05
7.16352e-05
7.09889e-05
7.00758e-05
6.89836e-05
6.7735e-05
6.63043e-05
6.46375e-05
6.26754e-05
6.03823e-05
5.77956e-05
5.51344e-05
5.30906e-05
5.36001e-05
6.1559e-05
8.73468e-05
0.000146968
0.000252406
0.000392362
0.000528505
0.000625514
0.000675762
0.000692069
0.000690256
0.000680962
0.000669876
0.000659593
0.00065114
0.00064472
0.000640118
0.000636916
0.000634609
0.000632672
0.000630599
0.000627891
0.000624068
0.000618697
0.00061146
0.00060229
0.000591641
0.000580972
0.000573555
0.000575677
0.000598162
0.000657293
0.000773929
0.000968717
0.00125315
0.00161984
0.0020391
0.0024663
0.00285552
0.00317287
0.00340283
0.00354736
0.00362029
0.00364062
0.00362705
0.00359478
0.00355417
0.00351089
0.00346667
0.00342043
0.00336921
0.00330907
0.00323604
0.00314709
0.00304144
0.00292281
0.00280435
0.00271992
0.00274815
0.00304636
0.00384876
0.0053247
0.00730473
0.00923551
0.0106144
0.0113362
0.0115834
0.0115774
0.0114653
0.0113248
0.0111911
0.0110785
0.0109905
0.0109249
0.010877
0.0108407
0.0108096
0.0107775
0.0107383
0.0106867
0.0106187
0.0105329
0.0104331
0.0103321
0.0102578
0.0102605
0.0104202
0.0108497
0.0116833
0.013046
0.0150036
0.0175127
0.020405
0.0234248
0.0263027
0.0288234
0.0308627
0.0323872
0.0334317
0.0340707
0.0343931
0.0344861
0.0344248
0.0342695
0.0340648
0.0338417
0.03362
0.0334106
0.0332178
0.0330407
0.0328747
0.0327121
0.032542
0.0323516
0.0321265
0.031852
0.0315158
0.0311113
0.0306419
0.0301243
0.0295866
0.0290596
0.0285684
0.0281285
0.027745
6.19775e-08
6.11521e-08
6.01504e-08
5.89871e-08
5.76996e-08
5.63489e-08
5.50129e-08
5.37696e-08
5.26788e-08
5.17725e-08
5.10571e-08
5.05203e-08
5.01395e-08
4.98882e-08
4.97396e-08
4.96688e-08
4.96535e-08
4.96733e-08
4.97079e-08
4.9736e-08
4.97346e-08
4.96776e-08
4.95362e-08
4.92793e-08
4.88765e-08
4.83049e-08
4.75649e-08
4.6709e-08
4.58994e-08
4.55055e-08
4.62692e-08
4.95271e-08
5.7443e-08
7.30929e-08
1.0013e-07
1.41812e-07
1.9949e-07
2.71266e-07
3.51833e-07
4.33655e-07
5.08969e-07
5.71679e-07
6.18506e-07
6.49054e-07
6.65154e-07
6.69875e-07
6.66573e-07
6.58201e-07
6.46915e-07
6.3397e-07
6.19796e-07
6.04201e-07
5.86633e-07
5.6652e-07
5.43718e-07
5.19314e-07
4.97464e-07
4.90034e-07
5.27632e-07
6.81003e-07
1.08636e-06
1.93429e-06
3.3511e-06
5.19743e-06
7.03689e-06
8.43334e-06
9.23388e-06
9.54753e-06
9.56652e-06
9.44632e-06
9.28191e-06
9.12216e-06
8.98874e-06
8.88791e-06
8.81767e-06
8.77184e-06
8.74235e-06
8.7205e-06
8.69764e-06
8.66511e-06
8.61441e-06
8.53747e-06
8.42747e-06
8.28074e-06
8.10041e-06
7.90368e-06
7.7343e-06
7.68283e-06
7.91444e-06
8.69629e-06
1.04034e-05
1.34683e-05
1.82506e-05
2.48507e-05
3.29594e-05
4.18701e-05
5.06651e-05
5.84761e-05
6.47013e-05
6.90996e-05
7.17548e-05
7.29661e-05
7.3121e-05
7.25938e-05
7.16816e-05
7.05792e-05
6.93813e-05
6.80997e-05
6.66885e-05
6.50701e-05
6.31678e-05
6.09439e-05
5.84644e-05
5.60362e-05
5.45405e-05
5.62093e-05
6.61124e-05
9.38877e-05
0.000152873
0.000251721
0.000380403
0.000508348
0.000605429
0.000661422
0.000684114
0.000686796
0.000680057
0.000670269
0.000660663
0.000652647
0.00064662
0.000642443
0.000639714
0.000637907
0.000636455
0.000634794
0.00063236
0.000628602
0.000623009
0.000615177
0.000604947
0.000592678
0.000579743
0.000569336
0.000567692
0.000585574
0.000639384
0.000750518
0.000941079
0.0012253
0.00159925
0.002035
0.00248592
0.00290055
0.00323799
0.00347752
0.00361975
0.00368083
0.00368409
0.0036528
0.0036056
0.00355475
0.00350629
0.00346132
0.00341757
0.00337073
0.0033156
0.00324728
0.00316225
0.00306002
0.00294574
0.0028356
0.00276801
0.00282415
0.0031504
0.0039424
0.00532224
0.00713989
0.00895324
0.0103325
0.0111344
0.0114702
0.0115261
0.011449
0.011326
0.0112013
0.0110943
0.0110112
0.0109511
0.0109092
0.0108792
0.0108542
0.0108269
0.0107903
0.010738
0.0106648
0.0105681
0.010451
0.0103258
0.0102211
0.0101894
0.0103141
0.0107118
0.0115209
0.0128715
0.0148364
0.0173824
0.0203506
0.023484
0.0264971
0.0291478
0.0312849
0.0328573
0.033896
0.0344829
0.0347215
0.034715
0.0345531
0.0343069
0.0340281
0.033751
0.0334962
0.0332738
0.0330858
0.032929
0.0327962
0.0326773
0.0325593
0.0324273
0.032265
0.0320558
0.0317858
0.0314458
0.0310363
0.0305687
0.0300654
0.0295536
0.0290583
0.0285984
0.0281838
6.14213e-08
6.05363e-08
5.94906e-08
5.83076e-08
5.70294e-08
5.57165e-08
5.44398e-08
5.3267e-08
5.22489e-08
5.14128e-08
5.0763e-08
5.02877e-08
4.99651e-08
4.97697e-08
4.96758e-08
4.96592e-08
4.96982e-08
4.97724e-08
4.98607e-08
4.9941e-08
4.99882e-08
4.99735e-08
4.98639e-08
4.96231e-08
4.92139e-08
4.8605e-08
4.77864e-08
4.67969e-08
4.57807e-08
4.50828e-08
4.54078e-08
4.80436e-08
5.51063e-08
6.96646e-08
9.54874e-08
1.36172e-07
1.93665e-07
2.66693e-07
3.50238e-07
4.36437e-07
5.16618e-07
5.83546e-07
6.32983e-07
6.641e-07
6.78897e-07
6.81024e-07
6.74589e-07
6.63222e-07
6.49544e-07
6.35021e-07
6.2009e-07
6.04433e-07
5.87339e-07
5.68155e-07
5.46872e-07
5.25152e-07
5.08521e-07
5.1138e-07
5.67532e-07
7.47752e-07
1.17551e-06
2.00737e-06
3.33345e-06
5.03216e-06
6.75465e-06
8.1334e-06
9.00035e-06
9.40627e-06
9.50206e-06
9.43247e-06
9.29722e-06
9.15319e-06
9.02811e-06
8.9321e-06
8.86526e-06
8.82239e-06
8.79572e-06
8.77643e-06
8.75536e-06
8.72323e-06
8.67075e-06
8.589e-06
8.47026e-06
8.30984e-06
8.10974e-06
7.88558e-06
7.67882e-06
7.57655e-06
7.73922e-06
8.4296e-06
1.00234e-05
1.29685e-05
1.76649e-05
2.42787e-05
3.25639e-05
4.18283e-05
5.10957e-05
5.93848e-05
6.59722e-05
7.05337e-05
7.31375e-05
7.41268e-05
7.39657e-05
7.31079e-05
7.19115e-05
7.06053e-05
6.92928e-05
6.79765e-05
6.65922e-05
6.50432e-05
6.32415e-05
6.11564e-05
5.88941e-05
5.68598e-05
5.61151e-05
5.91162e-05
7.09293e-05
0.000100287
0.000158141
0.000250638
0.000369047
0.000488919
0.000584832
0.000645422
0.000674428
0.00068232
0.000678991
0.00067116
0.000662612
0.000655167
0.000649477
0.000645544
0.000643026
0.000641417
0.000640137
0.00063859
0.000636166
0.000632261
0.000626303
0.000617826
0.000606606
0.000592938
0.000578112
0.000565223
0.000560367
0.000574149
0.000622904
0.000728337
0.000913744
0.00119583
0.00157407
0.00202284
0.0024944
0.00293238
0.00328912
0.00353838
0.00367864
0.00372786
0.00371364
0.00366395
0.00360112
0.0035394
0.0034852
0.00343898
0.00339725
0.00335445
0.00330433
0.00324127
0.00316162
0.00306539
0.0029593
0.00286225
0.00281595
0.00290123
0.00325099
0.00402634
0.00531399
0.00698364
0.00868119
0.0100431
0.0109088
0.0113321
0.0114599
0.0114294
0.0113332
0.011223
0.011124
0.0110457
0.0109891
0.0109503
0.0109232
0.0109005
0.0108745
0.0108374
0.010782
0.0107022
0.0105944
0.0104611
0.0103147
0.0101844
0.0101241
0.0102197
0.0105907
0.0113787
0.0127177
0.0146864
0.0172605
0.0202893
0.0235167
0.0266439
0.0294061
0.031627
0.0332381
0.034265
0.0347959
0.0349481
0.0348407
0.0345778
0.0342413
0.0338895
0.0335599
0.0332733
0.0330381
0.0328543
0.0327157
0.0326129
0.0325332
0.0324625
0.0323842
0.0322808
0.0321348
0.0319308
0.0316581
0.0313138
0.0309053
0.0304493
0.0299689
0.0294876
0.0290254
0.0285955
6.09385e-08
6.00203e-08
5.89575e-08
5.77797e-08
5.65312e-08
5.52697e-08
5.40584e-08
5.29559e-08
5.20054e-08
5.12297e-08
5.06324e-08
5.02021e-08
4.99191e-08
4.97598e-08
4.97002e-08
4.97178e-08
4.97917e-08
4.99015e-08
5.00263e-08
5.01426e-08
5.02238e-08
5.02382e-08
5.01494e-08
4.99162e-08
4.94961e-08
4.88509e-08
4.79625e-08
4.68593e-08
4.56688e-08
4.471e-08
4.46461e-08
4.67056e-08
5.2937e-08
6.63697e-08
9.08409e-08
1.30226e-07
1.87016e-07
2.60594e-07
3.46357e-07
4.36308e-07
5.21021e-07
5.92155e-07
6.44451e-07
6.7651e-07
6.90334e-07
6.90064e-07
6.80538e-07
6.66093e-07
6.49864e-07
6.33587e-07
6.17758e-07
6.01995e-07
5.85499e-07
5.67625e-07
5.48622e-07
5.30863e-07
5.21307e-07
5.36605e-07
6.12605e-07
8.17948e-07
1.26218e-06
2.07225e-06
3.31129e-06
4.87475e-06
6.48336e-06
7.83001e-06
8.74549e-06
9.23698e-06
9.41487e-06
9.40626e-06
9.30998e-06
9.18843e-06
9.07516e-06
8.98464e-06
8.91982e-06
8.87718e-06
8.8498e-06
8.82914e-06
8.80593e-06
8.77049e-06
8.71305e-06
8.62412e-06
8.49538e-06
8.32153e-06
8.10378e-06
7.85649e-06
7.61882e-06
7.47392e-06
7.57635e-06
8.18225e-06
9.66453e-06
1.24812e-05
1.70663e-05
2.36459e-05
3.20416e-05
4.15895e-05
5.12751e-05
6.00162e-05
6.69683e-05
7.17168e-05
7.42994e-05
7.50904e-05
7.46243e-05
7.34341e-05
7.19418e-05
7.04141e-05
6.89669e-05
6.75981e-05
6.62299e-05
6.47529e-05
6.30761e-05
6.11854e-05
5.92376e-05
5.77399e-05
5.7912e-05
6.23502e-05
7.59621e-05
0.000106493
0.000162818
0.000249224
0.000358216
0.000470218
0.000563954
0.000627905
0.000662763
0.000676223
0.000676996
0.00067177
0.00066472
0.000658065
0.000652752
0.000648968
0.00064648
0.000644836
0.000643475
0.000641788
0.000639139
0.000634888
0.000628424
0.000619239
0.000607072
0.000592169
0.000575756
0.000560819
0.000553275
0.00056348
0.000607554
0.000707312
0.000886988
0.0011655
0.00154562
0.00200455
0.00249427
0.00295436
0.00333064
0.00359094
0.00373099
0.00376979
0.00373881
0.00367077
0.00359187
0.00351848
0.00345756
0.00340894
0.00336803
0.0033282
0.00328233
0.00322442
0.0031509
0.00306256
0.00296763
0.00288734
0.00286517
0.00297921
0.00334755
0.00410125
0.00530088
0.00683489
0.0084194
0.00974945
0.0106616
0.0111659
0.0113705
0.0113964
0.0113359
0.0112465
0.0111588
0.0110862
0.0110322
0.0109944
0.0109673
0.0109437
0.0109158
0.0108753
0.0108144
0.0107263
0.0106071
0.0104587
0.0102937
0.0101419
0.0100586
0.0101315
0.0104822
0.0112544
0.0125848
0.0145572
0.0171544
0.0202331
0.0235394
0.0267647
0.029624
0.031919
0.0335641
0.0345786
0.0350556
0.0351249
0.0349205
0.034561
0.0341385
0.0337177
0.0333385
0.0330217
0.0327737
0.0325918
0.0324674
0.0323883
0.0323404
0.032308
0.0322739
0.0322202
0.032129
0.0319843
0.0317743
0.0314936
0.0311459
0.0307432
0.0303041
0.0298497
0.0293994
0.0289683
6.05359e-08
5.96077e-08
5.85497e-08
5.73956e-08
5.61901e-08
5.49866e-08
5.38414e-08
5.28048e-08
5.19139e-08
5.11881e-08
5.06305e-08
5.02313e-08
4.99731e-08
4.98347e-08
4.97945e-08
4.98317e-08
4.99262e-08
5.0058e-08
5.02058e-08
5.03452e-08
5.04476e-08
5.04789e-08
5.03991e-08
5.01633e-08
4.97244e-08
4.90398e-08
4.80853e-08
4.6881e-08
4.55401e-08
4.43561e-08
4.39486e-08
4.54794e-08
5.09135e-08
6.32131e-08
8.62393e-08
1.24087e-07
1.79739e-07
2.53249e-07
3.40548e-07
4.33693e-07
5.22687e-07
5.98166e-07
6.53787e-07
6.87421e-07
7.00905e-07
6.98733e-07
6.86393e-07
6.68923e-07
6.50027e-07
6.31789e-07
6.14847e-07
5.98836e-07
5.82964e-07
5.66701e-07
5.50665e-07
5.38032e-07
5.37171e-07
5.66566e-07
6.62935e-07
8.90856e-07
1.34574e-06
2.12947e-06
3.28532e-06
4.72434e-06
6.22287e-06
7.52601e-06
8.47231e-06
9.03844e-06
9.29841e-06
9.3577e-06
9.30905e-06
9.2172e-06
9.12043e-06
9.03763e-06
8.97506e-06
8.93139e-06
8.90105e-06
8.87619e-06
8.84772e-06
8.80588e-06
8.74066e-06
8.6423e-06
8.50222e-06
8.31486e-06
8.08102e-06
7.81407e-06
7.551e-06
7.37078e-06
7.42131e-06
7.95048e-06
9.32545e-06
1.20097e-05
1.6465e-05
2.29721e-05
3.14223e-05
4.11934e-05
5.12515e-05
6.04296e-05
6.77659e-05
7.27456e-05
7.53607e-05
7.60022e-05
7.52651e-05
7.37568e-05
7.19646e-05
7.01979e-05
6.85916e-05
6.71447e-05
6.57729e-05
6.43621e-05
6.28266e-05
6.11781e-05
5.96305e-05
5.87903e-05
6.00044e-05
6.59242e-05
8.11624e-05
0.000112461
0.000166942
0.000247528
0.000347854
0.000452237
0.000542995
0.000609083
0.000649046
0.000668074
0.000673416
0.000671375
0.0006663
0.000660742
0.000655945
0.00065232
0.000649777
0.00064795
0.00064632
0.00064429
0.000641217
0.000636442
0.000629335
0.000619372
0.000606271
0.000590259
0.000572513
0.000555907
0.000546153
0.000553296
0.000593126
0.000687389
0.00086101
0.00113487
0.00151488
0.0019815
0.00248729
0.00296868
0.00336537
0.00363891
0.00378139
0.00381208
0.00376584
0.00368001
0.00358472
0.00349874
0.00342977
0.00337724
0.00333564
0.00329739
0.00325478
0.00320163
0.00313469
0.00305563
0.00297417
0.00291324
0.00291673
0.00305785
0.00343961
0.00416769
0.00528355
0.00669281
0.00816779
0.00945455
0.0103957
0.0109706
0.011252
0.0113409
0.0113243
0.0112624
0.0111902
0.0111255
0.0110745
0.0110366
0.0110075
0.0109807
0.0109482
0.0109017
0.0108331
0.0107352
0.0106039
0.0104411
0.0102596
0.0100903
0.00998944
0.0100463
0.0103836
0.0111465
0.0124734
0.0144514
0.0170696
0.0201911
0.0235643
0.0268744
0.0298194
0.032181
0.0338578
0.0348622
0.0352905
0.0352834
0.0349892
0.0345397
0.0340371
0.0335521
0.0331269
0.0327816
0.0325205
0.0323382
0.0322234
0.0321617
0.0321372
0.0321333
0.0321327
0.0321176
0.0320703
0.031975
0.0318192
0.031596
0.0313058
0.0309568
0.0305636
0.0301439
0.0297159
0.029295
6.02133e-08
5.92955e-08
5.82598e-08
5.7143e-08
5.59887e-08
5.4846e-08
5.37647e-08
5.27886e-08
5.19493e-08
5.12642e-08
5.07363e-08
5.03578e-08
5.01137e-08
4.99856e-08
4.99544e-08
5.00006e-08
5.01053e-08
5.02486e-08
5.04085e-08
5.05593e-08
5.06707e-08
5.07059e-08
5.06222e-08
5.03716e-08
4.99037e-08
4.91731e-08
4.81518e-08
4.68538e-08
4.53804e-08
4.40012e-08
4.32913e-08
4.43413e-08
4.90205e-08
6.02002e-08
8.17251e-08
1.17852e-07
1.71998e-07
2.4489e-07
3.33088e-07
4.28895e-07
5.21944e-07
6.01962e-07
6.61497e-07
6.97542e-07
7.11558e-07
7.0821e-07
6.93533e-07
6.73248e-07
6.51665e-07
6.31298e-07
6.13026e-07
5.96612e-07
5.81379e-07
5.67019e-07
5.54613e-07
5.48179e-07
5.57346e-07
6.01862e-07
7.18147e-07
9.65611e-07
1.42563e-06
2.17951e-06
3.25605e-06
4.58027e-06
5.97299e-06
7.22388e-06
8.1844e-06
8.81159e-06
9.1489e-06
9.27903e-06
9.28464e-06
9.22939e-06
9.15459e-06
9.08302e-06
9.02434e-06
8.9798e-06
8.94552e-06
8.91465e-06
8.87864e-06
8.82794e-06
8.75259e-06
8.64286e-06
8.49025e-06
8.28929e-06
8.04066e-06
7.75702e-06
7.47333e-06
7.26436e-06
7.27087e-06
7.73135e-06
9.00485e-06
1.15562e-05
1.58687e-05
2.22726e-05
3.07289e-05
4.06693e-05
5.10591e-05
6.06642e-05
6.8412e-05
7.36805e-05
7.63994e-05
7.69584e-05
7.6e-05
7.42007e-05
7.21136e-05
7.00952e-05
6.83063e-05
6.67553e-05
6.53594e-05
6.40082e-05
6.26297e-05
6.12683e-05
6.01978e-05
6.01124e-05
6.24446e-05
6.98175e-05
8.64703e-05
0.000118151
0.000170545
0.000245585
0.000337915
0.000434966
0.00052213
0.000589206
0.000633344
0.000657622
0.000667739
0.00066933
0.000666693
0.000662593
0.000658544
0.000655183
0.000652591
0.000650511
0.000648493
0.000645971
0.000642313
0.000636864
0.000628996
0.000618187
0.000604165
0.000587152
0.000568291
0.000550353
0.00053883
0.00054341
0.000579466
0.000668519
0.000835957
0.00110435
0.00148263
0.00195475
0.00247474
0.0029768
0.00339506
0.00368452
0.00383278
0.00385837
0.00379886
0.00369597
0.00358398
0.00348436
0.00340586
0.00334776
0.00330385
0.0032658
0.00322548
0.00317671
0.00311672
0.00304809
0.00298179
0.00294176
0.002971
0.00313666
0.00352676
0.00422615
0.00526252
0.00655673
0.00792626
0.00916089
0.0101148
0.0107473
0.0111012
0.0112559
0.0112895
0.0112614
0.0112099
0.0111562
0.0111096
0.0110719
0.01104
0.0110082
0.0109691
0.0109146
0.0108363
0.0107272
0.0105832
0.0104066
0.010211
0.0100278
0.00991481
0.00996227
0.0102938
0.0110547
0.0123841
0.0143715
0.0170107
0.0201702
0.0236009
0.0269845
0.0300053
0.0324273
0.0341342
0.0351315
0.0355176
0.0354421
0.0350662
0.034534
0.0339576
0.0334131
0.0329449
0.0325723
0.0322977
0.0321127
0.0320033
0.0319529
0.0319443
0.0319602
0.0319832
0.0319961
0.0319819
0.0319253
0.0318138
0.0316396
0.0314008
0.0311024
0.0307553
0.0303741
0.0299749
0.0295724
5.99651e-08
5.90758e-08
5.80767e-08
5.70071e-08
5.59092e-08
5.48281e-08
5.3808e-08
5.28871e-08
5.20932e-08
5.14417e-08
5.09364e-08
5.05713e-08
5.03343e-08
5.02096e-08
5.01799e-08
5.02277e-08
5.03344e-08
5.04801e-08
5.06419e-08
5.07929e-08
5.09006e-08
5.09263e-08
5.08247e-08
5.05455e-08
5.00367e-08
4.92513e-08
4.81597e-08
4.67721e-08
4.51802e-08
4.36312e-08
4.26567e-08
4.3273e-08
4.72458e-08
5.73356e-08
7.73335e-08
1.11605e-07
1.63935e-07
2.35715e-07
3.24211e-07
4.22144e-07
5.18996e-07
6.03732e-07
6.67811e-07
7.07211e-07
7.22806e-07
7.1922e-07
7.02893e-07
6.80172e-07
6.56011e-07
6.33436e-07
6.13684e-07
5.96764e-07
5.82224e-07
5.70078e-07
5.61935e-07
5.62624e-07
5.82779e-07
6.42774e-07
7.77717e-07
1.04112e-06
1.50137e-06
2.22275e-06
3.2239e-06
4.44198e-06
5.73349e-06
6.92572e-06
7.88557e-06
8.55894e-06
8.96515e-06
9.16508e-06
9.2288e-06
9.21588e-06
9.16854e-06
9.11246e-06
9.06042e-06
9.01631e-06
8.97818e-06
8.9405e-06
8.89553e-06
8.83424e-06
8.74705e-06
8.62456e-06
8.45865e-06
8.24422e-06
7.98213e-06
7.68454e-06
7.38456e-06
7.15278e-06
7.12268e-06
7.52255e-06
8.70145e-06
1.11218e-05
1.52832e-05
2.15595e-05
2.99799e-05
4.00401e-05
5.07226e-05
6.07449e-05
6.89335e-05
7.45544e-05
7.74592e-05
7.80167e-05
7.69011e-05
7.48501e-05
7.24823e-05
7.02065e-05
6.82169e-05
6.65402e-05
6.51041e-05
6.38096e-05
6.26058e-05
6.1574e-05
6.10451e-05
6.1783e-05
6.52592e-05
7.39969e-05
9.18105e-05
0.000123532
0.000173657
0.000243426
0.000328361
0.000418392
0.000501508
0.000568541
0.000615836
0.000644793
0.000659622
0.000665112
0.000665301
0.000663027
0.000660006
0.000657088
0.00065453
0.000652204
0.000649742
0.000646632
0.000642277
0.000636045
0.00062733
0.000615634
0.000600714
0.000582808
0.000563038
0.000544077
0.000531192
0.00053369
0.000566455
0.000650658
0.000811934
0.00107428
0.00144946
0.00192513
0.00245755
0.00297967
0.00342073
0.00372905
0.00388689
0.00391091
0.00384055
0.00372158
0.00359259
0.00347815
0.00338851
0.00332313
0.00327534
0.00323623
0.00319739
0.00315274
0.00310003
0.00304271
0.00299267
0.00297412
0.00302807
0.00321483
0.00360866
0.00427708
0.00523818
0.00642613
0.00769466
0.00887065
0.0098227
0.0104984
0.0109169
0.0111367
0.0112242
0.0112354
0.0112096
0.0111708
0.0111311
0.0110945
0.0110598
0.0110224
0.0109755
0.0109113
0.010822
0.0107006
0.0105438
0.0103542
0.0101465
0.00995343
0.00983372
0.00987863
0.010212
0.010979
0.0123181
0.01432
0.0169814
0.0201758
0.0236568
0.0271036
0.0301912
0.0326677
0.0344036
0.035397
0.0357471
0.0356112
0.0351617
0.0345541
0.0339094
0.0333092
0.0328
0.0324008
0.0321116
0.0319214
0.0318137
0.0317698
0.031771
0.0317994
0.0318378
0.0318697
0.031879
0.0318513
0.0317744
0.0316402
0.0314454
0.0311924
0.0308889
0.0305467
0.0301794
0.0298008
5.97806e-08
5.89362e-08
5.79862e-08
5.69718e-08
5.59341e-08
5.49149e-08
5.39536e-08
5.30839e-08
5.23306e-08
5.17081e-08
5.12208e-08
5.08649e-08
5.06304e-08
5.05043e-08
5.0471e-08
5.05142e-08
5.06157e-08
5.07552e-08
5.0909e-08
5.10485e-08
5.11396e-08
5.11414e-08
5.10071e-08
5.06849e-08
5.01223e-08
4.92725e-08
4.81059e-08
4.6631e-08
4.49319e-08
4.32353e-08
4.20305e-08
4.22597e-08
4.55787e-08
5.46216e-08
7.30935e-08
1.05415e-07
1.55678e-07
2.25904e-07
3.14122e-07
4.13631e-07
5.13974e-07
6.03541e-07
6.72755e-07
7.16492e-07
7.34831e-07
7.32121e-07
7.15028e-07
6.90449e-07
6.63987e-07
6.39265e-07
6.17993e-07
6.00547e-07
5.86812e-07
5.77205e-07
5.73884e-07
5.82395e-07
6.14055e-07
6.89226e-07
8.40907e-07
1.11638e-06
1.5725e-06
2.25956e-06
3.18916e-06
4.309e-06
5.50413e-06
6.6333e-06
7.57963e-06
8.28418e-06
8.74826e-06
9.01334e-06
9.13591e-06
9.16912e-06
9.15398e-06
9.11774e-06
9.07568e-06
9.03413e-06
8.99319e-06
8.94881e-06
8.89435e-06
8.8216e-06
8.72162e-06
8.58567e-06
8.40629e-06
8.17898e-06
7.90498e-06
7.59615e-06
7.28391e-06
7.03481e-06
6.975e-06
7.32219e-06
8.41399e-06
1.07072e-05
1.47128e-05
2.08423e-05
2.91901e-05
3.93244e-05
5.02609e-05
6.06882e-05
6.93443e-05
7.53818e-05
7.856e-05
7.92066e-05
7.801e-05
7.57591e-05
7.3136e-05
7.06065e-05
6.84065e-05
6.65899e-05
6.51036e-05
6.38679e-05
6.28578e-05
6.21928e-05
6.22536e-05
6.38498e-05
6.84474e-05
7.84131e-05
9.71154e-05
0.000128572
0.000176303
0.000241074
0.000319162
0.000402501
0.000481256
0.000547353
0.000596776
0.000629665
0.000648898
0.000658346
0.000661621
0.000661494
0.000659793
0.00065754
0.000655156
0.000652648
0.000649749
0.000646016
0.000640906
0.00063383
0.000624226
0.000611642
0.000595876
0.000577199
0.000556724
0.000537034
0.00052317
0.000524042
0.000554006
0.000633767
0.000789018
0.00104492
0.00141589
0.0018933
0.00243645
0.00297797
0.00344296
0.00377315
0.00394465
0.00397107
0.00389269
0.0037589
0.0036127
0.00348223
0.00337975
0.00330535
0.00325215
0.00321086
0.00317285
0.00313215
0.00308702
0.0030416
0.0030083
0.00301092
0.00308764
0.00329168
0.00368499
0.00432087
0.00521087
0.00630056
0.00747279
0.00858567
0.00952322
0.0102276
0.0107003
0.0109809
0.0111232
0.0111773
0.0111816
0.0111616
0.0111317
0.0110983
0.0110616
0.0110186
0.0109633
0.0108887
0.0107876
0.0106536
0.0104841
0.010283
0.0100658
0.00986675
0.00974594
0.00979536
0.0101388
0.0109202
0.0122769
0.0142991
0.0169853
0.0202125
0.0237376
0.0272387
0.0303843
0.0329096
0.034673
0.0356653
0.0359852
0.0357963
0.0352807
0.034604
0.0338956
0.0332426
0.0326936
0.0322672
0.0319618
0.0317639
0.0316544
0.0316127
0.0316189
0.0316543
0.0317018
0.0317456
0.0317706
0.0317635
0.0317128
0.0316103
0.0314517
0.0312379
0.030974
0.030669
0.0303345
0.0299826
5.96439e-08
5.88611e-08
5.79719e-08
5.70199e-08
5.6046e-08
5.5089e-08
5.41848e-08
5.33637e-08
5.26482e-08
5.2052e-08
5.15803e-08
5.1231e-08
5.09965e-08
5.08656e-08
5.08245e-08
5.08577e-08
5.09471e-08
5.10719e-08
5.12073e-08
5.13233e-08
5.13841e-08
5.13473e-08
5.1165e-08
5.07852e-08
5.0156e-08
4.92321e-08
4.79857e-08
4.64251e-08
4.46285e-08
4.28043e-08
4.14015e-08
4.12884e-08
4.40088e-08
5.20585e-08
6.90284e-08
9.93452e-08
1.47344e-07
2.15624e-07
3.03017e-07
4.03529e-07
5.06976e-07
6.01379e-07
6.76232e-07
7.25254e-07
7.47551e-07
7.46964e-07
7.30181e-07
7.04527e-07
6.76243e-07
6.49607e-07
6.26912e-07
6.09021e-07
5.96258e-07
5.89498e-07
5.91435e-07
6.0818e-07
6.51379e-07
7.40821e-07
9.06828e-07
1.19051e-06
1.63863e-06
2.29025e-06
3.15213e-06
4.18093e-06
5.28462e-06
6.34805e-06
7.27017e-06
7.99161e-06
8.5011e-06
8.82382e-06
9.00291e-06
9.08365e-06
9.10406e-06
9.09147e-06
9.0628e-06
9.02643e-06
8.9844e-06
8.93425e-06
8.87064e-06
8.78641e-06
8.67357e-06
8.52428e-06
8.33195e-06
8.09291e-06
7.80891e-06
7.49164e-06
7.17099e-06
6.90965e-06
6.8266e-06
7.12876e-06
8.14127e-06
1.03128e-05
1.41607e-05
2.01288e-05
2.83724e-05
3.85381e-05
4.96893e-05
6.05054e-05
6.96501e-05
7.61649e-05
7.97049e-05
8.05376e-05
7.93462e-05
7.69591e-05
7.41183e-05
7.13502e-05
6.89401e-05
6.6978e-05
6.54386e-05
6.42676e-05
6.34694e-05
6.31995e-05
6.38768e-05
6.63315e-05
7.19841e-05
8.30057e-05
0.000102323
0.000133245
0.000178507
0.000238548
0.000310291
0.000387276
0.000461477
0.000525896
0.000576464
0.000612437
0.000635569
0.000648825
0.00065529
0.00065754
0.000657416
0.000656056
0.00065402
0.000651444
0.000648167
0.000643833
0.000637968
0.000630046
0.000619564
0.000606135
0.000589612
0.00057031
0.000549341
0.000529205
0.000514725
0.00051441
0.000542052
0.000617812
0.000767263
0.0010165
0.00138234
0.00185985
0.00241205
0.00297218
0.00346207
0.00381706
0.00400645
0.00403962
0.00395651
0.00380951
0.00364607
0.00349838
0.00338133
0.00329613
0.00323606
0.00319154
0.00315377
0.0031169
0.00307952
0.00304623
0.00302956
0.00305227
0.00314918
0.00336651
0.00375549
0.00435791
0.00518086
0.00617963
0.00726047
0.00830748
0.00921997
0.00993929
0.0104542
0.0107886
0.0109836
0.011082
0.0111195
0.0111218
0.0111049
0.0110768
0.0110397
0.0109918
0.0109284
0.0108435
0.0107305
0.0105843
0.0104031
0.0101921
0.00996851
0.00976796
0.00965197
0.00971323
0.0100751
0.0108798
0.0122624
0.0143112
0.0170253
0.0202843
0.0238482
0.0273953
0.0305904
0.0331584
0.0349473
0.0359405
0.0362357
0.0360006
0.0354255
0.0346853
0.033917
0.0332129
0.0326241
0.0321692
0.0318453
0.0316367
0.0315221
0.031479
0.0314861
0.0315242
0.0315762
0.0316266
0.0316615
0.0316684
0.0316367
0.0315586
0.0314293
0.0312484
0.0310192
0.0307486
0.0304458
0.0301216
5.95352e-08
5.88309e-08
5.80146e-08
5.71327e-08
5.62265e-08
5.5333e-08
5.44855e-08
5.37118e-08
5.30328e-08
5.24617e-08
5.20045e-08
5.16606e-08
5.14243e-08
5.1286e-08
5.12334e-08
5.12511e-08
5.13213e-08
5.14225e-08
5.15287e-08
5.16087e-08
5.16252e-08
5.15351e-08
5.12899e-08
5.08384e-08
5.01305e-08
4.91237e-08
4.77933e-08
4.61487e-08
4.42637e-08
4.23305e-08
4.07595e-08
4.0348e-08
4.25265e-08
4.96446e-08
6.51555e-08
9.3447e-08
1.39037e-07
2.05034e-07
2.91085e-07
3.9201e-07
4.98096e-07
5.97211e-07
6.78066e-07
7.33227e-07
7.60687e-07
7.63555e-07
7.48316e-07
7.22576e-07
6.93158e-07
6.65036e-07
6.41171e-07
6.2302e-07
6.1143e-07
6.07774e-07
6.15232e-07
6.40295e-07
6.94599e-07
7.96898e-07
9.74508e-07
1.26266e-06
1.69949e-06
2.31511e-06
3.113e-06
4.05743e-06
5.07467e-06
6.07112e-06
6.96047e-06
7.68585e-06
8.22784e-06
8.59865e-06
8.82927e-06
8.95648e-06
9.01393e-06
9.02776e-06
9.0155e-06
8.98703e-06
8.94606e-06
8.89172e-06
8.82008e-06
8.72522e-06
8.60031e-06
8.43861e-06
8.23461e-06
7.98556e-06
7.69384e-06
7.37109e-06
7.04577e-06
6.77694e-06
6.67664e-06
6.94107e-06
7.88221e-06
9.93833e-06
1.36291e-05
1.94252e-05
2.75382e-05
3.76952e-05
4.90214e-05
6.0205e-05
6.98522e-05
7.68984e-05
8.08861e-05
8.20043e-05
8.09122e-05
7.84634e-05
7.54547e-05
7.24751e-05
6.98658e-05
6.77617e-05
6.61724e-05
6.50743e-05
6.45022e-05
6.46431e-05
6.59404e-05
6.92201e-05
7.58248e-05
8.77081e-05
0.000107378
0.000137534
0.000180289
0.000235864
0.000301726
0.0003727
0.000442254
0.0005044
0.000555219
0.000593395
0.000619784
0.000636517
0.000646106
0.00065084
0.000652483
0.00065222
0.000650714
0.000648213
0.000644663
0.000639801
0.000633237
0.000624523
0.000613232
0.000599048
0.000581897
0.00056214
0.000540899
0.000520598
0.000505848
0.000504763
0.000530554
0.000602767
0.000746712
0.000989167
0.00134915
0.00182532
0.0023849
0.00296267
0.00347818
0.00386073
0.00407234
0.00411693
0.00403284
0.00387469
0.00369428
0.0035283
0.00339493
0.00329711
0.00322862
0.00317982
0.00314171
0.00310844
0.00307878
0.00305748
0.00305676
0.00309788
0.00321199
0.00343869
0.00382
0.00438854
0.00514841
0.00606303
0.00705745
0.00803729
0.00891628
0.00963786
0.0101826
0.0105618
0.0108049
0.0109467
0.0110188
0.011046
0.0110447
0.0110244
0.0109888
0.0109374
0.0108669
0.0107723
0.0106483
0.010491
0.0102997
0.0100815
0.00985499
0.00965784
0.00955297
0.00963374
0.0100227
0.0108598
0.0122768
0.014359
0.0171045
0.0203947
0.0239925
0.027578
0.0308139
0.0334184
0.03523
0.0362256
0.0365005
0.0362255
0.0355971
0.0347982
0.0339729
0.0332186
0.0325891
0.0321036
0.0317582
0.0315356
0.0314125
0.0313646
0.0313694
0.0314069
0.0314597
0.0315129
0.0315533
0.0315693
0.0315511
0.0314913
0.0313853
0.0312316
0.0310322
0.0307923
0.0305192
0.0302222
5.94296e-08
5.88218e-08
5.80918e-08
5.72889e-08
5.64555e-08
5.56281e-08
5.48383e-08
5.41122e-08
5.34696e-08
5.29236e-08
5.24808e-08
5.21418e-08
5.19024e-08
5.17543e-08
5.16861e-08
5.16828e-08
5.17264e-08
5.17946e-08
5.18604e-08
5.18915e-08
5.18498e-08
5.16917e-08
5.13693e-08
5.08331e-08
5.00358e-08
4.8939e-08
4.75216e-08
4.57958e-08
4.38317e-08
4.18069e-08
4.00963e-08
3.94282e-08
4.11219e-08
4.73759e-08
6.14873e-08
8.77647e-08
1.30847e-07
1.94282e-07
2.78515e-07
3.79257e-07
4.87438e-07
5.91002e-07
6.78053e-07
7.40063e-07
7.73817e-07
7.81493e-07
7.69149e-07
7.44492e-07
7.14836e-07
6.85851e-07
6.61228e-07
6.43099e-07
6.32903e-07
6.32527e-07
6.45562e-07
6.78698e-07
7.43251e-07
8.56606e-07
1.04295e-06
1.33209e-06
1.75489e-06
2.33443e-06
3.07197e-06
3.93817e-06
4.87394e-06
5.80336e-06
6.65341e-06
7.37144e-06
7.93338e-06
8.34168e-06
8.61677e-06
8.7871e-06
8.88116e-06
8.92277e-06
8.92918e-06
8.91107e-06
8.87346e-06
8.81696e-06
8.73903e-06
8.63514e-06
8.49973e-06
8.32733e-06
8.11358e-06
7.85679e-06
7.56e-06
7.23483e-06
6.90851e-06
6.63664e-06
6.52467e-06
6.75824e-06
7.63583e-06
9.58363e-06
1.31199e-05
1.87366e-05
2.66972e-05
3.68088e-05
4.82696e-05
5.97947e-05
6.99499e-05
7.75727e-05
8.20882e-05
8.35912e-05
8.26974e-05
8.02705e-05
7.71549e-05
7.40023e-05
7.12153e-05
6.89806e-05
6.73493e-05
6.6332e-05
6.59938e-05
6.65462e-05
6.84432e-05
7.24845e-05
7.99115e-05
9.2452e-05
0.000112229
0.000141428
0.000181672
0.000233038
0.000293447
0.000358753
0.000423651
0.000483066
0.000533359
0.000572879
0.000601804
0.00062154
0.000634035
0.000641229
0.000644736
0.000645724
0.000644913
0.000642642
0.000638954
0.000633681
0.000626525
0.000617127
0.000605144
0.000590344
0.000572728
0.000552713
0.000531433
0.000511244
0.000496558
0.000495097
0.000519491
0.000588619
0.000727401
0.000963082
0.00131662
0.00179019
0.00235548
0.0029498
0.00349135
0.00390397
0.00414208
0.00420304
0.00412225
0.00395555
0.00375882
0.00357366
0.00342222
0.00330986
0.00323132
0.00317706
0.00313789
0.00310782
0.00308556
0.0030757
0.00308977
0.00314715
0.00327527
0.00350763
0.00387845
0.00441312
0.00511372
0.00595048
0.00686346
0.00777606
0.00861506
0.00932789
0.00989036
0.0103042
0.0105888
0.0107708
0.0108772
0.0109304
0.0109468
0.0109365
0.0109044
0.0108513
0.0107753
0.0106725
0.0105392
0.0103725
0.0101737
0.00995125
0.00972614
0.00953781
0.00945085
0.00955917
0.00998424
0.010863
0.0123229
0.0144452
0.0172258
0.0205467
0.024174
0.0277905
0.0310586
0.0336929
0.0355239
0.0365225
0.036781
0.0364716
0.0357956
0.0349424
0.0340626
0.0332584
0.0325867
0.0320678
0.0316975
0.0314571
0.0313218
0.0312659
0.0312653
0.0312993
0.0313503
0.0314034
0.0314461
0.0314675
0.0314587
0.0314126
0.0313247
0.0311931
0.031019
0.030806
0.0305601
0.030289
5.92967e-08
5.88051e-08
5.81766e-08
5.74636e-08
5.671e-08
5.59529e-08
5.52233e-08
5.45464e-08
5.39413e-08
5.34212e-08
5.29931e-08
5.26587e-08
5.2415e-08
5.22546e-08
5.21666e-08
5.21364e-08
5.21454e-08
5.21707e-08
5.21847e-08
5.21541e-08
5.20406e-08
5.18008e-08
5.13882e-08
5.07559e-08
4.98606e-08
4.86684e-08
4.71633e-08
4.536e-08
4.33268e-08
4.12277e-08
3.94044e-08
3.85201e-08
3.97857e-08
4.52468e-08
5.80308e-08
8.23328e-08
1.22854e-07
1.83508e-07
2.65494e-07
3.65462e-07
4.75135e-07
5.82746e-07
6.76e-07
7.45379e-07
7.86423e-07
8.00219e-07
7.92181e-07
7.69914e-07
7.411e-07
7.12058e-07
6.87236e-07
6.69498e-07
6.60919e-07
6.63899e-07
6.82358e-07
7.23012e-07
7.96617e-07
9.18976e-07
1.11118e-06
1.39817e-06
1.80475e-06
2.34847e-06
3.02922e-06
3.82288e-06
4.68211e-06
5.54539e-06
6.35142e-06
7.05266e-06
7.62299e-06
8.05786e-06
8.36905e-06
8.57732e-06
8.70571e-06
8.775e-06
8.8013e-06
8.79547e-06
8.76342e-06
8.70698e-06
8.62497e-06
8.5142e-06
8.37052e-06
8.18973e-06
7.96874e-06
7.70689e-06
7.40795e-06
7.08355e-06
6.75977e-06
6.48903e-06
6.37052e-06
6.57967e-06
7.40131e-06
9.2483e-06
1.26343e-05
1.80676e-05
2.58583e-05
3.58907e-05
4.74465e-05
5.92825e-05
6.99422e-05
7.81768e-05
8.3292e-05
8.52754e-05
8.4681e-05
8.23665e-05
7.92142e-05
7.59371e-05
7.30029e-05
7.06555e-05
6.89928e-05
6.80622e-05
6.7957e-05
6.89061e-05
7.13604e-05
7.60756e-05
8.41775e-05
9.71708e-05
0.000116833
0.000144922
0.000182677
0.000230083
0.000285437
0.000345414
0.000405714
0.000462069
0.000511183
0.000551253
0.00058197
0.000604145
0.000619199
0.000628704
0.000634072
0.000636397
0.000636412
0.000634518
0.000630842
0.000625307
0.000617705
0.000607772
0.000595258
0.000580018
0.000562132
0.000542075
0.000520999
0.000501199
0.000486895
0.000485435
0.000508863
0.000575365
0.000709362
0.000938369
0.00128504
0.00175492
0.00232427
0.00293389
0.00350159
0.00394648
0.00421525
0.00429776
0.00422505
0.00405301
0.00384115
0.00363619
0.00346499
0.00333603
0.00324557
0.00318443
0.00314325
0.0031157
0.0031002
0.00310084
0.00312812
0.00319933
0.00333822
0.00357284
0.00393086
0.00443199
0.00507699
0.00584171
0.00667822
0.00752445
0.00831882
0.00901366
0.00958266
0.0100207
0.0103387
0.010556
0.0106945
0.0107736
0.0108088
0.0108102
0.0107835
0.0107308
0.0106512
0.0105424
0.0104019
0.0102284
0.0100251
0.00980244
0.00958352
0.00941006
0.00934829
0.00949259
0.00996299
0.0108928
0.0124042
0.0145731
0.0173922
0.0207434
0.0243957
0.0280357
0.0313276
0.0339846
0.0358312
0.0368326
0.0370779
0.0367391
0.0360208
0.0351175
0.0341853
0.0333314
0.0326157
0.0320603
0.0316612
0.0313989
0.0312475
0.0311799
0.0311709
0.0311989
0.0312458
0.0312967
0.0313394
0.0313635
0.0313608
0.0313247
0.0312509
0.0311374
0.0309845
0.0307948
0.0305733
0.0303261
5.91003e-08
5.87467e-08
5.8237e-08
5.76269e-08
5.69625e-08
5.62821e-08
5.5617e-08
5.49922e-08
5.44268e-08
5.39339e-08
5.35213e-08
5.31915e-08
5.2942e-08
5.27664e-08
5.26541e-08
5.25905e-08
5.25566e-08
5.25292e-08
5.24799e-08
5.23752e-08
5.2177e-08
5.1843e-08
5.1329e-08
5.05916e-08
4.9592e-08
4.83017e-08
4.67102e-08
4.48354e-08
4.27438e-08
4.05876e-08
3.86776e-08
3.76157e-08
3.85086e-08
4.32502e-08
5.4789e-08
7.71776e-08
1.15126e-07
1.72841e-07
2.52206e-07
3.50833e-07
4.61351e-07
5.72484e-07
6.71754e-07
7.48803e-07
7.97948e-07
8.19067e-07
8.16734e-07
7.98247e-07
7.71492e-07
7.43356e-07
7.19028e-07
7.02123e-07
6.95378e-07
7.01685e-07
7.25223e-07
7.72587e-07
8.53799e-07
9.82983e-07
1.17828e-06
1.46037e-06
1.84901e-06
2.35753e-06
2.98488e-06
3.71131e-06
4.49881e-06
5.2976e-06
6.05649e-06
6.73337e-06
7.30186e-06
7.75276e-06
8.09108e-06
8.33084e-06
8.48977e-06
8.5852e-06
8.63153e-06
8.63921e-06
8.61457e-06
8.5604e-06
8.4767e-06
8.36161e-06
8.21229e-06
8.0259e-06
7.80056e-06
7.53665e-06
7.23864e-06
6.91822e-06
6.60041e-06
6.33469e-06
6.21434e-06
6.40502e-06
7.17799e-06
8.9319e-06
1.21732e-05
1.74217e-05
2.50292e-05
3.49524e-05
4.65645e-05
5.86772e-05
6.98298e-05
7.87001e-05
8.44769e-05
8.70303e-05
8.68357e-05
8.47277e-05
8.16159e-05
7.82707e-05
7.52264e-05
7.27888e-05
7.11061e-05
7.0264e-05
7.03813e-05
7.16972e-05
7.46478e-05
7.9932e-05
8.85526e-05
0.000101803
0.000121155
0.000148015
0.000183325
0.000227011
0.000277678
0.000332661
0.000388474
0.000441549
0.000488959
0.000528877
0.000560666
0.00058467
0.000601848
0.000613412
0.000620541
0.000624215
0.000625141
0.000623751
0.000620236
0.000614599
0.000606725
0.000596439
0.000583586
0.00056811
0.000550171
0.000530305
0.000509683
0.000490543
0.000476927
0.000475821
0.000498694
0.000563017
0.000692629
0.00091514
0.00125465
0.00171993
0.00229175
0.0029153
0.00350894
0.00398791
0.00429134
0.00440072
0.00434136
0.00416788
0.00394269
0.00371772
0.00352513
0.00337735
0.00327281
0.00320301
0.00315849
0.00313244
0.00312268
0.0031325
0.00317109
0.00325354
0.00340005
0.00363389
0.0039773
0.00444549
0.00503842
0.0057365
0.00650142
0.00728295
0.0080296
0.00869904
0.00926463
0.00971669
0.0100594
0.0103059
0.0104728
0.0105764
0.0106304
0.0106445
0.010625
0.0105746
0.0104938
0.0103814
0.0102364
0.0100593
0.00985522
0.00963677
0.00942954
0.00927756
0.00924881
0.00943795
0.00996312
0.0109533
0.0125244
0.0147462
0.0176068
0.0209875
0.0246603
0.0283163
0.0316235
0.0342957
0.0361534
0.037157
0.0373916
0.037028
0.0362724
0.0353231
0.0343409
0.0334373
0.0326759
0.0320806
0.0316484
0.0313599
0.0311882
0.0311052
0.0310846
0.031104
0.0311447
0.0311914
0.0312322
0.031257
0.031258
0.0312292
0.0311664
0.0310674
0.0309322
0.0307628
0.0305628
0.0303376
5.8799e-08
5.86063e-08
5.8235e-08
5.77433e-08
5.71799e-08
5.65849e-08
5.59905e-08
5.54223e-08
5.48997e-08
5.44363e-08
5.40403e-08
5.37147e-08
5.34581e-08
5.32641e-08
5.31226e-08
5.30189e-08
5.29338e-08
5.28437e-08
5.27201e-08
5.25298e-08
5.22355e-08
5.17968e-08
5.11727e-08
5.03237e-08
4.92165e-08
4.78286e-08
4.61546e-08
4.42162e-08
4.20785e-08
3.98826e-08
3.7911e-08
3.67083e-08
3.7282e-08
4.1378e-08
5.17606e-08
7.23176e-08
1.07719e-07
1.62393e-07
2.38828e-07
3.35585e-07
4.46283e-07
5.60308e-07
6.65225e-07
7.50014e-07
8.07841e-07
8.37317e-07
8.42009e-07
8.28704e-07
8.0531e-07
7.79159e-07
7.56121e-07
7.40551e-07
7.35845e-07
7.45365e-07
7.7348e-07
8.26558e-07
9.13786e-07
1.04761e-06
1.24343e-06
1.51825e-06
1.88773e-06
2.36186e-06
2.9391e-06
3.60322e-06
4.32369e-06
5.06018e-06
5.77018e-06
6.41689e-06
6.9749e-06
7.43217e-06
7.78864e-06
8.05273e-06
8.23731e-06
8.35617e-06
8.42163e-06
8.44324e-06
8.42739e-06
8.37748e-06
8.2945e-06
8.17776e-06
8.0257e-06
7.83673e-06
7.61015e-06
7.34734e-06
7.0534e-06
6.74013e-06
6.43154e-06
6.17441e-06
6.05652e-06
6.23419e-06
6.9654e-06
8.634e-06
1.17371e-05
1.68018e-05
2.42162e-05
3.40054e-05
4.56365e-05
5.7989e-05
6.96151e-05
7.91342e-05
8.56232e-05
8.8828e-05
8.91298e-05
8.73238e-05
8.43338e-05
8.09819e-05
7.78691e-05
7.53658e-05
7.36734e-05
7.29162e-05
7.32362e-05
7.48758e-05
7.82474e-05
8.39849e-05
9.29673e-05
0.000106292
0.000125169
0.000150714
0.000183638
0.000223833
0.000270159
0.000320471
0.000371948
0.000421618
0.000466922
0.000506091
0.000538291
0.000563512
0.00058233
0.000595624
0.000604333
0.000609297
0.000611166
0.000610373
0.000607154
0.00060158
0.000593616
0.000583176
0.000570194
0.000554704
0.000536944
0.00051751
0.000497591
0.000479378
0.000466742
0.000466322
0.000489027
0.000551603
0.000677241
0.000893494
0.00122568
0.00168556
0.00225844
0.00289445
0.00351351
0.00402797
0.00436973
0.00451138
0.00447112
0.00430083
0.00406486
0.00382016
0.00360473
0.00343577
0.00331461
0.00323393
0.00318425
0.0031582
0.00315274
0.00317009
0.00321788
0.0033089
0.00346008
0.00369048
0.00401787
0.00445396
0.00499818
0.00563466
0.00633274
0.00705181
0.00774905
0.0083874
0.00894115
0.00939783
0.00975675
0.0100255
0.0102161
0.0103415
0.0104133
0.0104406
0.0104294
0.0103832
0.0103033
0.01019
0.0100437
0.00986667
0.009666
0.00945687
0.00926745
0.00914424
0.00915691
0.00940014
0.00998968
0.0110494
0.0126881
0.0149682
0.0178728
0.0212818
0.0249701
0.0286347
0.0319485
0.0346281
0.0364919
0.0374964
0.0377224
0.0373381
0.0365501
0.0355589
0.0345292
0.0335764
0.0327675
0.0321292
0.0316598
0.0313403
0.0311438
0.0310413
0.0310057
0.0310137
0.0310458
0.0310867
0.0311238
0.0311477
0.0311506
0.0311269
0.0310726
0.0309854
0.0308651
0.030713
0.0305321
0.0303268
5.83472e-08
5.83385e-08
5.81265e-08
5.77707e-08
5.73225e-08
5.68238e-08
5.63085e-08
5.5803e-08
5.53276e-08
5.48966e-08
5.45186e-08
5.41975e-08
5.3932e-08
5.37165e-08
5.35409e-08
5.33904e-08
5.3246e-08
5.3084e-08
5.28762e-08
5.25903e-08
5.21904e-08
5.16392e-08
5.08989e-08
4.99354e-08
4.87208e-08
4.72386e-08
4.54892e-08
4.34974e-08
4.13273e-08
3.91097e-08
3.71008e-08
3.57922e-08
3.60981e-08
3.96215e-08
4.89414e-08
6.7764e-08
1.00677e-07
1.52263e-07
2.25526e-07
3.1994e-07
4.30156e-07
5.46373e-07
6.56404e-07
7.48772e-07
8.15608e-07
8.54251e-07
8.67139e-07
8.60358e-07
8.41646e-07
8.18624e-07
7.97748e-07
7.84062e-07
7.81595e-07
7.9415e-07
8.26232e-07
8.83917e-07
9.75521e-07
1.11187e-06
1.30592e-06
1.57151e-06
1.92097e-06
2.36175e-06
2.89201e-06
3.49841e-06
4.15635e-06
4.83318e-06
5.49366e-06
6.106e-06
6.64649e-06
7.10164e-06
7.4678e-06
7.74893e-06
7.95364e-06
8.09235e-06
8.17514e-06
8.21036e-06
8.20409e-06
8.16007e-06
8.08002e-06
7.96428e-06
7.81239e-06
7.62391e-06
7.39925e-06
7.14069e-06
6.85394e-06
6.55084e-06
6.25452e-06
6.00926e-06
5.89769e-06
6.06731e-06
6.76322e-06
8.35422e-06
1.13263e-05
1.62103e-05
2.34252e-05
3.30599e-05
4.46752e-05
5.72294e-05
6.93034e-05
7.9474e-05
8.6714e-05
9.06417e-05
9.15311e-05
9.01209e-05
8.73357e-05
8.40411e-05
8.09033e-05
7.83585e-05
7.66636e-05
7.59819e-05
7.64754e-05
7.83849e-05
8.20926e-05
8.81633e-05
9.73558e-05
0.000110591
0.000128854
0.000153025
0.000183636
0.000220561
0.000262865
0.000308821
0.000356141
0.000402362
0.000445266
0.000483201
0.000515228
0.000541088
0.00056105
0.000575699
0.000585748
0.000591883
0.000594673
0.000594534
0.000591722
0.000586363
0.000578489
0.000568097
0.000555205
0.000539929
0.000522585
0.000503824
0.000484858
0.000467831
0.000456452
0.000457029
0.000479927
0.000541165
0.000663246
0.000873528
0.00119833
0.00165219
0.00222484
0.00287175
0.00351545
0.00406639
0.00444984
0.0046291
0.0046141
0.0044524
0.00420905
0.00394558
0.00370615
0.00351355
0.00337283
0.00327846
0.00322123
0.00319314
0.0031901
0.00321296
0.00326763
0.00336458
0.00351769
0.0037424
0.00405276
0.00445774
0.00495645
0.005536
0.00617185
0.00683114
0.00747839
0.00808156
0.00861661
0.00906967
0.00943655
0.00972054
0.00992953
0.0100732
0.0101611
0.0102011
0.010199
0.0101585
0.0100818
0.00997036
0.009826
0.00965297
0.0094605
0.00926637
0.00910153
0.00901504
0.0090781
0.00938505
0.0100486
0.0111868
0.0129003
0.0152436
0.0181936
0.0216289
0.0253274
0.0289925
0.0323042
0.0349831
0.0368479
0.0378514
0.0380702
0.0376693
0.0368537
0.035825
0.0347505
0.0337493
0.0328917
0.0322074
0.0316966
0.0313416
0.0311156
0.0309892
0.0309348
0.0309282
0.0309494
0.0309822
0.0310143
0.0310357
0.0310389
0.0310186
0.0309707
0.0308931
0.0307853
0.0306481
0.0304841
0.0302965
5.76973e-08
5.78942e-08
5.78621e-08
5.76611e-08
5.73439e-08
5.69546e-08
5.65285e-08
5.60937e-08
5.56713e-08
5.52764e-08
5.49187e-08
5.46024e-08
5.43269e-08
5.40869e-08
5.38724e-08
5.36692e-08
5.34582e-08
5.32163e-08
5.2916e-08
5.25266e-08
5.20147e-08
5.1346e-08
5.04875e-08
4.941e-08
4.80918e-08
4.65226e-08
4.47077e-08
4.26753e-08
4.04878e-08
3.82669e-08
3.62445e-08
3.48632e-08
3.49501e-08
3.79718e-08
4.63246e-08
6.35214e-08
9.40336e-08
1.42533e-07
2.12452e-07
3.04115e-07
4.13218e-07
5.30884e-07
6.45365e-07
7.44936e-07
8.20849e-07
8.69211e-07
8.91258e-07
8.92216e-07
8.79457e-07
8.60719e-07
8.42913e-07
8.31691e-07
8.31665e-07
8.47043e-07
8.82429e-07
9.4358e-07
1.03795e-06
1.17486e-06
1.36512e-06
1.61991e-06
1.94887e-06
2.35747e-06
2.84374e-06
3.39669e-06
3.99644e-06
4.61651e-06
5.22776e-06
5.80294e-06
6.32044e-06
6.76633e-06
7.13455e-06
7.42569e-06
7.6448e-06
7.79925e-06
7.89689e-06
7.94473e-06
7.94828e-06
7.91132e-06
7.83612e-06
7.72378e-06
7.57482e-06
7.38981e-06
7.17012e-06
6.91885e-06
6.64224e-06
6.35216e-06
6.07093e-06
5.84048e-06
5.73868e-06
5.90474e-06
6.57134e-06
8.09225e-06
1.09411e-05
1.56492e-05
2.26615e-05
3.21259e-05
4.36932e-05
5.64113e-05
6.89028e-05
7.9718e-05
8.77365e-05
9.2448e-05
9.40088e-05
9.3085e-05
9.05868e-05
8.74142e-05
8.42944e-05
8.17303e-05
8.00356e-05
7.9413e-05
8.00429e-05
8.21605e-05
8.61139e-05
9.23979e-05
0.000101659
0.00011466
0.000132197
0.00015496
0.000183341
0.000217206
0.000255785
0.000297686
0.00034105
0.00038384
0.000424151
0.000460473
0.000491835
0.000517812
0.000538436
0.000554053
0.000565163
0.000572301
0.000575948
0.000576478
0.000574157
0.000569143
0.000561528
0.000551379
0.000538789
0.000523954
0.00050726
0.000489413
0.000471645
0.000456052
0.000446193
0.000448056
0.000471478
0.000531766
0.000650698
0.000855334
0.00117279
0.00162014
0.00219146
0.00284768
0.003515
0.00410301
0.00453108
0.00475318
0.00476993
0.00462296
0.00437658
0.00409615
0.00383206
0.00361335
0.00344977
0.0033383
0.00327043
0.00323761
0.00323455
0.00326056
0.00331963
0.00341989
0.00357244
0.00378954
0.0040822
0.00445718
0.0049134
0.00544038
0.0060184
0.00662088
0.00721852
0.00778382
0.00829485
0.00873734
0.00910477
0.00939716
0.00961898
0.009777
0.00987854
0.00993023
0.00993736
0.00990382
0.00983239
0.00972554
0.00958665
0.00942187
0.0092428
0.00906997
0.00893721
0.00889608
0.00901905
0.00939966
0.0101469
0.0113719
0.0131667
0.0155767
0.0185727
0.0220313
0.025734
0.0293915
0.0326919
0.035362
0.0372222
0.0382225
0.0384353
0.0380213
0.0371829
0.0361213
0.0350054
0.0339571
0.0330502
0.0323174
0.0317615
0.0313663
0.0311059
0.030951
0.0308736
0.0308489
0.0308562
0.0308789
0.0309039
0.0309213
0.0309234
0.0309048
0.0308617
0.0307919
0.0306945
0.0305702
0.0304209
0.0302495
5.68025e-08
5.72226e-08
5.73894e-08
5.73614e-08
5.71919e-08
5.69262e-08
5.66012e-08
5.62464e-08
5.58841e-08
5.55305e-08
5.5196e-08
5.48857e-08
5.45996e-08
5.43328e-08
5.40759e-08
5.3815e-08
5.35317e-08
5.32038e-08
5.28054e-08
5.23078e-08
5.16807e-08
5.08937e-08
4.99186e-08
4.8732e-08
4.73182e-08
4.56725e-08
4.38053e-08
4.17472e-08
3.95593e-08
3.73541e-08
3.53412e-08
3.39183e-08
3.38321e-08
3.64204e-08
4.39015e-08
5.95889e-08
8.78095e-08
1.33268e-07
1.99744e-07
2.88319e-07
3.95731e-07
5.14096e-07
6.32268e-07
7.38481e-07
8.23285e-07
8.81645e-07
9.13565e-07
9.23286e-07
9.17638e-07
9.04292e-07
8.9046e-07
8.82295e-07
8.84922e-07
9.02908e-07
9.40934e-07
1.00444e-06
1.10007e-06
1.23579e-06
1.42055e-06
1.66332e-06
1.97158e-06
2.34928e-06
2.79441e-06
3.29788e-06
3.84358e-06
4.40997e-06
4.97299e-06
5.50943e-06
5.99991e-06
6.43076e-06
6.79449e-06
7.08919e-06
7.31711e-06
7.483e-06
7.59261e-06
7.65156e-06
7.66462e-06
7.63545e-06
7.56659e-06
7.45974e-06
7.3162e-06
7.13738e-06
6.92548e-06
6.68432e-06
6.42058e-06
6.14613e-06
5.88251e-06
5.66949e-06
5.58051e-06
5.747e-06
6.38981e-06
7.84785e-06
1.05815e-05
1.51201e-05
2.19296e-05
3.12123e-05
4.27031e-05
5.55487e-05
6.84241e-05
7.98693e-05
8.86827e-05
9.42284e-05
9.65362e-05
9.61846e-05
9.4054e-05
9.10669e-05
8.80065e-05
8.54418e-05
8.37445e-05
8.31577e-05
8.38793e-05
8.61372e-05
9.02436e-05
9.66255e-05
0.000105826
0.000118469
0.000135193
0.000156533
0.000182773
0.000213777
0.00024891
0.000287043
0.000326665
0.000366091
0.000403697
0.000438128
0.000468427
0.000494069
0.000514916
0.000531118
0.000542996
0.000550943
0.000555344
0.000556527
0.000554745
0.000550183
0.000542975
0.000533247
0.000521162
0.000506986
0.000491169
0.000474469
0.000458133
0.000444214
0.00043612
0.000439535
0.000463788
0.000523486
0.000639666
0.000839007
0.00114924
0.00158974
0.00215881
0.00282274
0.00351252
0.00413778
0.00461295
0.00488291
0.0049381
0.00481275
0.00456876
0.00427419
0.00398545
0.00373841
0.00354839
0.00341579
0.0033334
0.00329239
0.00328628
0.00331262
0.00337339
0.00347438
0.00362407
0.00383194
0.00410647
0.00445262
0.00486921
0.00534765
0.00587206
0.0064209
0.00697
0.00749594
0.00797907
0.00840537
0.00876699
0.00906154
0.00929076
0.00945891
0.00957131
0.00963327
0.00964945
0.0096237
0.00955933
0.0094598
0.00933001
0.00917812
0.00901818
0.00887363
0.0087812
0.00879478
0.00898775
0.00945214
0.0102923
0.0116119
0.0134933
0.0159726
0.0190137
0.0224916
0.0261918
0.029833
0.0331129
0.0357658
0.0376154
0.03861
0.0388177
0.0383939
0.0375376
0.036448
0.0352945
0.0342013
0.0332452
0.0324621
0.0318577
0.031418
0.0311183
0.03093
0.0308251
0.0307784
0.0307685
0.0307783
0.0307941
0.0308056
0.030805
0.0307867
0.0307468
0.030683
0.0305944
0.0304812
0.0303449
0.0301878
5.56208e-08
5.62755e-08
5.66558e-08
5.68168e-08
5.68107e-08
5.66831e-08
5.64717e-08
5.62072e-08
5.59132e-08
5.56071e-08
5.53e-08
5.49981e-08
5.47019e-08
5.44075e-08
5.41061e-08
5.37845e-08
5.34256e-08
5.30086e-08
5.25096e-08
5.19028e-08
5.11615e-08
5.02597e-08
4.91744e-08
4.78879e-08
4.63904e-08
4.46826e-08
4.27791e-08
4.07126e-08
3.85424e-08
3.63723e-08
3.43914e-08
3.29564e-08
3.27399e-08
3.49593e-08
4.16623e-08
5.59613e-08
8.20176e-08
1.2452e-07
1.87516e-07
2.72748e-07
3.77959e-07
4.96295e-07
6.17347e-07
7.29497e-07
8.22781e-07
8.91143e-07
9.33376e-07
9.52651e-07
9.55103e-07
9.48155e-07
9.39159e-07
9.34636e-07
9.40136e-07
9.6054e-07
1.00059e-06
1.06541e-06
1.16094e-06
1.29396e-06
1.47183e-06
1.70168e-06
1.9893e-06
2.33745e-06
2.74414e-06
3.20184e-06
3.6974e-06
4.21328e-06
4.72961e-06
5.22671e-06
5.68744e-06
6.09879e-06
6.45259e-06
6.74523e-06
6.9768e-06
7.14988e-06
7.26838e-06
7.33657e-06
7.35844e-06
7.33732e-06
7.27587e-06
7.17619e-06
7.04019e-06
6.86995e-06
6.66838e-06
6.43985e-06
6.19143e-06
5.93495e-06
5.69118e-06
5.49787e-06
5.42437e-06
5.59481e-06
6.21884e-06
7.6209e-06
1.02477e-05
1.4624e-05
2.12332e-05
3.03264e-05
4.17182e-05
5.46566e-05
6.78805e-05
7.9935e-05
8.95504e-05
9.59703e-05
9.90925e-05
9.9394e-05
9.77087e-05
9.49693e-05
9.20075e-05
8.94566e-05
8.77478e-05
8.71663e-05
8.79283e-05
9.02541e-05
9.44209e-05
0.000100792
0.000109815
0.000121998
0.000137843
0.000157761
0.000181953
0.000210285
0.00024223
0.000276867
0.000312967
0.000349136
0.000383995
0.000416343
0.000445272
0.000470206
0.000490889
0.000507322
0.000519679
0.000528226
0.000533255
0.000535043
0.000533824
0.000529792
0.000523115
0.000513969
0.000502574
0.00048926
0.000474538
0.00045921
0.000444534
0.000432515
0.000426416
0.000431625
0.000456985
0.000516421
0.000630231
0.000824642
0.00112785
0.00156129
0.0021273
0.00279754
0.00350844
0.00417077
0.00469509
0.00501759
0.00511807
0.00502187
0.00478676
0.00448209
0.00416972
0.00389257
0.00367244
0.00351415
0.00341256
0.00335907
0.00334608
0.0033694
0.00342887
0.00352793
0.00367258
0.00386982
0.00412595
0.00444447
0.00482409
0.00525772
0.00573251
0.00623097
0.00673317
0.00721925
0.00767184
0.00807767
0.00842821
0.00871946
0.00895109
0.00912528
0.00924561
0.00931613
0.00934085
0.00932352
0.00926789
0.00917845
0.00906162
0.00892765
0.00879325
0.00868475
0.00864173
0.0087201
0.00899358
0.0095519
0.010494
0.0119149
0.0138869
0.0164363
0.0195202
0.0230123
0.0267023
0.030318
0.0335679
0.0361951
0.0380281
0.0390141
0.0392171
0.038787
0.0379176
0.0368052
0.0356187
0.0344835
0.0334791
0.0326447
0.0319892
0.031501
0.0311573
0.0309308
0.0307936
0.0307204
0.0306895
0.0306831
0.0306871
0.0306905
0.0306854
0.0306657
0.0306275
0.0305682
0.0304866
0.0303828
0.0302578
0.0301136
5.41185e-08
5.50108e-08
5.56128e-08
5.59743e-08
5.61445e-08
5.61678e-08
5.60821e-08
5.59186e-08
5.5702e-08
5.54503e-08
5.51761e-08
5.48862e-08
5.45824e-08
5.42614e-08
5.39155e-08
5.35331e-08
5.30983e-08
5.25927e-08
5.19948e-08
5.12823e-08
5.04324e-08
4.94241e-08
4.82397e-08
4.6867e-08
4.53017e-08
4.35496e-08
4.16287e-08
3.95731e-08
3.74399e-08
3.53246e-08
3.33975e-08
3.19777e-08
3.16703e-08
3.35816e-08
3.95966e-08
5.26296e-08
7.66616e-08
1.16324e-07
1.75863e-07
2.57577e-07
3.60158e-07
4.77792e-07
6.00899e-07
7.18181e-07
8.19347e-07
8.97467e-07
9.50177e-07
9.79537e-07
9.90865e-07
9.91174e-07
9.87787e-07
9.87457e-07
9.9606e-07
1.01873e-06
1.06025e-06
1.12549e-06
1.21975e-06
1.3488e-06
1.51866e-06
1.73501e-06
2.00225e-06
2.32224e-06
2.69307e-06
3.10841e-06
3.55754e-06
4.02611e-06
4.49769e-06
4.95564e-06
5.38495e-06
5.77357e-06
6.11315e-06
6.39901e-06
6.62965e-06
6.80596e-06
6.93028e-06
7.00568e-06
7.03531e-06
7.02212e-06
6.96875e-06
6.87752e-06
6.75078e-06
6.59115e-06
6.40207e-06
6.18839e-06
5.95744e-06
5.72097e-06
5.49899e-06
5.32736e-06
5.2716e-06
5.44907e-06
6.05884e-06
7.41142e-06
9.93955e-06
1.4162e-05
2.05756e-05
2.94752e-05
4.07509e-05
5.375e-05
6.72874e-05
7.99261e-05
9.03428e-05
9.76679e-05
0.000101664
0.000102695
0.000101531
9.90999e-05
9.62742e-05
9.3748e-05
9.20131e-05
9.13993e-05
9.21439e-05
9.44615e-05
9.85967e-05
0.000104854
0.000113598
0.000125233
0.000140151
0.000158664
0.000180904
0.000206742
0.000235738
0.000267138
0.000299937
0.000332981
0.000365106
0.000395257
0.000422591
0.00044652
0.000466714
0.000483065
0.00049563
0.000504568
0.000510089
0.000512414
0.000511755
0.000508307
0.000502264
0.000493837
0.000483302
0.000471043
0.000457622
0.00044388
0.000431081
0.000421177
0.000417284
0.000424506
0.000451218
0.00051069
0.000622486
0.000812341
0.00110877
0.00153507
0.00209738
0.00277272
0.00350328
0.00420221
0.00477726
0.00515662
0.00530921
0.00525029
0.00503167
0.00472233
0.00438858
0.00408039
0.00382668
0.00363775
0.00351154
0.00344031
0.00341576
0.00343199
0.00348669
0.00358095
0.00371835
0.00390363
0.00414116
0.0044332
0.00477831
0.00517057
0.00559949
0.00605083
0.00650813
0.00695466
0.00737519
0.00775745
0.00809278
0.00837619
0.00860584
0.00878232
0.00890773
0.00898507
0.00901772
0.00900935
0.00896421
0.0088878
0.00878818
0.00867784
0.00857616
0.00851241
0.00852876
0.0086827
0.00904753
0.00970973
0.0107618
0.0122895
0.0143545
0.0169731
0.020096
0.0235956
0.0272668
0.0308474
0.0340575
0.0366505
0.0384607
0.0394351
0.0396336
0.0392002
0.0383227
0.0371932
0.0359788
0.0348055
0.0337548
0.0328691
0.0321605
0.0316205
0.0312286
0.0309589
0.0307844
0.03068
0.0306238
0.0305975
0.0305864
0.0305792
0.0305672
0.0305442
0.0305058
0.0304492
0.0303731
0.0302771
0.0301619
0.0300291
5.22741e-08
5.33969e-08
5.42205e-08
5.47872e-08
5.51417e-08
5.53256e-08
5.53758e-08
5.53232e-08
5.51927e-08
5.50034e-08
5.47685e-08
5.44959e-08
5.41886e-08
5.38445e-08
5.34574e-08
5.30172e-08
5.25103e-08
5.19207e-08
5.12303e-08
5.04204e-08
4.94727e-08
4.83712e-08
4.71033e-08
4.56625e-08
4.40493e-08
4.22736e-08
4.03565e-08
3.83328e-08
3.62568e-08
3.4216e-08
3.23634e-08
3.09842e-08
3.06221e-08
3.22812e-08
3.76944e-08
4.95825e-08
7.17382e-08
1.08703e-07
1.64855e-07
2.42961e-07
3.42571e-07
4.58902e-07
5.83266e-07
7.04824e-07
8.13136e-07
9.00553e-07
9.63646e-07
1.00336e-06
1.0241e-06
1.03234e-06
1.03522e-06
1.03957e-06
1.0515e-06
1.07633e-06
1.11886e-06
1.18376e-06
1.27577e-06
1.39983e-06
1.56087e-06
1.76337e-06
2.01065e-06
2.3039e-06
2.64129e-06
3.01749e-06
3.42368e-06
3.84808e-06
4.27711e-06
4.69672e-06
5.09386e-06
5.45759e-06
5.77971e-06
6.05497e-06
6.28082e-06
6.45683e-06
6.58409e-06
6.66461e-06
6.70078e-06
6.69512e-06
6.65012e-06
6.56824e-06
6.4521e-06
6.30472e-06
6.12995e-06
5.933e-06
5.72138e-06
5.50667e-06
5.30812e-06
5.1598e-06
5.12367e-06
5.31079e-06
5.91035e-06
7.21952e-06
9.65722e-06
1.37349e-05
1.99596e-05
2.86651e-05
3.98126e-05
5.2844e-05
6.66617e-05
7.98575e-05
9.10688e-05
9.93224e-05
0.000104245
0.000106077
0.000105509
0.000103449
0.000100797
9.83039e-05
9.65237e-05
9.58341e-05
9.64974e-05
9.87268e-05
0.000102739
0.000108786
0.000117159
0.000128176
0.000142134
0.000159264
0.000179648
0.00020316
0.000229428
0.000257833
0.00028755
0.000317623
0.000347068
0.00037497
0.000400559
0.00042326
0.000442703
0.000458707
0.000471238
0.000480371
0.000486244
0.000489029
0.000488911
0.000486083
0.000480754
0.00047317
0.000463649
0.000452624
0.000440702
0.000428753
0.000418037
0.000410448
0.000408954
0.000418383
0.00044666
0.00050643
0.000616542
0.000802212
0.00109217
0.00151135
0.00206949
0.00274891
0.00349763
0.00423248
0.00485939
0.00529951
0.00551093
0.00549788
0.00530444
0.00499737
0.00464605
0.00430708
0.00401693
0.00379235
0.00363548
0.00354036
0.00349853
0.00350272
0.00354851
0.00363465
0.00376238
0.00393428
0.00415295
0.0044195
0.0047323
0.00508628
0.00547282
0.00588023
0.00629494
0.00670282
0.00709067
0.00744734
0.00776442
0.00803639
0.00826044
0.00843596
0.00856395
0.00864654
0.00868664
0.00868797
0.00865532
0.00859535
0.00851789
0.00843774
0.00837702
0.00836776
0.00845437
0.00869521
0.00916227
0.00993777
0.0111068
0.0127452
0.0149037
0.0175885
0.0207445
0.0242436
0.0278866
0.0314218
0.0345821
0.0371323
0.0389132
0.0398728
0.0400671
0.0396334
0.0387528
0.0376122
0.0363757
0.035169
0.0340751
0.0331392
0.0323768
0.0317825
0.0313386
0.0310211
0.0308043
0.0306638
0.0305775
0.0305269
0.030497
0.0304758
0.0304542
0.0304255
0.0303848
0.0303291
0.0302567
0.0301668
0.0300598
0.0299369
5.00811e-08
5.14169e-08
5.24521e-08
5.32205e-08
5.37606e-08
5.41098e-08
5.43025e-08
5.43683e-08
5.43319e-08
5.42126e-08
5.40242e-08
5.37758e-08
5.34713e-08
5.31104e-08
5.26884e-08
5.21973e-08
5.16263e-08
5.09622e-08
5.01905e-08
4.92966e-08
4.8267e-08
4.70903e-08
4.57593e-08
4.42723e-08
4.26342e-08
4.08585e-08
3.89684e-08
3.69985e-08
3.50002e-08
3.30534e-08
3.1295e-08
2.99797e-08
2.95957e-08
3.10539e-08
3.59457e-08
4.68069e-08
6.72384e-08
1.01665e-07
1.54545e-07
2.29028e-07
3.25418e-07
4.39937e-07
5.64816e-07
6.89789e-07
8.04425e-07
9.00515e-07
9.73674e-07
1.02376e-06
1.05422e-06
1.07086e-06
1.0805e-06
1.08995e-06
1.1054e-06
1.13231e-06
1.1755e-06
1.23943e-06
1.32842e-06
1.44671e-06
1.59836e-06
1.78688e-06
2.01478e-06
2.2827e-06
2.58894e-06
2.92897e-06
3.29549e-06
3.6788e-06
4.06764e-06
4.45017e-06
4.81513e-06
5.15269e-06
5.45509e-06
5.71685e-06
5.93476e-06
6.10746e-06
6.23507e-06
6.31871e-06
6.36011e-06
6.36137e-06
6.32478e-06
6.25282e-06
6.14827e-06
6.01445e-06
5.8555e-06
5.67685e-06
5.4861e-06
5.2946e-06
5.12084e-06
4.99716e-06
4.98219e-06
5.18117e-06
5.77405e-06
7.04545e-06
9.40074e-06
1.33432e-05
1.93874e-05
2.79016e-05
3.89135e-05
5.19544e-05
6.60218e-05
7.97468e-05
9.1742e-05
0.000100941
0.000106839
0.00010954
0.000109644
0.000108019
0.000105581
0.000103132
0.000101285
0.000100471
0.000100984
0.000103042
0.000106839
0.000112582
0.000120502
0.000130838
0.000143814
0.000159591
0.000178212
0.000199553
0.000223298
0.000248935
0.000275783
0.000303049
0.000329902
0.000355552
0.000379308
0.000400625
0.000419118
0.000434558
0.000446852
0.000456005
0.000462101
0.000465266
0.000465662
0.000463477
0.000458933
0.000452302
0.00044394
0.000434321
0.000424088
0.00041413
0.000405695
0.000400607
0.000401684
0.000413483
0.000443503
0.000503796
0.000612521
0.000794368
0.00107819
0.00149039
0.00204406
0.0027267
0.00349219
0.00426209
0.00494162
0.00544594
0.00572271
0.00576443
0.00560589
0.00530961
0.00494639
0.00457853
0.00425016
0.00398529
0.00379139
0.0036654
0.00359955
0.00358567
0.00361749
0.00369151
0.00380665
0.00396341
0.00416268
0.00440444
0.00468679
0.00500524
0.00535256
0.00571912
0.00609365
0.00646425
0.00681954
0.00714954
0.00744631
0.00770423
0.00791989
0.00809191
0.00822052
0.00830724
0.00835478
0.00836703
0.00834951
0.00831021
0.00826085
0.00821864
0.00820833
0.00826443
0.008433
0.00877244
0.00935234
0.0102496
0.011541
0.013292
0.015542
0.018288
0.0214694
0.0249585
0.0285625
0.0320415
0.0351419
0.0376404
0.0393859
0.0403274
0.0405173
0.0400862
0.0392076
0.0380623
0.0368103
0.0355758
0.034443
0.0334594
0.0326435
0.0319935
0.0314946
0.0311252
0.0308614
0.0306796
0.0305582
0.0304787
0.0304256
0.0303866
0.0303519
0.0303145
0.030269
0.0302119
0.0301411
0.0300554
0.029955
0.0298404
4.75499e-08
4.90705e-08
5.02973e-08
5.12548e-08
5.19739e-08
5.24866e-08
5.28235e-08
5.30119e-08
5.30754e-08
5.30328e-08
5.28984e-08
5.26819e-08
5.23887e-08
5.20198e-08
5.15726e-08
5.10417e-08
5.04188e-08
4.96943e-08
4.88575e-08
4.78981e-08
4.6807e-08
4.55778e-08
4.42079e-08
4.26999e-08
4.10627e-08
3.93125e-08
3.74735e-08
3.55801e-08
3.36801e-08
3.18461e-08
3.02002e-08
2.89696e-08
2.8593e-08
2.98967e-08
3.43419e-08
4.42892e-08
6.31489e-08
9.52118e-08
1.44967e-07
2.15879e-07
3.08891e-07
4.2119e-07
5.45928e-07
6.7349e-07
7.93593e-07
8.97623e-07
9.80353e-07
1.04061e-06
1.08086e-06
1.10617e-06
1.12293e-06
1.13777e-06
1.1569e-06
1.18583e-06
1.22939e-06
1.29188e-06
1.37726e-06
1.48922e-06
1.63112e-06
1.80573e-06
2.0149e-06
2.25891e-06
2.53615e-06
2.84277e-06
3.17268e-06
3.51786e-06
3.86896e-06
4.21602e-06
4.54935e-06
4.86022e-06
5.14145e-06
5.38763e-06
5.59516e-06
5.76209e-06
5.88783e-06
5.9728e-06
6.01818e-06
6.02565e-06
5.99731e-06
5.93558e-06
5.84337e-06
5.72413e-06
5.5822e-06
5.42315e-06
5.25455e-06
5.08746e-06
4.93955e-06
4.84151e-06
4.84889e-06
5.06151e-06
5.65079e-06
6.88959e-06
9.17023e-06
1.29874e-05
1.8861e-05
2.71896e-05
3.80625e-05
5.10969e-05
6.53864e-05
7.96141e-05
9.23807e-05
0.000102539
0.000109454
0.000113094
0.000113948
0.000112829
0.000110653
0.000108261
0.000106329
0.000105342
0.000105632
0.00010743
0.000110917
0.000116266
0.000123652
0.000133254
0.000145229
0.000159684
0.000176629
0.000195943
0.000217354
0.000240433
0.000264616
0.000289243
0.000313616
0.000337053
0.000358941
0.000378774
0.000396174
0.000410887
0.000422778
0.000431807
0.000438012
0.000441487
0.000442372
0.000440852
0.000437158
0.000431588
0.000424527
0.000416482
0.000408125
0.000400351
0.000394381
0.000391963
0.000395759
0.000410061
0.000441965
0.000502962
0.000610564
0.000788935
0.00106699
0.00147244
0.00202149
0.00270667
0.00348778
0.00429172
0.0050243
0.00559582
0.00594414
0.00604973
0.00593671
0.00566137
0.00529395
0.00490117
0.00453445
0.00422557
0.00398841
0.00382404
0.00372644
0.00368729
0.00369894
0.00375583
0.00385468
0.00399391
0.00417269
0.0043899
0.00464318
0.00492838
0.00523929
0.00556784
0.00590462
0.00623962
0.00656306
0.0068661
0.00714146
0.00738365
0.00758907
0.00775591
0.00788397
0.00797452
0.00803026
0.00805556
0.00805688
0.00804371
0.00802977
0.00803467
0.00808559
0.00821901
0.00848188
0.00893158
0.00963418
0.0106602
0.0120773
0.0139402
0.0162774
0.0190771
0.0222741
0.0257419
0.0292954
0.0327067
0.0357367
0.038175
0.0398786
0.0407987
0.0409841
0.0405584
0.0396871
0.0385436
0.0372832
0.0360277
0.0348615
0.0338338
0.0329663
0.0322605
0.0317047
0.0312802
0.0309651
0.0307371
0.0305754
0.0304619
0.0303808
0.0303195
0.0302679
0.0302182
0.0301648
0.0301035
0.0300318
0.0299482
0.0298522
0.0297443
4.47076e-08
4.63761e-08
4.77651e-08
4.88897e-08
4.97728e-08
5.04399e-08
5.09167e-08
5.12274e-08
5.13934e-08
5.14325e-08
5.13589e-08
5.11828e-08
5.09105e-08
5.05449e-08
5.00855e-08
4.95291e-08
4.88709e-08
4.81046e-08
4.72234e-08
4.62211e-08
4.50932e-08
4.38377e-08
4.24562e-08
4.09552e-08
3.93465e-08
3.76482e-08
3.58853e-08
3.40907e-08
3.23091e-08
3.06054e-08
2.90886e-08
2.79614e-08
2.76178e-08
2.88084e-08
3.28754e-08
4.20155e-08
5.94535e-08
8.93342e-08
1.36141e-07
2.03583e-07
2.9316e-07
4.0293e-07
5.26973e-07
6.56368e-07
7.81099e-07
8.9228e-07
9.83969e-07
1.05403e-06
1.10395e-06
1.13802e-06
1.16208e-06
1.1825e-06
1.20541e-06
1.23632e-06
1.28003e-06
1.34071e-06
1.42204e-06
1.52729e-06
1.65926e-06
1.82017e-06
2.01134e-06
2.23282e-06
2.48309e-06
2.75885e-06
3.055e-06
3.3649e-06
3.68074e-06
3.99414e-06
4.29681e-06
4.58108e-06
4.84042e-06
5.06964e-06
5.26504e-06
5.42432e-06
5.54637e-06
5.63114e-06
5.67935e-06
5.69234e-06
5.672e-06
5.6207e-06
5.54134e-06
5.43749e-06
5.31357e-06
5.17519e-06
5.02978e-06
4.88802e-06
4.76674e-06
4.69506e-06
4.72559e-06
4.95323e-06
5.54153e-06
6.75242e-06
8.96588e-06
1.26678e-05
1.83818e-05
2.65333e-05
3.72682e-05
5.02865e-05
6.47744e-05
7.94814e-05
9.30065e-05
0.000104135
0.00011211
0.000116757
0.000118444
0.00011791
0.000116054
0.000113747
0.000111719
0.000110513
0.000110507
0.000111954
0.000115035
0.000119895
0.000126669
0.000135481
0.000146438
0.000159599
0.000174947
0.000192364
0.00021161
0.000232325
0.000254037
0.000276197
0.000298214
0.000319506
0.000339532
0.000357835
0.000374051
0.000387922
0.000399289
0.000408083
0.000414311
0.000418042
0.000419404
0.000418579
0.000415808
0.00041141
0.000405795
0.000399496
0.000393199
0.000387793
0.000384461
0.00038486
0.000391491
0.000408394
0.00044228
0.000504122
0.000610821
0.000786042
0.00105872
0.00145771
0.00200215
0.00268941
0.00348525
0.00432211
0.00510797
0.00574928
0.00617503
0.00635363
0.0062975
0.00605479
0.0056931
0.00528185
0.00487889
0.0045239
0.00423804
0.00402772
0.00388993
0.00381719
0.00380116
0.00383465
0.00391236
0.00403069
0.00418708
0.00437921
0.00460412
0.00485774
0.00513454
0.00542761
0.00572902
0.00603028
0.00632302
0.00659953
0.00685323
0.00707902
0.00727338
0.00743443
0.00756189
0.00765708
0.00772306
0.00776491
0.00779029
0.00781034
0.00784087
0.00790368
0.008028
0.0082516
0.0086213
0.00919235
0.0100261
0.0111857
0.0127293
0.0147005
0.0171176
0.0199608
0.0231614
0.0265953
0.0300856
0.0334174
0.0363665
0.0387358
0.0403912
0.0412865
0.0414672
0.0410497
0.0401908
0.0390562
0.0377951
0.0365263
0.0353333
0.0342669
0.0333512
0.0325909
0.0319778
0.031496
0.031126
0.0308474
0.0306406
0.0304878
0.0303736
0.0302852
0.030212
0.030146
0.0300808
0.0300121
0.0299366
0.0298524
0.0297586
0.0296552
4.15976e-08
4.33701e-08
4.48841e-08
4.61457e-08
4.71697e-08
4.79747e-08
4.85808e-08
4.90081e-08
4.92753e-08
4.93984e-08
4.9391e-08
4.92634e-08
4.90227e-08
4.86734e-08
4.82169e-08
4.76527e-08
4.6979e-08
4.61929e-08
4.52915e-08
4.42726e-08
4.31357e-08
4.18828e-08
4.05192e-08
3.90545e-08
3.75027e-08
3.58831e-08
3.42208e-08
3.25469e-08
3.09022e-08
2.9345e-08
2.79721e-08
2.6964e-08
2.66757e-08
2.77895e-08
3.15401e-08
3.99727e-08
5.61341e-08
8.40176e-08
1.28072e-07
1.92192e-07
2.7836e-07
3.85392e-07
5.083e-07
6.38873e-07
7.67446e-07
8.84991e-07
9.84966e-07
1.06435e-06
1.1237e-06
1.16644e-06
1.19785e-06
1.22393e-06
1.25066e-06
1.28348e-06
1.32716e-06
1.38576e-06
1.46274e-06
1.56104e-06
1.68305e-06
1.83056e-06
2.00452e-06
2.2048e-06
2.42999e-06
2.67726e-06
2.94231e-06
3.2196e-06
3.50262e-06
3.78433e-06
4.05763e-06
4.31586e-06
4.55316e-06
4.76469e-06
4.94682e-06
5.09709e-06
5.21411e-06
5.29747e-06
5.34757e-06
5.36549e-06
5.35293e-06
5.31217e-06
5.2461e-06
5.15831e-06
5.05321e-06
4.93634e-06
4.81493e-06
4.69917e-06
4.60504e-06
4.56009e-06
4.61425e-06
4.85786e-06
5.44734e-06
6.63455e-06
8.78796e-06
1.23849e-05
1.79512e-05
2.59363e-05
3.65383e-05
4.95363e-05
6.42053e-05
7.93719e-05
9.36445e-05
0.000105754
0.000114829
0.000120555
0.000123165
0.000123309
0.000121848
0.000119669
0.000117547
0.000116087
0.000115717
0.000116725
0.0001193
0.000123574
0.000129653
0.000137619
0.000147534
0.000159421
0.00017324
0.000188872
0.000206105
0.000224631
0.000244054
0.000263913
0.00028371
0.000302946
0.000321154
0.00033792
0.000352909
0.00036587
0.000376637
0.000385124
0.000391321
0.000395285
0.000397134
0.000397052
0.000395293
0.000392191
0.000388178
0.0003838
0.000379745
0.000376883
0.000376341
0.000379676
0.000389227
0.000408784
0.000444705
0.000507483
0.00061346
0.00078583
0.00105353
0.00144645
0.00198644
0.00267551
0.00348541
0.00435423
0.00519342
0.00590674
0.00641538
0.00667608
0.00668879
0.0064919
0.00614815
0.00572764
0.00529338
0.00489259
0.00455419
0.00429104
0.00410442
0.00398893
0.00393647
0.00393886
0.00398914
0.00408186
0.00421276
0.00437821
0.00457454
0.00479744
0.00504178
0.00530145
0.00556964
0.00583911
0.00610269
0.00635371
0.00658639
0.00679616
0.00697987
0.00713586
0.00726411
0.00736635
0.0074463
0.00751006
0.00756669
0.00762907
0.00771498
0.00784814
0.00805916
0.00838621
0.00887488
0.00957704
0.0105483
0.0118435
0.013511
0.0155837
0.0180703
0.0209442
0.0241343
0.0275199
0.0309333
0.0341733
0.0370307
0.0393223
0.0409234
0.0417906
0.0419662
0.0415596
0.0407185
0.0395999
0.0383464
0.0370728
0.0358611
0.0347626
0.0338038
0.0329922
0.0323229
0.0317831
0.0313561
0.0310234
0.030767
0.03057
0.0304176
0.0302969
0.0301972
0.0301102
0.0300291
0.029949
0.0298662
0.0297784
0.0296842
0.0295829
3.82762e-08
4.01053e-08
4.17016e-08
4.30637e-08
4.41987e-08
4.51183e-08
4.5837e-08
4.637e-08
4.67326e-08
4.69389e-08
4.7001e-08
4.6929e-08
4.67305e-08
4.64111e-08
4.59742e-08
4.54218e-08
4.47548e-08
4.39735e-08
4.30786e-08
4.20715e-08
4.09553e-08
3.97353e-08
3.842e-08
3.70211e-08
3.55544e-08
3.40397e-08
3.25011e-08
3.09681e-08
2.94773e-08
2.80808e-08
2.6864e-08
2.59883e-08
2.57736e-08
2.68422e-08
3.03316e-08
3.81484e-08
5.31719e-08
7.92429e-08
1.20753e-07
1.81737e-07
2.64587e-07
3.6879e-07
4.90232e-07
6.21442e-07
7.53164e-07
8.76331e-07
9.83915e-07
1.07209e-06
1.14052e-06
1.19177e-06
1.23048e-06
1.26222e-06
1.29275e-06
1.32741e-06
1.3709e-06
1.42721e-06
1.49963e-06
1.59085e-06
1.70296e-06
1.83744e-06
1.99498e-06
2.17534e-06
2.37722e-06
2.59817e-06
2.83458e-06
3.0818e-06
3.33439e-06
3.58643e-06
3.83189e-06
4.065e-06
4.28058e-06
4.47423e-06
4.6425e-06
4.78293e-06
4.89402e-06
4.97513e-06
5.02646e-06
5.04889e-06
5.04397e-06
5.01391e-06
4.96153e-06
4.89038e-06
4.80478e-06
4.71012e-06
4.61329e-06
4.52395e-06
4.45717e-06
4.43899e-06
4.51688e-06
4.77703e-06
5.36938e-06
6.5367e-06
8.63681e-06
1.21388e-05
1.75704e-05
2.54018e-05
3.58798e-05
4.88582e-05
6.36992e-05
7.93098e-05
9.43218e-05
0.000107424
0.000117642
0.00012452
0.000128154
0.000129083
0.000128113
0.000126128
0.00012394
0.00012221
0.000121423
0.000121909
0.00012388
0.00012747
0.000132765
0.000139819
0.000148661
0.000159281
0.000171622
0.000185564
0.000200916
0.000217409
0.000234709
0.000252427
0.000270143
0.000287432
0.000303889
0.000319152
0.000332915
0.000344945
0.00035508
0.000363233
0.000369387
0.000373593
0.000375972
0.000376712
0.000376077
0.000374416
0.00037217
0.000369893
0.000368258
0.000368098
0.000370473
0.000376829
0.000389338
0.000411558
0.000449514
0.000513268
0.000618656
0.000788445
0.00105156
0.00143885
0.00197471
0.00266555
0.00348904
0.00438919
0.0052816
0.00606888
0.00666554
0.00701724
0.00711119
0.00697456
0.00666321
0.00624572
0.00578847
0.00534535
0.00495312
0.00463188
0.00438843
0.00422077
0.00412221
0.00408446
0.00409949
0.0041603
0.00426108
0.00439691
0.00456316
0.00475517
0.00496784
0.00519558
0.00543238
0.005672
0.00590827
0.00613549
0.00634872
0.00654408
0.00671897
0.00687228
0.00700456
0.00711829
0.00721813
0.00731144
0.00740879
0.00752477
0.00767885
0.00789609
0.0082077
0.00865115
0.0092696
0.0101104
0.0112223
0.0126516
0.0144366
0.0166003
0.0191427
0.0220315
0.0251949
0.0285165
0.0318386
0.0349739
0.0377289
0.0399342
0.0414749
0.0423106
0.0424809
0.0420878
0.0412697
0.0401745
0.0389375
0.0376684
0.0364471
0.0353248
0.0343297
0.0334718
0.0327495
0.0321529
0.0316681
0.0312792
0.0309698
0.0307245
0.030529
0.0303709
0.0302398
0.0301269
0.0300252
0.0299294
0.0298355
0.0297405
0.0296426
0.0295408
3.481e-08
3.66472e-08
3.82807e-08
3.9703e-08
4.09144e-08
4.19203e-08
4.27293e-08
4.33522e-08
4.38005e-08
4.40855e-08
4.42178e-08
4.42066e-08
4.40599e-08
4.3784e-08
4.33838e-08
4.28634e-08
4.22262e-08
4.14754e-08
4.06147e-08
3.96486e-08
3.85832e-08
3.74266e-08
3.61895e-08
3.48852e-08
3.35304e-08
3.21448e-08
3.07514e-08
2.93771e-08
2.80549e-08
2.68306e-08
2.57797e-08
2.50465e-08
2.49202e-08
2.597e-08
2.9247e-08
3.6532e-08
5.05483e-08
7.49878e-08
1.14172e-07
1.72234e-07
2.51912e-07
3.53297e-07
4.73052e-07
6.04487e-07
7.3878e-07
8.66915e-07
9.81478e-07
1.07793e-06
1.15506e-06
1.21461e-06
1.26051e-06
1.29787e-06
1.33216e-06
1.36859e-06
1.41178e-06
1.46563e-06
1.53334e-06
1.61743e-06
1.71979e-06
1.84165e-06
1.98355e-06
2.14518e-06
2.32538e-06
2.52202e-06
2.73205e-06
2.95157e-06
3.17603e-06
3.40046e-06
3.61975e-06
3.82895e-06
4.02353e-06
4.19956e-06
4.35388e-06
4.48415e-06
4.58885e-06
4.66728e-06
4.71949e-06
4.74626e-06
4.74904e-06
4.72992e-06
4.69166e-06
4.63767e-06
4.57215e-06
4.5002e-06
4.42831e-06
4.36551e-06
4.32596e-06
4.33427e-06
4.43559e-06
4.71243e-06
5.30892e-06
6.45964e-06
8.51283e-06
1.19301e-05
1.72402e-05
2.49327e-05
3.52989e-05
4.82638e-05
6.32754e-05
7.93188e-05
9.50675e-05
0.000109177
0.000120583
0.000128693
0.000133459
0.000135298
0.000134941
0.000133248
0.000131053
0.000129067
0.000127833
0.000127733
0.000129013
0.000131822
0.000136242
0.000142311
0.000150034
0.00015938
0.000170276
0.000182603
0.000196181
0.000210778
0.000226106
0.000241835
0.000257611
0.000273072
0.000287872
0.000301696
0.000314274
0.000325398
0.000334919
0.000342759
0.000348903
0.000353408
0.000356399
0.000358073
0.000358703
0.000358646
0.000358348
0.000358348
0.000359297
0.000361974
0.000367356
0.00037677
0.000392227
0.000417059
0.000456996
0.000521711
0.000626595
0.000794039
0.00105297
0.00143515
0.00196731
0.00266011
0.00349702
0.00442816
0.00537365
0.00623671
0.00692617
0.00737756
0.00756536
0.00750458
0.00724223
0.00684313
0.00637501
0.00589699
0.00545322
0.00507143
0.00476493
0.00453639
0.00438184
0.00429399
0.00426458
0.00428559
0.00434998
0.00445158
0.00458482
0.00474444
0.0049252
0.00512173
0.00532855
0.00554017
0.0057513
0.00595711
0.00615352
0.00633745
0.00650709
0.0066621
0.0068039
0.00693596
0.00706413
0.00719712
0.007347
0.00752983
0.00776626
0.00808197
0.00850771
0.0090791
0.00983566
0.0108191
0.0120709
0.0136284
0.0155203
0.0177604
0.0203413
0.0232267
0.026345
0.0295856
0.032801
0.0358184
0.0384601
0.0405709
0.0420451
0.0428461
0.0430108
0.0426337
0.0418439
0.0407796
0.0395682
0.0383137
0.0370931
0.0359569
0.034934
0.0340371
0.0332668
0.0326168
0.0320757
0.0316301
0.0312659
0.0309691
0.0307266
0.0305268
0.0303594
0.0302158
0.0300889
0.0299729
0.0298636
0.0297575
0.0296525
0.0295471
3.12714e-08
3.30706e-08
3.46968e-08
3.61378e-08
3.73886e-08
3.84491e-08
3.93228e-08
4.00159e-08
4.05363e-08
4.08923e-08
4.10926e-08
4.11454e-08
4.10583e-08
4.08381e-08
4.04909e-08
4.00223e-08
3.94377e-08
3.87428e-08
3.79435e-08
3.70469e-08
3.60615e-08
3.49972e-08
3.38664e-08
3.26833e-08
3.14648e-08
3.023e-08
2.90002e-08
2.77997e-08
2.66577e-08
2.56142e-08
2.47361e-08
2.41523e-08
2.41256e-08
2.51784e-08
2.82853e-08
3.51142e-08
4.82454e-08
7.1229e-08
1.08307e-07
1.63683e-07
2.40386e-07
3.39042e-07
4.5702e-07
5.88387e-07
7.24806e-07
8.5737e-07
9.78369e-07
1.08263e-06
1.16813e-06
1.23577e-06
1.28878e-06
1.33174e-06
1.36978e-06
1.40794e-06
1.45075e-06
1.50206e-06
1.565e-06
1.64197e-06
1.73474e-06
1.84441e-06
1.97141e-06
2.11544e-06
2.27545e-06
2.44962e-06
2.63536e-06
2.8294e-06
3.02794e-06
3.22681e-06
3.42171e-06
3.60842e-06
3.78304e-06
3.94214e-06
4.08287e-06
4.20311e-06
4.30143e-06
4.37714e-06
4.43026e-06
4.46149e-06
4.47221e-06
4.46441e-06
4.44073e-06
4.40442e-06
4.35943e-06
4.31049e-06
4.26362e-06
4.22718e-06
4.21437e-06
4.24847e-06
4.37256e-06
4.66581e-06
5.26726e-06
6.40425e-06
8.41652e-06
1.17589e-05
1.69616e-05
2.45314e-05
3.48015e-05
4.77641e-05
6.29508e-05
7.9425e-05
9.5912e-05
0.000111048
0.000123689
0.000133117
0.000139135
0.000142029
0.000142433
0.000141166
0.000139065
0.000136879
0.000135208
0.000134488
0.00013501
0.000136954
0.000140412
0.00014542
0.000151971
0.00016002
0.000169486
0.000180248
0.000192141
0.000204957
0.000218447
0.00023233
0.000246306
0.000260069
0.000273326
0.000285807
0.000297283
0.000307571
0.000316546
0.000324144
0.000330364
0.000335272
0.000339002
0.000341759
0.000343823
0.000345551
0.000347379
0.000349827
0.000353497
0.000359106
0.000367535
0.000379987
0.000398316
0.000425649
0.000467449
0.000533053
0.000637466
0.000802768
0.00105792
0.00143553
0.00196458
0.00265976
0.0035102
0.00447229
0.00547103
0.00641151
0.00719829
0.00775782
0.00805222
0.00808371
0.00788894
0.00752672
0.00706388
0.00656301
0.0060746
0.00563387
0.00526125
0.00496521
0.00474576
0.00459787
0.00451408
0.00448619
0.00450639
0.00456757
0.00466329
0.00478765
0.00493509
0.00510028
0.00527804
0.00546346
0.00565195
0.00583952
0.00602296
0.00620007
0.00636998
0.00653334
0.00669262
0.00685245
0.00701995
0.00720513
0.00742132
0.00768558
0.00801907
0.00844708
0.00899882
0.00970684
0.010606
0.0117316
0.0131175
0.0147921
0.0167753
0.0190731
0.0216719
0.0245328
0.0275859
0.030727
0.0338198
0.0367061
0.0392237
0.0412315
0.0426335
0.0433967
0.0435553
0.0431968
0.0424404
0.0414146
0.0402382
0.0390091
0.0378005
0.0366614
0.0356214
0.0346945
0.033884
0.033186
0.0325924
0.0320921
0.0316733
0.0313237
0.0310319
0.030787
0.0305794
0.0304009
0.0302442
0.0301038
0.0299749
0.0298539
0.0297382
0.0296259
2.77345e-08
2.94547e-08
3.10324e-08
3.24526e-08
3.37062e-08
3.47889e-08
3.56998e-08
3.64412e-08
3.70174e-08
3.7434e-08
3.76975e-08
3.78149e-08
3.7793e-08
3.76388e-08
3.73589e-08
3.69601e-08
3.64493e-08
3.58336e-08
3.51211e-08
3.43204e-08
3.34415e-08
3.24959e-08
3.14965e-08
3.0458e-08
2.93967e-08
2.83306e-08
2.72792e-08
2.62641e-08
2.53105e-08
2.44533e-08
2.37515e-08
2.33208e-08
2.3401e-08
2.44739e-08
2.74468e-08
3.38875e-08
4.62468e-08
6.79426e-08
1.03136e-07
1.56076e-07
2.30041e-07
3.26128e-07
4.42356e-07
5.73483e-07
7.11724e-07
8.48313e-07
9.75329e-07
1.08704e-06
1.18065e-06
1.25626e-06
1.31636e-06
1.36497e-06
1.40684e-06
1.4468e-06
1.48927e-06
1.53805e-06
1.59622e-06
1.66617e-06
1.74959e-06
1.84751e-06
1.96034e-06
2.0878e-06
2.22901e-06
2.38239e-06
2.54577e-06
2.71641e-06
2.89115e-06
3.0665e-06
3.23887e-06
3.40471e-06
3.56069e-06
3.70387e-06
3.83179e-06
3.94258e-06
4.03496e-06
4.10833e-06
4.16274e-06
4.19886e-06
4.21798e-06
4.222e-06
4.2134e-06
4.1952e-06
4.171e-06
4.14513e-06
4.12304e-06
4.11237e-06
4.12542e-06
4.18421e-06
4.32996e-06
4.63894e-06
5.24575e-06
6.37145e-06
8.34842e-06
1.16259e-05
1.67353e-05
2.42003e-05
3.4393e-05
4.73693e-05
6.27421e-05
7.96542e-05
9.68865e-05
0.000113074
0.000127004
0.000137841
0.000145243
0.000149355
0.000150701
0.000150034
0.000148176
0.0001459
0.000143851
0.000142524
0.000142262
0.000143285
0.000145712
0.00014959
0.000154913
0.000161635
0.000169671
0.000178903
0.000189178
0.00020031
0.000212081
0.000224252
0.000236569
0.000248776
0.000260625
0.000271891
0.000282384
0.000291954
0.000300502
0.000307985
0.000314417
0.000319879
0.000324514
0.000328535
0.00033222
0.000335918
0.000340045
0.000345078
0.000351566
0.000360143
0.000371592
0.000386992
0.000408046
0.000437696
0.000481177
0.000547537
0.000651463
0.000814788
0.00106655
0.0014402
0.00196685
0.00266506
0.00352948
0.00452279
0.00557537
0.00659487
0.00748335
0.00815921
0.00857297
0.00871383
0.00860687
0.00830298
0.00786574
0.00735913
0.00683848
0.00634578
0.00590873
0.00554229
0.00525163
0.00503523
0.00488761
0.0048014
0.00476879
0.00478221
0.00483463
0.00491962
0.00503129
0.00516423
0.00531345
0.00547445
0.00564328
0.00581669
0.00599234
0.006169
0.0063468
0.00652748
0.00671464
0.00691407
0.00713404
0.00738559
0.00768287
0.00804328
0.00848756
0.00903951
0.00972566
0.0105745
0.0116153
0.0128768
0.0143848
0.0161599
0.018214
0.0205464
0.0231391
0.025952
0.028918
0.0319403
0.0348941
0.0376357
0.0400186
0.0419153
0.0432395
0.0439619
0.044114
0.0437764
0.0430585
0.0420788
0.040947
0.0397545
0.0385699
0.0374405
0.0363954
0.0354497
0.0346089
0.0338714
0.0332317
0.0326812
0.0322105
0.0318094
0.0314678
0.0311763
0.0309261
0.0307095
0.0305198
0.0303512
0.030199
0.0300595
0.0299297
0.0298074
2.42715e-08
2.58789e-08
2.73729e-08
2.87371e-08
2.99599e-08
3.10339e-08
3.19551e-08
3.27223e-08
3.33368e-08
3.38018e-08
3.41216e-08
3.43018e-08
3.43483e-08
3.42676e-08
3.40668e-08
3.37531e-08
3.33342e-08
3.28184e-08
3.22146e-08
3.15327e-08
3.07834e-08
2.99787e-08
2.91317e-08
2.82567e-08
2.73692e-08
2.64855e-08
2.56231e-08
2.48006e-08
2.40398e-08
2.33707e-08
2.28452e-08
2.2568e-08
2.27586e-08
2.3864e-08
2.67332e-08
3.28457e-08
4.45375e-08
6.51054e-08
9.86318e-08
1.49398e-07
2.20891e-07
3.14633e-07
4.29232e-07
5.60089e-07
6.9998e-07
8.40341e-07
9.73094e-07
1.09203e-06
1.19363e-06
1.27721e-06
1.34452e-06
1.39897e-06
1.44491e-06
1.4869e-06
1.52922e-06
1.57564e-06
1.62924e-06
1.69239e-06
1.76678e-06
1.85346e-06
1.95283e-06
2.06474e-06
2.18843e-06
2.32259e-06
2.46542e-06
2.61463e-06
2.76761e-06
2.92147e-06
3.07324e-06
3.21998e-06
3.35889e-06
3.48752e-06
3.60378e-06
3.70609e-06
3.79339e-06
3.8652e-06
3.92161e-06
3.96328e-06
3.99144e-06
4.00786e-06
4.01481e-06
4.01498e-06
4.01161e-06
4.0085e-06
4.01053e-06
4.02461e-06
4.06218e-06
4.1441e-06
4.30996e-06
4.63357e-06
5.24571e-06
6.36215e-06
8.30912e-06
1.15313e-05
1.65622e-05
2.39416e-05
3.40784e-05
4.70894e-05
6.26661e-05
8.00313e-05
9.80235e-05
0.000115293
0.000130571
0.000142916
0.000151845
0.000157358
0.000159856
0.000160007
0.000158597
0.000156402
0.000154104
0.000152248
0.000151234
0.00015133
0.000152693
0.000155399
0.000159455
0.000164823
0.000171426
0.000179154
0.000187868
0.0001974
0.000207564
0.000218154
0.000228957
0.000239759
0.000250357
0.000260568
0.000270239
0.000279254
0.000287542
0.000295083
0.000301911
0.000308119
0.000313856
0.000319337
0.000324834
0.000330674
0.000337235
0.000344942
0.000354276
0.000365782
0.000380141
0.000398313
0.000421861
0.00045357
0.000498478
0.000565401
0.000668774
0.000830253
0.00107902
0.00144935
0.00197445
0.00267658
0.00355577
0.004581
0.00568837
0.00678871
0.0077832
0.00858342
0.00912921
0.009397
0.0093995
0.00917801
0.00879074
0.00830081
0.00776648
0.00723531
0.00674178
0.00630766
0.00594407
0.00565412
0.00543552
0.00528287
0.00518929
0.0051475
0.00515038
0.00519129
0.00526414
0.00536351
0.00548456
0.00562315
0.00577588
0.00594024
0.0061147
0.00629899
0.00649423
0.00670321
0.00693056
0.00718303
0.0074697
0.00780213
0.00819465
0.0086642
0.00922999
0.00991322
0.0107367
0.0117241
0.0128988
0.0142827
0.0158945
0.0177474
0.0198467
0.0221866
0.0247462
0.0274854
0.0303412
0.0332245
0.0360226
0.0386061
0.0408437
0.0426214
0.0438624
0.0445409
0.0446863
0.0443717
0.0436973
0.042771
0.0416936
0.0405491
0.0394014
0.0382951
0.0372585
0.0363074
0.0354485
0.0346825
0.034006
0.033413
0.0328962
0.0324473
0.0320583
0.0317211
0.0314281
0.0311723
0.0309475
0.0307483
0.0305702
0.0304094
0.0302627
0.0301278
2.09495e-08
2.24193e-08
2.38021e-08
2.50817e-08
2.62454e-08
2.72839e-08
2.81908e-08
2.89627e-08
2.95984e-08
3.00989e-08
3.04668e-08
3.0706e-08
3.08216e-08
3.08193e-08
3.07062e-08
3.04895e-08
3.01771e-08
2.97775e-08
2.93002e-08
2.87551e-08
2.81534e-08
2.75068e-08
2.68279e-08
2.61303e-08
2.54278e-08
2.47352e-08
2.40674e-08
2.34404e-08
2.28724e-08
2.23893e-08
2.20367e-08
2.19097e-08
2.22107e-08
2.33568e-08
2.61466e-08
3.19835e-08
4.31025e-08
6.26933e-08
9.47653e-08
1.43623e-07
2.12938e-07
3.04609e-07
4.17787e-07
5.48478e-07
6.89975e-07
8.34008e-07
9.72379e-07
1.09846e-06
1.20809e-06
1.29981e-06
1.37462e-06
1.43533e-06
1.4858e-06
1.53028e-06
1.57292e-06
1.61742e-06
1.66685e-06
1.72363e-06
1.7895e-06
1.86556e-06
1.95231e-06
2.04968e-06
2.15713e-06
2.27359e-06
2.39759e-06
2.52727e-06
2.6605e-06
2.79492e-06
2.92812e-06
3.05767e-06
3.18132e-06
3.29704e-06
3.40314e-06
3.49832e-06
3.58176e-06
3.65309e-06
3.71247e-06
3.76055e-06
3.79845e-06
3.82782e-06
3.8506e-06
3.86914e-06
3.8862e-06
3.9051e-06
3.93007e-06
3.96736e-06
4.02758e-06
4.13059e-06
4.31458e-06
4.65129e-06
5.26835e-06
6.37718e-06
8.29909e-06
1.14755e-05
1.6443e-05
2.37571e-05
3.38622e-05
4.69333e-05
6.27382e-05
8.05795e-05
9.93569e-05
0.000117746
0.000134437
0.000148394
0.000159004
0.000166121
0.000170011
0.000171242
0.000170542
0.000168671
0.00016633
0.000164106
0.000162451
0.000161687
0.000162019
0.00016356
0.000166348
0.000170364
0.000175548
0.000181807
0.000189019
0.00019704
0.000205708
0.000214853
0.000224296
0.000233864
0.000243393
0.00025274
0.000261787
0.000270451
0.000278689
0.000286503
0.000293943
0.00030111
0.000308157
0.000315287
0.000322764
0.000330872
0.000339938
0.000350325
0.000362437
0.000376733
0.000393791
0.00041446
0.000440184
0.000473611
0.000519624
0.000586857
0.00068956
0.000849294
0.00109544
0.00146316
0.00198768
0.00269487
0.00358996
0.00464825
0.00581181
0.00699528
0.00810005
0.00903255
0.00972297
0.0101355
0.0102702
0.0101575
0.00984833
0.00940275
0.00887985
0.00833104
0.00779663
0.00730495
0.00687341
0.00651058
0.00621845
0.00599469
0.00583445
0.00573162
0.00567972
0.00567241
0.0057038
0.00576861
0.0058623
0.00598112
0.0061222
0.00628368
0.00646483
0.00666621
0.00688982
0.00713924
0.00741987
0.00773897
0.00810585
0.00853191
0.00903087
0.00961841
0.0103107
0.0111256
0.0120814
0.0131968
0.0144893
0.0159744
0.0176644
0.0195665
0.0216806
0.0239972
0.0264941
0.0291324
0.0318538
0.0345778
0.0372034
0.0396154
0.0416974
0.0433486
0.0445012
0.0451331
0.0452712
0.044982
0.0443557
0.04349
0.0424764
0.0413915
0.0402939
0.039225
0.0382118
0.0372702
0.0364077
0.0356268
0.0349259
0.0343011
0.0337472
0.033258
0.0328271
0.0324481
0.0321148
0.0318212
0.0315617
0.0313315
0.0311265
0.0309429
0.0307778
0.0306285
0.0257629
0.0257437
0.025729
0.0257177
0.025709
0.0257022
0.0256969
0.0256926
0.025689
0.0256858
0.0256828
0.0256797
0.0256764
0.0256728
0.0256688
0.0256642
0.0256589
0.025653
0.0256463
0.0256389
0.0256306
0.0256216
0.0256116
0.0256009
0.0255893
0.025577
0.025564
0.0255504
0.0255363
0.0255219
0.0255073
0.0254927
0.0254784
0.0254646
0.0254517
0.0254401
0.0254299
0.0254218
0.0254159
0.0254128
0.0260103
0.0259647
0.0259271
0.0258958
0.0258697
0.0258477
0.0258291
0.0258132
0.0257995
0.0257874
0.0257766
0.0257667
0.0257575
0.0257487
0.02574
0.0257314
0.0257227
0.0257137
0.0257044
0.0256946
0.0256843
0.0256733
0.0256618
0.0256495
0.0256366
0.025623
0.0256088
0.025594
0.0255788
0.0255632
0.0255474
0.0255316
0.025516
0.0255009
0.0254867
0.0254738
0.0254624
0.0254532
0.0254465
0.0254429
0.026319
0.0262425
0.0261776
0.0261221
0.0260746
0.0260336
0.0259982
0.0259675
0.0259406
0.025917
0.0258959
0.025877
0.0258598
0.0258439
0.0258291
0.025815
0.0258014
0.0257882
0.025775
0.0257619
0.0257486
0.0257351
0.0257211
0.0257068
0.025692
0.0256767
0.0256609
0.0256446
0.0256279
0.0256108
0.0255936
0.0255764
0.0255594
0.0255429
0.0255273
0.0255129
0.0255002
0.0254898
0.0254821
0.0254779
0.0266781
0.0265691
0.0264745
0.0263922
0.0263204
0.0262577
0.0262028
0.0261546
0.0261121
0.0260744
0.0260409
0.0260109
0.0259838
0.0259591
0.0259364
0.0259153
0.0258955
0.0258767
0.0258587
0.0258412
0.025824
0.025807
0.02579
0.0257728
0.0257555
0.025738
0.0257201
0.0257018
0.0256833
0.0256646
0.0256457
0.0256269
0.0256083
0.0255902
0.025573
0.0255571
0.0255429
0.0255312
0.0255225
0.0255177
0.0270721
0.0269315
0.0268074
0.0266976
0.0266005
0.0265146
0.0264386
0.0263712
0.0263113
0.0262579
0.0262102
0.0261674
0.0261287
0.0260937
0.0260617
0.0260322
0.0260049
0.0259794
0.0259554
0.0259325
0.0259105
0.0258891
0.0258683
0.0258477
0.0258272
0.0258068
0.0257864
0.0257658
0.0257451
0.0257243
0.0257035
0.0256828
0.0256624
0.0256426
0.0256237
0.0256061
0.0255904
0.0255773
0.0255674
0.0255619
0.027483
0.0273145
0.0271632
0.0270275
0.0269058
0.0267968
0.0266993
0.0266121
0.026534
0.0264639
0.0264009
0.0263441
0.0262928
0.0262462
0.0262038
0.0261649
0.0261291
0.0260958
0.0260648
0.0260356
0.0260079
0.0259815
0.025956
0.0259312
0.025907
0.0258832
0.0258597
0.0258363
0.025813
0.0257898
0.0257668
0.025744
0.0257216
0.0256998
0.0256791
0.0256597
0.0256423
0.0256277
0.0256167
0.0256103
0.0278931
0.0277021
0.0275279
0.0273693
0.0272254
0.027095
0.0269771
0.0268707
0.0267745
0.0266876
0.026609
0.0265378
0.0264732
0.0264144
0.0263608
0.0263117
0.0262665
0.0262248
0.026186
0.0261498
0.0261157
0.0260834
0.0260527
0.0260232
0.0259947
0.0259669
0.0259398
0.0259132
0.0258869
0.025861
0.0258355
0.0258103
0.0257856
0.0257618
0.025739
0.0257177
0.0256985
0.0256823
0.02567
0.0256628
0.0282866
0.0280796
0.0278878
0.0277109
0.0275483
0.0273994
0.0272633
0.0271392
0.0270262
0.0269232
0.0268295
0.0267441
0.0266662
0.0265951
0.02653
0.0264703
0.0264154
0.0263647
0.0263176
0.0262738
0.0262328
0.0261943
0.0261577
0.026123
0.0260896
0.0260575
0.0260264
0.0259962
0.0259666
0.0259376
0.0259092
0.0258814
0.0258543
0.0258281
0.0258031
0.0257798
0.0257588
0.0257409
0.0257271
0.0257191
0.0286512
0.0284347
0.0282313
0.0280412
0.0278644
0.0277005
0.0275493
0.02741
0.027282
0.0271646
0.0270568
0.0269581
0.0268675
0.0267844
0.0267081
0.0266379
0.0265731
0.0265133
0.0264578
0.0264062
0.026358
0.0263127
0.0262701
0.0262297
0.0261912
0.0261544
0.026119
0.0260847
0.0260515
0.0260192
0.0259877
0.0259571
0.0259273
0.0258986
0.0258713
0.0258458
0.0258228
0.0258031
0.025788
0.025779
0.0289784
0.0287586
0.0285492
0.0283511
0.0281646
0.02799
0.0278271
0.0276757
0.0275353
0.0274055
0.0272855
0.0271748
0.0270726
0.0269784
0.0268915
0.0268112
0.026737
0.0266682
0.0266043
0.0265449
0.0264894
0.0264374
0.0263885
0.0263423
0.0262984
0.0262566
0.0262167
0.0261782
0.0261412
0.0261053
0.0260705
0.0260368
0.0260042
0.0259729
0.0259432
0.0259154
0.0258903
0.0258688
0.0258521
0.0258422
0.0292634
0.0290453
0.0288351
0.0286337
0.0284421
0.0282608
0.02809
0.0279298
0.0277799
0.0276401
0.0275101
0.0273892
0.027277
0.0271729
0.0270764
0.0269869
0.0269038
0.0268266
0.0267547
0.0266877
0.0266251
0.0265664
0.0265113
0.0264593
0.02641
0.0263632
0.0263186
0.0262758
0.0262347
0.0261952
0.026157
0.0261201
0.0260846
0.0260505
0.0260183
0.0259881
0.0259609
0.0259375
0.0259194
0.0259085
0.0295044
0.0292922
0.0290852
0.0288848
0.0286921
0.028508
0.0283328
0.028167
0.0280106
0.0278636
0.0277258
0.0275968
0.0274764
0.027364
0.0272592
0.0271616
0.0270706
0.0269857
0.0269064
0.0268324
0.0267631
0.026698
0.0266369
0.0265792
0.0265246
0.0264729
0.0264236
0.0263765
0.0263314
0.0262881
0.0262464
0.0262063
0.0261678
0.0261309
0.0260961
0.0260636
0.0260342
0.0260089
0.0259893
0.0259775
0.0297021
0.0294987
0.0292982
0.0291021
0.0289117
0.028728
0.0285517
0.0283834
0.0282233
0.0280717
0.0279286
0.0277937
0.0276669
0.027548
0.0274364
0.027332
0.0272342
0.0271426
0.0270569
0.0269765
0.0269011
0.0268301
0.0267634
0.0267004
0.0266407
0.0265842
0.0265304
0.0264791
0.0264301
0.0263831
0.0263379
0.0262946
0.0262531
0.0262135
0.026176
0.0261412
0.0261097
0.0260826
0.0260615
0.0260488
0.0298588
0.0296662
0.0294744
0.0292852
0.0290997
0.0289192
0.0287445
0.0285763
0.0284152
0.0282615
0.0281153
0.0279766
0.0278455
0.0277217
0.0276051
0.0274953
0.027392
0.0272949
0.0272036
0.0271177
0.0270369
0.0269608
0.0268889
0.0268211
0.0267568
0.0266958
0.0266378
0.0265825
0.0265297
0.0264791
0.0264307
0.0263842
0.0263398
0.0262974
0.0262575
0.0262204
0.0261868
0.0261579
0.0261355
0.0261219
0.0299778
0.029797
0.0296154
0.0294347
0.0292561
0.0290809
0.0289101
0.0287444
0.0285844
0.0284308
0.0282836
0.0281432
0.0280096
0.0278828
0.0277627
0.027649
0.0275415
0.0274401
0.0273443
0.027254
0.0271686
0.027088
0.0270118
0.0269396
0.0268712
0.0268062
0.0267443
0.0266854
0.026629
0.0265751
0.0265235
0.0264742
0.0264269
0.026382
0.0263397
0.0263004
0.0262649
0.0262344
0.0262107
0.0261963
0.0300628
0.0298942
0.0297236
0.0295524
0.0293821
0.0292138
0.0290484
0.028887
0.0287301
0.0285783
0.0284321
0.0282918
0.0281575
0.0280292
0.0279071
0.027791
0.0276808
0.0275762
0.0274771
0.0273833
0.0272944
0.0272101
0.0271302
0.0270544
0.0269824
0.0269139
0.0268487
0.0267864
0.0267269
0.02667
0.0266156
0.0265635
0.0265137
0.0264665
0.0264219
0.0263807
0.0263434
0.0263115
0.0262866
0.0262716
0.0301176
0.029961
0.0298016
0.0296406
0.0294793
0.0293189
0.0291603
0.0290044
0.0288521
0.0287038
0.0285601
0.0284213
0.0282878
0.0281596
0.028037
0.0279198
0.027808
0.0277016
0.0276003
0.027504
0.0274124
0.0273254
0.0272427
0.027164
0.027089
0.0270176
0.0269495
0.0268845
0.0268223
0.0267627
0.0267058
0.0266513
0.0265993
0.0265499
0.0265034
0.0264604
0.0264216
0.0263884
0.0263626
0.026347
0.0301456
0.0300008
0.0298524
0.0297017
0.0295499
0.029398
0.0292469
0.0290976
0.0289508
0.0288072
0.0286672
0.0285313
0.0283999
0.0282732
0.0281512
0.0280342
0.0279221
0.0278149
0.0277125
0.0276148
0.0275215
0.0274326
0.0273478
0.027267
0.0271898
0.0271161
0.0270457
0.0269784
0.0269139
0.0268522
0.0267931
0.0267365
0.0266826
0.0266315
0.0265834
0.0265389
0.0264989
0.0264647
0.0264382
0.0264222
0.0301502
0.0300164
0.0298788
0.0297383
0.029596
0.0294529
0.0293098
0.0291677
0.0290273
0.0288892
0.0287539
0.0286219
0.0284937
0.0283694
0.0282494
0.0281336
0.0280223
0.0279153
0.0278128
0.0277145
0.0276205
0.0275306
0.0274445
0.0273623
0.0272836
0.0272082
0.0271361
0.0270671
0.0270009
0.0269374
0.0268767
0.0268185
0.0267631
0.0267105
0.0266612
0.0266156
0.0265746
0.0265397
0.0265127
0.0264964
0.0301342
0.0300109
0.0298834
0.0297527
0.0296198
0.0294855
0.0293507
0.0292162
0.0290826
0.0289506
0.0288208
0.0286935
0.0285693
0.0284485
0.0283311
0.0282176
0.0281079
0.0280022
0.0279004
0.0278026
0.0277086
0.0276184
0.0275319
0.027449
0.0273694
0.0272931
0.0272199
0.0271497
0.0270823
0.0270177
0.0269558
0.0268965
0.02684
0.0267864
0.0267361
0.0266898
0.0266483
0.0266129
0.0265857
0.0265693
0.0301002
0.0299865
0.0298686
0.0297474
0.0296236
0.029498
0.0293714
0.0292446
0.0291182
0.0289927
0.0288688
0.0287469
0.0286273
0.0285106
0.0283968
0.0282862
0.028179
0.0280753
0.0279751
0.0278784
0.0277853
0.0276956
0.0276094
0.0275265
0.0274468
0.0273701
0.0272965
0.0272257
0.0271577
0.0270924
0.0270298
0.0269699
0.0269127
0.0268586
0.0268079
0.0267612
0.0267195
0.0266841
0.0266569
0.0266406
0.0300505
0.0299457
0.0298368
0.0297245
0.0296094
0.0294922
0.0293738
0.0292547
0.0291355
0.0290168
0.0288991
0.0287829
0.0286685
0.0285564
0.0284467
0.0283397
0.0282357
0.0281346
0.0280367
0.027942
0.0278504
0.027762
0.0276767
0.0275944
0.0275152
0.0274389
0.0273654
0.0272947
0.0272267
0.0271613
0.0270985
0.0270384
0.0269812
0.026927
0.0268763
0.0268298
0.0267882
0.0267531
0.0267262
0.0267102
0.0299872
0.0298907
0.0297901
0.0296861
0.0295792
0.0294702
0.0293596
0.0292481
0.0291361
0.0290243
0.028913
0.0288027
0.0286939
0.0285868
0.0284817
0.0283789
0.0282785
0.0281808
0.0280857
0.0279935
0.0279041
0.0278175
0.0277338
0.027653
0.0275749
0.0274995
0.0274268
0.0273567
0.0272892
0.0272243
0.0271619
0.0271023
0.0270455
0.0269918
0.0269416
0.0268956
0.0268547
0.0268202
0.0267939
0.0267784
0.0299127
0.0298236
0.0297307
0.0296344
0.0295354
0.029434
0.029331
0.0292268
0.029122
0.029017
0.0289122
0.028808
0.0287049
0.0286031
0.028503
0.0284047
0.0283085
0.0282145
0.0281229
0.0280337
0.0279471
0.027863
0.0277815
0.0277026
0.0276262
0.0275524
0.0274811
0.0274123
0.0273459
0.0272821
0.0272208
0.0271622
0.0271063
0.0270536
0.0270045
0.0269595
0.0269197
0.0268862
0.0268609
0.026846
0.0298294
0.0297471
0.0296612
0.0295721
0.0294802
0.0293862
0.0292904
0.0291933
0.0290953
0.028997
0.0288987
0.0288007
0.0287035
0.0286072
0.0285123
0.0284189
0.0283272
0.0282374
0.0281497
0.0280641
0.0279808
0.0278997
0.027821
0.0277447
0.0276707
0.027599
0.0275297
0.0274628
0.0273983
0.0273362
0.0272765
0.0272195
0.0271653
0.0271142
0.0270666
0.0270232
0.0269849
0.0269528
0.0269287
0.0269146
0.0297406
0.0296644
0.0295847
0.0295021
0.029417
0.0293297
0.0292407
0.0291504
0.0290591
0.0289673
0.0288754
0.0287836
0.0286922
0.0286017
0.0285122
0.0284239
0.0283371
0.0282519
0.0281685
0.028087
0.0280075
0.02793
0.0278547
0.0277815
0.0277105
0.0276417
0.0275751
0.0275108
0.0274488
0.027389
0.0273317
0.027277
0.027225
0.0271761
0.0271307
0.0270894
0.0270531
0.0270228
0.0270002
0.0269871
0.029651
0.0295799
0.0295058
0.0294291
0.02935
0.0292689
0.0291863
0.0291023
0.0290174
0.0289319
0.0288462
0.0287605
0.0286752
0.0285904
0.0285065
0.0284236
0.028342
0.0282618
0.0281832
0.0281062
0.0280311
0.0279578
0.0278864
0.027817
0.0277497
0.0276844
0.0276213
0.0275603
0.0275014
0.0274448
0.0273906
0.0273388
0.0272898
0.0272438
0.0272011
0.0271625
0.0271287
0.0271006
0.0270797
0.0270677
0.0295671
0.0295002
0.0294308
0.0293591
0.0292854
0.0292099
0.029133
0.029055
0.0289762
0.0288968
0.0288171
0.0287375
0.0286581
0.0285792
0.028501
0.0284238
0.0283477
0.0282728
0.0281994
0.0281275
0.0280573
0.0279888
0.0279221
0.0278572
0.0277943
0.0277333
0.0276743
0.0276174
0.0275625
0.0275099
0.0274595
0.0274115
0.0273661
0.0273237
0.0272845
0.0272491
0.0272182
0.0271927
0.0271738
0.027163
0.0294982
0.0294344
0.0293687
0.0293011
0.029232
0.0291615
0.0290898
0.0290173
0.028944
0.0288704
0.0287966
0.0287229
0.0286495
0.0285765
0.0285043
0.028433
0.0283627
0.0282936
0.0282259
0.0281596
0.0280949
0.0280319
0.0279705
0.0279109
0.0278532
0.0277973
0.0277434
0.0276914
0.0276414
0.0275935
0.0275478
0.0275043
0.0274634
0.0274252
0.0273901
0.0273585
0.0273311
0.0273085
0.0272919
0.0272826
0.0294576
0.0293957
0.0293325
0.0292681
0.0292026
0.0291362
0.0290691
0.0290014
0.0289334
0.0288652
0.028797
0.0287291
0.0286616
0.0285947
0.0285287
0.0284635
0.0283994
0.0283366
0.0282751
0.028215
0.0281565
0.0280996
0.0280444
0.0279909
0.0279392
0.0278893
0.0278413
0.0277951
0.0277509
0.0277087
0.0276685
0.0276305
0.0275948
0.0275616
0.0275312
0.027504
0.0274805
0.0274613
0.0274472
0.0274393
0.0294633
0.0294019
0.02934
0.0292776
0.0292147
0.0291516
0.0290883
0.0290248
0.0289615
0.0288984
0.0288356
0.0287734
0.0287118
0.028651
0.0285913
0.0285326
0.0284751
0.028419
0.0283642
0.028311
0.0282594
0.0282095
0.0281612
0.0281146
0.0280699
0.0280269
0.0279857
0.0279463
0.0279088
0.0278731
0.0278393
0.0278075
0.0277778
0.0277504
0.0277253
0.027703
0.0276839
0.0276683
0.027657
0.0276507
0.0295393
0.0294768
0.0294148
0.0293532
0.0292919
0.0292311
0.0291707
0.0291109
0.0290517
0.0289932
0.0289355
0.0288788
0.0288231
0.0287686
0.0287153
0.0286634
0.0286129
0.028564
0.0285166
0.0284709
0.0284269
0.0283846
0.0283441
0.0283054
0.0282684
0.0282332
0.0281997
0.028168
0.028138
0.0281098
0.0280832
0.0280584
0.0280354
0.0280143
0.0279952
0.0279783
0.0279638
0.0279521
0.0279437
0.0279391
0.0297157
0.0296507
0.0295872
0.0295251
0.0294644
0.0294049
0.0293466
0.0292897
0.0292341
0.0291798
0.0291269
0.0290756
0.0290257
0.0289774
0.0289308
0.0288859
0.0288428
0.0288015
0.028762
0.0287244
0.0286886
0.0286547
0.0286227
0.0285925
0.0285641
0.0285375
0.0285126
0.0284893
0.0284677
0.0284475
0.0284289
0.0284117
0.028396
0.0283817
0.0283689
0.0283577
0.0283482
0.0283406
0.0283352
0.0283322
0.0300291
0.0299602
0.0298941
0.0298304
0.0297691
0.0297101
0.0296532
0.0295985
0.0295459
0.0294954
0.029447
0.0294008
0.0293566
0.0293146
0.0292748
0.0292371
0.0292015
0.0291682
0.029137
0.0291079
0.0290809
0.0290559
0.029033
0.0290119
0.0289927
0.0289753
0.0289595
0.0289452
0.0289324
0.0289209
0.0289107
0.0289015
0.0288934
0.0288863
0.02888
0.0288747
0.0288702
0.0288668
0.0288644
0.0288631
0.0305214
0.0304477
0.030378
0.0303119
0.0302493
0.0301899
0.0301338
0.0300807
0.0300307
0.0299836
0.0299394
0.029898
0.0298594
0.0298236
0.0297904
0.02976
0.0297322
0.0297069
0.0296842
0.0296639
0.0296459
0.0296301
0.0296165
0.0296049
0.0295952
0.0295872
0.0295808
0.0295758
0.0295721
0.0295694
0.0295676
0.0295666
0.0295662
0.0295662
0.0295665
0.0295669
0.0295675
0.029568
0.0295685
0.0295689
1.55581e-11
5.31012e-11
9.84018e-11
1.52661e-10
2.17164e-10
2.9329e-10
3.82506e-10
4.86364e-10
6.06488e-10
7.44569e-10
9.02343e-10
1.08158e-09
1.28406e-09
1.51154e-09
1.76576e-09
2.04837e-09
2.36091e-09
2.70481e-09
3.0813e-09
3.49142e-09
3.93596e-09
4.41543e-09
4.93005e-09
5.47969e-09
6.06388e-09
6.68177e-09
7.33215e-09
8.01341e-09
8.72357e-09
9.46032e-09
1.0221e-08
1.10026e-08
1.18019e-08
1.26155e-08
1.34396e-08
1.42706e-08
1.51044e-08
1.59371e-08
1.67648e-08
1.75833e-08
1.45228e-11
4.95589e-11
9.18065e-11
1.42361e-10
2.02395e-10
2.73161e-10
3.55992e-10
4.52298e-10
5.63551e-10
6.91284e-10
8.3707e-10
1.00251e-09
1.18923e-09
1.39881e-09
1.63284e-09
1.89281e-09
2.18015e-09
2.49616e-09
2.84199e-09
3.2186e-09
3.62677e-09
4.067e-09
4.53956e-09
5.0444e-09
5.58118e-09
6.14923e-09
6.74753e-09
7.37475e-09
8.0292e-09
8.70889e-09
9.4115e-09
1.01345e-08
1.08749e-08
1.16298e-08
1.23958e-08
1.31697e-08
1.39478e-08
1.47266e-08
1.55025e-08
1.62717e-08
1.35056e-11
4.60783e-11
8.53251e-11
1.32239e-10
1.87877e-10
2.53372e-10
3.29926e-10
4.18805e-10
5.21336e-10
6.38894e-10
7.72894e-10
9.24777e-10
1.09599e-09
1.28798e-09
1.50216e-09
1.73988e-09
2.00243e-09
2.29101e-09
2.60665e-09
2.95027e-09
3.32259e-09
3.72412e-09
4.15514e-09
4.61569e-09
5.10553e-09
5.62413e-09
6.17068e-09
6.74408e-09
7.3429e-09
7.96547e-09
8.60979e-09
9.27366e-09
9.95459e-09
1.06499e-08
1.13568e-08
1.20722e-08
1.27931e-08
1.35162e-08
1.42383e-08
1.4956e-08
1.25153e-11
4.26889e-11
7.90129e-11
1.22378e-10
1.73734e-10
2.34091e-10
3.04523e-10
3.8616e-10
4.80183e-10
5.87818e-10
7.10322e-10
8.48978e-10
1.00508e-09
1.1799e-09
1.3747e-09
1.59071e-09
1.82907e-09
2.09085e-09
2.37701e-09
2.68838e-09
3.02563e-09
3.38926e-09
3.77957e-09
4.19665e-09
4.64035e-09
5.11028e-09
5.60579e-09
6.126e-09
6.66973e-09
7.23557e-09
7.82186e-09
8.42671e-09
9.04801e-09
9.68347e-09
1.03306e-08
1.09868e-08
1.16494e-08
1.23155e-08
1.29823e-08
1.36467e-08
1.15619e-11
3.94256e-11
7.29342e-11
1.12881e-10
1.60107e-10
2.15508e-10
2.80034e-10
3.54682e-10
4.40493e-10
5.38547e-10
6.4995e-10
7.7583e-10
9.17322e-10
1.07556e-09
1.25165e-09
1.44666e-09
1.66163e-09
1.89749e-09
2.15512e-09
2.43525e-09
2.73851e-09
3.06538e-09
3.41616e-09
3.79098e-09
4.18976e-09
4.61224e-09
5.05791e-09
5.52606e-09
6.01575e-09
6.52583e-09
7.05492e-09
7.60144e-09
8.16363e-09
8.73953e-09
9.32704e-09
9.92394e-09
1.05279e-08
1.11364e-08
1.1747e-08
1.23572e-08
1.06573e-11
3.63289e-11
6.71643e-11
1.03862e-10
1.47163e-10
1.9785e-10
2.56754e-10
3.24746e-10
4.02732e-10
4.91652e-10
5.92469e-10
7.06162e-10
8.33719e-10
9.76121e-10
1.13434e-09
1.3093e-09
1.50191e-09
1.713e-09
1.94333e-09
2.19356e-09
2.46427e-09
2.75589e-09
3.06873e-09
3.40294e-09
3.75852e-09
4.13526e-09
4.53282e-09
4.95064e-09
5.38798e-09
5.84391e-09
6.31732e-09
6.80691e-09
7.31123e-09
7.82867e-09
8.35745e-09
8.89572e-09
9.44148e-09
9.99267e-09
1.05472e-08
1.11027e-08
9.81531e-12
3.34462e-11
6.17913e-11
9.54604e-11
1.35096e-10
1.81379e-10
2.35026e-10
2.96787e-10
3.67443e-10
4.47801e-10
5.38687e-10
6.40941e-10
7.5541e-10
8.82935e-10
1.02435e-09
1.18045e-09
1.35202e-09
1.53978e-09
1.74438e-09
1.96642e-09
2.20641e-09
2.46474e-09
2.7417e-09
3.03747e-09
3.35208e-09
3.68542e-09
4.03724e-09
4.40712e-09
4.7945e-09
5.19866e-09
5.6187e-09
6.05361e-09
6.5022e-09
6.96316e-09
7.43506e-09
7.91636e-09
8.40542e-09
8.90052e-09
9.39988e-09
9.90171e-09
9.0524e-12
3.08332e-11
5.69184e-11
8.78352e-11
1.24136e-10
1.66404e-10
2.15252e-10
2.71317e-10
3.35263e-10
4.07774e-10
4.8955e-10
5.81299e-10
6.83738e-10
7.97577e-10
9.23519e-10
1.06225e-09
1.21441e-09
1.38063e-09
1.56148e-09
1.75746e-09
1.96901e-09
2.19651e-09
2.44021e-09
2.70029e-09
2.97683e-09
3.26977e-09
3.57895e-09
3.90407e-09
4.24473e-09
4.60036e-09
4.97029e-09
5.35373e-09
5.74975e-09
6.15732e-09
6.5753e-09
7.00245e-09
7.43745e-09
7.87891e-09
8.32542e-09
8.77551e-09
8.38779e-12
2.85559e-11
5.2668e-11
8.11763e-11
1.14552e-10
1.5329e-10
1.97907e-10
2.4894e-10
3.06946e-10
3.72497e-10
4.46176e-10
5.28575e-10
6.20289e-10
7.2191e-10
8.34023e-10
9.57196e-10
1.09198e-09
1.23888e-09
1.39839e-09
1.57094e-09
1.75691e-09
1.95661e-09
2.1703e-09
2.39815e-09
2.64025e-09
2.8966e-09
3.1671e-09
3.45156e-09
3.74969e-09
4.06109e-09
4.38527e-09
4.72162e-09
5.06944e-09
5.42796e-09
5.79628e-09
6.17346e-09
6.55846e-09
6.95021e-09
7.3476e-09
7.7495e-09
7.84436e-12
2.66924e-11
4.91847e-11
7.57085e-11
1.06664e-10
1.42468e-10
1.83556e-10
2.30374e-10
2.83386e-10
3.43066e-10
4.09894e-10
4.84358e-10
5.66948e-10
6.5815e-10
7.58444e-10
8.68298e-10
9.88162e-10
1.11846e-09
1.2596e-09
1.41194e-09
1.57581e-09
1.75148e-09
1.93918e-09
2.13906e-09
2.35124e-09
2.57576e-09
2.81256e-09
3.06154e-09
3.32251e-09
3.59519e-09
3.87925e-09
4.17425e-09
4.47969e-09
4.79498e-09
5.11949e-09
5.45251e-09
5.79326e-09
6.14094e-09
6.49472e-09
6.85379e-09
7.44941e-12
2.53358e-11
4.66415e-11
7.17006e-11
1.00855e-10
1.34457e-10
1.72874e-10
2.16478e-10
2.65656e-10
3.20797e-10
3.82298e-10
4.5056e-10
5.25982e-10
6.08962e-10
6.99892e-10
7.99153e-10
9.07114e-10
1.02413e-09
1.15052e-09
1.2866e-09
1.43264e-09
1.58888e-09
1.75551e-09
1.93269e-09
2.12054e-09
2.31911e-09
2.52841e-09
2.74839e-09
2.97894e-09
3.21989e-09
3.47102e-09
3.73204e-09
4.0026e-09
4.28231e-09
4.57072e-09
4.86732e-09
5.17156e-09
5.48288e-09
5.80069e-09
6.12444e-09
7.23566e-12
2.45979e-11
4.52458e-11
6.94748e-11
9.75836e-11
1.29879e-10
1.66674e-10
2.08288e-10
2.55047e-10
3.07279e-10
3.65316e-10
4.29491e-10
5.00134e-10
5.77575e-10
6.62138e-10
7.54136e-10
8.53876e-10
9.61648e-10
1.07773e-09
1.20237e-09
1.33581e-09
1.47825e-09
1.62988e-09
1.79083e-09
1.96123e-09
2.14115e-09
2.33063e-09
2.52966e-09
2.73821e-09
2.95618e-09
3.18344e-09
3.41982e-09
3.66509e-09
3.919e-09
4.18126e-09
4.45151e-09
4.7294e-09
5.01453e-09
5.30654e-09
5.60509e-09
7.24256e-12
2.46136e-11
4.5248e-11
6.94204e-11
9.74061e-11
1.29485e-10
1.6594e-10
2.07058e-10
2.53129e-10
3.04443e-10
3.61292e-10
4.23965e-10
4.92752e-10
5.67937e-10
6.49799e-10
7.38611e-10
8.34634e-10
9.38123e-10
1.04931e-09
1.16843e-09
1.29569e-09
1.43126e-09
1.57533e-09
1.72802e-09
1.88946e-09
2.05973e-09
2.23891e-09
2.427e-09
2.62403e-09
2.82995e-09
3.0447e-09
3.26818e-09
3.50027e-09
3.74079e-09
3.98956e-09
4.24635e-09
4.51094e-09
4.78307e-09
5.06249e-09
5.34904e-09
7.51787e-12
2.55461e-11
4.69512e-11
7.20095e-11
1.00996e-10
1.34189e-10
1.71868e-10
2.14316e-10
2.61815e-10
3.14648e-10
3.73095e-10
4.37437e-10
5.07949e-10
5.84903e-10
6.68564e-10
7.59191e-10
8.57034e-10
9.62332e-10
1.07531e-09
1.19619e-09
1.32516e-09
1.46241e-09
1.6081e-09
1.76237e-09
1.92535e-09
2.09714e-09
2.27781e-09
2.46741e-09
2.66596e-09
2.87347e-09
3.08991e-09
3.3152e-09
3.54928e-09
3.79204e-09
4.04332e-09
4.30299e-09
4.57085e-09
4.84672e-09
5.13045e-09
5.42194e-09
8.11957e-12
2.75936e-11
5.07239e-11
7.78159e-11
1.09174e-10
1.45106e-10
1.85921e-10
2.31932e-10
2.83451e-10
3.40788e-10
4.04254e-10
4.74156e-10
5.50796e-10
6.34471e-10
7.25472e-10
8.24081e-10
9.30569e-10
1.0452e-09
1.16821e-09
1.29984e-09
1.4403e-09
1.5898e-09
1.7485e-09
1.91656e-09
2.09412e-09
2.28128e-09
2.47813e-09
2.68471e-09
2.90106e-09
3.12717e-09
3.36302e-09
3.60853e-09
3.86362e-09
4.12819e-09
4.40208e-09
4.68511e-09
4.97709e-09
5.27783e-09
5.58714e-09
5.90493e-09
1.86902e-08
2.00493e-08
2.13386e-08
2.25423e-08
2.36479e-08
2.46453e-08
2.55274e-08
2.62895e-08
2.69294e-08
2.74468e-08
2.78431e-08
2.81214e-08
2.82859e-08
2.8342e-08
2.82958e-08
2.81544e-08
2.79256e-08
2.76178e-08
2.72402e-08
2.68028e-08
2.63161e-08
2.57915e-08
2.5241e-08
2.46769e-08
2.41122e-08
2.35599e-08
2.30334e-08
2.25465e-08
2.21153e-08
2.17626e-08
2.15304e-08
2.15076e-08
2.18861e-08
2.30645e-08
2.58101e-08
3.14786e-08
4.22416e-08
6.12214e-08
9.23815e-08
1.40042e-07
2.07994e-07
2.98385e-07
4.10731e-07
5.41448e-07
6.84187e-07
8.30911e-07
9.73384e-07
1.10472e-06
1.22032e-06
1.31821e-06
1.39885e-06
1.46457e-06
1.51886e-06
1.56573e-06
1.60918e-06
1.65284e-06
1.69981e-06
1.75254e-06
1.81281e-06
1.88181e-06
1.96013e-06
2.04782e-06
2.14448e-06
2.24925e-06
2.36089e-06
2.47781e-06
2.59821e-06
2.72009e-06
2.84138e-06
2.96002e-06
3.07409e-06
3.18186e-06
3.28189e-06
3.37311e-06
3.45482e-06
3.52676e-06
3.5891e-06
3.64245e-06
3.68782e-06
3.72655e-06
3.76047e-06
3.79172e-06
3.82274e-06
3.85646e-06
3.8967e-06
3.94924e-06
4.02414e-06
4.14063e-06
4.33606e-06
4.68091e-06
5.301e-06
6.40522e-06
8.31217e-06
1.14619e-05
1.6394e-05
2.36755e-05
3.37761e-05
4.69112e-05
6.29023e-05
8.11098e-05
0.00010048
0.00011971
0.000137476
0.000152681
0.000164626
0.000173061
0.000178156
0.000180395
0.000180444
0.000179038
0.000176879
0.000174573
0.000172607
0.000171339
0.000171014
0.000171777
0.000173695
0.000176774
0.000180974
0.000186219
0.000192407
0.000199412
0.000207094
0.000215304
0.000223891
0.000232706
0.000241614
0.000250496
0.000259259
0.000267842
0.000276217
0.0002844
0.000292449
0.000300464
0.000308592
0.000317021
0.000325966
0.000335699
0.000346516
0.000358736
0.000372707
0.000388823
0.000407596
0.000429803
0.000456812
0.00049119
0.000537734
0.000604977
0.000707084
0.000865603
0.00111012
0.00147646
0.00200131
0.00271309
0.00362075
0.00470409
0.00590965
0.00715526
0.008343
0.00937686
0.0101808
0.010711
0.0109584
0.0109452
0.0107159
0.0103263
0.00983456
0.00929369
0.00874719
0.00822757
0.0077567
0.00734739
0.00700531
0.00673106
0.00652199
0.0063736
0.00628047
0.00623701
0.00623784
0.00627807
0.00635353
0.00646084
0.00659755
0.00676224
0.00695465
0.00717579
0.00742807
0.0077154
0.00804331
0.00841902
0.00885144
0.00935117
0.00993006
0.0106012
0.0113797
0.0122811
0.0133206
0.0145133
0.0158726
0.0174101
0.019134
0.0210478
0.0231487
0.0254254
0.0278552
0.0304011
0.0330084
0.0356031
0.0380924
0.0403715
0.0423342
0.0438888
0.0449741
0.0455703
0.0457029
0.0454333
0.0448448
0.0440278
0.0430669
0.0420329
0.0409808
0.0399492
0.038964
0.0380406
0.0371873
0.036407
0.0356994
0.0350621
0.034491
0.0339812
0.0335275
0.0331245
0.0327664
0.0324486
0.0321664
0.0319153
0.0316917
0.0314921
0.0313136
0.0311536
1.7315e-08
1.86013e-08
1.98279e-08
2.09796e-08
2.20439e-08
2.30109e-08
2.38731e-08
2.46252e-08
2.52644e-08
2.57897e-08
2.62021e-08
2.65039e-08
2.66989e-08
2.67919e-08
2.67887e-08
2.66962e-08
2.6522e-08
2.62741e-08
2.59617e-08
2.55945e-08
2.51826e-08
2.4737e-08
2.42692e-08
2.37908e-08
2.33138e-08
2.28506e-08
2.24131e-08
2.2014e-08
2.1668e-08
2.13961e-08
2.12382e-08
2.12794e-08
2.17058e-08
2.29048e-08
2.56257e-08
3.11961e-08
4.17506e-08
6.03717e-08
9.09966e-08
1.37955e-07
2.05112e-07
2.94767e-07
4.06655e-07
5.37446e-07
6.81017e-07
8.29473e-07
9.74578e-07
1.10929e-06
1.22874e-06
1.33065e-06
1.41514e-06
1.48422e-06
1.54116e-06
1.5898e-06
1.63403e-06
1.67745e-06
1.72314e-06
1.77357e-06
1.83059e-06
1.89542e-06
1.96871e-06
2.05063e-06
2.14085e-06
2.23863e-06
2.34289e-06
2.45223e-06
2.565e-06
2.67944e-06
2.79367e-06
2.90586e-06
3.01428e-06
3.11739e-06
3.21391e-06
3.30287e-06
3.38368e-06
3.45611e-06
3.52037e-06
3.57702e-06
3.62703e-06
3.67166e-06
3.71258e-06
3.75173e-06
3.79135e-06
3.83415e-06
3.88366e-06
3.94537e-06
4.02903e-06
4.15349e-06
4.35562e-06
4.70519e-06
5.32698e-06
6.42851e-06
8.32695e-06
1.14618e-05
1.63747e-05
2.36404e-05
3.37441e-05
4.69268e-05
6.30436e-05
8.1491e-05
0.000101246
0.00012102
0.000139484
0.000155504
0.00016833
0.000177648
0.000183566
0.000186513
0.000187119
0.000186097
0.000184142
0.000181871
0.000179786
0.000178268
0.000177586
0.000177906
0.000179316
0.000181838
0.000185449
0.000190085
0.000195657
0.000202053
0.000209148
0.000216807
0.000224893
0.000233276
0.000241834
0.000250465
0.00025909
0.000267658
0.000276154
0.000284597
0.00029305
0.000301613
0.000310426
0.000319668
0.000329545
0.000340302
0.000352211
0.000365558
0.000380656
0.000397861
0.000417643
0.000440736
0.000468463
0.000503348
0.000550137
0.000617315
0.000719005
0.000876764
0.00112033
0.00148596
0.00201128
0.0027263
0.00364231
0.00474196
0.00597465
0.00726034
0.00850171
0.00960149
0.0104801
0.0110885
0.0114122
0.0114682
0.0112966
0.0109505
0.0104871
0.00995984
0.0094137
0.00888349
0.00839371
0.00795978
0.00758972
0.00728611
0.00704792
0.00687183
0.00675335
0.00668752
0.00666942
0.00669457
0.00675907
0.00685983
0.00699467
0.00716243
0.00736308
0.00759785
0.0078693
0.00818145
0.00853977
0.0089513
0.00942458
0.00996957
0.0105974
0.0113202
0.0121513
0.0131043
0.0141927
0.0154291
0.0168247
0.0183885
0.0201264
0.0220399
0.0241247
0.0263685
0.0287489
0.0312299
0.0337596
0.0362678
0.0386672
0.0408591
0.0427439
0.0442357
0.0452772
0.0458503
0.0459793
0.0457225
0.0451589
0.0443742
0.0434485
0.0424494
0.0414287
0.040424
0.0394599
0.0385516
0.0377075
0.0369311
0.0362228
0.0355807
0.0350016
0.0344814
0.0340157
0.0335996
0.0332283
0.0328974
0.0326025
0.0323398
0.0321057
0.031897
0.0317109
0.0315448
1.59321e-08
1.71411e-08
1.82999e-08
1.93945e-08
2.04126e-08
2.13445e-08
2.21825e-08
2.2921e-08
2.35567e-08
2.4088e-08
2.45154e-08
2.48406e-08
2.50668e-08
2.51985e-08
2.52409e-08
2.52007e-08
2.50848e-08
2.49014e-08
2.4659e-08
2.43669e-08
2.4035e-08
2.36735e-08
2.32932e-08
2.29051e-08
2.25203e-08
2.21497e-08
2.18045e-08
2.14959e-08
2.12372e-08
2.10477e-08
2.09651e-08
2.1071e-08
2.15458e-08
2.27663e-08
2.54644e-08
3.09406e-08
4.12941e-08
5.95693e-08
8.96787e-08
1.35964e-07
2.02364e-07
2.91331e-07
4.02822e-07
5.33766e-07
6.78274e-07
8.28595e-07
9.76514e-07
1.11483e-06
1.23844e-06
1.3447e-06
1.4334e-06
1.50624e-06
1.56623e-06
1.61701e-06
1.66237e-06
1.70585e-06
1.75051e-06
1.79886e-06
1.85278e-06
1.91355e-06
1.98193e-06
2.05815e-06
2.142e-06
2.23289e-06
2.32987e-06
2.43172e-06
2.537e-06
2.64414e-06
2.75149e-06
2.85742e-06
2.9604e-06
3.05907e-06
3.15231e-06
3.23926e-06
3.31943e-06
3.39265e-06
3.45911e-06
3.51936e-06
3.57428e-06
3.62506e-06
3.67318e-06
3.72038e-06
3.76871e-06
3.82059e-06
3.87931e-06
3.95004e-06
4.04223e-06
4.17438e-06
4.38288e-06
4.73688e-06
5.3602e-06
6.45914e-06
8.34967e-06
1.1471e-05
1.63675e-05
2.3622e-05
3.3736e-05
4.69769e-05
6.32345e-05
8.19435e-05
0.000102113
0.000122472
0.000141686
0.000158591
0.000172381
0.00018268
0.000189529
0.000193299
0.000194577
0.00019405
0.000192404
0.000190259
0.000188134
0.00018643
0.000185439
0.000185353
0.00018628
0.000188263
0.000191296
0.000195332
0.000200298
0.000206097
0.000212619
0.000219745
0.000227355
0.000235334
0.000243577
0.000251998
0.000260529
0.000269133
0.000277802
0.000286563
0.000295478
0.000304646
0.000314199
0.000324305
0.000335153
0.000346966
0.000359984
0.000374461
0.000390673
0.000408936
0.000429678
0.000453591
0.000481957
0.000517258
0.000564198
0.000631222
0.000732426
0.000889397
0.00113205
0.00149713
0.00202323
0.00274205
0.00366731
0.00478461
0.00604641
0.00737499
0.00867388
0.00984473
0.0108045
0.0114992
0.0119085
0.0120439
0.0119406
0.0116489
0.0112242
0.01072
0.0101824
0.00964855
0.00914533
0.00869087
0.00829566
0.00796451
0.00769819
0.00749487
0.00735116
0.00726296
0.00722601
0.00723632
0.0072904
0.0073855
0.00751973
0.0076922
0.00790309
0.0081538
0.00844697
0.0087866
0.00917801
0.00962789
0.0101443
0.0107363
0.0114141
0.0121885
0.0130713
0.014074
0.0152079
0.0164835
0.0179094
0.0194923
0.0212361
0.0231403
0.0251992
0.0274001
0.0297208
0.0321269
0.0345691
0.0369815
0.0392824
0.0413798
0.0431805
0.0446047
0.0455991
0.0461473
0.0462723
0.0460294
0.045493
0.0447437
0.0438571
0.042897
0.0419126
0.0409394
0.0400011
0.0391126
0.0382823
0.0375141
0.0368089
0.0361655
0.0355816
0.0350539
0.0345786
0.0341515
0.0337686
0.0334259
0.0331196
0.0328461
0.0326022
0.0323849
0.0321915
0.0320196
1.45531e-08
1.56808e-08
1.67677e-08
1.78006e-08
1.87681e-08
1.96605e-08
2.04704e-08
2.11919e-08
2.18213e-08
2.23568e-08
2.27981e-08
2.31465e-08
2.34047e-08
2.35765e-08
2.3667e-08
2.3682e-08
2.36284e-08
2.35135e-08
2.33456e-08
2.31334e-08
2.28862e-08
2.26135e-08
2.23253e-08
2.20316e-08
2.17424e-08
2.14678e-08
2.12175e-08
2.10013e-08
2.08312e-08
2.07249e-08
2.07179e-08
2.08886e-08
2.14116e-08
2.26541e-08
2.53311e-08
3.07175e-08
4.08786e-08
5.88235e-08
8.84419e-08
1.3409e-07
1.99782e-07
2.88125e-07
3.99301e-07
5.305e-07
6.76073e-07
8.28425e-07
9.79372e-07
1.12157e-06
1.24966e-06
1.36066e-06
1.45402e-06
1.53109e-06
1.59461e-06
1.64801e-06
1.69495e-06
1.73889e-06
1.78289e-06
1.82947e-06
1.88056e-06
1.93752e-06
2.00118e-06
2.07188e-06
2.14954e-06
2.2337e-06
2.32359e-06
2.41815e-06
2.51615e-06
2.61623e-06
2.71694e-06
2.81687e-06
2.91469e-06
3.00922e-06
3.09948e-06
3.18474e-06
3.26459e-06
3.33889e-06
3.40785e-06
3.47197e-06
3.53205e-06
3.58915e-06
3.64459e-06
3.69992e-06
3.75693e-06
3.81778e-06
3.8855e-06
3.96496e-06
4.06531e-06
4.20471e-06
4.41913e-06
4.77714e-06
5.40174e-06
6.49819e-06
8.38151e-06
1.14911e-05
1.63745e-05
2.36232e-05
3.37561e-05
4.70677e-05
6.3484e-05
8.24791e-05
0.000103097
0.000124086
0.00014411
0.000161974
0.000176821
0.000188209
0.000196111
0.000200836
0.000202923
0.000203027
0.000201819
0.000199919
0.000197859
0.000196059
0.000194835
0.000194402
0.000194894
0.000196377
0.000198864
0.000202328
0.000206713
0.000211941
0.000217918
0.000224542
0.000231712
0.000239327
0.000247301
0.00025556
0.000264052
0.000272748
0.00028165
0.000290787
0.000300222
0.000310049
0.000320391
0.0003314
0.000343248
0.00035613
0.000370254
0.000385842
0.00040313
0.000422393
0.000444019
0.000468659
0.000497557
0.000533159
0.000580133
0.000646894
0.00074753
0.000903683
0.00114548
0.00151019
0.00203746
0.00276074
0.00369627
0.00483277
0.00612591
0.00750051
0.0088612
0.0101087
0.0111568
0.0119466
0.0124519
0.0126781
0.0126555
0.0124307
0.0120571
0.0115876
0.0110692
0.0105409
0.0100319
0.00956316
0.00914762
0.0087925
0.00850063
0.00827189
0.00810425
0.00799468
0.00793977
0.00793618
0.00798093
0.0080717
0.00820693
0.00838598
0.00860924
0.00887818
0.00919547
0.00956492
0.00999157
0.0104816
0.0110423
0.0116819
0.0124093
0.013234
0.0141656
0.015214
0.0163881
0.0176959
0.0191441
0.020737
0.0224764
0.0243603
0.026382
0.0285283
0.0307777
0.0330974
0.0354412
0.0377477
0.0399411
0.0419358
0.0436458
0.0449972
0.0459409
0.0464622
0.046583
0.0463551
0.0458482
0.0451378
0.0442945
0.0433782
0.0424351
0.0414988
0.0405918
0.0397285
0.0389172
0.0381621
0.0374648
0.0368246
0.03624
0.0357083
0.0352266
0.0347914
0.0343993
0.0340469
0.0337308
0.033448
0.0331954
0.0329704
0.0327706
0.0325935
1.31919e-08
1.42355e-08
1.52471e-08
1.62148e-08
1.71279e-08
1.79773e-08
1.87556e-08
1.9457e-08
2.00778e-08
2.06156e-08
2.10698e-08
2.14412e-08
2.1732e-08
2.19455e-08
2.20862e-08
2.21593e-08
2.21712e-08
2.21287e-08
2.20393e-08
2.19112e-08
2.17528e-08
2.15729e-08
2.13805e-08
2.11846e-08
2.09941e-08
2.08176e-08
2.06638e-08
2.05412e-08
2.04602e-08
2.04369e-08
2.05049e-08
2.07395e-08
2.131e-08
2.25743e-08
2.52316e-08
3.05329e-08
4.05119e-08
5.81448e-08
8.73024e-08
1.32358e-07
1.97405e-07
2.85205e-07
3.96169e-07
5.27752e-07
6.74552e-07
8.29137e-07
9.83366e-07
1.12977e-06
1.26272e-06
1.37893e-06
1.47746e-06
1.55933e-06
1.62696e-06
1.68357e-06
1.73267e-06
1.77762e-06
1.82146e-06
1.86673e-06
1.91541e-06
1.96892e-06
2.0282e-06
2.09371e-06
2.16548e-06
2.24323e-06
2.32632e-06
2.41391e-06
2.50496e-06
2.59831e-06
2.69274e-06
2.78703e-06
2.88006e-06
2.97081e-06
3.05845e-06
3.14237e-06
3.22223e-06
3.29793e-06
3.36966e-06
3.43787e-06
3.50328e-06
3.56681e-06
3.6296e-06
3.69298e-06
3.75849e-06
3.82805e-06
3.90439e-06
3.99211e-06
4.10006e-06
4.2461e-06
4.46583e-06
4.82731e-06
5.45285e-06
6.54687e-06
8.42384e-06
1.15238e-05
1.6398e-05
2.36475e-05
3.38093e-05
4.72064e-05
6.3802e-05
8.31118e-05
0.000104216
0.000125886
0.000146785
0.000165692
0.000181698
0.000194296
0.000203389
0.000209221
0.000212276
0.000213173
0.000212561
0.000211058
0.000209201
0.00020743
0.000206082
0.000205397
0.000205535
0.000206585
0.000208585
0.00021153
0.000215383
0.000220087
0.000225566
0.000231737
0.000238517
0.000245823
0.000253584
0.000261741
0.000270254
0.000279105
0.0002883
0.000297872
0.00030788
0.000318412
0.000329578
0.000341514
0.000354369
0.00036831
0.000383513
0.000400163
0.000418456
0.000438629
0.00046103
0.000486271
0.000515562
0.000551318
0.000598181
0.000664549
0.00076452
0.000919819
0.00116083
0.0015254
0.0020543
0.00278281
0.00372981
0.00488729
0.00621429
0.0076384
0.00906561
0.0103959
0.0115404
0.0124349
0.0130475
0.0133774
0.0134496
0.0133064
0.0129985
0.0125779
0.0120921
0.0115813
0.0110772
0.0106031
0.0101746
0.00980152
0.00948887
0.00923845
0.00904986
0.00892136
0.00885058
0.00883499
0.00887228
0.00896062
0.00909881
0.0092865
0.00952421
0.00981345
0.0101568
0.0105577
0.0110208
0.0115516
0.0121564
0.0128424
0.0136171
0.0144882
0.0154637
0.0165512
0.0177574
0.0190883
0.0205482
0.0221394
0.0238619
0.0257125
0.0276836
0.0297619
0.0319267
0.0341473
0.0363808
0.0385704
0.0406462
0.0425296
0.0441416
0.0454146
0.0463038
0.0467962
0.0469124
0.0467007
0.0462259
0.045558
0.0447626
0.0438953
0.0429992
0.0421057
0.0412361
0.040404
0.0396178
0.0388819
0.038198
0.0375665
0.0369861
0.0364551
0.0359712
0.0355316
0.0351337
0.0347744
0.0344512
0.0341612
0.0339018
0.0336707
0.0334656
0.0332843
1.18652e-08
1.28233e-08
1.37577e-08
1.46577e-08
1.55137e-08
1.63173e-08
1.70613e-08
1.77404e-08
1.83505e-08
1.88893e-08
1.93556e-08
1.97499e-08
2.00739e-08
2.03304e-08
2.05231e-08
2.06568e-08
2.07371e-08
2.07702e-08
2.07628e-08
2.07222e-08
2.0656e-08
2.0572e-08
2.04781e-08
2.03822e-08
2.0292e-08
2.02149e-08
2.01581e-08
2.01289e-08
2.01362e-08
2.01947e-08
2.03359e-08
2.06324e-08
2.12487e-08
2.25339e-08
2.51727e-08
3.0394e-08
4.02025e-08
5.75453e-08
8.62782e-08
1.30796e-07
1.95274e-07
2.82634e-07
3.93515e-07
5.25643e-07
6.73869e-07
8.30934e-07
9.88744e-07
1.13973e-06
1.27801e-06
1.39995e-06
1.50425e-06
1.59158e-06
1.66403e-06
1.72459e-06
1.77657e-06
1.82325e-06
1.86763e-06
1.91223e-06
1.9591e-06
2.00974e-06
2.06517e-06
2.12598e-06
2.19235e-06
2.26414e-06
2.34091e-06
2.422e-06
2.50656e-06
2.59366e-06
2.68227e-06
2.77139e-06
2.86008e-06
2.94749e-06
3.03293e-06
3.1159e-06
3.19611e-06
3.2735e-06
3.34824e-06
3.42071e-06
3.49152e-06
3.56145e-06
3.63145e-06
3.70262e-06
3.77628e-06
3.85407e-06
3.93844e-06
4.03374e-06
4.14854e-06
4.3004e-06
4.52463e-06
4.88887e-06
5.51491e-06
6.60659e-06
8.47818e-06
1.15709e-05
1.64407e-05
2.36988e-05
3.39015e-05
4.74015e-05
6.42006e-05
8.38575e-05
0.000105492
0.000127899
0.000149745
0.000169788
0.000187066
0.00020101
0.000211449
0.00021856
0.000222769
0.00022465
0.000224828
0.00022391
0.000222436
0.00022086
0.00021954
0.000218739
0.000218643
0.000219369
0.000220978
0.000223491
0.000226893
0.000231147
0.000236201
0.000241992
0.000248453
0.000255521
0.00026314
0.000271265
0.000279868
0.000288938
0.000298487
0.000308546
0.000319171
0.000330439
0.000342447
0.000355308
0.000369151
0.00038411
0.000400329
0.000417953
0.000437144
0.000458097
0.000481122
0.000506799
0.000536308
0.000572037
0.000618613
0.000684431
0.000783622
0.000938031
0.00117834
0.00154305
0.00207412
0.00280877
0.00376865
0.00494914
0.00631287
0.00779043
0.00928938
0.0107094
0.0119587
0.0129687
0.0137013
0.0141494
0.0143322
0.0142873
0.0140625
0.013708
0.0132711
0.0127933
0.012308
0.0118409
0.0114102
0.0110282
0.0107024
0.0104367
0.0102324
0.0100893
0.0100064
0.00998208
0.0100148
0.0101033
0.0102469
0.0104454
0.0106994
0.0110105
0.0113809
0.0118138
0.0123131
0.0128834
0.0135302
0.014259
0.015076
0.0159872
0.0169985
0.0181156
0.019343
0.0206846
0.0221426
0.0237178
0.0254084
0.0272102
0.0291151
0.0311101
0.0331756
0.035283
0.0373929
0.0394534
0.0414008
0.0431635
0.0446698
0.0458585
0.0466891
0.0471503
0.0472616
0.0470674
0.0466274
0.046006
0.0452633
0.0444507
0.0436078
0.0427637
0.0419383
0.0411445
0.0403903
0.0396803
0.0390167
0.0384001
0.03783
0.0373054
0.0368246
0.0363856
0.0359861
0.0356241
0.0352971
0.0350029
0.0347394
0.0345045
0.0342961
0.0341122
1.05927e-08
1.14655e-08
1.23224e-08
1.3154e-08
1.39517e-08
1.4708e-08
1.54164e-08
1.60716e-08
1.66699e-08
1.72087e-08
1.76867e-08
1.81041e-08
1.84619e-08
1.87624e-08
1.90088e-08
1.92051e-08
1.93561e-08
1.94672e-08
1.95442e-08
1.95936e-08
1.96218e-08
1.96355e-08
1.96416e-08
1.96466e-08
1.96569e-08
1.96788e-08
1.97179e-08
1.97804e-08
1.98738e-08
2.00113e-08
2.02227e-08
2.05779e-08
2.1237e-08
2.25413e-08
2.51623e-08
3.03089e-08
3.99602e-08
5.70386e-08
8.539e-08
1.29436e-07
1.9344e-07
2.80483e-07
3.91442e-07
5.24314e-07
6.74209e-07
8.34051e-07
9.958e-07
1.1518e-06
1.29593e-06
1.42423e-06
1.53502e-06
1.62859e-06
1.70672e-06
1.77212e-06
1.8279e-06
1.87723e-06
1.92304e-06
1.96786e-06
2.01375e-06
2.06232e-06
2.11467e-06
2.17152e-06
2.2332e-06
2.29973e-06
2.37085e-06
2.44609e-06
2.52482e-06
2.60629e-06
2.6897e-06
2.77424e-06
2.85915e-06
2.94374e-06
3.02745e-06
3.10987e-06
3.19078e-06
3.27011e-06
3.348e-06
3.42478e-06
3.50092e-06
3.57705e-06
3.65393e-06
3.73244e-06
3.81365e-06
3.89894e-06
3.9905e-06
4.09243e-06
4.21305e-06
4.3697e-06
4.59741e-06
4.96353e-06
5.58949e-06
6.67889e-06
8.54625e-06
1.16347e-05
1.65055e-05
2.37815e-05
3.40394e-05
4.76626e-05
6.46934e-05
8.47352e-05
0.000106949
0.000130157
0.000153032
0.000174312
0.000192988
0.000208427
0.000220387
0.000228972
0.000234548
0.000237638
0.000238838
0.000238736
0.000237872
0.000236708
0.000235618
0.000234891
0.000234735
0.000235294
0.000236657
0.000238869
0.000241942
0.000245862
0.000250598
0.000256109
0.000262348
0.00026927
0.000276834
0.000285009
0.000293777
0.000303133
0.00031309
0.000323679
0.000334948
0.000346962
0.000359802
0.000373558
0.000388331
0.000404227
0.000421354
0.000439823
0.000459754
0.00048131
0.000504764
0.000530666
0.000560171
0.000595652
0.000641728
0.000706812
0.000805091
0.000958568
0.00119828
0.00156346
0.00209735
0.00283923
0.00381363
0.00501951
0.00642325
0.00795866
0.0095352
0.0110524
0.0124162
0.0135533
0.0144198
0.0150021
0.0153134
0.0153862
0.0152645
0.0149964
0.0146286
0.0142028
0.0137543
0.0133106
0.0128924
0.0125145
0.0121867
0.0119153
0.0117035
0.011553
0.0114638
0.0114357
0.0114681
0.0115603
0.0117121
0.0119236
0.0121955
0.0125292
0.0129265
0.0133902
0.0139234
0.0145297
0.0152133
0.0159783
0.0168294
0.0177708
0.0188065
0.01994
0.0211741
0.0225106
0.0239501
0.0254916
0.0271324
0.0288675
0.0306884
0.0325828
0.0345324
0.0365109
0.0384828
0.040401
0.0422082
0.0438401
0.0452325
0.0463304
0.047098
0.0475257
0.0476317
0.0474564
0.0470542
0.0464834
0.0457988
0.0450469
0.044264
0.0434765
0.0427028
0.041955
0.0412407
0.0405645
0.0399288
0.0393347
0.0387823
0.0382711
0.0377998
0.0373674
0.0369721
0.0366122
0.0362861
0.0359919
0.0357279
0.0354922
0.0352832
0.0350991
9.39741e-09
1.01875e-08
1.09687e-08
1.17332e-08
1.24734e-08
1.31827e-08
1.38554e-08
1.44868e-08
1.50731e-08
1.5612e-08
1.6102e-08
1.65428e-08
1.69351e-08
1.72807e-08
1.7582e-08
1.78422e-08
1.80654e-08
1.82559e-08
1.84187e-08
1.85591e-08
1.86823e-08
1.8794e-08
1.88996e-08
1.90045e-08
1.91138e-08
1.92323e-08
1.93645e-08
1.9515e-08
1.96903e-08
1.99022e-08
2.01789e-08
2.0588e-08
2.12856e-08
2.26062e-08
2.52095e-08
3.02871e-08
3.97964e-08
5.66401e-08
8.46612e-08
1.28315e-07
1.91957e-07
2.78837e-07
3.90069e-07
5.23928e-07
6.75787e-07
8.38761e-07
1.00488e-06
1.16641e-06
1.317e-06
1.45238e-06
1.57048e-06
1.67122e-06
1.75604e-06
1.82735e-06
1.88807e-06
1.9412e-06
1.9896e-06
2.03579e-06
2.08185e-06
2.12943e-06
2.17977e-06
2.2337e-06
2.29169e-06
2.35392e-06
2.42033e-06
2.49063e-06
2.56439e-06
2.64108e-06
2.72008e-06
2.80078e-06
2.88258e-06
2.96494e-06
3.04743e-06
3.12972e-06
3.21161e-06
3.29305e-06
3.37414e-06
3.45512e-06
3.53632e-06
3.61824e-06
3.70142e-06
3.78654e-06
3.87441e-06
3.96618e-06
4.06379e-06
4.17111e-06
4.29624e-06
4.45634e-06
4.68626e-06
5.05316e-06
5.67836e-06
6.76552e-06
8.63e-06
1.17176e-05
1.6596e-05
2.39008e-05
3.42306e-05
4.80011e-05
6.52965e-05
8.57668e-05
0.000108616
0.000132698
0.000156692
0.000179322
0.000199535
0.000216635
0.000230309
0.000240588
0.000247773
0.000252335
0.00025483
0.000255824
0.000255848
0.00025537
0.000254776
0.000254373
0.000254394
0.000255007
0.000256329
0.000258431
0.00026135
0.000265098
0.000269667
0.000275038
0.000281184
0.000288078
0.000295695
0.000304014
0.000313027
0.000322733
0.000333146
0.000344292
0.00035621
0.000368951
0.000382576
0.000397153
0.000412755
0.000429457
0.000447333
0.000466458
0.00048692
0.000508845
0.000532477
0.00055834
0.000587572
0.000622536
0.000667861
0.000731991
0.000829204
0.000981706
0.00122096
0.001587
0.00212449
0.00287487
0.00386573
0.00509975
0.00654726
0.00814556
0.00980624
0.011429
0.0129177
0.0141948
0.0152105
0.0159448
0.0164046
0.0166168
0.0166214
0.0164635
0.0161886
0.0158384
0.015449
0.0150497
0.0146633
0.014307
0.013993
0.0137296
0.0135223
0.0133744
0.0132876
0.013263
0.0133009
0.0134014
0.0135647
0.0137914
0.014082
0.0144378
0.0148603
0.0153514
0.0159135
0.016549
0.0172609
0.0180519
0.0189249
0.0198824
0.0209268
0.0220595
0.0232817
0.0245935
0.0259941
0.0274812
0.0290513
0.0306989
0.0324157
0.0341901
0.0360053
0.0378378
0.0396557
0.0414173
0.0430718
0.0445621
0.0458316
0.0468319
0.047532
0.0479237
0.0480238
0.0478689
0.0475075
0.0469919
0.0463711
0.0456865
0.0449708
0.0442478
0.0435341
0.0428409
0.0421753
0.0415417
0.0409428
0.0403799
0.0398537
0.0393639
0.0389101
0.0384916
0.0381073
0.0377561
0.0374367
0.0371477
0.0368878
0.0366556
0.0364496
0.0362683
8.30691e-09
9.01954e-09
9.72959e-09
1.04306e-08
1.11165e-08
1.17815e-08
1.24206e-08
1.30298e-08
1.36056e-08
1.41458e-08
1.46488e-08
1.5114e-08
1.55418e-08
1.59333e-08
1.62902e-08
1.6615e-08
1.69108e-08
1.71809e-08
1.74292e-08
1.76598e-08
1.78768e-08
1.80845e-08
1.82871e-08
1.84885e-08
1.86927e-08
1.8903e-08
1.91228e-08
1.93555e-08
1.96061e-08
1.98857e-08
2.02207e-08
2.06769e-08
2.14071e-08
2.27396e-08
2.53246e-08
3.03392e-08
3.97236e-08
5.63676e-08
8.41185e-08
1.27473e-07
1.9089e-07
2.77792e-07
3.89534e-07
5.24673e-07
6.78852e-07
8.45384e-07
1.01637e-06
1.18403e-06
1.3418e-06
1.48508e-06
1.61144e-06
1.72043e-06
1.81313e-06
1.89165e-06
1.95866e-06
2.01702e-06
2.06948e-06
2.11851e-06
2.1662e-06
2.21427e-06
2.26402e-06
2.31642e-06
2.37207e-06
2.43132e-06
2.49428e-06
2.56085e-06
2.63079e-06
2.70376e-06
2.77935e-06
2.85711e-06
2.9366e-06
3.01742e-06
3.09923e-06
3.18178e-06
3.26489e-06
3.34851e-06
3.43268e-06
3.51754e-06
3.60332e-06
3.69032e-06
3.77893e-06
3.86958e-06
3.96289e-06
4.05977e-06
4.16194e-06
4.27305e-06
4.40106e-06
4.56296e-06
4.79353e-06
5.15989e-06
5.78348e-06
6.86844e-06
8.73161e-06
1.18224e-05
1.67161e-05
2.40627e-05
3.44841e-05
4.84302e-05
6.60286e-05
8.6978e-05
0.000110528
0.000135564
0.00016078
0.000184884
0.000206787
0.000225731
0.000241333
0.000253552
0.00026262
0.000268951
0.000273059
0.00027548
0.000276732
0.000277278
0.000277513
0.000277757
0.000278265
0.000279228
0.000280787
0.000283039
0.000286047
0.000289847
0.000294456
0.000299875
0.000306098
0.000313114
0.000320913
0.000329486
0.000338829
0.000348946
0.000359849
0.000371558
0.0003841
0.000397511
0.000411831
0.000427105
0.000443378
0.000460695
0.000479098
0.00049863
0.000519346
0.000541343
0.000564841
0.000590343
0.000618975
0.000653104
0.000697379
0.0007603
0.00085627
0.00100775
0.00124671
0.0016141
0.0021561
0.00291651
0.0039261
0.00519148
0.00668713
0.00835403
0.0101062
0.0118438
0.013469
0.0149003
0.0160819
0.0169878
0.0176181
0.0179942
0.0181511
0.0181308
0.0179768
0.0177301
0.0174272
0.0170985
0.0167685
0.0164565
0.0161768
0.0159399
0.0157533
0.0156221
0.0155498
0.0155385
0.0155897
0.0157043
0.0158832
0.0161269
0.0164362
0.0168121
0.0172556
0.017768
0.0183506
0.0190049
0.0197325
0.0205346
0.0214128
0.0223678
0.0234004
0.0245107
0.0256981
0.0269615
0.0282989
0.0297074
0.0311827
0.0327193
0.0343094
0.0359422
0.0376028
0.0392705
0.0409174
0.042507
0.0439951
0.0453322
0.0464693
0.0473649
0.0479923
0.0483454
0.0484392
0.0483062
0.0479889
0.0475333
0.0469821
0.0463719
0.0457312
0.0450811
0.0444364
0.0438071
0.0431998
0.0426187
0.0420665
0.0415448
0.0410544
0.0405956
0.0401684
0.0397726
0.0394076
0.0390727
0.038767
0.0384898
0.0382399
0.0380164
0.0378181
0.0376436
7.3538e-09
7.99738e-09
8.64402e-09
9.28865e-09
9.92632e-09
1.05524e-08
1.11626e-08
1.17536e-08
1.23223e-08
1.28665e-08
1.33847e-08
1.38761e-08
1.43406e-08
1.47786e-08
1.51914e-08
1.55805e-08
1.59479e-08
1.6296e-08
1.66276e-08
1.69454e-08
1.72523e-08
1.75514e-08
1.78455e-08
1.81373e-08
1.84293e-08
1.87237e-08
1.90227e-08
1.93285e-08
1.96453e-08
1.99829e-08
2.03669e-08
2.08612e-08
2.16159e-08
2.29546e-08
2.55197e-08
3.04776e-08
3.97567e-08
5.62413e-08
8.37926e-08
1.26961e-07
1.90314e-07
2.77459e-07
3.89997e-07
5.26772e-07
6.83698e-07
8.54294e-07
1.03075e-06
1.20523e-06
1.37099e-06
1.52312e-06
1.65884e-06
1.77732e-06
1.87928e-06
1.96651e-06
2.04145e-06
2.10676e-06
2.16506e-06
2.21875e-06
2.26994e-06
2.32035e-06
2.37137e-06
2.42405e-06
2.47915e-06
2.53714e-06
2.5983e-06
2.66271e-06
2.73032e-06
2.80095e-06
2.87436e-06
2.95028e-06
3.0284e-06
3.10844e-06
3.19015e-06
3.27331e-06
3.35779e-06
3.4435e-06
3.53043e-06
3.61862e-06
3.70818e-06
3.79925e-06
3.89204e-06
3.98681e-06
4.08393e-06
4.18414e-06
4.28898e-06
4.40191e-06
4.53077e-06
4.69248e-06
4.92182e-06
5.28607e-06
5.90702e-06
6.98984e-06
8.85356e-06
1.19523e-05
1.68705e-05
2.4274e-05
3.48103e-05
4.89652e-05
6.69118e-05
8.8399e-05
0.000112724
0.000138808
0.000165358
0.000191076
0.000214835
0.000235823
0.000253588
0.000268017
0.000279272
0.000287709
0.000293792
0.000298024
0.000300902
0.000302879
0.000304351
0.000305647
0.000307036
0.000308729
0.000310888
0.000313633
0.000317051
0.000321201
0.000326122
0.000331835
0.000338353
0.000345682
0.000353822
0.000362775
0.000372541
0.000383126
0.000394538
0.000406789
0.000419894
0.000433873
0.000448746
0.000464534
0.000481257
0.00049893
0.000517568
0.000537185
0.000557808
0.000579511
0.000602492
0.000627243
0.000654889
0.000687807
0.000730684
0.000792102
0.000886629
0.00103705
0.00127592
0.00164523
0.00219284
0.00296507
0.00399609
0.0052966
0.00684544
0.00858754
0.0104396
0.0123025
0.0140769
0.0156777
0.0170438
0.0181425
0.0189676
0.0195344
0.0198729
0.0200211
0.02002
0.0199092
0.019725
0.0194983
0.0192549
0.0190154
0.0187961
0.0186095
0.0184647
0.0183687
0.0183263
0.0183412
0.0184157
0.0185517
0.0187504
0.0190128
0.0193397
0.0197318
0.0201896
0.0207137
0.0213046
0.0219629
0.0226888
0.0234826
0.024344
0.025273
0.0262686
0.0273299
0.0284551
0.0296422
0.0308885
0.0321905
0.033544
0.0349434
0.0363817
0.0378494
0.0393334
0.040816
0.0422734
0.0436744
0.0449816
0.0461532
0.0471479
0.0479309
0.0484806
0.0487921
0.0488791
0.0487695
0.0484998
0.0481091
0.0476339
0.0471053
0.0465479
0.0459797
0.0454136
0.0448583
0.0443198
0.0438019
0.0433073
0.0428376
0.0423939
0.0419768
0.0415867
0.0412237
0.0408875
0.0405779
0.0402945
0.0400368
0.0398041
0.0395956
0.0394105
0.0392478
6.57719e-09
7.16406e-09
7.75892e-09
8.35797e-09
8.95732e-09
9.5533e-09
1.01425e-08
1.0722e-08
1.12893e-08
1.18422e-08
1.23792e-08
1.28994e-08
1.34021e-08
1.38874e-08
1.43555e-08
1.48073e-08
1.52438e-08
1.56662e-08
1.60762e-08
1.64753e-08
1.68652e-08
1.72477e-08
1.76243e-08
1.79965e-08
1.83656e-08
1.87327e-08
1.90988e-08
1.94654e-08
1.98357e-08
2.02187e-08
2.06391e-08
2.11597e-08
2.19285e-08
2.32657e-08
2.58085e-08
3.07162e-08
3.99122e-08
5.62842e-08
8.3719e-08
1.26832e-07
1.90315e-07
2.77968e-07
3.91646e-07
5.30482e-07
6.90666e-07
8.65926e-07
1.04855e-06
1.23066e-06
1.40534e-06
1.56741e-06
1.71373e-06
1.84309e-06
1.95588e-06
2.05357e-06
2.13832e-06
2.21259e-06
2.27886e-06
2.33945e-06
2.3964e-06
2.45146e-06
2.50606e-06
2.56133e-06
2.61812e-06
2.67705e-06
2.73852e-06
2.80277e-06
2.86991e-06
2.9399e-06
3.01268e-06
3.08808e-06
3.16594e-06
3.24606e-06
3.32826e-06
3.41238e-06
3.49827e-06
3.58582e-06
3.67496e-06
3.76565e-06
3.85786e-06
3.95162e-06
4.04696e-06
4.14397e-06
4.24287e-06
4.3442e-06
4.44936e-06
4.56171e-06
4.68899e-06
4.84812e-06
5.07401e-06
5.43426e-06
6.0514e-06
7.13213e-06
8.99859e-06
1.21109e-05
1.70643e-05
2.45428e-05
3.52214e-05
4.96242e-05
6.79718e-05
9.00652e-05
0.000115251
0.000142487
0.000170501
0.000197984
0.000223784
0.000247033
0.000267215
0.000284146
0.000297922
0.000308835
0.000317298
0.000323776
0.000328737
0.00033262
0.000335812
0.000338647
0.000341399
0.000344294
0.000347509
0.000351182
0.000355421
0.000360302
0.000365884
0.000372207
0.000379298
0.000387176
0.000395852
0.000405333
0.000415625
0.000426732
0.000438656
0.000451402
0.000464973
0.000479371
0.000494599
0.000510655
0.000527537
0.000545235
0.00056374
0.000583042
0.000603147
0.000624111
0.000646121
0.000669662
0.000695866
0.000727135
0.000768211
0.000827789
0.000920648
0.00106997
0.001309
0.00168092
0.00223547
0.00302167
0.00407729
0.00541737
0.00702532
0.00885018
0.0108116
0.0128114
0.0147492
0.0165364
0.0181068
0.0194215
0.0204677
0.0212544
0.0218063
0.0221571
0.0223446
0.0224065
0.0223779
0.0222897
0.0221681
0.022035
0.0219077
0.0218002
0.0217233
0.0216852
0.0216923
0.0217492
0.0218593
0.0220253
0.0222488
0.0225311
0.022873
0.0232751
0.0237375
0.0242604
0.0248435
0.0254864
0.0261886
0.0269493
0.0277673
0.0286415
0.0295702
0.0305513
0.0315827
0.0326618
0.0337854
0.03495
0.0361516
0.0373852
0.0386445
0.0399215
0.0412052
0.0424811
0.0437292
0.0449241
0.046035
0.0470279
0.0478695
0.0485319
0.0489981
0.0492651
0.0493447
0.0492601
0.0490415
0.0487209
0.0483282
0.0478891
0.0474235
0.0469466
0.0464691
0.0459984
0.0455397
0.0450965
0.0446711
0.0442653
0.0438802
0.0435166
0.043175
0.0428559
0.0425593
0.0422853
0.0420338
0.0418044
0.041597
0.041411
0.0412457
0.0411005
6.02431e-09
6.57151e-09
7.13091e-09
7.69974e-09
8.27505e-09
8.85397e-09
9.43378e-09
1.0012e-08
1.05863e-08
1.11549e-08
1.17161e-08
1.22687e-08
1.28116e-08
1.33442e-08
1.38663e-08
1.43776e-08
1.48783e-08
1.53686e-08
1.58491e-08
1.63201e-08
1.67821e-08
1.72358e-08
1.76816e-08
1.81198e-08
1.85508e-08
1.89747e-08
1.93916e-08
1.98024e-08
2.02095e-08
2.06214e-08
2.10622e-08
2.15941e-08
2.23638e-08
2.36897e-08
2.62063e-08
3.1071e-08
4.02093e-08
5.65233e-08
8.3939e-08
1.27153e-07
1.90996e-07
2.79473e-07
3.94702e-07
5.36108e-07
7.00159e-07
8.80791e-07
1.0704e-06
1.26107e-06
1.44573e-06
1.61894e-06
1.77724e-06
1.91906e-06
2.04443e-06
2.15452e-06
2.25122e-06
2.33676e-06
2.41347e-06
2.48353e-06
2.54894e-06
2.61141e-06
2.67239e-06
2.73305e-06
2.79431e-06
2.85688e-06
2.92127e-06
2.98783e-06
3.05679e-06
3.12826e-06
3.20226e-06
3.27876e-06
3.35766e-06
3.43886e-06
3.52222e-06
3.60759e-06
3.69484e-06
3.78382e-06
3.8744e-06
3.96646e-06
4.05987e-06
4.15454e-06
4.25038e-06
4.34733e-06
4.44548e-06
4.54525e-06
4.64794e-06
4.75682e-06
4.87963e-06
5.03338e-06
5.25322e-06
5.60728e-06
6.21926e-06
7.298e-06
9.1698e-06
1.23023e-05
1.73036e-05
2.48783e-05
3.57317e-05
5.04285e-05
6.92391e-05
9.20183e-05
0.000118163
0.000146672
0.000176291
0.00020571
0.000233749
0.000259493
0.000282363
0.00030211
0.000318762
0.00033255
0.000343833
0.000353033
0.000360587
0.00036691
0.000372377
0.000377313
0.000381996
0.000386655
0.000391476
0.00039661
0.000402174
0.000408261
0.00041494
0.000422266
0.000430275
0.000438996
0.000448447
0.000458638
0.000469576
0.000481262
0.000493693
0.000506865
0.000520769
0.000535393
0.000550723
0.00056674
0.000583421
0.000600739
0.000618666
0.000637175
0.000656257
0.00067596
0.000696465
0.000718261
0.000742497
0.000771614
0.000810431
0.000867787
0.00095873
0.00110692
0.00134644
0.00172182
0.00228487
0.00308759
0.0041716
0.00555649
0.00723046
0.00914688
0.0112285
0.0133784
0.0154952
0.0174873
0.0192835
0.0208387
0.0221339
0.0231717
0.0239711
0.0245611
0.0249758
0.0252503
0.025418
0.0255089
0.0255491
0.0255606
0.0255616
0.0255668
0.0255881
0.0256348
0.0257141
0.0258317
0.0259918
0.0261974
0.0264509
0.0267538
0.027107
0.0275109
0.0279657
0.028471
0.0290261
0.0296303
0.0302823
0.0309808
0.0317242
0.0325106
0.0333381
0.0342042
0.0351066
0.0360424
0.0370088
0.0380026
0.0390201
0.040057
0.0411084
0.0421676
0.0432261
0.0442722
0.0452902
0.0462604
0.0471587
0.0479592
0.0486363
0.0491695
0.0495464
0.0497656
0.0498371
0.0497792
0.0496153
0.0493701
0.0490667
0.0487248
0.04836
0.047984
0.0476054
0.0472303
0.0468629
0.0465061
0.0461622
0.0458326
0.0455185
0.0452207
0.04494
0.0446767
0.0444313
0.0442039
0.0439947
0.0438036
0.0436305
0.0434751
0.043337
0.0432158
5.75283e-09
6.28293e-09
6.8287e-09
7.38808e-09
7.9588e-09
8.5385e-09
9.12491e-09
9.71581e-09
1.03091e-08
1.09029e-08
1.14953e-08
1.20849e-08
1.26701e-08
1.32498e-08
1.38229e-08
1.43885e-08
1.49458e-08
1.54942e-08
1.60332e-08
1.65622e-08
1.70807e-08
1.75884e-08
1.80848e-08
1.85694e-08
1.90417e-08
1.95012e-08
1.99475e-08
2.03807e-08
2.08032e-08
2.12232e-08
2.16644e-08
2.21889e-08
2.29431e-08
2.42454e-08
2.67307e-08
3.15601e-08
4.06702e-08
5.699e-08
8.45015e-08
1.28001e-07
1.92478e-07
2.82156e-07
3.99427e-07
5.44009e-07
7.12647e-07
8.99485e-07
1.09702e-06
1.29731e-06
1.49315e-06
1.67885e-06
1.85063e-06
2.00661e-06
2.14647e-06
2.27109e-06
2.38207e-06
2.48143e-06
2.5713e-06
2.65375e-06
2.73068e-06
2.80374e-06
2.87435e-06
2.94369e-06
3.0127e-06
3.08213e-06
3.15257e-06
3.22442e-06
3.29799e-06
3.37347e-06
3.45096e-06
3.53048e-06
3.61201e-06
3.69547e-06
3.78076e-06
3.86773e-06
3.95624e-06
4.0461e-06
4.13715e-06
4.22919e-06
4.32203e-06
4.41547e-06
4.50933e-06
4.60347e-06
4.69789e-06
4.79295e-06
4.88986e-06
4.99192e-06
5.10692e-06
5.25203e-06
5.4628e-06
5.8082e-06
6.41345e-06
7.49039e-06
9.37067e-06
1.25313e-05
1.75955e-05
2.52915e-05
3.63578e-05
5.1403e-05
7.07495e-05
9.43075e-05
0.000121526
0.000151444
0.000182828
0.000214369
0.000244861
0.000273347
0.000299191
0.00032208
0.000341979
0.000359057
0.000373621
0.000386048
0.000396739
0.000406081
0.000414428
0.000422094
0.000429347
0.000436412
0.000443476
0.000450691
0.000458179
0.000466037
0.00047434
0.000483145
0.000492496
0.000502423
0.000512945
0.000524072
0.000535808
0.00054815
0.000561088
0.000574609
0.000588692
0.000603316
0.000618451
0.000634067
0.000650128
0.000666594
0.000683426
0.000700589
0.000718068
0.000735909
0.000754298
0.000773739
0.000795409
0.000821804
0.000857843
0.00091255
0.00100131
0.00114835
0.00138875
0.00176861
0.00234206
0.00316436
0.00428126
0.00571717
0.00746529
0.00948348
0.0116977
0.0140126
0.0163257
0.0185427
0.0205876
0.0224095
0.0239828
0.0253041
0.0263862
0.0272533
0.0279354
0.0284642
0.0288708
0.0291838
0.0294281
0.0296254
0.0297939
0.0299484
0.0301012
0.0302621
0.0304389
0.0306377
0.0308633
0.0311193
0.0314083
0.031732
0.0320916
0.0324877
0.0329203
0.0333892
0.0338936
0.0344325
0.0350048
0.0356089
0.0362433
0.0369062
0.0375955
0.0383091
0.0390449
0.0398004
0.0405734
0.0413611
0.0421607
0.0429691
0.0437824
0.0445957
0.0454029
0.0461952
0.0469615
0.0476875
0.0483563
0.0489498
0.0494506
0.0498455
0.0501268
0.050295
0.0503576
0.0503279
0.0502224
0.0500581
0.0498507
0.049614
0.0493587
0.0490933
0.048824
0.0485554
0.0482907
0.0480323
0.0477819
0.0475409
0.0473103
0.0470909
0.0468834
0.0466883
0.0465059
0.0463365
0.0461804
0.0460376
0.0459082
0.045792
0.0456889
0.0455984
5.83352e-09
6.37569e-09
6.93614e-09
7.51314e-09
8.10466e-09
8.70851e-09
9.32249e-09
9.94438e-09
1.0572e-08
1.12031e-08
1.18357e-08
1.24677e-08
1.30973e-08
1.37225e-08
1.43419e-08
1.49537e-08
1.55565e-08
1.61488e-08
1.67294e-08
1.72971e-08
1.78507e-08
1.83891e-08
1.89112e-08
1.94162e-08
1.9903e-08
2.03708e-08
2.08189e-08
2.12474e-08
2.16585e-08
2.20604e-08
2.24773e-08
2.29714e-08
2.36902e-08
2.49536e-08
2.74012e-08
3.22041e-08
4.13202e-08
5.7721e-08
8.5464e-08
1.29469e-07
1.94904e-07
2.86233e-07
4.06131e-07
5.54612e-07
7.28689e-07
9.22707e-07
1.12925e-06
1.34037e-06
1.5487e-06
1.74834e-06
1.93523e-06
2.10716e-06
2.26352e-06
2.40487e-06
2.53258e-06
2.64844e-06
2.7544e-06
2.85237e-06
2.94414e-06
3.03127e-06
3.11513e-06
3.19684e-06
3.27733e-06
3.35734e-06
3.43745e-06
3.51808e-06
3.59955e-06
3.68207e-06
3.76575e-06
3.85064e-06
3.93671e-06
4.02391e-06
4.1121e-06
4.20115e-06
4.29087e-06
4.38106e-06
4.4715e-06
4.56196e-06
4.65219e-06
4.74196e-06
4.83102e-06
4.91921e-06
5.00648e-06
5.09319e-06
5.18057e-06
5.27197e-06
5.37532e-06
5.50809e-06
5.70638e-06
6.04028e-06
6.6371e-06
7.71255e-06
9.60509e-06
1.28031e-05
1.79481e-05
2.57951e-05
3.71197e-05
5.25774e-05
7.25453e-05
9.69907e-05
0.000125415
0.000156896
0.000190225
0.000224089
0.000257263
0.000288749
0.000317858
0.000344219
0.000367735
0.00038852
0.000406827
0.00042299
0.000437371
0.000450326
0.000462185
0.000473241
0.000483747
0.000493916
0.000503924
0.000513915
0.000524005
0.000534284
0.000544824
0.000555676
0.000566877
0.000578453
0.000590416
0.000602771
0.000615512
0.000628629
0.000642103
0.000655912
0.000670027
0.000684415
0.00069904
0.000713863
0.000728842
0.000743934
0.000759096
0.000774295
0.000789521
0.000804828
0.000820418
0.000836821
0.000855254
0.000878288
0.00091097
0.000962556
0.00104884
0.00119476
0.00143655
0.00182211
0.00240825
0.00325378
0.00440895
0.00590326
0.00773513
0.00986701
0.0122282
0.0147246
0.0172533
0.0197168
0.0220347
0.0241502
0.0260315
0.0276685
0.0290685
0.0302502
0.031239
0.0320632
0.0327508
0.0333282
0.0338187
0.0342428
0.0346179
0.0349583
0.0352762
0.0355812
0.035881
0.0361821
0.0364893
0.0368064
0.0371362
0.0374808
0.0378417
0.0382196
0.0386149
0.0390277
0.0394577
0.0399041
0.0403663
0.0408432
0.0413337
0.0418365
0.0423503
0.0428736
0.0434051
0.0439431
0.0444861
0.0450325
0.0455804
0.046128
0.0466728
0.0472118
0.0477411
0.0482553
0.0487476
0.0492094
0.0496309
0.0500023
0.0503146
0.0505616
0.0507409
0.0508543
0.0509071
0.0509074
0.0508639
0.0507857
0.0506811
0.0505573
0.0504203
0.0502749
0.0501248
0.0499731
0.049822
0.0496732
0.049528
0.0493874
0.0492523
0.0491232
0.0490007
0.0488852
0.0487771
0.0486767
0.048584
0.0484994
0.0484227
0.0483541
0.0482934
0.0482404
6.35366e-09
6.94475e-09
7.55572e-09
8.1846e-09
8.82902e-09
9.48648e-09
1.01544e-08
1.083e-08
1.15108e-08
1.2194e-08
1.28771e-08
1.35574e-08
1.42326e-08
1.49003e-08
1.55582e-08
1.62044e-08
1.68368e-08
1.74536e-08
1.8053e-08
1.86336e-08
1.91939e-08
1.97325e-08
2.02484e-08
2.07404e-08
2.12076e-08
2.16493e-08
2.20649e-08
2.24547e-08
2.28214e-08
2.31735e-08
2.35359e-08
2.3972e-08
2.46311e-08
2.58377e-08
2.82397e-08
3.30262e-08
4.2189e-08
5.87601e-08
8.68963e-08
1.31667e-07
1.9845e-07
2.91967e-07
4.15188e-07
5.68424e-07
7.48945e-07
9.51273e-07
1.16807e-06
1.39135e-06
1.61362e-06
1.82875e-06
2.03241e-06
2.22211e-06
2.39695e-06
2.55723e-06
2.70409e-06
2.83912e-06
2.96407e-06
3.08073e-06
3.19074e-06
3.29557e-06
3.39648e-06
3.49453e-06
3.59055e-06
3.68522e-06
3.77906e-06
3.87244e-06
3.9656e-06
4.0587e-06
4.15181e-06
4.2449e-06
4.33792e-06
4.43074e-06
4.5232e-06
4.6151e-06
4.70621e-06
4.79631e-06
4.88513e-06
4.97241e-06
5.05791e-06
5.14137e-06
5.22256e-06
5.30133e-06
5.37768e-06
5.45201e-06
5.52566e-06
5.60211e-06
5.68951e-06
5.80576e-06
5.98774e-06
6.30698e-06
6.89354e-06
7.96802e-06
9.87742e-06
1.31241e-05
1.83711e-05
2.64043e-05
3.80407e-05
5.39869e-05
7.4677e-05
0.000100137
0.000129919
0.00016314
0.000198611
0.000235017
0.000271112
0.000305861
0.000338523
0.000368673
0.000396157
0.000421038
0.000443522
0.000463897
0.000482491
0.000499628
0.000515611
0.000530709
0.000545154
0.000559138
0.00057282
0.000586325
0.000599752
0.000613173
0.000626642
0.000640193
0.000653846
0.00066761
0.000681481
0.000695446
0.000709486
0.000723576
0.000737685
0.000751778
0.000765817
0.000779765
0.000793579
0.000807219
0.000820644
0.000833815
0.000846699
0.000859273
0.000871544
0.000883586
0.000895629
0.000908242
0.000922701
0.000941669
0.000970358
0.00101831
0.00110181
0.00124667
0.00149048
0.00188327
0.00248484
0.003358
0.00455789
0.0061194
0.00804635
0.0103059
0.0128305
0.0155274
0.0182928
0.021026
0.0236422
0.0260785
0.0282968
0.0302807
0.0320314
0.0335621
0.0348936
0.0360501
0.0370563
0.0379357
0.0387098
0.0393972
0.0400138
0.040573
0.041086
0.0415619
0.0420081
0.0424305
0.0428338
0.043222
0.0435978
0.0439636
0.0443212
0.0446717
0.0450162
0.0453553
0.0456892
0.0460184
0.0463427
0.0466622
0.0469767
0.0472859
0.0475897
0.0478878
0.0481798
0.0484654
0.0487443
0.0490159
0.0492799
0.0495358
0.0497826
0.0500193
0.0502445
0.0504562
0.050652
0.0508292
0.0509855
0.0511192
0.0512301
0.0513194
0.0513899
0.0514447
0.0514868
0.0515183
0.0515404
0.0515536
0.0515582
0.0515548
0.0515441
0.0515274
0.0515057
0.0514805
0.0514528
0.0514236
0.0513937
0.0513638
0.0513344
0.0513059
0.0512786
0.0512528
0.0512287
0.0512065
0.0511862
0.051168
0.051152
0.051138
0.0511262
0.0511165
0.0310401
0.0309627
0.0308901
0.0308219
0.030758
0.0306982
0.0306423
0.0305902
0.0305417
0.0304968
0.0304554
0.0304173
0.0303826
0.0303511
0.0303227
0.0302974
0.0302751
0.0302556
0.0302389
0.0302249
0.0302133
0.0302042
0.0301973
0.0301924
0.0301895
0.0301883
0.0301885
0.0301901
0.0301928
0.0301963
0.0302005
0.0302052
0.0302101
0.030215
0.0302198
0.0302242
0.0302281
0.0302314
0.0302338
0.0302353
0.0314277
0.0313482
0.0312739
0.0312046
0.03114
0.03108
0.0310243
0.0309728
0.0309253
0.0308818
0.0308422
0.0308062
0.0307739
0.0307451
0.0307196
0.0306975
0.0306785
0.0306626
0.0306497
0.0306395
0.0306319
0.0306268
0.0306239
0.0306232
0.0306244
0.0306272
0.0306315
0.030637
0.0306436
0.0306508
0.0306586
0.0306667
0.0306748
0.0306826
0.0306901
0.0306968
0.0307027
0.0307075
0.0307111
0.0307131
0.031899
0.0318174
0.0317416
0.0316712
0.031606
0.0315458
0.0314904
0.0314396
0.0313932
0.0313512
0.0313133
0.0312795
0.0312496
0.0312235
0.0312011
0.0311822
0.0311667
0.0311544
0.0311452
0.0311388
0.0311352
0.0311342
0.0311355
0.0311388
0.0311441
0.0311511
0.0311594
0.0311689
0.0311792
0.0311902
0.0312016
0.031213
0.0312242
0.0312349
0.031245
0.031254
0.0312618
0.0312682
0.0312728
0.0312753
0.0324697
0.0323863
0.0323092
0.0322379
0.0321723
0.032112
0.032057
0.032007
0.0319618
0.0319213
0.0318853
0.0318537
0.0318264
0.031803
0.0317836
0.0317679
0.0317559
0.0317472
0.0317417
0.0317392
0.0317396
0.0317425
0.0317479
0.0317553
0.0317646
0.0317756
0.0317878
0.0318012
0.0318153
0.0318298
0.0318446
0.0318592
0.0318735
0.031887
0.0318995
0.0319107
0.0319203
0.0319281
0.0319337
0.0319366
0.0331581
0.0330734
0.0329952
0.0329234
0.0328576
0.0327976
0.0327432
0.0326941
0.0326503
0.0326114
0.0325774
0.0325481
0.0325233
0.0325027
0.0324863
0.0324738
0.0324651
0.03246
0.0324581
0.0324594
0.0324636
0.0324704
0.0324796
0.032491
0.0325041
0.0325189
0.0325349
0.0325518
0.0325694
0.0325874
0.0326053
0.032623
0.03264
0.032656
0.0326708
0.032684
0.0326953
0.0327043
0.0327108
0.0327142
0.0339847
0.0338992
0.0338207
0.0337488
0.0336833
0.033624
0.0335705
0.0335227
0.0334804
0.0334433
0.0334114
0.0333844
0.0333621
0.0333443
0.0333309
0.0333215
0.0333161
0.0333143
0.0333159
0.0333207
0.0333284
0.0333389
0.0333517
0.0333665
0.0333832
0.0334014
0.0334208
0.033441
0.0334618
0.0334827
0.0335035
0.0335238
0.0335433
0.0335616
0.0335783
0.0335932
0.0336059
0.033616
0.0336232
0.0336269
0.0349717
0.0348865
0.0348086
0.0347374
0.0346729
0.0346147
0.0345626
0.0345165
0.034476
0.034441
0.0344114
0.0343868
0.034367
0.034352
0.0343414
0.0343349
0.0343325
0.0343338
0.0343386
0.0343466
0.0343575
0.0343711
0.034387
0.034405
0.0344247
0.0344458
0.034468
0.034491
0.0345144
0.0345378
0.0345609
0.0345833
0.0346048
0.0346248
0.0346432
0.0346594
0.0346732
0.0346841
0.0346918
0.0346959
0.0361431
0.0360596
0.0359834
0.035914
0.0358514
0.0357952
0.0357452
0.0357012
0.035663
0.0356304
0.0356031
0.0355811
0.0355639
0.0355515
0.0355435
0.0355398
0.0355401
0.0355441
0.0355516
0.0355622
0.0355757
0.0355919
0.0356103
0.0356307
0.0356528
0.0356761
0.0357005
0.0357254
0.0357507
0.0357759
0.0358006
0.0358246
0.0358473
0.0358686
0.035888
0.0359051
0.0359195
0.035931
0.035939
0.0359432
0.0375233
0.0374432
0.0373703
0.0373041
0.0372445
0.0371913
0.0371443
0.0371032
0.0370678
0.0370379
0.0370134
0.036994
0.0369794
0.0369695
0.036964
0.0369627
0.0369652
0.0369714
0.036981
0.0369936
0.037009
0.037027
0.0370471
0.037069
0.0370925
0.0371172
0.0371427
0.0371688
0.037195
0.037221
0.0372465
0.0372711
0.0372945
0.0373162
0.0373359
0.0373533
0.037368
0.0373795
0.0373876
0.0373918
0.0391357
0.0390612
0.0389935
0.0389322
0.0388772
0.0388283
0.0387853
0.0387479
0.0387161
0.0386895
0.038668
0.0386514
0.0386394
0.0386319
0.0386286
0.0386292
0.0386335
0.0386412
0.0386522
0.038666
0.0386824
0.0387011
0.0387218
0.0387443
0.0387681
0.0387929
0.0388185
0.0388446
0.0388706
0.0388964
0.0389216
0.0389459
0.0389688
0.0389901
0.0390094
0.0390264
0.0390407
0.0390519
0.0390598
0.0390638
0.0410006
0.0409343
0.0408741
0.0408198
0.0407712
0.0407281
0.0406904
0.0406579
0.0406304
0.0406078
0.0405897
0.0405761
0.0405668
0.0405615
0.04056
0.0405621
0.0405675
0.0405761
0.0405875
0.0406015
0.0406178
0.0406362
0.0406564
0.040678
0.0407009
0.0407246
0.040749
0.0407736
0.0407982
0.0408225
0.0408462
0.0408689
0.0408904
0.0409102
0.0409282
0.040944
0.0409573
0.0409677
0.0409749
0.0409786
0.0431325
0.0430772
0.0430272
0.0429822
0.0429421
0.0429066
0.0428758
0.0428493
0.0428272
0.0428091
0.042795
0.0427848
0.0427781
0.0427749
0.0427749
0.0427779
0.0427839
0.0427924
0.0428033
0.0428165
0.0428316
0.0428483
0.0428666
0.0428861
0.0429065
0.0429277
0.0429493
0.0429712
0.0429929
0.0430143
0.0430351
0.043055
0.0430738
0.0430912
0.0431069
0.0431206
0.0431322
0.0431412
0.0431474
0.0431507
0.0455364
0.0454954
0.0454584
0.0454251
0.0453956
0.0453697
0.0453473
0.0453283
0.0453125
0.0452999
0.0452904
0.0452837
0.0452798
0.0452786
0.0452798
0.0452833
0.045289
0.0452967
0.0453063
0.0453174
0.0453301
0.045344
0.045359
0.0453749
0.0453915
0.0454086
0.045426
0.0454435
0.0454609
0.045478
0.0454945
0.0455104
0.0455253
0.045539
0.0455514
0.0455623
0.0455714
0.0455785
0.0455834
0.0455859
0.0482043
0.0481805
0.0481592
0.0481403
0.0481236
0.0481091
0.0480968
0.0480866
0.0480783
0.048072
0.0480676
0.048065
0.048064
0.0480647
0.0480669
0.0480704
0.0480754
0.0480815
0.0480887
0.0480969
0.048106
0.0481158
0.0481263
0.0481373
0.0481487
0.0481603
0.0481721
0.0481839
0.0481956
0.048207
0.048218
0.0482286
0.0482385
0.0482476
0.0482558
0.0482629
0.0482689
0.0482736
0.0482768
0.0482784
0.0511104
0.0511066
0.0511035
0.051101
0.0510991
0.0510978
0.0510971
0.0510969
0.0510972
0.0510981
0.0510994
0.0511012
0.0511035
0.0511061
0.0511092
0.0511126
0.0511163
0.0511203
0.0511246
0.0511291
0.0511338
0.0511387
0.0511436
0.0511487
0.0511537
0.0511588
0.0511639
0.0511689
0.0511737
0.0511784
0.0511829
0.0511871
0.051191
0.0511947
0.0511979
0.0512007
0.051203
0.0512049
0.0512061
0.0512068
9.09338e-12
3.09127e-11
5.68585e-11
8.72978e-11
1.22599e-10
1.63137e-10
2.09292e-10
2.61445e-10
3.19983e-10
3.8529e-10
4.57751e-10
5.37748e-10
6.25656e-10
7.21847e-10
8.26682e-10
9.4051e-10
1.06367e-09
1.19648e-09
1.33926e-09
1.49227e-09
1.65579e-09
1.83004e-09
2.01524e-09
2.21158e-09
2.41919e-09
2.63818e-09
2.86865e-09
3.11062e-09
3.36411e-09
3.62907e-09
3.90543e-09
4.19306e-09
4.49181e-09
4.80149e-09
5.12186e-09
5.45262e-09
5.79349e-09
6.14413e-09
6.50426e-09
6.87363e-09
1.04152e-11
3.5422e-11
6.5206e-11
1.00228e-10
1.40957e-10
1.87871e-10
2.41458e-10
3.02217e-10
3.70647e-10
4.47256e-10
5.3255e-10
6.27031e-10
7.31201e-10
8.45551e-10
9.70562e-10
1.1067e-09
1.25441e-09
1.41413e-09
1.58624e-09
1.77113e-09
1.96913e-09
2.18055e-09
2.40563e-09
2.6446e-09
2.89763e-09
3.16483e-09
3.44625e-09
3.74192e-09
4.05176e-09
4.37567e-09
4.71347e-09
5.06493e-09
5.42975e-09
5.80756e-09
6.19794e-09
6.60041e-09
7.01445e-09
7.4395e-09
7.87502e-09
8.32051e-09
1.20316e-11
4.09389e-11
7.54288e-11
1.16085e-10
1.63507e-10
2.18311e-10
2.81131e-10
3.52616e-10
4.33425e-10
5.24226e-10
6.2569e-10
7.38488e-10
8.63288e-10
1.00075e-09
1.15152e-09
1.31621e-09
1.49544e-09
1.68977e-09
1.89973e-09
2.12581e-09
2.36846e-09
2.62805e-09
2.90493e-09
3.19933e-09
3.51146e-09
3.84142e-09
4.18923e-09
4.55484e-09
4.93811e-09
5.33879e-09
5.75656e-09
6.191e-09
6.64159e-09
7.10772e-09
7.58871e-09
8.08376e-09
8.59205e-09
9.11266e-09
9.64467e-09
1.01872e-08
1.39143e-11
4.73671e-11
8.73484e-11
1.34593e-10
1.89857e-10
2.53929e-10
3.27622e-10
4.11771e-10
5.07233e-10
6.14876e-10
7.35578e-10
8.7022e-10
1.01968e-09
1.18483e-09
1.36651e-09
1.56555e-09
1.78275e-09
2.01885e-09
2.27455e-09
2.55048e-09
2.84723e-09
3.16526e-09
3.50499e-09
3.86672e-09
4.25065e-09
4.65688e-09
5.08536e-09
5.53596e-09
6.00839e-09
6.50224e-09
7.01697e-09
7.5519e-09
8.10623e-09
8.67902e-09
9.26921e-09
9.87563e-09
1.0497e-08
1.1132e-08
1.17791e-08
1.24371e-08
1.60354e-11
5.46114e-11
1.00789e-10
1.55476e-10
2.19618e-10
2.942e-10
3.80247e-10
4.78816e-10
5.90993e-10
7.17887e-10
8.60621e-10
1.02032e-09
1.19813e-09
1.39514e-09
1.61248e-09
1.85118e-09
2.11228e-09
2.39674e-09
2.70544e-09
3.0392e-09
3.39873e-09
3.78464e-09
4.19741e-09
4.63738e-09
5.10478e-09
5.59963e-09
6.12185e-09
6.67113e-09
7.24702e-09
7.84888e-09
8.47589e-09
9.12704e-09
9.80116e-09
1.04969e-08
1.12127e-08
1.19469e-08
1.26978e-08
1.34633e-08
1.42415e-08
1.50304e-08
1.83676e-11
6.25788e-11
1.15577e-10
1.78468e-10
2.52408e-10
3.38607e-10
4.38331e-10
5.5289e-10
6.83634e-10
8.31945e-10
9.99227e-10
1.1869e-09
1.39637e-09
1.62905e-09
1.88632e-09
2.16951e-09
2.47991e-09
2.81871e-09
3.18702e-09
3.58586e-09
4.01609e-09
4.47844e-09
4.97348e-09
5.5016e-09
6.06298e-09
6.65763e-09
7.2853e-09
7.94554e-09
8.63766e-09
9.36071e-09
1.01135e-08
1.08947e-08
1.17026e-08
1.25354e-08
1.33909e-08
1.42669e-08
1.5161e-08
1.60706e-08
1.69929e-08
1.79253e-08
2.08844e-11
7.1178e-11
1.31544e-10
2.03305e-10
2.8785e-10
3.86642e-10
5.01211e-10
6.33149e-10
7.84099e-10
9.55749e-10
1.14982e-09
1.36804e-09
1.61216e-09
1.8839e-09
2.18495e-09
2.51695e-09
2.88148e-09
3.27999e-09
3.71385e-09
4.18426e-09
4.69227e-09
5.23874e-09
5.82431e-09
6.44939e-09
7.11414e-09
7.81845e-09
8.56194e-09
9.34391e-09
1.01634e-08
1.10191e-08
1.19093e-08
1.28323e-08
1.37859e-08
1.47674e-08
1.57743e-08
1.68036e-08
1.78521e-08
1.89164e-08
1.9993e-08
2.10784e-08
2.35598e-11
8.03209e-11
1.48525e-10
2.29731e-10
3.25582e-10
4.37811e-10
5.68239e-10
7.18763e-10
8.91351e-10
1.08802e-09
1.31084e-09
1.5619e-09
1.84328e-09
2.15706e-09
2.50529e-09
2.88992e-09
3.31285e-09
3.77583e-09
4.28047e-09
4.8282e-09
5.42024e-09
6.05758e-09
6.74092e-09
7.47068e-09
8.24696e-09
9.06952e-09
9.93775e-09
1.08507e-08
1.1807e-08
1.28049e-08
1.38424e-08
1.4917e-08
1.60258e-08
1.71657e-08
1.83332e-08
1.95246e-08
2.07358e-08
2.19628e-08
2.3201e-08
2.4446e-08
2.6369e-11
8.99226e-11
1.66363e-10
2.57502e-10
3.6525e-10
4.91635e-10
6.38787e-10
8.08934e-10
1.00439e-09
1.22753e-09
1.48079e-09
1.76664e-09
2.08755e-09
2.44598e-09
2.84432e-09
3.2849e-09
3.76995e-09
4.30152e-09
4.8815e-09
5.51153e-09
6.19302e-09
6.92705e-09
7.7144e-09
8.55546e-09
9.45022e-09
1.03983e-08
1.13988e-08
1.24504e-08
1.35513e-08
1.46994e-08
1.58919e-08
1.71258e-08
1.83974e-08
1.97028e-08
2.10377e-08
2.23976e-08
2.37775e-08
2.51722e-08
2.65766e-08
2.79851e-08
2.92885e-11
9.99025e-11
1.84908e-10
2.86382e-10
4.06521e-10
5.4766e-10
7.12259e-10
9.02895e-10
1.12225e-09
1.37308e-09
1.65822e-09
1.98053e-09
2.34289e-09
2.74816e-09
3.19912e-09
3.69849e-09
4.24882e-09
4.8525e-09
5.51169e-09
6.22826e-09
7.00377e-09
7.83943e-09
8.73602e-09
9.69389e-09
1.07129e-08
1.17924e-08
1.29313e-08
1.41278e-08
1.53796e-08
1.66839e-08
1.80374e-08
1.94363e-08
2.08761e-08
2.2352e-08
2.3859e-08
2.53913e-08
2.69432e-08
2.85085e-08
3.00809e-08
3.1654e-08
3.22962e-11
1.10184e-10
2.04019e-10
3.16151e-10
4.49078e-10
6.05455e-10
7.88087e-10
9.99919e-10
1.24401e-09
1.52354e-09
1.84173e-09
2.20188e-09
2.60729e-09
3.06123e-09
3.56691e-09
4.12742e-09
4.74568e-09
5.42439e-09
6.166e-09
6.97261e-09
7.84592e-09
8.78724e-09
9.79734e-09
1.08765e-08
1.20244e-08
1.32401e-08
1.45221e-08
1.58681e-08
1.72754e-08
1.87405e-08
2.02593e-08
2.1827e-08
2.34385e-08
2.50879e-08
2.67693e-08
2.84759e-08
3.02009e-08
3.19372e-08
3.36773e-08
3.54138e-08
3.53711e-11
1.20698e-10
2.23562e-10
3.46602e-10
4.92623e-10
6.64615e-10
8.65741e-10
1.09932e-09
1.36883e-09
1.67784e-09
2.03003e-09
2.42913e-09
2.87887e-09
3.38296e-09
3.94504e-09
4.56859e-09
5.2569e-09
6.01302e-09
6.83964e-09
7.73909e-09
8.71322e-09
9.76339e-09
1.08904e-08
1.20942e-08
1.33745e-08
1.473e-08
1.61586e-08
1.76576e-08
1.92235e-08
2.08522e-08
2.25388e-08
2.42775e-08
2.60623e-08
2.78864e-08
2.97426e-08
3.16233e-08
3.35206e-08
3.54261e-08
3.73316e-08
3.92284e-08
3.84942e-11
1.31376e-10
2.43416e-10
3.77544e-10
5.36884e-10
7.24766e-10
9.44725e-10
1.20048e-09
1.4959e-09
1.835e-09
2.22191e-09
2.6608e-09
3.15586e-09
3.71125e-09
4.33103e-09
5.0191e-09
5.77912e-09
6.61446e-09
7.52809e-09
8.52253e-09
9.59978e-09
1.07612e-08
1.20075e-08
1.33386e-08
1.47538e-08
1.62514e-08
1.78289e-08
1.9483e-08
2.12094e-08
2.30032e-08
2.48586e-08
2.67689e-08
2.87271e-08
3.07252e-08
3.27551e-08
3.48079e-08
3.68746e-08
3.89461e-08
4.10127e-08
4.30649e-08
4.16481e-11
1.4216e-10
2.63469e-10
4.08802e-10
5.81606e-10
7.85564e-10
1.02459e-09
1.30279e-09
1.62448e-09
1.99411e-09
2.41624e-09
2.89553e-09
3.43663e-09
4.04415e-09
4.72259e-09
5.47626e-09
6.3092e-09
7.22509e-09
8.22717e-09
9.31815e-09
1.05001e-08
1.17744e-08
1.31417e-08
1.46018e-08
1.61534e-08
1.77945e-08
1.95221e-08
2.13322e-08
2.32197e-08
2.51788e-08
2.72027e-08
2.92839e-08
3.14139e-08
3.3584e-08
3.57848e-08
3.80062e-08
4.02384e-08
4.24708e-08
4.46929e-08
4.68941e-08
4.4817e-11
1.52996e-10
2.83618e-10
4.40215e-10
6.26561e-10
8.46697e-10
1.10492e-09
1.40574e-09
1.75391e-09
2.15433e-09
2.61202e-09
3.13212e-09
3.71973e-09
4.37994e-09
5.11769e-09
5.93769e-09
6.84437e-09
7.84171e-09
8.93321e-09
1.01217e-08
1.14095e-08
1.27977e-08
1.4287e-08
1.58768e-08
1.75656e-08
1.93509e-08
2.12288e-08
2.31948e-08
2.5243e-08
2.73664e-08
2.95574e-08
3.18073e-08
3.41067e-08
3.64455e-08
3.8813e-08
4.11985e-08
4.35905e-08
4.59777e-08
4.83486e-08
5.06914e-08
7.39418e-09
8.07762e-09
8.7811e-09
9.50174e-09
1.02362e-08
1.09809e-08
1.17324e-08
1.2487e-08
1.32413e-08
1.39916e-08
1.47347e-08
1.54674e-08
1.61867e-08
1.68898e-08
1.75741e-08
1.82374e-08
1.88776e-08
1.94927e-08
2.00813e-08
2.06418e-08
2.11732e-08
2.16744e-08
2.21448e-08
2.25836e-08
2.29906e-08
2.33654e-08
2.37084e-08
2.40204e-08
2.43047e-08
2.4571e-08
2.48452e-08
2.51924e-08
2.57656e-08
2.68958e-08
2.92447e-08
3.40274e-08
4.32834e-08
6.01248e-08
8.88332e-08
1.34657e-07
2.03207e-07
2.99484e-07
4.26756e-07
5.85617e-07
7.73568e-07
9.85276e-07
1.21345e-06
1.45002e-06
1.68736e-06
1.91913e-06
2.14074e-06
2.34944e-06
2.54411e-06
2.72481e-06
2.89248e-06
3.04855e-06
3.19463e-06
3.33238e-06
3.46332e-06
3.58883e-06
3.71005e-06
3.82791e-06
3.94317e-06
4.05636e-06
4.16788e-06
4.27795e-06
4.3867e-06
4.49413e-06
4.60017e-06
4.70466e-06
4.8074e-06
4.90816e-06
5.00666e-06
5.1026e-06
5.1957e-06
5.28566e-06
5.37219e-06
5.45503e-06
5.53393e-06
5.60867e-06
5.67911e-06
5.74515e-06
5.80692e-06
5.86495e-06
5.92074e-06
5.97801e-06
6.04525e-06
6.14091e-06
6.30284e-06
6.60442e-06
7.17906e-06
8.25341e-06
1.01848e-05
1.3492e-05
1.88631e-05
2.71189e-05
3.91216e-05
5.56317e-05
7.71419e-05
0.000103735
0.000135012
0.000170125
0.000207898
0.000247011
0.000286194
0.000324372
0.000360762
0.000394884
0.000426537
0.000455736
0.000482646
0.000507521
0.000530655
0.000552347
0.000572875
0.000592485
0.000611386
0.000629748
0.000647706
0.000665358
0.000682778
0.000700008
0.000717072
0.000733975
0.000750704
0.000767238
0.000783542
0.000799576
0.000815294
0.000830647
0.000845585
0.000860057
0.000874014
0.00088741
0.000900203
0.000912355
0.000923834
0.000934615
0.000944681
0.000954035
0.000962709
0.000970814
0.000978619
0.000986747
0.000996548
0.0010108
0.00103492
0.00107879
0.00115929
0.00130322
0.0015498
0.00195145
0.00257132
0.00347661
0.00472764
0.00636494
0.00839775
0.0107977
0.0135002
0.0164135
0.0194322
0.0224525
0.0253846
0.0281596
0.0307331
0.0330822
0.0352022
0.0371009
0.0387943
0.0403026
0.041647
0.0428484
0.0439257
0.0448956
0.0457725
0.0465683
0.047293
0.0479549
0.0485605
0.0491153
0.0496236
0.0500889
0.0505142
0.0509019
0.051254
0.0515722
0.0518581
0.052113
0.0523383
0.0525352
0.0527048
0.0528484
0.052967
0.053062
0.0531342
0.053185
0.0532153
0.0532263
0.053219
0.0531945
0.0531538
0.0530979
0.0530277
0.0529443
0.0528486
0.0527422
0.0526273
0.0525072
0.0523869
0.0522734
0.052175
0.0521007
0.0520581
0.0520519
0.0520824
0.0521457
0.0522349
0.0523419
0.0524589
0.0525794
0.052699
0.0528151
0.0529262
0.053032
0.0531323
0.0532274
0.0533176
0.0534032
0.0534844
0.0535612
0.0536339
0.0537025
0.0537669
0.0538274
0.0538838
0.0539361
0.0539844
0.0540288
0.0540691
0.0541057
8.94639e-09
9.76375e-09
1.05996e-08
1.14493e-08
1.23078e-08
1.31702e-08
1.40313e-08
1.4886e-08
1.57297e-08
1.65577e-08
1.73659e-08
1.81504e-08
1.89078e-08
1.96349e-08
2.03294e-08
2.09888e-08
2.16115e-08
2.21961e-08
2.27416e-08
2.32472e-08
2.37127e-08
2.4138e-08
2.45233e-08
2.48691e-08
2.51759e-08
2.54447e-08
2.56767e-08
2.58739e-08
2.60409e-08
2.61883e-08
2.63438e-08
2.65751e-08
2.70396e-08
2.80774e-08
3.03684e-08
3.51613e-08
4.45555e-08
6.176e-08
9.12022e-08
1.38331e-07
2.09006e-07
3.08514e-07
4.40409e-07
6.05538e-07
8.01586e-07
1.02331e-06
1.26341e-06
1.51372e-06
1.76644e-06
2.015e-06
2.2546e-06
2.48228e-06
2.69669e-06
2.89775e-06
3.08627e-06
3.26355e-06
3.43113e-06
3.59058e-06
3.74337e-06
3.89077e-06
4.03386e-06
4.17345e-06
4.31015e-06
4.44438e-06
4.57632e-06
4.70603e-06
4.83341e-06
4.95825e-06
5.08024e-06
5.19901e-06
5.31414e-06
5.42518e-06
5.53169e-06
5.63322e-06
5.72935e-06
5.81972e-06
5.90399e-06
5.98187e-06
6.05317e-06
6.11774e-06
6.17552e-06
6.22658e-06
6.2712e-06
6.31013e-06
6.34512e-06
6.38018e-06
6.42423e-06
6.49639e-06
6.63568e-06
6.91758e-06
7.47942e-06
8.55475e-06
1.05125e-05
1.38902e-05
1.9403e-05
2.79091e-05
4.03182e-05
5.74449e-05
7.9839e-05
0.000107636
0.000140479
0.000177546
0.000217666
0.000259508
0.000301774
0.00034335
0.000383407
0.000421421
0.000457149
0.000490568
0.000521811
0.000551108
0.000578732
0.000604963
0.000630064
0.000654265
0.000677759
0.000700695
0.000723184
0.000745299
0.000767079
0.000788532
0.000809643
0.000830373
0.000850667
0.000870456
0.000889664
0.000908208
0.000926001
0.00094296
0.000959005
0.000974062
0.000988065
0.00100096
0.0010127
0.00102326
0.00103261
0.00104075
0.0010477
0.00105348
0.00105817
0.00106192
0.00106506
0.00106828
0.00107301
0.00108217
0.00110139
0.00114095
0.0012184
0.00136166
0.0016117
0.00202355
0.00266397
0.00360471
0.00491137
0.00663005
0.00877515
0.0113224
0.0142094
0.0173447
0.0206209
0.0239306
0.0271785
0.03029
0.0332141
0.035922
0.038403
0.04066
0.0427047
0.0445536
0.0462249
0.0477369
0.0491066
0.0503489
0.0514767
0.052501
0.0534307
0.054273
0.0550339
0.0557182
0.0563296
0.0568716
0.0573467
0.0577573
0.0581057
0.0583937
0.0586236
0.0587972
0.0589166
0.0589841
0.0590017
0.058972
0.0588972
0.0587799
0.0586226
0.0584278
0.0581981
0.057936
0.0576442
0.0573252
0.0569815
0.0566157
0.0562306
0.0558293
0.0554155
0.0549941
0.0545717
0.0541577
0.0537643
0.0534068
0.053102
0.0528664
0.0527122
0.0526456
0.0526641
0.052758
0.0529123
0.0531104
0.0533364
0.0535773
0.0538233
0.0540681
0.0543078
0.0545401
0.054764
0.054979
0.055185
0.0553817
0.0555691
0.0557471
0.0559156
0.0560746
0.0562239
0.0563634
0.0564931
0.0566129
0.0567229
0.056823
0.0569134
0.0569943
1.09468e-08
1.19329e-08
1.29339e-08
1.39429e-08
1.49526e-08
1.5956e-08
1.69458e-08
1.79154e-08
1.88586e-08
1.97696e-08
2.06433e-08
2.14753e-08
2.22619e-08
2.29999e-08
2.3687e-08
2.43216e-08
2.49026e-08
2.54296e-08
2.59025e-08
2.6322e-08
2.6689e-08
2.70048e-08
2.7271e-08
2.74896e-08
2.76627e-08
2.77926e-08
2.78819e-08
2.79341e-08
2.79551e-08
2.79573e-08
2.79699e-08
2.80639e-08
2.84023e-08
2.93362e-08
3.15672e-08
3.63844e-08
4.59565e-08
6.36033e-08
9.3914e-08
1.42552e-07
2.15639e-07
3.18741e-07
4.55677e-07
6.27512e-07
8.32059e-07
1.06411e-06
1.31629e-06
1.58029e-06
1.8481e-06
2.11294e-06
2.3698e-06
2.61552e-06
2.84862e-06
3.06892e-06
3.27712e-06
3.47452e-06
3.66264e-06
3.84303e-06
4.01714e-06
4.18624e-06
4.35132e-06
4.51314e-06
4.67217e-06
4.82867e-06
4.98262e-06
5.13384e-06
5.28197e-06
5.4265e-06
5.56683e-06
5.70228e-06
5.83214e-06
5.95567e-06
6.07217e-06
6.181e-06
6.28156e-06
6.37336e-06
6.456e-06
6.52918e-06
6.59273e-06
6.6466e-06
6.69086e-06
6.72578e-06
6.75185e-06
6.77007e-06
6.7825e-06
6.79352e-06
6.81256e-06
6.85947e-06
6.97458e-06
7.23571e-06
7.78448e-06
8.86203e-06
1.085e-05
1.43057e-05
1.99733e-05
2.875e-05
4.15931e-05
5.9371e-05
8.26869e-05
0.000111723
0.000146157
0.000185181
0.000227622
0.000272128
0.000317367
0.000362183
0.000405704
0.000447366
0.000486889
0.000524223
0.000559481
0.000592878
0.00062468
0.000655162
0.000684583
0.000713171
0.000741108
0.000768533
0.000795537
0.000822169
0.000848435
0.000874305
0.000899717
0.000924581
0.000948787
0.00097221
0.000994716
0.00101616
0.00103642
0.00105534
0.00107282
0.00108875
0.00110303
0.0011156
0.0011264
0.00113543
0.00114266
0.00114812
0.00115185
0.00115393
0.00115447
0.00115369
0.00115198
0.00115008
0.00114954
0.00115344
0.00116763
0.00120283
0.00127731
0.00142018
0.00167429
0.00209743
0.00276007
0.00373859
0.00510388
0.00690737
0.00916819
0.0118655
0.0149385
0.0182951
0.0218254
0.0254174
0.0289704
0.0324035
0.0356597
0.0387041
0.0415209
0.0441083
0.0464743
0.0486324
0.0505985
0.0523892
0.05402
0.0555048
0.0568559
0.0580833
0.0591954
0.0601989
0.0610993
0.0619008
0.0626069
0.0632204
0.0637438
0.0641792
0.0645286
0.0647942
0.0649782
0.0650828
0.0651106
0.0650643
0.0649469
0.0647616
0.0645118
0.064201
0.0638329
0.0634112
0.0629399
0.0624229
0.0618641
0.0612675
0.0606373
0.0599776
0.059293
0.0585887
0.057871
0.0571483
0.0564316
0.0557361
0.0550811
0.0544898
0.0539874
0.053597
0.0533359
0.0532111
0.0532176
0.0533398
0.0535553
0.0538391
0.0541676
0.0545213
0.0548856
0.0552505
0.0556096
0.0559592
0.0562971
0.0566223
0.056934
0.0572319
0.0575156
0.057785
0.0580397
0.0582797
0.0585048
0.0587148
0.0589096
0.0590893
0.0592539
0.0594034
0.0595382
0.0596586
1.3355e-08
1.45397e-08
1.57335e-08
1.69267e-08
1.81093e-08
1.92717e-08
2.04044e-08
2.1499e-08
2.25476e-08
2.35432e-08
2.44799e-08
2.53529e-08
2.61583e-08
2.68932e-08
2.7556e-08
2.81459e-08
2.86628e-08
2.91076e-08
2.94818e-08
2.97876e-08
3.00276e-08
3.02049e-08
3.03229e-08
3.03853e-08
3.03961e-08
3.03593e-08
3.02791e-08
3.01609e-08
3.0012e-08
2.98466e-08
2.96963e-08
2.96353e-08
2.98333e-08
3.06544e-08
3.2825e-08
3.76805e-08
4.7468e-08
6.56304e-08
9.69332e-08
1.47269e-07
2.23026e-07
3.30046e-07
4.72394e-07
6.5131e-07
8.64682e-07
1.10727e-06
1.37156e-06
1.64905e-06
1.93149e-06
2.21187e-06
2.48496e-06
2.74748e-06
2.99782e-06
3.23575e-06
3.46199e-06
3.67786e-06
3.88495e-06
4.08488e-06
4.27916e-06
4.46909e-06
4.65565e-06
4.83955e-06
5.02117e-06
5.20058e-06
5.37758e-06
5.5517e-06
5.72226e-06
5.88842e-06
6.04919e-06
6.20353e-06
6.35033e-06
6.48852e-06
6.61707e-06
6.73506e-06
6.84166e-06
6.93623e-06
7.01826e-06
7.08742e-06
7.14359e-06
7.18679e-06
7.21728e-06
7.23551e-06
7.24224e-06
7.23878e-06
7.22754e-06
7.21331e-06
7.20607e-06
7.22652e-06
7.31638e-06
7.55604e-06
8.09175e-06
9.17284e-06
1.11945e-05
1.47353e-05
2.05696e-05
2.9635e-05
4.2937e-05
6.13964e-05
8.56667e-05
0.000115971
0.000152011
0.000192986
0.000237707
0.000284795
0.000332873
0.000380741
0.000427484
0.000472499
0.000515478
0.000556352
0.000595224
0.000632308
0.000667877
0.000702215
0.000735594
0.000768247
0.000800362
0.000832077
0.00086347
0.00089457
0.000925351
0.000955742
0.000985631
0.00101487
0.00104328
0.00107068
0.00109685
0.00112159
0.00114469
0.00116596
0.00118524
0.00120236
0.00121721
0.0012297
0.00123978
0.00124741
0.00125262
0.00125546
0.00125599
0.00125434
0.00125069
0.00124529
0.00123862
0.0012315
0.0012256
0.00122413
0.00123324
0.00126407
0.00133569
0.00147848
0.00173726
0.0021727
0.00285913
0.00387763
0.0053043
0.0071957
0.00957529
0.012425
0.0156848
0.0192611
0.0230405
0.0269062
0.030751
0.034488
0.0380537
0.0414078
0.0445295
0.0474131
0.0500635
0.052492
0.0547133
0.0567429
0.0585959
0.0602861
0.0618255
0.0632243
0.0644906
0.0656312
0.0666512
0.0675547
0.0683446
0.0690236
0.0695936
0.0700563
0.0704135
0.0706669
0.0708187
0.0708709
0.0708263
0.0706877
0.0704584
0.070142
0.0697423
0.0692637
0.0687106
0.0680877
0.0673999
0.0666523
0.06585
0.0649984
0.0641029
0.0631695
0.0622043
0.0612148
0.0602101
0.0592017
0.0582054
0.0572418
0.0563372
0.0555228
0.0548315
0.0542933
0.0539297
0.0537489
0.0537434
0.0538919
0.0541646
0.0545285
0.0549527
0.0554115
0.0558854
0.056361
0.0568296
0.0572861
0.0577272
0.0581513
0.0585575
0.058945
0.0593134
0.0596625
0.059992
0.0603018
0.0605918
0.0608619
0.0611121
0.0613425
0.0615532
0.0617446
0.0619169
0.0620707
1.61273e-08
1.75351e-08
1.89438e-08
2.03404e-08
2.1712e-08
2.30461e-08
2.43309e-08
2.55559e-08
2.67116e-08
2.77901e-08
2.87847e-08
2.96903e-08
3.05033e-08
3.12214e-08
3.18436e-08
3.23705e-08
3.28033e-08
3.31446e-08
3.33976e-08
3.35664e-08
3.36556e-08
3.36703e-08
3.3616e-08
3.34985e-08
3.33236e-08
3.30973e-08
3.2826e-08
3.25166e-08
3.21783e-08
3.18273e-08
3.14977e-08
3.12676e-08
3.1314e-08
3.20156e-08
3.41271e-08
3.90351e-08
4.90735e-08
6.78196e-08
1.00228e-07
1.52432e-07
2.31092e-07
3.42319e-07
4.90402e-07
6.7671e-07
8.99151e-07
1.15238e-06
1.4287e-06
1.71934e-06
2.01578e-06
2.31074e-06
2.59884e-06
2.87662e-06
3.14245e-06
3.3961e-06
3.63838e-06
3.87071e-06
4.09483e-06
4.31251e-06
4.52539e-06
4.73486e-06
4.94197e-06
5.14741e-06
5.35147e-06
5.55407e-06
5.75477e-06
5.95282e-06
6.14718e-06
6.3366e-06
6.51966e-06
6.69486e-06
6.86067e-06
7.01557e-06
7.15816e-06
7.28717e-06
7.40152e-06
7.50032e-06
7.58297e-06
7.64909e-06
7.69855e-06
7.73152e-06
7.74838e-06
7.74984e-06
7.73694e-06
7.71131e-06
7.67576e-06
7.63554e-06
7.60124e-06
7.59444e-06
7.65839e-06
7.87621e-06
8.39911e-06
9.48511e-06
1.15439e-05
1.51761e-05
2.1188e-05
3.05582e-05
4.4341e-05
6.35084e-05
8.87602e-05
0.000120354
0.000158008
0.000200916
0.000247865
0.000297434
0.000348198
0.000398905
0.000448597
0.000496636
0.000542692
0.000586683
0.000628718
0.000669023
0.00070789
0.000745631
0.00078254
0.000818877
0.000854845
0.000890588
0.000926184
0.000961642
0.00099691
0.00103187
0.00106637
0.00110017
0.00113305
0.00116471
0.00119488
0.00122327
0.00124959
0.00127359
0.00129501
0.00131367
0.0013294
0.00134209
0.00135168
0.00135813
0.00136148
0.00136181
0.00135922
0.0013539
0.00134607
0.00133605
0.0013244
0.00131203
0.00130071
0.00129385
0.00129787
0.00132439
0.00139329
0.0015363
0.00180033
0.00224903
0.0029607
0.00402118
0.00551173
0.00749383
0.00999478
0.0129986
0.0164452
0.0202387
0.0242613
0.0283902
0.0325117
0.0365324
0.0403824
0.0440161
0.0474082
0.0505499
0.053444
0.0561004
0.0585335
0.0607588
0.062792
0.0646475
0.066338
0.0678743
0.0692652
0.0705174
0.0716363
0.0726257
0.0734885
0.0742265
0.0748414
0.0753343
0.0757064
0.0759589
0.0760933
0.0761114
0.0760154
0.0758081
0.0754924
0.075072
0.0745509
0.0739336
0.0732248
0.0724299
0.0715544
0.0706041
0.0695852
0.0685041
0.0673677
0.0661832
0.0649587
0.0637038
0.0624302
0.061153
0.0598924
0.0586747
0.0575332
0.0565064
0.0556351
0.0549558
0.0544944
0.05426
0.0542425
0.0544152
0.0547411
0.0551796
0.0556926
0.0562484
0.056823
0.0573996
0.0579675
0.0585199
0.0590529
0.0595642
0.0600527
0.0605175
0.0609583
0.0613748
0.0617669
0.0621346
0.0624779
0.062797
0.0630921
0.0633635
0.0636114
0.0638365
0.0640391
0.06422
1.92176e-08
2.08674e-08
2.25073e-08
2.4121e-08
2.56921e-08
2.72052e-08
2.86463e-08
3.00028e-08
3.12638e-08
3.24205e-08
3.34657e-08
3.43944e-08
3.52034e-08
3.58912e-08
3.64582e-08
3.6906e-08
3.72377e-08
3.74577e-08
3.75711e-08
3.75841e-08
3.75035e-08
3.73366e-08
3.70911e-08
3.67749e-08
3.6396e-08
3.59627e-08
3.54832e-08
3.49664e-08
3.44236e-08
3.3873e-08
3.33513e-08
3.29413e-08
3.28277e-08
3.34055e-08
3.54605e-08
4.04355e-08
5.07587e-08
7.01519e-08
1.03771e-07
1.57998e-07
2.3977e-07
3.55457e-07
5.09546e-07
7.03496e-07
9.35175e-07
1.19907e-06
1.48721e-06
1.79053e-06
2.10018e-06
2.40863e-06
2.71029e-06
3.00164e-06
3.28101e-06
3.54827e-06
3.80437e-06
4.05094e-06
4.28994e-06
4.52338e-06
4.75311e-06
4.98066e-06
5.2072e-06
5.43343e-06
5.65958e-06
5.88542e-06
6.11027e-06
6.33305e-06
6.55233e-06
6.76639e-06
6.97335e-06
7.17117e-06
7.35782e-06
7.53131e-06
7.68978e-06
7.83156e-06
7.95527e-06
8.05979e-06
8.14433e-06
8.20846e-06
8.25209e-06
8.27544e-06
8.2791e-06
8.26401e-06
8.23151e-06
8.1836e-06
8.12348e-06
8.05693e-06
7.99514e-06
7.96068e-06
7.99838e-06
8.19425e-06
8.70475e-06
9.79707e-06
1.1896e-05
1.56256e-05
2.18246e-05
3.15141e-05
4.57968e-05
6.56943e-05
9.19495e-05
0.000124848
0.000164115
0.000208928
0.000258039
0.000309975
0.000363253
0.000416569
0.000468917
0.00051963
0.000568358
0.000615022
0.000659745
0.000702781
0.000744456
0.000785124
0.00082512
0.00086474
0.000904216
0.00094371
0.000983301
0.00102299
0.00106269
0.00110225
0.00114144
0.00117997
0.00121752
0.00125372
0.00128819
0.00132055
0.00135042
0.00137747
0.00140138
0.0014219
0.00143882
0.00145198
0.00146132
0.00146681
0.00146849
0.00146646
0.00146088
0.00145197
0.00144003
0.00142545
0.00140884
0.00139124
0.00137453
0.0013623
0.00136126
0.00138354
0.00144988
0.00159342
0.00186326
0.00232611
0.00306435
0.00416863
0.00572531
0.00780051
0.0104249
0.013584
0.0172168
0.0212239
0.0254824
0.0298629
0.0342445
0.0385269
0.0426342
0.0465155
0.0501419
0.0535022
0.0565978
0.0594386
0.0620395
0.0644173
0.066589
0.0685707
0.0703763
0.0720178
0.0735048
0.0748447
0.0760431
0.0771036
0.0780288
0.0788201
0.0794785
0.0800044
0.0803981
0.0806602
0.0807914
0.0807928
0.0806659
0.0804128
0.0800361
0.0795389
0.0789248
0.0781983
0.0773639
0.0764271
0.0753936
0.0742699
0.0730626
0.071779
0.0704271
0.0690155
0.0675541
0.0660545
0.064531
0.0630025
0.0614935
0.0600359
0.0586699
0.0574416
0.0563991
0.0555857
0.055031
0.0547452
0.0547157
0.0549106
0.0552858
0.0557934
0.0563884
0.0570333
0.0576997
0.0583677
0.0590245
0.0596618
0.0602752
0.0608619
0.0614206
0.0619504
0.0624511
0.0629227
0.0633652
0.063779
0.0641643
0.0645215
0.0648513
0.065154
0.0654305
0.0656812
0.0659071
0.0661091
2.25782e-08
2.44833e-08
2.63653e-08
2.82041e-08
2.99799e-08
3.16745e-08
3.32716e-08
3.47567e-08
3.6118e-08
3.73457e-08
3.84328e-08
3.93744e-08
4.0168e-08
4.08133e-08
4.1312e-08
4.16672e-08
4.1884e-08
4.19685e-08
4.19282e-08
4.17712e-08
4.15066e-08
4.1144e-08
4.06933e-08
4.01648e-08
3.95687e-08
3.89153e-08
3.82151e-08
3.7479e-08
3.67205e-08
3.59599e-08
3.52369e-08
3.46389e-08
3.43595e-08
3.48114e-08
3.68138e-08
4.18705e-08
5.25107e-08
7.26099e-08
1.07534e-07
1.63924e-07
2.48992e-07
3.6936e-07
5.29682e-07
7.31462e-07
9.72468e-07
1.24695e-06
1.54662e-06
1.86203e-06
2.18398e-06
2.50468e-06
2.81836e-06
3.12143e-06
3.41229e-06
3.69096e-06
3.9586e-06
4.21713e-06
4.46883e-06
4.71602e-06
4.9608e-06
5.20495e-06
5.44977e-06
5.696e-06
5.94383e-06
6.19288e-06
6.4422e-06
6.69036e-06
6.9355e-06
7.1754e-06
7.40762e-06
7.62958e-06
7.83867e-06
8.03237e-06
8.20832e-06
8.36444e-06
8.49898e-06
8.61055e-06
8.6982e-06
8.7614e-06
8.80006e-06
8.81453e-06
8.80555e-06
8.77432e-06
8.72248e-06
8.65242e-06
8.56777e-06
8.4748e-06
8.38541e-06
8.32314e-06
8.33451e-06
8.50855e-06
9.0072e-06
1.01073e-05
1.22493e-05
1.60814e-05
2.24762e-05
3.24974e-05
4.72962e-05
6.79423e-05
9.52172e-05
0.000129428
0.000170298
0.000216979
0.000268175
0.000322353
0.000377962
0.000433642
0.000488342
0.000541366
0.000592355
0.000641243
0.000688177
0.000733456
0.000777457
0.000820588
0.00086324
0.000905757
0.000948411
0.000991388
0.00103478
0.00107857
0.00112265
0.00116682
0.00121078
0.00125417
0.00129658
0.00133753
0.00137656
0.00141316
0.00144688
0.00147728
0.00150397
0.00152662
0.00154499
0.00155888
0.0015682
0.00157293
0.00157312
0.0015689
0.00156047
0.0015481
0.00153215
0.00151308
0.0014916
0.00146882
0.00144677
0.00142922
0.00142319
0.00144133
0.0015053
0.00164969
0.00192584
0.00240367
0.00316969
0.0043194
0.00594416
0.00811447
0.0108639
0.0141788
0.0179962
0.0222126
0.0266989
0.0313182
0.0359421
0.0404633
0.0447998
0.0488962
0.0527204
0.0562598
0.0595156
0.0624986
0.0652254
0.0677149
0.0699866
0.0720586
0.0739468
0.0756648
0.0772231
0.07863
0.079891
0.0810099
0.0819888
0.0828284
0.083529
0.0840902
0.0845113
0.0847921
0.0849324
0.0849323
0.0847926
0.0845144
0.0840995
0.0835505
0.0828701
0.0820621
0.0811308
0.0800812
0.0789189
0.0776504
0.0762826
0.0748235
0.0732818
0.0716673
0.0699914
0.0682679
0.0665139
0.0647515
0.0630099
0.0613267
0.0597487
0.0583295
0.0571248
0.0561837
0.0555403
0.0552054
0.055164
0.0553791
0.0558
0.0563714
0.0570417
0.057768
0.0585175
0.0592675
0.0600029
0.0607147
0.0613973
0.0620479
0.062665
0.063248
0.0637968
0.0643117
0.0647931
0.0652417
0.0656582
0.0660435
0.0663983
0.0667237
0.0670206
0.0672898
0.0675326
0.0677499
2.61613e-08
2.83297e-08
3.04592e-08
3.25259e-08
3.45067e-08
3.63808e-08
3.81296e-08
3.97373e-08
4.11911e-08
4.24811e-08
4.36002e-08
4.45443e-08
4.53118e-08
4.59038e-08
4.63232e-08
4.65752e-08
4.66664e-08
4.66053e-08
4.64011e-08
4.60643e-08
4.56062e-08
4.50384e-08
4.43734e-08
4.36235e-08
4.28012e-08
4.19192e-08
4.099e-08
4.00267e-08
3.90448e-08
3.80672e-08
3.71366e-08
3.63452e-08
3.58967e-08
3.62221e-08
3.81771e-08
4.33302e-08
5.43182e-08
7.51777e-08
1.11494e-07
1.70171e-07
2.58698e-07
3.83931e-07
5.50666e-07
7.60405e-07
1.01076e-06
1.29567e-06
1.60647e-06
1.93328e-06
2.26652e-06
2.59814e-06
2.92222e-06
3.23513e-06
3.5354e-06
3.82325e-06
4.10017e-06
4.36845e-06
4.63075e-06
4.88976e-06
5.14792e-06
5.40729e-06
5.66931e-06
5.93483e-06
6.20397e-06
6.47618e-06
6.75024e-06
7.02434e-06
7.29613e-06
7.56287e-06
7.82152e-06
8.06889e-06
8.30176e-06
8.51702e-06
8.71181e-06
8.88357e-06
9.03017e-06
9.14995e-06
9.24175e-06
9.30497e-06
9.33951e-06
9.34581e-06
9.32481e-06
9.27792e-06
9.20715e-06
9.11523e-06
9.00626e-06
8.88703e-06
8.77013e-06
8.68013e-06
8.66529e-06
8.81778e-06
9.30524e-06
1.04144e-05
1.26022e-05
1.65415e-05
2.31396e-05
3.35031e-05
4.88316e-05
7.02406e-05
9.85464e-05
0.000134071
0.000176527
0.00022503
0.000278224
0.000334507
0.000392255
0.000450049
0.000506792
0.000561763
0.000614608
0.000665277
0.000713965
0.000761022
0.000806893
0.000852054
0.000896965
0.00094203
0.000987566
0.00103379
0.00108081
0.0011286
0.00117701
0.0012258
0.00127461
0.00132298
0.0013704
0.0014163
0.00146008
0.00150116
0.00153895
0.00157294
0.00160264
0.00162766
0.0016477
0.00166252
0.00167203
0.00167618
0.00167505
0.0016688
0.00165766
0.00164196
0.00162211
0.00159867
0.00157239
0.00154453
0.00151722
0.00149443
0.0014835
0.00149764
0.00155941
0.00170494
0.00198789
0.00248146
0.00327634
0.00447291
0.00616741
0.00843446
0.0113101
0.0147805
0.0187804
0.0232009
0.0279059
0.0327503
0.037598
0.0423345
0.046872
0.0511511
0.0551376
0.0588182
0.062195
0.0652811
0.0680955
0.0706604
0.0729981
0.0751294
0.0770728
0.0788432
0.0804526
0.0819096
0.0832199
0.0843871
0.0854126
0.0862966
0.0870383
0.0876363
0.0880893
0.0883959
0.0885549
0.0885657
0.088428
0.088142
0.0877087
0.0871293
0.086406
0.0855414
0.0845392
0.0834035
0.0821395
0.0807532
0.0792516
0.0776428
0.075936
0.0741421
0.0722739
0.0703471
0.0683813
0.0664024
0.0644438
0.062549
0.0607712
0.0591717
0.0578132
0.0567512
0.0560234
0.0556417
0.0555886
0.0558221
0.0562849
0.056915
0.0576543
0.0584544
0.0592788
0.0601017
0.0609062
0.0616821
0.0624235
0.0631271
0.0637917
0.0644168
0.0650027
0.0655501
0.0660599
0.0665333
0.0669714
0.0673755
0.067747
0.0680872
0.0683974
0.0686789
0.0689329
0.0691608
2.99199e-08
3.23545e-08
3.47322e-08
3.70249e-08
3.92068e-08
4.12543e-08
4.31473e-08
4.48689e-08
4.64056e-08
4.77477e-08
4.88886e-08
4.98251e-08
5.05568e-08
5.10861e-08
5.14177e-08
5.15584e-08
5.15169e-08
5.13034e-08
5.09292e-08
5.04069e-08
4.97499e-08
4.89719e-08
4.80876e-08
4.71115e-08
4.60583e-08
4.4943e-08
4.37801e-08
4.2585e-08
4.13755e-08
4.01767e-08
3.90348e-08
3.80473e-08
3.7428e-08
3.76283e-08
3.95419e-08
4.48063e-08
5.61708e-08
7.78409e-08
1.15627e-07
1.76703e-07
2.68827e-07
3.99079e-07
5.72362e-07
7.90132e-07
1.04978e-06
1.34489e-06
1.66634e-06
2.00377e-06
2.34724e-06
2.6884e-06
3.02121e-06
3.34208e-06
3.6497e-06
3.9446e-06
4.22866e-06
4.50461e-06
4.77556e-06
5.04464e-06
5.3147e-06
5.58805e-06
5.86638e-06
6.15057e-06
6.44071e-06
6.73607e-06
7.03513e-06
7.33566e-06
7.6348e-06
7.92922e-06
8.21526e-06
8.48907e-06
8.74679e-06
8.98471e-06
9.1994e-06
9.38782e-06
9.54747e-06
9.67637e-06
9.77319e-06
9.83721e-06
9.86836e-06
9.86715e-06
9.8347e-06
9.7727e-06
9.68344e-06
9.57008e-06
9.43712e-06
9.29193e-06
9.14779e-06
9.03031e-06
8.98954e-06
9.12089e-06
9.59787e-06
1.07175e-05
1.29535e-05
1.70042e-05
2.38118e-05
3.45267e-05
5.03958e-05
7.25784e-05
0.000101921
0.000138755
0.000182772
0.000233041
0.00028814
0.000346384
0.000406074
0.000465727
0.000524206
0.000580771
0.000635077
0.000687112
0.000737121
0.000785527
0.000832854
0.00087966
0.000926482
0.000973791
0.00102196
0.00107124
0.00112174
0.00117344
0.00122617
0.0012796
0.00133331
0.00138676
0.00143932
0.00149032
0.00153903
0.00158476
0.00162681
0.00166456
0.00169745
0.00172502
0.00174689
0.00176282
0.00177266
0.00177639
0.00177409
0.00176594
0.00175223
0.00173332
0.0017097
0.00168198
0.00165104
0.00161818
0.00158571
0.00155779
0.00154207
0.00155234
0.00161212
0.00175908
0.00204929
0.00255926
0.00338397
0.00462861
0.00639422
0.00875923
0.0117616
0.0153869
0.0195663
0.0241849
0.0290988
0.034154
0.0392066
0.0441348
0.0488456
0.0532762
0.057391
0.0611774
0.0646396
0.0677935
0.070662
0.0732709
0.0756461
0.0778115
0.0797879
0.0815921
0.0832369
0.0847313
0.0860811
0.0872891
0.088356
0.0892812
0.0900628
0.0906987
0.0911864
0.0915237
0.0917086
0.0917394
0.0916151
0.0913349
0.0908987
0.0903068
0.0895601
0.0886603
0.0876097
0.0864116
0.0850702
0.0835907
0.0819798
0.0802454
0.078397
0.0764461
0.0744066
0.0722961
0.070137
0.0679582
0.0657979
0.063705
0.0617394
0.0599697
0.0584658
0.0572891
0.0564813
0.056055
0.0559903
0.0562405
0.0567419
0.0574258
0.058228
0.059095
0.0599863
0.0608735
0.0617381
0.0625687
0.063359
0.0641058
0.0648078
0.065465
0.0660781
0.0666484
0.0671773
0.0676665
0.0681178
0.068533
0.0689139
0.0692624
0.0695799
0.0698683
0.0701289
0.0703635
3.38089e-08
3.65082e-08
3.91301e-08
4.16431e-08
4.40182e-08
4.62301e-08
4.82571e-08
5.00817e-08
5.16904e-08
5.30738e-08
5.42262e-08
5.51456e-08
5.5833e-08
5.62922e-08
5.65297e-08
5.6554e-08
5.63755e-08
5.60063e-08
5.54596e-08
5.47499e-08
5.38923e-08
5.29029e-08
5.17981e-08
5.05947e-08
4.93095e-08
4.79595e-08
4.65616e-08
4.51332e-08
4.36945e-08
4.2273e-08
4.09184e-08
3.97341e-08
3.89443e-08
3.90219e-08
4.09011e-08
4.62913e-08
5.80596e-08
8.0586e-08
1.19913e-07
1.83483e-07
2.79323e-07
4.14714e-07
5.94638e-07
8.20458e-07
1.08929e-06
1.39429e-06
1.72584e-06
2.07307e-06
2.42563e-06
2.77493e-06
3.11482e-06
3.44181e-06
3.75482e-06
4.05476e-06
4.34398e-06
4.62571e-06
4.90359e-06
5.18123e-06
5.46189e-06
5.74823e-06
6.04211e-06
6.34451e-06
6.65545e-06
6.974e-06
7.29832e-06
7.6257e-06
7.95277e-06
8.27557e-06
8.58976e-06
8.89081e-06
9.1742e-06
9.43559e-06
9.67097e-06
9.87682e-06
1.00502e-05
1.01889e-05
1.02914e-05
1.03569e-05
1.03852e-05
1.0377e-05
1.03337e-05
1.02571e-05
1.01498e-05
1.00155e-05
9.85897e-06
9.68821e-06
9.5172e-06
9.37261e-06
9.30633e-06
9.41705e-06
9.88432e-06
1.10157e-05
1.33021e-05
1.74677e-05
2.44904e-05
3.55639e-05
5.19819e-05
7.49451e-05
0.000105327
0.000143458
0.000189005
0.00024098
0.000297882
0.000357938
0.00041937
0.000480632
0.000540546
0.000598365
0.000653762
0.000706772
0.00075771
0.000807081
0.0008555
0.000903615
0.000952052
0.00100135
0.00105195
0.00110413
0.00115802
0.00121358
0.0012706
0.0013287
0.00138738
0.00144599
0.0015038
0.00156
0.00161377
0.00166428
0.00171072
0.00175237
0.00178857
0.0018188
0.00184263
0.00185978
0.00187007
0.00187349
0.00187013
0.00186021
0.00184403
0.00182203
0.00179476
0.00176289
0.00172739
0.00168967
0.00165215
0.0016192
0.00159883
0.00160537
0.00166334
0.00181202
0.00210989
0.00263687
0.00349223
0.00478597
0.00662377
0.00908757
0.0122168
0.0159956
0.0203509
0.025161
0.0302732
0.0355247
0.0407632
0.0458599
0.0507172
0.0552696
0.0594814
0.0633414
0.066857
0.0700482
0.0729421
0.0755692
0.0779591
0.0801389
0.0821318
0.083956
0.0856251
0.0871481
0.0885304
0.089774
0.0908787
0.0918427
0.0926632
0.093337
0.0938609
0.0942319
0.094447
0.0945041
0.0944012
0.0941368
0.0937096
0.093119
0.0923647
0.091447
0.0903671
0.0891268
0.0877291
0.0861784
0.0844803
0.0826422
0.0806737
0.0785865
0.0763956
0.0741203
0.0717851
0.0694225
0.067075
0.0647971
0.0626553
0.0607252
0.059084
0.0577988
0.0569151
0.0564464
0.0563703
0.0566356
0.0571724
0.0579055
0.0587649
0.0596921
0.060643
0.0615865
0.0625027
0.0633793
0.0642097
0.0649906
0.065721
0.0664014
0.0670331
0.0676178
0.0681578
0.0686553
0.0691128
0.0695325
0.0699169
0.0702682
0.0705884
0.0708794
0.071143
0.071381
3.77861e-08
4.07445e-08
4.36032e-08
4.6327e-08
4.88847e-08
5.12492e-08
5.3398e-08
5.53134e-08
5.69822e-08
5.8396e-08
5.95501e-08
6.04438e-08
6.10797e-08
6.14633e-08
6.16025e-08
6.15077e-08
6.11909e-08
6.06657e-08
5.99471e-08
5.90512e-08
5.79949e-08
5.6796e-08
5.54729e-08
5.40442e-08
5.25289e-08
5.09459e-08
4.93143e-08
4.76538e-08
4.59866e-08
4.43431e-08
4.27766e-08
4.13962e-08
4.04378e-08
4.03964e-08
4.22487e-08
4.7779e-08
5.99764e-08
8.34005e-08
1.2433e-07
1.90477e-07
2.90128e-07
4.30751e-07
6.17371e-07
8.51209e-07
1.12905e-06
1.44358e-06
1.78462e-06
2.14077e-06
2.50128e-06
2.85732e-06
3.20269e-06
3.53403e-06
3.8506e-06
4.15375e-06
4.44635e-06
4.7322e-06
5.01552e-06
5.30044e-06
5.59066e-06
5.88918e-06
6.19805e-06
6.51832e-06
6.84995e-06
7.19177e-06
7.54157e-06
7.8962e-06
8.25167e-06
8.60338e-06
8.94631e-06
9.27521e-06
9.58486e-06
9.87027e-06
1.01269e-05
1.03507e-05
1.05383e-05
1.06873e-05
1.07958e-05
1.08632e-05
1.08891e-05
1.08745e-05
1.08207e-05
1.07299e-05
1.06051e-05
1.04503e-05
1.02707e-05
1.00749e-05
9.87748e-06
9.70626e-06
9.61494e-06
9.70561e-06
1.0164e-05
1.13083e-05
1.3647e-05
1.79306e-05
2.51727e-05
3.66106e-05
5.35834e-05
7.73309e-05
0.000108748
0.000148161
0.000195201
0.000248813
0.000307412
0.000369129
0.000432104
0.000494729
0.000555792
0.000614544
0.000670689
0.000724322
0.000775837
0.000825836
0.000875033
0.000924178
0.000973987
0.00102508
0.00107795
0.00113292
0.00119012
0.0012495
0.00131081
0.00137362
0.00143731
0.00150115
0.00156429
0.00162579
0.00168471
0.00174008
0.00179099
0.00183661
0.00187621
0.00190917
0.00193503
0.00195346
0.00196429
0.00196748
0.00196315
0.00195153
0.001933
0.00190802
0.0018772
0.00184131
0.00180136
0.00175889
0.00171645
0.00167861
0.00165371
0.00165668
0.00171303
0.00186368
0.00216959
0.00271411
0.00360082
0.00494449
0.00685528
0.00941831
0.0126739
0.0166043
0.0211313
0.0261258
0.0314254
0.0368584
0.0422639
0.0475068
0.052485
0.0571316
0.0614116
0.0653165
0.0688579
0.0720605
0.0749566
0.0775813
0.0799684
0.0821482
0.0841458
0.0859807
0.0876669
0.089213
0.0906235
0.0918995
0.0930395
0.0940405
0.0948987
0.09561
0.0961703
0.096576
0.0968238
0.0969107
0.0968342
0.0965921
0.0961824
0.0956033
0.0948534
0.0939318
0.092838
0.0915724
0.0901365
0.0885333
0.0867674
0.0848454
0.0827762
0.0805718
0.078248
0.0758252
0.0733303
0.0707992
0.0682784
0.065828
0.063521
0.06144
0.0596691
0.0582815
0.057326
0.0568168
0.0567297
0.0570085
0.0575777
0.0583558
0.0592669
0.0602481
0.0612517
0.0622444
0.0632045
0.0641193
0.0649816
0.0657886
0.0665395
0.0672354
0.0678782
0.0684703
0.0690146
0.0695142
0.069972
0.070391
0.0707742
0.071124
0.071443
0.0717334
0.0719972
0.0722363
4.18124e-08
4.50212e-08
4.81059e-08
5.10285e-08
5.37557e-08
5.62593e-08
5.85164e-08
6.05095e-08
6.22264e-08
6.36597e-08
6.48062e-08
6.56667e-08
6.62455e-08
6.65495e-08
6.65885e-08
6.63742e-08
6.59201e-08
6.52413e-08
6.43541e-08
6.3276e-08
6.20255e-08
6.06219e-08
5.90853e-08
5.7436e-08
5.5695e-08
5.38831e-08
5.20215e-08
5.0132e-08
4.82393e-08
4.63764e-08
4.46002e-08
4.30262e-08
4.19023e-08
4.17465e-08
4.35796e-08
4.92638e-08
6.19138e-08
8.62729e-08
1.28858e-07
1.97652e-07
3.01192e-07
4.47108e-07
6.40439e-07
8.82219e-07
1.16885e-06
1.4925e-06
1.84237e-06
2.20654e-06
2.57385e-06
2.93527e-06
3.28458e-06
3.61864e-06
3.93709e-06
4.24178e-06
4.5362e-06
4.82477e-06
5.11228e-06
5.40344e-06
5.7024e-06
6.01247e-06
6.33592e-06
6.67386e-06
7.02612e-06
7.3913e-06
7.76682e-06
8.149e-06
8.53325e-06
8.91429e-06
9.28636e-06
9.6435e-06
9.97978e-06
1.02896e-05
1.05677e-05
1.08097e-05
1.10118e-05
1.11713e-05
1.12862e-05
1.13556e-05
1.13795e-05
1.13587e-05
1.12949e-05
1.11904e-05
1.10486e-05
1.08737e-05
1.06716e-05
1.04512e-05
1.02279e-05
1.00306e-05
9.91485e-06
9.98611e-06
1.04363e-05
1.15947e-05
1.39874e-05
1.83916e-05
2.58567e-05
3.7663e-05
5.51943e-05
7.97266e-05
0.000112172
0.000152847
0.000201336
0.000256513
0.000316699
0.000379924
0.000444248
0.000508
0.00056994
0.000629327
0.000685908
0.000739847
0.000791633
0.000841971
0.000891687
0.000941632
0.000992621
0.00104536
0.00110038
0.00115805
0.00121852
0.00128171
0.00134732
0.00141485
0.0014836
0.00155273
0.00162125
0.00168811
0.00175222
0.00181251
0.00186793
0.00191756
0.00196058
0.00199631
0.00202422
0.00204397
0.00205537
0.00205838
0.00205314
0.00203991
0.0020191
0.00199124
0.00195698
0.00191717
0.0018729
0.00182581
0.00177858
0.00173597
0.00170668
0.00170623
0.00176115
0.00191403
0.0022283
0.00279082
0.00370945
0.00510368
0.00708797
0.0097503
0.0131315
0.017211
0.0219051
0.0270761
0.0325521
0.0381516
0.0437059
0.0490734
0.0541487
0.0588642
0.0631867
0.0671116
0.0706552
0.073848
0.0767278
0.0793345
0.0817063
0.083876
0.0858709
0.087711
0.0894102
0.0909765
0.092413
0.0937196
0.0948933
0.0959299
0.0968245
0.0975721
0.098168
0.0986082
0.0988889
0.099007
0.0989595
0.0987437
0.0983569
0.0977965
0.0970598
0.0961448
0.0950493
0.0937721
0.0923131
0.0906735
0.0888566
0.0868678
0.0847154
0.0824112
0.0799711
0.077417
0.0747778
0.0720923
0.0694114
0.0668003
0.0643386
0.0621158
0.0602227
0.0587382
0.0577148
0.0571674
0.0570694
0.0573605
0.0579592
0.0587781
0.0597361
0.0607656
0.0618157
0.0628507
0.0638479
0.0647937
0.065681
0.066507
0.0672716
0.0679764
0.0686239
0.0692175
0.0697606
0.0702572
0.0707108
0.071125
0.0715032
0.0718484
0.0721634
0.0724508
0.0727127
0.0729511
4.5853e-08
4.93004e-08
5.25982e-08
5.57054e-08
5.85873e-08
6.12151e-08
6.35661e-08
6.56237e-08
6.73766e-08
6.8819e-08
6.99495e-08
7.07705e-08
7.12878e-08
7.15101e-08
7.14487e-08
7.11165e-08
7.05283e-08
6.97003e-08
6.865e-08
6.7396e-08
6.59581e-08
6.43568e-08
6.26136e-08
6.07507e-08
5.87904e-08
5.67556e-08
5.46696e-08
5.25563e-08
5.04425e-08
4.83641e-08
4.6382e-08
4.46181e-08
4.33326e-08
4.30677e-08
4.48899e-08
5.07412e-08
6.38653e-08
8.91922e-08
1.3348e-07
2.04977e-07
3.12462e-07
4.63709e-07
6.63731e-07
9.13336e-07
1.2085e-06
1.5408e-06
1.89882e-06
2.2701e-06
2.64309e-06
3.00857e-06
3.36038e-06
3.69565e-06
4.01447e-06
4.31927e-06
4.61416e-06
4.90425e-06
5.19496e-06
5.49154e-06
5.79859e-06
6.11977e-06
6.45753e-06
6.81299e-06
7.18589e-06
7.57454e-06
7.97596e-06
8.38593e-06
8.79923e-06
9.20987e-06
9.61135e-06
9.99696e-06
1.03601e-05
1.06943e-05
1.09941e-05
1.12543e-05
1.1471e-05
1.16411e-05
1.17624e-05
1.18341e-05
1.18562e-05
1.18294e-05
1.17558e-05
1.1638e-05
1.14796e-05
1.12852e-05
1.10611e-05
1.08167e-05
1.05681e-05
1.03453e-05
1.02057e-05
1.02582e-05
1.07011e-05
1.18745e-05
1.43228e-05
1.88496e-05
2.65402e-05
3.87178e-05
5.6809e-05
8.21236e-05
0.000115587
0.000157497
0.000207389
0.000264056
0.000325716
0.0003903
0.000455783
0.000520437
0.000583
0.000642749
0.000699485
0.000753455
0.000805249
0.000855686
0.000905706
0.000956271
0.00100829
0.00106255
0.00111964
0.00117997
0.00124367
0.00131066
0.00138058
0.00145286
0.00152671
0.00160115
0.00167509
0.00174734
0.00181668
0.00188189
0.00194183
0.00199547
0.00204191
0.00208039
0.00211035
0.00213143
0.0021434
0.00214626
0.00214014
0.00212536
0.00210234
0.00207168
0.00203408
0.00199047
0.001942
0.00189041
0.00183851
0.00179128
0.00175774
0.00175403
0.0018077
0.00196301
0.00228595
0.00286684
0.00381784
0.00526309
0.00732112
0.0100825
0.0135879
0.0178138
0.0226697
0.0280093
0.0336502
0.0394018
0.045087
0.0505587
0.055709
0.0604706
0.0648131
0.0687364
0.0722629
0.075429
0.0782783
0.080856
0.0832039
0.0853576
0.0873456
0.0891883
0.090899
0.0924844
0.0939463
0.0952827
0.0964892
0.0975601
0.0984896
0.0992719
0.0999019
0.100375
0.100688
0.100837
0.100819
0.100631
0.10027
0.099733
0.0990158
0.098115
0.0970272
0.0957492
0.0942792
0.0926166
0.0907631
0.0887226
0.0865024
0.0841136
0.0815726
0.078902
0.0761327
0.0733061
0.0704774
0.0677169
0.0651104
0.0627544
0.0607462
0.0591704
0.0580827
0.057499
0.0573905
0.0576925
0.0583181
0.0591743
0.0601745
0.061247
0.0623378
0.0634092
0.0644372
0.0654077
0.0663137
0.0671528
0.0679252
0.0686332
0.0692804
0.0698705
0.0704082
0.0708977
0.0713436
0.0717498
0.0721203
0.0724586
0.0727677
0.0730503
0.0733089
0.0735455
4.98766e-08
5.35492e-08
5.7045e-08
6.03212e-08
6.3342e-08
6.60785e-08
6.85088e-08
7.06174e-08
7.23948e-08
7.38367e-08
7.49436e-08
7.57198e-08
7.61728e-08
7.63127e-08
7.61522e-08
7.57054e-08
7.49879e-08
7.4017e-08
7.28109e-08
7.1389e-08
6.97721e-08
6.79819e-08
6.60409e-08
6.39727e-08
6.18014e-08
5.95514e-08
5.7248e-08
5.49172e-08
5.25881e-08
5.02996e-08
4.81164e-08
4.61671e-08
4.47249e-08
4.43569e-08
4.61763e-08
5.22074e-08
6.5825e-08
9.21484e-08
1.38177e-07
2.12422e-07
3.23891e-07
4.80478e-07
6.87142e-07
9.44418e-07
1.2478e-06
1.58828e-06
1.95375e-06
2.33123e-06
2.70881e-06
3.0771e-06
3.43008e-06
3.76519e-06
4.08305e-06
4.38671e-06
4.68097e-06
4.97162e-06
5.26472e-06
5.56609e-06
5.88078e-06
6.21275e-06
6.56462e-06
6.93754e-06
7.3311e-06
7.74332e-06
8.17078e-06
8.6087e-06
9.05122e-06
9.49161e-06
9.92261e-06
1.03367e-05
1.07267e-05
1.10854e-05
1.14067e-05
1.16851e-05
1.19163e-05
1.20968e-05
1.22246e-05
1.22986e-05
1.23188e-05
1.22863e-05
1.22032e-05
1.20724e-05
1.18978e-05
1.16843e-05
1.14387e-05
1.1171e-05
1.08977e-05
1.06501e-05
1.04872e-05
1.05217e-05
1.0958e-05
1.21475e-05
1.46524e-05
1.93034e-05
2.72214e-05
3.97716e-05
5.84222e-05
8.45138e-05
0.00011898
0.000162097
0.000213342
0.000271419
0.000334441
0.000400237
0.000466697
0.000532041
0.000594993
0.000654859
0.000711504
0.000765266
0.000816847
0.000867185
0.000917341
0.000968387
0.00102133
0.00107703
0.00113614
0.00119907
0.001266
0.00133678
0.00141103
0.00148807
0.00156703
0.00164681
0.00172619
0.00180383
0.00187838
0.00194851
0.00201295
0.00207056
0.00212037
0.00216158
0.00219356
0.00221593
0.00222848
0.00223118
0.00222421
0.0022079
0.00218274
0.00214935
0.00210851
0.00206119
0.00200864
0.00195268
0.00189625
0.00184453
0.00180689
0.00180007
0.00185266
0.00201063
0.00234248
0.00294205
0.00392576
0.00542227
0.00755406
0.0104139
0.0140419
0.0184107
0.023423
0.0289227
0.0347174
0.0406067
0.0464058
0.0519629
0.057168
0.0619553
0.0662981
0.070202
0.0736956
0.076822
0.0796307
0.0821718
0.0844908
0.0866255
0.0886052
0.0904502
0.0921726
0.0937776
0.0952651
0.0966312
0.0978698
0.098974
0.0999368
0.100752
0.101414
0.101918
0.10226
0.102439
0.10245
0.10229
0.101956
0.101445
0.100751
0.0998695
0.0987962
0.0975259
0.0960547
0.0943801
0.092502
0.0904226
0.088148
0.0856885
0.0830602
0.0802866
0.0774001
0.0744448
0.0714798
0.0685805
0.0658387
0.0633575
0.0612411
0.0595791
0.0584308
0.0578126
0.0576939
0.0580056
0.0586558
0.0595457
0.0605839
0.0616946
0.0628209
0.0639233
0.0649765
0.0659663
0.0668857
0.0677325
0.0685078
0.0692146
0.0698571
0.0704401
0.0709687
0.0714482
0.0718837
0.0722798
0.0726407
0.0729704
0.0732722
0.0735491
0.0738035
0.0740375
5.38572e-08
5.77395e-08
6.14171e-08
6.48456e-08
6.79888e-08
7.08183e-08
7.33133e-08
7.54599e-08
7.72506e-08
7.86833e-08
7.97602e-08
8.04876e-08
8.08745e-08
8.09326e-08
8.06757e-08
8.01188e-08
7.92784e-08
7.81721e-08
7.68187e-08
7.52383e-08
7.34523e-08
7.1483e-08
6.93543e-08
6.70905e-08
6.47174e-08
6.22611e-08
5.97484e-08
5.72076e-08
5.46702e-08
5.21777e-08
4.9799e-08
4.76698e-08
4.60763e-08
4.56114e-08
4.74364e-08
5.3659e-08
6.77877e-08
9.51323e-08
1.42933e-07
2.19959e-07
3.35433e-07
4.97348e-07
7.10573e-07
9.75334e-07
1.28661e-06
1.63474e-06
2.00696e-06
2.38976e-06
2.77087e-06
3.14083e-06
3.49374e-06
3.82749e-06
4.14324e-06
4.4447e-06
4.73742e-06
5.02786e-06
5.32274e-06
5.62843e-06
5.95042e-06
6.29297e-06
6.65884e-06
7.04918e-06
7.46341e-06
7.89927e-06
8.35286e-06
8.81884e-06
9.29065e-06
9.76083e-06
1.02213e-05
1.06639e-05
1.10806e-05
1.14636e-05
1.18062e-05
1.21026e-05
1.23479e-05
1.25388e-05
1.26728e-05
1.2749e-05
1.27674e-05
1.27293e-05
1.26368e-05
1.24933e-05
1.23029e-05
1.20709e-05
1.18044e-05
1.15138e-05
1.12165e-05
1.09446e-05
1.07593e-05
1.07764e-05
1.12069e-05
1.24133e-05
1.49759e-05
1.97522e-05
2.78986e-05
4.08215e-05
6.00292e-05
8.68902e-05
0.000122343
0.000166634
0.000219178
0.000278586
0.000342858
0.000409721
0.000476986
0.000542824
0.000605953
0.000665715
0.000722055
0.000775408
0.000826593
0.000876675
0.000926834
0.000978255
0.00103204
0.00108912
0.0011502
0.00121573
0.00128586
0.00136045
0.00143902
0.00152084
0.00160492
0.00169004
0.00177484
0.00185786
0.0019376
0.00201261
0.00208149
0.00214303
0.00219616
0.00224002
0.00227397
0.0022976
0.00231068
0.00231322
0.0023054
0.00228759
0.00226033
0.00222428
0.00218028
0.00212936
0.00207285
0.00201264
0.00195182
0.00189575
0.00185415
0.00184437
0.00189605
0.00205685
0.00239784
0.00301632
0.00403296
0.00558084
0.00778614
0.0107435
0.0144921
0.0190002
0.024163
0.0298144
0.0357516
0.0417648
0.0476619
0.0532866
0.0585282
0.0633233
0.0676499
0.0715195
0.0749678
0.0780448
0.0808059
0.083306
0.0855937
0.0877087
0.0896807
0.0915291
0.0932646
0.0948905
0.0964044
0.0978005
0.099071
0.100207
0.101202
0.102047
0.102738
0.103271
0.103641
0.103846
0.103884
0.103752
0.103445
0.10296
0.102291
0.101433
0.100379
0.0991228
0.0976579
0.0959803
0.0940875
0.0919803
0.0896628
0.0871446
0.0844414
0.081577
0.0785852
0.0755127
0.0724221
0.0693938
0.0665255
0.0639271
0.0617087
0.0599655
0.05876
0.0581092
0.0579805
0.0583011
0.0589735
0.059894
0.0609662
0.0621108
0.0632679
0.0643963
0.06547
0.0664743
0.0674023
0.0682525
0.0690267
0.0697285
0.070363
0.0709358
0.0714528
0.0719201
0.0723434
0.0727278
0.0730779
0.073398
0.0736917
0.0739621
0.0742118
0.074443
0.0541316
0.0541492
0.0541655
0.0541807
0.0541946
0.0542075
0.0542192
0.0542298
0.0542393
0.0542479
0.0542555
0.0542621
0.0542678
0.0542726
0.0542766
0.0542799
0.0542824
0.0542842
0.0542854
0.0542859
0.054286
0.0542855
0.0542846
0.0542833
0.0542817
0.0542798
0.0542777
0.0542754
0.054273
0.0542705
0.054268
0.0542656
0.0542632
0.054261
0.0542589
0.0542571
0.0542556
0.0542544
0.0542536
0.0542532
0.057051
0.0570892
0.0571243
0.0571565
0.0571859
0.0572125
0.0572363
0.0572576
0.0572762
0.0572925
0.0573063
0.0573178
0.0573272
0.0573345
0.0573398
0.0573432
0.0573449
0.057345
0.0573435
0.0573407
0.0573366
0.0573314
0.0573252
0.0573182
0.0573105
0.0573022
0.0572935
0.0572845
0.0572754
0.0572663
0.0572573
0.0572486
0.0572404
0.0572327
0.0572257
0.0572196
0.0572145
0.0572105
0.0572077
0.0572063
0.0597428
0.0597993
0.0598513
0.0598989
0.0599422
0.0599812
0.0600162
0.0600473
0.0600745
0.060098
0.0601178
0.0601343
0.0601475
0.0601575
0.0601645
0.0601687
0.0601703
0.0601694
0.0601663
0.060161
0.0601539
0.0601451
0.0601348
0.0601233
0.0601107
0.0600973
0.0600832
0.0600688
0.0600542
0.0600396
0.0600253
0.0600115
0.0599983
0.0599861
0.059975
0.0599653
0.0599572
0.0599507
0.0599463
0.0599441
0.0621783
0.0622506
0.0623171
0.0623779
0.0624333
0.0624834
0.0625283
0.0625681
0.0626031
0.0626333
0.062659
0.0626803
0.0626974
0.0627105
0.0627198
0.0627255
0.0627278
0.062727
0.0627232
0.0627168
0.062708
0.062697
0.062684
0.0626695
0.0626535
0.0626365
0.0626186
0.0626003
0.0625816
0.062563
0.0625447
0.062527
0.0625102
0.0624946
0.0624803
0.0624678
0.0624573
0.0624491
0.0624433
0.0624404
0.0643467
0.0644319
0.0645104
0.0645823
0.0646479
0.0647074
0.0647608
0.0648084
0.0648503
0.0648868
0.064918
0.0649441
0.0649653
0.0649818
0.0649939
0.0650018
0.0650058
0.0650061
0.0650029
0.0649966
0.0649874
0.0649756
0.0649615
0.0649455
0.0649278
0.0649088
0.0648888
0.064868
0.0648469
0.0648258
0.064805
0.0647848
0.0647656
0.0647476
0.0647313
0.0647169
0.0647048
0.0646953
0.0646887
0.0646853
0.0662507
0.0663461
0.0664341
0.066515
0.066589
0.0666563
0.066717
0.0667713
0.0668194
0.0668616
0.066898
0.0669288
0.0669543
0.0669746
0.0669901
0.0670009
0.0670073
0.0670097
0.0670082
0.0670032
0.066995
0.0669838
0.0669701
0.0669541
0.0669363
0.0669168
0.0668961
0.0668746
0.0668526
0.0668304
0.0668085
0.0667872
0.0667668
0.0667477
0.0667303
0.0667149
0.066702
0.0666917
0.0666846
0.0666809
0.0679027
0.0680058
0.0681012
0.0681892
0.0682699
0.0683435
0.0684103
0.0684705
0.0685242
0.0685716
0.0686129
0.0686484
0.0686783
0.0687027
0.068722
0.0687363
0.068746
0.0687513
0.0687525
0.0687499
0.0687439
0.0687347
0.0687226
0.0687081
0.0686914
0.0686729
0.0686531
0.0686322
0.0686106
0.0685887
0.068567
0.0685457
0.0685254
0.0685062
0.0684887
0.0684731
0.06846
0.0684496
0.0684423
0.0684385
0.0693215
0.0694303
0.0695312
0.0696245
0.0697105
0.0697894
0.0698613
0.0699265
0.0699851
0.0700373
0.0700834
0.0701235
0.0701578
0.0701866
0.0702101
0.0702285
0.0702421
0.0702511
0.0702559
0.0702567
0.0702538
0.0702475
0.0702383
0.0702263
0.070212
0.0701958
0.070178
0.0701589
0.070139
0.0701186
0.0700982
0.0700781
0.0700587
0.0700404
0.0700236
0.0700086
0.0699959
0.0699858
0.0699787
0.069975
0.0705294
0.0706421
0.070747
0.0708444
0.0709345
0.0710176
0.0710938
0.0711634
0.0712264
0.0712832
0.0713337
0.0713784
0.0714173
0.0714506
0.0714786
0.0715015
0.0715195
0.0715328
0.0715418
0.0715467
0.0715478
0.0715454
0.0715399
0.0715315
0.0715206
0.0715075
0.0714927
0.0714765
0.0714592
0.0714413
0.0714231
0.0714051
0.0713875
0.0713709
0.0713555
0.0713417
0.0713299
0.0713205
0.0713139
0.0713105
0.0715501
0.0716653
0.0717729
0.0718733
0.0719667
0.0720532
0.0721331
0.0722065
0.0722736
0.0723346
0.0723896
0.0724387
0.0724822
0.0725202
0.0725529
0.0725805
0.0726033
0.0726214
0.0726352
0.0726448
0.0726505
0.0726526
0.0726515
0.0726473
0.0726406
0.0726315
0.0726205
0.0726079
0.072594
0.0725793
0.0725641
0.0725488
0.0725338
0.0725194
0.072506
0.0724939
0.0724835
0.0724752
0.0724693
0.0724662
0.072407
0.0725236
0.0726331
0.0727357
0.0728317
0.0729211
0.0730042
0.073081
0.0731519
0.0732168
0.073276
0.0733296
0.0733777
0.0734204
0.073458
0.0734906
0.0735185
0.0735417
0.0735605
0.0735752
0.0735859
0.073593
0.0735968
0.0735975
0.0735954
0.0735908
0.0735842
0.0735758
0.0735659
0.073555
0.0735434
0.0735314
0.0735194
0.0735077
0.0734967
0.0734868
0.0734781
0.0734711
0.0734661
0.0734634
0.0731222
0.0732397
0.0733504
0.0734546
0.0735526
0.0736445
0.0737304
0.0738105
0.0738848
0.0739536
0.0740169
0.0740748
0.0741275
0.074175
0.0742176
0.0742552
0.0742882
0.0743167
0.0743408
0.0743608
0.0743769
0.0743893
0.0743983
0.0744041
0.0744071
0.0744074
0.0744056
0.0744017
0.0743963
0.0743895
0.0743818
0.0743735
0.0743649
0.0743564
0.0743481
0.0743405
0.0743339
0.0743284
0.0743245
0.0743223
0.0737163
0.073834
0.0739455
0.074051
0.0741507
0.0742448
0.0743333
0.0744163
0.074494
0.0745665
0.0746338
0.074696
0.0747532
0.0748055
0.074853
0.0748958
0.074934
0.0749678
0.0749973
0.0750228
0.0750443
0.0750622
0.0750766
0.0750877
0.0750959
0.0751014
0.0751045
0.0751055
0.0751047
0.0751024
0.0750989
0.0750945
0.0750895
0.0750843
0.075079
0.0750741
0.0750696
0.0750658
0.075063
0.0750615
0.0742076
0.0743253
0.0744373
0.0745438
0.074645
0.074741
0.0748319
0.0749178
0.0749988
0.0750748
0.075146
0.0752124
0.075274
0.075331
0.0753834
0.0754313
0.0754747
0.0755139
0.0755488
0.0755797
0.0756068
0.0756301
0.07565
0.0756666
0.0756801
0.0756908
0.075699
0.0757049
0.0757088
0.0757111
0.0757119
0.0757115
0.0757104
0.0757086
0.0757064
0.0757042
0.075702
0.0757001
0.0756985
0.0756976
0.074612
0.0747295
0.0748419
0.0749493
0.0750519
0.0751498
0.075243
0.0753316
0.0754156
0.0754951
0.0755701
0.0756406
0.0757067
0.0757683
0.0758255
0.0758783
0.0759269
0.0759713
0.0760116
0.0760479
0.0760804
0.0761092
0.0761345
0.0761565
0.0761753
0.0761912
0.0762045
0.0762154
0.0762241
0.0762309
0.076236
0.0762398
0.0762425
0.0762442
0.0762452
0.0762457
0.0762459
0.0762459
0.0762456
0.0762453
5.00685e-11
1.7096e-10
3.17042e-10
4.92356e-10
7.01233e-10
9.48314e-10
1.23854e-09
1.57714e-09
1.96956e-09
2.42148e-09
2.93873e-09
3.52721e-09
4.19285e-09
4.9415e-09
5.77885e-09
6.71031e-09
7.7409e-09
8.87513e-09
1.01169e-08
1.14692e-08
1.29345e-08
1.45138e-08
1.62074e-08
1.80143e-08
1.99321e-08
2.19574e-08
2.40854e-08
2.63097e-08
2.86233e-08
3.10174e-08
3.34824e-08
3.60079e-08
3.85823e-08
4.11937e-08
4.38295e-08
4.64769e-08
4.91228e-08
5.1754e-08
5.43574e-08
5.69196e-08
5.81134e-11
1.98479e-10
3.68252e-10
5.72263e-10
8.15706e-10
1.10416e-09
1.44359e-09
1.84029e-09
2.30086e-09
2.83218e-09
3.44129e-09
4.13535e-09
4.92152e-09
5.80685e-09
6.79815e-09
7.90185e-09
9.12387e-09
1.04694e-08
1.19428e-08
1.35475e-08
1.52855e-08
1.71579e-08
1.91639e-08
2.13015e-08
2.3567e-08
2.59551e-08
2.84588e-08
3.10696e-08
3.37774e-08
3.65707e-08
3.94368e-08
4.23621e-08
4.5332e-08
4.83313e-08
5.13445e-08
5.43558e-08
5.73496e-08
6.03103e-08
6.32225e-08
6.60708e-08
6.69568e-11
2.28733e-10
4.24561e-10
6.60154e-10
9.4167e-10
1.27574e-09
1.66946e-09
2.13036e-09
2.66631e-09
3.28553e-09
3.99646e-09
4.80762e-09
5.72755e-09
6.76462e-09
7.92686e-09
9.22179e-09
1.06562e-08
1.2236e-08
1.39659e-08
1.58494e-08
1.78882e-08
2.00826e-08
2.24309e-08
2.49293e-08
2.75724e-08
3.03522e-08
3.32592e-08
3.62816e-08
3.94061e-08
4.26176e-08
4.58999e-08
4.92355e-08
5.26062e-08
5.59935e-08
5.93785e-08
6.27426e-08
6.60674e-08
6.93352e-08
7.25286e-08
7.56304e-08
7.65999e-11
2.61727e-10
4.85982e-10
7.56056e-10
1.07918e-09
1.46315e-09
1.91633e-09
2.4476e-09
3.06629e-09
3.78211e-09
4.60501e-09
5.54507e-09
6.61234e-09
7.8166e-09
9.1672e-09
1.06728e-08
1.2341e-08
1.41783e-08
1.61897e-08
1.83785e-08
2.07457e-08
2.32905e-08
2.60096e-08
2.88971e-08
3.19447e-08
3.51416e-08
3.84747e-08
4.19283e-08
4.54851e-08
4.91258e-08
5.28299e-08
5.65756e-08
6.0341e-08
6.41036e-08
6.78413e-08
7.15326e-08
7.51568e-08
7.86941e-08
8.21258e-08
8.54334e-08
8.70356e-11
2.97435e-10
5.52473e-10
8.59911e-10
1.22816e-09
1.6663e-09
2.18412e-09
2.79199e-09
3.50084e-09
4.32202e-09
5.26719e-09
6.34812e-09
7.57649e-09
8.96361e-09
1.05202e-08
1.2256e-08
1.41795e-08
1.62976e-08
1.86152e-08
2.11351e-08
2.38574e-08
2.67795e-08
2.98958e-08
3.31975e-08
3.6673e-08
4.03076e-08
4.40836e-08
4.79809e-08
5.19771e-08
5.60483e-08
6.01688e-08
6.43127e-08
6.84533e-08
7.25648e-08
7.66217e-08
8.05999e-08
8.44768e-08
8.82314e-08
9.18442e-08
9.52964e-08
9.8247e-11
3.35802e-10
6.23931e-10
9.71564e-10
1.3884e-09
1.88495e-09
2.47253e-09
3.16317e-09
3.96957e-09
4.90489e-09
5.98264e-09
7.21643e-09
8.61969e-09
1.02054e-08
1.19855e-08
1.3971e-08
1.6171e-08
1.85927e-08
2.12406e-08
2.41166e-08
2.7219e-08
3.05429e-08
3.40797e-08
3.7817e-08
4.17387e-08
4.58253e-08
5.00538e-08
5.43986e-08
5.88318e-08
6.33236e-08
6.78435e-08
7.23604e-08
7.68435e-08
8.12632e-08
8.55914e-08
8.98018e-08
9.38709e-08
9.77771e-08
1.01501e-07
1.05025e-07
1.10207e-10
3.76734e-10
7.00183e-10
1.09075e-09
1.55954e-09
2.11861e-09
2.78096e-09
3.56045e-09
4.47167e-09
5.52979e-09
6.75032e-09
8.14885e-09
9.74067e-09
1.15404e-08
1.35615e-08
1.58158e-08
1.83131e-08
2.10603e-08
2.40613e-08
2.73164e-08
3.08217e-08
3.4569e-08
3.85459e-08
4.27351e-08
4.71154e-08
5.16611e-08
5.63433e-08
6.11299e-08
6.59867e-08
7.08779e-08
7.57672e-08
8.06188e-08
8.53978e-08
9.00715e-08
9.46095e-08
9.89847e-08
1.03173e-07
1.07155e-07
1.10911e-07
1.14427e-07
1.22875e-10
4.20095e-10
7.80981e-10
1.21709e-09
1.74105e-09
2.36658e-09
3.10854e-09
3.98272e-09
5.00583e-09
6.19518e-09
7.56844e-09
9.14331e-09
1.0937e-08
1.29659e-08
1.52448e-08
1.77865e-08
2.06007e-08
2.36942e-08
2.70695e-08
3.07246e-08
3.46525e-08
3.88411e-08
4.32728e-08
4.79246e-08
5.27688e-08
5.7773e-08
6.29008e-08
6.81131e-08
7.33688e-08
7.86257e-08
8.3842e-08
8.89771e-08
9.39927e-08
9.88537e-08
1.03529e-07
1.07991e-07
1.12217e-07
1.1619e-07
1.19895e-07
1.23318e-07
1.362e-10
4.65709e-10
8.65997e-10
1.35008e-09
1.93221e-09
2.62792e-09
3.45403e-09
4.42849e-09
5.57022e-09
6.89886e-09
8.43441e-09
1.01968e-08
1.22052e-08
1.44778e-08
1.70306e-08
1.98769e-08
2.30267e-08
2.64855e-08
3.0254e-08
3.43271e-08
3.8694e-08
4.33371e-08
4.82329e-08
5.33515e-08
5.86574e-08
6.41103e-08
6.96659e-08
7.52772e-08
8.08958e-08
8.64731e-08
9.19619e-08
9.73178e-08
1.025e-07
1.07471e-07
1.12202e-07
1.16666e-07
1.20844e-07
1.24722e-07
1.2829e-07
1.31539e-07
1.50117e-10
5.13352e-10
9.54816e-10
1.48907e-09
2.13211e-09
2.9014e-09
3.81587e-09
4.89577e-09
6.16242e-09
7.63794e-09
9.34476e-09
1.13051e-08
1.35404e-08
1.60702e-08
1.89118e-08
2.2079e-08
2.55811e-08
2.94221e-08
3.36001e-08
3.8106e-08
4.29238e-08
4.80298e-08
5.33929e-08
5.89752e-08
6.47325e-08
7.06155e-08
7.65712e-08
8.25441e-08
8.84787e-08
9.43203e-08
1.00017e-07
1.05521e-07
1.10791e-07
1.1579e-07
1.2049e-07
1.24869e-07
1.28912e-07
1.3261e-07
1.3596e-07
1.38961e-07
1.64545e-10
5.62754e-10
1.04694e-09
1.63329e-09
2.33965e-09
3.18553e-09
4.19214e-09
5.38214e-09
6.77943e-09
8.40874e-09
1.02951e-08
1.24631e-08
1.49362e-08
1.77358e-08
2.08798e-08
2.43822e-08
2.82513e-08
3.24889e-08
3.70893e-08
4.20389e-08
4.7315e-08
5.28865e-08
5.87137e-08
6.47494e-08
7.09394e-08
7.72247e-08
8.35431e-08
8.98307e-08
9.60249e-08
1.02065e-07
1.07897e-07
1.13471e-07
1.18744e-07
1.23685e-07
1.28268e-07
1.32476e-07
1.36302e-07
1.39744e-07
1.42806e-07
1.45495e-07
1.79393e-10
6.13594e-10
1.14176e-09
1.78181e-09
2.5535e-09
3.47854e-09
4.58051e-09
5.88466e-09
7.4176e-09
9.20679e-09
1.128e-08
1.36642e-08
1.6385e-08
1.94653e-08
2.29236e-08
2.67736e-08
3.10218e-08
3.56673e-08
4.06997e-08
4.60993e-08
5.18361e-08
5.78699e-08
6.41512e-08
7.06222e-08
7.72182e-08
8.38697e-08
9.05048e-08
9.70518e-08
1.03441e-07
1.09609e-07
1.15498e-07
1.21058e-07
1.26252e-07
1.3105e-07
1.35433e-07
1.39393e-07
1.42929e-07
1.4605e-07
1.48766e-07
1.51095e-07
1.94553e-10
6.65507e-10
1.23861e-09
1.93357e-09
2.77216e-09
3.77837e-09
4.97829e-09
6.39989e-09
8.07262e-09
1.00268e-08
1.2293e-08
1.49007e-08
1.78776e-08
2.12477e-08
2.50301e-08
2.92375e-08
3.38743e-08
3.89356e-08
4.44055e-08
5.02571e-08
5.64514e-08
6.29382e-08
6.9657e-08
7.65383e-08
8.35059e-08
9.04797e-08
9.73785e-08
1.04123e-07
1.10638e-07
1.16858e-07
1.22724e-07
1.28191e-07
1.33223e-07
1.378e-07
1.4191e-07
1.45555e-07
1.48743e-07
1.51492e-07
1.53823e-07
1.55761e-07
2.09904e-10
7.18079e-10
1.33672e-09
2.08737e-09
2.9939e-09
4.08267e-09
5.3824e-09
6.92389e-09
8.73954e-09
1.08627e-08
1.33267e-08
1.61636e-08
1.9403e-08
2.30701e-08
2.7184e-08
3.1756e-08
3.67876e-08
4.22689e-08
4.81776e-08
5.44781e-08
6.11215e-08
6.80463e-08
7.51795e-08
8.24393e-08
8.97378e-08
9.69841e-08
1.04088e-07
1.10964e-07
1.17533e-07
1.23729e-07
1.29495e-07
1.34791e-07
1.39589e-07
1.43877e-07
1.47654e-07
1.50932e-07
1.53729e-07
1.56074e-07
1.57998e-07
1.59533e-07
2.25313e-10
7.70855e-10
1.43524e-09
2.24187e-09
3.2168e-09
4.38883e-09
5.7894e-09
7.45223e-09
9.4128e-09
1.17075e-08
1.43726e-08
1.74427e-08
2.09491e-08
2.49179e-08
2.93681e-08
3.43087e-08
3.97376e-08
4.56393e-08
5.19836e-08
5.87254e-08
6.58042e-08
7.31461e-08
8.06651e-08
8.82663e-08
9.58498e-08
1.03314e-07
1.10562e-07
1.17502e-07
1.24055e-07
1.30154e-07
1.35749e-07
1.40806e-07
1.45308e-07
1.49253e-07
1.52652e-07
1.55527e-07
1.5791e-07
1.59838e-07
1.6135e-07
1.62487e-07
2.40638e-10
8.23345e-10
1.53324e-09
2.39564e-09
3.43879e-09
4.69401e-09
6.19551e-09
7.98004e-09
1.00862e-08
1.25536e-08
1.54212e-08
1.87263e-08
2.25019e-08
2.67747e-08
3.15628e-08
3.68728e-08
4.26981e-08
4.90165e-08
5.57889e-08
6.29593e-08
7.0455e-08
7.81884e-08
8.60597e-08
9.39609e-08
1.0178e-07
1.09407e-07
1.16737e-07
1.23675e-07
1.30144e-07
1.36081e-07
1.41443e-07
1.46205e-07
1.50363e-07
1.53927e-07
1.5692e-07
1.59377e-07
1.6134e-07
1.62854e-07
1.63967e-07
1.64725e-07
2.55726e-10
8.75028e-10
1.62976e-09
2.54715e-09
3.65767e-09
4.99517e-09
6.5967e-09
8.50208e-09
1.07531e-08
1.33925e-08
1.64623e-08
2.00021e-08
2.40465e-08
2.86226e-08
3.37471e-08
3.94239e-08
4.56407e-08
5.23678e-08
5.95565e-08
6.71386e-08
7.50282e-08
8.31234e-08
9.13102e-08
9.94673e-08
1.07472e-07
1.15205e-07
1.22557e-07
1.29433e-07
1.35758e-07
1.41477e-07
1.46555e-07
1.50982e-07
1.54764e-07
1.57925e-07
1.60503e-07
1.62542e-07
1.64095e-07
1.65215e-07
1.65956e-07
1.66366e-07
2.70422e-10
9.25369e-10
1.72379e-09
2.69481e-09
3.87112e-09
5.28912e-09
6.98872e-09
9.01281e-09
1.14064e-08
1.42155e-08
1.74849e-08
2.12567e-08
2.55667e-08
3.04423e-08
3.58986e-08
4.19356e-08
4.85352e-08
5.56593e-08
6.32483e-08
7.12214e-08
7.94783e-08
8.79025e-08
9.63656e-08
1.04734e-07
1.12874e-07
1.20659e-07
1.27979e-07
1.3474e-07
1.40871e-07
1.46327e-07
1.51086e-07
1.5515e-07
1.58541e-07
1.61297e-07
1.63466e-07
1.65104e-07
1.66273e-07
1.6703e-07
1.67434e-07
1.67536e-07
2.84569e-10
9.73829e-10
1.81432e-09
2.83703e-09
4.07683e-09
5.57265e-09
7.36722e-09
9.50654e-09
1.20389e-08
1.50133e-08
1.84776e-08
2.2476e-08
2.70457e-08
3.22138e-08
3.79936e-08
4.43808e-08
5.13508e-08
5.88561e-08
6.68258e-08
7.51656e-08
8.37605e-08
9.2479e-08
1.01179e-07
1.09714e-07
1.17942e-07
1.25732e-07
1.32972e-07
1.39572e-07
1.45471e-07
1.50634e-07
1.55053e-07
1.58745e-07
1.61746e-07
1.64107e-07
1.65889e-07
1.67156e-07
1.67976e-07
1.68411e-07
1.6852e-07
1.68356e-07
2.98016e-10
1.01989e-09
1.90037e-09
2.97225e-09
4.27252e-09
5.84256e-09
7.72792e-09
9.97763e-09
1.26431e-08
1.57766e-08
1.94288e-08
2.36458e-08
2.84663e-08
3.39168e-08
4.00083e-08
4.67319e-08
5.4056e-08
6.19233e-08
7.02507e-08
7.89303e-08
8.7832e-08
9.68096e-08
1.05707e-07
1.14368e-07
1.22641e-07
1.30394e-07
1.37515e-07
1.43922e-07
1.49563e-07
1.54417e-07
1.5849e-07
1.61814e-07
1.64441e-07
1.66433e-07
1.6786e-07
1.68796e-07
1.6931e-07
1.69467e-07
1.69327e-07
1.68941e-07
3.10621e-10
1.06306e-09
1.98103e-09
3.09902e-09
4.45604e-09
6.09586e-09
8.06672e-09
1.04206e-08
1.32121e-08
1.64965e-08
2.03271e-08
2.47524e-08
2.98117e-08
3.55311e-08
4.19191e-08
4.89618e-08
5.66201e-08
6.48268e-08
7.34863e-08
8.24766e-08
9.1653e-08
1.00855e-07
1.09913e-07
1.18662e-07
1.26944e-07
1.34627e-07
1.41601e-07
1.47794e-07
1.53164e-07
1.57706e-07
1.61441e-07
1.64417e-07
1.66697e-07
1.68355e-07
1.6947e-07
1.70119e-07
1.70375e-07
1.70302e-07
1.69958e-07
1.6939e-07
3.22264e-10
1.10293e-09
2.05551e-09
3.21606e-09
4.6255e-09
6.32985e-09
8.37994e-09
1.08306e-08
1.37394e-08
1.71646e-08
2.11622e-08
2.57825e-08
3.10659e-08
3.70376e-08
4.37034e-08
5.10445e-08
5.90139e-08
6.75343e-08
7.64978e-08
8.57684e-08
9.51872e-08
1.0458e-07
1.13765e-07
1.2257e-07
1.30832e-07
1.3842e-07
1.45231e-07
1.512e-07
1.56301e-07
1.60541e-07
1.63959e-07
1.66615e-07
1.68586e-07
1.69954e-07
1.70803e-07
1.71215e-07
1.7126e-07
1.71004e-07
1.70499e-07
1.69791e-07
3.32853e-10
1.13918e-09
2.12319e-09
3.32238e-09
4.77941e-09
6.54239e-09
8.66457e-09
1.12035e-08
1.42195e-08
1.77738e-08
2.19248e-08
2.67248e-08
3.22146e-08
3.84191e-08
4.53409e-08
5.29563e-08
6.12106e-08
7.00164e-08
7.92537e-08
8.87733e-08
9.84025e-08
1.07954e-07
1.17238e-07
1.26071e-07
1.34293e-07
1.41772e-07
1.48412e-07
1.54161e-07
1.59004e-07
1.62966e-07
1.66097e-07
1.68473e-07
1.70178e-07
1.71303e-07
1.71937e-07
1.7216e-07
1.72044e-07
1.71649e-07
1.71025e-07
1.70212e-07
3.42333e-10
1.17162e-09
2.18371e-09
3.41735e-09
4.91679e-09
6.73203e-09
8.91851e-09
1.15363e-08
1.46485e-08
1.83187e-08
2.26079e-08
2.75699e-08
3.32464e-08
3.96613e-08
4.68144e-08
5.4677e-08
6.3187e-08
7.22473e-08
8.17266e-08
9.14631e-08
1.01271e-07
1.10953e-07
1.2031e-07
1.29153e-07
1.37321e-07
1.44685e-07
1.51159e-07
1.56701e-07
1.6131e-07
1.65024e-07
1.67908e-07
1.70047e-07
1.71535e-07
1.72468e-07
1.72936e-07
1.7302e-07
1.72788e-07
1.72297e-07
1.71592e-07
1.70708e-07
3.50703e-10
1.20023e-09
2.23702e-09
3.50088e-09
5.03742e-09
6.8983e-09
9.14099e-09
1.18278e-08
1.50242e-08
1.87963e-08
2.32071e-08
2.83121e-08
3.41534e-08
4.07539e-08
4.8111e-08
5.61909e-08
6.49247e-08
7.42064e-08
8.3894e-08
9.38146e-08
1.03772e-07
1.13558e-07
1.22965e-07
1.31804e-07
1.39912e-07
1.47166e-07
1.53487e-07
1.58845e-07
1.63252e-07
1.66758e-07
1.69439e-07
1.71389e-07
1.7271e-07
1.73501e-07
1.73852e-07
1.73843e-07
1.73538e-07
1.72991e-07
1.72241e-07
1.7132e-07
3.58024e-10
1.22523e-09
2.28348e-09
3.57347e-09
5.14194e-09
7.042e-09
9.33283e-09
1.20787e-08
1.53473e-08
1.92068e-08
2.37221e-08
2.89499e-08
3.49327e-08
4.16923e-08
4.92236e-08
5.74884e-08
6.64115e-08
7.58788e-08
8.57394e-08
9.58104e-08
1.05886e-07
1.15751e-07
1.25193e-07
1.34019e-07
1.42068e-07
1.49223e-07
1.55413e-07
1.60618e-07
1.64861e-07
1.68202e-07
1.70727e-07
1.72539e-07
1.73743e-07
1.7444e-07
1.74721e-07
1.74663e-07
1.74327e-07
1.73761e-07
1.73001e-07
1.72073e-07
3.64435e-10
1.24708e-09
2.32395e-09
3.63644e-09
5.23218e-09
7.16547e-09
9.49695e-09
1.22926e-08
1.56218e-08
1.95545e-08
2.41571e-08
2.94872e-08
3.55873e-08
4.24783e-08
5.01523e-08
5.85673e-08
6.76426e-08
7.72574e-08
8.72531e-08
9.74394e-08
1.07604e-07
1.17524e-07
1.26984e-07
1.35792e-07
1.4379e-07
1.50863e-07
1.5695e-07
1.62037e-07
1.66159e-07
1.69382e-07
1.71802e-07
1.73525e-07
1.74661e-07
1.75311e-07
1.75565e-07
1.75499e-07
1.75169e-07
1.74621e-07
1.73885e-07
1.72982e-07
3.70171e-10
1.26658e-09
2.35991e-09
3.69203e-09
5.3113e-09
7.27294e-09
9.63875e-09
1.2476e-08
1.58555e-08
1.98485e-08
2.45222e-08
2.99346e-08
3.6128e-08
4.31217e-08
5.09056e-08
5.94341e-08
6.86219e-08
7.83431e-08
8.84337e-08
9.86979e-08
1.08918e-07
1.18869e-07
1.28335e-07
1.37123e-07
1.45078e-07
1.52091e-07
1.58106e-07
1.63116e-07
1.67161e-07
1.70316e-07
1.7268e-07
1.74363e-07
1.75477e-07
1.76124e-07
1.76392e-07
1.76355e-07
1.76067e-07
1.7557e-07
1.7489e-07
1.74045e-07
3.75577e-10
1.28491e-09
2.39354e-09
3.74365e-09
5.38412e-09
7.3709e-09
9.76664e-09
1.26395e-08
1.60613e-08
2.01036e-08
2.48341e-08
3.03104e-08
3.65737e-08
4.36417e-08
5.15018e-08
6.01053e-08
6.93635e-08
7.91471e-08
8.92888e-08
9.95902e-08
1.09832e-07
1.19788e-07
1.29245e-07
1.3801e-07
1.45933e-07
1.52909e-07
1.58884e-07
1.63858e-07
1.67873e-07
1.71008e-07
1.73365e-07
1.75056e-07
1.76191e-07
1.76875e-07
1.77194e-07
1.7722e-07
1.77007e-07
1.76592e-07
1.76e-07
1.75245e-07
3.81126e-10
1.30369e-09
2.42783e-09
3.79596e-09
5.45736e-09
7.46849e-09
9.89254e-09
1.27982e-08
1.62572e-08
2.03412e-08
2.51171e-08
3.06412e-08
3.69528e-08
4.40674e-08
5.19696e-08
6.06082e-08
6.98924e-08
7.9691e-08
8.98363e-08
1.0013e-07
1.10354e-07
1.20287e-07
1.29716e-07
1.38455e-07
1.46354e-07
1.53313e-07
1.59282e-07
1.64259e-07
1.6829e-07
1.71453e-07
1.7385e-07
1.75592e-07
1.76791e-07
1.77548e-07
1.77952e-07
1.78071e-07
1.77961e-07
1.77657e-07
1.77182e-07
1.76549e-07
3.87433e-10
1.32501e-09
2.46672e-09
3.85517e-09
5.53995e-09
7.57789e-09
1.00324e-08
1.29719e-08
1.64676e-08
2.059e-08
2.54038e-08
3.0963e-08
3.73037e-08
4.44384e-08
5.23488e-08
6.09816e-08
7.02448e-08
8.0008e-08
9.01053e-08
1.00342e-07
1.10506e-07
1.2038e-07
1.29759e-07
1.38461e-07
1.46342e-07
1.53301e-07
1.59291e-07
1.64309e-07
1.68398e-07
1.71634e-07
1.74115e-07
1.75951e-07
1.77251e-07
1.78115e-07
1.78632e-07
1.78873e-07
1.78889e-07
1.7872e-07
1.78388e-07
1.77903e-07
3.9527e-10
1.35154e-09
2.51519e-09
3.92912e-09
5.64329e-09
7.71469e-09
1.02065e-08
1.31862e-08
1.67234e-08
2.08858e-08
2.57347e-08
3.13199e-08
3.76734e-08
4.48034e-08
5.26887e-08
6.12741e-08
7.04679e-08
8.01422e-08
9.01362e-08
1.00262e-07
1.10317e-07
1.20092e-07
1.29392e-07
1.3804e-07
1.45899e-07
1.5287e-07
1.58903e-07
1.63993e-07
1.68178e-07
1.71526e-07
1.74132e-07
1.761e-07
1.77535e-07
1.78538e-07
1.79195e-07
1.79578e-07
1.79742e-07
1.79726e-07
1.79556e-07
1.79242e-07
4.05568e-10
1.38649e-09
2.57933e-09
4.02756e-09
5.78155e-09
7.89827e-09
1.044e-08
1.34724e-08
1.70616e-08
2.1271e-08
2.61568e-08
3.17629e-08
3.81155e-08
4.52179e-08
5.30455e-08
6.15419e-08
7.06169e-08
8.01476e-08
8.99808e-08
9.99392e-08
1.09831e-07
1.19462e-07
1.28645e-07
1.37216e-07
1.4504e-07
1.52023e-07
1.58111e-07
1.63295e-07
1.67604e-07
1.711e-07
1.73866e-07
1.76e-07
1.77602e-07
1.7877e-07
1.7959e-07
1.80135e-07
1.80461e-07
1.80612e-07
1.80615e-07
1.80485e-07
4.19413e-10
1.43365e-09
2.66642e-09
4.16219e-09
5.97186e-09
8.15188e-09
1.07626e-08
1.3866e-08
1.75235e-08
2.17918e-08
2.672e-08
3.23444e-08
3.86845e-08
4.57379e-08
5.34765e-08
6.18434e-08
7.07516e-08
8.00847e-08
8.96999e-08
9.94331e-08
1.09107e-07
1.18543e-07
1.27568e-07
1.36028e-07
1.43796e-07
1.50779e-07
1.56923e-07
1.6221e-07
1.66662e-07
1.70328e-07
1.73281e-07
1.75609e-07
1.77406e-07
1.78763e-07
1.79766e-07
1.80487e-07
1.80986e-07
1.8131e-07
1.81492e-07
1.8155e-07
4.38013e-10
1.49732e-09
2.78495e-09
4.34686e-09
6.23423e-09
8.50188e-09
1.12064e-08
1.44043e-08
1.81495e-08
2.24907e-08
2.74679e-08
3.31089e-08
3.94256e-08
4.64097e-08
5.40303e-08
6.22307e-08
7.09285e-08
8.00154e-08
8.93608e-08
9.8816e-08
1.08221e-07
1.17412e-07
1.26234e-07
1.34544e-07
1.42225e-07
1.49186e-07
1.5537e-07
1.60756e-07
1.65353e-07
1.69198e-07
1.72354e-07
1.74895e-07
1.76906e-07
1.78471e-07
1.79673e-07
1.80582e-07
1.81261e-07
1.81761e-07
1.82119e-07
1.82359e-07
6.03669e-08
6.4566e-08
6.85128e-08
7.21613e-08
7.54758e-08
7.84298e-08
8.10054e-08
8.31922e-08
8.49864e-08
8.63895e-08
8.74072e-08
8.80486e-08
8.83255e-08
8.82511e-08
8.78411e-08
8.71115e-08
8.60793e-08
8.47627e-08
8.31812e-08
8.13551e-08
7.93066e-08
7.7059e-08
7.46371e-08
7.20672e-08
6.93767e-08
6.65945e-08
6.37503e-08
6.08755e-08
5.80055e-08
5.51867e-08
5.24948e-08
5.00774e-08
4.82432e-08
4.76286e-08
4.94762e-08
5.60346e-08
7.10354e-08
1.00106e-07
1.50881e-07
2.32548e-07
3.54664e-07
5.25346e-07
7.49262e-07
1.02606e-06
1.34983e-06
1.70975e-06
2.09199e-06
2.48217e-06
2.8675e-06
3.23844e-06
3.58945e-06
3.91907e-06
4.22946e-06
4.52557e-06
4.81418e-06
5.10299e-06
5.39982e-06
5.71192e-06
6.04552e-06
6.40534e-06
6.79437e-06
7.21372e-06
7.6625e-06
8.1379e-06
8.63522e-06
9.1481e-06
9.66881e-06
1.01886e-05
1.06981e-05
1.11878e-05
1.16484e-05
1.20712e-05
1.24486e-05
1.27739e-05
1.3042e-05
1.32491e-05
1.33928e-05
1.3472e-05
1.34871e-05
1.34396e-05
1.3332e-05
1.3168e-05
1.2952e-05
1.26901e-05
1.23898e-05
1.20624e-05
1.17265e-05
1.14156e-05
1.11941e-05
1.11836e-05
1.16057e-05
1.28413e-05
1.55009e-05
2.04857e-05
2.90109e-05
4.25494e-05
6.26729e-05
9.07917e-05
0.000127844
0.000174022
0.000228626
0.000290103
0.000356263
0.000424668
0.000492997
0.000559353
0.000622459
0.000681729
0.000737228
0.000789578
0.000839809
0.000889202
0.000939149
0.000991019
0.00104607
0.00110535
0.00116967
0.00123948
0.00131495
0.00139587
0.00148167
0.00157147
0.00166409
0.00175811
0.00185193
0.00194386
0.00203216
0.00211516
0.00219131
0.00225921
0.00231768
0.00236578
0.00240283
0.00242838
0.00244224
0.00244442
0.00243517
0.00241492
0.00238424
0.0023439
0.00229481
0.00223809
0.0021752
0.00210817
0.00204028
0.00197724
0.00192933
0.00191489
0.00196532
0.00213108
0.00248749
0.00313759
0.00420896
0.0058418
0.00816809
0.011285
0.0152294
0.0199617
0.0253637
0.031252
0.037407
0.0436034
0.0496378
0.055348
0.060623
0.0654037
0.0696772
0.0734667
0.0768207
0.0798009
0.082473
0.0848991
0.0871329
0.0892162
0.0911781
0.0930362
0.0947977
0.0964619
0.0980224
0.0994697
0.100793
0.101981
0.103025
0.103918
0.104654
0.105229
0.105641
0.105888
0.105969
0.105881
0.10562
0.105182
0.104559
0.103743
0.102727
0.101501
0.100056
0.0983853
0.0964819
0.0943436
0.0919718
0.0893739
0.0865646
0.083568
0.0804198
0.0771705
0.0738884
0.0706619
0.0675981
0.0648173
0.0624402
0.0605703
0.0592755
0.0585737
0.0584291
0.0587625
0.0594684
0.0604347
0.0615575
0.0627515
0.0639527
0.0651171
0.0662174
0.0672388
0.0681747
0.0690246
0.0697913
0.0704799
0.0710968
0.0716492
0.072144
0.0725882
0.0729882
0.0733504
0.0736803
0.0739827
0.0742615
0.0745201
0.074761
0.0749865
6.98771e-08
7.44656e-08
7.87276e-08
8.26173e-08
8.61029e-08
8.91634e-08
9.17877e-08
9.39725e-08
9.57211e-08
9.70413e-08
9.79445e-08
9.84443e-08
9.85554e-08
9.82937e-08
9.76752e-08
9.67166e-08
9.54346e-08
9.38468e-08
9.19718e-08
8.98292e-08
8.74406e-08
8.48293e-08
8.20208e-08
7.90428e-08
7.5925e-08
7.26993e-08
6.93993e-08
6.60613e-08
6.27264e-08
5.94485e-08
5.63144e-08
5.34908e-08
5.13223e-08
5.05152e-08
5.24406e-08
5.95689e-08
7.59785e-08
1.07782e-07
1.63208e-07
2.52041e-07
3.84274e-07
5.68092e-07
8.07694e-07
1.10167e-06
1.44253e-06
1.8176e-06
2.2114e-06
2.60828e-06
2.99488e-06
3.36177e-06
3.70427e-06
4.02236e-06
4.32004e-06
4.60425e-06
4.88377e-06
5.16812e-06
5.46668e-06
5.78795e-06
6.1391e-06
6.52544e-06
6.95018e-06
7.41428e-06
7.91634e-06
8.45261e-06
9.01711e-06
9.60186e-06
1.01972e-05
1.07925e-05
1.13762e-05
1.19367e-05
1.24631e-05
1.2945e-05
1.33735e-05
1.37412e-05
1.40421e-05
1.42722e-05
1.44291e-05
1.45119e-05
1.45211e-05
1.44589e-05
1.43282e-05
1.41333e-05
1.38796e-05
1.35737e-05
1.32242e-05
1.28433e-05
1.24512e-05
1.20841e-05
1.18108e-05
1.17617e-05
1.21745e-05
1.34586e-05
1.62697e-05
2.15763e-05
3.06801e-05
4.51515e-05
6.66498e-05
9.6634e-05
0.000136022
0.000184895
0.000242349
0.000306553
0.000375025
0.000445068
0.00051418
0.000580395
0.000642489
0.000700044
0.000753388
0.00080346
0.000851634
0.000899528
0.000948842
0.00100121
0.0010581
0.00112074
0.00119
0.00126642
0.0013501
0.00144075
0.00153764
0.00163965
0.00174531
0.00185287
0.00196036
0.00206571
0.00216684
0.00226176
0.00234862
0.00242581
0.00249201
0.00254615
0.00258752
0.00261565
0.00263039
0.00263181
0.00262024
0.0025962
0.00256039
0.00251368
0.00245711
0.00239195
0.0023198
0.00224292
0.00216487
0.00209184
0.00203498
0.00201417
0.00206345
0.00223763
0.00261846
0.00331766
0.00447306
0.00623515
0.0087436
0.0120978
0.0163289
0.0213826
0.0271177
0.0333237
0.0397544
0.0461623
0.0523294
0.0580886
0.0633337
0.0680183
0.0721477
0.0757664
0.078943
0.0817573
0.0842887
0.0866082
0.088774
0.0908278
0.0927953
0.0946882
0.0965069
0.0982429
0.099883
0.101411
0.102813
0.104073
0.105181
0.10613
0.106916
0.107537
0.107992
0.108284
0.108411
0.108374
0.10817
0.107794
0.107239
0.106494
0.105549
0.104388
0.103
0.10137
0.0994873
0.0973428
0.0949333
0.0922618
0.0893405
0.0861927
0.0828561
0.0793858
0.075858
0.0723722
0.0690493
0.0660247
0.0634341
0.0613933
0.0599774
0.0592061
0.0590389
0.0593874
0.0601349
0.0611573
0.0623407
0.0635916
0.0648403
0.0660397
0.067161
0.0681894
0.0691194
0.069952
0.0706922
0.0713474
0.071926
0.0724373
0.0728902
0.0732933
0.0736546
0.0739814
0.07428
0.0745555
0.0748124
0.075054
0.075283
0.0755012
7.97445e-08
8.46483e-08
8.91443e-08
9.31912e-08
9.67644e-08
9.98521e-08
1.02453e-07
1.04572e-07
1.06223e-07
1.07419e-07
1.0818e-07
1.08521e-07
1.08462e-07
1.08019e-07
1.07208e-07
1.06045e-07
1.04543e-07
1.0272e-07
1.0059e-07
9.81708e-08
9.54816e-08
9.25444e-08
8.93839e-08
8.6028e-08
8.2508e-08
7.88581e-08
7.51159e-08
7.13225e-08
6.75254e-08
6.37869e-08
6.02068e-08
5.69741e-08
5.44759e-08
5.34994e-08
5.55646e-08
6.33952e-08
8.14609e-08
1.16412e-07
1.77112e-07
2.73957e-07
4.17319e-07
6.15302e-07
8.71395e-07
1.1828e-06
1.54006e-06
1.92845e-06
2.3307e-06
2.72998e-06
3.11254e-06
3.46952e-06
3.79754e-06
4.09852e-06
4.37867e-06
4.64723e-06
4.91512e-06
5.19374e-06
5.49402e-06
5.82566e-06
6.19667e-06
6.61292e-06
7.07778e-06
7.592e-06
8.15356e-06
8.75763e-06
9.39673e-06
1.0061e-05
1.07387e-05
1.14167e-05
1.20812e-05
1.27185e-05
1.33154e-05
1.386e-05
1.43422e-05
1.47535e-05
1.50877e-05
1.53405e-05
1.55095e-05
1.55943e-05
1.55958e-05
1.55167e-05
1.53605e-05
1.51324e-05
1.48383e-05
1.44858e-05
1.40842e-05
1.36471e-05
1.31961e-05
1.27702e-05
1.24432e-05
1.23552e-05
1.27619e-05
1.4104e-05
1.70877e-05
2.27546e-05
3.24999e-05
4.7996e-05
7.09876e-05
0.000102969
0.00014481
0.000196439
0.000256696
0.000323417
0.000393797
0.000464867
0.000533964
0.000599099
0.000659171
0.000714008
0.000764273
0.000811288
0.000856811
0.000902822
0.000951335
0.00100425
0.00106323
0.00112965
0.00120448
0.00128828
0.00138113
0.00148261
0.00159181
0.00170734
0.00182739
0.00194982
0.00207225
0.00219217
0.00230713
0.00241475
0.00251292
0.0025998
0.00267391
0.00273413
0.00277968
0.00281016
0.00282545
0.00282573
0.00281141
0.00278313
0.00274171
0.00268815
0.00262361
0.00254952
0.00246764
0.00238044
0.00229179
0.00220841
0.00214239
0.0021153
0.00216418
0.00234863
0.00275754
0.0035121
0.00476117
0.00666577
0.00937272
0.0129817
0.017515
0.0228992
0.0289648
0.0354711
0.0421429
0.048711
0.0549457
0.0606802
0.0658192
0.0703359
0.0742595
0.0776593
0.0806266
0.0832593
0.0856493
0.087874
0.0899927
0.0920437
0.0940463
0.0960035
0.097906
0.0997364
0.101473
0.103093
0.104576
0.105906
0.107071
0.108065
0.108886
0.109535
0.110016
0.110334
0.110491
0.11049
0.110331
0.11001
0.109518
0.108845
0.107977
0.106895
0.105582
0.104017
0.102183
0.100065
0.0976523
0.0949427
0.0919439
0.0886775
0.0851815
0.0815153
0.0777625
0.0740338
0.0704644
0.0672055
0.0644082
0.0622012
0.0606674
0.0598279
0.0596373
0.059998
0.0607817
0.0618526
0.0630866
0.0643822
0.0656646
0.066884
0.0680106
0.0690302
0.0699388
0.0707397
0.0714403
0.0720503
0.0725808
0.073043
0.0734478
0.0738055
0.0741251
0.0744148
0.0746815
0.0749306
0.0751666
0.0753928
0.0756116
0.0758246
8.97842e-08
9.49053e-08
9.95337e-08
1.03637e-07
1.07201e-07
1.10227e-07
1.12726e-07
1.14716e-07
1.16217e-07
1.17253e-07
1.17848e-07
1.18024e-07
1.17799e-07
1.1719e-07
1.16214e-07
1.14881e-07
1.13204e-07
1.11194e-07
1.08861e-07
1.0622e-07
1.03284e-07
1.00073e-07
9.66092e-08
9.29195e-08
8.90355e-08
8.49933e-08
8.08338e-08
7.6603e-08
7.23553e-08
6.81627e-08
6.41398e-08
6.05018e-08
5.76855e-08
5.65723e-08
5.88536e-08
6.75414e-08
8.75441e-08
1.26101e-07
1.92751e-07
2.98492e-07
4.53991e-07
6.67085e-07
9.40251e-07
1.26893e-06
1.64136e-06
2.04055e-06
2.44741e-06
2.84408e-06
3.21685e-06
3.55786e-06
3.8656e-06
4.14437e-06
4.40292e-06
4.65299e-06
4.90769e-06
5.18027e-06
5.48311e-06
5.82701e-06
6.22077e-06
6.67078e-06
7.1806e-06
7.75072e-06
8.37843e-06
9.05771e-06
9.77937e-06
1.05314e-05
1.12995e-05
1.20678e-05
1.28198e-05
1.35394e-05
1.42112e-05
1.48215e-05
1.53591e-05
1.58147e-05
1.61818e-05
1.6456e-05
1.66354e-05
1.672e-05
1.67113e-05
1.66126e-05
1.64283e-05
1.61641e-05
1.58269e-05
1.54248e-05
1.49684e-05
1.44722e-05
1.39596e-05
1.34724e-05
1.30901e-05
1.29633e-05
1.33676e-05
1.47786e-05
1.7958e-05
2.4027e-05
3.44811e-05
5.10978e-05
7.57026e-05
0.000109808
0.000154201
0.000208609
0.000271556
0.000340501
0.000412288
0.000483678
0.000551881
0.000614953
0.000671995
0.000723165
0.000769535
0.000812857
0.000855302
0.000899217
0.00094692
0.00100055
0.00106198
0.0011327
0.00121379
0.00130583
0.00140886
0.00152235
0.00164516
0.00177561
0.00191148
0.00205019
0.00218887
0.00232453
0.00245427
0.00257533
0.0026853
0.00278214
0.00286422
0.00293037
0.00297986
0.0030123
0.0030277
0.00302634
0.00300875
0.0029757
0.00292814
0.0028672
0.00279419
0.00271066
0.00261854
0.00252054
0.00242084
0.00232674
0.00225135
0.00221817
0.00226752
0.00246434
0.00290539
0.00372218
0.00507525
0.00713633
0.0100584
0.0139392
0.0187882
0.0245076
0.0308952
0.0376765
0.0445465
0.0512155
0.0574472
0.0630814
0.0680409
0.072325
0.0759921
0.0791394
0.0818816
0.0843334
0.0865965
0.0887516
0.0908552
0.0929391
0.0950126
0.0970675
0.0990828
0.10103
0.102879
0.104599
0.106165
0.10756
0.108771
0.109795
0.110633
0.111291
0.111777
0.112101
0.112269
0.112288
0.11216
0.111881
0.111446
0.110841
0.11005
0.109053
0.107826
0.106344
0.104582
0.102516
0.10013
0.0974145
0.0943706
0.0910165
0.08739
0.083553
0.0795966
0.0756422
0.0718396
0.0683565
0.0653601
0.0629923
0.0613441
0.0604379
0.0602234
0.0605934
0.0614077
0.0625191
0.0637933
0.0651215
0.0664242
0.0676493
0.0687668
0.0697635
0.0706376
0.071395
0.0720456
0.0726022
0.073078
0.0734865
0.0738404
0.0741513
0.0744292
0.0746829
0.0749194
0.0751445
0.0753625
0.0755763
0.0757881
0.0759988
9.97951e-08
1.05016e-07
1.0966e-07
1.13707e-07
1.17159e-07
1.20032e-07
1.22352e-07
1.2415e-07
1.25456e-07
1.26302e-07
1.26717e-07
1.26725e-07
1.26347e-07
1.256e-07
1.24493e-07
1.23037e-07
1.21238e-07
1.19099e-07
1.16627e-07
1.13828e-07
1.10712e-07
1.07291e-07
1.03585e-07
9.96177e-08
9.54197e-08
9.10282e-08
8.64868e-08
8.18463e-08
7.71685e-08
7.25359e-08
6.80804e-08
6.40479e-08
6.09328e-08
5.9726e-08
6.23154e-08
7.20392e-08
9.42941e-08
1.3696e-07
2.10278e-07
3.25823e-07
4.94434e-07
7.23444e-07
1.01399e-06
1.3593e-06
1.74504e-06
2.15183e-06
2.55877e-06
2.94733e-06
3.30427e-06
3.62335e-06
3.90545e-06
4.15764e-06
4.39149e-06
4.62126e-06
4.86221e-06
5.12926e-06
5.4361e-06
5.79458e-06
6.21424e-06
6.70205e-06
7.26178e-06
7.89378e-06
8.5946e-06
9.3569e-06
1.01695e-05
1.10178e-05
1.18847e-05
1.2751e-05
1.35974e-05
1.44046e-05
1.51551e-05
1.58336e-05
1.64275e-05
1.69271e-05
1.73257e-05
1.76193e-05
1.78066e-05
1.78881e-05
1.78662e-05
1.7745e-05
1.75296e-05
1.72265e-05
1.68432e-05
1.63889e-05
1.58748e-05
1.53168e-05
1.47398e-05
1.4189e-05
1.37499e-05
1.35847e-05
1.39913e-05
1.54834e-05
1.88839e-05
2.54003e-05
3.66343e-05
5.44704e-05
8.0807e-05
0.000117152
0.000164171
0.000221335
0.000286788
0.000357577
0.000430173
0.00050109
0.000567466
0.000627479
0.000680527
0.000727181
0.00076898
0.000808141
0.000847254
0.000889014
0.000936024
0.000990648
0.00105493
0.0011305
0.00121855
0.0013197
0.00143397
0.00156068
0.00169848
0.00184531
0.00199852
0.00215498
0.00231125
0.00246382
0.00260925
0.00274441
0.00286656
0.00297346
0.0030634
0.00313522
0.00318821
0.00322214
0.0032371
0.00323352
0.00321209
0.00317371
0.00311946
0.0030506
0.00296858
0.0028751
0.00277226
0.00266296
0.00255178
0.0024466
0.00236169
0.00232266
0.00237349
0.00258504
0.0030627
0.00394915
0.00541722
0.00764924
0.0108031
0.0149716
0.0201469
0.0262011
0.0328954
0.0399182
0.046935
0.0536394
0.059794
0.0652529
0.0699651
0.0739619
0.0773353
0.0802115
0.0827281
0.0850139
0.0871771
0.0892977
0.0914258
0.0935831
0.0957662
0.0979531
0.10011
0.102195
0.104169
0.105993
0.107641
0.10909
0.110333
0.111369
0.112203
0.112849
0.113319
0.113628
0.11379
0.113812
0.113699
0.113452
0.113063
0.11252
0.111805
0.110894
0.109761
0.108373
0.106698
0.104707
0.102374
0.0996792
0.0966195
0.093207
0.0894773
0.0854945
0.0813555
0.077193
0.0731712
0.0694747
0.0662875
0.063765
0.0620064
0.0610354
0.0607964
0.0611725
0.0620118
0.0631555
0.0644596
0.0658086
0.0671188
0.0683363
0.0694317
0.0703934
0.0712223
0.0719269
0.0725204
0.0730182
0.073436
0.0737893
0.0740923
0.0743576
0.0745961
0.0748168
0.0750268
0.0752318
0.0754357
0.0756411
0.0758495
0.0760615
1.0957e-07
1.14761e-07
1.19294e-07
1.23169e-07
1.26405e-07
1.29038e-07
1.31108e-07
1.32659e-07
1.33732e-07
1.34367e-07
1.34595e-07
1.34445e-07
1.33935e-07
1.3308e-07
1.31887e-07
1.30359e-07
1.28495e-07
1.26294e-07
1.23753e-07
1.20869e-07
1.17646e-07
1.14088e-07
1.1021e-07
1.06031e-07
1.01579e-07
9.68905e-08
9.20119e-08
8.69983e-08
8.19188e-08
7.68679e-08
7.1997e-08
6.75876e-08
6.42014e-08
6.29551e-08
6.59612e-08
7.69254e-08
1.01783e-07
1.49103e-07
2.29845e-07
3.56103e-07
5.38734e-07
7.8428e-07
1.09214e-06
1.45292e-06
1.84949e-06
2.25996e-06
2.6619e-06
3.03648e-06
3.37159e-06
3.66316e-06
3.91499e-06
4.13723e-06
4.34434e-06
4.55304e-06
4.7805e-06
5.04312e-06
5.35576e-06
5.73121e-06
6.17988e-06
6.70937e-06
7.32393e-06
8.02382e-06
8.8049e-06
9.65833e-06
1.05707e-05
1.15244e-05
1.24987e-05
1.3471e-05
1.44181e-05
1.5318e-05
1.61505e-05
1.68985e-05
1.75486e-05
1.80908e-05
1.85187e-05
1.88289e-05
1.90208e-05
1.9096e-05
1.90577e-05
1.89108e-05
1.86614e-05
1.83165e-05
1.78846e-05
1.73753e-05
1.6801e-05
1.61785e-05
1.55348e-05
1.49183e-05
1.4421e-05
1.42185e-05
1.46327e-05
1.62197e-05
1.98691e-05
2.68813e-05
3.89699e-05
5.81259e-05
8.63093e-05
0.000124995
0.000174681
0.000234523
0.000302224
0.000374386
0.000447108
0.000516692
0.000580279
0.000636267
0.000684442
0.000725864
0.000762585
0.000797295
0.000832982
0.000872657
0.000919172
0.000975092
0.00104263
0.00112359
0.00121927
0.00133038
0.00145693
0.00159813
0.00175235
0.00191712
0.00208925
0.00226498
0.00244023
0.00261082
0.0027728
0.00292257
0.0030571
0.00317401
0.00327154
0.00334856
0.00340452
0.00343931
0.00345321
0.00344681
0.00342096
0.00337669
0.00331522
0.00323794
0.00314642
0.0030425
0.00292845
0.00280741
0.00268432
0.00256773
0.0024732
0.00242865
0.00248214
0.00271106
0.00323025
0.00419435
0.00578901
0.00820677
0.0116086
0.0160789
0.0215876
0.0279705
0.0349484
0.0421712
0.0492761
0.055945
0.0619472
0.0671595
0.0715645
0.0752314
0.0782877
0.0808891
0.0831931
0.0853395
0.0874387
0.089566
0.0917619
0.0940348
0.0963662
0.0987184
0.101042
0.103283
0.105391
0.107321
0.109042
0.110534
0.11179
0.112815
0.113624
0.114234
0.114667
0.114943
0.11508
0.11509
0.11498
0.114753
0.114402
0.113915
0.113273
0.112448
0.111411
0.110125
0.108551
0.106651
0.10439
0.101741
0.098692
0.0952477
0.0914409
0.0873359
0.0830355
0.0786825
0.0744559
0.0705575
0.0671883
0.0645176
0.0626531
0.0616193
0.0613554
0.0617345
0.062593
0.0637608
0.0650849
0.0664432
0.0677488
0.0689468
0.0700088
0.0709256
0.0717008
0.0723462
0.0728782
0.0733146
0.0736738
0.0739728
0.0742271
0.0744501
0.0746531
0.0748452
0.0750334
0.0752229
0.0754172
0.0756186
0.0758279
0.0760449
1.18907e-07
1.23932e-07
1.28229e-07
1.31819e-07
1.34745e-07
1.37059e-07
1.38819e-07
1.40081e-07
1.40895e-07
1.41307e-07
1.41351e-07
1.41057e-07
1.40441e-07
1.39515e-07
1.38281e-07
1.36734e-07
1.34869e-07
1.32672e-07
1.30134e-07
1.27241e-07
1.23988e-07
1.20372e-07
1.16397e-07
1.12078e-07
1.07439e-07
1.02515e-07
9.73512e-08
9.20085e-08
8.65629e-08
8.1122e-08
7.58595e-08
7.10979e-08
6.74764e-08
6.62569e-08
6.98066e-08
8.22424e-08
1.1009e-07
1.62647e-07
2.51593e-07
3.89459e-07
5.86908e-07
8.4937e-07
1.17403e-06
1.54857e-06
1.95282e-06
2.36248e-06
2.7539e-06
3.10856e-06
3.41611e-06
3.67529e-06
3.89321e-06
4.08326e-06
4.26271e-06
4.45048e-06
4.66536e-06
4.92496e-06
5.24516e-06
5.63977e-06
6.12015e-06
6.69488e-06
7.36892e-06
8.14266e-06
9.0113e-06
9.96435e-06
1.09857e-05
1.20542e-05
1.3145e-05
1.42311e-05
1.52854e-05
1.62821e-05
1.71988e-05
1.80167e-05
1.87216e-05
1.93039e-05
1.97577e-05
2.00807e-05
2.02735e-05
2.03386e-05
2.02806e-05
2.01052e-05
1.9819e-05
1.94299e-05
1.8947e-05
1.83806e-05
1.77438e-05
1.70546e-05
1.6342e-05
1.5658e-05
1.51019e-05
1.48635e-05
1.52917e-05
1.69891e-05
2.09175e-05
2.84773e-05
4.14982e-05
6.2075e-05
9.22134e-05
0.000133322
0.000185679
0.000248053
0.000317666
0.000390647
0.000462735
0.000530084
0.000589932
0.000640997
0.000683548
0.000719193
0.000750513
0.000780653
0.000812956
0.000850703
0.000896952
0.000954455
0.00102561
0.0011124
0.00121631
0.00133819
0.00147808
0.00163505
0.00180718
0.00199153
0.00218424
0.00238083
0.00257641
0.00276612
0.00294535
0.00311009
0.00325702
0.00338364
0.00348825
0.00356986
0.00362808
0.00366303
0.00367519
0.00366536
0.00363452
0.00358386
0.00351471
0.00342858
0.00332714
0.00321237
0.0030867
0.00295351
0.00281813
0.00268986
0.00258566
0.00253603
0.00259355
0.0028428
0.00340886
0.00445917
0.0061925
0.00881089
0.0124761
0.0172602
0.0231042
0.0298035
0.0370342
0.0444072
0.0515349
0.0580945
0.0638706
0.0687714
0.07282
0.0761271
0.0788571
0.0811927
0.0833083
0.0853499
0.0874261
0.089604
0.0919114
0.0943415
0.0968584
0.0994067
0.101921
0.104332
0.106579
0.108611
0.110393
0.111908
0.113155
0.114147
0.114905
0.115457
0.115832
0.116056
0.116153
0.116139
0.116023
0.115808
0.115489
0.115053
0.114479
0.113741
0.112802
0.111623
0.110158
0.108362
0.10619
0.103608
0.100591
0.0971392
0.0932791
0.0890748
0.0846332
0.0801073
0.0756905
0.071602
0.0680603
0.0652487
0.0632831
0.062189
0.0618997
0.0622787
0.0631506
0.0643344
0.0656685
0.0670254
0.0683153
0.0694833
0.0705025
0.0713664
0.072082
0.0726643
0.0731328
0.073508
0.07381
0.0740576
0.074267
0.0744523
0.0746247
0.0747933
0.0749648
0.0751438
0.0753334
0.0755351
0.0757492
0.075975
1.27622e-07
1.32348e-07
1.36292e-07
1.39498e-07
1.42032e-07
1.43965e-07
1.45371e-07
1.46315e-07
1.46856e-07
1.47043e-07
1.46914e-07
1.46496e-07
1.45803e-07
1.44843e-07
1.43613e-07
1.42101e-07
1.40291e-07
1.38165e-07
1.35699e-07
1.32872e-07
1.29667e-07
1.2607e-07
1.22077e-07
1.17694e-07
1.12939e-07
1.07843e-07
1.02453e-07
9.68311e-08
9.10612e-08
8.52647e-08
7.96404e-08
7.45579e-08
7.0746e-08
6.96321e-08
7.38718e-08
8.80383e-08
1.19298e-07
1.77711e-07
2.75652e-07
4.25969e-07
6.38884e-07
9.18329e-07
1.25881e-06
1.6448e-06
2.05298e-06
2.45684e-06
2.83202e-06
3.16101e-06
3.43589e-06
3.65877e-06
3.84031e-06
3.99713e-06
4.14905e-06
4.31677e-06
4.52032e-06
4.7783e-06
5.10752e-06
5.52289e-06
6.03713e-06
6.66009e-06
7.39788e-06
8.25133e-06
9.21502e-06
1.02766e-05
1.14167e-05
1.261e-05
1.38265e-05
1.50342e-05
1.62013e-05
1.72983e-05
1.83e-05
1.91866e-05
1.99436e-05
2.05619e-05
2.1037e-05
2.13682e-05
2.15574e-05
2.16088e-05
2.15278e-05
2.13211e-05
2.0996e-05
2.05609e-05
2.00253e-05
1.94002e-05
1.86993e-05
1.79418e-05
1.71587e-05
1.64058e-05
1.57906e-05
1.55186e-05
1.59684e-05
1.77933e-05
2.20338e-05
3.0196e-05
4.42289e-05
6.6326e-05
9.85174e-05
0.000142105
0.000197092
0.000261788
0.000332896
0.000406061
0.000476703
0.000540907
0.000596115
0.000641474
0.000677814
0.000707325
0.000733108
0.000758715
0.000787782
0.000823796
0.000869987
0.000929287
0.00100431
0.00109727
0.00120993
0.00134332
0.00149757
0.00167164
0.00186326
0.0020689
0.00228395
0.00250301
0.00272029
0.00293008
0.00312713
0.00330694
0.00346601
0.0036018
0.00371274
0.00379807
0.0038577
0.00389201
0.00390174
0.00388787
0.00385157
0.00379412
0.00371695
0.00362166
0.00351001
0.00338408
0.00324647
0.00310079
0.00295282
0.00281267
0.00269884
0.00264471
0.00270784
0.00298069
0.00359944
0.00474502
0.00662946
0.00946321
0.013406
0.0185125
0.0246889
0.0316848
0.0391295
0.0465957
0.0536764
0.0600522
0.0655326
0.0700657
0.0737204
0.0766516
0.0790586
0.0811484
0.083107
0.0850829
0.0871788
0.0894509
0.0919125
0.0945393
0.0972764
0.100049
0.102773
0.105366
0.107752
0.109877
0.111704
0.11322
0.114432
0.115363
0.116045
0.116516
0.116813
0.11697
0.117015
0.116967
0.116837
0.11663
0.11634
0.115952
0.115447
0.114793
0.113954
0.112885
0.111536
0.109853
0.107785
0.105285
0.102321
0.098883
0.0949916
0.090709
0.0861459
0.0814643
0.076872
0.0726059
0.0689015
0.0659568
0.0638954
0.0627435
0.0624287
0.0628043
0.0636838
0.0648756
0.0662104
0.0675557
0.0688201
0.069949
0.0709179
0.0717232
0.0723754
0.0728931
0.0732983
0.0736141
0.0738623
0.0740626
0.0742321
0.0743849
0.0745322
0.0746827
0.0748425
0.075016
0.0752054
0.0754116
0.0756344
0.0758722
1.3556e-07
1.39868e-07
1.43357e-07
1.46097e-07
1.48178e-07
1.49688e-07
1.50712e-07
1.51325e-07
1.51592e-07
1.51563e-07
1.51277e-07
1.50757e-07
1.50017e-07
1.49058e-07
1.47872e-07
1.46441e-07
1.44741e-07
1.42743e-07
1.40414e-07
1.37721e-07
1.34636e-07
1.31134e-07
1.27198e-07
1.22826e-07
1.18028e-07
1.12829e-07
1.07274e-07
1.01427e-07
9.53787e-08
8.92658e-08
8.3315e-08
7.79498e-08
7.40013e-08
7.30855e-08
7.81816e-08
9.43662e-08
1.29494e-07
1.94404e-07
3.02125e-07
4.65659e-07
6.94491e-07
9.90602e-07
1.34544e-06
1.73997e-06
2.14781e-06
2.54059e-06
2.89387e-06
3.19192e-06
3.42993e-06
3.61378e-06
3.75778e-06
3.88152e-06
4.0069e-06
4.15594e-06
4.3495e-06
4.60692e-06
4.94598e-06
5.38299e-06
5.93239e-06
6.60593e-06
7.41134e-06
8.35026e-06
9.41672e-06
1.05962e-05
1.18654e-05
1.31938e-05
1.45455e-05
1.58824e-05
1.71671e-05
1.83664e-05
1.94526e-05
2.04047e-05
2.1209e-05
2.18577e-05
2.23483e-05
2.2682e-05
2.28629e-05
2.28966e-05
2.27896e-05
2.25495e-05
2.21841e-05
2.17021e-05
2.11132e-05
2.04287e-05
1.96629e-05
1.88361e-05
1.79814e-05
1.7159e-05
1.6485e-05
1.61826e-05
1.66628e-05
1.86345e-05
2.32225e-05
3.20449e-05
4.71711e-05
7.08839e-05
0.000105212
0.000151306
0.000208826
0.000275567
0.000347677
0.000420328
0.000488684
0.000548861
0.000598622
0.000637646
0.000667379
0.000690602
0.00071089
0.000732131
0.000758171
0.000792642
0.000838915
0.000900112
0.000979106
0.00107846
0.00120024
0.00134582
0.00151544
0.00170798
0.00192076
0.00214954
0.00238876
0.00263195
0.00287222
0.00310292
0.00331808
0.00351279
0.00368339
0.00382745
0.00394367
0.00403165
0.00409168
0.00412448
0.00413107
0.00411265
0.0040705
0.00400601
0.00392066
0.00381606
0.00369407
0.00355683
0.00340709
0.00324872
0.00308796
0.00293581
0.00281249
0.00275459
0.00282516
0.00312523
0.00380294
0.00505332
0.00710152
0.0101648
0.0143973
0.019831
0.0263308
0.0335965
0.0412086
0.0487049
0.0556661
0.0617857
0.0669077
0.0710275
0.0742639
0.0768153
0.0789137
0.0807848
0.0826223
0.0845725
0.0867298
0.0891377
0.0917931
0.0946536
0.0976434
0.100666
0.103618
0.106399
0.108922
0.111126
0.112976
0.114467
0.115615
0.116456
0.117035
0.117403
0.117604
0.117681
0.117665
0.117577
0.117431
0.11723
0.116967
0.116629
0.116191
0.115624
0.114886
0.113931
0.112702
0.111141
0.109186
0.106783
0.103888
0.100482
0.0965789
0.0922376
0.0875714
0.0827508
0.0779978
0.0735665
0.0697101
0.0666404
0.064489
0.0632823
0.0629418
0.0633109
0.064192
0.065384
0.0667105
0.0680351
0.0692652
0.0703477
0.0712605
0.0720036
0.0725909
0.0730441
0.0733882
0.073648
0.0738467
0.074005
0.07414
0.0742658
0.0743934
0.0745309
0.0746841
0.0748565
0.0750499
0.0752645
0.0754993
0.0757523
1.42606e-07
1.46394e-07
1.49349e-07
1.51567e-07
1.53156e-07
1.54221e-07
1.54855e-07
1.5514e-07
1.55142e-07
1.54912e-07
1.54488e-07
1.53891e-07
1.5313e-07
1.52203e-07
1.51096e-07
1.49784e-07
1.48237e-07
1.46415e-07
1.44276e-07
1.41777e-07
1.38876e-07
1.35537e-07
1.3173e-07
1.27441e-07
1.2267e-07
1.17435e-07
1.11778e-07
1.05762e-07
9.94853e-08
9.30993e-08
8.68623e-08
8.12587e-08
7.72366e-08
7.66255e-08
8.27655e-08
1.01284e-07
1.40763e-07
2.1283e-07
3.31084e-07
5.08482e-07
7.53429e-07
1.06548e-06
1.43266e-06
1.83231e-06
2.23514e-06
2.61147e-06
2.93755e-06
3.20019e-06
3.3983e-06
3.54175e-06
3.64834e-06
3.7402e-06
3.84074e-06
3.9727e-06
4.15739e-06
4.41474e-06
4.76366e-06
5.22221e-06
5.80717e-06
6.53286e-06
7.40928e-06
8.43933e-06
9.61659e-06
1.09239e-05
1.23333e-05
1.38078e-05
1.53041e-05
1.67771e-05
1.81833e-05
1.94851e-05
2.06527e-05
2.16651e-05
2.25097e-05
2.31813e-05
2.368e-05
2.40099e-05
2.41773e-05
2.41894e-05
2.40542e-05
2.37795e-05
2.33734e-05
2.28447e-05
2.22028e-05
2.14594e-05
2.0629e-05
1.9733e-05
1.88065e-05
1.79146e-05
1.71831e-05
1.68543e-05
1.73752e-05
1.9515e-05
2.44889e-05
3.40316e-05
5.03324e-05
7.57503e-05
0.000112282
0.000160874
0.000220772
0.00028921
0.000361762
0.00043316
0.000498393
0.000553731
0.000597376
0.000629621
0.000652563
0.000669544
0.000684541
0.000701677
0.000724922
0.000757991
0.000804379
0.000867426
0.000950341
0.00105611
0.0011873
0.00134566
0.00153167
0.0017441
0.0019798
0.00223368
0.002499
0.00276796
0.00303243
0.00328465
0.00351791
0.00372694
0.00390806
0.00405912
0.00417924
0.00426855
0.00432781
0.00435816
0.00436094
0.00433754
0.00428934
0.00421775
0.00412425
0.00401045
0.00387819
0.00372968
0.00356779
0.00339666
0.00322302
0.00305888
0.00292637
0.0028656
0.00294567
0.00327697
0.00402034
0.00538544
0.00761001
0.0109161
0.0154482
0.0212091
0.0280168
0.0355177
0.0432437
0.0507026
0.0574716
0.0632674
0.0679776
0.0716506
0.0744568
0.0766361
0.0784479
0.0801322
0.081885
0.0838479
0.0861051
0.0886864
0.0915725
0.0947013
0.0979748
0.101273
0.104468
0.107441
0.110093
0.112359
0.114206
0.115639
0.11669
0.117411
0.117862
0.118105
0.118196
0.118183
0.118101
0.117972
0.11781
0.117616
0.117383
0.117096
0.116729
0.116249
0.115615
0.114776
0.113672
0.112238
0.110405
0.108109
0.105298
0.10194
0.0980423
0.0936601
0.088908
0.0839645
0.0790654
0.0744818
0.0704843
0.0672983
0.0650631
0.0638047
0.0634384
0.0637977
0.0646748
0.0658595
0.0671693
0.0684648
0.0696534
0.0706836
0.0715364
0.0722154
0.072738
0.0731288
0.0734151
0.0736234
0.0737779
0.0738995
0.0740056
0.0741099
0.0742229
0.0743523
0.0745032
0.0746787
0.0748798
0.0751061
0.0753561
0.075627
1.48688e-07
1.51882e-07
1.54252e-07
1.55916e-07
1.56999e-07
1.57617e-07
1.5787e-07
1.5784e-07
1.57596e-07
1.57186e-07
1.56645e-07
1.55992e-07
1.55234e-07
1.54362e-07
1.53359e-07
1.52195e-07
1.50832e-07
1.49222e-07
1.47316e-07
1.45058e-07
1.42395e-07
1.39276e-07
1.3566e-07
1.31519e-07
1.26841e-07
1.21636e-07
1.15938e-07
1.09811e-07
1.03357e-07
9.67439e-08
9.02648e-08
8.44734e-08
8.04504e-08
8.02651e-08
8.76578e-08
1.08851e-07
1.53189e-07
2.33072e-07
3.62557e-07
5.5431e-07
8.15263e-07
1.14208e-06
1.5191e-06
1.92e-06
2.31295e-06
2.66763e-06
2.96186e-06
3.1857e-06
3.34221e-06
3.4453e-06
3.51586e-06
3.57794e-06
3.65576e-06
3.77223e-06
3.94874e-06
4.20577e-06
4.56357e-06
5.04251e-06
5.66241e-06
6.44098e-06
7.3913e-06
8.51811e-06
9.81456e-06
1.12603e-05
1.28217e-05
1.44536e-05
1.6104e-05
1.77191e-05
1.92488e-05
2.06512e-05
2.18948e-05
2.29594e-05
2.3835e-05
2.45199e-05
2.5018e-05
2.53368e-05
2.54853e-05
2.54725e-05
2.53073e-05
2.49978e-05
2.4552e-05
2.39782e-05
2.32853e-05
2.24848e-05
2.15913e-05
2.06271e-05
1.96298e-05
1.86693e-05
1.78824e-05
1.75327e-05
1.81063e-05
2.04376e-05
2.58384e-05
3.61634e-05
5.37186e-05
8.09218e-05
0.0001197
0.000170741
0.000232804
0.000302526
0.000374905
0.000444292
0.000505611
0.000555408
0.000592439
0.000617676
0.000633862
0.000644836
0.000654874
0.000668227
0.000688895
0.000720625
0.000767028
0.000831711
0.000918309
0.00103038
0.00117108
0.00134273
0.00154613
0.00177996
0.00204049
0.00232154
0.00261496
0.00291134
0.00320103
0.00347508
0.00372602
0.00394832
0.00413847
0.0042948
0.0044171
0.00450616
0.00456336
0.00459032
0.00458869
0.00456002
0.00450576
0.00442726
0.00432591
0.00420324
0.00406104
0.00390152
0.00372767
0.00354387
0.00335743
0.00318144
0.00304018
0.00297767
0.00306961
0.00343651
0.00425268
0.00574265
0.00815595
0.0117167
0.0165551
0.0226378
0.0297313
0.0374255
0.0452063
0.0525581
0.0590647
0.0644764
0.0687325
0.0719381
0.074314
0.0761377
0.0776903
0.0792203
0.080923
0.0829328
0.0853238
0.0881124
0.0912629
0.0946929
0.0982803
0.101877
0.105329
0.108497
0.111267
0.113571
0.115385
0.116726
0.117645
0.118214
0.118511
0.118611
0.118581
0.118473
0.118323
0.118155
0.11798
0.117798
0.117599
0.117367
0.117073
0.116685
0.116157
0.115436
0.11446
0.113158
0.111454
0.109275
0.106557
0.103261
0.0993839
0.0949766
0.0901545
0.0851036
0.0800727
0.0753498
0.0712225
0.0679295
0.065617
0.0643102
0.063918
0.0642644
0.0651318
0.0663019
0.0675872
0.0688464
0.0699874
0.070961
0.0717517
0.0723665
0.072826
0.0731577
0.0733907
0.0735526
0.0736684
0.073759
0.0738415
0.0739294
0.0740325
0.0741581
0.0743107
0.0744927
0.0747048
0.074946
0.075214
0.0755052
1.53783e-07
1.56339e-07
1.581e-07
1.59205e-07
1.59791e-07
1.59979e-07
1.59871e-07
1.59552e-07
1.59084e-07
1.58517e-07
1.5788e-07
1.5719e-07
1.56451e-07
1.55651e-07
1.54768e-07
1.53768e-07
1.52608e-07
1.51235e-07
1.49589e-07
1.47606e-07
1.4522e-07
1.42368e-07
1.38996e-07
1.35059e-07
1.30534e-07
1.25418e-07
1.19738e-07
1.13555e-07
1.06975e-07
1.00182e-07
9.35092e-08
8.75864e-08
8.36446e-08
8.40215e-08
9.28967e-08
1.1713e-07
1.66851e-07
2.5519e-07
3.96519e-07
6.02924e-07
8.79421e-07
1.21939e-06
1.60327e-06
2.00124e-06
2.37944e-06
2.70775e-06
2.96639e-06
3.14933e-06
3.26403e-06
3.32816e-06
3.36517e-06
3.40024e-06
3.45768e-06
3.56002e-06
3.72845e-06
3.98404e-06
4.34874e-06
4.84578e-06
5.49891e-06
6.33022e-06
7.35679e-06
8.5859e-06
1.00104e-05
1.1606e-05
1.33319e-05
1.5133e-05
1.69464e-05
1.87085e-05
2.03617e-05
2.18598e-05
2.31707e-05
2.42763e-05
2.51708e-05
2.58575e-05
2.6345e-05
2.6645e-05
2.67693e-05
2.67288e-05
2.6533e-05
2.61899e-05
2.57069e-05
2.50911e-05
2.43507e-05
2.34964e-05
2.25427e-05
2.15127e-05
2.04464e-05
1.94195e-05
1.85805e-05
1.82166e-05
1.88566e-05
2.14054e-05
2.72764e-05
3.84472e-05
5.73336e-05
8.63901e-05
0.000127432
0.000180824
0.000244781
0.000315315
0.000386873
0.000453507
0.000510197
0.000553903
0.000584027
0.000602251
0.000611928
0.000617296
0.000622809
0.000632728
0.000650996
0.000681348
0.000727523
0.000793449
0.000883301
0.00100134
0.00115153
0.00133691
0.0015587
0.00181551
0.00210288
0.00241334
0.00273693
0.00306229
0.00337801
0.00367379
0.00394148
0.00417543
0.00437257
0.00453199
0.00465437
0.00474139
0.00479514
0.00481778
0.00481126
0.00477725
0.00471715
0.00463219
0.00452358
0.00439268
0.00424113
0.00407113
0.00388571
0.00368955
0.00349055
0.00330304
0.00315366
0.00309074
0.00319723
0.0036045
0.00450098
0.00612609
0.00873987
0.0125653
0.0177127
0.0241063
0.0314563
0.0392955
0.0470677
0.0542429
0.0604221
0.0653994
0.0691714
0.0719014
0.0738575
0.0753485
0.0766714
0.0780783
0.0797608
0.0818464
0.0843995
0.0874249
0.0908711
0.0946343
0.0985657
0.102485
0.106208
0.109569
0.112443
0.114758
0.116501
0.117711
0.118461
0.118848
0.118969
0.118913
0.118756
0.118551
0.118337
0.118135
0.117953
0.117789
0.11763
0.117457
0.117241
0.116946
0.116527
0.115928
0.115082
0.113915
0.112344
0.110288
0.107673
0.10445
0.100606
0.0961878
0.0913104
0.0861665
0.0810178
0.0761688
0.0719234
0.0685331
0.0661501
0.0647984
0.0643803
0.0647106
0.0655626
0.0667112
0.067965
0.0691817
0.0702703
0.0711846
0.0719125
0.0724644
0.072864
0.0731408
0.0733254
0.0734466
0.0735291
0.073594
0.073658
0.073734
0.0738314
0.0739569
0.0741146
0.0743065
0.0745326
0.0747914
0.0750798
0.0753938
1.57915e-07
1.59818e-07
1.60974e-07
1.61538e-07
1.61653e-07
1.61441e-07
1.61005e-07
1.60424e-07
1.59761e-07
1.59058e-07
1.58344e-07
1.57632e-07
1.56922e-07
1.56202e-07
1.55446e-07
1.54618e-07
1.53669e-07
1.52542e-07
1.51171e-07
1.49482e-07
1.474e-07
1.44848e-07
1.41758e-07
1.38072e-07
1.33749e-07
1.28776e-07
1.23168e-07
1.16981e-07
1.10325e-07
1.03403e-07
9.65859e-08
9.05941e-08
8.68257e-08
8.79161e-08
9.85235e-08
1.26183e-07
1.81814e-07
2.79213e-07
4.32878e-07
6.53997e-07
9.45201e-07
1.29627e-06
1.68366e-06
2.07437e-06
2.43322e-06
2.73116e-06
2.95164e-06
3.09303e-06
3.16715e-06
3.19499e-06
3.2018e-06
3.21307e-06
3.25248e-06
3.34169e-06
3.50153e-06
3.7537e-06
4.12225e-06
4.63398e-06
5.31749e-06
6.20042e-06
7.30498e-06
8.64187e-06
1.02036e-05
1.19614e-05
1.3865e-05
1.58474e-05
1.78323e-05
1.97445e-05
2.15183e-05
2.31038e-05
2.44696e-05
2.56018e-05
2.65005e-05
2.71754e-05
2.76413e-05
2.79144e-05
2.80096e-05
2.79396e-05
2.77139e-05
2.734e-05
2.68238e-05
2.6171e-05
2.53882e-05
2.4485e-05
2.34756e-05
2.23836e-05
2.12516e-05
2.01615e-05
1.92749e-05
1.8905e-05
1.96272e-05
2.24219e-05
2.88089e-05
4.0889e-05
6.11784e-05
9.21406e-05
0.000135432
0.000191028
0.000256552
0.00032738
0.000397457
0.000460642
0.00051211
0.000549357
0.000572503
0.000583938
0.000587545
0.000587845
0.000589335
0.000596169
0.000612155
0.000640985
0.00068654
0.000753142
0.000845622
0.000969127
0.00112861
0.00132802
0.00156919
0.00185065
0.00216707
0.00250929
0.00286516
0.00322095
0.00356317
0.00388011
0.00416297
0.00440631
0.00460781
0.00476764
0.00488769
0.00497068
0.00501956
0.00503703
0.00502532
0.00498612
0.00492069
0.00483003
0.00471507
0.00457686
0.00441687
0.00423716
0.00404082
0.00383282
0.00362171
0.00342318
0.00326651
0.0032048
0.00332886
0.00378164
0.00476624
0.00653671
0.00936177
0.0134594
0.0189141
0.0256015
0.0331721
0.0411025
0.0488007
0.0557327
0.0615275
0.0660315
0.0693027
0.0715607
0.0731158
0.0743011
0.0754231
0.0767339
0.0784203
0.0806035
0.0833413
0.0866289
0.0903998
0.0945281
0.0988348
0.103101
0.107108
0.11066
0.113617
0.11591
0.117542
0.118578
0.119123
0.1193
0.119226
0.119007
0.118721
0.118426
0.118155
0.117928
0.117747
0.117607
0.117494
0.117384
0.117249
0.11705
0.116742
0.116265
0.115551
0.114521
0.113087
0.111159
0.108654
0.105512
0.101712
0.0972951
0.0923752
0.087152
0.0818992
0.0769372
0.0725858
0.0691082
0.0666619
0.065269
0.0648248
0.0651358
0.0659669
0.0670877
0.0683036
0.0694725
0.0705053
0.071359
0.0720248
0.0725164
0.0728599
0.0730868
0.0732287
0.0733145
0.0733692
0.0734134
0.0734634
0.0735315
0.0736269
0.0737557
0.0739216
0.0741262
0.074369
0.0746479
0.0749592
0.0752981
1.61149e-07
1.62411e-07
1.62991e-07
1.6305e-07
1.62732e-07
1.62161e-07
1.61432e-07
1.60622e-07
1.59788e-07
1.5897e-07
1.58194e-07
1.5747e-07
1.56796e-07
1.56157e-07
1.55527e-07
1.54867e-07
1.54127e-07
1.53245e-07
1.5215e-07
1.50762e-07
1.48996e-07
1.46763e-07
1.43983e-07
1.4058e-07
1.36501e-07
1.31715e-07
1.26227e-07
1.20085e-07
1.13402e-07
1.06397e-07
9.94898e-08
9.34968e-08
9.00038e-08
9.19743e-08
1.04582e-07
1.36067e-07
1.98128e-07
3.05132e-07
4.71479e-07
7.07095e-07
1.01179e-06
1.3715e-06
1.7588e-06
2.13798e-06
2.47338e-06
2.73795e-06
2.91904e-06
3.01969e-06
3.05583e-06
3.05112e-06
3.03172e-06
3.02263e-06
3.04622e-06
3.1229e-06
3.27298e-06
3.51896e-06
3.88734e-06
4.40922e-06
5.11911e-06
6.05147e-06
7.23507e-06
8.6851e-06
1.03939e-05
1.2327e-05
1.44225e-05
1.65983e-05
1.87621e-05
2.08251e-05
2.27132e-05
2.43737e-05
2.57781e-05
2.69188e-05
2.78043e-05
2.84524e-05
2.8885e-05
2.91233e-05
2.91855e-05
2.90853e-05
2.8832e-05
2.84316e-05
2.78881e-05
2.72049e-05
2.63867e-05
2.54413e-05
2.4382e-05
2.32332e-05
2.204e-05
2.08912e-05
1.9963e-05
1.95971e-05
2.04194e-05
2.34909e-05
3.04416e-05
4.34941e-05
6.52506e-05
9.81518e-05
0.000143645
0.000201247
0.00026796
0.000338533
0.000406485
0.000465609
0.000511415
0.000542043
0.000558369
0.00056345
0.000561595
0.000557467
0.000555473
0.000559552
0.00057331
0.000600372
0.000644784
0.000711328
0.000805617
0.000933866
0.00110226
0.00131591
0.00157743
0.0018853
0.00223311
0.00260961
0.00299989
0.00338736
0.00375613
0.004093
0.00438877
0.0046385
0.00484108
0.00499821
0.00511322
0.00519013
0.00523278
0.00524439
0.0052274
0.00518344
0.0051135
0.00501821
0.00489809
0.00475383
0.00458657
0.00439822
0.00419187
0.00397277
0.00375019
0.00354137
0.00337848
0.00331987
0.00346485
0.00396867
0.00504942
0.00697515
0.010021
0.0143955
0.0201506
0.0271083
0.0348573
0.0428213
0.0503806
0.0570081
0.0623719
0.0663768
0.0691435
0.0709438
0.0721229
0.0730309
0.0739784
0.0752143
0.0769212
0.0792168
0.0821554
0.0857263
0.0898494
0.0943751
0.0990899
0.10373
0.108033
0.11177
0.114786
0.117018
0.118494
0.119313
0.119616
0.119558
0.119279
0.118895
0.118488
0.118112
0.117797
0.117556
0.117386
0.117278
0.117214
0.117171
0.117118
0.117017
0.116818
0.116464
0.115882
0.11499
0.113694
0.111897
0.109507
0.106453
0.102706
0.0982998
0.0933493
0.0880593
0.0827156
0.0776539
0.0732089
0.0696545
0.0671523
0.0657217
0.0652514
0.0655397
0.0663448
0.0674315
0.068604
0.0697208
0.0706957
0.0714887
0.0720944
0.0725292
0.0728214
0.0730038
0.0731084
0.0731643
0.0731963
0.0732243
0.0732643
0.0733281
0.0734246
0.0735596
0.0737365
0.0739565
0.0742187
0.0745203
0.0748569
0.075223
1.63583e-07
1.6424e-07
1.64288e-07
1.63889e-07
1.63187e-07
1.62298e-07
1.61313e-07
1.60304e-07
1.59324e-07
1.58409e-07
1.57583e-07
1.56852e-07
1.56215e-07
1.55654e-07
1.55142e-07
1.54641e-07
1.54098e-07
1.5345e-07
1.52622e-07
1.51529e-07
1.50078e-07
1.48172e-07
1.45715e-07
1.42619e-07
1.38812e-07
1.34249e-07
1.2892e-07
1.22866e-07
1.16201e-07
1.09162e-07
1.02219e-07
9.62987e-08
9.31933e-08
9.62249e-08
1.11118e-07
1.46835e-07
2.15824e-07
3.32893e-07
5.12089e-07
7.61674e-07
1.07826e-06
1.44385e-06
1.82735e-06
2.19102e-06
2.4996e-06
2.72895e-06
2.87085e-06
2.933e-06
2.93495e-06
2.90223e-06
2.86102e-06
2.83503e-06
2.8448e-06
2.90915e-06
3.04779e-06
3.28413e-06
3.64749e-06
4.17392e-06
4.90494e-06
5.88342e-06
7.14629e-06
8.71459e-06
1.05809e-05
1.27032e-05
1.50057e-05
1.73869e-05
1.97355e-05
2.19471e-05
2.39389e-05
2.56576e-05
2.70798e-05
2.82076e-05
2.90601e-05
2.96653e-05
3.00529e-05
3.02495e-05
3.02759e-05
3.01463e-05
2.98693e-05
2.94486e-05
2.88854e-05
2.81802e-05
2.7335e-05
2.63554e-05
2.52538e-05
2.40547e-05
2.28062e-05
2.16047e-05
2.06425e-05
2.02923e-05
2.1235e-05
2.46165e-05
3.21802e-05
4.6266e-05
6.9544e-05
0.000104395
0.000152002
0.000211366
0.000278846
0.000348605
0.000413835
0.000468401
0.000508285
0.000532352
0.000542238
0.000541589
0.00053501
0.000527163
0.000522234
0.000523858
0.000535383
0.00056035
0.000602984
0.000668589
0.000763683
0.000895745
0.00107246
0.00130041
0.00158323
0.00191937
0.00230109
0.00271452
0.00314132
0.00356145
0.00395626
0.00431111
0.00461666
0.00486904
0.00506885
0.00521975
0.00532688
0.00539564
0.00543082
0.00543612
0.00541406
0.00536606
0.00529273
0.00519418
0.00507041
0.00492162
0.00474856
0.00455288
0.00433767
0.00410843
0.00387527
0.00365708
0.00348931
0.00343599
0.00360562
0.00416634
0.00535137
0.00744174
0.010716
0.0153684
0.0214117
0.02861
0.0364902
0.0444279
0.0517863
0.0580564
0.0629546
0.0664485
0.0687194
0.0700852
0.0709175
0.0715763
0.0723709
0.0735464
0.0752825
0.0776973
0.0808467
0.0847176
0.0892188
0.094175
0.0993328
0.104375
0.108986
0.1129
0.115945
0.118072
0.119341
0.119897
0.119927
0.119617
0.11913
0.118589
0.118075
0.117636
0.117293
0.11705
0.116901
0.11683
0.11682
0.116845
0.116873
0.116867
0.116777
0.116543
0.116091
0.115336
0.114178
0.112513
0.11024
0.107279
0.103591
0.0992041
0.094233
0.088888
0.0834663
0.0783182
0.0737922
0.0701716
0.0676213
0.0661566
0.0656599
0.0659222
0.0666959
0.0677429
0.0688671
0.0699288
0.0708446
0.071578
0.0721266
0.072509
0.0727552
0.0728985
0.0729714
0.0730026
0.0730164
0.0730324
0.0730659
0.0731286
0.073229
0.0733729
0.0735635
0.0738016
0.0740858
0.0744128
0.0747773
0.0751728
1.65336e-07
1.65442e-07
1.65013e-07
1.64211e-07
1.63172e-07
1.62007e-07
1.608e-07
1.59619e-07
1.58513e-07
1.57516e-07
1.56647e-07
1.55914e-07
1.55311e-07
1.54821e-07
1.54417e-07
1.54059e-07
1.53695e-07
1.53262e-07
1.52684e-07
1.5187e-07
1.50724e-07
1.49139e-07
1.47007e-07
1.44227e-07
1.40711e-07
1.36396e-07
1.3126e-07
1.25331e-07
1.18725e-07
1.11698e-07
1.04777e-07
9.90081e-08
9.64123e-08
1.007e-07
1.18174e-07
1.58528e-07
2.34905e-07
3.62388e-07
5.54395e-07
8.17097e-07
1.14366e-06
1.51212e-06
1.88817e-06
2.23281e-06
2.51219e-06
2.70575e-06
2.81005e-06
2.83721e-06
2.80972e-06
2.75405e-06
2.69557e-06
2.65603e-06
2.65371e-06
2.70563e-06
2.83082e-06
3.0536e-06
3.40639e-06
3.9308e-06
4.67653e-06
5.69649e-06
7.0379e-06
8.72936e-06
1.07639e-05
1.30908e-05
1.56159e-05
1.82144e-05
2.07516e-05
2.31056e-05
2.51858e-05
2.69406e-05
2.83556e-05
2.94461e-05
3.02445e-05
3.07904e-05
3.1122e-05
3.12711e-05
3.12605e-05
3.11044e-05
3.08092e-05
3.03759e-05
2.9802e-05
2.90846e-05
2.82223e-05
2.72182e-05
2.60831e-05
2.48416e-05
2.3545e-05
2.22981e-05
2.13109e-05
2.09904e-05
2.2076e-05
2.58035e-05
3.40304e-05
4.92068e-05
7.40484e-05
0.000110835
0.000160426
0.000221261
0.000289059
0.000357457
0.000419441
0.000469096
0.000502996
0.000520779
0.000524806
0.000519201
0.000508726
0.000497898
0.000490577
0.000490013
0.00049926
0.000521749
0.000561893
0.000625562
0.000720283
0.000855011
0.00103924
0.00128138
0.00158638
0.00195276
0.0023711
0.00282424
0.00328961
0.00374298
0.00416267
0.00453264
0.00484397
0.00509448
0.00528715
0.00542805
0.00552441
0.00558313
0.00560987
0.00560871
0.0055821
0.00553109
0.00545575
0.00535558
0.00522992
0.00507838
0.00490121
0.00469976
0.00447704
0.00423887
0.00399621
0.00376984
0.00359877
0.00355328
0.00375165
0.00437544
0.00567284
0.00793634
0.0114444
0.0163717
0.0226853
0.0300887
0.0380486
0.0459006
0.0530012
0.0588715
0.0632832
0.0662682
0.0680636
0.0690252
0.0695424
0.0699778
0.0706362
0.0717581
0.0735237
0.0760565
0.0794196
0.0836029
0.0885063
0.0939273
0.0995655
0.10504
0.109972
0.11405
0.117089
0.119059
0.120068
0.120318
0.120046
0.119476
0.118789
0.118108
0.11751
0.117029
0.116677
0.116448
0.116328
0.1163
0.116344
0.116434
0.11654
0.116624
0.116637
0.116519
0.116194
0.115572
0.114551
0.113017
0.110862
0.107995
0.104371
0.10001
0.0950273
0.089638
0.0841508
0.0789296
0.0743355
0.0706599
0.0680689
0.0665738
0.0660503
0.0662831
0.0670203
0.0680223
0.069094
0.0700983
0.0709551
0.0716311
0.0721262
0.0724612
0.0726669
0.0727769
0.0728234
0.0728348
0.0728346
0.0728421
0.0728723
0.0729367
0.0730437
0.0731992
0.0734061
0.0736651
0.0739743
0.0743296
0.0747247
0.0751519
1.66539e-07
1.66156e-07
1.65311e-07
1.64159e-07
1.6283e-07
1.61426e-07
1.60027e-07
1.58697e-07
1.57482e-07
1.56413e-07
1.55508e-07
1.54773e-07
1.542e-07
1.53772e-07
1.53462e-07
1.53229e-07
1.53024e-07
1.52783e-07
1.52429e-07
1.51872e-07
1.5101e-07
1.49729e-07
1.47914e-07
1.45449e-07
1.42231e-07
1.38182e-07
1.33262e-07
1.27489e-07
1.20979e-07
1.1401e-07
1.0717e-07
1.01637e-07
9.96825e-08
1.05432e-07
1.25792e-07
1.71177e-07
2.55341e-07
3.93454e-07
5.97999e-07
8.72652e-07
1.20697e-06
1.57519e-06
1.94038e-06
2.26319e-06
2.51203e-06
2.67057e-06
2.74017e-06
2.73688e-06
2.68531e-06
2.61199e-06
2.54071e-06
2.49077e-06
2.47787e-06
2.51709e-06
2.62664e-06
2.83174e-06
3.16796e-06
3.68298e-06
4.43576e-06
5.49123e-06
6.9093e-06
8.72835e-06
1.09426e-05
1.34903e-05
1.62546e-05
1.90814e-05
2.18082e-05
2.4294e-05
2.64418e-05
2.82053e-05
2.95843e-05
3.06106e-05
3.13331e-05
3.18043e-05
3.20707e-05
3.21685e-05
3.21219e-05
3.19437e-05
3.16375e-05
3.12005e-05
3.06262e-05
2.99075e-05
2.90391e-05
2.8021e-05
2.68622e-05
2.55874e-05
2.42513e-05
2.29677e-05
2.19664e-05
2.16914e-05
2.29453e-05
2.70567e-05
3.59972e-05
5.23164e-05
7.87483e-05
0.000117427
0.000168831
0.000230808
0.000298459
0.000364983
0.0004233
0.000467856
0.000495912
0.000507892
0.000506806
0.000497129
0.00048363
0.00047056
0.000461362
0.000458853
0.000465753
0.000485365
0.000522273
0.000582926
0.000675953
0.000811984
0.00100267
0.00125868
0.00158669
0.00198537
0.00244323
0.00293902
0.00344486
0.00393157
0.00437411
0.0047554
0.00506758
0.00531101
0.00549177
0.00561884
0.00570172
0.0057488
0.00576652
0.00575911
0.00572878
0.00567606
0.00560035
0.00550039
0.00537478
0.00522242
0.00504302
0.00483754
0.00460889
0.00436317
0.00411232
0.00387918
0.0037067
0.0036719
0.00390347
0.00459672
0.00601437
0.00845831
0.012203
0.0173972
0.0239575
0.0315253
0.0395112
0.0472201
0.0540143
0.0594548
0.0633736
0.065865
0.0672154
0.0678088
0.0680435
0.0682783
0.0688113
0.0698792
0.0716664
0.0743076
0.0778801
0.0823829
0.0877103
0.0936313
0.0997904
0.105731
0.110996
0.11522
0.11821
0.119966
0.120659
0.120562
0.119971
0.119145
0.118275
0.117484
0.11683
0.116335
0.115994
0.115791
0.115708
0.115724
0.115819
0.11597
0.116146
0.116313
0.116422
0.116412
0.116207
0.115714
0.114824
0.113418
0.11138
0.108609
0.10505
0.100721
0.0957333
0.0903097
0.084769
0.079488
0.0748391
0.0711197
0.0684957
0.0669736
0.0664226
0.0666222
0.0673179
0.0682701
0.0692859
0.0702314
0.0710301
0.0716514
0.0720976
0.0723905
0.0725614
0.0726436
0.0726689
0.0726648
0.0726546
0.0726569
0.0726866
0.0727553
0.0728716
0.0730414
0.0732677
0.0735507
0.0738882
0.0742748
0.0747034
0.0751647
1.67325e-07
1.66518e-07
1.65317e-07
1.63866e-07
1.62286e-07
1.60675e-07
1.59108e-07
1.57646e-07
1.56334e-07
1.55202e-07
1.54265e-07
1.53527e-07
1.5298e-07
1.52606e-07
1.52375e-07
1.52249e-07
1.52179e-07
1.52103e-07
1.51945e-07
1.51616e-07
1.5101e-07
1.50011e-07
1.48494e-07
1.46333e-07
1.43412e-07
1.39634e-07
1.34945e-07
1.29353e-07
1.22973e-07
1.16105e-07
1.09406e-07
1.042e-07
1.03029e-07
1.10458e-07
1.34009e-07
1.84794e-07
2.77072e-07
4.25878e-07
6.42419e-07
9.27566e-07
1.26721e-06
1.63211e-06
1.98344e-06
2.28244e-06
2.50058e-06
2.62612e-06
2.665e-06
2.63654e-06
2.56657e-06
2.48084e-06
2.40098e-06
2.34348e-06
2.32134e-06
2.34757e-06
2.43941e-06
2.62276e-06
2.93624e-06
3.43389e-06
4.18497e-06
5.26847e-06
6.75998e-06
8.71055e-06
1.11165e-05
1.39024e-05
1.69231e-05
1.99883e-05
2.29022e-05
2.55038e-05
2.76922e-05
2.94323e-05
3.07428e-05
3.16774e-05
3.23032e-05
3.2686e-05
3.28805e-05
3.2926e-05
3.28464e-05
3.26523e-05
3.23435e-05
3.19127e-05
3.13488e-05
3.06401e-05
2.97771e-05
2.87562e-05
2.75844e-05
2.62863e-05
2.49202e-05
2.361e-05
2.26073e-05
2.23962e-05
2.3846e-05
2.83814e-05
3.80851e-05
5.5592e-05
8.36229e-05
0.000124119
0.000177123
0.000239881
0.000306923
0.000371119
0.000425472
0.000464918
0.000487466
0.000494298
0.00048897
0.00047616
0.000460512
0.000445908
0.000435314
0.000431081
0.000435572
0.000451929
0.000484868
0.000541396
0.000631296
0.000767062
0.000962875
0.0012322
0.00158396
0.00201709
0.00251761
0.00305908
0.0036071
0.00412662
0.00458903
0.00497674
0.00528395
0.00551456
0.00567851
0.00578809
0.00585516
0.00588949
0.00589805
0.00588501
0.0058521
0.00579919
0.00572487
0.00562705
0.00550349
0.00535235
0.00517269
0.00496504
0.00473216
0.00448047
0.00422293
0.00398469
0.00381298
0.00379212
0.00406169
0.00483094
0.00637625
0.0090064
0.0129873
0.0184356
0.0252134
0.0329005
0.0408581
0.0483713
0.0548204
0.0598146
0.0632487
0.0652747
0.0662192
0.0664843
0.0664688
0.0665229
0.0669355
0.0679419
0.0697347
0.0724664
0.0762361
0.0810596
0.0868301
0.0932869
0.100011
0.106453
0.112062
0.116412
0.119301
0.120779
0.121101
0.120622
0.119704
0.118638
0.117619
0.116753
0.11608
0.115598
0.115288
0.115124
0.115082
0.115141
0.115282
0.115484
0.115721
0.115959
0.116153
0.116242
0.116148
0.115775
0.11501
0.113728
0.111802
0.109126
0.105634
0.101339
0.0963526
0.0909037
0.0853213
0.079994
0.0753036
0.0715519
0.0689027
0.0673565
0.0667771
0.0669398
0.067589
0.0684868
0.0694437
0.0703298
0.0710719
0.0716421
0.0720443
0.0723008
0.0724425
0.0725023
0.0725111
0.0724958
0.072479
0.0724791
0.0725111
0.0725868
0.0727152
0.0729024
0.0731514
0.0734623
0.0738316
0.0742532
0.0747183
0.0752163
1.67818e-07
1.66653e-07
1.65149e-07
1.63443e-07
1.61646e-07
1.59851e-07
1.58133e-07
1.56552e-07
1.55153e-07
1.53963e-07
1.52998e-07
1.52258e-07
1.51733e-07
1.51402e-07
1.51237e-07
1.51199e-07
1.51241e-07
1.51303e-07
1.51311e-07
1.51176e-07
1.50794e-07
1.50046e-07
1.48802e-07
1.46926e-07
1.44289e-07
1.40782e-07
1.36333e-07
1.30939e-07
1.24717e-07
1.17993e-07
1.11498e-07
1.06716e-07
1.06479e-07
1.15811e-07
1.42855e-07
1.99373e-07
2.99994e-07
4.59382e-07
6.87113e-07
9.81033e-07
1.32344e-06
1.68211e-06
2.01714e-06
2.29129e-06
2.47972e-06
2.57539e-06
2.58836e-06
2.5404e-06
2.45768e-06
2.36449e-06
2.27986e-06
2.21733e-06
2.18716e-06
2.20023e-06
2.27261e-06
2.43053e-06
2.7153e-06
3.18727e-06
3.9269e-06
5.02945e-06
6.58965e-06
8.67489e-06
1.12849e-05
1.43279e-05
1.76229e-05
2.09348e-05
2.40291e-05
2.67242e-05
2.89203e-05
3.06e-05
3.18082e-05
3.26238e-05
3.31345e-05
3.34189e-05
3.35381e-05
3.3533e-05
3.34258e-05
3.32233e-05
3.29209e-05
3.25064e-05
3.19638e-05
3.12763e-05
3.043e-05
2.94177e-05
2.82438e-05
2.6933e-05
2.55475e-05
2.42223e-05
2.32326e-05
2.31059e-05
2.47821e-05
2.9783e-05
4.02977e-05
5.90277e-05
8.86454e-05
0.000130851
0.000185204
0.000248361
0.000314349
0.000375844
0.000426073
0.000460574
0.000478127
0.000480605
0.000471975
0.000456981
0.000440018
0.000424531
0.000412977
0.000407229
0.00040928
0.000422068
0.000450371
0.000501695
0.000586972
0.000720723
0.000920061
0.00120188
0.00157797
0.00204781
0.00259436
0.00318465
0.00377627
0.00432727
0.00480549
0.00519365
0.00548929
0.00570102
0.0058434
0.0059323
0.00598187
0.00600296
0.00600276
0.00598507
0.00595097
0.00589949
0.00582836
0.00573457
0.00561504
0.00546711
0.00528917
0.00508125
0.00484594
0.00458997
0.00432746
0.00408603
0.00391759
0.00391425
0.00422694
0.00507876
0.00675848
0.00957862
0.0137916
0.0194758
0.0264366
0.0341949
0.0420709
0.0493426
0.0554195
0.0599656
0.0629373
0.0645373
0.0651219
0.0651015
0.0648676
0.0647575
0.0650503
0.0659815
0.0677565
0.0705525
0.0744992
0.0796376
0.0858666
0.0928952
0.10023
0.107213
0.113176
0.117624
0.120353
0.121485
0.121378
0.120493
0.119255
0.117981
0.116857
0.115962
0.115307
0.114866
0.114605
0.114488
0.114488
0.114586
0.114764
0.115007
0.115291
0.115588
0.115853
0.116027
0.116032
0.115769
0.115121
0.113956
0.112138
0.109552
0.106126
0.101866
0.096887
0.0914213
0.0858087
0.0804487
0.0757304
0.0719581
0.0692909
0.0677236
0.0671143
0.0672359
0.0678335
0.0686727
0.0695683
0.0703949
0.0710826
0.0716058
0.0719691
0.0721947
0.0723129
0.0723556
0.0723525
0.0723298
0.0723097
0.0723106
0.0723477
0.0724334
0.0725771
0.0727853
0.0730612
0.073404
0.0738094
0.0742699
0.0747748
0.0753119
1.6813e-07
1.66668e-07
1.64909e-07
1.62983e-07
1.60994e-07
1.59033e-07
1.57177e-07
1.55485e-07
1.54004e-07
1.52762e-07
1.5177e-07
1.51027e-07
1.5052e-07
1.50226e-07
1.50115e-07
1.50148e-07
1.50279e-07
1.50451e-07
1.50593e-07
1.50619e-07
1.50426e-07
1.49894e-07
1.4889e-07
1.47273e-07
1.44902e-07
1.41654e-07
1.37446e-07
1.32264e-07
1.26225e-07
1.19687e-07
1.13463e-07
1.09208e-07
1.10062e-07
1.21525e-07
1.52351e-07
2.14883e-07
3.23958e-07
4.9363e-07
7.31483e-07
1.03224e-06
1.37481e-06
1.72462e-06
2.04159e-06
2.29082e-06
2.4516e-06
2.52141e-06
2.51379e-06
2.45209e-06
2.36197e-06
2.26572e-06
2.1796e-06
2.11419e-06
2.07713e-06
2.07713e-06
2.12886e-06
2.25836e-06
2.50896e-06
2.94701e-06
3.66469e-06
4.77578e-06
6.39818e-06
8.62034e-06
1.14475e-05
1.47677e-05
1.83553e-05
2.19201e-05
2.51829e-05
2.79426e-05
3.01073e-05
3.16865e-05
3.27582e-05
3.34306e-05
3.38119e-05
3.39924e-05
3.4037e-05
3.39861e-05
3.38582e-05
3.36558e-05
3.33689e-05
3.29803e-05
3.24688e-05
3.18127e-05
3.09937e-05
3.00007e-05
2.88357e-05
2.75231e-05
2.61295e-05
2.48023e-05
2.3842e-05
2.38228e-05
2.57579e-05
3.12671e-05
4.26373e-05
6.26144e-05
9.37831e-05
0.000137553
0.000192972
0.000256135
0.000320661
0.000379174
0.000425268
0.000455156
0.000468372
0.000467376
0.000456407
0.000440134
0.000422616
0.000406817
0.000394687
0.00038763
0.000387259
0.00039626
0.000419384
0.000464516
0.000543678
0.000673524
0.000874503
0.00116766
0.00156852
0.00207743
0.0026736
0.00331596
0.00395219
0.00453241
0.00502116
0.00540275
0.00567967
0.00586652
0.00598308
0.0060489
0.0060801
0.0060882
0.00608016
0.00605915
0.00602537
0.00597694
0.00591067
0.00582265
0.00570893
0.00556606
0.0053917
0.00518537
0.00494945
0.00469102
0.00442539
0.00418293
0.00402059
0.00403871
0.00439991
0.00534076
0.00716066
0.0101722
0.0146089
0.0205057
0.0276101
0.0353893
0.0431336
0.0501266
0.0558171
0.0599275
0.062472
0.0636949
0.0639713
0.0637099
0.0632885
0.0630281
0.0631979
0.0640353
0.0657632
0.0685899
0.0726849
0.078125
0.0848228
0.0924584
0.100455
0.10802
0.114347
0.118857
0.121358
0.122068
0.121482
0.120177
0.118644
0.117209
0.116033
0.115158
0.114559
0.114184
0.113984
0.113919
0.113959
0.114088
0.114293
0.114563
0.11488
0.11522
0.115541
0.115786
0.115877
0.115712
0.11517
0.114112
0.112395
0.109895
0.106531
0.102308
0.0973386
0.091864
0.0862327
0.0808537
0.0761215
0.07234
0.0696621
0.068076
0.067435
0.0675111
0.068052
0.0688284
0.0696605
0.0704278
0.0710637
0.0715441
0.0718737
0.072074
0.0721742
0.0722046
0.072194
0.0721677
0.0721476
0.0721524
0.0721978
0.0722968
0.0724599
0.0726937
0.0730012
0.0733811
0.0738276
0.0743311
0.0748792
0.0754574
1.6836e-07
1.66653e-07
1.64681e-07
1.62562e-07
1.604e-07
1.58285e-07
1.56297e-07
1.545e-07
1.5294e-07
1.51647e-07
1.50631e-07
1.49885e-07
1.49392e-07
1.49128e-07
1.49059e-07
1.49147e-07
1.49347e-07
1.49603e-07
1.49849e-07
1.5e-07
1.49959e-07
1.49605e-07
1.48806e-07
1.47415e-07
1.45284e-07
1.4228e-07
1.38307e-07
1.33344e-07
1.27511e-07
1.21202e-07
1.15318e-07
1.11699e-07
1.13809e-07
1.2763e-07
1.62504e-07
2.31268e-07
3.48784e-07
5.2822e-07
7.74889e-07
1.08038e-06
1.42058e-06
1.7593e-06
2.05719e-06
2.28237e-06
2.41845e-06
2.46703e-06
2.44435e-06
2.37438e-06
2.28164e-06
2.18607e-06
2.10112e-06
2.03463e-06
1.99175e-06
1.97912e-06
2.0097e-06
2.10871e-06
2.32066e-06
2.71701e-06
3.40184e-06
4.5095e-06
6.18571e-06
8.54583e-06
1.16035e-05
1.52227e-05
1.91216e-05
2.29426e-05
2.63558e-05
2.91439e-05
3.12332e-05
3.26706e-05
3.3574e-05
3.40837e-05
3.43273e-05
3.44036e-05
3.43785e-05
3.42892e-05
3.41492e-05
3.39551e-05
3.36919e-05
3.33373e-05
3.28651e-05
3.22491e-05
3.14666e-05
3.05027e-05
2.93567e-05
2.80533e-05
2.66636e-05
2.53483e-05
2.44358e-05
2.45497e-05
2.67789e-05
3.28391e-05
4.51044e-05
6.63384e-05
9.89966e-05
0.000144149
0.000200322
0.000263098
0.000325805
0.000381163
0.000423253
0.000449003
0.000458643
0.000455096
0.000442719
0.00042599
0.000408569
0.000392934
0.00038055
0.000372386
0.000369674
0.000374799
0.000392369
0.000430487
0.000502122
0.000626087
0.000826556
0.00112956
0.00155541
0.00210582
0.00275551
0.00345323
0.00413456
0.00474066
0.0052334
0.00560052
0.00585135
0.00600774
0.00609516
0.00613656
0.00614951
0.00614559
0.00613114
0.00610835
0.00607641
0.00603249
0.00597248
0.00589165
0.00578521
0.00564895
0.00547983
0.00527682
0.00504209
0.00478304
0.00451633
0.00427524
0.00412214
0.00416602
0.00458132
0.00561735
0.00758191
0.0107833
0.0154309
0.0215113
0.0287159
0.0364654
0.0440324
0.0507191
0.0560221
0.0597227
0.0618866
0.062789
0.0628126
0.0623556
0.0617766
0.0613783
0.0614197
0.0621421
0.063789
0.0666067
0.0708134
0.0765339
0.0837049
0.0919813
0.100692
0.108883
0.115582
0.120111
0.122304
0.122514
0.121404
0.119683
0.117898
0.116363
0.115197
0.11439
0.11388
0.11359
0.113459
0.113444
0.113518
0.113669
0.113889
0.114173
0.114509
0.114875
0.115236
0.115536
0.115698
0.115617
0.115168
0.114206
0.112581
0.110159
0.106854
0.102666
0.0977099
0.0922338
0.0865955
0.0812116
0.0764795
0.0727004
0.0700188
0.0684156
0.0677405
0.0677661
0.068245
0.0689544
0.0697211
0.0704295
0.0710161
0.0714578
0.0717588
0.0719393
0.0720266
0.0720496
0.0720357
0.0720097
0.0719932
0.0720054
0.0720629
0.0721797
0.072367
0.072632
0.0729772
0.0734
0.0738929
0.074444
0.0750383
0.0756591
1.68587e-07
1.66682e-07
1.64531e-07
1.62244e-07
1.59921e-07
1.57659e-07
1.55541e-07
1.53638e-07
1.52001e-07
1.50657e-07
1.49616e-07
1.48865e-07
1.48385e-07
1.48144e-07
1.48108e-07
1.48237e-07
1.48486e-07
1.48802e-07
1.49121e-07
1.49365e-07
1.49437e-07
1.49222e-07
1.48588e-07
1.47387e-07
1.45467e-07
1.42685e-07
1.38938e-07
1.34196e-07
1.28592e-07
1.22555e-07
1.17084e-07
1.14219e-07
1.17754e-07
1.34155e-07
1.73311e-07
2.48445e-07
3.74243e-07
5.62701e-07
8.16665e-07
1.12469e-06
1.46012e-06
1.786e-06
2.06453e-06
2.26736e-06
2.38239e-06
2.41471e-06
2.38234e-06
2.30909e-06
2.21776e-06
2.12581e-06
2.04403e-06
1.97782e-06
1.93016e-06
1.90566e-06
1.91537e-06
1.98302e-06
2.15311e-06
2.50098e-06
3.14206e-06
4.23306e-06
5.9526e-06
8.4503e-06
1.17524e-05
1.5694e-05
1.99232e-05
2.40001e-05
2.75385e-05
3.0312e-05
3.2278e-05
3.3533e-05
3.42417e-05
3.45763e-05
3.46808e-05
3.46583e-05
3.45723e-05
3.4454e-05
3.43106e-05
3.41326e-05
3.38997e-05
3.3585e-05
3.31579e-05
3.25883e-05
3.18492e-05
3.09224e-05
2.98048e-05
2.8521e-05
2.71477e-05
2.58598e-05
2.50155e-05
2.52904e-05
2.78507e-05
3.45043e-05
4.76976e-05
7.01813e-05
0.000104238
0.000150557
0.000207148
0.000269155
0.000329748
0.000381885
0.000420232
0.000442433
0.000449321
0.000444132
0.000431204
0.000414726
0.000397926
0.000382821
0.000370441
0.000361364
0.000356455
0.000357755
0.000369604
0.000400117
0.00046298
0.000579085
0.000776655
0.00108764
0.00153842
0.00213286
0.00284026
0.00359667
0.00432293
0.00495031
0.00543926
0.00578338
0.006001
0.00612234
0.00617856
0.00619547
0.00619129
0.00617705
0.00615795
0.00613498
0.00610624
0.00606796
0.00601522
0.00594255
0.00584443
0.00571595
0.00555341
0.00535525
0.0051234
0.00486563
0.00459999
0.00436293
0.00422254
0.0042968
0.00477186
0.00590875
0.00802076
0.0114074
0.0162477
0.0224778
0.0297355
0.0374052
0.0447551
0.0511183
0.0560451
0.0593739
0.0612128
0.0618565
0.0616847
0.0610775
0.0603704
0.059846
0.0597534
0.060339
0.0618697
0.0646346
0.0689102
0.0748816
0.0825232
0.0914711
0.10095
0.109815
0.116891
0.121385
0.12318
0.122808
0.121142
0.119028
0.117051
0.115489
0.114395
0.113701
0.113304
0.11311
0.113049
0.11308
0.11318
0.113343
0.113566
0.113851
0.11419
0.114568
0.114953
0.115292
0.115507
0.115495
0.115125
0.114247
0.112703
0.110351
0.107099
0.102943
0.0980038
0.0925336
0.0868999
0.0815255
0.0768082
0.0730429
0.0703639
0.0687449
0.0680326
0.0680024
0.0684136
0.0690516
0.0697507
0.0704005
0.0709402
0.071347
0.0716242
0.0717899
0.0718694
0.0718897
0.071877
0.0718554
0.0718467
0.0718708
0.0719452
0.0720854
0.0723033
0.0726062
0.0729961
0.0734688
0.0740141
0.074617
0.0752599
0.0759236
1.68876e-07
1.66818e-07
1.64517e-07
1.6208e-07
1.59606e-07
1.57198e-07
1.54949e-07
1.52937e-07
1.51218e-07
1.49822e-07
1.48752e-07
1.47995e-07
1.47523e-07
1.473e-07
1.47287e-07
1.47443e-07
1.47723e-07
1.48076e-07
1.48441e-07
1.48744e-07
1.48893e-07
1.48778e-07
1.48269e-07
1.47219e-07
1.45476e-07
1.42891e-07
1.39355e-07
1.34838e-07
1.29482e-07
1.23763e-07
1.18786e-07
1.16796e-07
1.21929e-07
1.4112e-07
1.84751e-07
2.66299e-07
4.00061e-07
5.96577e-07
8.56125e-07
1.16443e-06
1.49292e-06
1.80469e-06
2.06428e-06
2.24717e-06
2.34521e-06
2.36626e-06
2.32921e-06
2.25694e-06
2.17021e-06
2.08399e-06
2.0067e-06
1.94171e-06
1.89019e-06
1.85489e-06
1.8448e-06
1.88147e-06
2.00811e-06
2.30216e-06
2.88916e-06
3.9493e-06
5.69958e-06
8.33268e-06
1.18935e-05
1.61827e-05
2.07612e-05
2.50891e-05
2.87199e-05
3.14292e-05
3.32228e-05
3.42594e-05
3.47545e-05
3.49102e-05
3.48816e-05
3.47711e-05
3.46358e-05
3.44989e-05
3.43602e-05
3.42043e-05
3.40059e-05
3.37341e-05
3.3355e-05
3.2835e-05
3.21439e-05
3.12603e-05
3.01789e-05
2.89251e-05
2.75809e-05
2.63372e-05
2.55837e-05
2.605e-05
2.89798e-05
3.62673e-05
5.04124e-05
7.41188e-05
0.000109453
0.000156686
0.000213342
0.000274217
0.000332466
0.000381422
0.000416395
0.000435711
0.000440684
0.00043471
0.000421975
0.000406316
0.000390526
0.000376203
0.00036401
0.000354196
0.00034729
0.000344956
0.000351145
0.000373748
0.000426857
0.000533214
0.000725309
0.001042
0.00151736
0.0021584
0.00292803
0.00374647
0.00451668
0.00515937
0.00563565
0.00594802
0.0061261
0.0062092
0.00623375
0.00622742
0.00620819
0.0061858
0.00616397
0.00614231
0.00611782
0.00608589
0.00604091
0.00597682
0.00588754
0.00576755
0.00561255
0.0054205
0.00519309
0.00493848
0.00467622
0.0044461
0.00432223
0.00443175
0.00497223
0.00621485
0.00847506
0.0120384
0.017048
0.0233884
0.0306496
0.0381907
0.0452902
0.0513228
0.0558958
0.0589001
0.0604758
0.0609257
0.0606162
0.0599037
0.0590973
0.0584594
0.0582292
0.0586587
0.0600398
0.062708
0.0670058
0.0731915
0.0812936
0.0909392
0.101241
0.11083
0.118284
0.122678
0.123972
0.122937
0.120698
0.118237
0.116146
0.114634
0.11367
0.113123
0.112855
0.112757
0.112762
0.11283
0.112947
0.113111
0.113328
0.113603
0.113934
0.11431
0.114704
0.115065
0.115318
0.115357
0.115051
0.114243
0.112767
0.110476
0.10727
0.103145
0.0982234
0.0927666
0.0871499
0.0818
0.0771126
0.0733722
0.0707019
0.0690675
0.0683143
0.0682223
0.0685597
0.0691214
0.0697503
0.0703412
0.0708357
0.0712111
0.0714688
0.0716245
0.071701
0.0717236
0.071717
0.0717047
0.071709
0.0717506
0.0718484
0.072019
0.0722753
0.0726246
0.0730675
0.0735974
0.074201
0.0748596
0.0755522
0.0762576
1.69279e-07
1.67107e-07
1.64687e-07
1.62115e-07
1.59497e-07
1.56943e-07
1.54558e-07
1.5243e-07
1.50622e-07
1.49165e-07
1.48061e-07
1.47291e-07
1.4682e-07
1.46607e-07
1.46608e-07
1.46778e-07
1.47072e-07
1.47441e-07
1.47825e-07
1.48156e-07
1.48347e-07
1.48293e-07
1.47868e-07
1.46931e-07
1.45328e-07
1.42913e-07
1.39573e-07
1.35281e-07
1.30197e-07
1.24847e-07
1.2045e-07
1.19464e-07
1.26368e-07
1.4854e-07
1.96785e-07
2.8468e-07
4.25922e-07
6.29318e-07
8.92571e-07
1.1989e-06
1.51852e-06
1.81541e-06
2.05706e-06
2.22287e-06
2.30815e-06
2.32269e-06
2.28536e-06
2.21754e-06
2.13771e-06
2.05852e-06
1.98642e-06
1.92317e-06
1.86855e-06
1.82371e-06
1.79555e-06
1.80286e-06
1.88624e-06
2.12309e-06
2.64688e-06
3.6614e-06
5.42772e-06
8.19186e-06
1.20258e-05
1.66902e-05
2.16367e-05
2.62052e-05
2.98875e-05
3.2478e-05
3.40515e-05
3.48412e-05
3.51142e-05
3.50966e-05
3.49479e-05
3.47641e-05
3.45926e-05
3.44471e-05
3.43196e-05
3.41892e-05
3.40265e-05
3.37975e-05
3.3466e-05
3.29959e-05
3.23545e-05
3.15179e-05
3.04793e-05
2.92648e-05
2.79633e-05
2.6782e-05
2.61441e-05
2.68347e-05
3.01734e-05
3.81317e-05
5.32409e-05
7.81198e-05
0.000114574
0.000162438
0.000218792
0.000278196
0.000333937
0.000379839
0.000411887
0.000429015
0.000432879
0.000426883
0.000414957
0.000400537
0.000386005
0.000372603
0.000360708
0.000350307
0.000341639
0.000335984
0.000336801
0.000351515
0.000394231
0.000489161
0.000673097
0.000992842
0.001492
0.00218226
0.00301906
0.00390281
0.004715
0.0053656
0.00581946
0.00609169
0.00622529
0.0062688
0.00626286
0.00623577
0.00620423
0.00617613
0.0061534
0.00613422
0.00611459
0.00608918
0.00605188
0.00599622
0.00591573
0.00580442
0.00565753
0.00547255
0.00525099
0.00500143
0.004745
0.004525
0.00442179
0.00457167
0.00518302
0.00653516
0.00894168
0.0126689
0.0178188
0.0242252
0.0314376
0.0388036
0.0456255
0.0513291
0.0555794
0.0583126
0.05969
0.0600106
0.0596199
0.0588453
0.0579686
0.0572318
0.0568648
0.0571253
0.0583299
0.060862
0.0651354
0.0714943
0.0800386
0.0904022
0.10158
0.111946
0.119776
0.123989
0.124665
0.122891
0.120081
0.117342
0.115228
0.113843
0.113056
0.112676
0.112538
0.112532
0.112591
0.112687
0.112812
0.112971
0.113174
0.11343
0.113744
0.114107
0.114496
0.114864
0.115138
0.115212
0.114953
0.1142
0.11278
0.110538
0.107371
0.103274
0.0983725
0.0929373
0.0873505
0.082041
0.0773988
0.0736946
0.0710386
0.0693887
0.0685901
0.0684297
0.0686864
0.0691666
0.0697218
0.0702528
0.0707031
0.0710495
0.0712913
0.0714415
0.0715201
0.0715503
0.0715554
0.0715586
0.0715826
0.071649
0.0717784
0.0719886
0.0722929
0.0726983
0.0732034
0.0737983
0.0744655
0.0751822
0.0759237
0.0766668
1.69836e-07
1.67591e-07
1.65079e-07
1.62391e-07
1.59637e-07
1.56935e-07
1.54405e-07
1.52149e-07
1.50239e-07
1.48709e-07
1.4756e-07
1.46765e-07
1.46285e-07
1.4607e-07
1.46071e-07
1.46241e-07
1.46532e-07
1.46896e-07
1.47275e-07
1.47605e-07
1.47804e-07
1.47774e-07
1.47394e-07
1.46531e-07
1.45034e-07
1.42761e-07
1.39602e-07
1.35539e-07
1.30754e-07
1.2583e-07
1.22108e-07
1.22262e-07
1.31103e-07
1.56424e-07
2.09357e-07
3.03414e-07
4.51457e-07
6.60349e-07
9.25284e-07
1.22741e-06
1.53646e-06
1.81812e-06
2.04326e-06
2.19508e-06
2.27174e-06
2.28404e-06
2.2501e-06
2.18934e-06
2.11789e-06
2.04632e-06
1.97952e-06
1.91815e-06
1.861e-06
1.80797e-06
1.76394e-06
1.74463e-06
1.78677e-06
1.96533e-06
2.41863e-06
3.37282e-06
5.13849e-06
8.02663e-06
1.21484e-05
1.7218e-05
2.25507e-05
2.73428e-05
3.10273e-05
3.34415e-05
3.47531e-05
3.52784e-05
3.53323e-05
3.51561e-05
3.49054e-05
3.46649e-05
3.44698e-05
3.43238e-05
3.42115e-05
3.4107e-05
3.39779e-05
3.37884e-05
3.35008e-05
3.30777e-05
3.2485e-05
3.16972e-05
3.07065e-05
2.95408e-05
2.82958e-05
2.71971e-05
2.67022e-05
2.7652e-05
3.14388e-05
4.00994e-05
5.61705e-05
8.21453e-05
0.000119526
0.000167701
0.000223374
0.000280996
0.000334123
0.000377164
0.000406774
0.000422398
0.000425886
0.000420514
0.000409867
0.000396965
0.000383815
0.000371375
0.000359815
0.000348943
0.000338764
0.000330192
0.000326127
0.000333305
0.000365407
0.000447563
0.000620652
0.000940415
0.00146212
0.00220427
0.0031136
0.00406586
0.0049169
0.00556655
0.00598779
0.0062125
0.00629866
0.00630329
0.00626964
0.00622516
0.00618438
0.0061529
0.00613073
0.00611474
0.00610002
0.00608073
0.00605045
0.00600251
0.00593021
0.0058273
0.00568866
0.00551143
0.005297
0.00505441
0.00480646
0.00460008
0.00452195
0.00471742
0.00540469
0.00686865
0.00941654
0.0132896
0.0185447
0.0249676
0.032077
0.039223
0.0457455
0.051128
0.0550918
0.0576095
0.0588525
0.0591056
0.0586866
0.0578912
0.0569736
0.0561563
0.0556607
0.0557498
0.0567632
0.0591306
0.0633394
0.0698291
0.0787902
0.089884
0.101988
0.113184
0.121382
0.125316
0.125244
0.12266
0.119308
0.116381
0.114342
0.113152
0.112573
0.112364
0.112348
0.112419
0.112522
0.112637
0.112763
0.112911
0.113096
0.113329
0.113619
0.11396
0.114334
0.114695
0.114974
0.115067
0.114838
0.114123
0.112745
0.110541
0.107406
0.103333
0.0984556
0.0930508
0.0875084
0.0822563
0.0776752
0.0740185
0.071382
0.0697159
0.068867
0.068631
0.0687998
0.0691921
0.0696693
0.0701381
0.070544
0.0708631
0.0710922
0.0712412
0.0713272
0.071371
0.0713948
0.0714213
0.0714735
0.0715744
0.0717457
0.0720064
0.07237
0.0728423
0.0734191
0.0740861
0.0748207
0.0755953
0.076382
0.0771559
1.70575e-07
1.683e-07
1.65729e-07
1.62947e-07
1.60066e-07
1.57215e-07
1.54531e-07
1.52132e-07
1.50101e-07
1.48479e-07
1.47265e-07
1.46428e-07
1.45919e-07
1.45685e-07
1.45669e-07
1.4582e-07
1.46089e-07
1.46425e-07
1.46775e-07
1.47076e-07
1.47252e-07
1.4721e-07
1.4684e-07
1.46013e-07
1.4459e-07
1.42434e-07
1.39445e-07
1.35619e-07
1.31168e-07
1.26738e-07
1.23796e-07
1.25231e-07
1.36171e-07
1.64772e-07
2.2239e-07
3.22289e-07
4.76253e-07
6.89049e-07
9.5351e-07
1.24923e-06
1.54623e-06
1.8126e-06
2.02284e-06
2.16372e-06
2.23549e-06
2.24919e-06
2.2215e-06
2.16958e-06
2.10727e-06
2.04334e-06
1.98153e-06
1.92186e-06
1.86257e-06
1.80267e-06
1.74528e-06
1.70293e-06
1.70754e-06
1.82922e-06
2.20728e-06
3.0874e-06
4.83364e-06
7.83566e-06
1.22601e-05
1.77679e-05
2.35042e-05
2.84951e-05
3.21246e-05
3.43058e-05
3.53233e-05
3.55802e-05
3.54298e-05
3.51168e-05
3.47849e-05
3.45038e-05
3.42955e-05
3.41538e-05
3.40571e-05
3.39754e-05
3.38746e-05
3.3718e-05
3.34678e-05
3.30863e-05
3.25391e-05
3.18001e-05
3.08616e-05
2.97538e-05
2.8581e-05
2.75871e-05
2.72652e-05
2.85109e-05
3.27836e-05
4.21704e-05
5.91827e-05
8.61453e-05
0.000124216
0.000172351
0.000226952
0.000282496
0.000332943
0.000373347
0.000401002
0.000415748
0.000419486
0.000415247
0.00040621
0.000394978
0.00038323
0.000371712
0.000360468
0.000349204
0.000337763
0.000326735
0.00031844
0.000318748
0.000340472
0.000408957
0.000568671
0.000885048
0.00142748
0.00222418
0.00321196
0.00423577
0.00512115
0.00575965
0.0061382
0.00630982
0.006348
0.00631652
0.00625915
0.00620108
0.00615397
0.00612095
0.00610025
0.00608749
0.00607713
0.00606298
0.00603854
0.0059971
0.00593195
0.00583674
0.00570616
0.00553715
0.00533106
0.00509746
0.00486088
0.00467195
0.00462365
0.00486994
0.00563747
0.00721361
0.00989417
0.0138893
0.019208
0.0255924
0.0325418
0.039424
0.0456284
0.0507006
0.0544144
0.0567698
0.057937
0.0581786
0.0577794
0.0570022
0.0560744
0.055201
0.054596
0.0545266
0.0553525
0.0575451
0.0616627
0.0682453
0.0775921
0.0894177
0.102489
0.114569
0.12312
0.126656
0.125692
0.122241
0.118402
0.115399
0.11353
0.112583
0.112223
0.112175
0.112264
0.112397
0.112532
0.112658
0.112782
0.112918
0.113083
0.113292
0.113555
0.11387
0.114219
0.114562
0.114831
0.114926
0.11471
0.114017
0.112666
0.11049
0.107379
0.103328
0.0984778
0.0931141
0.0876319
0.0824562
0.0779528
0.0743554
0.0717437
0.0700606
0.0691563
0.0688373
0.0689099
0.0692072
0.0696012
0.0700046
0.070365
0.0706576
0.0708766
0.0710285
0.0711276
0.0711923
0.0712433
0.0713028
0.0713941
0.0715412
0.0717668
0.0720906
0.0725257
0.0730759
0.073733
0.0744773
0.0752801
0.076109
0.0769328
0.0777266
1.7151e-07
1.69254e-07
1.66665e-07
1.6382e-07
1.60828e-07
1.57832e-07
1.54984e-07
1.52424e-07
1.50249e-07
1.48509e-07
1.47202e-07
1.46294e-07
1.4573e-07
1.4545e-07
1.45391e-07
1.45497e-07
1.45718e-07
1.46002e-07
1.46296e-07
1.46539e-07
1.46661e-07
1.46576e-07
1.46181e-07
1.45359e-07
1.43982e-07
1.41925e-07
1.39102e-07
1.3553e-07
1.31459e-07
1.27605e-07
1.25559e-07
1.28421e-07
1.4161e-07
1.73579e-07
2.35786e-07
3.41054e-07
4.99842e-07
7.14734e-07
9.76412e-07
1.2635e-06
1.54708e-06
1.79819e-06
1.99513e-06
2.12775e-06
2.19775e-06
2.21563e-06
2.19619e-06
2.15417e-06
2.1012e-06
2.04455e-06
1.98718e-06
1.92886e-06
1.86768e-06
1.80219e-06
1.7341e-06
1.67287e-06
1.64508e-06
1.71378e-06
2.01487e-06
2.80935e-06
4.51504e-06
7.6174e-06
1.23592e-05
1.83419e-05
2.4498e-05
2.9654e-05
3.31648e-05
3.5061e-05
3.57662e-05
3.57661e-05
3.54363e-05
3.50126e-05
3.462e-05
3.43113e-05
3.40958e-05
3.39589e-05
3.38738e-05
3.38082e-05
3.37271e-05
3.35942e-05
3.33725e-05
3.30253e-05
3.25188e-05
3.18276e-05
3.09454e-05
2.9906e-05
2.88226e-05
2.79589e-05
2.78427e-05
2.94221e-05
3.42156e-05
4.43413e-05
6.22512e-05
9.00562e-05
0.000128535
0.000176236
0.000229357
0.000282534
0.000330245
0.000368229
0.000394357
0.000408744
0.000413216
0.000410469
0.000403241
0.00039373
0.000383333
0.000372648
0.000361668
0.000350072
0.000337611
0.000324617
0.000312855
0.000307223
0.000319267
0.000373742
0.000517933
0.000827078
0.00138778
0.0022417
0.0033145
0.0044127
0.00532633
0.00594236
0.00626909
0.00638453
0.00637686
0.00631381
0.00623738
0.00616934
0.00611819
0.00608469
0.00606548
0.00605528
0.00604808
0.00603756
0.0060173
0.00598076
0.00592138
0.0058329
0.00571
0.00554958
0.00535307
0.00513069
0.00490873
0.00474147
0.00472799
0.00503017
0.00588125
0.00756739
0.0103673
0.0144539
0.0197874
0.0260721
0.0328012
0.0393748
0.0452418
0.0500126
0.0535081
0.0557462
0.0568871
0.0571645
0.0568275
0.0561059
0.0552023
0.0543062
0.0536261
0.0534325
0.0541001
0.0561344
0.0601565
0.0668057
0.0765036
0.0890468
0.103121
0.116134
0.125012
0.128005
0.125991
0.121634
0.117396
0.114439
0.112821
0.112145
0.111994
0.112085
0.112258
0.112437
0.112595
0.112729
0.11285
0.112975
0.113124
0.113311
0.113547
0.113831
0.114149
0.114463
0.114709
0.114789
0.114569
0.113882
0.112544
0.110385
0.107292
0.103263
0.0984456
0.0931357
0.0877323
0.082654
0.0782465
0.0747212
0.0721403
0.0704401
0.0694754
0.069066
0.0690348
0.06923
0.0695351
0.0698691
0.070182
0.0704482
0.0706592
0.0708185
0.0709371
0.0710312
0.0711196
0.0712236
0.0713668
0.0715734
0.0718669
0.0722667
0.0727851
0.0734227
0.0741663
0.0749893
0.0758564
0.0767305
0.0775785
0.0783766
1.72644e-07
1.70462e-07
1.67907e-07
1.6504e-07
1.61967e-07
1.58837e-07
1.55823e-07
1.53085e-07
1.50742e-07
1.48852e-07
1.47417e-07
1.464e-07
1.45741e-07
1.45374e-07
1.45233e-07
1.45258e-07
1.45395e-07
1.45593e-07
1.45798e-07
1.45952e-07
1.45988e-07
1.45829e-07
1.4538e-07
1.44537e-07
1.43185e-07
1.41217e-07
1.38569e-07
1.35284e-07
1.31656e-07
1.28475e-07
1.27459e-07
1.31899e-07
1.47465e-07
1.82833e-07
2.49422e-07
3.59411e-07
5.21688e-07
7.36617e-07
9.93014e-07
1.26916e-06
1.5379e-06
1.77368e-06
1.95852e-06
2.0849e-06
2.15534e-06
2.17926e-06
2.16924e-06
2.1375e-06
2.09365e-06
2.04372e-06
1.99022e-06
1.93295e-06
1.87024e-06
1.8005e-06
1.72446e-06
1.64887e-06
1.59486e-06
1.61687e-06
1.84292e-06
2.54199e-06
4.18485e-06
7.37011e-06
1.24438e-05
1.89426e-05
2.55327e-05
3.08098e-05
3.41341e-05
3.57034e-05
3.60961e-05
3.58648e-05
3.53883e-05
3.48806e-05
3.44446e-05
3.41161e-05
3.38938e-05
3.37567e-05
3.36747e-05
3.36145e-05
3.35415e-05
3.34207e-05
3.32169e-05
3.28953e-05
3.24242e-05
3.178e-05
3.09591e-05
3.00003e-05
2.90269e-05
2.83222e-05
2.84477e-05
3.0399e-05
3.57425e-05
4.66043e-05
6.53389e-05
9.37959e-05
0.000132347
0.000179173
0.000230374
0.000280876
0.000325771
0.000361486
0.000386398
0.000400794
0.000406323
0.000405276
0.000399933
0.000392113
0.000382976
0.00037303
0.000362273
0.000350417
0.000337192
0.000322746
0.00030835
0.000297907
0.00030141
0.000342206
0.000469081
0.00076691
0.0013427
0.00225646
0.00342167
0.00459675
0.00553078
0.00611232
0.00637994
0.00643931
0.0063905
0.00630164
0.00621083
0.00613574
0.0060818
0.00604776
0.00602908
0.00601988
0.00601392
0.006005
0.0059869
0.00595338
0.00589821
0.00581537
0.00569973
0.00554834
0.00536289
0.00515431
0.00495068
0.00480978
0.00483633
0.00519905
0.00613544
0.00792605
0.0108264
0.014966
0.0202566
0.0263733
0.0328166
0.0390328
0.0445391
0.0490094
0.0523071
0.0544605
0.0556122
0.0559626
0.0557242
0.0550957
0.0542578
0.0533867
0.0526868
0.0524303
0.0530012
0.054928
0.0588814
0.0655899
0.0756035
0.088835
0.10393
0.117919
0.127086
0.129359
0.126119
0.120844
0.116329
0.113542
0.112235
0.111829
0.111861
0.112062
0.112297
0.11251
0.112685
0.112826
0.112947
0.113067
0.113204
0.113373
0.113584
0.113838
0.114119
0.114396
0.114606
0.114656
0.114415
0.113718
0.11238
0.110228
0.107148
0.103143
0.0983668
0.0931268
0.0878248
0.0828676
0.078577
0.0751387
0.0725965
0.0708805
0.0698522
0.0693471
0.0692059
0.0692931
0.069504
0.0697648
0.0700281
0.0702676
0.0704728
0.0706441
0.0707894
0.0709219
0.0710588
0.0712198
0.0714281
0.0717077
0.0720816
0.0725687
0.0731791
0.0739097
0.0747408
0.075638
0.076559
0.0774626
0.0783159
0.0790982
1.73962e-07
1.71918e-07
1.6946e-07
1.6663e-07
1.63522e-07
1.60287e-07
1.57114e-07
1.54193e-07
1.51662e-07
1.49592e-07
1.47989e-07
1.46815e-07
1.4601e-07
1.45503e-07
1.45227e-07
1.45118e-07
1.45122e-07
1.45185e-07
1.45257e-07
1.45282e-07
1.45197e-07
1.4493e-07
1.444e-07
1.43514e-07
1.42176e-07
1.403e-07
1.37849e-07
1.34903e-07
1.31806e-07
1.29421e-07
1.29583e-07
1.35752e-07
1.53798e-07
1.92522e-07
2.63152e-07
3.77001e-07
5.41157e-07
7.53762e-07
1.00211e-06
1.26479e-06
1.51704e-06
1.73696e-06
1.91019e-06
2.03144e-06
2.10343e-06
2.13413e-06
2.13373e-06
2.11205e-06
2.07686e-06
2.03316e-06
1.9832e-06
1.92707e-06
1.86352e-06
1.79119e-06
1.71022e-06
1.62519e-06
1.55198e-06
1.5354e-06
1.69124e-06
2.2882e-06
3.84552e-06
7.09169e-06
1.25113e-05
1.95732e-05
2.66089e-05
3.19516e-05
3.50208e-05
3.62373e-05
3.63374e-05
3.59139e-05
3.53269e-05
3.47599e-05
3.42925e-05
3.39459e-05
3.37109e-05
3.35627e-05
3.34703e-05
3.34006e-05
3.33208e-05
3.31983e-05
3.30004e-05
3.26954e-05
3.22545e-05
3.16577e-05
3.09055e-05
3.00429e-05
2.92044e-05
2.8692e-05
2.90981e-05
3.14582e-05
3.73718e-05
4.89462e-05
6.83952e-05
9.72575e-05
0.000135479
0.000180927
0.000229717
0.00027719
0.000319108
0.000352586
0.000376436
0.000391014
0.000397715
0.000398402
0.000394906
0.000388696
0.000380737
0.00037148
0.000360967
0.00034899
0.000335315
0.000319985
0.000303866
0.000289909
0.000286351
0.000314334
0.000422646
0.000705007
0.00129188
0.00226798
0.00353404
0.00478802
0.00573258
0.00626759
0.00647172
0.00647871
0.00639566
0.00628732
0.00618624
0.00610593
0.00604917
0.00601326
0.00599299
0.00598227
0.0059749
0.00596496
0.00594661
0.00591402
0.00586139
0.00578313
0.0056745
0.00553286
0.00536036
0.00516876
0.00498779
0.00487845
0.00495034
0.0053775
0.00639877
0.00828401
0.0112586
0.0154033
0.0205836
0.0264548
0.0325397
0.0383421
0.0434535
0.0476128
0.0507188
0.0528032
0.0539874
0.0544374
0.0543307
0.053838
0.0531206
0.0523438
0.0517079
0.0514845
0.052059
0.0539693
0.0579163
0.0647003
0.0749986
0.0888717
0.104979
0.119973
0.129375
0.130711
0.126056
0.119887
0.115242
0.112741
0.111771
0.11161
0.111788
0.112069
0.112348
0.112585
0.112776
0.112927
0.113055
0.113177
0.113309
0.113465
0.113655
0.113877
0.114119
0.11435
0.114512
0.114518
0.11424
0.113519
0.11217
0.110018
0.106951
0.102973
0.0982513
0.0931023
0.087929
0.0831214
0.0789731
0.0756408
0.0731486
0.0714221
0.0703318
0.0697301
0.0694768
0.0694532
0.0695672
0.0697524
0.0699646
0.0701778
0.0703794
0.0705669
0.0707453
0.0709248
0.0711198
0.0713489
0.0716332
0.0719957
0.0724583
0.0730383
0.0737432
0.074565
0.0754767
0.0764349
0.0773908
0.0783008
0.0791344
0.0798767
1.75431e-07
1.73593e-07
1.7131e-07
1.68594e-07
1.6552e-07
1.62232e-07
1.58935e-07
1.55843e-07
1.53122e-07
1.50853e-07
1.49048e-07
1.47673e-07
1.46665e-07
1.45955e-07
1.45477e-07
1.45167e-07
1.4497e-07
1.44837e-07
1.44716e-07
1.44557e-07
1.44302e-07
1.4389e-07
1.43248e-07
1.423e-07
1.40971e-07
1.39202e-07
1.36989e-07
1.34455e-07
1.32e-07
1.30564e-07
1.32078e-07
1.40121e-07
1.607e-07
2.0264e-07
2.76802e-07
3.93389e-07
5.57471e-07
7.65e-07
1.00218e-06
1.24844e-06
1.48198e-06
1.68485e-06
1.84605e-06
1.96204e-06
2.03533e-06
2.07229e-06
2.0808e-06
2.06845e-06
2.04136e-06
2.00366e-06
1.95746e-06
1.90317e-06
1.84013e-06
1.76741e-06
1.68494e-06
1.59564e-06
1.51079e-06
1.46523e-06
1.55887e-06
2.05081e-06
3.49991e-06
6.77958e-06
1.2558e-05
2.0238e-05
2.77266e-05
3.30667e-05
3.5817e-05
3.66768e-05
3.65246e-05
3.59571e-05
3.52968e-05
3.46916e-05
3.41994e-05
3.38307e-05
3.35714e-05
3.33963e-05
3.32752e-05
3.31772e-05
3.30727e-05
3.29323e-05
3.2727e-05
3.2429e-05
3.20138e-05
3.14664e-05
3.07935e-05
3.00479e-05
2.93748e-05
2.90928e-05
2.98203e-05
3.26219e-05
3.91114e-05
5.13456e-05
7.13497e-05
0.000100299
0.000137706
0.000181194
0.000226997
0.000270983
0.00030965
0.00034076
0.000363484
0.000378173
0.000385938
0.000388219
0.00038643
0.000381729
0.000374908
0.000366384
0.000356253
0.000344413
0.000330705
0.000315133
0.000298259
0.000282187
0.000273333
0.000289966
0.000379164
0.000641904
0.00123486
0.0022756
0.00365235
0.00498656
0.00592955
0.00640694
0.00654717
0.00650906
0.00640026
0.00627874
0.00617071
0.00608582
0.00602494
0.00598463
0.00595956
0.00594381
0.00593153
0.00591732
0.00589582
0.00586175
0.00580986
0.00573516
0.00563347
0.00550272
0.00534572
0.00517505
0.00502184
0.00494981
0.00507222
0.00556643
0.00666907
0.00863343
0.011647
0.0157375
0.020728
0.0262647
0.0319071
0.0372296
0.041902
0.0457249
0.0486276
0.0506421
0.0518675
0.0524379
0.0524993
0.0521974
0.0516772
0.0510932
0.0506411
0.0505872
0.0513093
0.053338
0.0573807
0.0642832
0.074838
0.0892805
0.106353
0.122359
0.131922
0.132049
0.12578
0.118784
0.114182
0.112054
0.111414
0.111453
0.111736
0.112069
0.112375
0.112632
0.112839
0.113006
0.113147
0.113279
0.113414
0.113565
0.113737
0.113929
0.114129
0.114308
0.114412
0.11436
0.114033
0.113275
0.111906
0.109752
0.1067
0.102761
0.0981121
0.0930824
0.0880722
0.0834501
0.0794766
0.0762757
0.073852
0.0721282
0.0709855
0.0702943
0.0699341
0.0698034
0.0698226
0.0699332
0.070095
0.0702825
0.0704819
0.0706881
0.070903
0.0711338
0.0713921
0.0716937
0.0720578
0.0725048
0.0730547
0.0737227
0.0745131
0.0754131
0.0763873
0.0773827
0.0783447
0.0792302
0.0800142
0.0806902
1.76996e-07
1.75435e-07
1.73411e-07
1.70907e-07
1.67965e-07
1.64711e-07
1.61354e-07
1.58142e-07
1.55263e-07
1.5281e-07
1.50798e-07
1.49194e-07
1.47941e-07
1.46973e-07
1.46227e-07
1.45644e-07
1.45172e-07
1.44765e-07
1.44379e-07
1.43967e-07
1.43482e-07
1.42871e-07
1.42078e-07
1.41046e-07
1.39723e-07
1.38083e-07
1.36161e-07
1.34131e-07
1.32451e-07
1.32129e-07
1.3517e-07
1.45227e-07
1.68335e-07
2.13208e-07
2.90169e-07
4.08027e-07
5.69644e-07
7.68832e-07
9.91059e-07
1.21735e-06
1.42935e-06
1.61309e-06
1.76063e-06
1.86979e-06
1.94273e-06
1.98422e-06
2.00008e-06
1.99592e-06
1.97643e-06
1.94495e-06
1.90345e-06
1.85261e-06
1.79236e-06
1.72224e-06
1.64224e-06
1.55416e-06
1.46548e-06
1.40154e-06
1.4439e-06
1.8322e-06
3.15121e-06
6.43061e-06
1.25787e-05
2.09426e-05
2.88852e-05
3.41408e-05
3.65206e-05
3.7047e-05
3.67006e-05
3.60433e-05
3.5345e-05
3.47201e-05
3.42078e-05
3.38107e-05
3.35136e-05
3.3293e-05
3.31225e-05
3.2975e-05
3.28254e-05
3.26488e-05
3.24211e-05
3.21196e-05
3.17259e-05
3.12315e-05
3.06509e-05
3.00462e-05
2.9574e-05
2.95668e-05
3.06576e-05
3.39237e-05
4.09715e-05
5.37711e-05
7.41046e-05
0.000102731
0.000138732
0.000179549
0.000221673
0.000261602
0.000296586
0.000324991
0.000346276
0.000360748
0.000369244
0.00037282
0.000372522
0.000369231
0.000363586
0.000355968
0.000346521
0.000335243
0.000322067
0.000307002
0.000290401
0.000273665
0.000261476
0.000268758
0.000339088
0.000578207
0.00117108
0.00227838
0.00377763
0.00519225
0.00611924
0.00653023
0.00661102
0.00653828
0.0064132
0.00628437
0.00617205
0.00608262
0.00601572
0.00596777
0.00593387
0.00590877
0.0058873
0.00586476
0.00583653
0.00579802
0.00574471
0.00567236
0.00557757
0.00545911
0.00532059
0.00517549
0.00505612
0.00502766
0.00520522
0.00576693
0.00694297
0.00896329
0.0119691
0.0159322
0.0206377
0.0257382
0.0308454
0.0356143
0.0397946
0.0432451
0.0459225
0.0478579
0.0491312
0.0498489
0.0501297
0.0500977
0.0498822
0.0496267
0.0495188
0.0498133
0.050869
0.0531913
0.0574668
0.0645534
0.0753335
0.0902359
0.108172
0.125158
0.134782
0.13336
0.125267
0.11757
0.11319
0.111482
0.111131
0.111317
0.111663
0.112023
0.112345
0.112617
0.112841
0.113027
0.113188
0.113336
0.113481
0.113631
0.11379
0.113955
0.114112
0.114234
0.114274
0.114156
0.113769
0.112967
0.111575
0.109423
0.106397
0.102514
0.0979669
0.0930947
0.088293
0.083904
0.0801484
0.0771152
0.0747901
0.0730948
0.0719223
0.0711613
0.0707106
0.0704856
0.0704191
0.0704608
0.0705748
0.0707368
0.0709324
0.0711545
0.0714021
0.0716794
0.0719948
0.0723614
0.0727949
0.0733129
0.0739328
0.0746674
0.0755183
0.0764682
0.0774735
0.0784702
0.0793998
0.0802235
0.0809256
0.0815094
1.78584e-07
1.77363e-07
1.75685e-07
1.73503e-07
1.70817e-07
1.67721e-07
1.64418e-07
1.61189e-07
1.58246e-07
1.55681e-07
1.53512e-07
1.51706e-07
1.50211e-07
1.48968e-07
1.47922e-07
1.47022e-07
1.46221e-07
1.45481e-07
1.44764e-07
1.44033e-07
1.43254e-07
1.42387e-07
1.41396e-07
1.40248e-07
1.38922e-07
1.37428e-07
1.3585e-07
1.34415e-07
1.3364e-07
1.34591e-07
1.39312e-07
1.51454e-07
1.76971e-07
2.243e-07
3.03001e-07
4.20207e-07
5.76348e-07
7.63144e-07
9.65914e-07
1.16799e-06
1.35485e-06
1.51644e-06
1.64754e-06
1.74707e-06
1.81679e-06
1.86015e-06
1.88118e-06
1.88388e-06
1.87166e-06
1.84715e-06
1.81207e-06
1.76726e-06
1.71306e-06
1.64946e-06
1.57655e-06
1.49544e-06
1.41071e-06
1.33935e-06
1.34359e-06
1.63429e-06
2.80321e-06
6.04099e-06
1.25659e-05
2.16951e-05
3.0082e-05
3.51579e-05
3.71383e-05
3.73862e-05
3.69115e-05
3.62193e-05
3.55216e-05
3.4899e-05
3.43751e-05
3.3948e-05
3.3604e-05
3.33237e-05
3.30862e-05
3.28704e-05
3.26567e-05
3.2426e-05
3.21606e-05
3.18447e-05
3.14676e-05
3.10296e-05
3.0555e-05
3.01163e-05
2.98806e-05
3.01893e-05
3.16782e-05
3.54167e-05
4.29703e-05
5.61801e-05
7.65225e-05
0.000104291
0.000138139
0.000175432
0.000213058
0.000248228
0.00027894
0.000304102
0.000323409
0.000337124
0.000345842
0.0003503
0.000351233
0.000349282
0.000344943
0.000338547
0.000330262
0.000320158
0.000308245
0.000294553
0.000279301
0.000263353
0.000249858
0.000250211
0.00030278
0.000514627
0.00109989
0.00227494
0.0039113
0.00540463
0.00629898
0.00663892
0.00667041
0.00657487
0.00644317
0.0063135
0.00620009
0.00610672
0.00603241
0.00597401
0.00592754
0.00588878
0.0058536
0.00581824
0.00577901
0.00573228
0.00567453
0.00560256
0.00551404
0.00540885
0.00529162
0.00517676
0.0050972
0.00511822
0.00535444
0.00598087
0.00721605
0.00925836
0.0121953
0.0159403
0.0202516
0.0248065
0.0292861
0.0334331
0.0370759
0.0401273
0.0425692
0.0444329
0.0457827
0.0467023
0.0472871
0.047641
0.047877
0.0481253
0.0485598
0.0494153
0.0510192
0.0538329
0.0584947
0.0658361
0.0767931
0.09199
0.110604
0.128482
0.138033
0.13462
0.124495
0.116292
0.112296
0.111005
0.110887
0.111163
0.111533
0.111895
0.112218
0.112497
0.112734
0.11294
0.113121
0.113287
0.113444
0.113597
0.113746
0.113886
0.114002
0.114069
0.114043
0.113855
0.113407
0.112561
0.111154
0.109017
0.106039
0.102245
0.0978399
0.093178
0.0886478
0.0845561
0.0810775
0.0782646
0.0760851
0.0744612
0.073298
0.0725021
0.0719905
0.0716941
0.071558
0.0715398
0.0716083
0.0717414
0.0719246
0.0721495
0.072413
0.0727164
0.0730656
0.0734701
0.0739422
0.0744964
0.0751473
0.0759058
0.0767718
0.0777259
0.0787164
0.079667
0.0805184
0.0812404
0.0818296
0.0822996
1.80101e-07
1.79267e-07
1.78012e-07
1.76261e-07
1.73975e-07
1.71198e-07
1.68113e-07
1.65039e-07
1.62204e-07
1.59688e-07
1.57503e-07
1.55615e-07
1.53975e-07
1.52534e-07
1.51246e-07
1.50068e-07
1.48964e-07
1.47901e-07
1.46853e-07
1.45795e-07
1.44704e-07
1.4356e-07
1.42351e-07
1.41069e-07
1.39732e-07
1.38395e-07
1.37192e-07
1.3641e-07
1.36623e-07
1.38936e-07
1.45387e-07
1.59538e-07
1.87117e-07
2.3609e-07
3.14993e-07
4.28947e-07
5.75713e-07
7.45133e-07
9.23174e-07
1.09623e-06
1.2539e-06
1.38979e-06
1.50106e-06
1.58753e-06
1.65068e-06
1.69286e-06
1.71677e-06
1.72505e-06
1.72004e-06
1.70368e-06
1.67734e-06
1.64184e-06
1.59768e-06
1.5451e-06
1.48429e-06
1.41589e-06
1.34241e-06
1.27414e-06
1.25468e-06
1.45854e-06
2.46065e-06
5.60663e-06
1.25085e-05
2.25069e-05
3.13101e-05
3.61053e-05
3.76933e-05
3.77258e-05
3.71993e-05
3.65342e-05
3.58818e-05
3.52925e-05
3.47781e-05
3.43346e-05
3.39509e-05
3.36132e-05
3.33071e-05
3.30183e-05
3.27333e-05
3.244e-05
3.21282e-05
3.17908e-05
3.14269e-05
3.10476e-05
3.06889e-05
3.0435e-05
3.0462e-05
3.11132e-05
3.30116e-05
3.71917e-05
4.51387e-05
5.85103e-05
7.84077e-05
0.000104609
0.000135373
0.000168141
0.000200352
0.000229987
0.000255755
0.000277038
0.000293729
0.000306055
0.000314425
0.000319326
0.000321241
0.000320607
0.000317783
0.000313031
0.000306508
0.000298316
0.000288506
0.000277121
0.000264292
0.000250497
0.000237647
0.000233732
0.000270515
0.000452052
0.00102057
0.00226329
0.00405542
0.00562248
0.00646674
0.0067374
0.00673125
0.00662684
0.00649963
0.00637685
0.00626739
0.00617302
0.00609259
0.00602367
0.00596341
0.00590885
0.00585711
0.00580546
0.00575137
0.00569242
0.00562638
0.00555148
0.00546689
0.00537402
0.0052789
0.00519691
0.00516102
0.00523497
0.00552964
0.00621217
0.00748286
0.00949974
0.0122903
0.015713
0.0195191
0.0234352
0.0272273
0.0307286
0.0338409
0.0365241
0.0387801
0.0406404
0.0421554
0.0433891
0.0444151
0.045317
0.0461886
0.0471442
0.0483367
0.0499713
0.0523319
0.055819
0.0609972
0.0686336
0.0796717
0.0949131
0.113902
0.132485
0.141785
0.135791
0.123454
0.115003
0.111505
0.110604
0.110648
0.110956
0.11131
0.111647
0.111951
0.112221
0.11246
0.112673
0.112866
0.113043
0.113207
0.11336
0.113498
0.113613
0.113692
0.113708
0.113623
0.113375
0.112875
0.112001
0.1106
0.108509
0.105621
0.101964
0.0977647
0.0933903
0.0892192
0.0855117
0.0823902
0.0798695
0.0779013
0.0764088
0.0753093
0.0745257
0.0739917
0.0736527
0.0734648
0.0733939
0.0734138
0.0735053
0.073655
0.0738545
0.0740993
0.0743887
0.0747265
0.0751191
0.0755754
0.0761073
0.0767265
0.0774437
0.0782583
0.0791537
0.0800717
0.0809206
0.0816457
0.0822294
0.0826815
0.0830242
1.81448e-07
1.81023e-07
1.80237e-07
1.79008e-07
1.7726e-07
1.74988e-07
1.72325e-07
1.69646e-07
1.67181e-07
1.64973e-07
1.63027e-07
1.61296e-07
1.59743e-07
1.58323e-07
1.56999e-07
1.55739e-07
1.54516e-07
1.53305e-07
1.52086e-07
1.50846e-07
1.49576e-07
1.48275e-07
1.46947e-07
1.45618e-07
1.44338e-07
1.43208e-07
1.42415e-07
1.423e-07
1.43484e-07
1.47086e-07
1.55087e-07
1.70855e-07
1.99729e-07
2.48964e-07
3.25771e-07
4.32869e-07
5.65218e-07
7.11353e-07
8.59004e-07
9.98398e-07
1.12328e-06
1.23051e-06
1.31919e-06
1.38982e-06
1.44366e-06
1.48223e-06
1.50719e-06
1.52015e-06
1.52254e-06
1.51562e-06
1.50035e-06
1.47737e-06
1.44712e-06
1.40986e-06
1.36572e-06
1.31503e-06
1.25893e-06
1.20281e-06
1.17398e-06
1.30609e-06
2.1301e-06
5.12448e-06
1.23906e-05
2.33935e-05
3.25544e-05
3.69807e-05
3.81981e-05
3.80989e-05
3.76036e-05
3.70314e-05
3.64773e-05
3.59677e-05
3.55057e-05
3.50862e-05
3.47011e-05
3.43417e-05
3.39994e-05
3.36668e-05
3.33355e-05
3.30003e-05
3.26589e-05
3.2313e-05
3.19721e-05
3.16593e-05
3.14231e-05
3.13592e-05
3.16504e-05
3.2633e-05
3.48993e-05
3.94159e-05
4.75383e-05
6.06785e-05
7.94836e-05
0.000103186
0.000129757
0.00015693
0.000182845
0.000206268
0.000226547
0.000243446
0.000257012
0.000267444
0.000275011
0.000280008
0.000282727
0.00028343
0.000282347
0.000279658
0.000275486
0.000269916
0.000263001
0.000254773
0.000245297
0.000234793
0.000224269
0.000218731
0.000242504
0.000391697
0.000932608
0.00224058
0.00421269
0.00584319
0.00662225
0.00682815
0.00679988
0.00670192
0.00659138
0.00648526
0.00638811
0.00630025
0.00622046
0.00614699
0.00607797
0.0060116
0.00594618
0.00587985
0.00581117
0.00573897
0.0056624
0.0055813
0.00549669
0.00541193
0.00533496
0.00528243
0.00528712
0.0054097
0.00575401
0.00647369
0.00774442
0.00967637
0.0122382
0.0152508
0.0184919
0.0217639
0.0249254
0.0278914
0.0306212
0.0331057
0.0353565
0.0373987
0.0392677
0.0410071
0.0426687
0.0443138
0.0460158
0.047872
0.0500075
0.0525879
0.0558436
0.0601014
0.0658356
0.0737157
0.0846446
0.0995539
0.118443
0.137395
0.146202
0.136812
0.122158
0.113742
0.110825
0.110254
0.110382
0.110666
0.110966
0.111248
0.111506
0.11174
0.111954
0.11215
0.112331
0.112497
0.11265
0.112787
0.112903
0.112989
0.11303
0.113003
0.112872
0.112584
0.11206
0.111193
0.109843
0.107856
0.105126
0.101688
0.0977897
0.093816
0.0901233
0.0869124
0.0842466
0.0821038
0.0804213
0.079126
0.0781466
0.0774213
0.0768995
0.0765397
0.0763092
0.076182
0.0761378
0.0761611
0.0762412
0.0763707
0.076545
0.0767627
0.0770254
0.0773374
0.0777052
0.0781384
0.0786462
0.0792407
0.0799224
0.0806848
0.0814665
0.0821574
0.082714
0.0831331
0.0834362
0.0836495
1.82529e-07
1.82504e-07
1.82195e-07
1.81533e-07
1.80426e-07
1.78828e-07
1.76811e-07
1.74803e-07
1.73024e-07
1.71448e-07
1.70075e-07
1.68846e-07
1.67734e-07
1.667e-07
1.65718e-07
1.64762e-07
1.63812e-07
1.62852e-07
1.61868e-07
1.60856e-07
1.59815e-07
1.58753e-07
1.57689e-07
1.56663e-07
1.5575e-07
1.55078e-07
1.54865e-07
1.55479e-07
1.57555e-07
1.62182e-07
1.71217e-07
1.87713e-07
2.16453e-07
2.6367e-07
3.34954e-07
4.30262e-07
5.42018e-07
6.58715e-07
7.71185e-07
8.7401e-07
9.64702e-07
1.04269e-06
1.10836e-06
1.16255e-06
1.20625e-06
1.24028e-06
1.26554e-06
1.28281e-06
1.2928e-06
1.29618e-06
1.29349e-06
1.28511e-06
1.27124e-06
1.25198e-06
1.22736e-06
1.19742e-06
1.16248e-06
1.12482e-06
1.09908e-06
1.17779e-06
1.82111e-06
4.59652e-06
1.21937e-05
2.43675e-05
3.37923e-05
3.7773e-05
3.86683e-05
3.85307e-05
3.81461e-05
3.77306e-05
3.73332e-05
3.6964e-05
3.66207e-05
3.62978e-05
3.59892e-05
3.56894e-05
3.53937e-05
3.50995e-05
3.4803e-05
3.45035e-05
3.42042e-05
3.39136e-05
3.36486e-05
3.34411e-05
3.33484e-05
3.34732e-05
3.39982e-05
3.52426e-05
3.77456e-05
4.23724e-05
5.02856e-05
6.25893e-05
7.9403e-05
9.94608e-05
0.000120685
0.000141359
0.000160434
0.000177396
0.000192094
0.000204549
0.000214897
0.000223293
0.000229888
0.000234839
0.000238283
0.000240346
0.000241146
0.000240784
0.000239333
0.000236831
0.000233301
0.000228746
0.000223181
0.000216667
0.000209635
0.000204768
0.000218902
0.000335315
0.000836424
0.00220354
0.00438538
0.00606279
0.00676366
0.00691415
0.00688113
0.00680465
0.00672314
0.00664523
0.0065725
0.00650428
0.00643932
0.00637619
0.0063136
0.0062504
0.00618568
0.00611815
0.00604692
0.00597151
0.0058919
0.00580893
0.00572494
0.00564482
0.00557824
0.00554331
0.00557291
0.0057243
0.00609365
0.00681839
0.00805331
0.00986463
0.0121878
0.0148414
0.0176671
0.0205494
0.0234193
0.0262388
0.0289905
0.0316689
0.0342774
0.036827
0.0393344
0.0418238
0.0443269
0.0468834
0.0495529
0.0524173
0.0555608
0.0591018
0.063216
0.0681533
0.074295
0.0821896
0.0926589
0.106686
0.124783
0.143542
0.151509
0.137606
0.120661
0.112552
0.110256
0.109931
0.110067
0.11028
0.110491
0.110687
0.110866
0.111031
0.111183
0.111323
0.111452
0.11157
0.111675
0.111764
0.111832
0.11187
0.111863
0.111793
0.111629
0.111325
0.110817
0.11001
0.108782
0.106988
0.104526
0.101433
0.0979799
0.0945643
0.0914971
0.0889058
0.086791
0.0850986
0.0837572
0.0827017
0.0818738
0.0812277
0.0807285
0.0803479
0.0800639
0.0798596
0.0797209
0.0796372
0.0796014
0.0796082
0.0796539
0.0797369
0.0798571
0.080018
0.0802238
0.0804831
0.0808015
0.0811945
0.0816627
0.082219
0.0828051
0.083292
0.0836538
0.0838993
0.0840564
0.0841503
0.0751533
0.0752702
0.0753829
0.0754915
0.0755962
0.0756969
0.0757937
0.0758866
0.0759756
0.0760607
0.0761418
0.0762189
0.076292
0.076361
0.076426
0.076487
0.076544
0.0765969
0.076646
0.0766911
0.0767325
0.0767702
0.0768044
0.0768352
0.0768628
0.0768873
0.076909
0.0769281
0.0769447
0.0769591
0.0769715
0.0769822
0.0769912
0.0769989
0.0770052
0.0770105
0.0770146
0.0770178
0.0770198
0.0770208
0.0756657
0.0757822
0.075896
0.0760069
0.076115
0.0762203
0.0763227
0.0764222
0.0765186
0.0766119
0.0767019
0.0767887
0.076872
0.0769517
0.0770279
0.0771005
0.0771693
0.0772345
0.0772958
0.0773535
0.0774075
0.0774578
0.0775046
0.0775479
0.0775878
0.0776246
0.0776582
0.0776889
0.0777168
0.0777421
0.0777649
0.0777854
0.0778037
0.07782
0.0778342
0.0778463
0.0778564
0.0778643
0.0778698
0.0778728
0.0759882
0.0761056
0.0762215
0.0763358
0.0764483
0.0765591
0.076668
0.0767748
0.0768793
0.0769815
0.077081
0.0771778
0.0772716
0.0773624
0.07745
0.0775342
0.077615
0.0776923
0.077766
0.0778361
0.0779025
0.0779653
0.0780245
0.0780801
0.0781323
0.078181
0.0782263
0.0782685
0.0783076
0.0783436
0.0783768
0.0784072
0.0784348
0.0784596
0.0784817
0.0785009
0.078517
0.0785299
0.078539
0.078544
0.0761639
0.0762837
0.0764031
0.076522
0.0766403
0.0767577
0.076874
0.076989
0.0771024
0.077214
0.0773235
0.0774307
0.0775354
0.0776373
0.0777363
0.0778322
0.0779248
0.078014
0.0780997
0.0781818
0.0782603
0.078335
0.0784061
0.0784735
0.0785373
0.0785974
0.078654
0.078707
0.0787567
0.0788031
0.0788461
0.0788859
0.0789224
0.0789556
0.0789853
0.0790114
0.0790335
0.0790512
0.079064
0.079071
0.0762307
0.0763546
0.0764792
0.0766043
0.0767296
0.0768548
0.0769796
0.0771037
0.0772267
0.0773483
0.0774682
0.0775862
0.0777019
0.077815
0.0779253
0.0780326
0.0781367
0.0782375
0.0783347
0.0784282
0.078518
0.0786041
0.0786863
0.0787647
0.0788392
0.0789099
0.0789768
0.07904
0.0790995
0.0791553
0.0792074
0.0792559
0.0793007
0.0793417
0.0793786
0.0794112
0.079439
0.0794614
0.0794777
0.0794867
0.0762207
0.0763505
0.076482
0.0766147
0.0767484
0.0768826
0.0770169
0.0771509
0.0772842
0.0774164
0.0775472
0.0776762
0.0778029
0.0779272
0.0780487
0.0781672
0.0782824
0.0783941
0.0785022
0.0786066
0.078707
0.0788034
0.0788959
0.0789843
0.0790686
0.0791489
0.0792251
0.0792973
0.0793656
0.0794299
0.0794903
0.0795466
0.0795988
0.0796468
0.0796903
0.0797288
0.0797618
0.0797886
0.0798081
0.079819
0.0761601
0.0762975
0.0764373
0.0765791
0.0767224
0.0768667
0.0770114
0.0771562
0.0773005
0.0774438
0.0775858
0.0777259
0.0778639
0.0779992
0.0781317
0.078261
0.0783869
0.0785091
0.0786274
0.0787417
0.0788519
0.0789578
0.0790595
0.0791569
0.0792499
0.0793387
0.0794231
0.0795033
0.0795793
0.079651
0.0797184
0.0797816
0.0798403
0.0798944
0.0799436
0.0799874
0.0800251
0.0800558
0.0800783
0.080091
0.0760689
0.0762156
0.0763652
0.0765174
0.0766714
0.0768268
0.0769829
0.0771391
0.077295
0.0774498
0.0776033
0.0777548
0.0779039
0.0780502
0.0781935
0.0783332
0.0784692
0.0786012
0.0787291
0.0788526
0.0789717
0.0790862
0.0791962
0.0793015
0.0794022
0.0794983
0.0795898
0.0796767
0.0797592
0.0798371
0.0799106
0.0799794
0.0800436
0.0801029
0.080157
0.0802052
0.080247
0.0802811
0.0803063
0.0803206
0.0759628
0.0761201
0.0762809
0.0764446
0.0766104
0.0767778
0.076946
0.0771144
0.0772822
0.077449
0.0776141
0.0777771
0.0779373
0.0780945
0.0782481
0.0783979
0.0785435
0.0786848
0.0788215
0.0789534
0.0790805
0.0792027
0.0793199
0.0794321
0.0795393
0.0796416
0.079739
0.0798316
0.0799194
0.0800024
0.0800807
0.0801542
0.0802228
0.0802862
0.0803442
0.0803961
0.0804412
0.0804782
0.0805056
0.0805213
0.0758532
0.0760224
0.0761956
0.0763718
0.0765505
0.0767307
0.0769116
0.0770926
0.0772729
0.0774519
0.0776288
0.0778032
0.0779745
0.0781422
0.0783059
0.0784653
0.07862
0.0787699
0.0789147
0.0790542
0.0791884
0.0793173
0.0794407
0.0795587
0.0796714
0.0797788
0.079881
0.0799781
0.08007
0.080157
0.080239
0.080316
0.0803879
0.0804545
0.0805154
0.0805701
0.0806177
0.080657
0.0806863
0.0807031
0.0757489
0.0759312
0.0761177
0.0763076
0.0764998
0.0766935
0.0768878
0.0770819
0.077275
0.0774663
0.0776551
0.0778408
0.0780229
0.0782009
0.0783742
0.0785427
0.0787059
0.0788636
0.0790157
0.079162
0.0793024
0.079437
0.0795656
0.0796885
0.0798055
0.0799169
0.0800227
0.0801231
0.0802181
0.0803079
0.0803925
0.0804718
0.080546
0.0806147
0.0806777
0.0807343
0.0807837
0.0808246
0.0808552
0.0808729
0.0756565
0.075853
0.0760539
0.0762582
0.0764647
0.0766725
0.0768807
0.0770882
0.0772942
0.0774979
0.0776986
0.0778955
0.078088
0.0782758
0.0784583
0.0786351
0.0788061
0.0789709
0.0791294
0.0792815
0.0794272
0.0795664
0.0796993
0.0798258
0.0799462
0.0800604
0.0801688
0.0802713
0.0803683
0.0804597
0.0805458
0.0806265
0.0807018
0.0807716
0.0808356
0.0808933
0.0809437
0.0809855
0.081017
0.0810353
0.0755815
0.0757932
0.0760094
0.0762288
0.0764503
0.0766728
0.0768951
0.0771163
0.0773353
0.0775513
0.0777636
0.0779713
0.0781739
0.0783709
0.0785618
0.0787463
0.0789241
0.0790951
0.079259
0.0794159
0.0795658
0.0797087
0.0798446
0.0799737
0.0800962
0.0802122
0.0803219
0.0804256
0.0805233
0.0806153
0.0807018
0.0807828
0.0808582
0.0809282
0.0809923
0.08105
0.0811006
0.0811427
0.0811745
0.0811931
0.0755285
0.0757564
0.0759887
0.076224
0.0764611
0.0766986
0.0769353
0.0771701
0.077402
0.0776301
0.0778535
0.0780715
0.0782834
0.0784889
0.0786873
0.0788785
0.0790623
0.0792383
0.0794066
0.0795672
0.0797201
0.0798654
0.0800032
0.0801337
0.0802572
0.0803738
0.0804837
0.0805873
0.0806848
0.0807763
0.080862
0.0809422
0.0810168
0.0810859
0.0811491
0.0812061
0.0812561
0.0812978
0.0813294
0.0813479
0.0755018
0.0757469
0.0759961
0.0762479
0.0765009
0.0767536
0.0770048
0.0772532
0.0774976
0.0777373
0.0779712
0.0781987
0.0784191
0.078632
0.0788369
0.0790337
0.079222
0.079402
0.0795734
0.0797363
0.0798909
0.0800374
0.0801758
0.0803065
0.0804297
0.0805457
0.0806547
0.0807571
0.0808531
0.080943
0.081027
0.0811053
0.0811781
0.0812453
0.0813068
0.0813622
0.0814108
0.0814514
0.0814822
0.0815004
0.0755059
0.075769
0.0760358
0.0763046
0.0765737
0.0768417
0.0771071
0.0773686
0.077625
0.0778754
0.0781189
0.0783549
0.0785826
0.0788016
0.0790117
0.0792127
0.0794043
0.0795866
0.0797597
0.0799236
0.0800785
0.0802247
0.0803624
0.080492
0.0806136
0.0807277
0.0808346
0.0809346
0.081028
0.0811152
0.0811965
0.081272
0.0813419
0.0814064
0.0814653
0.0815182
0.0815646
0.0816034
0.0816329
0.0816505
0.0755451
0.075827
0.0761119
0.0763979
0.0766833
0.0769662
0.0772453
0.0775192
0.0777867
0.0780468
0.0782986
0.0785416
0.0787751
0.0789988
0.0792124
0.0794159
0.0796092
0.0797923
0.0799653
0.0801286
0.0802823
0.0804268
0.0805623
0.0806893
0.0808081
0.080919
0.0810225
0.081119
0.0812088
0.0812922
0.0813697
0.0814414
0.0815076
0.0815684
0.0816238
0.0816735
0.0817171
0.0817535
0.0817812
0.0817976
0.0756243
0.0759256
0.0762289
0.0765321
0.0768333
0.0771306
0.0774225
0.0777077
0.0779849
0.0782531
0.0785117
0.0787599
0.0789974
0.0792239
0.0794391
0.0796432
0.0798362
0.0800183
0.0801896
0.0803505
0.0805014
0.0806425
0.0807743
0.0808973
0.0810118
0.0811183
0.0812173
0.081309
0.0813941
0.0814728
0.0815455
0.0816125
0.0816741
0.0817304
0.0817815
0.0818273
0.0818673
0.0819007
0.081926
0.0819412
0.0757485
0.0760696
0.0763913
0.0767113
0.0770274
0.077338
0.0776414
0.0779362
0.0782212
0.0784957
0.0787588
0.0790102
0.0792495
0.0794765
0.0796912
0.0798938
0.0800845
0.0802634
0.0804311
0.0805878
0.080734
0.0808701
0.0809967
0.0811142
0.0812231
0.0813239
0.0814171
0.0815031
0.0815823
0.0816552
0.0817222
0.0817837
0.0818398
0.081891
0.0819371
0.0819783
0.0820141
0.0820439
0.0820666
0.0820801
0.0759233
0.076264
0.0766035
0.0769392
0.0772691
0.0775912
0.077904
0.0782063
0.0784968
0.078775
0.0790402
0.0792921
0.0795306
0.0797556
0.0799674
0.0801661
0.0803521
0.0805258
0.0806877
0.0808383
0.0809781
0.0811076
0.0812273
0.0813379
0.0814399
0.0815337
0.0816199
0.081699
0.0817715
0.0818378
0.0818983
0.0819533
0.0820034
0.0820486
0.0820892
0.0821251
0.0821563
0.0821821
0.0822017
0.0822133
0.0761542
0.0765138
0.0768698
0.0772196
0.077561
0.0778923
0.0782119
0.0785187
0.0788118
0.0790907
0.0793549
0.0796043
0.0798391
0.0800593
0.0802654
0.0804577
0.0806366
0.0808029
0.080957
0.0810994
0.081231
0.0813522
0.0814636
0.0815659
0.0816596
0.0817453
0.0818235
0.0818948
0.0819595
0.0820183
0.0820716
0.0821197
0.0821629
0.0822017
0.0822362
0.0822665
0.0822925
0.082314
0.0823301
0.0823398
0.0764467
0.0768237
0.077194
0.0775552
0.0779053
0.0782424
0.0785654
0.0788732
0.0791653
0.0794412
0.079701
0.0799446
0.0801724
0.0803848
0.0805823
0.0807654
0.0809349
0.0810914
0.0812355
0.081368
0.0814896
0.0816009
0.0817025
0.0817952
0.0818795
0.081956
0.0820253
0.0820878
0.0821442
0.0821948
0.0822402
0.0822807
0.0823167
0.0823485
0.0823765
0.0824008
0.0824214
0.0824383
0.0824509
0.0824583
0.0768061
0.0771976
0.077579
0.0779479
0.0783025
0.0786414
0.0789634
0.079268
0.0795548
0.0798238
0.0800751
0.0803093
0.0805267
0.0807281
0.0809141
0.0810855
0.081243
0.0813875
0.0815197
0.0816404
0.0817503
0.0818503
0.0819409
0.0820228
0.0820966
0.0821631
0.0822226
0.0822757
0.082323
0.082365
0.082402
0.0824345
0.0824628
0.0824875
0.0825087
0.0825268
0.0825418
0.0825539
0.0825628
0.082568
0.0772362
0.0776381
0.0780259
0.0783976
0.0787517
0.0790871
0.0794031
0.0796995
0.0799763
0.0802339
0.0804727
0.0806936
0.0808972
0.0810843
0.0812559
0.0814129
0.0815562
0.0816866
0.0818051
0.0819124
0.0820094
0.0820967
0.0821751
0.0822454
0.082308
0.0823636
0.0824127
0.082456
0.0824938
0.0825266
0.0825549
0.0825791
0.0825997
0.082617
0.0826313
0.082643
0.0826525
0.0826597
0.0826649
0.0826679
0.0777392
0.0781456
0.0785338
0.078902
0.0792494
0.0795752
0.0798794
0.0801622
0.080424
0.0806655
0.0808876
0.0810913
0.0812776
0.0814475
0.0816021
0.0817424
0.0818694
0.081984
0.0820872
0.0821797
0.0822626
0.0823363
0.0824018
0.0824596
0.0825104
0.0825547
0.0825931
0.082626
0.082654
0.0826776
0.0826971
0.082713
0.0827256
0.0827355
0.082743
0.0827485
0.0827524
0.082755
0.0827566
0.0827575
0.078314
0.0787175
0.0790984
0.0794557
0.0797892
0.0800988
0.0803849
0.0806484
0.08089
0.0811109
0.0813122
0.0814952
0.0816611
0.0818111
0.0819464
0.0820679
0.0821769
0.0822743
0.082361
0.0824379
0.0825058
0.0825653
0.0826173
0.0826623
0.0827009
0.0827336
0.0827611
0.0827836
0.0828018
0.0828161
0.0828268
0.0828344
0.0828393
0.0828419
0.0828428
0.0828422
0.0828408
0.082839
0.0828373
0.0828361
0.0789556
0.079347
0.0797116
0.0800497
0.0803615
0.0806478
0.0809096
0.0811481
0.0813647
0.0815607
0.0817376
0.0818969
0.0820398
0.0821677
0.0822818
0.0823833
0.0824731
0.0825523
0.0826218
0.0826824
0.0827349
0.08278
0.0828182
0.0828502
0.0828766
0.0828978
0.0829144
0.0829267
0.0829352
0.0829403
0.0829425
0.0829421
0.0829395
0.0829353
0.0829298
0.0829236
0.0829173
0.0829114
0.0829066
0.0829037
0.0796535
0.0800223
0.080361
0.080671
0.0809535
0.0812097
0.0814412
0.0816497
0.081837
0.0820046
0.0821542
0.0822874
0.0824054
0.0825098
0.0826016
0.0826821
0.0827522
0.0828128
0.0828649
0.0829091
0.0829462
0.0829768
0.0830014
0.0830207
0.0830351
0.0830451
0.0830511
0.0830535
0.0830527
0.0830491
0.0830431
0.0830351
0.0830255
0.0830148
0.0830036
0.0829922
0.0829815
0.082972
0.0829646
0.0829601
0.0803914
0.0807265
0.0810297
0.0813032
0.081549
0.0817691
0.0819654
0.08214
0.0822947
0.0824315
0.0825519
0.0826575
0.0827498
0.0828299
0.0828991
0.0829584
0.0830088
0.083051
0.0830859
0.083114
0.0831361
0.0831527
0.0831643
0.0831714
0.0831743
0.0831736
0.0831696
0.0831626
0.0831531
0.0831414
0.0831278
0.0831129
0.0830969
0.0830805
0.083064
0.0830482
0.0830336
0.083021
0.0830114
0.0830058
0.081147
0.081438
0.0816967
0.0819265
0.0821299
0.0823093
0.082467
0.0826051
0.0827256
0.0828303
0.0829208
0.0829986
0.0830651
0.0831213
0.0831683
0.083207
0.0832383
0.0832628
0.0832812
0.0832941
0.0833021
0.0833055
0.0833048
0.0833004
0.0832928
0.0832821
0.0832689
0.0832533
0.0832358
0.0832168
0.0831964
0.0831753
0.0831537
0.0831322
0.0831114
0.0830917
0.083074
0.0830591
0.0830478
0.0830413
0.0818927
0.0821308
0.0823385
0.0825197
0.0826771
0.0828135
0.082931
0.0830319
0.0831179
0.0831908
0.0832521
0.083303
0.0833446
0.083378
0.083404
0.0834234
0.0834368
0.0834449
0.0834481
0.083447
0.0834419
0.0834333
0.0834215
0.0834068
0.0833895
0.08337
0.0833485
0.0833253
0.0833008
0.0832753
0.0832491
0.0832227
0.0831964
0.0831708
0.0831463
0.0831237
0.0831036
0.0830869
0.0830745
0.0830675
0.082598
0.0827779
0.082931
0.0830615
0.0831722
0.0832656
0.0833437
0.0834085
0.0834617
0.0835046
0.0835384
0.0835643
0.0835831
0.0835956
0.0836025
0.0836044
0.0836018
0.0835952
0.0835848
0.0835712
0.0835546
0.0835354
0.0835138
0.08349
0.0834644
0.0834372
0.0834086
0.083379
0.0833485
0.0833177
0.0832867
0.0832559
0.0832259
0.083197
0.0831699
0.0831452
0.0831235
0.0831057
0.0830926
0.0830853
0.0832325
0.083353
0.0834521
0.0835334
0.0835994
0.0836524
0.0836941
0.0837259
0.0837493
0.0837653
0.0837747
0.0837785
0.0837772
0.0837715
0.0837618
0.0837485
0.0837321
0.0837127
0.0836908
0.0836665
0.0836402
0.0836119
0.083582
0.0835507
0.0835181
0.0834845
0.0834502
0.0834153
0.0833801
0.083345
0.0833103
0.0832763
0.0832435
0.0832124
0.0831835
0.0831575
0.0831349
0.0831166
0.0831034
0.0830961
0.0837701
0.0838348
0.0838841
0.083921
0.0839474
0.083965
0.0839749
0.0839785
0.0839764
0.0839696
0.0839585
0.0839438
0.0839258
0.0839049
0.0838815
0.0838558
0.0838279
0.0837982
0.0837668
0.0837339
0.0836996
0.0836641
0.0836276
0.0835902
0.0835522
0.0835137
0.0834748
0.083436
0.0833973
0.0833592
0.0833218
0.0832857
0.0832512
0.0832187
0.083189
0.0831624
0.0831396
0.0831213
0.0831083
0.0831013
0.0841931
0.0842098
0.084217
0.0842169
0.0842107
0.0841994
0.0841839
0.0841647
0.0841425
0.0841176
0.0840904
0.0840612
0.0840302
0.0839975
0.0839634
0.083928
0.0838914
0.0838537
0.0838151
0.0837755
0.0837353
0.0836944
0.0836529
0.0836111
0.0835691
0.083527
0.0834851
0.0834435
0.0834026
0.0833625
0.0833236
0.0832863
0.0832509
0.083218
0.0831881
0.0831616
0.0831391
0.0831214
0.0831088
0.0831022
4.52644e-10
1.54776e-09
2.87971e-09
4.4954e-09
6.44544e-09
8.78235e-09
1.1559e-08
1.48272e-08
1.86354e-08
2.30266e-08
2.80353e-08
3.36839e-08
3.99798e-08
4.69119e-08
5.44477e-08
6.25316e-08
7.10841e-08
8.00026e-08
8.91641e-08
9.84295e-08
1.07649e-07
1.1667e-07
1.25347e-07
1.33545e-07
1.41153e-07
1.48081e-07
1.54275e-07
1.59707e-07
1.64382e-07
1.68331e-07
1.71608e-07
1.74279e-07
1.76423e-07
1.78119e-07
1.79445e-07
1.80471e-07
1.81261e-07
1.81865e-07
1.82324e-07
1.82667e-07
4.57666e-10
1.56511e-09
2.91237e-09
4.54662e-09
6.51819e-09
8.87871e-09
1.16798e-08
1.49715e-08
1.88006e-08
2.32083e-08
2.82271e-08
3.38779e-08
4.01667e-08
4.70813e-08
5.45889e-08
6.26341e-08
7.11385e-08
8.00014e-08
8.91021e-08
9.83048e-08
1.07463e-07
1.16428e-07
1.25056e-07
1.33217e-07
1.40798e-07
1.47715e-07
1.5391e-07
1.59356e-07
1.64056e-07
1.68038e-07
1.71354e-07
1.74067e-07
1.76254e-07
1.77993e-07
1.79359e-07
1.80424e-07
1.81249e-07
1.81886e-07
1.82378e-07
1.82753e-07
4.62957e-10
1.58343e-09
2.94693e-09
4.60083e-09
6.59505e-09
8.98018e-09
1.18064e-08
1.51222e-08
1.89726e-08
2.33968e-08
2.84256e-08
3.40783e-08
4.03596e-08
4.72562e-08
5.4735e-08
6.2741e-08
7.11968e-08
8.00034e-08
8.90427e-08
9.81819e-08
1.07278e-07
1.16185e-07
1.24764e-07
1.32886e-07
1.40441e-07
1.47344e-07
1.53539e-07
1.58998e-07
1.63721e-07
1.67736e-07
1.71089e-07
1.73844e-07
1.76074e-07
1.77855e-07
1.79262e-07
1.80364e-07
1.81225e-07
1.81896e-07
1.82419e-07
1.82826e-07
4.68529e-10
1.60276e-09
2.98346e-09
4.65814e-09
6.67609e-09
9.08679e-09
1.19389e-08
1.52793e-08
1.91511e-08
2.35918e-08
2.86304e-08
3.42847e-08
4.05579e-08
4.74361e-08
5.48858e-08
6.28521e-08
7.12588e-08
8.00087e-08
8.89863e-08
9.80615e-08
1.07095e-07
1.15944e-07
1.24472e-07
1.32554e-07
1.40081e-07
1.4697e-07
1.53164e-07
1.58634e-07
1.63379e-07
1.67425e-07
1.70815e-07
1.73612e-07
1.75884e-07
1.77707e-07
1.79154e-07
1.80294e-07
1.8119e-07
1.81893e-07
1.82448e-07
1.82885e-07
4.74394e-10
1.62316e-09
3.02207e-09
4.71862e-09
6.76137e-09
9.19848e-09
1.20771e-08
1.54423e-08
1.93355e-08
2.37926e-08
2.88407e-08
3.44962e-08
4.0761e-08
4.76204e-08
5.50405e-08
6.2967e-08
7.13245e-08
8.00176e-08
8.89332e-08
9.79442e-08
1.06914e-07
1.15705e-07
1.24182e-07
1.32222e-07
1.39721e-07
1.46594e-07
1.52785e-07
1.58265e-07
1.63032e-07
1.67107e-07
1.70534e-07
1.7337e-07
1.75684e-07
1.77548e-07
1.79035e-07
1.80213e-07
1.81143e-07
1.81879e-07
1.82464e-07
1.82931e-07
4.80568e-10
1.64467e-09
3.06282e-09
4.78236e-09
6.85088e-09
9.3151e-09
1.22206e-08
1.56107e-08
1.95253e-08
2.39984e-08
2.90557e-08
3.47119e-08
4.0968e-08
4.78083e-08
5.51987e-08
6.30852e-08
7.13935e-08
8.00299e-08
8.88837e-08
9.78306e-08
1.06737e-07
1.15469e-07
1.23894e-07
1.31893e-07
1.39361e-07
1.46218e-07
1.52405e-07
1.57894e-07
1.6268e-07
1.66783e-07
1.70245e-07
1.7312e-07
1.75475e-07
1.7738e-07
1.78906e-07
1.80121e-07
1.81085e-07
1.81853e-07
1.82467e-07
1.82963e-07
4.8707e-10
1.66735e-09
3.10581e-09
4.84939e-09
6.94452e-09
9.43639e-09
1.23689e-08
1.57839e-08
1.97196e-08
2.42082e-08
2.92742e-08
3.49307e-08
4.11777e-08
4.79987e-08
5.53594e-08
6.32061e-08
7.14656e-08
8.00457e-08
8.88381e-08
9.77214e-08
1.06565e-07
1.15238e-07
1.23612e-07
1.31568e-07
1.39006e-07
1.45844e-07
1.52026e-07
1.57522e-07
1.62326e-07
1.66456e-07
1.69951e-07
1.72865e-07
1.75259e-07
1.77204e-07
1.78769e-07
1.8002e-07
1.81018e-07
1.81816e-07
1.82459e-07
1.82982e-07
4.93922e-10
1.69129e-09
3.15111e-09
4.9197e-09
7.04211e-09
9.56193e-09
1.25215e-08
1.5961e-08
1.99172e-08
2.44209e-08
2.94949e-08
3.51513e-08
4.13889e-08
4.81905e-08
5.55216e-08
6.3329e-08
7.15402e-08
8.00648e-08
8.87967e-08
9.76171e-08
1.06399e-07
1.15013e-07
1.23335e-07
1.31249e-07
1.38655e-07
1.45475e-07
1.5165e-07
1.57151e-07
1.61972e-07
1.66127e-07
1.69655e-07
1.72604e-07
1.75037e-07
1.77021e-07
1.78623e-07
1.7991e-07
1.8094e-07
1.81768e-07
1.82439e-07
1.82988e-07
5.01152e-10
1.71653e-09
3.19875e-09
4.9932e-09
7.14335e-09
9.69115e-09
1.26774e-08
1.61409e-08
2.01169e-08
2.46349e-08
2.97164e-08
3.53722e-08
4.16e-08
4.83823e-08
5.56843e-08
6.34529e-08
7.16167e-08
8.0087e-08
8.87596e-08
9.75183e-08
1.06239e-07
1.14796e-07
1.23067e-07
1.30938e-07
1.38313e-07
1.45112e-07
1.5128e-07
1.56786e-07
1.61621e-07
1.658e-07
1.69357e-07
1.72342e-07
1.74812e-07
1.76833e-07
1.78471e-07
1.79792e-07
1.80854e-07
1.81712e-07
1.82409e-07
1.82983e-07
5.08791e-10
1.74315e-09
3.24875e-09
5.0697e-09
7.24776e-09
9.82324e-09
1.28355e-08
1.63222e-08
2.03171e-08
2.48485e-08
2.99367e-08
3.55914e-08
4.18095e-08
4.85726e-08
5.58459e-08
6.35767e-08
7.16945e-08
8.0112e-08
8.87269e-08
9.74257e-08
1.06087e-07
1.14588e-07
1.22808e-07
1.30638e-07
1.37981e-07
1.4476e-07
1.50919e-07
1.56427e-07
1.61275e-07
1.65476e-07
1.69062e-07
1.72079e-07
1.74584e-07
1.76641e-07
1.78315e-07
1.79668e-07
1.80761e-07
1.81646e-07
1.82369e-07
1.82967e-07
1.82987e-07
1.83179e-07
1.83139e-07
1.82813e-07
1.82113e-07
1.80979e-07
1.79453e-07
1.77983e-07
1.76766e-07
1.75729e-07
1.74871e-07
1.74135e-07
1.73502e-07
1.72939e-07
1.72426e-07
1.71943e-07
1.7147e-07
1.70997e-07
1.70518e-07
1.7003e-07
1.69536e-07
1.69047e-07
1.68579e-07
1.68175e-07
1.67905e-07
1.67889e-07
1.68333e-07
1.69578e-07
1.72214e-07
1.7725e-07
1.86408e-07
2.02486e-07
2.29873e-07
2.74035e-07
3.39454e-07
4.24407e-07
5.20281e-07
6.16748e-07
7.07107e-07
7.88576e-07
8.60425e-07
9.22982e-07
9.76886e-07
1.02286e-06
1.06161e-06
1.09357e-06
1.11928e-06
1.13914e-06
1.15356e-06
1.16292e-06
1.16753e-06
1.16759e-06
1.16321e-06
1.15443e-06
1.14121e-06
1.12353e-06
1.10142e-06
1.07617e-06
1.0572e-06
1.11483e-06
1.65592e-06
4.26376e-06
1.20274e-05
2.49948e-05
3.45155e-05
3.81935e-05
3.89354e-05
3.88234e-05
3.854e-05
3.82457e-05
3.79704e-05
3.77192e-05
3.74889e-05
3.72748e-05
3.70723e-05
3.68771e-05
3.66855e-05
3.64933e-05
3.63007e-05
3.61083e-05
3.59205e-05
3.57463e-05
3.56027e-05
3.55213e-05
3.55568e-05
3.58068e-05
3.64434e-05
3.77652e-05
4.02669e-05
4.47416e-05
5.22064e-05
6.35503e-05
7.85695e-05
9.5787e-05
0.000113322
0.000129909
0.000144994
0.0001584
0.000170158
0.000180343
0.000189081
0.000196479
0.000202621
0.000207594
0.000211473
0.000214321
0.000216206
0.000217186
0.000217299
0.000216563
0.000214991
0.000212572
0.000209307
0.000205205
0.000200508
0.000196943
0.0002073
0.000305189
0.000775881
0.00217262
0.00449652
0.00619127
0.00683918
0.00696387
0.0069371
0.00688028
0.00682182
0.00676693
0.00671629
0.00666908
0.00662422
0.00658055
0.00653698
0.00649236
0.00644539
0.0063954
0.00634161
0.00628345
0.0062207
0.00615382
0.00608468
0.00601747
0.00596114
0.00593311
0.00596591
0.00611604
0.00648124
0.00720182
0.00845752
0.0103349
0.012739
0.0154978
0.0184855
0.0216001
0.0247737
0.0279584
0.0311281
0.0342644
0.0373621
0.0404263
0.0434671
0.046503
0.0495602
0.0526695
0.0558662
0.0592074
0.0627799
0.0666887
0.0710846
0.0761768
0.0822936
0.089907
0.0997709
0.112849
0.12995
0.148131
0.155306
0.13794
0.119675
0.111909
0.109975
0.109744
0.109853
0.110004
0.110149
0.11028
0.110397
0.1105
0.110593
0.110675
0.110747
0.110809
0.110858
0.110893
0.110908
0.110895
0.110844
0.110737
0.11055
0.110245
0.109765
0.109028
0.107922
0.10631
0.104091
0.101301
0.0982208
0.0952419
0.0926294
0.0904621
0.0887044
0.08729
0.0861494
0.0852273
0.0844767
0.0838632
0.0833616
0.0829516
0.0826177
0.0823479
0.0821321
0.0819626
0.0818343
0.0817435
0.0816872
0.0816639
0.0816733
0.0817188
0.081803
0.0819335
0.0821138
0.0823598
0.0826719
0.0830762
0.0835216
0.0838732
0.0841149
0.0842611
0.0843398
0.0843729
1.83121e-07
1.83381e-07
1.83423e-07
1.83203e-07
1.82633e-07
1.81652e-07
1.80293e-07
1.79006e-07
1.77979e-07
1.77123e-07
1.76441e-07
1.75872e-07
1.75404e-07
1.75005e-07
1.74658e-07
1.74345e-07
1.74048e-07
1.7376e-07
1.73476e-07
1.73196e-07
1.72923e-07
1.72668e-07
1.72452e-07
1.72315e-07
1.72328e-07
1.72608e-07
1.73355e-07
1.74898e-07
1.77805e-07
1.83047e-07
1.92277e-07
2.08177e-07
2.34952e-07
2.77771e-07
3.40709e-07
4.21594e-07
5.11741e-07
6.01422e-07
6.84768e-07
7.59704e-07
8.25918e-07
8.83914e-07
9.34359e-07
9.77926e-07
1.01522e-06
1.04659e-06
1.07248e-06
1.09318e-06
1.10899e-06
1.12024e-06
1.12716e-06
1.12988e-06
1.1285e-06
1.12305e-06
1.11344e-06
1.09964e-06
1.08163e-06
1.0604e-06
1.04392e-06
1.09587e-06
1.60588e-06
4.15861e-06
1.19724e-05
2.51978e-05
3.47425e-05
3.83226e-05
3.90203e-05
3.89203e-05
3.86715e-05
3.84174e-05
3.81827e-05
3.79712e-05
3.77794e-05
3.76031e-05
3.74381e-05
3.72807e-05
3.71274e-05
3.69756e-05
3.68256e-05
3.66785e-05
3.65389e-05
3.64162e-05
3.63275e-05
3.63038e-05
3.63983e-05
3.6706e-05
3.73929e-05
3.87465e-05
4.12417e-05
4.56377e-05
5.28949e-05
6.38241e-05
7.81319e-05
9.43211e-05
0.000110618
0.000125908
0.000139772
0.000152115
0.000163002
0.000172519
0.000180784
0.000187888
0.000193899
0.000198885
0.000202902
0.000205998
0.000208224
0.000209627
0.000210233
0.000210055
0.000209102
0.00020736
0.000204824
0.00020149
0.00019755
0.00019446
0.000203804
0.000296062
0.00075675
0.0021624
0.00453247
0.00623162
0.00686242
0.00697977
0.0069557
0.00690559
0.00685482
0.00680766
0.00676452
0.00672458
0.00668683
0.00665021
0.00661369
0.00657623
0.00653675
0.0064946
0.00644901
0.00639943
0.00634562
0.00628793
0.00622805
0.00616984
0.00612176
0.00610062
0.00613822
0.00629055
0.00665638
0.00738118
0.00866478
0.0106221
0.0131179
0.0159813
0.0190893
0.0223369
0.0256523
0.028984
0.0323046
0.035594
0.0388466
0.0420671
0.0452652
0.0484582
0.0516713
0.0549334
0.0582793
0.0617627
0.0654623
0.0694774
0.073951
0.0790797
0.0851747
0.0926834
0.102335
0.115083
0.131821
0.149763
0.156636
0.138039
0.119358
0.111713
0.10989
0.109684
0.109782
0.109913
0.110036
0.110145
0.110241
0.110324
0.110397
0.110458
0.11051
0.110552
0.110581
0.110595
0.110589
0.110556
0.110486
0.110363
0.110165
0.109855
0.109381
0.108666
0.107602
0.106057
0.103932
0.101263
0.0983267
0.0955072
0.0930508
0.0910212
0.0893748
0.0880439
0.0869615
0.0860763
0.0853454
0.084738
0.084232
0.0838093
0.0834565
0.0831632
0.0829203
0.0827212
0.0825613
0.0824373
0.0823465
0.0822877
0.0822605
0.0822678
0.082312
0.0824
0.0825349
0.0827323
0.0829925
0.0833456
0.0837434
0.084051
0.0842547
0.0843703
0.084425
0.0844397
1.83239e-07
1.83563e-07
1.83686e-07
1.83566e-07
1.83123e-07
1.82294e-07
1.81108e-07
1.80011e-07
1.79178e-07
1.78509e-07
1.78006e-07
1.77612e-07
1.77317e-07
1.7709e-07
1.7692e-07
1.76788e-07
1.76682e-07
1.76597e-07
1.76529e-07
1.76478e-07
1.76452e-07
1.76463e-07
1.76531e-07
1.76699e-07
1.77035e-07
1.77656e-07
1.78753e-07
1.80641e-07
1.83863e-07
1.89344e-07
1.98656e-07
2.1435e-07
2.40418e-07
2.81705e-07
3.41861e-07
4.18342e-07
5.02544e-07
5.85435e-07
6.61975e-07
7.30699e-07
7.91632e-07
8.45391e-07
8.92642e-07
9.33993e-07
9.69959e-07
1.00081e-06
1.02687e-06
1.04837e-06
1.06553e-06
1.07858e-06
1.08771e-06
1.093e-06
1.09451e-06
1.09225e-06
1.08613e-06
1.07609e-06
1.06205e-06
1.04478e-06
1.03102e-06
1.07842e-06
1.55966e-06
4.05742e-06
1.19176e-05
2.53983e-05
3.49606e-05
3.8444e-05
3.91033e-05
3.90185e-05
3.88053e-05
3.85919e-05
3.83985e-05
3.82275e-05
3.80756e-05
3.79391e-05
3.78141e-05
3.76976e-05
3.75868e-05
3.74801e-05
3.7378e-05
3.72823e-05
3.71978e-05
3.71342e-05
3.71086e-05
3.71512e-05
3.73136e-05
3.7687e-05
3.84302e-05
3.98177e-05
4.23014e-05
4.66017e-05
5.36181e-05
6.40781e-05
7.76128e-05
9.27336e-05
0.00010779
0.000121822
0.000134526
0.000145871
0.00015595
0.000164849
0.000172678
0.000179511
0.000185403
0.000190403
0.000194553
0.000197885
0.000200438
0.000202245
0.000203324
0.000203683
0.000203326
0.000202236
0.000200404
0.000197817
0.000194622
0.000192048
0.000200582
0.000287631
0.000738341
0.00215221
0.00456797
0.00627036
0.00688433
0.00699536
0.0069746
0.00693142
0.00688847
0.00684918
0.0068138
0.00678149
0.00675136
0.00672242
0.00669379
0.00666452
0.00663374
0.00660084
0.00656512
0.0065261
0.00648351
0.00643766
0.00639002
0.0063441
0.0063078
0.00629708
0.00634277
0.00650028
0.00687013
0.00760713
0.00894349
0.0110499
0.0136997
0.0167263
0.0200067
0.02343
0.0269193
0.0304206
0.0339064
0.0373568
0.0407669
0.0441421
0.0474925
0.0508352
0.0541946
0.0575982
0.0610798
0.0646907
0.0685025
0.0726087
0.0771443
0.0822937
0.0883512
0.0957399
0.105163
0.117557
0.133889
0.151536
0.158057
0.138132
0.119047
0.11153
0.109811
0.109626
0.10971
0.10982
0.109922
0.110009
0.110084
0.110146
0.110198
0.110239
0.110269
0.110289
0.110297
0.110288
0.11026
0.110206
0.110115
0.109974
0.109762
0.109446
0.108977
0.108282
0.107262
0.105788
0.103765
0.101227
0.0984467
0.0957941
0.0934961
0.0916023
0.0900629
0.0888106
0.0877819
0.0869297
0.0862153
0.0856116
0.0850992
0.0846624
0.0842898
0.0839721
0.0837016
0.0834724
0.0832805
0.0831231
0.0829976
0.0829031
0.0828391
0.0828082
0.0828123
0.082858
0.0829476
0.0830961
0.0833039
0.0836046
0.0839534
0.0842174
0.0843843
0.0844708
0.0845032
0.0845007
1.83342e-07
1.83727e-07
1.83925e-07
1.83901e-07
1.83582e-07
1.82904e-07
1.81896e-07
1.80993e-07
1.80357e-07
1.79877e-07
1.79555e-07
1.7934e-07
1.79221e-07
1.79174e-07
1.79188e-07
1.79249e-07
1.79347e-07
1.79478e-07
1.79643e-07
1.79842e-07
1.80086e-07
1.80387e-07
1.8077e-07
1.81277e-07
1.81975e-07
1.82978e-07
1.8447e-07
1.8675e-07
1.90331e-07
1.96085e-07
2.05495e-07
2.20963e-07
2.46241e-07
2.85826e-07
3.42921e-07
4.14699e-07
4.9281e-07
5.68983e-07
6.38982e-07
7.01854e-07
7.57885e-07
8.07745e-07
8.52076e-07
8.91408e-07
9.26169e-07
9.56551e-07
9.828e-07
1.00506e-06
1.02349e-06
1.03825e-06
1.04947e-06
1.0572e-06
1.06147e-06
1.06226e-06
1.05947e-06
1.05303e-06
1.04282e-06
1.02942e-06
1.01855e-06
1.06252e-06
1.5178e-06
3.9621e-06
1.18649e-05
2.55941e-05
3.51673e-05
3.85572e-05
3.9184e-05
3.91173e-05
3.89405e-05
3.87678e-05
3.86157e-05
3.84858e-05
3.83748e-05
3.82795e-05
3.81967e-05
3.81238e-05
3.8059e-05
3.80014e-05
3.7952e-05
3.79131e-05
3.789e-05
3.78926e-05
3.79379e-05
3.80551e-05
3.82938e-05
3.87408e-05
3.95467e-05
4.09708e-05
4.34392e-05
4.76287e-05
5.43733e-05
6.43139e-05
7.70213e-05
9.10462e-05
0.000104876
0.000117698
0.000129309
0.000139728
0.000149062
0.000157396
0.000164826
0.000171413
0.000177197
0.000182214
0.000186489
0.000190043
0.000192905
0.000195095
0.000196623
0.000197493
0.000197704
0.000197238
0.00019608
0.00019421
0.000191741
0.000189715
0.000197643
0.000279993
0.000720995
0.00214239
0.0046026
0.00630711
0.00690482
0.00701061
0.00699367
0.00695758
0.00692248
0.00689116
0.0068637
0.00683932
0.00681721
0.00679652
0.00677649
0.00675634
0.00673538
0.00671308
0.00668887
0.00666234
0.0066333
0.00660202
0.00656985
0.00653994
0.00651958
0.00652378
0.00658219
0.00674969
0.0071295
0.00789103
0.00931566
0.0116759
0.0145573
0.0178109
0.021315
0.0249526
0.0286424
0.0323298
0.0359895
0.0396036
0.0431694
0.046694
0.0501886
0.0536707
0.0571642
0.0606956
0.0642978
0.0680196
0.0719271
0.0761074
0.0806879
0.085841
0.0918442
0.0990963
0.108272
0.120289
0.136171
0.153461
0.159571
0.138223
0.118749
0.111362
0.109738
0.109568
0.109638
0.109728
0.109807
0.109873
0.109926
0.109968
0.109998
0.110017
0.110026
0.110024
0.110008
0.109977
0.109925
0.109847
0.109734
0.109574
0.109346
0.109022
0.108556
0.107882
0.106905
0.105504
0.10359
0.101193
0.0985794
0.0960996
0.0939607
0.0921991
0.0907616
0.0895824
0.0886023
0.087779
0.087078
0.0864756
0.0859551
0.0855031
0.0851098
0.0847673
0.084469
0.0842096
0.0839858
0.083795
0.0836351
0.0835051
0.0834045
0.0833357
0.0833003
0.0833041
0.0833489
0.083449
0.0836048
0.0838523
0.0841513
0.0843722
0.0845037
0.0845629
0.0845745
0.0845562
1.83429e-07
1.83872e-07
1.8414e-07
1.84208e-07
1.84008e-07
1.8348e-07
1.82652e-07
1.81946e-07
1.81506e-07
1.81215e-07
1.81075e-07
1.81039e-07
1.811e-07
1.81236e-07
1.8144e-07
1.817e-07
1.82011e-07
1.8237e-07
1.8278e-07
1.83245e-07
1.83777e-07
1.84393e-07
1.85116e-07
1.85991e-07
1.87086e-07
1.88509e-07
1.90438e-07
1.93154e-07
1.97138e-07
2.03205e-07
2.12737e-07
2.27972e-07
2.5239e-07
2.90116e-07
3.43889e-07
4.10709e-07
4.82652e-07
5.5226e-07
6.16051e-07
6.7348e-07
7.25012e-07
7.71327e-07
8.13015e-07
8.50527e-07
8.84205e-07
9.14175e-07
9.40609e-07
9.63588e-07
9.83204e-07
9.99567e-07
1.01276e-06
1.02278e-06
1.02964e-06
1.03331e-06
1.03368e-06
1.03065e-06
1.02409e-06
1.01442e-06
1.00656e-06
1.04828e-06
1.48111e-06
3.87546e-06
1.18171e-05
2.57815e-05
3.53593e-05
3.86611e-05
3.9262e-05
3.9216e-05
3.90758e-05
3.89435e-05
3.88324e-05
3.87436e-05
3.8674e-05
3.86208e-05
3.85816e-05
3.85546e-05
3.85384e-05
3.85332e-05
3.85405e-05
3.8563e-05
3.86068e-05
3.86818e-05
3.88049e-05
3.90045e-05
3.93276e-05
3.98563e-05
4.07318e-05
4.21963e-05
4.46476e-05
4.87133e-05
5.51579e-05
6.45318e-05
7.63649e-05
8.92793e-05
0.00010191
0.000113585
0.000124179
0.000133748
0.000142403
0.000150224
0.000157294
0.000163659
0.000169346
0.000174379
0.000178771
0.000182534
0.000185683
0.000188232
0.000190182
0.000191533
0.00019228
0.000192402
0.000191883
0.000190697
0.000188928
0.000187472
0.000195008
0.00027329
0.000705219
0.00213348
0.00463574
0.00634124
0.00692369
0.00702544
0.00701278
0.00698383
0.00695656
0.0069332
0.00691373
0.00689746
0.00688367
0.00687169
0.00686087
0.00685063
0.00684046
0.00682998
0.00681877
0.0068066
0.00679338
0.00677946
0.00676615
0.00675635
0.0067568
0.00678153
0.00685903
0.00704376
0.00744292
0.00824709
0.00980906
0.0125832
0.0157889
0.0193345
0.0231081
0.0269897
0.0308972
0.0347787
0.0386133
0.0423873
0.0461016
0.0497659
0.0533928
0.0570009
0.0606138
0.064257
0.0679628
0.0717777
0.0757628
0.0799991
0.0846062
0.0897451
0.0956762
0.102775
0.111684
0.123301
0.13869
0.155555
0.161187
0.138316
0.118471
0.111212
0.109672
0.109512
0.109566
0.109635
0.109694
0.109739
0.109771
0.109791
0.109799
0.109797
0.109784
0.109758
0.109719
0.109663
0.109587
0.109485
0.109349
0.109167
0.108922
0.108588
0.108124
0.107468
0.106534
0.105208
0.103407
0.101162
0.0987237
0.0964207
0.0944394
0.092805
0.091463
0.0903506
0.089414
0.0886152
0.0879244
0.0873211
0.086791
0.086323
0.0859085
0.0855411
0.085215
0.0849257
0.0846704
0.0844468
0.0842531
0.0840883
0.083952
0.0838462
0.0837721
0.083735
0.0837363
0.0837891
0.0838936
0.0840879
0.0843367
0.0845153
0.084613
0.0846465
0.0846389
0.0846063
1.83501e-07
1.83999e-07
1.84333e-07
1.84486e-07
1.84401e-07
1.8402e-07
1.83373e-07
1.82863e-07
1.82616e-07
1.8251e-07
1.8255e-07
1.82691e-07
1.82931e-07
1.83252e-07
1.83649e-07
1.84113e-07
1.84641e-07
1.85235e-07
1.859e-07
1.86642e-07
1.87476e-07
1.88421e-07
1.89504e-07
1.90771e-07
1.9229e-07
1.94166e-07
1.96568e-07
1.9976e-07
2.0419e-07
2.1061e-07
2.20292e-07
2.35295e-07
2.58801e-07
2.94539e-07
3.4477e-07
4.06441e-07
4.72231e-07
5.35515e-07
5.93491e-07
6.45922e-07
6.93376e-07
7.36502e-07
7.75825e-07
8.11711e-07
8.44424e-07
8.74033e-07
9.00645e-07
9.24286e-07
9.44999e-07
9.62842e-07
9.77851e-07
9.90007e-07
9.99289e-07
1.00565e-06
1.00896e-06
1.00913e-06
1.006e-06
9.99898e-07
9.95147e-07
1.03588e-06
1.45071e-06
3.80148e-06
1.17786e-05
2.59556e-05
3.55315e-05
3.87542e-05
3.93369e-05
3.93137e-05
3.92099e-05
3.91171e-05
3.90463e-05
3.8998e-05
3.89696e-05
3.8959e-05
3.89643e-05
3.89843e-05
3.90186e-05
3.90682e-05
3.9135e-05
3.92226e-05
3.93376e-05
3.94901e-05
3.96969e-05
3.99854e-05
4.04002e-05
4.1018e-05
4.19698e-05
4.34794e-05
4.5913e-05
4.98448e-05
5.59652e-05
6.47324e-05
7.56561e-05
8.74621e-05
9.89376e-05
0.000109538
0.000119198
0.000127996
0.00013604
0.000143402
0.000150148
0.000156314
0.000161915
0.000166964
0.000171464
0.000175417
0.000178832
0.000181711
0.000184054
0.000185852
0.000187098
0.000187771
0.00018785
0.000187307
0.000186206
0.000185335
0.000192708
0.00026773
0.000691729
0.00212621
0.00466648
0.00637188
0.00694067
0.00703972
0.00703176
0.00700992
0.00699035
0.00697484
0.00696334
0.00695524
0.00694996
0.00694698
0.00694583
0.0069461
0.00694752
0.00694988
0.00695299
0.00695683
0.00696155
0.00696767
0.00697661
0.00699122
0.00701787
0.00706981
0.0071745
0.00738644
0.00781849
0.00869009
0.0104537
0.0138847
0.017519
0.0214147
0.0254907
0.0296325
0.0337623
0.0378347
0.0418365
0.0457597
0.0496097
0.0533993
0.0571431
0.0608607
0.0645757
0.0683131
0.072104
0.0759929
0.0800363
0.0843096
0.0889245
0.0940307
0.0998719
0.1068
0.115425
0.126619
0.141474
0.15784
0.162913
0.13842
0.118225
0.111083
0.109612
0.109457
0.109496
0.109545
0.109582
0.109606
0.109618
0.109617
0.109604
0.109581
0.109545
0.109496
0.109433
0.109352
0.109251
0.109124
0.108963
0.108759
0.108496
0.10815
0.107685
0.107045
0.106153
0.104904
0.103219
0.101133
0.0988773
0.0967526
0.0949255
0.0934116
0.0921577
0.0911056
0.0902069
0.0894286
0.088745
0.0881388
0.087598
0.0871133
0.0866776
0.0862855
0.0859321
0.0856137
0.0853278
0.0850724
0.0848458
0.0846474
0.0844766
0.084335
0.0842238
0.0841473
0.0841068
0.084114
0.0841689
0.0843105
0.0845091
0.0846466
0.0847121
0.0847218
0.0846967
0.084651
1.83558e-07
1.84106e-07
1.84502e-07
1.84736e-07
1.84759e-07
1.84521e-07
1.84054e-07
1.83737e-07
1.83676e-07
1.8375e-07
1.83963e-07
1.84279e-07
1.84695e-07
1.85198e-07
1.85786e-07
1.86453e-07
1.87201e-07
1.88032e-07
1.88955e-07
1.89979e-07
1.91123e-07
1.92407e-07
1.93863e-07
1.95538e-07
1.975e-07
1.99852e-07
2.02755e-07
2.06456e-07
2.11366e-07
2.18173e-07
2.28033e-07
2.42813e-07
2.65373e-07
2.99029e-07
3.45569e-07
4.02006e-07
4.61765e-07
5.19049e-07
5.71657e-07
6.19558e-07
6.6336e-07
7.03651e-07
7.40876e-07
7.75323e-07
8.07182e-07
8.36473e-07
8.63248e-07
8.87491e-07
9.09199e-07
9.28388e-07
9.4506e-07
9.59169e-07
9.70672e-07
9.79505e-07
9.85542e-07
9.88674e-07
9.8873e-07
9.85988e-07
9.84416e-07
1.0256e-06
1.42813e-06
3.74554e-06
1.1755e-05
2.61095e-05
3.56774e-05
3.88343e-05
3.94076e-05
3.94094e-05
3.93413e-05
3.92867e-05
3.92548e-05
3.9246e-05
3.92581e-05
3.92896e-05
3.93393e-05
3.94069e-05
3.94925e-05
3.95981e-05
3.97262e-05
3.98812e-05
4.00701e-05
4.03037e-05
4.05983e-05
4.09807e-05
4.14928e-05
4.22058e-05
4.32398e-05
4.47987e-05
4.72152e-05
5.10058e-05
5.67837e-05
6.49163e-05
7.49145e-05
8.5634e-05
9.60138e-05
0.000105622
0.000114436
0.000122542
0.000130041
0.000136995
0.000143455
0.000149443
0.000154967
0.00016003
0.000164627
0.000168753
0.000172408
0.00017559
0.00017829
0.000180499
0.000182205
0.000183384
0.000184017
0.000184071
0.000183599
0.000183325
0.000190793
0.000263586
0.000681495
0.00212165
0.00469363
0.00639783
0.00695538
0.00705331
0.0070504
0.00703555
0.00702344
0.00701558
0.0070119
0.00701191
0.00701517
0.00702133
0.00703009
0.00704129
0.00705486
0.00707083
0.00708928
0.0071105
0.00713496
0.00716354
0.00719793
0.0072412
0.00729967
0.00738622
0.00752776
0.00777967
0.00826257
0.00923331
0.0112767
0.0157325
0.0198994
0.0241854
0.028576
0.0329751
0.0373158
0.041564
0.0457156
0.0497697
0.053737
0.0576332
0.0614751
0.0652831
0.069081
0.0728931
0.0767494
0.0806923
0.0847742
0.0890648
0.0936683
0.0987234
0.104457
0.111198
0.119524
0.130276
0.144555
0.160342
0.164761
0.138544
0.118027
0.11098
0.109561
0.109405
0.109427
0.109456
0.109474
0.109478
0.10947
0.109449
0.109415
0.10937
0.109313
0.109241
0.109154
0.109048
0.108922
0.108769
0.108584
0.108357
0.108074
0.107714
0.107247
0.106621
0.105768
0.104595
0.10303
0.101106
0.0990366
0.0970888
0.09541
0.0940088
0.0928352
0.0918365
0.0909704
0.0902087
0.0895296
0.0889189
0.0883666
0.0878651
0.0874085
0.0869924
0.0866127
0.0862663
0.085951
0.0856651
0.0854073
0.0851768
0.0849731
0.0847976
0.0846511
0.0845373
0.0844572
0.0844211
0.0844289
0.0845191
0.0846683
0.0847661
0.0848014
0.0847891
0.084748
0.0846905
1.836e-07
1.84195e-07
1.84648e-07
1.84956e-07
1.85082e-07
1.84981e-07
1.84691e-07
1.84561e-07
1.84677e-07
1.84921e-07
1.85299e-07
1.85781e-07
1.86367e-07
1.87047e-07
1.87821e-07
1.88689e-07
1.89652e-07
1.90718e-07
1.91897e-07
1.93203e-07
1.94657e-07
1.96283e-07
1.98116e-07
2.00204e-07
2.02619e-07
2.05459e-07
2.08878e-07
2.13108e-07
2.18523e-07
2.25745e-07
2.35807e-07
2.50376e-07
2.71976e-07
3.03499e-07
3.46291e-07
3.97534e-07
4.51498e-07
5.03188e-07
5.50911e-07
5.94762e-07
6.35333e-07
6.73131e-07
7.08517e-07
7.41701e-07
7.72806e-07
8.01816e-07
8.28736e-07
8.53511e-07
8.76107e-07
8.96502e-07
9.14668e-07
9.30538e-07
9.44051e-07
9.55129e-07
9.63642e-07
9.69473e-07
9.72453e-07
9.72844e-07
9.74507e-07
1.01774e-06
1.41495e-06
3.71296e-06
1.17519e-05
2.62369e-05
3.57903e-05
3.88992e-05
3.94732e-05
3.95019e-05
3.94682e-05
3.94499e-05
3.9455e-05
3.94841e-05
3.95353e-05
3.96078e-05
3.97012e-05
3.98156e-05
3.99524e-05
4.01139e-05
4.03037e-05
4.05268e-05
4.07908e-05
4.1107e-05
4.14918e-05
4.19708e-05
4.25837e-05
4.33958e-05
4.45162e-05
4.6128e-05
4.85283e-05
5.21733e-05
5.75984e-05
6.50846e-05
7.41634e-05
8.38388e-05
9.31971e-05
0.000101903
0.000109959
0.000117454
0.000124474
0.000131069
0.000137275
0.000143107
0.000148562
0.000153636
0.000158318
0.000162598
0.000166467
0.00016992
0.000172942
0.000175522
0.000177644
0.000179285
0.000180421
0.000181022
0.000181137
0.000181468
0.00018932
0.000261142
0.000675472
0.00212077
0.00471605
0.00641796
0.00696742
0.00706602
0.00706845
0.00706037
0.00705538
0.00705485
0.00705873
0.00706664
0.00707831
0.00709355
0.00711229
0.00713455
0.00716055
0.00719057
0.00722504
0.0072646
0.00731019
0.00736316
0.00742574
0.00750154
0.00759731
0.00772616
0.00791532
0.00822234
0.00877841
0.00988632
0.0122942
0.0183257
0.0231056
0.0277896
0.0324774
0.0371071
0.0416297
0.0460252
0.0502998
0.0544598
0.0585208
0.0625011
0.0664192
0.0702963
0.0741561
0.0780221
0.0819227
0.0858979
0.0899966
0.0942835
0.0988547
0.103838
0.109444
0.115979
0.123987
0.134276
0.147936
0.163052
0.166705
0.138695
0.117892
0.110907
0.109519
0.109356
0.10936
0.109371
0.109371
0.109356
0.109328
0.109288
0.109235
0.109169
0.10909
0.108996
0.108886
0.108756
0.108605
0.108427
0.108217
0.107967
0.107664
0.10729
0.106818
0.106204
0.105388
0.104288
0.102841
0.101081
0.0991973
0.0974216
0.0958832
0.0945858
0.0934842
0.0925321
0.0916936
0.090945
0.0902683
0.0896519
0.0890877
0.0885696
0.0880928
0.0876538
0.0872491
0.0868763
0.0865333
0.0862189
0.0859317
0.0856711
0.0854367
0.0852294
0.08505
0.0849015
0.0847845
0.0847081
0.0846718
0.0847127
0.0848138
0.0848737
0.0848808
0.0848485
0.0847931
0.084725
1.83628e-07
1.84267e-07
1.84771e-07
1.85148e-07
1.85368e-07
1.85398e-07
1.85278e-07
1.85325e-07
1.85605e-07
1.86008e-07
1.86541e-07
1.8718e-07
1.87926e-07
1.88774e-07
1.89726e-07
1.90785e-07
1.91955e-07
1.93248e-07
1.94676e-07
1.96257e-07
1.98014e-07
1.99976e-07
2.0218e-07
2.04678e-07
2.07541e-07
2.10869e-07
2.14808e-07
2.19571e-07
2.25501e-07
2.33151e-07
2.43433e-07
2.57803e-07
2.78446e-07
3.0784e-07
3.46941e-07
3.93178e-07
4.41699e-07
4.88266e-07
5.31612e-07
5.71893e-07
6.09643e-07
6.45273e-07
6.79062e-07
7.11147e-07
7.41595e-07
7.70354e-07
7.97392e-07
8.2263e-07
8.46001e-07
8.67457e-07
8.86942e-07
9.04373e-07
9.19673e-07
9.32754e-07
9.43482e-07
9.51733e-07
9.57352e-07
9.60627e-07
9.65594e-07
1.01271e-06
1.41299e-06
3.70978e-06
1.17756e-05
2.63307e-05
3.58632e-05
3.89465e-05
3.95325e-05
3.95895e-05
3.95887e-05
3.96042e-05
3.96441e-05
3.97087e-05
3.9797e-05
3.99087e-05
4.00439e-05
4.02037e-05
4.03901e-05
4.06063e-05
4.08566e-05
4.11467e-05
4.14851e-05
4.18834e-05
4.23581e-05
4.29341e-05
4.36485e-05
4.45612e-05
4.57697e-05
4.74362e-05
4.9821e-05
5.33192e-05
5.83899e-05
6.5238e-05
7.34302e-05
8.21249e-05
9.0548e-05
9.84454e-05
0.000105834
0.000112794
0.000119397
0.000125679
0.000131665
0.000137359
0.000142752
0.000147834
0.000152589
0.000157002
0.000161059
0.00016475
0.000168058
0.000170967
0.00017346
0.000175513
0.000177101
0.000178195
0.00017885
0.000179796
0.000188364
0.000260725
0.000674748
0.00212471
0.00473247
0.00643098
0.00697634
0.0070776
0.00708564
0.00708399
0.00708569
0.00709206
0.0071031
0.00711856
0.00713834
0.00716242
0.00719093
0.00722414
0.00726252
0.00730667
0.00735738
0.00741577
0.00748327
0.00756193
0.00765474
0.00776621
0.00790408
0.00808255
0.00833037
0.00870917
0.00936413
0.0106524
0.0134974
0.0209776
0.0263992
0.0314595
0.036404
0.0412216
0.0458874
0.0503966
0.0547649
0.0590054
0.0631372
0.0671809
0.0711559
0.0750838
0.0789877
0.0828906
0.0868196
0.0908122
0.0949138
0.099184
0.103711
0.108615
0.114087
0.120415
0.128108
0.137946
0.150984
0.165377
0.168192
0.138883
0.117836
0.110871
0.109487
0.10931
0.109298
0.109291
0.109273
0.109241
0.109196
0.109137
0.109066
0.108981
0.108881
0.108766
0.108633
0.108481
0.108306
0.108104
0.10787
0.107596
0.107273
0.106884
0.106406
0.105802
0.10502
0.103991
0.102659
0.101058
0.0993541
0.0977419
0.0963342
0.095131
0.0940932
0.0931814
0.0923659
0.0916273
0.0909512
0.0903284
0.0897524
0.0892184
0.0887227
0.0882622
0.0878344
0.087437
0.0870685
0.0867277
0.0864135
0.0861252
0.0858625
0.0856261
0.0854164
0.0852361
0.0850855
0.0849722
0.0848956
0.0848904
0.0849454
0.0849696
0.0849507
0.0849003
0.0848321
0.0847549
1.83644e-07
1.84322e-07
1.84873e-07
1.85311e-07
1.85619e-07
1.85771e-07
1.85811e-07
1.86022e-07
1.8645e-07
1.86998e-07
1.87672e-07
1.88455e-07
1.89349e-07
1.90353e-07
1.91472e-07
1.92709e-07
1.94075e-07
1.95582e-07
1.97246e-07
1.99088e-07
2.01133e-07
2.03416e-07
2.05976e-07
2.08868e-07
2.12166e-07
2.15967e-07
2.20412e-07
2.25699e-07
2.32138e-07
2.40216e-07
2.50723e-07
2.64909e-07
2.84622e-07
3.11948e-07
3.47525e-07
3.89076e-07
4.32601e-07
4.74569e-07
5.14061e-07
5.51242e-07
5.86563e-07
6.20336e-07
6.52754e-07
6.83894e-07
7.1377e-07
7.42306e-07
7.69439e-07
7.95066e-07
8.19102e-07
8.41471e-07
8.62099e-07
8.80888e-07
8.9775e-07
9.12584e-07
9.25256e-07
9.3564e-07
9.436e-07
9.49505e-07
9.57873e-07
1.01096e-06
1.42367e-06
3.7398e-06
1.18295e-05
2.63873e-05
3.58919e-05
3.89741e-05
3.9584e-05
3.96708e-05
3.97007e-05
3.97473e-05
3.9819e-05
3.99164e-05
4.00391e-05
4.01872e-05
4.03617e-05
4.05643e-05
4.07978e-05
4.1066e-05
4.1374e-05
4.17285e-05
4.21385e-05
4.26161e-05
4.31781e-05
4.38486e-05
4.46624e-05
4.5674e-05
4.69698e-05
4.86909e-05
5.1061e-05
5.4415e-05
5.91398e-05
6.53773e-05
7.27392e-05
8.0534e-05
8.81178e-05
9.53034e-05
0.000102112
0.000108611
0.000114856
0.00012087
0.000126665
0.000132239
0.000137577
0.000142664
0.00014748
0.000152006
0.000156225
0.000160122
0.000163677
0.000166873
0.000169691
0.000172105
0.000174091
0.000175623
0.000176769
0.000178345
0.000188001
0.000262592
0.000680002
0.00213407
0.00474225
0.00643613
0.00698178
0.00708779
0.00710164
0.00710603
0.00711389
0.00712661
0.00714428
0.00716681
0.00719422
0.00722668
0.00726453
0.00730829
0.00735868
0.00741663
0.00748335
0.00756044
0.00764999
0.00775481
0.00787892
0.00802811
0.00821171
0.008446
0.00876279
0.00923016
0.0100113
0.0115242
0.0148657
0.02366
0.0297342
0.0351528
0.0403194
0.0452883
0.0500641
0.0546587
0.0590965
0.0633964
0.0675806
0.0716708
0.0756872
0.0796513
0.0835858
0.0875127
0.091458
0.095457
0.0995515
0.103797
0.108275
0.113095
0.118437
0.124567
0.131965
0.141379
0.153818
0.167455
0.169384
0.139117
0.117871
0.110875
0.109467
0.109269
0.10924
0.109217
0.109183
0.109135
0.109074
0.108999
0.10891
0.108807
0.108689
0.108554
0.108401
0.108227
0.108029
0.107804
0.107547
0.107252
0.106909
0.106505
0.10602
0.105424
0.104674
0.10371
0.102487
0.101038
0.0995021
0.098042
0.0967535
0.0956344
0.0946522
0.0937746
0.092978
0.0922469
0.0915701
0.0909406
0.0903534
0.0898045
0.0892913
0.0888113
0.0883623
0.0879427
0.0875511
0.0871865
0.0868479
0.0865346
0.0862465
0.0859838
0.085747
0.0855381
0.0853575
0.0852111
0.0850986
0.0850511
0.0850628
0.0850538
0.0850114
0.0849449
0.0848655
0.0847802
0.0843775
0.0843712
0.0843587
0.0843414
0.0843202
0.0842959
0.0842689
0.0842396
0.0842084
0.0841756
0.0841413
0.0841057
0.084069
0.0840313
0.0839926
0.083953
0.0839127
0.0838716
0.0838299
0.0837876
0.0837448
0.0837017
0.0836582
0.0836147
0.0835711
0.0835277
0.0834846
0.0834421
0.0834004
0.0833597
0.0833205
0.083283
0.0832476
0.0832148
0.0831851
0.083159
0.0831369
0.0831196
0.0831074
0.0831011
0.0844327
0.0844194
0.0844009
0.0843785
0.0843528
0.0843245
0.084294
0.0842617
0.0842278
0.0841926
0.0841562
0.0841187
0.0840803
0.084041
0.0840009
0.0839601
0.0839186
0.0838765
0.0838339
0.0837908
0.0837473
0.0837035
0.0836595
0.0836154
0.0835713
0.0835275
0.0834841
0.0834413
0.0833994
0.0833586
0.0833193
0.0832817
0.0832464
0.0832136
0.083184
0.083158
0.0831361
0.0831189
0.0831069
0.0831007
0.0844831
0.0844634
0.0844394
0.0844122
0.0843824
0.0843504
0.0843168
0.0842816
0.0842453
0.0842078
0.0841694
0.0841302
0.0840902
0.0840495
0.0840082
0.0839662
0.0839237
0.0838807
0.0838372
0.0837933
0.0837492
0.0837047
0.0836602
0.0836156
0.0835712
0.0835271
0.0834834
0.0834403
0.0833982
0.0833573
0.0833179
0.0832804
0.083245
0.0832124
0.0831829
0.083157
0.0831353
0.0831182
0.0831064
0.0831002
0.0845288
0.0845032
0.0844742
0.0844426
0.084409
0.0843737
0.0843371
0.0842994
0.0842608
0.0842213
0.0841812
0.0841403
0.0840989
0.0840569
0.0840144
0.0839714
0.083928
0.0838841
0.0838399
0.0837953
0.0837505
0.0837055
0.0836605
0.0836155
0.0835707
0.0835263
0.0834823
0.0834391
0.0833969
0.0833559
0.0833164
0.0832789
0.0832436
0.0832111
0.0831817
0.083156
0.0831344
0.0831175
0.0831058
0.0830997
0.0845699
0.084539
0.0845054
0.0844698
0.0844327
0.0843945
0.0843552
0.0843152
0.0842745
0.0842332
0.0841914
0.0841491
0.0841064
0.0840633
0.0840197
0.0839758
0.0839314
0.0838868
0.0838419
0.0837967
0.0837513
0.0837059
0.0836604
0.0836151
0.08357
0.0835252
0.0834811
0.0834377
0.0833954
0.0833543
0.0833148
0.0832773
0.0832421
0.0832097
0.0831804
0.0831549
0.0831335
0.0831167
0.0831052
0.0830991
0.0846065
0.0845708
0.0845331
0.0844939
0.0844537
0.0844127
0.0843711
0.084329
0.0842864
0.0842435
0.0842002
0.0841566
0.0841127
0.0840685
0.084024
0.0839792
0.0839342
0.0838888
0.0838433
0.0837975
0.0837517
0.0837058
0.08366
0.0836143
0.0835689
0.083524
0.0834796
0.0834361
0.0833937
0.0833526
0.0833131
0.0832757
0.0832406
0.0832082
0.0831792
0.0831538
0.0831325
0.083116
0.0831045
0.0830986
0.0846388
0.0845988
0.0845574
0.084515
0.0844721
0.0844287
0.0843849
0.0843409
0.0842967
0.0842523
0.0842077
0.0841629
0.084118
0.0840729
0.0840275
0.083982
0.0839362
0.0838903
0.0838442
0.0837979
0.0837517
0.0837054
0.0836592
0.0836133
0.0835676
0.0835225
0.083478
0.0834344
0.0833919
0.0833508
0.0833114
0.083274
0.083239
0.0832068
0.0831779
0.0831526
0.0831316
0.0831152
0.0831039
0.083098
0.084667
0.0846231
0.0845785
0.0845333
0.0844879
0.0844423
0.0843967
0.084351
0.0843054
0.0842597
0.0842139
0.0841681
0.0841223
0.0840763
0.0840302
0.083984
0.0839376
0.0838911
0.0838446
0.0837979
0.0837513
0.0837047
0.0836582
0.083612
0.0835662
0.0835209
0.0834763
0.0834326
0.0833901
0.083349
0.0833096
0.0832723
0.0832374
0.0832053
0.0831766
0.0831515
0.0831306
0.0831144
0.0831032
0.0830975
0.0846912
0.084644
0.0845965
0.0845489
0.0845013
0.0844539
0.0844066
0.0843595
0.0843126
0.0842657
0.084219
0.0841723
0.0841256
0.0840789
0.0840322
0.0839854
0.0839385
0.0838915
0.0838445
0.0837975
0.0837505
0.0837037
0.083657
0.0836106
0.0835646
0.0835192
0.0834745
0.0834308
0.0833882
0.0833471
0.0833078
0.0832706
0.0832358
0.0832039
0.0831753
0.0831504
0.0831297
0.0831136
0.0831026
0.0830969
0.0847117
0.0846617
0.0846117
0.084562
0.0845126
0.0844635
0.0844148
0.0843665
0.0843184
0.0842706
0.084223
0.0841755
0.0841281
0.0840808
0.0840335
0.0839862
0.0839389
0.0838915
0.0838441
0.0837968
0.0837496
0.0837024
0.0836555
0.083609
0.0835629
0.0835173
0.0834726
0.0834289
0.0833863
0.0833453
0.083306
0.0832689
0.0832342
0.0832025
0.083174
0.0831493
0.0831288
0.0831129
0.083102
0.0830964
5.16878e-10
1.77121e-09
3.30106e-09
5.1489e-09
7.35466e-09
9.95716e-09
1.29945e-08
1.65031e-08
2.05158e-08
2.50597e-08
3.01538e-08
3.5807e-08
4.20152e-08
4.87596e-08
5.60051e-08
6.36993e-08
7.17727e-08
8.01393e-08
8.86987e-08
9.73397e-08
1.05943e-07
1.1439e-07
1.22561e-07
1.3035e-07
1.37661e-07
1.4442e-07
1.5057e-07
1.56079e-07
1.60938e-07
1.65159e-07
1.68771e-07
1.71819e-07
1.74358e-07
1.76449e-07
1.78155e-07
1.7954e-07
1.80662e-07
1.81574e-07
1.82321e-07
1.8294e-07
5.25453e-10
1.80076e-09
3.35552e-09
5.23027e-09
7.4631e-09
1.00915e-08
1.31526e-08
1.66818e-08
2.0711e-08
2.52661e-08
3.03654e-08
3.60166e-08
4.2215e-08
4.89412e-08
5.616e-08
6.38193e-08
7.18503e-08
8.01684e-08
8.86749e-08
9.72608e-08
1.0581e-07
1.14204e-07
1.22328e-07
1.30077e-07
1.37358e-07
1.44096e-07
1.50236e-07
1.55745e-07
1.60614e-07
1.64853e-07
1.68489e-07
1.71565e-07
1.74135e-07
1.76257e-07
1.77996e-07
1.7941e-07
1.8056e-07
1.81496e-07
1.82265e-07
1.82906e-07
5.34559e-10
1.8318e-09
3.41184e-09
5.31305e-09
7.57181e-09
1.02246e-08
1.33077e-08
1.68558e-08
2.08999e-08
2.54651e-08
3.05687e-08
3.62177e-08
4.24064e-08
4.91152e-08
5.63087e-08
6.39351e-08
7.19262e-08
8.01987e-08
8.86556e-08
9.71895e-08
1.05687e-07
1.14031e-07
1.22111e-07
1.29822e-07
1.37074e-07
1.43791e-07
1.4992e-07
1.55429e-07
1.60306e-07
1.6456e-07
1.68218e-07
1.7132e-07
1.73918e-07
1.76071e-07
1.77838e-07
1.7928e-07
1.80455e-07
1.81415e-07
1.82205e-07
1.82864e-07
5.44226e-10
1.86424e-09
3.46949e-09
5.39612e-09
7.67911e-09
1.03543e-08
1.34573e-08
1.70224e-08
2.10797e-08
2.56537e-08
3.07608e-08
3.64071e-08
4.25866e-08
4.9279e-08
5.6449e-08
6.40448e-08
7.19991e-08
8.02295e-08
8.86403e-08
9.71263e-08
1.05576e-07
1.13874e-07
1.21913e-07
1.29588e-07
1.36811e-07
1.43509e-07
1.49628e-07
1.55135e-07
1.60019e-07
1.64286e-07
1.67963e-07
1.71089e-07
1.73713e-07
1.75892e-07
1.77686e-07
1.79153e-07
1.80352e-07
1.81333e-07
1.82142e-07
1.82818e-07
5.54452e-10
1.89784e-09
3.52763e-09
5.47793e-09
7.78282e-09
1.04778e-08
1.35985e-08
1.71783e-08
2.1247e-08
2.58285e-08
3.09382e-08
3.65818e-08
4.27526e-08
4.943e-08
5.65785e-08
6.41466e-08
7.20676e-08
8.02597e-08
8.86291e-08
9.70716e-08
1.05477e-07
1.13735e-07
1.21735e-07
1.29378e-07
1.36575e-07
1.43254e-07
1.49363e-07
1.54868e-07
1.59756e-07
1.64035e-07
1.67729e-07
1.70875e-07
1.73522e-07
1.75725e-07
1.77542e-07
1.79032e-07
1.80252e-07
1.81252e-07
1.82078e-07
1.82768e-07
5.65163e-10
1.93211e-09
3.58492e-09
5.55633e-09
7.8802e-09
1.05922e-08
1.37277e-08
1.73199e-08
2.13982e-08
2.59856e-08
3.10974e-08
3.67382e-08
4.29011e-08
4.95651e-08
5.66946e-08
6.42383e-08
7.21299e-08
8.02886e-08
8.86213e-08
9.70256e-08
1.05393e-07
1.13613e-07
1.2158e-07
1.29194e-07
1.36368e-07
1.43031e-07
1.49129e-07
1.54631e-07
1.59524e-07
1.63812e-07
1.67519e-07
1.70683e-07
1.73349e-07
1.75573e-07
1.77411e-07
1.78921e-07
1.80159e-07
1.81175e-07
1.82016e-07
1.82719e-07
5.76145e-10
1.9661e-09
3.63937e-09
5.62848e-09
7.96784e-09
1.06935e-08
1.38409e-08
1.74431e-08
2.1529e-08
2.61211e-08
3.12341e-08
3.68724e-08
4.30284e-08
4.9681e-08
5.67943e-08
6.43175e-08
7.21843e-08
8.03147e-08
8.86166e-08
9.69887e-08
1.05324e-07
1.13513e-07
1.21451e-07
1.2904e-07
1.36194e-07
1.42842e-07
1.48932e-07
1.54431e-07
1.59326e-07
1.63622e-07
1.6734e-07
1.70518e-07
1.73201e-07
1.75441e-07
1.77296e-07
1.78823e-07
1.80076e-07
1.81106e-07
1.81959e-07
1.82673e-07
5.8691e-10
1.99811e-09
3.68805e-09
5.69066e-09
8.04163e-09
1.07775e-08
1.39339e-08
1.75435e-08
2.16349e-08
2.62304e-08
3.13441e-08
3.69802e-08
4.31306e-08
4.9774e-08
5.68746e-08
6.43814e-08
7.22287e-08
8.03368e-08
8.86144e-08
9.6961e-08
1.0527e-07
1.13435e-07
1.2135e-07
1.28919e-07
1.36057e-07
1.42693e-07
1.48776e-07
1.54272e-07
1.59169e-07
1.6347e-07
1.67197e-07
1.70386e-07
1.73081e-07
1.75335e-07
1.77203e-07
1.78743e-07
1.80008e-07
1.81048e-07
1.8191e-07
1.82632e-07
5.96487e-10
2.02526e-09
3.7268e-09
5.73819e-09
8.09668e-09
1.08392e-08
1.40014e-08
1.76159e-08
2.17109e-08
2.63086e-08
3.14227e-08
3.7057e-08
4.32034e-08
4.98404e-08
5.6932e-08
6.44273e-08
7.22609e-08
8.03534e-08
8.8614e-08
9.69426e-08
1.05234e-07
1.13381e-07
1.2128e-07
1.28835e-07
1.35961e-07
1.42589e-07
1.48666e-07
1.5416e-07
1.59058e-07
1.63362e-07
1.67095e-07
1.70291e-07
1.72995e-07
1.75258e-07
1.77136e-07
1.78684e-07
1.79957e-07
1.81006e-07
1.81874e-07
1.82602e-07
6.0305e-10
2.04277e-09
3.74991e-09
5.76531e-09
8.12735e-09
1.08731e-08
1.40381e-08
1.7655e-08
2.17518e-08
2.63505e-08
3.14647e-08
3.7098e-08
4.32423e-08
4.98758e-08
5.69627e-08
6.4452e-08
7.22784e-08
8.03627e-08
8.86143e-08
9.69335e-08
1.05215e-07
1.13353e-07
1.21244e-07
1.28791e-07
1.35911e-07
1.42534e-07
1.48609e-07
1.54102e-07
1.58999e-07
1.63305e-07
1.67041e-07
1.70241e-07
1.72949e-07
1.75217e-07
1.771e-07
1.78653e-07
1.7993e-07
1.80982e-07
1.81854e-07
1.82584e-07
1.83647e-07
1.84361e-07
1.84953e-07
1.85447e-07
1.85833e-07
1.86097e-07
1.86285e-07
1.86643e-07
1.87203e-07
1.87879e-07
1.8868e-07
1.89591e-07
1.9062e-07
1.91765e-07
1.93034e-07
1.94435e-07
1.9598e-07
1.97683e-07
1.99563e-07
2.01646e-07
2.03959e-07
2.06539e-07
2.09431e-07
2.12692e-07
2.16397e-07
2.20644e-07
2.25567e-07
2.31352e-07
2.38277e-07
2.46768e-07
2.57498e-07
2.71516e-07
2.90348e-07
3.15725e-07
3.48046e-07
3.85346e-07
4.244e-07
4.62328e-07
4.9849e-07
5.33028e-07
5.66292e-07
5.98496e-07
6.29756e-07
6.60094e-07
6.8948e-07
7.17819e-07
7.45022e-07
7.70971e-07
7.95562e-07
8.18703e-07
8.403e-07
8.60247e-07
8.78443e-07
8.94782e-07
9.09127e-07
9.21352e-07
9.31352e-07
9.39638e-07
9.51563e-07
1.01295e-06
1.44832e-06
3.80587e-06
1.19156e-05
2.64045e-05
3.58733e-05
3.89802e-05
3.96264e-05
3.97441e-05
3.98023e-05
3.98769e-05
3.99771e-05
4.0104e-05
4.02577e-05
4.04389e-05
4.06493e-05
4.08912e-05
4.1168e-05
4.14844e-05
4.18461e-05
4.22605e-05
4.27374e-05
4.32894e-05
4.39336e-05
4.46933e-05
4.56014e-05
4.67072e-05
4.80867e-05
4.98604e-05
5.22167e-05
5.54331e-05
5.98303e-05
6.55028e-05
7.21114e-05
7.91011e-05
8.59479e-05
9.25187e-05
9.88328e-05
0.000104942
0.000110884
0.00011667
0.000122304
0.000127774
0.000133063
0.000138152
0.000143018
0.000147638
0.000151992
0.000156063
0.00015983
0.000163271
0.000166367
0.000169092
0.00017142
0.000173333
0.000174923
0.000177157
0.000188322
0.000266981
0.000691748
0.00214924
0.00474501
0.00643289
0.00698341
0.00709631
0.00711614
0.00712609
0.00713949
0.00715794
0.00718163
0.00721058
0.00724498
0.00728519
0.00733173
0.00738533
0.00744702
0.00751804
0.00760003
0.00769512
0.00780609
0.00793666
0.00809202
0.00827958
0.00851087
0.00880526
0.00919931
0.00977031
0.0107035
0.012482
0.0163653
0.0263722
0.0330912
0.0388459
0.0442005
0.0492861
0.0541418
0.0587964
0.0632824
0.0676235
0.0718441
0.0759665
0.0800112
0.0839996
0.0879535
0.0918943
0.0958467
0.0998438
0.103925
0.108141
0.112568
0.117307
0.122526
0.128474
0.135605
0.144636
0.15651
0.169369
0.170374
0.13941
0.118005
0.110923
0.109459
0.109234
0.109187
0.10915
0.109102
0.10904
0.108964
0.108874
0.10877
0.108651
0.108516
0.108363
0.108191
0.107997
0.107779
0.107533
0.107255
0.10694
0.106578
0.10616
0.105668
0.105079
0.104356
0.103453
0.10233
0.101019
0.0996371
0.0983148
0.0971326
0.0960871
0.0951526
0.0943037
0.0935222
0.0927966
0.0921185
0.0914824
0.0908846
0.0903224
0.0897934
0.0892959
0.0888283
0.088389
0.0879769
0.0875912
0.0872311
0.0868959
0.0865852
0.0862995
0.0860389
0.0858049
0.0855979
0.0854227
0.0852789
0.0851939
0.0851659
0.0851266
0.0850631
0.0849825
0.0848935
0.0848013
1.83639e-07
1.84385e-07
1.85014e-07
1.85556e-07
1.86012e-07
1.86376e-07
1.86697e-07
1.87183e-07
1.87854e-07
1.88642e-07
1.89552e-07
1.90577e-07
1.91722e-07
1.92992e-07
1.94394e-07
1.9594e-07
1.97643e-07
1.99521e-07
2.01595e-07
2.03893e-07
2.06446e-07
2.09294e-07
2.12485e-07
2.1608e-07
2.20154e-07
2.24807e-07
2.30167e-07
2.36409e-07
2.43783e-07
2.52659e-07
2.636e-07
2.77468e-07
2.95495e-07
3.19092e-07
3.48507e-07
3.82075e-07
4.17232e-07
4.51698e-07
4.85046e-07
5.17377e-07
5.48933e-07
5.79838e-07
6.10138e-07
6.39806e-07
6.68781e-07
6.96947e-07
7.24199e-07
7.50407e-07
7.75453e-07
7.99229e-07
8.2163e-07
8.42541e-07
8.61852e-07
8.79451e-07
8.95201e-07
9.08979e-07
9.20724e-07
9.31161e-07
9.46887e-07
1.0192e-06
1.48788e-06
3.90874e-06
1.20336e-05
2.63831e-05
3.58075e-05
3.89638e-05
3.96582e-05
3.98079e-05
3.98919e-05
3.9991e-05
4.0116e-05
4.02687e-05
4.04497e-05
4.06603e-05
4.09025e-05
4.11794e-05
4.1495e-05
4.18545e-05
4.22644e-05
4.27329e-05
4.32703e-05
4.38899e-05
4.46089e-05
4.54501e-05
4.64446e-05
4.76372e-05
4.9094e-05
5.09168e-05
5.32607e-05
5.63503e-05
6.04475e-05
6.56149e-05
7.15619e-05
7.78503e-05
8.40657e-05
9.01171e-05
9.6018e-05
0.000101803
0.000107494
0.000113091
0.000118589
0.000123972
0.00012922
0.000134308
0.000139212
0.000143909
0.000148375
0.000152591
0.000156532
0.000160178
0.000163506
0.000166492
0.00016911
0.000171348
0.000173338
0.000176271
0.000189414
0.000274061
0.000710116
0.00217012
0.00474087
0.00642122
0.006981
0.0071029
0.00712886
0.00714384
0.00716212
0.00718559
0.00721456
0.00724921
0.00728984
0.00733698
0.00739133
0.00745385
0.00752581
0.0076088
0.00770486
0.00781667
0.00794771
0.00810265
0.008288
0.00851303
0.00879195
0.00914812
0.00962455
0.0103104
0.0114168
0.0134931
0.0179492
0.0290983
0.0364398
0.0425026
0.0480118
0.0531827
0.0580915
0.0627843
0.0673004
0.0716673
0.0759109
0.0800538
0.0841161
0.088119
0.0920835
0.0960302
0.0999827
0.103972
0.108036
0.112221
0.116597
0.121262
0.126369
0.132157
0.139052
0.147745
0.159096
0.171164
0.171216
0.139766
0.118241
0.111017
0.109467
0.109206
0.109142
0.109092
0.109031
0.108957
0.108868
0.108765
0.108648
0.108514
0.108364
0.108196
0.108007
0.107796
0.10756
0.107295
0.106999
0.106664
0.106286
0.105854
0.105356
0.104772
0.104073
0.103223
0.102191
0.101003
0.099756
0.0985552
0.0974655
0.096483
0.0955884
0.094763
0.0939936
0.0932719
0.0925918
0.0919495
0.0913424
0.0907683
0.0902257
0.0897131
0.0892292
0.0887729
0.0883432
0.0879394
0.0875607
0.0872066
0.0868768
0.0865712
0.0862902
0.0860348
0.0858053
0.0856056
0.0854353
0.0853179
0.0852545
0.0851882
0.0851063
0.0850136
0.0849164
0.0848185
1.83622e-07
1.84397e-07
1.85057e-07
1.8564e-07
1.86156e-07
1.86608e-07
1.87043e-07
1.87637e-07
1.88401e-07
1.89282e-07
1.90284e-07
1.91404e-07
1.92649e-07
1.94024e-07
1.95541e-07
1.9721e-07
1.99049e-07
2.01077e-07
2.03319e-07
2.05802e-07
2.08564e-07
2.11645e-07
2.15096e-07
2.18981e-07
2.23379e-07
2.28387e-07
2.34132e-07
2.40778e-07
2.48552e-07
2.57771e-07
2.68905e-07
2.82645e-07
2.99964e-07
3.21995e-07
3.48912e-07
3.79314e-07
4.11178e-07
4.4276e-07
4.73794e-07
5.04326e-07
5.34499e-07
5.64352e-07
5.93874e-07
6.22999e-07
6.51635e-07
6.79654e-07
7.06938e-07
7.33348e-07
7.58755e-07
7.83041e-07
8.06091e-07
8.27782e-07
8.48e-07
8.66625e-07
8.83524e-07
8.98579e-07
9.11785e-07
9.24178e-07
9.44053e-07
1.03017e-06
1.54296e-06
4.04761e-06
1.21813e-05
2.63254e-05
3.56958e-05
3.89242e-05
3.96784e-05
3.98612e-05
3.99682e-05
4.00882e-05
4.02343e-05
4.04089e-05
4.06131e-05
4.08487e-05
4.11182e-05
4.14252e-05
4.17742e-05
4.21711e-05
4.26229e-05
4.31384e-05
4.37287e-05
4.44074e-05
4.5192e-05
4.61049e-05
4.71758e-05
4.84453e-05
4.9971e-05
5.18378e-05
5.4171e-05
5.71486e-05
6.09811e-05
6.57137e-05
7.10999e-05
7.67957e-05
8.24853e-05
8.81095e-05
9.36737e-05
9.91959e-05
0.000104683
0.000110127
0.000115515
0.000120827
0.000126038
0.000131124
0.000136059
0.000140816
0.000145371
0.000149703
0.000153786
0.000157598
0.000161116
0.000164314
0.00016717
0.000169681
0.000172033
0.000175725
0.000191365
0.000283938
0.000734962
0.00219635
0.00473025
0.00640139
0.00697444
0.00710734
0.00713955
0.00715903
0.00718148
0.00720921
0.0072427
0.00728221
0.00732821
0.00738134
0.00744247
0.00751278
0.00759375
0.00768729
0.00779583
0.00792255
0.00807164
0.00824872
0.00846165
0.00872167
0.00904597
0.00946261
0.0100224
0.0108288
0.0121215
0.0145155
0.0195596
0.0318037
0.0397348
0.0460725
0.0517048
0.0569335
0.0618733
0.0665865
0.0711181
0.0754987
0.0797546
0.0839083
0.0879798
0.0919895
0.0959578
0.0999045
0.103852
0.107831
0.111874
0.116029
0.120359
0.124957
0.129966
0.135616
0.142312
0.150715
0.161585
0.172854
0.17194
0.140182
0.118575
0.111158
0.109491
0.109185
0.109103
0.109041
0.10897
0.108886
0.108787
0.108673
0.108544
0.108399
0.108236
0.108054
0.107851
0.107625
0.107373
0.107093
0.10678
0.10643
0.106037
0.105593
0.105089
0.104508
0.103829
0.103026
0.102071
0.100989
0.0998569
0.0987598
0.0977481
0.096818
0.0959561
0.0951496
0.0943895
0.0936704
0.0929882
0.0923405
0.0917252
0.0911411
0.0905869
0.0900615
0.0895641
0.0890935
0.0886491
0.0882302
0.0878361
0.0874662
0.0871203
0.0867982
0.0865002
0.0862271
0.085979
0.085759
0.0855672
0.0854228
0.0853288
0.0852391
0.0851415
0.0850387
0.0849348
0.0848322
1.83597e-07
1.84397e-07
1.85083e-07
1.85701e-07
1.86267e-07
1.86792e-07
1.87324e-07
1.88003e-07
1.88842e-07
1.89798e-07
1.90875e-07
1.92072e-07
1.93398e-07
1.9486e-07
1.9647e-07
1.98241e-07
2.00193e-07
2.02345e-07
2.04724e-07
2.07362e-07
2.10296e-07
2.13571e-07
2.1724e-07
2.21368e-07
2.26037e-07
2.31344e-07
2.37414e-07
2.44402e-07
2.52515e-07
2.62029e-07
2.7333e-07
2.86967e-07
3.0369e-07
3.24402e-07
3.49262e-07
3.77088e-07
4.06266e-07
4.35528e-07
4.64717e-07
4.93831e-07
5.22916e-07
5.51945e-07
5.80855e-07
6.09549e-07
6.37915e-07
6.65815e-07
6.93118e-07
7.19679e-07
7.45364e-07
7.70046e-07
7.93602e-07
8.15905e-07
8.36834e-07
8.56268e-07
8.74075e-07
8.90146e-07
9.04553e-07
9.18745e-07
9.43233e-07
1.04625e-06
1.6136e-06
4.22012e-06
1.23552e-05
2.62351e-05
3.55417e-05
3.88616e-05
3.96862e-05
3.99032e-05
4.00306e-05
4.01679e-05
4.03312e-05
4.05237e-05
4.07469e-05
4.1003e-05
4.12951e-05
4.16269e-05
4.20037e-05
4.24316e-05
4.29182e-05
4.3473e-05
4.41075e-05
4.48357e-05
4.56755e-05
4.66489e-05
4.77843e-05
4.91192e-05
5.07037e-05
5.26084e-05
5.49332e-05
5.78162e-05
6.14251e-05
6.57992e-05
7.07291e-05
7.5942e-05
8.12085e-05
8.64926e-05
9.17909e-05
9.71065e-05
0.000102434
0.000107757
0.000113058
0.000118312
0.000123495
0.000128578
0.000133535
0.000138338
0.000142963
0.000147384
0.000151578
0.000155521
0.000159188
0.000162554
0.000165599
0.000168334
0.000171019
0.000175551
0.000194241
0.00029662
0.000765861
0.00222728
0.0047138
0.00637398
0.00696374
0.00710948
0.00714808
0.00717152
0.00719742
0.00722865
0.00726582
0.00730935
0.00735978
0.00741788
0.00748467
0.00756149
0.00765003
0.00775247
0.00787159
0.00801104
0.00817564
0.00837191
0.008609
0.00890012
0.00926551
0.00973826
0.0103778
0.0113033
0.0127851
0.0155013
0.0211321
0.0344369
0.0429155
0.0494917
0.0552188
0.0604833
0.0654371
0.0701573
0.0746937
0.0790786
0.0833388
0.0874962
0.0915704
0.0955812
0.0995482
0.103491
0.107431
0.111396
0.11542
0.119546
0.123835
0.128374
0.133302
0.138838
0.145373
0.153534
0.163966
0.174437
0.172558
0.140654
0.119001
0.111345
0.109531
0.109173
0.109072
0.109
0.108921
0.108828
0.10872
0.108597
0.108459
0.108304
0.108131
0.107938
0.107723
0.107485
0.10722
0.106927
0.1066
0.106237
0.105832
0.105378
0.104868
0.10429
0.103628
0.102862
0.101973
0.100977
0.0999388
0.098927
0.0979788
0.0970908
0.0962548
0.0954629
0.0947099
0.0939925
0.0933083
0.0926559
0.0920339
0.0914416
0.0908779
0.0903423
0.0898338
0.0893518
0.0888955
0.0884644
0.0880578
0.0876753
0.0873164
0.0869812
0.0866696
0.0863822
0.0861193
0.0858831
0.0856744
0.0855085
0.0853891
0.0852798
0.0851693
0.0850582
0.0849489
0.0848426
1.83567e-07
1.84388e-07
1.85096e-07
1.85741e-07
1.86347e-07
1.86932e-07
1.8754e-07
1.88286e-07
1.8918e-07
1.90193e-07
1.91328e-07
1.92586e-07
1.93975e-07
1.95504e-07
1.97187e-07
1.99038e-07
2.01078e-07
2.03328e-07
2.05816e-07
2.08576e-07
2.11646e-07
2.15074e-07
2.18916e-07
2.23238e-07
2.28123e-07
2.33669e-07
2.39999e-07
2.47262e-07
2.5565e-07
2.65403e-07
2.76844e-07
2.90403e-07
3.06651e-07
3.26308e-07
3.49557e-07
3.75388e-07
4.02474e-07
4.29946e-07
4.57728e-07
4.85766e-07
5.1403e-07
5.42436e-07
5.70884e-07
5.99252e-07
6.27411e-07
6.55216e-07
6.82528e-07
7.09199e-07
7.35089e-07
7.60066e-07
7.84e-07
8.06761e-07
8.28225e-07
8.48269e-07
8.66762e-07
8.8361e-07
8.98984e-07
9.14865e-07
9.4451e-07
1.06752e-06
1.69889e-06
4.42178e-06
1.25499e-05
2.61172e-05
3.53507e-05
3.87775e-05
3.96814e-05
3.99337e-05
4.00791e-05
4.02302e-05
4.04069e-05
4.06133e-05
4.08513e-05
4.11235e-05
4.14332e-05
4.17847e-05
4.21833e-05
4.26357e-05
4.315e-05
4.37359e-05
4.44055e-05
4.51733e-05
4.60571e-05
4.7079e-05
4.82664e-05
4.96539e-05
5.12862e-05
5.32221e-05
5.55408e-05
5.83483e-05
6.1778e-05
6.58714e-05
7.04481e-05
7.52848e-05
8.02253e-05
8.52496e-05
9.03463e-05
9.55059e-05
0.000100713
0.000105945
0.00011118
0.00011639
0.000121549
0.000126629
0.000131602
0.000136439
0.000141115
0.000145604
0.000149881
0.000153921
0.000157701
0.000161195
0.000164384
0.000167298
0.000170293
0.000175762
0.000198058
0.000311942
0.000802001
0.00226196
0.00469244
0.00633999
0.00694914
0.00710929
0.00715438
0.00718128
0.00720993
0.00724389
0.00728396
0.00733063
0.00738455
0.00744657
0.00751785
0.00759984
0.00769442
0.00780399
0.00793163
0.00808139
0.00825862
0.00847064
0.00872776
0.009045
0.00944549
0.00996725
0.0106784
0.0117146
0.0133767
0.0164032
0.0226019
0.0369319
0.0459077
0.0526854
0.0584832
0.0637674
0.0687237
0.0734421
0.0779759
0.082359
0.0866178
0.0907739
0.0948463
0.0988543
0.102817
0.106753
0.110683
0.114635
0.118641
0.122741
0.126995
0.131487
0.13635
0.141797
0.148205
0.156172
0.166212
0.175896
0.173074
0.141168
0.119506
0.111576
0.109589
0.109169
0.109048
0.108968
0.108882
0.108782
0.108668
0.108538
0.108393
0.10823
0.108049
0.107847
0.107624
0.107376
0.107101
0.106797
0.10646
0.106086
0.105671
0.105209
0.104694
0.104118
0.103469
0.102733
0.101896
0.100967
0.100002
0.0990571
0.0981583
0.0973028
0.0964864
0.0957055
0.0949575
0.0942412
0.0935552
0.092899
0.0922718
0.091673
0.091102
0.0905584
0.0900414
0.0895505
0.0890851
0.0886446
0.0882284
0.0878362
0.0874674
0.087122
0.0868
0.0865017
0.0862275
0.0859792
0.0857578
0.0855755
0.085436
0.085311
0.0851902
0.0850728
0.0849594
0.0848502
1.83535e-07
1.84372e-07
1.85097e-07
1.85763e-07
1.864e-07
1.8703e-07
1.87695e-07
1.88488e-07
1.89423e-07
1.90477e-07
1.91653e-07
1.92955e-07
1.94391e-07
1.9597e-07
1.97706e-07
1.99616e-07
2.0172e-07
2.04042e-07
2.06611e-07
2.09461e-07
2.12633e-07
2.16176e-07
2.20145e-07
2.24612e-07
2.29658e-07
2.35384e-07
2.4191e-07
2.49381e-07
2.57976e-07
2.67913e-07
2.79463e-07
2.92967e-07
3.08864e-07
3.2773e-07
3.49801e-07
3.74182e-07
3.9973e-07
4.259e-07
4.52666e-07
4.79932e-07
5.07609e-07
5.35571e-07
5.63688e-07
5.91821e-07
6.19829e-07
6.47563e-07
6.74878e-07
7.01623e-07
7.27655e-07
7.52838e-07
7.77038e-07
8.00123e-07
8.21967e-07
8.42443e-07
8.61425e-07
8.7884e-07
8.94976e-07
9.12466e-07
9.47816e-07
1.09355e-06
1.79632e-06
4.64495e-06
1.27579e-05
2.59787e-05
3.51318e-05
3.86751e-05
3.9665e-05
3.9953e-05
4.01141e-05
4.02758e-05
4.04624e-05
4.0679e-05
4.09279e-05
4.1212e-05
4.15347e-05
4.19006e-05
4.23154e-05
4.2786e-05
4.33208e-05
4.39299e-05
4.46257e-05
4.54231e-05
4.63399e-05
4.73983e-05
4.86248e-05
5.00523e-05
5.1721e-05
5.36811e-05
5.5996e-05
5.87473e-05
6.20428e-05
6.59304e-05
7.02508e-05
7.48113e-05
7.95144e-05
8.43513e-05
8.93035e-05
9.43515e-05
9.94721e-05
0.000104639
0.000109826
0.000115005
0.000120147
0.000125224
0.000130207
0.000135068
0.000139779
0.000144316
0.000148651
0.000152761
0.00015662
0.000160205
0.000163499
0.000166554
0.000169844
0.000176346
0.000202738
0.00032945
0.000842015
0.00229904
0.00466741
0.00630098
0.00693125
0.0071069
0.00715853
0.00718841
0.00721917
0.00725515
0.00729734
0.00734632
0.00740281
0.00746775
0.00754236
0.00762821
0.00772732
0.00784225
0.00797632
0.00813388
0.00832074
0.00854486
0.00881751
0.00915523
0.00958371
0.0101454
0.0109166
0.0120484
0.0138714
0.0171804
0.0239095
0.0392134
0.0486268
0.0555703
0.0614205
0.066714
0.0716664
0.0763781
0.0809054
0.0852829
0.089537
0.0936887
0.0977565
0.101759
0.105715
0.109644
0.113564
0.117504
0.121493
0.125572
0.129798
0.134254
0.139068
0.144451
0.150769
0.158586
0.168279
0.177205
0.173488
0.141706
0.120071
0.111842
0.109662
0.109173
0.109033
0.108944
0.108853
0.108749
0.10863
0.108495
0.108344
0.108176
0.107988
0.107781
0.10755
0.107295
0.107013
0.106702
0.106357
0.105975
0.105552
0.105085
0.104566
0.103991
0.103351
0.102637
0.101838
0.100959
0.100047
0.0991519
0.0982895
0.0974575
0.0966552
0.095882
0.0951376
0.0944218
0.0937345
0.0930754
0.0924442
0.0918407
0.0912644
0.090715
0.0901918
0.0896945
0.0892224
0.0887751
0.088352
0.0879527
0.0875768
0.0872241
0.0868945
0.0865884
0.086306
0.0860491
0.0858189
0.085625
0.0854705
0.0853336
0.0852051
0.085083
0.0849666
0.0848554
1.83502e-07
1.84352e-07
1.8509e-07
1.85771e-07
1.8643e-07
1.87091e-07
1.87796e-07
1.8862e-07
1.8958e-07
1.90662e-07
1.91866e-07
1.93198e-07
1.94664e-07
1.96276e-07
1.98049e-07
1.99999e-07
2.02147e-07
2.04518e-07
2.07141e-07
2.10053e-07
2.13294e-07
2.16914e-07
2.20972e-07
2.25537e-07
2.30694e-07
2.36544e-07
2.43204e-07
2.5082e-07
2.5956e-07
2.69626e-07
2.81254e-07
2.94726e-07
3.10385e-07
3.2871e-07
3.49993e-07
3.7341e-07
3.97918e-07
4.23215e-07
4.49305e-07
4.7606e-07
5.03349e-07
5.31016e-07
5.58914e-07
5.8689e-07
6.14796e-07
6.4248e-07
6.69794e-07
6.96584e-07
7.22707e-07
7.48021e-07
7.72393e-07
7.95687e-07
8.17778e-07
8.38536e-07
8.5784e-07
8.75638e-07
8.92361e-07
9.11389e-07
9.52832e-07
1.12305e-06
1.90088e-06
4.8775e-06
1.29683e-05
2.58293e-05
3.48984e-05
3.8561e-05
3.9639e-05
3.99624e-05
4.0137e-05
4.03064e-05
4.04998e-05
4.07232e-05
4.09795e-05
4.12715e-05
4.1603e-05
4.19787e-05
4.24045e-05
4.28875e-05
4.34363e-05
4.40613e-05
4.47751e-05
4.55927e-05
4.65324e-05
4.76159e-05
4.88695e-05
5.03248e-05
5.2019e-05
5.39964e-05
5.63095e-05
5.90231e-05
6.22267e-05
6.59767e-05
7.01267e-05
7.45005e-05
7.90447e-05
8.37567e-05
8.86132e-05
9.35875e-05
9.86511e-05
0.000103775
0.00010893
0.000114087
0.000119217
0.000124292
0.000129281
0.000134157
0.000138891
0.000143458
0.000147832
0.000151987
0.000155898
0.000159542
0.000162908
0.000166071
0.000169641
0.000177244
0.000208044
0.000348244
0.000883717
0.00233658
0.00464045
0.00625937
0.0069112
0.0071027
0.00716076
0.00719316
0.00722544
0.00726279
0.00730641
0.00735696
0.0074152
0.00748211
0.00755899
0.00764749
0.0077497
0.00786832
0.00800684
0.00816983
0.00836343
0.00859607
0.00887975
0.00923221
0.00968115
0.0102727
0.0110901
0.012298
0.0142536
0.0178038
0.0250053
0.0412003
0.0509823
0.0580585
0.0639478
0.0692455
0.0741916
0.0788951
0.0834145
0.0877851
0.0920329
0.0961788
0.100241
0.104237
0.108187
0.112107
0.116019
0.119948
0.123923
0.127986
0.132192
0.136622
0.141403
0.146744
0.153004
0.160714
0.17011
0.178329
0.173798
0.14224
0.120662
0.112128
0.109746
0.109184
0.109023
0.108928
0.108833
0.108726
0.108604
0.108466
0.108311
0.108139
0.107948
0.107736
0.107501
0.107241
0.106954
0.106637
0.106287
0.1059
0.105472
0.105
0.104479
0.103904
0.103271
0.102572
0.101799
0.100953
0.100077
0.0992152
0.0983772
0.097561
0.0967681
0.0959999
0.0952577
0.0945422
0.0938539
0.0931929
0.0925591
0.0919524
0.0913725
0.0908192
0.0902919
0.0897903
0.0893138
0.0888619
0.0884342
0.0880302
0.0876496
0.087292
0.0869574
0.0866461
0.0863585
0.0860959
0.0858601
0.0856587
0.0854938
0.0853487
0.0852149
0.0850896
0.0849711
0.0848585
1.83472e-07
1.84332e-07
1.85079e-07
1.85769e-07
1.86441e-07
1.87123e-07
1.87852e-07
1.88694e-07
1.89669e-07
1.90766e-07
1.91986e-07
1.93335e-07
1.9482e-07
1.96452e-07
1.98246e-07
2.00219e-07
2.02393e-07
2.04793e-07
2.0745e-07
2.10398e-07
2.1368e-07
2.17347e-07
2.21457e-07
2.26083e-07
2.31307e-07
2.37231e-07
2.43974e-07
2.51677e-07
2.60506e-07
2.70653e-07
2.82332e-07
2.95789e-07
3.1131e-07
3.29314e-07
3.50136e-07
3.7299e-07
3.9688e-07
4.21663e-07
4.47356e-07
4.73813e-07
5.00874e-07
5.28369e-07
5.56138e-07
5.84021e-07
6.11866e-07
6.39518e-07
6.66827e-07
6.93641e-07
7.19812e-07
7.45199e-07
7.69667e-07
7.93079e-07
8.15309e-07
8.36227e-07
8.55716e-07
8.7375e-07
8.90907e-07
9.11352e-07
9.58867e-07
1.15339e-06
2.004e-06
5.10094e-06
1.31656e-05
2.56828e-05
3.46707e-05
3.84458e-05
3.96077e-05
3.9964e-05
4.01497e-05
4.03244e-05
4.05218e-05
4.07493e-05
4.10099e-05
4.13066e-05
4.16434e-05
4.20249e-05
4.24573e-05
4.29477e-05
4.35049e-05
4.41395e-05
4.48641e-05
4.5694e-05
4.66474e-05
4.77463e-05
4.90165e-05
5.04889e-05
5.21989e-05
5.41873e-05
5.65002e-05
5.9192e-05
6.23411e-05
6.60105e-05
7.00613e-05
7.43244e-05
7.87749e-05
8.34138e-05
8.82143e-05
9.31455e-05
9.81759e-05
0.000103274
0.00010841
0.000113555
0.000118678
0.00012375
0.000128742
0.000133626
0.000138373
0.000142957
0.000147352
0.000151532
0.000155473
0.000159151
0.000162561
0.000165804
0.000169632
0.00017833
0.000213507
0.00036678
0.000923792
0.0023718
0.00461403
0.00621877
0.00689087
0.00709743
0.00716142
0.00719588
0.00722918
0.00726736
0.00731183
0.00736331
0.00742258
0.00749068
0.00756893
0.00765901
0.0077631
0.00788397
0.00802519
0.00819151
0.00838926
0.0086272
0.00891782
0.00927967
0.00974188
0.0103533
0.0112024
0.0124646
0.0145193
0.0182586
0.0258525
0.04281
0.0528818
0.0600603
0.0659793
0.0712796
0.07622
0.0809161
0.0854282
0.0897921
0.0940337
0.0981737
0.10223
0.106221
0.110164
0.114077
0.117982
0.121902
0.125868
0.12992
0.134112
0.138526
0.143288
0.148608
0.154838
0.162477
0.17163
0.179232
0.174006
0.142733
0.121232
0.112412
0.109833
0.1092
0.10902
0.108919
0.108822
0.108712
0.108588
0.108448
0.108292
0.108117
0.107924
0.107709
0.107471
0.107209
0.106919
0.106599
0.106245
0.105855
0.105424
0.10495
0.104427
0.103852
0.103222
0.102533
0.101776
0.100949
0.100094
0.099252
0.0984285
0.0976216
0.0968341
0.0960689
0.0953279
0.0946126
0.0939237
0.0932615
0.0926261
0.0920175
0.0914355
0.0908799
0.0903502
0.0898461
0.089367
0.0889125
0.0884821
0.0880754
0.087692
0.0873316
0.0869941
0.0866798
0.0863891
0.0861233
0.0858845
0.0856789
0.0855078
0.0853575
0.0852205
0.0850933
0.0849736
0.0848602
1.83448e-07
1.84315e-07
1.85066e-07
1.85762e-07
1.86441e-07
1.87133e-07
1.87874e-07
1.88724e-07
1.89705e-07
1.9081e-07
1.92038e-07
1.93394e-07
1.94887e-07
1.96529e-07
1.98333e-07
2.00317e-07
2.02504e-07
2.04918e-07
2.0759e-07
2.10556e-07
2.13858e-07
2.17547e-07
2.21683e-07
2.26337e-07
2.31594e-07
2.37555e-07
2.44338e-07
2.52085e-07
2.60959e-07
2.71146e-07
2.82853e-07
2.96307e-07
3.11768e-07
3.29624e-07
3.5023e-07
3.7282e-07
3.96419e-07
4.20963e-07
4.46471e-07
4.72788e-07
4.99743e-07
5.27158e-07
5.54864e-07
5.82702e-07
6.10516e-07
6.38152e-07
6.65456e-07
6.92277e-07
7.18467e-07
7.43885e-07
7.68393e-07
7.91856e-07
8.14146e-07
8.35135e-07
8.54708e-07
8.72863e-07
8.90315e-07
9.11936e-07
9.64739e-07
1.18029e-06
2.09246e-06
5.28845e-06
1.33281e-05
2.55582e-05
3.44777e-05
3.83454e-05
3.95773e-05
3.99608e-05
4.01549e-05
4.03327e-05
4.05321e-05
4.07615e-05
4.10241e-05
4.13231e-05
4.16624e-05
4.20467e-05
4.24822e-05
4.29762e-05
4.35374e-05
4.41766e-05
4.49065e-05
4.57424e-05
4.67026e-05
4.78089e-05
4.90874e-05
5.05682e-05
5.22863e-05
5.42806e-05
5.65942e-05
5.92769e-05
6.24008e-05
6.60324e-05
7.00369e-05
7.42478e-05
7.86548e-05
8.32597e-05
8.80342e-05
9.29453e-05
9.79599e-05
0.000103046
0.000108173
0.000113311
0.000118431
0.000123502
0.000128495
0.000133381
0.000138134
0.000142725
0.000147129
0.000151321
0.000155274
0.000158968
0.0001624
0.000165697
0.000169737
0.000179389
0.000218349
0.00038268
0.000957428
0.00240081
0.00459158
0.00618433
0.00687312
0.00709222
0.00716108
0.00719707
0.00723097
0.00726955
0.00731443
0.00736634
0.00742612
0.00749478
0.00757368
0.00766454
0.00776954
0.0078915
0.00803406
0.00820203
0.00840186
0.00864249
0.00893667
0.00930344
0.00977279
0.0103952
0.0112626
0.0125579
0.0146765
0.0185457
0.0264271
0.0439596
0.054234
0.0614852
0.067426
0.0727289
0.0776658
0.0823567
0.0868634
0.091222
0.0954587
0.0995939
0.103645
0.107631
0.11157
0.115478
0.119377
0.123292
0.127252
0.131297
0.135482
0.139889
0.144643
0.149956
0.156176
0.163777
0.172753
0.179873
0.17412
0.143132
0.12171
0.112655
0.109912
0.109217
0.10902
0.108915
0.108816
0.108705
0.10858
0.10844
0.108282
0.108107
0.107912
0.107696
0.107457
0.107194
0.106902
0.10658
0.106225
0.105833
0.105401
0.104926
0.104402
0.103827
0.103199
0.102514
0.101764
0.100946
0.100101
0.0992689
0.0984521
0.0976495
0.0968646
0.0961007
0.0953603
0.094645
0.0939558
0.0932931
0.092657
0.0920475
0.0914646
0.0909079
0.0903771
0.0898718
0.0893915
0.0889358
0.0885042
0.0880962
0.0877115
0.0873498
0.0870111
0.0866954
0.0864033
0.0861361
0.085896
0.0856886
0.0855144
0.0853616
0.085223
0.0850948
0.0849746
0.0848608
1.83435e-07
1.84304e-07
1.85058e-07
1.85756e-07
1.86437e-07
1.87132e-07
1.87877e-07
1.8873e-07
1.89712e-07
1.90818e-07
1.92048e-07
1.93407e-07
1.94903e-07
1.96546e-07
1.98353e-07
2.00341e-07
2.02531e-07
2.04949e-07
2.07626e-07
2.10596e-07
2.13905e-07
2.176e-07
2.21744e-07
2.26407e-07
2.31673e-07
2.37645e-07
2.44441e-07
2.52201e-07
2.61089e-07
2.7129e-07
2.83007e-07
2.96464e-07
3.11915e-07
3.29735e-07
3.50277e-07
3.72789e-07
3.96308e-07
4.20789e-07
4.46247e-07
4.72527e-07
4.99452e-07
5.26843e-07
5.54532e-07
5.82356e-07
6.1016e-07
6.37788e-07
6.65089e-07
6.91909e-07
7.18102e-07
7.43526e-07
7.68042e-07
7.91516e-07
8.1382e-07
8.34825e-07
8.54419e-07
8.72617e-07
8.90221e-07
9.12566e-07
9.68728e-07
1.19752e-06
2.14786e-06
5.40387e-06
1.34267e-05
2.54811e-05
3.43581e-05
3.82819e-05
3.95567e-05
3.99569e-05
4.01557e-05
4.03349e-05
4.0535e-05
4.07649e-05
4.10281e-05
4.13277e-05
4.16676e-05
4.20528e-05
4.24892e-05
4.29842e-05
4.35467e-05
4.41872e-05
4.49187e-05
4.57563e-05
4.67186e-05
4.78272e-05
4.91082e-05
5.05918e-05
5.23126e-05
5.43091e-05
5.66236e-05
5.93047e-05
6.24225e-05
6.6043e-05
7.0034e-05
7.42307e-05
7.86263e-05
8.32221e-05
8.79894e-05
9.2895e-05
9.79052e-05
0.000102988
0.000108112
0.000113249
0.000118366
0.000123436
0.000128429
0.000133316
0.00013807
0.000142663
0.000147069
0.000151263
0.000155219
0.000158917
0.000162357
0.000165682
0.000169852
0.000180109
0.000221454
0.00039264
0.000978132
0.00241841
0.0045777
0.00616298
0.00686187
0.00708865
0.00716049
0.00719733
0.00723148
0.0072702
0.00731519
0.00736723
0.00742714
0.00749597
0.00757507
0.00766615
0.00777143
0.00789373
0.0080367
0.00820519
0.00840568
0.00864719
0.00894256
0.00931104
0.00978298
0.0104096
0.0112845
0.0125942
0.014743
0.0186787
0.0267165
0.0445688
0.0549512
0.0622426
0.0681963
0.0735015
0.078437
0.0831255
0.0876293
0.0919851
0.096219
0.100351
0.1044
0.108383
0.112319
0.116225
0.120121
0.124033
0.12799
0.132033
0.136215
0.14062
0.145373
0.150686
0.156907
0.164493
0.173372
0.180212
0.17416
0.143369
0.122005
0.112807
0.109962
0.109229
0.109021
0.108914
0.108814
0.108703
0.108578
0.108437
0.108279
0.108104
0.107909
0.107692
0.107453
0.107189
0.106897
0.106575
0.10622
0.105827
0.105395
0.104919
0.104395
0.10382
0.103192
0.102508
0.10176
0.100945
0.100103
0.0992733
0.0984583
0.0976568
0.0968726
0.0961091
0.0953689
0.0946536
0.0939643
0.0933014
0.0926651
0.0920555
0.0914723
0.0909153
0.0903842
0.0898786
0.089398
0.088942
0.08851
0.0881017
0.0877167
0.0873547
0.0870156
0.0866996
0.0864072
0.0861396
0.0858993
0.0856914
0.0855163
0.0853627
0.0852236
0.0850951
0.0849747
0.0848608
0.0847287
0.0846763
0.0846242
0.0845727
0.0845217
0.0844713
0.0844214
0.084372
0.084323
0.0842743
0.084226
0.0841778
0.0841299
0.084082
0.0840343
0.0839865
0.0839388
0.0838911
0.0838434
0.0837958
0.0837484
0.083701
0.083654
0.0836073
0.0835611
0.0835155
0.0834707
0.083427
0.0833844
0.0833435
0.0833043
0.0832672
0.0832327
0.0832011
0.0831728
0.0831483
0.083128
0.0831122
0.0831014
0.0830958
0.0847426
0.084688
0.0846343
0.0845812
0.084529
0.0844774
0.0844265
0.0843762
0.0843265
0.0842771
0.0842281
0.0841795
0.084131
0.0840827
0.0840345
0.0839864
0.0839384
0.0838904
0.0838425
0.0837947
0.083747
0.0836995
0.0836524
0.0836056
0.0835593
0.0835136
0.0834688
0.0834251
0.0833826
0.0833417
0.0833026
0.0832657
0.0832313
0.0831998
0.0831717
0.0831473
0.0831271
0.0831115
0.0831008
0.0830954
0.0847534
0.0846973
0.0846421
0.0845879
0.0845345
0.0844821
0.0844304
0.0843794
0.0843289
0.084279
0.0842295
0.0841804
0.0841315
0.0840829
0.0840344
0.083986
0.0839377
0.0838895
0.0838414
0.0837934
0.0837456
0.083698
0.0836507
0.0836038
0.0835575
0.0835118
0.083467
0.0834233
0.0833809
0.08334
0.083301
0.0832642
0.0832299
0.0831986
0.0831706
0.0831464
0.0831264
0.0831109
0.0831003
0.0830949
0.0847617
0.0847042
0.0846479
0.0845928
0.0845386
0.0844854
0.0844331
0.0843815
0.0843306
0.0842802
0.0842303
0.0841808
0.0841316
0.0840827
0.0840339
0.0839853
0.0839368
0.0838884
0.0838402
0.083792
0.0837441
0.0836964
0.0836491
0.0836021
0.0835557
0.0835101
0.0834653
0.0834216
0.0833792
0.0833384
0.0832995
0.0832628
0.0832287
0.0831975
0.0831697
0.0831456
0.0831257
0.0831103
0.0830998
0.0830945
0.0847677
0.0847092
0.0846521
0.0845962
0.0845414
0.0844876
0.0844348
0.0843828
0.0843315
0.0842808
0.0842306
0.0841808
0.0841314
0.0840822
0.0840332
0.0839845
0.0839358
0.0838873
0.0838389
0.0837907
0.0837427
0.0836949
0.0836475
0.0836005
0.0835541
0.0835085
0.0834637
0.08342
0.0833777
0.083337
0.0832981
0.0832615
0.0832275
0.0831965
0.0831688
0.0831449
0.0831251
0.0831098
0.0830994
0.0830941
0.0847717
0.0847125
0.0846548
0.0845983
0.0845431
0.0844889
0.0844357
0.0843834
0.0843318
0.0842809
0.0842305
0.0841805
0.0841309
0.0840815
0.0840324
0.0839835
0.0839347
0.0838861
0.0838377
0.0837894
0.0837413
0.0836935
0.083646
0.0835991
0.0835527
0.083507
0.0834623
0.0834186
0.0833764
0.0833357
0.083297
0.0832605
0.0832265
0.0831956
0.083168
0.0831442
0.0831245
0.0831094
0.0830991
0.0830938
0.0847741
0.0847144
0.0846563
0.0845995
0.084544
0.0844895
0.0844361
0.0843836
0.0843318
0.0842806
0.0842301
0.08418
0.0841302
0.0840808
0.0840316
0.0839826
0.0839337
0.083885
0.0838365
0.0837882
0.0837401
0.0836922
0.0836448
0.0835978
0.0835514
0.0835058
0.083461
0.0834174
0.0833752
0.0833346
0.083296
0.0832595
0.0832257
0.0831949
0.0831674
0.0831437
0.0831241
0.083109
0.0830988
0.0830936
0.0847753
0.0847154
0.084657
0.0846
0.0845442
0.0844896
0.0844361
0.0843834
0.0843315
0.0842803
0.0842296
0.0841794
0.0841296
0.08408
0.0840308
0.0839817
0.0839328
0.0838841
0.0838356
0.0837872
0.0837391
0.0836912
0.0836438
0.0835968
0.0835504
0.0835048
0.0834601
0.0834165
0.0833743
0.0833338
0.0832952
0.0832588
0.0832251
0.0831943
0.0831669
0.0831433
0.0831238
0.0831088
0.0830986
0.0830934
0.0847757
0.0847156
0.0846571
0.0846
0.0845442
0.0844895
0.0844358
0.0843831
0.0843311
0.0842798
0.0842291
0.0841789
0.084129
0.0840795
0.0840302
0.0839811
0.0839322
0.0838834
0.0838348
0.0837865
0.0837383
0.0836905
0.083643
0.083596
0.0835497
0.083504
0.0834594
0.0834158
0.0833737
0.0833332
0.0832946
0.0832583
0.0832246
0.0831939
0.0831666
0.083143
0.0831235
0.0831086
0.0830984
0.0830933
0.0847757
0.0847155
0.084657
0.0845998
0.084544
0.0844893
0.0844356
0.0843828
0.0843309
0.0842796
0.0842288
0.0841785
0.0841287
0.0840791
0.0840298
0.0839807
0.0839318
0.083883
0.0838345
0.0837861
0.0837379
0.0836901
0.0836426
0.0835956
0.0835493
0.0835037
0.083459
0.0834155
0.0833734
0.0833329
0.0832943
0.0832581
0.0832244
0.0831937
0.0831664
0.0831429
0.0831234
0.0831085
0.0830983
0.0830932
)
;

boundaryField
{
    In
    {
        type            fixedValue;
        value           uniform 0;
    }
    Out
    {
        type            zeroGradient;
    }
    Bottom
    {
        type            zeroGradient;
    }
    Top
    {
        type            zeroGradient;
    }
    DefaultFaces
    {
        type            empty;
    }
}


// ************************************************************************* //
