/*--------------------------------*- C++ -*----------------------------------*\
  =========                 |
  \\      /  F ield         | OpenFOAM: The Open Source CFD Toolbox
   \\    /   O peration     | Website:  https://openfoam.org
    \\  /    A nd           | Version:  10
     \\/     M anipulation  |
\*---------------------------------------------------------------------------*/
FoamFile
{
    format      ascii;
    class       volScalarField;
    location    "5.000001";
    object      tau;
}
// * * * * * * * * * * * * * * * * * * * * * * * * * * * * * * * * * * * * * //

dimensions      [0 0 1 0 0 0 0];

internalField   nonuniform List<scalar> 
44800
(
0.00011598
0.000392791
0.000720752
0.00110745
0.00155995
0.00208498
0.0026889
0.00337743
0.00415537
0.00502624
0.00599193
0.00705238
0.00820523
0.00944558
0.0107658
0.0121556
0.013602
0.0150896
0.0166008
0.018117
0.0196184
0.0210855
0.0224996
0.0238436
0.0251029
0.0262659
0.0273244
0.0282738
0.0291132
0.029845
0.0304746
0.0310095
0.0314594
0.0318349
0.032147
0.0324069
0.0326252
0.0328116
0.0329752
0.0331235
0.000114718
0.000389426
0.000716315
0.00110225
0.00155408
0.0020785
0.00268189
0.00336998
0.00414759
0.00501828
0.00598397
0.00704461
0.00819788
0.00943887
0.01076
0.012151
0.0135987
0.0150877
0.0166006
0.0181184
0.0196215
0.0210902
0.0225057
0.023851
0.0251112
0.0262749
0.0273338
0.0282833
0.0291225
0.0298538
0.0304827
0.0310168
0.0314657
0.0318402
0.0321514
0.0324103
0.0326278
0.0328135
0.0329763
0.033124
0.000112877
0.000384209
0.000708872
0.00109313
0.00154353
0.0020667
0.00266899
0.00335617
0.00413311
0.00500342
0.00596906
0.00703005
0.00818409
0.00942631
0.0107491
0.0121422
0.0135924
0.0150843
0.0166003
0.0181213
0.0196276
0.0210993
0.0225175
0.0238651
0.0251272
0.0262921
0.0273516
0.0283012
0.0291399
0.0298703
0.0304978
0.0310303
0.0314774
0.03185
0.0321593
0.0324164
0.0326321
0.0328163
0.0329777
0.0331241
0.000110807
0.000378057
0.000699524
0.0010812
0.00152939
0.00205062
0.00265123
0.00333703
0.00411294
0.00498264
0.00594817
0.00700961
0.00816472
0.00940867
0.0107339
0.01213
0.0135838
0.0150797
0.0166001
0.0181256
0.0196364
0.0211124
0.0225345
0.0238853
0.0251499
0.0263166
0.027377
0.0283265
0.0291645
0.0298934
0.0305189
0.031049
0.0314935
0.0318633
0.0321698
0.0324243
0.0326375
0.0328194
0.0329787
0.0331231
0.000108696
0.000371525
0.000689067
0.00106736
0.00151259
0.00203122
0.00262958
0.00331351
0.00408802
0.00495687
0.00592219
0.00698415
0.00814057
0.00938668
0.0107149
0.0121148
0.0135731
0.0150742
0.0166001
0.0181314
0.0196478
0.0211292
0.0225561
0.023911
0.0251788
0.0263475
0.0274088
0.0283583
0.0291951
0.0299221
0.030545
0.0310719
0.031513
0.0318792
0.0321822
0.0324333
0.0326432
0.032822
0.0329785
0.0331201
0.000106637
0.000364939
0.000678063
0.00105232
0.00149393
0.00200933
0.00260488
0.00328648
0.00405922
0.00492695
0.00589194
0.00695445
0.00811238
0.00936101
0.0106928
0.0120972
0.0135609
0.015068
0.0166005
0.0181385
0.0196617
0.0211494
0.022582
0.0239416
0.025213
0.026384
0.0274464
0.0283956
0.029231
0.0299555
0.0305751
0.0310983
0.0315351
0.031897
0.0321957
0.0324425
0.0326485
0.0328236
0.0329764
0.0331146
0.000104671
0.00035848
0.000666897
0.00103662
0.00147405
0.00198567
0.0025779
0.00325672
0.00402731
0.00489368
0.0058582
0.00692125
0.00808083
0.00933227
0.010668
0.0120775
0.0135473
0.0150614
0.0166013
0.018147
0.0196778
0.0211727
0.0226116
0.0239765
0.0252519
0.0264254
0.0274888
0.0284376
0.0292712
0.0299928
0.0306085
0.0311271
0.0315591
0.031916
0.0322095
0.0324515
0.0326528
0.0328234
0.032972
0.0331059
0.000102813
0.000352246
0.000655823
0.00102068
0.00145348
0.00196085
0.00254929
0.00322491
0.00399302
0.00485776
0.00582165
0.00688521
0.00804655
0.00930104
0.0106411
0.0120563
0.0135328
0.0150544
0.0166026
0.0181568
0.019696
0.0211987
0.0226446
0.0240152
0.0252948
0.026471
0.0275353
0.0284834
0.0293149
0.030033
0.0306443
0.0311578
0.0315842
0.0319353
0.0322232
0.0324596
0.0326556
0.032821
0.0329645
0.0330934
0.000101062
0.000346281
0.000645005
0.00100479
0.00143263
0.00193536
0.00251963
0.00319167
0.00395698
0.00481984
0.00578294
0.00684695
0.0080101
0.00926784
0.0106126
0.0120338
0.0135176
0.0150474
0.0166044
0.0181679
0.019716
0.0212271
0.0226804
0.0240571
0.0253412
0.0265201
0.0275852
0.0285324
0.0293613
0.0300755
0.0306818
0.0311895
0.0316097
0.0319545
0.032236
0.0324662
0.0326562
0.0328158
0.0329536
0.0330766
9.94134e-05
0.000340601
0.000634542
0.000989167
0.00141184
0.00190962
0.00248938
0.00315753
0.00391973
0.00478048
0.00574263
0.00680703
0.00797201
0.00923313
0.0105828
0.0120104
0.0135019
0.0150405
0.0166069
0.01818
0.0197377
0.0212577
0.0227188
0.0241018
0.0253905
0.026572
0.0276378
0.0285837
0.0294097
0.0301195
0.0307203
0.0312217
0.0316351
0.0319729
0.0322475
0.0324709
0.0326543
0.0328075
0.0329388
0.033055
0.0333159
0.0335589
0.0338246
0.034135
0.0345158
0.0350006
0.035603
0.0351961
0.0346598
0.0341349
0.0336355
0.033155
0.0326868
0.0322252
0.0317662
0.0313066
0.030844
0.0303766
0.0299027
0.0294209
0.02893
0.0284289
0.0279164
0.0273916
0.0268533
0.0263008
0.0257333
0.0251501
0.0245508
0.0239341
0.0232976
0.0226321
0.0219091
0.0210474
0.0198492
0.020714
0.0212555
0.021676
0.0220567
0.0224273
0.0227976
0.0231703
0.0235459
0.0239246
0.0243063
0.0246913
0.0250797
0.0254722
0.0258696
0.0262727
0.0266833
0.0271033
0.0275353
0.0279839
0.0284548
0.0289578
0.029509
0.0301398
0.0309237
0.032063
0.0341253
0.038362
0.046041
0.0551173
0.0600351
0.0609814
0.0603731
0.0595046
0.0587123
0.0580202
0.0573991
0.0568233
0.056276
0.0557461
0.055226
0.0547105
0.0541954
0.0536774
0.0531539
0.0526227
0.0520817
0.051529
0.0509633
0.0503833
0.0497878
0.0491758
0.0485459
0.047895
0.047214
0.046474
0.0455951
0.0443848
0.045236
0.0457549
0.0461501
0.0465045
0.0468484
0.0471921
0.0475384
0.0478883
0.048242
0.0485995
0.0489611
0.0493271
0.0496982
0.0500751
0.0504589
0.050851
0.0512536
0.0516695
0.0521028
0.0525596
0.0530496
0.053589
0.0542089
0.0549814
0.0561024
0.0581121
0.062181
0.0694471
0.0778942
0.0823451
0.0830923
0.0824305
0.0815571
0.0807718
0.0800889
0.0794773
0.078911
0.0783733
0.077853
0.0773428
0.0768371
0.0763319
0.0758239
0.0753103
0.0747889
0.0742576
0.0737144
0.0731578
0.0725863
0.0719987
0.0713938
0.0707699
0.0701238
0.0694458
0.0687068
0.0678264
0.0666119
0.0674566
0.0679667
0.0683508
0.0686922
0.0690214
0.069349
0.0696782
0.0700101
0.070345
0.0706833
0.0710253
0.0713714
0.0717226
0.0720795
0.0724434
0.0728159
0.0731993
0.0735964
0.0740115
0.0744509
0.0749243
0.0754479
0.0760524
0.0768064
0.0778893
0.0797739
0.0834362
0.0897093
0.0966688
0.100036
0.100322
0.099531
0.0986378
0.0978593
0.0971883
0.0965888
0.0960344
0.0955079
0.0949983
0.0944979
0.0940013
0.0935041
0.0930029
0.0924945
0.0919765
0.0914464
0.0909016
0.0903401
0.0897599
0.0891589
0.0885349
0.0878853
0.0872057
0.0864847
0.0856923
0.084747
0.0834604
0.0842211
0.0846289
0.0848989
0.0851159
0.085312
0.0854984
0.0856793
0.0858562
0.0860302
0.086202
0.0863723
0.0865419
0.0867116
0.0868821
0.0870542
0.087229
0.0874073
0.0875902
0.0877792
0.0879758
0.0881823
0.0884016
0.0886376
0.0888957
0.0891824
0.0895044
0.0898496
0.0900856
0.0893411
0.0887202
0.088205
0.0877621
0.0873695
0.0870132
0.0333156
0.0335578
0.0338224
0.0341315
0.03451
0.0349888
0.0355442
0.0351159
0.0345759
0.0340505
0.0335511
0.0330707
0.0326026
0.0321411
0.0316822
0.0312227
0.0307603
0.030293
0.0298192
0.0293376
0.0288468
0.0283458
0.0278334
0.0273087
0.0267705
0.026218
0.0256506
0.0250674
0.0244679
0.0238511
0.0232144
0.0225491
0.0218273
0.02097
0.0197887
0.0206354
0.0211716
0.0215902
0.0219704
0.0223412
0.0227116
0.0230845
0.0234603
0.0238391
0.024221
0.024606
0.0249945
0.0253871
0.0257845
0.0261877
0.0265983
0.0270183
0.0274504
0.0278988
0.0283697
0.0288725
0.0294233
0.0300528
0.0308323
0.0319589
0.0339922
0.038199
0.0459278
0.0551397
0.060052
0.0609387
0.0602981
0.0594207
0.0586272
0.0579355
0.0573148
0.0567393
0.0561921
0.0556624
0.0551425
0.0546271
0.0541121
0.0535943
0.0530709
0.0525398
0.0519989
0.0514464
0.0508808
0.0503008
0.0497053
0.0490932
0.0484632
0.0478122
0.0471313
0.0463926
0.0455178
0.0443245
0.0451577
0.0456711
0.0460643
0.0464182
0.0467621
0.0471059
0.0474524
0.0478025
0.0481563
0.048514
0.0488757
0.0492418
0.049613
0.0499899
0.0503737
0.0507659
0.0511686
0.0515844
0.0520177
0.0524745
0.0529644
0.0535033
0.0541219
0.0548904
0.0559993
0.0579819
0.0620243
0.0693395
0.0779131
0.0823559
0.0830465
0.0823547
0.0814732
0.080687
0.0800046
0.0793933
0.0788273
0.0782898
0.0777697
0.0772595
0.076754
0.076249
0.0757411
0.0752276
0.0747064
0.0741752
0.0736321
0.0730756
0.0725042
0.0719166
0.0713116
0.0706876
0.0700414
0.0693636
0.0686259
0.0677496
0.0665521
0.0673787
0.0678833
0.0682654
0.0686062
0.0689354
0.0692632
0.0695925
0.0699246
0.0702596
0.070598
0.0709401
0.0712863
0.0716375
0.0719945
0.0723584
0.072731
0.0731145
0.0735116
0.0739267
0.0743661
0.0748393
0.0753625
0.0759658
0.0767162
0.0777885
0.079651
0.0832941
0.0896143
0.0966785
0.100032
0.100269
0.0994533
0.098554
0.0977751
0.0971046
0.0965055
0.0959514
0.0954251
0.0949156
0.0944155
0.093919
0.093422
0.0929208
0.0924127
0.0918949
0.0913649
0.0908203
0.090259
0.0896789
0.089078
0.088454
0.0878044
0.0871248
0.0864041
0.0856129
0.0846715
0.0834018
0.0841444
0.0845461
0.0848137
0.0850299
0.0852257
0.0854121
0.0855929
0.0857699
0.0859439
0.0861157
0.0862861
0.0864557
0.0866254
0.0867959
0.086968
0.0871428
0.0873212
0.0875042
0.0876932
0.0878899
0.0880964
0.0883158
0.0885519
0.08881
0.0890968
0.0894196
0.0897684
0.0900258
0.0893293
0.0887149
0.0882024
0.0877609
0.0873692
0.0870135
0.0333141
0.0335541
0.0338162
0.0341214
0.0344927
0.0349525
0.0354295
0.0349662
0.0344199
0.0338932
0.0333937
0.0329134
0.0324454
0.0319842
0.0315255
0.0310664
0.0306043
0.0301374
0.029664
0.0291827
0.0286924
0.0281918
0.0276798
0.0271554
0.0266175
0.0260652
0.0254979
0.0249145
0.0243146
0.0236971
0.0230593
0.0223931
0.0216721
0.0208214
0.019669
0.0204829
0.0210087
0.0214245
0.0218045
0.0221759
0.0225472
0.0229209
0.0232974
0.0236768
0.024059
0.0244445
0.0248333
0.0252262
0.0256238
0.0260273
0.0264381
0.0268583
0.0272907
0.0277394
0.0282105
0.0287135
0.0292643
0.0298925
0.0306667
0.0317746
0.0337636
0.0379233
0.0457342
0.0551685
0.0600691
0.0608558
0.060161
0.0592678
0.0584714
0.0577796
0.057159
0.0565836
0.0560366
0.0555071
0.0549875
0.0544724
0.0539578
0.0534403
0.0529174
0.0523867
0.0518462
0.051294
0.0507287
0.0501489
0.0495533
0.0489409
0.0483101
0.0476582
0.0469764
0.0462382
0.0453697
0.0442053
0.0450056
0.0455081
0.0458981
0.0462515
0.0465961
0.0469407
0.047288
0.0476387
0.0479931
0.0483512
0.0487133
0.0490798
0.0494513
0.0498286
0.0502127
0.0506052
0.0510081
0.0514243
0.0518579
0.052315
0.0528051
0.0533441
0.0539616
0.054725
0.0558164
0.0577579
0.0617585
0.069155
0.0779361
0.0823631
0.0829585
0.0822163
0.0813205
0.0805317
0.0798491
0.0792379
0.0786721
0.0781347
0.0776148
0.077105
0.0765997
0.076095
0.0755875
0.0750745
0.0745537
0.0740229
0.0734802
0.072924
0.0723528
0.0717651
0.0711599
0.0705353
0.0698882
0.0692095
0.0684725
0.0676026
0.0664338
0.0672276
0.0677211
0.0680998
0.06844
0.0687698
0.0690982
0.0694282
0.0697609
0.0700964
0.0704352
0.0707777
0.0711243
0.0714758
0.0718331
0.0721973
0.0725702
0.072954
0.0733514
0.0737669
0.0742066
0.0746802
0.0752035
0.0758059
0.076552
0.0776094
0.0794384
0.0830521
0.0894508
0.0966867
0.100016
0.10017
0.0993119
0.0984014
0.0976208
0.0969503
0.0963514
0.0957974
0.0952712
0.094762
0.0942622
0.093766
0.0932694
0.0927688
0.0922611
0.0917439
0.0912145
0.0906704
0.0901096
0.08953
0.0889293
0.0883054
0.0876555
0.0869752
0.0862539
0.0854633
0.0845276
0.083286
0.0839949
0.084384
0.0846469
0.0848615
0.085057
0.0852433
0.0854242
0.0856013
0.0857753
0.0859472
0.0861176
0.0862873
0.0864571
0.0866277
0.0868
0.086975
0.0871535
0.0873367
0.087526
0.087723
0.0879299
0.0881497
0.0883863
0.0886452
0.0889328
0.0892575
0.0896131
0.0899059
0.0892901
0.0886967
0.0881925
0.0877555
0.0873665
0.0870125
0.0333104
0.0335469
0.0338043
0.034102
0.034459
0.0348834
0.0352629
0.034757
0.0342027
0.0336738
0.0331738
0.0326934
0.0322256
0.0317647
0.0313066
0.0308481
0.0303867
0.0299205
0.029448
0.0289676
0.0284781
0.0279783
0.0274672
0.0269435
0.0264062
0.0258544
0.0252872
0.0247036
0.0241029
0.0234837
0.0228435
0.0221746
0.0214526
0.0206099
0.0194931
0.0202631
0.0207735
0.0211854
0.0215657
0.0219388
0.0223119
0.0226872
0.0230651
0.0234457
0.0238289
0.0242152
0.0246048
0.0249983
0.0253965
0.0258005
0.0262119
0.0266327
0.0270657
0.0275152
0.0279872
0.0284912
0.029043
0.0296715
0.0304417
0.031531
0.0334713
0.0375774
0.0454889
0.055191
0.0600733
0.0607358
0.0599734
0.0590593
0.0582578
0.0575645
0.0569432
0.0563676
0.0558206
0.0552913
0.0547721
0.0542576
0.0537437
0.053227
0.0527048
0.052175
0.0516353
0.0510839
0.0505191
0.0499396
0.0493439
0.0487308
0.0480986
0.0474443
0.0467598
0.0460205
0.0451594
0.0440301
0.044786
0.0452722
0.0456577
0.0460111
0.0463571
0.0467034
0.0470522
0.0474043
0.0477598
0.048119
0.048482
0.0488493
0.0492216
0.0495996
0.0499844
0.0503776
0.0507812
0.0511981
0.0516326
0.0520908
0.0525821
0.0531223
0.0537402
0.0545
0.0555742
0.057471
0.0614245
0.0689209
0.0779518
0.0823556
0.0828327
0.0820272
0.0811121
0.0803185
0.0796345
0.0790227
0.0784565
0.0779191
0.0773994
0.0768899
0.0763852
0.0758812
0.0753745
0.0748623
0.0743423
0.0738124
0.0732705
0.0727149
0.0721441
0.0715564
0.0709506
0.0703247
0.0696754
0.0689943
0.0682563
0.0673939
0.0662601
0.0670093
0.0674862
0.0678601
0.0681999
0.0685308
0.0688607
0.0691921
0.069526
0.0698626
0.0702023
0.0705456
0.070893
0.0712452
0.0716032
0.0719682
0.0723418
0.0727263
0.0731246
0.0735411
0.0739819
0.0744568
0.0749815
0.0755846
0.076328
0.0773714
0.0791648
0.0827466
0.0892421
0.0966851
0.0999815
0.10003
0.0991195
0.0981933
0.0974088
0.0967371
0.0961375
0.0955832
0.0950571
0.0945481
0.0940487
0.0935533
0.0930575
0.0925578
0.0920512
0.091535
0.0910068
0.0904639
0.0899042
0.0893254
0.0887253
0.0881014
0.0874509
0.0867689
0.0860455
0.0852538
0.0843243
0.083116
0.0837783
0.0841476
0.0844029
0.0846149
0.0848097
0.084996
0.085177
0.0853542
0.0855284
0.0857003
0.0858708
0.0860407
0.0862107
0.0863815
0.0865541
0.0867295
0.0869085
0.0870922
0.0872821
0.0874798
0.0876876
0.0879085
0.0881464
0.0884069
0.0886967
0.0890252
0.0893901
0.089727
0.0892129
0.0886588
0.0881713
0.0877431
0.0873594
0.0870087
0.0333037
0.0335348
0.0337849
0.0340707
0.0344048
0.0347778
0.0350493
0.0344974
0.0339336
0.0334016
0.0329006
0.0324198
0.0319523
0.031492
0.0310347
0.0305772
0.030117
0.0296521
0.0291809
0.028702
0.028214
0.0277157
0.027206
0.0266836
0.0261475
0.0255964
0.0250296
0.0244456
0.0238436
0.0232219
0.0225777
0.0219042
0.0211796
0.0203454
0.0192664
0.0199843
0.0204737
0.0208803
0.0212613
0.021637
0.022013
0.0223909
0.022771
0.0231534
0.0235383
0.0239259
0.0243167
0.0247113
0.0251106
0.0255155
0.0259279
0.0263498
0.0267839
0.0272348
0.0277085
0.0282147
0.0287691
0.0294
0.0301695
0.0312445
0.0331401
0.0371947
0.0452144
0.0551986
0.0600563
0.0605828
0.0597455
0.0588066
0.0579972
0.0573007
0.0566777
0.0561011
0.0555539
0.0550247
0.0545062
0.0539925
0.0534797
0.0529643
0.0524436
0.0519152
0.0513769
0.0508268
0.050263
0.0496841
0.0490883
0.0484742
0.0478397
0.0471816
0.0464925
0.0457503
0.0448968
0.0438044
0.0445071
0.044971
0.0453502
0.0457036
0.0460518
0.0464007
0.046752
0.0471064
0.0474638
0.0478246
0.0481891
0.0485578
0.0489313
0.0493105
0.0496964
0.0500908
0.0504957
0.0509141
0.0513502
0.0518103
0.0523041
0.0528471
0.0534678
0.0542276
0.0552888
0.0571451
0.0610542
0.0686585
0.0779527
0.0823266
0.0826737
0.0817979
0.0808595
0.0800583
0.0793711
0.0787574
0.0781903
0.0776525
0.077133
0.076624
0.0761202
0.0756173
0.0751118
0.0746011
0.0740826
0.0735541
0.0730135
0.072459
0.071889
0.0713014
0.0706949
0.0700669
0.0694141
0.0687286
0.067988
0.0671333
0.0660363
0.0667321
0.0671861
0.0675532
0.0678925
0.0682251
0.0685573
0.0688909
0.0692267
0.069565
0.0699063
0.0702509
0.0705996
0.070953
0.0713122
0.0716783
0.0720532
0.0724391
0.0728389
0.0732571
0.0737002
0.0741777
0.0747056
0.0753118
0.0760562
0.0770899
0.0788523
0.0824059
0.0890069
0.0966685
0.0999242
0.0998578
0.0988869
0.0979411
0.0971499
0.0964751
0.0958737
0.0953184
0.094792
0.0942833
0.0937846
0.0932902
0.0927957
0.0922976
0.0917927
0.0912785
0.0907522
0.0902113
0.0896534
0.0890762
0.0884771
0.0878535
0.0872019
0.0865175
0.0857902
0.0849956
0.084072
0.0828973
0.0835021
0.0838434
0.0840872
0.0842949
0.0844884
0.0846744
0.0848553
0.0850326
0.0852068
0.0853788
0.0855495
0.0857195
0.0858898
0.086061
0.0862341
0.0864101
0.0865899
0.0867744
0.0869654
0.0871644
0.0873738
0.0875966
0.0878369
0.0881005
0.088394
0.0887287
0.0891056
0.0894917
0.0890919
0.0885954
0.0881348
0.0877211
0.0873459
0.0870007
0.0332932
0.033517
0.0337568
0.0340254
0.0343273
0.0346345
0.0347942
0.0341952
0.0336207
0.0330843
0.0325819
0.0321005
0.0316333
0.0311738
0.0307178
0.0302618
0.0298034
0.0293405
0.0288715
0.0283947
0.027909
0.0274129
0.0269054
0.0263851
0.0258507
0.025301
0.0247348
0.0241506
0.0235471
0.0229221
0.0222728
0.021593
0.0208646
0.0200389
0.0189969
0.0196564
0.0201189
0.0205179
0.0208991
0.021278
0.0216577
0.0220391
0.0224221
0.0228071
0.0231942
0.0235837
0.0239762
0.0243724
0.024773
0.0251794
0.0255932
0.0260166
0.0264524
0.0269055
0.0273819
0.0278916
0.0284505
0.0290867
0.0298599
0.0309272
0.0327878
0.036799
0.0449275
0.0551859
0.0600133
0.0604013
0.0594862
0.058519
0.0576987
0.0569968
0.0563706
0.0557924
0.0552446
0.0547157
0.054198
0.0536857
0.0531746
0.0526612
0.0521426
0.0516164
0.0510803
0.0505322
0.0499701
0.0493922
0.0487966
0.0481814
0.047544
0.046881
0.0461857
0.0454392
0.0445932
0.0435362
0.0441786
0.0446138
0.0449839
0.0453367
0.0456874
0.0460397
0.0463943
0.0467516
0.0471116
0.0474747
0.0478414
0.0482119
0.0485872
0.0489681
0.0493557
0.0497518
0.0501586
0.0505791
0.0510177
0.0514809
0.0519785
0.0525265
0.0531529
0.053917
0.0549723
0.0567977
0.0606705
0.0683837
0.0779339
0.0822722
0.0824865
0.081537
0.0805717
0.0797599
0.0790672
0.0784503
0.0778815
0.077343
0.0768236
0.0763155
0.075813
0.0753118
0.0748082
0.0742996
0.0737834
0.0732572
0.0727187
0.0721661
0.0715973
0.0710102
0.0704028
0.0697723
0.069115
0.0684238
0.0676793
0.0668323
0.0657704
0.0664055
0.0668301
0.0671872
0.0675251
0.0678597
0.0681946
0.068531
0.0688694
0.06921
0.0695533
0.0698999
0.0702503
0.0706055
0.0709663
0.0713342
0.0717109
0.0720988
0.0725009
0.0729219
0.0733683
0.07385
0.0743833
0.0749958
0.0757456
0.0767766
0.0785172
0.0820506
0.088759
0.0966335
0.0998432
0.099658
0.0986231
0.0976537
0.0968526
0.0961725
0.0955679
0.0950109
0.0944839
0.0939755
0.0934778
0.0929849
0.0924925
0.0919967
0.0914946
0.0909832
0.09046
0.089922
0.089367
0.0887923
0.0881949
0.087572
0.0869194
0.0862318
0.0854996
0.0847005
0.083782
0.0826376
0.0831755
0.0834798
0.0837068
0.0839075
0.0840981
0.084283
0.0844634
0.0846404
0.0848144
0.0849864
0.0851571
0.0853273
0.085498
0.0856697
0.0858435
0.0860204
0.0862012
0.0863871
0.0865797
0.0867806
0.0869924
0.0872181
0.087462
0.0877302
0.0880296
0.0883731
0.088765
0.0892036
0.0889247
0.0885024
0.08808
0.087687
0.0873243
0.086987
0.0332782
0.0334926
0.0337186
0.0339644
0.0342244
0.0344546
0.0345027
0.0338567
0.0332702
0.0327285
0.032224
0.0317419
0.0312751
0.0308168
0.0303626
0.0299088
0.0294529
0.0289928
0.0285268
0.0280532
0.0275706
0.0270777
0.0265733
0.0260559
0.0255241
0.0249765
0.0244116
0.0238275
0.0232226
0.0225941
0.021939
0.0212522
0.0205195
0.0197026
0.0186949
0.0192907
0.0197199
0.0201075
0.0204877
0.0208695
0.0212533
0.0216386
0.0220252
0.0224133
0.0228031
0.023195
0.0235896
0.0239877
0.0243902
0.0247983
0.0252139
0.0256393
0.0260775
0.0265334
0.0270135
0.0275281
0.0280936
0.028738
0.0295199
0.030588
0.0324268
0.0364074
0.0446401
0.0551493
0.0599421
0.0601955
0.0592023
0.0582036
0.0573691
0.0566595
0.0560288
0.0554482
0.0548995
0.054371
0.0538546
0.0533442
0.0528355
0.0523249
0.0518093
0.0512863
0.0507534
0.0502083
0.0496487
0.0490727
0.0484778
0.0478617
0.0472214
0.046553
0.0458507
0.0450994
0.0442608
0.0432357
0.0438118
0.0442112
0.0445681
0.0449186
0.0452714
0.0456272
0.0459855
0.0463463
0.0467095
0.0470756
0.0474448
0.0478178
0.0481954
0.0485784
0.0489682
0.0493666
0.0497758
0.050199
0.050641
0.0511085
0.0516115
0.0521667
0.052802
0.0535756
0.0546333
0.0564406
0.0602897
0.0681077
0.0778923
0.082191
0.0822757
0.0812517
0.0802561
0.0794302
0.0787297
0.0781081
0.0775367
0.0769973
0.0764782
0.0759712
0.0754705
0.0749717
0.074471
0.0739654
0.0734524
0.0729295
0.0723942
0.0718442
0.0712775
0.0706914
0.0700836
0.0694507
0.0687885
0.0680909
0.0673422
0.0665027
0.0654726
0.0660407
0.0664286
0.0667713
0.0671059
0.0674416
0.0677793
0.0681188
0.0684602
0.0688035
0.0691494
0.0694984
0.0698511
0.0702084
0.0705714
0.0709415
0.0713206
0.0717112
0.0721163
0.072541
0.0729921
0.0734797
0.0740207
0.0746428
0.0754033
0.0764397
0.0781709
0.0816955
0.0885085
0.0965783
0.0997386
0.0994361
0.0983353
0.0973384
0.0965237
0.0958359
0.0952266
0.0946672
0.0941393
0.0936313
0.093135
0.0926443
0.0921547
0.0916623
0.0911639
0.0906566
0.0901376
0.089604
0.0890531
0.088482
0.0878875
0.0872661
0.086613
0.0859224
0.0851848
0.0843809
0.0834665
0.0823472
0.0828092
0.0830665
0.0832699
0.0834594
0.0836447
0.083827
0.0840058
0.0841818
0.0843551
0.0845267
0.0846973
0.0848676
0.0850386
0.0852109
0.0853855
0.0855635
0.0857458
0.0859334
0.0861281
0.0863317
0.0865466
0.0867764
0.0870252
0.0872999
0.0876073
0.0879628
0.088373
0.0888665
0.0887111
0.0883767
0.0880039
0.0876389
0.087293
0.0869665
0.0332582
0.0334606
0.0336693
0.0338864
0.0340956
0.0342401
0.0341791
0.0334871
0.0328873
0.032339
0.031832
0.0313491
0.030883
0.0304263
0.0299745
0.0295237
0.0290712
0.0286149
0.0281529
0.0276835
0.0272052
0.0267166
0.0262164
0.0257031
0.0251749
0.0246303
0.0240676
0.0234844
0.0228786
0.0222471
0.0215865
0.0208929
0.0201565
0.019349
0.0183728
0.0188991
0.0192881
0.0196594
0.0200359
0.0204195
0.0208068
0.0211961
0.0215866
0.0219781
0.0223709
0.0227656
0.0231626
0.0235629
0.0239674
0.0243775
0.0247953
0.0252231
0.025664
0.0261235
0.0266083
0.0271291
0.0277033
0.0283591
0.0291548
0.0302328
0.0320648
0.036031
0.0443607
0.0550859
0.0598417
0.0599695
0.0588993
0.057866
0.0570138
0.056294
0.0556573
0.0550737
0.054524
0.0539961
0.0534814
0.0529736
0.0524683
0.0519615
0.0514501
0.0509314
0.0504029
0.0498619
0.049306
0.0487329
0.0481396
0.0475235
0.0468808
0.0462074
0.0454985
0.044743
0.043912
0.0429155
0.0434184
0.0437745
0.0441127
0.044458
0.0448114
0.0451703
0.0455322
0.0458967
0.0462634
0.0466328
0.047005
0.0473808
0.0477611
0.0481466
0.048539
0.0489401
0.0493522
0.0497789
0.050225
0.0506978
0.0512078
0.0517724
0.05242
0.0532084
0.0542775
0.0560817
0.0599225
0.0678387
0.0778254
0.0820823
0.0820454
0.0809474
0.0799179
0.0790743
0.0783635
0.0777357
0.0771611
0.0766205
0.0761018
0.0755965
0.0750983
0.0746028
0.0741058
0.0736045
0.0730959
0.0725775
0.0720465
0.0715004
0.070937
0.070353
0.0697456
0.0691109
0.0684445
0.067741
0.0669886
0.0661571
0.0651554
0.0656495
0.0659926
0.0663153
0.0666433
0.0669785
0.0673182
0.0676605
0.068005
0.0683513
0.0687
0.0690517
0.069407
0.0697669
0.0701324
0.0705051
0.0708872
0.0712809
0.0716898
0.0721192
0.0725761
0.0730713
0.0736224
0.0742578
0.0750344
0.0760852
0.0778207
0.0813504
0.0882622
0.0965011
0.0996107
0.0991967
0.0980289
0.0970003
0.0961684
0.0954702
0.0948547
0.0942921
0.0937631
0.0932558
0.0927614
0.0922737
0.0917879
0.0913
0.0908066
0.0903048
0.0897916
0.0892637
0.0887185
0.0881527
0.0875625
0.086944
0.0862916
0.0855989
0.0848568
0.0840485
0.0831379
0.0820383
0.0824146
0.0826141
0.0827856
0.0829583
0.0831346
0.0833117
0.0834873
0.0836611
0.0838328
0.0840034
0.0841734
0.0843435
0.0845147
0.0846876
0.0848631
0.0850424
0.0852264
0.0854162
0.0856136
0.0858204
0.0860395
0.0862744
0.0865295
0.0868126
0.0871304
0.087501
0.0879333
0.088484
0.0884524
0.0882169
0.0879047
0.0875749
0.0872505
0.086938
0.0332324
0.0334206
0.0336082
0.0337907
0.0339409
0.0339934
0.0338267
0.0330898
0.0324751
0.0319194
0.0314094
0.0309258
0.0304608
0.0300063
0.0295577
0.0291107
0.0286627
0.0282112
0.0277543
0.0272903
0.0268176
0.0263346
0.0258399
0.0253319
0.0248087
0.0242684
0.0237091
0.023128
0.0225225
0.021889
0.021224
0.020525
0.0197866
0.0189897
0.0180441
0.0184935
0.0188344
0.0191835
0.0195526
0.0199357
0.0203255
0.0207182
0.0211122
0.0215072
0.0219031
0.0223005
0.0227
0.0231026
0.0235093
0.0239215
0.0243415
0.0247719
0.025216
0.0256795
0.0261698
0.0266982
0.0272829
0.0279533
0.028768
0.029865
0.0317064
0.0356766
0.0440943
0.054993
0.0597112
0.0597259
0.0585809
0.0575096
0.0566361
0.0559038
0.0552597
0.0546724
0.0541217
0.0535947
0.0530824
0.0525782
0.0520772
0.0515754
0.0510695
0.0505566
0.0500338
0.0494984
0.0489477
0.0483789
0.0477887
0.0471739
0.0465302
0.0458532
0.045139
0.0443808
0.0435585
0.0425887
0.0430103
0.0433146
0.0436279
0.0439637
0.0443154
0.0446758
0.0450408
0.0454088
0.045779
0.0461516
0.0465271
0.0469058
0.0472889
0.0476772
0.0480723
0.0484764
0.0488919
0.0493224
0.0497734
0.0502526
0.050771
0.0513471
0.0520102
0.0528187
0.0539085
0.0557254
0.0595756
0.0675813
0.0777307
0.0819456
0.0817983
0.0806276
0.0795607
0.0786957
0.0779721
0.0773366
0.0767581
0.0762162
0.0756983
0.0751952
0.0747005
0.0742092
0.0737173
0.0732214
0.0727186
0.0722062
0.071681
0.0711404
0.0705817
0.0700013
0.0693958
0.0687608
0.0680916
0.0673837
0.0666295
0.0658071
0.0648317
0.0652435
0.0655332
0.065829
0.066146
0.066478
0.0668182
0.0671624
0.0675095
0.0678586
0.0682101
0.0685646
0.0689226
0.0692853
0.0696536
0.0700292
0.0704144
0.0708119
0.0712251
0.0716599
0.0721238
0.0726283
0.0731919
0.0738438
0.074642
0.0757162
0.0774708
0.0810213
0.0880244
0.0963999
0.0994596
0.0989426
0.0977073
0.096643
0.0957899
0.0950788
0.0944556
0.0938891
0.093359
0.0928526
0.0923609
0.0918771
0.0913962
0.0909141
0.0904272
0.0899324
0.0894266
0.0889064
0.0883687
0.08781
0.0872261
0.0866124
0.0859626
0.0852698
0.0845248
0.0837139
0.0828075
0.0817239
0.0820031
0.0821334
0.0822633
0.0824123
0.0825747
0.0827432
0.082913
0.0830828
0.0832517
0.0834203
0.0835891
0.0837585
0.0839295
0.0841028
0.0842792
0.0844599
0.0846458
0.0848381
0.0850386
0.0852494
0.0854734
0.0857145
0.0859775
0.0862707
0.0866013
0.0869904
0.0874489
0.0880586
0.0881505
0.0880223
0.0877807
0.0874936
0.0871956
0.0869005
0.0332005
0.0333719
0.0335346
0.0336771
0.0337612
0.0337169
0.0334468
0.0326664
0.0320356
0.0314716
0.0309586
0.0304744
0.0300109
0.0295594
0.0291148
0.0286728
0.0282303
0.0277849
0.0273344
0.0268772
0.0264114
0.0259354
0.0254477
0.0249466
0.0244298
0.0238954
0.0233411
0.0227636
0.0221601
0.0215265
0.0208594
0.0201572
0.019419
0.0186348
0.0177217
0.0180841
0.0183689
0.0186894
0.0190464
0.0194259
0.0198161
0.0202109
0.0206077
0.0210055
0.0214042
0.0218042
0.022206
0.0226107
0.0230194
0.0234336
0.0238558
0.0242888
0.0247361
0.0252039
0.0257004
0.0262374
0.0268346
0.0275223
0.0283608
0.0294857
0.0313529
0.035347
0.0438428
0.0548668
0.059549
0.0594659
0.0582487
0.0571361
0.0562378
0.0554906
0.0548379
0.0542465
0.0536948
0.0531693
0.0526602
0.0521606
0.0516653
0.0511698
0.0506708
0.0501652
0.0496499
0.0491218
0.048578
0.0480154
0.0474302
0.0468187
0.046176
0.0454977
0.0447807
0.044022
0.0432103
0.0422685
0.0425978
0.0428418
0.043123
0.0434444
0.0437908
0.0441507
0.0445173
0.0448879
0.0452611
0.0456368
0.0460152
0.0463969
0.0467827
0.0471738
0.0475717
0.0479788
0.0483977
0.0488324
0.0492888
0.049775
0.0503031
0.0508927
0.0515744
0.052408
0.0535275
0.055373
0.0592516
0.0673374
0.0776046
0.0817796
0.0815357
0.080294
0.079186
0.0782961
0.0775572
0.0769128
0.0763298
0.0757868
0.07527
0.07477
0.0742797
0.073794
0.0733083
0.0728194
0.0723241
0.0718192
0.0713016
0.0707683
0.0702162
0.0696414
0.0690399
0.0684068
0.0677373
0.0670276
0.0662738
0.0654624
0.0645148
0.064833
0.0650604
0.0653221
0.0656227
0.0659476
0.0662857
0.0666304
0.0669791
0.0673303
0.0676843
0.0680413
0.068402
0.0687673
0.0691383
0.0695169
0.0699055
0.0703069
0.0707249
0.0711657
0.0716376
0.0721528
0.072731
0.0734028
0.0742278
0.0753342
0.0771228
0.0807107
0.0877964
0.0962718
0.0992845
0.098675
0.0973722
0.0962678
0.0953898
0.0946634
0.0940311
0.0934602
0.092929
0.092424
0.0919357
0.0914568
0.0909822
0.0905073
0.0900285
0.0895425
0.0890461
0.0885355
0.0880075
0.0874581
0.0868828
0.0862764
0.085632
0.0849418
0.0841968
0.0833856
0.0824848
0.0814168
0.0815851
0.0816342
0.0817123
0.0818296
0.081972
0.0821274
0.0822883
0.0824517
0.0826159
0.0827812
0.0829476
0.0831156
0.083286
0.0834592
0.0836363
0.0838184
0.0840064
0.0842013
0.0844054
0.0846207
0.0848504
0.0850988
0.0853708
0.085676
0.0860218
0.0864325
0.0869213
0.0875918
0.0878075
0.0877933
0.0876312
0.0873939
0.0871273
0.086853
0.086754
0.0865732
0.0863987
0.0862293
0.0860643
0.085903
0.0857447
0.0855887
0.0854347
0.085282
0.0851303
0.0849791
0.0848282
0.0846773
0.0845261
0.0843745
0.0842224
0.0840697
0.0839165
0.0837629
0.083609
0.083455
0.0833013
0.0831482
0.0829962
0.0828458
0.0826976
0.0825526
0.0824114
0.0822751
0.0821448
0.0820216
0.0819069
0.081802
0.0817083
0.0816273
0.0815604
0.0815088
0.0814737
0.0814559
0.0867545
0.086574
0.0863996
0.0862304
0.0860655
0.0859043
0.085746
0.0855902
0.0854362
0.0852836
0.0851319
0.0849808
0.08483
0.0846791
0.0845279
0.0843764
0.0842243
0.0840716
0.0839185
0.0837648
0.0836109
0.0834569
0.0833032
0.0831501
0.082998
0.0828476
0.0826994
0.0825542
0.082413
0.0822766
0.0821462
0.0820229
0.0819081
0.0818031
0.0817093
0.0816282
0.0815611
0.0815094
0.0814743
0.0814565
0.0867544
0.0865744
0.0864005
0.0862317
0.0860672
0.0859062
0.0857482
0.0855926
0.0854388
0.0852864
0.0851349
0.0849839
0.0848332
0.0846824
0.0845314
0.0843799
0.0842278
0.0840753
0.0839221
0.0837685
0.0836146
0.0834606
0.0833069
0.0831537
0.0830016
0.0828511
0.0827028
0.0825575
0.0824162
0.0822796
0.082149
0.0820256
0.0819105
0.0818053
0.0817113
0.08163
0.0815627
0.0815108
0.0814755
0.0814576
0.0867523
0.0865735
0.0864005
0.0862324
0.0860685
0.0859081
0.0857506
0.0855954
0.085442
0.0852899
0.0851387
0.084988
0.0848375
0.0846869
0.084536
0.0843847
0.0842328
0.0840803
0.0839273
0.0837737
0.0836199
0.0834659
0.0833121
0.0831589
0.0830067
0.0828561
0.0827077
0.0825623
0.0824207
0.082284
0.0821532
0.0820294
0.0819141
0.0818086
0.0817142
0.0816326
0.081565
0.0815129
0.0814774
0.0814594
0.0867472
0.0865701
0.0863985
0.0862317
0.0860688
0.0859093
0.0857526
0.085598
0.0854452
0.0852937
0.0851429
0.0849927
0.0848425
0.0846923
0.0845417
0.0843906
0.0842389
0.0840866
0.0839337
0.0837802
0.0836264
0.0834725
0.0833187
0.0831655
0.0830133
0.0828625
0.082714
0.0825684
0.0824266
0.0822896
0.0821585
0.0820344
0.0819187
0.0818128
0.0817181
0.081636
0.0815681
0.0815157
0.0814799
0.0814618
0.0867378
0.0865633
0.0863938
0.0862287
0.0860674
0.0859092
0.0857535
0.0856
0.0854481
0.0852973
0.0851472
0.0849975
0.0848479
0.0846981
0.0845479
0.0843972
0.0842458
0.0840938
0.0839411
0.0837878
0.0836342
0.0834803
0.0833266
0.0831734
0.0830211
0.0828703
0.0827216
0.0825758
0.0824338
0.0822965
0.082165
0.0820405
0.0819244
0.081818
0.0817228
0.0816403
0.0815719
0.0815191
0.081483
0.0814647
0.0867232
0.0865521
0.0863855
0.0862229
0.0860635
0.0859071
0.085753
0.0856008
0.08545
0.0853003
0.0851511
0.0850023
0.0848534
0.0847042
0.0845546
0.0844043
0.0842534
0.0841017
0.0839493
0.0837963
0.0836428
0.0834891
0.0833355
0.0831823
0.08303
0.0828791
0.0827303
0.0825843
0.082442
0.0823043
0.0821725
0.0820476
0.081931
0.081824
0.0817283
0.0816453
0.0815764
0.0815231
0.0814867
0.0814682
0.0867024
0.0865358
0.0863729
0.0862133
0.0860567
0.0859025
0.0857504
0.0856
0.0854507
0.0853023
0.0851543
0.0850065
0.0848585
0.0847102
0.0845613
0.0844117
0.0842613
0.0841101
0.0839581
0.0838054
0.0836523
0.0834988
0.0833453
0.0831922
0.0830399
0.0828889
0.08274
0.0825938
0.0824512
0.0823132
0.0821809
0.0820556
0.0819384
0.0818309
0.0817346
0.081651
0.0815815
0.0815278
0.081491
0.0814722
0.0866745
0.0865135
0.0863552
0.0861996
0.0860462
0.085895
0.0857453
0.085597
0.0854497
0.0853029
0.0851564
0.0850099
0.0848631
0.0847158
0.0845678
0.084419
0.0842693
0.0841187
0.0839672
0.083815
0.0836622
0.083509
0.0833558
0.0832028
0.0830506
0.0828996
0.0827505
0.0826042
0.0824613
0.082323
0.0821903
0.0820644
0.0819467
0.0818386
0.0817416
0.0816573
0.0815873
0.081533
0.0814958
0.0814768
0.0866387
0.0864844
0.0863318
0.0861809
0.0860317
0.0858839
0.0857373
0.0855916
0.0854465
0.0853018
0.0851571
0.0850121
0.0848667
0.0847207
0.0845738
0.084426
0.0842771
0.0841273
0.0839765
0.0838249
0.0836726
0.0835198
0.0833668
0.083214
0.0830619
0.082911
0.0827619
0.0826153
0.0824722
0.0823335
0.0822004
0.082074
0.0819557
0.081847
0.0817493
0.0816644
0.0815937
0.0815388
0.0815011
0.0814819
9.78585e-05
0.000335206
0.000624493
0.000973962
0.00139133
0.00188396
0.00245895
0.00312294
0.00388178
0.00474019
0.00570124
0.00676592
0.00793275
0.00919734
0.0105522
0.0119864
0.0134859
0.0150337
0.01661
0.0181933
0.0197609
0.0212901
0.0227593
0.0241488
0.0254421
0.0266262
0.0276925
0.0286368
0.0294594
0.0301644
0.0307591
0.0312537
0.0316598
0.0319901
0.0322572
0.0324734
0.0326496
0.0327957
0.0329198
0.0330285
9.63893e-05
0.000330087
0.000614884
0.00095927
0.0013713
0.00185865
0.00242868
0.00308827
0.00384355
0.00469942
0.0056592
0.00672409
0.00789273
0.00916085
0.0105209
0.011962
0.0134699
0.0150271
0.0166137
0.0182075
0.0197854
0.0213241
0.0228016
0.0241977
0.0254956
0.0266821
0.0277486
0.0286911
0.0295099
0.0302096
0.0307978
0.0312851
0.0316834
0.0320057
0.0322648
0.0324731
0.0326416
0.03278
0.0328963
0.0329966
9.49988e-05
0.000325234
0.000605727
0.000945154
0.00135187
0.00183388
0.00239882
0.00305386
0.00380538
0.00465855
0.00561692
0.00668191
0.00785233
0.009124
0.0104894
0.0119376
0.013454
0.0150209
0.016618
0.0182226
0.019811
0.0213594
0.0228453
0.024248
0.0255504
0.0267392
0.0278057
0.028746
0.0295607
0.0302546
0.0308359
0.0313153
0.0317054
0.0320192
0.03227
0.0324699
0.0326302
0.0327603
0.032868
0.0329591
9.36805e-05
0.000320631
0.000597019
0.000931647
0.00133314
0.0018098
0.00236959
0.00301997
0.00376759
0.00461792
0.00557475
0.00663973
0.00781187
0.00908708
0.0104579
0.0119132
0.0134383
0.0150151
0.0166229
0.0182385
0.0198375
0.0213958
0.0228901
0.0242994
0.0256062
0.0267971
0.0278633
0.028801
0.0296112
0.030299
0.0308729
0.0313441
0.0317255
0.0320305
0.0322724
0.0324636
0.0326151
0.0327364
0.0328348
0.0329158
9.24293e-05
0.000316266
0.000588752
0.000918766
0.00131516
0.00178654
0.00234116
0.00298681
0.00373043
0.00457779
0.00553296
0.00659784
0.00777163
0.00905036
0.0104266
0.011889
0.0134229
0.0150098
0.0166284
0.018255
0.0198649
0.021433
0.0229357
0.0243515
0.0256625
0.0268553
0.0279209
0.0288558
0.0296611
0.0303423
0.0309084
0.0313711
0.0317434
0.0320392
0.0322718
0.0324538
0.0325962
0.032708
0.0327966
0.0328668
9.12408e-05
0.000312126
0.000580912
0.000906513
0.00129797
0.00176416
0.00231365
0.00295454
0.0036941
0.0045384
0.00549182
0.0065565
0.00773186
0.00901404
0.0103956
0.0118653
0.013408
0.015005
0.0166344
0.0182722
0.0198928
0.0214708
0.0229818
0.024404
0.0257191
0.0269134
0.0279781
0.0289098
0.0297098
0.0303842
0.0309422
0.0313959
0.0317589
0.0320451
0.0322682
0.0324406
0.0325733
0.0326753
0.0327533
0.0328119
9.01114e-05
0.0003082
0.000573484
0.000894882
0.00128158
0.00174271
0.00228715
0.0029233
0.00365876
0.00449994
0.00545152
0.00651592
0.00769276
0.00897833
0.0103652
0.0118421
0.0133936
0.0150006
0.016641
0.0182899
0.0199212
0.021509
0.0230281
0.0244565
0.0257754
0.026971
0.0280346
0.0289627
0.0297572
0.0304244
0.030974
0.0314185
0.0317718
0.0320482
0.0322613
0.0324238
0.0325465
0.032638
0.0327049
0.0327512
8.90381e-05
0.000304477
0.000566451
0.000883858
0.001266
0.00172223
0.00226172
0.00289317
0.00362455
0.00446257
0.00541224
0.00647627
0.0076545
0.00894338
0.0103355
0.0118195
0.0133797
0.0149968
0.0166479
0.0183079
0.0199499
0.0215473
0.0230745
0.0245088
0.0258313
0.027028
0.0280901
0.0290144
0.029803
0.0304626
0.0310035
0.0314385
0.0317819
0.0320482
0.0322512
0.0324034
0.0325156
0.0325963
0.0326515
0.0326848
8.80183e-05
0.000300948
0.000559796
0.000873424
0.00125122
0.00170273
0.00223739
0.00286424
0.00359155
0.00442639
0.00537411
0.00643769
0.00761723
0.00890931
0.0103066
0.0117976
0.0133665
0.0149935
0.0166553
0.0183262
0.0199787
0.0215855
0.0231206
0.0245606
0.0258865
0.0270839
0.0281442
0.0290644
0.0298469
0.0304987
0.0310306
0.031456
0.0317892
0.0320451
0.0322377
0.0323794
0.0324808
0.0325501
0.0325931
0.0326127
8.70499e-05
0.000297603
0.000553502
0.000863559
0.00123722
0.0016842
0.00221419
0.00283653
0.00355982
0.0043915
0.00533722
0.0064003
0.00758104
0.00887622
0.0102785
0.0117764
0.0133538
0.0149906
0.016663
0.0183447
0.0200075
0.0216236
0.0231662
0.0246118
0.0259407
0.0271385
0.0281968
0.0291125
0.0298886
0.0305324
0.0310552
0.0314706
0.0317935
0.0320389
0.0322208
0.0323518
0.032442
0.0324996
0.0325299
0.0325353
0.0331621
0.0333141
0.0334483
0.0335456
0.0335579
0.0334128
0.033039
0.0322169
0.0315691
0.0309963
0.0304801
0.0299958
0.0295345
0.0290869
0.0286474
0.0282114
0.0277757
0.0273377
0.0268951
0.0264461
0.0259887
0.0255214
0.0250424
0.0245497
0.0240412
0.0235145
0.022967
0.0223953
0.0217961
0.021165
0.0204986
0.0197962
0.0190608
0.0182917
0.0174173
0.0176792
0.0179002
0.0181855
0.0185251
0.0188969
0.0192846
0.0196797
0.0200779
0.0204777
0.0208783
0.0212803
0.0216839
0.0220903
0.0225005
0.0229163
0.0233404
0.0237756
0.024226
0.0246982
0.0252011
0.0257475
0.0263585
0.0270662
0.0279328
0.029094
0.0310027
0.0350411
0.0436048
0.0547022
0.0593521
0.0591884
0.0579021
0.056745
0.0558186
0.0550545
0.0543921
0.0537964
0.0532441
0.0527207
0.0522158
0.051722
0.0512337
0.0507462
0.0502558
0.0497593
0.0492534
0.0487346
0.0481998
0.0476456
0.0470677
0.046462
0.0458232
0.0451467
0.0444299
0.0436735
0.0428745
0.0419665
0.0421893
0.0423645
0.0426067
0.042908
0.0432448
0.0436011
0.0439673
0.0443392
0.0447144
0.0450925
0.0454733
0.0458574
0.0462456
0.0466391
0.0470395
0.0474494
0.0478716
0.0483105
0.0487724
0.0492662
0.049805
0.0504097
0.0511126
0.051976
0.0531334
0.0550231
0.0589495
0.0671053
0.0774422
0.0815812
0.0812564
0.079946
0.0787934
0.0778751
0.0771189
0.0764644
0.0758767
0.0753327
0.0748178
0.0743218
0.0738371
0.0733583
0.0728805
0.0724002
0.0719141
0.0714187
0.0709108
0.0703869
0.0698437
0.0692768
0.0686819
0.0680537
0.067387
0.0666788
0.0659282
0.0651303
0.0642161
0.0644262
0.0645826
0.0648029
0.065081
0.0653944
0.0657271
0.0660699
0.0664187
0.066771
0.0671266
0.0674856
0.0678483
0.0682159
0.0685894
0.0689707
0.0693625
0.0697678
0.0701907
0.0706379
0.0711185
0.0716454
0.0722402
0.0729349
0.0737914
0.0749382
0.0767751
0.0804172
0.0875761
0.096112
0.0990824
0.0983929
0.0970229
0.0958743
0.0949678
0.0942239
0.0935814
0.0930057
0.0924735
0.0919707
0.0914867
0.091014
0.0905471
0.090081
0.0896121
0.0891369
0.0886519
0.0881531
0.0876371
0.0870997
0.0865357
0.0859397
0.0853039
0.0846199
0.0838784
0.0830697
0.0821765
0.0811284
0.0811688
0.0811254
0.0811416
0.0812184
0.0813336
0.0814706
0.0816183
0.0817723
0.0819296
0.0820897
0.0822525
0.082418
0.082587
0.0827596
0.082937
0.0831203
0.0833102
0.083508
0.0837159
0.0839361
0.0841721
0.0844286
0.0847109
0.0850296
0.0853927
0.0858279
0.0863509
0.0870834
0.0874255
0.0875311
0.087456
0.0872748
0.0870446
0.0867947
0.0331168
0.033247
0.0333492
0.033397
0.0333331
0.0330833
0.0326001
0.0317392
0.0310737
0.0304922
0.0299732
0.0294894
0.0290313
0.0285886
0.0281555
0.0277268
0.0272993
0.0268701
0.0264369
0.0259977
0.0255505
0.0250935
0.0246249
0.0241427
0.0236444
0.0231275
0.0225891
0.0220256
0.0214333
0.0208077
0.0201454
0.0194462
0.0187164
0.0179645
0.0171404
0.0172842
0.0174346
0.0176788
0.0179954
0.0183548
0.0187366
0.0191293
0.019527
0.0199273
0.0203288
0.0207317
0.0211362
0.0215433
0.0219543
0.0223709
0.0227961
0.023233
0.0236859
0.0241623
0.0246715
0.0252277
0.0258535
0.0265829
0.0274815
0.0286859
0.0306508
0.034753
0.0433739
0.0544916
0.0591147
0.0588892
0.0575378
0.0563335
0.0553762
0.0545935
0.0539207
0.0533207
0.0527684
0.0522481
0.0517487
0.0512622
0.0507825
0.0503047
0.0498248
0.0493395
0.048845
0.0483378
0.0478144
0.0472711
0.0467032
0.0461064
0.0454749
0.0448037
0.0440908
0.0433393
0.0425553
0.0416921
0.0417902
0.0418894
0.0420862
0.0423613
0.0426837
0.0430327
0.0433958
0.0437669
0.0441427
0.044522
0.0449043
0.04529
0.0456799
0.046075
0.0464773
0.0468894
0.0473144
0.0477571
0.0482243
0.0487259
0.0492758
0.0498967
0.0506231
0.05152
0.0527226
0.0546706
0.0586633
0.0668787
0.0772358
0.0813447
0.0809563
0.0795802
0.0783801
0.0774304
0.0766552
0.0759899
0.0753975
0.074853
0.0743409
0.07385
0.0733724
0.0729021
0.0724339
0.0719641
0.0714892
0.0710055
0.0705094
0.0699973
0.0694656
0.0689095
0.0683244
0.0677045
0.0670445
0.0663414
0.0655969
0.0648146
0.0639449
0.0640287
0.0641066
0.0642787
0.064528
0.0648245
0.0651479
0.065486
0.0658326
0.0661843
0.0665404
0.0669002
0.0672643
0.0676334
0.0680087
0.0683921
0.0687866
0.0691954
0.0696229
0.0700766
0.070566
0.0711056
0.0717182
0.0724381
0.0733301
0.0745245
0.0764229
0.0801351
0.0873572
0.0959131
0.0988477
0.0980919
0.0966559
0.0954597
0.0945216
0.0937583
0.0931048
0.0925242
0.0919917
0.0914917
0.0910133
0.0905482
0.0900906
0.0896352
0.0891781
0.0887157
0.0882443
0.0877598
0.0872585
0.0867357
0.0861862
0.0856039
0.0849805
0.0843068
0.0835728
0.0827696
0.0818861
0.0808679
0.08076
0.0806143
0.0805588
0.0805859
0.0806663
0.0807786
0.0809085
0.0810494
0.0811968
0.0813496
0.081507
0.0816687
0.0818351
0.0820064
0.0821835
0.0823675
0.0825592
0.0827597
0.0829714
0.0831968
0.0834395
0.0837047
0.0839982
0.0843316
0.0847138
0.0851759
0.0857362
0.0865308
0.0870066
0.0872376
0.0872552
0.0871361
0.0869469
0.086725
0.0330646
0.0331704
0.0332374
0.0332321
0.0330891
0.0327314
0.0321242
0.0312284
0.030546
0.0299564
0.0294355
0.0289534
0.0284996
0.0280631
0.0276377
0.0272179
0.0268
0.0263812
0.0259591
0.0255314
0.0250961
0.0246514
0.0241952
0.0237254
0.0232395
0.0227346
0.0222078
0.0216552
0.021073
0.0204564
0.0198018
0.0191096
0.0183878
0.0176543
0.0168974
0.0169019
0.0169772
0.0171747
0.0174626
0.0178046
0.0181765
0.0185637
0.0189585
0.0193572
0.0197579
0.0201603
0.0205644
0.0209711
0.0213815
0.0217979
0.022223
0.0226605
0.023115
0.0235946
0.0241096
0.0246752
0.0253161
0.0260684
0.0270011
0.0282544
0.0302873
0.0344696
0.043136
0.0542241
0.0588274
0.0585599
0.0571486
0.0558958
0.0549057
0.0541034
0.0534203
0.0528166
0.0522652
0.0517492
0.0512569
0.0507793
0.0503101
0.049844
0.0493767
0.0489047
0.0484241
0.0479309
0.0474215
0.046892
0.0463373
0.0457527
0.0451322
0.0444705
0.0437654
0.0430214
0.0422533
0.0414517
0.0414035
0.0414218
0.0415673
0.0418101
0.0421126
0.0424502
0.0428069
0.0431748
0.0435491
0.043928
0.0443105
0.0446965
0.0450868
0.0454825
0.0458856
0.0462988
0.0467257
0.0471713
0.0476432
0.048152
0.0487129
0.0493506
0.0501015
0.0510346
0.052288
0.0543058
0.0583801
0.0666434
0.0769744
0.0810606
0.0806268
0.0791895
0.0779403
0.0769573
0.076162
0.0754858
0.0748891
0.0743451
0.073837
0.0733528
0.0728839
0.0724238
0.0719672
0.07151
0.0710485
0.0705789
0.0700971
0.0695995
0.0690822
0.06854
0.0679682
0.0673605
0.0667112
0.0660173
0.0652816
0.0645161
0.0637078
0.0636434
0.0636376
0.0637552
0.0639692
0.0642432
0.0645529
0.0648826
0.0652245
0.0655736
0.0659282
0.0662876
0.0666516
0.0670211
0.0673971
0.0677817
0.068178
0.0685894
0.0690209
0.0694804
0.0699786
0.0705308
0.0711619
0.0719084
0.0728388
0.0740862
0.0760567
0.0798518
0.087126
0.0956636
0.0985707
0.0977634
0.0962641
0.0950182
0.0940464
0.0932626
0.0925979
0.0920129
0.0914808
0.0909849
0.0905134
0.0900576
0.089611
0.0891682
0.088725
0.0882777
0.0878225
0.0873548
0.0868709
0.0863659
0.0858341
0.0852692
0.0846623
0.0840033
0.0832811
0.0824862
0.0816137
0.0806418
0.0803623
0.0801068
0.0799708
0.079939
0.0799763
0.0800572
0.0801639
0.0802873
0.0804216
0.0805644
0.0807143
0.0808704
0.081033
0.0812018
0.0813778
0.0815618
0.0817547
0.0819576
0.0821729
0.0824035
0.082653
0.0829273
0.0832324
0.0835814
0.0839839
0.0844744
0.085074
0.0859287
0.0865541
0.086915
0.0870296
0.0869774
0.0868337
0.0866433
0.0330051
0.0330843
0.0331133
0.0330521
0.0328289
0.032362
0.0316014
0.0306776
0.0299803
0.0293844
0.0288632
0.0283842
0.0279364
0.0275077
0.0270917
0.0266823
0.0262759
0.0258694
0.0254602
0.025046
0.0246246
0.0241941
0.0237525
0.0232975
0.0228263
0.0223361
0.0218238
0.0212853
0.0207166
0.020113
0.0194707
0.0187897
0.0180789
0.0173634
0.0166925
0.0165367
0.0165347
0.0166804
0.0169333
0.0172522
0.0176093
0.0179872
0.018376
0.0187706
0.0191682
0.019568
0.0199697
0.0203741
0.0207823
0.0211965
0.02162
0.0220564
0.022511
0.0229923
0.0235118
0.0240858
0.0247409
0.0255158
0.0264834
0.0277884
0.029897
0.0341704
0.042868
0.0538813
0.0584752
0.0581868
0.0567234
0.0554227
0.0543997
0.0535781
0.0528855
0.0522792
0.0517302
0.0512204
0.0507369
0.0502704
0.0498139
0.0493618
0.0489096
0.0484534
0.0479893
0.0475131
0.0470208
0.0465083
0.0459704
0.045402
0.0447969
0.0441494
0.0434565
0.0427232
0.0419708
0.0412495
0.0410338
0.0409689
0.0410573
0.0412612
0.041538
0.041859
0.0422054
0.0425669
0.0429371
0.0433132
0.0436938
0.0440782
0.0444672
0.0448618
0.045264
0.0456768
0.0461041
0.0465512
0.0470263
0.0475413
0.0481123
0.0487661
0.0495415
0.0505113
0.0518185
0.0539136
0.0580797
0.0663767
0.0766396
0.0807137
0.0802543
0.0787628
0.0774649
0.0764483
0.0756331
0.0749468
0.074347
0.0738049
0.0733025
0.0728267
0.0723685
0.0719209
0.0714782
0.071036
0.0705905
0.0701375
0.069673
0.069193
0.0686933
0.0681688
0.0676142
0.0670232
0.0663896
0.0657095
0.0649859
0.0642369
0.0635086
0.0632748
0.0631828
0.06324
0.0634118
0.063657
0.0639476
0.0642649
0.0645985
0.0649421
0.065293
0.0656498
0.0660119
0.06638
0.066755
0.0671393
0.0675359
0.0679486
0.0683827
0.0688469
0.0693528
0.0699169
0.0705662
0.0713394
0.072309
0.0736125
0.0756616
0.0795476
0.08686
0.0953447
0.0982354
0.0973937
0.0958365
0.0945408
0.0935348
0.0927306
0.0920554
0.091467
0.0909367
0.0904465
0.0899837
0.0895391
0.0891056
0.0886777
0.0882509
0.0878212
0.0873847
0.0869368
0.0864734
0.0859896
0.0854794
0.0849361
0.0843502
0.083711
0.0830055
0.0822225
0.081361
0.0804539
0.0799809
0.0796114
0.0793865
0.0792863
0.0792716
0.0793134
0.0793907
0.0794917
0.0796088
0.0797384
0.0798781
0.0800266
0.0801834
0.0803484
0.0805219
0.080705
0.0808982
0.0811028
0.0813212
0.0815565
0.0818126
0.0820957
0.0824125
0.0827772
0.0832003
0.0837195
0.0843585
0.0852685
0.0860734
0.0865664
0.0867803
0.0867989
0.0867047
0.0865492
0.0329386
0.0329889
0.0329773
0.0328584
0.0325551
0.0319855
0.0311112
0.0301687
0.02946
0.0288609
0.0283415
0.0278679
0.027428
0.0270091
0.0266042
0.0262072
0.025814
0.0254215
0.025027
0.0246281
0.0242225
0.0238083
0.0233833
0.022945
0.0224908
0.0220175
0.021522
0.0210001
0.0204476
0.0198595
0.0192317
0.0185635
0.0178633
0.01716
0.0165269
0.0162587
0.0161843
0.0162768
0.0164914
0.0167837
0.0171226
0.017488
0.017868
0.0182561
0.0186484
0.0190435
0.0194409
0.019841
0.020245
0.0206552
0.0210749
0.0215082
0.0219608
0.0224419
0.0229638
0.0235443
0.0242118
0.0250076
0.0260085
0.0273652
0.0295521
0.0339201
0.0426309
0.0535343
0.0581316
0.0578442
0.0563393
0.0549941
0.0539398
0.0531004
0.0524
0.0517931
0.0512486
0.0507471
0.0502747
0.0498215
0.04938
0.0489442
0.0485095
0.0480717
0.0476266
0.0471699
0.0466974
0.0462047
0.0456866
0.0451374
0.0445507
0.0439199
0.0432412
0.0425183
0.0417757
0.0410869
0.0407515
0.0406078
0.0406376
0.0407991
0.0410461
0.041347
0.0416798
0.042032
0.0423957
0.0427669
0.0431434
0.0435244
0.0439102
0.0443017
0.0447011
0.0451116
0.0455372
0.0459838
0.0464604
0.0469795
0.0475589
0.048227
0.0490253
0.0500307
0.0513915
0.0535663
0.0578269
0.0661399
0.0763019
0.0803771
0.079913
0.0783773
0.0770336
0.0759851
0.0751514
0.0744566
0.0738556
0.0733175
0.0728228
0.0723578
0.0719125
0.0714797
0.0710531
0.0706284
0.0702012
0.0697674
0.0693228
0.0688631
0.068384
0.06788
0.0673458
0.0667745
0.0661591
0.0654948
0.0647832
0.064045
0.0633489
0.0629936
0.0628196
0.0628145
0.0629403
0.0631525
0.06342
0.0637212
0.0640436
0.0643792
0.0647241
0.0650761
0.0654343
0.0657992
0.0661714
0.0665535
0.0669485
0.0673607
0.0677956
0.0682628
0.0687746
0.0693491
0.070015
0.0708136
0.0718214
0.0731808
0.07531
0.0792882
0.0866212
0.0950261
0.0979145
0.0970567
0.0954502
0.0941072
0.0930685
0.0922453
0.0915611
0.0909711
0.0904445
0.089962
0.0895101
0.0890787
0.0886607
0.0882498
0.0878416
0.087432
0.0870167
0.0865912
0.086151
0.0856913
0.0852056
0.0846871
0.0841255
0.0835088
0.0828221
0.0820512
0.0811954
0.0803059
0.0796872
0.0792067
0.078889
0.0787138
0.0786403
0.0786368
0.0786792
0.0787532
0.0788492
0.0789624
0.0790894
0.079228
0.0793773
0.0795367
0.0797066
0.0798875
0.0800802
0.0802855
0.0805063
0.0807456
0.0810076
0.081299
0.0816269
0.0820067
0.0824498
0.0829966
0.0836734
0.0846305
0.0855754
0.0861946
0.0865085
0.086601
0.0865598
0.0864424
0.0328648
0.0328843
0.0328302
0.0326524
0.0322709
0.0316094
0.0306538
0.0297001
0.0289835
0.0283837
0.0278682
0.0274019
0.0269716
0.0265642
0.0261722
0.0257891
0.0254107
0.0250338
0.0246557
0.0242737
0.0238856
0.0234893
0.0230825
0.0226628
0.0222271
0.0217725
0.0212954
0.0207916
0.0202565
0.0196846
0.0190711
0.0184142
0.0177211
0.0170217
0.0163975
0.0160474
0.0159087
0.0159506
0.0161271
0.0163916
0.0167106
0.0170617
0.017431
0.0178107
0.0181959
0.0185846
0.0189757
0.0193697
0.0197675
0.0201718
0.0205858
0.0210139
0.0214624
0.0219413
0.0224638
0.023049
0.0237271
0.0245423
0.0255755
0.0269836
0.0292505
0.0337138
0.0424228
0.0531896
0.0578001
0.0575319
0.0559951
0.0546082
0.053524
0.0526681
0.0519614
0.0513555
0.0508173
0.050326
0.0498667
0.0494288
0.0490045
0.0485871
0.048172
0.0477546
0.0473306
0.0468956
0.046445
0.0459743
0.0454777
0.0449495
0.0443821
0.0437683
0.0431023
0.0423863
0.0416456
0.0409604
0.0405363
0.0403217
0.0402952
0.0404141
0.0406301
0.0409088
0.0412261
0.041567
0.0419222
0.0422866
0.0426573
0.0430329
0.0434136
0.0438002
0.044195
0.0446013
0.0450232
0.0454674
0.0459435
0.046465
0.047051
0.0477318
0.0485517
0.0495917
0.0510061
0.0532619
0.0576173
0.0659312
0.0759675
0.0800541
0.0796026
0.0780316
0.076645
0.0755658
0.0747148
0.0740131
0.0734124
0.0728799
0.0723948
0.0719424
0.0715122
0.0710961
0.0706878
0.0702825
0.0698758
0.0694634
0.0690407
0.0686034
0.0681469
0.0676656
0.0671534
0.0666028
0.0660061
0.0653563
0.0646532
0.0639179
0.0632252
0.0627793
0.0625313
0.062466
0.0625452
0.0627227
0.062965
0.0632479
0.0635569
0.0638823
0.0642192
0.0645646
0.0649172
0.0652769
0.0656446
0.0660226
0.0664143
0.066824
0.067258
0.0677264
0.0682426
0.0688259
0.069507
0.0703299
0.0713749
0.0727901
0.0750003
0.0790696
0.0864086
0.0947133
0.0976103
0.0967521
0.095104
0.0937161
0.0926457
0.0918046
0.0911128
0.0905227
0.0900013
0.0895283
0.089089
0.0886729
0.0882721
0.0878803
0.0874928
0.0871052
0.0867132
0.0863121
0.0858972
0.0854635
0.0850044
0.0845123
0.0839762
0.0833825
0.0827135
0.0819517
0.081094
0.0801943
0.0794614
0.0788772
0.0784671
0.0782141
0.0780775
0.0780241
0.0780272
0.0780704
0.0781421
0.0782361
0.0783478
0.0784745
0.0786145
0.0787669
0.0789317
0.0791094
0.0793004
0.0795057
0.0797281
0.0799707
0.080238
0.080537
0.0808755
0.0812697
0.0817324
0.0823055
0.0830183
0.084016
0.0850684
0.0858031
0.0862158
0.0863841
0.086399
0.0863228
0.032784
0.032771
0.0326727
0.0324357
0.0319798
0.0312388
0.030227
0.0292685
0.0285477
0.0279497
0.0274402
0.026983
0.0265641
0.0261697
0.0257921
0.0254245
0.0250624
0.0247025
0.0243421
0.0239785
0.0236092
0.0232321
0.0228449
0.0224449
0.022029
0.0215941
0.0211362
0.0206509
0.020133
0.0195764
0.0189752
0.0183259
0.0176344
0.0169309
0.0162984
0.0158863
0.0156925
0.015689
0.01583
0.0160677
0.0163668
0.0167029
0.0170606
0.0174307
0.0178074
0.018188
0.0185713
0.0189573
0.0193472
0.0197435
0.0201498
0.0205708
0.0210132
0.0214879
0.022009
0.0225969
0.0232839
0.0241168
0.0251808
0.0266398
0.0289865
0.033543
0.0422368
0.05285
0.0574808
0.0572465
0.0556868
0.0542615
0.0531489
0.0522777
0.0515662
0.0509629
0.0504327
0.0499533
0.049509
0.0490883
0.048683
0.0482858
0.047892
0.0474969
0.0470957
0.0466839
0.0462567
0.0458091
0.0453351
0.0448279
0.0442794
0.0436806
0.043024
0.0423097
0.0415626
0.0408645
0.0403718
0.0400955
0.0400177
0.0400963
0.0402819
0.0405384
0.0408392
0.0411677
0.0415132
0.0418694
0.0422327
0.0426013
0.0429751
0.043355
0.0437433
0.0441433
0.0445596
0.0449994
0.0454731
0.0459952
0.0465859
0.0472778
0.0481178
0.0491909
0.0506581
0.0529948
0.0574425
0.0657442
0.0756389
0.0797443
0.0793197
0.077722
0.0762955
0.075187
0.07432
0.0736126
0.0730138
0.0724886
0.0720148
0.0715768
0.0711633
0.0707659
0.0703776
0.0699935
0.0696091
0.0692197
0.0688206
0.0684072
0.0679746
0.0675167
0.0670268
0.0664966
0.0659166
0.065278
0.0645783
0.0638378
0.0631321
0.0626158
0.0623028
0.0621822
0.0622169
0.06236
0.0625765
0.0628402
0.0631344
0.0634483
0.0637756
0.0641128
0.064458
0.0648108
0.0651722
0.0655444
0.0659309
0.0663363
0.0667675
0.0672353
0.0677542
0.0683447
0.0690395
0.0698853
0.0709663
0.0724366
0.0747272
0.0788842
0.0862165
0.0944079
0.0973218
0.0964762
0.094794
0.0933638
0.0922631
0.0914052
0.090707
0.0901181
0.0896036
0.0891416
0.0887165
0.0883174
0.0879356
0.0875646
0.0871993
0.0868354
0.0864682
0.086093
0.0857049
0.0852985
0.0848667
0.0844013
0.0838902
0.0833178
0.0826635
0.0819059
0.081039
0.0801136
0.0792879
0.078609
0.0781098
0.0777791
0.0775774
0.0774712
0.077432
0.0774413
0.077486
0.0775583
0.0776527
0.0777656
0.0778947
0.0780386
0.0781971
0.0783704
0.0785587
0.0787631
0.0789862
0.0792314
0.0795031
0.0798091
0.0801575
0.0805654
0.0810467
0.0816449
0.082391
0.0834233
0.084558
0.0853956
0.0859039
0.086149
0.0862226
0.0861902
0.0326964
0.0326492
0.0325057
0.0322103
0.0316849
0.0308775
0.0298291
0.0288712
0.0281496
0.0275561
0.0270545
0.0266082
0.0262021
0.0258222
0.0254603
0.0251095
0.024765
0.0244234
0.0240818
0.0237377
0.0233884
0.0230316
0.0226648
0.0222854
0.0218899
0.021475
0.0210364
0.0205692
0.0200673
0.0195238
0.0189313
0.0182848
0.0175888
0.016874
0.0162237
0.0157629
0.0155229
0.0154803
0.0155902
0.0158037
0.0160842
0.0164059
0.0167519
0.0171117
0.017479
0.0178504
0.0182243
0.0186009
0.0189811
0.0193677
0.0197643
0.020176
0.0206104
0.0210788
0.0215966
0.0221854
0.0228794
0.0237284
0.0248216
0.0263302
0.0287557
0.0334007
0.042068
0.0525173
0.0571731
0.0569848
0.0554108
0.0539507
0.0528112
0.051926
0.0512109
0.0506118
0.0500912
0.0496253
0.0491975
0.0487957
0.048411
0.0480356
0.0476646
0.047293
0.0469159
0.0465284
0.0461254
0.0457014
0.0452497
0.0447628
0.0442312
0.0436442
0.0429923
0.0422737
0.0415134
0.040793
0.0402454
0.0399164
0.0397935
0.0398359
0.0399936
0.0402289
0.0405137
0.0408297
0.0411647
0.0415117
0.0418663
0.0422265
0.042592
0.0429634
0.0433433
0.0437352
0.0441439
0.0445773
0.0450466
0.0455673
0.0461611
0.0468623
0.0477207
0.0488254
0.0503445
0.0527606
0.0572959
0.0655741
0.0753176
0.079447
0.0790611
0.0774448
0.0759818
0.0748455
0.0739636
0.0732518
0.0726563
0.07214
0.0716791
0.071257
0.0708619
0.0704847
0.0701179
0.0697565
0.0693957
0.0690305
0.068656
0.0682673
0.067859
0.0674245
0.0669562
0.0664444
0.0658781
0.0652461
0.0645439
0.0637914
0.0630634
0.0624904
0.0621215
0.0619516
0.0619457
0.0620567
0.0622483
0.0624927
0.0627718
0.0630732
0.06339
0.0637176
0.064054
0.0643985
0.0647518
0.0651164
0.065496
0.0658951
0.0663217
0.0667871
0.0673069
0.067903
0.0686099
0.0694772
0.0705929
0.072117
0.0744862
0.0787259
0.0860405
0.0941107
0.0970475
0.0962257
0.0945168
0.0930471
0.0919175
0.0910438
0.0903405
0.0897542
0.0892479
0.0887983
0.0883889
0.0880081
0.0876469
0.0872979
0.0869562
0.0866172
0.086276
0.0859276
0.0855669
0.0851881
0.0847836
0.084344
0.0838561
0.0833018
0.0826579
0.0818991
0.0810168
0.0800579
0.0791545
0.0783901
0.0778073
0.0774008
0.077134
0.0769736
0.0768901
0.0768634
0.0768789
0.0769276
0.0770029
0.0771003
0.0772171
0.0773512
0.0775022
0.07767
0.0778546
0.0780571
0.0782802
0.078527
0.0788025
0.0791146
0.079472
0.0798928
0.0803917
0.0810132
0.0817899
0.0828513
0.0840485
0.0849758
0.0855748
0.0858967
0.0860308
0.0860448
0.0326022
0.0325195
0.0323301
0.0319777
0.031389
0.0305279
0.0294583
0.0285057
0.0277867
0.0272
0.0267081
0.0262742
0.0258824
0.0255183
0.0251734
0.0248406
0.0245147
0.0241923
0.0238706
0.0235468
0.0232182
0.0228823
0.0225366
0.0221781
0.0218032
0.0214081
0.0209881
0.0205376
0.0200497
0.0195161
0.018928
0.018279
0.0175726
0.0168408
0.0161677
0.0156674
0.0153893
0.0153145
0.0153984
0.0155914
0.015856
0.0161647
0.0164995
0.0168492
0.0172066
0.0175679
0.0179314
0.0182971
0.0186661
0.0190413
0.0194264
0.0198268
0.0202512
0.0207115
0.021224
0.0218118
0.0225111
0.0233744
0.0244953
0.0260522
0.0285543
0.0332821
0.0419129
0.0521926
0.0568765
0.0567443
0.0551641
0.0536728
0.0525081
0.05161
0.0508926
0.0502989
0.0497893
0.0493384
0.0489285
0.0485469
0.0481841
0.0478318
0.0474847
0.0471376
0.0467854
0.0464226
0.046044
0.0456432
0.045213
0.0447446
0.044227
0.0436477
0.0429953
0.0422667
0.0414877
0.0407403
0.0401474
0.039774
0.0396128
0.039624
0.0397574
0.0399739
0.0402439
0.0405478
0.0408723
0.0412096
0.0415548
0.0419055
0.0422611
0.0426225
0.0429924
0.0433743
0.0437734
0.0441985
0.0446616
0.045179
0.0457739
0.0464827
0.0473579
0.0484928
0.0500622
0.0525557
0.0571726
0.0654174
0.0750045
0.0791613
0.078824
0.0771972
0.075701
0.0745384
0.0736428
0.0729278
0.0723369
0.0718307
0.0713841
0.0709793
0.0706039
0.0702483
0.0699042
0.0695665
0.0692302
0.06889
0.0685406
0.0681769
0.0677926
0.0673806
0.0669321
0.066436
0.0658793
0.0652488
0.0645385
0.0637683
0.0630134
0.0623935
0.061977
0.0617646
0.0617229
0.0618051
0.0619738
0.0622001
0.0624643
0.0627532
0.0630587
0.0633759
0.0637023
0.064037
0.0643808
0.0647363
0.065107
0.0654981
0.0659182
0.0663795
0.0668985
0.0674985
0.0682159
0.0691032
0.070252
0.0718287
0.0742739
0.0785901
0.0858777
0.0938223
0.0967863
0.0959978
0.0942693
0.0927634
0.0916062
0.0907177
0.0900103
0.0894276
0.0889308
0.0884948
0.0881024
0.0877412
0.0874016
0.0870758
0.0867586
0.0864452
0.0861305
0.0858094
0.0854762
0.0851246
0.0847464
0.0843309
0.0838633
0.0833234
0.0826849
0.0819197
0.0810172
0.0800215
0.0790515
0.0782107
0.0775506
0.0770717
0.0767411
0.0765264
0.0763977
0.0763337
0.0763186
0.0763422
0.0763969
0.0764775
0.0765806
0.0767038
0.0768462
0.0770075
0.0771876
0.0773873
0.0776093
0.0778571
0.0781353
0.0784527
0.0788183
0.0792509
0.0797662
0.0804091
0.0812134
0.082299
0.0835428
0.0845468
0.0852304
0.085628
0.0858241
0.0858867
0.0325016
0.0323824
0.0321468
0.0317396
0.0310945
0.030192
0.0291133
0.0281699
0.0274565
0.0268788
0.0263983
0.0259783
0.025602
0.0252547
0.0249278
0.024614
0.0243076
0.0240052
0.023704
0.0234012
0.0230937
0.0227792
0.0224547
0.022117
0.0217624
0.0213864
0.0209839
0.0205483
0.0200716
0.0195442
0.018956
0.0182991
0.0175773
0.0168242
0.0161259
0.0155928
0.0152838
0.0151834
0.0152469
0.015424
0.0156757
0.0159736
0.0162986
0.0166386
0.016986
0.0173368
0.017689
0.0180426
0.018399
0.0187612
0.019133
0.0195204
0.0199329
0.0203833
0.0208887
0.0214737
0.0221765
0.0230526
0.0241996
0.0258036
0.0283799
0.0331837
0.0417693
0.0518772
0.0565906
0.0565228
0.0549445
0.0534254
0.052237
0.051327
0.0506084
0.0500212
0.0495237
0.049089
0.0486982
0.048338
0.0479982
0.0476698
0.0473474
0.0470254
0.0466983
0.0463604
0.0460058
0.0456275
0.0452172
0.0447648
0.0442577
0.0436818
0.0430238
0.0422801
0.0414782
0.0407021
0.040071
0.0396605
0.0394676
0.0394531
0.0395665
0.0397672
0.0400245
0.0403174
0.0406319
0.0409594
0.0412945
0.0416347
0.0419793
0.0423294
0.0426877
0.0430578
0.0434454
0.0438604
0.0443154
0.0448277
0.0454221
0.0461368
0.0470274
0.0481909
0.0498094
0.0523776
0.0570693
0.0652723
0.0747007
0.0788869
0.0786066
0.0769767
0.0754507
0.0742634
0.0733549
0.0726378
0.0720525
0.0715576
0.0711263
0.07074
0.0703853
0.0700523
0.0697319
0.0694187
0.0691074
0.0687925
0.0684683
0.0681291
0.0677681
0.0673771
0.066946
0.0664622
0.0659107
0.0652767
0.0645533
0.0637615
0.0629779
0.0623183
0.0618616
0.0616133
0.0615411
0.0615986
0.0617473
0.0619571
0.0622074
0.062484
0.0627781
0.0630843
0.0633997
0.0637235
0.0640564
0.0644012
0.0647614
0.0651427
0.0655546
0.0660101
0.0665266
0.0671288
0.0678553
0.0687611
0.0699418
0.0715694
0.0740879
0.0784738
0.0857262
0.0935434
0.0965374
0.0957906
0.0940495
0.0925101
0.0913266
0.0904242
0.0897136
0.0891356
0.0886492
0.0882279
0.0878534
0.0875126
0.0871956
0.0868936
0.0866015
0.0863142
0.0860263
0.0857322
0.0854261
0.0851008
0.0847472
0.0843535
0.0839029
0.083373
0.0827351
0.0819589
0.081033
0.0800001
0.0789726
0.0780638
0.077333
0.0767859
0.0763938
0.0761256
0.0759515
0.0758495
0.0758028
0.0758001
0.0758332
0.0758959
0.0759843
0.0760956
0.0762284
0.0763822
0.0765567
0.0767528
0.0769731
0.0772208
0.0775009
0.0778226
0.0781956
0.0786388
0.0791692
0.0798315
0.0806603
0.0817657
0.0830432
0.0841111
0.0848723
0.0853441
0.0856031
0.0857162
0.0865943
0.086448
0.0863021
0.0861568
0.0860124
0.0858688
0.0857258
0.0855832
0.0854409
0.0852986
0.085156
0.085013
0.0848692
0.0847247
0.0845791
0.0844325
0.0842847
0.0841358
0.0839858
0.0838349
0.0836831
0.0835308
0.0833782
0.0832257
0.0830738
0.0829229
0.0827738
0.0826271
0.0824838
0.0823448
0.0822112
0.0820843
0.0819654
0.081856
0.0817577
0.081672
0.0816006
0.0815451
0.081507
0.0814874
0.0865407
0.0864037
0.0862655
0.0861268
0.085988
0.0858493
0.0857105
0.0855716
0.0854325
0.085293
0.0851529
0.0850121
0.0848703
0.0847275
0.0845835
0.0844382
0.0842917
0.0841438
0.0839948
0.0838447
0.0836937
0.083542
0.0833899
0.0832378
0.0830861
0.0829354
0.0827863
0.0826395
0.082496
0.0823567
0.0822227
0.0820952
0.0819757
0.0818656
0.0817666
0.0816802
0.0816081
0.0815519
0.0815133
0.0814934
0.0864773
0.0863509
0.0862216
0.0860905
0.0859582
0.085825
0.085691
0.0855564
0.0854209
0.0852847
0.0851475
0.0850092
0.0848697
0.0847289
0.0845867
0.084443
0.0842979
0.0841513
0.0840034
0.0838543
0.0837041
0.0835531
0.0834016
0.0832499
0.0830986
0.0829481
0.0827991
0.0826523
0.0825086
0.082369
0.0822346
0.0821067
0.0819866
0.0818758
0.081776
0.0816888
0.081616
0.0815592
0.08152
0.0814998
0.0864038
0.0862893
0.08617
0.0860474
0.0859225
0.0857956
0.0856671
0.0855372
0.085406
0.0852734
0.0851395
0.0850041
0.0848672
0.0847286
0.0845885
0.0844466
0.0843031
0.084158
0.0840114
0.0838634
0.0837142
0.0835641
0.0834133
0.0832622
0.0831113
0.0829611
0.0828122
0.0826655
0.0825217
0.0823819
0.0822471
0.0821187
0.081998
0.0818865
0.081786
0.081698
0.0816244
0.0815669
0.0815272
0.0815067
0.0863197
0.0862184
0.0861103
0.0859973
0.0858805
0.0857607
0.0856384
0.0855139
0.0853874
0.085259
0.0851287
0.0849965
0.0848625
0.0847266
0.0845887
0.0844489
0.0843073
0.0841638
0.0840187
0.0838719
0.0837239
0.0835747
0.0834247
0.0832743
0.0831239
0.0829741
0.0828255
0.0826789
0.082535
0.082395
0.0822599
0.082131
0.0820097
0.0818976
0.0817963
0.0817076
0.0816333
0.0815751
0.0815348
0.0815139
0.0862249
0.0861382
0.0860424
0.0859399
0.0858322
0.0857202
0.0856047
0.0854862
0.0853649
0.0852411
0.0851149
0.0849863
0.0848555
0.0847224
0.0845872
0.0844497
0.0843101
0.0841685
0.084025
0.0838797
0.0837329
0.0835849
0.0834358
0.0832862
0.0831365
0.0829872
0.0828389
0.0826924
0.0825486
0.0824084
0.082273
0.0821437
0.0820219
0.0819091
0.0818071
0.0817176
0.0816425
0.0815836
0.0815427
0.0815214
0.0861192
0.0860483
0.0859659
0.085875
0.0857772
0.0856739
0.0855659
0.0854539
0.0853383
0.0852196
0.0850978
0.0849733
0.084846
0.0847161
0.0845837
0.0844488
0.0843115
0.0841719
0.0840302
0.0838866
0.0837412
0.0835944
0.0834465
0.0832978
0.0831488
0.0830001
0.0828522
0.082706
0.0825622
0.082422
0.0822864
0.0821567
0.0820344
0.081921
0.0818182
0.0817279
0.081652
0.0815924
0.0815509
0.0815293
0.0860025
0.0859486
0.0858808
0.0858024
0.0857154
0.0856214
0.0855216
0.0854167
0.0853075
0.0851943
0.0850774
0.0849572
0.0848339
0.0847074
0.0845781
0.084446
0.0843112
0.0841739
0.0840343
0.0838924
0.0837487
0.0836033
0.0834566
0.0833089
0.0831608
0.0830127
0.0828654
0.0827195
0.0825759
0.0824356
0.0822999
0.0821698
0.082047
0.081933
0.0818296
0.0817386
0.0816619
0.0816016
0.0815595
0.0815375
0.0858749
0.0858392
0.085787
0.085722
0.0856467
0.0855628
0.0854718
0.0853747
0.0852722
0.085165
0.0850535
0.084938
0.0848189
0.0846963
0.0845703
0.0844413
0.0843092
0.0841744
0.084037
0.0838971
0.0837551
0.0836113
0.0834659
0.0833194
0.0831723
0.083025
0.0828783
0.0827328
0.0825895
0.0824493
0.0823134
0.0821831
0.0820599
0.0819454
0.0818412
0.0817495
0.081672
0.081611
0.0815683
0.0815459
0.0857364
0.0857202
0.0856845
0.0856338
0.085571
0.0854979
0.0854164
0.0853276
0.0852324
0.0851317
0.0850259
0.0849156
0.084801
0.0846824
0.0845602
0.0844344
0.0843054
0.0841732
0.0840382
0.0839005
0.0837605
0.0836183
0.0834745
0.0833293
0.0831833
0.0830369
0.0828909
0.0827459
0.0826029
0.0824629
0.082327
0.0821965
0.0820729
0.0819578
0.0818531
0.0817606
0.0816824
0.0816206
0.0815773
0.0815546
8.42273e-05
0.000287873
0.000535232
0.000834938
0.00119655
0.00163023
0.00214637
0.00275523
0.00346642
0.00428844
0.00522798
0.0062893
0.00747348
0.00877781
0.0101952
0.0117137
0.0133168
0.0149831
0.0166875
0.0184016
0.0200955
0.0217393
0.0233045
0.024766
0.0261034
0.0273018
0.0283529
0.0292543
0.03001
0.0306286
0.0311226
0.031507
0.0317977
0.0320102
0.0321589
0.0322559
0.0323111
0.0323315
0.0323214
0.0322814
8.06272e-05
0.000275552
0.000512304
0.000799228
0.00114584
0.00156261
0.00206064
0.00265125
0.00334542
0.00415317
0.00508285
0.00614027
0.00732788
0.00864391
0.0100817
0.0116292
0.0132689
0.0149777
0.016728
0.0184889
0.0202269
0.0219092
0.0235045
0.0249853
0.02633
0.0275231
0.0285565
0.0294294
0.0301473
0.030721
0.0311651
0.0314963
0.0317318
0.031888
0.031979
0.0320168
0.0320099
0.031964
0.0318819
0.0317628
7.79335e-05
0.000266378
0.000495362
0.000773042
0.00110883
0.00151329
0.00199789
0.00257461
0.00325537
0.0040514
0.00497234
0.00602537
0.00721418
0.00853796
0.0099906
0.01156
0.013228
0.0149701
0.0167568
0.0185544
0.020327
0.0220386
0.0236557
0.0251487
0.0264947
0.0276779
0.0286908
0.0295335
0.0302133
0.0307428
0.0311383
0.031418
0.0316001
0.0317012
0.0317356
0.0317146
0.0316461
0.0315349
0.0313832
0.0311898
7.59148e-05
0.000259527
0.000482785
0.000753738
0.0010817
0.00147725
0.001952
0.00251831
0.00318868
0.00397514
0.00488831
0.00593641
0.00712414
0.00845158
0.00991315
0.0114969
0.0131842
0.0149496
0.0167622
0.0185861
0.0203832
0.0221153
0.0237465
0.0252459
0.0265893
0.0277608
0.028753
0.0295671
0.0302117
0.0307007
0.031052
0.0312847
0.0314177
0.0314679
0.0314498
0.0313741
0.0312487
0.0310784
0.0308654
0.0306095
7.43644e-05
0.000254277
0.000473188
0.000739084
0.00106121
0.00145009
0.00191738
0.00247559
0.00313755
0.00391575
0.00482146
0.00586363
0.00704772
0.00837452
0.00983899
0.0114294
0.013127
0.0149058
0.0167338
0.0185739
0.0203861
0.0221306
0.0237698
0.0252715
0.0266107
0.0277708
0.028745
0.0295348
0.0301497
0.0306047
0.0309184
0.0311108
0.0312012
0.0312071
0.031143
0.0310198
0.0308457
0.0306259
0.0303636
0.0300604
7.31054e-05
0.000250018
0.000465415
0.000727237
0.00104466
0.00142813
0.00188927
0.00244059
0.00309503
0.00386531
0.00476303
0.00579761
0.00697505
0.00829667
0.00975792
0.0113475
0.0130466
0.0148292
0.0166628
0.0185096
0.0203286
0.0220787
0.0237214
0.0252232
0.0265583
0.0277099
0.0286708
0.0294427
0.0300355
0.0304646
0.0307492
0.0309098
0.0309661
0.030936
0.0308342
0.0306726
0.0304598
0.030202
0.0299039
0.0295686
7.19919e-05
0.000246248
0.000458524
0.000716712
0.0010299
0.00140845
0.00186384
0.00240851
0.00305534
0.00381709
0.00470548
0.00573015
0.00689744
0.00820909
0.009661
0.0112423
0.0129346
0.0147121
0.0165424
0.0183875
0.020206
0.0219563
0.0235991
0.0251003
0.0264333
0.0275806
0.0285345
0.0292966
0.0298763
0.0302892
0.0305545
0.030693
0.0307248
0.0306681
0.0305385
0.0303485
0.0301077
0.0298236
0.0295022
0.0291484
7.09075e-05
0.00024257
0.000451773
0.000706341
0.00101526
0.00138874
0.0018381
0.0023756
0.00301395
0.00376579
0.00464278
0.00565464
0.00680788
0.00810456
0.00954105
0.011107
0.0127846
0.0145489
0.0163677
0.0182036
0.0200155
0.0217616
0.0234024
0.0249034
0.0262371
0.0273854
0.0283397
0.0291008
0.0296774
0.0300846
0.0303414
0.0304684
0.0304861
0.0304132
0.030266
0.0300578
0.0297995
0.0294999
0.0291661
0.0288045
6.97633e-05
0.000238679
0.000444597
0.000695244
0.000999469
0.00136729
0.00180983
0.00233906
0.00296745
0.00370741
0.00457043
0.00556614
0.00670116
0.00797779
0.00939287
0.0109367
0.0125924
0.0143357
0.0161357
0.0179557
0.0197556
0.021494
0.0231314
0.024633
0.025971
0.027126
0.0280884
0.0288578
0.0294417
0.0298542
0.0301137
0.0302405
0.0302551
0.0301766
0.030022
0.0298057
0.0295398
0.029234
0.0288969
0.0285359
6.84946e-05
0.000234355
0.000436587
0.000682786
0.000981626
0.0013429
0.00177744
0.00229693
0.00291349
0.00363921
0.00448532
0.00546131
0.00657378
0.0078253
0.00921318
0.0107285
0.0123554
0.0140708
0.0158452
0.0176434
0.0194264
0.0211538
0.0227867
0.02429
0.0256355
0.0268029
0.027781
0.0285678
0.0291694
0.0295985
0.0298722
0.0300101
0.0300327
0.0299594
0.0298077
0.029593
0.0293283
0.0290247
0.0286916
0.0283374
6.70574e-05
0.000229448
0.000427469
0.000668547
0.000961139
0.00131477
0.00173995
0.00224797
0.0028506
0.0035595
0.00438561
0.00533819
0.00642384
0.00764531
0.00900045
0.0104812
0.0120729
0.0137541
0.0154968
0.0172675
0.019029
0.0207423
0.0223692
0.023875
0.0252308
0.0264155
0.0274162
0.0282292
0.0288585
0.0293148
0.029614
0.0297746
0.0298165
0.029759
0.0296203
0.0294165
0.0291615
0.0288674
0.0285444
0.0282018
6.54256e-05
0.00022387
0.000417082
0.000652283
0.000937675
0.00128247
0.0016968
0.00219156
0.00277804
0.00346752
0.00427053
0.00519609
0.00625075
0.00743749
0.00875471
0.0101953
0.0117459
0.0133868
0.0150919
0.0168299
0.0185654
0.0202611
0.0218802
0.0233883
0.0247565
0.0259623
0.0269916
0.0278383
0.0285043
0.0289981
0.0293337
0.0295281
0.0296004
0.0295695
0.0294538
0.02927
0.0290327
0.0287549
0.0284476
0.0281207
6.35879e-05
0.000217584
0.000405359
0.000633898
0.000911109
0.00124585
0.00164785
0.00212753
0.00269573
0.00336322
0.00414015
0.00503528
0.00605506
0.00720272
0.00847723
0.00987249
0.0113766
0.0129716
0.0146337
0.0163336
0.0180385
0.019713
0.0213215
0.0228309
0.0242119
0.0254414
0.0265035
0.0273901
0.0281006
0.0286411
0.0290231
0.029262
0.0293754
0.0293818
0.0292991
0.0291444
0.0289329
0.0286781
0.0283919
0.0280847
6.15451e-05
0.000210592
0.00039231
0.000613416
0.000881491
0.001205
0.00159324
0.00205614
0.00260402
0.00324716
0.00399528
0.00485683
0.00583821
0.00694285
0.00817033
0.00951558
0.0109682
0.0125121
0.0141258
0.0157826
0.017452
0.0191008
0.0206954
0.0222037
0.0235966
0.0248504
0.025948
0.0268788
0.02764
0.0282347
0.0286722
0.0289654
0.0291302
0.0291841
0.0291444
0.029028
0.0288505
0.0286259
0.0283666
0.0280833
5.93072e-05
0.00020293
0.000378005
0.000590953
0.000849002
0.00116021
0.00153338
0.00197794
0.00250367
0.00312033
0.0038372
0.00466242
0.00560229
0.00666046
0.0078371
0.00912817
0.0105248
0.0120128
0.0135731
0.0151816
0.0168103
0.0184286
0.0200049
0.0215084
0.0229106
0.0241877
0.0253211
0.0262984
0.0271143
0.0277692
0.0282693
0.0286254
0.0288511
0.0289622
0.0289753
0.0289066
0.0287717
0.0285849
0.0283588
0.0281048
5.68916e-05
0.000194658
0.000362558
0.000566697
0.000813924
0.00111186
0.00146882
0.00189369
0.00239569
0.00298406
0.00366761
0.00445416
0.00534989
0.00635866
0.00748119
0.00871446
0.0100511
0.0114789
0.012981
0.014536
0.0161186
0.017701
0.0192537
0.0207475
0.022155
0.0234521
0.0246196
0.0256434
0.0265156
0.0272342
0.0278025
0.0282282
0.0285229
0.0287003
0.0287754
0.0287638
0.0286804
0.0285394
0.0283539
0.0281352
5.4321e-05
0.000185855
0.000346119
0.000540884
0.000776608
0.00106046
0.00140024
0.00180429
0.00228127
0.00283988
0.00348843
0.00423442
0.00508391
0.00604089
0.00710664
0.00827907
0.0095522
0.0109158
0.0123553
0.0138519
0.0153831
0.0169237
0.0184466
0.0199247
0.0213317
0.0226439
0.0238415
0.0249092
0.0258371
0.0266204
0.0272597
0.02776
0.02813
0.0283812
0.0285268
0.028581
0.028558
0.0284715
0.0283343
0.0281582
5.16215e-05
0.00017661
0.000328856
0.000513786
0.000737453
0.00100656
0.0013284
0.00171076
0.00216173
0.00268943
0.00330173
0.00400575
0.0048074
0.00571079
0.00671766
0.00782682
0.00903362
0.0103296
0.0117025
0.0131359
0.0146102
0.0161029
0.0175894
0.0190448
0.0204441
0.0217647
0.0229864
0.0240931
0.0250732
0.0259196
0.0266302
0.0272073
0.0276567
0.0279874
0.0282105
0.0283384
0.0283842
0.0283607
0.0282803
0.0281545
4.88216e-05
0.000167021
0.000310954
0.000485693
0.000696884
0.000950763
0.00125411
0.00161414
0.00203839
0.00253443
0.00310962
0.00377072
0.00452346
0.00537202
0.00631854
0.00736262
0.00850083
0.00972642
0.0110291
0.012395
0.0138072
0.0152458
0.016689
0.0181138
0.0194975
0.0208181
0.022056
0.0231945
0.0242207
0.0251258
0.0259052
0.0265583
0.0270886
0.0275021
0.0278077
0.0280157
0.0281375
0.028185
0.0281696
0.0281022
4.59502e-05
0.000157188
0.000292599
0.000456901
0.000655332
0.000893662
0.00117816
0.00151549
0.00191261
0.00237655
0.00291419
0.00353188
0.00423515
0.0050282
0.00591349
0.00689131
0.00795933
0.0091123
0.0103419
0.0116365
0.0129816
0.0143601
0.0157528
0.0171392
0.0184982
0.0198095
0.0210541
0.0222153
0.0232792
0.0242358
0.0250784
0.025804
0.0264134
0.0269102
0.0273006
0.0275929
0.0277964
0.0279215
0.0279785
0.0279775
4.30364e-05
0.00014721
0.000273978
0.000427705
0.000613224
0.000835845
0.00110133
0.00141581
0.00178568
0.00221743
0.00271744
0.00329167
0.00394539
0.00468279
0.00550656
0.00641757
0.00741444
0.00849326
0.00964742
0.0108675
0.0121413
0.0134542
0.0147896
0.0161293
0.0174545
0.0187463
0.0199869
0.0211599
0.0222513
0.0232498
0.0241472
0.0249386
0.0256224
0.0261998
0.0266744
0.0270522
0.0273405
0.0275479
0.0276832
0.0277554
4.01084e-05
0.000137184
0.000255271
0.000398388
0.000570967
0.000777873
0.00102437
0.00131607
0.00165883
0.00205859
0.00252125
0.00305236
0.00365692
0.00433902
0.00510155
0.0059458
0.00687122
0.00787507
0.00895226
0.0100953
0.0112941
0.0125364
0.0138081
0.0150934
0.0163755
0.0176376
0.0188629
0.0200359
0.0211426
0.0221713
0.0231128
0.0239605
0.0247108
0.0253626
0.0259175
0.0263789
0.0267522
0.0270438
0.0272611
0.0274112
3.71928e-05
0.000127201
0.00023665
0.000369217
0.000528947
0.000720273
0.000947986
0.00121718
0.00153319
0.00190145
0.00232735
0.00281605
0.00337223
0.00399988
0.00470194
0.00548008
0.00633439
0.00726314
0.00826256
0.00932678
0.0104478
0.0116154
0.0128177
0.0140414
0.0152717
0.0164937
0.0176923
0.0188528
0.0199619
0.0210078
0.0219805
0.0228725
0.0236785
0.0243958
0.0250236
0.0255633
0.0260183
0.0263929
0.0266926
0.0269231
3.43141e-05
0.000117345
0.00021827
0.000340437
0.000487518
0.000663528
0.000872802
0.00111995
0.0014098
0.00174727
0.00213729
0.0025846
0.00309358
0.00366801
0.00431088
0.0050241
0.00580826
0.00666246
0.00758406
0.00856863
0.00960983
0.0106995
0.0118279
0.0129835
0.0141541
0.0153265
0.0164871
0.0176227
0.0187207
0.0197697
0.0207596
0.021682
0.0225307
0.0233014
0.0239917
0.0246012
0.0251311
0.025584
0.0259634
0.0262734
3.14947e-05
0.000107693
0.000200276
0.000312271
0.000446997
0.00060807
0.00079939
0.0010251
0.00128955
0.00159718
0.00195245
0.00235968
0.00282293
0.00334578
0.00393115
0.00458112
0.00529666
0.00607753
0.00692201
0.00782689
0.00878733
0.00979688
0.0108476
0.0119301
0.013034
0.014148
0.0152603
0.0163591
0.0174329
0.0184707
0.0194629
0.0204007
0.0212774
0.0220874
0.0228272
0.0234947
0.0240896
0.0246125
0.0250654
0.0254505
2.87546e-05
9.83136e-05
0.000182792
0.000284918
0.000407667
0.00055428
0.000728248
0.000933277
0.00117325
0.00145215
0.001774
0.00214271
0.00256199
0.00303519
0.00356514
0.00415397
0.00480294
0.00551229
0.00628108
0.00710708
0.0079867
0.00891497
0.00988558
0.010891
0.0119226
0.0129708
0.0140257
0.0150768
0.0161138
0.0171267
0.0181063
0.0190442
0.019933
0.0207669
0.0215412
0.0222528
0.0228998
0.0234815
0.0239982
0.0244508
2.6111e-05
8.92653e-05
0.000165931
0.000258547
0.000369771
0.000502489
0.000659804
0.000845012
0.00106156
0.00131301
0.00160293
0.00193486
0.00231217
0.00273794
0.00321485
0.00374505
0.00432995
0.00497016
0.00566532
0.00641402
0.00721369
0.00806061
0.0089499
0.00987555
0.0108306
0.0118072
0.0127969
0.0137908
0.0147798
0.0157551
0.0167081
0.0176308
0.018516
0.0193576
0.0201504
0.0208903
0.0215746
0.0222013
0.0227695
0.0232786
2.35788e-05
8.0599e-05
0.000149785
0.000233305
0.000333517
0.000452974
0.000594419
0.000760763
0.000955052
0.00118043
0.00144007
0.00173713
0.00207463
0.0024554
0.00288193
0.0033563
0.00388002
0.00445394
0.00507814
0.00575184
0.0064733
0.00723983
0.00804774
0.00889236
0.00976815
0.0106688
0.0115873
0.0125161
0.0134477
0.0143741
0.0152877
0.0161811
0.0170475
0.0178809
0.0186758
0.0194278
0.0201333
0.0207896
0.0213947
0.0219469
2.11703e-05
7.23566e-05
0.000134432
0.000209313
0.000299074
0.000405962
0.000532386
0.000680896
0.000854168
0.00105496
0.00128607
0.00155028
0.00185029
0.00218865
0.00256765
0.00298927
0.00345502
0.00396591
0.00452233
0.00512396
0.00576974
0.00645777
0.00718536
0.00794897
0.0087443
0.0095663
0.0104093
0.0112673
0.0121337
0.0130018
0.0138649
0.0147165
0.0155503
0.0163606
0.0171419
0.0178898
0.0186002
0.0192699
0.0198962
0.0204766
1.88954e-05
6.4572e-05
0.000119936
0.000186666
0.000266578
0.000361635
0.000473934
0.000605699
0.000759257
0.000937011
0.00114141
0.00137488
0.00163982
0.0019385
0.00227298
0.00264511
0.00305635
0.0035078
0.00400003
0.00453308
0.00510637
0.00571867
0.00636804
0.0070519
0.00776695
0.00850929
0.00927446
0.0100575
0.0108531
0.0116556
0.0124593
0.0132586
0.0140478
0.0148217
0.0155751
0.0163037
0.0170033
0.0176704
0.0183019
0.0188949
1.67617e-05
5.72713e-05
0.000106343
0.000165438
0.000236133
0.000320128
0.000419237
0.000535383
0.000670574
0.000826888
0.00100644
0.00121135
0.0014437
0.00170549
0.00199857
0.00232461
0.00268501
0.00308084
0.00351283
0.00398122
0.0044858
0.00502583
0.0056
0.00620644
0.00684274
0.0075059
0.00819247
0.00889853
0.00961978
0.0103516
0.0110894
0.0118281
0.012563
0.0132893
0.0140024
0.0146983
0.0153728
0.0160224
0.0166439
0.0172341
1.47748e-05
5.04736e-05
9.3689e-05
0.000145683
0.000207812
0.000281537
0.000368415
0.000470092
0.000588289
0.000724784
0.000881391
0.00105993
0.00126221
0.00148996
0.00174481
0.00202825
0.00234157
0.00268581
0.00306173
0.00346973
0.00390984
0.00438169
0.00488442
0.00541677
0.00597697
0.00656281
0.00717166
0.00780048
0.00844589
0.00910422
0.00977158
0.0104439
0.0111172
0.0117873
0.0124501
0.013102
0.0137392
0.0143582
0.0149559
0.015529
1.29385e-05
4.41917e-05
8.19976e-05
0.000127435
0.000181663
0.000245924
0.000321541
0.000409912
0.000512494
0.000630797
0.00076636
0.000920734
0.00109545
0.00129201
0.00151182
0.00175618
0.00202627
0.00232304
0.00264724
0.00299937
0.0033796
0.00378781
0.00422351
0.00468585
0.0051736
0.00568516
0.00621858
0.00677155
0.00734145
0.00792542
0.00852033
0.00912293
0.00972981
0.0103376
0.0109427
0.011542
0.012132
0.0127097
0.0132719
0.0138158
1.12549e-05
3.84329e-05
7.12817e-05
0.000110715
0.000157711
0.000213317
0.000278646
0.000354871
0.000443216
0.000544945
0.000661351
0.000793736
0.000943393
0.00111159
0.00129953
0.00150834
0.00173903
0.00199249
0.00226942
0.00257033
0.0028955
0.00324497
0.00361848
0.00401552
0.00443526
0.00487657
0.00533804
0.00581795
0.00631433
0.00682497
0.00734744
0.00787914
0.00841735
0.00895924
0.00950196
0.0100426
0.0105785
0.0111066
0.0116244
0.012129
9.72518e-06
3.32003e-05
6.15461e-05
9.55276e-05
0.000135961
0.00018372
0.000239728
0.000304958
0.000380424
0.000467175
0.000566279
0.000678816
0.000805861
0.000948469
0.00110765
0.00128437
0.00147948
0.00169377
0.00192788
0.00218229
0.00245733
0.00275314
0.00306963
0.00340652
0.00376327
0.00413912
0.00453307
0.00494389
0.00537011
0.00581008
0.00626193
0.00672367
0.00719314
0.00766808
0.00814619
0.00862509
0.0091024
0.00957576
0.0100428
0.0105011
0.0321744
0.0319403
0.0315631
0.0309952
0.0301996
0.0292055
0.0281307
0.0272242
0.0265363
0.0259922
0.0255512
0.0251776
0.0248519
0.0245592
0.0242898
0.0240367
0.0237949
0.0235592
0.0233258
0.0230914
0.0228528
0.0226069
0.0223499
0.0220777
0.0217851
0.0214661
0.0211129
0.0207158
0.0202626
0.0197393
0.0191317
0.018431
0.0176449
0.0168173
0.0160433
0.0154341
0.0150582
0.0149064
0.0149308
0.0150772
0.0153019
0.0155733
0.0158701
0.0161789
0.0164914
0.0168031
0.0171123
0.0174194
0.0177265
0.0180377
0.0183598
0.0187016
0.0190728
0.0194874
0.0199658
0.0205373
0.0212462
0.0221575
0.023381
0.0251262
0.0279234
0.0329402
0.0413619
0.050939
0.055744
0.0558974
0.0543479
0.0527539
0.0514966
0.0505522
0.0498321
0.0492677
0.0488104
0.0484282
0.0480987
0.0478064
0.0475402
0.0472917
0.047051
0.0468111
0.0465651
0.0463058
0.046025
0.0457131
0.0453581
0.0449452
0.0444564
0.0438726
0.043178
0.0423723
0.0414922
0.0406309
0.0399095
0.0394147
0.0391525
0.0390825
0.0391521
0.0393161
0.0395404
0.0398014
0.0400831
0.0403755
0.0406728
0.0409721
0.0412732
0.0415775
0.0418887
0.0422133
0.0425602
0.042939
0.0433641
0.0438558
0.0444435
0.0451717
0.0461053
0.0473532
0.0491191
0.0519095
0.0568103
0.0648599
0.0737984
0.0780772
0.0779952
0.0763784
0.0747707
0.0735107
0.0725648
0.0718432
0.0712778
0.0708204
0.0704392
0.0701119
0.0698234
0.0695625
0.0693208
0.0690888
0.0688594
0.068626
0.0683814
0.0681178
0.0678258
0.0674935
0.0671064
0.0666463
0.0660932
0.0654292
0.0646495
0.0637834
0.0629154
0.0621618
0.0616121
0.0612815
0.0611388
0.061137
0.0612348
0.0613995
0.061608
0.0618442
0.062098
0.0623631
0.0626363
0.0629167
0.0632056
0.0635064
0.0638253
0.0641711
0.0645531
0.0649859
0.0654899
0.0660945
0.0668443
0.0678034
0.069078
0.0708589
0.0735941
0.0781732
0.0852943
0.0927178
0.0958097
0.0952137
0.0934542
0.0918208
0.0905597
0.0896162
0.0888977
0.0883363
0.0878843
0.0875105
0.087193
0.0869168
0.0866712
0.086448
0.0862381
0.0860349
0.085832
0.0856225
0.0853987
0.0851509
0.0848668
0.0845294
0.0841168
0.0836
0.0829456
0.0821219
0.0811204
0.0799848
0.0788187
0.0777404
0.0768236
0.076087
0.0755158
0.0750855
0.0747696
0.0745456
0.0743952
0.0743047
0.0742636
0.074264
0.0743
0.0743675
0.074464
0.0745881
0.074739
0.0749173
0.0751253
0.0753675
0.0756504
0.0759827
0.0763752
0.0768476
0.0774202
0.0781356
0.0790301
0.0801848
0.0815312
0.0827589
0.0837355
0.0844283
0.0848823
0.0851555
0.0315332
0.0311216
0.0305528
0.029806
0.0288933
0.0278895
0.0269228
0.0261404
0.0255555
0.0251157
0.0247795
0.0245138
0.024297
0.0241136
0.0239532
0.0238079
0.0236719
0.02354
0.0234084
0.0232729
0.0231294
0.022973
0.0227982
0.0225983
0.0223655
0.0220898
0.0217591
0.021359
0.0208725
0.0202824
0.0195747
0.0187466
0.0178205
0.0168603
0.0159762
0.0152875
0.0148669
0.0147103
0.0147636
0.0149589
0.0152369
0.0155535
0.0158793
0.0161964
0.0164952
0.0167717
0.0170261
0.0172615
0.017483
0.0176976
0.0179142
0.0181447
0.018404
0.0187117
0.0190949
0.0195917
0.0202573
0.0211731
0.0224689
0.0243865
0.027459
0.032678
0.0407404
0.0495365
0.0544616
0.055045
0.0536752
0.0520553
0.0507394
0.0497744
0.0490822
0.0485836
0.0482187
0.0479458
0.0477359
0.0475681
0.0474269
0.0472997
0.0471765
0.0470479
0.0469043
0.0467353
0.0465288
0.0462703
0.0459424
0.0455246
0.0449945
0.0443311
0.043523
0.042583
0.0415671
0.0405848
0.0397658
0.0392024
0.0389092
0.0388431
0.0389405
0.0391419
0.0394004
0.0396835
0.0399701
0.040248
0.0405113
0.0407585
0.0409915
0.0412146
0.0414343
0.0416593
0.0419015
0.042176
0.0425025
0.0429085
0.0434322
0.0441291
0.0450796
0.0464116
0.0483586
0.0514248
0.0565235
0.0642332
0.0724508
0.0768591
0.0771736
0.075708
0.0740602
0.0727342
0.0717621
0.071063
0.070558
0.0701877
0.0699109
0.0696988
0.069531
0.069392
0.0692695
0.0691536
0.0690352
0.068905
0.0687528
0.0685669
0.0683333
0.0680349
0.0676512
0.0671597
0.0665379
0.0657714
0.0648669
0.0638717
0.0628847
0.0620293
0.0613994
0.0610186
0.0608551
0.0608546
0.0609638
0.0611395
0.0613507
0.0615769
0.0618054
0.0620297
0.0622475
0.0624599
0.0626703
0.0628849
0.0631117
0.0633624
0.0636516
0.0639994
0.0644328
0.06499
0.065726
0.0667197
0.0680937
0.0700625
0.0730622
0.0778192
0.0846435
0.0914888
0.0947334
0.0944643
0.0927983
0.0910979
0.0897587
0.0887809
0.088077
0.0875678
0.0871949
0.0869178
0.0867084
0.0865468
0.0864184
0.0863113
0.0862163
0.0861249
0.0860286
0.0859177
0.0857813
0.0856054
0.0853728
0.085061
0.0846428
0.0840857
0.0833565
0.0824304
0.0813093
0.0800429
0.0787272
0.0774706
0.0763524
0.0754046
0.0746267
0.0740027
0.0735108
0.0731297
0.0728405
0.0726279
0.0724795
0.0723854
0.0723384
0.0723327
0.0723647
0.072432
0.0725337
0.0726699
0.072843
0.0730571
0.0733189
0.0736382
0.0740277
0.0745066
0.0750984
0.0758386
0.0767624
0.0779145
0.079255
0.0805901
0.0817771
0.082739
0.0834694
0.0839974
0.0308524
0.0302995
0.029603
0.0287707
0.0278473
0.0269207
0.0260962
0.0254533
0.0249889
0.0246614
0.0244319
0.0242692
0.0241516
0.0240636
0.0239947
0.0239368
0.0238839
0.0238316
0.0237753
0.0237102
0.0236313
0.0235324
0.0234062
0.0232442
0.0230356
0.0227676
0.0224249
0.0219896
0.0214427
0.0207666
0.0199505
0.0190001
0.0179516
0.0168836
0.0159151
0.0151703
0.014728
0.0145919
0.014707
0.0149932
0.0153733
0.0157862
0.0161899
0.0165589
0.0168807
0.0171515
0.0173741
0.0175548
0.0177025
0.0178282
0.0179441
0.0180652
0.0182104
0.0184047
0.0186816
0.0190881
0.0196907
0.0205855
0.0219214
0.0239624
0.0272227
0.03251
0.0401671
0.0482924
0.0532809
0.054315
0.0532284
0.051673
0.0503428
0.0493723
0.0487088
0.04827
0.0479866
0.0478075
0.0476966
0.047628
0.0475829
0.0475464
0.0475074
0.0474544
0.047376
0.0472592
0.0470886
0.0468465
0.0465115
0.0460601
0.0454679
0.0447159
0.0437992
0.0427432
0.0416187
0.0405446
0.0396563
0.0390527
0.0387586
0.0387332
0.0389036
0.0391933
0.0395389
0.0398945
0.0402306
0.0405312
0.0407898
0.041007
0.0411877
0.0413398
0.0414738
0.0416019
0.0417391
0.0419047
0.0421241
0.0424313
0.0428736
0.0435173
0.0444573
0.045839
0.0479151
0.0511681
0.0563325
0.0636571
0.0712556
0.075744
0.0764821
0.0752707
0.0736707
0.0723217
0.0713381
0.0706625
0.070212
0.069918
0.0697301
0.0696127
0.0695403
0.0694944
0.0694605
0.0694276
0.0693847
0.0693208
0.0692231
0.069077
0.068865
0.0685664
0.0681573
0.0676132
0.0669128
0.0660475
0.0650355
0.0639375
0.0628613
0.0619345
0.061256
0.0608588
0.0607146
0.0607622
0.0609347
0.0611746
0.0614389
0.0616994
0.0619398
0.0621526
0.0623371
0.0624969
0.0626388
0.0627722
0.0629088
0.063063
0.063254
0.063507
0.0638557
0.0643471
0.0650462
0.0660452
0.0674812
0.0695823
0.0727559
0.0775654
0.0840513
0.0904002
0.0937627
0.0938599
0.0923883
0.0907027
0.0893247
0.0883256
0.0876364
0.0871728
0.0868669
0.0866696
0.0865464
0.0864728
0.0864313
0.0864081
0.0863934
0.0863772
0.0863492
0.0862981
0.0862103
0.086069
0.0858533
0.0855378
0.0850926
0.084485
0.0836854
0.0826765
0.0814692
0.0801154
0.0787034
0.0773318
0.0760792
0.0749865
0.074064
0.0733033
0.0726866
0.0721937
0.0718053
0.0715045
0.0712771
0.0711119
0.071
0.0709348
0.0709115
0.0709275
0.0709812
0.0710733
0.0712058
0.0713831
0.071612
0.0719025
0.072268
0.072727
0.0733026
0.0740247
0.0749229
0.0760223
0.0772963
0.0786287
0.0798998
0.0810207
0.0819513
0.0826912
0.0301882
0.0295389
0.0287762
0.0279289
0.0270561
0.0262389
0.0255532
0.0250396
0.0246866
0.0244583
0.0243188
0.0242392
0.0241983
0.0241814
0.0241783
0.0241814
0.0241853
0.0241856
0.0241779
0.0241571
0.0241176
0.0240525
0.0239532
0.0238094
0.0236083
0.0233347
0.0229705
0.0224957
0.02189
0.0211364
0.0202279
0.0191781
0.0180335
0.0168823
0.0158487
0.0150601
0.0146021
0.0144888
0.0146684
0.0150528
0.0155481
0.0160748
0.0165758
0.0170159
0.0173786
0.0176603
0.0178665
0.0180076
0.0180969
0.0181492
0.0181805
0.0182085
0.0182556
0.0183507
0.0185331
0.0188574
0.0194001
0.0202705
0.021633
0.0237634
0.0271402
0.0323977
0.0396337
0.0471762
0.0521667
0.0536442
0.0529059
0.0514906
0.0501844
0.0492139
0.0485662
0.0481657
0.0479375
0.0478233
0.0477808
0.0477799
0.0477992
0.0478225
0.0478375
0.0478319
0.0477926
0.047705
0.0475515
0.0473114
0.0469606
0.0464732
0.0458245
0.0449975
0.0439938
0.0428482
0.0416413
0.0404976
0.0395559
0.0389226
0.0386343
0.0386565
0.0389104
0.0393046
0.0397573
0.0402068
0.0406133
0.0409555
0.0412266
0.0414291
0.0415718
0.0416671
0.0417294
0.0417747
0.041821
0.0418914
0.0420157
0.0422336
0.0426001
0.0431915
0.0441149
0.0455299
0.0476984
0.0510653
0.0561988
0.0631223
0.0701832
0.0746956
0.0758566
0.0749657
0.073487
0.0721519
0.0711624
0.0704977
0.0700809
0.0698376
0.0697103
0.0696574
0.0696495
0.0696654
0.0696896
0.0697099
0.0697145
0.069691
0.069625
0.0694997
0.0692947
0.0689866
0.0685491
0.0679566
0.0671897
0.0662454
0.0651507
0.0639754
0.0628322
0.0618514
0.0611377
0.0607346
0.0606203
0.0607301
0.0609848
0.061311
0.0616519
0.0619694
0.0622421
0.0624617
0.0626289
0.0627506
0.0628375
0.0629029
0.0629618
0.063032
0.0631362
0.063304
0.0635751
0.0640035
0.0646636
0.0656583
0.0671358
0.0693281
0.0726024
0.0773737
0.0835065
0.0894246
0.0928587
0.0933348
0.0921255
0.0905232
0.0891396
0.0881233
0.0874362
0.0869977
0.0867339
0.0865886
0.0865218
0.0865053
0.0865195
0.0865499
0.0865856
0.0866162
0.0866306
0.0866161
0.0865572
0.0864348
0.0862254
0.0859011
0.0854305
0.0847818
0.0839289
0.0828614
0.0815961
0.0801852
0.0787106
0.0772629
0.0759184
0.074724
0.0736985
0.0728401
0.0721352
0.0715646
0.0711086
0.0707485
0.0704683
0.0702549
0.0700979
0.0699894
0.069924
0.0698984
0.0699111
0.0699625
0.0700551
0.0701933
0.070384
0.0706372
0.0709664
0.0713889
0.0719262
0.0726036
0.0734451
0.0744661
0.0756482
0.0769203
0.0781922
0.0793817
0.0804344
0.0813284
0.0295816
0.0288779
0.0280965
0.0272777
0.0264818
0.0257756
0.0252103
0.0248046
0.0245425
0.0243916
0.0243192
0.0242985
0.0243097
0.0243391
0.0243772
0.0244175
0.0244553
0.0244868
0.0245078
0.0245135
0.024498
0.0244537
0.0243713
0.0242388
0.0240415
0.0237618
0.0233794
0.0228721
0.0222186
0.0214029
0.0204218
0.019295
0.0180768
0.0168615
0.0157759
0.0149502
0.0144771
0.014381
0.0146166
0.0150911
0.0156967
0.0163357
0.0169348
0.0174485
0.0178553
0.0181525
0.0183488
0.0184596
0.0185032
0.0184984
0.0184645
0.0184215
0.0183942
0.0184144
0.0185254
0.018788
0.019287
0.020142
0.0215286
0.0237245
0.0271612
0.0323194
0.0391349
0.0461603
0.0511032
0.0529793
0.05264
0.0514233
0.0501784
0.049214
0.0485675
0.0481801
0.047978
0.0478983
0.0478941
0.0479323
0.0479895
0.0480485
0.0480963
0.0481199
0.0481052
0.048036
0.0478927
0.0476519
0.0472871
0.0467702
0.0460763
0.0451908
0.0441206
0.0429077
0.0416387
0.040441
0.039456
0.0387973
0.0385133
0.0385778
0.0389103
0.0394065
0.039967
0.0405134
0.0409942
0.0413827
0.0416714
0.041866
0.0419799
0.0420304
0.0420361
0.0420165
0.0419925
0.0419898
0.0420412
0.0421909
0.0425001
0.0430527
0.0439658
0.0454085
0.0476428
0.0510662
0.0561003
0.0626231
0.0692071
0.0736962
0.0752436
0.0747252
0.0734253
0.0721402
0.0711504
0.0704825
0.070075
0.0698542
0.069758
0.0697405
0.069769
0.0698209
0.0698795
0.0699322
0.0699664
0.0699688
0.0699236
0.0698119
0.0696107
0.0692937
0.0688329
0.0682019
0.0673833
0.0663788
0.0652222
0.063989
0.0627946
0.0617708
0.0610283
0.0606209
0.0605351
0.0607058
0.0610436
0.06146
0.0618832
0.0622641
0.062576
0.0628092
0.0629671
0.0630604
0.0631042
0.0631157
0.0631135
0.0631181
0.063155
0.0632572
0.0634686
0.0638491
0.0644801
0.0654726
0.0669816
0.0692348
0.072552
0.0772218
0.0830015
0.0885372
0.0920012
0.0928358
0.0919424
0.090478
0.089121
0.0880916
0.0873927
0.0869561
0.0867075
0.0865863
0.0865481
0.0865621
0.0866072
0.0866683
0.0867342
0.0867941
0.0868363
0.086847
0.0868089
0.0867006
0.0864962
0.0861654
0.0856758
0.0849966
0.0841054
0.0829973
0.0816935
0.0802459
0.0787307
0.0772325
0.0758247
0.0745582
0.0734584
0.0725295
0.0717618
0.0711378
0.0706369
0.0702389
0.0699257
0.0696821
0.0694959
0.0693582
0.0692626
0.0692053
0.0691848
0.0692014
0.0692579
0.0693589
0.0695111
0.0697245
0.070012
0.07039
0.0708778
0.071497
0.0722673
0.0731992
0.0742807
0.0754664
0.0766909
0.0778857
0.0789948
0.0799849
0.0290561
0.0283313
0.0275623
0.0267934
0.0260794
0.0254718
0.025004
0.024682
0.0244877
0.0243915
0.0243639
0.0243801
0.024422
0.0244772
0.0245375
0.0245974
0.0246532
0.0247017
0.0247393
0.0247615
0.0247623
0.0247336
0.024665
0.024543
0.0243511
0.024069
0.0236742
0.0231427
0.0224524
0.0215884
0.0205509
0.019365
0.0180904
0.0168252
0.0156971
0.0148385
0.0143488
0.0142626
0.0145421
0.0150934
0.0157975
0.0165397
0.0172303
0.0178124
0.0182598
0.0185706
0.018758
0.0188432
0.0188501
0.0188018
0.0187206
0.0186284
0.0185512
0.0185226
0.0185887
0.0188144
0.0192907
0.0201444
0.0215575
0.0238007
0.0272522
0.0322626
0.0386668
0.0452243
0.0500816
0.0522941
0.05237
0.0514125
0.0502665
0.0493193
0.0486645
0.0482693
0.0480674
0.0479958
0.0480052
0.0480599
0.0481352
0.0482133
0.0482802
0.0483222
0.0483243
0.0482685
0.0481328
0.0478915
0.0475153
0.0469747
0.046245
0.0453139
0.044193
0.0429296
0.0416137
0.0403738
0.0393529
0.038671
0.0383873
0.0384855
0.0388856
0.0394739
0.0401345
0.0407724
0.0413236
0.0417556
0.0420608
0.0422489
0.0423386
0.0423529
0.0423151
0.0422479
0.0421744
0.0421219
0.0421253
0.0422317
0.0425063
0.0430391
0.0439535
0.0454236
0.0477032
0.051137
0.0560244
0.0621549
0.0683074
0.0727367
0.0746157
0.0744895
0.0734278
0.0722287
0.071249
0.0705687
0.0701503
0.0699271
0.0698367
0.0698304
0.0698737
0.0699425
0.0700194
0.070091
0.0701442
0.0701646
0.0701348
0.0700335
0.0698354
0.0695115
0.0690319
0.0683703
0.0675112
0.0664608
0.0652579
0.0639813
0.0627472
0.0616885
0.060921
0.0605079
0.060445
0.0606691
0.0610833
0.061585
0.0620877
0.0625308
0.0628813
0.0631291
0.0632804
0.0633507
0.0633602
0.0633302
0.0632827
0.0632407
0.0632317
0.0632904
0.0634639
0.0638159
0.0644329
0.0654307
0.0669665
0.0692567
0.0725718
0.0770966
0.0825305
0.0877199
0.0911798
0.0923326
0.0917818
0.0905112
0.0892133
0.0881794
0.0874593
0.0870054
0.0867488
0.0866279
0.0865961
0.0866205
0.0866789
0.0867556
0.0868391
0.086918
0.0869801
0.0870101
0.0869888
0.0868924
0.0866924
0.0863565
0.0858518
0.0851491
0.0842296
0.083093
0.0817639
0.0802933
0.0787528
0.0772217
0.0757711
0.0744538
0.0733002
0.0723202
0.0715079
0.0708472
0.0703172
0.0698963
0.069564
0.0693029
0.0690993
0.0689427
0.068826
0.0687451
0.0686983
0.0686862
0.0687115
0.068779
0.0688956
0.0690707
0.0693166
0.0696484
0.0700835
0.0706403
0.0713352
0.0721769
0.0731577
0.0742478
0.0754002
0.0765603
0.0776774
0.0787143
0.0286209
0.0278984
0.0271592
0.0264469
0.0258083
0.0252821
0.024889
0.024628
0.0244804
0.0244192
0.0244176
0.0244534
0.0245102
0.0245769
0.0246466
0.024715
0.0247793
0.0248369
0.0248848
0.0249188
0.0249326
0.0249178
0.0248626
0.024752
0.0245672
0.0242858
0.0238828
0.0233329
0.0226135
0.0217112
0.0206296
0.0193981
0.01808
0.0167755
0.0156123
0.0147239
0.0142158
0.0141322
0.0144437
0.0150577
0.015847
0.0166815
0.0174555
0.0180999
0.0185835
0.0189051
0.019083
0.0191452
0.0191215
0.0190401
0.018926
0.0188028
0.0186971
0.0186432
0.0186888
0.0189014
0.0193757
0.0202426
0.0216853
0.0239602
0.0273901
0.0322195
0.0382258
0.0443537
0.0490958
0.0515793
0.0520596
0.0514041
0.0504026
0.0494937
0.0488299
0.0484135
0.0481931
0.0481094
0.0481133
0.048168
0.0482475
0.0483333
0.0484103
0.0484638
0.0484772
0.0484307
0.0482999
0.0480565
0.0476693
0.0471077
0.0463479
0.0453802
0.0442202
0.0429187
0.0415675
0.0402949
0.0392444
0.0385407
0.0382537
0.0383763
0.038832
0.0395004
0.0402511
0.0409729
0.041589
0.0420604
0.0423798
0.0425609
0.0426292
0.0426137
0.0425425
0.0424417
0.0423365
0.042255
0.0422331
0.0423194
0.0425818
0.0431135
0.0440414
0.0455397
0.0478472
0.0512549
0.0559629
0.0617139
0.06747
0.0718107
0.0739616
0.0742217
0.0734414
0.0723722
0.0714227
0.0707289
0.0702867
0.070043
0.0699389
0.0699259
0.0699681
0.0700403
0.0701245
0.0702063
0.0702715
0.0703044
0.0702856
0.0701916
0.0699944
0.0696629
0.0691661
0.0684783
0.0675864
0.0665004
0.0652624
0.0639533
0.0626888
0.0616019
0.0608119
0.0603914
0.0603448
0.060613
0.0610943
0.0616738
0.0622507
0.0627524
0.0631394
0.063401
0.0635466
0.0635974
0.0635789
0.0635175
0.0634382
0.0633662
0.06333
0.0633659
0.0635222
0.0638649
0.0644831
0.0654945
0.067054
0.0693618
0.0726391
0.0769897
0.0820889
0.0869594
0.0903875
0.0918114
0.0916063
0.0905725
0.0893736
0.0883523
0.0876091
0.0871257
0.0868442
0.0867061
0.0866643
0.0866848
0.0867443
0.0868268
0.0869198
0.0870112
0.0870877
0.0871322
0.0871236
0.0870354
0.0868369
0.0864946
0.0859756
0.0852527
0.0843109
0.0831537
0.081808
0.0803241
0.0787695
0.0772186
0.0757401
0.0743879
0.073196
0.0721792
0.0713351
0.0706495
0.0701016
0.0696679
0.0693259
0.0690561
0.0688429
0.0686746
0.0685434
0.0684449
0.0683774
0.0683417
0.0683407
0.0683794
0.0684645
0.068605
0.0688124
0.0691004
0.0694845
0.0699806
0.0706028
0.0713585
0.0722435
0.0732378
0.0743076
0.0754104
0.0765029
0.0775487
0.0282761
0.0275701
0.0268682
0.0262108
0.0256363
0.0251736
0.0248352
0.0246159
0.0244975
0.0244555
0.0244661
0.0245092
0.0245703
0.0246396
0.0247114
0.0247822
0.02485
0.024913
0.0249685
0.0250124
0.0250381
0.0250363
0.0249942
0.0248948
0.0247174
0.0244373
0.0240277
0.023462
0.0227181
0.0217844
0.0206675
0.0194003
0.0180488
0.0167135
0.0155213
0.0146059
0.0140777
0.01399
0.0143225
0.0149861
0.0158476
0.0167644
0.0176152
0.0183182
0.0188359
0.0191676
0.0193367
0.0193782
0.019329
0.0192221
0.0190858
0.0189454
0.0188279
0.0187676
0.0188127
0.0190322
0.019522
0.020414
0.0218877
0.0241796
0.0275586
0.0321847
0.0378086
0.0435376
0.0481416
0.0508327
0.0516879
0.0513586
0.050545
0.0497059
0.0490445
0.0486036
0.0483534
0.0482442
0.0482293
0.0482722
0.0483461
0.0484313
0.0485115
0.0485704
0.0485898
0.0485475
0.0484169
0.0481674
0.0477667
0.047184
0.0463968
0.0453983
0.0442075
0.0428774
0.0415005
0.0402033
0.0391288
0.0384052
0.0381114
0.0382504
0.0387503
0.0394868
0.0403178
0.0411168
0.0417937
0.0423025
0.0426353
0.0428104
0.0428599
0.0428195
0.0427229
0.0425994
0.0424763
0.0423822
0.0423532
0.0424388
0.0427077
0.0432542
0.0442058
0.0457318
0.0480512
0.0514032
0.0559104
0.0612964
0.0666845
0.0709135
0.073278
0.0739
0.0734269
0.0725301
0.0716407
0.0709441
0.0704747
0.0701997
0.0700691
0.0700366
0.0700665
0.0701327
0.0702163
0.0703014
0.0703727
0.0704126
0.0703995
0.0703076
0.0701067
0.0697645
0.0692494
0.0685371
0.0676172
0.0665026
0.0652382
0.0639053
0.0626184
0.061509
0.0606993
0.0602694
0.0602331
0.0605364
0.0610749
0.0617244
0.0623703
0.0629278
0.0633505
0.0636263
0.0637681
0.0638026
0.0637617
0.0636767
0.0635761
0.063487
0.0634391
0.0634688
0.063625
0.0639747
0.0646069
0.0656385
0.0672182
0.0695262
0.0727377
0.076895
0.0816725
0.0862459
0.0896193
0.0912662
0.0913924
0.0906239
0.089564
0.0885819
0.0878245
0.0873075
0.0869912
0.086824
0.0867609
0.0867675
0.08682
0.0869012
0.0869976
0.087096
0.0871815
0.087235
0.0872332
0.0871474
0.0869453
0.0865928
0.0860578
0.0853157
0.0843547
0.083182
0.081826
0.0803359
0.0787756
0.0772151
0.0757204
0.0743454
0.0731272
0.0720843
0.071218
0.0705161
0.0699577
0.0695182
0.0691729
0.0689003
0.0686828
0.0685076
0.0683665
0.0682547
0.0681708
0.0681158
0.068093
0.0681073
0.0681655
0.068276
0.0684494
0.0686981
0.0690356
0.069476
0.0700312
0.0707081
0.071505
0.0724083
0.0733935
0.074428
0.0754759
0.076504
0.0280157
0.0273343
0.0266709
0.0260621
0.0255395
0.0251243
0.0248237
0.0246306
0.0245279
0.0244936
0.0245066
0.0245491
0.0246081
0.0246751
0.0247452
0.0248157
0.0248853
0.0249524
0.0250145
0.0250674
0.0251041
0.0251144
0.025084
0.0249942
0.0248224
0.0245419
0.0241246
0.0235435
0.0227773
0.0218165
0.0206706
0.0193754
0.0179984
0.0166395
0.0154238
0.0144842
0.0139345
0.0138368
0.0141803
0.0148814
0.0158039
0.0167945
0.0177173
0.0184779
0.0190312
0.0193757
0.0195392
0.0195639
0.0194936
0.0193673
0.0192167
0.0190689
0.0189515
0.0188987
0.0189586
0.0191999
0.0197184
0.0206436
0.022147
0.0244414
0.0277453
0.032154
0.0374122
0.0427683
0.0472158
0.0500557
0.0512444
0.0512476
0.0506581
0.0499251
0.0492885
0.0488306
0.0485486
0.048407
0.0483651
0.0483881
0.0484488
0.0485267
0.0486036
0.0486616
0.0486804
0.0486355
0.0484985
0.0482372
0.0478185
0.0472126
0.0463988
0.0453734
0.0441579
0.0428071
0.0414124
0.040098
0.039005
0.0382637
0.0379605
0.0381086
0.0386425
0.0394366
0.0403392
0.0412099
0.0419459
0.042493
0.0428417
0.0430139
0.0430486
0.0429884
0.0428726
0.0427346
0.0426035
0.0425088
0.0424865
0.0425859
0.0428753
0.0434486
0.0444302
0.0459813
0.0482972
0.0515697
0.0558625
0.0608995
0.0659432
0.0700419
0.072565
0.0735127
0.0733556
0.0726674
0.0718731
0.071195
0.0707053
0.070397
0.0702332
0.0701734
0.0701831
0.0702362
0.0703126
0.0703949
0.070466
0.0705062
0.070492
0.0703953
0.0701845
0.0698264
0.0692903
0.0685534
0.0676081
0.0664704
0.0651865
0.0638373
0.0625347
0.0614086
0.0605818
0.0601412
0.0601096
0.0604396
0.0610265
0.0617386
0.0624491
0.0630615
0.0635214
0.0638144
0.0639561
0.0639789
0.063921
0.0638189
0.063705
0.0636086
0.0635601
0.0635961
0.0637652
0.0641337
0.0647892
0.0658448
0.0674398
0.0697319
0.0728555
0.0768082
0.081278
0.0855723
0.0888717
0.0906949
0.0911264
0.0906369
0.0897513
0.0888404
0.0880874
0.0875426
0.0871891
0.0869868
0.0868952
0.0868811
0.0869202
0.0869945
0.0870888
0.0871885
0.0872766
0.0873321
0.0873297
0.087239
0.0870266
0.0866586
0.0861045
0.0853424
0.084364
0.0831791
0.0818174
0.0803267
0.0787676
0.0772057
0.075704
0.0743161
0.073081
0.0720205
0.0711393
0.0704272
0.0698638
0.0694233
0.0690791
0.0688076
0.0685896
0.0684111
0.0682633
0.0681415
0.0680445
0.0679738
0.0679328
0.0679268
0.0679623
0.0680473
0.0681916
0.068406
0.0687027
0.0690936
0.0695891
0.0701958
0.0709133
0.0717327
0.0726363
0.0735987
0.074591
0.075584
0.0278317
0.0271782
0.0265514
0.0259837
0.0255013
0.0251201
0.0248439
0.0246652
0.0245682
0.0245336
0.0245426
0.0245796
0.024633
0.0246953
0.0247623
0.0248318
0.0249028
0.0249737
0.0250422
0.0251034
0.02515
0.0251704
0.0251491
0.0250657
0.0248959
0.0246116
0.0241839
0.023586
0.0227979
0.0218126
0.0206424
0.0193253
0.0179295
0.0165534
0.0153192
0.0143582
0.0137865
0.0136738
0.0140194
0.0147467
0.0157197
0.0167769
0.0177692
0.0185889
0.0191823
0.0195456
0.0197097
0.0197232
0.0196373
0.0194967
0.0193375
0.0191892
0.0190799
0.019044
0.0191291
0.0194027
0.0199582
0.0209207
0.0224496
0.0247319
0.027941
0.0321244
0.0370339
0.0420395
0.0463164
0.049252
0.0507262
0.0510524
0.0507118
0.0501209
0.0495386
0.0490812
0.0487743
0.0486003
0.0485278
0.0485257
0.0485676
0.0486319
0.048699
0.0487491
0.0487595
0.0487042
0.0485528
0.0482726
0.0478306
0.0471984
0.0463579
0.0453081
0.0440731
0.0427082
0.041303
0.0399782
0.038872
0.0381156
0.0378013
0.0379523
0.038511
0.0393529
0.0403196
0.0412585
0.0420539
0.0426429
0.0430127
0.0431881
0.0432138
0.0431394
0.0430102
0.0428638
0.0427318
0.0426446
0.0426383
0.0427614
0.0430811
0.0436885
0.044703
0.046274
0.0485714
0.0517451
0.055816
0.0605204
0.06524
0.0691937
0.0718254
0.0730554
0.0732083
0.0727542
0.0720903
0.0714589
0.0709655
0.0706302
0.0704332
0.0703425
0.0703272
0.0703617
0.0704249
0.0704981
0.0705619
0.0705949
0.0705714
0.0704618
0.0702337
0.069854
0.069293
0.0685305
0.0675619
0.0664052
0.0651076
0.0637486
0.062437
0.0612993
0.0604586
0.0600066
0.059975
0.0603238
0.0609508
0.0617188
0.0624908
0.0631588
0.0636596
0.0639752
0.064123
0.0641402
0.0640712
0.063958
0.0638371
0.0637404
0.0636991
0.0637498
0.0639406
0.0643358
0.06502
0.0661002
0.0677038
0.0699651
0.0729834
0.0767257
0.0809022
0.0849329
0.0881423
0.0900982
0.0908015
0.0905914
0.0899069
0.0891005
0.0883774
0.0878192
0.0874338
0.087196
0.0870727
0.0870336
0.0870545
0.0871165
0.0872031
0.0872975
0.0873808
0.0874304
0.0874188
0.0873148
0.0870847
0.0866954
0.0861185
0.0853352
0.0843401
0.0831456
0.0817819
0.0802953
0.0787428
0.0771863
0.0756855
0.0742928
0.0730486
0.0719775
0.0710871
0.0703695
0.069805
0.0693669
0.0690269
0.0687595
0.0685437
0.0683645
0.0682127
0.0680836
0.0679763
0.0678928
0.0678369
0.067814
0.0678305
0.0678941
0.0680136
0.0681988
0.0684601
0.068808
0.0692515
0.0697965
0.0704438
0.0711875
0.0720147
0.072906
0.0738378
0.0747853
0.0277148
0.0270905
0.0264968
0.0259629
0.0255106
0.0251526
0.0248908
0.0247177
0.0246194
0.024579
0.0245801
0.0246087
0.0246548
0.0247116
0.0247753
0.0248439
0.0249165
0.0249913
0.0250657
0.0251343
0.0251887
0.0252165
0.0252005
0.0251191
0.0249464
0.0246537
0.0242117
0.0235945
0.0227839
0.0217757
0.0205848
0.0192509
0.0178421
0.0164545
0.0152069
0.0142277
0.0136339
0.0135023
0.0138419
0.0145851
0.0155987
0.0167159
0.017776
0.0186582
0.0192988
0.0196895
0.019863
0.0198731
0.0197778
0.0196282
0.0194651
0.0193208
0.0192249
0.019212
0.0193286
0.0196404
0.0202371
0.0212366
0.0227841
0.02504
0.0281385
0.0320931
0.0366713
0.0413464
0.045442
0.0484266
0.0501354
0.0507625
0.0506828
0.0502646
0.0497687
0.0493359
0.0490185
0.0488187
0.0487169
0.0486876
0.0487064
0.0487517
0.0488024
0.0488369
0.0488307
0.0487562
0.0485821
0.0482756
0.0478047
0.0471432
0.0462756
0.0452039
0.0439539
0.0425807
0.0411715
0.0398429
0.038729
0.0379605
0.0376344
0.0377833
0.0383583
0.0392389
0.0402628
0.0412671
0.042124
0.0427604
0.0431592
0.043346
0.0433704
0.0432884
0.0431514
0.0430017
0.0428738
0.0427996
0.0428151
0.0429681
0.0433234
0.0439682
0.0450146
0.0465978
0.0488625
0.0519222
0.0557684
0.0601566
0.0645702
0.0683675
0.0710632
0.0725289
0.0729734
0.0727671
0.072264
0.0717104
0.0712364
0.0708878
0.0706637
0.0705432
0.0705008
0.0705126
0.0705573
0.0706148
0.0706639
0.0706813
0.0706399
0.070509
0.0702559
0.0698485
0.0692591
0.06847
0.0674795
0.0663076
0.0650016
0.0636389
0.0623242
0.0611803
0.0603291
0.0598656
0.05983
0.0601907
0.0608496
0.0616674
0.0624985
0.0632238
0.0637707
0.0641166
0.0642785
0.0642979
0.0642246
0.0641063
0.0639837
0.0638916
0.0638627
0.0639336
0.0641511
0.064577
0.0652916
0.066394
0.0679978
0.0702147
0.0731145
0.0766448
0.0805426
0.0843233
0.0874296
0.0894785
0.0904156
0.090474
0.0900073
0.0893353
0.088671
0.0881203
0.087715
0.0874469
0.0872927
0.0872266
0.0872257
0.0872705
0.0873432
0.0874253
0.087496
0.0875308
0.0875012
0.0873753
0.08712
0.0867037
0.0861006
0.0852946
0.0842836
0.0830815
0.081719
0.0802405
0.0786997
0.0771544
0.0756612
0.0742707
0.0730239
0.0719479
0.071053
0.0703337
0.0697709
0.0693377
0.0690043
0.0687432
0.0685318
0.0683543
0.0682008
0.0680668
0.0679517
0.067858
0.0677899
0.067753
0.0677538
0.0677994
0.0678981
0.0680584
0.0682894
0.0686003
0.0689987
0.0694901
0.0700759
0.0707522
0.0715095
0.072333
0.0732037
0.0741004
0.0276558
0.0270611
0.0264971
0.0259907
0.0255608
0.0252178
0.0249629
0.0247893
0.0246849
0.0246352
0.0246258
0.0246448
0.0246828
0.0247339
0.0247944
0.0248625
0.0249368
0.0250154
0.0250947
0.025169
0.0252286
0.0252599
0.0252447
0.0251598
0.0249787
0.024672
0.0242111
0.0235715
0.0227375
0.0217073
0.0204985
0.0191523
0.0177358
0.0163422
0.0150859
0.014092
0.013477
0.0133234
0.01365
0.0143993
0.0154438
0.0166144
0.017741
0.01869
0.0193863
0.0198152
0.0200089
0.020025
0.0199278
0.0197749
0.0196121
0.0194753
0.0193961
0.0194093
0.0195606
0.0199129
0.020551
0.0215837
0.0231406
0.0253565
0.0283323
0.0320584
0.0363223
0.0406852
0.0445918
0.0475848
0.0494776
0.0503742
0.0505546
0.050331
0.0499514
0.0495706
0.0492626
0.049049
0.0489234
0.0488679
0.0488616
0.0488832
0.0489112
0.0489226
0.0488915
0.0487893
0.0485846
0.048245
0.0477403
0.0470469
0.0461523
0.0450611
0.0438003
0.0424245
0.0410177
0.0396914
0.0385754
0.0377983
0.0374604
0.0376029
0.0381867
0.0390974
0.0401718
0.041239
0.0421599
0.0428507
0.043288
0.0434963
0.0435285
0.0434465
0.0433078
0.0431594
0.0430395
0.0429816
0.0430223
0.043208
0.0436008
0.0442826
0.0453566
0.0469426
0.0491612
0.0520955
0.0557176
0.059806
0.0639302
0.0675626
0.0702831
0.0719375
0.0726459
0.0726889
0.0723692
0.0719229
0.0714947
0.0711518
0.0709119
0.0707669
0.0706982
0.0706851
0.0707067
0.0707422
0.0707692
0.0707628
0.0706949
0.0705345
0.0702494
0.069809
0.0691881
0.0683719
0.0673612
0.0661777
0.0648683
0.0635075
0.0621956
0.0610508
0.0601927
0.0597185
0.0596758
0.0600419
0.0607251
0.0615864
0.062474
0.0632587
0.0638581
0.0642429
0.0644289
0.0644596
0.0643897
0.0642724
0.064153
0.0640695
0.0640563
0.0641501
0.0643965
0.0648541
0.0655976
0.066717
0.0683114
0.0704717
0.0732433
0.0765632
0.0801967
0.0837399
0.0867326
0.0888388
0.0899706
0.0902775
0.0900347
0.0895205
0.0889432
0.0884244
0.0880163
0.087728
0.0875473
0.0874547
0.0874297
0.0874531
0.0875061
0.0875687
0.0876186
0.0876299
0.0875736
0.0874179
0.0871307
0.0866824
0.08605
0.0852205
0.0841943
0.0829868
0.0816285
0.0801618
0.0786371
0.0771084
0.0756285
0.0742462
0.0730026
0.0719265
0.071031
0.0703129
0.0697543
0.0693279
0.0690028
0.0687498
0.068545
0.0683712
0.0682183
0.0680816
0.0679611
0.0678596
0.0677817
0.0677334
0.0677211
0.0677518
0.0678328
0.0679719
0.0681771
0.0684562
0.0688158
0.0692609
0.0697929
0.0704096
0.0711039
0.0718643
0.0726755
0.0735195
0.0276454
0.027081
0.0265444
0.0260608
0.0256475
0.0253138
0.0250606
0.0248824
0.0247689
0.0247078
0.0246868
0.0246953
0.024725
0.0247704
0.024828
0.0248956
0.0249713
0.0250527
0.0251356
0.0252129
0.0252742
0.0253045
0.0252844
0.02519
0.0249941
0.0246676
0.0241831
0.0235178
0.0226589
0.0216076
0.0203836
0.019029
0.0176097
0.0162154
0.0149555
0.0139506
0.013316
0.0131382
0.0134458
0.0141923
0.0152581
0.016475
0.0176661
0.0186858
0.0194468
0.0199259
0.0201521
0.0201854
0.0200952
0.0199452
0.019787
0.0196606
0.0196
0.0196406
0.0198271
0.0202192
0.0208956
0.0219551
0.0235108
0.0256738
0.0285181
0.0320184
0.0359849
0.0400526
0.0437654
0.0467322
0.0487609
0.0498895
0.0503177
0.0502998
0.050061
0.0497588
0.0494827
0.0492711
0.0491312
0.0490536
0.0490219
0.0490168
0.0490169
0.0489984
0.048935
0.0487976
0.0485553
0.0481771
0.0476351
0.0469084
0.0459876
0.0448797
0.0436126
0.0422396
0.040841
0.0395232
0.0384104
0.0376285
0.0372796
0.0374126
0.0379985
0.038931
0.0400489
0.0411763
0.0421634
0.0429158
0.0434018
0.043643
0.0436937
0.0436206
0.0434866
0.0433442
0.0432354
0.043196
0.0432631
0.0434818
0.043911
0.0446266
0.0457215
0.0472999
0.0494601
0.0522607
0.0556619
0.0594667
0.0633168
0.0667782
0.0694901
0.0712879
0.0722264
0.0725092
0.0723854
0.0720708
0.0717144
0.0713989
0.0711584
0.0709976
0.0709064
0.0708681
0.0708636
0.0708719
0.07087
0.0708323
0.0707303
0.0705333
0.0702103
0.0697329
0.0690786
0.0682355
0.0672069
0.0660156
0.0647075
0.0633541
0.0620507
0.0609101
0.060049
0.0595653
0.0595131
0.059879
0.0605792
0.0614775
0.0624184
0.0632642
0.0639224
0.0643557
0.0645763
0.0646286
0.0645709
0.0644612
0.0643498
0.0642782
0.0642826
0.0644005
0.0646756
0.0651631
0.0659314
0.0670608
0.068636
0.0707287
0.0733658
0.0764793
0.0798626
0.0831799
0.0860507
0.0881831
0.0894706
0.0899997
0.0899767
0.0896353
0.0891694
0.0887071
0.0883163
0.0880214
0.0878221
0.087706
0.0876565
0.0876553
0.0876834
0.0877198
0.0877413
0.0877212
0.0876304
0.0874379
0.0871131
0.0866291
0.0859655
0.0851123
0.084072
0.0828614
0.0815102
0.0800589
0.0785546
0.077047
0.0755856
0.0742169
0.0729814
0.0719096
0.071017
0.0703025
0.0697498
0.0693317
0.0690164
0.0687731
0.0685766
0.0684086
0.0682584
0.0681215
0.0679979
0.0678909
0.0678057
0.0677483
0.0677252
0.0677433
0.0678093
0.0679303
0.0681134
0.0683651
0.0686913
0.0690961
0.0695814
0.0701456
0.0707835
0.071486
0.0722408
0.0730326
0.0276738
0.0271418
0.0266317
0.0261683
0.025768
0.0254398
0.0251853
0.0250001
0.0248759
0.0248024
0.0247692
0.0247669
0.0247882
0.0248278
0.0248822
0.0249487
0.025025
0.0251077
0.0251916
0.0252686
0.0253271
0.0253509
0.0253198
0.0252092
0.0249919
0.0246397
0.0241267
0.0234328
0.0225479
0.0214761
0.0202395
0.0188805
0.0174631
0.0160731
0.0148146
0.0138029
0.0131508
0.0129478
0.0132313
0.0139666
0.0150442
0.0162997
0.0175522
0.0186456
0.0194799
0.0200212
0.0202934
0.0203562
0.0202829
0.0201432
0.0199944
0.019881
0.01984
0.0199079
0.0201281
0.0205567
0.021266
0.0223439
0.0238872
0.0259861
0.0286924
0.0319722
0.0356576
0.0394459
0.0429624
0.0458744
0.0479943
0.0493145
0.049969
0.0501575
0.0500754
0.0498746
0.0496525
0.0494607
0.0493185
0.0492254
0.0491708
0.0491378
0.0491063
0.0490528
0.0489511
0.0487727
0.0484876
0.048067
0.0474857
0.0467258
0.0457807
0.0446594
0.0433906
0.0420258
0.0406414
0.0393379
0.0382338
0.0374511
0.0370926
0.0372136
0.0377958
0.0387422
0.0398965
0.0410801
0.0421351
0.0429556
0.0435008
0.0437867
0.0438675
0.0438128
0.0436909
0.0435594
0.0434646
0.0434449
0.0435383
0.0437886
0.0442509
0.0449946
0.046102
0.047662
0.0497531
0.0524145
0.0556002
0.059137
0.0627275
0.0660143
0.0686892
0.0705881
0.0717195
0.0722237
0.0722981
0.0721321
0.07187
0.0716035
0.0713795
0.0712145
0.071107
0.0710455
0.0710134
0.0709908
0.0709548
0.0708798
0.0707375
0.0704985
0.0701336
0.0696167
0.0689284
0.0680598
0.0670161
0.0658209
0.064519
0.0631783
0.0618888
0.0607577
0.0598976
0.0594063
0.0593431
0.0597037
0.0604138
0.0613423
0.0623326
0.0632402
0.0639627
0.0644539
0.0647202
0.064805
0.0647688
0.0646741
0.0645757
0.0645188
0.0645422
0.0646837
0.0649856
0.0654994
0.0662868
0.067418
0.068964
0.07098
0.0734787
0.0763915
0.0795385
0.0826407
0.0853837
0.0875152
0.0889214
0.0896423
0.0898268
0.0896643
0.0893276
0.088944
0.0885907
0.088305
0.0880974
0.0879634
0.0878907
0.0878632
0.0878624
0.0878672
0.0878537
0.0877956
0.087664
0.0874292
0.0870629
0.0865407
0.0858451
0.0849689
0.0839165
0.0827053
0.0813644
0.0799321
0.078452
0.0769699
0.0755317
0.0741813
0.0729584
0.0718946
0.0710077
0.0702989
0.0697537
0.0693451
0.0690407
0.0688085
0.0686219
0.0684617
0.0683165
0.0681816
0.0680573
0.0679472
0.0678568
0.0677924
0.0677607
0.0677683
0.0678216
0.0679271
0.068091
0.0683191
0.0686162
0.0689862
0.0694307
0.0699486
0.0705361
0.071186
0.0718881
0.0726295
0.0277304
0.0272347
0.0267523
0.0263084
0.0259197
0.0255954
0.025338
0.0251449
0.0250095
0.0249234
0.0248778
0.0248646
0.0248773
0.0249108
0.0249612
0.0250256
0.0251006
0.0251821
0.0252636
0.025336
0.0253863
0.0253976
0.0253486
0.0252149
0.0249695
0.0245858
0.0240399
0.0233146
0.022403
0.021312
0.0200654
0.0187058
0.017295
0.0159144
0.0146623
0.0136481
0.0129815
0.0127531
0.0130086
0.0137251
0.0148049
0.0160906
0.0173999
0.0185683
0.019483
0.0200984
0.0204301
0.0205356
0.0204904
0.0203692
0.020235
0.0201374
0.0201167
0.0202106
0.0204615
0.0209219
0.0216569
0.0227435
0.0242635
0.0262883
0.0288529
0.0319185
0.0353389
0.0388629
0.0421827
0.0450165
0.0471875
0.0486582
0.0495112
0.0498968
0.0499785
0.0498954
0.0497467
0.0495921
0.0494609
0.0493611
0.0492878
0.049228
0.0491634
0.0490718
0.048928
0.0487047
0.0483741
0.0479094
0.0472887
0.046497
0.0455306
0.0444002
0.0431346
0.0417833
0.0404186
0.0391352
0.038045
0.0372658
0.0368997
0.0370073
0.0375805
0.0385333
0.0397163
0.0409515
0.0420743
0.0429685
0.0435825
0.0439251
0.044048
0.0440222
0.0439203
0.0438051
0.0437271
0.0437279
0.0438464
0.0441253
0.0446159
0.0453807
0.0464914
0.0480225
0.0500355
0.0525547
0.0555315
0.0588154
0.0621599
0.0652705
0.0678852
0.0698469
0.0711331
0.0718335
0.0720992
0.0720899
0.0719391
0.0717405
0.0715499
0.0713935
0.071278
0.0711973
0.0711384
0.0710832
0.0710098
0.0708933
0.0707069
0.0704226
0.0700136
0.0694566
0.0687354
0.0678435
0.0667883
0.0655937
0.0643029
0.06298
0.0617097
0.0605932
0.0597383
0.0592417
0.0591665
0.0595177
0.0602308
0.0611824
0.0622172
0.0631859
0.063977
0.0645345
0.0648574
0.0649859
0.0649814
0.0649094
0.0648292
0.0647899
0.064833
0.064997
0.0653227
0.0658578
0.0666572
0.0677817
0.0692892
0.0712212
0.0735798
0.0762989
0.0792229
0.0821204
0.0847314
0.0868391
0.0883297
0.0892103
0.0895832
0.089597
0.0894002
0.0891126
0.0888154
0.0885547
0.0883506
0.0882059
0.0881134
0.0880598
0.0880278
0.0879969
0.0879439
0.0878428
0.0876659
0.0873854
0.0869754
0.0864141
0.0856871
0.0847895
0.0837274
0.0825187
0.0811915
0.0797817
0.0783295
0.0768769
0.0754661
0.0741383
0.0729321
0.0718796
0.0710009
0.0702997
0.0697631
0.0693649
0.0690723
0.0688524
0.0686773
0.0685267
0.0683886
0.068258
0.0681353
0.0680245
0.0679311
0.0678619
0.0678235
0.0678225
0.0678652
0.0679573
0.0681046
0.0683121
0.068584
0.0689235
0.0693322
0.0698093
0.0703519
0.070954
0.0716074
0.0723009
0.0278029
0.0273494
0.0268982
0.0264755
0.026099
0.0257789
0.0255189
0.0253182
0.0251719
0.0250736
0.0250159
0.0249918
0.0249955
0.025022
0.0250672
0.0251274
0.0251986
0.0252754
0.0253502
0.0254126
0.0254487
0.0254405
0.0253667
0.0252028
0.024923
0.0245023
0.0239197
0.023161
0.0222225
0.0211138
0.0198602
0.0185039
0.0171044
0.0157382
0.0144975
0.0134856
0.0128077
0.0125549
0.0127796
0.0134706
0.0145434
0.0158499
0.0172099
0.0184524
0.0194529
0.0201526
0.0205571
0.0207189
0.0207138
0.0206202
0.0205066
0.0204279
0.0204279
0.020546
0.0208238
0.0213098
0.0220623
0.0231477
0.024634
0.0265767
0.0289978
0.0318569
0.0350274
0.0383016
0.041426
0.044163
0.0463502
0.0479317
0.0489512
0.0495169
0.0497605
0.0498043
0.0497433
0.0496412
0.049534
0.0494372
0.0493515
0.0492678
0.0491709
0.0490405
0.0488533
0.048584
0.0482072
0.0476991
0.0470407
0.0462203
0.0452366
0.0441019
0.0428447
0.0415124
0.040173
0.038915
0.0378441
0.0370725
0.0367012
0.0367947
0.0373547
0.0383067
0.0395106
0.0407915
0.0419805
0.042952
0.0436432
0.0440539
0.0442308
0.0442449
0.0441716
0.0440784
0.0440203
0.0440422
0.0441842
0.044488
0.0450009
0.0457788
0.0468834
0.0483758
0.0503035
0.0526794
0.0554551
0.0585009
0.0616124
0.0645469
0.0670824
0.0690732
0.0704766
0.0713442
0.0717866
0.0719337
0.0719039
0.071788
0.0716458
0.0715108
0.0713965
0.0713025
0.0712195
0.071132
0.0710201
0.0708607
0.0706285
0.0702979
0.0698449
0.0692492
0.0684974
0.0675859
0.0665234
0.0653341
0.0640592
0.0627593
0.0615133
0.0604163
0.0595708
0.0590715
0.0589843
0.0593225
0.0600324
0.0609995
0.0620729
0.0631004
0.0639626
0.0645934
0.064983
0.0651663
0.0652037
0.0651627
0.0651065
0.0650879
0.0651513
0.065336
0.0656818
0.0662324
0.0670365
0.0681455
0.0696062
0.0714486
0.0736675
0.0762005
0.0789145
0.0816172
0.0840937
0.0861586
0.0877026
0.0887108
0.0892486
0.0894288
0.0893747
0.0891944
0.0889682
0.0887472
0.0885584
0.0884115
0.088304
0.0882261
0.0881625
0.0880943
0.087999
0.0878521
0.0876276
0.0873
0.0868459
0.0862464
0.0854898
0.0845735
0.0835049
0.0823021
0.0809921
0.0796084
0.0781878
0.0767685
0.0753889
0.0740875
0.0729014
0.0718633
0.0709952
0.070303
0.0697759
0.0693888
0.0691088
0.0689021
0.0687398
0.0686005
0.0684715
0.0683475
0.0682289
0.0681196
0.0680256
0.0679535
0.0679104
0.0679027
0.0679364
0.0680172
0.06815
0.0683394
0.0685891
0.0689019
0.069279
0.06972
0.0702223
0.0707813
0.0713898
0.0720384
0.0278763
0.0274734
0.0270594
0.0266621
0.0263006
0.0259867
0.025726
0.0255191
0.0253632
0.0252536
0.0251843
0.0251494
0.0251435
0.0251617
0.0251997
0.0252532
0.025317
0.0253846
0.0254474
0.0254937
0.0255087
0.025474
0.0253681
0.0251671
0.0248468
0.0243847
0.0237624
0.0229691
0.0220042
0.02088
0.0196227
0.0182739
0.0168903
0.0155436
0.0143195
0.0133146
0.0126294
0.0123538
0.0125459
0.0132058
0.0142627
0.0155803
0.0169831
0.0182967
0.0193858
0.0201783
0.0206677
0.0208993
0.0209466
0.0208906
0.0208045
0.0207481
0.0207695
0.0209098
0.0212099
0.0217148
0.0224763
0.0235509
0.0249941
0.0268484
0.029126
0.0317868
0.0347222
0.0377602
0.0406921
0.043318
0.0454915
0.0471469
0.0482993
0.0490225
0.0494185
0.0495908
0.0496262
0.0495881
0.0495166
0.0494323
0.0493413
0.0492386
0.0491122
0.0489448
0.0487153
0.0484014
0.0479802
0.0474314
0.046739
0.0458944
0.0448986
0.043765
0.0425217
0.0412138
0.0399048
0.0386776
0.0376308
0.0368713
0.0364975
0.0365769
0.0371201
0.0380648
0.0392816
0.0406011
0.041853
0.0429034
0.0436783
0.0441672
0.0444098
0.0444748
0.0444393
0.0443745
0.0443397
0.0443833
0.0445468
0.0448711
0.0454001
0.0461829
0.0472722
0.0487175
0.0505544
0.0527875
0.0553705
0.0581922
0.0610832
0.0638433
0.0662849
0.0682755
0.0697611
0.0707646
0.0713633
0.0716592
0.0717533
0.0717292
0.0716472
0.0715449
0.0714411
0.0713406
0.0712379
0.0711208
0.0709717
0.07077
0.0704929
0.0701174
0.0696226
0.0689912
0.0682129
0.0672862
0.0662214
0.0650424
0.0637885
0.0625164
0.0612997
0.0602269
0.059395
0.0588959
0.0587972
0.0591197
0.0598205
0.0607957
0.0619007
0.062983
0.0639168
0.064626
0.0650911
0.0653397
0.0654292
0.0654279
0.0654017
0.0654072
0.0654915
0.0656951
0.0660569
0.0666171
0.0674184
0.068504
0.0699108
0.0716596
0.0737405
0.0760958
0.078612
0.0811297
0.0834707
0.0854772
0.0870474
0.088152
0.0888287
0.0891598
0.0892444
0.0891765
0.0890314
0.0888618
0.0886993
0.0885587
0.0884422
0.0883435
0.08825
0.0881444
0.0880065
0.0878133
0.0875412
0.0871671
0.0866703
0.086035
0.085252
0.0843205
0.0832493
0.0820563
0.0807672
0.0794131
0.0780277
0.0766451
0.0753002
0.0740286
0.0728659
0.0718448
0.0709892
0.0703075
0.0697907
0.0694151
0.0691481
0.0689554
0.0688069
0.0686805
0.0685626
0.0684474
0.0683351
0.0682297
0.0681371
0.0680644
0.0680184
0.0680058
0.0680323
0.0681033
0.0682236
0.0683972
0.0686274
0.0689164
0.0692655
0.0696743
0.0701406
0.0706604
0.0712276
0.0718343
0.0279329
0.0275911
0.0272228
0.0268574
0.0265161
0.0262125
0.0259542
0.0257439
0.0255806
0.0254611
0.0253809
0.0253351
0.0253188
0.0253272
0.0253555
0.0253987
0.0254507
0.0255039
0.0255486
0.0255721
0.0255589
0.0254903
0.0253451
0.0251008
0.0247349
0.0242276
0.0235636
0.0227356
0.021746
0.020609
0.0193518
0.0180149
0.016652
0.0153297
0.0141272
0.0131343
0.012446
0.0121502
0.0123091
0.0129334
0.0139664
0.0152849
0.0167213
0.0181003
0.0192782
0.0201694
0.0207543
0.0210682
0.0211806
0.0211728
0.0211216
0.0210919
0.0211355
0.021296
0.0216139
0.0221311
0.0228931
0.0239478
0.0253399
0.0271011
0.0292366
0.031708
0.0344223
0.0372372
0.0399809
0.0424851
0.0446199
0.0463159
0.047568
0.0484225
0.0489555
0.0492511
0.0493855
0.0494187
0.0493917
0.0493288
0.0492399
0.0491242
0.0489731
0.0487724
0.0485043
0.0481492
0.0476878
0.0471029
0.0463819
0.0455188
0.0445168
0.0433902
0.0421664
0.0408881
0.0396148
0.0384232
0.0374053
0.0366621
0.0362888
0.0363548
0.0368788
0.0378101
0.0390318
0.0403821
0.0416917
0.0428203
0.0436832
0.0442587
0.0445776
0.0447044
0.044716
0.0446864
0.0446788
0.0447449
0.0449281
0.0452686
0.0458072
0.0465872
0.0476528
0.0490438
0.050786
0.0528784
0.0552775
0.0578885
0.0605709
0.0631595
0.0654961
0.0674619
0.0689977
0.0701059
0.070837
0.0712681
0.0714822
0.0715535
0.0715393
0.0714787
0.071394
0.0712941
0.0711775
0.0710349
0.0708521
0.0706112
0.0702922
0.0698754
0.0693428
0.0686805
0.0678808
0.0669445
0.0658828
0.0647193
0.0634915
0.0622519
0.061069
0.060025
0.0592109
0.0587151
0.058606
0.0589108
0.0595974
0.0605734
0.0617022
0.0628336
0.0638372
0.0646279
0.0651753
0.0654986
0.0656501
0.0656972
0.0657076
0.065741
0.065847
0.0660679
0.0664418
0.0670057
0.0677973
0.0688522
0.0701994
0.0718524
0.0737982
0.0759844
0.0783145
0.0806563
0.0828622
0.0847981
0.0863709
0.0875431
0.0883318
0.0887944
0.0890079
0.0890513
0.0889925
0.0888825
0.0887552
0.088629
0.0885099
0.0883951
0.0882747
0.0881342
0.0879552
0.0877174
0.0873996
0.0869816
0.0864455
0.0857782
0.0849729
0.0840308
0.0829613
0.0817822
0.080518
0.0791973
0.0778503
0.0765077
0.0752006
0.0739617
0.0728252
0.0718236
0.0709823
0.0703121
0.0698062
0.0694425
0.0691888
0.0690105
0.0688768
0.0687645
0.0686593
0.068555
0.0684512
0.0683519
0.0682631
0.0681918
0.0681449
0.068129
0.06815
0.0682131
0.0683226
0.0684823
0.0686951
0.0689631
0.0692871
0.069667
0.0701008
0.070585
0.0711144
0.0716819
0.0279517
0.0276836
0.0273715
0.0270469
0.026733
0.0264458
0.0261949
0.025985
0.0258172
0.0256899
0.0255999
0.0255434
0.0255157
0.0255121
0.0255276
0.0255564
0.0255916
0.0256245
0.0256445
0.0256381
0.0255893
0.0254797
0.0252889
0.0249957
0.0245802
0.0240252
0.023319
0.0224573
0.0214453
0.0202992
0.0190465
0.0177262
0.0163889
0.015096
0.0139201
0.0129442
0.0122573
0.0119446
0.0120708
0.0126562
0.0136579
0.0149673
0.0164269
0.0178636
0.0191274
0.0201203
0.0208087
0.0212164
0.021406
0.0214573
0.0214494
0.0214512
0.0215187
0.0216979
0.0220293
0.0225523
0.0233071
0.0243338
0.0256681
0.0273333
0.0293293
0.0316202
0.0341269
0.0367314
0.0392918
0.0416672
0.0437431
0.0454504
0.0467706
0.0477289
0.0483793
0.0487877
0.0490184
0.0491254
0.0491488
0.0491142
0.0490345
0.0489123
0.0487424
0.048514
0.0482126
0.047822
0.0473263
0.0467117
0.0459686
0.0450937
0.044092
0.0429785
0.04178
0.0405367
0.0393039
0.0381524
0.0371679
0.0364451
0.0360756
0.0361294
0.0366322
0.0375451
0.0387639
0.0401366
0.0414969
0.0427007
0.0436536
0.0443218
0.0447264
0.0449252
0.0449933
0.0450061
0.0450301
0.0451201
0.0453214
0.0456741
0.0462163
0.0469862
0.0480208
0.0493516
0.0509969
0.0529517
0.055176
0.057589
0.0600743
0.0624954
0.0647189
0.0666396
0.0681973
0.0693802
0.0702181
0.0707666
0.0710918
0.0712567
0.0713137
0.0713008
0.0712423
0.0711498
0.0710254
0.070863
0.0706516
0.0703763
0.0700206
0.0695678
0.0690032
0.068316
0.0675011
0.0665612
0.0655084
0.0643658
0.0631689
0.0619666
0.0608218
0.0598107
0.0590184
0.0585292
0.0584113
0.0586973
0.0593653
0.0603349
0.0614793
0.0626527
0.0637223
0.0645949
0.0652294
0.0656352
0.0658579
0.065962
0.0660158
0.0660812
0.0662105
0.0664475
0.0668298
0.0673923
0.0681679
0.0691862
0.0704694
0.0720256
0.0738401
0.0758658
0.0780211
0.0801961
0.0822683
0.0841241
0.0856795
0.0868932
0.0877676
0.0883401
0.0886686
0.0888172
0.0888448
0.0887989
0.0887131
0.088608
0.0884926
0.088367
0.0882243
0.0880525
0.087836
0.0875572
0.0871977
0.08674
0.0861693
0.085475
0.0846526
0.0837049
0.082642
0.0814814
0.080246
0.0789622
0.0776569
0.0763572
0.0750908
0.0738874
0.0727794
0.0717993
0.0709739
0.0703161
0.0698217
0.06947
0.0692297
0.0690661
0.0689478
0.0688507
0.0687597
0.068668
0.0685748
0.0684837
0.0684008
0.0683329
0.0682871
0.0682698
0.068287
0.0683436
0.068444
0.0685916
0.0687891
0.0690382
0.0693399
0.0696937
0.070098
0.0705497
0.0710442
0.0715753
0.027909
0.0277279
0.0274846
0.0272116
0.0269345
0.0266714
0.0264343
0.0262301
0.0260617
0.0259293
0.025831
0.0257638
0.0257237
0.025706
0.0257053
0.0257152
0.0257281
0.0257345
0.025723
0.0256796
0.0255884
0.0254313
0.0251893
0.0248431
0.0243752
0.0237717
0.023024
0.0221309
0.0211002
0.0199493
0.0187059
0.0174073
0.0161005
0.0148418
0.0136976
0.0127437
0.0120628
0.011737
0.011832
0.0123764
0.0133408
0.0146315
0.0161032
0.0175879
0.0189317
0.0200262
0.0208236
0.0213344
0.0216126
0.0217338
0.021778
0.0218171
0.0219109
0.0221079
0.0224492
0.0229723
0.023713
0.0247049
0.0259764
0.0275439
0.029404
0.0315236
0.0338353
0.0362414
0.0386246
0.0408666
0.0428676
0.0445613
0.0459209
0.0469557
0.0477016
0.0482082
0.0485278
0.0487072
0.0487834
0.0487819
0.0487174
0.0485952
0.0484132
0.0481638
0.0478359
0.0474169
0.0468942
0.0462572
0.0454995
0.0446202
0.0436258
0.0425318
0.0413642
0.0401609
0.038973
0.037866
0.036919
0.0362205
0.035858
0.0359015
0.0363822
0.0372724
0.0384808
0.039867
0.04127
0.0425437
0.0435857
0.0443506
0.0448481
0.0451281
0.0452618
0.0453245
0.0453849
0.0455008
0.0457194
0.0460809
0.0466214
0.047375
0.0483725
0.0496388
0.0511862
0.0530074
0.0550658
0.057293
0.0595923
0.0618505
0.0639556
0.0658151
0.0673702
0.0686003
0.0695192
0.070165
0.0705882
0.0708406
0.0709679
0.0710056
0.0709783
0.0708993
0.0707733
0.0705974
0.0703636
0.0700603
0.0696743
0.0691923
0.0686026
0.0678975
0.0670743
0.0661374
0.0650996
0.0639833
0.0628221
0.0616612
0.0605587
0.0595845
0.0588178
0.0583384
0.0582138
0.0584806
0.0591265
0.060083
0.0612345
0.0624417
0.0635714
0.0645238
0.0652478
0.065742
0.0660437
0.0662131
0.0663172
0.0664193
0.066574
0.0668264
0.0672145
0.067771
0.0685254
0.0695023
0.0707186
0.0721782
0.073866
0.07574
0.077731
0.0797479
0.0816888
0.0834574
0.0849791
0.0862114
0.0871465
0.0878066
0.0882334
0.0884771
0.0885872
0.0886059
0.0885653
0.0884863
0.0883801
0.0882492
0.0880894
0.0878914
0.0876425
0.0873278
0.0869319
0.0864403
0.0858408
0.0851254
0.0842919
0.0833441
0.0822929
0.0811554
0.079953
0.0787096
0.077449
0.076195
0.0749716
0.0738059
0.0727286
0.0717719
0.0709636
0.0703191
0.0698365
0.0694968
0.0692699
0.0691211
0.0690185
0.0689374
0.0688619
0.0687843
0.0687034
0.0686227
0.0685476
0.0684852
0.0684423
0.0684255
0.0684406
0.0684924
0.0685853
0.0687224
0.0689063
0.0691387
0.0694201
0.0697503
0.0701277
0.0705496
0.0710119
0.0715092
0.0277789
0.0276984
0.027537
0.0273279
0.0270985
0.0268691
0.0266537
0.0264615
0.0262975
0.0261634
0.0260588
0.0259815
0.025928
0.0258939
0.0258735
0.02586
0.0258451
0.0258188
0.0257692
0.0256824
0.0255426
0.0253327
0.0250353
0.0246334
0.0241123
0.023461
0.0226741
0.0217534
0.0207087
0.0195583
0.0183296
0.0170579
0.0157866
0.0145671
0.0134594
0.0125323
0.0118624
0.0115275
0.0115938
0.0120965
0.0130185
0.0142817
0.0157541
0.0172755
0.0186912
0.0198838
0.0207922
0.0214132
0.0217897
0.0219914
0.0220968
0.0221797
0.022303
0.0225179
0.0228666
0.0233852
0.0241061
0.0250579
0.0262628
0.0277324
0.0294609
0.0314181
0.0335469
0.0357662
0.0379786
0.0400852
0.0419991
0.0436585
0.0450319
0.0461174
0.0469363
0.0475241
0.0479219
0.0481686
0.048297
0.0483312
0.0482866
0.0481702
0.0479827
0.0477195
0.0473728
0.0469333
0.0463917
0.0457407
0.0449764
0.0441003
0.0431203
0.0420521
0.040921
0.0397623
0.0386236
0.0375649
0.0366591
0.0359886
0.0356365
0.0356718
0.0361302
0.0369942
0.0381858
0.0395764
0.0410129
0.0423494
0.0434771
0.0443397
0.0449353
0.0453042
0.0455119
0.0456321
0.0457343
0.0458787
0.0461145
0.0464823
0.047017
0.0477491
0.0487048
0.0499036
0.0513535
0.0530457
0.0549472
0.0570001
0.0591239
0.0612247
0.0632082
0.0649939
0.066526
0.0677785
0.0687538
0.0694758
0.0699814
0.0703117
0.0705051
0.0705935
0.0706001
0.0705393
0.0704175
0.0702345
0.0699851
0.0696611
0.0692523
0.0687486
0.0681417
0.0674263
0.066602
0.0656749
0.064658
0.0635735
0.0624525
0.0613371
0.0602805
0.0593468
0.0586092
0.058143
0.0580139
0.0582618
0.0588829
0.0598205
0.0609709
0.0622027
0.0633847
0.0644125
0.0652257
0.0658119
0.0661991
0.0664411
0.0666024
0.0667464
0.0669292
0.0671974
0.0675893
0.0681366
0.0688659
0.0697978
0.0709455
0.0723099
0.073876
0.0756068
0.0774437
0.0793108
0.0811234
0.0828
0.0842747
0.0855059
0.0864791
0.087205
0.0877119
0.0880379
0.0882232
0.0883039
0.0883093
0.0882596
0.0881671
0.088036
0.0878646
0.0876462
0.0873709
0.0870266
0.0866008
0.0860818
0.0854602
0.0847305
0.083892
0.0829502
0.0819161
0.0808063
0.0796409
0.0784412
0.0772283
0.0760223
0.0748442
0.0737181
0.0726732
0.0717413
0.0709513
0.0703208
0.0698502
0.0695225
0.0693087
0.0691746
0.0690879
0.0690232
0.068964
0.0689018
0.068835
0.0687662
0.068701
0.068646
0.068608
0.0685935
0.0686081
0.0686568
0.0687437
0.068872
0.0690441
0.0692614
0.0695246
0.0698333
0.0701862
0.0705806
0.0710131
0.0714787
0.0275351
0.0275673
0.0275007
0.0273683
0.0271985
0.0270132
0.0268287
0.0266561
0.0265023
0.0263708
0.0262625
0.0261761
0.0261087
0.0260562
0.0260129
0.0259716
0.0259239
0.0258593
0.025766
0.0256303
0.0254372
0.0251709
0.0248158
0.0243575
0.023784
0.0230875
0.0222656
0.0213224
0.0202694
0.0191256
0.0179174
0.0166781
0.0154475
0.014272
0.0132053
0.0123098
0.0116556
0.0113162
0.0113571
0.0118184
0.0126946
0.0139223
0.0153844
0.0169302
0.0184071
0.0196913
0.0207097
0.0214448
0.0219273
0.0222189
0.0223945
0.0225284
0.0226856
0.0229199
0.0232746
0.0237853
0.0244822
0.0253898
0.026526
0.0278984
0.0295001
0.0313039
0.0332614
0.0353048
0.0373535
0.0393243
0.0411423
0.0427507
0.044116
0.0452285
0.0460984
0.0467496
0.0472126
0.0475188
0.0476962
0.0477664
0.0477446
0.0476391
0.0474524
0.0471826
0.046825
0.0463733
0.0458213
0.0451647
0.0444021
0.0435369
0.0425781
0.041542
0.0404525
0.039343
0.0382571
0.0372502
0.036389
0.03575
0.0354114
0.035441
0.0358776
0.0367131
0.0378818
0.0392684
0.0407285
0.042119
0.0433265
0.0442852
0.0449815
0.0454452
0.0457343
0.0459192
0.046069
0.0462454
0.0464993
0.0468721
0.0473978
0.0481046
0.0490151
0.0501448
0.0514985
0.0530668
0.0548202
0.0567097
0.0586681
0.0606174
0.0624782
0.0641806
0.0656729
0.0669265
0.0679355
0.0687129
0.0692841
0.0696804
0.0699331
0.0700696
0.0701109
0.0700714
0.0699587
0.0697746
0.0695167
0.0691794
0.0687557
0.0682385
0.0676223
0.0669044
0.0660866
0.0651759
0.064186
0.0631382
0.0620619
0.0609957
0.0599882
0.0590983
0.0583931
0.0579432
0.0578123
0.0580422
0.0586368
0.0595504
0.0606916
0.0619385
0.0631638
0.0642603
0.0651597
0.0658392
0.0663163
0.0666372
0.0668622
0.0670535
0.0672679
0.0675532
0.0679482
0.0684841
0.0691855
0.0700704
0.0711489
0.0724204
0.0738703
0.075466
0.0771584
0.0788839
0.0805719
0.0821535
0.0835709
0.0847843
0.0857756
0.0865467
0.0871154
0.0875094
0.0877602
0.0878977
0.0879475
0.0879284
0.0878527
0.087726
0.0875484
0.0873157
0.0870204
0.0866534
0.0862047
0.0856656
0.0850291
0.0842919
0.0834552
0.0825253
0.0815138
0.0804365
0.0793119
0.0781592
0.0769965
0.0758406
0.0747095
0.0736247
0.0726136
0.0717077
0.070937
0.070321
0.0698625
0.0695466
0.0693457
0.0692259
0.069155
0.069107
0.0690647
0.0690189
0.0689673
0.0689122
0.0688586
0.0688128
0.0687814
0.0687709
0.0687868
0.0688341
0.0689167
0.0690377
0.0691995
0.0694034
0.0696502
0.0699393
0.0702696
0.0706387
0.0710434
0.0714794
0.0271525
0.0273068
0.0273462
0.0273025
0.027204
0.027074
0.0269303
0.0267856
0.0266489
0.026525
0.0264162
0.0263224
0.0262413
0.0261691
0.0261003
0.0260278
0.0259431
0.0258359
0.0256946
0.0255062
0.0252569
0.0249325
0.0245196
0.0240063
0.0233836
0.0226465
0.0217953
0.0208361
0.0197816
0.0186511
0.0174698
0.0162686
0.0150837
0.0139567
0.0129355
0.0120761
0.0114425
0.0111032
0.0111223
0.0115437
0.0123719
0.0135577
0.014999
0.0165567
0.0180824
0.0194489
0.0205726
0.0214226
0.0220164
0.0224058
0.0226604
0.0228527
0.0230491
0.0233053
0.0236661
0.0241672
0.0248373
0.0256983
0.0267649
0.028042
0.0295223
0.0311814
0.0329783
0.0348563
0.0367485
0.0385849
0.040301
0.0418453
0.0431843
0.044303
0.0452034
0.0458999
0.0464142
0.0467704
0.0469914
0.0470961
0.0470986
0.0470075
0.0468271
0.0465576
0.0461967
0.0457409
0.045187
0.0445331
0.0437803
0.0429334
0.0420027
0.0410043
0.0399613
0.038905
0.0378754
0.0369232
0.0361097
0.0355051
0.0351833
0.0352097
0.0356257
0.036431
0.0375722
0.0389466
0.0404203
0.0418547
0.0431341
0.0441847
0.0449816
0.0455436
0.0459202
0.0461763
0.0463798
0.0465923
0.0468662
0.0472438
0.0477588
0.048438
0.0493014
0.0503616
0.0516214
0.0530712
0.0546851
0.0564214
0.0582241
0.0600282
0.0617666
0.0633791
0.0648183
0.0660548
0.0670773
0.0678905
0.0685104
0.0689597
0.069263
0.0694428
0.0695177
0.0695012
0.0694014
0.0692217
0.0689617
0.0686185
0.0681877
0.0676652
0.0670478
0.0663353
0.065531
0.0646433
0.0636861
0.0626798
0.0616521
0.0606384
0.0596831
0.0588397
0.05817
0.0577395
0.0576095
0.0578229
0.0583899
0.0592755
0.0604003
0.0616527
0.0629111
0.0640677
0.065048
0.0658192
0.0663884
0.066793
0.0670875
0.0673316
0.0675817
0.0678864
0.068285
0.0688087
0.069481
0.070318
0.0713281
0.0725095
0.0738489
0.0753178
0.0768746
0.0784664
0.080034
0.0815191
0.0828713
0.0840535
0.0850454
0.085843
0.0864559
0.0869031
0.0872083
0.0873955
0.0874861
0.0874971
0.0874401
0.0873214
0.0871426
0.0869014
0.0865928
0.08621
0.085746
0.0851942
0.0845501
0.0838126
0.0829842
0.0820723
0.0810886
0.0800483
0.0789683
0.0778656
0.0767553
0.0756515
0.0745688
0.0735265
0.0725503
0.0716714
0.0709207
0.0703196
0.0698732
0.0695689
0.0693803
0.0692745
0.0692191
0.0691878
0.0691627
0.069134
0.0690986
0.0690584
0.0690178
0.0689828
0.0689599
0.0689551
0.068974
0.0690214
0.0691012
0.0692165
0.0693696
0.0695618
0.0697937
0.070065
0.0703746
0.0707202
0.0710991
0.0715072
0.0266095
0.0268912
0.0270448
0.0270997
0.0270833
0.0270191
0.026926
0.026818
0.0267055
0.026595
0.0264899
0.0263911
0.0262973
0.0262052
0.0261095
0.0260037
0.0258794
0.0257269
0.0255353
0.0252926
0.0249865
0.0246048
0.0241364
0.023572
0.0229054
0.0221342
0.0212609
0.0202935
0.0192453
0.0181354
0.0169876
0.0158304
0.0146962
0.0136221
0.0126506
0.0118315
0.0112228
0.0108883
0.0108899
0.0112739
0.0120533
0.0131922
0.0146033
0.0161602
0.0177214
0.0191585
0.0203799
0.0213422
0.0220496
0.0225426
0.0228837
0.0231421
0.0233837
0.0236657
0.0240341
0.0245256
0.0251679
0.0259814
0.0269787
0.0281633
0.0295278
0.0310507
0.0326972
0.03442
0.036163
0.0378676
0.0394781
0.0409486
0.0422463
0.0433534
0.0442659
0.0449907
0.0455421
0.0459378
0.0461957
0.0463318
0.0463585
0.0462845
0.0461149
0.0458515
0.0454943
0.0450422
0.0444943
0.0438512
0.0431156
0.0422941
0.0413976
0.0404423
0.0394503
0.0384507
0.0374804
0.0365855
0.0358221
0.0352549
0.0349527
0.0349787
0.0353757
0.0361502
0.0372599
0.0386149
0.0400924
0.0415599
0.0429015
0.0440373
0.0449321
0.0455935
0.0460616
0.0463948
0.0466575
0.0469109
0.0472078
0.0475913
0.0480955
0.0487461
0.0495618
0.0505533
0.0517222
0.0530593
0.0545421
0.056135
0.0577913
0.0594565
0.0610743
0.0625923
0.0639683
0.0651728
0.0661914
0.0670224
0.0676748
0.0681639
0.068508
0.0687251
0.0688309
0.0688376
0.0687533
0.0685824
0.0683263
0.067984
0.0675536
0.0670334
0.0664225
0.0657228
0.064939
0.0640804
0.0631612
0.0622009
0.0612253
0.0602671
0.0593666
0.0585722
0.0579405
0.0575323
0.0574059
0.0576047
0.0581441
0.0589986
0.0601005
0.0613492
0.0626301
0.0638369
0.0648904
0.0657492
0.0664102
0.0669014
0.0672702
0.0675723
0.0678627
0.0681899
0.0685939
0.069106
0.0697492
0.0705389
0.0714822
0.0725774
0.0738121
0.075162
0.0765919
0.0780574
0.0795091
0.0808976
0.0821789
0.0833191
0.0842971
0.0851047
0.0857455
0.0862314
0.0865793
0.0868078
0.0869344
0.0869735
0.0869358
0.0868277
0.0866519
0.0864077
0.086092
0.0857005
0.0852282
0.0846711
0.0840268
0.0832958
0.0824823
0.0815943
0.0806436
0.0796445
0.0786127
0.0775626
0.0765069
0.0754564
0.0744233
0.0734244
0.0724839
0.0716328
0.0709025
0.0703165
0.0698823
0.0695892
0.0694125
0.06932
0.0692796
0.0692648
0.0692569
0.0692456
0.0692271
0.0692027
0.0691764
0.0691537
0.0691407
0.0691432
0.0691667
0.0692158
0.0692944
0.0694055
0.0695514
0.0697333
0.069952
0.0702071
0.0704976
0.0708215
0.0711762
0.0715581
0.0258901
0.0262993
0.026571
0.0267311
0.0268051
0.0268158
0.0267822
0.0267193
0.0266385
0.0265475
0.0264509
0.0263506
0.0262462
0.0261351
0.0260128
0.0258733
0.0257088
0.0255105
0.0252686
0.0249726
0.0246119
0.0241764
0.0236574
0.0230481
0.022345
0.021548
0.0206616
0.0196947
0.0186614
0.0175798
0.0164724
0.0153649
0.0142864
0.0132694
0.0123513
0.0115765
0.010997
0.0106718
0.0106603
0.0110102
0.0117413
0.0128296
0.0142025
0.0157469
0.0173297
0.0188241
0.0201327
0.0212014
0.0220214
0.0226215
0.0230551
0.0233865
0.0236799
0.0239925
0.0243719
0.0248551
0.0254702
0.0262368
0.0271666
0.0282623
0.0295169
0.030912
0.0324179
0.0339949
0.0355964
0.0371726
0.038676
0.0400656
0.0413104
0.0423911
0.0432996
0.0440372
0.0446121
0.0450366
0.045324
0.0454871
0.0455368
0.0454812
0.0453256
0.0450734
0.044726
0.0442845
0.0437499
0.0431246
0.0424133
0.0416236
0.0407671
0.0398596
0.0389225
0.0379828
0.0370742
0.0362388
0.0355276
0.035
0.0347202
0.0347485
0.0351286
0.0358724
0.0369479
0.0382773
0.0397492
0.0412387
0.0426317
0.0438437
0.0448311
0.0455906
0.0461522
0.0465668
0.046894
0.0471931
0.0475168
0.0479087
0.0484031
0.0490259
0.0497947
0.0507193
0.0518011
0.0530315
0.0543912
0.05585
0.0573687
0.0589017
0.0604014
0.0618228
0.0631278
0.0642886
0.0652885
0.0661218
0.0667917
0.0673075
0.0676823
0.0679298
0.0680627
0.0680917
0.0680243
0.0678657
0.0676183
0.067283
0.0668598
0.066349
0.0657518
0.0650716
0.0643147
0.063491
0.0626145
0.0617042
0.0607841
0.0598839
0.0590402
0.0582969
0.0577055
0.0573222
0.0572021
0.0573885
0.0579008
0.0587222
0.0597959
0.0610323
0.0623251
0.0635709
0.0646881
0.0656281
0.0663783
0.0669566
0.067403
0.0677677
0.0681031
0.0684568
0.0688691
0.0693715
0.0699873
0.0707312
0.0716105
0.0726237
0.0737599
0.0749984
0.0763096
0.0776562
0.0789969
0.0802896
0.0814962
0.0825861
0.0835381
0.0843416
0.0849956
0.0855065
0.0858857
0.0861467
0.0863034
0.0863675
0.0863486
0.0862528
0.0860834
0.0858408
0.0855239
0.0851299
0.0846563
0.0841009
0.0834633
0.0827457
0.0819532
0.0810947
0.0801818
0.0792281
0.0782476
0.0772526
0.076253
0.0752571
0.0742744
0.0733194
0.0724151
0.0715921
0.0708826
0.0703119
0.0698897
0.0696075
0.0694421
0.0693622
0.0693362
0.0693372
0.0693463
0.0693524
0.0693513
0.0693434
0.0693323
0.069323
0.0693212
0.0693325
0.0693621
0.0694144
0.0694933
0.0696017
0.0697418
0.0699149
0.0701218
0.0703622
0.0706351
0.0709389
0.071271
0.0716283
0.0249857
0.0255167
0.0259052
0.0261727
0.0263418
0.0264338
0.0264669
0.0264565
0.0264143
0.026349
0.0262662
0.0261687
0.0260571
0.0259296
0.0257827
0.0256111
0.0254082
0.0251664
0.0248771
0.0245315
0.0241211
0.023638
0.0230758
0.0224303
0.0217002
0.0208874
0.0199978
0.0190413
0.0180318
0.0169867
0.0159265
0.0148744
0.0138561
0.0129
0.0120388
0.0113117
0.0107653
0.0104539
0.0104338
0.0107534
0.0114377
0.0124736
0.0138018
0.0153229
0.0169136
0.0184509
0.0198341
0.0210003
0.0219288
0.0226363
0.0231665
0.0235768
0.0239284
0.0242775
0.0246721
0.0251502
0.0257405
0.0264625
0.0273276
0.0283387
0.0294899
0.0307653
0.0321399
0.0335805
0.0350478
0.0364999
0.0378961
0.0392002
0.0403833
0.0414258
0.0423167
0.0430533
0.0436393
0.0440821
0.0443912
0.0445765
0.0446469
0.0446098
0.0444707
0.0442335
0.0439011
0.043476
0.042961
0.0423601
0.0416792
0.040927
0.0401153
0.0392601
0.0383812
0.0375039
0.0366591
0.0358848
0.0352275
0.0347416
0.0344866
0.03452
0.0348854
0.0355994
0.0366388
0.0379374
0.0393953
0.0408961
0.0423288
0.0436067
0.0446788
0.0455324
0.0461872
0.0466857
0.0470818
0.0474314
0.0477862
0.0481899
0.0486772
0.0492741
0.0499981
0.0508589
0.051858
0.0529881
0.0542326
0.0555661
0.0569557
0.0583632
0.0597482
0.0610721
0.062301
0.0634089
0.0643782
0.0652003
0.0658743
0.0664048
0.0668004
0.0670709
0.0672264
0.0672757
0.0672258
0.0670818
0.0668471
0.0665238
0.0661137
0.0656186
0.0650415
0.0643871
0.0636628
0.062879
0.0620497
0.0611929
0.0603308
0.0594907
0.0587056
0.0580151
0.057466
0.0571099
0.0569987
0.0571752
0.0576617
0.0584488
0.0594899
0.0607065
0.0620008
0.0632742
0.0644442
0.0654568
0.0662908
0.0669548
0.0674801
0.0679109
0.0682956
0.0686803
0.0691048
0.0696008
0.0701918
0.0708931
0.071712
0.072648
0.0736921
0.0748267
0.076027
0.0772618
0.0784964
0.0796951
0.0808249
0.0818582
0.0827748
0.0835624
0.0842169
0.0847404
0.0851398
0.0854246
0.0856049
0.0856904
0.0856889
0.0856061
0.0854455
0.0852086
0.0848953
0.0845048
0.0840362
0.083489
0.0828646
0.0821665
0.081401
0.0805773
0.0797068
0.0788021
0.0778757
0.0769378
0.0759958
0.0750552
0.0741232
0.0732124
0.0723445
0.0715498
0.0708613
0.0703059
0.0698955
0.0696236
0.0694689
0.069401
0.0693885
0.0694048
0.0694303
0.0694536
0.0694698
0.0694787
0.0694833
0.0694883
0.0694988
0.06952
0.069557
0.0696139
0.0696945
0.0698016
0.0699374
0.0701032
0.0702997
0.0705268
0.0707837
0.0710687
0.0713797
0.0717138
0.0238964
0.0245376
0.0250359
0.0254079
0.0256726
0.0258486
0.0259531
0.0260005
0.0260027
0.0259689
0.0259053
0.0258157
0.0257014
0.0255617
0.0253942
0.0251945
0.0249575
0.0246769
0.0243459
0.0239575
0.0235051
0.0229833
0.0223879
0.0217168
0.0209708
0.0201535
0.0192717
0.0183359
0.0173596
0.016359
0.0153528
0.0143616
0.0134077
0.0125159
0.0117147
0.0110383
0.0105285
0.0102349
0.0102107
0.0105041
0.0111442
0.0121271
0.0134059
0.0148944
0.0164802
0.0180457
0.0194894
0.0207416
0.0217713
0.0225836
0.0232117
0.0237054
0.0241209
0.0245125
0.0249278
0.0254054
0.0259746
0.0266556
0.0274603
0.0283922
0.0294466
0.0306104
0.0318627
0.0331756
0.0345162
0.0358492
0.0371395
0.0383554
0.0394706
0.0404654
0.0413277
0.0420518
0.0426376
0.043089
0.0434122
0.0436144
0.0437026
0.0436833
0.0435618
0.0433425
0.0430292
0.0426255
0.0421354
0.0415643
0.0409192
0.0402094
0.0394471
0.0386475
0.0378298
0.0370171
0.0362375
0.0355256
0.0349235
0.0344808
0.0342527
0.0342936
0.034647
0.0353326
0.0363351
0.0375991
0.0390356
0.0405373
0.0419979
0.04333
0.0444773
0.0454185
0.0461638
0.0467467
0.0472145
0.0476189
0.0480095
0.0484292
0.0489131
0.0494874
0.05017
0.050971
0.0518926
0.0529288
0.0540659
0.0552826
0.0565513
0.0578399
0.0591143
0.0603413
0.0614909
0.062539
0.0634682
0.0642681
0.0649347
0.0654691
0.0658761
0.0661624
0.0663355
0.0664025
0.0663695
0.0662416
0.0660225
0.0657155
0.0653234
0.0648494
0.0642979
0.0636748
0.0629881
0.0622487
0.0614704
0.0606701
0.0598684
0.0590901
0.0583648
0.0577284
0.057223
0.0568961
0.0567963
0.0569654
0.0574278
0.0581805
0.059186
0.0603761
0.0616624
0.0629519
0.0641629
0.0652379
0.0661481
0.0668938
0.0674974
0.0679963
0.0684341
0.0688541
0.0692952
0.0697889
0.0703592
0.071022
0.0717852
0.0726496
0.0736081
0.0746462
0.0757432
0.0768732
0.0780068
0.079114
0.0801662
0.0811387
0.0820123
0.0827745
0.0834186
0.0839439
0.0843535
0.0846535
0.0848512
0.0849537
0.0849675
0.0848976
0.0847476
0.0845194
0.0842141
0.0838322
0.0833741
0.0828411
0.0822359
0.0815632
0.0808301
0.080046
0.0792219
0.0783697
0.0774999
0.0766207
0.0757371
0.0748523
0.073971
0.0731043
0.0722728
0.0715064
0.0708388
0.0702986
0.0698997
0.0696378
0.069493
0.0694361
0.0694364
0.069467
0.0695083
0.0695482
0.0695813
0.0696071
0.0696278
0.0696475
0.069671
0.0697032
0.0697486
0.0698113
0.0698949
0.070002
0.0701348
0.0702946
0.0704821
0.0706973
0.0709394
0.0712071
0.0714984
0.0718106
0.0226312
0.0233657
0.0239614
0.0244297
0.0247856
0.0250445
0.0252213
0.0253294
0.0253802
0.0253827
0.0253435
0.025267
0.0251556
0.0250093
0.0248269
0.0246055
0.0243411
0.0240293
0.0236649
0.023243
0.0227591
0.0222098
0.021593
0.0209088
0.0201594
0.0193497
0.0184874
0.0175829
0.016649
0.0157008
0.014755
0.0138296
0.0129441
0.0121196
0.0113808
0.0107576
0.0102874
0.0100152
0.00999135
0.010263
0.0108622
0.0117927
0.013019
0.0144674
0.0160367
0.0176161
0.0191053
0.0204302
0.021551
0.0224625
0.0231871
0.0237663
0.0242503
0.02469
0.025132
0.0256147
0.0261681
0.0268132
0.0275627
0.0284214
0.0293862
0.0304466
0.0315853
0.0327791
0.0340004
0.0352196
0.0364065
0.0375334
0.0385763
0.0395167
0.0403415
0.0410433
0.0416193
0.0420707
0.0424008
0.0426145
0.0427173
0.0427144
0.042611
0.0424115
0.0421202
0.0417417
0.0412811
0.0407444
0.0401396
0.0394764
0.038767
0.0380262
0.0372719
0.0365253
0.0358121
0.0351633
0.0346171
0.0342188
0.0340194
0.0340704
0.0344142
0.0350733
0.0360389
0.0372655
0.0386745
0.0401678
0.0416447
0.0430189
0.0442304
0.0452507
0.0460812
0.0467468
0.0472875
0.0477499
0.0481805
0.048621
0.049106
0.0496621
0.0503079
0.051054
0.0519038
0.052853
0.0538905
0.0549987
0.0561544
0.0573309
0.0584992
0.0596308
0.0606995
0.0616833
0.0625651
0.0633338
0.0639833
0.0645121
0.0649221
0.0652173
0.065403
0.0654847
0.0654675
0.0653561
0.0651548
0.0648671
0.064497
0.0640488
0.0635276
0.0629404
0.0622958
0.0616047
0.0608805
0.0601392
0.0593997
0.0586844
0.0580199
0.0574383
0.0569777
0.0566817
0.0565957
0.0567599
0.0572004
0.057919
0.058887
0.0600455
0.0613153
0.0626098
0.0638498
0.0649755
0.0659527
0.0667736
0.0674527
0.0680199
0.0685132
0.0689725
0.0694348
0.0699312
0.0704857
0.071115
0.071828
0.0726269
0.0735066
0.0744556
0.0754568
0.0764887
0.0775268
0.0785456
0.0795204
0.0804294
0.0812548
0.0819838
0.0826088
0.0831265
0.0835375
0.083845
0.0840537
0.0841689
0.0841955
0.0841379
0.0839993
0.0837822
0.0834884
0.0831194
0.0826768
0.0821634
0.0815828
0.0809408
0.080245
0.0795048
0.078731
0.077934
0.0771228
0.0763036
0.075479
0.0746499
0.0738192
0.0729962
0.0722006
0.0714622
0.0708154
0.0702902
0.0699025
0.06965
0.0695144
0.0694678
0.0694798
0.0695237
0.0695798
0.0696356
0.0696851
0.0697273
0.0697639
0.0697985
0.0698355
0.0698792
0.0699339
0.0700034
0.070091
0.0701992
0.0703302
0.0704853
0.0706651
0.0708696
0.0710983
0.07135
0.0716228
0.0719144
0.0212081
0.0220148
0.0226906
0.0232421
0.0236799
0.024016
0.0242627
0.0244315
0.0245326
0.0245747
0.0245643
0.0245064
0.0244037
0.0242576
0.0240677
0.0238326
0.0235499
0.0232166
0.0228296
0.0223858
0.0218828
0.021319
0.0206944
0.0200105
0.019271
0.0184817
0.0176506
0.0167878
0.0159055
0.0150172
0.0141376
0.0132825
0.0124685
0.0117138
0.0110394
0.0104714
0.0100431
0.0097957
0.00977611
0.0100304
0.0105926
0.0114725
0.0126448
0.0140474
0.0155901
0.01717
0.0186897
0.0200727
0.0212726
0.0222746
0.0230916
0.0237559
0.024311
0.0248037
0.0252781
0.025772
0.0263158
0.0269311
0.0276319
0.0284243
0.0293072
0.0302725
0.0313062
0.0323894
0.033499
0.0346099
0.0356967
0.036735
0.0377034
0.0385844
0.0393651
0.0400368
0.0405951
0.0410388
0.0413693
0.0415895
0.0417033
0.0417151
0.0416295
0.0414508
0.0411838
0.0408336
0.0404058
0.0399074
0.0393466
0.0387335
0.0380801
0.0374005
0.0367113
0.0360319
0.0353855
0.0348002
0.0343103
0.0339572
0.033788
0.0338509
0.0341878
0.0348227
0.0357523
0.0369398
0.0383164
0.0397931
0.0412756
0.0426797
0.0439434
0.0450325
0.0459409
0.0466852
0.0472979
0.0478201
0.0482942
0.0487599
0.049251
0.0497942
0.0504085
0.0511057
0.0518901
0.0527595
0.0537053
0.0547129
0.0557635
0.0568346
0.0579018
0.0589406
0.0599281
0.0608445
0.0616738
0.0624043
0.0630289
0.0635441
0.0639497
0.0642475
0.0644408
0.0645339
0.0645309
0.0644361
0.0642537
0.0639879
0.063643
0.0632241
0.0627373
0.06219
0.0615911
0.0609516
0.0602842
0.0596039
0.0589279
0.0582764
0.0576731
0.0571467
0.0567317
0.0564679
0.0563975
0.0565594
0.0569803
0.0576662
0.0585956
0.0597186
0.0609647
0.0622541
0.0635112
0.0646755
0.0657087
0.0665966
0.0673459
0.0679793
0.0685291
0.0690306
0.0695185
0.0700226
0.0705669
0.0711685
0.0718376
0.0725776
0.0733857
0.0742531
0.0751659
0.0761066
0.0770547
0.0779886
0.0788873
0.0797315
0.0805049
0.0811952
0.0817938
0.0822962
0.0827008
0.0830089
0.0832229
0.0833464
0.0833832
0.0833367
0.08321
0.0830058
0.0827263
0.0823738
0.0819512
0.081462
0.0809109
0.0803044
0.0796503
0.0789581
0.0782377
0.0774983
0.0767474
0.0759888
0.0752233
0.0744496
0.0736688
0.0728889
0.0721287
0.0714178
0.0707913
0.0702809
0.069904
0.0696603
0.0695333
0.0694959
0.0695187
0.0695749
0.0696447
0.0697153
0.0697804
0.0698383
0.0698904
0.0699397
0.0699901
0.0700456
0.0701101
0.070187
0.0702795
0.0703898
0.0705201
0.0706714
0.0708446
0.0710397
0.0712562
0.071493
0.0717486
0.0720208
0.0196531
0.0205078
0.0212428
0.0218603
0.0223666
0.0227702
0.0230804
0.0233065
0.0234572
0.0235403
0.0235621
0.0235274
0.0234397
0.023301
0.0231122
0.0228729
0.0225824
0.0222392
0.0218421
0.0213896
0.0208813
0.0203173
0.0196992
0.0190298
0.0183138
0.0175575
0.016769
0.015958
0.0151356
0.0143139
0.0135058
0.0127248
0.0119849
0.0113017
0.010693
0.0101816
0.00979721
0.00957721
0.00956554
0.00980674
0.0103362
0.0111682
0.0122863
0.0136393
0.0151473
0.0167158
0.0182516
0.0196777
0.0209429
0.0220246
0.0229267
0.0236731
0.0242999
0.0248487
0.0253605
0.0258718
0.0264124
0.027005
0.0276643
0.028398
0.029207
0.0300857
0.0310232
0.0320042
0.0330096
0.0340184
0.035009
0.0359603
0.0368534
0.0376721
0.0384038
0.0390395
0.0395736
0.0400033
0.0403284
0.0405504
0.0406719
0.0406964
0.0406278
0.0404705
0.0402293
0.0399095
0.0395174
0.0390603
0.0385466
0.0379864
0.0373913
0.0367746
0.0361517
0.0355402
0.0349608
0.0344388
0.0340051
0.0336975
0.0335594
0.0336363
0.0339686
0.0345817
0.0354768
0.0366246
0.0379654
0.0394187
0.040897
0.0423193
0.0436228
0.0447694
0.0457465
0.0465632
0.0472451
0.0478269
0.0483467
0.0488415
0.0493437
0.0498795
0.0504684
0.0511229
0.051849
0.0526462
0.053508
0.0544233
0.0553765
0.056349
0.0573203
0.0582695
0.0591769
0.0600246
0.0607977
0.061485
0.0620785
0.0625736
0.0629683
0.0632631
0.0634597
0.0635609
0.0635703
0.0634916
0.0633289
0.0630865
0.0627693
0.0623829
0.0619337
0.0614296
0.0608795
0.0602942
0.0596857
0.0590679
0.0584562
0.0578688
0.0573267
0.0568555
0.0564864
0.0562557
0.0562027
0.0563645
0.0567684
0.0574234
0.0583143
0.0593991
0.0606156
0.061891
0.0631539
0.0643445
0.065422
0.0663667
0.067179
0.0678747
0.0684798
0.0690251
0.0695419
0.0700585
0.0705982
0.0711784
0.0718101
0.0724985
0.0732424
0.0740358
0.0748678
0.075724
0.0765878
0.0774411
0.0782657
0.0790449
0.0797641
0.0804115
0.0809784
0.0814592
0.0818512
0.0821538
0.082368
0.0824959
0.0825401
0.0825034
0.0823886
0.0821984
0.0819355
0.0816029
0.081204
0.0807433
0.0802262
0.0796594
0.0790511
0.0784102
0.0777459
0.077066
0.0763763
0.0756788
0.074972
0.0742531
0.0735212
0.0727833
0.0720575
0.0713735
0.070767
0.0702708
0.0699043
0.0696689
0.0695497
0.0695208
0.0695531
0.0696205
0.0697028
0.069787
0.0698666
0.0699393
0.070006
0.0700695
0.0701331
0.0702003
0.0702747
0.0703594
0.0704572
0.0705703
0.0707005
0.0708491
0.0710167
0.0712033
0.0714087
0.0716318
0.0718712
0.0721252
0.0179979
0.0188754
0.0196465
0.0203099
0.0208681
0.021326
0.02169
0.0219671
0.0221641
0.0222875
0.0223431
0.0223356
0.0222686
0.0221448
0.0219658
0.0217326
0.0214457
0.0211052
0.0207113
0.0202643
0.0197653
0.0192158
0.0186187
0.0179778
0.0172984
0.0165872
0.015852
0.0151019
0.0143469
0.0135977
0.0128654
0.0121613
0.0114975
0.0108868
0.0103445
0.00989058
0.00955129
0.00936087
0.0093603
0.00959245
0.0100933
0.010881
0.0119461
0.0132472
0.0147143
0.0162612
0.0178
0.0192545
0.0205704
0.0217193
0.0226971
0.0235197
0.0242161
0.0248222
0.025375
0.0259089
0.026453
0.0270299
0.0276553
0.0283386
0.0290822
0.029883
0.0307332
0.0316203
0.0325292
0.0334423
0.0343413
0.0352083
0.0360266
0.0367815
0.0374612
0.0380565
0.0385614
0.038972
0.0392871
0.0395068
0.0396329
0.0396679
0.0396155
0.0394796
0.0392652
0.0389777
0.0386235
0.03821
0.0377459
0.0372407
0.0367057
0.0361533
0.0355973
0.0350536
0.0345408
0.0340815
0.0337035
0.0334413
0.033335
0.0334274
0.0337574
0.0343514
0.035214
0.0363223
0.0376249
0.0390496
0.0405153
0.0419448
0.0432761
0.0444682
0.0455034
0.0463846
0.0471305
0.0477698
0.048336
0.0488626
0.0493801
0.0499139
0.0504836
0.0511023
0.0517774
0.05251
0.0532961
0.054127
0.0549905
0.0558713
0.0567523
0.0576159
0.058445
0.0592239
0.059939
0.0605794
0.0611373
0.061607
0.0619859
0.0622728
0.0624687
0.0625752
0.0625951
0.0625317
0.062389
0.0621714
0.0618839
0.0615324
0.0611236
0.0606653
0.0601666
0.0596376
0.0590895
0.0585351
0.0579881
0.0574646
0.0569832
0.0565669
0.0562435
0.0560464
0.0560121
0.056176
0.0565654
0.0571919
0.0580449
0.0590901
0.0602727
0.0615266
0.062785
0.0639901
0.0650997
0.0660903
0.0669565
0.0677082
0.0683654
0.0689542
0.0695021
0.070035
0.0705753
0.0711402
0.0717415
0.0723855
0.0730729
0.0738
0.0745586
0.0753375
0.0761229
0.0769
0.0776534
0.0783686
0.0790326
0.0796345
0.0801657
0.0806202
0.0809944
0.0812866
0.0814965
0.0816252
0.0816744
0.0816462
0.0815432
0.0813681
0.0811238
0.0808138
0.0804422
0.0800137
0.0795345
0.0790113
0.0784521
0.0778655
0.0772593
0.0766404
0.0760124
0.0753757
0.074727
0.0740616
0.0733774
0.0726802
0.0719879
0.0713299
0.0707426
0.0702602
0.0699035
0.0696759
0.0695638
0.0695424
0.0695834
0.0696606
0.0697541
0.0698507
0.0699434
0.0700297
0.0701101
0.0701868
0.0702628
0.0703412
0.0704253
0.0705177
0.070621
0.0707373
0.070868
0.0710144
0.0711771
0.0713562
0.0715513
0.0717616
0.0719859
0.0722226
0.0162788
0.0171541
0.0179378
0.0186256
0.019217
0.0197137
0.0201193
0.0204383
0.0206759
0.020837
0.0209264
0.0209486
0.0209071
0.0208049
0.0206444
0.0204275
0.0201558
0.0198306
0.0194534
0.0190261
0.0185506
0.01803
0.0174678
0.0168687
0.0162383
0.0155831
0.0149107
0.0142294
0.0135481
0.0128761
0.0122228
0.0115977
0.0110108
0.010473
0.00999717
0.00960075
0.00930726
0.00914798
0.00916117
0.00938797
0.00986451
0.0106117
0.0116261
0.0128746
0.0142965
0.0158138
0.0173439
0.018813
0.0201653
0.0213677
0.0224098
0.0233005
0.0240618
0.0247238
0.0253193
0.0258798
0.0264329
0.027001
0.0276004
0.0282414
0.0289283
0.0296602
0.0304319
0.0312338
0.032054
0.032878
0.0336908
0.0344769
0.035222
0.035913
0.036539
0.0370913
0.0375633
0.0379511
0.0382523
0.0384665
0.0385945
0.0386384
0.0386012
0.0384869
0.0383
0.038046
0.0377315
0.0373636
0.0369508
0.0365024
0.0360287
0.0355411
0.0350521
0.0345758
0.0341287
0.033731
0.0334078
0.0331905
0.0331162
0.0332252
0.033555
0.0341325
0.034965
0.0360349
0.0372984
0.0386904
0.0401364
0.0415637
0.0429113
0.0441369
0.045219
0.0461551
0.0469579
0.0476506
0.0482618
0.0488214
0.0493574
0.0498939
0.0504502
0.0510399
0.0516713
0.0523472
0.0530656
0.0538204
0.0546019
0.055398
0.0561947
0.0569771
0.0577306
0.0584417
0.059098
0.0596897
0.0602087
0.0606494
0.0610083
0.0612838
0.0614756
0.0615848
0.0616136
0.061565
0.0614425
0.0612507
0.0609945
0.0606799
0.0603137
0.0599035
0.0594581
0.0589869
0.0585003
0.0580096
0.0575271
0.0570668
0.0566453
0.0562828
0.0560048
0.0558414
0.0558268
0.0559947
0.0563721
0.0569724
0.0577893
0.0587945
0.0599401
0.0611665
0.0624118
0.0636205
0.0647501
0.0657748
0.0666847
0.0674844
0.0681886
0.0688184
0.0693975
0.0699494
0.0704946
0.0710498
0.0716272
0.072234
0.0728726
0.0735411
0.0742339
0.0749424
0.0756557
0.0763615
0.0770472
0.0777002
0.0783092
0.0788641
0.0793571
0.079782
0.0801346
0.0804124
0.0806146
0.0807412
0.0807933
0.0807727
0.0806815
0.0805224
0.0802986
0.0800138
0.0796725
0.0792799
0.078842
0.0783657
0.0778586
0.0773284
0.076782
0.0762246
0.0756584
0.0750818
0.0744899
0.0738765
0.0732384
0.0725806
0.0719203
0.0712873
0.0707185
0.0702492
0.069902
0.0696815
0.0695758
0.069561
0.0696096
0.0696956
0.069799
0.0699065
0.0700109
0.0701093
0.070202
0.0702908
0.0703781
0.070467
0.07056
0.0706597
0.0707684
0.0708877
0.0710192
0.0711638
0.071322
0.0714941
0.0716796
0.071878
0.072088
0.0723084
0.0145339
0.0153841
0.0161578
0.0168488
0.017454
0.0179728
0.0184061
0.0187564
0.0190268
0.0192209
0.0193426
0.0193954
0.0193829
0.0193081
0.0191738
0.0189825
0.0187368
0.0184388
0.0180912
0.0176966
0.0172582
0.0167796
0.016265
0.0157195
0.0151488
0.0145591
0.0139575
0.0133514
0.0127487
0.0121572
0.0115849
0.0110397
0.0105299
0.0100643
0.0096543
0.00931487
0.00906722
0.00894002
0.00896909
0.00919381
0.00965011
0.010361
0.0113277
0.0125244
0.0138988
0.0153803
0.0168922
0.0183635
0.0197382
0.0209803
0.0220743
0.0230229
0.023842
0.0245563
0.0251938
0.025783
0.0263494
0.0269146
0.027495
0.0281017
0.0287404
0.0294124
0.0301144
0.0308397
0.0315791
0.0323211
0.0330533
0.0337629
0.0344375
0.0350657
0.0356378
0.0361455
0.0365827
0.036945
0.0372297
0.0374359
0.037564
0.0376154
0.037593
0.0375002
0.0373415
0.0371223
0.0368488
0.0365281
0.0361681
0.0357775
0.0353657
0.0349429
0.0345204
0.0341104
0.0337276
0.0333899
0.0331201
0.0329468
0.0329044
0.0330309
0.0333623
0.0339257
0.0347307
0.0357641
0.0369883
0.0383452
0.0397663
0.041183
0.0425366
0.0437843
0.0449017
0.0458822
0.0467334
0.0474736
0.0481265
0.0487183
0.0492744
0.0498172
0.0503652
0.0509321
0.0515269
0.0521537
0.0528124
0.053499
0.0542064
0.0549249
0.0556433
0.0563494
0.057031
0.0576762
0.0582744
0.0588164
0.0592948
0.0597041
0.0600404
0.0603016
0.0604869
0.0605971
0.0606337
0.0605993
0.0604974
0.0603322
0.0601087
0.0598328
0.059511
0.0591507
0.05876
0.0583476
0.0579228
0.0574956
0.0570768
0.0566786
0.0563156
0.0560058
0.055772
0.0556421
0.0556479
0.0558214
0.0561892
0.056766
0.0575489
0.0585146
0.0596216
0.0608161
0.0620409
0.0632435
0.0643821
0.0654292
0.0663718
0.06721
0.0679541
0.0686206
0.0692293
0.0698008
0.0703537
0.0709037
0.071463
0.0720393
0.0726363
0.0732538
0.0738883
0.0745335
0.0751809
0.0758208
0.0764427
0.0770362
0.0775913
0.0780993
0.0785528
0.0789459
0.0792743
0.0795352
0.0797271
0.0798496
0.0799033
0.0798895
0.0798104
0.0796685
0.0794671
0.0792102
0.0789022
0.0785485
0.0781551
0.0777285
0.0772758
0.0768037
0.0763178
0.0758221
0.0753169
0.0747992
0.0742625
0.0736993
0.0731053
0.072485
0.0718553
0.0712461
0.070695
0.0702381
0.0698997
0.0696859
0.0695858
0.0695769
0.069632
0.0697255
0.0698375
0.0699545
0.0700691
0.0701782
0.0702816
0.070381
0.0704784
0.0705764
0.0706775
0.0707837
0.0708971
0.0710192
0.0711512
0.0712939
0.0714479
0.0716133
0.0717897
0.0719766
0.0721731
0.0723778
0.0128009
0.0136064
0.0143501
0.0150246
0.0156252
0.0161494
0.0165961
0.016966
0.0172603
0.0174815
0.0176321
0.017715
0.0177334
0.0176901
0.0175882
0.0174306
0.0172202
0.0169599
0.016653
0.0163028
0.015913
0.0154878
0.0150316
0.0145496
0.0140473
0.0135305
0.0130058
0.0124796
0.0119586
0.0114495
0.010959
0.0104935
0.0100597
0.00966522
0.00931947
0.00903583
0.00883341
0.00873864
0.00878513
0.00901056
0.00945042
0.0101292
0.011052
0.0121987
0.0135248
0.0149665
0.0164527
0.0179158
0.0193004
0.0205687
0.0217016
0.0226968
0.023565
0.0243254
0.0250021
0.0256198
0.0262019
0.0267685
0.0273359
0.0279155
0.0285141
0.0291345
0.0297755
0.0304327
0.0310993
0.0317665
0.0324243
0.0330622
0.0336699
0.0342376
0.0347568
0.03522
0.0356215
0.035957
0.0362239
0.0364208
0.0365479
0.0366063
0.0365983
0.0365274
0.0363978
0.0362144
0.0359832
0.0357108
0.0354045
0.0350721
0.0347222
0.0343638
0.0340065
0.0336613
0.0333409
0.0330612
0.0328429
0.0327121
0.0327011
0.0328455
0.0331802
0.0337319
0.0345122
0.0355113
0.0366971
0.0380177
0.0394099
0.0408096
0.0421603
0.0434195
0.044561
0.0455751
0.0464653
0.0472453
0.0479349
0.0485564
0.0491325
0.0496835
0.050227
0.0507763
0.0513408
0.0519257
0.0525322
0.0531584
0.0537991
0.0544472
0.0550937
0.0557289
0.0563426
0.0569248
0.0574664
0.0579593
0.0583968
0.0587735
0.0590857
0.059331
0.0595086
0.0596186
0.0596624
0.0596423
0.0595615
0.059424
0.0592346
0.0589988
0.0587229
0.0584137
0.0580785
0.0577252
0.057362
0.0569976
0.0566411
0.0563034
0.0559969
0.055738
0.0555472
0.0554501
0.0554766
0.0556569
0.0560173
0.0565733
0.0573246
0.0582524
0.0593203
0.06048
0.0616789
0.0628673
0.0640047
0.0650631
0.0660272
0.066894
0.0676695
0.0683664
0.0690011
0.0695909
0.0701526
0.0707005
0.0712462
0.0717978
0.0723597
0.0729332
0.0735164
0.0741051
0.074693
0.0752725
0.0758352
0.0763724
0.0768758
0.0773378
0.0777518
0.0781124
0.0784153
0.0786578
0.078838
0.0789553
0.0790101
0.0790034
0.0789372
0.078814
0.0786372
0.0784105
0.0781386
0.0778267
0.0774804
0.0771057
0.076709
0.0762958
0.0758707
0.0754359
0.0749906
0.07453
0.0740464
0.073531
0.072979
0.0723942
0.0717934
0.0712067
0.0706721
0.0702271
0.0698969
0.0696891
0.0695941
0.0695903
0.069651
0.0697509
0.0698702
0.0699952
0.0701184
0.0702365
0.0703491
0.0704574
0.0705633
0.0706691
0.0707769
0.0708885
0.0710057
0.0711298
0.0712617
0.0714023
0.0715519
0.0717107
0.0718782
0.0720541
0.0722374
0.0724271
0.0111157
0.0118611
0.0125582
0.0131995
0.0137793
0.0142936
0.0147401
0.0151178
0.0154267
0.0156678
0.0158428
0.0159539
0.0160034
0.0159941
0.0159289
0.0158109
0.0156431
0.0154288
0.0151716
0.0148751
0.0145432
0.0141802
0.0137907
0.0133796
0.0129521
0.0125135
0.0120695
0.0116258
0.011188
0.0107617
0.0103523
0.00996514
0.00960556
0.00927986
0.00899623
0.00876651
0.0086081
0.00854552
0.00861038
0.00883881
0.00926569
0.00991656
0.0107994
0.0118993
0.0131776
0.0145774
0.0160326
0.0174791
0.0188628
0.0201451
0.0213042
0.0223342
0.0232412
0.0240402
0.0247508
0.0253948
0.0259928
0.0265635
0.0271223
0.0276807
0.0282462
0.0288227
0.0294107
0.0300079
0.0306096
0.0312092
0.0317991
0.0323708
0.032916
0.0334265
0.033895
0.034315
0.0346814
0.0349903
0.0352392
0.0354266
0.0355526
0.0356181
0.0356251
0.0355769
0.0354772
0.0353306
0.0351426
0.0349192
0.0346669
0.0343927
0.034104
0.0338086
0.0335149
0.0332322
0.0329716
0.0327475
0.0325783
0.0324885
0.0325078
0.0326703
0.0330093
0.0335516
0.0343099
0.0352775
0.0364266
0.0377107
0.0390718
0.0404496
0.0417901
0.0430516
0.0442069
0.045244
0.0461633
0.0469747
0.0476943
0.0483413
0.0489354
0.049495
0.0500361
0.0505717
0.0511112
0.0516604
0.0522216
0.0527945
0.0533758
0.0539604
0.0545415
0.0551114
0.0556619
0.0561848
0.0566725
0.057118
0.0575152
0.0578596
0.0581476
0.0583768
0.0585463
0.0586561
0.0587073
0.058702
0.0586431
0.0585345
0.0583804
0.058186
0.057957
0.0576995
0.0574201
0.0571256
0.056823
0.0565198
0.0562238
0.0559442
0.055692
0.0554818
0.0553321
0.0552669
0.0553139
0.0555021
0.055857
0.0563949
0.0571174
0.0580093
0.0590389
0.0601624
0.0613313
0.0624992
0.0636271
0.0646867
0.0656618
0.0665466
0.0673443
0.0680642
0.0687194
0.0693246
0.0698941
0.0704411
0.0709762
0.0715074
0.0720397
0.0725753
0.0731137
0.0736525
0.074187
0.0747117
0.0752199
0.0757048
0.0761595
0.0765775
0.0769532
0.0772817
0.0775593
0.0777831
0.0779515
0.0780638
0.0781201
0.0781214
0.0780695
0.077967
0.0778169
0.0776231
0.0773898
0.077122
0.0768247
0.0765035
0.0761635
0.0758093
0.0754443
0.0750692
0.0746818
0.074276
0.0738428
0.0733728
0.0728603
0.0723088
0.071735
0.0711693
0.0706503
0.0702163
0.0698937
0.0696914
0.0696009
0.0696014
0.0696668
0.0697721
0.0698974
0.0700291
0.0701594
0.0702848
0.0704048
0.0705204
0.0706331
0.070745
0.070858
0.0709737
0.0710934
0.0712184
0.0713496
0.0714874
0.0716322
0.071784
0.0719427
0.0721076
0.072278
0.0724532
0.0852787
0.085325
0.0853431
0.0853392
0.0853169
0.0852793
0.0852287
0.0851672
0.085096
0.0850165
0.0849296
0.0848361
0.0847365
0.0846315
0.0845213
0.0844065
0.0842873
0.0841641
0.0840371
0.0839066
0.083773
0.0836366
0.0834979
0.0833571
0.0832148
0.0830716
0.0829281
0.0827851
0.0826435
0.0825041
0.0823683
0.0822374
0.0821128
0.0819963
0.0818898
0.0817952
0.0817148
0.0816508
0.0816057
0.0815818
0.0842977
0.0844577
0.0845773
0.0846638
0.0847221
0.0847562
0.0847695
0.0847648
0.0847445
0.0847104
0.0846643
0.0846075
0.084541
0.0844659
0.0843828
0.0842926
0.0841957
0.0840928
0.0839843
0.0838706
0.0837522
0.0836296
0.0835033
0.0833736
0.0832411
0.0831065
0.0829704
0.0828336
0.0826968
0.0825613
0.0824281
0.0822986
0.0821744
0.0820572
0.081949
0.0818521
0.0817688
0.0817017
0.0816538
0.081628
0.0831525
0.0834227
0.083645
0.0838261
0.0839711
0.0840841
0.0841692
0.0842296
0.0842683
0.0842877
0.0842901
0.0842773
0.0842509
0.0842123
0.0841625
0.0841027
0.0840336
0.0839561
0.0838709
0.0837786
0.0836798
0.083575
0.083465
0.0833501
0.0832311
0.0831085
0.082983
0.0828555
0.0827268
0.0825979
0.0824701
0.0823446
0.0822231
0.0821074
0.0819996
0.0819019
0.0818171
0.081748
0.081698
0.0816705
0.0819193
0.0822849
0.0826004
0.0828708
0.0831001
0.0832924
0.0834511
0.0835798
0.0836814
0.0837589
0.0838146
0.0838508
0.0838694
0.0838721
0.0838604
0.0838355
0.0837987
0.0837509
0.0836931
0.0836261
0.0835507
0.0834675
0.0833773
0.0832807
0.0831784
0.083071
0.0829594
0.0828442
0.0827265
0.0826072
0.0824875
0.0823688
0.0822527
0.0821409
0.0820356
0.0819393
0.0818546
0.0817848
0.0817336
0.081705
0.0806685
0.0811083
0.0815003
0.0818475
0.0821524
0.0824178
0.0826465
0.0828415
0.0830058
0.0831419
0.0832525
0.0833398
0.0834059
0.0834528
0.0834821
0.0834953
0.0834939
0.083479
0.0834517
0.0834131
0.083364
0.0833054
0.0832379
0.0831624
0.0830796
0.0829903
0.0828953
0.0827953
0.0826913
0.0825843
0.0824755
0.0823662
0.0822579
0.0821525
0.0820521
0.0819592
0.0818766
0.0818077
0.0817564
0.0817274
0.0794551
0.0799465
0.0803957
0.0808034
0.0811705
0.0814985
0.0817891
0.0820445
0.0822671
0.0824592
0.082623
0.0827607
0.0828745
0.0829661
0.0830375
0.0830902
0.0831258
0.0831455
0.0831507
0.0831425
0.0831219
0.0830899
0.0830474
0.0829952
0.0829342
0.0828652
0.082789
0.0827064
0.0826185
0.0825261
0.0824305
0.082333
0.082235
0.0821383
0.0820451
0.0819577
0.0818791
0.0818128
0.0817627
0.081734
0.0783171
0.0788392
0.0793263
0.0797774
0.0801917
0.0805694
0.0809112
0.0812183
0.0814921
0.0817345
0.0819473
0.0821323
0.0822915
0.0824265
0.0825392
0.0826311
0.0827038
0.0827586
0.082797
0.0828201
0.0828291
0.082825
0.0828087
0.0827813
0.0827436
0.0826965
0.0826408
0.0825774
0.0825073
0.0824314
0.082351
0.0822672
0.0821815
0.0820956
0.0820115
0.0819317
0.081859
0.0817969
0.0817494
0.0817217
0.0772767
0.0778123
0.0783204
0.0787988
0.0792455
0.0796596
0.0800408
0.0803892
0.0807055
0.0809909
0.0812465
0.0814738
0.0816743
0.0818496
0.0820011
0.0821304
0.0822389
0.0823281
0.0823992
0.0824535
0.0824921
0.0825161
0.0825267
0.0825247
0.082511
0.0824867
0.0824525
0.0824095
0.0823585
0.0823005
0.0822366
0.0821681
0.0820963
0.0820229
0.0819497
0.0818792
0.0818141
0.0817577
0.0817141
0.0816883
0.0763445
0.0768802
0.0773956
0.0778875
0.0783534
0.0787913
0.0792002
0.0795794
0.0799288
0.0802488
0.08054
0.0808033
0.0810399
0.0812509
0.0814375
0.0816012
0.0817431
0.0818646
0.0819669
0.0820511
0.0821186
0.0821703
0.0822073
0.0822306
0.0822411
0.0822398
0.0822276
0.0822054
0.0821741
0.0821348
0.0820884
0.0820363
0.0819796
0.0819199
0.0818591
0.0817993
0.0817432
0.0816938
0.0816552
0.081632
0.0755225
0.0760485
0.0765606
0.0770551
0.077529
0.0779798
0.0784058
0.0788058
0.079179
0.0795252
0.0798443
0.0801368
0.0804034
0.0806448
0.080862
0.0810561
0.081228
0.0813789
0.08151
0.0816223
0.081717
0.081795
0.0818574
0.0819052
0.0819393
0.0819607
0.0819702
0.0819688
0.0819575
0.0819371
0.0819087
0.0818734
0.0818325
0.0817874
0.0817399
0.0816919
0.0816458
0.0816047
0.0815719
0.0815521
0.0748073
0.0753171
0.0758182
0.0763069
0.0767799
0.0772346
0.0776688
0.0780807
0.0784692
0.0788334
0.0791729
0.0794878
0.0797781
0.0800442
0.0802869
0.0805068
0.0807047
0.0808816
0.0810384
0.0811761
0.0812956
0.081398
0.0814842
0.0815551
0.0816117
0.0816548
0.0816853
0.0817042
0.0817124
0.0817107
0.0817002
0.0816819
0.0816571
0.081627
0.0815933
0.0815578
0.0815226
0.0814904
0.0814643
0.0814483
0.0741924
0.0746818
0.0751667
0.0756435
0.076109
0.0765604
0.0769953
0.0774117
0.077808
0.0781831
0.0785361
0.0788667
0.0791745
0.0794597
0.0797226
0.0799635
0.0801831
0.080382
0.0805611
0.080721
0.0808627
0.0809871
0.0810949
0.081187
0.0812644
0.0813278
0.0813782
0.0814164
0.0814432
0.0814596
0.0814666
0.081465
0.0814561
0.0814411
0.0814213
0.0813985
0.0813746
0.0813518
0.0813329
0.0813211
0.0736697
0.0741363
0.0746017
0.0750625
0.0755156
0.0759583
0.0763882
0.0768029
0.0772009
0.0775806
0.077941
0.0782812
0.0786009
0.0788997
0.0791776
0.0794349
0.0796717
0.0798886
0.0800862
0.080265
0.0804258
0.0805693
0.0806962
0.0808074
0.0809036
0.0809856
0.0810542
0.0811103
0.0811547
0.0811882
0.0812117
0.0812262
0.0812327
0.0812323
0.0812264
0.0812163
0.0812037
0.0811905
0.081179
0.0811715
0.0732307
0.0736734
0.0741174
0.0745595
0.074997
0.0754271
0.0758475
0.0762559
0.0766504
0.0770296
0.077392
0.0777368
0.0780631
0.0783705
0.0786588
0.0789277
0.0791775
0.0794084
0.0796207
0.0798149
0.0799915
0.0801512
0.0802946
0.0804223
0.0805351
0.0806336
0.0807187
0.080791
0.0808515
0.0809007
0.0809397
0.0809693
0.0809903
0.081004
0.0810113
0.0810135
0.081012
0.0810084
0.0810042
0.0810011
0.0728669
0.0732855
0.0737072
0.0741292
0.0745489
0.0749637
0.0753714
0.0757698
0.0761571
0.0765315
0.0768917
0.0772365
0.077565
0.0778766
0.0781708
0.0784472
0.0787059
0.0789469
0.0791703
0.0793764
0.0795657
0.0797386
0.0798955
0.0800372
0.0801641
0.080277
0.0803765
0.0804632
0.080538
0.0806016
0.0806546
0.080698
0.0807326
0.0807593
0.0807791
0.080793
0.0808021
0.0808076
0.0808105
0.0808117
0.0725705
0.0729654
0.0733646
0.0737657
0.0741663
0.0745642
0.074957
0.0753428
0.0757197
0.0760861
0.0764405
0.0767817
0.0771086
0.0774206
0.0777169
0.0779971
0.078261
0.0785084
0.0787395
0.0789543
0.079153
0.0793361
0.0795039
0.0796568
0.0797955
0.0799204
0.0800321
0.0801313
0.0802186
0.0802947
0.0803603
0.0804162
0.080463
0.0805016
0.0805328
0.0805575
0.0805765
0.0805905
0.0806001
0.0806054
0.0723341
0.072706
0.073083
0.0734631
0.0738441
0.0742238
0.0746003
0.0749717
0.0753361
0.0756919
0.0760378
0.0763724
0.0766947
0.0770038
0.0772989
0.0775796
0.0778454
0.0780961
0.0783317
0.078552
0.0787573
0.0789477
0.0791236
0.0792853
0.0794332
0.0795678
0.0796897
0.0797992
0.0798972
0.0799841
0.0800605
0.0801272
0.0801848
0.0802341
0.0802756
0.08031
0.0803379
0.0803597
0.0803753
0.0803844
0.0721512
0.0725009
0.0728564
0.0732156
0.0735768
0.073938
0.0742973
0.0746529
0.0750033
0.0753468
0.075682
0.0760077
0.0763228
0.0766264
0.0769176
0.0771959
0.0774608
0.0777119
0.0779491
0.0781722
0.0783812
0.0785764
0.0787578
0.0789258
0.0790806
0.0792227
0.0793524
0.0794704
0.079577
0.0796728
0.0797584
0.0798344
0.0799013
0.0799597
0.0800102
0.0800532
0.0800889
0.0801175
0.0801385
0.0801508
0.0720157
0.0723443
0.0726789
0.0730178
0.0733594
0.0737019
0.0740435
0.0743827
0.074718
0.0750478
0.0753708
0.0756859
0.0759918
0.0762877
0.0765728
0.0768463
0.0771078
0.0773568
0.0775931
0.0778165
0.0780269
0.0782243
0.0784088
0.0785807
0.0787402
0.0788876
0.0790232
0.0791475
0.0792609
0.0793638
0.0794568
0.0795404
0.079615
0.0796812
0.0797392
0.0797895
0.0798319
0.0798664
0.0798919
0.0799069
0.0719223
0.0722308
0.0725453
0.0728646
0.0731869
0.0735108
0.0738347
0.0741571
0.0744766
0.0747918
0.0751015
0.0754045
0.0756997
0.0759863
0.0762633
0.0765302
0.0767862
0.077031
0.0772643
0.0774857
0.0776952
0.0778927
0.0780783
0.078252
0.078414
0.0785647
0.0787042
0.0788329
0.0789512
0.0790595
0.0791582
0.0792477
0.0793285
0.0794008
0.079465
0.0795212
0.0795691
0.0796083
0.0796375
0.0796547
0.0718661
0.0721554
0.0724508
0.072751
0.0730546
0.0733602
0.0736664
0.0739719
0.0742753
0.0745754
0.074871
0.075161
0.0754444
0.0757203
0.0759878
0.0762463
0.0764953
0.0767341
0.0769625
0.0771801
0.0773868
0.0775824
0.077767
0.0779406
0.0781033
0.0782553
0.0783968
0.0785282
0.0786496
0.0787615
0.0788643
0.0789581
0.0790435
0.0791205
0.0791894
0.0792501
0.0793023
0.0793451
0.0793772
0.079396
0.0718424
0.0721136
0.0723907
0.0726726
0.0729581
0.0732459
0.0735347
0.0738233
0.0741105
0.0743951
0.0746761
0.0749524
0.0752231
0.0754873
0.0757442
0.0759932
0.0762336
0.076465
0.0766869
0.0768991
0.0771013
0.0772934
0.0774753
0.077647
0.0778086
0.0779603
0.0781021
0.0782344
0.0783574
0.0784713
0.0785764
0.0786731
0.0787615
0.0788418
0.078914
0.0789779
0.079033
0.0790784
0.0791124
0.0791323
0.0718471
0.072101
0.0723607
0.0726251
0.0728931
0.0731635
0.0734352
0.0737072
0.0739782
0.0742473
0.0745134
0.0747756
0.075033
0.0752848
0.0755302
0.0757686
0.0759994
0.0762221
0.0764363
0.0766416
0.0768379
0.077025
0.0772027
0.0773711
0.0775301
0.0776798
0.0778204
0.0779521
0.078075
0.0781894
0.0782955
0.0783934
0.0784834
0.0785655
0.0786396
0.0787055
0.0787624
0.0788093
0.0788444
0.0788648
0.0718761
0.0721137
0.0723568
0.0726044
0.0728555
0.0731091
0.0733642
0.0736197
0.0738747
0.0741283
0.0743794
0.0746272
0.0748709
0.0751098
0.075343
0.0755701
0.0757903
0.0760034
0.0762088
0.0764062
0.0765954
0.0767762
0.0769484
0.077112
0.077267
0.0774135
0.0775515
0.0776811
0.0778026
0.077916
0.0780216
0.0781195
0.0782097
0.0782923
0.0783671
0.0784336
0.0784912
0.0785386
0.078574
0.0785945
0.0719255
0.0721476
0.0723748
0.0726063
0.0728412
0.0730786
0.0733174
0.073557
0.0737962
0.0740343
0.0742705
0.0745038
0.0747336
0.0749591
0.0751797
0.0753949
0.075604
0.0758066
0.0760023
0.0761909
0.0763719
0.0765453
0.076711
0.0768687
0.0770185
0.0771604
0.0772945
0.0774209
0.0775396
0.0776508
0.0777546
0.0778511
0.0779403
0.0780221
0.0780963
0.0781624
0.0782196
0.0782666
0.0783017
0.0783219
0.0719913
0.0721987
0.0724108
0.0726269
0.0728462
0.0730678
0.073291
0.0735149
0.0737387
0.0739616
0.0741828
0.0744017
0.0746174
0.0748294
0.0750371
0.0752399
0.0754373
0.0756289
0.0758143
0.0759931
0.0761653
0.0763304
0.0764884
0.0766393
0.0767828
0.0769192
0.0770482
0.0771702
0.077285
0.0773928
0.0774937
0.0775877
0.0776747
0.0777546
0.0778271
0.0778917
0.0779476
0.0779934
0.0780274
0.0780469
0.0720695
0.0722628
0.0724605
0.0726619
0.0728662
0.0730727
0.0732807
0.0734893
0.073698
0.0739059
0.0741124
0.0743169
0.0745186
0.074717
0.0749115
0.0751017
0.075287
0.0754671
0.0756415
0.0758102
0.0759726
0.0761288
0.0762784
0.0764215
0.0765579
0.0766877
0.0768108
0.0769273
0.0770373
0.0771407
0.0772376
0.0773279
0.0774117
0.0774887
0.0775586
0.0776208
0.0776745
0.0777185
0.0777509
0.0777694
0.0721557
0.0723357
0.0725197
0.072707
0.0728969
0.0730888
0.073282
0.0734759
0.0736698
0.0738631
0.0740551
0.0742453
0.074433
0.0746177
0.074799
0.0749764
0.0751493
0.0753176
0.0754808
0.0756386
0.0757909
0.0759374
0.0760781
0.0762127
0.0763412
0.0764637
0.07658
0.0766902
0.0767943
0.0768924
0.0769844
0.0770703
0.0771499
0.0772231
0.0772895
0.0773486
0.0773994
0.0774409
0.0774714
0.0774887
0.0722455
0.0724129
0.0725837
0.0727575
0.0729336
0.0731115
0.0732905
0.0734701
0.0736496
0.0738286
0.0740063
0.0741824
0.0743563
0.0745274
0.0746954
0.0748598
0.0750203
0.0751765
0.0753281
0.0754749
0.0756165
0.075753
0.075884
0.0760096
0.0761297
0.0762441
0.0763529
0.0764562
0.0765538
0.0766458
0.0767321
0.0768127
0.0768875
0.0769562
0.0770184
0.0770736
0.077121
0.0771596
0.0771878
0.0772037
0.072334
0.0724894
0.0726478
0.0728087
0.0729716
0.0731359
0.0733012
0.0734669
0.0736325
0.0737974
0.0739613
0.0741235
0.0742837
0.0744414
0.0745962
0.0747477
0.0748956
0.0750396
0.0751794
0.0753148
0.0754456
0.0755716
0.0756928
0.0758089
0.0759199
0.0760259
0.0761267
0.0762223
0.0763128
0.0763981
0.0764782
0.0765529
0.0766222
0.0766858
0.0767433
0.0767942
0.0768378
0.0768731
0.0768988
0.0769132
0.0724165
0.0725605
0.0727069
0.0728555
0.0730057
0.073157
0.0733091
0.0734613
0.0736134
0.0737647
0.0739149
0.0740636
0.0742104
0.0743548
0.0744965
0.0746352
0.0747706
0.0749024
0.0750304
0.0751543
0.0752741
0.0753894
0.0755004
0.0756067
0.0757085
0.0758056
0.075898
0.0759856
0.0760686
0.0761467
0.0762201
0.0762885
0.0763519
0.0764099
0.0764623
0.0765086
0.0765481
0.0765799
0.076603
0.0766158
0.072488
0.072621
0.0727561
0.0728929
0.0730309
0.0731697
0.073309
0.0734483
0.0735872
0.0737253
0.0738623
0.0739978
0.0741314
0.0742628
0.0743917
0.0745177
0.0746407
0.0747604
0.0748766
0.0749891
0.0750978
0.0752025
0.0753031
0.0753995
0.0754918
0.0755798
0.0756636
0.0757431
0.0758182
0.075889
0.0759553
0.0760171
0.0760743
0.0761266
0.0761736
0.0762151
0.0762504
0.0762787
0.0762991
0.0763103
0.0725438
0.0726665
0.0727907
0.0729161
0.0730424
0.0731692
0.0732961
0.0734229
0.0735492
0.0736745
0.0737987
0.0739214
0.0740422
0.0741609
0.0742772
0.0743909
0.0745017
0.0746095
0.0747141
0.0748153
0.074913
0.075007
0.0750974
0.075184
0.0752668
0.0753458
0.0754208
0.075492
0.0755592
0.0756225
0.0756818
0.0757369
0.0757878
0.0758342
0.075876
0.0759126
0.0759436
0.0759684
0.0759862
0.0759959
0.07258
0.0726926
0.0728063
0.0729209
0.0730359
0.0731511
0.0732663
0.073381
0.0734951
0.0736081
0.0737199
0.0738302
0.0739387
0.0740451
0.0741492
0.0742509
0.07435
0.0744462
0.0745395
0.0746296
0.0747166
0.0748003
0.0748806
0.0749576
0.075031
0.075101
0.0751676
0.0752306
0.07529
0.0753459
0.0753982
0.0754467
0.0754914
0.0755321
0.0755686
0.0756005
0.0756274
0.0756488
0.0756641
0.0756723
0.0725934
0.0726964
0.0728
0.0729041
0.0730083
0.0731124
0.0732162
0.0733194
0.0734218
0.073523
0.073623
0.0737214
0.073818
0.0739126
0.0740051
0.0740953
0.0741831
0.0742682
0.0743506
0.0744302
0.0745068
0.0745805
0.0746512
0.0747188
0.0747833
0.0748447
0.074903
0.0749581
0.0750101
0.0750588
0.0751043
0.0751465
0.0751853
0.0752205
0.075252
0.0752794
0.0753025
0.0753208
0.0753337
0.0753406
8.72901e-06
2.97927e-05
5.52065e-05
8.5639e-05
0.000121803
0.000164457
0.000214407
0.000272496
0.000339604
0.000416639
0.000504527
0.000604203
0.000716601
0.000842635
0.000983192
0.00113911
0.00131115
0.00150001
0.00170628
0.00193041
0.00217274
0.00243343
0.00271249
0.00300974
0.00332481
0.00365712
0.00400591
0.00437021
0.00474887
0.00514055
0.00554373
0.00595677
0.00637788
0.00680518
0.00723668
0.00767038
0.00810421
0.00853608
0.00896391
0.00938557
8.12894e-06
2.77409e-05
5.13911e-05
7.96911e-05
0.000113292
0.000152886
0.000199206
0.000253022
0.000315132
0.000386362
0.000467554
0.000559559
0.000663224
0.000779384
0.000908846
0.00105238
0.00121068
0.0013844
0.00157408
0.00178017
0.00200298
0.0022427
0.00249937
0.00277287
0.00306291
0.00336903
0.00369057
0.00402673
0.0043765
0.00473873
0.0051121
0.00549518
0.00588638
0.00628402
0.00668635
0.00709155
0.00749775
0.00790306
0.00830556
0.00870331
7.53314e-06
2.57036e-05
4.76027e-05
7.37858e-05
0.000104843
0.000141401
0.000184122
0.000233702
0.00029086
0.000356342
0.000430905
0.000515318
0.000610343
0.000716736
0.000835225
0.000966506
0.00111122
0.00126996
0.00144323
0.00163144
0.0018349
0.00205382
0.00228826
0.00253814
0.00280325
0.00308322
0.0033775
0.00368543
0.00400616
0.00433869
0.00468191
0.00503455
0.00539525
0.00576252
0.00613482
0.00651054
0.00688799
0.00726549
0.0076413
0.00801366
6.94507e-06
2.36927e-05
4.38636e-05
6.79579e-05
9.65058e-05
0.00013007
0.000169244
0.000214649
0.000266931
0.000326753
0.000394793
0.000471736
0.000558265
0.000655053
0.000762754
0.000881991
0.00101335
0.00115735
0.00131447
0.00148508
0.00166949
0.0018679
0.00208039
0.00230692
0.00254736
0.00280139
0.00306859
0.00334841
0.00364013
0.00394293
0.00425585
0.00457782
0.00490765
0.00524407
0.00558573
0.00593121
0.00627904
0.00662771
0.00697568
0.00732137
6.36867e-06
2.17218e-05
4.01991e-05
6.22469e-05
8.83371e-05
0.00011897
0.000154672
0.000195994
0.000243506
0.000297796
0.000359462
0.000429109
0.00050734
0.000594751
0.000691921
0.000799403
0.000917716
0.00104733
0.00118867
0.0013421
0.00150787
0.00168621
0.00187719
0.00208084
0.00229703
0.00252554
0.00276605
0.00301809
0.00328109
0.00355437
0.00383711
0.00412843
0.00442731
0.00473268
0.00504336
0.00535815
0.00567575
0.00599486
0.00631411
0.00663213
5.8084e-06
1.98062e-05
3.66376e-05
5.66969e-05
8.04001e-05
0.000108187
0.000140519
0.000177879
0.000220766
0.000269693
0.000325183
0.000387763
0.00045796
0.000536294
0.000623271
0.000719376
0.000825065
0.000940757
0.00106683
0.00120359
0.00135131
0.00151017
0.00168028
0.00186167
0.00205426
0.00225791
0.00247234
0.0026972
0.00293203
0.00317627
0.00342927
0.00369027
0.00395845
0.00423289
0.00451261
0.00479658
0.0050837
0.00537284
0.00566285
0.00595253
5.26925e-06
1.79628e-05
3.32107e-05
5.13574e-05
7.27653e-05
9.78161e-05
0.000126911
0.000160465
0.000198912
0.000242693
0.000292259
0.000348063
0.000410559
0.000480194
0.000557405
0.000642611
0.000736206
0.000838557
0.000949989
0.00107079
0.00120119
0.00134136
0.00149141
0.00165139
0.00182127
0.00200093
0.00219018
0.00238874
0.00259625
0.00281228
0.00303628
0.00326766
0.00350573
0.00374975
0.00399891
0.00425235
0.00450915
0.00476835
0.00502899
0.00529006
4.75679e-06
1.62107e-05
2.99538e-05
4.62836e-05
6.55114e-05
8.79649e-05
0.000113987
0.000143932
0.000178169
0.000217072
0.000261025
0.000310411
0.000365616
0.000427019
0.000494989
0.000569882
0.000652037
0.000741763
0.000839346
0.00094503
0.00105902
0.00118148
0.00131252
0.00145218
0.00160047
0.00175731
0.00192255
0.00209601
0.00227739
0.00246636
0.00266251
0.00286535
0.00307434
0.00328889
0.00350834
0.00373199
0.00395909
0.00418885
0.00442049
0.00465317
4.27723e-06
1.45712e-05
2.69065e-05
4.15368e-05
5.87263e-05
7.8752e-05
0.000101903
0.000128477
0.000158783
0.000193135
0.000231852
0.000275255
0.000323664
0.000377395
0.000436756
0.000502045
0.000573543
0.000651512
0.000736192
0.000827793
0.000926494
0.00103244
0.00114572
0.00126641
0.00139451
0.00152999
0.00167274
0.00182262
0.00197943
0.00214291
0.00231275
0.00248858
0.00266998
0.00285648
0.00304757
0.0032427
0.00344126
0.00364264
0.0038462
0.00405127
3.83752e-06
1.3068e-05
2.41128e-05
3.71855e-05
5.25074e-05
7.03096e-05
9.08318e-05
0.000114321
0.000141032
0.000171222
0.000205153
0.000243089
0.000285291
0.000332017
0.000383519
0.000440041
0.000501814
0.000569054
0.000641959
0.000720704
0.000805442
0.000896296
0.000993359
0.00109669
0.00120631
0.0013222
0.00144431
0.00157253
0.00170673
0.00184671
0.00199225
0.00214308
0.00229888
0.00245929
0.00262394
0.00279238
0.00296418
0.00313884
0.00331588
0.00349479
3.44541e-06
1.17275e-05
2.16218e-05
3.33061e-05
4.69639e-05
6.27854e-05
8.09669e-05
0.00010171
0.000125222
0.00015171
0.000181387
0.000214463
0.00025115
0.000291655
0.000336179
0.000384917
0.000438057
0.000495773
0.000558224
0.000625556
0.000697894
0.000775344
0.000857986
0.000945878
0.00103905
0.0011375
0.0012412
0.00135008
0.00146406
0.001583
0.00170675
0.00183511
0.00196786
0.00210474
0.00224546
0.00238972
0.00253718
0.00268749
0.00284027
0.00299517
3.10956e-06
1.05795e-05
1.94885e-05
2.99842e-05
4.22176e-05
5.63443e-05
7.25238e-05
9.09191e-05
0.000111696
0.000135021
0.000161064
0.000189992
0.000221971
0.000257166
0.000295737
0.000337837
0.000383614
0.000433207
0.000486744
0.000544341
0.000606102
0.000672114
0.000742447
0.000817154
0.000896268
0.000979801
0.00106774
0.00116006
0.00125669
0.00135756
0.00146256
0.00157157
0.00168442
0.00180095
0.00192096
0.00204422
0.0021705
0.00229955
0.00243111
0.00256495
2.83974e-06
9.65719e-06
1.77747e-05
2.73159e-05
3.84057e-05
5.1172e-05
6.5745e-05
8.22566e-05
0.00010084
0.00012163
0.00014476
0.000170364
0.000198573
0.000229516
0.00026332
0.000300106
0.00033999
0.000383083
0.000429486
0.000479293
0.000532587
0.000589441
0.000649916
0.00071406
0.000781907
0.000853475
0.000928768
0.00100777
0.00109046
0.00117679
0.00126668
0.00136007
0.00145685
0.00155691
0.00166012
0.00176633
0.00187538
0.0019871
0.00210134
0.00221793
2.64698e-06
8.99831e-06
1.65505e-05
2.541e-05
3.56832e-05
4.74784e-05
6.09047e-05
7.60724e-05
9.30917e-05
0.000112073
0.000133127
0.000156361
0.000181882
0.000209797
0.000240205
0.000273206
0.000308894
0.000347358
0.00038868
0.000432939
0.000480203
0.000530535
0.000583986
0.000640602
0.000700415
0.00076345
0.000829717
0.000899218
0.000971941
0.00104786
0.00112695
0.00120914
0.00129439
0.00138262
0.00147375
0.00156768
0.0016643
0.00176351
0.00186521
0.0019693
2.54384e-06
8.64578e-06
1.58956e-05
2.43903e-05
3.42268e-05
4.55027e-05
5.83161e-05
7.27653e-05
8.89487e-05
0.000106964
0.000126908
0.000148877
0.000172964
0.00019926
0.000227856
0.000258837
0.000292285
0.000328278
0.000366889
0.000408186
0.000452231
0.00049908
0.000548782
0.000601377
0.000656898
0.000715372
0.000776813
0.000841229
0.000908618
0.000978968
0.00105226
0.00112845
0.00120751
0.00128939
0.00137402
0.00146134
0.00155127
0.00164373
0.00173865
0.00183598
0.00995381
0.0106479
0.0113027
0.0119106
0.0124656
0.0129635
0.013401
0.0137765
0.0140893
0.0143395
0.0145284
0.0146573
0.0147283
0.014744
0.014707
0.0146202
0.0144867
0.0143097
0.0140928
0.0138397
0.0135541
0.0132405
0.0129031
0.0125465
0.0121757
0.0117956
0.0114112
0.0110277
0.0106499
0.0102828
0.00993081
0.0095986
0.00929081
0.00901292
0.00877234
0.00857999
0.00845225
0.00841243
0.0084909
0.00872273
0.00914232
0.00977573
0.0106327
0.0117011
0.0129463
0.0143155
0.0157461
0.0171763
0.0185533
0.0198382
0.0210081
0.0220549
0.0229824
0.0238028
0.0245332
0.0251931
0.0258014
0.0263754
0.0269299
0.027476
0.0280216
0.0285711
0.029126
0.0296852
0.0302452
0.0308011
0.0313466
0.0318747
0.0323783
0.0328504
0.0332846
0.0336752
0.0340177
0.0343085
0.0345451
0.0347264
0.0348523
0.0349236
0.0349422
0.0349109
0.0348333
0.0347138
0.0345573
0.0343693
0.0341557
0.033923
0.0336776
0.0334264
0.033177
0.0329376
0.0327184
0.0325323
0.032397
0.0323352
0.0323757
0.0325511
0.032894
0.0334308
0.034175
0.0351218
0.036246
0.0375045
0.0388425
0.0402022
0.0415315
0.0427892
0.0439481
0.0449948
0.0459281
0.0467559
0.0474919
0.0481533
0.0487578
0.0493226
0.0498625
0.0503899
0.0509141
0.051441
0.0519737
0.0525126
0.0530557
0.0535991
0.0541374
0.0546642
0.0551727
0.0556559
0.0561072
0.0565203
0.0568901
0.0572122
0.0574834
0.0577017
0.0578659
0.0579762
0.0580334
0.0580396
0.0579973
0.0579101
0.0577822
0.0576181
0.0574233
0.0572031
0.0569636
0.0567108
0.056451
0.0561906
0.0559367
0.0556973
0.0554825
0.0553057
0.0551844
0.0551412
0.0552028
0.0553971
0.0557493
0.0562758
0.0569796
0.0578474
0.0588503
0.0599476
0.0610934
0.0622433
0.0633594
0.0644141
0.0653902
0.066281
0.0670879
0.0678185
0.0684838
0.0690967
0.0696701
0.070216
0.0707443
0.0712628
0.0717766
0.0722883
0.0727984
0.0733051
0.0738051
0.0742941
0.0747665
0.0752166
0.0756386
0.0760269
0.0763765
0.0766832
0.0769434
0.0771547
0.0773154
0.0774249
0.0774833
0.0774916
0.0774516
0.0773655
0.0772363
0.0770677
0.0768638
0.076629
0.0763681
0.0760858
0.0757867
0.0754748
0.0751521
0.0748188
0.0744716
0.0741035
0.0737049
0.0732657
0.07278
0.0722509
0.0716954
0.0711439
0.0706354
0.0702087
0.0698912
0.0696925
0.0696049
0.0696081
0.0696763
0.0697849
0.0699137
0.0700493
0.0701838
0.0703134
0.0704376
0.0705571
0.0706736
0.0707886
0.0709041
0.0710215
0.071142
0.0712668
0.0713965
0.0715317
0.0716726
0.0718191
0.0719711
0.0721281
0.0722894
0.0724542
0.00924089
0.00990049
0.010526
0.01111
0.0116467
0.0121313
0.0125606
0.0129324
0.0132456
0.0135001
0.0136965
0.013836
0.0139204
0.0139518
0.0139329
0.0138664
0.0137553
0.0136028
0.0134123
0.0131876
0.0129324
0.0126509
0.0123472
0.0120259
0.0116915
0.0113487
0.0110022
0.0106567
0.0103166
0.00998646
0.00967031
0.00937225
0.00909653
0.00884819
0.00863417
0.00846489
0.00835611
0.00833045
0.00841755
0.00865183
0.00906739
0.00969051
0.0105319
0.0115813
0.0128061
0.014156
0.0155705
0.0169894
0.0183606
0.0196453
0.0208198
0.021875
0.0228131
0.0236448
0.024386
0.0250545
0.0256684
0.0262443
0.0267961
0.0273351
0.027869
0.0284027
0.0289382
0.029475
0.0300104
0.0305403
0.0310593
0.0315613
0.0320398
0.0324887
0.0329021
0.0332749
0.0336027
0.0338824
0.0341117
0.0342893
0.0344153
0.0344905
0.0345166
0.0344962
0.0344329
0.0343306
0.0341942
0.0340286
0.0338395
0.0336328
0.0334144
0.0331909
0.0329689
0.0327563
0.0325626
0.0324
0.0322855
0.032241
0.0322946
0.0324781
0.0328235
0.0333572
0.0340931
0.0350274
0.0361364
0.0373789
0.0387021
0.0400499
0.0413712
0.0426252
0.0437847
0.0448357
0.0457759
0.046612
0.0473566
0.0480255
0.0486356
0.0492028
0.0497417
0.050264
0.050779
0.0512927
0.0518085
0.0523274
0.0528478
0.0533667
0.0538794
0.0543804
0.0548636
0.0553228
0.0557519
0.0561453
0.0564982
0.0568067
0.0570677
0.0572793
0.0574404
0.0575512
0.0576125
0.0576261
0.0575945
0.0575212
0.05741
0.0572654
0.0570922
0.0568956
0.0566813
0.0564546
0.0562215
0.0559877
0.0557598
0.0555453
0.0553535
0.0551973
0.0550935
0.0550639
0.0551346
0.0553329
0.0556837
0.0562035
0.056896
0.0577491
0.0587355
0.0598164
0.0609473
0.062085
0.0631926
0.0642426
0.0652176
0.0661102
0.0669209
0.0676563
0.0683262
0.0689426
0.0695174
0.0700621
0.070586
0.0710967
0.0715994
0.0720969
0.0725901
0.0730778
0.0735574
0.074025
0.0744759
0.0749052
0.0753075
0.0756778
0.0760116
0.076305
0.0765547
0.0767584
0.0769146
0.0770228
0.077083
0.0770962
0.077064
0.0769888
0.0768734
0.0767213
0.0765363
0.0763227
0.076085
0.0758275
0.0755543
0.0752688
0.0749726
0.0746652
0.0743428
0.073998
0.0736206
0.0732003
0.0727309
0.0722156
0.0716712
0.0711283
0.0706262
0.070204
0.0698896
0.0696931
0.0696072
0.069612
0.0696819
0.0697923
0.0699232
0.070061
0.0701978
0.0703298
0.0704563
0.0705781
0.0706965
0.0708132
0.0709299
0.0710481
0.0711688
0.0712931
0.0714216
0.0715549
0.071693
0.071836
0.0719837
0.0721355
0.072291
0.0724492
0.00851839
0.00914051
0.00973361
0.0102907
0.0108058
0.0112744
0.0116928
0.0120586
0.0123705
0.0126278
0.0128308
0.0129804
0.0130781
0.0131258
0.0131259
0.0130809
0.0129937
0.0128675
0.0127055
0.0125114
0.0122888
0.0120416
0.0117739
0.01149
0.011194
0.0108904
0.0105835
0.0102774
0.00997642
0.00968436
0.00940497
0.00914187
0.00889888
0.00868063
0.00849363
0.00834781
0.00825836
0.00824722
0.00834331
0.00858043
0.00899234
0.00960553
0.0104316
0.0114619
0.012666
0.0139959
0.0153933
0.0167995
0.0181632
0.0194457
0.0206229
0.0216844
0.0226314
0.023473
0.0242237
0.0249
0.0255188
0.0260961
0.0266452
0.0271771
0.0276997
0.028218
0.0287344
0.0292492
0.0297604
0.0302647
0.0307574
0.0312333
0.031687
0.0321127
0.0325053
0.0328602
0.0331734
0.0334421
0.0336641
0.0338384
0.0339649
0.0340445
0.0340788
0.0340702
0.034022
0.0339381
0.0338227
0.0336806
0.033517
0.0333372
0.0331468
0.0329516
0.0327577
0.0325725
0.0324046
0.032266
0.0321725
0.0321456
0.0322125
0.0324043
0.0327525
0.0332834
0.0340112
0.034933
0.0360266
0.0372528
0.0385606
0.0398956
0.0412076
0.0424565
0.043615
0.0446686
0.045614
0.0464569
0.0472088
0.0478842
0.0484988
0.0490679
0.0496053
0.0501225
0.0506283
0.0511289
0.0516281
0.052127
0.052625
0.0531196
0.0536069
0.0540822
0.0545401
0.0549753
0.0553821
0.0557558
0.0560919
0.0563867
0.0566375
0.0568425
0.0570008
0.0571125
0.0571783
0.0572001
0.0571801
0.0571216
0.0570282
0.0569039
0.0567535
0.0565816
0.0563933
0.0561937
0.055988
0.0557816
0.0555803
0.055391
0.0552227
0.0550873
0.0550013
0.0549856
0.0550656
0.0552681
0.0556177
0.0561311
0.0568125
0.0576509
0.0586205
0.0596843
0.0607994
0.0619238
0.0630215
0.064065
0.0650371
0.0659296
0.0667425
0.0674809
0.0681541
0.0687727
0.0693481
0.0698908
0.0704099
0.0709126
0.0714042
0.0718876
0.072364
0.0728328
0.0732921
0.0737385
0.0741682
0.0745766
0.0749592
0.0753116
0.0756296
0.0759097
0.076149
0.0763454
0.0764975
0.0766048
0.0766674
0.0766862
0.0766629
0.0765997
0.0764992
0.0763648
0.0762001
0.0760091
0.0757957
0.0755641
0.0753178
0.0750597
0.0747908
0.07451
0.0742129
0.0738917
0.0735358
0.0731345
0.0726816
0.0721801
0.0716469
0.0711126
0.0706169
0.0701993
0.069888
0.0696937
0.0696095
0.0696158
0.0696873
0.0697994
0.0699322
0.0700721
0.070211
0.0703453
0.0704739
0.0705975
0.0707176
0.0708358
0.0709534
0.071072
0.0711926
0.0713161
0.0714432
0.0715741
0.0717092
0.0718484
0.0719914
0.0721378
0.0722871
0.0724386
0.00779134
0.00837328
0.00893112
0.00945821
0.0099489
0.0103985
0.0108034
0.011161
0.0114695
0.011728
0.0119366
0.0120957
0.0122066
0.0122709
0.0122906
0.0122682
0.0122064
0.012108
0.0119764
0.0118147
0.0116267
0.0114159
0.0111863
0.0109416
0.0106859
0.0104231
0.0101572
0.00989198
0.00963114
0.00937813
0.00913625
0.00890872
0.00869895
0.00851117
0.00835149
0.0082294
0.00815952
0.00816317
0.00826858
0.00850891
0.00891759
0.00952126
0.0103324
0.0113437
0.0125269
0.0138362
0.0152157
0.0166078
0.0179623
0.0192407
0.0204185
0.0214843
0.0224382
0.0232879
0.0240465
0.0247293
0.0253523
0.0259305
0.0264767
0.0270015
0.0275129
0.0280161
0.0285139
0.0290071
0.0294946
0.0299736
0.0304404
0.0308908
0.0313197
0.0317225
0.0320945
0.0324317
0.0327306
0.0329885
0.0332036
0.0333751
0.0335027
0.0335874
0.0336306
0.0336347
0.0336026
0.0335379
0.0334446
0.033327
0.0331898
0.0330378
0.032876
0.0327097
0.0325446
0.032387
0.0322454
0.0321308
0.0320586
0.0320495
0.0321299
0.0323302
0.0326815
0.0332098
0.0339296
0.0348391
0.0359174
0.037127
0.0384189
0.0397402
0.0410417
0.0422842
0.04344
0.0444943
0.0454433
0.0462913
0.0470488
0.0477293
0.0483475
0.0489177
0.0494531
0.0499648
0.0504613
0.0509489
0.0514315
0.0519109
0.0523867
0.0528573
0.0533194
0.0537692
0.0542022
0.0546134
0.0549982
0.0553522
0.0556715
0.0559528
0.0561937
0.0563925
0.0565484
0.0566615
0.0567326
0.0567633
0.0567558
0.0567131
0.0566384
0.0565356
0.0564089
0.0562626
0.0561013
0.0559295
0.0557519
0.0555733
0.055399
0.0552353
0.0550907
0.0549764
0.0549083
0.0549067
0.0549962
0.0552032
0.0555519
0.056059
0.0567294
0.0575532
0.0585059
0.0595522
0.0606508
0.0617608
0.062847
0.0638825
0.0648498
0.0657403
0.0665533
0.067293
0.0679677
0.0685872
0.069162
0.0697019
0.0702155
0.0707099
0.0711901
0.0716594
0.0721192
0.0725694
0.0730085
0.073434
0.0738426
0.0742304
0.0745935
0.0749281
0.0752306
0.0754977
0.0757269
0.0759163
0.0760648
0.0761718
0.0762376
0.0762631
0.0762497
0.0761996
0.0761153
0.0759999
0.0758568
0.0756895
0.0755018
0.0752971
0.0750786
0.0748486
0.0746076
0.0743539
0.0740825
0.0737851
0.0734508
0.0730687
0.0726322
0.0721445
0.0716225
0.0710969
0.0706076
0.0701945
0.0698863
0.0696941
0.0696116
0.0696194
0.0696924
0.0698061
0.0699408
0.0700826
0.0702234
0.0703596
0.07049
0.0706153
0.0707369
0.070856
0.0709743
0.071093
0.0712131
0.0713355
0.0714607
0.071589
0.0717207
0.0718556
0.0719936
0.0721344
0.0722772
0.0724216
0.00706577
0.00760526
0.00812529
0.00861972
0.0090832
0.00951119
0.00990003
0.0102469
0.01055
0.0108082
0.0110211
0.0111889
0.0113126
0.0113935
0.0114334
0.0114344
0.011399
0.01133
0.0112302
0.0111028
0.010951
0.0107784
0.0105885
0.0103847
0.0101707
0.00995012
0.00972643
0.00950303
0.00928316
0.00906986
0.008866
0.0086744
0.00849809
0.00834096
0.00820872
0.00811045
0.00806027
0.00807888
0.00819385
0.00843774
0.00884361
0.00943823
0.0102348
0.0112274
0.0123898
0.0136783
0.0150389
0.0164158
0.0177596
0.019032
0.0202082
0.0212762
0.0222348
0.0230906
0.0238553
0.0245433
0.0251693
0.0257475
0.0262903
0.026808
0.0273082
0.0277966
0.0282762
0.0287484
0.0292126
0.029667
0.0301085
0.0305337
0.0309385
0.0313188
0.0316707
0.0319907
0.0322756
0.0325233
0.0327321
0.0329013
0.0330308
0.0331213
0.0331744
0.0331921
0.0331771
0.0331326
0.0330623
0.03297
0.03286
0.0327364
0.0326039
0.032467
0.0323308
0.0322012
0.032086
0.0319955
0.0319446
0.0319533
0.0320473
0.0322563
0.0326109
0.0331368
0.0338491
0.0347464
0.0358095
0.0370025
0.0382781
0.0395849
0.040875
0.0421095
0.043261
0.0443144
0.0452649
0.0461162
0.0468777
0.0475617
0.0481821
0.0487524
0.0492851
0.0497907
0.0502777
0.0507523
0.0512185
0.0516785
0.0521326
0.0525795
0.053017
0.0534417
0.05385
0.0542377
0.0546008
0.0549355
0.0552383
0.0555065
0.0557379
0.055931
0.0560851
0.0562003
0.0562775
0.056318
0.0563239
0.0562979
0.056243
0.0561626
0.0560605
0.0559407
0.055807
0.0556636
0.0555146
0.0553641
0.0552171
0.0550792
0.0549583
0.0548653
0.0548151
0.0548276
0.0549268
0.0551385
0.0554865
0.0559877
0.0566474
0.0574567
0.0583926
0.0594211
0.0605025
0.0615972
0.0626707
0.0636964
0.064657
0.0655436
0.0663546
0.0670936
0.067768
0.0683867
0.0689595
0.0694955
0.0700029
0.0704884
0.070957
0.0714121
0.0718553
0.0722871
0.0727064
0.0731112
0.073499
0.0738666
0.0742107
0.0745279
0.0748152
0.0750697
0.0752894
0.0754725
0.0756181
0.0757257
0.0757956
0.0758287
0.0758264
0.0757906
0.0757238
0.0756287
0.0755084
0.075366
0.0752049
0.0750282
0.0748383
0.074637
0.0744244
0.074198
0.0739524
0.073679
0.0733663
0.0730032
0.0725832
0.0721092
0.0715982
0.0710812
0.0705983
0.0701897
0.0698845
0.0696945
0.0696136
0.0696227
0.0696972
0.0698124
0.0699487
0.0700922
0.0702348
0.0703727
0.0705047
0.0706314
0.0707539
0.0708738
0.0709924
0.0711108
0.07123
0.0713508
0.0714737
0.071599
0.0717269
0.0718573
0.07199
0.0721247
0.0722608
0.0723979
0.00634872
0.00684399
0.00732415
0.00778365
0.0082175
0.00862139
0.00899177
0.00932583
0.00962156
0.00987764
0.0100935
0.0102691
0.010405
0.0105023
0.0105625
0.0105875
0.0105793
0.0105406
0.0104738
0.010382
0.0102679
0.0101348
0.00998585
0.00982418
0.00965303
0.00947556
0.00929487
0.0091139
0.00893545
0.00876216
0.00859648
0.00844086
0.00829799
0.00817141
0.00806651
0.00799196
0.00796142
0.00799504
0.00811973
0.00836747
0.00877097
0.00935707
0.0101396
0.0111141
0.0122558
0.0135234
0.0148646
0.0162254
0.017557
0.0188216
0.0199942
0.0210621
0.0220231
0.0228828
0.0236518
0.0243431
0.0249708
0.0255481
0.0260868
0.0265969
0.027086
0.0275597
0.0280216
0.0284733
0.028915
0.0293454
0.0297625
0.0301633
0.0305447
0.0309033
0.0312357
0.0315391
0.0318109
0.0320491
0.0322523
0.03242
0.0325522
0.0326495
0.0327133
0.0327455
0.0327485
0.0327251
0.0326786
0.0326124
0.0325302
0.0324356
0.0323327
0.0322254
0.0321182
0.0320166
0.0319276
0.0318612
0.0318315
0.0318579
0.0319654
0.0321831
0.0325411
0.0330651
0.03377
0.0346557
0.0357038
0.0368802
0.0381392
0.0394311
0.0407088
0.0419341
0.0430798
0.0441303
0.0450805
0.0459332
0.0466967
0.0473826
0.0480037
0.0485729
0.0491019
0.0496008
0.0500779
0.0505394
0.0509893
0.0514303
0.051863
0.0522868
0.0527002
0.0531005
0.0534847
0.0538495
0.0541914
0.0545074
0.0547944
0.0550501
0.0552726
0.0554607
0.0556138
0.055732
0.0558161
0.0558673
0.0558875
0.0558792
0.0558449
0.0557878
0.0557111
0.0556183
0.0555129
0.0553982
0.055278
0.0551559
0.0550362
0.0549241
0.0548268
0.0547548
0.0547225
0.0547491
0.054858
0.0550745
0.0554221
0.0559178
0.0565672
0.0573623
0.0582815
0.0592921
0.0603559
0.0614345
0.0624941
0.0635086
0.0644607
0.0653413
0.0661482
0.0668844
0.0675565
0.0681726
0.0687418
0.0692727
0.0697728
0.0702488
0.0707053
0.071146
0.0715728
0.0719863
0.072386
0.0727707
0.0731383
0.0734862
0.0738118
0.0741122
0.074385
0.0746277
0.0748386
0.0750162
0.0751598
0.075269
0.0753441
0.075386
0.075396
0.0753758
0.0753277
0.075254
0.0751576
0.0750412
0.0749076
0.0747595
0.0745988
0.0744266
0.0742425
0.0740436
0.0738239
0.0735742
0.0732829
0.0729387
0.0725348
0.0720743
0.0715743
0.0710657
0.0705891
0.0701849
0.0698828
0.0696948
0.0696154
0.0696259
0.0697016
0.0698183
0.069956
0.0701011
0.0702452
0.0703844
0.0705177
0.0706455
0.0707687
0.0708889
0.0710073
0.071125
0.071243
0.0713618
0.071482
0.071604
0.0717277
0.0718532
0.0719802
0.0721085
0.0722377
0.0723671
0.00564823
0.0060982
0.00653707
0.00695991
0.00736219
0.00773993
0.00808976
0.00840895
0.00869542
0.00894777
0.00916517
0.00934742
0.0094948
0.00960809
0.00968847
0.00973749
0.00975699
0.0097491
0.00971614
0.00966058
0.00958507
0.00949232
0.0093851
0.00926621
0.00913844
0.00900452
0.00886708
0.00872867
0.00859163
0.0084582
0.00833046
0.00821049
0.00810067
0.00800425
0.00792629
0.00787512
0.00786398
0.00791247
0.00804692
0.00829877
0.00870033
0.0092785
0.0100477
0.0110046
0.0121263
0.013373
0.0146946
0.0160385
0.0173567
0.018612
0.019779
0.0208446
0.0218058
0.0226672
0.0234382
0.0241311
0.0247588
0.0253339
0.0258677
0.0263698
0.0268476
0.0273069
0.0277514
0.0281832
0.0286031
0.0290105
0.029404
0.0297815
0.0301405
0.0304784
0.0307924
0.0310803
0.0313398
0.0315695
0.0317682
0.0319354
0.0320712
0.0321762
0.0322517
0.0322993
0.0323211
0.0323195
0.0322975
0.0322578
0.0322036
0.0321383
0.0320649
0.0319872
0.0319089
0.031835
0.0317719
0.0317292
0.0317203
0.0317641
0.031885
0.0321114
0.032473
0.0329952
0.0336933
0.0345677
0.0356013
0.0367614
0.0380039
0.0392804
0.040545
0.04176
0.0428984
0.0439445
0.0448925
0.0457445
0.0465082
0.047194
0.0478142
0.0483809
0.0489051
0.0493966
0.0498633
0.0503115
0.0507453
0.0511675
0.0515793
0.0519807
0.0523706
0.0527473
0.0531083
0.053451
0.0537727
0.0540708
0.0543429
0.054587
0.0548015
0.0549855
0.0551385
0.0552606
0.0553525
0.0554153
0.0554508
0.0554609
0.0554481
0.0554149
0.0553641
0.0552988
0.0552217
0.055136
0.0550446
0.0549507
0.054858
0.0547713
0.0546974
0.0546461
0.0546314
0.054672
0.0547905
0.0550119
0.0553594
0.0558498
0.0564894
0.0572708
0.0581736
0.0591664
0.0602125
0.0612744
0.0623192
0.0633212
0.0642632
0.0651359
0.0659366
0.0666679
0.0673356
0.0679472
0.0685111
0.0690353
0.0695271
0.0699926
0.0704367
0.0708627
0.071273
0.0716685
0.0720492
0.0724143
0.0727622
0.0730912
0.0733991
0.0736836
0.0739428
0.0741746
0.0743777
0.0745509
0.0746936
0.0748055
0.074887
0.0749389
0.0749624
0.074959
0.0749307
0.0748796
0.074808
0.0747183
0.0746129
0.0744937
0.0743624
0.0742195
0.0740639
0.0738922
0.073698
0.0734717
0.0732015
0.0728757
0.0724876
0.0720403
0.0715509
0.0710506
0.07058
0.0701801
0.0698809
0.069695
0.0696171
0.0696288
0.0697057
0.0698236
0.0699627
0.070109
0.0702544
0.0703949
0.0705291
0.0706575
0.0707812
0.0709013
0.0710191
0.0711358
0.071252
0.0713684
0.0714856
0.0716037
0.0717229
0.0718431
0.0719642
0.0720858
0.0722077
0.0723294
0.00497341
0.00537783
0.00577476
0.00615994
0.00652936
0.00687946
0.00720711
0.00750974
0.00778532
0.00803237
0.00824995
0.00843765
0.00859552
0.00872405
0.00882409
0.00889688
0.0089439
0.0089669
0.00896782
0.00894877
0.00891197
0.00885972
0.00879436
0.00871827
0.00863377
0.00854315
0.00844863
0.00835228
0.00825606
0.00816181
0.00807125
0.00798615
0.00790859
0.00784154
0.0077898
0.00776138
0.00776913
0.00783218
0.0079763
0.0082324
0.00863245
0.00920334
0.00996001
0.0109002
0.0120025
0.0132289
0.014531
0.0158575
0.0171616
0.0184061
0.0195658
0.0206271
0.0215863
0.022447
0.023218
0.0239104
0.0245365
0.0251081
0.025636
0.0261294
0.0265957
0.0270406
0.0274682
0.0278809
0.02828
0.0286654
0.0290366
0.029392
0.0297299
0.0300484
0.0303453
0.0306188
0.0308674
0.0310897
0.031285
0.0314528
0.0315933
0.031707
0.031795
0.0318587
0.0318999
0.0319207
0.0319234
0.0319104
0.0318844
0.031848
0.031804
0.0317553
0.0317054
0.0316585
0.0316207
0.031601
0.0316124
0.0316732
0.031807
0.0320421
0.0324073
0.0329281
0.0336198
0.0344835
0.0355032
0.0366474
0.0378736
0.0391347
0.0403858
0.0415897
0.0427196
0.0437597
0.0447037
0.0455532
0.046315
0.046999
0.0476166
0.0481792
0.0486975
0.0491807
0.0496366
0.0500711
0.0504889
0.0508927
0.0512842
0.051664
0.0520314
0.0523855
0.0527244
0.0530462
0.0533488
0.0536302
0.0538885
0.0541221
0.0543297
0.0545107
0.0546645
0.0547915
0.0548922
0.0549676
0.055019
0.0550483
0.0550573
0.0550484
0.0550238
0.0549859
0.0549372
0.0548801
0.0548171
0.0547509
0.0546847
0.0546228
0.0545716
0.0545405
0.0545429
0.054597
0.054725
0.0549514
0.0552989
0.0557846
0.0564148
0.0571832
0.0580701
0.0590456
0.0600741
0.061119
0.0621484
0.0631369
0.0640674
0.0649304
0.0657231
0.0664475
0.0671087
0.0677139
0.0682707
0.0687868
0.069269
0.0697232
0.0701541
0.0705653
0.0709591
0.0713369
0.071699
0.0720451
0.0723744
0.0726854
0.0729766
0.0732463
0.073493
0.0737152
0.0739117
0.0740817
0.0742247
0.0743406
0.0744298
0.0744929
0.074531
0.0745454
0.0745378
0.07451
0.0744639
0.0744013
0.0743243
0.0742342
0.0741322
0.0740182
0.0738906
0.0737455
0.0735762
0.0733727
0.0731229
0.072815
0.0724421
0.0720075
0.0715283
0.0710359
0.0705712
0.0701755
0.0698791
0.0696951
0.0696186
0.0696315
0.0697095
0.0698285
0.0699686
0.0701161
0.0702625
0.0704039
0.0705388
0.0706676
0.0707912
0.0709109
0.0710278
0.0711429
0.071257
0.0713707
0.0714844
0.0715983
0.0717126
0.0718273
0.0719421
0.072057
0.0721714
0.0722852
0.00433448
0.00469407
0.00504937
0.00539678
0.00573288
0.00605455
0.006359
0.00664388
0.00690727
0.0071477
0.00736416
0.00755607
0.00772329
0.00786601
0.00798482
0.00808057
0.0081544
0.00820766
0.0082419
0.00825877
0.00826008
0.00824768
0.00822346
0.00818934
0.00814719
0.00809886
0.00804612
0.00799062
0.00793394
0.00787754
0.00782281
0.00777123
0.00772463
0.00768572
0.00765908
0.00765244
0.0076783
0.00775536
0.00790888
0.00816929
0.00856822
0.00913253
0.00987761
0.0108021
0.0118861
0.013093
0.0143761
0.0156853
0.0169747
0.0182075
0.0193585
0.0204137
0.0213689
0.0222269
0.0229957
0.0236857
0.0243085
0.0248752
0.0253962
0.0258803
0.0263349
0.0267656
0.0271768
0.0275712
0.0279504
0.0283152
0.0286654
0.0290003
0.0293187
0.0296194
0.0299008
0.0301616
0.0304006
0.030617
0.03081
0.0309796
0.0311258
0.031249
0.0313503
0.0314306
0.0314916
0.0315348
0.0315622
0.0315757
0.0315773
0.0315693
0.0315538
0.0315333
0.0315106
0.0314898
0.0314763
0.0314786
0.0315094
0.0315863
0.0317327
0.031976
0.0323449
0.0328645
0.0335503
0.034404
0.0354106
0.0365397
0.0377502
0.0389961
0.0402336
0.0414259
0.0425464
0.0435792
0.0445177
0.045363
0.0461211
0.0468015
0.0474149
0.0479721
0.0484832
0.0489573
0.0494017
0.0498226
0.0502244
0.0506104
0.0509824
0.0513414
0.0516876
0.0520203
0.0523385
0.0526409
0.0529259
0.053192
0.0534379
0.0536623
0.0538643
0.0540434
0.0541993
0.0543321
0.0544424
0.0545309
0.0545989
0.0546476
0.0546787
0.054694
0.0546953
0.0546845
0.0546636
0.0546344
0.054599
0.0545595
0.0545188
0.0544807
0.0544513
0.0544395
0.0544583
0.0545254
0.0546625
0.0548937
0.0552416
0.0557229
0.0563445
0.0571006
0.0579725
0.0589313
0.0599425
0.0609708
0.0619844
0.0629587
0.0638766
0.0647287
0.0655118
0.0662274
0.0668804
0.0674773
0.0680255
0.0685319
0.0690034
0.0694454
0.0698626
0.0702587
0.0706362
0.0709967
0.0713409
0.071669
0.0719805
0.0722748
0.0725506
0.0728069
0.0730425
0.0732564
0.0734477
0.0736158
0.0737605
0.0738816
0.0739796
0.074055
0.0741086
0.0741416
0.0741553
0.0741512
0.0741306
0.0740952
0.0740463
0.0739848
0.0739114
0.0738256
0.0737251
0.0736058
0.0734604
0.0732787
0.0730483
0.0727573
0.072399
0.0719764
0.0715068
0.071022
0.0705629
0.0701711
0.0698774
0.0696952
0.0696199
0.0696339
0.0697128
0.0698328
0.0699739
0.0701223
0.0702695
0.0704115
0.0705468
0.0706756
0.0707989
0.0709179
0.0710335
0.0711467
0.0712583
0.0713689
0.0714788
0.0715883
0.0716975
0.0718064
0.0719149
0.0720228
0.0721298
0.0722356
0.00374273
0.00405937
0.00437445
0.00468507
0.00498838
0.00528175
0.00556277
0.00582935
0.00607976
0.00631258
0.00652679
0.0067217
0.00689698
0.00705259
0.00718882
0.0073062
0.00740549
0.00748763
0.00755375
0.00760508
0.00764296
0.00766879
0.007684
0.00769005
0.00768837
0.00768035
0.00766734
0.00765062
0.00763137
0.00761072
0.00758977
0.00756972
0.00755218
0.00753967
0.00753654
0.0075503
0.00759315
0.00768339
0.00784586
0.00811051
0.00850866
0.00906715
0.00980173
0.0107119
0.0117788
0.0129675
0.0142324
0.0155248
0.0167995
0.0180202
0.0191616
0.0202094
0.0211589
0.0220124
0.0227772
0.0234631
0.024081
0.0246415
0.0251547
0.025629
0.0260717
0.0264886
0.026884
0.0272611
0.0276219
0.0279675
0.0282985
0.0286147
0.0289155
0.0292002
0.0294679
0.0297177
0.0299488
0.0301607
0.0303529
0.0305253
0.030678
0.0308115
0.0309263
0.0310235
0.0311041
0.0311694
0.0312208
0.0312598
0.0312881
0.0313072
0.0313188
0.031325
0.0313282
0.0313318
0.0313411
0.0313641
0.031413
0.0315051
0.0316632
0.0319143
0.0322868
0.0328055
0.0334861
0.0343307
0.0353251
0.0364402
0.0376358
0.0388672
0.0400913
0.0412718
0.0423825
0.0434071
0.044339
0.0451786
0.0459316
0.0466069
0.0472146
0.0477651
0.0482681
0.0487323
0.0491651
0.0495723
0.0499585
0.0503272
0.0506807
0.0510203
0.0513466
0.0516596
0.0519588
0.0522434
0.0525126
0.0527651
0.0530002
0.053217
0.0534148
0.0535932
0.0537521
0.0538916
0.0540121
0.0541142
0.0541987
0.0542668
0.0543197
0.0543586
0.054385
0.0544003
0.054406
0.0544034
0.0543941
0.0543799
0.0543633
0.0543477
0.0543387
0.0543449
0.054379
0.0544583
0.0546041
0.0548399
0.0551882
0.0556657
0.0562795
0.0570242
0.0578822
0.0588254
0.0598202
0.0608322
0.0618304
0.0627904
0.0636952
0.0645354
0.0653077
0.0660132
0.0666565
0.0672438
0.0677818
0.0682775
0.0687372
0.0691664
0.0695697
0.0699507
0.0703121
0.0706559
0.070983
0.0712942
0.0715894
0.0718682
0.0721302
0.0723746
0.0726007
0.0728078
0.0729954
0.0731631
0.0733106
0.0734381
0.0735458
0.0736342
0.0737039
0.0737558
0.0737909
0.0738102
0.0738149
0.0738059
0.0737842
0.0737503
0.0737043
0.0736452
0.0735705
0.0734754
0.0733525
0.0731911
0.0729789
0.0727037
0.0723588
0.0719474
0.0714868
0.071009
0.070555
0.0701669
0.0698757
0.0696952
0.0696211
0.069636
0.0697158
0.0698365
0.0699784
0.0701275
0.0702754
0.0704177
0.0705531
0.0706818
0.0708045
0.0709224
0.0710364
0.0711476
0.0712565
0.0713637
0.0714697
0.0715746
0.0716785
0.0717816
0.0718837
0.0719846
0.0720842
0.0721823
0.00321063
0.00348747
0.00376505
0.00404109
0.00431333
0.00457959
0.0048379
0.00508647
0.00532375
0.00554845
0.00575957
0.00595636
0.00613833
0.00630526
0.00645715
0.00659422
0.00671687
0.00682567
0.0069213
0.00700458
0.0070764
0.00713771
0.0071895
0.00723277
0.00726852
0.00729774
0.00732136
0.00734031
0.00735543
0.00736754
0.00737747
0.00738622
0.00739518
0.0074067
0.00742497
0.00745729
0.0075156
0.00761789
0.00778859
0.00805727
0.00845495
0.00900841
0.00973373
0.0106311
0.0116827
0.0128547
0.0141029
0.0153796
0.0166402
0.0178488
0.0189802
0.0200198
0.0209625
0.0218103
0.0225697
0.0232502
0.023862
0.0244154
0.0249201
0.0253844
0.0258155
0.026219
0.0265996
0.0269607
0.0273046
0.027633
0.0279468
0.0282463
0.0285317
0.0288026
0.0290587
0.0292994
0.0295244
0.0297332
0.0299257
0.0301019
0.0302617
0.0304056
0.030534
0.0306475
0.030747
0.0308333
0.0309074
0.0309705
0.0310235
0.0310678
0.0311045
0.0311353
0.0311622
0.0311882
0.0312182
0.03126
0.0313254
0.0314313
0.0316001
0.0318585
0.0322343
0.0327523
0.0334283
0.0342648
0.0352484
0.0363507
0.0375328
0.0387507
0.0399621
0.0411313
0.0422321
0.0432482
0.0441727
0.0450057
0.0457526
0.0464217
0.0470227
0.0475656
0.0480599
0.0485139
0.0489349
0.0493287
0.0497001
0.0500526
0.0503889
0.0507107
0.0510189
0.0513141
0.0515964
0.0518653
0.0521206
0.0523615
0.0525876
0.0527983
0.0529933
0.0531722
0.0533349
0.0534816
0.0536124
0.053728
0.0538287
0.0539155
0.0539891
0.0540504
0.0541004
0.0541401
0.0541704
0.0541924
0.0542072
0.0542163
0.0542216
0.0542265
0.0542361
0.0542588
0.0543069
0.0543973
0.054551
0.0547912
0.05514
0.0556142
0.056221
0.0569556
0.057801
0.05873
0.0597097
0.0607066
0.06169
0.062636
0.0635279
0.064356
0.0651169
0.0658116
0.0664443
0.0670209
0.067548
0.0680322
0.0684797
0.0688958
0.0692852
0.0696515
0.0699976
0.0703256
0.0706369
0.0709326
0.0712129
0.0714781
0.0717279
0.0719622
0.0721804
0.0723824
0.0725677
0.0727362
0.0728877
0.0730224
0.0731403
0.0732419
0.0733277
0.0733981
0.0734539
0.0734958
0.0735244
0.0735404
0.0735443
0.0735361
0.0735155
0.0734811
0.07343
0.0733572
0.0732547
0.0731119
0.0729161
0.0726553
0.0723226
0.0719212
0.0714688
0.0709972
0.0705479
0.0701631
0.0698741
0.0696951
0.0696221
0.0696378
0.0697183
0.0698397
0.0699823
0.0701319
0.0702802
0.0704227
0.0705581
0.0706863
0.0708082
0.0709249
0.0710372
0.071146
0.0712521
0.071356
0.0714579
0.0715583
0.0716571
0.0717544
0.0718503
0.0719446
0.0720372
0.0721279
0.00275183
0.00299349
0.00323771
0.0034828
0.00372701
0.00396864
0.00420609
0.00443788
0.00466269
0.00487937
0.00508696
0.00528468
0.00547195
0.00564837
0.00581371
0.00596791
0.00611104
0.00624331
0.00636503
0.0064766
0.0065785
0.00667126
0.00675545
0.00683167
0.00690052
0.00696262
0.00701855
0.00706889
0.00711421
0.00715507
0.00719207
0.007226
0.00725811
0.0072906
0.00732754
0.00737605
0.00744787
0.0075607
0.00773866
0.00801098
0.00840842
0.00895772
0.00967518
0.0105616
0.0115999
0.0127575
0.013991
0.0152535
0.0165013
0.0176986
0.0188202
0.0198516
0.0207872
0.0216285
0.0223819
0.0230561
0.0236613
0.0242073
0.0247034
0.025158
0.025578
0.0259692
0.0263364
0.0266832
0.0270123
0.0273256
0.0276246
0.0279101
0.0281824
0.0284419
0.0286885
0.0289221
0.0291426
0.0293497
0.0295435
0.0297239
0.029891
0.030045
0.0301861
0.0303149
0.0304317
0.0305371
0.0306318
0.0307163
0.0307916
0.0308582
0.0309171
0.0309696
0.0310172
0.0310629
0.0311111
0.0311693
0.0312491
0.031367
0.0315452
0.0318098
0.0321887
0.0327062
0.0333784
0.034208
0.0351822
0.0362736
0.0374437
0.0386497
0.0398498
0.0410086
0.0421
0.0431078
0.0440248
0.044851
0.0455914
0.0462538
0.0468476
0.0473827
0.0478682
0.0483122
0.0487219
0.0491033
0.049461
0.0497989
0.0501198
0.0504258
0.0507183
0.0509981
0.0512657
0.0515214
0.051765
0.0519964
0.0522154
0.0524216
0.0526149
0.0527951
0.0529621
0.0531161
0.053257
0.0533852
0.053501
0.0536049
0.0536974
0.0537789
0.0538501
0.0539115
0.0539638
0.0540076
0.0540437
0.0540732
0.0540979
0.0541206
0.0541465
0.0541836
0.0542438
0.054344
0.0545046
0.0547487
0.0550981
0.0555695
0.0561705
0.0568964
0.0577309
0.0586474
0.0596139
0.0605972
0.0615674
0.0625006
0.0633802
0.0641967
0.0649464
0.0656304
0.0662525
0.0668183
0.0673344
0.0678072
0.0682427
0.0686462
0.0690223
0.0693748
0.0697068
0.0700205
0.0703177
0.0705997
0.0708671
0.0711206
0.0713603
0.0715863
0.0717985
0.0719968
0.0721811
0.0723513
0.0725075
0.0726495
0.0727776
0.072892
0.0729929
0.0730806
0.0731555
0.073218
0.0732684
0.073307
0.0733337
0.0733485
0.0733504
0.0733379
0.0733076
0.0732542
0.0731697
0.0730431
0.0728616
0.0726133
0.0722911
0.0718985
0.0714531
0.0709869
0.0705417
0.0701597
0.0698728
0.0696951
0.0696229
0.0696393
0.0697205
0.0698424
0.0699855
0.0701355
0.070284
0.0704266
0.0705617
0.0706895
0.0708105
0.0709258
0.0710364
0.071143
0.0712463
0.0713469
0.0714451
0.0715411
0.0716351
0.0717272
0.0718173
0.0719055
0.0719917
0.0720757
0.00238134
0.00259399
0.00281059
0.0030299
0.00325064
0.00347149
0.00369119
0.00390856
0.00412248
0.00433194
0.00453605
0.00473402
0.00492521
0.00510907
0.0052852
0.0054533
0.00561317
0.00576472
0.00590792
0.00604283
0.00616957
0.00628831
0.00639927
0.0065027
0.00659887
0.00668806
0.00677059
0.00684676
0.00691688
0.00698131
0.00704047
0.00709501
0.00714605
0.00719568
0.00724785
0.00730958
0.00739244
0.00751392
0.00769786
0.00797323
0.00837059
0.00891663
0.00962784
0.0105054
0.011533
0.0126788
0.0139002
0.015151
0.0163879
0.0175754
0.0186884
0.0197122
0.020641
0.0214762
0.0222235
0.0228917
0.0234904
0.0240293
0.0245176
0.0249634
0.0253736
0.0257543
0.0261102
0.026445
0.0267618
0.0270629
0.0273499
0.0276241
0.0278862
0.0281368
0.0283762
0.0286046
0.0288221
0.0290286
0.0292242
0.0294088
0.0295826
0.0297456
0.0298979
0.0300397
0.0301713
0.030293
0.0304049
0.0305075
0.0306011
0.0306863
0.0307636
0.0308339
0.0308987
0.0309604
0.0310235
0.0310951
0.0311867
0.0313145
0.0315003
0.0317701
0.0321515
0.0326688
0.033338
0.0341621
0.0351288
0.0362112
0.0373716
0.0385677
0.0397583
0.0409083
0.0419916
0.042992
0.0439023
0.0447221
0.0454562
0.0461122
0.0466994
0.0472271
0.0477044
0.0481395
0.0485392
0.0489097
0.0492557
0.0495812
0.0498893
0.0501822
0.0504616
0.0507289
0.0509849
0.0512299
0.0514644
0.0516885
0.0519022
0.0521054
0.052298
0.0524799
0.0526512
0.0528117
0.0529616
0.0531009
0.0532296
0.0533481
0.0534565
0.0535551
0.053644
0.0537236
0.0537941
0.053856
0.0539096
0.053956
0.0539965
0.0540339
0.0540731
0.0541219
0.0541922
0.0543003
0.0544666
0.0547139
0.0550639
0.0555332
0.0561294
0.0568484
0.0576741
0.0585805
0.059536
0.0605081
0.0614671
0.0623893
0.0632583
0.0640646
0.0648044
0.0654786
0.066091
0.066647
0.067153
0.0676154
0.06804
0.0684322
0.0687967
0.0691372
0.0694571
0.0697587
0.0700441
0.0703147
0.0705717
0.0708158
0.0710475
0.0712672
0.071475
0.071671
0.0718552
0.0720277
0.0721885
0.0723375
0.0724748
0.0726005
0.0727147
0.0728174
0.0729087
0.0729887
0.0730575
0.073115
0.0731609
0.0731947
0.0732154
0.0732208
0.0732077
0.0731703
0.0731004
0.072987
0.0728173
0.072579
0.0722654
0.0718799
0.0714402
0.0709785
0.0705367
0.070157
0.0698716
0.069695
0.0696236
0.0696406
0.0697222
0.0698446
0.069988
0.0701383
0.070287
0.0704295
0.0705644
0.0706916
0.0708117
0.0709259
0.0710348
0.0711394
0.0712403
0.071338
0.0714329
0.0715251
0.071615
0.0717025
0.0717878
0.0718708
0.0719515
0.0720299
0.00211566
0.00230718
0.00250357
0.00270396
0.00290738
0.00311281
0.00331928
0.00352579
0.00373141
0.00393525
0.00413647
0.00433431
0.00452806
0.0047171
0.0049009
0.00507898
0.00525095
0.00541648
0.0055753
0.00572722
0.00587207
0.00600977
0.00614026
0.00626354
0.00637962
0.00648857
0.00659047
0.00668543
0.00677358
0.00685514
0.0069304
0.00699989
0.00706465
0.0071267
0.00718992
0.00726123
0.0073521
0.00747986
0.00766817
0.0079458
0.00834318
0.00888693
0.00959368
0.0104649
0.0114848
0.012622
0.0138345
0.0150767
0.0163055
0.0174856
0.018592
0.0196098
0.0205332
0.0213632
0.0221056
0.0227687
0.0233621
0.0238953
0.0243773
0.0248162
0.025219
0.0255916
0.0259389
0.0262649
0.0265728
0.0268649
0.0271434
0.0274095
0.0276644
0.0279089
0.0281435
0.0283685
0.0285842
0.0287907
0.0289881
0.0291763
0.0293554
0.0295254
0.0296863
0.029838
0.0299807
0.0301144
0.0302392
0.0303551
0.0304624
0.0305612
0.0306519
0.0307352
0.0308124
0.0308859
0.0309598
0.0310412
0.0311413
0.0312762
0.0314676
0.0317413
0.0321245
0.0326417
0.0333088
0.034129
0.0350904
0.0361663
0.0373198
0.0385087
0.0396923
0.0408357
0.0419129
0.0429076
0.0438126
0.0446273
0.0453564
0.0460072
0.0465889
0.0471107
0.0475816
0.0480096
0.0484017
0.0487638
0.049101
0.0494172
0.0497156
0.0499989
0.0502689
0.0505271
0.0507746
0.0510121
0.0512403
0.0514593
0.0516694
0.0518707
0.0520632
0.0522469
0.0524216
0.0525874
0.0527442
0.0528918
0.0530304
0.0531598
0.0532801
0.0533913
0.0534933
0.0535863
0.0536702
0.0537453
0.0538118
0.0538704
0.0539224
0.0539706
0.0540195
0.0540768
0.0541543
0.0542682
0.0544388
0.0546885
0.0550389
0.0555068
0.0560997
0.0568136
0.0576329
0.058532
0.0594795
0.0604433
0.061394
0.0623081
0.0631691
0.0639675
0.0646996
0.0653662
0.0659708
0.0665191
0.0670171
0.0674713
0.0678874
0.0682709
0.0686264
0.0689578
0.0692685
0.069561
0.0698377
0.0701
0.0703494
0.0705868
0.070813
0.0710283
0.0712333
0.071428
0.0716127
0.0717874
0.0719521
0.0721067
0.0722513
0.0723857
0.07251
0.072624
0.0727277
0.0728209
0.0729033
0.0729749
0.0730349
0.0730828
0.0731171
0.0731358
0.0731351
0.0731093
0.0730501
0.0729463
0.072785
0.0725541
0.0722468
0.0718664
0.0714309
0.0709724
0.070533
0.070155
0.0698708
0.069695
0.0696242
0.0696416
0.0697235
0.0698462
0.0699899
0.0701404
0.0702891
0.0704316
0.0705663
0.070693
0.0708125
0.0709257
0.0710334
0.0711365
0.0712355
0.071331
0.0714233
0.0715127
0.0715994
0.0716836
0.0717652
0.0718443
0.071921
0.0719952
0.00197311
0.00215315
0.00233854
0.00252859
0.00272251
0.00291946
0.00311859
0.00331905
0.00352001
0.00372062
0.00392011
0.00411771
0.0043127
0.00450442
0.00469226
0.00487566
0.00505412
0.00522718
0.00539443
0.00555554
0.00571021
0.00585819
0.00599928
0.00613333
0.00626023
0.0063799
0.00649231
0.00659747
0.00669542
0.00678628
0.00687028
0.00694789
0.0070201
0.00708891
0.00715813
0.00723465
0.00732988
0.00746108
0.00765178
0.00793067
0.00832808
0.00887062
0.00957496
0.0104428
0.0114585
0.012591
0.0137986
0.015036
0.0162602
0.0174362
0.0185388
0.0195531
0.0204733
0.0213003
0.0220397
0.0226997
0.0232899
0.0238196
0.024298
0.0247329
0.0251315
0.0254996
0.0258422
0.0261633
0.0264662
0.0267535
0.0270274
0.0272892
0.0275404
0.0277817
0.0280138
0.0282372
0.0284521
0.0286588
0.0288574
0.0290478
0.02923
0.029404
0.0295697
0.029727
0.0298759
0.0300163
0.0301482
0.0302714
0.0303862
0.0304924
0.0305905
0.030681
0.0307651
0.0308449
0.0309247
0.0310115
0.0311162
0.0312551
0.0314496
0.0317254
0.0321097
0.0326269
0.033293
0.0341112
0.0350697
0.0361422
0.0372919
0.038477
0.0396567
0.0407964
0.0418702
0.0428618
0.0437637
0.0445754
0.0453015
0.0459493
0.0465278
0.0470461
0.0475133
0.0479372
0.0483249
0.0486823
0.0490145
0.0493255
0.0496186
0.0498966
0.0501614
0.0504146
0.0506575
0.050891
0.0511156
0.051332
0.0515403
0.0517407
0.0519332
0.0521179
0.0522947
0.0524634
0.052624
0.0527764
0.0529204
0.0530559
0.0531828
0.0533009
0.0534102
0.0535105
0.0536018
0.0536841
0.0537576
0.053823
0.0538814
0.0539353
0.0539896
0.0540516
0.0541332
0.0542503
0.0544231
0.0546742
0.0550249
0.055492
0.0560831
0.0567944
0.0576102
0.0585052
0.0594484
0.0604077
0.0613538
0.0622632
0.0631197
0.0639137
0.0646414
0.0653035
0.0659037
0.0664475
0.0669409
0.0673903
0.0678016
0.06818
0.0685304
0.0688567
0.0691622
0.0694498
0.0697216
0.0699795
0.0702248
0.0704586
0.0706819
0.070895
0.0710986
0.0712929
0.071478
0.0716541
0.0718211
0.071979
0.0721278
0.0722672
0.0723972
0.0725176
0.0726281
0.0727286
0.0728187
0.0728979
0.0729658
0.0730213
0.0730632
0.0730891
0.0730952
0.0730758
0.0730225
0.0729239
0.0727673
0.0725404
0.0722364
0.0718589
0.0714257
0.070969
0.0705309
0.0701539
0.0698704
0.069695
0.0696246
0.0696422
0.0697244
0.0698473
0.0699912
0.0701418
0.0702906
0.0704331
0.0705676
0.0706941
0.0708132
0.0709259
0.0710329
0.0711351
0.0712331
0.0713274
0.0714183
0.0715062
0.0715912
0.0716735
0.0717531
0.0718301
0.0719046
0.0719766
0.0725856
0.0726818
0.0727784
0.0728751
0.0729719
0.0730683
0.0731642
0.0732595
0.0733537
0.0734468
0.0735386
0.0736288
0.0737173
0.0738039
0.0738884
0.0739707
0.0740506
0.0741282
0.0742031
0.0742754
0.0743451
0.0744119
0.074476
0.0745372
0.0745956
0.0746512
0.0747038
0.0747536
0.0748004
0.0748443
0.0748853
0.0749232
0.074958
0.0749895
0.0750176
0.0750421
0.0750626
0.0750787
0.0750902
0.0750962
0.0725751
0.072667
0.0727592
0.0728514
0.0729435
0.0730351
0.0731262
0.0732165
0.0733058
0.0733939
0.0734806
0.0735658
0.0736492
0.0737308
0.0738104
0.0738879
0.0739631
0.0740359
0.0741063
0.0741742
0.0742395
0.0743022
0.0743622
0.0744196
0.0744742
0.0745262
0.0745754
0.0746219
0.0746656
0.0747066
0.0747448
0.0747801
0.0748124
0.0748417
0.0748678
0.0748905
0.0749094
0.0749244
0.0749349
0.0749405
0.0725586
0.0726462
0.0727338
0.0728214
0.0729086
0.0729954
0.0730814
0.0731667
0.0732508
0.0733338
0.0734154
0.0734954
0.0735738
0.0736504
0.073725
0.0737975
0.0738679
0.073936
0.0740018
0.0740652
0.0741261
0.0741846
0.0742405
0.074294
0.0743449
0.0743932
0.0744389
0.0744821
0.0745228
0.0745608
0.0745962
0.0746289
0.0746588
0.0746859
0.0747099
0.0747308
0.0747482
0.0747619
0.0747716
0.0747767
0.0725357
0.0726187
0.0727017
0.0727844
0.0728667
0.0729484
0.0730294
0.0731095
0.0731885
0.0732662
0.0733426
0.0734175
0.0734907
0.0735621
0.0736317
0.0736992
0.0737647
0.0738281
0.0738892
0.0739481
0.0740047
0.0740589
0.0741108
0.0741603
0.0742074
0.0742521
0.0742945
0.0743344
0.0743719
0.074407
0.0744396
0.0744697
0.0744972
0.0745221
0.0745442
0.0745633
0.0745792
0.0745917
0.0746005
0.0746052
0.0725058
0.0725841
0.0726623
0.0727401
0.0728174
0.072894
0.0729698
0.0730447
0.0731184
0.0731909
0.073262
0.0733316
0.0733996
0.0734659
0.0735304
0.073593
0.0736537
0.0737123
0.0737688
0.0738232
0.0738754
0.0739254
0.0739732
0.0740189
0.0740622
0.0741034
0.0741423
0.074179
0.0742134
0.0742456
0.0742755
0.0743031
0.0743282
0.074351
0.0743711
0.0743885
0.074403
0.0744144
0.0744223
0.0744266
0.0724687
0.0725423
0.0726156
0.0726884
0.0727606
0.072832
0.0729026
0.0729721
0.0730406
0.0731078
0.0731736
0.073238
0.0733008
0.073362
0.0734215
0.0734792
0.073535
0.0735889
0.0736408
0.0736908
0.0737387
0.0737846
0.0738284
0.0738702
0.0739099
0.0739476
0.0739832
0.0740167
0.0740481
0.0740775
0.0741048
0.0741299
0.0741528
0.0741734
0.0741917
0.0742075
0.0742206
0.0742308
0.074238
0.0742418
0.0724245
0.0724933
0.0725616
0.0726293
0.0726964
0.0727626
0.072828
0.0728923
0.0729554
0.0730174
0.073078
0.0731372
0.0731949
0.0732511
0.0733056
0.0733584
0.0734095
0.0734588
0.0735062
0.0735518
0.0735956
0.0736375
0.0736774
0.0737155
0.0737517
0.073786
0.0738184
0.0738489
0.0738774
0.0739041
0.0739288
0.0739516
0.0739724
0.073991
0.0740075
0.0740217
0.0740335
0.0740428
0.0740492
0.0740527
0.0723738
0.0724377
0.072501
0.0725637
0.0726257
0.0726868
0.0727469
0.072806
0.072864
0.0729208
0.0729762
0.0730304
0.0730831
0.0731343
0.073184
0.0732322
0.0732787
0.0733235
0.0733667
0.0734081
0.0734479
0.0734859
0.0735221
0.0735567
0.0735895
0.0736206
0.0736499
0.0736775
0.0737034
0.0737275
0.0737499
0.0737705
0.0737892
0.073806
0.0738209
0.0738336
0.0738442
0.0738525
0.0738583
0.0738614
0.0723177
0.0723768
0.0724352
0.0724929
0.0725499
0.0726059
0.072661
0.072715
0.072768
0.0728197
0.0728703
0.0729195
0.0729675
0.073014
0.0730591
0.0731027
0.0731449
0.0731855
0.0732246
0.0732621
0.073298
0.0733324
0.0733652
0.0733965
0.0734262
0.0734542
0.0734808
0.0735057
0.0735291
0.0735509
0.073571
0.0735896
0.0736064
0.0736216
0.0736349
0.0736464
0.0736559
0.0736633
0.0736684
0.0736712
0.0722581
0.0723125
0.0723662
0.0724191
0.0724712
0.0725224
0.0725727
0.0726219
0.07267
0.0727171
0.0727629
0.0728076
0.072851
0.0728931
0.0729339
0.0729734
0.0730114
0.0730481
0.0730834
0.0731173
0.0731498
0.0731809
0.0732105
0.0732387
0.0732655
0.0732909
0.0733148
0.0733374
0.0733585
0.0733781
0.0733963
0.073413
0.0734282
0.0734419
0.0734539
0.0734642
0.0734727
0.0734794
0.073484
0.0734864
0.0721976
0.0722476
0.0722969
0.0723454
0.072393
0.0724397
0.0724854
0.0725302
0.0725739
0.0726166
0.0726582
0.0726986
0.0727379
0.072776
0.0728129
0.0728485
0.0728829
0.0729161
0.072948
0.0729786
0.073008
0.0730361
0.0730629
0.0730884
0.0731127
0.0731356
0.0731573
0.0731777
0.0731968
0.0732147
0.0732311
0.0732463
0.07326
0.0732724
0.0732832
0.0732925
0.0733002
0.0733062
0.0733104
0.0733126
0.07214
0.0721861
0.0722313
0.0722758
0.0723194
0.0723621
0.0724039
0.0724447
0.0724845
0.0725234
0.0725611
0.0725979
0.0726336
0.0726681
0.0727016
0.072734
0.0727652
0.0727953
0.0728243
0.0728521
0.0728788
0.0729044
0.0729288
0.072952
0.0729741
0.072995
0.0730148
0.0730334
0.0730509
0.0730671
0.0730822
0.073096
0.0731086
0.0731198
0.0731297
0.0731382
0.0731452
0.0731506
0.0731544
0.0731564
0.0720897
0.0721324
0.0721744
0.0722155
0.0722558
0.0722952
0.0723337
0.0723712
0.0724078
0.0724434
0.0724781
0.0725118
0.0725445
0.0725763
0.072607
0.0726367
0.0726653
0.072693
0.0727196
0.0727451
0.0727697
0.0727932
0.0728156
0.072837
0.0728574
0.0728767
0.072895
0.0729122
0.0729283
0.0729434
0.0729573
0.0729701
0.0729817
0.0729921
0.0730013
0.0730091
0.0730156
0.0730206
0.0730241
0.0730259
0.0720517
0.072092
0.0721315
0.0721702
0.072208
0.0722449
0.072281
0.0723161
0.0723504
0.0723837
0.0724161
0.0724476
0.0724782
0.0725078
0.0725365
0.0725643
0.0725911
0.0726169
0.0726418
0.0726658
0.0726888
0.0727108
0.0727319
0.072752
0.0727712
0.0727893
0.0728065
0.0728227
0.0728379
0.0728521
0.0728653
0.0728773
0.0728883
0.0728981
0.0729068
0.0729142
0.0729203
0.072925
0.0729283
0.07293
0.0720312
0.0720702
0.0721084
0.0721457
0.0721822
0.0722178
0.0722525
0.0722863
0.0723193
0.0723514
0.0723826
0.0724129
0.0724423
0.0724708
0.0724984
0.0725251
0.0725509
0.0725758
0.0725998
0.0726229
0.072645
0.0726663
0.0726866
0.072706
0.0727245
0.0727421
0.0727587
0.0727744
0.0727891
0.0728028
0.0728155
0.0728272
0.0728378
0.0728473
0.0728557
0.0728628
0.0728688
0.0728733
0.0728765
0.0728782
2.5447e-06
8.64874e-06
1.59011e-05
2.4399e-05
3.42393e-05
4.55197e-05
5.83385e-05
7.27942e-05
8.89852e-05
0.000107009
0.000126964
0.000148944
0.000173044
0.000199356
0.000227968
0.000258968
0.000292437
0.000328452
0.000367088
0.000408412
0.000452487
0.000499367
0.000549101
0.000601731
0.000657289
0.000715801
0.000777281
0.000841738
0.000909168
0.000979559
0.00105289
0.00112913
0.00120823
0.00129015
0.00137482
0.00146217
0.00155213
0.00164463
0.00173957
0.00183693
2.64952e-06
9.00701e-06
1.65668e-05
2.54354e-05
3.57198e-05
4.75283e-05
6.09707e-05
7.61573e-05
9.31989e-05
0.000112206
0.00013329
0.000156558
0.000182119
0.000210077
0.000240536
0.000273592
0.000309341
0.000347872
0.000389268
0.000433606
0.000480956
0.000531379
0.000584928
0.000641647
0.000701568
0.000764715
0.000831098
0.000900718
0.000973562
0.00104961
0.00112881
0.00121113
0.0012965
0.00138485
0.00147609
0.00157013
0.00166685
0.00176616
0.00186794
0.0019721
2.84385e-06
9.67127e-06
1.7801e-05
2.7357e-05
3.84649e-05
5.12529e-05
6.58518e-05
8.23941e-05
0.000101014
0.000121846
0.000145025
0.000170684
0.000198956
0.000229972
0.000263856
0.000300732
0.000340716
0.000383918
0.00043044
0.000480377
0.00053381
0.000590814
0.000651448
0.00071576
0.000783782
0.000855534
0.000931016
0.00101022
0.0010931
0.00117963
0.00126973
0.00136331
0.00146029
0.00156054
0.00166393
0.00177031
0.00187952
0.0019914
0.00210577
0.00222247
3.11513e-06
1.05986e-05
1.9524e-05
3.00399e-05
4.22978e-05
5.64539e-05
7.26686e-05
9.11056e-05
0.000111931
0.000135314
0.000161423
0.000190427
0.000222493
0.000257786
0.000296466
0.000338689
0.000384602
0.000434344
0.000488044
0.000545819
0.000607771
0.000673987
0.000744537
0.000819474
0.000898829
0.000982612
0.00107081
0.00116339
0.0012603
0.00136144
0.00146672
0.001576
0.00168912
0.0018059
0.00192615
0.00204965
0.00217615
0.0023054
0.00243715
0.00257114
3.45231e-06
1.17512e-05
2.16659e-05
3.33752e-05
4.70634e-05
6.29214e-05
8.11467e-05
0.000101942
0.000125514
0.000152074
0.000181833
0.000215005
0.0002518
0.000292427
0.000337088
0.000385981
0.000439291
0.000497193
0.000559849
0.000627404
0.000699981
0.000777688
0.000860603
0.000948784
0.00104226
0.00114102
0.00124505
0.00135426
0.00146858
0.00158787
0.00171196
0.00184066
0.00197374
0.00211094
0.00225197
0.00239652
0.00254425
0.0026948
0.0028478
0.00300289
3.84564e-06
1.30958e-05
2.41647e-05
3.72668e-05
5.26245e-05
7.04698e-05
9.10435e-05
0.000114594
0.000141377
0.000171651
0.000205681
0.000243729
0.000286059
0.00033293
0.000384596
0.000441301
0.000503276
0.000570739
0.000643887
0.000722898
0.000807922
0.000899083
0.000996471
0.00110015
0.00121013
0.00132639
0.00144889
0.00157751
0.00171211
0.0018525
0.00199845
0.00214968
0.00230588
0.00246667
0.00263168
0.00280047
0.00297258
0.00314752
0.00332481
0.00350393
4.28644e-06
1.46027e-05
2.69655e-05
4.16291e-05
5.88592e-05
7.8934e-05
0.000102143
0.000128788
0.000159176
0.000193624
0.000232453
0.000275985
0.000324541
0.000378438
0.000437987
0.000503486
0.000575216
0.000653442
0.000738403
0.00083031
0.000929341
0.00103564
0.0011493
0.00127039
0.0013989
0.00153481
0.00167801
0.00182835
0.00198563
0.00214958
0.00231989
0.00249618
0.00267803
0.00286497
0.00305647
0.00325197
0.00345089
0.00365259
0.00385641
0.00406172
4.76697e-06
1.62456e-05
3.0019e-05
4.63857e-05
6.56586e-05
8.81665e-05
0.000114253
0.000144276
0.000178604
0.000217615
0.000261692
0.000311222
0.000366592
0.000428181
0.000496361
0.00057149
0.000653905
0.00074392
0.000841818
0.000947846
0.00106221
0.00118507
0.00131653
0.00145664
0.0016054
0.00176272
0.00192847
0.00210245
0.00228435
0.00247385
0.00267052
0.00287388
0.00308338
0.00329841
0.00351831
0.00374238
0.00396986
0.00419997
0.00443189
0.0046648
5.28028e-06
1.80006e-05
3.32813e-05
5.14682e-05
7.2925e-05
9.80349e-05
0.0001272
0.00016084
0.000199386
0.000243285
0.000292986
0.000348947
0.000411623
0.000481463
0.000558905
0.00064437
0.000738253
0.000840921
0.000952702
0.00107388
0.00120469
0.0013453
0.00149582
0.0016563
0.0018267
0.0020069
0.0021967
0.00239583
0.00260393
0.00282053
0.00304511
0.00327705
0.00351567
0.00376022
0.00400987
0.00426376
0.00452097
0.00478053
0.00504147
0.00530277
5.82018e-06
1.98465e-05
3.6713e-05
5.68152e-05
8.05707e-05
0.000108421
0.000140829
0.00017828
0.000221274
0.000270327
0.000325964
0.000388713
0.000459105
0.00053766
0.000624887
0.000721272
0.000827273
0.00094331
0.00106976
0.00120694
0.0013551
0.00151444
0.00168506
0.00186699
0.00206015
0.00226438
0.00247942
0.0027049
0.00294036
0.00318523
0.00343885
0.00370046
0.00396923
0.00424423
0.00452447
0.00480892
0.00509647
0.00538599
0.00567629
0.0059662
6.38107e-06
2.17644e-05
4.02786e-05
6.23716e-05
8.85171e-05
0.000119217
0.000154999
0.000196417
0.000244043
0.000298467
0.000360289
0.000430117
0.000508556
0.000596204
0.000693641
0.000801423
0.00092007
0.00105006
0.00119181
0.00134567
0.00151193
0.00169078
0.00188231
0.00208653
0.00230333
0.00253248
0.00277364
0.00302635
0.00329002
0.00356397
0.00384738
0.00413935
0.00443886
0.00474482
0.00505606
0.00537134
0.00568938
0.00600886
0.00632841
0.00664665
6.95799e-06
2.37371e-05
4.39465e-05
6.8088e-05
9.66935e-05
0.000130328
0.000169586
0.000215092
0.000267493
0.000327456
0.000395661
0.000472795
0.000559543
0.000656581
0.000764565
0.00088412
0.00101583
0.00116023
0.00131778
0.00148886
0.00167378
0.00187274
0.00208581
0.00231297
0.00255405
0.00280875
0.00307665
0.00335717
0.00364961
0.00395312
0.00426675
0.0045894
0.00491989
0.00525693
0.00559916
0.00594515
0.00629343
0.00664247
0.00699073
0.00733662
7.54648e-06
2.57494e-05
4.76883e-05
7.39202e-05
0.000105037
0.000141668
0.000184477
0.000234161
0.000291444
0.000357072
0.000431808
0.000516419
0.000611675
0.00071833
0.000837116
0.000968731
0.00111382
0.00127298
0.0014467
0.0016354
0.00183941
0.00205891
0.00229396
0.0025445
0.00281029
0.00309096
0.00338598
0.00369466
0.00401613
0.00434942
0.00469337
0.00504673
0.00540811
0.00577602
0.00614891
0.00652515
0.00690306
0.00728092
0.00765701
0.00802954
8.14261e-06
2.77878e-05
5.14788e-05
7.9829e-05
0.000113491
0.00015316
0.00019957
0.000253494
0.000315733
0.000387115
0.000468486
0.000560697
0.000664601
0.000781034
0.000910806
0.00105469
0.00121338
0.00138754
0.00157769
0.0017843
0.00200767
0.002248
0.00250532
0.00277951
0.00307026
0.00337712
0.00369943
0.00403636
0.00438691
0.00474992
0.00512407
0.00550788
0.00589978
0.00629808
0.00670101
0.00710674
0.00751339
0.00791905
0.00832181
0.0087197
8.74291e-06
2.98405e-05
5.52958e-05
8.57794e-05
0.000122006
0.000164737
0.000214779
0.000272979
0.000340219
0.00041741
0.000505481
0.000605371
0.000718015
0.000844332
0.00098521
0.00114149
0.00131394
0.00150325
0.00171001
0.00193469
0.0021776
0.00243893
0.00271866
0.00301662
0.00333243
0.00366551
0.0040151
0.00438021
0.00475968
0.00515216
0.00555613
0.00596993
0.00639176
0.00681973
0.00725184
0.00768607
0.00812033
0.00855255
0.00898061
0.00940238
0.00197409
0.00215416
0.00233956
0.0025296
0.0027235
0.00292041
0.00311948
0.00331987
0.00352074
0.00372125
0.00392063
0.0041181
0.00431296
0.00450455
0.00469225
0.00487552
0.00505384
0.00522677
0.0053939
0.00555489
0.00570945
0.00585734
0.00599834
0.00613233
0.00625917
0.0063788
0.00649119
0.00659633
0.00669428
0.00678515
0.00686918
0.00694682
0.00701908
0.00708794
0.00715722
0.0072338
0.0073291
0.00746034
0.00765109
0.00793001
0.00832742
0.00886994
0.00957424
0.010442
0.0114576
0.01259
0.0137975
0.0150347
0.0162587
0.0174346
0.0185369
0.019551
0.020471
0.0212978
0.022037
0.0226969
0.0232869
0.0238165
0.0242946
0.0247295
0.0251279
0.0254959
0.0258385
0.0261596
0.0264625
0.0267498
0.0270237
0.0272856
0.0275368
0.0277782
0.0280104
0.0282339
0.0284489
0.0286557
0.0288544
0.0290449
0.0292272
0.0294013
0.0295671
0.0297245
0.0298735
0.0300141
0.030146
0.0302694
0.0303842
0.0304906
0.0305888
0.0306794
0.0307636
0.0308436
0.0309235
0.0310104
0.0311152
0.0312542
0.0314488
0.0317247
0.0321092
0.0326265
0.0332927
0.034111
0.0350696
0.0361422
0.037292
0.0384771
0.0396569
0.0407966
0.0418703
0.0428618
0.0437637
0.0445753
0.0453013
0.045949
0.0465273
0.0470456
0.0475126
0.0479364
0.0483239
0.0486812
0.0490133
0.0493242
0.0496172
0.049895
0.0501597
0.0504128
0.0506556
0.0508889
0.0511135
0.0513297
0.0515379
0.0517382
0.0519306
0.0521152
0.0522919
0.0524606
0.0526212
0.0527735
0.0529175
0.053053
0.0531799
0.053298
0.0534073
0.0535077
0.0535991
0.0536815
0.0537552
0.0538207
0.0538792
0.0539333
0.0539877
0.0540499
0.0541316
0.0542489
0.0544218
0.054673
0.0550238
0.055491
0.0560821
0.0567933
0.0576091
0.058504
0.0594471
0.0604062
0.0613522
0.0622615
0.0631178
0.0639116
0.0646391
0.0653011
0.0659012
0.0664448
0.0669381
0.0673873
0.0677985
0.0681769
0.0685272
0.0688534
0.069159
0.0694465
0.0697183
0.0699762
0.0702216
0.0704555
0.0706788
0.0708921
0.0710958
0.0712901
0.0714754
0.0716515
0.0718186
0.0719766
0.0721255
0.072265
0.0723951
0.0725155
0.0726262
0.0727267
0.0728169
0.0728962
0.0729642
0.0730198
0.0730617
0.0730877
0.073094
0.0730747
0.0730214
0.072923
0.0727664
0.0725397
0.0722358
0.0718584
0.0714253
0.0709687
0.0705307
0.0701538
0.0698704
0.0696952
0.0696248
0.0696425
0.0697248
0.0698478
0.0699917
0.0701424
0.0702913
0.0704338
0.0705684
0.070695
0.0708142
0.0709269
0.0710341
0.0711363
0.0712344
0.0713287
0.0714197
0.0715077
0.0715928
0.0716751
0.0717548
0.0718319
0.0719064
0.0719784
0.00211855
0.00231014
0.00250656
0.00270694
0.00291028
0.0031156
0.0033219
0.0035282
0.00373356
0.0039371
0.00413799
0.00433546
0.00452882
0.00471747
0.00490086
0.00507854
0.00525012
0.00541527
0.00557373
0.0057253
0.00586984
0.00600727
0.00613752
0.0062606
0.00637652
0.00648535
0.00658716
0.00668208
0.00677023
0.00685183
0.00692716
0.00699675
0.00706164
0.00712385
0.00718724
0.00725873
0.00734977
0.00747769
0.00766613
0.00794384
0.00834123
0.00888493
0.00959154
0.0104626
0.0114822
0.012619
0.0138312
0.0150728
0.0163011
0.0174807
0.0185865
0.0196037
0.0205265
0.021356
0.0220978
0.0227603
0.0233531
0.0238858
0.0243674
0.024806
0.0252085
0.0255809
0.0259281
0.026254
0.0265618
0.026854
0.0271325
0.0273988
0.027654
0.0278987
0.0281335
0.0283588
0.0285748
0.0287816
0.0289793
0.0291679
0.0293473
0.0295176
0.0296788
0.0298308
0.0299738
0.0301078
0.0302329
0.0303491
0.0304567
0.0305558
0.0306469
0.0307305
0.0308081
0.0308819
0.0309561
0.0310379
0.0311383
0.0312736
0.0314653
0.0317393
0.0321229
0.0326405
0.0333079
0.0341285
0.0350902
0.0361664
0.0373201
0.0385092
0.0396929
0.0408362
0.0419133
0.0429079
0.0438126
0.044627
0.0453557
0.0460062
0.0465875
0.047109
0.0475795
0.0480071
0.0483988
0.0487606
0.0490974
0.0494133
0.0497114
0.0499943
0.050264
0.0505219
0.050769
0.0510062
0.051234
0.0514527
0.0516625
0.0518635
0.0520557
0.0522391
0.0524136
0.0525792
0.0527358
0.0528834
0.0530219
0.0531513
0.0532716
0.0533829
0.0534851
0.0535782
0.0536624
0.0537378
0.0538046
0.0538636
0.0539161
0.0539647
0.054014
0.0540718
0.0541498
0.0542641
0.054435
0.054685
0.0550357
0.0555036
0.0560966
0.0568105
0.0576296
0.0585284
0.0594757
0.0604391
0.0613894
0.062303
0.0631635
0.0639615
0.0646931
0.0653591
0.0659633
0.0665111
0.0670088
0.0674625
0.0678783
0.0682616
0.0686168
0.0689481
0.0692587
0.0695513
0.069828
0.0700905
0.07034
0.0705776
0.070804
0.0710196
0.0712248
0.0714199
0.0716048
0.0717798
0.0719447
0.0720996
0.0722445
0.0723792
0.0725037
0.072618
0.0727219
0.0728153
0.072898
0.0729698
0.0730301
0.0730782
0.0731128
0.0731317
0.0731313
0.0731059
0.073047
0.0729436
0.0727826
0.072552
0.072245
0.071865
0.0714297
0.0709716
0.0705324
0.0701548
0.0698709
0.0696953
0.0696248
0.0696425
0.0697247
0.0698476
0.0699915
0.0701423
0.0702912
0.0704339
0.0705688
0.0706957
0.0708154
0.0709288
0.0710367
0.0711399
0.0712392
0.0713348
0.0714274
0.0715171
0.071604
0.0716883
0.0717701
0.0718494
0.0719262
0.0720006
0.00238602
0.00259878
0.00281542
0.00303471
0.00325533
0.00347598
0.00369541
0.00391242
0.00412592
0.00433489
0.00453846
0.00473585
0.00492642
0.00510964
0.00528512
0.00545257
0.00561181
0.00576275
0.00590536
0.00603973
0.00616597
0.00628427
0.00639484
0.00649794
0.00659385
0.00668285
0.00676524
0.00684134
0.00691146
0.00697595
0.00703522
0.00708993
0.00714118
0.00719106
0.00724351
0.00730552
0.00738867
0.0075104
0.00769455
0.00797004
0.00836743
0.00891337
0.00962435
0.0105015
0.0115287
0.0126739
0.0138946
0.0151447
0.0163807
0.0175674
0.0186795
0.0197023
0.0206301
0.0214643
0.0222107
0.022878
0.0234758
0.024014
0.0245016
0.0249468
0.0253566
0.0257369
0.0260925
0.0264272
0.026744
0.0270452
0.0273324
0.0276068
0.0278693
0.0281203
0.0283601
0.028589
0.0288069
0.0290139
0.02921
0.0293952
0.0295695
0.0297329
0.0298858
0.0300281
0.0301602
0.0302823
0.0303947
0.0304978
0.030592
0.0306777
0.0307555
0.0308263
0.0308916
0.0309539
0.0310175
0.0310897
0.0311818
0.0313101
0.0314965
0.0317669
0.0321489
0.0326667
0.0333365
0.0341612
0.0351285
0.0362113
0.0373721
0.0385685
0.0397592
0.0409091
0.0419922
0.0429924
0.0439023
0.0447216
0.0454551
0.0461106
0.0466971
0.0472243
0.047701
0.0481354
0.0485346
0.0489045
0.04925
0.049575
0.0498824
0.0501748
0.0504538
0.0507205
0.0509759
0.0512205
0.0514545
0.051678
0.0518912
0.0520939
0.052286
0.0524675
0.0526384
0.0527986
0.0529482
0.0530873
0.053216
0.0533344
0.0534428
0.0535415
0.0536307
0.0537106
0.0537815
0.0538439
0.0538981
0.053945
0.0539862
0.0540244
0.0540643
0.0541139
0.0541849
0.0542936
0.0544605
0.0547083
0.0550586
0.0555281
0.0561244
0.0568432
0.0576686
0.0585746
0.0595297
0.0605012
0.0614595
0.062381
0.0632493
0.0640547
0.0647937
0.0654671
0.0660787
0.066634
0.0671393
0.0676011
0.0680252
0.068417
0.0687811
0.0691215
0.0694412
0.0697428
0.0700283
0.0702991
0.0705564
0.0708008
0.0710329
0.071253
0.0714612
0.0716577
0.0718424
0.0720154
0.0721766
0.0723261
0.0724638
0.07259
0.0727045
0.0728076
0.0728993
0.0729798
0.0730489
0.0731068
0.0731531
0.0731874
0.0732084
0.0732143
0.0732016
0.0731647
0.0730953
0.0729825
0.0728132
0.0725756
0.0722625
0.0718775
0.0714383
0.0709771
0.0705358
0.0701566
0.0698717
0.0696955
0.0696247
0.069642
0.0697241
0.0698469
0.0699906
0.0701413
0.0702903
0.0704332
0.0705684
0.0706959
0.0708164
0.0709308
0.0710401
0.071145
0.0712462
0.0713443
0.0714395
0.0715321
0.0716222
0.07171
0.0717956
0.0718788
0.0719598
0.0720384
0.00275819
0.00299999
0.00324426
0.00348929
0.00373334
0.00397469
0.00421175
0.00444305
0.00466728
0.0048833
0.00509015
0.00528709
0.00547353
0.00564909
0.00581356
0.00596689
0.00610917
0.00624062
0.00636156
0.0064724
0.00657363
0.00666579
0.00674946
0.00682524
0.00689374
0.00695556
0.00701132
0.00706157
0.00710688
0.0071478
0.00718495
0.0072191
0.0072515
0.00728433
0.00732164
0.00737054
0.00744274
0.00755593
0.00773416
0.00800663
0.00840409
0.00895325
0.00967039
0.0105563
0.011594
0.0127508
0.0139834
0.0152449
0.0164915
0.0176876
0.018808
0.019838
0.0207722
0.0216123
0.0223643
0.0230374
0.0236414
0.0241864
0.0246816
0.0251354
0.0255548
0.0259456
0.0263125
0.0266592
0.0269882
0.0273017
0.027601
0.0278868
0.0281596
0.0284196
0.0286668
0.028901
0.0291221
0.02933
0.0295244
0.0297055
0.0298733
0.0300279
0.0301698
0.0302992
0.0304166
0.0305227
0.030618
0.0307033
0.0307791
0.0308464
0.0309061
0.0309592
0.0310076
0.031054
0.0311029
0.0311619
0.0312424
0.0313611
0.03154
0.0318055
0.0321851
0.0327034
0.0333764
0.0342068
0.0351818
0.0362737
0.0374444
0.0386507
0.0398509
0.0410096
0.0421008
0.0431082
0.0440247
0.0448502
0.0455898
0.0462514
0.0468445
0.0473788
0.0478634
0.0483067
0.0487157
0.0490963
0.0494533
0.0497905
0.0501107
0.0504159
0.0507077
0.0509868
0.0512538
0.0515088
0.0517517
0.0519825
0.0522008
0.0524063
0.052599
0.0527786
0.0529451
0.0530986
0.0532391
0.0533671
0.0534827
0.0535865
0.053679
0.0537606
0.0538321
0.053894
0.0539468
0.0539913
0.0540281
0.0540585
0.054084
0.0541077
0.0541346
0.0541727
0.0542339
0.0543349
0.0544963
0.054741
0.0550909
0.0555626
0.0561635
0.0568893
0.0577234
0.0586394
0.0596052
0.0605877
0.061557
0.0624892
0.0633677
0.0641831
0.0649317
0.0656146
0.0662356
0.0668004
0.0673156
0.0677876
0.0682224
0.0686253
0.069001
0.0693533
0.0696851
0.0699988
0.0702962
0.0705784
0.0708462
0.0711001
0.0713404
0.0715669
0.0717797
0.0719787
0.0721636
0.0723345
0.0724913
0.072634
0.0727627
0.0728776
0.0729791
0.0730674
0.0731428
0.0732059
0.0732568
0.0732959
0.0733232
0.0733385
0.073341
0.073329
0.0732993
0.0732466
0.0731628
0.0730369
0.0728562
0.0726086
0.0722871
0.0718952
0.0714505
0.0709851
0.0705406
0.0701592
0.0698729
0.0696959
0.0696244
0.0696414
0.0697231
0.0698456
0.0699891
0.0701396
0.0702886
0.0704316
0.0705672
0.0706954
0.0708168
0.0709326
0.0710435
0.0711506
0.0712543
0.0713553
0.071454
0.0715504
0.0716447
0.0717371
0.0718276
0.0719161
0.0720026
0.0720869
0.00321855
0.00349555
0.00377317
0.00404912
0.00432113
0.00458703
0.00484484
0.00509278
0.00532933
0.00555322
0.00576343
0.00595924
0.00614019
0.00630607
0.0064569
0.0065929
0.00671451
0.0068223
0.00691698
0.00699937
0.00707037
0.00713095
0.00718209
0.00722481
0.00726012
0.007289
0.00731241
0.00733123
0.00734633
0.00735852
0.00736864
0.00737765
0.00738696
0.00739889
0.00741763
0.00745043
0.00750922
0.00761193
0.00778296
0.00805182
0.00844952
0.00900279
0.0097277
0.0106244
0.0116752
0.0128462
0.0140933
0.0153686
0.0166278
0.0178349
0.0189647
0.0200026
0.0209437
0.0217899
0.0225477
0.0232266
0.0238371
0.0243893
0.0248929
0.0253563
0.0257866
0.0261897
0.0265699
0.0269309
0.0272748
0.0276034
0.0279175
0.0282175
0.0285035
0.028775
0.0290318
0.0292733
0.0294991
0.0297088
0.0299022
0.0300791
0.0302398
0.0303845
0.0305137
0.0306281
0.0307283
0.0308154
0.0308904
0.0309542
0.0310081
0.0310532
0.0310908
0.0311224
0.0311502
0.0311771
0.0312081
0.0312508
0.0313171
0.031424
0.0315937
0.031853
0.0322298
0.0327488
0.0334259
0.0342634
0.0352478
0.036351
0.0375336
0.0387519
0.0399635
0.0411326
0.042233
0.0432486
0.0441724
0.0450046
0.0457506
0.0464187
0.0470187
0.0475606
0.0480539
0.048507
0.0489271
0.04932
0.0496905
0.0500422
0.0503777
0.0506986
0.051006
0.0513004
0.0515818
0.05185
0.0521044
0.0523445
0.0525698
0.0527797
0.0529739
0.0531521
0.0533142
0.0534602
0.0535906
0.0537058
0.0538063
0.0538929
0.0539665
0.054028
0.0540783
0.0541185
0.0541494
0.0541722
0.0541879
0.054198
0.0542045
0.0542105
0.0542213
0.0542453
0.0542945
0.054386
0.0545407
0.0547816
0.055131
0.0556055
0.0562123
0.0569467
0.0577916
0.0587198
0.0596987
0.0606945
0.0616768
0.0626216
0.063512
0.0643388
0.0650982
0.0657916
0.066423
0.0669983
0.0675243
0.0680075
0.0684541
0.0688696
0.0692584
0.0696244
0.0699704
0.0702984
0.0706099
0.0709059
0.0711867
0.0714525
0.071703
0.071938
0.072157
0.0723598
0.0725459
0.0727152
0.0728676
0.073003
0.0731217
0.073224
0.0733105
0.0733816
0.073438
0.0734806
0.0735098
0.0735265
0.073531
0.0735236
0.0735036
0.07347
0.0734197
0.0733477
0.0732461
0.0731042
0.0729094
0.0726495
0.0723177
0.0719173
0.0714657
0.070995
0.0705466
0.0701626
0.0698745
0.0696963
0.069624
0.0696405
0.0697217
0.0698438
0.069987
0.0701372
0.070286
0.0704291
0.070565
0.0706937
0.0708162
0.0709333
0.0710461
0.0711554
0.071262
0.0713663
0.0714688
0.0715695
0.0716688
0.0717665
0.0718628
0.0719574
0.0720503
0.0721414
0.0037521
0.0040689
0.004384
0.00469448
0.00499749
0.0052904
0.00557081
0.00583665
0.00608619
0.00631804
0.00653118
0.00672495
0.00689904
0.00705343
0.00718843
0.00730458
0.00740266
0.00748364
0.00754865
0.00759894
0.00763587
0.00766084
0.0076753
0.00768071
0.00767851
0.0076701
0.00765682
0.00763994
0.00762067
0.00760011
0.00757936
0.00755963
0.00754249
0.00753046
0.00752787
0.00754219
0.00758559
0.00767633
0.00783917
0.00810403
0.00850218
0.00906042
0.00979449
0.0107039
0.0117698
0.0129572
0.0142208
0.0155116
0.0167846
0.0180035
0.019143
0.0201888
0.0211363
0.021988
0.0227509
0.0234351
0.0240513
0.0246105
0.0251224
0.0255957
0.0260376
0.026454
0.026849
0.027226
0.0275869
0.0279328
0.0282642
0.0285809
0.0288824
0.0291679
0.0294365
0.0296872
0.0299193
0.0301322
0.0303254
0.0304987
0.0306524
0.0307868
0.0309026
0.0310007
0.0310822
0.0311484
0.0312008
0.0312407
0.0312699
0.03129
0.0313026
0.0313098
0.031314
0.0313187
0.031329
0.0313531
0.0314031
0.0314964
0.0316556
0.0319079
0.0322815
0.0328014
0.0334832
0.034329
0.0353245
0.0364405
0.0376368
0.0388686
0.0400929
0.0412733
0.0423835
0.0434075
0.0443385
0.0451771
0.0459291
0.0466032
0.0472097
0.0477591
0.048261
0.0487241
0.0491558
0.049562
0.0499473
0.050315
0.0506676
0.0510063
0.0513317
0.0516437
0.051942
0.0522257
0.0524939
0.0527456
0.0529797
0.0531956
0.0533925
0.0535701
0.0537282
0.053867
0.0539868
0.0540884
0.0541727
0.0542406
0.0542934
0.0543325
0.0543593
0.0543751
0.0543814
0.0543797
0.0543714
0.0543584
0.054343
0.0543288
0.0543212
0.0543289
0.0543644
0.054445
0.0545919
0.0548286
0.0551775
0.0556553
0.056269
0.0570135
0.0578708
0.0588132
0.059807
0.0608177
0.0618145
0.0627729
0.0636761
0.0645147
0.0652852
0.0659891
0.0666309
0.0672166
0.0677533
0.0682478
0.0687065
0.0691349
0.0695377
0.0699183
0.0702797
0.0706235
0.0709509
0.0712625
0.0715582
0.0718378
0.0721006
0.0723458
0.0725729
0.072781
0.0729695
0.0731382
0.0732867
0.0734151
0.0735237
0.073613
0.0736835
0.0737362
0.0737721
0.0737922
0.0737976
0.0737894
0.0737685
0.0737354
0.0736902
0.073632
0.0735583
0.0734642
0.0733423
0.073182
0.0729709
0.0726969
0.0723531
0.0719427
0.0714832
0.0710064
0.0705535
0.0701664
0.0698762
0.0696966
0.0696235
0.0696393
0.0697199
0.0698414
0.0699841
0.0701339
0.0702823
0.0704253
0.0705613
0.0706906
0.0708138
0.0709323
0.0710469
0.0711585
0.071268
0.0713757
0.0714822
0.0715876
0.071692
0.0717954
0.0718979
0.0719992
0.0720992
0.0721976
0.00434517
0.00470491
0.00506019
0.00540741
0.00574313
0.00606425
0.00636798
0.00665199
0.00691438
0.0071537
0.00736895
0.00755959
0.00772547
0.00786683
0.00798425
0.00807864
0.00815112
0.00820309
0.00823608
0.0082518
0.00825204
0.00823867
0.00821361
0.00817876
0.00813603
0.00808724
0.00803418
0.00797851
0.00792179
0.00786548
0.00781098
0.00775974
0.00771358
0.00767522
0.00764919
0.00764318
0.00766967
0.00774727
0.00790122
0.00816185
0.00856075
0.00912474
0.00986921
0.0107928
0.0118755
0.0130811
0.0143625
0.0156699
0.0169573
0.0181881
0.0193369
0.0203899
0.0213428
0.0221987
0.0229654
0.0236534
0.0242744
0.0248395
0.0253592
0.0258422
0.026296
0.0267262
0.027137
0.0275313
0.0279107
0.0282759
0.0286266
0.0289622
0.0292815
0.029583
0.0298654
0.0301272
0.0303674
0.0305848
0.030779
0.0309496
0.0310969
0.0312212
0.0313235
0.0314049
0.0314668
0.0315111
0.0315395
0.0315539
0.0315566
0.0315497
0.0315353
0.0315159
0.0314944
0.0314747
0.0314624
0.031466
0.031498
0.0315763
0.0317239
0.0319686
0.0323388
0.0328598
0.033547
0.0344021
0.0354099
0.0365401
0.0377513
0.0389978
0.0402354
0.0414275
0.0425475
0.0435795
0.044517
0.0453611
0.046118
0.0467971
0.0474092
0.047965
0.0484749
0.0489478
0.0493911
0.0498109
0.0502117
0.0505966
0.0509676
0.0513257
0.0516708
0.0520026
0.0523198
0.0526212
0.0529052
0.0531703
0.0534151
0.0536385
0.0538396
0.0540177
0.0541727
0.0543047
0.0544142
0.0545022
0.0545697
0.0546182
0.0546492
0.0546647
0.0546663
0.054656
0.0546358
0.0546075
0.0545732
0.054535
0.0544957
0.0544593
0.0544315
0.0544212
0.0544416
0.0545102
0.0546486
0.0548807
0.0552292
0.0557109
0.0563324
0.0570881
0.0579593
0.0589171
0.059927
0.0609538
0.0619658
0.0629383
0.0638544
0.0647045
0.0654857
0.0661994
0.0668506
0.0674458
0.0679924
0.0684976
0.0689679
0.0694091
0.0698258
0.0702215
0.0705989
0.0709595
0.071304
0.0716327
0.0719449
0.07224
0.0725167
0.072774
0.0730107
0.0732257
0.0734182
0.0735874
0.0737332
0.0738554
0.0739544
0.0740307
0.0740853
0.0741192
0.0741338
0.0741305
0.0741108
0.0740763
0.0740283
0.0739678
0.0738953
0.0738105
0.0737111
0.0735929
0.0734488
0.0732683
0.0730391
0.0727495
0.0723924
0.0719711
0.0715027
0.0710191
0.0705612
0.0701705
0.069878
0.0696969
0.0696228
0.0696377
0.0697176
0.0698385
0.0699804
0.0701295
0.0702775
0.0704201
0.0705561
0.0706856
0.0708095
0.070929
0.0710452
0.071159
0.0712712
0.0713823
0.0714928
0.0716027
0.0717124
0.0718217
0.0719306
0.0720388
0.0721462
0.0722524
0.00498529
0.00538984
0.00578671
0.00617162
0.00654059
0.00689003
0.00721686
0.0075185
0.00779296
0.00803878
0.00825503
0.00844133
0.00859775
0.00872478
0.00882333
0.00889463
0.00894019
0.00896178
0.00896136
0.00894105
0.00890309
0.00884978
0.00878349
0.0087066
0.00862144
0.00853032
0.00843543
0.00833887
0.0082426
0.00814844
0.00805812
0.00797339
0.00789632
0.00782986
0.00777879
0.00775107
0.0077595
0.00782315
0.00796773
0.00822405
0.00862404
0.00919453
0.00995048
0.0108896
0.0119905
0.0132153
0.0145156
0.01584
0.0171419
0.0183841
0.0195413
0.0206002
0.0215569
0.0224152
0.0231839
0.0238741
0.0244983
0.0250682
0.0255947
0.026087
0.0265525
0.0269968
0.0274241
0.0278369
0.0282361
0.0286221
0.0289938
0.0293501
0.0296889
0.0300084
0.0303064
0.0305811
0.0308309
0.0310544
0.0312508
0.0314198
0.0315615
0.0316763
0.0317655
0.0318303
0.0318726
0.0318945
0.0318982
0.0318864
0.0318615
0.0318262
0.0317834
0.031736
0.0316873
0.0316417
0.0316053
0.0315869
0.0315997
0.0316619
0.0317972
0.0320337
0.0324005
0.0329228
0.0336161
0.0344813
0.0355024
0.0366478
0.0378748
0.0391365
0.0403877
0.0415914
0.0427207
0.0437599
0.0447027
0.0455509
0.0463113
0.0469938
0.04761
0.0481712
0.0486881
0.04917
0.0496246
0.0500581
0.0504747
0.0508775
0.051268
0.0516467
0.0520131
0.0523661
0.052704
0.0530248
0.0533264
0.0536067
0.0538638
0.0540963
0.0543029
0.0544827
0.0546356
0.0547617
0.0548616
0.0549362
0.0549872
0.0550161
0.055025
0.0550162
0.0549919
0.0549545
0.0549066
0.0548504
0.0547886
0.0547238
0.0546591
0.0545989
0.0545495
0.0545202
0.0545243
0.05458
0.0547094
0.0549368
0.0552851
0.055771
0.0564012
0.057169
0.0580551
0.0590294
0.0600564
0.0610997
0.0621272
0.0631137
0.064042
0.0649029
0.0656935
0.0664157
0.067075
0.0676783
0.0682334
0.0687481
0.0692291
0.0696824
0.0701127
0.0705236
0.0709173
0.0712953
0.0716578
0.0720046
0.0723347
0.0726467
0.0729389
0.0732098
0.0734577
0.0736811
0.0738789
0.0740501
0.0741943
0.0743114
0.0744017
0.0744659
0.074505
0.0745205
0.0745139
0.074487
0.0744418
0.0743802
0.0743041
0.0742151
0.0741141
0.0740013
0.0738749
0.0737311
0.0735632
0.0733611
0.0731126
0.0728062
0.0724348
0.0720016
0.0715237
0.0710327
0.0705694
0.070175
0.0698799
0.0696972
0.0696219
0.0696359
0.0697149
0.0698349
0.069976
0.0701242
0.0702715
0.0704135
0.0705491
0.0706786
0.0708029
0.0709232
0.0710407
0.0711564
0.071271
0.0713852
0.0714994
0.0716139
0.0717286
0.0718437
0.071959
0.0720742
0.0721891
0.0723031
0.00566117
0.00611124
0.00654999
0.00697249
0.00737422
0.00775121
0.00810011
0.00841821
0.00870346
0.00895446
0.00917043
0.00935116
0.00949699
0.0096087
0.00968749
0.00973492
0.00975288
0.0097435
0.0097091
0.0096522
0.00957544
0.00948156
0.00937333
0.00925358
0.00912509
0.00899061
0.00885277
0.00871411
0.00857701
0.00844366
0.00831616
0.00819658
0.00808729
0.0079915
0.00791426
0.00786384
0.00785344
0.00790257
0.0080375
0.00828956
0.00869102
0.00926872
0.0100371
0.0109928
0.0121129
0.0133578
0.0146774
0.0160189
0.0173347
0.0185874
0.0197517
0.0208146
0.0217732
0.0226319
0.0234005
0.0240911
0.0247168
0.0252902
0.0258225
0.0263234
0.0268004
0.0272592
0.0277035
0.0281354
0.0285556
0.0289636
0.0293578
0.0297363
0.0300963
0.0304353
0.0307505
0.0310396
0.0313005
0.0315314
0.0317314
0.0318998
0.0320368
0.0321431
0.0322197
0.0322685
0.0322914
0.032291
0.0322701
0.0322316
0.0321786
0.0321145
0.0320424
0.031966
0.0318891
0.0318165
0.031755
0.0317137
0.0317064
0.0317517
0.0318742
0.0321023
0.0324656
0.0329895
0.0336893
0.0345653
0.0356005
0.0367618
0.0380052
0.0392823
0.0405471
0.0417618
0.0428995
0.0439445
0.0448912
0.0457418
0.0465038
0.0471881
0.0478067
0.0483718
0.0488946
0.0493848
0.0498503
0.0502972
0.0507299
0.051151
0.0515617
0.0519621
0.052351
0.0527266
0.0530865
0.0534282
0.0537488
0.0540457
0.0543167
0.0545596
0.0547729
0.0549558
0.0551077
0.0552287
0.0553197
0.0553818
0.0554167
0.0554264
0.0554134
0.0553802
0.0553297
0.0552649
0.0551886
0.0551038
0.0550137
0.0549212
0.0548302
0.0547453
0.0546733
0.0546239
0.0546111
0.0546533
0.0547734
0.0549959
0.0553441
0.0558348
0.0564742
0.0572551
0.0581568
0.0591484
0.0601928
0.0612528
0.0622955
0.0632953
0.064235
0.0651052
0.0659036
0.0666326
0.0672981
0.0679077
0.0684698
0.0689925
0.0694831
0.0699477
0.0703911
0.0708169
0.0712272
0.0716229
0.0720042
0.07237
0.0727189
0.073049
0.073358
0.0736438
0.0739043
0.0741375
0.074342
0.0745165
0.0746604
0.0747737
0.0748564
0.0749095
0.0749341
0.0749318
0.0749045
0.0748544
0.0747838
0.0746951
0.0745908
0.0744728
0.0743426
0.0742009
0.0740466
0.0738763
0.0736836
0.0734588
0.0731902
0.0728661
0.0724796
0.0720338
0.0715459
0.0710471
0.070578
0.0701796
0.0698819
0.0696973
0.0696207
0.0696337
0.0697118
0.0698307
0.0699707
0.070118
0.0702642
0.0704054
0.0705403
0.0706694
0.0707937
0.0709145
0.071033
0.0711501
0.0712669
0.0713839
0.0715015
0.0716201
0.0717398
0.0718604
0.0719819
0.072104
0.0722262
0.0723482
0.0063626
0.00685792
0.0073379
0.00779698
0.00823018
0.00863322
0.00900257
0.00933544
0.00962984
0.00988449
0.0100988
0.0102728
0.0104071
0.0105027
0.0105613
0.0105846
0.0105748
0.0105345
0.0104663
0.010373
0.0102577
0.0101234
0.00997331
0.00981071
0.00963879
0.00946071
0.00927957
0.00909833
0.00891979
0.00874657
0.00858114
0.00842592
0.0082836
0.00815769
0.00805355
0.0079798
0.00795005
0.00798434
0.00810951
0.00835747
0.00876081
0.00934636
0.0101279
0.011101
0.0122411
0.0135066
0.0148456
0.0162038
0.0175327
0.0187945
0.0199643
0.0210293
0.0219874
0.0228444
0.0236107
0.0242997
0.0249253
0.0255008
0.026038
0.026547
0.0270353
0.0275086
0.0279703
0.0284222
0.0288643
0.0292954
0.0297133
0.0301152
0.0304977
0.0308575
0.0311913
0.031496
0.0317691
0.0320086
0.0322132
0.0323823
0.0325157
0.0326143
0.0326793
0.0327127
0.0327168
0.0326947
0.0326493
0.0325843
0.0325033
0.03241
0.0323084
0.0322025
0.0320968
0.0319967
0.0319093
0.0318445
0.0318164
0.0318445
0.0319537
0.0321732
0.032533
0.0330588
0.0337657
0.0346531
0.0357029
0.0368807
0.0381407
0.0394331
0.0407109
0.0419358
0.0430807
0.0441301
0.0450789
0.0459299
0.0466917
0.0473759
0.0479953
0.0485629
0.0490904
0.0495879
0.0500637
0.050524
0.0509728
0.0514127
0.0518443
0.0522671
0.0526794
0.0530786
0.0534618
0.0538255
0.0541663
0.0544811
0.0547669
0.0550214
0.0552426
0.0554295
0.0555814
0.0556986
0.0557816
0.055832
0.0558515
0.0558427
0.0558082
0.055751
0.0556746
0.0555822
0.0554775
0.0553639
0.0552449
0.0551243
0.0550063
0.0548961
0.0548008
0.0547309
0.0547006
0.054729
0.0548395
0.0550572
0.0554056
0.0559014
0.0565506
0.0573451
0.0582631
0.0592722
0.0603342
0.0614107
0.062468
0.0634801
0.0644296
0.0653076
0.0661119
0.0668457
0.0675154
0.0681295
0.0686968
0.0692261
0.069725
0.0702
0.070656
0.0710965
0.0715233
0.0719372
0.0723376
0.0727231
0.0730917
0.0734408
0.0737677
0.0740695
0.0743437
0.0745879
0.0748002
0.0749793
0.0751242
0.0752348
0.0753112
0.0753543
0.0753655
0.0753465
0.0752994
0.0752268
0.0751315
0.0750162
0.0748838
0.0747368
0.0745773
0.0744065
0.0742238
0.0740264
0.0738082
0.0735602
0.0732707
0.0729282
0.0725261
0.0720673
0.0715689
0.071062
0.0705869
0.0701843
0.0698838
0.0696974
0.0696194
0.0696313
0.0697082
0.069826
0.0699647
0.0701107
0.0702557
0.0703957
0.0705297
0.0706582
0.0707821
0.0709029
0.0710219
0.0711402
0.0712587
0.071378
0.0714987
0.0716211
0.0717453
0.0718712
0.0719986
0.0721273
0.0722568
0.0723866
0.00708047
0.00761995
0.00813972
0.00863364
0.00909638
0.00952342
0.00991113
0.0102568
0.0105585
0.0108151
0.0110264
0.0111926
0.0113146
0.0113937
0.0114319
0.0114312
0.0113942
0.0113235
0.0112222
0.0110933
0.0109402
0.0107664
0.0105753
0.0103705
0.0101557
0.00993445
0.00971028
0.00948658
0.00926659
0.00905335
0.00884973
0.00865854
0.0084828
0.00832637
0.00819493
0.00809749
0.00804813
0.00806745
0.0081829
0.00842698
0.00883264
0.00942662
0.0102221
0.0112132
0.0123737
0.01366
0.0150181
0.0163923
0.0177332
0.0190026
0.0201757
0.0212407
0.0221962
0.0230491
0.0238112
0.0244967
0.0251206
0.025697
0.0262384
0.0267549
0.0272544
0.0277424
0.028222
0.0286944
0.0291592
0.0296143
0.0300568
0.0304831
0.0308892
0.0312708
0.0316241
0.0319454
0.0322318
0.0324809
0.0326911
0.0328616
0.0329924
0.0330842
0.0331385
0.0331574
0.0331436
0.0331003
0.0330312
0.0329402
0.0328314
0.0327092
0.0325781
0.0324426
0.0323079
0.03218
0.0320663
0.0319776
0.0319284
0.0319389
0.0320347
0.0322456
0.0326022
0.0331301
0.0338444
0.0347437
0.0358085
0.037003
0.0382796
0.039587
0.0408772
0.0421112
0.0432618
0.0443138
0.0452628
0.0461124
0.046872
0.0475542
0.0481728
0.0487415
0.0492726
0.0497768
0.0502625
0.0507359
0.051201
0.0516599
0.0521129
0.0525588
0.0529953
0.053419
0.0538261
0.0542127
0.0545747
0.0549081
0.0552097
0.0554767
0.0557068
0.0558986
0.0560515
0.0561656
0.0562417
0.0562812
0.0562864
0.0562598
0.0562045
0.056124
0.0560221
0.0559027
0.0557697
0.0556273
0.0554795
0.0553306
0.0551854
0.0550495
0.0549307
0.0548398
0.0547917
0.0548062
0.054907
0.0551199
0.0554687
0.0559701
0.0566295
0.057438
0.0583726
0.0593994
0.0604788
0.0615713
0.0626423
0.0636654
0.0646232
0.065507
0.0663152
0.0670517
0.0677236
0.0683402
0.068911
0.0694454
0.0699516
0.0704362
0.0709043
0.0713592
0.0718026
0.0722348
0.0726548
0.0730607
0.0734496
0.0738185
0.074164
0.0744827
0.0747715
0.0750276
0.0752488
0.0754334
0.0755804
0.0756894
0.0757607
0.0757951
0.075794
0.0757594
0.0756937
0.0755997
0.0754805
0.0753393
0.0751794
0.0750039
0.0748153
0.0746154
0.0744043
0.0741795
0.0739356
0.073664
0.0733531
0.072992
0.0725738
0.0721016
0.0715924
0.0710772
0.0705961
0.0701891
0.0698857
0.0696973
0.0696179
0.0696285
0.0697042
0.0698207
0.069958
0.0701025
0.070246
0.0703846
0.0705174
0.0706447
0.070768
0.0708885
0.0710076
0.0711265
0.0712463
0.0713676
0.071491
0.0716167
0.0717451
0.0718759
0.072009
0.072144
0.0722805
0.0724178
0.00780674
0.0083886
0.00894609
0.00947257
0.00996243
0.010411
0.0108147
0.0111709
0.0114779
0.0117349
0.0119418
0.0120992
0.0122084
0.0122709
0.0122889
0.0122647
0.0122012
0.0121012
0.011968
0.0118049
0.0116154
0.0114033
0.0111725
0.0109268
0.0106702
0.0104067
0.0101403
0.00987476
0.00961377
0.0093608
0.00911916
0.00889204
0.00868285
0.00849579
0.00833694
0.00821571
0.00814668
0.00815106
0.00825695
0.00849744
0.00890585
0.00950879
0.0103187
0.0113283
0.0125095
0.0138164
0.0151932
0.0165824
0.0179338
0.019209
0.0203835
0.0214462
0.0223969
0.0232437
0.0239995
0.0246798
0.0253007
0.025877
0.0264218
0.0269456
0.0274564
0.0279592
0.0284572
0.0289507
0.0294388
0.0299186
0.0303866
0.0308381
0.0312684
0.0316725
0.032046
0.0323847
0.032685
0.0329444
0.0331609
0.0333337
0.0334627
0.0335487
0.0335931
0.0335985
0.0335676
0.0335041
0.033412
0.0332957
0.0331597
0.0330091
0.0328488
0.032684
0.0325204
0.0323645
0.0322246
0.0321118
0.0320414
0.0320342
0.0321165
0.0323189
0.0326723
0.0332027
0.0339247
0.0348362
0.0359164
0.0371275
0.0384205
0.0397423
0.0410439
0.0422858
0.0434406
0.0444935
0.0454407
0.0462869
0.0470425
0.047721
0.0483374
0.0489059
0.0494397
0.0499499
0.0504451
0.0509316
0.0514131
0.0518914
0.0523662
0.0528357
0.0532969
0.0537456
0.0541775
0.0545876
0.0549712
0.055324
0.055642
0.055922
0.0561616
0.0563591
0.0565138
0.0566256
0.0566956
0.0567253
0.056717
0.0566736
0.0565985
0.0564955
0.0563689
0.056223
0.0560623
0.0558915
0.0557151
0.0555381
0.0553656
0.055204
0.0550615
0.0549495
0.0548835
0.0548839
0.0549751
0.0551834
0.0555328
0.0560402
0.0567102
0.057533
0.0584844
0.0595289
0.0606252
0.0617328
0.0628164
0.063849
0.0648134
0.065701
0.066511
0.0672481
0.0679202
0.0685375
0.0691103
0.0696486
0.0701611
0.0706546
0.0711344
0.0716036
0.0720636
0.0725144
0.0729543
0.0733809
0.0737907
0.0741799
0.0745445
0.0748807
0.0751847
0.0754535
0.0756843
0.0758753
0.0760253
0.0761337
0.0762009
0.0762277
0.0762156
0.0761666
0.0760835
0.0759693
0.0758273
0.0756612
0.0754747
0.0752713
0.0750542
0.0748257
0.0745863
0.0743342
0.0740646
0.0737691
0.0734368
0.0730567
0.0726222
0.0721365
0.0716163
0.0710927
0.0706052
0.070194
0.0698876
0.0696972
0.0696162
0.0696255
0.0696999
0.0698149
0.0699506
0.0700934
0.0702351
0.0703721
0.0705033
0.0706293
0.0707514
0.0708712
0.0709901
0.0711093
0.0712299
0.0713527
0.0714783
0.0716071
0.0717392
0.0718745
0.0720129
0.072154
0.0722972
0.0724419
0.00853436
0.00915632
0.00974899
0.0103053
0.0108196
0.011287
0.0117041
0.0120685
0.0123788
0.0126345
0.0128358
0.0129837
0.0130797
0.0131256
0.0131239
0.0130772
0.0129883
0.0128604
0.0126968
0.0125011
0.0122771
0.0120285
0.0117597
0.0114747
0.0111778
0.0108734
0.0105659
0.0102595
0.00995836
0.00966632
0.00938715
0.00912446
0.00888206
0.00866455
0.00847839
0.00833347
0.00824488
0.00823448
0.00833105
0.0085683
0.00897987
0.00959224
0.010417
0.0114454
0.0126473
0.0139746
0.0153692
0.0167723
0.0181327
0.0194118
0.0205856
0.0216438
0.0225876
0.0234262
0.024174
0.0248478
0.0254645
0.02604
0.0265878
0.0271188
0.0276407
0.0281588
0.0286755
0.0291907
0.0297026
0.0302078
0.0307017
0.0311789
0.031634
0.0320611
0.0324553
0.0328116
0.0331264
0.0333965
0.03362
0.0337957
0.0339236
0.0340044
0.03404
0.0340326
0.0339857
0.0339029
0.0337887
0.0336479
0.0334856
0.0333072
0.0331182
0.0329245
0.0327323
0.0325488
0.0323827
0.0322459
0.0321543
0.0321295
0.0321984
0.0323923
0.0327428
0.0332759
0.034006
0.0349299
0.0360255
0.0372533
0.0385623
0.0398978
0.0412097
0.0424581
0.0436154
0.0446674
0.045611
0.0464519
0.0472017
0.0478751
0.0484878
0.0490552
0.0495911
0.0501068
0.0506113
0.0511108
0.0516088
0.0521068
0.0526038
0.0530973
0.0535836
0.0540579
0.0545147
0.0549487
0.0553544
0.0557269
0.0560616
0.0563551
0.0566046
0.0568083
0.0569653
0.0570757
0.0571404
0.0571611
0.0571402
0.057081
0.056987
0.0568626
0.0567121
0.0565406
0.0563529
0.0561542
0.0559498
0.0557449
0.0555454
0.0553582
0.0551921
0.0550591
0.0549753
0.0549617
0.0550434
0.0552473
0.0555976
0.0561111
0.056792
0.0576293
0.0585975
0.0596593
0.060772
0.0618939
0.0629887
0.0640292
0.0649982
0.0658877
0.0666975
0.0674332
0.0681037
0.0687201
0.0692935
0.0698346
0.0703526
0.0708545
0.0713457
0.0718291
0.0723059
0.0727754
0.0732356
0.0736831
0.0741141
0.0745241
0.0749083
0.0752623
0.075582
0.0758637
0.0761047
0.0763027
0.0764563
0.0765651
0.0766291
0.0766493
0.0766273
0.0765652
0.076466
0.0763328
0.0761692
0.0759794
0.0757673
0.075537
0.0752921
0.0750355
0.0747682
0.0744892
0.074194
0.0738748
0.0735209
0.0731218
0.072671
0.0721716
0.0716404
0.0711082
0.0706145
0.0701988
0.0698894
0.0696969
0.0696144
0.0696223
0.0696952
0.0698086
0.0699426
0.0700835
0.0702233
0.0703583
0.0704876
0.070612
0.0707327
0.0708514
0.0709696
0.0710887
0.0712098
0.0713337
0.0714612
0.0715925
0.071728
0.0718675
0.0720109
0.0721577
0.0723073
0.072459
0.00925732
0.00991669
0.0105416
0.0111249
0.0116605
0.012144
0.0125719
0.0129422
0.0132538
0.0135067
0.0137013
0.0138391
0.0139217
0.0139514
0.0139307
0.0138624
0.0137496
0.0135954
0.0134033
0.013177
0.0129204
0.0126375
0.0123326
0.0120102
0.0116749
0.0113313
0.0109842
0.0106382
0.010298
0.00996779
0.00965185
0.0093542
0.00907906
0.00883147
0.00861832
0.00844995
0.00834206
0.00831714
0.0084047
0.00863907
0.00905423
0.00967642
0.0105164
0.0115637
0.0127861
0.0141333
0.0155448
0.0169604
0.0183282
0.0196094
0.0207804
0.0218321
0.0227669
0.0235956
0.0243339
0.025
0.0256117
0.0261859
0.0267364
0.0272745
0.0278079
0.0283416
0.0288773
0.0294146
0.0299509
0.0304819
0.0310021
0.0315054
0.0319854
0.0324358
0.0328508
0.0332251
0.0335545
0.0338357
0.0340664
0.0342455
0.0343728
0.0344492
0.0344766
0.0344575
0.0343953
0.0342943
0.034159
0.0339947
0.033807
0.0336016
0.0333847
0.0331627
0.0329424
0.0327316
0.0325396
0.032379
0.0322664
0.0322241
0.0322798
0.0324655
0.0328133
0.0333494
0.0340877
0.0350242
0.0361352
0.0373794
0.0387038
0.0400521
0.0413733
0.0426266
0.0437848
0.0448341
0.0457723
0.0466063
0.0473488
0.0480157
0.0486238
0.0491893
0.0497265
0.0502475
0.0507612
0.0512738
0.0517886
0.0523064
0.0528258
0.0533437
0.0538555
0.0543554
0.0548376
0.0552956
0.0557236
0.0561158
0.0564674
0.0567746
0.0570342
0.0572444
0.0574043
0.0575137
0.0575738
0.0575862
0.0575538
0.0574796
0.0573679
0.0572229
0.0570496
0.0568534
0.0566396
0.0564138
0.0561819
0.0559497
0.0557237
0.0555112
0.0553218
0.0551679
0.0550664
0.055039
0.0551114
0.055311
0.0556625
0.0561824
0.0568743
0.0577263
0.058711
0.0597898
0.0609181
0.0620531
0.0631578
0.0642045
0.0651763
0.0660658
0.0668734
0.0676059
0.0682732
0.0688872
0.0694602
0.0700032
0.0705261
0.0710361
0.0715385
0.0720362
0.0725298
0.0730182
0.0734988
0.0739677
0.0744201
0.0748509
0.0752549
0.0756269
0.0759624
0.0762575
0.0765089
0.0767142
0.0768721
0.0769817
0.0770433
0.0770579
0.077027
0.076953
0.0768389
0.0766879
0.0765042
0.0762918
0.0760553
0.0757991
0.0755274
0.0752434
0.074949
0.0746434
0.074323
0.0739802
0.073605
0.073187
0.0727198
0.0722067
0.0716645
0.0711237
0.0706236
0.0702035
0.0698911
0.0696965
0.0696124
0.0696189
0.0696902
0.0698019
0.069934
0.0700728
0.0702105
0.0703433
0.0704705
0.0705929
0.0707119
0.0708292
0.0709464
0.071065
0.0711862
0.0713109
0.0714399
0.0715735
0.071712
0.0718553
0.0720033
0.0721555
0.0723113
0.0724698
0.0099706
0.0106644
0.0113185
0.0119255
0.0124795
0.012976
0.0134121
0.0137861
0.0140972
0.0143458
0.0145329
0.0146601
0.0147294
0.0147433
0.0147045
0.014616
0.0144807
0.0143021
0.0140836
0.0138288
0.0135419
0.0132268
0.0128881
0.0125305
0.0121587
0.0117777
0.0113927
0.0110088
0.0106307
0.0102636
0.00991179
0.00957998
0.00927277
0.00899564
0.00875593
0.00856452
0.00843767
0.00839859
0.00847751
0.00870939
0.00912851
0.00976087
0.0106162
0.0116825
0.0129252
0.0142915
0.0157188
0.0171456
0.018519
0.0198003
0.0209666
0.0220099
0.022934
0.0237513
0.0244789
0.0251363
0.0257425
0.026315
0.0268682
0.0274135
0.0279587
0.0285082
0.0290635
0.0296233
0.0301843
0.0307413
0.0312881
0.0318176
0.0323227
0.0327964
0.0332322
0.0336245
0.0339685
0.0342608
0.0344989
0.0346816
0.0348088
0.0348814
0.0349013
0.0348712
0.0347948
0.0346764
0.0345211
0.0343343
0.0341221
0.0338907
0.0336468
0.0333972
0.0331495
0.0329118
0.0326945
0.0325104
0.0323771
0.0323176
0.0323603
0.032538
0.0328833
0.0334226
0.0341693
0.0351185
0.0362449
0.0375051
0.0388442
0.0402044
0.0415335
0.0427904
0.0439479
0.0449928
0.045924
0.0467496
0.0474834
0.0481427
0.0487453
0.0493083
0.0498466
0.0503726
0.0508955
0.0514213
0.051953
0.052491
0.0530331
0.0535756
0.0541129
0.0546387
0.0551462
0.0556283
0.0560783
0.0564902
0.0568587
0.0571795
0.0574494
0.0576663
0.0578292
0.0579381
0.0579941
0.0579991
0.0579558
0.0578678
0.0577392
0.0575748
0.0573798
0.0571598
0.0569208
0.0566689
0.0564103
0.0561514
0.0558994
0.0556621
0.0554496
0.0552752
0.0551563
0.0551153
0.0551786
0.0553743
0.0557271
0.0562536
0.0569568
0.0578233
0.0588244
0.0599195
0.0610626
0.0622096
0.0633226
0.0643739
0.0653467
0.0662342
0.067038
0.0677656
0.0684283
0.0690389
0.0696104
0.0701548
0.0706821
0.0712
0.0717136
0.0722255
0.0727361
0.0732437
0.0737449
0.0742352
0.0747091
0.0751609
0.0755846
0.0759747
0.076326
0.0766344
0.0768964
0.0771093
0.0772716
0.0773826
0.0774425
0.0774522
0.0774134
0.0773285
0.0772006
0.0770332
0.0768305
0.0765969
0.0763372
0.0760563
0.0757588
0.0754484
0.0751275
0.074796
0.0744508
0.0740849
0.0736886
0.0732517
0.0727683
0.0722416
0.0716884
0.071139
0.0706327
0.0702082
0.0698928
0.0696961
0.0696104
0.0696153
0.069685
0.0697949
0.0699249
0.0700615
0.0701968
0.0703273
0.0704522
0.0705723
0.0706893
0.0708049
0.0709209
0.0710387
0.0711596
0.0712848
0.0714149
0.0715504
0.0716916
0.0718385
0.0719908
0.0721481
0.0723097
0.0724748
0.0720332
0.0720722
0.0721103
0.0721477
0.0721841
0.0722197
0.0722545
0.0722883
0.0723213
0.0723533
0.0723845
0.0724148
0.0724442
0.0724727
0.0725004
0.0725271
0.0725528
0.0725777
0.0726017
0.0726248
0.0726469
0.0726682
0.0726885
0.0727079
0.0727264
0.0727439
0.0727606
0.0727762
0.0727909
0.0728046
0.0728173
0.072829
0.0728396
0.0728491
0.0728574
0.0728646
0.0728705
0.0728751
0.0728782
0.0728799
0.0720572
0.0720976
0.0721371
0.0721758
0.0722136
0.0722506
0.0722866
0.0723218
0.0723561
0.0723894
0.0724218
0.0724533
0.0724839
0.0725135
0.0725422
0.07257
0.0725967
0.0726226
0.0726475
0.0726714
0.0726944
0.0727164
0.0727374
0.0727575
0.0727766
0.0727948
0.0728119
0.0728281
0.0728433
0.0728574
0.0728705
0.0728825
0.0728935
0.0729033
0.0729119
0.0729193
0.0729254
0.0729301
0.0729333
0.0729351
0.0720985
0.0721413
0.0721833
0.0722245
0.0722648
0.0723042
0.0723427
0.0723802
0.0724169
0.0724525
0.0724872
0.0725209
0.0725536
0.0725853
0.072616
0.0726457
0.0726743
0.0727019
0.0727285
0.072754
0.0727785
0.072802
0.0728244
0.0728458
0.0728661
0.0728853
0.0729036
0.0729207
0.0729368
0.0729518
0.0729656
0.0729784
0.07299
0.0730003
0.0730095
0.0730173
0.0730237
0.0730287
0.0730322
0.073034
0.0721515
0.0721977
0.0722431
0.0722876
0.0723313
0.072374
0.0724158
0.0724567
0.0724965
0.0725354
0.0725732
0.0726099
0.0726456
0.0726802
0.0727136
0.072746
0.0727772
0.0728072
0.0728362
0.0728639
0.0728906
0.0729161
0.0729404
0.0729636
0.0729856
0.0730064
0.0730262
0.0730447
0.0730621
0.0730783
0.0730932
0.073107
0.0731195
0.0731307
0.0731406
0.073149
0.073156
0.0731614
0.0731651
0.0731671
0.0722114
0.0722615
0.0723109
0.0723595
0.0724072
0.0724539
0.0724997
0.0725445
0.0725883
0.072631
0.0726726
0.072713
0.0727523
0.0727904
0.0728273
0.0728629
0.0728973
0.0729304
0.0729622
0.0729928
0.0730221
0.0730501
0.0730768
0.0731023
0.0731265
0.0731493
0.073171
0.0731913
0.0732103
0.073228
0.0732444
0.0732595
0.0732732
0.0732854
0.0732962
0.0733055
0.0733131
0.0733191
0.0733232
0.0733254
0.0722736
0.0723282
0.072382
0.0724351
0.0724873
0.0725385
0.0725889
0.0726381
0.0726863
0.0727334
0.0727793
0.0728239
0.0728673
0.0729094
0.0729502
0.0729896
0.0730277
0.0730643
0.0730996
0.0731334
0.0731658
0.0731968
0.0732263
0.0732544
0.0732811
0.0733064
0.0733303
0.0733527
0.0733737
0.0733933
0.0734114
0.073428
0.0734431
0.0734567
0.0734686
0.0734789
0.0734873
0.0734939
0.0734985
0.0735009
0.0723347
0.0723939
0.0724525
0.0725104
0.0725674
0.0726235
0.0726787
0.0727328
0.0727858
0.0728376
0.0728881
0.0729374
0.0729853
0.0730318
0.0730769
0.0731205
0.0731626
0.0732032
0.0732422
0.0732796
0.0733155
0.0733498
0.0733825
0.0734137
0.0734432
0.0734712
0.0734976
0.0735225
0.0735457
0.0735674
0.0735875
0.0736059
0.0736227
0.0736377
0.073651
0.0736624
0.0736718
0.0736792
0.0736843
0.073687
0.0723919
0.072456
0.0725195
0.0725823
0.0726444
0.0727055
0.0727658
0.0728249
0.072883
0.0729398
0.0729953
0.0730494
0.0731021
0.0731534
0.073203
0.0732511
0.0732976
0.0733423
0.0733854
0.0734268
0.0734665
0.0735044
0.0735406
0.073575
0.0736077
0.0736387
0.0736679
0.0736954
0.0737212
0.0737452
0.0737674
0.0737879
0.0738065
0.0738232
0.073838
0.0738507
0.0738612
0.0738694
0.0738752
0.0738782
0.0724435
0.0725125
0.0725809
0.0726488
0.072716
0.0727823
0.0728477
0.0729121
0.0729753
0.0730373
0.0730979
0.0731571
0.0732148
0.073271
0.0733255
0.0733782
0.0734293
0.0734785
0.0735259
0.0735714
0.0736151
0.0736569
0.0736967
0.0737347
0.0737708
0.0738049
0.0738372
0.0738676
0.073896
0.0739226
0.0739472
0.0739698
0.0739905
0.074009
0.0740254
0.0740396
0.0740513
0.0740605
0.0740669
0.0740703
0.0724884
0.0725621
0.0726356
0.0727085
0.0727808
0.0728523
0.072923
0.0729926
0.0730611
0.0731283
0.0731942
0.0732586
0.0733214
0.0733826
0.073442
0.0734997
0.0735554
0.0736093
0.0736611
0.073711
0.0737588
0.0738046
0.0738484
0.07389
0.0739296
0.0739672
0.0740026
0.074036
0.0740673
0.0740966
0.0741237
0.0741487
0.0741715
0.074192
0.0742102
0.0742258
0.0742389
0.0742491
0.0742562
0.07426
0.0725259
0.0726045
0.0726828
0.0727607
0.0728381
0.0729148
0.0729907
0.0730656
0.0731394
0.0732119
0.073283
0.0733527
0.0734207
0.073487
0.0735514
0.073614
0.0736746
0.0737331
0.0737896
0.0738439
0.073896
0.0739459
0.0739936
0.0740391
0.0740824
0.0741234
0.0741622
0.0741987
0.074233
0.0742651
0.0742948
0.0743223
0.0743473
0.0743699
0.0743899
0.0744072
0.0744216
0.0744329
0.0744408
0.0744451
0.0725562
0.0726393
0.0727224
0.0728053
0.0728877
0.0729695
0.0730506
0.0731307
0.0732098
0.0732876
0.073364
0.0734388
0.073512
0.0735835
0.073653
0.0737205
0.073786
0.0738493
0.0739103
0.0739691
0.0740256
0.0740797
0.0741315
0.0741809
0.0742279
0.0742724
0.0743146
0.0743544
0.0743918
0.0744267
0.0744592
0.0744891
0.0745165
0.0745413
0.0745632
0.0745822
0.0745981
0.0746105
0.0746192
0.0746239
0.0725793
0.072667
0.0727548
0.0728424
0.0729298
0.0730166
0.0731028
0.0731881
0.0732723
0.0733553
0.0734369
0.073517
0.0735954
0.0736719
0.0737465
0.073819
0.0738893
0.0739573
0.074023
0.0740863
0.0741472
0.0742056
0.0742614
0.0743147
0.0743654
0.0744136
0.0744592
0.0745023
0.0745428
0.0745806
0.0746159
0.0746484
0.0746782
0.0747051
0.0747291
0.0747498
0.0747671
0.0747808
0.0747903
0.0747955
0.0725959
0.0726879
0.0727803
0.0728726
0.0729647
0.0730565
0.0731476
0.073238
0.0733273
0.0734155
0.0735022
0.0735874
0.0736709
0.0737525
0.073832
0.0739094
0.0739846
0.0740573
0.0741277
0.0741955
0.0742607
0.0743232
0.0743832
0.0744404
0.0744949
0.0745467
0.0745957
0.0746421
0.0746857
0.0747265
0.0747645
0.0747996
0.0748318
0.074861
0.0748869
0.0749095
0.0749283
0.0749432
0.0749536
0.0749592
0.0726064
0.0727027
0.0727994
0.0728963
0.0729931
0.0730897
0.0731857
0.073281
0.0733753
0.0734685
0.0735603
0.0736505
0.073739
0.0738255
0.07391
0.0739923
0.0740722
0.0741496
0.0742245
0.0742967
0.0743662
0.074433
0.0744969
0.074558
0.0746162
0.0746716
0.0747241
0.0747737
0.0748204
0.0748641
0.0749049
0.0749427
0.0749773
0.0750087
0.0750366
0.0750609
0.0750813
0.0750974
0.0751088
0.0751148
9.73934e-06
3.32489e-05
6.16371e-05
9.56708e-05
0.000136169
0.000184005
0.000240108
0.000305453
0.000381056
0.000467969
0.000567264
0.000680023
0.000807327
0.00095023
0.00110975
0.00128685
0.00148239
0.00169715
0.00193178
0.00218677
0.00246243
0.0027589
0.00307611
0.00341375
0.00377128
0.00414795
0.00454274
0.0049544
0.00538147
0.00582227
0.00627495
0.00673747
0.00720768
0.00768331
0.00816202
0.00864144
0.00911917
0.00959283
0.01006
0.0105184
1.12691e-05
3.84813e-05
7.13725e-05
0.000110858
0.000157919
0.000213604
0.000279029
0.000355371
0.000443856
0.000545752
0.000662355
0.00079497
0.000944896
0.0011134
0.00130169
0.0015109
0.00174205
0.00199601
0.0022735
0.00257501
0.00290084
0.00325101
0.00362527
0.00402311
0.00444367
0.00488584
0.00534818
0.00582898
0.00632625
0.00683775
0.00736106
0.00789356
0.0084325
0.00897507
0.00951837
0.0100595
0.0105957
0.0111241
0.011642
0.0121466
1.29521e-05
4.42384e-05
8.20853e-05
0.000127574
0.000181865
0.000246203
0.000321915
0.000410401
0.000513124
0.000631594
0.000767356
0.000921963
0.00109696
0.00129383
0.001514
0.00175878
0.00202933
0.00232662
0.0026514
0.00300415
0.00338507
0.00379401
0.00423048
0.00469364
0.00518224
0.00569468
0.006229
0.00678286
0.00735366
0.00793849
0.00853423
0.00913761
0.00974521
0.0103536
0.0109593
0.011559
0.0121493
0.0127271
0.0132893
0.013833
1.47873e-05
5.05169e-05
9.37704e-05
0.000145811
0.000208
0.000281799
0.000368768
0.000470556
0.000588888
0.000725546
0.000882348
0.00106112
0.00126367
0.00149173
0.00174695
0.0020308
0.00234459
0.00268936
0.00306586
0.0034745
0.00391531
0.00438789
0.00489142
0.00542459
0.00598564
0.00657236
0.0071821
0.0078118
0.00845808
0.00911724
0.00978539
0.0104585
0.0111324
0.011803
0.0124664
0.0131185
0.0137559
0.014375
0.0149725
0.0155454
1.67727e-05
5.73092e-05
0.000106414
0.000165551
0.000236299
0.000320361
0.000419553
0.000535802
0.00067112
0.000827588
0.00100733
0.00121246
0.00144507
0.00170717
0.00200061
0.00232705
0.00268791
0.00308427
0.00351683
0.00398585
0.00449112
0.00503188
0.00560683
0.00621408
0.00685121
0.00751523
0.00820265
0.00890954
0.00963161
0.0103643
0.0111027
0.0118421
0.0125775
0.0133042
0.0140178
0.0147138
0.0153884
0.0160379
0.0166591
0.0172489
1.89042e-05
6.46024e-05
0.000119993
0.000186758
0.000266715
0.000361828
0.000474199
0.000606054
0.000759724
0.000937618
0.00114218
0.00137586
0.00164105
0.00194001
0.00227484
0.00264735
0.00305904
0.00351099
0.00400378
0.00453744
0.00511139
0.00572439
0.00637451
0.00705913
0.00777497
0.00851812
0.00928407
0.0100679
0.0108642
0.0116674
0.0124717
0.0132715
0.0140612
0.0148353
0.015589
0.0163176
0.0170172
0.0176841
0.0183152
0.0189076
2.11763e-05
7.23773e-05
0.000134472
0.000209377
0.000299171
0.000406103
0.000532582
0.000681166
0.000854531
0.00105544
0.00128669
0.00155109
0.00185132
0.00218994
0.00256926
0.00299123
0.00345739
0.00396875
0.00452569
0.00512789
0.00577428
0.00646298
0.00719125
0.00795558
0.00875162
0.00957434
0.0104181
0.0112767
0.0121437
0.0130123
0.0138759
0.0147279
0.015562
0.0163724
0.0171538
0.0179016
0.0186118
0.0192811
0.0199068
0.0204866
2.35813e-05
8.06077e-05
0.000149802
0.000233335
0.000333565
0.000453049
0.000594531
0.000760925
0.000955284
0.00118075
0.00144051
0.00173772
0.0020754
0.00245639
0.0028832
0.00335788
0.00388197
0.00445631
0.00508098
0.00575519
0.00647721
0.00724432
0.00805284
0.00889808
0.0097745
0.0106757
0.0115948
0.0125242
0.0134562
0.014383
0.0152969
0.0161906
0.0170571
0.0178905
0.0186852
0.019437
0.0201421
0.0207979
0.0214024
0.0219538
2.61093e-05
8.92597e-05
0.000165922
0.000258536
0.00036976
0.000502484
0.000659813
0.000845044
0.00106163
0.00131314
0.00160314
0.00193518
0.00231262
0.00273857
0.0032157
0.00374615
0.00433136
0.00497192
0.00566748
0.00641662
0.00721677
0.00806419
0.008954
0.00988017
0.0108357
0.0118128
0.0128029
0.0137972
0.0147866
0.0157621
0.0167153
0.017638
0.0185232
0.0193645
0.020157
0.0208966
0.0215803
0.0222065
0.0227739
0.0232822
2.87479e-05
9.82912e-05
0.000182752
0.000284858
0.000407587
0.000554182
0.000728134
0.000933155
0.00117313
0.00145205
0.00177393
0.00214269
0.00256206
0.00303538
0.00356548
0.0041545
0.00480371
0.00551333
0.00628244
0.00710878
0.00798878
0.00891745
0.00988847
0.0108943
0.0119262
0.0129748
0.01403
0.0150813
0.0161185
0.0171316
0.0181111
0.0190489
0.0199375
0.020771
0.0215449
0.0222559
0.0229023
0.0234833
0.0239993
0.0244511
3.14824e-05
0.000107652
0.000200199
0.000312155
0.000446837
0.000607863
0.000799136
0.00102481
0.00128921
0.00159681
0.00195206
0.00235929
0.00282255
0.00334545
0.0039309
0.00458097
0.00529667
0.00607771
0.00692242
0.00782755
0.00878825
0.00979809
0.0108491
0.0119319
0.013036
0.0141502
0.0152627
0.0163616
0.0174354
0.0184732
0.0194651
0.0204027
0.021279
0.0220886
0.0228279
0.0234948
0.024089
0.0246112
0.0250633
0.0254478
3.42954e-05
0.000117282
0.000218154
0.000340258
0.000487268
0.0006632
0.00087239
0.00111945
0.00140921
0.00174659
0.00213653
0.00258377
0.00309269
0.00366709
0.00430995
0.00502318
0.00580739
0.00666167
0.00758339
0.00856809
0.00960944
0.0106993
0.0118278
0.0129836
0.0141544
0.0153268
0.0164874
0.017623
0.0187209
0.0197697
0.0207593
0.0216813
0.0225296
0.0232998
0.0239895
0.0245983
0.0251276
0.0255798
0.0259585
0.0262678
3.7167e-05
0.000127113
0.000236488
0.000368968
0.000528598
0.00071981
0.000947396
0.00121646
0.00153232
0.00190043
0.00232617
0.00281472
0.00337077
0.00399828
0.00470024
0.0054783
0.00633255
0.00726126
0.00826068
0.00932491
0.0104459
0.0116136
0.012816
0.0140397
0.01527
0.016492
0.0176905
0.0188509
0.0199598
0.0210053
0.0219777
0.0228693
0.0236749
0.0243915
0.0250187
0.0255579
0.0260122
0.0263862
0.0266853
0.0269153
4.0075e-05
0.00013707
0.00025506
0.000398062
0.000570507
0.00077726
0.00102359
0.0013151
0.00165765
0.00205719
0.00251961
0.00305049
0.00365482
0.00433669
0.005099
0.00594306
0.0068683
0.00787199
0.00894906
0.010092
0.0112907
0.012533
0.0138046
0.0150898
0.0163718
0.0176338
0.0188589
0.0200317
0.0211382
0.0221666
0.0231077
0.023955
0.0247048
0.0253561
0.0259105
0.0263713
0.0267441
0.0270352
0.0272519
0.0274016
4.29945e-05
0.000147067
0.000273713
0.000427296
0.000612644
0.000835069
0.00110033
0.00141456
0.00178416
0.00221561
0.0027153
0.00328921
0.00394259
0.00467965
0.00550309
0.00641378
0.00741035
0.0084889
0.0096428
0.0108626
0.0121362
0.013449
0.0147842
0.0161237
0.0174488
0.0187405
0.0199809
0.0211536
0.0222447
0.0232429
0.02414
0.024931
0.0256144
0.0261913
0.0266655
0.0270428
0.0273307
0.0275377
0.0276726
0.0277444
4.58993e-05
0.000157014
0.000292276
0.000456402
0.000654624
0.000892712
0.00117693
0.00151395
0.00191072
0.00237429
0.00291151
0.00352878
0.0042316
0.00502419
0.00590903
0.0068864
0.00795399
0.00910656
0.0103357
0.01163
0.0129749
0.0143531
0.0157456
0.0171317
0.0184905
0.0198017
0.021046
0.022207
0.0232707
0.024227
0.0250693
0.0257947
0.0264038
0.0269002
0.0272903
0.0275822
0.0277854
0.0279102
0.027967
0.0279657
4.8761e-05
0.000166814
0.00031057
0.000485098
0.000696039
0.000949627
0.00125264
0.00161229
0.00203611
0.00253168
0.00310637
0.00376693
0.0045191
0.00536708
0.00631301
0.00735651
0.00849417
0.00971923
0.0110214
0.0123869
0.0137987
0.0152369
0.0166798
0.0181044
0.0194879
0.0208083
0.022046
0.0231844
0.0242104
0.0251153
0.0258945
0.0265475
0.0270776
0.0274909
0.0277963
0.0280041
0.0281257
0.028173
0.0281574
0.0280899
5.15508e-05
0.000176369
0.000328408
0.00051309
0.000736463
0.00100523
0.00132667
0.00170858
0.00215903
0.00268618
0.00329786
0.00400123
0.00480218
0.00570486
0.00671101
0.00781946
0.00902557
0.0103209
0.0116932
0.0131261
0.0145999
0.0160922
0.0175784
0.0190335
0.0204327
0.0217531
0.0229747
0.0240814
0.0250613
0.0259077
0.0266183
0.0271953
0.0276447
0.0279753
0.0281984
0.0283262
0.0283719
0.0283483
0.0282678
0.0281419
5.42396e-05
0.000185577
0.000345603
0.000540082
0.000775466
0.00105891
0.00139823
0.00180176
0.00227815
0.00283609
0.00348392
0.00422913
0.0050778
0.00603393
0.00709882
0.0082704
0.00954271
0.0109055
0.0123443
0.0138403
0.015371
0.0169111
0.0184337
0.0199116
0.0213184
0.0226306
0.0238282
0.024896
0.0258239
0.0266074
0.0272468
0.0277472
0.0281173
0.0283685
0.0285142
0.0285684
0.0285454
0.0284589
0.0283218
0.0281456
5.67992e-05
0.000194343
0.000361972
0.000565785
0.000812624
0.0011101
0.00146653
0.00189079
0.00239211
0.00297972
0.00366243
0.00444807
0.00534285
0.00635063
0.00747216
0.00870444
0.0100401
0.011467
0.0129683
0.0145226
0.0161047
0.0176867
0.019239
0.0207327
0.0221401
0.0234373
0.0246049
0.0256289
0.0265014
0.0272202
0.0277887
0.0282148
0.0285097
0.0286873
0.0287626
0.028751
0.0286677
0.0285268
0.0283413
0.0281227
5.92035e-05
0.000202575
0.000377346
0.000589928
0.00084754
0.00115823
0.0015308
0.00197467
0.00249962
0.00311541
0.00383132
0.00465551
0.00559428
0.00665132
0.00782681
0.00911675
0.0105123
0.0119993
0.0135587
0.0151664
0.0167945
0.0184124
0.0199885
0.0214919
0.0228942
0.0241715
0.0253051
0.0262829
0.0270991
0.0277544
0.028255
0.0286114
0.0288375
0.028949
0.0289623
0.0288939
0.0287591
0.0285724
0.0283465
0.0280925
6.14298e-05
0.000210198
0.000391577
0.000612276
0.000879863
0.0012028
0.00159037
0.00205249
0.00259949
0.00324164
0.00398868
0.00484907
0.00582921
0.00693257
0.00815877
0.00950275
0.0109542
0.012497
0.0141097
0.0157657
0.0174345
0.0190829
0.0206774
0.0221856
0.0235787
0.024833
0.0259309
0.0268624
0.0276241
0.0282194
0.0286574
0.0289512
0.0291165
0.0291708
0.0291314
0.0290153
0.0288381
0.0286136
0.0283545
0.0280713
6.3461e-05
0.00021715
0.000404552
0.000632641
0.000909313
0.00124341
0.00164467
0.00212349
0.00269071
0.0033571
0.00413283
0.00502665
0.00604505
0.00719129
0.00846437
0.00985822
0.011361
0.0129548
0.0146158
0.016315
0.0180193
0.0196934
0.0213019
0.0228114
0.0241927
0.0254227
0.0264855
0.0273729
0.0280841
0.0286253
0.0290081
0.0292477
0.0293617
0.0293685
0.0292863
0.0291319
0.0289207
0.0286661
0.0283801
0.0280729
6.5287e-05
0.000223396
0.0004162
0.000650908
0.00093571
0.0012798
0.00169331
0.00218712
0.00277253
0.00346079
0.00426247
0.00518659
0.00623972
0.00742489
0.00874054
0.0101796
0.0117288
0.0133684
0.0150724
0.0168096
0.0185445
0.02024
0.021859
0.0233674
0.0247361
0.0259426
0.0269727
0.0278203
0.0284872
0.028982
0.0293184
0.0295136
0.0295866
0.0295563
0.0294411
0.0292577
0.0290207
0.0287431
0.028436
0.0281092
6.69071e-05
0.000228934
0.000426513
0.000667056
0.000959008
0.00131188
0.00173616
0.00224315
0.00284459
0.00355217
0.00437682
0.00532782
0.0064118
0.00763155
0.00898497
0.0104641
0.0120542
0.013734
0.0154755
0.0172454
0.0190064
0.0207195
0.0223465
0.0238527
0.0252093
0.0263948
0.0273966
0.0282106
0.028841
0.0292984
0.0295986
0.0297601
0.0298027
0.0297459
0.0296077
0.0294043
0.0291496
0.0288557
0.028533
0.0281905
6.8333e-05
0.000233802
0.000435558
0.000681182
0.00097933
0.00133978
0.00177336
0.00229172
0.00290701
0.00363128
0.0044758
0.00545008
0.00656074
0.00781039
0.0091964
0.0107099
0.0123351
0.0140491
0.0158224
0.0176197
0.0194021
0.0211295
0.0227625
0.0242665
0.0256128
0.0267812
0.0277606
0.0285486
0.0291515
0.0295818
0.0298565
0.0299955
0.0300189
0.0299462
0.0297951
0.0295808
0.0293165
0.0290132
0.0286802
0.0283261
6.95908e-05
0.000238089
0.000443498
0.00069353
0.000997014
0.00136396
0.00180546
0.00233348
0.0029605
0.0036989
0.00456021
0.00555407
0.00668713
0.00796175
0.00937482
0.0109167
0.0125706
0.0143124
0.0161112
0.0179303
0.0197297
0.0214681
0.0231058
0.0246082
0.0259471
0.0271034
0.0280672
0.028838
0.0294233
0.0298372
0.0300979
0.0302257
0.0302411
0.0301634
0.0300093
0.0297935
0.0295279
0.0292224
0.0288855
0.0285246
7.07246e-05
0.000241944
0.000450608
0.000704523
0.00101266
0.0013852
0.00183346
0.00236967
0.00300655
0.00375672
0.00463189
0.00564176
0.0067929
0.00808743
0.00952177
0.0110856
0.0127614
0.014524
0.0163415
0.0181765
0.019988
0.0217341
0.0233754
0.0248772
0.0262121
0.0273618
0.0283177
0.0290803
0.0296585
0.0300671
0.0303252
0.0304533
0.030472
0.0303998
0.0302532
0.0300455
0.0297876
0.0294882
0.0291545
0.0287931
7.17994e-05
0.000245589
0.000457298
0.000714797
0.00102716
0.00140471
0.00185894
0.00240224
0.00304752
0.0038075
0.00469394
0.0057165
0.00688155
0.0081909
0.00964053
0.0112196
0.0129099
0.0146858
0.0165147
0.0183588
0.0201769
0.0219273
0.0235706
0.0250728
0.0264071
0.027556
0.0285116
0.0292754
0.0298568
0.0302712
0.0305379
0.0306776
0.0307103
0.0306545
0.0305255
0.0303359
0.0300955
0.0298117
0.0294904
0.0291367
7.29043e-05
0.000249329
0.000464133
0.000725235
0.00104179
0.00142422
0.00188413
0.00243402
0.00308681
0.00385523
0.00475089
0.00578323
0.00695831
0.0082775
0.00973634
0.0113236
0.0130205
0.0148014
0.0166336
0.0184794
0.0202979
0.0220481
0.0236913
0.0251942
0.0265308
0.0276841
0.0286468
0.0294206
0.0300152
0.030446
0.0307321
0.0308939
0.0309513
0.0309219
0.0308209
0.0306597
0.0304472
0.0301897
0.0298918
0.0295566
7.41557e-05
0.000253563
0.000471858
0.000737005
0.00105823
0.00144602
0.00191203
0.00246874
0.00312898
0.00390523
0.00480877
0.00584859
0.0070302
0.00835444
0.00981637
0.0114044
0.0130997
0.0148766
0.0167031
0.0185421
0.0203538
0.0220984
0.0237382
0.0252411
0.0265817
0.0277437
0.0287199
0.0295117
0.0301285
0.0305853
0.0309006
0.0310943
0.0311859
0.0311927
0.0311291
0.0310064
0.0308327
0.0306131
0.0303511
0.030048
7.56998e-05
0.000258791
0.000481414
0.000751595
0.00107863
0.00147305
0.00194648
0.00251123
0.00317981
0.00396423
0.00487514
0.00592078
0.00710592
0.00843068
0.00988959
0.0114708
0.0131557
0.0149191
0.0167301
0.0185529
0.0203494
0.0220815
0.0237134
0.0252139
0.0265589
0.0277322
0.0287265
0.0295428
0.0301894
0.0306804
0.0310334
0.0312675
0.0314016
0.0314528
0.0314354
0.0313602
0.0312352
0.0310651
0.0308522
0.0305965
7.77133e-05
0.000265625
0.000493959
0.000770847
0.00110567
0.00150898
0.00199222
0.00256733
0.00324624
0.00404016
0.00495877
0.00600925
0.00719535
0.00851635
0.00996622
0.011533
0.0131984
0.0149384
0.0167234
0.0185198
0.0202918
0.0220034
0.023621
0.0251152
0.0264627
0.0276479
0.0286629
0.0295079
0.0301898
0.0307213
0.0311187
0.0313999
0.0315833
0.0316854
0.0317206
0.0317001
0.0316319
0.031521
0.0313695
0.0311761
8.04025e-05
0.000274783
0.000510872
0.000796989
0.00114262
0.00155821
0.00205485
0.00264381
0.00333607
0.00414167
0.00506894
0.00612374
0.00730856
0.00862172
0.0100566
0.0116014
0.0132384
0.014945
0.0166936
0.0184531
0.0201904
0.0218726
0.0234683
0.0249503
0.0262965
0.0274915
0.0285272
0.0294023
0.0301225
0.0306983
0.0311443
0.0314772
0.0317141
0.0318713
0.0319632
0.0320015
0.031995
0.0319494
0.0318675
0.0317485
8.39978e-05
0.000287089
0.000533771
0.000832654
0.00119327
0.00162575
0.00214047
0.00274765
0.0034569
0.00427671
0.0052138
0.00627244
0.00745379
0.00875518
0.0101696
0.0116853
0.0132857
0.0149497
0.0166521
0.0183648
0.0200579
0.0217015
0.0232671
0.0247296
0.0260685
0.0272689
0.0283221
0.0292258
0.0299838
0.0306045
0.0311006
0.0314868
0.0317789
0.0319926
0.0321422
0.0322399
0.0322956
0.0323163
0.0323063
0.0322664
0.0111329
0.0118778
0.0125742
0.0132144
0.0137929
0.0143059
0.0147508
0.0151269
0.0154342
0.0156736
0.0158469
0.0159562
0.0160039
0.0159929
0.015926
0.0158062
0.0156368
0.0154209
0.015162
0.0148639
0.0145306
0.0141662
0.0137754
0.0133631
0.0129345
0.0124951
0.0120504
0.0116062
0.0111681
0.0107417
0.0103325
0.0099457
0.0095867
0.00926175
0.00897901
0.00875023
0.00859273
0.00853088
0.00859616
0.00882455
0.00925083
0.00990049
0.0107815
0.011879
0.0131545
0.0145511
0.0160028
0.0174456
0.0188256
0.0201041
0.0212595
0.0222859
0.0231895
0.0239853
0.0246932
0.0253347
0.0259307
0.0265
0.0270577
0.0276154
0.0281807
0.0287573
0.0293459
0.0299439
0.0305467
0.0311476
0.0317389
0.0323122
0.0328589
0.0333711
0.0338412
0.0342629
0.0346309
0.0349413
0.0351916
0.0353805
0.0355077
0.0355745
0.0355828
0.0355357
0.0354371
0.0352917
0.0351049
0.0348827
0.0346317
0.0343588
0.0340716
0.0337778
0.0334858
0.0332049
0.0329464
0.0327243
0.0325573
0.0324697
0.0324914
0.0326564
0.032998
0.0335429
0.0343039
0.035274
0.0364253
0.0377113
0.0390735
0.0404517
0.041792
0.0430524
0.0442061
0.0452412
0.0461583
0.0469674
0.0476847
0.0483295
0.0489216
0.0494794
0.050019
0.0505533
0.0510916
0.0516397
0.0522
0.0527719
0.0533523
0.053936
0.0545162
0.0550851
0.0556346
0.0561564
0.0566429
0.0570872
0.0574832
0.0578262
0.0581128
0.0583407
0.0585088
0.0586172
0.0586671
0.0586606
0.0586007
0.0584911
0.0583363
0.0581414
0.0579121
0.0576547
0.0573757
0.057082
0.0567806
0.0564789
0.0561848
0.0559073
0.0556575
0.0554497
0.0553025
0.0552395
0.0552883
0.0554777
0.0558333
0.0563711
0.0570928
0.0579832
0.0590108
0.0601318
0.0612979
0.0624626
0.0635871
0.0646433
0.0656149
0.0664963
0.0672907
0.0680076
0.0686602
0.0692631
0.0698308
0.0703764
0.0709106
0.0714414
0.0719736
0.0725096
0.0730488
0.0735885
0.0741244
0.0746505
0.0751604
0.075647
0.0761035
0.0765234
0.0769009
0.0772312
0.0775105
0.077736
0.077906
0.0780198
0.0780775
0.0780802
0.0780296
0.0779283
0.0777794
0.0775868
0.0773548
0.0770881
0.0767922
0.0764723
0.0761338
0.0757813
0.0754181
0.0750449
0.0746597
0.0742562
0.0738254
0.0733579
0.0728479
0.0722989
0.0717276
0.0711642
0.0706476
0.0702158
0.0698954
0.0696953
0.0696067
0.069609
0.069676
0.0697827
0.0699091
0.0700419
0.070173
0.0702992
0.0704199
0.070536
0.0706493
0.0707617
0.070875
0.0709911
0.0711112
0.0712366
0.071368
0.0715062
0.0716513
0.0718035
0.0719624
0.0721276
0.0722983
0.0724737
0.0128181
0.0136229
0.0143656
0.0150389
0.0156381
0.0161608
0.0166059
0.0169741
0.0172668
0.0174862
0.0176352
0.0177165
0.0177332
0.0176883
0.0175847
0.0174255
0.0172134
0.0169516
0.0166431
0.0162914
0.0159002
0.0154735
0.015016
0.0145327
0.0140293
0.0135116
0.0129861
0.0124593
0.0119379
0.0114287
0.0109383
0.0104731
0.0100399
0.00964612
0.00930125
0.00901856
0.00881703
0.00872297
0.00876979
0.00899506
0.00943412
0.0101115
0.0110321
0.0121761
0.0134989
0.0149371
0.0164195
0.0178786
0.0192592
0.0205236
0.0216526
0.0226441
0.0235089
0.0242663
0.0249403
0.0255557
0.0261361
0.0267015
0.027268
0.0278472
0.0284458
0.0290666
0.0297083
0.0303665
0.0310344
0.031703
0.0323624
0.033002
0.0336114
0.0341809
0.0347017
0.0351666
0.0355697
0.0359068
0.0361751
0.0363734
0.0365017
0.0365613
0.0365545
0.0364847
0.0363561
0.0361738
0.0359437
0.0356725
0.0353674
0.0350364
0.0346879
0.0343311
0.0339755
0.0336322
0.0333138
0.0330363
0.0328202
0.0326919
0.0326834
0.0328305
0.033168
0.0337226
0.0345057
0.0355076
0.0366957
0.0380181
0.0394115
0.0408115
0.0421617
0.0434196
0.0445593
0.0455711
0.0464588
0.0472363
0.0479235
0.0485428
0.0491169
0.0496662
0.0502082
0.0507563
0.0513197
0.0519037
0.0525093
0.0531346
0.0537745
0.0544218
0.0550674
0.0557017
0.0563144
0.0568955
0.057436
0.0579277
0.0583639
0.0587393
0.0590501
0.0592941
0.0594703
0.059579
0.0596214
0.0596001
0.0595181
0.0593796
0.0591893
0.058953
0.0586767
0.0583674
0.0580325
0.0576799
0.0573177
0.0569547
0.0566001
0.0562645
0.0559604
0.055704
0.0555156
0.0554209
0.0554491
0.0556306
0.0559915
0.0565472
0.0572975
0.0582234
0.0592891
0.060446
0.0616416
0.0628266
0.0639605
0.0650151
0.0659756
0.0668388
0.0676111
0.068305
0.0689371
0.0695249
0.0700849
0.0706316
0.0711766
0.071728
0.0722901
0.0728642
0.0734484
0.0740384
0.0746278
0.0752089
0.0757734
0.0763125
0.0768179
0.0772818
0.0776977
0.0780601
0.0783648
0.0786089
0.0787907
0.0789095
0.0789656
0.0789603
0.0788953
0.0787733
0.0785976
0.0783721
0.0781014
0.0777907
0.0774456
0.0770724
0.0766771
0.0762657
0.0758424
0.0754097
0.0749666
0.0745085
0.0740275
0.0735148
0.0729656
0.0723835
0.0717853
0.0712012
0.0706693
0.0702267
0.0698989
0.0696933
0.0696005
0.0695985
0.0696608
0.0697622
0.0698826
0.0700087
0.0701327
0.0702515
0.0703647
0.0704735
0.0705798
0.070686
0.0707941
0.0709061
0.0710235
0.0711479
0.0712801
0.071421
0.0715709
0.0717299
0.0718977
0.0720739
0.0722574
0.0724474
0.0145506
0.0153999
0.0161724
0.016862
0.0174656
0.0179828
0.0184145
0.0187631
0.0190319
0.0192244
0.0193445
0.0193958
0.0193817
0.0193054
0.0191696
0.0189769
0.0187297
0.0184303
0.0180812
0.0176851
0.0172452
0.0167652
0.0162493
0.0157026
0.0151306
0.0145399
0.0139375
0.0133307
0.0127275
0.0121358
0.0115635
0.0110186
0.0105092
0.0100444
0.00963523
0.00929673
0.00904995
0.00892339
0.0089527
0.00917708
0.00963235
0.0103415
0.0113057
0.0124992
0.01387
0.0153476
0.0168555
0.0183226
0.0196931
0.0209311
0.0220212
0.0229662
0.023782
0.0244934
0.0251285
0.0257156
0.0262805
0.0268447
0.0274245
0.028031
0.02867
0.0293425
0.0300454
0.030772
0.0315127
0.0322563
0.0329902
0.0337016
0.034378
0.0350081
0.0355819
0.0360914
0.0365302
0.0368939
0.0371801
0.0373876
0.0375168
0.0375694
0.037548
0.0374562
0.0372985
0.0370804
0.0368079
0.0364883
0.0361294
0.0357401
0.0353297
0.0349085
0.0344876
0.0340795
0.0336988
0.0333634
0.033096
0.0329252
0.0328855
0.0330149
0.0333493
0.0339158
0.0347239
0.0357602
0.0369868
0.0383456
0.0397677
0.0411845
0.0425374
0.0437835
0.0448988
0.0458767
0.0467253
0.0474628
0.0481132
0.0487029
0.049257
0.0497982
0.0503449
0.0509107
0.0515045
0.0521305
0.0527884
0.0534742
0.0541808
0.0548986
0.0556161
0.0563214
0.057002
0.0576461
0.0582432
0.0587841
0.0592613
0.0596693
0.0600043
0.0602641
0.0604481
0.060557
0.0605922
0.0605566
0.0604534
0.0602872
0.0600628
0.0597861
0.0594639
0.0591034
0.0587128
0.0583009
0.057877
0.0574511
0.0570341
0.056638
0.0562774
0.0559701
0.0557388
0.0556112
0.0556187
0.0557933
0.0561614
0.0567376
0.0575191
0.0584828
0.0595872
0.0607785
0.0619999
0.0631988
0.0643336
0.0653768
0.0663157
0.0671505
0.0678913
0.0685549
0.0691612
0.0697308
0.0702822
0.0708314
0.0713902
0.0719666
0.072564
0.0731824
0.073818
0.0744646
0.0751137
0.0757555
0.0763793
0.0769748
0.0775319
0.078042
0.0784974
0.0788923
0.0792225
0.079485
0.0796784
0.0798023
0.0798573
0.0798448
0.0797669
0.0796261
0.0794258
0.07917
0.0788631
0.0785105
0.0781184
0.0776932
0.077242
0.0767716
0.0762877
0.075794
0.0752912
0.0747761
0.0742422
0.0736819
0.0730908
0.0724735
0.0718467
0.0712403
0.0706919
0.0702378
0.0699019
0.0696905
0.0695926
0.0695857
0.0696424
0.0697374
0.0698506
0.0699686
0.0700839
0.0701936
0.0702976
0.0703973
0.0704951
0.0705934
0.0706947
0.0708012
0.0709148
0.0710371
0.0711693
0.0713123
0.0714666
0.0716322
0.0718089
0.0719961
0.0721928
0.0723978
0.0162945
0.0171686
0.0179509
0.0186371
0.0192268
0.0197219
0.0201259
0.0204433
0.0206793
0.0208389
0.020927
0.0209478
0.0209049
0.0208014
0.0206396
0.0204214
0.0201483
0.0198218
0.0194433
0.0190145
0.0185377
0.0180157
0.0174522
0.0168518
0.0162202
0.0155639
0.0148906
0.0142085
0.0135267
0.0128543
0.0122009
0.011576
0.0109896
0.0104524
0.0099774
0.00958188
0.0092892
0.00913047
0.00914376
0.00937002
0.00984526
0.0105904
0.0116019
0.0128469
0.0142649
0.0157779
0.0173037
0.0187685
0.0201164
0.0213147
0.0223531
0.0232402
0.0239984
0.0246577
0.025251
0.0258097
0.0263616
0.0269289
0.0275279
0.0281689
0.0288562
0.029589
0.0303617
0.031165
0.0319867
0.0328124
0.033627
0.0344151
0.0351621
0.035855
0.0364828
0.0370367
0.0375104
0.0378996
0.0382022
0.0384176
0.0385468
0.0385917
0.0385555
0.0384421
0.0382561
0.038003
0.0376894
0.0373225
0.0369108
0.0364636
0.0359912
0.0355051
0.0350177
0.0345433
0.0340984
0.0337029
0.0333822
0.0331676
0.0330962
0.0332083
0.0335413
0.034122
0.0349578
0.0360308
0.0372967
0.0386906
0.0401375
0.0415647
0.0429112
0.044135
0.0452147
0.0461479
0.0469479
0.0476379
0.0482466
0.0488041
0.0493382
0.0498733
0.0504284
0.0510171
0.0516477
0.0523228
0.0530405
0.0537946
0.0545755
0.0553709
0.0561667
0.0569483
0.0577009
0.0584109
0.0590662
0.0596567
0.0601746
0.0606141
0.0609718
0.0612459
0.0614364
0.0615444
0.0615719
0.061522
0.0613984
0.0612054
0.0609482
0.0606328
0.0602659
0.0598555
0.05941
0.0589392
0.0584534
0.0579639
0.057483
0.0570248
0.0566056
0.0562457
0.0559701
0.0558089
0.055796
0.0559648
0.0563423
0.0569418
0.057757
0.0587598
0.0599025
0.0611255
0.062367
0.0635718
0.0646976
0.0657183
0.0666245
0.0674207
0.0681218
0.0687489
0.0693259
0.069876
0.07042
0.0709746
0.0715518
0.0721589
0.0727982
0.0734677
0.0741619
0.074872
0.0755872
0.076295
0.0769827
0.0776378
0.0782489
0.0788059
0.0793009
0.0797276
0.0800819
0.0803613
0.0805649
0.0806929
0.0807463
0.0807268
0.0806366
0.0804786
0.0802558
0.0799721
0.0796318
0.0792403
0.0788036
0.0783287
0.0778231
0.0772946
0.0767501
0.0761948
0.0756311
0.0750572
0.0744682
0.0738579
0.0732229
0.0725682
0.0719111
0.0712812
0.0707154
0.0702489
0.0699044
0.0696865
0.069583
0.0695703
0.0696206
0.069708
0.0698126
0.069921
0.0700261
0.0701251
0.0702182
0.0703072
0.0703949
0.0704839
0.0705771
0.070677
0.0707858
0.0709054
0.071037
0.0711818
0.0713403
0.0715126
0.0716984
0.071897
0.0721073
0.0723279
0.0180119
0.018888
0.0196575
0.0203192
0.0208757
0.021332
0.0216945
0.02197
0.0221656
0.0222877
0.0223421
0.0223334
0.0222653
0.0221403
0.0219603
0.021726
0.0214379
0.0210963
0.0207011
0.0202529
0.0197526
0.0192018
0.0186033
0.0179612
0.0172806
0.0165682
0.015832
0.015081
0.0143254
0.0135757
0.0128432
0.0121393
0.0114758
0.0108657
0.0103242
0.00987109
0.00953253
0.00934255
0.00934191
0.00957328
0.0100725
0.0108577
0.0119196
0.0132168
0.0146796
0.0162221
0.0177563
0.0192064
0.0205181
0.0216629
0.022637
0.0234563
0.0241498
0.0247535
0.0253043
0.0258368
0.0263798
0.0269562
0.0275815
0.0282649
0.0290091
0.0298109
0.0306622
0.0315508
0.0324613
0.0333763
0.0342773
0.0351462
0.0359665
0.0367233
0.0374048
0.0380019
0.0385083
0.0389204
0.0392368
0.0394577
0.0395848
0.0396208
0.0395693
0.0394343
0.0392206
0.0389339
0.0385805
0.038168
0.0377047
0.0372007
0.0366669
0.0361159
0.0355616
0.0350198
0.0345091
0.0340521
0.0336767
0.0334173
0.033314
0.0334096
0.033743
0.0343405
0.0352065
0.036318
0.0376232
0.0390496
0.0405159
0.0419451
0.043275
0.044465
0.0454975
0.0463757
0.0471186
0.0477551
0.0483189
0.0488435
0.0493593
0.0498918
0.0504604
0.0510783
0.0517526
0.0524846
0.05327
0.0541004
0.0549633
0.0558434
0.0567236
0.0575864
0.0584146
0.0591925
0.0599066
0.060546
0.0611027
0.0615713
0.061949
0.0622347
0.0624293
0.0625346
0.0625533
0.0624887
0.0623448
0.0621261
0.0618376
0.0614851
0.0610756
0.0606169
0.0601181
0.0595892
0.0590419
0.0584885
0.0579431
0.0574215
0.0569424
0.0565285
0.0562075
0.0560125
0.0559797
0.0561444
0.0565336
0.0571589
0.05801
0.0590525
0.0602318
0.0614821
0.0627366
0.0639377
0.0650432
0.0660299
0.0668925
0.0676409
0.0682952
0.0688815
0.0694275
0.069959
0.0704984
0.0710629
0.0716642
0.0723086
0.072997
0.0737253
0.0744854
0.0752661
0.0760535
0.0768327
0.0775883
0.0783057
0.0789718
0.0795758
0.0801089
0.0805653
0.0809412
0.0812349
0.0814462
0.0815761
0.0816265
0.0815994
0.0814974
0.0813232
0.0810799
0.0807708
0.0804001
0.0799727
0.0794946
0.0789726
0.078415
0.07783
0.0772257
0.076609
0.0759835
0.0753497
0.074704
0.0740418
0.0733609
0.0726672
0.0719782
0.0713234
0.0707393
0.0702599
0.0699061
0.0696812
0.0695714
0.0695521
0.0695948
0.0696735
0.0697681
0.0698656
0.0699589
0.0700456
0.0701263
0.0702033
0.0702794
0.070358
0.0704421
0.0705346
0.0706381
0.0707545
0.0708855
0.0710321
0.071195
0.0713743
0.0715696
0.0717802
0.0720048
0.0722418
0.0196647
0.0205179
0.0212513
0.021867
0.0223717
0.0227737
0.0230824
0.0233072
0.0234567
0.0235386
0.0235594
0.0235237
0.0234351
0.0232956
0.0231059
0.0228657
0.0225742
0.0222301
0.0218319
0.0213784
0.0208689
0.0203037
0.0196843
0.0190136
0.0182964
0.0175389
0.0167493
0.0159374
0.0151142
0.0142919
0.0134836
0.0127026
0.011963
0.0112802
0.0106723
0.0101617
0.00977785
0.00955815
0.0095462
0.00978634
0.0103138
0.011143
0.0122575
0.0136062
0.0151097
0.0166735
0.0182046
0.0196263
0.0208873
0.0219651
0.0228638
0.023607
0.0242313
0.024778
0.0252881
0.0257982
0.0263381
0.0269302
0.0275895
0.0283236
0.0291332
0.0300129
0.0309518
0.0319343
0.0329414
0.0339522
0.0349448
0.0358982
0.0367933
0.037614
0.0383476
0.038985
0.0395206
0.0399518
0.0402781
0.0405012
0.0406237
0.040649
0.0405812
0.0404247
0.0401842
0.0398651
0.0394738
0.0390174
0.0385046
0.0379454
0.0373514
0.0367361
0.0361148
0.0355051
0.0349278
0.0344082
0.0339771
0.0336724
0.0335374
0.0336177
0.0339536
0.0345704
0.0354691
0.0366201
0.0379634
0.0394183
0.0408971
0.0423187
0.0436205
0.0447646
0.0457387
0.0465524
0.0472312
0.0478103
0.0483278
0.0488207
0.0493214
0.049856
0.050444
0.0510978
0.0518233
0.0526198
0.0534812
0.0543959
0.0553485
0.0563203
0.0572909
0.0582394
0.0591459
0.0599926
0.0607648
0.0614511
0.0620435
0.0625375
0.0629312
0.0632248
0.0634202
0.0635203
0.0635286
0.0634487
0.0632849
0.0630414
0.0627232
0.0623358
0.0618859
0.0613811
0.0608308
0.0602456
0.0596376
0.0590207
0.0584105
0.0578249
0.0572849
0.0568161
0.0564493
0.0562205
0.0561689
0.0563312
0.0567346
0.0573883
0.0582768
0.0593586
0.0605715
0.0618431
0.0631019
0.0642884
0.0653619
0.0663029
0.0671117
0.0678042
0.0684066
0.0689498
0.069465
0.0699804
0.0705194
0.0710994
0.0717314
0.0724204
0.0731653
0.07396
0.0747937
0.0756519
0.0765178
0.0773732
0.0782002
0.0789817
0.0797031
0.0803526
0.0809214
0.0814041
0.0817977
0.0821017
0.0823172
0.0824463
0.0824915
0.0824558
0.082342
0.0821526
0.0818906
0.0815588
0.0811608
0.080701
0.0801849
0.0796194
0.0790124
0.0783732
0.0777108
0.0770332
0.076346
0.0756514
0.0749478
0.0742322
0.0735038
0.0727695
0.0720473
0.0713668
0.0707636
0.0702706
0.069907
0.0696745
0.0695577
0.0695309
0.069565
0.0696338
0.0697171
0.0698021
0.0698822
0.0699552
0.0700222
0.0700858
0.0701495
0.0702167
0.0702912
0.0703759
0.0704738
0.0705871
0.0707175
0.0708663
0.0710341
0.071221
0.0714266
0.07165
0.0718897
0.0721439
0.021217
0.0220221
0.0226962
0.023246
0.0236822
0.0240169
0.0242622
0.0244298
0.0245299
0.024571
0.0245599
0.0245012
0.0243979
0.0242511
0.0240606
0.0238248
0.0235414
0.0232073
0.0228195
0.0223747
0.0218707
0.0213058
0.02068
0.0199949
0.0192542
0.0184636
0.0176314
0.0167676
0.0158844
0.0149954
0.0141155
0.0132603
0.0124465
0.0116922
0.0110184
0.010451
0.0100232
0.00977594
0.00975583
0.0100087
0.0105687
0.0114453
0.0126136
0.0140117
0.0155496
0.0171246
0.0186397
0.0200183
0.0212141
0.0222125
0.0230262
0.0236878
0.0242407
0.0247315
0.0252045
0.0256975
0.0262406
0.0268557
0.0275566
0.0283494
0.029233
0.0301994
0.0312345
0.0323193
0.0334308
0.0345438
0.0356326
0.0366731
0.0376436
0.0385266
0.0393092
0.0399826
0.0405424
0.0409874
0.0413191
0.0415403
0.041655
0.0416677
0.0415827
0.0414047
0.0411384
0.0407887
0.0403616
0.0398639
0.0393039
0.0386917
0.0380393
0.037361
0.0366733
0.0359957
0.0353514
0.0347685
0.0342813
0.0339311
0.0337651
0.0338316
0.0341722
0.034811
0.0357443
0.036935
0.0383141
0.0397923
0.041275
0.0426781
0.0439397
0.0450261
0.0459313
0.0466723
0.0472821
0.0478017
0.0482736
0.0487376
0.0492273
0.0497695
0.050383
0.0510795
0.0518634
0.0527323
0.0536776
0.0546847
0.0557348
0.0568052
0.0578717
0.0589098
0.0598965
0.0608121
0.0616404
0.06237
0.0629936
0.0635078
0.0639123
0.0642091
0.0644014
0.0644934
0.0644893
0.0643935
0.06421
0.0639431
0.0635972
0.0631774
0.0626898
0.0621418
0.0615425
0.0609029
0.0602359
0.0595564
0.0588817
0.0582319
0.0576306
0.0571065
0.0566937
0.0564316
0.0563624
0.0565245
0.0569447
0.0576288
0.0585555
0.0596752
0.0609175
0.0622029
0.0634558
0.064616
0.0656453
0.0665296
0.0672756
0.0679062
0.0684536
0.0689533
0.0694397
0.0699429
0.0704867
0.0710883
0.0717578
0.0724986
0.0733078
0.0741766
0.0750913
0.0760339
0.0769842
0.0779205
0.0788216
0.0796681
0.0804438
0.0811362
0.0817368
0.0822409
0.0826472
0.0829566
0.0831718
0.0832965
0.0833342
0.0832886
0.0831627
0.0829592
0.0826805
0.0823288
0.081907
0.0814186
0.0808685
0.0802631
0.0796104
0.0789198
0.0782012
0.0774641
0.0767157
0.0759601
0.0751978
0.0744277
0.0736506
0.0728744
0.0721179
0.0714107
0.0707878
0.0702807
0.0699069
0.0696661
0.0695416
0.0695064
0.0695309
0.0695885
0.0696592
0.0697305
0.069796
0.0698542
0.0699064
0.0699558
0.0700062
0.0700617
0.0701262
0.0702032
0.0702957
0.0704062
0.0705366
0.0706882
0.0708616
0.071057
0.0712737
0.0715108
0.0717667
0.0720391
0.0226369
0.0233698
0.0239639
0.0244306
0.024785
0.0250426
0.0252183
0.0253254
0.0253754
0.0253771
0.0253374
0.0252604
0.0251484
0.0250018
0.0248189
0.024597
0.0243322
0.0240198
0.0236547
0.0232321
0.0227473
0.022197
0.0215791
0.0208937
0.0201431
0.0193323
0.0184688
0.0175632
0.0166284
0.0156795
0.0147332
0.0138076
0.0129221
0.0120979
0.0113596
0.010737
0.010267
0.0099948
0.00997014
0.0102401
0.0108366
0.0117634
0.0129854
0.014429
0.0159932
0.0175677
0.0190523
0.0203729
0.02149
0.0223981
0.0231198
0.0236966
0.0241786
0.0246169
0.0250576
0.0255396
0.0260925
0.0267374
0.0274871
0.0283463
0.0293119
0.0303734
0.0315135
0.032709
0.0339323
0.0351536
0.0363427
0.0374718
0.0385169
0.0394593
0.0402859
0.0409894
0.0415669
0.0420195
0.0423507
0.0425654
0.042669
0.0426669
0.0425641
0.0423652
0.0420745
0.0416965
0.0412364
0.0407004
0.0400963
0.0394339
0.0387255
0.0379859
0.037233
0.0364882
0.0357769
0.0351306
0.0345871
0.0341918
0.0339958
0.0340504
0.0343982
0.0350612
0.0360307
0.0372605
0.0386719
0.0401664
0.0416433
0.0430161
0.0442252
0.0452425
0.0460696
0.046732
0.0472698
0.0477297
0.0481583
0.0485972
0.0490811
0.0496363
0.0502814
0.051027
0.0518763
0.052825
0.0538621
0.0549697
0.056125
0.0573009
0.0584685
0.0595994
0.0606674
0.0616503
0.0625313
0.063299
0.0639476
0.0644755
0.0648846
0.0651789
0.0653636
0.0654443
0.0654261
0.0653138
0.0651115
0.0648228
0.0644517
0.0640025
0.0634805
0.0628926
0.0622475
0.0615562
0.0608322
0.0600916
0.0593533
0.0586395
0.057977
0.0573975
0.0569389
0.0566445
0.0565593
0.0567235
0.0571629
0.0578794
0.0588443
0.0599992
0.061265
0.0625554
0.0637912
0.0649129
0.0658864
0.0667039
0.06738
0.0679446
0.0684358
0.0688936
0.0693547
0.0698504
0.0704047
0.071034
0.0717475
0.0725473
0.0734281
0.0743787
0.0753817
0.0764158
0.0774562
0.0784774
0.0794547
0.0803661
0.0811938
0.081925
0.0825519
0.0830713
0.0834838
0.0837926
0.0840024
0.0841186
0.0841461
0.0840893
0.0839514
0.083735
0.0834419
0.0830736
0.0826318
0.0821191
0.0815394
0.0808984
0.0802039
0.0794653
0.0786932
0.0778984
0.0770899
0.0762736
0.0754523
0.0746269
0.0738
0.072981
0.0721894
0.0714548
0.0708117
0.07029
0.0699056
0.069656
0.0695231
0.0694786
0.0694923
0.0695376
0.0695945
0.0696509
0.0697008
0.0697431
0.0697798
0.0698144
0.0698513
0.0698949
0.0699496
0.0700191
0.0701068
0.0702152
0.0703463
0.0705016
0.0706816
0.0708864
0.0711154
0.0713674
0.0716404
0.0719323
0.0238988
0.0245385
0.0250353
0.0254058
0.0256692
0.0258441
0.0259476
0.0259942
0.0259958
0.0259615
0.0258975
0.0258076
0.0256931
0.0255532
0.0253854
0.0251855
0.0249482
0.0246672
0.0243357
0.0239467
0.0234936
0.022971
0.0223746
0.0217025
0.0209553
0.0201367
0.0192538
0.0183169
0.0173396
0.0163381
0.0153313
0.0143398
0.0133859
0.0124943
0.0116935
0.0110174
0.0105078
0.0102138
0.0101886
0.0104799
0.0111169
0.0120957
0.0133698
0.0148533
0.016434
0.0179946
0.0194338
0.020682
0.0217081
0.0225175
0.023143
0.0236347
0.0240485
0.0244388
0.0248532
0.0253302
0.025899
0.0265799
0.0273847
0.0283171
0.0293723
0.0305372
0.031791
0.0331056
0.0344482
0.0357834
0.0370761
0.0382943
0.0394116
0.0404085
0.0412726
0.0419983
0.0425855
0.0430381
0.0433623
0.0435654
0.0436544
0.0436357
0.0435148
0.0432961
0.0429832
0.04258
0.0420904
0.0415199
0.0408754
0.0401663
0.0394049
0.0386065
0.0377901
0.036979
0.0362014
0.0354919
0.0348925
0.034453
0.0342284
0.0342731
0.0346306
0.0353203
0.0363267
0.0375939
0.0390326
0.0405353
0.0419954
0.0433259
0.0444705
0.0454085
0.0461503
0.0467301
0.047195
0.0475972
0.0479859
0.0484043
0.0488872
0.0494607
0.0501427
0.0509431
0.0518642
0.0529
0.0540367
0.0552529
0.0565211
0.0578092
0.059083
0.0603093
0.0614582
0.0625056
0.0634339
0.064233
0.0648987
0.0654323
0.0658384
0.0661239
0.0662962
0.0663623
0.0663285
0.0661997
0.0659797
0.0656717
0.0652787
0.0648038
0.0642514
0.0636275
0.0629403
0.0622006
0.0614224
0.0606226
0.0598219
0.0590451
0.0583216
0.0576871
0.0571835
0.056858
0.0567588
0.0569276
0.0573885
0.0581385
0.0591407
0.060327
0.0616092
0.0628944
0.0641014
0.0651725
0.0660793
0.0668218
0.0674228
0.0679195
0.0683555
0.0687742
0.0692143
0.0697075
0.0702776
0.0709405
0.0717042
0.0725695
0.0735292
0.0745689
0.0756678
0.0768
0.0779361
0.0790458
0.0801006
0.0810756
0.0819516
0.0827159
0.0833619
0.0838888
0.0842999
0.0846011
0.0847998
0.0849032
0.0849178
0.0848486
0.0846992
0.0844717
0.084167
0.0837857
0.0833283
0.082796
0.0821916
0.0815199
0.080788
0.0800053
0.079183
0.078333
0.0774658
0.0765896
0.0757094
0.0748283
0.0739511
0.0730885
0.072261
0.0714987
0.0708349
0.0702985
0.069903
0.0696441
0.0695019
0.0694472
0.0694492
0.069481
0.0695231
0.0695635
0.0695969
0.0696227
0.0696434
0.069663
0.0696864
0.0697185
0.0697639
0.0698267
0.0699103
0.0700175
0.0701505
0.0703105
0.0704983
0.0707137
0.0709561
0.0712241
0.0715156
0.071828
0.0249849
0.0255144
0.0259016
0.0261678
0.0263358
0.0264268
0.0264592
0.0264482
0.0264056
0.02634
0.0262569
0.0261593
0.0260477
0.0259201
0.0257732
0.0256015
0.0253984
0.0251564
0.0248668
0.0245208
0.0241098
0.023626
0.023063
0.0224166
0.0216853
0.0208714
0.0199806
0.019023
0.0180124
0.0169664
0.0159056
0.0148531
0.0138346
0.0128786
0.0120177
0.0112907
0.0107443
0.0104323
0.0104108
0.0107278
0.0114086
0.0124401
0.0137633
0.0152791
0.0168647
0.0183972
0.0197761
0.0209386
0.0218639
0.0225688
0.0230968
0.0235055
0.0238556
0.0242037
0.0245975
0.0250751
0.025665
0.0263869
0.0272521
0.0282638
0.0294157
0.0306922
0.0320683
0.0335107
0.0349801
0.0364346
0.0378332
0.0391396
0.040325
0.0413694
0.0422621
0.0430003
0.0435876
0.0440314
0.0443415
0.0445276
0.0445987
0.0445621
0.0444235
0.0441868
0.0438549
0.0434303
0.0429157
0.0423153
0.041635
0.0408834
0.0400726
0.0392184
0.0383408
0.0374651
0.0366222
0.0358503
0.0351958
0.034713
0.0344616
0.034499
0.0348687
0.0355868
0.0366302
0.037932
0.0393919
0.0408934
0.0423253
0.0436011
0.0446703
0.0455205
0.046172
0.0466673
0.0470607
0.0474083
0.0477615
0.048164
0.0486504
0.0492466
0.04997
0.0508303
0.0518289
0.0529586
0.0542026
0.0555357
0.0569249
0.0583318
0.0597163
0.0610395
0.0622678
0.0633749
0.0643435
0.0651648
0.065838
0.0663678
0.0667626
0.0670324
0.0671872
0.0672357
0.0671851
0.0670403
0.0668047
0.0664807
0.0660697
0.0655737
0.0649957
0.0643405
0.0636156
0.0628314
0.0620021
0.0611457
0.0602845
0.0594457
0.0586622
0.0579735
0.057426
0.057071
0.0569601
0.0571359
0.0576205
0.0584047
0.0594422
0.0606547
0.0619447
0.0632139
0.0643801
0.0653891
0.0662198
0.0668811
0.0674041
0.067833
0.0682162
0.0685997
0.0690234
0.0695189
0.0701098
0.0708113
0.0716308
0.0725676
0.0736129
0.0747492
0.0759515
0.0771886
0.0784257
0.0796271
0.0807596
0.0817955
0.0827144
0.0835041
0.0841604
0.0846855
0.0850863
0.0853721
0.0855534
0.0856396
0.0856388
0.0855566
0.0853966
0.0851603
0.0848476
0.0844577
0.0839896
0.0834432
0.0828195
0.0821224
0.081358
0.0805356
0.0796668
0.0787643
0.0778405
0.0769056
0.0759671
0.0750304
0.0741024
0.0731959
0.0723323
0.0715418
0.0708573
0.0703058
0.0698989
0.0696301
0.069478
0.0694123
0.0694015
0.0694189
0.0694452
0.0694689
0.0694852
0.0694942
0.0694987
0.0695035
0.0695139
0.0695351
0.069572
0.0696289
0.0697096
0.0698168
0.0699527
0.0701188
0.0703156
0.0705429
0.0708
0.0710853
0.0713965
0.0717308
0.0258863
0.0262941
0.0265647
0.0267237
0.0267968
0.0268068
0.0267726
0.0267094
0.0266283
0.0265371
0.0264404
0.0263402
0.0262358
0.0261248
0.0260026
0.025863
0.0256986
0.0255003
0.0252582
0.0249619
0.0246008
0.0241648
0.023645
0.023035
0.0223308
0.0215328
0.0206452
0.0196772
0.0186428
0.0175603
0.0164521
0.0153441
0.0142653
0.0132482
0.0123303
0.0115554
0.0109757
0.0106496
0.0106363
0.0109833
0.0117104
0.0127939
0.0141616
0.0157006
0.0172783
0.018768
0.0200727
0.021138
0.0219552
0.0225531
0.0229849
0.0233149
0.0236072
0.023919
0.0242977
0.0247804
0.0253951
0.0261616
0.0270914
0.0281875
0.0294429
0.0308391
0.0323465
0.0339254
0.0355291
0.0371077
0.0386136
0.0400056
0.0412527
0.0423354
0.0432456
0.0439846
0.0445608
0.0449862
0.0452744
0.0454382
0.0454885
0.0454334
0.0452783
0.0450265
0.0446796
0.0442385
0.0437043
0.0430795
0.0423687
0.0415796
0.0407238
0.0398174
0.0388815
0.0379433
0.0370366
0.0362035
0.0354951
0.0349708
0.0346947
0.0347271
0.0351116
0.0358597
0.0369391
0.0382716
0.0397453
0.0412352
0.042627
0.0438367
0.0448209
0.045577
0.0461353
0.0465468
0.0468716
0.0471688
0.0474911
0.0478819
0.0483755
0.0489976
0.0497659
0.05069
0.0517713
0.0530013
0.0543605
0.0558189
0.0573372
0.0588698
0.0603689
0.0617897
0.0630941
0.0642543
0.0652535
0.066086
0.0667551
0.0672703
0.0676444
0.0678912
0.0680236
0.0680519
0.0679839
0.0678246
0.0675765
0.0672404
0.0668164
0.0663048
0.0657068
0.0650258
0.0642683
0.0634441
0.0625675
0.0616575
0.0607381
0.059839
0.0589968
0.0582551
0.0576651
0.0572827
0.0571625
0.0573478
0.0578578
0.058676
0.0597457
0.0609779
0.0622664
0.0635082
0.0646217
0.0655584
0.0663056
0.0668816
0.0673259
0.067689
0.0680231
0.0683759
0.0687876
0.0692897
0.0699052
0.0706494
0.0715291
0.0725431
0.0736805
0.0749207
0.0762339
0.077583
0.0789263
0.0802218
0.0814312
0.0825237
0.0834781
0.0842837
0.0849395
0.0854518
0.0858322
0.0860942
0.0862517
0.0863165
0.0862982
0.086203
0.086034
0.085792
0.0854756
0.0850822
0.0846092
0.0840544
0.0834175
0.0827007
0.0819093
0.0810522
0.0801409
0.0791893
0.0782113
0.0772194
0.0762234
0.0752314
0.0742528
0.0733023
0.0724025
0.0715838
0.0708785
0.0703118
0.0698932
0.0696141
0.0694514
0.0693737
0.0693493
0.0693514
0.0693612
0.0693676
0.0693666
0.0693587
0.0693474
0.0693379
0.069336
0.0693472
0.0693767
0.0694291
0.069508
0.0696165
0.0697568
0.0699302
0.0701373
0.0703779
0.0706511
0.0709551
0.0712874
0.0716449
0.026603
0.0268836
0.0270363
0.0270903
0.0270732
0.0270085
0.026915
0.0268068
0.0266941
0.0265836
0.0264785
0.0263798
0.0262862
0.0261941
0.0260986
0.025993
0.0258688
0.0257163
0.0255247
0.0252818
0.0249755
0.0245934
0.0241245
0.0235594
0.0228918
0.0221197
0.0212453
0.0202767
0.0192275
0.0181166
0.016968
0.0158101
0.0146756
0.0136013
0.0126297
0.0118105
0.0112013
0.0108655
0.0108649
0.0112456
0.0120206
0.0131543
0.01456
0.0161115
0.0176677
0.0191005
0.0203182
0.0212775
0.0219825
0.0224738
0.0228134
0.0230706
0.0233114
0.0235927
0.0239605
0.0244515
0.0250934
0.0259067
0.0269039
0.0280889
0.029454
0.030978
0.032626
0.0343508
0.0360962
0.0378032
0.0394163
0.0408893
0.0421893
0.0432984
0.0442125
0.0449386
0.045491
0.0458876
0.0461462
0.0462828
0.04631
0.0462365
0.0460673
0.0458043
0.0454476
0.0449959
0.0444485
0.0438057
0.0430707
0.0422497
0.041354
0.0403996
0.0394087
0.0384106
0.0374422
0.0365496
0.035789
0.035225
0.0349267
0.0349569
0.0353584
0.0361373
0.0372509
0.0386089
0.0400879
0.0415554
0.0428956
0.0440287
0.0449203
0.0455783
0.0460431
0.0463735
0.046634
0.0468856
0.0471813
0.0475638
0.0480673
0.0487173
0.0495324
0.0505233
0.0516917
0.0530284
0.0545107
0.0561032
0.0577591
0.0594239
0.0610412
0.0625588
0.0639341
0.0651381
0.0661559
0.0669863
0.067638
0.0681264
0.0684699
0.0686865
0.0687918
0.068798
0.0687132
0.0685417
0.068285
0.067942
0.067511
0.0669899
0.0663783
0.0656777
0.0648933
0.0640343
0.0631148
0.0621547
0.0611798
0.0602226
0.0593233
0.0585303
0.0578997
0.0574921
0.0573653
0.0575625
0.0580992
0.0589502
0.060048
0.0612923
0.062569
0.0637719
0.064822
0.0656778
0.0663364
0.0668254
0.0671925
0.0674934
0.0677827
0.0681091
0.0685126
0.0690243
0.0696673
0.0704571
0.0714007
0.0724967
0.0737326
0.0750841
0.0765162
0.0779842
0.0794387
0.0808301
0.0821143
0.0832572
0.0842375
0.0850472
0.0856897
0.0861769
0.0865259
0.0867553
0.0868825
0.0869222
0.086885
0.0867774
0.0866021
0.0863583
0.0860432
0.0856522
0.0851804
0.0846239
0.0839803
0.0832502
0.0824377
0.0815509
0.0806018
0.0796048
0.0785755
0.0775285
0.0764763
0.0754299
0.0744011
0.0734067
0.0724709
0.0716242
0.0708983
0.0703164
0.0698859
0.069596
0.069422
0.0693317
0.0692928
0.069279
0.0692717
0.0692606
0.0692423
0.0692178
0.0691913
0.0691684
0.0691552
0.0691576
0.0691811
0.0692302
0.0693089
0.0694201
0.0695661
0.0697483
0.0699671
0.0702224
0.0705131
0.0708373
0.0711921
0.0715742
0.0271439
0.0272973
0.0273359
0.0272915
0.0271926
0.0270622
0.0269182
0.0267735
0.0266366
0.0265128
0.0264041
0.0263104
0.0262295
0.0261575
0.0260889
0.0260167
0.0259321
0.0258251
0.0256838
0.0254954
0.0252459
0.0249213
0.024508
0.0239941
0.0233707
0.0226327
0.0217804
0.0208202
0.0197646
0.0186331
0.0174509
0.016249
0.0150637
0.0139363
0.0129149
0.0120551
0.0114206
0.0110797
0.0110962
0.0115139
0.0123373
0.0135177
0.0149534
0.0165057
0.0180266
0.0193891
0.0205095
0.021357
0.0219488
0.0223368
0.0225902
0.0227818
0.0229775
0.023233
0.0235932
0.0240939
0.0247636
0.0256242
0.0266906
0.027968
0.0294488
0.031109
0.0329074
0.0347875
0.0366822
0.0385212
0.0402399
0.0417868
0.043128
0.0442486
0.0451505
0.0458481
0.0463633
0.0467202
0.0469418
0.047047
0.0470498
0.0469592
0.0467792
0.0465101
0.0461496
0.0456943
0.0451408
0.0444874
0.043735
0.0428887
0.0419586
0.0409611
0.0399192
0.0388643
0.0378366
0.0368867
0.036076
0.0354748
0.0351569
0.0351876
0.0356082
0.036418
0.037563
0.0389402
0.0404152
0.0418493
0.0431269
0.0441747
0.0449682
0.0455268
0.0459003
0.0461538
0.0463553
0.0465663
0.0468391
0.0472158
0.0477301
0.0484087
0.0492714
0.050331
0.0515903
0.0530395
0.054653
0.056389
0.0581913
0.059995
0.0617331
0.063345
0.0647837
0.0660196
0.0670415
0.0678539
0.0684733
0.0689221
0.0692248
0.0694042
0.0694787
0.0694617
0.0693615
0.0691814
0.0689209
0.0685771
0.0681457
0.0676225
0.0670043
0.0662911
0.0654862
0.0645979
0.0636405
0.0626343
0.061607
0.0605942
0.0596401
0.0587978
0.0581289
0.0576987
0.0575679
0.0577793
0.0583433
0.0592251
0.0603455
0.0615936
0.0628479
0.0640009
0.0649781
0.0657466
0.0663137
0.0667165
0.0670097
0.0672527
0.067502
0.0678059
0.068204
0.0687273
0.0693993
0.0702363
0.0712466
0.0724288
0.0737693
0.0752399
0.0767989
0.0783933
0.0799638
0.081452
0.0828071
0.0839921
0.0849864
0.0857859
0.0864004
0.0868489
0.0871549
0.0873428
0.087434
0.0874455
0.0873889
0.0872706
0.0870922
0.0868515
0.0865434
0.0861612
0.0856977
0.0851465
0.0845031
0.0837663
0.0829389
0.0820282
0.0810461
0.0800077
0.0789302
0.0778306
0.0767239
0.0756241
0.0745459
0.0735082
0.0725368
0.0716626
0.0709164
0.0703194
0.0698768
0.0695758
0.06939
0.0692862
0.0692323
0.069202
0.0691774
0.0691489
0.0691136
0.0690732
0.0690324
0.0689972
0.0689741
0.0689692
0.0689881
0.0690355
0.0691154
0.0692308
0.069384
0.0695764
0.0698085
0.07008
0.0703897
0.0707356
0.0711145
0.0715227
0.0275248
0.0275563
0.0274891
0.0273563
0.0271861
0.0270006
0.026816
0.0266434
0.0264896
0.0263582
0.02625
0.0261637
0.0260966
0.0260443
0.0260012
0.0259601
0.0259126
0.0258482
0.0257551
0.0256194
0.0254262
0.0251598
0.0248045
0.0243457
0.0237716
0.0230743
0.0222515
0.0213073
0.0202532
0.0191084
0.0178993
0.0166593
0.0154281
0.0142521
0.013185
0.0122888
0.0116336
0.0112922
0.0113299
0.011787
0.0126581
0.0138801
0.0153365
0.0168772
0.0183495
0.0196301
0.0206456
0.0213786
0.0218596
0.0221501
0.0223249
0.0224582
0.0226148
0.0228486
0.0232027
0.0237129
0.0244092
0.0253164
0.0264523
0.0278248
0.029427
0.0312318
0.0331909
0.0352364
0.0372877
0.0392612
0.041082
0.042693
0.0440605
0.0451747
0.046046
0.0466981
0.0471619
0.0474687
0.0476464
0.047717
0.0476956
0.0475904
0.047404
0.0471347
0.0467775
0.0463262
0.0457747
0.0451186
0.0443565
0.0434918
0.0425337
0.0414984
0.0404099
0.0393018
0.0382178
0.0372131
0.0363548
0.0357192
0.0353846
0.0354186
0.0358599
0.0366998
0.0378724
0.0392616
0.0407227
0.0421126
0.043318
0.0442738
0.0449667
0.045427
0.0457132
0.0458957
0.0460438
0.0462189
0.0464718
0.0468438
0.0473687
0.0480748
0.0489847
0.0501137
0.0514668
0.0530345
0.0547875
0.0566765
0.0586347
0.0605837
0.0624441
0.0641461
0.0656379
0.0668909
0.0678992
0.068676
0.0692466
0.0696425
0.0698947
0.0700308
0.0700718
0.070032
0.069919
0.0697346
0.0694763
0.0691385
0.0687143
0.0681965
0.0675796
0.0668611
0.0660426
0.0651314
0.0641412
0.0630934
0.0620174
0.0609519
0.0599454
0.0590564
0.0583519
0.0579019
0.0577698
0.0579973
0.0585885
0.059498
0.0606348
0.0618773
0.0630987
0.0641918
0.0650885
0.0657657
0.0662411
0.0665606
0.0667845
0.0669749
0.0671886
0.0674733
0.0678677
0.0684031
0.0691042
0.069989
0.0710676
0.0723396
0.0737906
0.075388
0.0770826
0.0788109
0.080502
0.0820868
0.0835073
0.0847235
0.0857171
0.0864901
0.0870602
0.0874553
0.0877068
0.0878449
0.0878951
0.0878764
0.087801
0.0876747
0.0874975
0.0872653
0.0869705
0.086604
0.0861559
0.0856174
0.0849815
0.0842451
0.0834093
0.0824806
0.0814705
0.0803951
0.079273
0.0781234
0.0769642
0.0758125
0.0746859
0.0736059
0.0725997
0.0716986
0.0709326
0.0703209
0.0698662
0.0695537
0.0693554
0.0692377
0.0691682
0.0691212
0.0690794
0.0690337
0.0689821
0.0689268
0.0688729
0.0688269
0.0687954
0.0687848
0.0688007
0.068848
0.0689306
0.0690518
0.0692137
0.0694178
0.0696647
0.069954
0.0702844
0.0706536
0.0710584
0.0714944
0.0277675
0.0276865
0.0275246
0.0273153
0.0270857
0.0268561
0.0266407
0.0264485
0.0262845
0.0261506
0.0260461
0.025969
0.0259157
0.0258817
0.0258615
0.0258482
0.0258336
0.0258075
0.025758
0.0256713
0.0255316
0.0253218
0.0250242
0.0246219
0.0241003
0.0234483
0.0226607
0.0217391
0.0206933
0.019542
0.0183123
0.0170397
0.0157678
0.0145478
0.0134394
0.0125114
0.01184
0.0115028
0.0115656
0.0120636
0.0129802
0.0142375
0.0157042
0.0172206
0.0186321
0.0198215
0.0207275
0.0213468
0.0217221
0.021923
0.0220279
0.0221103
0.0222332
0.0224477
0.0227958
0.0233138
0.024034
0.0249852
0.0261897
0.0276592
0.0293881
0.0313463
0.0334768
0.0356983
0.0379135
0.0400229
0.0419396
0.0436016
0.0449771
0.0460642
0.0468842
0.0474729
0.0478712
0.0481183
0.048247
0.0482814
0.0482371
0.0481211
0.0479339
0.0476711
0.0473249
0.0468859
0.0463447
0.0456942
0.0449305
0.0440549
0.0430755
0.0420082
0.040878
0.0397207
0.0385837
0.0375273
0.0366244
0.0359574
0.0356093
0.0356492
0.0361123
0.0369809
0.0381761
0.0395691
0.0410063
0.042342
0.0434673
0.0443269
0.0449191
0.0452848
0.0454899
0.0456079
0.0457087
0.0458519
0.0460868
0.0464538
0.0469877
0.047719
0.0486739
0.0498719
0.0513211
0.0530127
0.0549138
0.0569663
0.0590898
0.0611904
0.0631737
0.0649589
0.0664905
0.0677425
0.0687171
0.0694385
0.0699436
0.0702734
0.0704664
0.0705546
0.070561
0.0705
0.0703779
0.0701947
0.0699451
0.0696207
0.0692115
0.0687073
0.0680997
0.0673837
0.0665589
0.0656312
0.064614
0.0635294
0.0624088
0.061294
0.0602381
0.0593051
0.0585678
0.0581011
0.0579705
0.0582156
0.0588329
0.0597662
0.0609121
0.0621396
0.063318
0.0643427
0.0651535
0.0657379
0.0661238
0.0663647
0.0665251
0.0666684
0.0668506
0.0671182
0.0675095
0.0680563
0.0687851
0.0697167
0.0708643
0.0722292
0.0737964
0.0755287
0.077368
0.079238
0.0810539
0.0827338
0.0842117
0.0854457
0.0864212
0.0871488
0.087657
0.0879839
0.0881697
0.0882509
0.0882565
0.0882072
0.0881149
0.0879842
0.0878132
0.0875953
0.0873204
0.0869767
0.0865514
0.086033
0.0854121
0.0846831
0.0838455
0.0829048
0.0818722
0.0807643
0.0796013
0.0784046
0.0771953
0.0759935
0.07482
0.0736988
0.0726589
0.071732
0.0709468
0.0703207
0.0698539
0.0695296
0.0693185
0.0691864
0.0691011
0.0690373
0.0689785
0.0689165
0.0688495
0.0687806
0.0687152
0.0686599
0.0686218
0.0686071
0.0686218
0.0686705
0.0687575
0.0688859
0.0690581
0.0692755
0.0695388
0.0698477
0.0702006
0.0705951
0.0710275
0.0714931
0.0278969
0.0277154
0.0274718
0.0271987
0.0269214
0.0266583
0.0264212
0.026217
0.0260487
0.0259164
0.0258183
0.0257513
0.0257113
0.0256938
0.0256932
0.0257034
0.0257164
0.0257231
0.0257117
0.0256685
0.0255774
0.0254204
0.0251782
0.0248318
0.0243636
0.0237595
0.0230111
0.0221172
0.0210856
0.0199338
0.0186894
0.0173899
0.0160823
0.014823
0.013678
0.0127229
0.0120402
0.0117116
0.0118026
0.012342
0.0133006
0.0145853
0.0160514
0.0175313
0.0188714
0.0199631
0.0207585
0.0212681
0.0215454
0.0216662
0.0217101
0.0217489
0.0218423
0.0220388
0.0223796
0.022902
0.0236419
0.0246331
0.025904
0.0274713
0.0293317
0.0314522
0.0337656
0.0361741
0.0385601
0.0408051
0.042809
0.0445052
0.0458667
0.046903
0.0476498
0.048157
0.048477
0.0486566
0.048733
0.0487317
0.0486674
0.0485455
0.0483639
0.0481149
0.0477875
0.047369
0.0468468
0.0462104
0.0454532
0.0445745
0.0435807
0.0424875
0.0413209
0.0401189
0.0389327
0.037828
0.0368839
0.0361889
0.0358306
0.0358787
0.0363642
0.0372589
0.0384709
0.0398591
0.0412626
0.0425352
0.0435747
0.0443365
0.0448307
0.0451078
0.045239
0.0452999
0.045359
0.0454738
0.0456916
0.0460523
0.046592
0.0473447
0.0483413
0.0496067
0.0511533
0.0529738
0.0550317
0.0572586
0.0595577
0.0618158
0.0639206
0.0657798
0.0673344
0.0685638
0.0694821
0.0701273
0.0705499
0.0708019
0.0709289
0.0709665
0.070939
0.0708599
0.0707338
0.0705578
0.0703238
0.0700203
0.069634
0.0691515
0.0685614
0.0678557
0.0670319
0.0660946
0.0650564
0.0639401
0.062779
0.0616186
0.0605167
0.059543
0.0587763
0.058296
0.0581694
0.0584331
0.0590749
0.0600268
0.0611739
0.062377
0.0635033
0.064453
0.0651751
0.0656678
0.0659685
0.0661371
0.0662405
0.0663421
0.0664962
0.0667481
0.0671355
0.0676914
0.0684452
0.0694216
0.0706377
0.0720976
0.0737863
0.075662
0.0776554
0.0796753
0.0816196
0.0833918
0.0849167
0.0861518
0.0870892
0.0877509
0.0881787
0.0884231
0.0885336
0.0885526
0.0885122
0.0884335
0.0883275
0.0881969
0.0880374
0.0878399
0.0875915
0.0872774
0.0868821
0.086391
0.0857921
0.0850776
0.0842448
0.0832982
0.0822484
0.0811127
0.0799127
0.0786722
0.0774154
0.0761656
0.0749469
0.0737862
0.072714
0.0717623
0.070959
0.070319
0.0698403
0.069504
0.0692797
0.0691329
0.0690317
0.0689514
0.0688762
0.0687987
0.0687178
0.0686368
0.0685616
0.0684989
0.0684559
0.0684391
0.0684541
0.068506
0.0685989
0.0687361
0.0689201
0.0691525
0.0694341
0.0697643
0.0701418
0.0705637
0.0710259
0.0715231
0.0279392
0.0276708
0.0273586
0.0270339
0.02672
0.0264327
0.0261819
0.0259721
0.0258043
0.0256771
0.0255873
0.0255309
0.0255033
0.0254999
0.0255155
0.0255445
0.0255798
0.0256129
0.0256331
0.0256269
0.0255783
0.0254687
0.0252779
0.0249847
0.0245689
0.0240135
0.0233067
0.0224443
0.0214315
0.0202844
0.0190308
0.0177096
0.0163715
0.0150777
0.0139009
0.0129235
0.0122344
0.0119184
0.0120402
0.0126202
0.0136159
0.0149193
0.0163735
0.0178057
0.019066
0.0200566
0.0207435
0.0211503
0.0213395
0.0213905
0.0213825
0.0213841
0.0214513
0.0216301
0.0219609
0.0224831
0.023237
0.0242629
0.0255965
0.0272613
0.0292575
0.0315493
0.0340577
0.0366647
0.0392281
0.0416066
0.0436854
0.0453951
0.0467171
0.0476766
0.0483277
0.0487365
0.0489673
0.0490745
0.0490979
0.0490634
0.0489839
0.0488621
0.0486925
0.0484646
0.0481637
0.0477736
0.0472785
0.0466644
0.0459219
0.0450476
0.0440466
0.0429339
0.0417364
0.0404943
0.0392632
0.038114
0.0371325
0.0364132
0.0360479
0.0361065
0.0366142
0.0375315
0.0387536
0.0401282
0.0414888
0.0426912
0.0436415
0.0443067
0.044708
0.0449041
0.04497
0.0449812
0.0450041
0.0450932
0.0452937
0.0456456
0.0461869
0.0469558
0.0479893
0.0493191
0.0509634
0.0529174
0.0551412
0.0575539
0.0600392
0.0624601
0.0646834
0.0666039
0.068161
0.0693433
0.0701804
0.0707284
0.0710531
0.0712176
0.0712743
0.0712613
0.0712028
0.0711104
0.0709859
0.0708235
0.0706121
0.0703366
0.0699807
0.0695275
0.0689625
0.0682748
0.0674595
0.0665191
0.0654661
0.0643234
0.0631266
0.0619246
0.0607802
0.0597694
0.0589768
0.0584863
0.0583661
0.0586486
0.0593122
0.0602771
0.0614171
0.0625867
0.0636532
0.0645235
0.0651564
0.0655611
0.065783
0.0658866
0.0659399
0.0660049
0.0661337
0.0663701
0.0667518
0.0673135
0.0680883
0.069106
0.0703888
0.0719451
0.0737604
0.0757878
0.0779456
0.0801238
0.0821996
0.0840591
0.0856179
0.0868343
0.0877108
0.0882847
0.0886141
0.0887632
0.0887911
0.0887453
0.0886597
0.0885547
0.0884395
0.0883142
0.0881718
0.0880005
0.0877845
0.0875063
0.0871474
0.0866903
0.0861202
0.0854267
0.0846051
0.0836584
0.0825969
0.081438
0.0802051
0.0789242
0.0776226
0.0763272
0.0750655
0.0738672
0.0727645
0.0717896
0.0709691
0.0703159
0.0698255
0.0694772
0.0692395
0.0690779
0.0689609
0.0688646
0.068774
0.0686823
0.068589
0.0684977
0.0684146
0.0683465
0.0683005
0.0682832
0.0683004
0.068357
0.0684575
0.0686051
0.0688026
0.0690518
0.0693535
0.0697074
0.0701116
0.0705633
0.0710577
0.0715888
0.0279202
0.0275783
0.0272099
0.0268445
0.0265031
0.0261996
0.0259414
0.0257312
0.0255679
0.0254485
0.0253685
0.0253228
0.0253066
0.025315
0.0253434
0.0253867
0.0254388
0.0254922
0.0255371
0.0255608
0.0255477
0.0254792
0.0253342
0.0250898
0.0247239
0.0242162
0.0235518
0.0227232
0.0217328
0.0205949
0.0193369
0.0179991
0.0166353
0.0153121
0.0141083
0.0131137
0.0124228
0.0121233
0.0122774
0.0128959
0.0139227
0.0152353
0.0166664
0.0180413
0.0192161
0.0201054
0.0206892
0.0210026
0.0211148
0.021107
0.0210558
0.021026
0.0210694
0.0212295
0.0215468
0.0220632
0.0228242
0.0238779
0.0252691
0.0270297
0.0291653
0.0316375
0.0343537
0.0371712
0.0399179
0.0424254
0.0445631
0.0462614
0.047515
0.0483705
0.0489039
0.0491997
0.0493341
0.0493673
0.0493403
0.0492775
0.0491888
0.0490734
0.0489227
0.0487224
0.0484548
0.0481003
0.0476395
0.0470553
0.0463349
0.0454724
0.0444711
0.0433452
0.0421224
0.0408454
0.0395738
0.0383844
0.0373695
0.0366299
0.036261
0.0363318
0.0368606
0.0377963
0.0390212
0.0403733
0.0416827
0.0428098
0.0436702
0.0442426
0.0445586
0.0446828
0.0446925
0.0446615
0.044653
0.0447183
0.0449007
0.0452403
0.0457779
0.0465567
0.0476211
0.0490108
0.0507519
0.0528434
0.0552421
0.0578528
0.0605352
0.0631238
0.0654603
0.0674257
0.0689609
0.0700684
0.0707988
0.0712293
0.0714429
0.0715139
0.0714996
0.071439
0.0713544
0.0712546
0.071138
0.0709955
0.0708128
0.0705717
0.0702527
0.0698356
0.0693027
0.06864
0.0678399
0.0669032
0.0658412
0.0646776
0.0634498
0.0622105
0.0610279
0.0599839
0.0591691
0.0586717
0.0585599
0.0588608
0.0595429
0.0605141
0.0616386
0.0627664
0.0637673
0.064556
0.0651022
0.0654248
0.0655758
0.0656226
0.0656327
0.0656657
0.0657713
0.0659916
0.0663647
0.0669279
0.0677185
0.0687726
0.0701192
0.0717721
0.0737186
0.0759064
0.0782391
0.0805843
0.0827941
0.0847338
0.08631
0.0874849
0.0882755
0.0887393
0.0889535
0.0889972
0.0889385
0.0888287
0.0887014
0.0885753
0.0884564
0.0883419
0.0882219
0.0880817
0.0879032
0.087666
0.0873489
0.0869314
0.086396
0.0857294
0.084925
0.0839838
0.0829156
0.0817383
0.0804765
0.0791587
0.0778154
0.0764771
0.0751748
0.0739412
0.07281
0.0718137
0.0709774
0.0703118
0.06981
0.0694496
0.0691986
0.0690222
0.0688898
0.0687783
0.0686735
0.0685692
0.0684653
0.0683658
0.0682768
0.0682052
0.0681583
0.0681423
0.0681633
0.0682264
0.0683359
0.0684956
0.0687084
0.0689764
0.0693005
0.0696803
0.0701141
0.0705982
0.0711274
0.0716949
0.0278636
0.0274607
0.0270467
0.0266494
0.0262879
0.0259741
0.0257134
0.0255066
0.0253509
0.0252413
0.0251721
0.0251372
0.0251314
0.0251497
0.0251878
0.0252413
0.0253051
0.0253729
0.0254358
0.0254823
0.0254975
0.025463
0.0253571
0.0251562
0.024836
0.0243736
0.023751
0.0229572
0.0219917
0.0208667
0.0196086
0.0182589
0.0168743
0.0155265
0.0143009
0.013294
0.0126058
0.0123261
0.0125129
0.0131668
0.0142175
0.0155291
0.0169269
0.0182367
0.0193233
0.0201142
0.020603
0.0208343
0.0208817
0.0208258
0.0207398
0.0206835
0.0207047
0.0208446
0.0211441
0.0216482
0.0224086
0.023482
0.0249242
0.0267777
0.0290552
0.0317169
0.0346541
0.0376948
0.0406301
0.0432592
0.0454356
0.0470931
0.0482468
0.0489706
0.0493669
0.0495391
0.0495744
0.0495362
0.0494647
0.0493805
0.0492896
0.0491873
0.0490613
0.0488942
0.0486654
0.048352
0.0479315
0.0473833
0.0466916
0.0458477
0.0448526
0.0437198
0.0424774
0.0411707
0.0398635
0.0386385
0.0375947
0.0368389
0.0364695
0.0365538
0.0371019
0.0380508
0.0392707
0.0405917
0.0418433
0.042892
0.0436643
0.0441503
0.0443902
0.0444529
0.0444157
0.0443498
0.0443141
0.044357
0.0445198
0.0448431
0.045371
0.0461525
0.0472404
0.0486842
0.0505198
0.0527519
0.0553344
0.0581559
0.0610469
0.0638072
0.0662487
0.0682389
0.0697239
0.0707266
0.0713245
0.0716198
0.0717135
0.0716891
0.0716071
0.0715049
0.0714013
0.0713009
0.0711984
0.0710814
0.0709324
0.0707307
0.0704536
0.070078
0.0695829
0.0689513
0.0681726
0.0672457
0.0661806
0.0650014
0.0637476
0.0624756
0.061259
0.060186
0.0593532
0.0588521
0.0587502
0.0590685
0.0597646
0.0607351
0.0618359
0.0629149
0.0638463
0.064554
0.0650182
0.0652663
0.0653556
0.0653541
0.0653278
0.065333
0.0654169
0.0656199
0.0659809
0.0665402
0.0673405
0.068425
0.069831
0.0715796
0.073661
0.0760179
0.0785367
0.081058
0.0834031
0.0854136
0.0869872
0.0880944
0.0887729
0.0891049
0.08919
0.0891222
0.0889772
0.0888076
0.0886452
0.0885047
0.0883884
0.08829
0.0881968
0.0880917
0.0879542
0.0877615
0.08749
0.0871165
0.0866205
0.0859859
0.0852036
0.0842731
0.0832032
0.0820119
0.0807251
0.079374
0.0779922
0.076614
0.075274
0.0740076
0.0728503
0.0718347
0.0709842
0.0703071
0.0697944
0.0694222
0.0691578
0.068967
0.0688198
0.0686941
0.0685765
0.0684614
0.068349
0.0682434
0.0681507
0.0680778
0.0680317
0.068019
0.0680455
0.0681165
0.0682368
0.0684103
0.0686404
0.0689294
0.0692785
0.0696872
0.0701534
0.0706731
0.0712402
0.0718466
0.0277904
0.0273369
0.0268858
0.0264631
0.0260866
0.0257665
0.0255067
0.025306
0.0251598
0.0250615
0.0250039
0.0249799
0.0249836
0.0250101
0.0250553
0.0251156
0.0251868
0.0252637
0.0253386
0.0254011
0.0254374
0.0254294
0.0253558
0.025192
0.0249122
0.0244915
0.0239087
0.0231496
0.0222105
0.0211012
0.0198468
0.0184896
0.017089
0.0157217
0.0144793
0.013465
0.0127838
0.0125264
0.0127455
0.0134302
0.0144966
0.0157974
0.0171527
0.0183918
0.0193901
0.0200887
0.0204928
0.0206546
0.0206497
0.0205564
0.0204431
0.0203644
0.0203643
0.0204821
0.0207592
0.0212443
0.0219957
0.0230799
0.024565
0.0265068
0.0289276
0.0317875
0.0349599
0.038237
0.0413648
0.0441051
0.0462951
0.0478785
0.0488989
0.049465
0.0497086
0.0497522
0.049691
0.0495888
0.0494817
0.0493849
0.0492994
0.049216
0.0491194
0.0489895
0.0488029
0.0485342
0.048158
0.0476506
0.046993
0.0461732
0.0451903
0.0440564
0.0428002
0.0414691
0.0401313
0.0388757
0.0378078
0.03704
0.0366731
0.0367715
0.0373364
0.0382925
0.0394994
0.0407815
0.0419701
0.0429398
0.0436284
0.0440364
0.0442108
0.0442229
0.0441482
0.044054
0.0439952
0.0440165
0.0441577
0.0444605
0.0449722
0.0457486
0.0468515
0.0483423
0.0502684
0.0526431
0.0554183
0.0584639
0.0615756
0.0645104
0.0670458
0.0690361
0.0704388
0.0713055
0.0717471
0.0718937
0.0718635
0.0717475
0.0716054
0.0714706
0.0713564
0.0712627
0.0711799
0.0710926
0.0709809
0.0708215
0.0705894
0.0702588
0.0698056
0.0692097
0.0684577
0.067546
0.0664833
0.0652938
0.064019
0.0627191
0.0614731
0.0603756
0.0595288
0.0590272
0.0589365
0.0592702
0.0599753
0.0609377
0.0620071
0.0630316
0.0638918
0.0645213
0.0649104
0.0650935
0.0651308
0.0650899
0.0650336
0.0650148
0.0650778
0.0652619
0.0656069
0.0661565
0.0669594
0.0680672
0.069527
0.0713688
0.0735881
0.0761226
0.0788393
0.0815459
0.0840267
0.0860957
0.0876432
0.0886538
0.0891931
0.089374
0.0893202
0.08914
0.0889138
0.0886928
0.0885041
0.0883572
0.08825
0.0881723
0.0881091
0.0880412
0.0879464
0.0878
0.0875762
0.0872492
0.0867957
0.0861969
0.0854411
0.0845257
0.0834584
0.0822572
0.0809495
0.0795687
0.0781518
0.0767369
0.0753622
0.0740662
0.0728856
0.071853
0.07099
0.0703026
0.0697795
0.0693958
0.0691184
0.0689136
0.0687525
0.0686139
0.0684853
0.0683614
0.0682427
0.0681333
0.068039
0.0679669
0.0679236
0.0679158
0.0679495
0.0680302
0.0681629
0.0683523
0.0686019
0.0689145
0.0692914
0.0697323
0.0702345
0.0707933
0.0714016
0.07205
0.0277182
0.0272225
0.0267401
0.0262962
0.0259075
0.0255833
0.025326
0.025133
0.0249976
0.0249116
0.0248661
0.0248529
0.0248656
0.0248991
0.0249495
0.0250138
0.0250889
0.0251704
0.025252
0.0253245
0.0253749
0.0253864
0.0253377
0.0252041
0.0249589
0.0245752
0.0240292
0.0233037
0.0223916
0.0213
0.0200527
0.0186922
0.0172803
0.0158984
0.0146443
0.0136275
0.0129571
0.0127238
0.0129734
0.0136834
0.0147568
0.0160369
0.0173418
0.0185072
0.0194201
0.0200347
0.0203662
0.020472
0.0204272
0.0203064
0.0201725
0.0200751
0.0200543
0.0201479
0.0203982
0.0208577
0.0215915
0.0226768
0.0241954
0.0262192
0.0287833
0.0318496
0.0352719
0.0387991
0.0421224
0.0449596
0.0471332
0.0486054
0.049459
0.0498447
0.0499262
0.0498429
0.0496939
0.0495393
0.0494081
0.0493084
0.0492354
0.0491758
0.0491116
0.0490205
0.0488772
0.0486546
0.0483246
0.0478607
0.0472406
0.0464496
0.0454839
0.0443544
0.0430897
0.0417397
0.0403767
0.0390956
0.0380085
0.0372331
0.0368715
0.0369841
0.0375621
0.0385189
0.0397047
0.040941
0.0420633
0.0429557
0.0435672
0.0439073
0.0440278
0.0440003
0.0438972
0.0437812
0.0437025
0.0437028
0.0438206
0.0440984
0.0445876
0.0453507
0.0464595
0.0479887
0.05
0.0525178
0.055494
0.0587779
0.0621227
0.0652336
0.0678482
0.0698094
0.0710946
0.0717941
0.0720591
0.0720492
0.0718982
0.0716996
0.0715092
0.0713531
0.0712378
0.0711575
0.0710989
0.0710438
0.0709706
0.0708543
0.070668
0.0703838
0.0699747
0.0694177
0.0686962
0.0678042
0.0667489
0.0655542
0.0642633
0.0629404
0.0616699
0.0605527
0.0596961
0.0591969
0.0591179
0.0594644
0.0601726
0.0611196
0.0621507
0.0631167
0.063906
0.0644626
0.0647852
0.0649137
0.0649093
0.0648375
0.0647573
0.0647179
0.0647607
0.0649241
0.065249
0.0657829
0.0665811
0.0677042
0.0692105
0.0711417
0.0735005
0.076221
0.0791479
0.0820495
0.084665
0.086777
0.088271
0.0891539
0.089528
0.0895423
0.0893456
0.089058
0.0887608
0.0885002
0.0882962
0.0881516
0.0880593
0.0880059
0.0879742
0.0879437
0.0878912
0.0877905
0.0876142
0.0873343
0.0869249
0.0863643
0.0856381
0.0847414
0.0836805
0.0824734
0.0811484
0.0797415
0.078293
0.0768449
0.0754391
0.0741167
0.072916
0.0718691
0.0709956
0.0702992
0.0697666
0.0693717
0.0690818
0.0688638
0.0686899
0.06854
0.0684022
0.0682717
0.068149
0.068038
0.0679445
0.0678752
0.0678367
0.0678356
0.0678781
0.0679702
0.0681173
0.0683246
0.0685963
0.0689356
0.0693441
0.069821
0.0703633
0.0709653
0.0716184
0.0723116
0.0276619
0.0271299
0.0266198
0.0261563
0.0257561
0.025428
0.0251735
0.0249883
0.0248643
0.0247909
0.0247577
0.0247554
0.0247767
0.0248163
0.0248706
0.0249371
0.0250133
0.025096
0.02518
0.0252571
0.0253157
0.0253398
0.0253089
0.0251985
0.0249814
0.0246293
0.0241163
0.0234222
0.022537
0.0214648
0.0202275
0.0188676
0.0174491
0.0160576
0.0147969
0.0137822
0.013126
0.0129177
0.013195
0.0139236
0.0149949
0.0162451
0.0174935
0.0185842
0.019417
0.0199578
0.0202301
0.0202933
0.0202205
0.0200813
0.0199329
0.0198197
0.0197787
0.0198463
0.020066
0.0204938
0.0212019
0.0222783
0.0238202
0.0259178
0.0286235
0.0319038
0.0355913
0.0393829
0.0429031
0.0458184
0.0479406
0.049262
0.0499168
0.0501051
0.0500227
0.0498216
0.0495994
0.0494076
0.0492655
0.0491726
0.0491182
0.0490855
0.0490543
0.0490012
0.0489001
0.0487222
0.0484378
0.0480179
0.0474373
0.0466781
0.0457338
0.0446134
0.0433455
0.0419819
0.0405992
0.0392981
0.0381971
0.0374183
0.0370644
0.0371904
0.0377773
0.0387277
0.0398845
0.0410691
0.0421234
0.0429422
0.0434851
0.0437687
0.0438474
0.0437912
0.0436682
0.0435361
0.0434408
0.0434205
0.0435131
0.0437623
0.0442231
0.044965
0.0460703
0.047628
0.0497172
0.0523771
0.055562
0.0590988
0.0626897
0.0659769
0.0686518
0.07055
0.0716805
0.0721836
0.0722573
0.0720908
0.0718287
0.0715623
0.0713386
0.071174
0.0710669
0.0710057
0.0709739
0.0709515
0.0709157
0.0708409
0.0706988
0.0704598
0.0700949
0.0695781
0.0688897
0.068021
0.0669772
0.065782
0.0644801
0.0631392
0.0618493
0.0607173
0.0598553
0.059361
0.0592937
0.0596495
0.0603547
0.0612787
0.0622655
0.0631707
0.0638917
0.0643823
0.0646486
0.0647335
0.0646976
0.0646031
0.0645048
0.0644478
0.064471
0.0646119
0.064913
0.0654256
0.0662116
0.0673414
0.0688859
0.0709009
0.0733996
0.0763137
0.0794637
0.0825702
0.085318
0.0874538
0.0888634
0.0895863
0.0897718
0.0896095
0.0892729
0.0888893
0.0885361
0.0882504
0.088043
0.0879091
0.0878367
0.0878094
0.0878088
0.0878139
0.0878009
0.0877432
0.0876121
0.0873779
0.0870122
0.0864906
0.0857958
0.0849204
0.0838692
0.0826596
0.081321
0.0798916
0.0784151
0.0769374
0.0755043
0.0741594
0.0729422
0.0718839
0.0710022
0.0702982
0.069757
0.0693518
0.0690499
0.0688197
0.0686343
0.0684748
0.06833
0.0681952
0.0680708
0.0679606
0.0678701
0.0678056
0.0677737
0.0677812
0.0678344
0.0679397
0.0681034
0.0683312
0.0686281
0.0689977
0.0694419
0.0699595
0.0705467
0.0711962
0.071898
0.0726391
0.0276338
0.0270694
0.0265327
0.0260491
0.0256358
0.0253021
0.025049
0.0248708
0.0247575
0.0246965
0.0246755
0.024684
0.0247137
0.0247591
0.0248165
0.024884
0.0249597
0.0250411
0.025124
0.0252014
0.0252628
0.0252933
0.0252735
0.0251794
0.0249836
0.0246574
0.0241729
0.0235077
0.0226486
0.0215968
0.0203722
0.0190168
0.0175963
0.0162003
0.014938
0.0139299
0.0132907
0.0131073
0.0134084
0.0141482
0.0152078
0.0164196
0.0176069
0.0186242
0.0193841
0.0198629
0.0200893
0.0201231
0.0200335
0.0198841
0.0197264
0.0196003
0.0195397
0.0195801
0.0197661
0.0201573
0.0208327
0.0218907
0.0234448
0.0256064
0.0284499
0.0319507
0.0359193
0.0399903
0.043707
0.0466771
0.0487077
0.0498371
0.0502652
0.050247
0.0500078
0.0497054
0.0494293
0.0492179
0.0490781
0.0490007
0.0489693
0.0489644
0.0489648
0.0489467
0.0488838
0.0487469
0.0485052
0.0481277
0.0475865
0.0468605
0.0459405
0.0448334
0.0435673
0.0421955
0.0407987
0.0394833
0.0383736
0.0375957
0.0372514
0.0373893
0.03798
0.0389163
0.0400366
0.0411648
0.0421513
0.042902
0.0433859
0.0436249
0.0436739
0.0435994
0.0434646
0.0433217
0.0432124
0.0431725
0.0432388
0.0434563
0.0438839
0.0445974
0.04569
0.0472659
0.0494238
0.0522227
0.0556231
0.0594279
0.0632787
0.0667406
0.0694523
0.0712493
0.0721866
0.0724684
0.0723438
0.0720291
0.0716728
0.0713576
0.0711176
0.0709572
0.0708664
0.0708284
0.0708241
0.0708327
0.070831
0.0707935
0.0706916
0.0704948
0.0701719
0.0696946
0.0690403
0.0681972
0.0671686
0.0659773
0.0646692
0.0633155
0.0620116
0.0608698
0.0600065
0.0595195
0.059463
0.059824
0.0605193
0.0614133
0.0623509
0.0631945
0.0638515
0.0642845
0.0645052
0.0645577
0.0645004
0.064391
0.0642798
0.0642082
0.0642124
0.0643297
0.064604
0.0650904
0.0658573
0.066985
0.0685586
0.07065
0.0732868
0.0764015
0.0797879
0.0831097
0.0859857
0.0881225
0.0894133
0.089944
0.0899218
0.0895805
0.0891146
0.0886524
0.0882616
0.0879669
0.0877678
0.087652
0.0876026
0.0876017
0.0876299
0.0876666
0.0876884
0.0876688
0.0875784
0.0873864
0.0870622
0.0865788
0.0859159
0.0850635
0.0840244
0.0828154
0.0814664
0.080018
0.0785174
0.0770142
0.0755579
0.0741947
0.0729649
0.0718987
0.0710113
0.0703015
0.0697529
0.0693382
0.0690254
0.068784
0.0685887
0.0684215
0.0682717
0.0681349
0.0680113
0.0679043
0.0678189
0.0677613
0.0677381
0.067756
0.0678218
0.0679426
0.0681253
0.0683767
0.0687024
0.0691069
0.0695917
0.0701554
0.0707929
0.071495
0.0722494
0.0730408
0.0276444
0.0270497
0.0264857
0.0259791
0.0255492
0.0252062
0.0249514
0.0247779
0.0246736
0.024624
0.0246147
0.0246336
0.0246716
0.0247227
0.0247831
0.0248511
0.0249253
0.0250039
0.0250832
0.0251575
0.0252173
0.0252488
0.0252338
0.0251493
0.0249683
0.0246619
0.0242013
0.0235617
0.0227275
0.021697
0.0204877
0.0191406
0.0177229
0.0163275
0.0150687
0.0140711
0.0134513
0.0132916
0.0136116
0.0143543
0.0153927
0.0165584
0.0176815
0.0186284
0.0193238
0.0197526
0.0199466
0.0199633
0.0198668
0.0197145
0.0195521
0.0194157
0.0193366
0.0193497
0.0195006
0.0198521
0.0204892
0.0215205
0.0230757
0.02529
0.0282649
0.0319912
0.0362573
0.0406238
0.0445343
0.0475304
0.0494249
0.0503217
0.0505018
0.0502776
0.0498978
0.0495169
0.0492091
0.0489958
0.0488704
0.0488152
0.0488091
0.0488309
0.0488592
0.0488708
0.0488402
0.0487385
0.0485344
0.0481954
0.0476915
0.0469988
0.046105
0.0450146
0.0437548
0.0423803
0.0409752
0.0396513
0.0385385
0.0377654
0.0374321
0.0375796
0.0381681
0.0390824
0.0401591
0.0412271
0.0421474
0.0428366
0.0432719
0.0434783
0.043509
0.043426
0.0432865
0.0431377
0.0430174
0.042959
0.0429988
0.0431832
0.0435743
0.0442539
0.0453254
0.0469086
0.0491246
0.0520569
0.055678
0.0597666
0.0638917
0.0675246
0.0702449
0.0718983
0.0726054
0.0726473
0.072327
0.0718808
0.0714529
0.0711106
0.0708712
0.0707267
0.0706584
0.0706456
0.0706675
0.0707032
0.0707304
0.0707241
0.0706564
0.0704961
0.0702112
0.0697709
0.0691502
0.0683341
0.0673235
0.06614
0.0648305
0.0634694
0.0621568
0.0610106
0.06015
0.0596722
0.059625
0.0599861
0.0606646
0.0615218
0.0624062
0.063189
0.0637874
0.0641721
0.0643582
0.0643893
0.0643199
0.0642029
0.0640838
0.0640004
0.063987
0.0640804
0.064326
0.0647824
0.0655244
0.0666421
0.0682348
0.0703935
0.0731646
0.0764855
0.0801221
0.0836702
0.0866683
0.0887791
0.0899138
0.0902221
0.0899797
0.0894656
0.0888883
0.0883696
0.0879618
0.0876738
0.0874934
0.087401
0.0873762
0.0873998
0.0874529
0.0875157
0.0875658
0.0875776
0.0875216
0.0873664
0.0870797
0.086632
0.0860003
0.0851716
0.0841464
0.0829405
0.0815843
0.0801205
0.0785996
0.0770753
0.0756005
0.0742237
0.0729858
0.0719153
0.0710251
0.0703117
0.0697571
0.069334
0.0690114
0.0687603
0.0685567
0.0683838
0.0682313
0.0680948
0.0679744
0.0678728
0.0677948
0.0677463
0.0677338
0.0677642
0.0678449
0.0679837
0.0681885
0.0684671
0.0688262
0.0692706
0.0698021
0.0704182
0.071112
0.0718719
0.0726827
0.0735262
0.0277035
0.0270793
0.0264854
0.0259514
0.0254991
0.0251411
0.0248794
0.0247064
0.0246082
0.024568
0.0245691
0.0245978
0.0246438
0.0247005
0.0247641
0.0248327
0.0249051
0.0249799
0.0250543
0.0251229
0.0251775
0.0252054
0.0251897
0.0251086
0.0249363
0.0246438
0.0242021
0.023585
0.0227744
0.0217659
0.0205745
0.0192398
0.0178297
0.0164402
0.0151897
0.0142066
0.0136077
0.0134698
0.0138027
0.0145392
0.0155469
0.0166594
0.0177163
0.0185967
0.0192366
0.0196273
0.0198012
0.0198119
0.0197173
0.0195683
0.0194057
0.0192618
0.0191661
0.0191531
0.0192694
0.0195806
0.0201764
0.0211745
0.0227203
0.0249745
0.0280719
0.0320267
0.036607
0.0412859
0.0453854
0.0483728
0.0500828
0.0507097
0.0506295
0.0502108
0.0497147
0.0492821
0.0489651
0.0487657
0.0486642
0.0486351
0.0486542
0.0486996
0.0487505
0.0487853
0.0487795
0.0487054
0.0485318
0.0482259
0.0477557
0.0470949
0.046228
0.0451572
0.0439082
0.0425363
0.0411289
0.0398027
0.0386921
0.0379276
0.0376062
0.0377599
0.0383395
0.0392236
0.0402498
0.0412548
0.0421112
0.0427462
0.0431433
0.0433284
0.0433514
0.0432685
0.0431309
0.0429808
0.0428526
0.0427778
0.0427925
0.0429441
0.0432975
0.04394
0.0449836
0.0465638
0.0488256
0.0518831
0.0557282
0.0601167
0.0645313
0.0683292
0.0710245
0.072489
0.072932
0.0727247
0.0722213
0.071668
0.0711946
0.0708468
0.0706233
0.0705034
0.0704614
0.0704735
0.0705183
0.0705759
0.0706252
0.0706428
0.0706015
0.0704708
0.070218
0.0698107
0.0692215
0.0684326
0.0674422
0.0662703
0.0649643
0.0636012
0.0622857
0.0611401
0.0602861
0.0598189
0.0597787
0.0601343
0.0607886
0.0616025
0.0624307
0.0631543
0.0637004
0.0640461
0.0642084
0.0642282
0.0641554
0.0640375
0.0639152
0.0638233
0.0637942
0.0638647
0.0640815
0.0645064
0.0652195
0.0663201
0.0679219
0.0701371
0.073036
0.0765672
0.0804681
0.084254
0.087366
0.0894194
0.0903593
0.0904187
0.0899523
0.0892803
0.0886161
0.0880657
0.0876608
0.0873931
0.0872392
0.0871733
0.0871726
0.0872175
0.0872903
0.0873726
0.0874434
0.0874785
0.0874492
0.0873238
0.0870689
0.0866532
0.0860507
0.0852455
0.0842355
0.083035
0.0816746
0.0801989
0.0786618
0.0771211
0.075633
0.074248
0.0730069
0.0719364
0.0710468
0.0703321
0.0697733
0.0693433
0.0690124
0.0687532
0.0685432
0.0683665
0.0682135
0.0680797
0.0679647
0.0678709
0.0678027
0.0677656
0.0677661
0.0678115
0.0679097
0.0680695
0.0683001
0.0686103
0.069008
0.0694987
0.0700837
0.0707593
0.071516
0.072339
0.0732092
0.0741053
0.0278205
0.027167
0.0265401
0.0259723
0.0254898
0.0251086
0.0248326
0.024654
0.0245571
0.0245226
0.0245318
0.0245688
0.0246221
0.0246844
0.0247513
0.0248208
0.0248916
0.0249625
0.0250309
0.0250923
0.0251389
0.0251595
0.0251384
0.0250554
0.0248858
0.0246019
0.0241745
0.0235768
0.0227887
0.0218033
0.0206326
0.0193148
0.0179176
0.0165394
0.0153022
0.014337
0.0137598
0.0136407
0.0139794
0.0147002
0.0156675
0.0167204
0.0177096
0.0185276
0.0191204
0.0194837
0.0196483
0.0196624
0.0195772
0.0194373
0.0192786
0.0191307
0.0190217
0.0189858
0.0190707
0.0193438
0.0198985
0.0208597
0.022387
0.0246675
0.0278752
0.0320586
0.0369703
0.0419798
0.0462607
0.0491988
0.0506736
0.0509992
0.0506579
0.0500667
0.0494845
0.0490275
0.0487211
0.0485476
0.0484755
0.0484737
0.0485157
0.0485801
0.0486474
0.0486977
0.0487084
0.0486534
0.0485025
0.0482228
0.0477815
0.04715
0.0463102
0.0452613
0.0440273
0.0426636
0.0412602
0.0399379
0.038835
0.0380826
0.037773
0.0379289
0.0384921
0.0393374
0.0403063
0.0412459
0.0420409
0.0426286
0.042997
0.043171
0.0431955
0.0431203
0.0429906
0.0428438
0.0427115
0.0426237
0.0426165
0.0427382
0.0430559
0.0436608
0.0446724
0.04624
0.0485343
0.0517055
0.0557752
0.0604799
0.0652006
0.069155
0.0717862
0.0730147
0.0731661
0.0727112
0.0720472
0.0714164
0.0709239
0.0705895
0.0703932
0.0703031
0.0702882
0.0703229
0.0703862
0.0704595
0.0705235
0.0705565
0.0705332
0.0704238
0.070196
0.0698164
0.0692558
0.0684935
0.067525
0.0663684
0.0650707
0.0637113
0.0623986
0.061259
0.0604154
0.0599594
0.0599231
0.060267
0.0608894
0.0616538
0.0624231
0.0630895
0.0635896
0.0639052
0.0640533
0.064071
0.0640025
0.0638898
0.0637693
0.0636727
0.0636313
0.0636817
0.0638718
0.064266
0.0649488
0.0660272
0.0676288
0.0698882
0.0729052
0.0766482
0.0808279
0.0848641
0.0880795
0.0900398
0.0907454
0.0905361
0.0898517
0.0890454
0.0883226
0.0877649
0.08738
0.0871427
0.0870197
0.0869809
0.0870019
0.087064
0.0871506
0.087245
0.0873285
0.0873783
0.087367
0.0872633
0.0870336
0.0866448
0.0860685
0.0852859
0.0842919
0.0830988
0.0817372
0.0802534
0.0787047
0.0771527
0.075657
0.0742699
0.0730313
0.0719657
0.0710804
0.0703674
0.0698068
0.0693719
0.0690345
0.0687689
0.0685544
0.0683762
0.0682249
0.068096
0.0679889
0.0679053
0.0678493
0.0678261
0.0678423
0.0679056
0.0680245
0.0682091
0.0684697
0.0688168
0.0692594
0.0698035
0.07045
0.0711929
0.0720193
0.07291
0.0738414
0.0747883
0.0280045
0.027323
0.0266595
0.0260506
0.025528
0.0251128
0.0248123
0.0246194
0.0245168
0.0244828
0.0244959
0.0245384
0.0245974
0.0246644
0.0247344
0.0248049
0.0248744
0.0249414
0.0250035
0.0250564
0.0250933
0.0251037
0.0250735
0.0249841
0.0248126
0.0245325
0.0241155
0.0235346
0.0227685
0.0218076
0.0206613
0.0193653
0.0179869
0.0166258
0.0154068
0.0144627
0.0139073
0.0138031
0.0141398
0.0148344
0.0157515
0.016738
0.017658
0.018417
0.0189697
0.0193142
0.0194781
0.0195034
0.0194338
0.0193081
0.0191581
0.0190108
0.0188937
0.018841
0.0189008
0.0191418
0.0196595
0.0205837
0.0220856
0.0243781
0.0276804
0.0320889
0.0373492
0.0427094
0.0471609
0.0500028
0.0511915
0.0511938
0.0506036
0.0498705
0.0492343
0.0487771
0.0484958
0.0483548
0.0483133
0.0483365
0.0483974
0.0484753
0.0485523
0.0486105
0.0486294
0.0485849
0.0484482
0.0481874
0.0477694
0.0471641
0.0463511
0.0453264
0.044112
0.0427625
0.0413696
0.0400577
0.0389679
0.0382307
0.0379322
0.0380851
0.0386234
0.0394208
0.0403255
0.041197
0.0419327
0.0424789
0.0428263
0.0429974
0.043031
0.0429702
0.0428539
0.0427156
0.0425841
0.0424887
0.0424655
0.0425633
0.0428507
0.0434214
0.0443999
0.0459475
0.04826
0.0515296
0.055821
0.0608584
0.0659034
0.0700028
0.0725252
0.0734712
0.0733126
0.0726237
0.0718298
0.0711526
0.070664
0.0703567
0.0701937
0.0701344
0.0701445
0.0701978
0.0702743
0.0703567
0.0704278
0.0704681
0.070454
0.0703575
0.070147
0.0697892
0.0692533
0.0685167
0.0675717
0.066434
0.06515
0.0638002
0.0624965
0.0613683
0.0605384
0.0600936
0.0600573
0.0603824
0.060965
0.0616736
0.0623816
0.0629926
0.0634519
0.0637448
0.0638868
0.0639101
0.0638527
0.0637511
0.0636376
0.0635414
0.0634929
0.0635286
0.0636972
0.0640647
0.0647189
0.0657728
0.0673657
0.0696557
0.0727777
0.0767307
0.0812038
0.0855039
0.0888095
0.0906371
0.0910706
0.0905816
0.089696
0.0887853
0.0880328
0.0874886
0.0871357
0.086934
0.0868427
0.0868289
0.0868681
0.0869424
0.0870367
0.0871364
0.0872246
0.0872803
0.087278
0.0871876
0.0869756
0.086608
0.0860544
0.085293
0.0843156
0.0831322
0.0817725
0.0802847
0.0787292
0.0771718
0.0756753
0.0742929
0.0730634
0.0720083
0.0711321
0.0704245
0.0698649
0.0694275
0.0690859
0.0688162
0.0685995
0.068422
0.0682748
0.0681533
0.0680564
0.0679856
0.0679445
0.0679382
0.0679733
0.0680578
0.0682014
0.0684151
0.068711
0.0691009
0.0695954
0.0702011
0.0709176
0.0717361
0.0726388
0.0736006
0.0745924
0.0755848
0.0282647
0.0275587
0.0268567
0.0261991
0.0256247
0.025162
0.0248237
0.0246046
0.0244864
0.0244447
0.0244554
0.0244986
0.0245598
0.0246291
0.0247008
0.0247716
0.0248394
0.0249023
0.0249578
0.0250017
0.0250275
0.0250259
0.024984
0.024885
0.0247079
0.0244281
0.0240189
0.0234535
0.0227097
0.021776
0.0206586
0.0193906
0.0180376
0.0166999
0.0155043
0.0145842
0.0140501
0.0139558
0.0142815
0.0149389
0.0157952
0.0167081
0.0175563
0.0182578
0.0187749
0.0191065
0.019276
0.019318
0.0192694
0.0191632
0.0190275
0.0188876
0.0187704
0.0187103
0.0187555
0.0189747
0.019464
0.0203552
0.0218274
0.0241175
0.0274946
0.0321203
0.0377463
0.0434796
0.0480874
0.05078
0.0516345
0.0513042
0.05049
0.0496511
0.0489905
0.0485504
0.048301
0.0481924
0.048178
0.0482211
0.0482951
0.0483804
0.0484606
0.0485196
0.0485391
0.048497
0.0483668
0.0481178
0.0477176
0.0471355
0.046349
0.0453513
0.0441614
0.0428327
0.0414576
0.0401629
0.0390917
0.0383723
0.038083
0.0382267
0.0387309
0.0394707
0.0403038
0.0411036
0.0417804
0.0422885
0.0426204
0.0427945
0.0428431
0.0428021
0.042705
0.0425812
0.0424576
0.0423628
0.0423328
0.0424168
0.0426835
0.0432273
0.0441756
0.0456981
0.0480138
0.0513626
0.0558681
0.0612546
0.0666443
0.070874
0.0732375
0.0738576
0.073383
0.072486
0.0715973
0.0709019
0.0704338
0.0701599
0.0700301
0.0699982
0.0700283
0.0700947
0.0701783
0.0702635
0.0703348
0.0703747
0.0703618
0.07027
0.0700694
0.0697275
0.0692128
0.0685007
0.0675811
0.0664666
0.065202
0.0638685
0.0625802
0.0614687
0.0606556
0.0602215
0.0601805
0.0604791
0.0610135
0.0616596
0.0623032
0.0628593
0.0632814
0.0635572
0.0636992
0.0637342
0.0636938
0.0636093
0.063509
0.0634202
0.0633723
0.0634018
0.0635576
0.0639064
0.0645374
0.0655674
0.0671451
0.0694507
0.0726603
0.0768177
0.0815984
0.086178
0.0895578
0.0912088
0.0913366
0.0905683
0.0895086
0.0885268
0.0877701
0.0872539
0.0869383
0.0867717
0.0867089
0.0867158
0.0867683
0.0868495
0.0869459
0.0870443
0.0871298
0.0871835
0.0871818
0.0870962
0.0868945
0.0865423
0.0860077
0.0852662
0.0843062
0.0831349
0.0817809
0.0802937
0.0787371
0.0771811
0.0756914
0.0743219
0.0731092
0.0720715
0.0712101
0.0705125
0.0699579
0.0695214
0.0691786
0.0689078
0.0686917
0.0685175
0.0683769
0.0682655
0.0681817
0.0681266
0.0681036
0.0681176
0.0681753
0.0682852
0.0684578
0.0687056
0.0690422
0.0694815
0.0700355
0.0707113
0.071507
0.0724092
0.0733936
0.0744275
0.0754748
0.0765023
0.0286093
0.0278867
0.0271474
0.0264351
0.0257965
0.0252703
0.0248774
0.0246166
0.0244693
0.0244083
0.024407
0.0244429
0.0244998
0.0245666
0.0246364
0.0247047
0.0247689
0.0248265
0.0248745
0.0249085
0.0249224
0.0249077
0.0248528
0.0247425
0.024558
0.0242769
0.0238743
0.0233247
0.0226054
0.0217031
0.0206211
0.0193887
0.0180691
0.0167621
0.0155952
0.014702
0.0141879
0.0140977
0.0144025
0.0150106
0.0157949
0.0166257
0.0173972
0.0180401
0.018523
0.0188445
0.0190227
0.0190853
0.0190623
0.0189814
0.0188679
0.0187452
0.01864
0.0185864
0.0186321
0.0188446
0.0193185
0.0201847
0.0216262
0.0238993
0.0273272
0.0321558
0.0381642
0.0442964
0.0490422
0.0515265
0.0520056
0.051349
0.0503471
0.0494388
0.048776
0.0483607
0.0481411
0.0480582
0.0480624
0.0481173
0.048197
0.0482828
0.0483598
0.0484133
0.0484269
0.0483805
0.0482501
0.048007
0.0476203
0.0470593
0.0463001
0.0453331
0.0441741
0.0428739
0.0415246
0.0402545
0.0392073
0.0385078
0.0382253
0.0383525
0.0388122
0.0394838
0.0402366
0.0409593
0.0415756
0.0420466
0.0423652
0.0425456
0.0426132
0.0425971
0.0425254
0.0424242
0.0423184
0.0422362
0.042213
0.0422977
0.0425578
0.0430868
0.0440114
0.0455061
0.0478096
0.0512139
0.05592
0.0616713
0.0674294
0.0717708
0.0739204
0.0741784
0.0733969
0.0723278
0.0713793
0.0706869
0.0702462
0.0700036
0.0699004
0.0698879
0.0699304
0.0700027
0.070087
0.0701687
0.070234
0.0702669
0.0702482
0.0701543
0.0699573
0.0696262
0.0691298
0.0684422
0.0675507
0.0664647
0.0652265
0.0639166
0.0626507
0.0615614
0.060768
0.0603432
0.0602921
0.0605558
0.0610331
0.0616096
0.0621842
0.0626845
0.0630709
0.0633324
0.0634782
0.0635293
0.0635114
0.0634504
0.0633715
0.0632997
0.0632637
0.0632994
0.0634553
0.0637973
0.0644144
0.0654243
0.0669818
0.0692872
0.0725623
0.0769124
0.0820148
0.0868919
0.0903266
0.0917544
0.0915505
0.0905167
0.089318
0.0882973
0.087555
0.0870725
0.0867918
0.0866543
0.0866128
0.0866335
0.0866931
0.0867756
0.0868685
0.0869599
0.0870364
0.087081
0.0870724
0.0869844
0.0867862
0.0864442
0.0859256
0.0852033
0.0842624
0.0831065
0.0817629
0.0802817
0.0787309
0.0771844
0.0757109
0.074364
0.0731774
0.0721657
0.0713262
0.0706448
0.0701005
0.0696697
0.0693301
0.0690621
0.0688503
0.0686829
0.0685524
0.0684542
0.0683868
0.068351
0.0683498
0.068388
0.0684726
0.0686124
0.0688189
0.069106
0.0694889
0.0699839
0.0706047
0.0713591
0.0722428
0.073236
0.0743049
0.0754071
0.0764991
0.0775444
0.0290441
0.0283193
0.0275502
0.0267813
0.0260673
0.0254598
0.0249922
0.0246704
0.0244764
0.0243806
0.0243532
0.0243697
0.0244118
0.0244671
0.0245275
0.0245874
0.0246432
0.0246918
0.0247294
0.0247517
0.0247525
0.024724
0.0246556
0.024534
0.0243423
0.0240606
0.0236661
0.0231348
0.0224446
0.0215806
0.0205427
0.0193559
0.0180797
0.0168118
0.01568
0.0148164
0.0143207
0.0142279
0.014501
0.0150467
0.0157461
0.0164848
0.017173
0.0177535
0.0182002
0.0185107
0.0186982
0.0187838
0.0187912
0.0187435
0.0186628
0.0185711
0.0184944
0.0184661
0.0185324
0.0187582
0.0192343
0.0200875
0.0214996
0.0237411
0.0271904
0.0321997
0.0386058
0.0451678
0.0500284
0.052241
0.0523153
0.0513567
0.0502108
0.0492644
0.0486109
0.0482168
0.0480159
0.047945
0.0479547
0.0480097
0.0480851
0.0481632
0.0482301
0.0482721
0.0482743
0.0482187
0.0480833
0.0478422
0.0474664
0.0469264
0.0461973
0.0452669
0.044147
0.0428848
0.0415708
0.0403334
0.0393159
0.038638
0.0383587
0.0384613
0.0388653
0.0394567
0.0401194
0.0407584
0.0413099
0.0417417
0.0420464
0.0422339
0.0423231
0.0423369
0.0422985
0.0422308
0.0421566
0.0421032
0.0421053
0.0422099
0.0424823
0.0430123
0.0439234
0.0453899
0.0476655
0.0510957
0.0559807
0.0621117
0.0682664
0.0726964
0.0745736
0.0744452
0.0733826
0.0721841
0.0712057
0.0705269
0.07011
0.069888
0.0697984
0.0697927
0.0698363
0.0699052
0.0699822
0.0700538
0.070107
0.0701274
0.0700977
0.0699966
0.0697987
0.0694751
0.0689958
0.0683345
0.0674758
0.0664254
0.0652222
0.0639448
0.0627091
0.0616479
0.0608768
0.0604596
0.0603922
0.0606121
0.0610226
0.0615215
0.062022
0.0624638
0.0628135
0.0630612
0.0632125
0.0632831
0.0632929
0.0632634
0.0632163
0.0631746
0.0631656
0.0632243
0.0633975
0.0637489
0.0643649
0.0653614
0.0668953
0.0691832
0.0724957
0.0770196
0.0824565
0.0876528
0.0911195
0.0922758
0.0917258
0.0904552
0.0891576
0.0881245
0.0874054
0.0869525
0.0866967
0.0865764
0.086545
0.0865696
0.086628
0.0867048
0.0867882
0.0868671
0.0869292
0.0869592
0.086938
0.0868417
0.0866419
0.0863062
0.0858019
0.0850997
0.0841811
0.0830458
0.0817186
0.0802508
0.0787141
0.0771873
0.0757416
0.0744294
0.0732809
0.0723058
0.0714978
0.070841
0.0703145
0.0698963
0.0695662
0.069307
0.0691046
0.068949
0.0688329
0.0687523
0.0687056
0.0686933
0.0687183
0.0687854
0.0689013
0.0690756
0.0693206
0.0696513
0.0700852
0.0706408
0.0713344
0.0721747
0.0731541
0.074243
0.0753945
0.0765539
0.0776705
0.078707
0.0295692
0.0288655
0.028084
0.0272652
0.0264694
0.0257632
0.0251982
0.0247927
0.0245309
0.0243804
0.0243084
0.024288
0.0242995
0.024329
0.0243673
0.0244078
0.0244457
0.0244772
0.0244983
0.0245041
0.0244887
0.0244446
0.0243624
0.0242301
0.0240332
0.0237538
0.0233716
0.0228645
0.0222111
0.0213953
0.0204138
0.0192861
0.0180661
0.0168482
0.0157587
0.0149279
0.0144488
0.0143464
0.0145758
0.015045
0.0156463
0.0162821
0.0168789
0.0173909
0.0177969
0.0180936
0.0182899
0.018401
0.0184449
0.0184406
0.0184072
0.0183647
0.0183379
0.0183584
0.0184697
0.0187324
0.0192314
0.020086
0.0214718
0.0236662
0.0271006
0.0322572
0.0390744
0.0461044
0.0510502
0.0529256
0.0525845
0.0513669
0.0501224
0.0491592
0.048514
0.0481278
0.0479266
0.0478476
0.0478439
0.0478824
0.0479397
0.0479988
0.0480466
0.0480702
0.0480556
0.0479866
0.0478435
0.047603
0.0472385
0.0467221
0.0460288
0.0451439
0.0440746
0.042863
0.0415959
0.0404007
0.039419
0.0387642
0.0384844
0.0385532
0.0388893
0.0393885
0.0399511
0.0404987
0.04098
0.0413684
0.0416568
0.041851
0.0419645
0.0420144
0.0420195
0.0419993
0.0419745
0.0419708
0.0420207
0.0421687
0.0424756
0.0430256
0.0439356
0.0453748
0.0476051
0.0510245
0.0560561
0.0625792
0.0691656
0.0736553
0.0752006
0.07468
0.0733796
0.0720954
0.0711072
0.0704408
0.0700348
0.0698152
0.0697199
0.0697029
0.0697318
0.0697839
0.0698426
0.0698953
0.0699295
0.069932
0.0698869
0.0697753
0.0695743
0.0692577
0.0687972
0.0681665
0.0673481
0.0663436
0.0651866
0.0639526
0.0627564
0.06173
0.060984
0.0605725
0.0604826
0.0606493
0.0609838
0.0613975
0.0618186
0.0621983
0.0625092
0.0627422
0.0629
0.0629935
0.0630376
0.0630494
0.0630474
0.0630523
0.0630893
0.0631915
0.0634026
0.0637825
0.0644128
0.0654042
0.0669115
0.0691622
0.0724767
0.077145
0.0829275
0.0884706
0.0919415
0.0927791
0.0918862
0.0904218
0.0890653
0.0880369
0.087339
0.0869034
0.0866556
0.086535
0.0864971
0.0865114
0.0865566
0.0866178
0.0866837
0.0867436
0.0867858
0.0867965
0.0867585
0.0866503
0.086446
0.0861154
0.0856261
0.0849474
0.084057
0.0829501
0.0816483
0.0802034
0.0786919
0.0771979
0.0757949
0.0745332
0.0734381
0.0725137
0.0717501
0.0711297
0.0706319
0.0702365
0.0699254
0.0696834
0.0694985
0.0693616
0.0692666
0.0692096
0.069189
0.0692055
0.0692616
0.069362
0.0695136
0.0697261
0.0700127
0.0703896
0.0708763
0.0714943
0.0722631
0.0731937
0.0742738
0.0754582
0.0766819
0.0778761
0.0789848
0.0799746
0.0301752
0.0295259
0.0287632
0.027916
0.0270432
0.0262261
0.0255406
0.0250273
0.0246746
0.0244467
0.0243076
0.0242284
0.0241879
0.0241713
0.0241684
0.0241717
0.0241757
0.0241762
0.0241686
0.024148
0.0241087
0.0240437
0.0239447
0.0238011
0.0236004
0.023327
0.0229629
0.0224883
0.0218827
0.0211289
0.02022
0.0191692
0.0180228
0.0168689
0.0158313
0.0150377
0.0145739
0.0144545
0.0146284
0.0150079
0.0154993
0.016023
0.0165217
0.0169603
0.0173219
0.0176031
0.0178091
0.0179502
0.0180397
0.0180924
0.0181241
0.0181525
0.0182
0.0182954
0.0184781
0.0188025
0.0193453
0.0202155
0.0215775
0.0237064
0.0270808
0.0323364
0.0395737
0.0471208
0.0521138
0.0535898
0.0528496
0.0514337
0.0501282
0.049159
0.0485126
0.0481133
0.0478861
0.0477727
0.0477306
0.04773
0.0477495
0.047773
0.047788
0.0477825
0.0477434
0.047656
0.0475026
0.0472627
0.0469123
0.0464254
0.0457772
0.0449508
0.043948
0.0428037
0.0415986
0.0404573
0.0395189
0.0388893
0.038605
0.0386311
0.0388885
0.0392855
0.0397401
0.0401908
0.0405979
0.0409403
0.0412112
0.0414134
0.0415557
0.0416505
0.0417122
0.0417567
0.0418021
0.0418714
0.0419941
0.0422103
0.0425747
0.0431636
0.0440842
0.0454958
0.0476606
0.0510236
0.056154
0.0630777
0.0701412
0.074654
0.0758126
0.0749198
0.073441
0.0721071
0.0711191
0.070456
0.0700405
0.0697984
0.069672
0.0696197
0.0696122
0.0696284
0.0696527
0.0696731
0.0696779
0.0696545
0.0695886
0.0694634
0.0692587
0.0689508
0.0685136
0.0679214
0.0671547
0.0662103
0.0651152
0.0639388
0.0627939
0.0618104
0.0610933
0.0606863
0.0605682
0.0606745
0.0609261
0.0612499
0.0615889
0.061905
0.0621768
0.0623959
0.0625629
0.0626846
0.0627717
0.0628372
0.0628963
0.0629666
0.0630709
0.0632387
0.0635095
0.0639375
0.0645969
0.0655907
0.0670668
0.0692568
0.072528
0.0772973
0.0834325
0.0893582
0.0927994
0.0932781
0.0920689
0.0904668
0.0890838
0.0880685
0.0873824
0.0869449
0.0866819
0.0865373
0.0864709
0.0864547
0.0864691
0.0864995
0.0865353
0.086566
0.0865805
0.086566
0.0865072
0.0863848
0.0861755
0.0858514
0.0853811
0.0847328
0.0838807
0.0828144
0.0815509
0.0801428
0.0786717
0.0772281
0.075888
0.0746982
0.073677
0.0728226
0.0721213
0.071554
0.0711007
0.070743
0.0704647
0.0702527
0.0700967
0.0699891
0.0699241
0.0698987
0.0699113
0.0699625
0.0700547
0.0701924
0.0703824
0.0706347
0.070963
0.0713845
0.0719209
0.0725971
0.0734374
0.074457
0.0756377
0.0769086
0.0781798
0.0793688
0.0804213
0.081315
0.0308387
0.0302858
0.0295894
0.0287571
0.0278339
0.0269073
0.026083
0.0254404
0.0249762
0.0246492
0.02442
0.0242577
0.0241405
0.024053
0.0239843
0.0239267
0.0238741
0.023822
0.0237659
0.0237011
0.0236223
0.0235236
0.0233977
0.023236
0.0230278
0.02276
0.0224174
0.0219822
0.0214353
0.0207591
0.0199424
0.018991
0.0179407
0.0168699
0.0158976
0.0151479
0.0147
0.0145583
0.0146682
0.01495
0.0153267
0.0157369
0.0161384
0.0165058
0.0168264
0.0170966
0.0173188
0.0174993
0.0176471
0.0177729
0.0178891
0.0180104
0.0181559
0.0183504
0.0186276
0.0190342
0.0196369
0.0205316
0.0218671
0.0239068
0.0271647
0.0324497
0.0401076
0.0482375
0.0532277
0.0542597
0.0531713
0.0516158
0.0502865
0.0493172
0.048655
0.0482174
0.0479349
0.0477565
0.0476461
0.047578
0.0475332
0.0474969
0.047458
0.0474053
0.0473271
0.0472104
0.0470401
0.0467981
0.0464635
0.0460125
0.0454209
0.0446694
0.0437537
0.0426989
0.041576
0.0405045
0.0396193
0.0390192
0.0387287
0.0387068
0.0388802
0.0391724
0.0395198
0.0398765
0.0402132
0.040514
0.0407726
0.0409895
0.0411698
0.0413214
0.0414548
0.0415821
0.0417183
0.0418827
0.0421007
0.0424063
0.0428467
0.0434882
0.0444258
0.0458046
0.0478773
0.0511263
0.0562874
0.0636117
0.0712129
0.0757016
0.0764372
0.0752242
0.0736244
0.0722766
0.0712946
0.0706204
0.0701712
0.0698783
0.0696913
0.0695745
0.0695027
0.0694571
0.0694234
0.0693907
0.0693481
0.0692843
0.0691868
0.0690409
0.0688291
0.0685308
0.0681221
0.0675783
0.066878
0.0660125
0.065
0.0639008
0.0628228
0.0618934
0.0612117
0.060811
0.0606632
0.0607077
0.0608775
0.0611152
0.0613778
0.061637
0.0618764
0.0620886
0.0622727
0.0624323
0.0625741
0.0627076
0.0628442
0.0629984
0.0631894
0.0634422
0.0637908
0.0642817
0.0649803
0.0659784
0.0674133
0.0695123
0.0726828
0.0774896
0.0839773
0.0903342
0.0937038
0.093803
0.0923315
0.0906461
0.0892689
0.0882707
0.0875824
0.0871198
0.0868147
0.086618
0.0864953
0.0864221
0.0863807
0.0863578
0.0863432
0.0863271
0.0862993
0.0862484
0.0861607
0.0860195
0.0858039
0.0854885
0.0850435
0.0844364
0.0836374
0.0826298
0.0814243
0.080073
0.0786644
0.0772967
0.0760482
0.0749595
0.0740408
0.0732835
0.0726698
0.0721797
0.0717938
0.0714949
0.0712692
0.0711052
0.0709943
0.0709297
0.0709068
0.0709227
0.0709763
0.0710681
0.0712003
0.0713772
0.0716054
0.0718951
0.0722598
0.0727181
0.073293
0.0740142
0.0749113
0.0760094
0.0772821
0.0786134
0.079884
0.0810046
0.0819351
0.0826748
0.0315189
0.0311073
0.0305384
0.0297917
0.0288792
0.0278755
0.026909
0.0261268
0.0255421
0.0251025
0.0247667
0.0245013
0.0242848
0.0241019
0.0239419
0.023797
0.0236612
0.0235297
0.0233984
0.0232632
0.0231199
0.0229637
0.0227892
0.0225897
0.0223572
0.0220817
0.0217512
0.021351
0.0208646
0.0202744
0.0195661
0.018737
0.0178091
0.0168463
0.0159585
0.0152652
0.0148395
0.0146779
0.0147266
0.0149181
0.0151931
0.0155072
0.0158311
0.0161466
0.0164442
0.0167199
0.0169738
0.0172089
0.0174302
0.0176447
0.0178613
0.0180918
0.0183511
0.018659
0.0190423
0.0195391
0.0202047
0.0211204
0.0224159
0.0243325
0.0274026
0.0326187
0.0406813
0.0494818
0.0544079
0.0549889
0.0536176
0.0519978
0.0506829
0.0497191
0.049028
0.0485304
0.0481665
0.0478943
0.0476849
0.0475176
0.0473767
0.0472499
0.047127
0.0469986
0.0468554
0.0466867
0.0464804
0.0462221
0.0458946
0.0454773
0.0449477
0.044285
0.0434778
0.0425388
0.0415246
0.0405446
0.0397285
0.0391684
0.0388783
0.0388151
0.038915
0.0391183
0.0393783
0.0396624
0.0399496
0.0402277
0.040491
0.040738
0.0409706
0.0411932
0.0414123
0.0416365
0.0418778
0.0421511
0.0424765
0.0428811
0.0434033
0.0440984
0.0450469
0.0463767
0.0483207
0.0513832
0.0564782
0.0641871
0.0724074
0.0768159
0.0771279
0.0756611
0.0740137
0.0726889
0.0717181
0.0710202
0.0705163
0.0701471
0.0698711
0.0696598
0.0694925
0.0693539
0.0692318
0.0691162
0.0689981
0.0688681
0.0687162
0.0685306
0.0682973
0.0679991
0.0676159
0.0671246
0.0665029
0.0657363
0.0648312
0.0638348
0.062846
0.0619881
0.0613553
0.0609714
0.0608048
0.0608016
0.0609084
0.0610822
0.0612919
0.0615169
0.0617445
0.061968
0.0621853
0.0623972
0.0626074
0.0628218
0.0630484
0.0632988
0.0635879
0.0639354
0.0643686
0.0649255
0.065661
0.0666539
0.068027
0.069994
0.0729905
0.0777441
0.0845695
0.091423
0.0946747
0.0944073
0.0927413
0.0910412
0.0897027
0.0887256
0.0880226
0.0875143
0.0871422
0.0868657
0.0866568
0.0864956
0.0863674
0.0862607
0.0861659
0.0860748
0.0859787
0.0858681
0.0857318
0.0855562
0.0853236
0.0850121
0.0845942
0.0840375
0.083309
0.082384
0.0812646
0.0800006
0.078688
0.0774351
0.0763205
0.075376
0.0746011
0.0739798
0.0734903
0.0731115
0.0728245
0.0726135
0.0724663
0.0723732
0.0723269
0.0723219
0.0723541
0.0724213
0.0725226
0.0726587
0.0728317
0.0730454
0.0733066
0.0736251
0.0740141
0.0744926
0.0750842
0.0758239
0.0767469
0.0778979
0.0792371
0.0805714
0.081758
0.0827199
0.0834503
0.0839783
0.0321594
0.0319252
0.031548
0.0309803
0.0301849
0.0291908
0.0281161
0.0272097
0.0265218
0.0259778
0.0255372
0.0251637
0.0248384
0.0245459
0.0242768
0.0240241
0.0237828
0.0235475
0.0233143
0.0230802
0.022842
0.0225963
0.0223396
0.0220677
0.0217755
0.0214567
0.0211036
0.0207066
0.0202534
0.01973
0.019122
0.0184203
0.0176326
0.0168027
0.0160253
0.015412
0.0150316
0.0148756
0.0148961
0.0150392
0.0152612
0.0155304
0.0158256
0.0161331
0.0164444
0.0167552
0.0170637
0.0173702
0.0176771
0.017988
0.0183096
0.0186511
0.0190222
0.0194367
0.0199152
0.0204865
0.021195
0.0221062
0.0233295
0.0250738
0.0278687
0.0328822
0.0413032
0.0508842
0.0556895
0.0558404
0.0542899
0.0526963
0.05144
0.0504965
0.0497772
0.0492138
0.0487575
0.0483759
0.0480469
0.0477551
0.0474893
0.0472413
0.047001
0.0467614
0.0465158
0.0462568
0.0459764
0.0456648
0.0453103
0.0448979
0.0444099
0.0438267
0.043133
0.0423284
0.0414499
0.0405908
0.039872
0.0393798
0.0391201
0.0390522
0.0391235
0.0392888
0.0395141
0.0397759
0.0400582
0.0403509
0.0406482
0.0409473
0.041248
0.041552
0.0418628
0.0421865
0.0425325
0.0429107
0.0433348
0.0438256
0.0444123
0.0451392
0.0460713
0.0473176
0.0490812
0.0518683
0.0567652
0.0648133
0.0737541
0.078033
0.0779487
0.0763311
0.074724
0.0734651
0.0725202
0.0717995
0.071235
0.0707786
0.0703981
0.0700715
0.0697835
0.0695231
0.0692819
0.0690504
0.0688213
0.0685882
0.0683439
0.0680807
0.067789
0.0674571
0.0670703
0.0666106
0.0660576
0.0653935
0.0646132
0.0637461
0.0628764
0.0621206
0.0615683
0.061235
0.0610896
0.0610856
0.0611814
0.0613444
0.0615517
0.061787
0.0620399
0.0623042
0.0625766
0.0628564
0.063145
0.0634454
0.0637637
0.0641089
0.0644908
0.0649232
0.065427
0.0660312
0.0667804
0.0677389
0.0690126
0.070792
0.0735241
0.0780993
0.0852206
0.0926522
0.0957511
0.0951564
0.093397
0.091764
0.0905035
0.0895606
0.0888426
0.088282
0.0878309
0.0874577
0.0871407
0.0868649
0.0866195
0.0863967
0.0861873
0.0859843
0.0857816
0.0855725
0.085349
0.0851015
0.0848177
0.0844807
0.0840685
0.0835522
0.0828986
0.082076
0.081076
0.0799427
0.0787794
0.0777042
0.0767903
0.0760561
0.0754871
0.0750586
0.0747443
0.0745223
0.0743737
0.0742844
0.0742443
0.0742454
0.074282
0.0743502
0.074447
0.0745707
0.0747211
0.0748995
0.0751077
0.0753498
0.075632
0.0759637
0.0763561
0.0768285
0.0774015
0.0781169
0.0790108
0.0801647
0.08151
0.0827372
0.0837135
0.0844066
0.0848608
0.0851342
0.0726142
0.0727173
0.072821
0.0729252
0.0730295
0.0731338
0.0732376
0.0733409
0.0734433
0.0735446
0.0736446
0.073743
0.0738396
0.0739342
0.0740267
0.0741168
0.0742045
0.0742895
0.0743718
0.0744513
0.0745279
0.0746014
0.074672
0.0747394
0.0748038
0.074865
0.0749231
0.0749781
0.0750299
0.0750784
0.0751238
0.0751658
0.0752044
0.0752395
0.0752708
0.075298
0.075321
0.0753391
0.075352
0.0753589
0.0726005
0.0727132
0.0728271
0.0729417
0.0730569
0.0731722
0.0732874
0.0734022
0.0735163
0.0736294
0.0737412
0.0738515
0.0739599
0.0740663
0.0741705
0.0742721
0.0743711
0.0744672
0.0745604
0.0746504
0.0747373
0.0748208
0.074901
0.0749778
0.0750511
0.0751209
0.0751872
0.0752501
0.0753093
0.075365
0.0754171
0.0754654
0.0755099
0.0755504
0.0755867
0.0756184
0.0756452
0.0756665
0.0756817
0.0756899
0.072564
0.0726867
0.0728111
0.0729366
0.073063
0.0731899
0.0733169
0.0734437
0.07357
0.0736954
0.0738196
0.0739422
0.074063
0.0741817
0.074298
0.0744116
0.0745224
0.0746301
0.0747345
0.0748356
0.0749331
0.075027
0.0751172
0.0752037
0.0752863
0.075365
0.0754399
0.0755108
0.0755778
0.0756409
0.0756999
0.0757548
0.0758055
0.0758517
0.0758933
0.0759297
0.0759605
0.0759852
0.0760028
0.0760125
0.0725077
0.0726409
0.0727761
0.072913
0.0730511
0.07319
0.0733293
0.0734686
0.0736076
0.0737458
0.0738827
0.0740182
0.0741518
0.0742831
0.0744119
0.0745379
0.0746608
0.0747804
0.0748964
0.0750088
0.0751173
0.0752218
0.0753222
0.0754185
0.0755106
0.0755984
0.0756819
0.0757611
0.075836
0.0759065
0.0759726
0.0760342
0.0760911
0.0761431
0.07619
0.0762312
0.0762663
0.0762944
0.0763147
0.0763258
0.0724358
0.0725799
0.0727265
0.0728751
0.0730254
0.0731768
0.0733289
0.0734812
0.0736333
0.0737846
0.0739348
0.0740835
0.0742302
0.0743745
0.0745162
0.0746548
0.0747901
0.0749217
0.0750496
0.0751733
0.0752929
0.0754081
0.0755188
0.0756249
0.0757265
0.0758233
0.0759154
0.0760028
0.0760855
0.0761634
0.0762365
0.0763046
0.0763676
0.0764254
0.0764775
0.0765236
0.0765628
0.0765945
0.0766174
0.0766301
0.0723529
0.0725084
0.0726669
0.0728279
0.0729909
0.0731553
0.0733206
0.0734863
0.0736519
0.0738168
0.0739806
0.0741428
0.0743029
0.0744606
0.0746153
0.0747667
0.0749144
0.0750583
0.0751979
0.0753332
0.0754637
0.0755895
0.0757104
0.0758263
0.0759371
0.0760428
0.0761433
0.0762386
0.0763288
0.0764138
0.0764936
0.076568
0.0766369
0.0767002
0.0767574
0.076808
0.0768513
0.0768864
0.076912
0.0769262
0.0722639
0.0724314
0.0726024
0.0727763
0.0729525
0.0731304
0.0733094
0.073489
0.0736685
0.0738474
0.0740252
0.0742012
0.074375
0.074546
0.0747139
0.0748782
0.0750385
0.0751945
0.0753459
0.0754925
0.0756339
0.0757701
0.0759009
0.0760262
0.076146
0.0762601
0.0763686
0.0764715
0.0765688
0.0766604
0.0767464
0.0768267
0.0769011
0.0769694
0.0770313
0.0770862
0.0771333
0.0771716
0.0771997
0.0772154
0.0721738
0.0723539
0.072538
0.0727253
0.0729153
0.0731072
0.0733005
0.0734944
0.0736882
0.0738815
0.0740734
0.0742635
0.0744511
0.0746357
0.0748169
0.0749941
0.0751669
0.0753349
0.0754979
0.0756555
0.0758075
0.0759538
0.0760941
0.0762284
0.0763566
0.0764787
0.0765947
0.0767045
0.0768083
0.076906
0.0769976
0.0770831
0.0771624
0.0772352
0.0773012
0.0773599
0.0774104
0.0774516
0.0774819
0.077499
0.0720871
0.0722806
0.0724783
0.0726798
0.0728841
0.0730906
0.0732986
0.0735072
0.0737158
0.0739237
0.0741302
0.0743345
0.0745361
0.0747343
0.0749287
0.0751187
0.0753038
0.0754836
0.0756579
0.0758262
0.0759884
0.0761442
0.0762936
0.0764363
0.0765724
0.0767018
0.0768245
0.0769406
0.0770502
0.0771532
0.0772496
0.0773396
0.0774229
0.0774995
0.077569
0.0776308
0.0776841
0.0777278
0.07776
0.0777784
0.0720085
0.0722159
0.0724281
0.0726443
0.0728636
0.0730852
0.0733084
0.0735322
0.073756
0.0739788
0.0741999
0.0744187
0.0746343
0.0748461
0.0750536
0.0752562
0.0754534
0.0756447
0.0758298
0.0760084
0.0761802
0.076345
0.0765027
0.0766531
0.0767963
0.0769322
0.0770609
0.0771824
0.0772968
0.0774042
0.0775046
0.0775981
0.0776846
0.0777641
0.0778362
0.0779004
0.0779558
0.0780013
0.0780351
0.0780544
0.0719422
0.0721644
0.0723916
0.0726232
0.0728581
0.0730954
0.0733342
0.0735737
0.0738129
0.0740509
0.0742869
0.0745201
0.0747498
0.0749751
0.0751955
0.0754104
0.0756193
0.0758216
0.076017
0.0762052
0.076386
0.076559
0.0767242
0.0768815
0.0770309
0.0771724
0.0773061
0.077432
0.0775502
0.077661
0.0777643
0.0778603
0.077949
0.0780303
0.078104
0.0781697
0.0782264
0.0782731
0.0783078
0.0783278
0.0718922
0.0721299
0.072373
0.0726207
0.0728718
0.0731253
0.0733804
0.0736358
0.0738908
0.0741442
0.0743952
0.0746429
0.0748864
0.075125
0.075358
0.0755848
0.0758048
0.0760175
0.0762226
0.0764197
0.0766085
0.0767888
0.0769606
0.0771238
0.0772784
0.0774244
0.0775619
0.077691
0.077812
0.0779249
0.07803
0.0781273
0.078217
0.0782991
0.0783733
0.0784394
0.0784965
0.0785435
0.0785786
0.078599
0.0718627
0.0721167
0.0723764
0.0726408
0.0729087
0.0731791
0.0734508
0.0737226
0.0739936
0.0742625
0.0745285
0.0747905
0.0750477
0.0752992
0.0755443
0.0757824
0.0760129
0.0762353
0.0764491
0.0766541
0.07685
0.0770366
0.0772138
0.0773817
0.0775402
0.0776895
0.0778296
0.0779607
0.0780831
0.0781969
0.0783025
0.0783999
0.0784893
0.0785709
0.0786444
0.0787098
0.0787662
0.0788127
0.0788474
0.0788677
0.0718574
0.0721286
0.0724057
0.0726877
0.0729731
0.0732608
0.0735495
0.073838
0.0741251
0.0744096
0.0746904
0.0749665
0.0752369
0.0755009
0.0757575
0.0760061
0.0762462
0.0764772
0.0766987
0.0769104
0.0771122
0.0773038
0.0774852
0.0776565
0.0778176
0.0779687
0.07811
0.0782417
0.0783641
0.0784774
0.078582
0.0786781
0.0787659
0.0788456
0.0789172
0.0789806
0.0790352
0.0790802
0.0791138
0.0791335
0.0718805
0.0721698
0.0724652
0.0727654
0.0730689
0.0733745
0.0736806
0.0739859
0.0742892
0.0745891
0.0748845
0.0751742
0.0754573
0.0757329
0.0760001
0.0762583
0.0765068
0.0767452
0.0769732
0.0771903
0.0773965
0.0775917
0.0777757
0.0779488
0.0781109
0.0782624
0.0784033
0.0785341
0.0786549
0.0787662
0.0788684
0.0789616
0.0790464
0.0791228
0.0791911
0.0792513
0.0793029
0.0793453
0.079377
0.0793955
0.0719362
0.0722446
0.0725591
0.0728783
0.0732005
0.0735243
0.0738481
0.0741703
0.0744896
0.0748046
0.0751141
0.0754168
0.0757117
0.0759979
0.0762746
0.076541
0.0767966
0.077041
0.0772738
0.0774947
0.0777037
0.0779007
0.0780857
0.0782588
0.0784203
0.0785703
0.0787092
0.0788373
0.078955
0.0790626
0.0791607
0.0792496
0.0793298
0.0794015
0.0794651
0.0795206
0.0795681
0.0796068
0.0796356
0.0796526
0.0720291
0.0723576
0.0726921
0.0730309
0.0733723
0.0737146
0.0740561
0.0743951
0.0747302
0.0750597
0.0753824
0.0756971
0.0760027
0.0762982
0.0765829
0.076856
0.077117
0.0773655
0.0776013
0.0778241
0.078034
0.0782308
0.0784148
0.0785861
0.0787449
0.0788917
0.0790267
0.0791503
0.0792631
0.0793654
0.0794577
0.0795407
0.0796147
0.0796802
0.0797376
0.0797873
0.0798292
0.0798631
0.0798883
0.0799031
0.072164
0.0725136
0.0728689
0.073228
0.073589
0.07395
0.074309
0.0746644
0.0750145
0.0753577
0.0756926
0.0760179
0.0763326
0.0766357
0.0769265
0.0772043
0.0774687
0.0777193
0.0779559
0.0781784
0.0783869
0.0785814
0.0787622
0.0789296
0.0790837
0.0792252
0.0793543
0.0794716
0.0795775
0.0796727
0.0797576
0.0798329
0.0798992
0.079957
0.0800068
0.0800492
0.0800845
0.0801126
0.0801332
0.0801453
0.0723463
0.0727179
0.0730948
0.0734747
0.0738554
0.0742349
0.0746111
0.0749822
0.0753462
0.0757017
0.0760472
0.0763814
0.0767032
0.0770118
0.0773065
0.0775866
0.0778519
0.078102
0.078337
0.0785567
0.0787614
0.0789512
0.0791264
0.0792875
0.0794347
0.0795687
0.0796898
0.0797988
0.079896
0.0799822
0.080058
0.080124
0.080181
0.0802296
0.0802705
0.0803043
0.0803317
0.080353
0.0803683
0.0803771
0.0725819
0.0729765
0.0733756
0.0737764
0.0741768
0.0745743
0.0749667
0.0753522
0.0757287
0.0760947
0.0764486
0.0767893
0.0771158
0.0774272
0.077723
0.0780026
0.078266
0.0785128
0.0787432
0.0789574
0.0791555
0.0793379
0.079505
0.0796573
0.0797953
0.0799195
0.0800306
0.0801291
0.0802157
0.0802911
0.0803561
0.0804112
0.0804574
0.0804953
0.080526
0.0805501
0.0805685
0.0805821
0.0805913
0.0805964
0.0728773
0.0732957
0.0737172
0.0741389
0.0745582
0.0749727
0.07538
0.075778
0.0761648
0.0765387
0.0768984
0.0772427
0.0775707
0.0778817
0.0781753
0.0784512
0.0787093
0.0789496
0.0791723
0.0793778
0.0795664
0.0797386
0.0798949
0.0800359
0.0801621
0.0802743
0.0803731
0.0804592
0.0805333
0.0805961
0.0806485
0.0806913
0.0807252
0.0807513
0.0807704
0.0807838
0.0807924
0.0807974
0.0808
0.0808011
0.0732399
0.0736824
0.0741261
0.0745679
0.075005
0.0754347
0.0758547
0.0762626
0.0766567
0.0770353
0.0773973
0.0777415
0.0780672
0.078374
0.0786616
0.07893
0.0791791
0.0794093
0.079621
0.0798145
0.0799905
0.0801495
0.0802921
0.0804192
0.0805312
0.0806291
0.0807135
0.0807852
0.0808449
0.0808935
0.0809318
0.0809607
0.0809812
0.0809942
0.0810009
0.0810026
0.0810006
0.0809966
0.080992
0.0809888
0.0736776
0.0741439
0.0746089
0.0750694
0.0755221
0.0759644
0.0763938
0.0768081
0.0772055
0.0775847
0.0779445
0.0782842
0.0786032
0.0789014
0.0791787
0.0794353
0.0796715
0.0798877
0.0800846
0.0802628
0.0804229
0.0805656
0.0806919
0.0808024
0.0808979
0.0809792
0.0810472
0.0811026
0.0811463
0.0811791
0.081202
0.0812159
0.0812217
0.0812208
0.0812143
0.0812037
0.0811906
0.0811771
0.0811653
0.0811576
0.0741987
0.0746878
0.0751723
0.0756487
0.0761138
0.0765647
0.0769991
0.077415
0.0778108
0.0781853
0.0785378
0.0788677
0.0791749
0.0794595
0.0797217
0.079962
0.0801809
0.0803792
0.0805575
0.0807168
0.0808578
0.0809815
0.0810886
0.0811801
0.0812568
0.0813196
0.0813693
0.0814068
0.081433
0.0814488
0.0814551
0.0814529
0.0814434
0.0814278
0.0814076
0.0813843
0.0813599
0.0813368
0.0813177
0.0813057
0.0748118
0.0753213
0.075822
0.0763102
0.0767828
0.077237
0.0776707
0.0780821
0.07847
0.0788337
0.0791726
0.0794868
0.0797765
0.080042
0.080284
0.0805032
0.0807005
0.0808767
0.0810328
0.0811699
0.0812888
0.0813905
0.081476
0.0815463
0.0816022
0.0816446
0.0816745
0.0816928
0.0817003
0.081698
0.0816869
0.0816681
0.0816427
0.0816121
0.0815779
0.081542
0.0815064
0.0814739
0.0814476
0.0814315
0.075525
0.0760507
0.0765624
0.0770564
0.0775298
0.0779802
0.0784057
0.0788051
0.0791778
0.0795233
0.0798418
0.0801338
0.0803997
0.0806405
0.080857
0.0810504
0.0812217
0.081372
0.0815024
0.0816141
0.0817081
0.0817855
0.0818473
0.0818944
0.0819279
0.0819487
0.0819576
0.0819556
0.0819437
0.0819227
0.0818937
0.0818579
0.0818165
0.081771
0.081723
0.0816746
0.0816282
0.0815868
0.0815539
0.081534
0.0763449
0.0768801
0.0773951
0.0778866
0.078352
0.0787894
0.0791978
0.0795764
0.0799253
0.0802447
0.0805353
0.080798
0.081034
0.0812443
0.0814303
0.0815934
0.0817347
0.0818555
0.0819572
0.0820409
0.0821077
0.0821588
0.0821952
0.0822179
0.0822279
0.082226
0.0822132
0.0821905
0.0821586
0.0821188
0.0820719
0.0820192
0.0819621
0.081902
0.0818408
0.0817807
0.0817243
0.0816747
0.081636
0.0816128
0.0772746
0.0778098
0.0783175
0.0787955
0.0792417
0.0796554
0.080036
0.0803838
0.0806997
0.0809845
0.0812395
0.0814662
0.0816661
0.0818408
0.0819917
0.0821204
0.0822284
0.082317
0.0823875
0.0824412
0.0824793
0.0825028
0.0825128
0.0825102
0.082496
0.0824712
0.0824365
0.0823929
0.0823414
0.0822829
0.0822186
0.0821496
0.0820774
0.0820036
0.0819302
0.0818594
0.0817941
0.0817375
0.0816938
0.081668
0.0783123
0.078834
0.0793208
0.0797714
0.0801853
0.0805626
0.0809039
0.0812105
0.0814838
0.0817257
0.0819379
0.0821224
0.082281
0.0824155
0.0825276
0.082619
0.0826911
0.0827455
0.0827834
0.082806
0.0828144
0.0828098
0.082793
0.0827651
0.0827269
0.0826793
0.0826231
0.0825593
0.0824887
0.0824125
0.0823316
0.0822474
0.0821613
0.0820752
0.0819908
0.0819108
0.081838
0.0817757
0.0817282
0.0817005
0.0794475
0.0799385
0.0803874
0.0807947
0.0811615
0.081489
0.0817792
0.0820342
0.0822564
0.0824479
0.0826112
0.0827485
0.0828617
0.0829529
0.0830238
0.0830761
0.0831112
0.0831304
0.0831352
0.0831265
0.0831055
0.083073
0.08303
0.0829774
0.082916
0.0828465
0.0827699
0.082687
0.0825986
0.0825059
0.0824099
0.0823121
0.0822138
0.0821169
0.0820234
0.0819359
0.0818572
0.0817908
0.0817408
0.081712
0.0806578
0.0810974
0.0814892
0.0818361
0.0821406
0.0824056
0.082634
0.0828287
0.0829925
0.0831283
0.0832384
0.0833253
0.083391
0.0834375
0.0834664
0.0834792
0.0834774
0.0834621
0.0834344
0.0833954
0.0833459
0.0832869
0.083219
0.0831431
0.08306
0.0829703
0.0828749
0.0827746
0.0826702
0.0825629
0.0824538
0.0823443
0.0822358
0.0821302
0.0820297
0.0819367
0.081854
0.0817851
0.0817339
0.0817048
0.0819057
0.0822711
0.0825864
0.0828565
0.0830857
0.0832777
0.0834361
0.0835645
0.0836658
0.083743
0.0837984
0.0838342
0.0838525
0.0838548
0.0838428
0.0838176
0.0837804
0.0837323
0.0836742
0.0836069
0.0835311
0.0834476
0.083357
0.0832601
0.0831575
0.0830498
0.0829379
0.0828224
0.0827045
0.0825849
0.082465
0.0823462
0.0822298
0.0821179
0.0820126
0.0819162
0.0818315
0.0817618
0.0817106
0.081682
0.083136
0.0834062
0.0836283
0.0838093
0.0839541
0.084067
0.0841519
0.0842121
0.0842506
0.0842698
0.0842719
0.0842589
0.0842322
0.0841933
0.0841432
0.0840831
0.0840138
0.083936
0.0838505
0.0837579
0.0836588
0.0835539
0.0834435
0.0833284
0.0832091
0.0830863
0.0829606
0.0828328
0.0827039
0.0825749
0.0824469
0.0823213
0.0821997
0.0820839
0.0819761
0.0818784
0.0817936
0.0817246
0.0816746
0.0816472
0.0842786
0.0844386
0.0845582
0.0846447
0.0847029
0.0847369
0.0847501
0.0847453
0.0847249
0.0846907
0.0846444
0.0845874
0.0845207
0.0844454
0.0843621
0.0842717
0.0841746
0.0840714
0.0839627
0.0838488
0.0837302
0.0836074
0.0834808
0.0833509
0.0832183
0.0830835
0.0829472
0.0828102
0.0826733
0.0825377
0.0824044
0.0822748
0.0821506
0.0820333
0.0819252
0.0818282
0.081745
0.081678
0.0816302
0.0816044
0.0852575
0.0853038
0.085322
0.0853181
0.0852959
0.0852583
0.0852077
0.0851461
0.0850749
0.0849953
0.0849083
0.0848146
0.0847149
0.0846097
0.0844995
0.0843845
0.0842651
0.0841417
0.0840145
0.0838839
0.0837501
0.0836136
0.0834746
0.0833337
0.0831913
0.0830479
0.0829043
0.0827612
0.0826195
0.0824801
0.0823443
0.0822133
0.0820888
0.0819723
0.0818657
0.0817712
0.0816909
0.081627
0.0815819
0.081558
8.68165e-05
0.000296805
0.000552016
0.000861237
0.00123389
0.00167965
0.0022082
0.00282884
0.00355019
0.00437965
0.0053229
0.0063833
0.00756119
0.00885341
0.0102528
0.0117478
0.0133225
0.0149569
0.0166274
0.0183076
0.0199696
0.0215854
0.0231284
0.0245748
0.0259052
0.0271049
0.0281652
0.0290832
0.0298616
0.0305076
0.0310324
0.0314496
0.031774
0.0320207
0.0322036
0.0323353
0.0324261
0.032484
0.0325144
0.0325199
8.77834e-05
0.000300145
0.000558301
0.000871088
0.00124787
0.00169816
0.00223137
0.00285652
0.00358187
0.0044145
0.00535975
0.00642065
0.00759733
0.00888645
0.0102808
0.0117689
0.0133351
0.0149597
0.0166196
0.018289
0.0199407
0.0215472
0.0230826
0.0245236
0.0258508
0.02705
0.0281124
0.0290348
0.0298196
0.0304736
0.0310076
0.0314347
0.0317695
0.0320267
0.0322203
0.0323628
0.0324647
0.0325344
0.0325776
0.0325973
8.88017e-05
0.000303669
0.000564946
0.000881507
0.00126263
0.00171763
0.00225566
0.00288542
0.00361483
0.00445063
0.00539783
0.00645918
0.00763455
0.00892047
0.0103097
0.0117907
0.0133483
0.014963
0.0166122
0.0182707
0.0199118
0.0215088
0.0230364
0.0244716
0.0257955
0.0269939
0.0280581
0.0289846
0.0297755
0.0304373
0.0309802
0.0314171
0.031762
0.0320296
0.0322336
0.0323867
0.0324994
0.0325804
0.0326358
0.0326692
8.98732e-05
0.000307386
0.000571968
0.000892513
0.00127818
0.00173808
0.00228106
0.0029155
0.003649
0.00448796
0.00543707
0.00649878
0.00767277
0.00895539
0.0103393
0.0118133
0.0133621
0.0149668
0.0166051
0.0182526
0.0198831
0.0214705
0.0229899
0.0244191
0.0257394
0.0269368
0.0280024
0.0289328
0.0297295
0.0303988
0.0309504
0.0313968
0.0317517
0.0320294
0.0322436
0.0324069
0.0325301
0.032622
0.0326892
0.0327356
9.10007e-05
0.000311305
0.000579383
0.000904125
0.00129454
0.00175949
0.00230752
0.00294669
0.00368429
0.00452636
0.00547731
0.00653932
0.00771183
0.00899107
0.0103697
0.0118365
0.0133765
0.0149711
0.0165986
0.0182349
0.0198546
0.0214323
0.0229435
0.0243665
0.025683
0.026879
0.0279457
0.0288796
0.0296819
0.0303584
0.0309184
0.031374
0.0317386
0.0320262
0.0322503
0.0324236
0.0325568
0.0326592
0.0327375
0.0327962
9.2187e-05
0.000315437
0.000587209
0.000916356
0.00131171
0.00178183
0.00233499
0.00297891
0.00372057
0.0045657
0.00551841
0.00658061
0.00775156
0.00902735
0.0104006
0.0118602
0.0133914
0.0149759
0.0165925
0.0182177
0.0198267
0.0213945
0.0228974
0.024314
0.0256264
0.0268208
0.0278884
0.0288254
0.0296329
0.0303162
0.0308844
0.0313489
0.0317229
0.0320201
0.0322538
0.0324366
0.0325796
0.0326918
0.0327807
0.032851
9.34358e-05
0.000319794
0.00059546
0.000929212
0.00132965
0.00180506
0.00236337
0.00301202
0.00375767
0.00460577
0.00556014
0.00662246
0.00779176
0.00906405
0.0104319
0.0118843
0.0134068
0.0149813
0.0165871
0.0182012
0.0197993
0.0213573
0.0228518
0.0242619
0.0255699
0.0267625
0.0278306
0.0287705
0.0295828
0.0302727
0.0308487
0.0313218
0.0317048
0.0320112
0.0322542
0.0324462
0.0325984
0.0327201
0.0328188
0.0328999
9.47515e-05
0.000324387
0.000604151
0.000942693
0.00134835
0.00182909
0.00239254
0.00304586
0.0037954
0.00464635
0.00560227
0.00666459
0.00783219
0.00910095
0.0104634
0.0119087
0.0134225
0.0149871
0.0165822
0.0181853
0.0197728
0.0213209
0.022807
0.0242105
0.0255141
0.0267045
0.0277729
0.0287153
0.0295322
0.0302282
0.0308115
0.0312928
0.0316845
0.0319998
0.0322516
0.0324524
0.0326134
0.0327439
0.0328519
0.0329431
9.61392e-05
0.000329231
0.000613289
0.000956781
0.00136774
0.00185381
0.00242235
0.00308021
0.00383351
0.00468716
0.00564449
0.00670673
0.00787257
0.00913779
0.010495
0.0119332
0.0134385
0.0149934
0.016578
0.0181703
0.0197473
0.0212856
0.0227633
0.0241602
0.0254592
0.0266473
0.0277158
0.0286603
0.0294813
0.030183
0.0307732
0.0312624
0.0316623
0.031986
0.0322463
0.0324555
0.0326247
0.0327635
0.0328801
0.0329805
9.76051e-05
0.000334338
0.000622877
0.000971441
0.00138773
0.00187908
0.00245256
0.00311481
0.00387168
0.00472787
0.00568647
0.00674852
0.00791256
0.00917427
0.0105262
0.0119576
0.0134545
0.015
0.0165744
0.0181562
0.0197229
0.0212517
0.0227211
0.0241113
0.0254058
0.0265914
0.0276595
0.0286059
0.0294306
0.0301376
0.0307344
0.0312308
0.0316386
0.0319703
0.0322386
0.0324556
0.0326325
0.0327791
0.0329035
0.0330123
0.0324862
0.032367
0.0321313
0.0317242
0.0310793
0.0301767
0.0290982
0.0281548
0.0274414
0.0268637
0.0263835
0.0259636
0.0255875
0.0252404
0.0249137
0.0246003
0.0242944
0.0239923
0.0236914
0.0233887
0.0230817
0.0227675
0.0224432
0.0221057
0.0217512
0.0213755
0.0209732
0.0205377
0.020061
0.0195336
0.018945
0.0182873
0.0175641
0.016809
0.0161076
0.0155708
0.0152578
0.0151537
0.0152136
0.0153878
0.0156369
0.0159328
0.0162565
0.0165954
0.0169417
0.0172916
0.0176429
0.0179959
0.018352
0.0187139
0.019085
0.0194717
0.0198841
0.0203342
0.0208395
0.0214242
0.0221264
0.0230023
0.0241491
0.0257521
0.0283262
0.0331267
0.041711
0.0518221
0.0565355
0.0564655
0.0548864
0.0533678
0.0521803
0.0512712
0.0505532
0.049967
0.0494704
0.0490364
0.048646
0.0482863
0.0479469
0.047619
0.047297
0.0469753
0.0466485
0.046311
0.0459568
0.045579
0.0451692
0.0447173
0.044211
0.0436358
0.0429787
0.0422363
0.0414359
0.0406618
0.040033
0.0396246
0.0394337
0.0394207
0.0395354
0.039737
0.0399949
0.0402888
0.040604
0.0409317
0.0412669
0.0416069
0.0419512
0.0423012
0.0426592
0.0430285
0.0434154
0.0438299
0.0442842
0.0447959
0.0453895
0.0461032
0.0469926
0.0481549
0.0497715
0.0523368
0.0570245
0.0652256
0.0746561
0.0788422
0.0785598
0.0769294
0.075404
0.0742177
0.0733099
0.0725936
0.0720091
0.0715151
0.0710845
0.0706987
0.0703446
0.0700119
0.069692
0.0693794
0.0690684
0.0687537
0.0684299
0.0680911
0.0677304
0.0673398
0.066909
0.0664255
0.0658742
0.0652402
0.0645163
0.0637237
0.0629386
0.0622771
0.0618179
0.0615672
0.0614925
0.061548
0.0616949
0.0619031
0.0621525
0.0624284
0.0627217
0.0630271
0.0633417
0.0636647
0.0639974
0.0643418
0.0647012
0.0650817
0.0654934
0.0659485
0.0664647
0.0670664
0.0677922
0.0686974
0.0698773
0.0715036
0.0740191
0.0784009
0.0856528
0.093478
0.0964788
0.0957333
0.0939922
0.0924531
0.0912703
0.0903683
0.0896582
0.0890809
0.0885954
0.0881748
0.0878007
0.0874602
0.0871434
0.086842
0.0865503
0.0862632
0.0859754
0.0856817
0.0853759
0.085051
0.0846979
0.0843046
0.0838546
0.0833253
0.0826883
0.0819132
0.0809888
0.079958
0.078933
0.0780268
0.0772985
0.076753
0.0763627
0.0760958
0.0759228
0.0758227
0.0757778
0.0757761
0.0758099
0.0758734
0.0759623
0.0760745
0.0762076
0.0763609
0.076535
0.0767313
0.0769519
0.0771997
0.0774793
0.0778005
0.0781735
0.0786169
0.0791479
0.0798104
0.0806388
0.0817437
0.0830202
0.0840878
0.084849
0.0853212
0.0855804
0.0856938
0.0325867
0.032504
0.0323145
0.0319622
0.0313737
0.0305125
0.029443
0.0284904
0.0277714
0.0271847
0.026693
0.0262592
0.0258676
0.0255036
0.025159
0.0248266
0.0245012
0.0241791
0.0238576
0.023534
0.0232058
0.0228703
0.0225247
0.0221663
0.0217915
0.0213966
0.0209769
0.0205265
0.0200386
0.0195049
0.0189165
0.0182667
0.0175591
0.0168254
0.0161493
0.0156454
0.0153635
0.0152852
0.0153656
0.0155558
0.0158178
0.0161246
0.0164583
0.0168069
0.0171631
0.0175236
0.0178862
0.0182512
0.0186199
0.0189947
0.019379
0.0197788
0.0202029
0.0206629
0.0211753
0.0217627
0.0224614
0.0233244
0.024445
0.0260011
0.028501
0.0332253
0.0418547
0.0521375
0.0568213
0.0566869
0.0551061
0.0536152
0.0524514
0.0515541
0.0508374
0.0502446
0.0497359
0.0492856
0.0488762
0.0484951
0.0481326
0.0477808
0.0474343
0.0470875
0.0467354
0.0463731
0.0459949
0.0455947
0.045165
0.0446971
0.0441801
0.0436017
0.0429502
0.0422229
0.0414454
0.0407
0.0401092
0.0397378
0.0395784
0.0395908
0.0397254
0.0399427
0.0402133
0.0405181
0.0408434
0.0411809
0.0415262
0.0418767
0.0422321
0.0425935
0.0429631
0.0433442
0.0437426
0.0441673
0.0446298
0.0451466
0.0457408
0.0464487
0.0473229
0.0484567
0.0500244
0.052515
0.0571278
0.0653708
0.0749597
0.0791165
0.0787771
0.0771498
0.0756542
0.0744927
0.0735977
0.0728835
0.0722933
0.071788
0.071342
0.0709378
0.0705628
0.0702076
0.0698641
0.069527
0.0691909
0.0688509
0.0685019
0.0681385
0.0677546
0.067343
0.0668947
0.0663989
0.0658424
0.0652119
0.0645013
0.0637303
0.062974
0.0623522
0.0619333
0.0617187
0.0616745
0.0617548
0.0619218
0.0621465
0.0624099
0.0626981
0.0630028
0.0633193
0.0636448
0.0639787
0.0643222
0.0646773
0.0650472
0.0654375
0.0658574
0.0663182
0.0668369
0.0674364
0.0681531
0.0690397
0.0701879
0.0717631
0.0742055
0.0785175
0.0858044
0.093757
0.0967277
0.0959405
0.0942121
0.0927064
0.0915498
0.0906618
0.0899548
0.0893729
0.0888769
0.0884416
0.0880496
0.0876887
0.0873493
0.087024
0.0867073
0.086394
0.0860795
0.0857587
0.0854259
0.0850747
0.084697
0.084282
0.083815
0.0832757
0.0826381
0.081874
0.080973
0.0799794
0.0790118
0.0781734
0.0775157
0.0770381
0.0767092
0.0764956
0.076368
0.0763058
0.0762924
0.0763169
0.0763724
0.0764537
0.0765573
0.0766814
0.0768242
0.0769849
0.0771646
0.0773646
0.077587
0.0778349
0.0781127
0.0784296
0.0787954
0.0792281
0.0797441
0.0803873
0.0811912
0.0822763
0.0835193
0.084523
0.0852066
0.0856048
0.0858011
0.085864
0.0326809
0.0326336
0.03249
0.0321947
0.0316694
0.0308619
0.0298136
0.0288557
0.0281341
0.0275405
0.0270391
0.0265929
0.026187
0.0258072
0.0254456
0.0250952
0.0247511
0.0244098
0.0240685
0.0237245
0.0233756
0.0230191
0.0226525
0.0222731
0.0218778
0.021463
0.0210247
0.0205576
0.0200557
0.019512
0.0189192
0.0182721
0.0175749
0.0168582
0.0162052
0.015741
0.0154973
0.0154515
0.0155579
0.0157686
0.0160467
0.0163666
0.0167114
0.0170703
0.0174364
0.0178069
0.0181799
0.0185557
0.0189357
0.0193219
0.0197177
0.0201286
0.0205627
0.0210308
0.0215483
0.0221367
0.0228301
0.0236787
0.0247717
0.0262795
0.0287028
0.0333443
0.04201
0.052462
0.0571177
0.0569273
0.0553527
0.0538931
0.0527546
0.0518701
0.0511556
0.0505574
0.0500377
0.0495725
0.0491451
0.0487438
0.0483593
0.0479845
0.0476141
0.0472427
0.0468659
0.0464787
0.0460762
0.0456527
0.0452016
0.0447152
0.0441842
0.0435981
0.0429471
0.0422298
0.041471
0.0407525
0.040207
0.0398798
0.0397586
0.0398019
0.0399607
0.0401967
0.040482
0.0407989
0.0411346
0.041482
0.0418368
0.0421969
0.0425621
0.0429335
0.0433132
0.0437044
0.0441124
0.0445455
0.0450143
0.0455344
0.0461276
0.046828
0.0476854
0.0487892
0.0503066
0.0527201
0.0572513
0.0655274
0.0752726
0.0794019
0.079014
0.0773975
0.0759351
0.0747997
0.0739185
0.0732073
0.0726126
0.072097
0.0716368
0.0712152
0.0708206
0.0704437
0.0700775
0.0697167
0.0693561
0.068991
0.0686169
0.0682286
0.0678207
0.0673865
0.0669184
0.0664069
0.0658408
0.0652089
0.0645064
0.0637531
0.0630238
0.062449
0.0620779
0.0619059
0.0618975
0.0620068
0.0621966
0.0624395
0.0627178
0.0630187
0.0633347
0.0636616
0.063997
0.0643407
0.0646937
0.065058
0.0654366
0.065835
0.0662612
0.0667262
0.0672457
0.0678412
0.0685474
0.0694141
0.070529
0.0720519
0.0744182
0.0786537
0.0859674
0.0940454
0.0969889
0.0961683
0.0944595
0.0929902
0.0918611
0.0909879
0.0902849
0.0896993
0.0891939
0.0887449
0.088336
0.0879555
0.0875945
0.087246
0.0869048
0.0865659
0.0862247
0.0858767
0.0855164
0.0851381
0.0847341
0.0842951
0.0838077
0.0832542
0.0826111
0.0818535
0.0809727
0.0800158
0.0791146
0.0783524
0.0777719
0.0773665
0.0771013
0.0769418
0.0768593
0.0768343
0.0768515
0.0769011
0.0769772
0.0770752
0.0771925
0.0773275
0.0774789
0.0776462
0.0778305
0.0780334
0.0782567
0.0785038
0.0787789
0.0790906
0.0794482
0.0798692
0.0803688
0.0809906
0.0817671
0.082828
0.0840245
0.0849516
0.0855507
0.0858731
0.0860074
0.0860218
0.0327684
0.0327553
0.0326569
0.03242
0.0319642
0.0312231
0.0302114
0.0292528
0.0285319
0.0279339
0.0274246
0.0269675
0.0265487
0.0261544
0.025777
0.0254098
0.0250482
0.0246886
0.0243283
0.0239649
0.023596
0.0232193
0.0228321
0.0224321
0.0220164
0.0215816
0.0211239
0.0206388
0.0201208
0.0195641
0.0189626
0.0183127
0.01762
0.0169149
0.0162797
0.0158645
0.0156672
0.0156605
0.0157983
0.0160332
0.0163299
0.0166643
0.017021
0.0173901
0.0177657
0.0181454
0.0185277
0.018913
0.0193026
0.0196985
0.0201039
0.020524
0.0209661
0.0214403
0.0219612
0.0225487
0.023235
0.0240675
0.0251312
0.0265894
0.028934
0.033487
0.0421789
0.0527947
0.0574252
0.0571889
0.0556288
0.0542041
0.0530923
0.0522218
0.0515108
0.0509084
0.0503792
0.0499004
0.0494565
0.0490363
0.0486312
0.0482346
0.0478414
0.0474465
0.0470455
0.0466341
0.0462074
0.0457604
0.0452869
0.0447803
0.0442324
0.0436345
0.0429788
0.0422657
0.0415203
0.0408239
0.0403331
0.0400584
0.0399821
0.0400615
0.0402481
0.0405051
0.0408064
0.0411359
0.0414821
0.0418387
0.0422021
0.0425707
0.0429443
0.0433242
0.0437124
0.0441117
0.0445274
0.044967
0.0454402
0.0459618
0.046552
0.0472432
0.0480823
0.0491545
0.0506203
0.0529544
0.0573982
0.0656976
0.0755938
0.0796991
0.0792727
0.0776747
0.0762488
0.0751412
0.0742748
0.073568
0.0729699
0.0724455
0.0719723
0.0715348
0.0711217
0.0707246
0.0703369
0.0699534
0.0695692
0.0691799
0.0687811
0.0683681
0.0679358
0.0674783
0.0669886
0.0664586
0.0658789
0.0652403
0.0645404
0.0637993
0.0630923
0.0625743
0.0622592
0.0621365
0.0621689
0.0623104
0.0625251
0.0627873
0.0630809
0.0633943
0.0637209
0.0640573
0.0644016
0.0647536
0.0651146
0.0654864
0.065872
0.0662765
0.0667074
0.0671747
0.0676933
0.0682833
0.0689773
0.0698225
0.0709028
0.0723718
0.0746596
0.0788125
0.0861436
0.0943427
0.0972632
0.0964188
0.0947368
0.0933068
0.0922067
0.0913492
0.0906514
0.0900632
0.0895495
0.089088
0.0886634
0.0882646
0.0878831
0.0875125
0.0871477
0.086784
0.0864169
0.086042
0.0856543
0.0852484
0.0848172
0.0843523
0.0838418
0.0832701
0.0826167
0.0818603
0.0809949
0.0800715
0.0792478
0.078571
0.0780739
0.0777441
0.0775439
0.0774385
0.0774002
0.0774111
0.0774574
0.0775306
0.0776258
0.0777393
0.0778689
0.0780137
0.0781727
0.0783456
0.0785335
0.0787383
0.0789618
0.0792072
0.0794787
0.0797843
0.0801329
0.080541
0.0810231
0.0816216
0.0823675
0.0833995
0.0845336
0.085371
0.0858795
0.0861251
0.0861989
0.0861669
0.0328491
0.0328686
0.0328143
0.0326365
0.0322552
0.0315935
0.030638
0.0296842
0.0289676
0.0283677
0.0278524
0.0273861
0.026956
0.0265486
0.0261568
0.0257742
0.0253962
0.0250195
0.0246416
0.0242598
0.023872
0.023476
0.0230693
0.0226495
0.0222139
0.0217595
0.0212826
0.0207789
0.0202437
0.0196716
0.0190579
0.0184004
0.0177062
0.0170054
0.0163786
0.0160255
0.0158835
0.0159225
0.0160959
0.0163578
0.0166745
0.0170239
0.0173922
0.017771
0.0181551
0.0185428
0.018933
0.0193262
0.0197237
0.0201275
0.0205405
0.0209678
0.0214159
0.0218943
0.0224165
0.0230012
0.0236786
0.0244933
0.0255261
0.0269335
0.0291983
0.0336582
0.042365
0.0531342
0.0577443
0.0574743
0.0559372
0.0545508
0.0534674
0.0526122
0.051906
0.051301
0.0507637
0.0502729
0.0498141
0.0493767
0.0489526
0.0485359
0.0481213
0.0477041
0.0472803
0.0468457
0.0463956
0.0459255
0.0454296
0.0449017
0.044335
0.0437221
0.043057
0.0423423
0.0416031
0.0409196
0.0404973
0.0402842
0.040259
0.0403785
0.0405954
0.0408746
0.0411923
0.0415341
0.0418901
0.042255
0.0426258
0.0430015
0.043382
0.0437686
0.0441633
0.044569
0.0449904
0.0454343
0.04591
0.0464312
0.0470167
0.0476969
0.048516
0.0495552
0.0509682
0.0532216
0.0575732
0.0658847
0.0759223
0.0800087
0.0795555
0.0779844
0.0765984
0.07552
0.0746696
0.0739684
0.0733684
0.0728366
0.0723521
0.0719002
0.0714703
0.0710546
0.0706468
0.0702421
0.0698356
0.0694233
0.0690009
0.068564
0.0681078
0.0676268
0.0671148
0.0665644
0.0659679
0.0653181
0.0646149
0.0638791
0.0631853
0.0627377
0.0624877
0.0624205
0.0624974
0.0626733
0.0629139
0.0631955
0.0635038
0.0638288
0.064165
0.0645096
0.0648613
0.0652202
0.0655875
0.0659651
0.0663559
0.0667647
0.0671984
0.0676662
0.0681821
0.0687648
0.0694451
0.0702674
0.0713117
0.0727257
0.0749332
0.0789983
0.0863359
0.0946482
0.0975517
0.0966947
0.0950468
0.0936591
0.0925893
0.0917486
0.0910572
0.0904677
0.0899471
0.0894746
0.0890357
0.08862
0.0882195
0.0878282
0.0874411
0.0870537
0.0866617
0.0862609
0.0858465
0.0854134
0.0849549
0.0844632
0.0839277
0.0833348
0.0826667
0.0819061
0.08105
0.0801521
0.0794211
0.0788388
0.0784306
0.0781784
0.0780431
0.0779904
0.0779944
0.0780391
0.0781124
0.0782072
0.0783197
0.078447
0.0785876
0.0787409
0.0789062
0.0790835
0.0792742
0.07948
0.0797027
0.0799456
0.0802126
0.0805114
0.0808501
0.0812446
0.081708
0.0822816
0.0829942
0.0839916
0.0850435
0.0857781
0.086191
0.0863599
0.0863751
0.0862992
0.0329228
0.0329731
0.0329614
0.0328425
0.0325392
0.0319695
0.0310952
0.0301527
0.0294439
0.0288446
0.0283254
0.0278519
0.0274121
0.0269932
0.0265885
0.0261919
0.0257991
0.0254068
0.0250125
0.0246138
0.0242085
0.0237946
0.0233696
0.0229313
0.022477
0.0220039
0.0215086
0.0209869
0.0204342
0.0198459
0.0192179
0.0185491
0.017848
0.0171434
0.0165079
0.0162369
0.0161594
0.0162491
0.0164607
0.0167506
0.0170872
0.017451
0.01783
0.0182172
0.0186085
0.0190027
0.019399
0.0197983
0.0202019
0.0206116
0.0210304
0.0214627
0.0219149
0.0223954
0.022917
0.023497
0.0241637
0.024959
0.0259595
0.0273154
0.0295003
0.0338648
0.0425734
0.0534788
0.0580756
0.0577865
0.0562814
0.0549367
0.0538832
0.0530445
0.0523446
0.0517385
0.0511949
0.050694
0.050222
0.0497692
0.0493281
0.0488929
0.0484587
0.0480211
0.0475762
0.0471199
0.0466479
0.0461559
0.0456383
0.0450897
0.0445035
0.0438736
0.0431958
0.0424741
0.0417332
0.0410459
0.0407122
0.0405698
0.0406008
0.0407627
0.0410106
0.0413119
0.0416451
0.0419981
0.0423626
0.0427343
0.043111
0.043492
0.0438777
0.0442693
0.0446687
0.0450787
0.0455038
0.0459502
0.0464264
0.0469453
0.0475242
0.0481918
0.0489894
0.0499941
0.0513537
0.0535262
0.057783
0.0660936
0.0762566
0.0803315
0.0798658
0.0783301
0.076987
0.0759392
0.0751061
0.0744119
0.0738115
0.073274
0.0727799
0.0723153
0.0718704
0.0714379
0.0710119
0.0705877
0.0701607
0.069727
0.0692826
0.0688233
0.0683445
0.0678409
0.0673068
0.0667355
0.0661205
0.0654561
0.0647444
0.0640059
0.0633087
0.0629519
0.062776
0.0627691
0.0628927
0.0631034
0.0633694
0.0636693
0.063991
0.0643262
0.0646704
0.0650216
0.0653791
0.065743
0.0661149
0.0664965
0.0668906
0.0673018
0.0677364
0.068203
0.0687144
0.0692884
0.0699535
0.0707514
0.0717585
0.0731167
0.0752433
0.0792173
0.0865488
0.0949611
0.0978558
0.0969993
0.095393
0.0940503
0.0930121
0.0921893
0.0915055
0.0909161
0.0903902
0.0899083
0.0894567
0.0890258
0.0886079
0.0881976
0.0877899
0.0873804
0.0869651
0.08654
0.0861002
0.085641
0.085156
0.084638
0.084077
0.0834612
0.0827753
0.0820056
0.0811513
0.0802636
0.0796466
0.0791679
0.0788519
0.0786774
0.0786051
0.0786022
0.0786454
0.0787208
0.0788184
0.0789325
0.0790601
0.0791994
0.0793493
0.0795096
0.0796799
0.0798606
0.080053
0.0802588
0.08048
0.0807196
0.0809815
0.0812727
0.0816008
0.0819809
0.0824248
0.082972
0.0836488
0.0846057
0.0855502
0.0861693
0.0864835
0.0865765
0.0865356
0.0864186
0.0329893
0.0330684
0.0330973
0.0330361
0.0328129
0.0323458
0.0315852
0.0306614
0.0299639
0.029368
0.0288469
0.028368
0.0279202
0.0274916
0.0270758
0.0266668
0.0262607
0.0258544
0.0254454
0.0250313
0.0246102
0.02418
0.0237385
0.0232833
0.0228121
0.022322
0.0218098
0.0212715
0.0207026
0.0200987
0.0194563
0.0187747
0.0180631
0.0173464
0.0166732
0.0165149
0.0165101
0.0166532
0.0169031
0.0172198
0.0175747
0.017951
0.0183388
0.0187325
0.0191291
0.0195279
0.0199286
0.0203322
0.0207399
0.0211536
0.021576
0.0220115
0.0224656
0.0229463
0.0234654
0.0240389
0.0246933
0.0254676
0.0264347
0.0277389
0.0298455
0.0341155
0.0428106
0.0538257
0.058419
0.0581291
0.0566656
0.0553655
0.0543432
0.0535223
0.0528302
0.0522247
0.0516765
0.0511673
0.0506842
0.0502181
0.0497619
0.0493103
0.0488587
0.0484028
0.0479389
0.0474631
0.0469713
0.0464594
0.0459221
0.0453542
0.0447496
0.044103
0.043411
0.042679
0.0419281
0.0412084
0.0409941
0.0409303
0.0410198
0.0412241
0.0415016
0.041823
0.0421698
0.0425321
0.0429031
0.0432797
0.0436605
0.0440451
0.044434
0.0448287
0.0452309
0.0456433
0.0460701
0.0465171
0.0469919
0.0475066
0.0480773
0.0487307
0.0495054
0.0504746
0.0517806
0.0538736
0.0580359
0.0663304
0.0765942
0.0806679
0.0802072
0.0787157
0.0774183
0.0764025
0.0755877
0.0749019
0.0743027
0.0737613
0.0732594
0.0727841
0.0723263
0.0718789
0.0714367
0.0709951
0.0705497
0.0700968
0.0696326
0.0691529
0.0686535
0.0681293
0.0675748
0.0669838
0.0663505
0.0656703
0.0649467
0.0641974
0.0634682
0.063233
0.0631391
0.0631947
0.0633644
0.0636083
0.0638974
0.0642133
0.0645463
0.0648896
0.0652398
0.0655958
0.0659571
0.0663244
0.066699
0.0670828
0.0674784
0.0678902
0.0683239
0.0687875
0.0692929
0.0698565
0.070505
0.0712775
0.0722464
0.0735487
0.0755952
0.0794772
0.0867879
0.0952798
0.0981767
0.0973362
0.0957793
0.0944839
0.0934784
0.0926746
0.0919997
0.091412
0.0908824
0.0903927
0.0899304
0.0894861
0.0890528
0.0886254
0.088199
0.0877695
0.087333
0.0868855
0.0864225
0.0859393
0.0854297
0.084887
0.0843017
0.0836634
0.0829587
0.0821769
0.0813169
0.0804115
0.07994
0.0795722
0.0793489
0.0792492
0.0792356
0.079278
0.079356
0.0794584
0.0795769
0.0797074
0.0798478
0.079997
0.0801544
0.0803201
0.0804943
0.0806772
0.0808703
0.0810752
0.0812941
0.0815297
0.0817857
0.0820687
0.0823858
0.0827507
0.0831746
0.0836942
0.0843333
0.0852432
0.0860478
0.0865409
0.0867551
0.0867742
0.0866803
0.0865252
0.0330486
0.0331544
0.0332213
0.033216
0.033073
0.032715
0.0321078
0.031212
0.0305295
0.0299398
0.0294191
0.0289369
0.0284832
0.0280468
0.0276216
0.0272021
0.0267846
0.026366
0.025944
0.0255164
0.0250814
0.0246369
0.0241807
0.0237108
0.0232248
0.02272
0.0221933
0.0216409
0.0210584
0.0204415
0.0197869
0.019094
0.0183715
0.0176369
0.016878
0.0168802
0.0169527
0.0171479
0.017433
0.0177729
0.0181426
0.0185283
0.0189221
0.01932
0.0197196
0.020121
0.0205241
0.0209299
0.0213399
0.0217556
0.0221797
0.0226162
0.0230703
0.0235491
0.0240637
0.0246287
0.0252688
0.0260205
0.0269527
0.0282051
0.030236
0.0344149
0.0430788
0.0541683
0.0587711
0.0585022
0.0570908
0.0558386
0.0548493
0.0540476
0.0533651
0.052762
0.0522114
0.051696
0.0512041
0.050727
0.0502581
0.0497925
0.0493259
0.048854
0.0483736
0.0478809
0.0473721
0.0468431
0.046289
0.0457049
0.0450849
0.0444241
0.0437198
0.0429771
0.0422105
0.0414104
0.0413635
0.0413828
0.0415292
0.0417723
0.0420755
0.0424133
0.0427705
0.0431392
0.0435143
0.0438936
0.0442764
0.0446626
0.0450528
0.0454487
0.0458518
0.0462647
0.0466912
0.0471368
0.0476083
0.048117
0.0486776
0.049315
0.0500653
0.0509977
0.0522501
0.0542659
0.0583365
0.0665972
0.0769289
0.0810147
0.0805796
0.0791424
0.0778937
0.0769114
0.0761166
0.0754409
0.0748448
0.0743014
0.0737938
0.07331
0.0728414
0.0723817
0.0719256
0.0714688
0.0710075
0.0705379
0.0700564
0.0695591
0.069042
0.0685001
0.0679283
0.0673206
0.0666717
0.0659777
0.0652421
0.0644762
0.0636671
0.0636014
0.0635939
0.06371
0.0639221
0.0641948
0.064503
0.0648316
0.0651728
0.0655215
0.0658755
0.0662341
0.0665973
0.0669659
0.0673415
0.0677257
0.068121
0.0685315
0.0689626
0.0694214
0.0699191
0.0704707
0.0711011
0.0718468
0.0727764
0.0740227
0.0759906
0.0797817
0.0870542
0.0955987
0.0985119
0.0977059
0.0962069
0.0949613
0.09399
0.0932066
0.0925423
0.0919579
0.0914265
0.0909311
0.09046
0.0900045
0.0895581
0.0891158
0.0886731
0.0882259
0.0877707
0.0873035
0.08682
0.0863156
0.0857845
0.0852202
0.0846138
0.0839558
0.0832343
0.0824407
0.0815696
0.0805993
0.0803211
0.0800671
0.0799326
0.0799013
0.0799396
0.080021
0.0801284
0.080253
0.0803887
0.0805324
0.080683
0.0808399
0.0810029
0.0811726
0.0813492
0.0815331
0.0817259
0.0819293
0.082145
0.082376
0.0826255
0.0828997
0.0832051
0.0835544
0.0839576
0.0844486
0.0850483
0.085903
0.0865282
0.0868893
0.0870042
0.0869525
0.0868091
0.0866191
0.0331008
0.0332309
0.033333
0.0333808
0.0333168
0.0330669
0.0325836
0.0317226
0.031057
0.0304754
0.0299566
0.0294728
0.0290148
0.0285721
0.0281392
0.0277109
0.0272836
0.0268546
0.0264215
0.0259824
0.0255354
0.0250787
0.02461
0.0241277
0.0236293
0.0231124
0.0225741
0.0220107
0.0214182
0.0207923
0.0201298
0.0194301
0.0186996
0.0179468
0.0171207
0.0172624
0.0174104
0.0176524
0.0179665
0.0183238
0.0187035
0.0190947
0.0194914
0.0198907
0.0202912
0.0206931
0.0210966
0.0215029
0.0219132
0.0223293
0.0227534
0.0231893
0.0236417
0.0241173
0.024626
0.0251815
0.0258065
0.0265353
0.0274332
0.0286368
0.0305998
0.0346986
0.0433169
0.0544357
0.0590582
0.0588315
0.05748
0.0562764
0.0553198
0.0545377
0.0538655
0.0532662
0.0527146
0.0521949
0.0516959
0.0512098
0.0507305
0.0502532
0.0497739
0.0492888
0.0487945
0.0482878
0.0477649
0.0472222
0.046655
0.0460586
0.0454276
0.0447574
0.0440452
0.043295
0.0425124
0.0416505
0.0417498
0.04185
0.0420476
0.0423229
0.0426459
0.0429952
0.0433586
0.0437305
0.044107
0.0444868
0.0448696
0.0452554
0.0456453
0.0460406
0.046443
0.0468548
0.0472795
0.0477221
0.0481891
0.0486905
0.0492402
0.0498608
0.0505866
0.051483
0.0526847
0.0546308
0.0586199
0.0668325
0.0771902
0.0812986
0.0809091
0.0795331
0.0783336
0.0773845
0.0766097
0.075945
0.0753531
0.0748092
0.0742976
0.0738071
0.0733298
0.0728597
0.0723921
0.0719227
0.0714479
0.0709643
0.0704684
0.0699566
0.0694251
0.0688693
0.0682842
0.0676643
0.0670045
0.0663014
0.065557
0.0647744
0.063904
0.0639866
0.064063
0.0642336
0.0644811
0.0647764
0.0650985
0.0654353
0.0657813
0.0661326
0.066488
0.0668472
0.0672104
0.0675787
0.0679535
0.0683365
0.06873
0.0691379
0.069565
0.0700179
0.0705069
0.0710458
0.0716576
0.0723768
0.073268
0.0744612
0.0763572
0.0800653
0.0872857
0.0958482
0.0987889
0.0980343
0.0965986
0.0954029
0.0944652
0.0937023
0.0930492
0.0924692
0.0919373
0.0914378
0.0909598
0.0904951
0.0900376
0.0895827
0.089126
0.0886638
0.0881925
0.0877085
0.0872076
0.0866855
0.0861366
0.0855549
0.084932
0.0842594
0.0835261
0.0827241
0.081842
0.0808253
0.0807185
0.0805742
0.08052
0.0805476
0.0806289
0.0807417
0.0808723
0.0810143
0.081163
0.0813167
0.0814748
0.0816372
0.0818042
0.0819763
0.0821541
0.0823381
0.0825297
0.0827307
0.0829428
0.0831686
0.0834113
0.0836766
0.0839703
0.0843041
0.084687
0.0851496
0.08571
0.0865047
0.0869805
0.0872116
0.0872296
0.087111
0.0869222
0.0867007
0.033146
0.033298
0.0334321
0.0335294
0.0335415
0.0333963
0.0330223
0.0322002
0.0315522
0.0309794
0.0304633
0.029979
0.0295178
0.0290702
0.028631
0.0281953
0.0277598
0.027322
0.0268795
0.0264305
0.0259734
0.0255062
0.0250271
0.0245343
0.0240258
0.0234991
0.0229517
0.02238
0.0217805
0.0211491
0.0204825
0.0197795
0.0190436
0.0182736
0.0173975
0.0176574
0.0178762
0.0181595
0.0184968
0.0188666
0.0192523
0.0196458
0.020043
0.0204418
0.0208414
0.0212424
0.021645
0.0220504
0.02246
0.0228752
0.0232982
0.0237324
0.0241822
0.0246537
0.025156
0.0257017
0.0263119
0.0270189
0.0278849
0.0290451
0.0309519
0.0349869
0.043548
0.0546462
0.0592955
0.0591306
0.0578444
0.0566879
0.0557622
0.0549987
0.0543369
0.0537419
0.0531903
0.0526674
0.052163
0.0516696
0.0511817
0.0506947
0.0502048
0.0497086
0.0492029
0.0486846
0.0481504
0.0475967
0.0470195
0.0464142
0.0457759
0.0451003
0.0443843
0.0436291
0.0428315
0.0419248
0.0421486
0.0423246
0.0425676
0.0428691
0.0432065
0.043563
0.0439296
0.0443021
0.044678
0.0450566
0.0454379
0.0458222
0.0462105
0.0466041
0.0470047
0.0474143
0.0478363
0.0482752
0.0487369
0.0492306
0.0497691
0.0503736
0.051076
0.0519389
0.0530954
0.0549833
0.0589062
0.0670593
0.0773964
0.081535
0.0812092
0.0798989
0.0787469
0.0778292
0.0770734
0.0764195
0.0758323
0.0752888
0.0747744
0.0742787
0.0737944
0.0733158
0.0728385
0.0723586
0.0718725
0.0713773
0.0708695
0.0703459
0.0698029
0.0692362
0.0686413
0.0680131
0.0673467
0.0666384
0.0658879
0.0650898
0.064175
0.064384
0.064539
0.064758
0.0650345
0.0653466
0.0656781
0.0660198
0.0663678
0.0667197
0.0670747
0.0674329
0.0677949
0.0681616
0.0685346
0.0689154
0.0693063
0.0697107
0.0701331
0.0705796
0.0710596
0.0715859
0.0721799
0.0728738
0.0737295
0.0748751
0.0767096
0.0803478
0.0875049
0.0960472
0.0990235
0.0983353
0.0969656
0.0958174
0.0949114
0.0941678
0.0935258
0.0929506
0.0924192
0.0919167
0.0914331
0.0909608
0.0904941
0.0900285
0.08956
0.089085
0.0886
0.0881018
0.0875863
0.0870495
0.0864862
0.0858908
0.0852555
0.0845725
0.0838318
0.0830242
0.0821324
0.0810857
0.081127
0.081085
0.0811023
0.0811796
0.0812957
0.0814331
0.0815815
0.0817365
0.081895
0.082056
0.0822195
0.0823858
0.0825553
0.0827288
0.0829068
0.0830901
0.0832802
0.0834784
0.0836867
0.0839074
0.0841434
0.0844
0.0846826
0.0850016
0.0853653
0.085801
0.0863243
0.0870569
0.0873991
0.087505
0.0874302
0.0872496
0.0870197
0.0867703
0.0857142
0.085698
0.0856625
0.0856119
0.0855491
0.0854761
0.0853946
0.0853058
0.0852106
0.0851098
0.0850039
0.0848935
0.0847788
0.0846601
0.0845378
0.0844119
0.0842827
0.0841504
0.0840152
0.0838774
0.0837372
0.0835949
0.0834509
0.0833056
0.0831594
0.0830129
0.0828668
0.0827218
0.0825788
0.0824387
0.0823028
0.0821723
0.0820487
0.0819337
0.081829
0.0817366
0.0816585
0.0815968
0.0815535
0.0815308
0.0858523
0.0858168
0.0857647
0.0856998
0.0856245
0.0855407
0.0854498
0.0853526
0.0852501
0.0851429
0.0850313
0.0849158
0.0847965
0.0846738
0.0845478
0.0844186
0.0842864
0.0841514
0.0840138
0.0838738
0.0837317
0.0835877
0.0834422
0.0832956
0.0831484
0.083001
0.0828542
0.0827087
0.0825653
0.0824251
0.0822892
0.0821589
0.0820357
0.0819212
0.0818172
0.0817255
0.0816481
0.0815871
0.0815445
0.0815221
0.0859797
0.085926
0.0858583
0.0857799
0.085693
0.0855991
0.0854993
0.0853945
0.0852852
0.085172
0.0850551
0.0849348
0.0848113
0.0846848
0.0845554
0.0844232
0.0842883
0.0841508
0.084011
0.083869
0.0837252
0.0835796
0.0834328
0.083285
0.0831368
0.0829886
0.0828412
0.0826953
0.0825517
0.0824114
0.0822756
0.0821456
0.0820228
0.0819089
0.0818055
0.0817146
0.081638
0.0815777
0.0815356
0.0815137
0.0860961
0.0860253
0.0859431
0.0858523
0.0857546
0.0856514
0.0855434
0.0854314
0.0853159
0.0851971
0.0850753
0.0849507
0.0848233
0.0846934
0.0845608
0.0844258
0.0842884
0.0841487
0.0840069
0.0838631
0.0837176
0.0835707
0.0834226
0.0832738
0.0831247
0.0829759
0.082828
0.0826817
0.0825379
0.0823977
0.0822621
0.0821324
0.0820101
0.0818968
0.0817941
0.0817039
0.0816281
0.0815685
0.0815271
0.0815055
0.0862016
0.086115
0.0860194
0.085917
0.0858094
0.0856975
0.0855821
0.0854636
0.0853423
0.0852184
0.0850922
0.0849636
0.0848327
0.0846996
0.0845642
0.0844266
0.0842869
0.0841452
0.0840015
0.0838561
0.0837092
0.083561
0.0834119
0.0832622
0.0831123
0.0829629
0.0828146
0.0826681
0.0825243
0.0823841
0.0822487
0.0821195
0.0819977
0.081885
0.081783
0.0816936
0.0816185
0.0815597
0.0815188
0.0814976
0.0862962
0.0861951
0.0860871
0.0859743
0.0858576
0.0857379
0.0856156
0.0854911
0.0853646
0.0852362
0.0851059
0.0849737
0.0848396
0.0847036
0.0845656
0.0844257
0.084284
0.0841404
0.0839951
0.0838483
0.0837001
0.0835508
0.0834007
0.0832502
0.0830997
0.0829499
0.0828012
0.0826545
0.0825107
0.0823707
0.0822356
0.0821067
0.0819855
0.0818735
0.0817722
0.0816836
0.0816093
0.0815512
0.0815109
0.08149
0.0863801
0.0862657
0.0861466
0.0860242
0.0858993
0.0857725
0.0856441
0.0855143
0.0853831
0.0852505
0.0851165
0.0849811
0.0848441
0.0847055
0.0845653
0.0844234
0.0842798
0.0841346
0.0839878
0.0838397
0.0836903
0.0835401
0.0833892
0.083238
0.083087
0.0829368
0.0827879
0.0826411
0.0824973
0.0823575
0.0822228
0.0820944
0.0819737
0.0818623
0.0817618
0.081674
0.0816005
0.081543
0.0815033
0.0814828
0.0864535
0.0863272
0.0861981
0.0860671
0.0859349
0.0858018
0.0856679
0.0855333
0.0853979
0.0852616
0.0851244
0.0849861
0.0848465
0.0847057
0.0845634
0.0844197
0.0842744
0.0841278
0.0839797
0.0838305
0.0836802
0.0835291
0.0833775
0.0832257
0.0830743
0.0829238
0.0827747
0.0826279
0.0824843
0.0823447
0.0822103
0.0820824
0.0819624
0.0818517
0.0817519
0.0816648
0.081592
0.0815353
0.0814962
0.081476
0.0865167
0.0863798
0.0862418
0.0861033
0.0859647
0.085826
0.0856872
0.0855484
0.0854093
0.0852698
0.0851297
0.0849889
0.0848471
0.0847042
0.0845601
0.0844148
0.0842681
0.0841202
0.0839711
0.0838208
0.0836697
0.0835179
0.0833657
0.0832135
0.0830617
0.082911
0.0827619
0.0826151
0.0824716
0.0823323
0.0821983
0.0820709
0.0819515
0.0818415
0.0817425
0.0816561
0.0815841
0.081528
0.0814894
0.0814695
0.0865702
0.0864241
0.0862783
0.0861332
0.0859889
0.0858454
0.0857024
0.0855599
0.0854177
0.0852753
0.0851328
0.0849897
0.0848459
0.0847013
0.0845557
0.084409
0.0842611
0.0841121
0.083962
0.083811
0.0836591
0.0835067
0.083354
0.0832014
0.0830494
0.0828985
0.0827494
0.0826027
0.0824594
0.0823204
0.0821869
0.08206
0.0819412
0.0818318
0.0817335
0.0816479
0.0815766
0.0815212
0.0814831
0.0814635
9.91567e-05
0.000339721
0.000632905
0.000986613
0.00140819
0.00190468
0.00248293
0.00314934
0.00390957
0.0047681
0.00572782
0.00678958
0.00795179
0.00921005
0.0105569
0.0119817
0.0134706
0.0150069
0.0165714
0.018143
0.0196998
0.0212194
0.0226807
0.0240644
0.0253541
0.0265372
0.0276048
0.0285527
0.0293807
0.0300926
0.0306954
0.0311987
0.0316138
0.031953
0.0322287
0.0324531
0.0326372
0.0327908
0.0329224
0.0330388
0.000100802
0.000345388
0.000643344
0.0010022
0.00142894
0.00193037
0.00251311
0.00318342
0.00394674
0.00480739
0.00576807
0.00682947
0.00798985
0.00924475
0.0105867
0.0120051
0.0134863
0.0150139
0.016569
0.018131
0.0196782
0.0211889
0.0226424
0.0240197
0.0253049
0.0264853
0.0275522
0.0285013
0.0293322
0.0300485
0.0306568
0.0311664
0.0315882
0.0319344
0.0322171
0.0324483
0.0326389
0.032799
0.0329371
0.0330603
0.000102548
0.000351339
0.000654137
0.00101805
0.00144974
0.0019558
0.00254272
0.00321659
0.00398272
0.00484526
0.00580673
0.00686769
0.00802628
0.00927795
0.0106152
0.0120276
0.0135016
0.015021
0.0165673
0.0181201
0.0196583
0.0211606
0.0226066
0.0239779
0.0252586
0.0264362
0.0275023
0.0284523
0.0292858
0.0300059
0.0306192
0.0311345
0.0315626
0.0319151
0.0322042
0.0324415
0.0326382
0.0328041
0.032948
0.033077
0.000104402
0.000357559
0.000665184
0.00103396
0.00147026
0.00198057
0.00257127
0.00324833
0.00401695
0.00488112
0.00584322
0.00690368
0.00806054
0.00930918
0.0106421
0.0120489
0.0135162
0.015028
0.0165661
0.0181104
0.0196403
0.0211347
0.0225738
0.0239393
0.0252157
0.0263907
0.0274558
0.0284064
0.029242
0.0299656
0.0305833
0.0311037
0.0315374
0.0318956
0.0321904
0.0324334
0.0326354
0.0328065
0.0329554
0.0330895
0.000106363
0.000364002
0.000676323
0.00104962
0.00149009
0.00200417
0.00259819
0.00327804
0.00404879
0.00491433
0.00587692
0.00693685
0.00809207
0.00933792
0.0106669
0.0120686
0.0135298
0.0150348
0.0165654
0.018102
0.0196243
0.0211116
0.0225443
0.0239045
0.0251768
0.0263493
0.0274133
0.0283644
0.0292018
0.0299283
0.0305498
0.0310748
0.0315133
0.0318766
0.0321765
0.0324243
0.032631
0.0328066
0.0329598
0.0330982
0.000108417
0.000370572
0.0006873
0.00106462
0.00150871
0.00202601
0.00262283
0.00330501
0.00407754
0.00494419
0.00590712
0.00696652
0.00812025
0.0093636
0.0106891
0.0120863
0.0135422
0.015041
0.0165651
0.018095
0.0196105
0.0210915
0.0225185
0.023874
0.0251427
0.0263128
0.0273758
0.0283271
0.0291659
0.0298948
0.0305196
0.0310483
0.0314911
0.0318587
0.0321629
0.0324149
0.0326256
0.032805
0.0329618
0.0331037
0.000110523
0.000377088
0.00069773
0.00107843
0.00152547
0.00204536
0.00264443
0.00332848
0.00410241
0.00496992
0.00593307
0.00699195
0.00814439
0.0093856
0.0107081
0.0121015
0.0135529
0.0150466
0.0165652
0.0180894
0.0195992
0.0210748
0.022497
0.0238484
0.025114
0.0262819
0.0273439
0.0282953
0.0291352
0.029866
0.0304934
0.0310253
0.0314715
0.0318427
0.0321504
0.0324059
0.0326199
0.0328023
0.0329619
0.0331066
0.000112588
0.000383224
0.000707056
0.00109033
0.00153957
0.0020614
0.00266214
0.00334757
0.00412254
0.00499066
0.00595393
0.00701237
0.00816374
0.00940324
0.0107234
0.0121138
0.0135616
0.0150513
0.0165655
0.0180851
0.0195905
0.0210618
0.0224801
0.0238282
0.0250913
0.0262575
0.0273187
0.02827
0.0291106
0.0298429
0.0304723
0.0310066
0.0314554
0.0318294
0.0321398
0.032398
0.0326144
0.0327991
0.0329609
0.0331076
0.000114424
0.000388428
0.000714479
0.00109943
0.0015501
0.00207318
0.00267502
0.00336135
0.00413699
0.00500549
0.00596881
0.00702691
0.00817752
0.0094158
0.0107342
0.0121226
0.0135679
0.0150547
0.0165658
0.0180823
0.0195845
0.0210528
0.0224684
0.0238141
0.0250754
0.0262404
0.0273008
0.0282521
0.0290932
0.0298265
0.0304572
0.0309931
0.0314437
0.0318196
0.0321319
0.0323919
0.03261
0.0327963
0.0329595
0.0331075
0.000115683
0.000391784
0.000718905
0.00110462
0.00155596
0.00207964
0.00268201
0.00336878
0.00414475
0.00501343
0.00597676
0.00703467
0.00818487
0.00942251
0.0107401
0.0121273
0.0135713
0.0150566
0.0165661
0.0180809
0.0195814
0.0210481
0.0224623
0.0238068
0.025067
0.0262313
0.0272914
0.0282426
0.0290839
0.0298177
0.0304491
0.0309858
0.0314373
0.0318142
0.0321275
0.0323884
0.0326074
0.0327945
0.0329584
0.033107
0.0331844
0.0333557
0.0335183
0.0336607
0.0337447
0.0337002
0.03343
0.0326495
0.0320186
0.0314546
0.0309416
0.0304574
0.0299941
0.0295427
0.0290983
0.0286565
0.0282142
0.027769
0.0273186
0.0268614
0.0263958
0.0259199
0.0254322
0.0249308
0.0244141
0.0238797
0.0233253
0.0227479
0.0221441
0.0215102
0.0208429
0.0201401
0.0194014
0.0186164
0.0177017
0.0180623
0.0183453
0.0186638
0.0190187
0.0193962
0.0197844
0.0201778
0.0205734
0.0209703
0.0213679
0.0217669
0.0221677
0.0225715
0.0229794
0.023393
0.0238142
0.0242461
0.0246928
0.0251598
0.0256556
0.0261919
0.0267882
0.0274753
0.028313
0.029437
0.0313022
0.035293
0.0437861
0.0548107
0.0594924
0.0594081
0.058191
0.057079
0.0561814
0.0554349
0.0547827
0.0541921
0.0536411
0.053116
0.0526074
0.0521082
0.0516132
0.0511183
0.0506198
0.0501145
0.0495995
0.0490719
0.0485286
0.0479666
0.047382
0.0467709
0.0461288
0.0454514
0.0447351
0.0439777
0.0431672
0.0422266
0.0425569
0.0428016
0.0430834
0.0434051
0.043752
0.0441121
0.044479
0.0448502
0.0452241
0.0456004
0.0459792
0.0463611
0.0467471
0.0471384
0.0475365
0.0479433
0.0483621
0.0487968
0.049253
0.0497391
0.050267
0.0508564
0.0515376
0.0523708
0.0534895
0.0553332
0.0592084
0.0672915
0.0775588
0.0817333
0.0814885
0.0802469
0.0791394
0.0782501
0.0775118
0.0768678
0.0762854
0.0757428
0.0752265
0.0747268
0.0742369
0.0737514
0.0732662
0.0727776
0.0722823
0.0717775
0.0712602
0.0707271
0.0701751
0.0696005
0.068999
0.0683659
0.0676966
0.0669868
0.0662331
0.0654217
0.0644735
0.0647907
0.0650169
0.0652773
0.0655764
0.0659002
0.0662371
0.0665807
0.0669286
0.0672794
0.0676327
0.067989
0.0683489
0.0687134
0.0690839
0.0694619
0.0698496
0.0702501
0.0706676
0.0711077
0.071579
0.0720935
0.072671
0.073342
0.0741661
0.0752713
0.0770575
0.0806415
0.0877254
0.0962071
0.0992254
0.0986174
0.0973149
0.0962109
0.0953334
0.0946074
0.0939756
0.0934052
0.0928746
0.09237
0.0918821
0.0914036
0.0909292
0.0904547
0.0899763
0.0894906
0.0889943
0.0884842
0.0879567
0.087408
0.0868333
0.0862276
0.0855838
0.0848945
0.0841503
0.0833402
0.0824406
0.0813739
0.081543
0.0815935
0.0816726
0.0817904
0.0819335
0.0820894
0.0822509
0.0824152
0.0825806
0.0827467
0.0829139
0.0830827
0.0832536
0.0834277
0.0836054
0.0837877
0.0839758
0.0841713
0.0843757
0.0845915
0.0848213
0.0850698
0.0853422
0.0856476
0.085994
0.0864052
0.0868943
0.087565
0.0877809
0.087767
0.0876053
0.0873685
0.0871023
0.0868284
0.0332162
0.0334044
0.0335919
0.0337743
0.0339244
0.0339766
0.0338097
0.0330727
0.0324579
0.0319022
0.0313923
0.0309088
0.0304438
0.0299895
0.029541
0.0290943
0.0286465
0.0281951
0.0277383
0.0272744
0.0268018
0.0263189
0.0258241
0.0253159
0.0247926
0.0242524
0.023693
0.0231118
0.022506
0.0218722
0.0212071
0.0205075
0.0197686
0.018971
0.018024
0.0184718
0.0188109
0.0191582
0.0195253
0.0199067
0.0202946
0.0206858
0.0210786
0.0214725
0.0218673
0.0222638
0.0226622
0.0230638
0.0234698
0.0238813
0.0243003
0.0247297
0.0251731
0.0256357
0.0261253
0.0266529
0.0272369
0.0279065
0.0287203
0.0298164
0.0316558
0.0356227
0.0440377
0.0549368
0.0596544
0.0596682
0.0585232
0.0574526
0.0565798
0.0558481
0.0552046
0.054618
0.054068
0.0535415
0.0530296
0.0525258
0.0520252
0.0515239
0.0510184
0.0505058
0.0499834
0.0494485
0.0488983
0.0483301
0.0477405
0.0471262
0.046483
0.0458069
0.0450935
0.0443364
0.0435153
0.0425466
0.0429691
0.0432741
0.0435879
0.043924
0.0442761
0.0446368
0.0450021
0.0453706
0.0457415
0.0461147
0.0464905
0.0468696
0.0472528
0.0476414
0.0480367
0.0484407
0.048856
0.0492866
0.0497374
0.0502165
0.0507347
0.0513106
0.0519733
0.0527814
0.0538704
0.0556856
0.0595325
0.0675355
0.0776849
0.0818993
0.0817511
0.0805805
0.0795141
0.0786498
0.0779266
0.0772917
0.0767136
0.0761723
0.0756547
0.075152
0.0746576
0.0741666
0.073675
0.0731794
0.0726768
0.0721643
0.0716393
0.071099
0.0705404
0.0699601
0.0693546
0.0687196
0.0680506
0.0673427
0.0665885
0.065766
0.0647903
0.0652011
0.0654898
0.0657844
0.0661
0.0664309
0.0667699
0.0671131
0.0674594
0.0678079
0.0681588
0.0685126
0.0688699
0.0692317
0.0695995
0.0699745
0.0703589
0.0707555
0.0711682
0.0716022
0.0720655
0.0725693
0.0731321
0.0737832
0.0745805
0.0756535
0.0774057
0.0809525
0.0879538
0.0963353
0.0994005
0.0988849
0.09765
0.0965861
0.0957335
0.0950229
0.0944001
0.0938341
0.0933046
0.0927986
0.0923072
0.0918238
0.0913432
0.0908615
0.090375
0.0898804
0.0893748
0.0888552
0.088318
0.08776
0.0871767
0.0865637
0.0859145
0.0852226
0.0844784
0.0836686
0.0827633
0.081681
0.0819609
0.0820923
0.0822231
0.0823727
0.0825358
0.0827047
0.0828752
0.0830458
0.0832158
0.0833853
0.0835548
0.0837249
0.0838966
0.0840706
0.0842477
0.0844286
0.0846148
0.0848076
0.0850085
0.0852197
0.0854439
0.0856852
0.0859485
0.086242
0.0865732
0.0869627
0.0874216
0.0880315
0.0881237
0.0879958
0.0877547
0.0874681
0.0871705
0.0868759
0.033242
0.0334444
0.033653
0.03387
0.034079
0.0342232
0.0341621
0.0334699
0.03287
0.0323217
0.0318148
0.031332
0.030866
0.0304094
0.0299577
0.0295072
0.0290549
0.0285987
0.0281367
0.0276674
0.0271892
0.0267007
0.0262003
0.0256868
0.0251586
0.024614
0.0240512
0.023468
0.0228618
0.02223
0.0215691
0.020875
0.0201382
0.01933
0.0183526
0.0188775
0.0192648
0.0196344
0.0200091
0.020391
0.0207764
0.0211642
0.0215535
0.0219439
0.0223357
0.0227293
0.0231253
0.0235246
0.0239283
0.0243377
0.0247544
0.0251812
0.0256214
0.0260799
0.026564
0.0270841
0.0276575
0.0283125
0.0291073
0.0301843
0.0320143
0.0359773
0.0443043
0.0550298
0.0597849
0.0599118
0.0588417
0.057809
0.0569575
0.0562384
0.0556022
0.0550193
0.0544703
0.0539428
0.0534286
0.0529212
0.0524163
0.0519099
0.051399
0.0508807
0.0503525
0.049812
0.0492566
0.0486841
0.0480915
0.0474758
0.0468337
0.0461612
0.045453
0.0446986
0.0438687
0.0428733
0.043377
0.0437337
0.0440725
0.044418
0.0447718
0.0451309
0.0454932
0.0458582
0.0462255
0.0465954
0.0469681
0.0473442
0.0477246
0.0481105
0.048503
0.0489041
0.0493161
0.0497428
0.0501888
0.0506615
0.0511714
0.0517358
0.052383
0.053171
0.0542393
0.0560419
0.0598795
0.067793
0.0777796
0.0820359
0.0819982
0.0809003
0.0798714
0.0790284
0.078318
0.0776907
0.0771166
0.0765765
0.0760581
0.0755532
0.0750554
0.07456
0.0740634
0.0735624
0.0730539
0.0725355
0.0720047
0.0714588
0.0708955
0.0703116
0.0697042
0.0690695
0.0684033
0.0676997
0.0669475
0.0661159
0.0651138
0.0656071
0.0659492
0.0662708
0.0665975
0.0669316
0.0672702
0.0676115
0.0679552
0.0683009
0.068649
0.069
0.0693545
0.0697136
0.0700786
0.0704507
0.0708319
0.0712248
0.0716331
0.0720617
0.0725179
0.0730125
0.0735628
0.0741973
0.074973
0.0760225
0.0777557
0.0812818
0.088192
0.0964365
0.0995514
0.0991389
0.0979715
0.0969434
0.096112
0.0954142
0.0947992
0.0942371
0.0937087
0.0932018
0.0927078
0.0922204
0.0917349
0.0912474
0.0907544
0.0902528
0.0897398
0.0892126
0.0886679
0.0881028
0.0875132
0.0868954
0.0862436
0.0855519
0.0848105
0.0840033
0.0830938
0.0819953
0.0823722
0.0825728
0.0827451
0.0829184
0.0830954
0.0832729
0.0834491
0.0836237
0.0837964
0.0839678
0.0841386
0.0843095
0.0844813
0.0846549
0.0848311
0.0850108
0.085195
0.0853853
0.0855831
0.0857904
0.0860097
0.0862448
0.0865003
0.0867836
0.0871019
0.087473
0.0879057
0.0884566
0.0884255
0.0881903
0.0878786
0.0875493
0.0872253
0.0869133
0.033262
0.0334763
0.0337022
0.0339479
0.0342078
0.0344377
0.0344856
0.0338394
0.0332529
0.0327111
0.0322067
0.0317247
0.031258
0.0307998
0.0303458
0.0298922
0.0294365
0.0289765
0.0285105
0.028037
0.0275545
0.0270616
0.026557
0.0260395
0.0255076
0.02496
0.024395
0.0238108
0.0232055
0.0225768
0.0219214
0.0212341
0.020501
0.0196834
0.0186746
0.0192691
0.0196969
0.0200829
0.0204613
0.0208414
0.0212234
0.0216072
0.0219925
0.0223795
0.0227682
0.0231591
0.0235526
0.0239497
0.0243513
0.0247587
0.0251733
0.0255977
0.0260352
0.0264901
0.0269695
0.0274833
0.028048
0.0286915
0.0294725
0.0305396
0.0323763
0.0363538
0.0445838
0.0550931
0.0598853
0.0601379
0.0591447
0.0581467
0.0573128
0.0566039
0.0559738
0.0553939
0.0548458
0.0543178
0.0538018
0.0532918
0.0527835
0.0522734
0.0517583
0.0512356
0.0507031
0.0501584
0.0495994
0.0490239
0.0484296
0.0478141
0.0471744
0.0465068
0.0458053
0.0450551
0.0442175
0.0431935
0.0437702
0.0441703
0.0445276
0.0448784
0.0452315
0.0455876
0.0459462
0.0463074
0.0466712
0.0470378
0.0474075
0.0477809
0.0481587
0.048542
0.048932
0.0493304
0.0497395
0.0501628
0.0506047
0.051072
0.051575
0.05213
0.0527649
0.0535381
0.054595
0.0564007
0.0602467
0.0680621
0.0778465
0.0821445
0.0822286
0.0812047
0.0802096
0.0793842
0.0786842
0.0780631
0.0774922
0.0769532
0.0764345
0.0759279
0.0754275
0.0749289
0.0744285
0.0739232
0.0734103
0.0728874
0.0723523
0.0718025
0.0712358
0.0706499
0.070042
0.0694091
0.0687471
0.0680495
0.0673008
0.0664613
0.0654309
0.0659983
0.0663852
0.0667269
0.0670604
0.067395
0.0677316
0.0680701
0.0684106
0.0687533
0.0690986
0.0694469
0.0697988
0.0701554
0.0705178
0.0708873
0.0712656
0.0716553
0.0720598
0.0724837
0.0729341
0.073421
0.0739612
0.0745825
0.075342
0.0763772
0.078106
0.0816271
0.0884385
0.0965137
0.0996792
0.0993783
0.098278
0.0972815
0.0964673
0.0957799
0.0951711
0.0946122
0.0940849
0.0935773
0.0930814
0.092591
0.0921017
0.0916097
0.0911116
0.0906046
0.0900859
0.0895528
0.0890025
0.0884321
0.0878383
0.0872176
0.0865652
0.0858754
0.0851387
0.0843358
0.0834224
0.0823042
0.0827667
0.083025
0.0832292
0.0834193
0.0836052
0.0837879
0.0839673
0.084144
0.0843182
0.0844907
0.084662
0.0848331
0.0850047
0.0851778
0.0853531
0.0855315
0.0857141
0.0859023
0.0860973
0.0863013
0.0865166
0.0867466
0.0869957
0.0872707
0.0875786
0.0879345
0.0883451
0.088839
0.0886841
0.0883501
0.0879778
0.0876133
0.0872677
0.0869418
0.033277
0.0335008
0.0337404
0.0340089
0.0343106
0.0346176
0.034777
0.0341778
0.0336032
0.0330669
0.0325645
0.0320832
0.0316161
0.0311568
0.0307009
0.0302452
0.0297869
0.0293241
0.0288551
0.0283784
0.0278927
0.0273966
0.026889
0.0263685
0.025834
0.0252843
0.024718
0.0241336
0.0235298
0.0229045
0.0222549
0.0215746
0.0208458
0.0200195
0.0189765
0.0196348
0.020096
0.0204934
0.020873
0.0212503
0.0216282
0.0220081
0.0223898
0.0227736
0.0231596
0.0235481
0.0239395
0.0243346
0.0247344
0.02514
0.0255528
0.0259752
0.0264103
0.0268624
0.0273381
0.027847
0.028405
0.0290403
0.0298126
0.0308788
0.0327374
0.0367455
0.0448713
0.0551297
0.0599565
0.0603436
0.0594286
0.058462
0.0576424
0.0569412
0.0563156
0.0557381
0.0551909
0.0546625
0.0541452
0.0536333
0.0531226
0.0526097
0.0520915
0.0515657
0.05103
0.0504823
0.0499208
0.0493435
0.0487485
0.0481338
0.0474971
0.0468349
0.0461403
0.0453949
0.0445499
0.0434938
0.044137
0.0445727
0.0449432
0.0452963
0.0456474
0.0459999
0.0463548
0.0467125
0.047073
0.0474367
0.0478038
0.0481748
0.0485503
0.0489315
0.0493193
0.0497155
0.0501222
0.0505427
0.0509812
0.0514444
0.0519419
0.0524897
0.0531158
0.0538795
0.054934
0.0567577
0.0606275
0.0683381
0.077888
0.0822257
0.0824394
0.08149
0.0805252
0.0797139
0.0790217
0.0784053
0.077837
0.0772989
0.0767799
0.0762722
0.0757699
0.0752689
0.0747657
0.0742573
0.0737412
0.0732151
0.0726768
0.0721242
0.0715555
0.0709685
0.070361
0.0697306
0.0690734
0.0683822
0.0676378
0.0667906
0.0657286
0.0663631
0.0667868
0.0671429
0.0674798
0.0678133
0.0681471
0.0684825
0.0688201
0.06916
0.0695027
0.0698486
0.0701983
0.0705527
0.0709129
0.0712801
0.071656
0.0720431
0.0724445
0.0728647
0.0733104
0.0737915
0.0743239
0.0749356
0.0756844
0.0767141
0.0784524
0.0819824
0.0886894
0.096569
0.0997838
0.0996001
0.0985657
0.0975968
0.0967962
0.0961165
0.0955124
0.094956
0.0944295
0.0939215
0.0934242
0.0929316
0.0924395
0.0919441
0.0914423
0.0909312
0.0904083
0.0898709
0.0893165
0.0887424
0.0881457
0.0875235
0.0868716
0.0861849
0.0854535
0.0846555
0.0837379
0.0825945
0.0831329
0.0834381
0.0836659
0.0838672
0.0840584
0.0842438
0.0844247
0.0846024
0.0847772
0.08495
0.0851216
0.0852926
0.0854639
0.0856364
0.0858108
0.0859881
0.0861694
0.0863558
0.0865487
0.0867501
0.0869621
0.0871882
0.0874323
0.0877009
0.0880007
0.0883447
0.0887369
0.089176
0.0888976
0.0884757
0.0880538
0.0876613
0.087299
0.0869622
0.0332874
0.0335186
0.0337685
0.0340541
0.0343881
0.0347608
0.0350321
0.03448
0.0339161
0.0333841
0.0328832
0.0324025
0.0319351
0.0314749
0.0310178
0.0305605
0.0301004
0.0296357
0.0291645
0.0286856
0.0281976
0.0276993
0.0271894
0.0266669
0.0261307
0.0255796
0.0250126
0.0244285
0.0238262
0.0232042
0.0225597
0.0218857
0.0211608
0.0203259
0.019246
0.0199628
0.0204508
0.020856
0.0212354
0.0216095
0.0219838
0.0223602
0.022739
0.0231202
0.0235039
0.0238905
0.0242802
0.0246738
0.0250721
0.0254763
0.0258877
0.0263086
0.0267419
0.0271919
0.0276648
0.0281702
0.0287237
0.0293537
0.0301223
0.031196
0.0330897
0.0371412
0.0451584
0.0551424
0.0599994
0.0605252
0.059688
0.0587497
0.057941
0.0572451
0.0566227
0.0560469
0.0555002
0.0549715
0.0544534
0.0539402
0.0534277
0.0529128
0.0523925
0.0518645
0.0513266
0.050777
0.0502138
0.0496354
0.0490402
0.0484267
0.0477928
0.0471355
0.0464472
0.045706
0.0448534
0.0437621
0.0444654
0.0449298
0.0453094
0.0456631
0.0460116
0.0463608
0.0467124
0.0470671
0.0474251
0.0477864
0.0481514
0.0485205
0.0488942
0.0492737
0.0496599
0.0500543
0.0504592
0.0508776
0.0513137
0.0517737
0.0522673
0.0528103
0.0534306
0.05419
0.0552504
0.0571051
0.0610113
0.0686131
0.0779068
0.0822801
0.0826266
0.0817508
0.0808129
0.0800124
0.0793256
0.0787124
0.0781458
0.0776084
0.0770892
0.0765807
0.0760771
0.0755744
0.0750693
0.0745587
0.0740403
0.0735119
0.0729715
0.0724171
0.0718471
0.0712597
0.070653
0.0700251
0.0693724
0.0686869
0.0679465
0.0670916
0.0659945
0.0666896
0.0671429
0.067509
0.0678473
0.0681789
0.06851
0.0688426
0.0691776
0.0695151
0.0698557
0.0701997
0.0705476
0.0709003
0.0712588
0.0716243
0.0719984
0.0723835
0.0727826
0.0732001
0.0736424
0.0741192
0.0746463
0.0752517
0.075995
0.0770274
0.0787875
0.0823378
0.0889376
0.096604
0.0998646
0.0997999
0.0988295
0.0978842
0.0970935
0.0964191
0.0958183
0.0952635
0.0947376
0.0942293
0.0937309
0.0932369
0.0927427
0.092245
0.0917405
0.0912265
0.0907006
0.0901602
0.089603
0.0890264
0.088428
0.0878051
0.0871542
0.0864707
0.0857442
0.0849506
0.0840279
0.0828542
0.0834595
0.0838016
0.0840462
0.0842545
0.0844485
0.084635
0.0848165
0.0849944
0.0851694
0.0853423
0.0855137
0.0856845
0.0858555
0.0860275
0.0862013
0.0863777
0.0865579
0.0867429
0.0869343
0.0871337
0.0873435
0.0875666
0.0878071
0.088071
0.088365
0.0887001
0.0890774
0.089464
0.0890647
0.0885687
0.0881086
0.0876953
0.0873206
0.0869758
0.0332941
0.0335306
0.0337879
0.0340854
0.0344422
0.0348664
0.0352456
0.0347396
0.0341852
0.0336563
0.0331564
0.032676
0.0322084
0.0317477
0.0312897
0.0308314
0.0303701
0.029904
0.0294315
0.0289511
0.0284617
0.0279619
0.0274506
0.0269268
0.0263894
0.0258375
0.0252702
0.0246864
0.0240854
0.0234659
0.0228253
0.022156
0.0214337
0.0205903
0.0194726
0.0202416
0.0207506
0.0211612
0.0215399
0.0219115
0.0222829
0.0226567
0.0230332
0.0234125
0.0237947
0.0241799
0.0245684
0.0249609
0.0253582
0.0257614
0.0261718
0.0265917
0.0270238
0.0274724
0.0279436
0.0284468
0.0289977
0.0296252
0.0303945
0.0314826
0.0334209
0.037524
0.0454329
0.0551348
0.0600165
0.0606783
0.0599159
0.0590024
0.0582016
0.0575089
0.0568883
0.0563133
0.0557669
0.0552381
0.0547193
0.0542052
0.0536917
0.0531755
0.0526538
0.0521243
0.051585
0.0510341
0.0504699
0.0498909
0.0492958
0.0486833
0.0480517
0.0473982
0.0467145
0.0459763
0.045116
0.0439877
0.0447442
0.0452309
0.0456168
0.0459705
0.0463168
0.0466633
0.0470125
0.047365
0.047721
0.0480806
0.0484442
0.0488119
0.0491844
0.0495627
0.0499477
0.050341
0.0507446
0.0511616
0.051596
0.0520541
0.0525453
0.0530853
0.0537029
0.0544624
0.0555358
0.057431
0.0613816
0.0688756
0.077906
0.0823092
0.0827856
0.0819802
0.0810656
0.0802726
0.079589
0.0789777
0.078412
0.077875
0.0773557
0.0768465
0.0763421
0.0758383
0.0753319
0.0748199
0.0743
0.0737702
0.0732284
0.0726729
0.0721021
0.0715146
0.0709088
0.0702829
0.0696336
0.0689525
0.0682147
0.0673521
0.0662182
0.0669669
0.067443
0.067816
0.0681548
0.0684847
0.0688135
0.069144
0.069477
0.0698128
0.0701519
0.0704945
0.0708412
0.0711926
0.07155
0.0719143
0.0722871
0.0726709
0.0730684
0.0734841
0.0739243
0.0743984
0.0749223
0.0755245
0.0762669
0.0773089
0.0790999
0.0826786
0.0891731
0.0966207
0.0999218
0.0999724
0.0990621
0.0981364
0.0973524
0.0966812
0.0960821
0.0955283
0.0950027
0.0944941
0.0939951
0.0935
0.0930045
0.0925051
0.0919989
0.091483
0.0909552
0.0904128
0.0898537
0.0892757
0.0886762
0.0880531
0.0874032
0.0867222
0.0859996
0.0852088
0.0842803
0.0830729
0.0837357
0.0841058
0.0843617
0.0845743
0.0847697
0.0849565
0.0851381
0.0853159
0.0854909
0.0856636
0.0858349
0.0860055
0.0861762
0.0863478
0.0865211
0.0866969
0.0868764
0.0870606
0.0872509
0.087449
0.0876572
0.0878783
0.0881165
0.0883774
0.0886676
0.0889965
0.0893619
0.0896992
0.0891856
0.088632
0.088145
0.0877174
0.0873341
0.0869839
0.0332977
0.0335378
0.0337998
0.0341049
0.0344759
0.0349355
0.0354122
0.0349487
0.0344024
0.0338757
0.0333762
0.032896
0.0324282
0.0319671
0.0315086
0.0310497
0.0305877
0.0301208
0.0296475
0.0291663
0.0286759
0.0281753
0.0276632
0.0271386
0.0266006
0.0260483
0.0254808
0.0248972
0.0242971
0.0236792
0.0230411
0.0223745
0.021653
0.0208017
0.0196485
0.0204614
0.020986
0.0214004
0.0217788
0.0221487
0.0225184
0.0228905
0.0232656
0.0236437
0.0240249
0.0244092
0.024797
0.0251889
0.0255856
0.0259882
0.0263981
0.0268173
0.0272488
0.0276966
0.0281669
0.0286691
0.0292189
0.0298463
0.0306195
0.0317262
0.0337131
0.0378698
0.0456783
0.0551123
0.0600123
0.0607982
0.0601035
0.0592109
0.0584152
0.057724
0.0571041
0.0565293
0.0559829
0.0554539
0.0549347
0.0544201
0.0539058
0.0533888
0.0528663
0.052336
0.0517959
0.0512443
0.0506795
0.0501002
0.0495052
0.0488934
0.0482633
0.0476121
0.0469311
0.0461939
0.0453263
0.0441628
0.0449637
0.0454668
0.0458572
0.046211
0.0465558
0.0469006
0.0472482
0.0475993
0.0479541
0.0483128
0.0486754
0.0490423
0.0494141
0.0497917
0.050176
0.0505686
0.0509715
0.0513877
0.0518213
0.0522783
0.0527684
0.0533072
0.0539244
0.0546873
0.0557779
0.0577178
0.0617155
0.0691098
0.0778903
0.0823166
0.0829115
0.0821693
0.081274
0.0804857
0.0798036
0.079193
0.0786276
0.0780906
0.0775711
0.0770616
0.0765566
0.0760522
0.0755449
0.0750321
0.0745114
0.0739807
0.0734381
0.072882
0.0723108
0.0717232
0.071118
0.0704935
0.0698464
0.0691678
0.0684308
0.0675608
0.0663919
0.0671851
0.0676779
0.0680558
0.068395
0.0687237
0.0690511
0.0693801
0.0697119
0.0700467
0.0703848
0.0707266
0.0710725
0.0714232
0.0717799
0.0721435
0.0725156
0.0728986
0.0732953
0.07371
0.074149
0.0746218
0.0751443
0.0757458
0.0764909
0.0775469
0.0793736
0.0829842
0.089382
0.0966223
0.0999565
0.100112
0.0992545
0.0983445
0.0975644
0.0968943
0.096296
0.0957425
0.0952168
0.094708
0.0942085
0.0937127
0.0932164
0.0927162
0.0922089
0.0916919
0.0911629
0.0906194
0.0900592
0.0894803
0.0888803
0.0882571
0.087608
0.0869285
0.086208
0.0854184
0.0844836
0.0832428
0.0839522
0.0843421
0.0846057
0.0848209
0.0850169
0.0852038
0.0853853
0.085563
0.0857378
0.0859104
0.0860816
0.086252
0.0864225
0.0865939
0.0867669
0.0869424
0.0871214
0.0873051
0.0874947
0.0876921
0.0878994
0.0881195
0.0883564
0.0886156
0.0889036
0.0892288
0.0895848
0.089878
0.0892628
0.0886699
0.0881663
0.0877298
0.0873412
0.0869876
0.0332993
0.0335414
0.033806
0.034115
0.0344932
0.0349718
0.0355269
0.0350984
0.0345584
0.0340329
0.0335336
0.0330533
0.0325853
0.032124
0.0316653
0.031206
0.0307437
0.0302764
0.0298027
0.0293211
0.0288303
0.0283293
0.0278168
0.0272919
0.0267536
0.0262011
0.0256335
0.0250501
0.0244503
0.0238332
0.0231962
0.0225305
0.0218083
0.0209503
0.0197682
0.0206138
0.0211488
0.0215661
0.0219448
0.022314
0.0226828
0.0230541
0.0234286
0.0238062
0.0241868
0.0245708
0.0249583
0.0253498
0.0257463
0.0261486
0.0265583
0.0269773
0.0274085
0.0278561
0.0283261
0.0288281
0.029378
0.0300066
0.0307851
0.0319104
0.0339417
0.0381456
0.045872
0.0550835
0.0599952
0.0608812
0.0602407
0.0593638
0.058571
0.05788
0.0572599
0.056685
0.0561384
0.0556092
0.0550897
0.0545747
0.0540602
0.0535428
0.0530199
0.0524891
0.0519486
0.0513967
0.0508316
0.0502522
0.0496572
0.0490457
0.0484164
0.0477662
0.0470861
0.0463483
0.0454744
0.0442821
0.0451158
0.0456297
0.0460234
0.0463775
0.0467218
0.0470658
0.0474126
0.0477631
0.0481174
0.0484755
0.0488377
0.0492042
0.0495757
0.0499529
0.050337
0.0507293
0.051132
0.0515479
0.0519811
0.0524378
0.0529276
0.0534664
0.0540847
0.0548526
0.0559607
0.0579418
0.0619814
0.0692943
0.0778673
0.0823094
0.0829995
0.0823078
0.0814267
0.080641
0.0799591
0.0793483
0.0787828
0.0782457
0.0777259
0.0772162
0.0767109
0.0762061
0.0756984
0.0751852
0.0746641
0.0741329
0.07359
0.0730336
0.0724622
0.0718747
0.0712697
0.0706458
0.0699996
0.0693218
0.0685842
0.0677078
0.0665101
0.0673363
0.0678401
0.0682214
0.0685612
0.0688894
0.0692161
0.0695445
0.0698756
0.0702099
0.0705476
0.070889
0.0712345
0.071585
0.0719413
0.0723046
0.0726764
0.0730591
0.0734555
0.0738699
0.0743085
0.074781
0.0753034
0.0759057
0.0766551
0.077726
0.0795861
0.0832263
0.0895458
0.0966141
0.0999724
0.100211
0.0993959
0.0984971
0.0977187
0.0970487
0.0964501
0.0958965
0.0953707
0.0948616
0.0943618
0.0938657
0.0933689
0.0928682
0.0923604
0.0918429
0.0913133
0.0907693
0.0902086
0.0896292
0.0890289
0.0884057
0.0877569
0.0870781
0.0863582
0.085568
0.0846275
0.0833586
0.0841018
0.0845042
0.0847725
0.0849893
0.0851857
0.0853726
0.085554
0.0857316
0.0859063
0.0860789
0.08625
0.0864204
0.0865908
0.086762
0.0869349
0.0871102
0.087289
0.0874725
0.0876619
0.087859
0.0880659
0.0882856
0.088522
0.0887804
0.0890676
0.0893908
0.0897401
0.0899979
0.089302
0.0886881
0.0881761
0.0877351
0.0873439
0.0869886
0.0332996
0.0335426
0.0338082
0.0341185
0.034499
0.0349835
0.0355857
0.0351787
0.0346423
0.0341174
0.033618
0.0331376
0.0326695
0.0322081
0.0317493
0.0312898
0.0308274
0.0303601
0.0298862
0.0294045
0.0289136
0.0284124
0.0278998
0.0273748
0.0268364
0.0262838
0.0257162
0.0251328
0.0245332
0.0239162
0.0232794
0.0226135
0.02189
0.0210277
0.0198287
0.0206924
0.0212327
0.0216519
0.0220311
0.0224002
0.0227688
0.02314
0.0235142
0.0238917
0.0242722
0.0246561
0.0250435
0.025435
0.0258314
0.0262337
0.0266433
0.0270623
0.0274935
0.0279411
0.0284112
0.0289134
0.0294637
0.0300936
0.0308764
0.0320145
0.0340748
0.0383086
0.0459852
0.0550611
0.0599782
0.0609239
0.0603157
0.0594477
0.0586561
0.0579647
0.0573442
0.0567691
0.0562223
0.0556928
0.0551733
0.0546581
0.0541434
0.0536259
0.0531028
0.052572
0.0520314
0.0514793
0.0509141
0.0503347
0.0497397
0.0491283
0.0484991
0.047849
0.0471688
0.0464297
0.0455517
0.0443424
0.0451941
0.0457136
0.0461092
0.0464639
0.0468081
0.047152
0.0474986
0.0478489
0.048203
0.048561
0.0489231
0.0492895
0.049661
0.0500381
0.0504221
0.0508144
0.051217
0.0516329
0.0520661
0.0525229
0.0530128
0.053552
0.0541716
0.0549437
0.0560639
0.0580719
0.0621382
0.069402
0.0778485
0.0822986
0.0830453
0.0823836
0.0815106
0.0807258
0.0800434
0.0794323
0.0788665
0.0783292
0.0778093
0.0772994
0.076794
0.076289
0.0757813
0.0752679
0.0747466
0.0742153
0.0736723
0.0731158
0.0725444
0.0719568
0.0713519
0.070728
0.070082
0.069404
0.0686651
0.0677846
0.0665699
0.0674141
0.0679235
0.0683068
0.0686472
0.0689754
0.069302
0.0696302
0.0699612
0.0702953
0.0706329
0.0709742
0.0713197
0.0716701
0.0720263
0.0723895
0.0727613
0.0731439
0.0735403
0.0739547
0.0743933
0.074866
0.0753888
0.0759923
0.0767453
0.0778267
0.0797091
0.0833685
0.0896409
0.0966044
0.0999759
0.100264
0.0994736
0.0985809
0.0978029
0.0971323
0.0965334
0.0959795
0.0954535
0.0949443
0.0944443
0.093948
0.0934511
0.0929502
0.0924422
0.0919246
0.0913948
0.0908506
0.0902898
0.0897102
0.0891099
0.0884866
0.0878378
0.087159
0.0864389
0.0856474
0.084703
0.0834172
0.0841785
0.084587
0.0848576
0.0850753
0.0852719
0.0854589
0.0856403
0.0858179
0.0859926
0.0861652
0.0863363
0.0865066
0.086677
0.0868482
0.087021
0.0871963
0.0873751
0.0875585
0.0877479
0.0879449
0.0881518
0.0883714
0.0886077
0.0888661
0.0891532
0.0894756
0.0898213
0.0900577
0.0893138
0.0886934
0.0881787
0.0877363
0.0873442
0.0869883
0.0866145
0.0864604
0.0863079
0.0861572
0.0860081
0.0858604
0.0857138
0.0855682
0.0854232
0.0852785
0.0851338
0.0849888
0.0848434
0.0846973
0.0845503
0.0844024
0.0842535
0.0841036
0.0839527
0.083801
0.0836485
0.0834956
0.0833426
0.0831897
0.0830375
0.0828866
0.0827374
0.0825909
0.0824478
0.0823092
0.082176
0.0820497
0.0819315
0.0818228
0.0817252
0.0816403
0.0815697
0.0815149
0.0814773
0.081458
0.0866502
0.0864893
0.0863313
0.0861758
0.0860226
0.0858714
0.0857219
0.0855736
0.0854263
0.0852795
0.085133
0.0849865
0.0848397
0.0846923
0.0845443
0.0843954
0.0842456
0.0840949
0.0839434
0.0837911
0.0836381
0.0834849
0.0833315
0.0831785
0.0830262
0.0828752
0.0827261
0.0825797
0.0824369
0.0822986
0.0821659
0.0820401
0.0819224
0.0818144
0.0817175
0.0816333
0.0815633
0.0815091
0.0814719
0.0814529
0.086678
0.0865116
0.0863489
0.0861895
0.086033
0.0858789
0.0857269
0.0855765
0.0854273
0.0852789
0.0851309
0.0849831
0.0848351
0.0846867
0.0845377
0.0843881
0.0842376
0.0840863
0.0839342
0.0837814
0.0836282
0.0834746
0.083321
0.0831678
0.0830155
0.0828645
0.0827155
0.0825693
0.0824268
0.0822888
0.0821566
0.0820313
0.0819142
0.0818068
0.0817105
0.0816269
0.0815576
0.0815039
0.0814671
0.0814484
0.0866988
0.0865279
0.0863615
0.0861989
0.0860398
0.0858834
0.0857294
0.0855773
0.0854266
0.0852768
0.0851277
0.0849788
0.0848299
0.0846807
0.084531
0.0843807
0.0842297
0.0840779
0.0839254
0.0837723
0.0836187
0.0834649
0.0833112
0.083158
0.0830056
0.0828547
0.0827058
0.0825598
0.0824176
0.08228
0.0821481
0.0820233
0.0819067
0.0817999
0.0817042
0.0816212
0.0815524
0.0814992
0.0814628
0.0814443
0.0867133
0.086539
0.0863697
0.0862048
0.0860435
0.0858855
0.0857299
0.0855765
0.0854246
0.0852738
0.0851237
0.0849741
0.0848244
0.0846746
0.0845244
0.0843736
0.0842221
0.08407
0.0839172
0.0837638
0.08361
0.0834561
0.0833023
0.083149
0.0829967
0.0828458
0.0826971
0.0825514
0.0824093
0.0822721
0.0821406
0.0820162
0.0819002
0.0817938
0.0816987
0.0816162
0.0815479
0.0814952
0.0814591
0.0814408
0.0867226
0.0865458
0.0863744
0.0862077
0.086045
0.0858856
0.0857289
0.0855745
0.0854217
0.0852702
0.0851194
0.0849692
0.084819
0.0846687
0.0845181
0.0843669
0.0842152
0.0840627
0.0839097
0.0837562
0.0836023
0.0834483
0.0832945
0.0831411
0.0829889
0.0828381
0.0826896
0.082544
0.0824022
0.0822653
0.0821342
0.0820101
0.0818945
0.0817886
0.081694
0.081612
0.0815441
0.0814918
0.081456
0.0814379
0.0867278
0.0865491
0.0863763
0.0862084
0.0860446
0.0858844
0.0857269
0.0855718
0.0854184
0.0852664
0.0851152
0.0849645
0.084814
0.0846634
0.0845124
0.084361
0.0842091
0.0840565
0.0839033
0.0837497
0.0835957
0.0834417
0.0832878
0.0831345
0.0829823
0.0828317
0.0826833
0.0825379
0.0823963
0.0822596
0.0821288
0.0820052
0.0818899
0.0817844
0.0816901
0.0816086
0.0815411
0.081489
0.0814535
0.0814355
0.0867298
0.0865501
0.0863764
0.0862077
0.0860433
0.0858825
0.0857246
0.085569
0.0854153
0.0852629
0.0851114
0.0849604
0.0848097
0.0846589
0.0845078
0.0843562
0.0842041
0.0840514
0.0838982
0.0837445
0.0835905
0.0834364
0.0832826
0.0831293
0.0829772
0.0828266
0.0826784
0.0825331
0.0823917
0.0822553
0.0821247
0.0820013
0.0818863
0.0817812
0.0816872
0.0816059
0.0815387
0.0814869
0.0814516
0.0814338
0.08673
0.0865496
0.0863754
0.0862064
0.0860417
0.0858805
0.0857224
0.0855666
0.0854126
0.0852601
0.0851084
0.0849573
0.0848065
0.0846555
0.0845043
0.0843527
0.0842005
0.0840478
0.0838945
0.0837408
0.0835868
0.0834327
0.0832789
0.0831257
0.0829736
0.0828231
0.082675
0.0825298
0.0823886
0.0822523
0.0821219
0.0819987
0.0818839
0.0817789
0.0816852
0.0816042
0.0815372
0.0814855
0.0814504
0.0814326
0.0867294
0.0865489
0.0863745
0.0862053
0.0860405
0.0858792
0.085721
0.0855651
0.0854111
0.0852585
0.0851067
0.0849556
0.0848047
0.0846537
0.0845025
0.0843508
0.0841986
0.0840459
0.0838926
0.0837389
0.0835849
0.0834308
0.083277
0.0831238
0.0829718
0.0828213
0.0826732
0.0825281
0.082387
0.0822507
0.0821204
0.0819973
0.0818827
0.0817778
0.0816842
0.0816033
0.0815364
0.0814849
0.0814498
0.081432
)
;

boundaryField
{
    In
    {
        type            fixedValue;
        value           uniform 0;
    }
    Out
    {
        type            zeroGradient;
    }
    Bottom
    {
        type            zeroGradient;
    }
    Top
    {
        type            zeroGradient;
    }
    DefaultFaces
    {
        type            empty;
    }
}


// ************************************************************************* //
