/*--------------------------------*- C++ -*----------------------------------*\
  =========                 |
  \\      /  F ield         | OpenFOAM: The Open Source CFD Toolbox
   \\    /   O peration     | Website:  https://openfoam.org
    \\  /    A nd           | Version:  10
     \\/     M anipulation  |
\*---------------------------------------------------------------------------*/
FoamFile
{
    format      ascii;
    class       volScalarField;
    location    "5.000001";
    object      tau_Top_P2_R;
}
// * * * * * * * * * * * * * * * * * * * * * * * * * * * * * * * * * * * * * //

dimensions      [0 0 1 0 0 0 0];

internalField   nonuniform List<scalar> 
44800
(
3.45463e-09
1.17015e-08
2.14779e-08
3.30153e-08
4.65308e-08
6.22334e-08
8.03222e-08
1.00979e-07
1.24359e-07
1.50581e-07
1.79717e-07
2.11779e-07
2.46712e-07
2.84384e-07
3.24581e-07
3.67005e-07
4.11274e-07
4.56933e-07
5.03458e-07
5.5028e-07
5.96801e-07
6.42416e-07
6.86544e-07
7.28646e-07
7.68253e-07
8.04983e-07
8.38554e-07
8.68794e-07
8.95639e-07
9.19125e-07
9.39384e-07
9.56619e-07
9.71092e-07
9.83102e-07
9.92967e-07
1.00101e-06
1.00753e-06
1.01281e-06
1.01711e-06
1.02065e-06
3.41704e-09
1.16012e-08
2.13456e-08
3.28601e-08
4.63554e-08
6.20397e-08
8.01123e-08
1.00756e-07
1.24126e-07
1.50342e-07
1.79478e-07
2.11546e-07
2.46491e-07
2.84183e-07
3.24407e-07
3.66865e-07
4.11175e-07
4.5688e-07
5.03456e-07
5.50331e-07
5.96905e-07
6.42572e-07
6.86746e-07
7.2889e-07
7.6853e-07
8.05285e-07
8.38872e-07
8.69118e-07
8.95959e-07
9.19434e-07
9.39675e-07
9.56888e-07
9.71335e-07
9.83318e-07
9.93156e-07
1.00117e-06
1.00766e-06
1.01292e-06
1.01721e-06
1.02073e-06
3.36219e-09
1.14458e-08
2.11237e-08
3.2588e-08
4.60404e-08
6.16868e-08
7.97263e-08
1.00342e-07
1.23692e-07
1.49897e-07
1.7903e-07
2.11108e-07
2.46077e-07
2.83806e-07
3.24081e-07
3.66605e-07
4.10993e-07
4.56786e-07
5.03458e-07
5.50434e-07
5.97109e-07
6.42872e-07
6.87136e-07
7.29357e-07
7.69061e-07
8.05861e-07
8.39475e-07
8.6973e-07
8.96564e-07
9.20017e-07
9.40224e-07
9.57392e-07
9.7179e-07
9.8372e-07
9.93505e-07
1.00147e-06
1.00792e-06
1.01314e-06
1.01738e-06
1.02087e-06
3.30053e-09
1.12624e-08
2.08449e-08
3.22321e-08
4.56183e-08
6.12064e-08
7.91952e-08
9.9769e-08
1.23087e-07
1.49273e-07
1.78403e-07
2.10495e-07
2.45496e-07
2.83277e-07
3.23625e-07
3.66242e-07
4.10741e-07
4.5666e-07
5.03469e-07
5.50588e-07
5.97407e-07
6.43308e-07
6.87698e-07
7.30028e-07
7.69819e-07
8.06683e-07
8.40334e-07
8.70601e-07
8.97422e-07
9.20841e-07
9.40996e-07
9.58101e-07
9.72426e-07
9.8428e-07
9.93989e-07
1.00188e-06
1.00826e-06
1.01342e-06
1.01761e-06
1.02106e-06
3.23764e-09
1.10678e-08
2.05332e-08
3.18192e-08
4.51168e-08
6.06268e-08
7.85477e-08
9.9065e-08
1.22341e-07
1.485e-07
1.77624e-07
2.0973e-07
2.44771e-07
2.82618e-07
3.23059e-07
3.65792e-07
4.10432e-07
4.56511e-07
5.03494e-07
5.50794e-07
5.97793e-07
6.43869e-07
6.88417e-07
7.30883e-07
7.70783e-07
8.07724e-07
8.41419e-07
8.71698e-07
8.98499e-07
9.21873e-07
9.4196e-07
9.58982e-07
9.73214e-07
9.84971e-07
9.94583e-07
1.00238e-06
1.00868e-06
1.01376e-06
1.01789e-06
1.02128e-06
3.17629e-09
1.08716e-08
2.02052e-08
3.13705e-08
4.45597e-08
5.99729e-08
7.78093e-08
9.82561e-08
1.21478e-07
1.47604e-07
1.76717e-07
2.0884e-07
2.43926e-07
2.8185e-07
3.22399e-07
3.65271e-07
4.10077e-07
4.56346e-07
5.03535e-07
5.51049e-07
5.98263e-07
6.44543e-07
6.89278e-07
7.31903e-07
7.71929e-07
8.08959e-07
8.42704e-07
8.72992e-07
8.99767e-07
9.23083e-07
9.43087e-07
9.60007e-07
9.74127e-07
9.85766e-07
9.95262e-07
1.00295e-06
1.00914e-06
1.01414e-06
1.01819e-06
1.02151e-06
3.11773e-09
1.06791e-08
1.98724e-08
3.09023e-08
4.39663e-08
5.92662e-08
7.70026e-08
9.73655e-08
1.20523e-07
1.46607e-07
1.75705e-07
2.07844e-07
2.42981e-07
2.80991e-07
3.21662e-07
3.64692e-07
4.09688e-07
4.56171e-07
5.03594e-07
5.51353e-07
5.9881e-07
6.45322e-07
6.90266e-07
7.33071e-07
7.73237e-07
8.10364e-07
8.4416e-07
8.74455e-07
9.01196e-07
9.24442e-07
9.44349e-07
9.6115e-07
9.75139e-07
9.86643e-07
9.96006e-07
1.00357e-06
1.00964e-06
1.01453e-06
1.01849e-06
1.02173e-06
3.06238e-09
1.04934e-08
1.95423e-08
3.04268e-08
4.33525e-08
5.85248e-08
7.61476e-08
9.64141e-08
1.19496e-07
1.45531e-07
1.7461e-07
2.06765e-07
2.41955e-07
2.80058e-07
3.20864e-07
3.64068e-07
4.09272e-07
4.55994e-07
5.03675e-07
5.51703e-07
5.99428e-07
6.46195e-07
6.91369e-07
7.34368e-07
7.74686e-07
8.11916e-07
8.45765e-07
8.76063e-07
9.02761e-07
9.25925e-07
9.45719e-07
9.62386e-07
9.76228e-07
9.8758e-07
9.96794e-07
1.00421e-06
1.01016e-06
1.01494e-06
1.01879e-06
1.02195e-06
3.01024e-09
1.03157e-08
1.92199e-08
2.99531e-08
4.27306e-08
5.77638e-08
7.52611e-08
9.54201e-08
1.18417e-07
1.44396e-07
1.73451e-07
2.05619e-07
2.40865e-07
2.79068e-07
3.20018e-07
3.63408e-07
4.08838e-07
4.55817e-07
5.03779e-07
5.52097e-07
6.00111e-07
6.47152e-07
6.92572e-07
7.35779e-07
7.76257e-07
8.13594e-07
8.47494e-07
8.7779e-07
9.04436e-07
9.27507e-07
9.47174e-07
9.63692e-07
9.77371e-07
9.88558e-07
9.97609e-07
1.00488e-06
1.01069e-06
1.01533e-06
1.01908e-06
1.02214e-06
2.96113e-09
1.01465e-08
1.89082e-08
2.94874e-08
4.21102e-08
5.69955e-08
7.43575e-08
9.43994e-08
1.17303e-07
1.43218e-07
1.72244e-07
2.04425e-07
2.39727e-07
2.78034e-07
3.19136e-07
3.62724e-07
4.08394e-07
4.55646e-07
5.03905e-07
5.52533e-07
6.00854e-07
6.48184e-07
6.93864e-07
7.37288e-07
7.77932e-07
8.15377e-07
8.49326e-07
8.79613e-07
9.06199e-07
9.29164e-07
9.48692e-07
9.65047e-07
9.78551e-07
9.89559e-07
9.98436e-07
1.00554e-06
1.0112e-06
1.01571e-06
1.01934e-06
1.02229e-06
1.02468e-06
1.02871e-06
1.03214e-06
1.0353e-06
1.03841e-06
1.04161e-06
1.04508e-06
1.04909e-06
1.05374e-06
1.05898e-06
1.06483e-06
1.07129e-06
1.07841e-06
1.08624e-06
1.09485e-06
1.10433e-06
1.11476e-06
1.12628e-06
1.13902e-06
1.15314e-06
1.16883e-06
1.18634e-06
1.20591e-06
1.22787e-06
1.25257e-06
1.28046e-06
1.31204e-06
1.34789e-06
1.38868e-06
1.43514e-06
1.48805e-06
1.54827e-06
1.6167e-06
1.69478e-06
1.78376e-06
1.88008e-06
1.97935e-06
2.08125e-06
2.18571e-06
2.29202e-06
2.3994e-06
2.5071e-06
2.61445e-06
2.72085e-06
2.82573e-06
2.92857e-06
3.02888e-06
3.12622e-06
3.22015e-06
3.3103e-06
3.39631e-06
3.47785e-06
3.55462e-06
3.62631e-06
3.69266e-06
3.75362e-06
3.81073e-06
3.87477e-06
4.00493e-06
4.4844e-06
6.43308e-06
1.30812e-05
2.94435e-05
5.4017e-05
7.21095e-05
8.01009e-05
8.26863e-05
8.34822e-05
8.38615e-05
8.41947e-05
8.45643e-05
8.49881e-05
8.54723e-05
8.6022e-05
8.66439e-05
8.7346e-05
8.81381e-05
8.90322e-05
9.00423e-05
9.11852e-05
9.24805e-05
9.39515e-05
9.5625e-05
9.75326e-05
9.97102e-05
0.000102199
0.000105042
0.000108287
0.000111983
0.000116181
0.000120963
0.000126395
0.000132245
0.00013824
0.000144353
0.000150575
0.000156855
0.000163141
0.000169386
0.000175549
0.000181593
0.000187488
0.000193206
0.000198722
0.000204016
0.00020907
0.00021387
0.000218402
0.000222658
0.000226629
0.000230306
0.000233682
0.000236748
0.000239516
0.00024211
0.000245283
0.00025269
0.00027885
0.000365638
0.000577907
0.000895792
0.00112914
0.00123186
0.0012648
0.00127461
0.00127895
0.00128258
0.00128654
0.00129105
0.00129617
0.00130194
0.00130843
0.0013157
0.00132382
0.00133289
0.00134302
0.00135432
0.00136696
0.00138107
0.00139683
0.00141445
0.00143413
0.00145609
0.00148056
0.00150772
0.00153776
0.00157085
0.00160734
0.00164742
0.00168915
0.0017304
0.00177097
0.00181084
0.00184971
0.00188735
0.00192354
0.00195816
0.0019911
0.00202232
0.00205177
0.00207946
0.00210538
0.00212957
0.00215204
0.00217284
0.00219202
0.0022096
0.00222563
0.00224014
0.00225313
0.00226461
0.00227463
0.00228356
0.00229357
0.00231347
0.00236895
0.00250003
0.00269523
0.00283889
0.0029029
0.00292433
0.00293163
0.00293563
0.00293925
0.00294316
0.0029475
0.00295231
0.00295761
0.00296345
0.00296988
0.00297693
0.00298469
0.0029932
0.00300257
0.00301287
0.00302422
0.00303673
0.00305051
0.00306571
0.00308246
0.00310089
0.00312111
0.0031432
0.00316724
0.00319344
0.00322189
0.00325128
0.00328004
0.00330809
0.00333544
0.00336196
0.0033875
0.00341198
0.00343532
0.00345748
0.00347845
0.00349821
0.00351678
0.00353417
0.00355039
0.00356549
0.00357949
0.00359243
0.00360435
0.00361529
0.00362529
0.0036344
0.00364265
0.00365008
0.00365671
0.00366257
0.00366765
0.00367193
0.00367526
0.00367749
0.00367879
0.0036793
0.00367914
0.0036784
0.00367711
1.02475e-06
1.02875e-06
1.03217e-06
1.03533e-06
1.03842e-06
1.04161e-06
1.04506e-06
1.04906e-06
1.0537e-06
1.05894e-06
1.06477e-06
1.07122e-06
1.07833e-06
1.08615e-06
1.09475e-06
1.10421e-06
1.11463e-06
1.12612e-06
1.13884e-06
1.15294e-06
1.16861e-06
1.18608e-06
1.20562e-06
1.22754e-06
1.2522e-06
1.28004e-06
1.31157e-06
1.34736e-06
1.38808e-06
1.43449e-06
1.48737e-06
1.54758e-06
1.61607e-06
1.69432e-06
1.78359e-06
1.88024e-06
1.97985e-06
2.082e-06
2.18666e-06
2.29311e-06
2.40059e-06
2.50836e-06
2.61576e-06
2.72219e-06
2.82709e-06
2.92994e-06
3.03025e-06
3.12756e-06
3.22147e-06
3.31158e-06
3.39755e-06
3.47904e-06
3.55575e-06
3.62737e-06
3.69364e-06
3.75448e-06
3.81125e-06
3.87377e-06
3.99703e-06
4.44943e-06
6.32024e-06
1.2846e-05
2.92427e-05
5.41742e-05
7.23533e-05
8.02304e-05
8.27284e-05
8.34905e-05
8.38601e-05
8.41906e-05
8.4559e-05
8.49818e-05
8.5465e-05
8.60136e-05
8.66343e-05
8.73349e-05
8.81255e-05
8.90178e-05
9.00259e-05
9.11666e-05
9.24594e-05
9.39274e-05
9.55978e-05
9.75019e-05
9.96758e-05
0.00010216
0.000105
0.000108243
0.000111939
0.00011614
0.000120933
0.000126383
0.000132254
0.000138269
0.000144398
0.00015063
0.000156918
0.00016321
0.000169459
0.000175623
0.000181669
0.000187564
0.000193281
0.000198796
0.000204088
0.00020914
0.000213937
0.000218466
0.000222719
0.000226686
0.000230359
0.00023373
0.000236792
0.000239552
0.000242124
0.000245203
0.000252255
0.000277402
0.000362604
0.000575327
0.000897844
0.00113229
0.00123353
0.00126535
0.00127473
0.00127895
0.00128254
0.00128648
0.00129098
0.00129609
0.00130186
0.00130833
0.00131559
0.00132369
0.00133275
0.00134286
0.00135415
0.00136676
0.00138085
0.00139659
0.00141418
0.00143384
0.00145578
0.00148023
0.00150739
0.00153744
0.00157057
0.00160715
0.00164737
0.00168926
0.00173064
0.00177131
0.00181123
0.00185014
0.00188779
0.00192399
0.00195861
0.00199154
0.00202274
0.00205218
0.00207985
0.00210575
0.00212992
0.00215237
0.00217315
0.0021923
0.00220987
0.00222588
0.00224036
0.00225333
0.00226479
0.00227477
0.00228363
0.00229341
0.00231267
0.00236716
0.00249849
0.00269652
0.00284085
0.00290396
0.0029247
0.00293174
0.00293566
0.00293926
0.00294316
0.00294749
0.00295229
0.00295758
0.00296342
0.00296983
0.00297688
0.00298462
0.00299312
0.00300248
0.00301277
0.0030241
0.00303659
0.00305036
0.00306554
0.00308228
0.0031007
0.00312092
0.00314302
0.0031671
0.00319336
0.00322192
0.00325141
0.00328027
0.00330838
0.00333577
0.00336231
0.00338787
0.00341234
0.00343568
0.00345784
0.0034788
0.00349855
0.00351711
0.00353448
0.0035507
0.00356578
0.00357977
0.0035927
0.0036046
0.00361553
0.00362552
0.00363462
0.00364286
0.00365027
0.0036569
0.00366275
0.00366782
0.0036721
0.00367541
0.00367763
0.00367891
0.00367941
0.00367925
0.00367851
0.00367722
1.02485e-06
1.02882e-06
1.03222e-06
1.03535e-06
1.03841e-06
1.04155e-06
1.04494e-06
1.0489e-06
1.05351e-06
1.05872e-06
1.06451e-06
1.07093e-06
1.078e-06
1.08577e-06
1.09432e-06
1.10372e-06
1.11408e-06
1.12552e-06
1.13816e-06
1.15217e-06
1.16775e-06
1.18512e-06
1.20454e-06
1.22633e-06
1.25084e-06
1.27852e-06
1.30987e-06
1.34548e-06
1.38602e-06
1.43226e-06
1.48504e-06
1.54529e-06
1.61408e-06
1.69301e-06
1.78323e-06
1.88103e-06
1.98185e-06
2.08496e-06
2.19033e-06
2.29729e-06
2.40513e-06
2.51315e-06
2.62073e-06
2.72726e-06
2.8322e-06
2.93505e-06
3.0353e-06
3.13253e-06
3.2263e-06
3.31625e-06
3.40202e-06
3.48328e-06
3.55974e-06
3.6311e-06
3.69706e-06
3.75751e-06
3.81353e-06
3.8735e-06
3.98581e-06
4.39515e-06
6.14026e-06
1.2464e-05
2.89117e-05
5.44283e-05
7.27468e-05
8.04355e-05
8.27911e-05
8.3498e-05
8.38508e-05
8.41752e-05
8.45399e-05
8.49592e-05
8.54387e-05
8.59834e-05
8.65996e-05
8.72954e-05
8.80805e-05
8.89667e-05
8.9968e-05
9.1101e-05
9.23852e-05
9.38437e-05
9.55035e-05
9.73961e-05
9.9558e-05
0.000102031
0.00010486
0.000108096
0.000111794
0.000116014
0.000120849
0.000126358
0.000132298
0.000138386
0.000144572
0.000150846
0.000157162
0.000163473
0.000169734
0.000175906
0.000181955
0.000187849
0.000193563
0.000199072
0.000204356
0.000209397
0.000214183
0.000218699
0.000222938
0.000226889
0.000230547
0.000233901
0.000236944
0.000239681
0.000242205
0.000245128
0.000251606
0.000275107
0.000357684
0.000571075
0.000901162
0.00113739
0.00123618
0.00126617
0.00127484
0.00127886
0.00128238
0.00128628
0.00129074
0.00129582
0.00130154
0.00130798
0.00131518
0.00132324
0.00133224
0.00134229
0.00135352
0.00136606
0.00138007
0.00139573
0.00141324
0.00143282
0.00145469
0.00147908
0.00150623
0.00153635
0.00156967
0.00160661
0.00164728
0.00168966
0.00173153
0.00177254
0.00181268
0.00185171
0.00188942
0.00192564
0.00196024
0.00199314
0.00202429
0.00205367
0.00208126
0.00210709
0.00213118
0.00215355
0.00217424
0.00219331
0.00221079
0.00222671
0.00224111
0.002254
0.00226537
0.00227525
0.00228394
0.00229329
0.00231147
0.00236428
0.00249597
0.0026986
0.00284402
0.00290565
0.00292526
0.00293186
0.00293564
0.0029392
0.00294306
0.00294736
0.00295213
0.0029574
0.0029632
0.00296958
0.00297659
0.00298429
0.00299275
0.00300206
0.0030123
0.00302358
0.00303602
0.00304973
0.00306487
0.00308156
0.00309995
0.00312017
0.00314233
0.00316656
0.00319309
0.00322197
0.00325181
0.003281
0.00330934
0.00333687
0.00336349
0.00338909
0.00341358
0.0034369
0.00345904
0.00347997
0.00349968
0.0035182
0.00353553
0.0035517
0.00356673
0.00358067
0.00359354
0.0036054
0.00361628
0.00362622
0.00363527
0.00364347
0.00365084
0.00365742
0.00366323
0.00366827
0.00367251
0.00367578
0.00367793
0.00367916
0.00367964
0.00367947
0.00367872
0.00367742
1.02499e-06
1.02891e-06
1.03226e-06
1.03534e-06
1.03834e-06
1.04138e-06
1.04466e-06
1.04854e-06
1.05308e-06
1.0582e-06
1.06392e-06
1.07025e-06
1.07723e-06
1.08491e-06
1.09336e-06
1.10265e-06
1.11289e-06
1.12418e-06
1.13667e-06
1.15051e-06
1.1659e-06
1.18305e-06
1.20223e-06
1.22375e-06
1.24796e-06
1.27531e-06
1.3063e-06
1.34153e-06
1.38169e-06
1.42761e-06
1.48021e-06
1.54059e-06
1.61005e-06
1.69044e-06
1.78269e-06
1.8829e-06
1.98629e-06
2.09147e-06
2.19837e-06
2.30641e-06
2.41502e-06
2.52358e-06
2.6315e-06
2.73824e-06
2.84326e-06
2.94607e-06
3.0462e-06
3.1432e-06
3.23667e-06
3.32624e-06
3.41156e-06
3.49232e-06
3.56822e-06
3.63896e-06
3.70424e-06
3.7639e-06
3.81871e-06
3.87545e-06
3.975e-06
4.33437e-06
5.9307e-06
1.20089e-05
2.85098e-05
5.47271e-05
7.32112e-05
8.06712e-05
8.28564e-05
8.34967e-05
8.38275e-05
8.4142e-05
8.44991e-05
8.49111e-05
8.53827e-05
8.59189e-05
8.65259e-05
8.72114e-05
8.79851e-05
8.88586e-05
8.98456e-05
9.09626e-05
9.22291e-05
9.36678e-05
9.53059e-05
9.71751e-05
9.93123e-05
0.000101761
0.000104569
0.000107794
0.000111499
0.000115761
0.000120686
0.00012632
0.000132406
0.000138649
0.000144957
0.000151319
0.000157695
0.000164046
0.000170333
0.000176519
0.000182573
0.000188465
0.00019417
0.000199666
0.000204931
0.00020995
0.000214709
0.000219197
0.000223404
0.000227322
0.000230944
0.000234261
0.000237265
0.000239955
0.000242406
0.000245129
0.000250924
0.000272463
0.000351836
0.000565919
0.000905072
0.0011434
0.00123924
0.00126704
0.00127487
0.00127862
0.00128203
0.00128585
0.00129024
0.00129523
0.00130088
0.00130722
0.00131433
0.00132228
0.00133116
0.00134109
0.00135217
0.00136457
0.00137842
0.00139392
0.00141126
0.00143067
0.00145239
0.00147668
0.00150381
0.00153408
0.00156781
0.0016055
0.00164714
0.00169056
0.00173344
0.00177518
0.00181578
0.00185508
0.00189291
0.00192916
0.00196373
0.00199655
0.00202759
0.00205683
0.00208428
0.00210994
0.00213385
0.00215604
0.00217655
0.00219543
0.00221273
0.00222847
0.00224269
0.00225539
0.00226657
0.00227624
0.00228464
0.00229341
0.00231022
0.00236092
0.00249293
0.00270106
0.00284776
0.00290758
0.00292585
0.00293192
0.00293552
0.00293899
0.0029428
0.00294704
0.00295174
0.00295695
0.00296268
0.00296898
0.00297591
0.00298353
0.0029919
0.00300111
0.00301125
0.00302242
0.00303475
0.00304835
0.00306337
0.00307997
0.00309831
0.00311854
0.00314083
0.00316538
0.00319246
0.00322202
0.00325261
0.0032825
0.00331133
0.00333916
0.00336595
0.00339162
0.00341613
0.00343944
0.00346152
0.00348238
0.00350201
0.00352044
0.00353766
0.00355373
0.00356865
0.00358248
0.00359525
0.003607
0.00361777
0.00362761
0.00363656
0.00364466
0.00365193
0.00365842
0.00366414
0.00366909
0.00367325
0.00367642
0.00367843
0.00367956
0.00367998
0.00367978
0.00367902
0.00367772
1.02513e-06
1.02898e-06
1.03227e-06
1.03529e-06
1.03818e-06
1.04107e-06
1.04416e-06
1.04788e-06
1.0523e-06
1.0573e-06
1.06288e-06
1.06907e-06
1.0759e-06
1.08343e-06
1.0917e-06
1.1008e-06
1.11083e-06
1.12189e-06
1.13412e-06
1.14768e-06
1.16274e-06
1.17954e-06
1.19831e-06
1.21938e-06
1.24309e-06
1.26989e-06
1.30029e-06
1.33489e-06
1.37445e-06
1.41985e-06
1.47218e-06
1.5328e-06
1.6034e-06
1.68624e-06
1.78197e-06
1.8863e-06
1.99401e-06
2.10269e-06
2.21218e-06
2.32208e-06
2.432e-06
2.54146e-06
2.64997e-06
2.75705e-06
2.8622e-06
2.96494e-06
3.06483e-06
3.16143e-06
3.25436e-06
3.34327e-06
3.4278e-06
3.50767e-06
3.58259e-06
3.65224e-06
3.71635e-06
3.77468e-06
3.82773e-06
3.88074e-06
3.96723e-06
4.27602e-06
5.71863e-06
1.15355e-05
2.80814e-05
5.50318e-05
7.36874e-05
8.09052e-05
8.29116e-05
8.34808e-05
8.37853e-05
8.40853e-05
8.443e-05
8.48295e-05
8.52879e-05
8.58098e-05
8.64011e-05
8.70694e-05
8.78239e-05
8.86761e-05
8.96393e-05
9.07298e-05
9.19667e-05
9.33726e-05
9.49747e-05
9.68051e-05
9.89019e-05
0.000101311
0.000104086
0.000107292
0.000111011
0.000115344
0.00012042
0.000126267
0.000132604
0.000139106
0.00014562
0.000152132
0.000158611
0.00016503
0.00017136
0.00017757
0.000183632
0.00018952
0.00019521
0.00020068
0.000205913
0.000210892
0.000215606
0.000220043
0.000224196
0.000228056
0.000231616
0.000234869
0.000237804
0.000240418
0.000242765
0.00024526
0.000250339
0.000269826
0.000345772
0.000560432
0.000909065
0.00114958
0.00124229
0.0012678
0.00127475
0.00127818
0.00128143
0.00128512
0.00128938
0.00129424
0.00129974
0.00130593
0.00131287
0.00132064
0.00132933
0.00133905
0.00134991
0.00136205
0.00137564
0.00139086
0.00140792
0.00142705
0.00144853
0.00147264
0.00149976
0.00153028
0.0015647
0.00160367
0.00164693
0.00169214
0.00173671
0.00177968
0.00182106
0.0018608
0.00189885
0.00193515
0.00196966
0.00200235
0.00203319
0.0020622
0.00208939
0.00211476
0.00213837
0.00216026
0.00218046
0.00219902
0.002216
0.00223142
0.00224532
0.00225771
0.00226856
0.00227789
0.00228586
0.0022939
0.00230917
0.00235753
0.00248972
0.00270359
0.00285161
0.00290951
0.00292636
0.00293186
0.00293524
0.00293858
0.00294228
0.00294642
0.00295102
0.00295611
0.00296173
0.00296791
0.00297471
0.00298218
0.0029904
0.00299945
0.00300942
0.00302041
0.00303255
0.00304596
0.00306081
0.00307726
0.0030955
0.00311575
0.00313827
0.00316334
0.00319136
0.00322208
0.00325392
0.00328497
0.00331463
0.00334299
0.00337006
0.00339587
0.00342041
0.00344368
0.00346568
0.00348642
0.0035059
0.00352416
0.00354122
0.0035571
0.00357184
0.00358548
0.00359806
0.00360962
0.00362021
0.00362987
0.00363865
0.00364657
0.00365369
0.00366001
0.00366557
0.00367037
0.00367438
0.00367737
0.00367916
0.00368012
0.00368045
0.00368021
0.00367942
0.00367811
1.02527e-06
1.02904e-06
1.03225e-06
1.03516e-06
1.03791e-06
1.04058e-06
1.04339e-06
1.04689e-06
1.05112e-06
1.05592e-06
1.0613e-06
1.06728e-06
1.07389e-06
1.08117e-06
1.08919e-06
1.09801e-06
1.10773e-06
1.11845e-06
1.13031e-06
1.14344e-06
1.15803e-06
1.17429e-06
1.19248e-06
1.21289e-06
1.23588e-06
1.26188e-06
1.29141e-06
1.32512e-06
1.36381e-06
1.40847e-06
1.46042e-06
1.52141e-06
1.59372e-06
1.68015e-06
1.78105e-06
1.89158e-06
2.00566e-06
2.11955e-06
2.23293e-06
2.34563e-06
2.45752e-06
2.56835e-06
2.67776e-06
2.78534e-06
2.89067e-06
2.99329e-06
3.0928e-06
3.18878e-06
3.28089e-06
3.36877e-06
3.4521e-06
3.53061e-06
3.60402e-06
3.67203e-06
3.73434e-06
3.7907e-06
3.84134e-06
3.89016e-06
3.96408e-06
4.22552e-06
5.52159e-06
1.10814e-05
2.7658e-05
5.53144e-05
7.41345e-05
8.11157e-05
8.29486e-05
8.34464e-05
8.37206e-05
8.40008e-05
8.43274e-05
8.47083e-05
8.51471e-05
8.56477e-05
8.62158e-05
8.68585e-05
8.75849e-05
8.84056e-05
8.93338e-05
9.03854e-05
9.1579e-05
9.29371e-05
9.44866e-05
9.62608e-05
9.82989e-05
0.000100651
0.000103378
0.000106559
0.0001103
0.000114737
0.000120034
0.000126199
0.000132912
0.000139795
0.000146618
0.000153352
0.000159986
0.000166509
0.000172903
0.000179149
0.000185224
0.000191104
0.00019677
0.000202203
0.000207385
0.000212304
0.000216949
0.00022131
0.000225379
0.000229151
0.000232618
0.000235773
0.000238605
0.000241106
0.000243314
0.000245558
0.000249931
0.000267431
0.000339982
0.000555019
0.000912781
0.00115539
0.00124505
0.00126835
0.00127441
0.00127749
0.00128053
0.00128403
0.0012881
0.00129276
0.00129805
0.00130401
0.00131071
0.00131822
0.00132662
0.00133602
0.00134654
0.00135832
0.00137152
0.00138634
0.00140298
0.00142171
0.00144283
0.00146671
0.0014938
0.00152471
0.00156015
0.00160096
0.00164666
0.00169453
0.00174159
0.00178638
0.00182893
0.00186933
0.0019077
0.00194408
0.00197851
0.002011
0.00204156
0.00207022
0.00209701
0.00212196
0.00214512
0.00216654
0.00218627
0.00220436
0.00222086
0.00223581
0.00224923
0.00226113
0.0022715
0.00228031
0.00228769
0.00229486
0.00230849
0.00235441
0.0024866
0.00270596
0.00285523
0.00291124
0.00292671
0.00293163
0.00293476
0.00293793
0.00294147
0.00294546
0.0029499
0.00295483
0.00296027
0.00296627
0.00297287
0.00298013
0.00298812
0.00299693
0.00300665
0.00301737
0.00302923
0.00304237
0.00305696
0.00307319
0.0030913
0.00311159
0.00313443
0.0031603
0.00318967
0.00322213
0.00325583
0.0032886
0.00331949
0.00334861
0.00337612
0.00340213
0.00342673
0.00344994
0.00347181
0.00349237
0.00351165
0.00352966
0.00354645
0.00356206
0.00357652
0.00358987
0.00360217
0.00361345
0.00362377
0.00363316
0.00364168
0.00364935
0.00365621
0.00366229
0.00366762
0.00367217
0.00367595
0.00367867
0.00368012
0.00368085
0.00368104
0.00368073
0.00367991
0.00367858
1.0254e-06
1.02906e-06
1.03217e-06
1.03495e-06
1.0375e-06
1.03989e-06
1.04234e-06
1.04552e-06
1.04948e-06
1.054e-06
1.05911e-06
1.0648e-06
1.0711e-06
1.07806e-06
1.08573e-06
1.09417e-06
1.10347e-06
1.11373e-06
1.12507e-06
1.13763e-06
1.15159e-06
1.16714e-06
1.18453e-06
1.20406e-06
1.22607e-06
1.25101e-06
1.2794e-06
1.31192e-06
1.34945e-06
1.39315e-06
1.44462e-06
1.50614e-06
1.58073e-06
1.67195e-06
1.77993e-06
1.89898e-06
2.02171e-06
2.14275e-06
2.26151e-06
2.3781e-06
2.49275e-06
2.60549e-06
2.71616e-06
2.82444e-06
2.93001e-06
3.03246e-06
3.13142e-06
3.22654e-06
3.31747e-06
3.40391e-06
3.48556e-06
3.56215e-06
3.63346e-06
3.69916e-06
3.75897e-06
3.8126e-06
3.86008e-06
3.90421e-06
3.96629e-06
4.18561e-06
5.34984e-06
1.06715e-05
2.72618e-05
5.5555e-05
7.45247e-05
8.129e-05
8.29629e-05
8.33911e-05
8.3631e-05
8.38855e-05
8.41875e-05
8.45431e-05
8.49549e-05
8.54266e-05
8.59633e-05
8.65714e-05
8.72595e-05
8.80378e-05
8.89189e-05
8.9918e-05
9.10535e-05
9.23473e-05
9.38267e-05
9.55257e-05
9.74858e-05
9.97622e-05
0.000102426
0.000105575
0.000109347
0.000113924
0.000119516
0.000126115
0.000133345
0.000140747
0.00014799
0.000155032
0.000161881
0.000168547
0.000175033
0.000181328
0.00018742
0.00019329
0.000198923
0.000204302
0.000209415
0.000214249
0.000218798
0.000223051
0.000227005
0.000230654
0.000233991
0.00023701
0.000239698
0.000242046
0.000244075
0.000246042
0.000249743
0.000265413
0.000334788
0.000549968
0.000915962
0.00116047
0.00124736
0.00126864
0.00127385
0.00127654
0.0012793
0.00128255
0.00128635
0.00129074
0.00129574
0.00130139
0.00130776
0.0013149
0.00132291
0.00133189
0.00134195
0.00135324
0.00136592
0.00138019
0.00139628
0.00141447
0.00143512
0.00145868
0.00148576
0.00151719
0.00155401
0.0015973
0.00164631
0.00169783
0.00174826
0.00179553
0.00183968
0.00188101
0.00191982
0.00195633
0.00199065
0.00202286
0.00205303
0.00208122
0.00210746
0.00213182
0.00215436
0.00217515
0.00219422
0.00221165
0.0022275
0.00224179
0.00225455
0.00226579
0.00227548
0.00228359
0.0022902
0.00229634
0.00230827
0.00235177
0.00248373
0.002708
0.00285839
0.00291268
0.00292686
0.0029312
0.00293404
0.00293699
0.00294032
0.00294409
0.00294832
0.00295302
0.00295822
0.00296397
0.0029703
0.00297728
0.00298497
0.00299345
0.00300282
0.00301319
0.00302468
0.00303745
0.00305168
0.00306762
0.00308556
0.00310591
0.00312921
0.00315613
0.00318732
0.00322215
0.00325841
0.00329349
0.00332606
0.00335625
0.00338436
0.00341066
0.00343533
0.00345847
0.00348017
0.00350049
0.00351946
0.00353714
0.00355357
0.0035688
0.00358287
0.00359584
0.00360774
0.00361864
0.00362858
0.0036376
0.00364575
0.00365307
0.00365959
0.00366533
0.00367033
0.00367455
0.00367801
0.00368034
0.00368135
0.00368175
0.00368176
0.00368135
0.00368048
0.00367913
1.0255e-06
1.02904e-06
1.03202e-06
1.03463e-06
1.03695e-06
1.03899e-06
1.04097e-06
1.04374e-06
1.04734e-06
1.0515e-06
1.05625e-06
1.06157e-06
1.06749e-06
1.07403e-06
1.08126e-06
1.08921e-06
1.09798e-06
1.10765e-06
1.11833e-06
1.13017e-06
1.14332e-06
1.15797e-06
1.17436e-06
1.19278e-06
1.21357e-06
1.23716e-06
1.26413e-06
1.29516e-06
1.33127e-06
1.37378e-06
1.42469e-06
1.48689e-06
1.56436e-06
1.66158e-06
1.77861e-06
1.90864e-06
2.04247e-06
2.17276e-06
2.29854e-06
2.42025e-06
2.53856e-06
2.65384e-06
2.76615e-06
2.87537e-06
2.98125e-06
3.08346e-06
3.1817e-06
3.27565e-06
3.36503e-06
3.44956e-06
3.52897e-06
3.60305e-06
3.67156e-06
3.73423e-06
3.79075e-06
3.84081e-06
3.88428e-06
3.92311e-06
3.97408e-06
4.1572e-06
5.20852e-06
1.03213e-05
2.69082e-05
5.57396e-05
7.48401e-05
8.14209e-05
8.29529e-05
8.33141e-05
8.35154e-05
8.37379e-05
8.40084e-05
8.43313e-05
8.47086e-05
8.51433e-05
8.56398e-05
8.62038e-05
8.68434e-05
8.75679e-05
8.83892e-05
8.93221e-05
9.03843e-05
9.15972e-05
9.29885e-05
9.45933e-05
9.64561e-05
9.86386e-05
0.000101224
0.000104334
0.000108147
0.000112901
0.000118862
0.000126015
0.000133911
0.000141977
0.000149763
0.000157207
0.000164338
0.000171193
0.0001778
0.000184161
0.000190275
0.000196132
0.00020172
0.000207029
0.00021205
0.000216773
0.000221194
0.000225307
0.000229109
0.000232597
0.000235765
0.000238604
0.000241105
0.000243252
0.000245059
0.00024672
0.000249789
0.000263841
0.000330391
0.000545478
0.000918423
0.00116459
0.00124912
0.00126864
0.00127305
0.00127531
0.00127773
0.00128064
0.00128411
0.00128815
0.00129277
0.00129803
0.00130397
0.00131065
0.00131816
0.0013266
0.00133608
0.00134675
0.00135877
0.00137235
0.00138774
0.00140525
0.00142531
0.00144848
0.00147556
0.00150766
0.00154622
0.00159263
0.00164589
0.0017021
0.00175682
0.00180728
0.0018535
0.00189605
0.00193546
0.00197213
0.00200632
0.00203819
0.00206785
0.00209541
0.00212096
0.00214456
0.00216629
0.00218625
0.00220448
0.00222106
0.00223605
0.00224949
0.00226139
0.00227176
0.00228057
0.00228777
0.0022934
0.00229837
0.00230856
0.00234972
0.00248123
0.00270961
0.00286096
0.00291375
0.0029268
0.00293057
0.00293307
0.00293574
0.0029388
0.0029423
0.00294624
0.00295065
0.00295555
0.00296097
0.00296696
0.00297358
0.00298088
0.00298895
0.00299788
0.00300779
0.00301881
0.00303111
0.00304491
0.00306049
0.00307822
0.00309865
0.00312252
0.00315078
0.00318426
0.00322212
0.00326167
0.00329971
0.00333443
0.003366
0.00339491
0.00342159
0.00344637
0.00346943
0.00349092
0.00351092
0.00352951
0.00354675
0.00356271
0.00357745
0.00359102
0.00360347
0.00361487
0.00362526
0.00363471
0.00364325
0.00365093
0.00365779
0.00366387
0.00366918
0.00367374
0.00367753
0.00368056
0.00368238
0.00368284
0.00368285
0.00368262
0.00368208
0.00368114
0.00367976
1.02556e-06
1.02897e-06
1.03179e-06
1.03421e-06
1.03624e-06
1.03786e-06
1.0393e-06
1.04155e-06
1.0447e-06
1.04841e-06
1.05272e-06
1.05758e-06
1.06302e-06
1.06906e-06
1.07574e-06
1.0831e-06
1.09122e-06
1.10018e-06
1.11008e-06
1.12104e-06
1.13321e-06
1.14678e-06
1.16197e-06
1.17906e-06
1.19839e-06
1.22039e-06
1.24565e-06
1.27493e-06
1.30935e-06
1.35049e-06
1.40075e-06
1.4638e-06
1.5447e-06
1.64906e-06
1.77708e-06
1.9206e-06
2.068e-06
2.20975e-06
2.34433e-06
2.47251e-06
2.59547e-06
2.71398e-06
2.82841e-06
2.93881e-06
3.04508e-06
3.14698e-06
3.2443e-06
3.33676e-06
3.42416e-06
3.50627e-06
3.58285e-06
3.65374e-06
3.71874e-06
3.77757e-06
3.82996e-06
3.87555e-06
3.91407e-06
3.94689e-06
3.98727e-06
4.14008e-06
5.09948e-06
1.00399e-05
2.66081e-05
5.58577e-05
7.50693e-05
8.15055e-05
8.29187e-05
8.3216e-05
8.3374e-05
8.35578e-05
8.37896e-05
8.40725e-05
8.44076e-05
8.47971e-05
8.52447e-05
8.57553e-05
8.63361e-05
8.69956e-05
8.7745e-05
8.85982e-05
8.95724e-05
9.06885e-05
9.19746e-05
9.34671e-05
9.52144e-05
9.72859e-05
9.978e-05
0.000102846
0.000106707
0.000111672
0.000118072
0.000125899
0.000134613
0.00014349
0.000151948
0.000159893
0.000167379
0.000174475
0.000181235
0.00018768
0.000193823
0.000199663
0.000205195
0.000210416
0.00021532
0.000219903
0.000224165
0.000228101
0.000231713
0.000234998
0.000237953
0.000240568
0.000242834
0.000244733
0.000246268
0.000247593
0.000250067
0.000262736
0.00032691
0.000541687
0.00092003
0.00116761
0.0012503
0.00126835
0.00127201
0.00127379
0.0012758
0.00127831
0.00128136
0.00128497
0.00128914
0.00129391
0.00129933
0.00130545
0.00131236
0.00132014
0.00132892
0.00133884
0.00135006
0.00136281
0.00137735
0.00139406
0.00141343
0.00143614
0.00146323
0.00149615
0.00153682
0.00158696
0.00164539
0.00170736
0.00176729
0.00182166
0.00187046
0.00191452
0.0019547
0.0019916
0.00202564
0.00205709
0.00208614
0.00211293
0.0021376
0.00216026
0.002181
0.00219992
0.00221711
0.00223263
0.00224657
0.00225894
0.00226978
0.00227908
0.00228679
0.00229286
0.0022973
0.00230094
0.00230937
0.00234833
0.00247919
0.00271069
0.00286283
0.00291444
0.00292651
0.00292974
0.00293185
0.00293417
0.0029369
0.00294006
0.00294366
0.00294771
0.00295224
0.00295726
0.00296284
0.002969
0.00297583
0.0029834
0.0029918
0.00300116
0.00301161
0.00302336
0.00303663
0.00305178
0.00306928
0.00308982
0.00311439
0.00314426
0.00318049
0.00322205
0.00326562
0.00330724
0.00334461
0.0033779
0.00340781
0.003435
0.00345992
0.00348289
0.00350412
0.00352373
0.00354185
0.00355856
0.00357394
0.00358806
0.00360101
0.00361283
0.00362359
0.00363337
0.0036422
0.00365015
0.00365725
0.00366355
0.00366907
0.00367384
0.00367787
0.00368112
0.0036836
0.0036848
0.0036846
0.00368413
0.00368362
0.00368292
0.00368189
0.00368045
1.02558e-06
1.02883e-06
1.03148e-06
1.03367e-06
1.03537e-06
1.03651e-06
1.03731e-06
1.03894e-06
1.04156e-06
1.04474e-06
1.04852e-06
1.05283e-06
1.05771e-06
1.06316e-06
1.0692e-06
1.07587e-06
1.08323e-06
1.09136e-06
1.10034e-06
1.11029e-06
1.12134e-06
1.13366e-06
1.14747e-06
1.16303e-06
1.18068e-06
1.20085e-06
1.22418e-06
1.25147e-06
1.28399e-06
1.32359e-06
1.37315e-06
1.43718e-06
1.52201e-06
1.63451e-06
1.77533e-06
1.93476e-06
2.09818e-06
2.25365e-06
2.39889e-06
2.535e-06
2.66368e-06
2.78619e-06
2.90324e-06
3.0151e-06
3.12185e-06
3.22336e-06
3.31953e-06
3.41016e-06
3.49513e-06
3.57427e-06
3.64739e-06
3.71438e-06
3.7751e-06
3.82927e-06
3.87662e-06
3.91678e-06
3.9494e-06
3.97538e-06
4.00547e-06
4.13346e-06
5.02257e-06
9.83226e-06
2.63686e-05
5.59019e-05
7.52053e-05
8.15434e-05
8.28619e-05
8.30979e-05
8.32079e-05
8.33465e-05
8.35325e-05
8.37682e-05
8.40535e-05
8.43901e-05
8.47805e-05
8.52289e-05
8.57414e-05
8.63255e-05
8.69917e-05
8.7753e-05
8.86258e-05
8.96308e-05
9.07962e-05
9.21606e-05
9.37763e-05
9.57221e-05
9.81133e-05
0.00010113
0.000105048
0.000110254
0.000117156
0.000125767
0.000135444
0.000145278
0.000154538
0.000163088
0.000171008
0.0001784
0.000185349
0.000191898
0.000198078
0.000203897
0.000209361
0.000214474
0.000219235
0.000223649
0.000227716
0.000231439
0.00023482
0.00023786
0.000240557
0.000242902
0.000244884
0.000246484
0.000247698
0.000248649
0.00025056
0.000262094
0.000324405
0.000538689
0.000920687
0.00116944
0.0012509
0.00126779
0.00127075
0.00127201
0.00127354
0.00127557
0.00127813
0.00128122
0.00128486
0.00128906
0.00129387
0.00129934
0.00130553
0.00131256
0.00132052
0.00132956
0.00133986
0.00135165
0.00136523
0.00138101
0.00139958
0.00142179
0.00144891
0.0014828
0.00152589
0.00158033
0.00164481
0.00171354
0.00177959
0.00183859
0.00189047
0.00193639
0.00197751
0.00201472
0.0020486
0.00207956
0.00210788
0.00213376
0.0021574
0.00217892
0.00219847
0.00221617
0.0022321
0.00224637
0.00225904
0.00227014
0.00227971
0.00228772
0.00229411
0.00229883
0.00230188
0.00230401
0.00231067
0.00234764
0.00247766
0.0027112
0.00286396
0.00291474
0.002926
0.0029287
0.00293038
0.0029323
0.00293463
0.00293739
0.00294058
0.00294421
0.00294829
0.00295285
0.00295793
0.00296357
0.00296985
0.00297683
0.00298462
0.00299334
0.00300314
0.00301424
0.00302691
0.00304158
0.00305881
0.0030795
0.0031049
0.00313663
0.00317602
0.0032219
0.00327021
0.00331603
0.00335654
0.00339189
0.00342303
0.00345083
0.00347596
0.00349884
0.00351976
0.00353892
0.00355648
0.00357254
0.00358723
0.00360063
0.00361282
0.00362389
0.0036339
0.00364293
0.00365104
0.00365827
0.00366468
0.00367031
0.00367518
0.0036793
0.0036827
0.0036853
0.00368713
0.00368759
0.00368663
0.00368562
0.00368476
0.00368387
0.00368273
0.00368122
0.00367567
0.00367443
0.003673
0.00367139
0.00366958
0.00366759
0.00366541
0.00366302
0.00366044
0.00365766
0.00365466
0.00365147
0.00364806
0.00364444
0.00364061
0.00363658
0.00363234
0.00362791
0.00362328
0.00361848
0.00361351
0.00360839
0.00360314
0.00359777
0.00359232
0.00358681
0.00358127
0.00357576
0.0035703
0.00356496
0.00355978
0.00355483
0.00355017
0.00354587
0.003542
0.00353862
0.00353582
0.00353365
0.00353217
0.00353142
0.00367578
0.00367454
0.00367311
0.00367149
0.00366969
0.0036677
0.00366552
0.00366313
0.00366055
0.00365777
0.00365478
0.00365158
0.00364817
0.00364455
0.00364073
0.00363669
0.00363246
0.00362802
0.0036234
0.0036186
0.00361363
0.00360851
0.00360325
0.00359788
0.00359243
0.00358691
0.00358138
0.00357586
0.0035704
0.00356506
0.00355987
0.00355492
0.00355025
0.00354594
0.00354206
0.00353869
0.00353588
0.00353371
0.00353222
0.00353147
0.00367599
0.00367474
0.00367332
0.0036717
0.0036699
0.00366791
0.00366573
0.00366335
0.00366077
0.00365799
0.003655
0.0036518
0.00364839
0.00364478
0.00364095
0.00363692
0.00363268
0.00362825
0.00362363
0.00361883
0.00361385
0.00360873
0.00360347
0.0035981
0.00359264
0.00358713
0.00358159
0.00357606
0.0035706
0.00356524
0.00356005
0.00355509
0.00355041
0.00354609
0.0035422
0.00353881
0.003536
0.00353381
0.00353232
0.00353157
0.00367629
0.00367504
0.00367362
0.003672
0.00367021
0.00366822
0.00366604
0.00366366
0.00366108
0.0036583
0.00365532
0.00365212
0.00364872
0.0036451
0.00364128
0.00363725
0.00363301
0.00362858
0.00362396
0.00361916
0.00361418
0.00360906
0.0036038
0.00359843
0.00359296
0.00358744
0.00358189
0.00357636
0.00357089
0.00356552
0.00356032
0.00355534
0.00355065
0.00354631
0.00354241
0.003539
0.00353617
0.00353398
0.00353248
0.00353172
0.00367668
0.00367543
0.003674
0.00367239
0.00367059
0.00366861
0.00366643
0.00366406
0.00366148
0.0036587
0.00365572
0.00365253
0.00364913
0.00364552
0.0036417
0.00363767
0.00363344
0.00362901
0.00362439
0.00361958
0.00361461
0.00360949
0.00360422
0.00359884
0.00359338
0.00358785
0.00358229
0.00357675
0.00357126
0.00356588
0.00356066
0.00355567
0.00355096
0.0035466
0.00354268
0.00353925
0.0035364
0.00353419
0.00353268
0.00353191
0.00367714
0.00367589
0.00367446
0.00367285
0.00367106
0.00366908
0.0036669
0.00366453
0.00366196
0.00365919
0.00365621
0.00365302
0.00364963
0.00364602
0.00364221
0.00363818
0.00363395
0.00362952
0.0036249
0.0036201
0.00361513
0.00361
0.00360474
0.00359935
0.00359388
0.00358834
0.00358278
0.00357722
0.00357172
0.00356633
0.00356109
0.00355607
0.00355134
0.00354696
0.00354301
0.00353957
0.00353669
0.00353446
0.00353294
0.00353216
0.00367768
0.00367643
0.003675
0.00367339
0.0036716
0.00366961
0.00366744
0.00366508
0.00366251
0.00365974
0.00365677
0.00365359
0.0036502
0.0036466
0.00364279
0.00363877
0.00363455
0.00363012
0.0036255
0.0036207
0.00361573
0.0036106
0.00360534
0.00359995
0.00359447
0.00358892
0.00358335
0.00357778
0.00357226
0.00356685
0.00356159
0.00355655
0.00355179
0.00354738
0.00354341
0.00353993
0.00353704
0.00353478
0.00353324
0.00353245
0.00367829
0.00367703
0.0036756
0.00367399
0.00367219
0.00367022
0.00366805
0.00366569
0.00366313
0.00366037
0.0036574
0.00365423
0.00365084
0.00364725
0.00364344
0.00363943
0.00363521
0.00363079
0.00362618
0.00362138
0.00361641
0.00361128
0.00360601
0.00360062
0.00359514
0.00358958
0.003584
0.00357841
0.00357288
0.00356744
0.00356216
0.00355709
0.00355231
0.00354787
0.00354386
0.00354036
0.00353743
0.00353516
0.00353359
0.00353279
0.00367897
0.0036777
0.00367626
0.00367465
0.00367285
0.00367088
0.00366871
0.00366635
0.0036638
0.00366105
0.00365809
0.00365492
0.00365155
0.00364796
0.00364416
0.00364016
0.00363595
0.00363153
0.00362692
0.00362213
0.00361716
0.00361204
0.00360676
0.00360137
0.00359588
0.00359032
0.00358472
0.00357912
0.00357357
0.00356811
0.0035628
0.0035577
0.00355289
0.00354842
0.00354438
0.00354084
0.00353788
0.00353558
0.00353399
0.00353318
0.00367971
0.00367843
0.00367698
0.00367536
0.00367356
0.00367159
0.00366943
0.00366707
0.00366453
0.00366178
0.00365883
0.00365567
0.00365231
0.00364873
0.00364494
0.00364094
0.00363674
0.00363233
0.00362773
0.00362295
0.00361798
0.00361286
0.00360758
0.00360219
0.00359669
0.00359112
0.00358551
0.00357989
0.00357432
0.00356884
0.00356351
0.00355838
0.00355353
0.00354903
0.00354495
0.00354137
0.00353838
0.00353605
0.00353444
0.00353362
2.91483e-09
9.98583e-09
1.86088e-08
2.90342e-08
4.14986e-08
5.62297e-08
7.34488e-08
9.33656e-08
1.16168e-07
1.42013e-07
1.71006e-07
2.03196e-07
2.38555e-07
2.76969e-07
3.18229e-07
3.62025e-07
4.07945e-07
4.55485e-07
5.04056e-07
5.53008e-07
6.01649e-07
6.49282e-07
6.95232e-07
7.3888e-07
7.79694e-07
8.17247e-07
8.51242e-07
8.81513e-07
9.08028e-07
9.30877e-07
9.50253e-07
9.66433e-07
9.79749e-07
9.90567e-07
9.99259e-07
1.00619e-06
1.01169e-06
1.01607e-06
1.01957e-06
1.0224e-06
2.8711e-09
9.83343e-09
1.83226e-08
2.85964e-08
4.09014e-08
5.54744e-08
7.25449e-08
9.233e-08
1.15026e-07
1.40794e-07
1.69749e-07
2.01946e-07
2.37361e-07
2.75884e-07
3.17307e-07
3.61317e-07
4.07498e-07
4.55336e-07
5.04231e-07
5.53518e-07
6.02492e-07
6.50437e-07
6.96664e-07
7.40542e-07
7.81526e-07
8.19186e-07
8.53221e-07
8.83469e-07
9.09904e-07
9.32626e-07
9.51839e-07
9.67833e-07
9.80951e-07
9.91569e-07
1.00007e-06
1.00682e-06
1.01216e-06
1.01638e-06
1.01975e-06
1.02247e-06
2.82971e-09
9.68893e-09
1.80499e-08
2.81758e-08
4.03222e-08
5.47355e-08
7.16537e-08
9.13024e-08
1.13885e-07
1.39572e-07
1.68486e-07
2.00687e-07
2.36157e-07
2.74791e-07
3.16379e-07
3.60609e-07
4.07057e-07
4.55201e-07
5.04429e-07
5.54062e-07
6.03376e-07
6.5164e-07
6.9815e-07
7.42259e-07
7.83414e-07
8.21177e-07
8.55247e-07
8.85464e-07
9.11811e-07
9.34395e-07
9.53436e-07
9.69232e-07
9.82143e-07
9.92553e-07
1.00085e-06
1.00742e-06
1.01259e-06
1.01666e-06
1.01989e-06
1.02248e-06
2.79048e-09
9.55195e-09
1.77906e-08
2.77735e-08
3.9764e-08
5.40176e-08
7.07817e-08
9.02906e-08
1.12757e-07
1.38358e-07
1.67227e-07
1.99428e-07
2.34953e-07
2.73697e-07
3.15453e-07
3.59905e-07
4.06626e-07
4.55082e-07
5.0465e-07
5.54635e-07
6.04295e-07
6.52884e-07
6.99679e-07
7.4402e-07
7.85343e-07
8.23206e-07
8.57304e-07
8.87483e-07
9.13731e-07
9.36169e-07
9.55027e-07
9.70619e-07
9.83314e-07
9.9351e-07
1.0016e-06
1.00798e-06
1.01297e-06
1.01689e-06
1.01998e-06
1.02243e-06
2.75326e-09
9.42208e-09
1.75446e-08
2.739e-08
3.92283e-08
5.3324e-08
6.99338e-08
8.9301e-08
1.11647e-07
1.37161e-07
1.6598e-07
1.9818e-07
2.33757e-07
2.7261e-07
3.14535e-07
3.59212e-07
4.06208e-07
4.54981e-07
5.04894e-07
5.55235e-07
6.05245e-07
6.5416e-07
7.01241e-07
7.45813e-07
7.87302e-07
8.25258e-07
8.59378e-07
8.89511e-07
9.15652e-07
9.37935e-07
9.56602e-07
9.71981e-07
9.84455e-07
9.94431e-07
1.00232e-06
1.00849e-06
1.01331e-06
1.01706e-06
1.02001e-06
1.02233e-06
2.71792e-09
9.29896e-09
1.73113e-08
2.70253e-08
3.87164e-08
5.26572e-08
6.91136e-08
8.83386e-08
1.10564e-07
1.35986e-07
1.64753e-07
1.96949e-07
2.32576e-07
2.71537e-07
3.1363e-07
3.58533e-07
4.05807e-07
4.54899e-07
5.05158e-07
5.55857e-07
6.0622e-07
6.55462e-07
7.02827e-07
7.47627e-07
7.89277e-07
8.27322e-07
8.61456e-07
8.91534e-07
9.17561e-07
9.3968e-07
9.58149e-07
9.73309e-07
9.85556e-07
9.95309e-07
1.00298e-06
1.00896e-06
1.0136e-06
1.01719e-06
1.01998e-06
1.02216e-06
2.68435e-09
9.18223e-09
1.70904e-08
2.66792e-08
3.82285e-08
5.20185e-08
6.83239e-08
8.74073e-08
1.0951e-07
1.34839e-07
1.63553e-07
1.95742e-07
2.31416e-07
2.70484e-07
3.12744e-07
3.57872e-07
4.05423e-07
4.54835e-07
5.05441e-07
5.565e-07
6.07214e-07
6.56781e-07
7.04429e-07
7.49453e-07
7.91258e-07
8.29384e-07
8.63526e-07
8.93542e-07
9.19446e-07
9.41395e-07
9.5966e-07
9.74596e-07
9.86613e-07
9.96138e-07
1.00359e-06
1.00937e-06
1.01383e-06
1.01725e-06
1.01989e-06
1.02192e-06
2.65246e-09
9.07159e-09
1.68813e-08
2.63513e-08
3.7765e-08
5.14089e-08
6.75664e-08
8.65099e-08
1.08491e-07
1.33726e-07
1.62383e-07
1.94564e-07
2.30283e-07
2.69456e-07
3.1188e-07
3.57232e-07
4.05059e-07
4.54789e-07
5.05743e-07
5.57158e-07
6.08222e-07
6.58112e-07
7.06038e-07
7.51281e-07
7.93236e-07
8.31437e-07
8.65578e-07
8.95524e-07
9.21299e-07
9.43071e-07
9.61127e-07
9.75835e-07
9.87618e-07
9.96915e-07
1.00415e-06
1.00973e-06
1.01401e-06
1.01726e-06
1.01974e-06
1.02163e-06
2.62217e-09
8.96674e-09
1.66836e-08
2.60411e-08
3.73253e-08
5.08286e-08
6.68424e-08
8.56483e-08
1.07508e-07
1.32649e-07
1.61249e-07
1.93419e-07
2.29181e-07
2.68455e-07
3.11042e-07
3.56615e-07
4.04716e-07
4.54762e-07
5.06059e-07
5.5783e-07
6.0924e-07
6.59448e-07
7.07647e-07
7.53103e-07
7.95201e-07
8.33469e-07
8.67603e-07
8.97472e-07
9.23111e-07
9.44701e-07
9.62543e-07
9.77021e-07
9.88569e-07
9.97636e-07
1.00466e-06
1.01004e-06
1.01413e-06
1.01721e-06
1.01954e-06
1.02126e-06
2.59342e-09
8.86743e-09
1.64966e-08
2.5748e-08
3.69092e-08
5.02776e-08
6.61522e-08
8.48238e-08
1.06564e-07
1.31611e-07
1.60154e-07
1.92311e-07
2.28113e-07
2.67486e-07
3.10232e-07
3.56023e-07
4.04394e-07
4.54752e-07
5.0639e-07
5.5851e-07
6.10262e-07
6.60784e-07
7.09249e-07
7.54912e-07
7.97145e-07
8.35473e-07
8.69592e-07
8.99378e-07
9.24876e-07
9.46279e-07
9.63904e-07
9.7815e-07
9.89461e-07
9.98299e-07
1.00511e-06
1.01028e-06
1.01419e-06
1.0171e-06
1.01927e-06
1.02083e-06
1.02555e-06
1.02862e-06
1.03107e-06
1.033e-06
1.03432e-06
1.03493e-06
1.03502e-06
1.03595e-06
1.03793e-06
1.04049e-06
1.04367e-06
1.04736e-06
1.0516e-06
1.05637e-06
1.06168e-06
1.06758e-06
1.07409e-06
1.08128e-06
1.08923e-06
1.09805e-06
1.10784e-06
1.11877e-06
1.13104e-06
1.14491e-06
1.1607e-06
1.17887e-06
1.20007e-06
1.22519e-06
1.25565e-06
1.29359e-06
1.34243e-06
1.40757e-06
1.49671e-06
1.61817e-06
1.77336e-06
1.95088e-06
2.13265e-06
2.30407e-06
2.46188e-06
2.60745e-06
2.74303e-06
2.87037e-06
2.99059e-06
3.10422e-06
3.21154e-06
3.3126e-06
3.40738e-06
3.49582e-06
3.57788e-06
3.65347e-06
3.72248e-06
3.78485e-06
3.8405e-06
3.88915e-06
3.93054e-06
3.96431e-06
3.99001e-06
4.00827e-06
4.02815e-06
4.13628e-06
4.97653e-06
9.69984e-06
2.61941e-05
5.58673e-05
7.52448e-05
8.15358e-05
8.27846e-05
8.29622e-05
8.30195e-05
8.31064e-05
8.32399e-05
8.34215e-05
8.36502e-05
8.39267e-05
8.42525e-05
8.46307e-05
8.50665e-05
8.55663e-05
8.61395e-05
8.67984e-05
8.75586e-05
8.84404e-05
8.94726e-05
9.06959e-05
9.21673e-05
9.39759e-05
9.62556e-05
9.92201e-05
0.000103203
0.000108673
0.000116127
0.000125618
0.000136392
0.000147318
0.000157509
0.000166771
0.000175207
0.000182954
0.00019013
0.000196806
0.000203031
0.000208826
0.00021421
0.000219194
0.000223788
0.000228
0.000231838
0.000235308
0.000238418
0.000241171
0.000243565
0.000245593
0.000247242
0.000248491
0.000249335
0.000249872
0.000251248
0.000261892
0.000322893
0.000536539
0.000920331
0.00117003
0.00125091
0.00126699
0.0012693
0.00126999
0.00127096
0.00127244
0.00127444
0.00127694
0.00127997
0.00128352
0.00128764
0.00129237
0.00129777
0.00130393
0.00131098
0.00131904
0.0013283
0.00133902
0.00135152
0.00136628
0.00138399
0.00140566
0.00143284
0.00146784
0.00151364
0.00157286
0.00164414
0.00172055
0.00179354
0.00185788
0.00191335
0.00196147
0.00200374
0.00204134
0.00207506
0.00210548
0.00213295
0.00215779
0.00218022
0.00220044
0.00221861
0.00223489
0.00224937
0.00226218
0.00227338
0.00228302
0.0022911
0.00229761
0.00230247
0.00230563
0.00230706
0.00230753
0.00231241
0.00234762
0.00247667
0.00271109
0.00286432
0.00291465
0.00292531
0.00292748
0.00292868
0.00293014
0.00293201
0.0029343
0.00293702
0.00294016
0.00294374
0.00294777
0.00295229
0.00295734
0.00296299
0.00296931
0.00297641
0.00298441
0.00299348
0.00300387
0.00301588
0.00303002
0.00304698
0.00306785
0.00309419
0.00312801
0.00317092
0.00322167
0.00327535
0.00332594
0.00337006
0.00340781
0.00344041
0.00346897
0.00349437
0.00351717
0.00353776
0.0035564
0.0035733
0.00358863
0.00360251
0.00361507
0.00362639
0.00363658
0.00364572
0.00365389
0.00366116
0.00366757
0.00367318
0.00367803
0.00368214
0.00368551
0.00368818
0.00369003
0.00369111
0.00369072
0.00368892
0.0036873
0.00368606
0.00368493
0.00368365
0.00368206
1.02545e-06
1.02833e-06
1.03056e-06
1.0322e-06
1.03311e-06
1.03313e-06
1.03245e-06
1.03259e-06
1.03386e-06
1.03573e-06
1.03822e-06
1.04123e-06
1.04476e-06
1.04877e-06
1.05329e-06
1.05833e-06
1.06391e-06
1.07008e-06
1.07691e-06
1.08449e-06
1.09292e-06
1.10235e-06
1.11297e-06
1.12502e-06
1.13883e-06
1.15486e-06
1.1738e-06
1.19663e-06
1.22493e-06
1.26115e-06
1.30927e-06
1.37563e-06
1.46937e-06
1.60038e-06
1.77116e-06
1.96861e-06
2.17082e-06
2.36035e-06
2.53265e-06
2.68929e-06
2.83299e-06
2.96606e-06
3.09004e-06
3.20578e-06
3.3138e-06
3.41431e-06
3.50748e-06
3.59335e-06
3.67202e-06
3.74349e-06
3.80772e-06
3.86474e-06
3.91451e-06
3.95679e-06
3.99131e-06
4.01771e-06
4.0355e-06
4.04513e-06
4.05473e-06
4.14741e-06
4.95936e-06
9.64112e-06
2.60855e-05
5.57526e-05
7.51884e-05
8.14848e-05
8.26893e-05
8.28115e-05
8.28117e-05
8.28411e-05
8.29159e-05
8.30372e-05
8.32032e-05
8.34133e-05
8.36682e-05
8.39698e-05
8.4322e-05
8.47302e-05
8.52027e-05
8.57511e-05
8.63902e-05
8.71398e-05
8.80295e-05
8.91024e-05
9.04207e-05
9.20846e-05
9.42478e-05
9.71594e-05
0.000101212
0.000106964
0.000115006
0.000125452
0.000137433
0.000149575
0.000160819
0.000170899
0.000179936
0.0001881
0.000195547
0.000202374
0.000208653
0.000214422
0.000219714
0.00022455
0.000228949
0.000232928
0.000236503
0.000239683
0.000242482
0.000244906
0.000246953
0.000248617
0.000249886
0.000250734
0.000251157
0.000251243
0.000252105
0.000262098
0.000322352
0.000535248
0.000918943
0.00116939
0.00125038
0.00126598
0.00126768
0.00126775
0.00126811
0.00126897
0.00127033
0.00127219
0.00127454
0.00127738
0.00128073
0.00128465
0.00128917
0.0012944
0.00130044
0.00130744
0.00131558
0.00132514
0.00133649
0.00135015
0.00136695
0.00138806
0.00141534
0.00145156
0.0015003
0.00156468
0.00164339
0.00172824
0.0018089
0.00187921
0.00193877
0.00198944
0.00203307
0.00207117
0.00210476
0.00213458
0.00216112
0.00218478
0.00220586
0.00222461
0.00224123
0.0022559
0.00226875
0.0022799
0.00228946
0.00229743
0.00230384
0.00230865
0.00231178
0.00231317
0.00231278
0.00231144
0.00231456
0.00234826
0.00247623
0.00271035
0.00286391
0.00291421
0.00292444
0.0029261
0.00292678
0.00292772
0.00292906
0.00293083
0.00293302
0.00293562
0.00293864
0.00294208
0.00294599
0.00295039
0.00295535
0.00296095
0.0029673
0.00297452
0.0029828
0.00299241
0.00300372
0.00301731
0.003034
0.0030551
0.00308248
0.00311858
0.00316529
0.00322136
0.00328093
0.00333679
0.00338495
0.00342545
0.00345974
0.00348922
0.00351496
0.00353769
0.00355792
0.00357599
0.00359217
0.00360666
0.00361963
0.00363123
0.00364158
0.00365078
0.00365893
0.00366614
0.00367245
0.00367794
0.00368265
0.00368662
0.00368988
0.00369242
0.00369427
0.00369528
0.0036955
0.00369418
0.00369147
0.00368919
0.00368751
0.00368611
0.00368466
0.00368297
1.0253e-06
1.02797e-06
1.02995e-06
1.03126e-06
1.03172e-06
1.03111e-06
1.02962e-06
1.02891e-06
1.0294e-06
1.0305e-06
1.03225e-06
1.03451e-06
1.03726e-06
1.04047e-06
1.04414e-06
1.04826e-06
1.05284e-06
1.05793e-06
1.06358e-06
1.06986e-06
1.07686e-06
1.08471e-06
1.0936e-06
1.10375e-06
1.1155e-06
1.12932e-06
1.14594e-06
1.16642e-06
1.19253e-06
1.22704e-06
1.27448e-06
1.34216e-06
1.44067e-06
1.58156e-06
1.7687e-06
1.98743e-06
2.21187e-06
2.42149e-06
2.61018e-06
2.77953e-06
2.93266e-06
3.07243e-06
3.20082e-06
3.31903e-06
3.42789e-06
3.5278e-06
3.61913e-06
3.70207e-06
3.77687e-06
3.84364e-06
3.90244e-06
3.95338e-06
3.9965e-06
4.03157e-06
4.05834e-06
4.07644e-06
4.08533e-06
4.08545e-06
4.08459e-06
4.16573e-06
4.96826e-06
9.65026e-06
2.60384e-05
5.5562e-05
7.50418e-05
8.13939e-05
8.25788e-05
8.26488e-05
8.25881e-05
8.25547e-05
8.25654e-05
8.26212e-05
8.27192e-05
8.2858e-05
8.30371e-05
8.3257e-05
8.35206e-05
8.3832e-05
8.41987e-05
8.46312e-05
8.51436e-05
8.57555e-05
8.64973e-05
8.74146e-05
8.85755e-05
9.00915e-05
9.21369e-05
9.49974e-05
9.91248e-05
0.000105168
0.00011382
0.000125268
0.000138538
0.000152
0.000164408
0.00017541
0.000185135
0.000193783
0.000201545
0.00020855
0.000214894
0.000220637
0.000225824
0.000230494
0.000234673
0.000238391
0.000241669
0.000244523
0.000246973
0.000249028
0.000250687
0.000251944
0.000252785
0.000253186
0.00025314
0.000252737
0.000253105
0.000262668
0.000322701
0.00053476
0.00091658
0.00116759
0.00124935
0.00126478
0.00126592
0.00126534
0.00126503
0.00126521
0.00126588
0.00126703
0.00126864
0.00127071
0.00127325
0.0012763
0.00127989
0.00128412
0.0012891
0.00129497
0.00130193
0.00131027
0.00132041
0.00133294
0.00134879
0.00136936
0.0013968
0.00143434
0.0014862
0.001556
0.00164254
0.00173639
0.00182531
0.00190216
0.0019663
0.00201988
0.00206511
0.00210383
0.00213732
0.00216652
0.00219205
0.00221443
0.00223402
0.00225114
0.00226605
0.00227895
0.00229001
0.00229935
0.00230707
0.00231322
0.00231777
0.00232071
0.00232191
0.00232133
0.00231895
0.00231566
0.00231703
0.00234948
0.00247629
0.00270901
0.00286279
0.00291343
0.00292342
0.00292459
0.00292471
0.00292507
0.00292584
0.00292704
0.00292864
0.00293065
0.00293306
0.00293587
0.00293911
0.00294282
0.00294705
0.00295188
0.00295743
0.00296382
0.00297128
0.00298008
0.00299067
0.00300369
0.00302014
0.00304151
0.00307003
0.00310854
0.00315927
0.00322094
0.0032868
0.00334832
0.00340092
0.00344448
0.00348072
0.00351126
0.00353744
0.00356013
0.00358
0.00359745
0.00361284
0.00362641
0.00363839
0.00364893
0.00365819
0.0036663
0.00367337
0.0036795
0.00368477
0.00368924
0.00369296
0.00369598
0.00369831
0.00369993
0.00370088
0.00370097
0.00370025
0.00369792
0.00369427
0.00369129
0.00368912
0.0036874
0.00368576
0.00368396
1.02508e-06
1.02752e-06
1.02923e-06
1.03019e-06
1.03016e-06
1.0289e-06
1.02655e-06
1.02495e-06
1.02459e-06
1.02488e-06
1.02583e-06
1.02728e-06
1.02922e-06
1.03159e-06
1.03436e-06
1.03752e-06
1.04107e-06
1.04504e-06
1.04946e-06
1.0544e-06
1.05993e-06
1.06617e-06
1.0733e-06
1.08153e-06
1.09119e-06
1.10279e-06
1.11708e-06
1.13523e-06
1.15919e-06
1.19204e-06
1.2389e-06
1.30797e-06
1.41131e-06
1.56217e-06
1.76596e-06
2.00679e-06
2.25483e-06
2.4863e-06
2.69323e-06
2.87695e-06
3.04087e-06
3.18835e-06
3.32185e-06
3.44296e-06
3.55281e-06
3.65209e-06
3.74136e-06
3.82103e-06
3.8915e-06
3.95302e-06
4.00577e-06
4.04995e-06
4.08569e-06
4.11276e-06
4.13093e-06
4.13984e-06
4.13892e-06
4.12868e-06
4.11717e-06
4.19024e-06
5.00026e-06
9.71947e-06
2.60461e-05
5.5303e-05
7.48135e-05
8.1267e-05
8.24557e-05
8.2477e-05
8.23525e-05
8.22518e-05
8.2194e-05
8.21799e-05
8.2206e-05
8.22697e-05
8.23694e-05
8.25045e-05
8.26765e-05
8.28883e-05
8.31463e-05
8.34604e-05
8.38438e-05
8.43161e-05
8.49085e-05
8.56694e-05
8.66728e-05
8.80422e-05
8.99724e-05
9.27854e-05
9.69916e-05
0.000103331
0.000112597
0.000125066
0.000139672
0.000154533
0.000168205
0.000180229
0.000190729
0.000199928
0.000208053
0.000215265
0.000221689
0.000227406
0.00023248
0.000236965
0.000240902
0.000244331
0.000247281
0.000249777
0.000251843
0.000253491
0.000254724
0.000255534
0.000255907
0.000255816
0.000255258
0.000254332
0.000254223
0.000263555
0.000323838
0.000534985
0.000913335
0.00116474
0.00124785
0.00126342
0.00126406
0.0012628
0.00126177
0.00126121
0.00126115
0.00126154
0.00126238
0.00126363
0.00126532
0.00126745
0.00127008
0.00127327
0.00127715
0.00128186
0.0012876
0.0012947
0.0013036
0.00131499
0.00132991
0.00134997
0.00137763
0.00141658
0.00147167
0.00154703
0.0016416
0.00174477
0.00184238
0.00192626
0.00199543
0.00205227
0.00209934
0.00213883
0.00217228
0.00220085
0.00222533
0.00224632
0.00226432
0.00227969
0.00229276
0.00230376
0.00231287
0.00232025
0.00232601
0.00233018
0.00233273
0.00233362
0.00233273
0.00233001
0.00232547
0.00232012
0.00231978
0.00235121
0.00247681
0.00270714
0.00286101
0.00291235
0.00292228
0.00292298
0.0029225
0.00292224
0.00292239
0.00292297
0.00292395
0.00292533
0.00292709
0.00292923
0.00293177
0.00293475
0.00293821
0.00294225
0.00294697
0.00295252
0.00295912
0.00296711
0.00297696
0.00298945
0.00300568
0.0030274
0.00305713
0.00309815
0.003153
0.00322042
0.00329278
0.00336027
0.00341762
0.00346455
0.00350297
0.00353476
0.00356147
0.00358419
0.00360368
0.00362049
0.00363503
0.00364762
0.00365851
0.00366792
0.00367601
0.00368293
0.00368883
0.0036938
0.00369794
0.00370132
0.00370399
0.00370597
0.00370731
0.00370795
0.00370793
0.00370704
0.00370531
0.00370193
0.0036973
0.00369358
0.00369088
0.00368882
0.00368696
0.00368501
1.02478e-06
1.02698e-06
1.0284e-06
1.02898e-06
1.02843e-06
1.02648e-06
1.02328e-06
1.02075e-06
1.01949e-06
1.01892e-06
1.01904e-06
1.01966e-06
1.02075e-06
1.02224e-06
1.02409e-06
1.02627e-06
1.02877e-06
1.0316e-06
1.03479e-06
1.03839e-06
1.04245e-06
1.04708e-06
1.05245e-06
1.05878e-06
1.06639e-06
1.0758e-06
1.08783e-06
1.10373e-06
1.12564e-06
1.15695e-06
1.20333e-06
1.27388e-06
1.38203e-06
1.54269e-06
1.76294e-06
2.02602e-06
2.29857e-06
2.55341e-06
2.7803e-06
2.98005e-06
3.15616e-06
3.31242e-06
3.45179e-06
3.57625e-06
3.68731e-06
3.78595e-06
3.87299e-06
3.94907e-06
4.0148e-06
4.07057e-06
4.11669e-06
4.15348e-06
4.18115e-06
4.19951e-06
4.20831e-06
4.20721e-06
4.19564e-06
4.17427e-06
4.15195e-06
4.21999e-06
5.05157e-06
9.83638e-06
2.60956e-05
5.49901e-05
7.45182e-05
8.11092e-05
8.23223e-05
8.22989e-05
8.21084e-05
8.19369e-05
8.18069e-05
8.17198e-05
8.16711e-05
8.16575e-05
8.1676e-05
8.17248e-05
8.18042e-05
8.19157e-05
8.2065e-05
8.22609e-05
8.25162e-05
8.28505e-05
8.32957e-05
8.39035e-05
8.47537e-05
8.59815e-05
8.78026e-05
9.05741e-05
9.48628e-05
0.000101496
0.000111367
0.000124845
0.000140796
0.000157107
0.000172126
0.000185266
0.000196629
0.000206448
0.000214986
0.000222438
0.000228958
0.000234652
0.000239607
0.000243893
0.000247567
0.000250682
0.000253277
0.000255385
0.000257036
0.000258247
0.00025902
0.000259346
0.000259213
0.000258591
0.000257483
0.000256005
0.000255436
0.000264705
0.0003256
0.000535757
0.000909396
0.00116104
0.00124596
0.00126194
0.00126213
0.00126016
0.00125837
0.00125704
0.0012562
0.00125581
0.00125583
0.00125625
0.00125706
0.00125826
0.0012599
0.00126204
0.00126481
0.00126835
0.00127287
0.00127872
0.0012864
0.00129666
0.0013107
0.00133029
0.00135825
0.0013987
0.00145707
0.00153799
0.00164057
0.0017531
0.00185967
0.00195097
0.00202557
0.00208603
0.00213521
0.00217563
0.00220913
0.00223709
0.00226047
0.00228003
0.00229635
0.00230988
0.002321
0.00232998
0.00233704
0.00234235
0.00234603
0.00234809
0.00234851
0.00234723
0.0023441
0.0023391
0.00233226
0.00232475
0.00232273
0.00235334
0.00247767
0.00270484
0.0028587
0.00291101
0.00292104
0.00292128
0.00292018
0.00291927
0.00291876
0.00291868
0.002919
0.00291972
0.0029208
0.00292225
0.00292408
0.00292631
0.00292899
0.00293222
0.0029361
0.0029408
0.00294656
0.00295374
0.00296288
0.00297486
0.00299092
0.00301305
0.00304408
0.00308767
0.00314664
0.0032198
0.0032987
0.00337231
0.00343469
0.00348527
0.00352612
0.00355933
0.00358669
0.00360948
0.00362863
0.00364478
0.00365844
0.00366998
0.00367972
0.00368792
0.00369477
0.00370044
0.00370508
0.00370884
0.00371179
0.00371401
0.00371556
0.00371646
0.00371675
0.00371637
0.00371533
0.00371341
0.00371062
0.00370617
0.00370056
0.00369607
0.00369281
0.00369037
0.00368825
0.00368614
1.02442e-06
1.02636e-06
1.02746e-06
1.02763e-06
1.02653e-06
1.02389e-06
1.01982e-06
1.01634e-06
1.01416e-06
1.0127e-06
1.01196e-06
1.01172e-06
1.01195e-06
1.01255e-06
1.01348e-06
1.01468e-06
1.01613e-06
1.01783e-06
1.01981e-06
1.02208e-06
1.02469e-06
1.02776e-06
1.03143e-06
1.03592e-06
1.04156e-06
1.04888e-06
1.05876e-06
1.07254e-06
1.09253e-06
1.12246e-06
1.16849e-06
1.24056e-06
1.3534e-06
1.5235e-06
1.7596e-06
2.04458e-06
2.34209e-06
2.62148e-06
2.86992e-06
3.08732e-06
3.27702e-06
3.44317e-06
3.5892e-06
3.71751e-06
3.83003e-06
3.92806e-06
4.01274e-06
4.08496e-06
4.14557e-06
4.19513e-06
4.23411e-06
4.26296e-06
4.28196e-06
4.29095e-06
4.28969e-06
4.27785e-06
4.2549e-06
4.22173e-06
4.1885e-06
4.25424e-06
5.11893e-06
9.99015e-06
2.61757e-05
5.46361e-05
7.4169e-05
8.09249e-05
8.21806e-05
8.21168e-05
8.18591e-05
8.16142e-05
8.14095e-05
8.12471e-05
8.11221e-05
8.103e-05
8.0967e-05
8.09299e-05
8.09176e-05
8.09304e-05
8.09731e-05
8.1054e-05
8.1185e-05
8.13858e-05
8.16896e-05
8.21508e-05
8.28554e-05
8.39501e-05
8.56705e-05
8.84074e-05
9.27807e-05
9.96992e-05
0.000110153
0.000124603
0.000141877
0.000159663
0.000176094
0.000190434
0.000202742
0.000213252
0.000222256
0.000229981
0.000236615
0.000242292
0.000247124
0.000251199
0.000254594
0.000257375
0.000259592
0.000261288
0.000262498
0.000263243
0.000263527
0.00026334
0.000262668
0.000261483
0.000259791
0.000257737
0.000256724
0.00026607
0.000327843
0.000536928
0.000904929
0.00115664
0.00124373
0.00126035
0.00126015
0.00125746
0.00125488
0.00125275
0.0012511
0.0012499
0.0012491
0.00124867
0.00124859
0.00124886
0.00124952
0.00125062
0.00125228
0.00125467
0.00125799
0.00126262
0.00126912
0.0012783
0.0012915
0.00131071
0.00133904
0.00138104
0.0014427
0.00152908
0.00163943
0.00176118
0.00187679
0.00197579
0.00205619
0.00212061
0.00217216
0.00221368
0.00224733
0.00227472
0.00229701
0.0023151
0.00232968
0.0023413
0.0023504
0.00235729
0.00236221
0.00236537
0.00236688
0.00236675
0.00236494
0.00236137
0.00235589
0.00234848
0.00233923
0.00232949
0.00232583
0.00235577
0.00247878
0.00270223
0.00285597
0.00290946
0.00291972
0.00291954
0.0029178
0.0029162
0.00291499
0.00291422
0.00291387
0.0029139
0.0029143
0.00291504
0.00291615
0.00291762
0.00291953
0.00292195
0.00292501
0.00292887
0.0029338
0.0029402
0.00294868
0.0029602
0.00297616
0.00299876
0.00303113
0.0030773
0.00314034
0.00321907
0.00330439
0.0033842
0.00345178
0.00350626
0.00354976
0.00358457
0.00361272
0.00363566
0.00365449
0.00366997
0.00368272
0.00369318
0.00370173
0.00370866
0.00371421
0.00371857
0.00372192
0.0037244
0.00372611
0.00372713
0.00372752
0.00372731
0.00372652
0.00372508
0.00372299
0.00372002
0.00371615
0.00371062
0.00370403
0.00369875
0.0036949
0.00369204
0.00368964
0.00368734
1.02398e-06
1.02565e-06
1.02641e-06
1.02614e-06
1.02448e-06
1.02112e-06
1.01619e-06
1.01177e-06
1.00865e-06
1.00628e-06
1.00466e-06
1.00356e-06
1.00293e-06
1.00265e-06
1.00266e-06
1.00289e-06
1.00332e-06
1.00393e-06
1.00472e-06
1.00572e-06
1.00695e-06
1.00852e-06
1.01057e-06
1.01332e-06
1.01711e-06
1.02248e-06
1.03036e-06
1.04219e-06
1.06045e-06
1.08915e-06
1.13496e-06
1.20857e-06
1.32589e-06
1.50489e-06
1.75593e-06
2.06201e-06
2.3845e-06
2.68929e-06
2.96068e-06
3.19723e-06
3.4019e-06
3.57907e-06
3.73257e-06
3.86527e-06
3.97952e-06
4.07702e-06
4.15924e-06
4.22739e-06
4.28256e-06
4.32553e-06
4.35692e-06
4.37735e-06
4.38716e-06
4.38622e-06
4.3743e-06
4.3511e-06
4.31611e-06
4.2706e-06
4.22647e-06
4.29236e-06
5.19919e-06
1.01698e-05
2.62745e-05
5.42549e-05
7.37795e-05
8.07184e-05
8.20321e-05
8.19328e-05
8.16074e-05
8.12874e-05
8.10063e-05
8.07676e-05
8.05658e-05
8.03956e-05
8.02521e-05
8.01309e-05
8.00297e-05
7.99474e-05
7.98879e-05
7.98589e-05
7.98719e-05
7.99467e-05
8.01175e-05
8.04415e-05
8.10107e-05
8.19828e-05
8.36121e-05
8.63213e-05
9.07793e-05
9.797e-05
0.000108973
0.00012434
0.000142889
0.000162148
0.000180036
0.00019565
0.00020898
0.000220249
0.00022977
0.000237805
0.000244574
0.000250242
0.000254948
0.000258805
0.000261907
0.000264337
0.000266158
0.000267421
0.000268171
0.000268429
0.000268201
0.000267476
0.000266239
0.000264461
0.000262159
0.000259511
0.000258073
0.000267607
0.000330425
0.000538347
0.000900112
0.00115172
0.00124121
0.00125867
0.00125814
0.00125473
0.00125134
0.00124838
0.00124592
0.00124389
0.00124226
0.00124098
0.00124003
0.00123939
0.00123908
0.00123917
0.00123976
0.00124103
0.0012432
0.00124667
0.00125204
0.00126021
0.00127265
0.00129155
0.00132031
0.00136389
0.00142878
0.00152043
0.00163819
0.00176881
0.00189341
0.00200029
0.00208679
0.00215547
0.00220964
0.00225245
0.00228636
0.00231324
0.00233445
0.00235106
0.00236388
0.00237355
0.00238058
0.00238534
0.00238808
0.00238904
0.00238833
0.00238595
0.00238183
0.00237589
0.00236798
0.00235807
0.00234633
0.00233431
0.00232905
0.00235842
0.00248006
0.0026994
0.00285291
0.00290773
0.00291834
0.00291776
0.00291537
0.00291305
0.00291113
0.00290966
0.0029086
0.00290794
0.00290765
0.00290769
0.00290808
0.00290881
0.00290995
0.00291159
0.00291384
0.0029169
0.00292104
0.00292671
0.00293458
0.0029457
0.00296162
0.00298477
0.00301852
0.00306723
0.00313419
0.00321824
0.00330974
0.00339569
0.00346859
0.00352717
0.00357354
0.00361013
0.00363918
0.00366234
0.00368089
0.00369573
0.00370755
0.00371691
0.00372423
0.00372986
0.00373406
0.00373707
0.00373909
0.00374026
0.00374071
0.00374051
0.00373973
0.00373838
0.0037365
0.00373398
0.00373084
0.00372679
0.00372184
0.00371525
0.00370769
0.00370162
0.00369715
0.00369384
0.00369113
0.00368862
1.02347e-06
1.02484e-06
1.02525e-06
1.02453e-06
1.02227e-06
1.01819e-06
1.0124e-06
1.00706e-06
1.00299e-06
9.99715e-07
9.97229e-07
9.95273e-07
9.93788e-07
9.92639e-07
9.9176e-07
9.91066e-07
9.9051e-07
9.90069e-07
9.8974e-07
9.89531e-07
9.89469e-07
9.89639e-07
9.90187e-07
9.91326e-07
9.93398e-07
9.96984e-07
1.00304e-06
1.01311e-06
1.02983e-06
1.05747e-06
1.10316e-06
1.17827e-06
1.29978e-06
1.48703e-06
1.75192e-06
2.07804e-06
2.42516e-06
2.75587e-06
3.05134e-06
3.30842e-06
3.52937e-06
3.71865e-06
3.88044e-06
4.01808e-06
4.13437e-06
4.23145e-06
4.31116e-06
4.37506e-06
4.42453e-06
4.46058e-06
4.48402e-06
4.49563e-06
4.49582e-06
4.48448e-06
4.46141e-06
4.42632e-06
4.37877e-06
4.32047e-06
4.26557e-06
4.33392e-06
5.29e-06
1.03671e-05
2.63836e-05
5.38567e-05
7.33599e-05
8.04929e-05
8.18781e-05
8.17483e-05
8.13558e-05
8.096e-05
8.06018e-05
8.02866e-05
8.00085e-05
7.97617e-05
7.95399e-05
7.9338e-05
7.91523e-05
7.89799e-05
7.88245e-05
7.86929e-05
7.85962e-05
7.85543e-05
7.86025e-05
7.88007e-05
7.92463e-05
8.01071e-05
8.1655e-05
8.43419e-05
8.88817e-05
9.63261e-05
0.000107838
0.000124055
0.000143814
0.000164524
0.000183894
0.000200841
0.000215263
0.000227355
0.000237443
0.000245823
0.000252748
0.000258417
0.000262999
0.000266631
0.000269431
0.000271498
0.000272909
0.000273726
0.000273999
0.000273755
0.000272997
0.000271714
0.000269891
0.000267499
0.000264567
0.000261312
0.000259471
0.000269281
0.00033324
0.000539901
0.000895077
0.00114641
0.00123845
0.00125691
0.00125612
0.001252
0.00124778
0.00124399
0.0012407
0.00123785
0.0012354
0.00123329
0.00123149
0.00122996
0.00122873
0.00122784
0.00122742
0.00122763
0.00122871
0.00123109
0.00123541
0.00124265
0.00125441
0.00127307
0.00130232
0.00134748
0.00141549
0.00151213
0.00163684
0.0017759
0.00190929
0.00202411
0.00211694
0.00219015
0.00224717
0.00229145
0.00232574
0.00235218
0.00237235
0.00238749
0.00239855
0.00240626
0.00241122
0.00241381
0.00241437
0.00241311
0.00241016
0.00240548
0.00239902
0.00239066
0.00238025
0.00236777
0.00235348
0.00233917
0.00233235
0.00236121
0.00248143
0.00269645
0.00284962
0.00290585
0.0029169
0.00291597
0.00291292
0.00290988
0.00290722
0.00290503
0.00290327
0.00290192
0.00290093
0.00290028
0.00289997
0.00289998
0.00290039
0.00290127
0.00290277
0.00290506
0.00290847
0.00291347
0.00292078
0.00293157
0.00294752
0.00297125
0.00300639
0.00305757
0.00312827
0.00321731
0.00331468
0.00340663
0.0034849
0.00354772
0.00359714
0.00363566
0.00366573
0.00368921
0.00370753
0.00372173
0.00373263
0.00374087
0.00374694
0.00375124
0.00375408
0.00375572
0.00375638
0.00375624
0.0037554
0.00375397
0.00375201
0.00374954
0.00374656
0.00374298
0.00373878
0.00373368
0.00372766
0.00372003
0.00371154
0.00370468
0.00369956
0.00369577
0.00369272
0.00368997
1.02289e-06
1.02395e-06
1.02398e-06
1.02278e-06
1.01991e-06
1.0151e-06
1.00849e-06
1.00224e-06
9.97238e-07
9.93066e-07
9.89719e-07
9.86924e-07
9.8461e-07
9.82627e-07
9.80897e-07
9.79323e-07
9.7784e-07
9.76418e-07
9.75045e-07
9.73721e-07
9.72466e-07
9.71355e-07
9.70532e-07
9.70211e-07
9.7074e-07
9.7272e-07
9.77153e-07
9.85658e-07
1.00102e-06
1.02775e-06
1.07338e-06
1.1499e-06
1.27523e-06
1.46999e-06
1.74754e-06
2.09247e-06
2.46361e-06
2.82043e-06
3.14088e-06
3.41967e-06
3.65811e-06
3.86054e-06
4.03143e-06
4.17454e-06
4.29319e-06
4.38997e-06
4.46715e-06
4.52668e-06
4.57026e-06
4.59912e-06
4.61433e-06
4.61682e-06
4.60704e-06
4.58495e-06
4.55032e-06
4.50291e-06
4.44239e-06
4.37099e-06
4.30558e-06
4.37864e-06
5.38968e-06
1.05764e-05
2.64969e-05
5.34489e-05
7.29173e-05
8.02503e-05
8.17191e-05
8.15647e-05
8.11065e-05
8.06349e-05
8.01998e-05
7.98087e-05
7.94559e-05
7.91348e-05
7.88382e-05
7.85601e-05
7.82955e-05
7.80398e-05
7.7796e-05
7.75705e-05
7.73741e-05
7.72264e-05
7.71638e-05
7.72486e-05
7.7583e-05
7.83439e-05
7.98192e-05
8.24871e-05
8.71022e-05
9.4777e-05
0.000106753
0.000123748
0.000144642
0.000166765
0.000187625
0.00020595
0.000221522
0.000234492
0.000245196
0.000253954
0.000261057
0.000266737
0.000271196
0.000274602
0.000277093
0.00027879
0.000279782
0.000280142
0.000279931
0.000279173
0.000277874
0.00027602
0.000273596
0.000270573
0.000266995
0.000263129
0.000260907
0.00027107
0.000336213
0.000541513
0.000889917
0.00114081
0.00123546
0.00125509
0.00125411
0.00124928
0.00124425
0.00123962
0.0012355
0.00123184
0.00122859
0.00122567
0.00122305
0.00122069
0.00121858
0.00121679
0.00121542
0.00121464
0.00121471
0.00121608
0.00121943
0.00122583
0.00123698
0.00125546
0.00128523
0.00133194
0.0014029
0.00150422
0.00163539
0.00178237
0.00192428
0.00204702
0.00214632
0.00222426
0.00228433
0.00233024
0.00236502
0.00239109
0.00241027
0.00242397
0.00243329
0.00243906
0.00244195
0.00244241
0.00244079
0.00243734
0.00243214
0.00242518
0.00241636
0.00240556
0.0023926
0.00237751
0.00236064
0.00234403
0.00233571
0.00236411
0.00248285
0.00269343
0.00284616
0.00290383
0.00291542
0.00291417
0.00291047
0.0029067
0.0029033
0.00290039
0.00289792
0.00289588
0.00289422
0.0028929
0.00289191
0.00289124
0.00289095
0.00289113
0.00289191
0.00289351
0.00289624
0.00290062
0.00290745
0.00291797
0.002934
0.00295834
0.00299485
0.0030484
0.00312261
0.00321628
0.00331916
0.00341692
0.00350052
0.0035677
0.00362029
0.00366089
0.00369209
0.00371595
0.00373408
0.00374767
0.00375765
0.00376477
0.00376958
0.00377254
0.00377401
0.00377428
0.00377358
0.00377212
0.00377001
0.00376736
0.00376424
0.00376066
0.0037566
0.00375198
0.00374675
0.00374062
0.00373356
0.00372494
0.00371556
0.0037079
0.00370213
0.00369783
0.00369441
0.0036914
1.02223e-06
1.02297e-06
1.02261e-06
1.0209e-06
1.01741e-06
1.01187e-06
1.00446e-06
9.97333e-07
9.91425e-07
9.86379e-07
9.82193e-07
9.78589e-07
9.7548e-07
9.72706e-07
9.70175e-07
9.67781e-07
9.65442e-07
9.63119e-07
9.60795e-07
9.58461e-07
9.56131e-07
9.53873e-07
9.5183e-07
9.50214e-07
9.49381e-07
9.49952e-07
9.52963e-07
9.60106e-07
9.74286e-07
1.00024e-06
1.04584e-06
1.12364e-06
1.25237e-06
1.45384e-06
1.74278e-06
2.10511e-06
2.49938e-06
2.88223e-06
3.22833e-06
3.52985e-06
3.78689e-06
4.00343e-06
4.18418e-06
4.3333e-06
4.45463e-06
4.55125e-06
4.62592e-06
4.681e-06
4.71854e-06
4.74004e-06
4.74682e-06
4.73995e-06
4.71998e-06
4.68684e-06
4.64036e-06
4.58031e-06
4.50651e-06
4.42184e-06
4.34632e-06
4.42637e-06
5.49716e-06
1.07938e-05
2.66105e-05
5.30361e-05
7.24563e-05
7.9992e-05
8.15557e-05
8.13831e-05
8.08614e-05
8.03147e-05
7.98035e-05
7.9338e-05
7.89128e-05
7.85208e-05
7.81538e-05
7.78049e-05
7.74683e-05
7.71369e-05
7.68136e-05
7.65042e-05
7.62189e-05
7.59775e-05
7.58169e-05
7.58014e-05
7.60376e-05
7.67101e-05
7.81208e-05
8.07715e-05
8.54533e-05
9.33317e-05
0.000105721
0.000123417
0.000145362
0.000168843
0.000191184
0.000210919
0.00022769
0.000241591
0.000252953
0.000262121
0.000269421
0.000275124
0.000279465
0.000282643
0.000284823
0.000286145
0.000286714
0.000286615
0.000285915
0.00028464
0.000282792
0.00028036
0.000277324
0.000273661
0.000269427
0.00026495
0.000262377
0.000272958
0.000339292
0.000543133
0.000884693
0.00113497
0.00123227
0.0012532
0.0012521
0.00124661
0.00124076
0.0012353
0.00123037
0.00122592
0.00122188
0.0012182
0.00121481
0.00121168
0.00120876
0.00120612
0.00120388
0.0012022
0.00120135
0.0012018
0.00120428
0.00120992
0.00122055
0.00123891
0.0012692
0.00131738
0.0013911
0.00149674
0.00163382
0.00178817
0.00193824
0.00206877
0.00217462
0.00225745
0.00232073
0.00236841
0.00240379
0.00242958
0.00244783
0.00246013
0.00246775
0.00247162
0.00247249
0.00247085
0.0024671
0.00246149
0.0024541
0.00244487
0.0024337
0.00242045
0.00240494
0.00238722
0.00236776
0.00234887
0.0023391
0.00236707
0.00248429
0.00269038
0.00284255
0.00290168
0.00291391
0.00291239
0.00290805
0.00290354
0.0028994
0.00289576
0.0028926
0.00288989
0.00288757
0.00288561
0.00288398
0.00288267
0.00288173
0.00288126
0.0028814
0.00288235
0.00288447
0.00288832
0.00289473
0.00290504
0.0029212
0.00294617
0.00298401
0.00303978
0.00311724
0.00321515
0.00332314
0.00342646
0.00351531
0.00358689
0.00364276
0.00368554
0.00371797
0.00374227
0.00376026
0.00377326
0.00378235
0.00378834
0.0037919
0.00379353
0.00379363
0.00379253
0.00379049
0.00378773
0.00378437
0.00378053
0.00377628
0.00377161
0.00376652
0.00376089
0.00375467
0.00374755
0.0037395
0.00372995
0.00371973
0.00371129
0.00370485
0.00370002
0.0036962
0.00369291
0.00368052
0.00367921
0.00367775
0.00367612
0.00367432
0.00367235
0.00367019
0.00366784
0.0036653
0.00366256
0.00365962
0.00365647
0.00365312
0.00364955
0.00364577
0.00364178
0.00363759
0.00363319
0.0036286
0.00362382
0.00361886
0.00361374
0.00360847
0.00360307
0.00359756
0.00359199
0.00358636
0.00358073
0.00357514
0.00356964
0.00356427
0.00355911
0.00355423
0.00354969
0.00354557
0.00354196
0.00353893
0.00353657
0.00353493
0.00353409
0.00368138
0.00368005
0.00367857
0.00367693
0.00367513
0.00367315
0.00367099
0.00366865
0.00366612
0.00366338
0.00366045
0.00365731
0.00365397
0.00365041
0.00364665
0.00364267
0.00363849
0.0036341
0.00362952
0.00362475
0.00361979
0.00361467
0.00360941
0.00360401
0.0035985
0.00359291
0.00358728
0.00358163
0.00357602
0.00357049
0.0035651
0.00355991
0.00355499
0.00355041
0.00354625
0.0035426
0.00353953
0.00353713
0.00353547
0.00353462
0.0036823
0.00368094
0.00367944
0.00367779
0.00367598
0.003674
0.00367184
0.0036695
0.00366697
0.00366424
0.00366132
0.00365819
0.00365486
0.00365132
0.00364757
0.0036436
0.00363943
0.00363506
0.00363048
0.00362572
0.00362078
0.00361566
0.0036104
0.003605
0.00359949
0.00359389
0.00358825
0.00358259
0.00357696
0.0035714
0.00356598
0.00356075
0.0035558
0.00355118
0.00354698
0.00354328
0.00354017
0.00353774
0.00353605
0.00353518
0.00368328
0.00368189
0.00368036
0.00367869
0.00367687
0.00367488
0.00367272
0.00367038
0.00366785
0.00366514
0.00366222
0.00365911
0.00365579
0.00365226
0.00364852
0.00364457
0.00364041
0.00363605
0.00363149
0.00362674
0.0036218
0.0036167
0.00361144
0.00360604
0.00360053
0.00359493
0.00358927
0.0035836
0.00357794
0.00357236
0.00356691
0.00356165
0.00355666
0.003552
0.00354775
0.00354401
0.00354087
0.00353839
0.00353668
0.00353579
0.00368432
0.00368289
0.00368133
0.00367963
0.00367779
0.00367579
0.00367363
0.00367129
0.00366877
0.00366606
0.00366316
0.00366005
0.00365675
0.00365323
0.00364951
0.00364557
0.00364143
0.00363708
0.00363254
0.0036278
0.00362287
0.00361778
0.00361252
0.00360713
0.00360161
0.00359601
0.00359034
0.00358465
0.00357898
0.00357338
0.0035679
0.0035626
0.00355757
0.00355286
0.00354858
0.00354479
0.0035416
0.00353909
0.00353734
0.00353644
0.00368543
0.00368394
0.00368234
0.00368061
0.00367875
0.00367674
0.00367457
0.00367223
0.00366971
0.00366701
0.00366412
0.00366102
0.00365773
0.00365423
0.00365052
0.0036466
0.00364248
0.00363815
0.00363362
0.00362889
0.00362398
0.00361889
0.00361364
0.00360825
0.00360274
0.00359713
0.00359146
0.00358575
0.00358006
0.00357444
0.00356893
0.0035636
0.00355852
0.00355378
0.00354944
0.00354561
0.00354238
0.00353983
0.00353805
0.00353712
0.00368659
0.00368504
0.00368339
0.00368163
0.00367975
0.00367772
0.00367554
0.0036732
0.00367068
0.00366799
0.0036651
0.00366202
0.00365874
0.00365525
0.00365156
0.00364766
0.00364355
0.00363924
0.00363472
0.00363001
0.00362511
0.00362004
0.0036148
0.00360942
0.0036039
0.00359829
0.00359261
0.0035869
0.00358119
0.00357554
0.00357
0.00356464
0.00355952
0.00355473
0.00355035
0.00354648
0.00354319
0.0035406
0.00353879
0.00353785
0.00368781
0.00368619
0.00368449
0.00368269
0.00368078
0.00367873
0.00367654
0.00367419
0.00367167
0.00366898
0.0036661
0.00366303
0.00365976
0.00365629
0.00365262
0.00364874
0.00364465
0.00364035
0.00363586
0.00363116
0.00362628
0.00362122
0.00361599
0.00361061
0.0036051
0.00359949
0.00359381
0.00358808
0.00358236
0.00357668
0.00357111
0.00356572
0.00356056
0.00355573
0.0035513
0.00354738
0.00354405
0.00354142
0.00353957
0.00353861
0.00368909
0.00368739
0.00368564
0.00368379
0.00368184
0.00367977
0.00367756
0.00367521
0.00367269
0.00367
0.00366712
0.00366406
0.00366081
0.00365736
0.0036537
0.00364983
0.00364576
0.00364149
0.00363701
0.00363233
0.00362747
0.00362242
0.00361721
0.00361184
0.00360633
0.00360072
0.00359503
0.0035893
0.00358356
0.00357786
0.00357227
0.00356684
0.00356164
0.00355677
0.00355229
0.00354832
0.00354495
0.00354227
0.00354039
0.00353941
0.00369044
0.00368865
0.00368682
0.00368493
0.00368294
0.00368084
0.00367861
0.00367624
0.00367372
0.00367103
0.00366816
0.00366511
0.00366187
0.00365843
0.00365479
0.00365095
0.0036469
0.00364264
0.00363818
0.00363353
0.00362868
0.00362365
0.00361845
0.00361309
0.00360759
0.00360198
0.00359629
0.00359055
0.00358479
0.00357908
0.00357345
0.00356799
0.00356276
0.00355784
0.00355332
0.0035493
0.00354588
0.00354316
0.00354125
0.00354024
2.50967e-09
8.5787e-09
1.59543e-08
2.48981e-08
3.57009e-08
4.86735e-08
6.41361e-08
8.24066e-08
1.03787e-07
1.28549e-07
1.56912e-07
1.89025e-07
2.24943e-07
2.64609e-07
3.07832e-07
3.54279e-07
4.03466e-07
4.5477e-07
5.07437e-07
5.60617e-07
6.134e-07
6.64863e-07
7.14128e-07
7.60402e-07
8.03028e-07
8.41518e-07
8.75572e-07
9.05084e-07
9.30131e-07
9.50951e-07
9.67903e-07
9.8143e-07
9.92017e-07
1.00015e-06
1.0063e-06
1.01086e-06
1.0142e-06
1.01659e-06
1.01825e-06
1.01932e-06
2.40316e-09
8.21413e-09
1.52757e-08
2.3841e-08
3.41992e-08
4.66707e-08
6.15966e-08
7.93271e-08
1.00206e-07
1.24551e-07
1.52631e-07
1.84646e-07
2.20693e-07
2.60746e-07
3.04631e-07
3.52011e-07
4.02379e-07
4.55061e-07
5.09236e-07
5.63968e-07
6.1825e-07
6.71066e-07
7.21449e-07
7.68539e-07
8.11634e-07
8.5023e-07
8.84038e-07
9.12993e-07
9.37228e-07
9.57051e-07
9.72894e-07
9.85267e-07
9.94707e-07
1.00174e-06
1.00685e-06
1.01045e-06
1.01288e-06
1.0144e-06
1.0152e-06
1.01538e-06
2.3238e-09
7.94385e-09
1.47766e-08
2.30694e-08
3.31086e-08
4.52174e-08
5.97481e-08
7.70709e-08
9.75583e-08
1.21564e-07
1.494e-07
1.81305e-07
2.17417e-07
2.57741e-07
3.02123e-07
3.50227e-07
4.01529e-07
4.55315e-07
5.10708e-07
5.66696e-07
6.22189e-07
6.76086e-07
7.27344e-07
7.75043e-07
8.18442e-07
8.57027e-07
8.90525e-07
9.18906e-07
9.42361e-07
9.61259e-07
9.76094e-07
9.8743e-07
9.95846e-07
1.0019e-06
1.00607e-06
1.00878e-06
1.01035e-06
1.01103e-06
1.01096e-06
1.01025e-06
2.26467e-09
7.74316e-09
1.44082e-08
2.25042e-08
3.23147e-08
4.4163e-08
5.84066e-08
7.54269e-08
9.56146e-08
1.19348e-07
1.46969e-07
1.7875e-07
2.14861e-07
2.55335e-07
3.00036e-07
3.48636e-07
4.00599e-07
4.55188e-07
5.1148e-07
5.68403e-07
6.24802e-07
6.79508e-07
7.31412e-07
7.79544e-07
8.23135e-07
8.61659e-07
8.94858e-07
9.22734e-07
9.45521e-07
9.63638e-07
9.77628e-07
9.88095e-07
9.95647e-07
1.00085e-06
1.00421e-06
1.00612e-06
1.0069e-06
1.00677e-06
1.00587e-06
1.00428e-06
2.21956e-09
7.59046e-09
1.41292e-08
2.20784e-08
3.17196e-08
4.3375e-08
5.74034e-08
7.41913e-08
9.41392e-08
1.17641e-07
1.45058e-07
1.76685e-07
2.12717e-07
2.5321e-07
2.98047e-07
3.46908e-07
3.99258e-07
4.54342e-07
5.11211e-07
5.68754e-07
6.25767e-07
6.81028e-07
7.33382e-07
7.8182e-07
8.25545e-07
8.64024e-07
8.97004e-07
9.24508e-07
9.46801e-07
9.64334e-07
9.77682e-07
9.87477e-07
9.94346e-07
9.98867e-07
1.00154e-06
1.00275e-06
1.00282e-06
1.00195e-06
1.00028e-06
9.9787e-07
2.18317e-09
7.46739e-09
1.39048e-08
2.17366e-08
3.12426e-08
4.27431e-08
5.65954e-08
7.3187e-08
9.2922e-08
1.16202e-07
1.43397e-07
1.7482e-07
2.10681e-07
2.51055e-07
2.95839e-07
3.44729e-07
3.97193e-07
4.52475e-07
5.09614e-07
5.6748e-07
6.24837e-07
6.80435e-07
7.33083e-07
7.81743e-07
8.25597e-07
8.64098e-07
8.96992e-07
9.24306e-07
9.4632e-07
9.635e-07
9.76437e-07
9.85777e-07
9.92157e-07
9.96159e-07
9.98282e-07
9.98924e-07
9.98384e-07
9.96873e-07
9.94525e-07
9.91406e-07
2.1511e-09
7.35887e-09
1.37065e-08
2.1434e-08
3.08189e-08
4.21784e-08
5.58668e-08
7.2269e-08
9.1788e-08
1.14826e-07
1.41759e-07
1.72906e-07
2.08488e-07
2.48593e-07
2.93135e-07
3.41823e-07
3.9414e-07
4.49338e-07
5.0646e-07
5.64377e-07
6.21842e-07
6.77589e-07
7.30411e-07
7.79249e-07
8.23264e-07
8.61892e-07
8.94866e-07
9.22205e-07
9.44181e-07
9.61261e-07
9.74036e-07
9.83152e-07
9.89251e-07
9.92917e-07
9.94651e-07
9.94855e-07
9.93833e-07
9.918e-07
9.88899e-07
9.85206e-07
2.11985e-09
7.25288e-09
1.35121e-08
2.11355e-08
3.03977e-08
4.16117e-08
5.51271e-08
7.13234e-08
9.05988e-08
1.13352e-07
1.39959e-07
1.70739e-07
2.05921e-07
2.45601e-07
2.8971e-07
3.37973e-07
3.89893e-07
4.44745e-07
5.01587e-07
5.59306e-07
6.16669e-07
6.72407e-07
7.2531e-07
7.74306e-07
8.18538e-07
8.5742e-07
8.90659e-07
9.18251e-07
9.40447e-07
9.57692e-07
9.70565e-07
9.79704e-07
9.85744e-07
9.89271e-07
9.90792e-07
9.90715e-07
9.89356e-07
9.86942e-07
9.8363e-07
9.79514e-07
2.08672e-09
7.14026e-09
1.33044e-08
2.08144e-08
2.99408e-08
4.09912e-08
5.43086e-08
7.02651e-08
8.92514e-08
1.11659e-07
1.37859e-07
1.68168e-07
2.02818e-07
2.41915e-07
2.85401e-07
3.33024e-07
3.84313e-07
4.38571e-07
4.94891e-07
5.52188e-07
6.09258e-07
6.64849e-07
7.17756e-07
7.66902e-07
8.11416e-07
8.50682e-07
8.84376e-07
9.12454e-07
9.35128e-07
9.52811e-07
9.66052e-07
9.75469e-07
9.81687e-07
9.85291e-07
9.86792e-07
9.86611e-07
9.85079e-07
9.8244e-07
9.78872e-07
9.74491e-07
2.04977e-09
7.0143e-09
1.30711e-08
2.04515e-08
2.94208e-08
4.028e-08
5.33637e-08
6.90347e-08
8.76734e-08
1.09662e-07
1.35363e-07
1.65089e-07
1.99072e-07
2.37425e-07
2.80104e-07
3.26882e-07
3.77318e-07
4.30754e-07
4.86327e-07
5.42996e-07
5.99595e-07
6.5491e-07
7.07748e-07
7.57036e-07
8.01888e-07
8.41662e-07
8.75989e-07
9.04776e-07
9.28183e-07
9.46573e-07
9.60455e-07
9.70417e-07
9.77064e-07
9.80978e-07
9.82672e-07
9.82582e-07
9.81056e-07
9.78363e-07
9.74701e-07
9.70213e-07
2.00764e-09
6.87049e-09
1.28038e-08
2.00339e-08
2.88197e-08
3.9454e-08
5.22616e-08
6.7594e-08
8.58199e-08
1.0731e-07
1.32415e-07
1.61443e-07
1.94623e-07
2.32075e-07
2.73771e-07
3.19508e-07
3.68884e-07
4.21286e-07
4.75902e-07
5.31747e-07
5.87708e-07
6.42613e-07
6.95302e-07
7.44711e-07
7.89941e-07
8.30322e-07
8.65437e-07
8.95136e-07
9.19514e-07
9.38874e-07
9.53669e-07
9.64447e-07
9.71788e-07
9.7626e-07
9.78379e-07
9.78593e-07
9.77271e-07
9.74705e-07
9.71118e-07
9.66681e-07
1.95956e-09
6.70612e-09
1.24976e-08
1.95543e-08
2.81273e-08
3.84999e-08
5.09858e-08
6.59237e-08
8.36686e-08
1.04578e-07
1.28991e-07
1.57207e-07
1.89453e-07
2.25854e-07
2.664e-07
3.10915e-07
3.59037e-07
4.10205e-07
4.63666e-07
5.18499e-07
5.73655e-07
6.28014e-07
6.80457e-07
7.29939e-07
7.75558e-07
8.16612e-07
8.52636e-07
8.83418e-07
9.08979e-07
9.29552e-07
9.45525e-07
9.57392e-07
9.65698e-07
9.70991e-07
9.73784e-07
9.74535e-07
9.73629e-07
9.71384e-07
9.68049e-07
9.63821e-07
1.90517e-09
6.52003e-09
1.21505e-08
1.90097e-08
2.73397e-08
3.74133e-08
4.95315e-08
6.4019e-08
8.12158e-08
1.01465e-07
1.25092e-07
1.52388e-07
1.83577e-07
2.18789e-07
2.58031e-07
3.01156e-07
3.47844e-07
3.97591e-07
4.4971e-07
5.03348e-07
5.57528e-07
6.11194e-07
6.63274e-07
7.12751e-07
7.58727e-07
8.00476e-07
8.37488e-07
8.6948e-07
8.96402e-07
9.18403e-07
9.35798e-07
9.49018e-07
9.58562e-07
9.64948e-07
9.68678e-07
9.70213e-07
9.69954e-07
9.68239e-07
9.65344e-07
9.61492e-07
1.84449e-09
6.31231e-09
1.17627e-08
1.84006e-08
2.64584e-08
3.61968e-08
4.79032e-08
6.18872e-08
7.8473e-08
9.79872e-08
1.20743e-07
1.4702e-07
1.77039e-07
2.10937e-07
2.48735e-07
2.90317e-07
3.35408e-07
3.83561e-07
4.34156e-07
4.8642e-07
5.39449e-07
5.92258e-07
6.43834e-07
6.93195e-07
7.39454e-07
7.81871e-07
8.19891e-07
8.53172e-07
8.81581e-07
9.05186e-07
9.24218e-07
9.39037e-07
9.50083e-07
9.57835e-07
9.62774e-07
9.65356e-07
9.6599e-07
9.65031e-07
9.6278e-07
9.59482e-07
1.77782e-09
6.08401e-09
1.13363e-08
1.77307e-08
2.54888e-08
3.48584e-08
4.61127e-08
5.9545e-08
7.54627e-08
9.4176e-08
1.15984e-07
1.41154e-07
1.69905e-07
2.02377e-07
2.38608e-07
2.78512e-07
3.21857e-07
3.68255e-07
4.17158e-07
4.67869e-07
5.19567e-07
5.71342e-07
6.22246e-07
6.71343e-07
7.17766e-07
7.60769e-07
7.99762e-07
8.34346e-07
8.64314e-07
8.89645e-07
9.10486e-07
9.27116e-07
9.39907e-07
9.49289e-07
9.55709e-07
9.59609e-07
9.61396e-07
9.61437e-07
9.60049e-07
9.57501e-07
1.70568e-09
5.83696e-09
1.08748e-08
1.70056e-08
2.44394e-08
3.34106e-08
4.4177e-08
5.70155e-08
7.22159e-08
9.00713e-08
1.10865e-07
1.34856e-07
1.62255e-07
1.93206e-07
2.27765e-07
2.65873e-07
3.07342e-07
3.5184e-07
3.9889e-07
4.47876e-07
4.98059e-07
5.48611e-07
5.98653e-07
6.47303e-07
6.93726e-07
7.37177e-07
7.77046e-07
8.12883e-07
8.44411e-07
8.71528e-07
8.94293e-07
9.12899e-07
9.27644e-07
9.38895e-07
9.47057e-07
9.52542e-07
9.55749e-07
9.57045e-07
9.56758e-07
9.55173e-07
1.62877e-09
5.57353e-09
1.03827e-08
1.62325e-08
2.33209e-08
3.18685e-08
4.21171e-08
5.43267e-08
6.87691e-08
8.57202e-08
1.05448e-07
1.28198e-07
1.54177e-07
1.83533e-07
2.16333e-07
2.52546e-07
2.92025e-07
3.34495e-07
3.79546e-07
4.26641e-07
4.75126e-07
5.24256e-07
5.73227e-07
6.21218e-07
6.67434e-07
7.11145e-07
7.5173e-07
7.887e-07
8.21719e-07
8.50609e-07
8.75344e-07
8.9603e-07
9.12884e-07
9.26205e-07
9.3634e-07
9.43664e-07
9.48553e-07
9.51364e-07
9.52428e-07
9.52036e-07
1.54788e-09
5.29645e-09
9.86515e-09
1.54196e-08
2.21455e-08
3.0249e-08
3.99562e-08
5.15094e-08
6.51625e-08
8.11736e-08
9.97949e-08
1.2126e-07
1.45769e-07
1.7347e-07
2.04443e-07
2.38683e-07
2.7608e-07
3.16411e-07
3.59332e-07
4.04383e-07
4.50991e-07
4.98497e-07
5.46175e-07
5.9327e-07
6.39037e-07
6.82772e-07
7.23855e-07
7.61771e-07
7.96138e-07
8.2671e-07
8.53383e-07
8.76178e-07
8.95231e-07
9.10762e-07
9.23058e-07
9.32442e-07
9.39255e-07
9.43833e-07
9.46498e-07
9.47541e-07
1.46387e-09
5.00869e-09
9.32773e-09
1.45758e-08
2.09261e-08
2.85704e-08
3.77185e-08
4.85955e-08
6.14373e-08
7.6484e-08
9.39718e-08
1.14121e-07
1.37125e-07
1.63132e-07
1.92232e-07
2.24441e-07
2.59683e-07
2.97784e-07
3.38463e-07
3.81329e-07
4.25893e-07
4.71576e-07
5.17733e-07
5.63682e-07
6.08732e-07
6.52216e-07
6.93527e-07
7.3214e-07
7.67637e-07
7.99721e-07
8.28216e-07
8.53066e-07
8.74324e-07
8.92136e-07
9.06715e-07
9.18327e-07
9.27268e-07
9.33841e-07
9.38347e-07
9.41064e-07
1.37763e-09
4.71331e-09
8.77617e-09
1.37102e-08
1.96759e-08
2.68508e-08
3.54287e-08
4.56174e-08
5.76348e-08
7.17035e-08
8.80432e-08
1.06861e-07
1.28342e-07
1.52633e-07
1.79832e-07
2.09971e-07
2.43008e-07
2.7881e-07
3.17154e-07
3.57716e-07
4.00082e-07
4.43754e-07
4.88168e-07
5.32713e-07
5.7676e-07
6.1969e-07
6.60919e-07
6.99925e-07
7.36271e-07
7.69619e-07
7.99735e-07
8.26496e-07
8.4988e-07
8.69953e-07
8.86858e-07
9.00798e-07
9.12011e-07
9.2076e-07
9.27312e-07
9.31925e-07
1.29005e-09
4.41335e-09
8.21619e-09
1.28318e-08
1.8408e-08
2.51084e-08
3.3111e-08
4.26065e-08
5.37952e-08
6.68823e-08
8.20712e-08
9.95559e-08
1.19511e-07
1.42082e-07
1.67369e-07
1.95423e-07
2.26225e-07
2.59683e-07
2.95621e-07
3.33781e-07
3.73816e-07
4.15306e-07
4.57763e-07
5.00651e-07
5.43408e-07
5.85465e-07
6.26274e-07
6.65328e-07
7.02185e-07
7.36481e-07
7.67939e-07
7.9638e-07
8.21712e-07
8.43934e-07
8.63117e-07
8.79394e-07
8.92947e-07
9.03985e-07
9.12737e-07
9.19426e-07
1.20199e-09
4.11176e-09
7.65331e-09
1.19491e-08
1.7135e-08
2.33604e-08
3.07881e-08
3.95924e-08
4.99563e-08
6.20678e-08
7.61142e-08
9.22757e-08
1.10717e-07
1.31578e-07
1.54964e-07
1.80935e-07
2.09495e-07
2.40584e-07
2.74073e-07
3.09755e-07
3.47351e-07
3.8651e-07
4.26818e-07
4.67813e-07
5.08997e-07
5.4986e-07
5.89897e-07
6.28628e-07
6.65617e-07
7.0049e-07
7.32942e-07
7.62749e-07
7.89765e-07
8.13926e-07
8.35237e-07
8.53765e-07
8.69631e-07
8.82989e-07
8.94017e-07
9.02901e-07
1.11426e-09
3.81135e-09
7.09276e-09
1.10706e-08
1.58686e-08
2.1623e-08
2.84817e-08
3.66029e-08
4.61532e-08
5.73036e-08
7.02258e-08
8.50859e-08
1.02038e-07
1.21216e-07
1.42726e-07
1.66635e-07
1.92967e-07
2.21688e-07
2.52706e-07
2.85864e-07
3.20939e-07
3.57646e-07
3.95639e-07
4.34525e-07
4.73874e-07
5.13234e-07
5.52149e-07
5.90174e-07
6.26894e-07
6.61934e-07
6.94978e-07
7.25771e-07
7.54125e-07
7.79924e-07
8.03115e-07
8.23707e-07
8.41757e-07
8.57364e-07
8.70656e-07
8.8177e-07
1.02763e-09
3.51471e-09
6.53939e-09
1.02036e-08
1.46198e-08
1.99111e-08
2.62112e-08
3.36632e-08
4.24175e-08
5.26292e-08
6.44542e-08
7.80449e-08
9.35441e-08
1.11079e-07
1.30753e-07
1.52641e-07
1.76776e-07
2.0315e-07
2.31702e-07
2.62317e-07
2.94821e-07
3.28986e-07
3.6453e-07
4.01124e-07
4.38402e-07
4.75974e-07
5.13433e-07
5.50377e-07
5.86419e-07
6.21199e-07
6.54398e-07
6.85745e-07
7.15027e-07
7.42085e-07
7.66821e-07
7.89188e-07
8.09192e-07
8.26877e-07
8.42317e-07
8.55601e-07
9.42783e-10
3.22419e-09
5.99758e-09
9.35517e-09
1.33983e-08
1.8238e-08
2.39943e-08
3.07958e-08
3.87775e-08
4.80792e-08
5.88418e-08
7.12039e-08
8.5297e-08
1.0124e-07
1.19134e-07
1.39053e-07
1.61045e-07
1.85115e-07
2.11229e-07
2.39307e-07
2.69219e-07
3.00786e-07
3.33782e-07
3.67938e-07
4.02948e-07
4.38479e-07
4.74178e-07
5.09689e-07
5.44658e-07
5.78749e-07
6.11653e-07
6.43098e-07
6.72852e-07
7.00731e-07
7.26601e-07
7.50374e-07
7.72007e-07
7.91495e-07
8.08864e-07
8.24156e-07
8.60333e-10
2.94191e-09
5.47126e-09
8.5313e-09
1.22129e-08
1.66155e-08
2.18464e-08
2.80202e-08
3.52578e-08
4.36841e-08
5.34255e-08
6.46073e-08
7.73493e-08
9.17619e-08
1.07941e-07
1.25962e-07
1.45876e-07
1.67704e-07
1.91433e-07
2.17008e-07
2.44337e-07
2.73285e-07
3.03673e-07
3.35285e-07
3.67871e-07
4.01151e-07
4.34827e-07
4.68587e-07
5.02117e-07
5.35112e-07
5.6728e-07
5.98357e-07
6.28108e-07
6.56335e-07
6.82878e-07
7.0762e-07
7.30479e-07
7.51409e-07
7.70394e-07
7.8743e-07
7.80823e-10
2.66972e-09
4.96385e-09
7.73736e-09
1.10713e-08
1.50539e-08
1.97808e-08
2.53535e-08
3.18794e-08
3.94693e-08
4.82362e-08
5.82922e-08
6.97456e-08
8.26976e-08
9.72378e-08
1.1344e-07
1.3136e-07
1.51025e-07
1.72439e-07
1.95571e-07
2.20356e-07
2.46696e-07
2.74453e-07
3.03458e-07
3.3351e-07
3.6438e-07
3.95817e-07
4.27557e-07
4.59326e-07
4.90852e-07
5.21871e-07
5.52133e-07
5.81409e-07
6.09499e-07
6.3623e-07
6.61463e-07
6.8509e-07
7.07033e-07
7.2724e-07
7.45672e-07
7.04716e-10
2.4092e-09
4.47832e-09
6.97791e-09
9.97977e-09
1.3562e-08
1.78088e-08
2.28099e-08
2.86597e-08
3.54563e-08
4.32996e-08
5.22891e-08
6.2522e-08
7.40899e-08
8.70757e-08
1.0155e-07
1.17568e-07
1.35166e-07
1.54355e-07
1.75124e-07
1.97431e-07
2.21205e-07
2.46347e-07
2.72724e-07
3.0018e-07
3.28529e-07
3.57566e-07
3.87071e-07
4.1681e-07
4.46548e-07
4.76048e-07
5.05084e-07
5.33442e-07
5.60924e-07
5.87356e-07
6.1259e-07
6.36499e-07
6.58985e-07
6.79966e-07
6.99376e-07
6.32405e-10
2.16169e-09
4.01714e-09
6.25681e-09
8.94387e-09
1.21469e-08
1.59397e-08
2.04009e-08
2.56131e-08
3.16623e-08
3.8636e-08
4.66223e-08
5.57071e-08
6.59727e-08
7.74947e-08
9.0339e-08
1.04559e-07
1.20195e-07
1.37265e-07
1.55771e-07
1.75689e-07
1.96972e-07
2.19547e-07
2.43317e-07
2.68159e-07
2.93929e-07
3.20462e-07
3.47576e-07
3.75078e-07
4.02768e-07
4.3044e-07
4.57893e-07
4.84932e-07
5.11373e-07
5.37047e-07
5.61804e-07
5.8551e-07
6.08052e-07
6.29332e-07
6.49263e-07
5.64219e-10
1.92832e-09
3.58237e-09
5.57721e-09
7.96802e-09
1.08146e-08
1.41811e-08
1.81359e-08
2.27509e-08
2.81006e-08
3.42615e-08
4.13103e-08
4.93228e-08
5.83717e-08
6.85249e-08
7.9843e-08
9.23773e-08
1.06167e-07
1.21237e-07
1.37596e-07
1.55235e-07
1.74125e-07
1.94214e-07
2.15433e-07
2.37689e-07
2.60872e-07
2.8485e-07
3.09479e-07
3.34602e-07
3.60049e-07
3.85649e-07
4.11227e-07
4.3661e-07
4.61633e-07
4.86137e-07
5.09976e-07
5.33019e-07
5.55147e-07
5.76252e-07
5.96235e-07
5.00425e-10
1.70999e-09
3.17569e-09
4.9417e-09
7.05582e-09
9.56975e-09
1.2539e-08
1.60223e-08
2.00818e-08
2.47817e-08
3.01879e-08
3.6367e-08
4.33848e-08
5.1305e-08
6.01877e-08
7.00878e-08
8.10526e-08
9.31203e-08
1.06318e-07
1.20661e-07
1.36148e-07
1.52764e-07
1.70476e-07
1.89234e-07
2.08971e-07
2.29603e-07
2.51031e-07
2.73139e-07
2.95802e-07
3.18884e-07
3.4224e-07
3.65723e-07
3.89185e-07
4.1248e-07
4.35465e-07
4.58006e-07
4.79975e-07
5.01257e-07
5.21742e-07
5.41326e-07
4.41242e-10
1.50746e-09
2.79848e-09
4.35235e-09
6.21014e-09
8.41617e-09
1.10179e-08
1.40657e-08
1.76124e-08
2.17129e-08
2.64238e-08
3.18018e-08
3.79036e-08
4.47846e-08
5.24971e-08
6.10898e-08
7.06055e-08
8.10803e-08
9.25417e-08
1.05007e-07
1.18483e-07
1.32963e-07
1.48428e-07
1.64844e-07
1.82164e-07
2.00325e-07
2.19253e-07
2.38859e-07
2.59046e-07
2.79703e-07
3.00714e-07
3.21959e-07
3.43312e-07
3.64647e-07
3.85841e-07
4.06773e-07
4.27326e-07
4.47392e-07
4.66864e-07
4.85639e-07
3.86854e-10
1.32133e-09
2.45185e-09
3.81086e-09
5.43329e-09
7.35679e-09
9.62155e-09
1.22702e-08
1.53474e-08
1.88997e-08
2.29747e-08
2.76208e-08
3.2886e-08
3.88175e-08
4.54607e-08
5.28578e-08
6.10469e-08
7.00609e-08
7.99262e-08
9.06616e-08
1.02277e-07
1.14773e-07
1.28139e-07
1.42355e-07
1.57387e-07
1.73192e-07
1.89714e-07
2.06887e-07
2.24634e-07
2.42872e-07
2.61508e-07
2.80444e-07
2.99576e-07
3.18801e-07
3.38013e-07
3.57107e-07
3.75981e-07
3.94534e-07
4.12671e-07
4.30293e-07
3.37419e-10
1.15215e-09
2.13678e-09
3.31868e-09
4.72724e-09
6.39408e-09
8.35287e-09
1.06393e-08
1.32907e-08
1.63459e-08
1.98448e-08
2.38278e-08
2.83353e-08
3.34071e-08
3.90815e-08
4.53949e-08
5.23804e-08
6.00671e-08
6.84794e-08
7.76359e-08
8.75486e-08
9.82218e-08
1.09652e-07
1.21827e-07
1.34726e-07
1.48317e-07
1.62562e-07
1.77411e-07
1.92809e-07
2.08689e-07
2.2498e-07
2.41605e-07
2.58482e-07
2.75525e-07
2.92647e-07
3.09759e-07
3.26774e-07
3.43605e-07
3.60166e-07
3.76369e-07
2.93091e-10
1.00044e-09
1.85419e-09
2.87717e-09
4.0938e-09
5.53028e-09
7.21448e-09
9.17585e-09
1.14452e-08
1.40546e-08
1.70369e-08
2.04253e-08
2.42535e-08
2.85543e-08
3.33598e-08
3.87005e-08
4.46045e-08
5.10973e-08
5.82005e-08
6.59316e-08
7.43028e-08
8.33211e-08
9.2987e-08
1.03295e-07
1.14231e-07
1.25775e-07
1.37901e-07
1.50572e-07
1.63748e-07
1.7738e-07
1.91413e-07
2.05789e-07
2.20443e-07
2.35307e-07
2.5031e-07
2.65382e-07
2.80447e-07
2.95434e-07
3.10267e-07
3.24873e-07
1.01999e-06
1.01969e-06
1.01805e-06
1.01474e-06
1.00931e-06
1.00155e-06
9.91795e-07
9.8209e-07
9.73492e-07
9.65864e-07
9.592e-07
9.53227e-07
9.47812e-07
9.42765e-07
9.37959e-07
9.33267e-07
9.28606e-07
9.23903e-07
9.1911e-07
9.142e-07
9.09177e-07
9.04103e-07
8.99112e-07
8.94428e-07
8.90436e-07
8.87808e-07
8.87671e-07
8.91892e-07
9.03636e-07
9.28118e-07
9.73986e-07
1.05504e-06
1.1918e-06
1.40914e-06
1.72563e-06
2.13271e-06
2.59119e-06
3.05136e-06
3.47787e-06
3.85325e-06
4.17214e-06
4.4364e-06
4.65084e-06
4.8209e-06
4.95209e-06
5.04928e-06
5.11684e-06
5.15856e-06
5.17767e-06
5.1766e-06
5.15731e-06
5.12137e-06
5.06957e-06
5.002e-06
4.9185e-06
4.81895e-06
4.70375e-06
4.57809e-06
4.4733e-06
4.58229e-06
5.85053e-06
1.14814e-05
2.69543e-05
5.1761e-05
7.09878e-05
7.91488e-05
8.10399e-05
8.0834e-05
8.01266e-05
7.93536e-05
7.86132e-05
7.79256e-05
7.72874e-05
7.66897e-05
7.61219e-05
7.55746e-05
7.50405e-05
7.45147e-05
7.39936e-05
7.34802e-05
7.29834e-05
7.25233e-05
7.21384e-05
7.18972e-05
7.19161e-05
7.23956e-05
7.3669e-05
7.62894e-05
8.11338e-05
8.94871e-05
0.000102856
0.000122251
0.0001469
0.000174149
0.000200877
0.000225007
0.000245643
0.00026262
0.000276197
0.000286776
0.000294793
0.000300644
0.000304682
0.000307209
0.000308476
0.000308685
0.000307991
0.000306505
0.000304311
0.000301446
0.000297915
0.000293696
0.00028877
0.000283123
0.000276864
0.000270531
0.00026698
0.000279047
0.000349016
0.000548054
0.000868553
0.00111636
0.00122182
0.0012472
0.00124603
0.00123858
0.00123026
0.00122229
0.00121491
0.0012081
0.00120179
0.00119589
0.00119031
0.00118499
0.00117993
0.00117513
0.00117068
0.00116675
0.00116365
0.00116191
0.00116236
0.00116632
0.0011759
0.00119429
0.00122628
0.00127859
0.00135956
0.00147623
0.00162829
0.00180186
0.00197446
0.00212773
0.00225366
0.00235201
0.00242594
0.0024798
0.00251772
0.00254325
0.0025592
0.00256777
0.00257068
0.00256924
0.00256439
0.00255679
0.00254686
0.00253486
0.00252088
0.00250484
0.00248657
0.00246587
0.00244255
0.00241677
0.00238938
0.0023636
0.00234963
0.00237634
0.00248872
0.00268097
0.00283107
0.00289472
0.00290914
0.00290696
0.00290073
0.00289398
0.00288758
0.00288174
0.00287648
0.00287175
0.0028675
0.00286368
0.00286024
0.00285719
0.00285455
0.00285241
0.00285092
0.00285033
0.00285104
0.00285371
0.00285933
0.00286944
0.00288631
0.0029133
0.00295494
0.00301663
0.00310244
0.0032111
0.00333239
0.00345102
0.00355518
0.00364022
0.00370653
0.0037565
0.00379315
0.00381924
0.0038371
0.00384857
0.00385511
0.00385788
0.00385778
0.00385552
0.00385163
0.00384655
0.00384062
0.00383409
0.00382712
0.00381983
0.00381226
0.00380443
0.00379631
0.00378775
0.00377865
0.0037687
0.00375779
0.00374558
0.00373296
0.00372219
0.00371366
0.00370713
0.00370201
0.00369777
1.01476e-06
1.01255e-06
1.00864e-06
1.00262e-06
9.94136e-07
9.83157e-07
9.70323e-07
9.57419e-07
9.45548e-07
9.34906e-07
9.25505e-07
9.17131e-07
9.09592e-07
9.02672e-07
8.96194e-07
8.9e-07
8.83966e-07
8.77969e-07
8.71924e-07
8.65769e-07
8.59468e-07
8.53024e-07
8.46502e-07
8.40046e-07
8.33955e-07
8.28792e-07
8.25581e-07
8.26136e-07
8.33668e-07
8.53746e-07
8.95869e-07
9.75523e-07
1.1159e-06
1.34608e-06
1.69048e-06
2.14994e-06
2.69227e-06
3.26422e-06
3.81639e-06
4.31485e-06
4.74202e-06
5.09291e-06
5.37019e-06
5.58035e-06
5.7315e-06
5.83187e-06
5.88913e-06
5.91004e-06
5.90018e-06
5.86378e-06
5.8038e-06
5.72221e-06
5.62008e-06
5.49761e-06
5.35463e-06
5.19135e-06
5.01005e-06
4.82286e-06
4.68848e-06
4.88574e-06
6.50658e-06
1.25729e-05
2.73642e-05
4.97825e-05
6.84735e-05
7.75527e-05
8.01186e-05
8.00158e-05
7.91095e-05
7.80428e-05
7.70048e-05
7.60474e-05
7.5178e-05
7.43881e-05
7.36635e-05
7.29884e-05
7.23481e-05
7.17293e-05
7.11191e-05
7.0511e-05
6.99046e-05
6.93097e-05
6.87536e-05
6.82941e-05
6.80411e-05
6.81967e-05
6.91188e-05
7.1422e-05
7.61041e-05
8.46353e-05
9.87922e-05
0.000119923
0.000147756
0.000179928
0.000212952
0.000243837
0.000270733
0.000292867
0.000310233
0.000323242
0.00033249
0.000338601
0.000342161
0.000343677
0.000343565
0.000342147
0.00033965
0.000336221
0.000331933
0.000326814
0.000320845
0.000313983
0.000306192
0.000297502
0.000288168
0.00027922
0.00027482
0.000289921
0.00036453
0.000554187
0.000843547
0.00108449
0.00120187
0.00123621
0.00123681
0.00122733
0.00121578
0.00120446
0.00119398
0.00118445
0.0011758
0.00116789
0.00116059
0.00115374
0.00114725
0.00114102
0.00113507
0.00112947
0.00112449
0.00112059
0.00111866
0.00112015
0.00112743
0.00114427
0.00117635
0.00123157
0.00131944
0.00144795
0.00161726
0.00181439
0.00201635
0.00220112
0.00235594
0.00247712
0.00256672
0.00262946
0.0026707
0.0026954
0.00270769
0.00271089
0.00270747
0.00269926
0.00268751
0.00267299
0.00265606
0.00263682
0.00261515
0.00259079
0.00256335
0.00253248
0.00249803
0.00246049
0.00242157
0.00238617
0.00236678
0.00239134
0.00249508
0.00266661
0.00281156
0.00288171
0.00290081
0.00289878
0.00289023
0.00288034
0.00287071
0.00286184
0.00285387
0.00284677
0.00284046
0.00283486
0.00282988
0.00282546
0.00282157
0.00281824
0.00281558
0.00281381
0.00281333
0.00281484
0.00281944
0.00282889
0.00284585
0.00287423
0.00291927
0.00298699
0.00308191
0.00320293
0.00334041
0.00347889
0.00360416
0.00370853
0.00379015
0.00385063
0.00389318
0.00392127
0.0039381
0.00394635
0.00394824
0.00394549
0.00393946
0.00393118
0.00392144
0.00391081
0.00389973
0.0038885
0.00387731
0.00386625
0.00385532
0.00384448
0.00383362
0.00382252
0.00381096
0.00379857
0.00378512
0.00377048
0.00375543
0.00374177
0.00373026
0.00372098
0.00371355
0.00370746
1.00827e-06
1.00412e-06
9.97968e-07
9.89468e-07
9.78419e-07
9.65044e-07
9.50205e-07
9.35439e-07
9.21824e-07
9.09737e-07
8.99229e-07
8.90125e-07
8.82194e-07
8.75188e-07
8.6888e-07
8.63069e-07
8.57577e-07
8.52245e-07
8.46939e-07
8.4154e-07
8.35943e-07
8.30063e-07
8.23847e-07
8.17305e-07
8.10567e-07
8.03997e-07
7.98399e-07
7.9539e-07
7.9807e-07
8.12135e-07
8.47644e-07
9.2131e-07
1.05838e-06
1.29108e-06
1.64893e-06
2.14116e-06
2.74383e-06
3.40468e-06
4.06422e-06
4.67309e-06
5.19994e-06
5.63087e-06
5.96502e-06
6.20954e-06
6.37558e-06
6.47544e-06
6.52087e-06
6.52207e-06
6.48717e-06
6.42207e-06
6.33048e-06
6.21415e-06
6.07368e-06
5.90861e-06
5.71834e-06
5.50345e-06
5.26924e-06
5.03857e-06
4.90496e-06
5.23253e-06
7.20424e-06
1.35708e-05
2.76139e-05
4.79835e-05
6.59461e-05
7.57821e-05
7.91149e-05
7.92969e-05
7.83452e-05
7.71053e-05
7.58781e-05
7.47634e-05
7.37854e-05
7.29379e-05
7.22011e-05
7.15502e-05
7.0959e-05
7.04017e-05
6.98542e-05
6.92967e-05
6.8714e-05
6.80999e-05
6.74642e-05
6.68461e-05
6.63401e-05
6.61406e-05
6.66171e-05
6.84288e-05
7.26671e-05
8.09502e-05
9.52645e-05
0.000117264
0.00014713
0.000182885
0.000220923
0.000257515
0.000289874
0.000316516
0.000337085
0.000351971
0.000361952
0.000367934
0.000370789
0.000371263
0.00036995
0.000367277
0.000363521
0.000358822
0.000353208
0.000346642
0.000339037
0.000330294
0.000320355
0.000309306
0.000297617
0.000286917
0.000282653
0.000301119
0.000378817
0.000558275
0.000820861
0.00105242
0.0011796
0.00122394
0.00122846
0.00121873
0.00120528
0.00119176
0.00117937
0.00116841
0.00115883
0.00115046
0.00114304
0.00113631
0.00113002
0.00112396
0.00111798
0.00111203
0.00110621
0.0011009
0.00109688
0.00109563
0.00109976
0.00111351
0.00114337
0.00119836
0.00128905
0.00142423
0.00160474
0.00181846
0.00204233
0.0022517
0.00242947
0.00256848
0.00266935
0.00273713
0.00277852
0.00280012
0.00280757
0.00280533
0.00279667
0.0027838
0.00276809
0.00275021
0.0027303
0.00270808
0.00268304
0.00265452
0.00262179
0.0025843
0.00254196
0.00249565
0.00244812
0.00240586
0.00238297
0.00240549
0.00250041
0.00265388
0.00279207
0.00286748
0.00289203
0.00289163
0.00288205
0.00287001
0.00285804
0.00284705
0.00283734
0.00282892
0.0028217
0.00281554
0.00281026
0.00280572
0.00280178
0.00279839
0.00279555
0.00279341
0.00279229
0.00279285
0.00279622
0.00280432
0.00282013
0.00284807
0.00289404
0.00296464
0.00306481
0.00319384
0.00334265
0.00349585
0.00363758
0.00375734
0.00385095
0.00391901
0.00396473
0.0039923
0.00400587
0.00400911
0.00400503
0.003996
0.00398385
0.00396992
0.00395518
0.00394031
0.00392578
0.00391188
0.00389874
0.00388641
0.0038748
0.00386375
0.00385303
0.00384231
0.00383118
0.00381917
0.0038059
0.00379122
0.00377572
0.00376076
0.00374734
0.00373589
0.00372636
0.00371841
1.001e-06
9.94999e-07
9.86839e-07
9.76285e-07
9.63343e-07
9.48458e-07
9.3261e-07
9.1714e-07
9.03046e-07
8.90773e-07
8.80391e-07
8.71737e-07
8.64549e-07
8.58541e-07
8.53439e-07
8.48992e-07
8.44974e-07
8.41187e-07
8.37447e-07
8.33573e-07
8.29384e-07
8.24698e-07
8.19343e-07
8.13183e-07
8.06167e-07
7.98448e-07
7.90593e-07
7.83985e-07
7.81549e-07
7.88978e-07
8.16639e-07
8.82042e-07
1.01187e-06
1.2407e-06
1.60231e-06
2.11322e-06
2.75763e-06
3.48645e-06
4.23354e-06
4.93601e-06
5.54828e-06
6.04633e-06
6.42497e-06
6.69204e-06
6.86253e-06
6.9539e-06
6.98293e-06
6.96387e-06
6.90752e-06
6.82112e-06
6.7085e-06
6.57057e-06
6.40653e-06
6.21453e-06
5.99302e-06
5.74319e-06
5.47471e-06
5.22502e-06
5.12709e-06
5.62074e-06
7.9239e-06
1.44708e-05
2.77411e-05
4.63376e-05
6.34517e-05
7.38607e-05
7.79984e-05
7.86283e-05
7.77923e-05
7.65058e-05
7.51912e-05
7.40078e-05
7.30039e-05
7.21779e-05
7.15054e-05
7.09514e-05
7.0477e-05
7.00432e-05
6.96138e-05
6.91547e-05
6.86356e-05
6.80336e-05
6.73404e-05
6.65767e-05
6.58204e-05
6.52556e-05
6.52562e-05
6.65111e-05
7.01785e-05
7.79846e-05
9.20788e-05
0.000114379
0.000145475
0.000183782
0.00022571
0.000266957
0.000303861
0.000334175
0.000357132
0.000373093
0.000383071
0.000388325
0.000390076
0.000389358
0.000386947
0.00038336
0.000378878
0.000373591
0.000367435
0.000360261
0.000351874
0.000342092
0.000330831
0.00031825
0.000305089
0.000293626
0.000290439
0.000312373
0.000391801
0.000560794
0.000800163
0.00102075
0.00115531
0.00121003
0.0012204
0.00121231
0.00119841
0.00118385
0.00117055
0.0011591
0.00114953
0.0011416
0.00113496
0.0011292
0.00112392
0.00111876
0.0011134
0.00110762
0.00110135
0.00109481
0.00108867
0.00108442
0.00108483
0.00109459
0.00112093
0.00117384
0.00126486
0.00140351
0.00159133
0.00181698
0.00205745
0.002286
0.00248173
0.00263402
0.0027419
0.00281073
0.00284872
0.0028644
0.00286517
0.00285678
0.00284325
0.0028271
0.00280963
0.00279121
0.00277156
0.00274986
0.00272507
0.00269599
0.00266148
0.00262076
0.00257379
0.00252193
0.00246892
0.00242263
0.00239802
0.00241865
0.00250496
0.0026426
0.00277302
0.00285224
0.00288258
0.0028852
0.00287597
0.00286293
0.00284956
0.00283728
0.00282662
0.00281766
0.0028103
0.00280432
0.00279945
0.00279544
0.00279206
0.00278912
0.00278653
0.00278429
0.00278264
0.00278217
0.00278402
0.0027902
0.00280401
0.00283033
0.00287566
0.00294716
0.00305015
0.0031844
0.00334137
0.00350568
0.00366026
0.00379213
0.0038948
0.00396766
0.00401385
0.00403827
0.00404617
0.00404231
0.00403064
0.00401425
0.00399546
0.00397589
0.00395668
0.00393853
0.00392187
0.00390691
0.00389369
0.00388212
0.003872
0.00386304
0.00385483
0.00384687
0.00383857
0.00382929
0.00381847
0.00380583
0.00379172
0.00377715
0.00376317
0.00375052
0.00373946
0.00372995
9.93406e-07
9.8579e-07
9.75985e-07
9.63908e-07
9.49759e-07
9.34145e-07
9.18075e-07
9.02726e-07
8.88992e-07
8.77309e-07
8.67743e-07
8.60121e-07
8.54159e-07
8.49534e-07
8.45934e-07
8.43069e-07
8.40677e-07
8.3853e-07
8.36398e-07
8.34049e-07
8.31239e-07
8.27704e-07
8.23172e-07
8.17376e-07
8.10107e-07
8.01326e-07
7.91381e-07
7.81424e-07
7.74174e-07
7.7521e-07
7.94982e-07
8.51393e-07
9.72001e-07
1.19308e-06
1.55194e-06
2.0715e-06
2.74362e-06
3.52346e-06
4.34089e-06
5.12137e-06
5.8053e-06
6.35762e-06
6.76808e-06
7.04524e-06
7.20879e-06
7.28251e-06
7.28927e-06
7.24797e-06
7.17228e-06
7.07041e-06
6.94572e-06
6.79763e-06
6.62325e-06
6.41876e-06
6.18154e-06
5.91386e-06
5.63154e-06
5.38981e-06
5.3623e-06
6.04849e-06
8.65228e-06
1.52792e-05
2.77777e-05
4.48132e-05
6.10206e-05
7.17941e-05
7.67459e-05
7.7946e-05
7.73754e-05
7.61636e-05
7.48492e-05
7.3659e-05
7.26727e-05
7.18983e-05
7.13092e-05
7.08627e-05
7.05091e-05
7.01979e-05
6.98814e-05
6.95133e-05
6.90501e-05
6.84545e-05
6.77027e-05
6.67997e-05
6.58081e-05
6.49015e-05
6.44522e-05
6.51644e-05
6.82374e-05
7.54682e-05
8.91288e-05
0.000111362
0.000143134
0.00018324
0.000228186
0.000273235
0.000313917
0.000347195
0.000371837
0.00038816
0.000397451
0.000401392
0.00040163
0.000399521
0.000396036
0.000391759
0.000386942
0.000381579
0.000375478
0.000368346
0.000359857
0.000349739
0.000337888
0.000324561
0.000310802
0.000299529
0.000298199
0.000323515
0.000403544
0.00056215
0.000781051
0.00098986
0.00112911
0.00119423
0.00121189
0.00120723
0.00119431
0.00117975
0.0011663
0.00115492
0.00114578
0.00113862
0.00113301
0.00112842
0.00112429
0.00112014
0.00111548
0.00110992
0.00110324
0.00109548
0.00108723
0.00107995
0.00107656
0.00108214
0.00110456
0.00115462
0.00124467
0.00138489
0.00157753
0.00181208
0.00206553
0.00230947
0.00251963
0.00268205
0.002794
0.00286104
0.002893
0.00290054
0.00289306
0.00287772
0.00285932
0.00284057
0.00282258
0.00280527
0.00278778
0.00276871
0.00274639
0.00271907
0.00268519
0.00264377
0.00259484
0.00254026
0.0024846
0.00243676
0.00241187
0.00243082
0.00250894
0.00263252
0.00275467
0.00283607
0.0028723
0.00287898
0.00287142
0.00285851
0.00284462
0.00283175
0.00282068
0.00281162
0.00280447
0.00279895
0.00279472
0.00279143
0.00278874
0.00278634
0.00278403
0.00278171
0.00277949
0.0027779
0.00277806
0.00278211
0.00279358
0.00281777
0.00286169
0.00293299
0.0030374
0.00317514
0.00333821
0.00351123
0.00367615
0.00381781
0.00392754
0.00400334
0.00404818
0.00406765
0.00406814
0.00405564
0.00403515
0.00401055
0.00398465
0.00395938
0.00393595
0.00391506
0.00389705
0.00388197
0.00386972
0.00386007
0.00385267
0.00384707
0.00384268
0.00383885
0.00383478
0.00382966
0.00382274
0.00381358
0.00380227
0.00378953
0.00377633
0.00376358
0.00375182
0.00374128
9.85942e-07
9.77011e-07
9.65978e-07
9.52906e-07
9.3815e-07
9.22406e-07
9.06652e-07
8.91921e-07
8.7899e-07
8.68245e-07
8.59734e-07
8.53271e-07
8.48552e-07
8.45237e-07
8.42989e-07
8.41497e-07
8.40482e-07
8.39692e-07
8.38872e-07
8.37755e-07
8.36047e-07
8.33426e-07
8.29536e-07
8.24004e-07
8.16487e-07
8.06781e-07
7.95038e-07
7.82191e-07
7.70733e-07
7.66041e-07
7.78459e-07
8.25939e-07
9.36433e-07
1.14735e-06
1.49887e-06
2.01967e-06
2.70888e-06
3.52646e-06
4.40042e-06
5.24644e-06
5.99146e-06
6.58865e-06
7.02172e-06
7.29967e-06
7.44731e-06
7.4957e-06
7.47473e-06
7.40863e-06
7.31407e-06
7.20007e-06
7.0691e-06
6.91868e-06
6.74344e-06
6.53747e-06
6.29738e-06
6.02741e-06
5.75137e-06
5.54448e-06
5.61865e-06
6.51351e-06
9.37986e-06
1.60042e-05
2.77464e-05
4.33868e-05
5.86671e-05
6.96092e-05
7.53123e-05
7.71896e-05
7.7014e-05
7.59854e-05
7.4748e-05
7.35965e-05
7.26478e-05
7.1926e-05
7.14077e-05
7.10463e-05
7.07855e-05
7.05664e-05
7.03321e-05
7.00267e-05
6.95961e-05
6.89915e-05
6.81769e-05
6.71441e-05
6.59432e-05
6.47371e-05
6.38919e-05
6.41143e-05
6.66221e-05
7.3252e-05
8.63611e-05
0.000108288
0.00014034
0.000181696
0.000229005
0.000277214
0.000321124
0.000356896
0.000382776
0.000398995
0.000407129
0.000409337
0.000407744
0.000404069
0.000399484
0.000394625
0.000389684
0.00038453
0.000378825
0.000372119
0.00036396
0.000353993
0.000342115
0.000328706
0.000315127
0.000304871
0.00030597
0.000334434
0.000414142
0.000562625
0.000763216
0.000959952
0.00110132
0.001176
0.00120224
0.00120255
0.00119194
0.00117832
0.0011653
0.0011543
0.0011457
0.00113928
0.00113456
0.00113093
0.00112775
0.00112438
0.00112022
0.00111475
0.00110757
0.00109861
0.00108835
0.00107824
0.00107132
0.00107299
0.00109163
0.00113872
0.00122723
0.00136793
0.0015638
0.00180516
0.00206912
0.00232583
0.00254812
0.00271884
0.00283333
0.00289716
0.00292171
0.00291991
0.00290329
0.0028805
0.00285713
0.00283603
0.00281799
0.0028024
0.00278777
0.00277209
0.0027531
0.00272858
0.00269662
0.00265608
0.00260714
0.00255204
0.00249604
0.00244862
0.00242455
0.00244202
0.00251247
0.00262344
0.00273716
0.00281918
0.00286084
0.0028725
0.00286775
0.00285598
0.00284238
0.00282946
0.00281834
0.00280939
0.00280252
0.00279747
0.00279382
0.00279113
0.002789
0.00278703
0.00278488
0.00278237
0.00277953
0.00277679
0.00277529
0.00277724
0.00278639
0.00280838
0.00285066
0.00292128
0.00302633
0.00316649
0.0033343
0.00351443
0.00368794
0.00383787
0.00395343
0.00403121
0.00407385
0.00408755
0.00407987
0.00405805
0.00402823
0.0039951
0.003962
0.0039311
0.00390367
0.00388035
0.00386132
0.00384649
0.00383557
0.00382816
0.00382377
0.00382179
0.00382152
0.00382213
0.00382268
0.00382221
0.0038198
0.00381484
0.00380717
0.00379726
0.00378593
0.00377411
0.00376252
0.00375163
9.78958e-07
9.69051e-07
9.57199e-07
9.43596e-07
9.28698e-07
9.13233e-07
8.98113e-07
8.84234e-07
8.72258e-07
8.62511e-07
8.55014e-07
8.49573e-07
8.45882e-07
8.43594e-07
8.42372e-07
8.419e-07
8.41896e-07
8.42099e-07
8.4224e-07
8.42029e-07
8.41141e-07
8.39204e-07
8.35795e-07
8.30452e-07
8.22718e-07
8.12246e-07
7.99018e-07
7.83764e-07
7.6875e-07
7.5909e-07
7.64877e-07
8.03859e-07
9.03914e-07
1.1031e-06
1.44401e-06
1.96031e-06
2.65825e-06
3.50322e-06
4.42272e-06
5.32489e-06
6.12398e-06
6.76084e-06
7.21203e-06
7.48608e-06
7.61284e-06
7.63111e-06
7.57849e-06
7.48511e-06
7.3709e-06
7.24569e-06
7.11095e-06
6.96214e-06
6.79152e-06
6.59142e-06
6.3583e-06
6.09961e-06
5.84876e-06
5.70178e-06
5.90334e-06
7.01267e-06
1.00992e-05
1.66536e-05
2.76624e-05
4.20417e-05
5.63966e-05
6.73391e-05
7.36859e-05
7.62842e-05
7.66187e-05
7.58811e-05
7.4792e-05
7.37176e-05
7.28186e-05
7.21409e-05
7.16703e-05
7.13618e-05
7.11568e-05
7.09918e-05
7.08036e-05
7.05287e-05
7.01051e-05
6.94753e-05
6.85936e-05
6.74416e-05
6.60588e-05
6.45985e-05
6.34184e-05
6.3219e-05
6.5212e-05
7.12481e-05
8.37458e-05
0.000105208
0.000137251
0.000179441
0.000228623
0.000279515
0.000326288
0.000364307
0.000391235
0.000407157
0.000413916
0.000414168
0.000410556
0.000405192
0.000399456
0.000394025
0.000389014
0.000384157
0.000378962
0.000372835
0.000365214
0.000355692
0.000344188
0.000331225
0.000318475
0.000309896
0.000313782
0.00034505
0.000423687
0.000562409
0.000746443
0.0009311
0.00107239
0.00115523
0.00119056
0.00119726
0.00119026
0.00117847
0.00116638
0.00115598
0.00114789
0.00114202
0.0011379
0.0011349
0.00113231
0.00112939
0.00112545
0.00111984
0.00111206
0.00110191
0.00108979
0.00107714
0.00106712
0.00106538
0.0010807
0.00112503
0.00121183
0.00135244
0.00155053
0.00179719
0.00206989
0.00233757
0.0025705
0.0027486
0.00286514
0.00292546
0.0029423
0.00293085
0.00290481
0.00287442
0.00284602
0.00282255
0.00280444
0.00279049
0.00277857
0.00276613
0.0027504
0.00272881
0.00269921
0.00266041
0.00261273
0.00255875
0.00250415
0.00245862
0.00243612
0.00245229
0.00251565
0.00261523
0.00272053
0.00280184
0.00284811
0.00286515
0.0028642
0.00285456
0.00284196
0.00282948
0.00281859
0.00280982
0.00280321
0.00279847
0.0027952
0.0027929
0.00279111
0.00278933
0.00278718
0.00278436
0.00278084
0.00277699
0.00277393
0.00277397
0.00278102
0.00280102
0.00284172
0.00291151
0.00301685
0.00315884
0.00333047
0.00351659
0.00369748
0.00385461
0.00397529
0.00405469
0.00409497
0.00410288
0.00408703
0.00405597
0.00401697
0.00397554
0.00393553
0.00389931
0.00386819
0.00384268
0.00382279
0.00380823
0.00379853
0.00379313
0.0037914
0.00379264
0.00379602
0.00380064
0.00380544
0.00380935
0.00381135
0.00381067
0.00380695
0.0038004
0.00379165
0.00378156
0.00377093
0.00376036
9.72712e-07
9.62159e-07
9.49854e-07
9.36091e-07
9.21382e-07
9.06446e-07
8.92107e-07
8.79138e-07
8.68095e-07
8.59246e-07
8.52591e-07
8.47937e-07
8.44987e-07
8.43409e-07
8.42875e-07
8.43083e-07
8.43758e-07
8.44636e-07
8.45444e-07
8.45877e-07
8.45583e-07
8.44149e-07
8.41092e-07
8.35872e-07
8.27936e-07
8.16816e-07
8.0235e-07
7.85091e-07
7.67092e-07
7.53196e-07
7.53104e-07
7.84096e-07
8.73694e-07
1.06022e-06
1.38808e-06
1.89537e-06
2.59516e-06
3.45896e-06
4.41546e-06
5.36677e-06
6.21562e-06
6.89061e-06
7.35977e-06
7.62982e-06
7.73491e-06
7.72145e-06
7.63517e-06
7.51253e-06
7.3771e-06
7.23975e-06
7.10108e-06
6.95478e-06
6.79115e-06
6.60139e-06
6.38279e-06
6.14724e-06
5.93898e-06
5.87393e-06
6.22177e-06
7.54182e-06
1.08039e-05
1.72337e-05
2.75361e-05
4.07662e-05
5.42105e-05
6.50136e-05
7.18725e-05
7.51817e-05
7.61058e-05
7.57554e-05
7.48892e-05
7.39356e-05
7.31016e-05
7.24625e-05
7.20194e-05
7.17346e-05
7.15516e-05
7.14058e-05
7.12299e-05
7.09556e-05
7.05149e-05
6.98437e-05
6.88891e-05
6.76257e-05
6.60856e-05
6.44131e-05
6.29548e-05
6.23959e-05
6.39309e-05
6.94036e-05
8.12685e-05
0.000102164
0.000133984
0.000176677
0.000227344
0.000280574
0.000329976
0.000370153
0.000398145
0.000413802
0.000419182
0.000417429
0.000411723
0.000404591
0.000397635
0.000391571
0.000386435
0.000381822
0.000377096
0.000371543
0.00036452
0.000355596
0.000344743
0.000332638
0.000321233
0.000314815
0.000321649
0.000355298
0.000432259
0.000561631
0.000730578
0.00090333
0.00104272
0.001132
0.00117627
0.00119033
0.00118814
0.00117912
0.00116853
0.00115896
0.00115137
0.00114586
0.00114206
0.00113934
0.00113696
0.00113415
0.00113012
0.00112415
0.00111563
0.00110429
0.00109047
0.00107561
0.00106296
0.00105836
0.00107089
0.00111284
0.00119807
0.00133837
0.00153804
0.00178894
0.002069
0.00234632
0.00258895
0.00277404
0.00289279
0.00295002
0.00295958
0.00293877
0.00290346
0.00286548
0.00283197
0.00280595
0.00278744
0.00277466
0.00276488
0.00275504
0.00274201
0.00272298
0.00269571
0.00265903
0.00261342
0.00256169
0.00250975
0.00246711
0.00244665
0.00246167
0.00251852
0.00260778
0.00270482
0.0027843
0.00283415
0.00285651
0.00286007
0.00285341
0.00284252
0.00283096
0.00282054
0.00281204
0.00280562
0.00280105
0.00279794
0.00279579
0.00279407
0.00279227
0.00278992
0.00278667
0.00278241
0.00277749
0.00277304
0.00277141
0.00277668
0.00279498
0.00283434
0.0029034
0.00300896
0.00315248
0.00332737
0.00351862
0.003706
0.00386957
0.00399493
0.00407588
0.00411405
0.00411657
0.00409307
0.00405334
0.00400573
0.0039566
0.00391024
0.00386921
0.00383479
0.00380734
0.00378667
0.00377227
0.00376349
0.00375963
0.00375994
0.00376364
0.00376985
0.00377762
0.00378586
0.00379344
0.00379928
0.00380249
0.00380256
0.00379947
0.00379365
0.00378581
0.00377671
0.00376706
9.67361e-07
9.56465e-07
9.44012e-07
9.30366e-07
9.16064e-07
9.01786e-07
8.88266e-07
8.76165e-07
8.6595e-07
8.57839e-07
8.5182e-07
8.47712e-07
8.45242e-07
8.44099e-07
8.43981e-07
8.44602e-07
8.45701e-07
8.47017e-07
8.48272e-07
8.4915e-07
8.49272e-07
8.48186e-07
8.45355e-07
8.40173e-07
8.32003e-07
8.2028e-07
8.04731e-07
7.85774e-07
7.65258e-07
7.47726e-07
7.42418e-07
7.65994e-07
8.45354e-07
1.01869e-06
1.33174e-06
1.82639e-06
2.52227e-06
3.39756e-06
4.38375e-06
5.3789e-06
6.27542e-06
6.98952e-06
7.47978e-06
7.74953e-06
7.83577e-06
7.79194e-06
7.67185e-06
7.51868e-06
7.36008e-06
7.20846e-06
7.06403e-06
6.91918e-06
6.76294e-06
6.58627e-06
6.38833e-06
6.18656e-06
6.03646e-06
6.07152e-06
6.57719e-06
8.09584e-06
1.14885e-05
1.77497e-05
2.73749e-05
3.95518e-05
5.21086e-05
6.26589e-05
6.98894e-05
7.38553e-05
7.54078e-05
7.55222e-05
7.49519e-05
7.41691e-05
7.34255e-05
7.28296e-05
7.24037e-05
7.21225e-05
7.19356e-05
7.17803e-05
7.15883e-05
7.12882e-05
7.08082e-05
7.00794e-05
6.90448e-05
6.76744e-05
6.59954e-05
6.41448e-05
6.24571e-05
6.15975e-05
6.27332e-05
6.76848e-05
7.89203e-05
9.91845e-05
0.000130622
0.000173548
0.000225382
0.000280674
0.000332569
0.000374932
0.000404133
0.000419719
0.000423876
0.000420196
0.000412399
0.000403448
0.000395185
0.000388377
0.000382987
0.000378484
0.000374104
0.000369036
0.000362589
0.00035434
0.000344334
0.000333406
0.000323736
0.000319792
0.000329565
0.000365124
0.000439922
0.000560381
0.000715509
0.000876646
0.00101266
0.00110656
0.00115906
0.00118097
0.00118456
0.00117921
0.00117076
0.00116235
0.00115536
0.00115013
0.00114643
0.0011437
0.00114122
0.0011382
0.0011338
0.00112724
0.00111784
0.00110529
0.00108989
0.0010731
0.00105826
0.00105136
0.00106169
0.00110177
0.00118574
0.00132573
0.00152661
0.00178096
0.00206729
0.00235322
0.0026049
0.00279693
0.0029184
0.00297334
0.00297648
0.00294694
0.00290268
0.00285717
0.00281841
0.00278949
0.00277008
0.00275781
0.00274941
0.00274138
0.00273033
0.00271333
0.00268815
0.00265372
0.00261067
0.00256197
0.00251352
0.0024744
0.00245623
0.0024702
0.00252111
0.00260101
0.00269003
0.00276677
0.00281909
0.00284637
0.00285477
0.00285176
0.00284325
0.0028331
0.00282345
0.00281534
0.00280908
0.00280456
0.00280143
0.00279921
0.00279735
0.00279532
0.00279259
0.00278877
0.00278372
0.00277778
0.00277208
0.00276905
0.00277286
0.00278985
0.00282821
0.00289681
0.00300269
0.00314766
0.00332545
0.00352123
0.00371438
0.00388378
0.00401349
0.00409605
0.00413251
0.00413026
0.00409987
0.00405224
0.00399682
0.00394073
0.00388869
0.00384344
0.00380615
0.00377702
0.00375564
0.00374128
0.00373311
0.00373028
0.00373196
0.00373731
0.00374544
0.0037554
0.00376611
0.00377645
0.00378531
0.00379176
0.00379516
0.00379531
0.00379242
0.00378705
0.00377986
0.00377156
9.6297e-07
9.51999e-07
9.39641e-07
9.26314e-07
9.12551e-07
8.98983e-07
8.86257e-07
8.74938e-07
8.65421e-07
8.57886e-07
8.5232e-07
8.4856e-07
8.46364e-07
8.45453e-07
8.45551e-07
8.46396e-07
8.47737e-07
8.49318e-07
8.50856e-07
8.52018e-07
8.52401e-07
8.51512e-07
8.48768e-07
8.43501e-07
8.3501e-07
8.22664e-07
8.06108e-07
7.85651e-07
7.62967e-07
7.42298e-07
7.32381e-07
7.4914e-07
8.18635e-07
9.78586e-07
1.27554e-06
1.75465e-06
2.44166e-06
3.322e-06
4.33139e-06
5.36589e-06
6.30914e-06
7.06517e-06
7.58199e-06
7.85777e-06
7.9308e-06
7.86045e-06
7.70821e-06
7.52411e-06
7.34048e-06
7.17193e-06
7.01904e-06
6.87362e-06
6.72427e-06
6.56263e-06
6.39065e-06
6.23211e-06
6.1535e-06
6.30254e-06
6.97112e-06
8.66951e-06
1.21481e-05
1.82061e-05
2.71841e-05
3.83918e-05
5.009e-05
6.02979e-05
6.77612e-05
7.22978e-05
7.44769e-05
7.51078e-05
7.48987e-05
7.43405e-05
7.37222e-05
7.31858e-05
7.27786e-05
7.24916e-05
7.22841e-05
7.20985e-05
7.18677e-05
7.15194e-05
7.09799e-05
7.01783e-05
6.90555e-05
6.75798e-05
6.5776e-05
6.37755e-05
6.19007e-05
6.07942e-05
6.15886e-05
6.60683e-05
7.66949e-05
9.62925e-05
0.000127227
0.000170167
0.000222893
0.000280015
0.000334315
0.000378961
0.000409618
0.000425427
0.000428617
0.000423174
0.000413343
0.000402535
0.000392857
0.000385156
0.000379343
0.000374777
0.000370584
0.000365885
0.000359964
0.00035243
0.000343416
0.000333904
0.000326248
0.000324953
0.000337515
0.000374484
0.000446736
0.000558724
0.00070115
0.000851042
0.000982498
0.00107924
0.00113887
0.0011686
0.00117861
0.00117775
0.00117212
0.00116532
0.00115913
0.00115422
0.00115052
0.00114759
0.00114478
0.00114128
0.00113626
0.00112889
0.00111848
0.00110467
0.00108779
0.00106934
0.00105272
0.00104406
0.0010528
0.0010916
0.00117474
0.00131459
0.0015165
0.00177375
0.00206543
0.00235909
0.00261933
0.00281842
0.00294331
0.00299701
0.00299472
0.00295719
0.00290437
0.00285138
0.00280709
0.00277479
0.00275384
0.00274136
0.00273356
0.00272657
0.00271683
0.00270135
0.002678
0.00264583
0.00260565
0.00256048
0.00251603
0.00248075
0.00246492
0.00247794
0.00252344
0.00259484
0.00267616
0.00274946
0.00280313
0.00283465
0.0028479
0.00284897
0.0028434
0.00283513
0.00282659
0.00281905
0.00281302
0.00280851
0.00280524
0.00280278
0.0028006
0.00279814
0.00279486
0.00279036
0.00278448
0.00277755
0.00277075
0.00276656
0.00276928
0.00278536
0.00282315
0.00289167
0.00299813
0.0031446
0.00332511
0.00352497
0.00372327
0.00389797
0.00403176
0.00411598
0.00415114
0.00414481
0.00410831
0.00405364
0.00399122
0.00392892
0.00387187
0.00382291
0.00378316
0.0037526
0.00373058
0.00371617
0.00370834
0.00370612
0.00370858
0.00371488
0.00372412
0.00373537
0.00374763
0.00375981
0.00377084
0.00377975
0.00378586
0.0037888
0.00378863
0.0037857
0.00378057
0.00377388
9.59528e-07
9.48716e-07
9.36648e-07
9.23779e-07
9.10632e-07
8.97782e-07
8.858e-07
8.75172e-07
8.66232e-07
8.59138e-07
8.53881e-07
8.50324e-07
8.48257e-07
8.47438e-07
8.47618e-07
8.48555e-07
8.50009e-07
8.51724e-07
8.53408e-07
8.5471e-07
8.55198e-07
8.54345e-07
8.51522e-07
8.46016e-07
8.37079e-07
8.24035e-07
8.06477e-07
7.84642e-07
7.60055e-07
7.3667e-07
7.22696e-07
7.33243e-07
7.93356e-07
9.39973e-07
1.22e-06
1.68123e-06
2.35511e-06
3.23465e-06
4.26123e-06
5.33091e-06
6.32038e-06
7.12204e-06
7.67239e-06
7.96259e-06
8.03017e-06
7.93904e-06
7.75776e-06
7.54333e-06
7.33332e-06
7.14535e-06
6.98121e-06
6.83306e-06
6.69e-06
6.54521e-06
6.40423e-06
6.29746e-06
6.30118e-06
6.57275e-06
7.40138e-06
9.25648e-06
1.27785e-05
1.86062e-05
2.69676e-05
3.72809e-05
4.81535e-05
5.79503e-05
6.55168e-05
7.05178e-05
7.3286e-05
7.44553e-05
7.46572e-05
7.43758e-05
7.39237e-05
7.34728e-05
7.30964e-05
7.28046e-05
7.25692e-05
7.23399e-05
7.20534e-05
7.1639e-05
7.10233e-05
7.01355e-05
6.89172e-05
6.73374e-05
6.54208e-05
6.32951e-05
6.12712e-05
5.99671e-05
6.04761e-05
6.45366e-05
7.45866e-05
9.35037e-05
0.000123845
0.000166618
0.000219994
0.000278739
0.000335377
0.000382441
0.000414855
0.000431262
0.000433818
0.000426827
0.000415038
0.000402332
0.000391117
0.000382353
0.000375929
0.000371115
0.000366953
0.000362509
0.000357065
0.000350275
0.000342367
0.000334449
0.000328973
0.00033035
0.00034546
0.000383342
0.000452749
0.00055671
0.000687431
0.000826505
0.000952514
0.00105042
0.00111582
0.00115289
0.00116961
0.00117386
0.0011717
0.00116701
0.00116196
0.0011575
0.00115382
0.00115062
0.0011473
0.00114314
0.00113729
0.00112893
0.00111739
0.0011023
0.00108404
0.00106416
0.00104616
0.00103629
0.00104407
0.00108222
0.00116505
0.00130507
0.00150798
0.0017677
0.00206398
0.0023646
0.00263295
0.00283927
0.00296836
0.00302195
0.00301535
0.00297063
0.00290961
0.00284905
0.00279884
0.00276257
0.00273938
0.00272594
0.00271802
0.0027114
0.0027024
0.00268804
0.00266629
0.0026364
0.00259926
0.00255789
0.0025177
0.00248636
0.00247281
0.00248494
0.00252553
0.00258921
0.00266318
0.00273252
0.00278651
0.00282141
0.0028392
0.00284454
0.00284232
0.00283638
0.0028293
0.00282257
0.00281688
0.0028124
0.00280895
0.00280615
0.0028035
0.00280047
0.00279651
0.00279123
0.00278448
0.00277661
0.00276886
0.00276377
0.00276576
0.00278137
0.00281908
0.00288797
0.00299537
0.00314351
0.00332667
0.00353028
0.0037332
0.0039127
0.00405027
0.00413618
0.00417038
0.00416056
0.00411874
0.00405784
0.00398918
0.00392134
0.00385984
0.00380763
0.00376572
0.00373391
0.00371131
0.00369677
0.00368908
0.00368715
0.00368998
0.00369667
0.00370638
0.00371822
0.00373125
0.00374447
0.00375686
0.00376749
0.00377563
0.00378083
0.00378299
0.0037823
0.0037792
0.00377421
9.56955e-07
9.46512e-07
9.34893e-07
9.22587e-07
9.10099e-07
8.97957e-07
8.86666e-07
8.76646e-07
8.68189e-07
8.61437e-07
8.56389e-07
8.52938e-07
8.50907e-07
8.50088e-07
8.50258e-07
8.51193e-07
8.52658e-07
8.54395e-07
8.56099e-07
8.57398e-07
8.57831e-07
8.56836e-07
8.5375e-07
8.47824e-07
8.38282e-07
8.24428e-07
8.05835e-07
7.82692e-07
7.56409e-07
7.30666e-07
7.13143e-07
7.18081e-07
7.69376e-07
9.0292e-07
1.16552e-06
1.60706e-06
2.26414e-06
3.13756e-06
4.17554e-06
5.2762e-06
6.31126e-06
7.16241e-06
7.75397e-06
8.06824e-06
8.13982e-06
8.03537e-06
7.82967e-06
7.58667e-06
7.34975e-06
7.14043e-06
6.96273e-06
6.81013e-06
6.67313e-06
6.5472e-06
6.44199e-06
6.39425e-06
6.488e-06
6.88523e-06
7.86446e-06
9.84855e-06
1.33762e-05
1.89533e-05
2.67285e-05
3.6215e-05
4.62974e-05
5.56329e-05
6.31866e-05
6.85363e-05
7.18278e-05
7.3527e-05
7.4169e-05
7.42076e-05
7.3963e-05
7.36296e-05
7.33044e-05
7.30173e-05
7.27546e-05
7.24756e-05
7.2123e-05
7.163e-05
7.09258e-05
6.99424e-05
6.8624e-05
6.6943e-05
6.49258e-05
6.2698e-05
6.05595e-05
5.91036e-05
5.9381e-05
6.30766e-05
7.25903e-05
9.08296e-05
0.000120514
0.000162969
0.000216776
0.000276952
0.000335865
0.000385488
0.000419992
0.000437421
0.000439735
0.00043146
0.000417813
0.000403166
0.000390274
0.000380261
0.000373028
0.000367788
0.000363511
0.000359226
0.000354223
0.000348207
0.000341493
0.000335281
0.000332048
0.000336002
0.00035333
0.000391667
0.000458007
0.000554378
0.000674295
0.000803019
0.000922928
0.0010205
0.0010902
0.00113378
0.00115708
0.00116682
0.00116866
0.0011666
0.00116307
0.00115932
0.00115577
0.00115229
0.00114841
0.00114345
0.00113664
0.00112717
0.00111441
0.00109805
0.00107851
0.00105746
0.0010385
0.00102795
0.00103541
0.00107357
0.0011567
0.00129728
0.00150128
0.00176319
0.00206345
0.00237029
0.00264631
0.00286001
0.00299408
0.00304873
0.003039
0.00298794
0.00291905
0.00285076
0.00279411
0.00275315
0.00272696
0.00271182
0.00270311
0.00269632
0.00268764
0.0026741
0.00265383
0.0026262
0.0025922
0.00255474
0.00251885
0.00249135
0.00247997
0.00249124
0.00252738
0.00258407
0.00265108
0.00271609
0.00276948
0.00280682
0.00282861
0.00283814
0.00283949
0.00283623
0.00283095
0.0028253
0.00282013
0.00281576
0.00281214
0.00280895
0.00280575
0.00280204
0.00279732
0.0027912
0.00278356
0.00277483
0.00276628
0.00276057
0.00276221
0.00277783
0.00281597
0.00288575
0.00299451
0.00314459
0.00333041
0.00353752
0.00374462
0.0039284
0.00406943
0.00415698
0.00419049
0.00417771
0.00413122
0.00406479
0.00399058
0.00391777
0.00385227
0.00379711
0.00375326
0.0037203
0.00369714
0.00368241
0.00367472
0.00367285
0.00367574
0.00368247
0.00369219
0.0037041
0.00371731
0.00373093
0.00374401
0.00375568
0.00376521
0.00377211
0.00377615
0.0037774
0.00377615
0.00377284
9.55111e-07
9.45234e-07
9.34206e-07
9.22546e-07
9.1075e-07
8.99304e-07
8.8866e-07
8.79188e-07
8.71148e-07
8.6467e-07
8.5977e-07
8.56366e-07
8.54314e-07
8.53435e-07
8.5353e-07
8.54388e-07
8.55776e-07
8.57428e-07
8.59024e-07
8.60168e-07
8.60373e-07
8.59046e-07
8.55495e-07
8.48952e-07
8.38632e-07
8.23838e-07
8.04152e-07
7.79745e-07
7.51934e-07
7.2415e-07
7.03547e-07
7.03472e-07
7.46574e-07
8.67474e-07
1.11248e-06
1.53298e-06
2.17014e-06
3.03255e-06
4.0763e-06
5.20352e-06
6.28305e-06
7.18711e-06
7.82763e-06
8.17633e-06
8.26258e-06
8.1538e-06
7.92983e-06
7.66138e-06
7.39817e-06
7.16653e-06
6.97375e-06
6.81567e-06
6.68497e-06
6.58007e-06
6.51483e-06
6.53154e-06
6.71942e-06
7.24008e-06
8.3551e-06
1.04383e-05
1.39377e-05
1.92502e-05
2.64694e-05
3.51903e-05
4.45199e-05
5.33597e-05
6.08006e-05
6.63826e-05
7.01121e-05
7.2305e-05
7.33927e-05
7.378e-05
7.37787e-05
7.35955e-05
7.33465e-05
7.308e-05
7.27976e-05
7.24698e-05
7.20473e-05
7.14693e-05
7.06701e-05
6.95865e-05
6.8168e-05
6.63918e-05
6.42878e-05
6.19809e-05
5.97608e-05
5.81959e-05
5.8293e-05
6.16784e-05
7.07014e-05
8.82784e-05
0.000117263
0.000159276
0.000213315
0.000274735
0.000335855
0.000388171
0.000425106
0.000444015
0.000446527
0.000437277
0.000421902
0.000405278
0.000390563
0.000379102
0.000370859
0.000365017
0.000360495
0.000356291
0.000351703
0.000346486
0.000341023
0.000336567
0.000335551
0.000341893
0.000361057
0.000399429
0.000462551
0.000551759
0.000661695
0.000780563
0.00089393
0.000989886
0.00106238
0.00111138
0.00114083
0.00115612
0.00116232
0.00116332
0.00116171
0.00115898
0.00115575
0.00115208
0.00114764
0.00114185
0.001134
0.00112337
0.00110937
0.00109178
0.00107113
0.00104919
0.00102969
0.00101903
0.00102683
0.00106571
0.00114977
0.0012914
0.00149668
0.00176058
0.00206429
0.00237662
0.00265987
0.00288104
0.0030208
0.00307767
0.00306603
0.00300952
0.00293311
0.0028569
0.00279321
0.00274679
0.00271676
0.00269919
0.00268909
0.00268166
0.00267297
0.00266007
0.00264118
0.0026158
0.00258496
0.0025514
0.00251969
0.00249584
0.00248643
0.0024969
0.00252902
0.00257938
0.00263983
0.00270029
0.00275227
0.00279112
0.0028162
0.00282961
0.00283456
0.00283418
0.00283098
0.00282666
0.00282222
0.0028181
0.00281436
0.00281079
0.00280702
0.0028026
0.00279706
0.00279008
0.0027816
0.00277209
0.00276294
0.00275691
0.0027586
0.00277474
0.00281387
0.00288509
0.00299571
0.00314804
0.00333659
0.003547
0.00375785
0.00394541
0.00408953
0.00417861
0.0042116
0.00419628
0.00414571
0.00407436
0.00399515
0.00391783
0.00384866
0.00379077
0.00374507
0.003711
0.00368724
0.00367223
0.00366442
0.00366247
0.00366522
0.00367174
0.0036812
0.00369281
0.0037058
0.00371934
0.0037326
0.00374477
0.00375514
0.0037632
0.00376867
0.0037715
0.00377185
0.00377007
9.53785e-07
9.44684e-07
9.34389e-07
9.23457e-07
9.12385e-07
9.01633e-07
8.91608e-07
8.82644e-07
8.74979e-07
8.68739e-07
8.63953e-07
8.60564e-07
8.58457e-07
8.57478e-07
8.57445e-07
8.58157e-07
8.5938e-07
8.60837e-07
8.6219e-07
8.63019e-07
8.62811e-07
8.60949e-07
8.56724e-07
8.4936e-07
8.38081e-07
8.22217e-07
8.01375e-07
7.75733e-07
7.46544e-07
7.17004e-07
6.93762e-07
6.89259e-07
7.24837e-07
8.3366e-07
1.06118e-06
1.4597e-06
2.07437e-06
2.92132e-06
3.96534e-06
5.11433e-06
6.23648e-06
7.19613e-06
7.89286e-06
8.28649e-06
8.39889e-06
8.29609e-06
8.06154e-06
7.77231e-06
7.48479e-06
7.23104e-06
7.02268e-06
6.85881e-06
6.7351e-06
6.65326e-06
6.63121e-06
6.71548e-06
6.99773e-06
7.63474e-06
8.86675e-06
1.10188e-05
1.44601e-05
1.94993e-05
2.61922e-05
3.42038e-05
4.28189e-05
5.11423e-05
5.83875e-05
6.40911e-05
6.8162e-05
7.07907e-05
7.2306e-05
7.30527e-05
7.33201e-05
7.33158e-05
7.31686e-05
7.29424e-05
7.26532e-05
7.22834e-05
7.17936e-05
7.11309e-05
7.02365e-05
6.90543e-05
6.75407e-05
6.56794e-05
6.35053e-05
6.11429e-05
5.88732e-05
5.724e-05
5.72058e-05
6.03347e-05
6.89162e-05
8.58561e-05
0.000114114
0.000155585
0.000209677
0.000272156
0.000335401
0.000390526
0.000430226
0.000451094
0.000454287
0.000444421
0.000427486
0.000408867
0.000392182
0.000379068
0.000369607
0.000362991
0.000358101
0.000353908
0.000349714
0.000345309
0.00034112
0.000338409
0.000339503
0.000347976
0.00036858
0.000406606
0.000466418
0.00054888
0.000649589
0.000759113
0.000865673
0.000958945
0.00103283
0.00108603
0.00112088
0.0011415
0.00115218
0.00115655
0.00115722
0.0011558
0.00115313
0.00114944
0.00114452
0.00113793
0.00112906
0.00111728
0.00110209
0.0010834
0.00106185
0.00103935
0.00101975
0.00100956
0.0010184
0.00105872
0.00114441
0.00128762
0.00149443
0.00176023
0.00206694
0.00238406
0.00267405
0.00290267
0.00304875
0.00310897
0.00309666
0.00303566
0.00295214
0.00286783
0.00279649
0.00274375
0.00270902
0.00268826
0.00267617
0.00266771
0.00265875
0.00264636
0.00262879
0.00260564
0.0025779
0.00254812
0.00252038
0.00249991
0.00249227
0.00250196
0.00253045
0.00257508
0.00262941
0.00268521
0.00273514
0.00277459
0.00280217
0.00281896
0.00282732
0.00282989
0.00282895
0.00282618
0.00282266
0.00281894
0.0028152
0.00281132
0.002807
0.00280187
0.00279553
0.00278773
0.00277847
0.00276834
0.00275883
0.0027528
0.00275498
0.00277215
0.00281286
0.00288613
0.00299912
0.00315406
0.00334547
0.003559
0.0037732
0.00396404
0.00411081
0.00420123
0.00423379
0.00421627
0.00416208
0.00408634
0.0040026
0.00392114
0.00384852
0.00378803
0.0037405
0.00370526
0.00368081
0.00366542
0.00365738
0.00365521
0.00365771
0.00366388
0.00367289
0.003684
0.00369651
0.00370966
0.00372272
0.00373496
0.00374573
0.00375451
0.00376098
0.00376501
0.00376669
0.00376624
9.52708e-07
9.44611e-07
9.35204e-07
9.25095e-07
9.14794e-07
9.04746e-07
8.95331e-07
8.86859e-07
8.79551e-07
8.73534e-07
8.68848e-07
8.65459e-07
8.63275e-07
8.62162e-07
8.61953e-07
8.6245e-07
8.63415e-07
8.64557e-07
8.6552e-07
8.65863e-07
8.65048e-07
8.62444e-07
8.57331e-07
8.48946e-07
8.36538e-07
8.19479e-07
7.97425e-07
7.70583e-07
7.40153e-07
7.09128e-07
6.83663e-07
6.75308e-07
7.04056e-07
8.01482e-07
1.01185e-06
1.38786e-06
1.97799e-06
2.80549e-06
3.84443e-06
5.01008e-06
6.17215e-06
7.18893e-06
7.94826e-06
8.39699e-06
8.54745e-06
8.46196e-06
8.22596e-06
7.92215e-06
7.61385e-06
7.33954e-06
7.11611e-06
6.94686e-06
6.83106e-06
6.77391e-06
6.79683e-06
6.94919e-06
7.32228e-06
8.06448e-06
9.39214e-06
1.15839e-05
1.49413e-05
1.97028e-05
2.58986e-05
3.32526e-05
4.11923e-05
4.89897e-05
5.59729e-05
6.16979e-05
6.60106e-05
6.90016e-05
7.0906e-05
7.20039e-05
7.25513e-05
7.27469e-05
7.27243e-05
7.25587e-05
7.22788e-05
7.1879e-05
7.13304e-05
7.05895e-05
6.96063e-05
6.83333e-05
6.67351e-05
6.48033e-05
6.25783e-05
6.01856e-05
5.78977e-05
5.6235e-05
5.61161e-05
5.90409e-05
6.72319e-05
8.35672e-05
0.000111087
0.000151934
0.00020592
0.000269276
0.000334545
0.000392569
0.000435353
0.000458666
0.000463062
0.000452994
0.000434715
0.000414116
0.000395324
0.000380345
0.000369451
0.000361882
0.000356498
0.000352245
0.000348416
0.000344815
0.000341882
0.000340848
0.000343883
0.000354186
0.000375837
0.000413182
0.000469645
0.000545763
0.000637942
0.000738641
0.000838279
0.000928019
0.001002
0.00105813
0.00109747
0.00112292
0.00113798
0.00114586
0.00114904
0.00114922
0.00114736
0.00114383
0.00113859
0.00113131
0.00112152
0.00110868
0.00109244
0.00107284
0.00105065
0.00102796
0.00100877
0.000999668
0.00101023
0.00105276
0.0011408
0.00128617
0.00149484
0.0017625
0.0020718
0.00239307
0.00268924
0.0029252
0.00307812
0.00314271
0.00313099
0.00306653
0.00297642
0.00288391
0.00280433
0.0027444
0.00270407
0.00267933
0.00266466
0.00265475
0.0026453
0.00263329
0.00261699
0.002596
0.00257126
0.00254507
0.00252102
0.00250361
0.00249751
0.00250646
0.00253169
0.00257114
0.00261977
0.00267091
0.00271828
0.00275752
0.00278678
0.00280633
0.00281777
0.00282318
0.00282456
0.00282349
0.00282106
0.0028179
0.00281428
0.00281018
0.00280539
0.00279962
0.00279256
0.00278402
0.00277412
0.00276356
0.00275395
0.00274829
0.00275142
0.00277019
0.0028131
0.00288903
0.00300494
0.00316289
0.00335728
0.00357379
0.00379094
0.00398453
0.00413348
0.00422497
0.0042571
0.00423761
0.00418022
0.00410053
0.00401266
0.00392735
0.00385145
0.00378838
0.00373898
0.00370246
0.00367719
0.00366127
0.00365287
0.0036504
0.00365254
0.00365827
0.00366675
0.00367725
0.00368911
0.00370169
0.00371431
0.00372632
0.00373714
0.00374627
0.00375337
0.00375827
0.00376098
0.00376163
9.51538e-07
9.44698e-07
9.36364e-07
9.27198e-07
9.17737e-07
9.08427e-07
8.99636e-07
8.91659e-07
8.84709e-07
8.78915e-07
8.74328e-07
8.70932e-07
8.68654e-07
8.67375e-07
8.66937e-07
8.67143e-07
8.67747e-07
8.68446e-07
8.68863e-07
8.68538e-07
8.66918e-07
8.63361e-07
8.57157e-07
8.47561e-07
8.33868e-07
8.1551e-07
7.92207e-07
7.64208e-07
7.32682e-07
7.00429e-07
6.73143e-07
6.61495e-07
6.84128e-07
7.70919e-07
9.64676e-07
1.31801e-06
1.88207e-06
2.68662e-06
3.71535e-06
4.89223e-06
6.09065e-06
7.16486e-06
7.99196e-06
8.50523e-06
8.7056e-06
8.64945e-06
8.42236e-06
8.11169e-06
7.7876e-06
7.49559e-06
7.25865e-06
7.08503e-06
6.97806e-06
6.94646e-06
7.01451e-06
7.2328e-06
7.68985e-06
8.52301e-06
9.92373e-06
1.2128e-05
1.538e-05
1.98631e-05
2.55902e-05
3.23346e-05
3.96376e-05
4.69088e-05
5.35796e-05
5.92388e-05
6.36965e-05
6.6968e-05
6.92074e-05
7.06307e-05
7.14547e-05
7.18605e-05
7.19794e-05
7.18929e-05
7.16397e-05
7.12252e-05
7.06311e-05
6.98242e-05
6.87645e-05
6.74141e-05
6.57471e-05
6.37634e-05
6.15096e-05
5.91128e-05
5.6838e-05
5.51831e-05
5.50236e-05
5.77949e-05
6.56466e-05
8.14156e-05
0.000108197
0.000148356
0.000202098
0.000266149
0.000333326
0.000394306
0.000440464
0.00046671
0.000472865
0.000463065
0.000443721
0.000421197
0.000400181
0.000383126
0.00037057
0.000361851
0.000355835
0.000351436
0.000347924
0.000345091
0.000343357
0.00034388
0.000348639
0.000360451
0.000382772
0.000419152
0.000472265
0.00054243
0.000626723
0.000719118
0.000811841
0.000897406
0.000970382
0.00102821
0.00107098
0.00110058
0.00111969
0.00113102
0.00113686
0.00113883
0.00113799
0.00113484
0.00112947
0.00112167
0.00111111
0.0010974
0.00108032
0.00106005
0.00103757
0.00101513
0.00099688
0.000989507
0.00100255
0.00104806
0.00113919
0.00128734
0.00149823
0.00176777
0.0020793
0.00240409
0.00270583
0.0029489
0.00310902
0.00317896
0.00316905
0.00310226
0.0030062
0.00290552
0.00281718
0.0027492
0.00270232
0.00267275
0.00265486
0.00264308
0.00263289
0.00262113
0.00260602
0.0025871
0.0025652
0.00254234
0.00252166
0.00250699
0.00250222
0.00251044
0.00253273
0.00256753
0.00261089
0.00265744
0.00270188
0.00274022
0.00277036
0.00279198
0.00280602
0.00281404
0.00281768
0.00281836
0.00281713
0.00281467
0.00281131
0.00280712
0.00280197
0.00279567
0.002788
0.00277887
0.00276853
0.00275777
0.00274838
0.0027435
0.00274809
0.00276904
0.00281479
0.00289402
0.00301341
0.00317474
0.00337225
0.00359158
0.00381129
0.0040071
0.00415771
0.00424993
0.00428156
0.00426027
0.0042
0.00411675
0.0040251
0.00393618
0.00385712
0.00379146
0.00374008
0.00370212
0.00367585
0.00365924
0.00365034
0.00364744
0.00364915
0.00365439
0.00366227
0.00367211
0.00368327
0.00369516
0.00370719
0.00371878
0.0037294
0.00373859
0.00374603
0.00375151
0.00375497
0.0037565
9.49842e-07
9.44552e-07
9.37513e-07
9.29446e-07
9.20926e-07
9.12417e-07
9.04288e-07
8.96831e-07
8.90255e-07
8.84696e-07
8.80214e-07
8.76808e-07
8.74418e-07
8.72936e-07
8.7221e-07
8.7204e-07
8.72172e-07
8.72287e-07
8.71993e-07
8.70815e-07
8.6819e-07
8.6348e-07
8.5599e-07
8.45015e-07
8.29908e-07
8.10175e-07
7.85614e-07
7.56524e-07
7.24053e-07
6.90831e-07
6.62108e-07
6.47716e-07
6.64949e-07
7.41934e-07
9.19801e-07
1.25061e-06
1.78755e-06
2.5662e-06
3.57991e-06
4.76242e-06
5.99277e-06
7.1234e-06
8.02195e-06
8.60807e-06
8.86978e-06
8.85531e-06
8.6484e-06
8.33986e-06
8.00636e-06
7.70073e-06
7.45271e-06
7.27613e-06
7.17874e-06
7.17265e-06
7.2842e-06
7.56379e-06
8.09518e-06
9.00301e-06
1.04541e-05
1.26462e-05
1.57755e-05
1.99823e-05
2.52682e-05
3.14474e-05
3.81523e-05
4.49045e-05
5.12265e-05
5.67472e-05
6.12608e-05
6.47288e-05
6.72388e-05
6.89478e-05
7.00308e-05
7.06457e-05
7.09154e-05
7.09226e-05
7.07126e-05
7.03003e-05
6.96773e-05
6.8821e-05
6.7702e-05
6.62925e-05
6.45765e-05
6.25629e-05
6.03049e-05
5.79313e-05
5.57004e-05
5.4089e-05
5.39308e-05
5.65968e-05
6.41603e-05
7.94048e-05
0.00010546
0.000144883
0.00019826
0.000262826
0.000331781
0.000395739
0.00044553
0.000475184
0.000483682
0.000474681
0.000454619
0.000430285
0.000406955
0.000387615
0.00037315
0.000363061
0.000356244
0.000351586
0.000348314
0.000346178
0.000345545
0.000347465
0.0003537
0.000366692
0.000389338
0.000424517
0.000474314
0.0005389
0.000615903
0.00070051
0.000786426
0.000867357
0.000938396
0.000996782
0.00104192
0.00107485
0.00109751
0.00111207
0.00112053
0.00112441
0.00112478
0.0011222
0.0011169
0.0011088
0.0010977
0.00108335
0.00106569
0.00104509
0.00102271
0.00100099
0.000984274
0.000979321
0.000995604
0.00104491
0.0011399
0.00129145
0.00150496
0.00177643
0.00208988
0.00241758
0.00272421
0.00297405
0.00314161
0.00321771
0.00321083
0.0031429
0.00304169
0.00293303
0.0028355
0.00275868
0.00270429
0.002669
0.00264717
0.00263303
0.00262179
0.0026101
0.00259605
0.00257906
0.00255979
0.00254
0.00252234
0.00251007
0.00250642
0.00251395
0.0025336
0.00256422
0.00260272
0.00264482
0.00268609
0.00272296
0.00275325
0.00277624
0.00279233
0.00280259
0.00280832
0.00281071
0.00281074
0.00280908
0.00280611
0.00280196
0.0027966
0.00278992
0.0027818
0.00277228
0.00276171
0.00275105
0.00274224
0.00273859
0.00274517
0.00276893
0.00281818
0.00290137
0.0030248
0.00318989
0.00339064
0.00361263
0.00383447
0.00403194
0.00418365
0.00427621
0.00430719
0.00428419
0.00422131
0.00413485
0.00403972
0.00394741
0.00386527
0.003797
0.0037435
0.0037039
0.00367642
0.00365892
0.00364935
0.00364589
0.00364708
0.00365177
0.00365905
0.00366821
0.00367864
0.0036898
0.00370115
0.00371219
0.00372245
0.00373151
0.00373904
0.00374485
0.00374883
0.00375102
9.47096e-07
9.43689e-07
9.3821e-07
9.3144e-07
9.24002e-07
9.16391e-07
9.08991e-07
9.02099e-07
8.95931e-07
8.90629e-07
8.86263e-07
8.82843e-07
8.8032e-07
8.78593e-07
8.77511e-07
8.7687e-07
8.76407e-07
8.75791e-07
8.74617e-07
8.72401e-07
8.68579e-07
8.62527e-07
8.53582e-07
8.41089e-07
8.24474e-07
8.03326e-07
7.77529e-07
7.47441e-07
7.14197e-07
6.80265e-07
6.50484e-07
6.33876e-07
6.46424e-07
7.14471e-07
8.77305e-07
1.18604e-06
1.69527e-06
2.44565e-06
3.43992e-06
4.6224e-06
5.87957e-06
7.06428e-06
8.0364e-06
8.70227e-06
9.03586e-06
9.07531e-06
8.90042e-06
8.60399e-06
8.26856e-06
7.95441e-06
7.69845e-06
7.52055e-06
7.43315e-06
7.45149e-06
7.60327e-06
7.93742e-06
8.53153e-06
9.4967e-06
1.09764e-05
1.31343e-05
1.61276e-05
2.00626e-05
2.49338e-05
3.05891e-05
3.67335e-05
4.29799e-05
4.89294e-05
5.42533e-05
5.87441e-05
6.23276e-05
6.50392e-05
6.69842e-05
6.82971e-05
6.91094e-05
6.95308e-05
6.96407e-05
6.9488e-05
6.90944e-05
6.84609e-05
6.75747e-05
6.64168e-05
6.49699e-05
6.32281e-05
6.12092e-05
5.8973e-05
5.66506e-05
5.44941e-05
5.29602e-05
5.28428e-05
5.54492e-05
6.27741e-05
7.75385e-05
0.000102886
0.000141542
0.000194454
0.00025936
0.000329949
0.000396874
0.000450513
0.000484034
0.000495476
0.000487863
0.00046751
0.00044155
0.000415862
0.000394034
0.000377394
0.000365678
0.000357854
0.000352782
0.000349632
0.000348083
0.000348414
0.000351535
0.000358982
0.000372833
0.000395494
0.000429284
0.000475825
0.000535189
0.000605457
0.000682783
0.000762075
0.000838078
0.000906438
0.000964381
0.00101086
0.00104624
0.00107181
0.00108923
0.00110016
0.00110595
0.00110763
0.00110581
0.00110079
0.00109262
0.00108123
0.00106652
0.00104862
0.00102806
0.00100623
0.00098578
0.000971229
0.000969428
0.000989756
0.00104367
0.00114331
0.00129891
0.00151543
0.0017889
0.00210399
0.00243404
0.00274479
0.00300096
0.00317601
0.00325897
0.00325627
0.00318845
0.00308303
0.00296677
0.00285982
0.00277343
0.00271058
0.0026686
0.00264203
0.00262494
0.00261227
0.0026004
0.00258721
0.00257196
0.00255508
0.00253804
0.00252306
0.00251287
0.00251015
0.00251702
0.0025343
0.00256116
0.00259522
0.00263307
0.00267104
0.00270599
0.0027358
0.00275948
0.00277704
0.00278911
0.00279665
0.00280063
0.00280191
0.0028011
0.00279862
0.00279465
0.00278923
0.00278234
0.00277398
0.00276428
0.00275376
0.00274353
0.00273571
0.00273379
0.00274296
0.00277017
0.00282362
0.00291141
0.00303941
0.0032086
0.00341268
0.00363713
0.00386066
0.0040592
0.00421142
0.00430389
0.00433401
0.00430933
0.00424406
0.00415467
0.00405637
0.00396087
0.00387574
0.0038048
0.00374904
0.00370761
0.00367867
0.00366005
0.0036496
0.00364544
0.003646
0.00365007
0.00365672
0.00366519
0.0036749
0.00368532
0.00369597
0.00370641
0.0037162
0.00372497
0.00373244
0.00373837
0.00374267
0.00374533
9.42686e-07
9.41525e-07
9.37912e-07
9.32682e-07
9.26512e-07
9.19935e-07
9.13361e-07
9.07106e-07
9.01396e-07
8.96383e-07
8.92149e-07
8.88711e-07
8.8603e-07
8.84008e-07
8.82495e-07
8.81282e-07
8.80097e-07
8.78599e-07
8.76377e-07
8.72945e-07
8.67751e-07
8.60194e-07
8.49654e-07
8.35544e-07
8.17367e-07
7.94808e-07
7.6784e-07
7.3688e-07
7.03053e-07
6.68681e-07
6.38212e-07
6.19902e-07
6.28465e-07
6.88465e-07
8.37229e-07
1.12459e-06
1.60593e-06
2.32628e-06
3.29718e-06
4.47409e-06
5.75245e-06
6.98768e-06
8.03384e-06
8.78471e-06
9.19958e-06
9.30467e-06
9.17378e-06
8.90005e-06
8.57102e-06
8.25418e-06
7.99389e-06
7.81639e-06
7.73891e-06
7.77962e-06
7.96692e-06
8.34728e-06
8.99125e-06
9.99627e-06
1.14841e-05
1.35894e-05
1.64366e-05
2.01062e-05
2.45882e-05
2.9758e-05
3.53786e-05
4.11365e-05
4.67004e-05
5.17829e-05
5.61845e-05
5.98091e-05
6.26533e-05
6.47796e-05
6.62848e-05
6.72736e-05
6.78395e-05
6.80554e-05
6.79702e-05
6.76105e-05
6.69847e-05
6.60892e-05
6.49148e-05
6.34543e-05
6.17117e-05
5.97135e-05
5.75262e-05
5.52831e-05
5.32306e-05
5.18069e-05
5.17672e-05
5.4357e-05
6.14911e-05
7.5821e-05
0.000100487
0.000138356
0.000190717
0.00025581
0.000327874
0.000397721
0.000455381
0.000493195
0.000508194
0.000502615
0.00048248
0.000455166
0.000427131
0.000402631
0.000383531
0.000369889
0.000360795
0.000355103
0.000351907
0.000350789
0.000351909
0.000356014
0.000364399
0.000378806
0.000401209
0.000433467
0.000476833
0.000531316
0.000595363
0.000665899
0.00073881
0.000809727
0.000874847
0.000931501
0.000978368
0.00101533
0.00104311
0.00106291
0.00107604
0.00108365
0.00108667
0.00108573
0.00108119
0.00107319
0.00106179
0.00104705
0.00102926
0.00100917
0.000988389
0.0009698
0.000958105
0.000960232
0.000985441
0.00104482
0.00114987
0.00131016
0.00153009
0.00180566
0.00212211
0.00245392
0.00276805
0.00302997
0.0032124
0.00330273
0.00330527
0.00323884
0.00313033
0.00300705
0.00289064
0.00279408
0.00272184
0.00267217
0.00263996
0.00261921
0.00260459
0.00259219
0.00257961
0.00256584
0.00255108
0.00253646
0.00252382
0.00251541
0.00251345
0.00251969
0.00253485
0.00255834
0.00258835
0.00262217
0.00265679
0.00268951
0.00271831
0.00274209
0.00276053
0.00277394
0.00278296
0.00278833
0.00279077
0.00279083
0.00278891
0.00278523
0.00277992
0.00277301
0.00276462
0.00275501
0.00274485
0.00273542
0.00272905
0.0027294
0.00274178
0.00277315
0.00283148
0.00292451
0.00305759
0.00323119
0.00343863
0.0036653
0.00389005
0.00408904
0.00424115
0.00433304
0.00436202
0.00433566
0.00426815
0.00417612
0.00407492
0.00397643
0.0038884
0.00381477
0.00375661
0.00371312
0.00368249
0.00366249
0.00365094
0.00364588
0.00364568
0.00364906
0.00365502
0.0036628
0.00367179
0.00368149
0.00369144
0.00370123
0.0037105
0.00371891
0.00372617
0.00373209
0.00373655
0.00373951
9.35923e-07
9.37384e-07
9.35973e-07
9.32566e-07
9.27891e-07
9.22524e-07
9.16911e-07
9.11391e-07
9.06208e-07
9.0153e-07
8.97448e-07
8.93992e-07
8.91125e-07
8.88756e-07
8.86733e-07
8.84842e-07
8.82806e-07
8.80281e-07
8.76854e-07
8.72047e-07
8.6533e-07
8.56138e-07
8.43909e-07
8.28127e-07
8.08387e-07
7.8447e-07
7.56439e-07
7.24769e-07
6.90577e-07
6.56043e-07
6.25251e-07
6.05736e-07
6.10995e-07
6.63845e-07
7.99577e-07
1.06646e-06
1.52015e-06
2.20927e-06
3.15344e-06
4.31951e-06
5.6131e-06
6.89428e-06
8.01335e-06
8.85275e-06
9.35682e-06
9.5384e-06
9.46327e-06
9.2231e-06
8.90925e-06
8.59604e-06
8.33528e-06
8.15979e-06
8.09166e-06
8.15179e-06
8.36875e-06
8.78592e-06
9.46634e-06
1.04943e-05
1.19719e-05
1.40088e-05
1.67032e-05
2.01152e-05
2.42324e-05
2.89524e-05
3.40846e-05
3.93749e-05
4.45487e-05
4.93579e-05
5.36162e-05
5.72167e-05
6.01286e-05
6.23799e-05
6.4035e-05
6.51727e-05
6.58693e-05
6.61884e-05
6.61768e-05
6.58633e-05
6.52622e-05
6.43777e-05
6.32095e-05
6.17599e-05
6.00421e-05
5.80911e-05
5.59798e-05
5.38439e-05
5.19243e-05
5.06416e-05
5.07141e-05
5.33271e-05
6.03161e-05
7.42573e-05
9.82742e-05
0.00013535
0.000187088
0.00025223
0.000325602
0.000398295
0.000460104
0.000502602
0.000521771
0.000518919
0.000499603
0.0004713
0.000441007
0.000413684
0.000391828
0.000375915
0.000365227
0.000358638
0.000355168
0.000354276
0.000355973
0.000360819
0.00036987
0.000384552
0.000406465
0.000437082
0.000477371
0.000527297
0.000585601
0.000649822
0.000716636
0.000782425
0.000843903
0.000898584
0.000945013
0.000982719
0.00101201
0.00103365
0.00104862
0.00105787
0.0010622
0.00106221
0.0010583
0.0010507
0.00103957
0.00102513
0.00100786
0.000988711
0.000969532
0.000953452
0.00094536
0.000952241
0.000983198
0.00104888
0.00116013
0.00132572
0.00154946
0.00182719
0.00214473
0.00247773
0.00279445
0.00306142
0.00325096
0.003349
0.00335772
0.00329397
0.00318359
0.00305411
0.00292844
0.00282129
0.00273881
0.00268041
0.00264154
0.00261629
0.00259909
0.00258568
0.00257334
0.00256074
0.00254778
0.00253525
0.00252462
0.00251771
0.00251635
0.00252199
0.00253525
0.00255573
0.00258206
0.00261211
0.00264342
0.00267369
0.00270107
0.00272441
0.00274321
0.00275748
0.00276761
0.00277412
0.00277759
0.00277848
0.00277716
0.00277388
0.00276881
0.00276208
0.0027539
0.00274466
0.0027352
0.00272701
0.00272259
0.00272581
0.00274209
0.00277831
0.00284224
0.00294112
0.00307974
0.00325797
0.00346875
0.00369735
0.00392279
0.00412157
0.00427292
0.00436369
0.00439125
0.00436313
0.00429354
0.00419911
0.00409527
0.00399401
0.00390319
0.00382685
0.00376618
0.00372043
0.00368784
0.0036662
0.00365329
0.00364712
0.00364599
0.00364856
0.00365378
0.00366084
0.00366911
0.00367809
0.00368735
0.00369651
0.00370523
0.0037132
0.00372019
0.00372599
0.00373048
0.0037336
9.26072e-07
9.30516e-07
9.31652e-07
9.30377e-07
9.27459e-07
9.23516e-07
9.19031e-07
9.14372e-07
9.09809e-07
9.05526e-07
9.0163e-07
8.98158e-07
8.95083e-07
8.92315e-07
8.89704e-07
8.87035e-07
8.84029e-07
8.80344e-07
8.75576e-07
8.69265e-07
8.60913e-07
8.50002e-07
8.36038e-07
8.18587e-07
7.97339e-07
7.72172e-07
7.43234e-07
7.11056e-07
6.76742e-07
6.42338e-07
6.11584e-07
5.9134e-07
5.93951e-07
6.40539e-07
7.64327e-07
1.01181e-06
1.43842e-06
2.09567e-06
3.01038e-06
4.16075e-06
5.46351e-06
6.78524e-06
7.97467e-06
8.90436e-06
9.50393e-06
9.7717e-06
9.76354e-06
9.5677e-06
9.27801e-06
8.97492e-06
8.71758e-06
8.54548e-06
8.48559e-06
8.56142e-06
8.80138e-06
9.24539e-06
9.94894e-06
1.09839e-05
1.24351e-05
1.4391e-05
1.69284e-05
2.00918e-05
2.38675e-05
2.8171e-05
3.28486e-05
3.76942e-05
4.24808e-05
4.69954e-05
5.10687e-05
5.45903e-05
5.75112e-05
5.98336e-05
6.15946e-05
6.28496e-05
6.36578e-05
6.40726e-05
6.41361e-05
6.38778e-05
6.33161e-05
6.24613e-05
6.13211e-05
5.99063e-05
5.82386e-05
5.63611e-05
5.43527e-05
5.23509e-05
5.0592e-05
4.94792e-05
4.96959e-05
5.23691e-05
5.92557e-05
7.28536e-05
9.62566e-05
0.000132543
0.000183606
0.000248676
0.000323185
0.000398623
0.000464664
0.000512194
0.000536133
0.000536743
0.000518933
0.000490119
0.000457751
0.000427509
0.000402601
0.000384029
0.000371352
0.000363513
0.000359467
0.000358536
0.000360556
0.000365884
0.00037533
0.000390028
0.00041125
0.000440154
0.000477474
0.000523147
0.000576153
0.000634514
0.000695543
0.000756255
0.000813831
0.000866012
0.000911307
0.000949018
0.000979118
0.00100204
0.00101845
0.00102909
0.00103464
0.00103563
0.00103248
0.00102547
0.00101489
0.00100111
0.000984769
0.000967074
0.000950107
0.000937247
0.000933562
0.000946072
0.000983676
0.00105653
0.00117473
0.0013462
0.00157408
0.00185404
0.0021724
0.00250597
0.0028245
0.0030957
0.00329192
0.00339782
0.0034135
0.00335367
0.00324276
0.00310812
0.00297363
0.00285569
0.00276224
0.00269409
0.00264748
0.00261673
0.00259615
0.00258113
0.00256854
0.00255672
0.00254518
0.00253439
0.00252545
0.00251979
0.00251889
0.00252395
0.00253551
0.00255331
0.00257632
0.00260286
0.00263096
0.00265866
0.00268432
0.00270679
0.00272546
0.00274015
0.00275101
0.0027584
0.00276272
0.00276436
0.00276365
0.00276085
0.00275616
0.0027498
0.00274206
0.00273351
0.00272514
0.00271865
0.00271676
0.0027235
0.00274439
0.00278621
0.00285641
0.00296173
0.00310628
0.0032893
0.00350331
0.00373347
0.00395902
0.00415691
0.00430681
0.00439592
0.00442171
0.00439173
0.00432014
0.00422354
0.00411734
0.00401356
0.00392008
0.00384106
0.00377778
0.00372959
0.00369479
0.00367123
0.0036567
0.00364918
0.00364692
0.00364853
0.00365291
0.00365919
0.00366672
0.00367498
0.00368356
0.00369209
0.00370024
0.00370776
0.00371441
0.00372001
0.00372444
0.00372763
9.12401e-07
9.20135e-07
9.24143e-07
9.2531e-07
9.24428e-07
9.22148e-07
9.18987e-07
9.15344e-07
9.11517e-07
9.07709e-07
9.04044e-07
9.00572e-07
8.97274e-07
8.94066e-07
8.90802e-07
8.87269e-07
8.83194e-07
8.78244e-07
8.72034e-07
8.64131e-07
8.5408e-07
8.41425e-07
8.25743e-07
8.06689e-07
7.84049e-07
7.57795e-07
7.28157e-07
6.95713e-07
6.61546e-07
6.27574e-07
5.97216e-07
5.767e-07
5.7729e-07
6.18479e-07
7.31433e-07
9.60721e-07
1.36112e-06
1.98636e-06
2.86958e-06
3.99993e-06
5.30591e-06
6.66225e-06
7.91822e-06
8.93832e-06
9.63801e-06
1.00003e-05
1.00695e-05
9.92844e-06
9.67183e-06
9.38534e-06
9.13516e-06
8.96744e-06
8.91417e-06
9.00136e-06
9.25711e-06
9.7178e-06
1.04317e-05
1.14593e-05
1.28702e-05
1.47351e-05
1.71137e-05
2.00382e-05
2.34943e-05
2.74125e-05
3.16679e-05
3.6093e-05
4.05005e-05
4.47089e-05
4.85664e-05
5.19649e-05
5.48446e-05
5.71887e-05
5.90127e-05
6.03518e-05
6.12494e-05
6.17481e-05
6.18844e-05
6.16869e-05
6.11762e-05
6.03677e-05
5.92755e-05
5.79179e-05
5.63247e-05
5.4546e-05
5.26662e-05
5.08248e-05
4.9253e-05
4.83374e-05
4.87276e-05
5.14947e-05
5.83187e-05
7.16171e-05
9.44449e-05
0.000129955
0.000180305
0.000245203
0.000320676
0.000398742
0.000469053
0.000521915
0.000551204
0.000556039
0.000540508
0.000511781
0.00047764
0.00044446
0.000416228
0.000394578
0.000379447
0.000369919
0.00036491
0.000363603
0.000365643
0.000371167
0.000380735
0.000395209
0.00041557
0.000442711
0.000477177
0.000518886
0.000567002
0.000619937
0.000675512
0.000731267
0.000784805
0.000834102
0.000877704
0.000914781
0.000945066
0.000968717
0.000986152
0.000997907
0.00100452
0.00100647
0.00100416
0.000997938
0.000988181
0.000975405
0.000960455
0.000944766
0.000930679
0.000921818
0.000923413
0.000942479
0.000987652
0.00106853
0.0011944
0.00137228
0.00160459
0.00188678
0.00220565
0.00253921
0.00285872
0.00313324
0.00333554
0.00344924
0.0034725
0.00341775
0.00330771
0.00316914
0.00302655
0.0028979
0.00279293
0.00271405
0.00265856
0.0026212
0.00259626
0.00257885
0.00256541
0.00255387
0.00254334
0.00253391
0.00252632
0.00252166
0.0025211
0.00252561
0.00253565
0.00255106
0.00257108
0.0025944
0.00261942
0.00264451
0.00266824
0.00268952
0.00270766
0.00272236
0.0027336
0.00274157
0.00274655
0.00274884
0.00274873
0.00274646
0.00274228
0.00273647
0.00272945
0.00272193
0.00271507
0.00271081
0.00271207
0.00272305
0.0027493
0.00279747
0.00287462
0.00298688
0.00313766
0.00332554
0.00354257
0.00377383
0.00399887
0.00419514
0.00434289
0.00442974
0.00445339
0.00442143
0.00434793
0.00424938
0.00414109
0.00403502
0.00393907
0.00385744
0.00379149
0.0037407
0.00370347
0.00367773
0.00366129
0.00365214
0.00364853
0.00364899
0.00365238
0.00365779
0.00366453
0.00367206
0.00367995
0.00368784
0.00369544
0.00370248
0.00370875
0.0037141
0.0037184
0.00372156
8.94234e-07
9.05475e-07
9.12619e-07
9.16512e-07
9.17938e-07
9.17567e-07
9.15942e-07
9.13491e-07
9.10535e-07
9.07302e-07
9.03934e-07
9.00494e-07
8.96977e-07
8.93308e-07
8.89346e-07
8.84891e-07
8.79681e-07
8.73402e-07
8.65695e-07
8.56169e-07
8.4442e-07
8.30059e-07
8.12745e-07
7.92223e-07
7.68372e-07
7.41255e-07
7.11173e-07
6.78739e-07
6.45014e-07
6.11787e-07
5.82177e-07
5.61826e-07
5.60988e-07
5.97609e-07
7.00839e-07
9.13215e-07
1.28852e-06
1.88206e-06
2.73248e-06
3.83909e-06
5.14267e-06
6.52739e-06
7.84513e-06
8.95424e-06
9.75702e-06
1.02209e-05
1.03768e-05
1.03004e-05
1.00855e-05
9.82197e-06
9.58243e-06
9.41971e-06
9.37086e-06
9.46454e-06
9.72858e-06
1.01959e-05
1.09081e-05
1.19154e-05
1.32743e-05
1.50408e-05
1.72606e-05
1.99565e-05
2.31141e-05
2.66757e-05
3.05395e-05
3.45692e-05
3.861e-05
4.2508e-05
4.6129e-05
4.93704e-05
5.21673e-05
5.44899e-05
5.63372e-05
5.7728e-05
5.86913e-05
5.92595e-05
5.94632e-05
5.93287e-05
5.88777e-05
5.81292e-05
5.71027e-05
5.58231e-05
5.4327e-05
5.26713e-05
5.0945e-05
4.9289e-05
4.79291e-05
4.72359e-05
4.78265e-05
5.0718e-05
5.75157e-05
7.05566e-05
9.28495e-05
0.000127605
0.000177219
0.000241856
0.000318145
0.0003987
0.000473278
0.000531722
0.000566908
0.000576751
0.00056435
0.000536434
0.000500959
0.000464935
0.000433161
0.000408002
0.000389891
0.000378141
0.000371684
0.00036958
0.000371274
0.000376671
0.00038608
0.000400097
0.000419447
0.000444792
0.00047652
0.000514532
0.00055814
0.000606056
0.000656515
0.000707489
0.000756948
0.000803106
0.000844589
0.000880506
0.00091043
0.000934309
0.000952355
0.000964925
0.000972431
0.000975285
0.000973879
0.000968609
0.000959946
0.000948557
0.000935491
0.000922423
0.000911959
0.000907953
0.00091577
0.000942363
0.000996043
0.00108578
0.00121999
0.00140473
0.00164169
0.00192605
0.00224509
0.00257798
0.00289762
0.00317449
0.00338214
0.00350339
0.00353463
0.003486
0.00337824
0.00323713
0.00308745
0.00294845
0.00283165
0.00274121
0.00267568
0.0026305
0.00260008
0.00257931
0.00256425
0.00255236
0.00254234
0.00253385
0.00252728
0.00252338
0.00252304
0.002527
0.00253567
0.00254897
0.0025663
0.00258667
0.00260878
0.0026313
0.00265298
0.00267282
0.00269012
0.00270448
0.00271579
0.00272408
0.00272952
0.00273234
0.00273279
0.00273109
0.00272754
0.00272249
0.00271647
0.00271035
0.0027055
0.00270406
0.00270917
0.00272516
0.00275756
0.00281282
0.00289754
0.00301719
0.0031744
0.00336706
0.00358679
0.00381864
0.00404245
0.00423633
0.00438119
0.00446519
0.00448631
0.0044522
0.00437685
0.00427655
0.00416646
0.00405838
0.00396017
0.00387604
0.00380743
0.00375393
0.00371407
0.00368588
0.00366725
0.0036562
0.00365097
0.00365006
0.00365229
0.0036567
0.00366256
0.0036693
0.00367647
0.00368371
0.00369073
0.00369727
0.00370315
0.00370821
0.00371231
0.0037154
8.71017e-07
8.85855e-07
8.96305e-07
9.03138e-07
9.07107e-07
9.08875e-07
9.08997e-07
9.0792e-07
9.05987e-07
9.03447e-07
9.0046e-07
8.97109e-07
8.93402e-07
8.89278e-07
8.8461e-07
8.79213e-07
8.72849e-07
8.65229e-07
8.56034e-07
8.4492e-07
8.31546e-07
8.15594e-07
7.96808e-07
7.75023e-07
7.50209e-07
7.22509e-07
6.92283e-07
6.60172e-07
6.27206e-07
5.95045e-07
5.66528e-07
5.46754e-07
5.45043e-07
5.77887e-07
6.72481e-07
8.69286e-07
1.22081e-06
1.78337e-06
2.60034e-06
3.68017e-06
4.97623e-06
6.38309e-06
7.75714e-06
8.95262e-06
9.85994e-06
1.04308e-05
1.06819e-05
1.06796e-05
1.05149e-05
1.02803e-05
1.00546e-05
9.8971e-06
9.84998e-06
9.94483e-06
1.02094e-05
1.06737e-05
1.1373e-05
1.23486e-05
1.3646e-05
1.53086e-05
1.73712e-05
1.98489e-05
2.27279e-05
2.59596e-05
2.94608e-05
3.31202e-05
3.68097e-05
4.03993e-05
4.37714e-05
4.68313e-05
4.95125e-05
5.17774e-05
5.36131e-05
5.5025e-05
5.60306e-05
5.66528e-05
5.69162e-05
5.68442e-05
5.64588e-05
5.57815e-05
5.48361e-05
5.36532e-05
5.22754e-05
5.07654e-05
4.92163e-05
4.77695e-05
4.66451e-05
4.61975e-05
4.70124e-05
5.00553e-05
5.68595e-05
6.96823e-05
9.14815e-05
0.00012551
0.000174378
0.000238685
0.000315659
0.000398553
0.000477364
0.000541588
0.00058318
0.000598815
0.000590467
0.000564214
0.000528002
0.000489368
0.000453926
0.00042485
0.00040319
0.0003886
0.000380106
0.000376681
0.000377582
0.000382475
0.000391414
0.000404739
0.000422932
0.000446452
0.000475553
0.000510114
0.00054956
0.000592841
0.000638521
0.000684927
0.000730348
0.000773221
0.00081228
0.000846626
0.000875732
0.0008994
0.000917677
0.000930774
0.000938995
0.00094269
0.000942241
0.00093809
0.000930809
0.000921224
0.000910592
0.000900839
0.000894827
0.000896621
0.00091167
0.000946804
0.00100993
0.00110932
0.00125244
0.00144441
0.00168612
0.00197252
0.00229131
0.00262288
0.00294173
0.00321995
0.00343204
0.00356039
0.00359981
0.00355818
0.00345409
0.00331196
0.00315646
0.00300778
0.00287916
0.0027765
0.00269986
0.00264557
0.00260841
0.00258315
0.00256552
0.00255252
0.00254238
0.00253436
0.00252843
0.00252503
0.00252475
0.00252818
0.00253562
0.00254702
0.00256195
0.00257963
0.00259904
0.00261907
0.00263865
0.00265689
0.00267311
0.00268687
0.00269796
0.00270632
0.00271205
0.0027153
0.00271626
0.00271519
0.0027124
0.00270833
0.00270364
0.00269936
0.00269707
0.00269912
0.00270884
0.00273065
0.00277002
0.0028331
0.00292594
0.00305331
0.00321702
0.00341426
0.00363626
0.00386803
0.00408987
0.00428055
0.00442176
0.00450229
0.00452047
0.00448404
0.00440686
0.00430502
0.00419341
0.00408364
0.00398342
0.00389696
0.00382574
0.00376948
0.00372684
0.00369597
0.00367487
0.00366162
0.00365448
0.00365194
0.00365279
0.00365603
0.00366088
0.00366673
0.00367312
0.00367968
0.00368609
0.00369212
0.00369757
0.00370229
0.00370617
0.00370912
8.42376e-07
8.60744e-07
8.74541e-07
8.84431e-07
8.91105e-07
8.95196e-07
8.9725e-07
8.9772e-07
8.96963e-07
8.95245e-07
8.92746e-07
8.89565e-07
8.85728e-07
8.81194e-07
8.75855e-07
8.69551e-07
8.62072e-07
8.53168e-07
8.42564e-07
8.29975e-07
8.15126e-07
7.97778e-07
7.77757e-07
7.54987e-07
7.29519e-07
7.01567e-07
6.71541e-07
6.40095e-07
6.08218e-07
5.77449e-07
5.50358e-07
5.31549e-07
5.29479e-07
5.59286e-07
6.46298e-07
8.28891e-07
1.1581e-06
1.69072e-06
2.47415e-06
3.52504e-06
4.80905e-06
6.23203e-06
7.65657e-06
8.93479e-06
9.94678e-06
1.0629e-05
1.09827e-05
1.10631e-05
1.09567e-05
1.07573e-05
1.05485e-05
1.0396e-05
1.03475e-05
1.04378e-05
1.06951e-05
1.11467e-05
1.18228e-05
1.27569e-05
1.39847e-05
1.55398e-05
1.74477e-05
1.9718e-05
2.23369e-05
2.52635e-05
2.84294e-05
3.17432e-05
3.50989e-05
3.83868e-05
4.15048e-05
4.43666e-05
4.69077e-05
4.90859e-05
5.08803e-05
5.22865e-05
5.33124e-05
5.3973e-05
5.42872e-05
5.42754e-05
5.39593e-05
5.33621e-05
5.25113e-05
5.1442e-05
5.02023e-05
4.88596e-05
4.75103e-05
4.62954e-05
4.54284e-05
4.52474e-05
4.63076e-05
4.95252e-05
5.63648e-05
6.9006e-05
9.03525e-05
0.000123687
0.000171814
0.00023574
0.00031329
0.000398363
0.000481349
0.000551506
0.000599965
0.00062217
0.000618851
0.000595241
0.000559061
0.000518231
0.000479127
0.000445792
0.000420004
0.000401887
0.000390659
0.000385276
0.000384834
0.000388768
0.000396876
0.000409244
0.000426122
0.00044778
0.000474346
0.000505676
0.000541272
0.000580274
0.000621504
0.00066358
0.000705062
0.000744596
0.000781034
0.000813505
0.000841435
0.000864525
0.000882706
0.000896077
0.000904853
0.000909337
0.000909913
0.000907077
0.000901511
0.000894209
0.000886649
0.000881005
0.00088038
0.000889009
0.000912366
0.000957078
0.00103056
0.00114032
0.00129285
0.00149227
0.00173872
0.0020269
0.00234497
0.00267448
0.00299161
0.00327011
0.00348562
0.00362044
0.00366802
0.00363408
0.00353495
0.00339341
0.00323356
0.00307624
0.00293611
0.00282088
0.0027322
0.00266755
0.00262226
0.00259121
0.00256987
0.00255482
0.00254382
0.00253567
0.00252994
0.00252673
0.00252637
0.00252923
0.00253553
0.00254524
0.00255802
0.00257327
0.00259017
0.00260783
0.00262533
0.00264189
0.00265686
0.00266981
0.00268046
0.00268871
0.00269457
0.00269815
0.00269962
0.00269924
0.00269737
0.00269455
0.00269158
0.00268965
0.00269057
0.00269687
0.00271204
0.00274054
0.00278768
0.00285924
0.00296066
0.00309594
0.00326606
0.00346753
0.00369121
0.00392218
0.0041412
0.00432783
0.0044646
0.00454103
0.00455585
0.0045169
0.00443794
0.00433475
0.00422192
0.00411078
0.00400886
0.00392029
0.00384659
0.00378758
0.00374205
0.00370831
0.0036845
0.00366876
0.0036594
0.00365495
0.00365416
0.003656
0.00365967
0.00366451
0.00367002
0.0036758
0.00368156
0.00368702
0.00369201
0.00369636
0.00369996
0.00370274
8.08169e-07
8.29832e-07
8.46862e-07
8.59796e-07
8.69236e-07
8.75757e-07
8.79877e-07
8.82038e-07
8.82598e-07
8.81835e-07
8.79941e-07
8.77036e-07
8.73165e-07
8.68309e-07
8.62387e-07
8.5527e-07
8.46784e-07
8.36725e-07
8.24872e-07
8.11002e-07
7.94911e-07
7.7644e-07
7.55497e-07
7.32085e-07
7.06329e-07
6.78504e-07
6.49054e-07
6.18636e-07
5.88192e-07
5.59137e-07
5.33792e-07
5.16307e-07
5.14349e-07
5.41804e-07
6.22235e-07
7.9197e-07
1.10042e-06
1.60445e-06
2.35474e-06
3.37538e-06
4.64347e-06
6.07704e-06
7.54614e-06
8.90281e-06
1.00185e-05
1.08151e-05
1.12779e-05
1.14496e-05
1.14097e-05
1.12515e-05
1.10628e-05
1.0915e-05
1.08617e-05
1.09414e-05
1.11833e-05
1.1613e-05
1.22562e-05
1.31399e-05
1.42916e-05
1.57367e-05
1.74933e-05
1.95664e-05
2.19426e-05
2.45871e-05
2.74432e-05
3.04354e-05
3.34759e-05
3.64724e-05
3.93365e-05
4.19911e-05
4.43748e-05
4.64444e-05
4.81736e-05
4.95514e-05
5.05781e-05
5.12624e-05
5.16184e-05
5.16638e-05
5.14194e-05
5.09099e-05
5.01657e-05
4.92259e-05
4.81431e-05
4.69885e-05
4.58606e-05
4.48989e-05
4.43094e-05
4.44136e-05
4.5737e-05
4.91488e-05
5.60485e-05
6.85411e-05
8.9475e-05
0.000122153
0.000169553
0.000233065
0.000311101
0.000398209
0.00048529
0.000561489
0.00061723
0.00064676
0.000649488
0.000629618
0.000594423
0.000552014
0.000509443
0.000471627
0.000441171
0.000418797
0.000404047
0.000395947
0.00039349
0.000395905
0.00040274
0.00041383
0.000429196
0.000448922
0.000473016
0.000501294
0.000533317
0.000568362
0.000605454
0.00064345
0.000681138
0.000717352
0.000751064
0.000781458
0.000807948
0.000830181
0.000848009
0.000861453
0.00087067
0.000875936
0.000877653
0.00087639
0.000872953
0.000868517
0.000864783
0.000864165
0.000869976
0.000886569
0.000919362
0.000974687
0.00105939
0.00118012
0.0013424
0.00154934
0.00180037
0.00208995
0.00240671
0.00273338
0.00304781
0.00332548
0.00354328
0.00368377
0.00373927
0.00371351
0.0036205
0.00348115
0.00331864
0.003154
0.00300308
0.00287525
0.00277384
0.00269766
0.00264286
0.00260459
0.00257822
0.00255998
0.0025472
0.0025382
0.00253214
0.00252874
0.00252807
0.00253028
0.0025355
0.00254367
0.00255451
0.00256757
0.00258217
0.00259759
0.00261308
0.00262793
0.00264157
0.00265357
0.00266363
0.00267162
0.00267751
0.00268137
0.00268337
0.0026838
0.00268309
0.00268186
0.00268108
0.00268213
0.00268699
0.00269839
0.00271991
0.00275597
0.00281166
0.00289227
0.00300261
0.00314581
0.00332208
0.00352725
0.00375188
0.00398119
0.00419649
0.00437818
0.00450974
0.00458142
0.00459245
0.00455079
0.00447004
0.0043657
0.00425195
0.00413981
0.00403654
0.00394616
0.00387017
0.00380848
0.00376003
0.00372329
0.00369654
0.00367803
0.00366617
0.0036595
0.00365678
0.00365697
0.00365922
0.00366286
0.00366734
0.00367226
0.00367726
0.00368209
0.00368655
0.00369048
0.00369376
0.00369631
7.68514e-07
7.93068e-07
8.13058e-07
8.28878e-07
8.41019e-07
8.49978e-07
8.56223e-07
8.60165e-07
8.62154e-07
8.62465e-07
8.61302e-07
8.58798e-07
8.55021e-07
8.49976e-07
8.43614e-07
8.35841e-07
8.26528e-07
8.15521e-07
8.02658e-07
7.87783e-07
7.70764e-07
7.51519e-07
7.30032e-07
7.0638e-07
6.80752e-07
6.53467e-07
6.24994e-07
5.95981e-07
5.67313e-07
5.40285e-07
5.16988e-07
5.01153e-07
4.99733e-07
5.25461e-07
6.00251e-07
7.58448e-07
1.04775e-06
1.52476e-06
2.2428e-06
3.23261e-06
4.48173e-06
5.92097e-06
7.42891e-06
8.85938e-06
1.00771e-05
1.09902e-05
1.15681e-05
1.1839e-05
1.1874e-05
1.17637e-05
1.15986e-05
1.14557e-05
1.13942e-05
1.1457e-05
1.16753e-05
1.20739e-05
1.26748e-05
1.34997e-05
1.45698e-05
1.59031e-05
1.75119e-05
1.93977e-05
2.15474e-05
2.39308e-05
2.65006e-05
2.91944e-05
3.19391e-05
3.46568e-05
3.72718e-05
3.97156e-05
4.19315e-05
4.38767e-05
4.55227e-05
4.68538e-05
4.78652e-05
4.85606e-05
4.89504e-05
4.90499e-05
4.88795e-05
4.84648e-05
4.78387e-05
4.70438e-05
4.61362e-05
4.51899e-05
4.43043e-05
4.36159e-05
4.3322e-05
4.37272e-05
4.5328e-05
4.89494e-05
5.59294e-05
6.83024e-05
8.88623e-05
0.000120925
0.000167623
0.000230706
0.000309156
0.00039818
0.000489259
0.000571573
0.000634961
0.000672543
0.000682361
0.000667433
0.00063436
0.000591226
0.00054561
0.000503276
0.000467712
0.000440366
0.00042124
0.000409552
0.000404274
0.000404479
0.000409484
0.000418882
0.000432466
0.000450132
0.000471761
0.00049712
0.000525795
0.000557162
0.000590408
0.000624575
0.000658643
0.000691611
0.000722574
0.00075078
0.000775665
0.000796853
0.000814158
0.000827556
0.000837178
0.0008433
0.000846369
0.000847043
0.000846273
0.000845424
0.000846418
0.000851886
0.000865303
0.000891064
0.000934443
0.00100138
0.00109805
0.00123023
0.00140241
0.00161676
0.00187201
0.00216246
0.00247722
0.00280018
0.00311086
0.00338653
0.00360544
0.00375064
0.0038136
0.00379627
0.0037104
0.00357482
0.00341143
0.00324111
0.0030805
0.00294044
0.00282595
0.0027373
0.00267164
0.00262466
0.00259179
0.00256905
0.00255336
0.00254261
0.00253552
0.00253146
0.00253016
0.00253158
0.0025357
0.00254242
0.00255151
0.00256256
0.00257507
0.00258841
0.00260197
0.00261515
0.00262743
0.00263841
0.00264781
0.00265547
0.00266134
0.0026655
0.00266813
0.00266957
0.00267033
0.00267115
0.00267316
0.00267791
0.00268758
0.00270501
0.00273382
0.00277831
0.00284323
0.00293335
0.00305273
0.00320369
0.00338563
0.00359379
0.00381851
0.00404519
0.00425579
0.00443162
0.00455714
0.00462345
0.00463025
0.00458567
0.00450315
0.00439784
0.00428349
0.00417073
0.00406651
0.00397466
0.00389665
0.00383245
0.00378113
0.00374133
0.00371147
0.00368997
0.00367531
0.00366611
0.00366115
0.0036594
0.00365998
0.00366218
0.00366544
0.00366932
0.00367344
0.00367754
0.00368138
0.00368481
0.0036877
0.00368996
7.23803e-07
7.50696e-07
7.73216e-07
7.91615e-07
8.06257e-07
8.17547e-07
8.2588e-07
8.31626e-07
8.35106e-07
8.36586e-07
8.36271e-07
8.34306e-07
8.30777e-07
8.25718e-07
8.1911e-07
8.10901e-07
8.01009e-07
7.89335e-07
7.75777e-07
7.60247e-07
7.42685e-07
7.23079e-07
7.01484e-07
6.78041e-07
6.5299e-07
6.26683e-07
5.99601e-07
5.72369e-07
5.45816e-07
5.21114e-07
5.0014e-07
4.86247e-07
4.85738e-07
5.10302e-07
5.80322e-07
7.28251e-07
1.00005e-06
1.45177e-06
2.13881e-06
3.09782e-06
4.32602e-06
5.76664e-06
7.30813e-06
8.80768e-06
1.01251e-05
1.11564e-05
1.18546e-05
1.22329e-05
1.23515e-05
1.22967e-05
1.21598e-05
1.20226e-05
1.195e-05
1.199e-05
1.21765e-05
1.25345e-05
1.30838e-05
1.38422e-05
1.4825e-05
1.6045e-05
1.75095e-05
1.9217e-05
2.11547e-05
2.32961e-05
2.56015e-05
2.80187e-05
3.04868e-05
3.29403e-05
3.53142e-05
3.75484e-05
3.95915e-05
4.14027e-05
4.29528e-05
4.42239e-05
4.52076e-05
4.59045e-05
4.63221e-05
4.64741e-05
4.63807e-05
4.60686e-05
4.55727e-05
4.49384e-05
4.42244e-05
4.35063e-05
4.28828e-05
4.2486e-05
4.25034e-05
4.32223e-05
4.51109e-05
4.89524e-05
5.6028e-05
6.83062e-05
8.85285e-05
0.00012002
0.000166049
0.000228706
0.000307521
0.000398369
0.000493338
0.000581816
0.000653173
0.000699496
0.000717458
0.000708765
0.00067913
0.000636374
0.000588416
0.000541773
0.000500841
0.00046789
0.000443523
0.00042729
0.000418256
0.000415409
0.000417884
0.000425047
0.000436467
0.00045185
0.000470941
0.000493438
0.000518925
0.000546843
0.000576496
0.000607073
0.000637712
0.000667556
0.000695814
0.000721812
0.000745024
0.000765087
0.000781807
0.000795153
0.00080526
0.000812441
0.000817211
0.000820343
0.000822948
0.000826585
0.000833379
0.000846139
0.000868437
0.000904619
0.000959709
0.00103915
0.0011484
0.00129228
0.0014743
0.0016957
0.00195462
0.00224523
0.00255716
0.00287546
0.0031813
0.00345375
0.00367252
0.00382133
0.00389112
0.00388226
0.00380431
0.00367397
0.00351158
0.00333744
0.00316862
0.00301717
0.00288966
0.0027879
0.00271023
0.00265306
0.00261215
0.00258341
0.0025635
0.0025499
0.00254093
0.00253555
0.00253318
0.00253355
0.00253647
0.00254176
0.00254919
0.00255841
0.00256898
0.00258041
0.00259217
0.00260374
0.0026147
0.00262467
0.00263339
0.00264073
0.00264663
0.00265121
0.00265468
0.00265745
0.00266012
0.00266359
0.00266912
0.00267845
0.00269387
0.00271833
0.00275537
0.00280907
0.0028838
0.00298369
0.00311204
0.00327035
0.00345725
0.0036675
0.00389126
0.00411424
0.0043191
0.00448813
0.0046068
0.00466709
0.00466923
0.00462152
0.00453723
0.00443113
0.00431652
0.00420354
0.0040988
0.00400591
0.00392623
0.00385977
0.00380572
0.00376286
0.00372981
0.00370514
0.00368744
0.00367542
0.00366791
0.0036639
0.00366251
0.00366301
0.00366481
0.00366744
0.00367051
0.00367371
0.00367682
0.00367965
0.00368206
0.00368396
6.74683e-07
7.03247e-07
7.27739e-07
7.48272e-07
7.65086e-07
7.78478e-07
7.88763e-07
7.96251e-07
8.01225e-07
8.03928e-07
8.0456e-07
8.0327e-07
8.00161e-07
7.9529e-07
7.88675e-07
7.80302e-07
7.70138e-07
7.58141e-07
7.44268e-07
7.28496e-07
7.10832e-07
6.91329e-07
6.70105e-07
6.4735e-07
6.23345e-07
5.98464e-07
5.73185e-07
5.48104e-07
5.23985e-07
5.01885e-07
4.83479e-07
4.71778e-07
4.72504e-07
4.96399e-07
5.62444e-07
7.01309e-07
9.57221e-07
1.38551e-06
2.04316e-06
2.97199e-06
4.17825e-06
5.61671e-06
7.18712e-06
8.75127e-06
1.0166e-05
1.13164e-05
1.21401e-05
1.26341e-05
1.2846e-05
1.28554e-05
1.2753e-05
1.26238e-05
1.25385e-05
1.25504e-05
1.26971e-05
1.30053e-05
1.34938e-05
1.41773e-05
1.50674e-05
1.61722e-05
1.7495e-05
1.9032e-05
2.07705e-05
2.26871e-05
2.47479e-05
2.6909e-05
2.91195e-05
3.13241e-05
3.34674e-05
3.54971e-05
3.73671e-05
3.90398e-05
4.04869e-05
4.16894e-05
4.26377e-05
4.333e-05
4.37724e-05
4.3978e-05
4.39667e-05
4.37665e-05
4.34142e-05
4.29571e-05
4.24555e-05
4.19852e-05
4.16425e-05
4.15535e-05
4.1895e-05
4.29361e-05
4.51182e-05
4.91855e-05
5.63668e-05
6.85703e-05
8.84885e-05
0.000119452
0.000164857
0.000227107
0.000306261
0.000398865
0.000497631
0.000592303
0.00067191
0.000727622
0.000754779
0.000753685
0.000728973
0.000687958
0.000638674
0.00058825
0.000541951
0.000502936
0.000472533
0.00045077
0.000436942
0.000430058
0.000429138
0.00043336
0.000442085
0.000454828
0.000471189
0.000490777
0.000513148
0.000537775
0.000564039
0.000591243
0.000618649
0.000645526
0.000671188
0.000695044
0.000716625
0.000735605
0.000751814
0.000765251
0.000776089
0.000784707
0.00079172
0.000798037
0.000804934
0.000814156
0.000828
0.000849391
0.000881913
0.000929761
0.0009976
0.00109029
0.00121248
0.00136807
0.00155957
0.00178742
0.00204922
0.00233908
0.0026472
0.00295979
0.00325964
0.00352762
0.00374494
0.00389615
0.00397195
0.00397136
0.00390192
0.00377815
0.00361863
0.00344271
0.00326753
0.00310597
0.002966
0.00285091
0.00276037
0.00269172
0.0026412
0.00260489
0.00257927
0.00256153
0.00254959
0.00254205
0.00253801
0.00253691
0.0025384
0.00254218
0.00254798
0.00255545
0.00256423
0.00257388
0.00258396
0.00259406
0.00260378
0.00261282
0.00262096
0.00262808
0.0026342
0.00263944
0.0026441
0.00264867
0.00265387
0.00266074
0.00267067
0.00268556
0.00270778
0.00274025
0.00278641
0.00285
0.0029349
0.00304458
0.00318156
0.00334653
0.00353746
0.00374868
0.0039703
0.00418841
0.00438643
0.00454767
0.00465867
0.0047123
0.00470937
0.00465831
0.00457225
0.00446555
0.004351
0.00423823
0.00413346
0.00403999
0.00395908
0.00389071
0.00383416
0.00378838
0.00375215
0.00372419
0.00370326
0.00368817
0.00367783
0.00367124
0.00366756
0.00366606
0.00366613
0.00366726
0.00366906
0.00367119
0.0036734
0.00367549
0.0036773
0.00367873
6.22023e-07
6.5152e-07
6.77331e-07
6.99447e-07
7.17988e-07
7.33144e-07
7.45144e-07
7.54227e-07
7.60628e-07
7.6456e-07
7.66206e-07
7.65715e-07
7.632e-07
7.5874e-07
7.52384e-07
7.44157e-07
7.34075e-07
7.22145e-07
7.08384e-07
6.92827e-07
6.75542e-07
6.56638e-07
6.36284e-07
6.14711e-07
5.92225e-07
5.6921e-07
5.46132e-07
5.23551e-07
5.02159e-07
4.82901e-07
4.6727e-07
4.57969e-07
4.60198e-07
4.83851e-07
5.46634e-07
6.7756e-07
9.1918e-07
1.32596e-06
1.95607e-06
2.85587e-06
4.0399e-06
5.47389e-06
7.06924e-06
8.69394e-06
1.02036e-05
1.14741e-05
1.24282e-05
1.30465e-05
1.33625e-05
1.34468e-05
1.33872e-05
1.32708e-05
1.31732e-05
1.31532e-05
1.32534e-05
1.35029e-05
1.39212e-05
1.45216e-05
1.53128e-05
1.62995e-05
1.74821e-05
1.8855e-05
2.04052e-05
2.21119e-05
2.39458e-05
2.58697e-05
2.78408e-05
2.98125e-05
3.17375e-05
3.35707e-05
3.52716e-05
3.68062e-05
3.8148e-05
3.92788e-05
4.01884e-05
4.08747e-05
4.13431e-05
4.16065e-05
4.16857e-05
4.16094e-05
4.14159e-05
4.11539e-05
4.08838e-05
4.06801e-05
4.06351e-05
4.08674e-05
4.15416e-05
4.29088e-05
4.53848e-05
4.96778e-05
5.69695e-05
6.91133e-05
8.8758e-05
0.000119239
0.00016407
0.000225949
0.000305441
0.000399757
0.000502261
0.00060314
0.000691245
0.000756958
0.000794344
0.000802265
0.000784114
0.000746459
0.000697207
0.000643905
0.000592596
0.000547337
0.000510276
0.000482063
0.000462366
0.000450348
0.000445011
0.000445409
0.000450727
0.000460303
0.000473588
0.000490083
0.000509293
0.000530692
0.000553705
0.000577715
0.000602082
0.000626178
0.000649416
0.000671292
0.000691407
0.000709495
0.000725442
0.000739303
0.000751328
0.000761991
0.000772028
0.000782498
0.000794836
0.000810945
0.000833242
0.00086469
0.000908781
0.00096945
0.0010509
0.00115732
0.00129252
0.00145948
0.00165982
0.0018932
0.00215681
0.00244481
0.002748
0.00305371
0.00334636
0.00360855
0.00382307
0.00397541
0.00405625
0.00406353
0.00400295
0.0038869
0.00373206
0.00355654
0.00337712
0.0032072
0.00305585
0.00292774
0.0028239
0.00274275
0.00268124
0.00263577
0.00260285
0.00257948
0.0025633
0.00255255
0.00254601
0.00254285
0.00254251
0.00254456
0.00254863
0.00255437
0.00256143
0.00256943
0.00257798
0.00258674
0.00259538
0.00260367
0.00261142
0.00261858
0.00262522
0.00263153
0.00263791
0.00264493
0.00265346
0.00266463
0.00268
0.00270152
0.00273159
0.00277303
0.00282904
0.00290299
0.00299816
0.00311735
0.00326229
0.00343296
0.00362673
0.00383761
0.00405575
0.00426771
0.00445774
0.00461019
0.00471271
0.00475906
0.00475063
0.00469602
0.00460818
0.00450106
0.0043869
0.00427481
0.00417052
0.00407701
0.00399536
0.00392552
0.00386683
0.00381836
0.00377906
0.00374783
0.00372358
0.00370523
0.0036918
0.00368235
0.00367609
0.00367227
0.00367031
0.00366967
0.00366994
0.00367076
0.00367188
0.00367305
0.00367412
0.00367495
5.66862e-07
5.96533e-07
6.22962e-07
6.46041e-07
6.65782e-07
6.82277e-07
6.95665e-07
7.06118e-07
7.13812e-07
7.18923e-07
7.21612e-07
7.22019e-07
7.20263e-07
7.16438e-07
7.1062e-07
7.02871e-07
6.93246e-07
6.81802e-07
6.68606e-07
6.53745e-07
6.37336e-07
6.19538e-07
6.00556e-07
5.80651e-07
5.60143e-07
5.39412e-07
5.18904e-07
4.99133e-07
4.80723e-07
4.64509e-07
4.51816e-07
4.45071e-07
4.49015e-07
4.72782e-07
5.32933e-07
6.5696e-07
8.85821e-07
1.27304e-06
1.8777e-06
2.75006e-06
3.9123e-06
5.34067e-06
6.95771e-06
8.63963e-06
1.02421e-05
1.16337e-05
1.27234e-05
1.34752e-05
1.39072e-05
1.40793e-05
1.40738e-05
1.39781e-05
1.38717e-05
1.3819e-05
1.38677e-05
1.40511e-05
1.43905e-05
1.48994e-05
1.55849e-05
1.64499e-05
1.74923e-05
1.87053e-05
2.00761e-05
2.15856e-05
2.3208e-05
2.49119e-05
2.66609e-05
2.84156e-05
3.0136e-05
3.17835e-05
3.33229e-05
3.47241e-05
3.59636e-05
3.70246e-05
3.78979e-05
3.85818e-05
3.9082e-05
3.94122e-05
3.95936e-05
3.96563e-05
3.96392e-05
3.95912e-05
3.95716e-05
3.96519e-05
3.99186e-05
4.04815e-05
4.14919e-05
4.31835e-05
4.59477e-05
5.04603e-05
5.78609e-05
6.9955e-05
8.93532e-05
0.000119398
0.000163712
0.000225271
0.000305124
0.00040114
0.000507358
0.000614449
0.000711288
0.000787575
0.000836204
0.000854589
0.000844765
0.000812339
0.000764831
0.00070998
0.000654456
0.000603168
0.000559133
0.000523735
0.000497165
0.000478882
0.000467996
0.000463526
0.000464541
0.000470233
0.00047991
0.000492963
0.000508825
0.000526943
0.000546758
0.000567703
0.000589213
0.000610744
0.000631802
0.000651968
0.000670927
0.000688493
0.000704632
0.000719488
0.000733411
0.000746992
0.000761103
0.000776945
0.000796094
0.00082056
0.000852806
0.000895736
0.000952641
0.00102708
0.00112271
0.00124299
0.00139089
0.00156851
0.00177663
0.0020143
0.00227839
0.0025632
0.00286014
0.00315772
0.00344187
0.00369694
0.00390728
0.0040594
0.00414419
0.00415875
0.00410717
0.00399978
0.0038513
0.00367839
0.00349711
0.00332099
0.00315988
0.00301966
0.00290265
0.00280843
0.00273482
0.00267875
0.00263696
0.0026064
0.00258453
0.00256931
0.00255924
0.00255322
0.00255047
0.00255038
0.0025525
0.00255642
0.00256177
0.00256819
0.00257536
0.00258296
0.00259075
0.00259854
0.00260623
0.00261384
0.00262148
0.00262947
0.00263827
0.0026486
0.0026614
0.00267795
0.00269986
0.0027291
0.002768
0.00281922
0.0028856
0.00297005
0.00307526
0.00320331
0.00335522
0.0035303
0.00372545
0.00393447
0.00414766
0.00435212
0.00453296
0.00467563
0.00476885
0.0048073
0.00479296
0.0047346
0.00464499
0.00453763
0.00442421
0.00431324
0.00420998
0.00411702
0.00403523
0.00396445
0.00390408
0.00385329
0.00381117
0.00377679
0.00374922
0.00372754
0.00371085
0.00369833
0.0036892
0.00368279
0.00367849
0.00367579
0.00367426
0.00367353
0.00367332
0.00367337
0.00367352
0.00367361
5.1035e-07
5.39463e-07
5.65809e-07
5.89205e-07
6.09576e-07
6.26927e-07
6.41319e-07
6.5285e-07
6.61644e-07
6.67834e-07
6.71552e-07
6.72925e-07
6.7207e-07
6.69092e-07
6.64088e-07
6.57147e-07
6.48361e-07
6.37825e-07
6.2565e-07
6.11964e-07
5.96925e-07
5.80726e-07
5.63599e-07
5.45821e-07
5.27713e-07
5.09645e-07
4.92031e-07
4.75337e-07
4.60114e-07
4.47095e-07
4.37451e-07
4.33366e-07
4.39174e-07
4.63341e-07
5.21406e-07
6.39483e-07
8.57047e-07
1.22668e-06
1.80809e-06
2.65502e-06
3.79661e-06
5.21907e-06
6.85585e-06
8.59234e-06
1.02861e-05
1.18001e-05
1.30308e-05
1.39259e-05
1.44876e-05
1.47626e-05
1.48259e-05
1.4763e-05
1.46557e-05
1.45733e-05
1.45692e-05
1.46815e-05
1.49349e-05
1.53446e-05
1.59178e-05
1.66564e-05
1.75575e-05
1.86132e-05
1.98111e-05
2.11336e-05
2.25581e-05
2.40573e-05
2.56004e-05
2.71542e-05
2.86849e-05
3.01596e-05
3.15484e-05
3.28256e-05
3.39707e-05
3.49694e-05
3.58143e-05
3.65049e-05
3.70481e-05
3.74584e-05
3.77581e-05
3.79777e-05
3.81562e-05
3.83414e-05
3.859e-05
3.89688e-05
3.9557e-05
4.04541e-05
4.17982e-05
4.38056e-05
4.68455e-05
5.15648e-05
5.90666e-05
7.11156e-05
9.02907e-05
0.000119945
0.000163805
0.000225111
0.000305376
0.00040311
0.000513048
0.00062639
0.00073218
0.000819587
0.000880446
0.000910764
0.000911138
0.000886032
0.000842334
0.000787722
0.000729294
0.000672703
0.000621824
0.00057885
0.000544621
0.000519039
0.00050146
0.000490985
0.000486653
0.000487569
0.000492926
0.000502009
0.000514176
0.000528829
0.000545403
0.000563357
0.000582179
0.000601396
0.000620596
0.000639449
0.000657732
0.000675354
0.000692381
0.000709066
0.000725875
0.000743525
0.000763018
0.000785674
0.000813164
0.000847539
0.000891211
0.000946919
0.00101764
0.00110647
0.00121643
0.00135024
0.00151005
0.00169715
0.0019116
0.00215196
0.00241491
0.00269495
0.00298418
0.00327223
0.00354654
0.00379312
0.00399787
0.0041484
0.00423595
0.00425704
0.00421436
0.00411636
0.00397579
0.00380766
0.00362705
0.00344725
0.00327854
0.00312775
0.00299835
0.00289109
0.00280476
0.00273698
0.0026849
0.00264562
0.00261653
0.00259545
0.00258064
0.00257076
0.00256481
0.00256203
0.00256182
0.0025637
0.00256725
0.00257214
0.00257805
0.00258471
0.00259195
0.00259962
0.00260772
0.00261632
0.00262564
0.00263609
0.00264822
0.00266286
0.00268103
0.00270408
0.00273363
0.00277159
0.00282014
0.00288166
0.00295858
0.0030533
0.00316787
0.00330373
0.00346122
0.00363912
0.00383395
0.0040394
0.00424605
0.00444159
0.00461202
0.00474389
0.00482701
0.00485698
0.00483634
0.00477402
0.00468263
0.00457522
0.00446287
0.00435351
0.00425184
0.00416007
0.00407878
0.00400772
0.00394624
0.00389362
0.00384906
0.00381181
0.00378109
0.00375611
0.00373612
0.00372038
0.0037082
0.00369896
0.00369207
0.00368704
0.00368344
0.0036809
0.00367912
0.00367785
0.00367687
0.00367604
4.53679e-07
4.81579e-07
5.07189e-07
5.30279e-07
5.50709e-07
5.68416e-07
5.83392e-07
5.95674e-07
6.05332e-07
6.12457e-07
6.1715e-07
6.19522e-07
6.19681e-07
6.17737e-07
6.13801e-07
6.07982e-07
6.00399e-07
5.91177e-07
5.80459e-07
5.68404e-07
5.55199e-07
5.41058e-07
5.26227e-07
5.10987e-07
4.95652e-07
4.80569e-07
4.66114e-07
4.52702e-07
4.40811e-07
4.3108e-07
4.2454e-07
4.23159e-07
4.30918e-07
4.557e-07
5.12139e-07
6.25122e-07
8.32769e-07
1.18675e-06
1.74727e-06
2.57111e-06
3.69378e-06
5.11097e-06
6.76684e-06
8.55603e-06
1.03404e-05
1.19785e-05
1.3356e-05
1.44052e-05
1.51115e-05
1.55073e-05
1.5658e-05
1.56447e-05
1.55497e-05
1.54462e-05
1.53931e-05
1.54337e-05
1.55974e-05
1.59024e-05
1.63577e-05
1.69656e-05
1.77233e-05
1.86231e-05
1.9653e-05
2.07969e-05
2.20349e-05
2.33434e-05
2.46961e-05
2.60651e-05
2.74219e-05
2.87391e-05
2.99918e-05
3.11583e-05
3.2222e-05
3.31715e-05
3.40016e-05
3.47137e-05
3.53162e-05
3.58245e-05
3.62617e-05
3.66581e-05
3.70519e-05
3.74883e-05
3.80198e-05
3.87069e-05
3.96201e-05
4.0848e-05
4.25153e-05
4.4822e-05
4.81174e-05
5.30234e-05
6.06124e-05
7.26154e-05
9.15871e-05
0.000120895
0.000164371
0.000225505
0.000306258
0.000405766
0.000519467
0.000639142
0.000754092
0.000853149
0.000927203
0.000970926
0.00098345
0.000967955
0.00093047
0.000878355
0.000818905
0.000758349
0.000701351
0.000650929
0.00060866
0.00057502
0.000549753
0.000532174
0.000521408
0.000516548
0.000516732
0.00052117
0.00052915
0.000540032
0.000553231
0.000568218
0.000584517
0.000601714
0.000619474
0.000637554
0.000655826
0.000674305
0.000693166
0.000712777
0.000733723
0.000756833
0.00078321
0.000814252
0.000851657
0.000897426
0.000953818
0.00102329
0.00110842
0.00121175
0.00133563
0.00148208
0.00165246
0.00184735
0.00206625
0.00230733
0.00256721
0.0028407
0.00312059
0.00339762
0.00366067
0.00389736
0.0040951
0.00424264
0.00433169
0.00435843
0.00432438
0.00423627
0.00410495
0.00394371
0.00376638
0.00358569
0.00341202
0.00325281
0.00311253
0.00299297
0.00289394
0.00281387
0.00275046
0.00270115
0.00266343
0.00263507
0.00261421
0.00259933
0.00258925
0.00258304
0.00257996
0.00257946
0.00258107
0.0025844
0.00258918
0.00259516
0.0026022
0.00261025
0.00261934
0.00262966
0.00264149
0.00265533
0.00267184
0.00269187
0.00271653
0.00274716
0.00278532
0.00283278
0.00289146
0.00296339
0.00305056
0.00315481
0.0032776
0.00341976
0.00358108
0.00375988
0.00395243
0.00415247
0.00435088
0.00453601
0.0046948
0.00481487
0.00488712
0.00490802
0.0048807
0.00481425
0.00472107
0.00461377
0.00450284
0.00439557
0.0042961
0.00420618
0.00412612
0.00405548
0.00399359
0.00393975
0.00389331
0.00385362
0.00382006
0.00379199
0.00376879
0.00374984
0.00373454
0.00372232
0.00371266
0.00370509
0.0036992
0.00369462
0.00369105
0.00368824
0.00368596
0.00368404
3.98033e-07
4.24174e-07
4.48485e-07
4.70711e-07
4.90673e-07
5.08257e-07
5.23404e-07
5.36098e-07
5.46365e-07
5.54254e-07
5.5984e-07
5.63211e-07
5.64464e-07
5.63709e-07
5.61061e-07
5.56645e-07
5.50594e-07
5.43055e-07
5.34189e-07
5.24176e-07
5.13216e-07
5.01534e-07
4.89379e-07
4.77023e-07
4.64762e-07
4.52914e-07
4.41812e-07
4.31816e-07
4.23335e-07
4.16917e-07
4.13471e-07
4.14778e-07
4.24511e-07
4.50046e-07
5.05236e-07
6.13885e-07
8.12911e-07
1.15315e-06
1.69521e-06
2.49858e-06
3.60467e-06
5.01807e-06
6.69348e-06
8.53489e-06
1.04098e-05
1.21745e-05
1.37054e-05
1.49202e-05
1.57876e-05
1.63247e-05
1.65852e-05
1.66437e-05
1.65807e-05
1.64717e-05
1.638e-05
1.63548e-05
1.64305e-05
1.66297e-05
1.69646e-05
1.74395e-05
1.80528e-05
1.87978e-05
1.96639e-05
2.06367e-05
2.16986e-05
2.28294e-05
2.40068e-05
2.52074e-05
2.64076e-05
2.75851e-05
2.87193e-05
2.9793e-05
3.07932e-05
3.17118e-05
3.25461e-05
3.32995e-05
3.39818e-05
3.46093e-05
3.52049e-05
3.57985e-05
3.64257e-05
3.71276e-05
3.79511e-05
3.89489e-05
4.01823e-05
4.17286e-05
4.36995e-05
4.62802e-05
4.98027e-05
5.4868e-05
6.25235e-05
7.44741e-05
9.32586e-05
0.000122266
0.000165432
0.000226492
0.000307835
0.00040921
0.000526761
0.000652895
0.000777233
0.000888462
0.000976656
0.00103525
0.00106194
0.00105851
0.00102995
0.000983051
0.000925059
0.000862571
0.000800903
0.000743856
0.00069378
0.000651821
0.000618237
0.000592695
0.000574532
0.000562936
0.000557067
0.000556117
0.000559344
0.000566075
0.000575712
0.000587732
0.00060169
0.000617225
0.000634069
0.000652064
0.000671177
0.000691523
0.000713386
0.000737236
0.000763755
0.000793851
0.000828676
0.000869635
0.000918384
0.000976765
0.00104677
0.00113048
0.00122998
0.00134724
0.00148397
0.00164147
0.00182048
0.00202095
0.00224195
0.00248143
0.00273604
0.00300095
0.00326971
0.00353413
0.00378447
0.00400984
0.00419916
0.0043423
0.00443157
0.00446298
0.00443711
0.00435918
0.00423824
0.00408584
0.00391441
0.00373582
0.00356022
0.00339538
0.00324644
0.00311613
0.00300522
0.00291299
0.00283782
0.00277761
0.00273012
0.00269324
0.00266509
0.00264405
0.00262883
0.00261836
0.00261181
0.0026085
0.00260792
0.00260966
0.00261342
0.002619
0.00262629
0.00263527
0.00264607
0.00265892
0.0026742
0.00269244
0.00271437
0.00274086
0.00277301
0.00281209
0.00285952
0.00291683
0.00298562
0.00306753
0.00316407
0.00327654
0.00340588
0.00355238
0.00371537
0.00389286
0.004081
0.00427362
0.00446203
0.00463525
0.00478117
0.00488846
0.00494907
0.00496036
0.004926
0.00485522
0.00476027
0.00465326
0.00454407
0.00443937
0.00434269
0.00425534
0.00417726
0.00410785
0.00404634
0.00399205
0.00394441
0.00390288
0.00386698
0.00383622
0.00381009
0.0037881
0.00376975
0.00375456
0.00374207
0.00373185
0.00372352
0.00371674
0.00371122
0.00370669
0.00370293
0.00369978
3.44535e-07
3.68512e-07
3.91084e-07
4.11994e-07
4.31043e-07
4.48087e-07
4.6303e-07
4.75821e-07
4.86446e-07
4.94925e-07
5.01303e-07
5.05647e-07
5.08044e-07
5.08595e-07
5.07418e-07
5.04641e-07
5.00404e-07
4.9486e-07
4.88181e-07
4.80551e-07
4.72175e-07
4.63276e-07
4.54092e-07
4.4488e-07
4.35908e-07
4.27458e-07
4.19817e-07
4.13289e-07
4.08217e-07
4.05067e-07
4.04638e-07
4.08548e-07
4.2021e-07
4.46569e-07
5.00801e-07
6.05781e-07
7.97384e-07
1.12572e-06
1.6518e-06
2.4376e-06
3.52994e-06
4.94189e-06
6.63837e-06
8.53301e-06
1.04994e-05
1.23941e-05
1.40855e-05
1.54782e-05
1.65249e-05
1.72264e-05
1.76232e-05
1.77811e-05
1.77768e-05
1.76858e-05
1.75748e-05
1.7498e-05
1.74955e-05
1.75947e-05
1.78125e-05
1.81564e-05
1.86274e-05
1.92212e-05
1.99289e-05
2.07385e-05
2.16351e-05
2.26016e-05
2.36194e-05
2.46694e-05
2.57324e-05
2.67904e-05
2.78273e-05
2.88301e-05
2.97893e-05
3.06998e-05
3.15616e-05
3.23797e-05
3.31649e-05
3.39336e-05
3.4708e-05
3.55166e-05
3.63904e-05
3.7365e-05
3.84805e-05
3.97815e-05
4.13194e-05
4.31607e-05
4.54051e-05
4.82248e-05
5.19373e-05
5.71269e-05
6.4822e-05
7.67087e-05
9.53189e-05
0.000124071
0.000167007
0.000228103
0.000310166
0.000413541
0.000535079
0.000667841
0.000801848
0.000925768
0.00102903
0.00110397
0.00114686
0.00115808
0.00114143
0.0011029
0.00104945
0.000987795
0.000923732
0.000861737
0.000804907
0.000755104
0.000713197
0.00067933
0.000653174
0.000634136
0.000621498
0.000614516
0.000612471
0.000614702
0.000620618
0.000629713
0.000641576
0.000655894
0.000672463
0.000691201
0.000712159
0.00073554
0.000761708
0.000791208
0.000824773
0.000863332
0.000908012
0.000960136
0.00102127
0.00109293
0.00117675
0.00127438
0.00138738
0.00151717
0.00166484
0.00183111
0.00201613
0.00221943
0.00243976
0.00267496
0.00292184
0.00317601
0.00343172
0.00368186
0.00391797
0.00413063
0.00431012
0.00444748
0.00453567
0.0045707
0.00455244
0.00448479
0.00437516
0.00423337
0.00407039
0.003897
0.00372283
0.00355563
0.00340098
0.00326231
0.00314122
0.00303782
0.00295124
0.00287996
0.00282213
0.0027759
0.00273948
0.00271132
0.00269004
0.00267453
0.00266387
0.00265732
0.00265431
0.0026544
0.00265728
0.00266276
0.00267076
0.0026813
0.00269455
0.00271077
0.0027304
0.00275399
0.00278224
0.00281601
0.00285632
0.00290431
0.00296114
0.00302804
0.00310626
0.00319701
0.00330136
0.00342014
0.00355381
0.00370223
0.00386441
0.00403814
0.00421956
0.00440269
0.00457929
0.0047391
0.00487092
0.00496448
0.00501275
0.00501391
0.00497216
0.0048969
0.00480016
0.0046936
0.0045865
0.00448483
0.00439156
0.00430749
0.0042322
0.00416486
0.00410461
0.00405075
0.00400274
0.00396015
0.00392261
0.00388974
0.00386117
0.00383652
0.0038154
0.00379741
0.00378219
0.00376937
0.00375859
0.00374956
0.003742
0.00373566
0.00373033
0.00372583
0.00369476
0.00369267
0.00369061
0.00368853
0.0036864
0.0036842
0.00368191
0.00367949
0.00367695
0.00367425
0.0036714
0.00366837
0.00366517
0.00366178
0.00365819
0.00365441
0.00365042
0.00364623
0.00364183
0.00363724
0.00363245
0.00362747
0.00362232
0.003617
0.00361153
0.00360593
0.00360023
0.00359446
0.00358867
0.0035829
0.0035772
0.00357164
0.00356629
0.00356124
0.00355658
0.00355241
0.00354884
0.00354599
0.00354397
0.00354289
0.0037033
0.00370055
0.00369794
0.00369541
0.00369292
0.00369043
0.00368791
0.00368534
0.00368268
0.00367992
0.00367704
0.00367402
0.00367084
0.00366751
0.003664
0.0036603
0.00365642
0.00365234
0.00364807
0.0036436
0.00363894
0.00363408
0.00362903
0.0036238
0.00361841
0.00361287
0.00360721
0.00360146
0.00359564
0.00358981
0.00358403
0.00357834
0.00357283
0.00356759
0.00356271
0.00355831
0.0035545
0.00355142
0.00354921
0.00354802
0.003713
0.00370947
0.0037062
0.0037031
0.00370013
0.00369725
0.00369441
0.00369158
0.00368872
0.00368582
0.00368284
0.00367976
0.00367657
0.00367325
0.00366978
0.00366615
0.00366236
0.00365838
0.00365423
0.00364988
0.00364534
0.00364061
0.00363569
0.00363059
0.00362531
0.00361986
0.00361428
0.00360858
0.00360279
0.00359695
0.00359112
0.00358536
0.00357975
0.00357436
0.0035693
0.00356469
0.00356067
0.00355737
0.00355498
0.00355366
0.00372339
0.00371909
0.00371512
0.00371141
0.0037079
0.00370455
0.00370131
0.00369815
0.00369502
0.0036919
0.00368876
0.00368557
0.0036823
0.00367894
0.00367547
0.00367187
0.00366813
0.00366424
0.00366017
0.00365594
0.00365152
0.00364692
0.00364213
0.00363716
0.00363201
0.00362669
0.00362121
0.0036156
0.00360987
0.00360408
0.00359826
0.00359248
0.0035868
0.00358131
0.00357612
0.00357135
0.00356714
0.00356366
0.00356109
0.00355966
0.00373384
0.00372889
0.0037243
0.00372001
0.00371596
0.00371213
0.00370847
0.00370494
0.0037015
0.00369812
0.00369476
0.0036914
0.00368801
0.00368457
0.00368105
0.00367743
0.00367371
0.00366986
0.00366586
0.00366171
0.0036574
0.00365292
0.00364826
0.00364342
0.0036384
0.00363321
0.00362786
0.00362236
0.00361673
0.00361102
0.00360525
0.00359949
0.0035938
0.00358826
0.00358299
0.0035781
0.00357375
0.00357011
0.0035674
0.00356586
0.00374369
0.00373831
0.00373325
0.00372849
0.00372399
0.00371973
0.00371567
0.00371177
0.00370801
0.00370434
0.00370075
0.00369719
0.00369364
0.00369007
0.00368647
0.00368281
0.00367906
0.00367522
0.00367126
0.00366717
0.00366294
0.00365855
0.003654
0.00364929
0.0036444
0.00363934
0.00363413
0.00362876
0.00362325
0.00361764
0.00361196
0.00360626
0.0036006
0.00359507
0.00358975
0.0035848
0.00358034
0.00357659
0.00357375
0.00357212
0.00375237
0.00374682
0.00374151
0.00373644
0.00373162
0.00372703
0.00372264
0.00371843
0.00371437
0.00371044
0.00370661
0.00370284
0.00369912
0.00369542
0.0036917
0.00368796
0.00368417
0.00368031
0.00367635
0.0036723
0.00366812
0.00366381
0.00365935
0.00365474
0.00364998
0.00364505
0.00363996
0.00363473
0.00362936
0.00362387
0.0036183
0.00361269
0.00360709
0.0036016
0.00359629
0.00359131
0.00358679
0.00358295
0.00358003
0.00357832
0.00375944
0.00375397
0.00374865
0.00374349
0.00373851
0.00373372
0.00372912
0.00372468
0.0037204
0.00371624
0.0037122
0.00370825
0.00370436
0.00370052
0.00369669
0.00369285
0.003689
0.00368509
0.00368113
0.00367708
0.00367293
0.00366867
0.00366429
0.00365977
0.00365511
0.0036503
0.00364534
0.00364024
0.003635
0.00362965
0.0036242
0.0036187
0.0036132
0.00360777
0.00360251
0.00359753
0.003593
0.00358911
0.00358612
0.00358436
0.00376464
0.00375951
0.00375439
0.00374933
0.00374438
0.00373955
0.00373486
0.0037303
0.00372587
0.00372157
0.00371738
0.00371328
0.00370925
0.00370528
0.00370134
0.00369742
0.0036935
0.00368955
0.00368555
0.0036815
0.00367737
0.00367315
0.00366882
0.00366437
0.0036598
0.0036551
0.00365025
0.00364528
0.00364017
0.00363494
0.00362962
0.00362425
0.00361886
0.00361352
0.00360832
0.00360339
0.00359887
0.00359497
0.00359195
0.00359015
0.0037679
0.00376329
0.00375857
0.00375379
0.00374903
0.00374431
0.00373966
0.0037351
0.00373064
0.00372627
0.00372199
0.0037178
0.00371368
0.00370962
0.0037056
0.0037016
0.00369761
0.00369362
0.00368959
0.00368553
0.00368141
0.00367721
0.00367292
0.00366854
0.00366404
0.00365942
0.00365469
0.00364982
0.00364484
0.00363974
0.00363455
0.0036293
0.00362403
0.0036188
0.00361369
0.00360882
0.00360434
0.00360046
0.00359743
0.00359561
0.00376931
0.00376534
0.00376115
0.0037568
0.00375236
0.00374788
0.0037434
0.00373895
0.00373455
0.0037302
0.00372592
0.0037217
0.00371754
0.00371343
0.00370936
0.00370532
0.00370129
0.00369726
0.00369321
0.00368914
0.00368502
0.00368084
0.00367659
0.00367225
0.00366782
0.00366328
0.00365864
0.00365388
0.00364901
0.00364403
0.00363897
0.00363385
0.0036287
0.00362359
0.00361858
0.0036138
0.00360938
0.00360553
0.00360252
0.00360069
0.00376905
0.00376579
0.0037622
0.00375836
0.00375435
0.00375022
0.00374601
0.00374177
0.00373752
0.00373328
0.00372907
0.00372489
0.00372074
0.00371664
0.00371256
0.0037085
0.00370446
0.00370041
0.00369636
0.00369229
0.00368818
0.00368402
0.0036798
0.00367551
0.00367113
0.00366667
0.0036621
0.00365744
0.00365268
0.00364782
0.00364288
0.00363788
0.00363286
0.00362786
0.00362297
0.00361828
0.00361395
0.00361015
0.00360717
0.00360536
0.00376735
0.00376481
0.00376186
0.00375859
0.00375506
0.00375134
0.00374748
0.00374352
0.0037395
0.00373544
0.00373137
0.00372729
0.00372323
0.00371917
0.00371513
0.00371109
0.00370707
0.00370304
0.003699
0.00369494
0.00369085
0.00368671
0.00368253
0.00367828
0.00367396
0.00366956
0.00366508
0.0036605
0.00365584
0.00365109
0.00364626
0.00364138
0.00363648
0.00363161
0.00362684
0.00362226
0.00361802
0.0036143
0.00361137
0.00360958
0.0037645
0.00376263
0.00376031
0.00375761
0.0037546
0.00375133
0.00374787
0.00374424
0.00374051
0.00373668
0.0037328
0.00372888
0.00372494
0.00372099
0.00371702
0.00371305
0.00370907
0.00370508
0.00370108
0.00369705
0.00369299
0.0036889
0.00368475
0.00368056
0.00367629
0.00367196
0.00366755
0.00366306
0.00365848
0.00365384
0.00364912
0.00364436
0.00363958
0.00363483
0.00363018
0.00362571
0.00362157
0.00361794
0.00361507
0.00361332
0.00376075
0.00375949
0.00375776
0.00375561
0.0037531
0.00375029
0.00374724
0.00374398
0.00374056
0.00373701
0.00373337
0.00372965
0.00372588
0.00372206
0.00371821
0.00371433
0.00371044
0.00370651
0.00370257
0.0036986
0.00369459
0.00369054
0.00368645
0.00368231
0.00367811
0.00367384
0.0036695
0.00366509
0.00366061
0.00365606
0.00365145
0.0036468
0.00364214
0.00363752
0.00363298
0.00362864
0.00362461
0.00362107
0.00361828
0.00361657
0.00375633
0.0037556
0.00375438
0.00375274
0.00375071
0.00374835
0.0037457
0.00374281
0.00373973
0.00373648
0.0037331
0.00372961
0.00372603
0.00372238
0.00371868
0.00371493
0.00371114
0.00370731
0.00370345
0.00369955
0.00369561
0.00369163
0.0036876
0.00368352
0.00367938
0.00367519
0.00367092
0.0036666
0.0036622
0.00365775
0.00365324
0.00364871
0.00364417
0.00363966
0.00363525
0.00363103
0.00362711
0.00362368
0.00362097
0.00361932
0.00375142
0.00375113
0.00375037
0.00374916
0.00374756
0.00374561
0.00374336
0.00374083
0.00373808
0.00373513
0.00373202
0.00372878
0.00372542
0.00372196
0.00371843
0.00371483
0.00371117
0.00370746
0.00370369
0.00369989
0.00369603
0.00369213
0.00368817
0.00368417
0.0036801
0.00367598
0.0036718
0.00366756
0.00366325
0.0036589
0.00365449
0.00365007
0.00364564
0.00364126
0.00363697
0.00363288
0.00362908
0.00362576
0.00362315
0.00362155
0.00374616
0.00374623
0.00374584
0.00374501
0.00374379
0.00374221
0.00374031
0.00373812
0.00373569
0.00373304
0.00373021
0.00372721
0.00372408
0.00372083
0.00371748
0.00371404
0.00371053
0.00370694
0.0037033
0.0036996
0.00369584
0.00369203
0.00368816
0.00368424
0.00368026
0.00367622
0.00367212
0.00366796
0.00366375
0.00365949
0.00365519
0.00365087
0.00364656
0.0036423
0.00363815
0.00363418
0.00363051
0.00362731
0.00362479
0.00362326
0.00374066
0.00374101
0.00374091
0.0037404
0.00373949
0.00373823
0.00373665
0.00373477
0.00373264
0.00373027
0.0037277
0.00372495
0.00372204
0.003719
0.00371584
0.00371257
0.00370922
0.00370578
0.00370226
0.00369868
0.00369503
0.00369132
0.00368755
0.00368371
0.00367982
0.00367587
0.00367186
0.00366779
0.00366368
0.00365952
0.00365533
0.00365112
0.00364693
0.00364279
0.00363877
0.00363493
0.0036314
0.00362832
0.0036259
0.00362444
0.00373498
0.00373553
0.00373566
0.00373539
0.00373475
0.00373376
0.00373245
0.00373085
0.00372898
0.00372687
0.00372454
0.00372203
0.00371934
0.0037165
0.00371353
0.00371045
0.00370725
0.00370396
0.00370058
0.00369713
0.00369359
0.00368999
0.00368632
0.00368259
0.00367879
0.00367493
0.00367102
0.00366705
0.00366303
0.00365898
0.00365489
0.0036508
0.00364673
0.00364273
0.00363883
0.00363514
0.00363174
0.00362879
0.00362648
0.00362509
0.00372914
0.00372983
0.00373013
0.00373006
0.00372963
0.00372886
0.00372778
0.00372641
0.00372478
0.0037229
0.0037208
0.0037185
0.00371602
0.00371338
0.00371059
0.00370768
0.00370464
0.0037015
0.00369827
0.00369494
0.00369153
0.00368804
0.00368448
0.00368086
0.00367716
0.0036734
0.00366959
0.00366572
0.00366181
0.00365786
0.00365389
0.00364992
0.00364598
0.0036421
0.00363835
0.0036348
0.00363154
0.00362872
0.00362653
0.00362521
0.00372315
0.00372393
0.00372435
0.00372442
0.00372415
0.00372357
0.00372268
0.0037215
0.00372007
0.00371839
0.00371649
0.00371439
0.0037121
0.00370965
0.00370704
0.00370429
0.00370141
0.00369842
0.00369532
0.00369213
0.00368885
0.00368548
0.00368203
0.00367852
0.00367493
0.00367128
0.00366757
0.00366381
0.00366001
0.00365617
0.00365232
0.00364848
0.00364467
0.00364093
0.00363733
0.00363392
0.00363081
0.00362813
0.00362606
0.00362482
0.00371701
0.00371784
0.00371834
0.0037185
0.00371836
0.00371791
0.00371717
0.00371616
0.00371489
0.00371339
0.00371167
0.00370974
0.00370762
0.00370534
0.00370289
0.0037003
0.00369758
0.00369473
0.00369177
0.00368871
0.00368555
0.00368231
0.00367898
0.00367558
0.0036721
0.00366857
0.00366497
0.00366133
0.00365764
0.00365393
0.00365021
0.0036465
0.00364283
0.00363925
0.00363579
0.00363254
0.00362959
0.00362705
0.0036251
0.00362394
0.00371071
0.00371155
0.00371208
0.00371232
0.00371225
0.00371191
0.00371129
0.00371041
0.00370928
0.00370793
0.00370635
0.00370458
0.00370262
0.00370048
0.00369819
0.00369575
0.00369317
0.00369046
0.00368764
0.00368471
0.00368168
0.00367856
0.00367536
0.00367207
0.00366872
0.0036653
0.00366183
0.00365831
0.00365475
0.00365117
0.00364759
0.00364403
0.00364051
0.00363708
0.00363379
0.00363071
0.00362792
0.00362554
0.00362371
0.00362263
0.00370426
0.00370509
0.00370563
0.00370589
0.00370588
0.0037056
0.00370507
0.00370429
0.00370328
0.00370204
0.0037006
0.00369896
0.00369713
0.00369514
0.00369298
0.00369068
0.00368824
0.00368567
0.00368298
0.00368018
0.00367728
0.00367429
0.00367121
0.00366806
0.00366483
0.00366155
0.00365821
0.00365482
0.00365141
0.00364798
0.00364455
0.00364114
0.0036378
0.00363454
0.00363143
0.00362852
0.0036259
0.00362368
0.00362198
0.00362099
0.00369773
0.0036985
0.00369901
0.00369928
0.00369929
0.00369905
0.00369858
0.00369788
0.00369695
0.00369582
0.00369448
0.00369296
0.00369125
0.00368938
0.00368736
0.00368518
0.00368287
0.00368043
0.00367788
0.00367522
0.00367245
0.0036696
0.00366666
0.00366364
0.00366056
0.00365741
0.00365422
0.00365099
0.00364774
0.00364447
0.00364121
0.00363799
0.00363482
0.00363176
0.00362884
0.00362612
0.00362369
0.00362163
0.00362007
0.00361916
0.00369123
0.00369192
0.00369238
0.00369261
0.00369262
0.00369239
0.00369195
0.0036913
0.00369044
0.00368939
0.00368814
0.00368671
0.00368512
0.00368336
0.00368146
0.00367941
0.00367723
0.00367492
0.00367251
0.00366998
0.00366736
0.00366466
0.00366187
0.00365901
0.00365608
0.0036531
0.00365008
0.00364703
0.00364395
0.00364088
0.00363781
0.00363479
0.00363183
0.00362898
0.00362627
0.00362376
0.00362152
0.00361964
0.00361822
0.00361741
0.00368502
0.00368559
0.00368596
0.00368613
0.00368609
0.00368586
0.00368542
0.00368479
0.00368398
0.00368298
0.00368181
0.00368047
0.00367897
0.00367732
0.00367553
0.00367361
0.00367156
0.0036694
0.00366713
0.00366476
0.0036623
0.00365976
0.00365714
0.00365445
0.00365171
0.00364893
0.0036461
0.00364325
0.00364039
0.00363753
0.00363469
0.0036319
0.00362918
0.00362656
0.00362408
0.0036218
0.00361977
0.00361808
0.00361681
0.00361609
0.00367951
0.00367992
0.00368015
0.00368022
0.00368011
0.00367983
0.00367937
0.00367874
0.00367795
0.00367699
0.00367588
0.00367462
0.00367321
0.00367167
0.00367
0.00366821
0.0036663
0.00366429
0.00366218
0.00365998
0.0036577
0.00365535
0.00365293
0.00365045
0.00364793
0.00364537
0.00364277
0.00364016
0.00363755
0.00363495
0.00363237
0.00362984
0.00362738
0.00362503
0.00362281
0.00362078
0.00361898
0.00361749
0.00361638
0.00361575
0.00367537
0.00367555
0.0036756
0.00367552
0.0036753
0.00367493
0.00367442
0.00367377
0.00367297
0.00367204
0.00367098
0.00366978
0.00366847
0.00366703
0.00366548
0.00366383
0.00366208
0.00366024
0.00365832
0.00365632
0.00365425
0.00365211
0.00364993
0.0036477
0.00364543
0.00364313
0.00364082
0.00363849
0.00363617
0.00363386
0.00363159
0.00362936
0.00362721
0.00362515
0.00362322
0.00362146
0.00361991
0.00361863
0.00361769
0.00361715
0.00367356
0.00367345
0.00367325
0.00367297
0.00367258
0.00367209
0.00367149
0.00367079
0.00366997
0.00366905
0.00366802
0.00366688
0.00366565
0.00366433
0.00366292
0.00366142
0.00365985
0.0036582
0.00365649
0.00365473
0.0036529
0.00365104
0.00364913
0.00364719
0.00364522
0.00364324
0.00364125
0.00363926
0.00363727
0.00363531
0.00363338
0.0036315
0.00362969
0.00362796
0.00362635
0.00362489
0.00362361
0.00362255
0.00362178
0.00362135
0.00367541
0.00367494
0.00367443
0.00367388
0.00367328
0.00367262
0.00367189
0.0036711
0.00367024
0.0036693
0.0036683
0.00366723
0.00366609
0.00366489
0.00366362
0.0036623
0.00366093
0.00365951
0.00365805
0.00365655
0.00365502
0.00365346
0.00365187
0.00365027
0.00364866
0.00364705
0.00364543
0.00364382
0.00364223
0.00364066
0.00363912
0.00363762
0.00363619
0.00363483
0.00363357
0.00363243
0.00363143
0.00363061
0.00363002
0.00362969
0.0036827
0.00368178
0.00368089
0.00368002
0.00367914
0.00367827
0.00367738
0.00367647
0.00367553
0.00367457
0.00367359
0.00367257
0.00367153
0.00367045
0.00366935
0.00366823
0.00366709
0.00366593
0.00366475
0.00366356
0.00366236
0.00366115
0.00365994
0.00365873
0.00365752
0.00365632
0.00365513
0.00365395
0.0036528
0.00365166
0.00365056
0.00364949
0.00364847
0.0036475
0.00364661
0.00364581
0.00364511
0.00364454
0.00364413
0.0036439
0.00369763
0.00369619
0.00369485
0.0036936
0.0036924
0.00369127
0.00369017
0.00368912
0.00368809
0.00368709
0.00368611
0.00368515
0.0036842
0.00368327
0.00368235
0.00368145
0.00368056
0.00367968
0.00367882
0.00367798
0.00367715
0.00367634
0.00367554
0.00367476
0.003674
0.00367326
0.00367253
0.00367183
0.00367115
0.00367048
0.00366984
0.00366923
0.00366864
0.0036681
0.00366759
0.00366713
0.00366674
0.00366642
0.00366619
0.00366607
0.00372281
0.0037208
0.00371896
0.00371728
0.00371573
0.0037143
0.00371297
0.00371175
0.00371061
0.00370956
0.00370858
0.00370767
0.00370682
0.00370604
0.00370531
0.00370464
0.00370403
0.00370346
0.00370294
0.00370247
0.00370204
0.00370165
0.00370129
0.00370098
0.00370069
0.00370044
0.00370021
0.0037
0.00369981
0.00369964
0.00369948
0.00369933
0.00369919
0.00369906
0.00369894
0.00369884
0.00369874
0.00369867
0.00369862
0.0036986
2.64818e-10
9.03648e-10
1.67384e-09
2.59527e-09
3.68917e-09
4.97825e-09
6.48666e-09
8.23984e-09
1.02645e-08
1.25881e-08
1.52392e-08
1.82464e-08
2.16388e-08
2.54449e-08
2.96925e-08
3.44081e-08
3.96167e-08
4.53407e-08
5.15996e-08
5.84095e-08
6.57826e-08
7.37263e-08
8.22431e-08
9.133e-08
1.00978e-07
1.11173e-07
1.21894e-07
1.33114e-07
1.44799e-07
1.56912e-07
1.69409e-07
1.8224e-07
1.95353e-07
2.08691e-07
2.22195e-07
2.35804e-07
2.49453e-07
2.63081e-07
2.76621e-07
2.90009e-07
2.48011e-10
8.46126e-10
1.5667e-09
2.42786e-09
3.44894e-09
4.65061e-09
6.0548e-09
7.68461e-09
9.56421e-09
1.17186e-08
1.41736e-08
1.69552e-08
2.00897e-08
2.3603e-08
2.75205e-08
3.18663e-08
3.66633e-08
4.19321e-08
4.76909e-08
5.3955e-08
6.07359e-08
6.80414e-08
7.58747e-08
8.42345e-08
9.31142e-08
1.02502e-07
1.1238e-07
1.22727e-07
1.33514e-07
1.44707e-07
1.5627e-07
1.68158e-07
1.80326e-07
1.92724e-07
2.05299e-07
2.17995e-07
2.30756e-07
2.43525e-07
2.56243e-07
2.68849e-07
2.31603e-10
7.89962e-10
1.46205e-09
2.2643e-09
3.21417e-09
4.3303e-09
5.63245e-09
7.14143e-09
8.87896e-09
1.08676e-08
1.31303e-08
1.56907e-08
1.85722e-08
2.17984e-08
2.53919e-08
2.93747e-08
3.37675e-08
3.85891e-08
4.38563e-08
4.95832e-08
5.5781e-08
6.24573e-08
6.96162e-08
7.72574e-08
8.53763e-08
9.39635e-08
1.03005e-07
1.12482e-07
1.22372e-07
1.32645e-07
1.43269e-07
1.54208e-07
1.65421e-07
1.76865e-07
1.88492e-07
2.00255e-07
2.12103e-07
2.23984e-07
2.35847e-07
2.47636e-07
2.15768e-10
7.35746e-10
1.361e-09
2.10629e-09
2.98726e-09
4.02056e-09
5.22385e-09
6.61567e-09
8.21536e-09
1.0043e-08
1.2119e-08
1.44644e-08
1.71002e-08
2.0047e-08
2.33254e-08
2.69549e-08
3.09541e-08
3.534e-08
4.01278e-08
4.53306e-08
5.09589e-08
5.70203e-08
6.35189e-08
7.04558e-08
7.78277e-08
8.56278e-08
9.38449e-08
1.02464e-07
1.11465e-07
1.20825e-07
1.30516e-07
1.40507e-07
1.50764e-07
1.61248e-07
1.71921e-07
1.82738e-07
1.93657e-07
2.04632e-07
2.15616e-07
2.26562e-07
2.00711e-10
6.84181e-10
1.26486e-09
1.95586e-09
2.77109e-09
3.72529e-09
4.83404e-09
6.11372e-09
7.58137e-09
9.25463e-09
1.11516e-08
1.32906e-08
1.56902e-08
1.83686e-08
2.13439e-08
2.46333e-08
2.82534e-08
3.22194e-08
3.65449e-08
4.12418e-08
4.63198e-08
5.17862e-08
5.76455e-08
6.38992e-08
7.05458e-08
7.75801e-08
8.49936e-08
9.27741e-08
1.00906e-07
1.0937e-07
1.18143e-07
1.27199e-07
1.36509e-07
1.46042e-07
1.55763e-07
1.65636e-07
1.75623e-07
1.85684e-07
1.95779e-07
2.05867e-07
1.86677e-10
6.36103e-10
1.17516e-09
1.81542e-09
2.56908e-09
3.44907e-09
4.46902e-09
5.64318e-09
6.98643e-09
8.51411e-09
1.02419e-08
1.21859e-08
1.43619e-08
1.67861e-08
1.94741e-08
2.2441e-08
2.57012e-08
2.92681e-08
3.31538e-08
3.7369e-08
4.19226e-08
4.68213e-08
5.20698e-08
5.76702e-08
6.36217e-08
6.99212e-08
7.65621e-08
8.35352e-08
9.08279e-08
9.84248e-08
1.06308e-07
1.14455e-07
1.22843e-07
1.31445e-07
1.40232e-07
1.49175e-07
1.58241e-07
1.67397e-07
1.76608e-07
1.85839e-07
1.73958e-10
5.92511e-10
1.09376e-09
1.68782e-09
2.38531e-09
3.19742e-09
4.13593e-09
5.21314e-09
6.44184e-09
7.8352e-09
9.40671e-09
1.11701e-08
1.3139e-08
1.53272e-08
1.77482e-08
2.04149e-08
2.33399e-08
2.65346e-08
3.00098e-08
3.37748e-08
3.78376e-08
4.22045e-08
4.68799e-08
5.18663e-08
5.7164e-08
6.27709e-08
6.86825e-08
7.48918e-08
8.13893e-08
8.81631e-08
9.51984e-08
1.02478e-07
1.09984e-07
1.17694e-07
1.25584e-07
1.3363e-07
1.41806e-07
1.50083e-07
1.58434e-07
1.66829e-07
1.62905e-10
5.54601e-10
1.02288e-09
1.57651e-09
2.22465e-09
2.97691e-09
3.84336e-09
4.83447e-09
5.96112e-09
7.23447e-09
8.66595e-09
1.02671e-08
1.20496e-08
1.4025e-08
1.62047e-08
1.85998e-08
2.12207e-08
2.40775e-08
2.71793e-08
3.05342e-08
3.41492e-08
3.80302e-08
4.21812e-08
4.66051e-08
5.13025e-08
5.62727e-08
6.15127e-08
6.70175e-08
7.27801e-08
7.87916e-08
8.50407e-08
9.15145e-08
9.81978e-08
1.05074e-07
1.12125e-07
1.1933e-07
1.26668e-07
1.34117e-07
1.41655e-07
1.49258e-07
1.53941e-10
5.23814e-10
9.65182e-10
1.48563e-09
2.093e-09
2.7955e-09
3.60165e-09
4.52031e-09
5.56061e-09
6.73193e-09
8.04381e-09
9.50592e-09
1.1128e-08
1.29196e-08
1.48903e-08
1.70493e-08
1.94056e-08
2.19673e-08
2.47424e-08
2.77378e-08
3.09596e-08
3.44129e-08
3.81017e-08
4.20286e-08
4.6195e-08
5.06008e-08
5.52444e-08
6.01225e-08
6.52303e-08
7.05614e-08
7.61076e-08
8.18592e-08
8.78049e-08
9.39321e-08
1.00227e-07
1.06673e-07
1.13256e-07
1.19956e-07
1.26758e-07
1.33644e-07
1.47574e-10
5.01891e-10
9.239e-10
1.42018e-09
1.99749e-09
2.6628e-09
3.42335e-09
4.28659e-09
5.26017e-09
6.3519e-09
7.56972e-09
8.92163e-09
1.04157e-08
1.20598e-08
1.38619e-08
1.58295e-08
1.79702e-08
2.02907e-08
2.27977e-08
2.54971e-08
2.8394e-08
3.14931e-08
3.47979e-08
3.83111e-08
4.20345e-08
4.59684e-08
5.01124e-08
5.44647e-08
5.90221e-08
6.37803e-08
6.87338e-08
7.38758e-08
7.91982e-08
8.46918e-08
9.03464e-08
9.61508e-08
1.02093e-07
1.0816e-07
1.1434e-07
1.20619e-07
1.44425e-10
4.90948e-10
9.02955e-10
1.38627e-09
1.94678e-09
2.59054e-09
3.32375e-09
4.15277e-09
5.08404e-09
6.12415e-09
7.27971e-09
8.55741e-09
9.9639e-09
1.15058e-08
1.31896e-08
1.50216e-08
1.70079e-08
1.91545e-08
2.14666e-08
2.39494e-08
2.66074e-08
2.94445e-08
3.24641e-08
3.56688e-08
3.90605e-08
4.26402e-08
4.64081e-08
5.03636e-08
5.4505e-08
5.88297e-08
6.33343e-08
6.80143e-08
7.28644e-08
7.78783e-08
8.3049e-08
8.83686e-08
9.38289e-08
9.9421e-08
1.05136e-07
1.10967e-07
1.45248e-10
4.93563e-10
9.07132e-10
1.39132e-09
1.95148e-09
2.59306e-09
3.3216e-09
4.1427e-09
5.06202e-09
6.08528e-09
7.21819e-09
8.46648e-09
9.83585e-09
1.13319e-08
1.29602e-08
1.47261e-08
1.66349e-08
1.86914e-08
2.09004e-08
2.32663e-08
2.5793e-08
2.84841e-08
3.13428e-08
3.43716e-08
3.75725e-08
4.0947e-08
4.4496e-08
4.82195e-08
5.2117e-08
5.61873e-08
6.04285e-08
6.4838e-08
6.94126e-08
7.41481e-08
7.90402e-08
8.40837e-08
8.92731e-08
9.46026e-08
1.00067e-07
1.05661e-07
1.50967e-10
5.12891e-10
9.42288e-10
1.44444e-09
2.02457e-09
2.68796e-09
3.43992e-09
4.28576e-09
5.23084e-09
6.2805e-09
7.44005e-09
8.71479e-09
1.01099e-08
1.16307e-08
1.3282e-08
1.50688e-08
1.69959e-08
1.90678e-08
2.12887e-08
2.36628e-08
2.61937e-08
2.88849e-08
3.17394e-08
3.47597e-08
3.79482e-08
4.13066e-08
4.4836e-08
4.85373e-08
5.24106e-08
5.64557e-08
6.06717e-08
6.50572e-08
6.96103e-08
7.43286e-08
7.92092e-08
8.42486e-08
8.94433e-08
9.47896e-08
1.00284e-07
1.05925e-07
1.62712e-10
5.52795e-10
1.0156e-09
1.55681e-09
2.18203e-09
2.89691e-09
3.70708e-09
4.61819e-09
5.63589e-09
6.76578e-09
8.01341e-09
9.38429e-09
1.08838e-08
1.25173e-08
1.429e-08
1.62069e-08
1.82728e-08
2.04923e-08
2.287e-08
2.54098e-08
2.81158e-08
3.09913e-08
3.40397e-08
3.72637e-08
4.06656e-08
4.42476e-08
4.80111e-08
5.19572e-08
5.60864e-08
6.0399e-08
6.48944e-08
6.95718e-08
7.44298e-08
7.94666e-08
8.46797e-08
9.00665e-08
9.56239e-08
1.01349e-07
1.07239e-07
1.13293e-07
1.81869e-10
6.18012e-10
1.13588e-09
1.74215e-09
2.44348e-09
3.24654e-09
4.15805e-09
5.18474e-09
6.33331e-09
7.61046e-09
9.0228e-09
1.05769e-08
1.22791e-08
1.41359e-08
1.61533e-08
1.83372e-08
2.06934e-08
2.32274e-08
2.59442e-08
2.88489e-08
3.19457e-08
3.52389e-08
3.87321e-08
4.24284e-08
4.63306e-08
5.04408e-08
5.47607e-08
5.92915e-08
6.40335e-08
6.89866e-08
7.41502e-08
7.95228e-08
8.51026e-08
9.08871e-08
9.6873e-08
1.03057e-07
1.09434e-07
1.16002e-07
1.22755e-07
1.29692e-07
3.08114e-07
3.30346e-07
3.51449e-07
3.71174e-07
3.89324e-07
4.05742e-07
4.20321e-07
4.3299e-07
4.43718e-07
4.52506e-07
4.59384e-07
4.64406e-07
4.67648e-07
4.69204e-07
4.69183e-07
4.67712e-07
4.64929e-07
4.6099e-07
4.56061e-07
4.50328e-07
4.43988e-07
4.37255e-07
4.30354e-07
4.23524e-07
4.17009e-07
4.11061e-07
4.05934e-07
4.01892e-07
3.99231e-07
3.98362e-07
4.00017e-07
4.05713e-07
4.18698e-07
4.45653e-07
4.99338e-07
6.02055e-07
7.89038e-07
1.10998e-06
1.62619e-06
2.40138e-06
3.48606e-06
4.89911e-06
6.61267e-06
8.54741e-06
1.05818e-05
1.25736e-05
1.43869e-05
1.59179e-05
1.71083e-05
1.79475e-05
1.84654e-05
1.87198e-05
1.87825e-05
1.8728e-05
1.86242e-05
1.85279e-05
1.84831e-05
1.85215e-05
1.86632e-05
1.89193e-05
1.92935e-05
1.97839e-05
2.03838e-05
2.10833e-05
2.18698e-05
2.27287e-05
2.36441e-05
2.45995e-05
2.55791e-05
2.65676e-05
2.75521e-05
2.85221e-05
2.94705e-05
3.03942e-05
3.12944e-05
3.21772e-05
3.30535e-05
3.39389e-05
3.48538e-05
3.58215e-05
3.68718e-05
3.8037e-05
3.93521e-05
4.08556e-05
4.25922e-05
4.4621e-05
4.70339e-05
4.9995e-05
5.38132e-05
5.90637e-05
6.67646e-05
7.85941e-05
9.70848e-05
0.000125682
0.000168511
0.000229719
0.00031241
0.000417353
0.000541907
0.000679626
0.000820867
0.000954345
0.00106918
0.00115697
0.00121307
0.00123684
0.00123116
0.00120133
0.00115382
0.00109532
0.00103181
0.000968139
0.0009079
0.000853457
0.000806162
0.000766566
0.000734668
0.000710117
0.000692368
0.000680788
0.000674736
0.000673599
0.000676823
0.000683934
0.000694553
0.000708404
0.000725327
0.000745283
0.000768368
0.000794825
0.000825048
0.000859595
0.000899189
0.00094472
0.00099723
0.0010579
0.00112792
0.00120874
0.00130176
0.00140832
0.00152965
0.00166675
0.00182035
0.00199079
0.0021779
0.00238099
0.00259864
0.00282872
0.00306817
0.00331295
0.00355786
0.00379648
0.00402125
0.00422374
0.00439519
0.00452745
0.00461398
0.0046509
0.00463769
0.00457745
0.00447652
0.00434355
0.00418842
0.00402107
0.00385055
0.00368435
0.00352815
0.00338574
0.00325918
0.00314913
0.00305525
0.00297645
0.00291129
0.00285816
0.00281546
0.00278172
0.00275562
0.00273606
0.00272208
0.00271294
0.00270805
0.00270694
0.00270931
0.00271496
0.00272381
0.0027359
0.00275141
0.00277061
0.00279392
0.00282186
0.00285509
0.0028944
0.00294061
0.00299467
0.00305763
0.00313052
0.00321437
0.0033101
0.00341846
0.00354
0.00367489
0.00382276
0.00398244
0.00415164
0.00432653
0.00450134
0.00466816
0.00481726
0.00493808
0.00502108
0.00505994
0.00505343
0.00500612
0.00492751
0.00482948
0.00472336
0.00461798
0.00451883
0.00442844
0.00434723
0.00427453
0.00420933
0.00415065
0.00409778
0.0040502
0.00400751
0.00396941
0.00393561
0.00390582
0.00387973
0.00385702
0.00383735
0.00382039
0.00380584
0.00379341
0.00378282
0.00377382
0.00376619
0.00375972
0.00375424
2.85945e-07
3.0703e-07
3.27149e-07
3.46062e-07
3.63575e-07
3.79532e-07
3.93817e-07
4.06354e-07
4.17101e-07
4.2605e-07
4.33223e-07
4.38664e-07
4.42443e-07
4.44646e-07
4.45381e-07
4.44768e-07
4.42945e-07
4.40064e-07
4.36289e-07
4.31801e-07
4.26793e-07
4.21469e-07
4.16046e-07
4.10748e-07
4.05803e-07
4.01444e-07
3.97903e-07
3.95416e-07
3.94254e-07
3.94795e-07
3.97729e-07
4.04514e-07
4.18304e-07
4.45625e-07
4.98997e-07
6.00386e-07
7.84662e-07
1.10129e-06
1.61179e-06
2.38093e-06
3.46154e-06
4.87608e-06
6.6012e-06
8.56204e-06
1.06403e-05
1.26946e-05
1.45871e-05
1.62087e-05
1.74944e-05
1.84264e-05
1.90279e-05
1.93515e-05
1.94659e-05
1.9444e-05
1.9354e-05
1.92542e-05
1.91906e-05
1.91972e-05
1.92967e-05
1.95024e-05
1.98198e-05
2.02488e-05
2.07845e-05
2.14184e-05
2.21394e-05
2.29346e-05
2.37897e-05
2.46902e-05
2.56219e-05
2.65714e-05
2.75275e-05
2.84813e-05
2.9427e-05
3.03627e-05
3.12903e-05
3.22162e-05
3.31513e-05
3.41106e-05
3.51135e-05
3.61822e-05
3.73437e-05
3.86275e-05
4.00653e-05
4.16917e-05
4.35473e-05
4.56864e-05
4.81964e-05
5.12367e-05
5.51115e-05
6.03907e-05
6.80877e-05
7.98767e-05
9.82935e-05
0.000126803
0.000169582
0.000230891
0.000314018
0.000419999
0.000546514
0.000687435
0.000833342
0.000973001
0.00109537
0.00119161
0.00125651
0.0012888
0.00129076
0.00126722
0.00122441
0.00116887
0.00110665
0.00104281
0.000981189
0.000924462
0.000874272
0.000831435
0.000796172
0.000768307
0.000747428
0.000733
0.000724448
0.00072121
0.000722765
0.00072867
0.00073857
0.000752216
0.000769469
0.000790314
0.000814869
0.000843388
0.000876274
0.000914079
0.000957505
0.0010074
0.00106474
0.00113062
0.00120615
0.00129259
0.00139115
0.00150298
0.00162907
0.00177022
0.00192691
0.00209928
0.00228698
0.00248918
0.00270443
0.00293059
0.00316474
0.00340305
0.00364065
0.00387159
0.00408884
0.00428457
0.00445063
0.00457937
0.00466458
0.00470247
0.0046923
0.00463672
0.00454142
0.00441434
0.00426466
0.00410176
0.00393431
0.00376963
0.00361339
0.00346952
0.00334034
0.00322683
0.00312891
0.00304581
0.00297632
0.00291901
0.00287242
0.00283518
0.002806
0.00278381
0.00276767
0.00275684
0.0027507
0.0027488
0.00275083
0.00275658
0.00276598
0.00277907
0.00279601
0.00281708
0.00284267
0.00287329
0.00290955
0.00295216
0.0030019
0.00305961
0.00312621
0.00320259
0.0032896
0.003388
0.00349836
0.00362107
0.00375611
0.003903
0.00406048
0.00422624
0.00439647
0.00456554
0.00472578
0.00486776
0.00498136
0.00505747
0.00509022
0.00507874
0.00502783
0.00494706
0.00484822
0.00474241
0.00463818
0.00454073
0.00445229
0.00437305
0.00430217
0.0042385
0.00418103
0.004129
0.00408189
0.00403935
0.0040011
0.0039669
0.00393651
0.00390966
0.00388607
0.00386546
0.00384753
0.00383202
0.00381864
0.00380715
0.00379732
0.00378892
0.00378178
0.00377571
2.6367e-07
2.83536e-07
3.02592e-07
3.20617e-07
3.37419e-07
3.52844e-07
3.66776e-07
3.79132e-07
3.89864e-07
3.98956e-07
4.06419e-07
4.12292e-07
4.16636e-07
4.19531e-07
4.21079e-07
4.21396e-07
4.20614e-07
4.18881e-07
4.16356e-07
4.13213e-07
4.09636e-07
4.05822e-07
4.01971e-07
3.98293e-07
3.94998e-07
3.92297e-07
3.90399e-07
3.89514e-07
3.89884e-07
3.91855e-07
3.96076e-07
4.0395e-07
4.1854e-07
4.46225e-07
4.99295e-07
5.994e-07
7.81068e-07
1.09356e-06
1.59865e-06
2.36223e-06
3.43948e-06
4.85655e-06
6.59473e-06
8.58386e-06
1.07091e-05
1.28304e-05
1.4808e-05
1.6528e-05
1.79185e-05
1.89542e-05
1.96513e-05
2.00566e-05
2.0235e-05
2.02574e-05
2.01917e-05
2.00975e-05
2.00226e-05
2.00036e-05
2.00656e-05
2.02242e-05
2.04875e-05
2.08571e-05
2.13302e-05
2.18999e-05
2.25571e-05
2.32905e-05
2.40877e-05
2.49361e-05
2.58233e-05
2.67377e-05
2.76699e-05
2.86125e-05
2.95611e-05
3.05146e-05
3.14758e-05
3.24511e-05
3.34511e-05
3.44903e-05
3.55866e-05
3.67607e-05
3.80369e-05
3.94413e-05
4.10021e-05
4.27499e-05
4.47209e-05
4.6965e-05
4.95651e-05
5.2676e-05
5.65977e-05
6.18957e-05
6.95793e-05
8.13211e-05
9.96618e-05
0.000128089
0.000170839
0.000232288
0.000315917
0.000423041
0.000551677
0.000696031
0.000846932
0.000993223
0.00112371
0.00122916
0.00130377
0.00134563
0.00135638
0.00134035
0.00130342
0.00125198
0.0011921
0.00112899
0.00106675
0.00100832
0.000955662
0.000909874
0.000871421
0.000840331
0.00081635
0.000799065
0.000787995
0.000782643
0.000782541
0.000787284
0.000796551
0.00081012
0.000827877
0.000849826
0.0008761
0.000906959
0.000942802
0.000984163
0.00103171
0.00108622
0.00114861
0.00121984
0.00130092
0.00139291
0.00149684
0.00161364
0.00174408
0.00188872
0.00204783
0.00222135
0.00240879
0.0026092
0.0028211
0.0030424
0.00327031
0.00350123
0.00373067
0.00395311
0.0041621
0.0043504
0.00451048
0.00463521
0.00471875
0.00475739
0.00475025
0.00469951
0.00461024
0.00448964
0.00434619
0.00418865
0.00402525
0.00386308
0.00370775
0.00356329
0.00343223
0.00331583
0.00321431
0.0031272
0.00305354
0.0029921
0.00294161
0.00290077
0.0028684
0.00284346
0.00282505
0.00281242
0.00280498
0.00280226
0.00280395
0.00280985
0.00281987
0.00283405
0.00285254
0.0028756
0.0029036
0.00293699
0.00297634
0.00302229
0.00307553
0.00313679
0.00320684
0.00328642
0.00337621
0.00347681
0.00358861
0.00371182
0.00384631
0.00399145
0.00414593
0.00430742
0.00447219
0.00463473
0.00478763
0.0049218
0.00502753
0.0050962
0.00512238
0.00510557
0.00505082
0.00496774
0.00486804
0.0047626
0.00465965
0.00456408
0.00447783
0.00440083
0.00433205
0.00427021
0.00421424
0.00416333
0.00411696
0.00407481
0.00403664
0.00400225
0.00397143
0.00394397
0.00391964
0.0038982
0.00387939
0.00386297
0.0038487
0.00383635
0.0038257
0.00381657
0.00380876
0.00380211
2.41494e-07
2.60081e-07
2.78013e-07
2.95082e-07
3.11109e-07
3.25943e-07
3.39469e-07
3.51602e-07
3.62288e-07
3.71505e-07
3.79258e-07
3.85577e-07
3.90515e-07
3.94148e-07
3.96568e-07
3.97885e-07
3.98225e-07
3.97728e-07
3.96546e-07
3.94844e-07
3.92795e-07
3.90582e-07
3.8839e-07
3.86412e-07
3.84836e-07
3.83851e-07
3.83641e-07
3.84389e-07
3.86309e-07
3.89715e-07
3.95218e-07
4.04166e-07
4.19538e-07
4.47574e-07
5.00347e-07
5.99215e-07
7.78392e-07
1.08698e-06
1.58705e-06
2.34567e-06
3.42045e-06
4.84132e-06
6.59438e-06
8.61437e-06
1.07903e-05
1.29835e-05
1.5053e-05
1.68799e-05
1.83859e-05
1.95376e-05
2.03438e-05
2.08453e-05
2.11023e-05
2.11832e-05
2.11552e-05
2.10785e-05
2.1003e-05
2.09672e-05
2.0999e-05
2.11168e-05
2.13308e-05
2.16452e-05
2.20592e-05
2.25682e-05
2.31648e-05
2.38399e-05
2.45831e-05
2.53835e-05
2.62308e-05
2.71153e-05
2.80292e-05
2.89665e-05
2.99242e-05
3.09021e-05
3.19032e-05
3.29342e-05
3.40052e-05
3.51295e-05
3.63235e-05
3.7606e-05
3.89982e-05
4.05231e-05
4.22048e-05
4.40699e-05
4.61502e-05
4.84911e-05
5.11711e-05
5.43412e-05
5.82973e-05
6.36015e-05
7.12605e-05
8.29468e-05
0.000101209
0.000129563
0.000172307
0.00023394
0.000318151
0.00042654
0.000557478
0.000705525
0.000861785
0.0010152
0.00115446
0.00126994
0.00135527
0.00140786
0.00142869
0.00142155
0.00139191
0.00134595
0.00128971
0.00122849
0.00116662
0.00110733
0.00105287
0.00100464
0.000963367
0.000929309
0.000902401
0.00088238
0.000868879
0.000861491
0.000859816
0.000863503
0.00087227
0.000885928
0.000904387
0.000927669
0.000955913
0.000989375
0.00102844
0.0010736
0.00112548
0.00118477
0.00125229
0.00132886
0.00141537
0.00151268
0.0016216
0.00174285
0.00187699
0.00202434
0.00218499
0.00235868
0.00254481
0.00274234
0.00294979
0.00316513
0.00338572
0.00360824
0.00382854
0.0040416
0.0042415
0.00442164
0.0045751
0.0046953
0.00477676
0.00481592
0.00481176
0.00476604
0.00468319
0.00456971
0.00443332
0.00428214
0.00412391
0.00396541
0.00381214
0.00366815
0.00353617
0.00341768
0.00331322
0.00322259
0.00314509
0.00307975
0.00302545
0.00298105
0.00294548
0.00291775
0.00289701
0.00288253
0.00287375
0.0028702
0.00287157
0.00287764
0.00288834
0.00290368
0.0029238
0.00294893
0.00297938
0.00301558
0.003058
0.0031072
0.00316377
0.00322832
0.00330147
0.00338379
0.00347582
0.00357796
0.00369047
0.00381337
0.00394642
0.0040889
0.00423945
0.00439574
0.00455412
0.00470927
0.004854
0.0049796
0.00507679
0.00513742
0.00515653
0.00513401
0.00507515
0.00498962
0.00488902
0.004784
0.00468248
0.004589
0.00450519
0.00443072
0.00436435
0.00430467
0.00425052
0.00420105
0.00415575
0.0041143
0.00407648
0.00404215
0.00401113
0.00398328
0.00395839
0.00393627
0.00391671
0.00389949
0.00388442
0.00387128
0.00385988
0.00385005
0.00384161
0.0038344
2.19672e-07
2.36942e-07
2.53704e-07
2.69769e-07
2.8497e-07
2.99166e-07
3.12244e-07
3.24119e-07
3.34737e-07
3.44069e-07
3.52115e-07
3.58898e-07
3.64464e-07
3.68879e-07
3.72229e-07
3.74616e-07
3.76156e-07
3.7698e-07
3.7723e-07
3.77058e-07
3.76623e-07
3.76093e-07
3.75635e-07
3.75421e-07
3.75619e-07
3.76391e-07
3.77895e-07
3.8029e-07
3.83758e-07
3.88585e-07
3.95344e-07
4.05333e-07
4.21453e-07
4.49813e-07
5.02288e-07
5.99969e-07
7.76791e-07
1.08175e-06
1.57727e-06
2.33169e-06
3.4051e-06
4.83134e-06
6.60145e-06
8.65532e-06
1.0886e-05
1.31568e-05
1.53255e-05
1.72691e-05
1.89021e-05
2.01837e-05
2.11147e-05
2.17291e-05
2.2082e-05
2.22387e-05
2.22652e-05
2.22217e-05
2.21596e-05
2.21197e-05
2.21324e-05
2.22186e-05
2.23916e-05
2.26579e-05
2.30193e-05
2.34735e-05
2.40153e-05
2.46378e-05
2.53326e-05
2.6091e-05
2.69046e-05
2.77657e-05
2.86679e-05
2.96069e-05
3.05805e-05
3.15894e-05
3.26369e-05
3.37295e-05
3.48765e-05
3.60899e-05
3.73843e-05
3.87761e-05
4.02834e-05
4.19255e-05
4.37229e-05
4.56978e-05
4.78776e-05
5.03035e-05
5.30499e-05
5.62642e-05
6.02389e-05
6.5534e-05
7.31545e-05
8.47756e-05
0.000102957
0.000131246
0.000174013
0.000235887
0.000320769
0.000430566
0.000564012
0.000716046
0.00087807
0.00103916
0.0011879
0.00131431
0.00141146
0.00147607
0.00150845
0.00151177
0.00149106
0.00145222
0.00140119
0.00134334
0.00128316
0.00122416
0.00116888
0.001119
0.00107555
0.00103902
0.00100958
0.000987125
0.000971437
0.000962221
0.000959164
0.000961982
0.000970444
0.000984398
0.00100378
0.00102862
0.00105906
0.00109534
0.00113781
0.00118692
0.00124321
0.00130729
0.00137984
0.00146155
0.00155314
0.00165527
0.00176855
0.00189348
0.00203039
0.00217943
0.00234047
0.00251311
0.00269666
0.00289001
0.00309171
0.00329982
0.00351189
0.00372486
0.00393496
0.00413764
0.00432756
0.00449873
0.00464487
0.00475995
0.0048389
0.00487831
0.00487706
0.00483652
0.00476052
0.00465482
0.00452639
0.00438268
0.00423087
0.00407737
0.0039275
0.0037853
0.00365359
0.0035341
0.00342761
0.0033342
0.00325346
0.00318464
0.00312684
0.00307909
0.00304044
0.00300998
0.00298694
0.00297065
0.00296053
0.00295616
0.00295722
0.0029635
0.00297491
0.00299144
0.0030132
0.00304037
0.00307323
0.00311212
0.00315744
0.00320964
0.0032692
0.00333659
0.00341228
0.0034967
0.0035902
0.00369303
0.00380529
0.00392689
0.00405745
0.00419621
0.00434175
0.00449178
0.00464276
0.00478953
0.0049252
0.00504141
0.00512932
0.00518128
0.0051928
0.00516416
0.00510089
0.00501275
0.00491121
0.00480668
0.00470673
0.00461557
0.00453449
0.00446286
0.00439926
0.00434211
0.00429015
0.00424251
0.00419864
0.00415823
0.00412111
0.00408715
0.00405624
0.00402826
0.00400305
0.00398047
0.00396034
0.0039425
0.00392675
0.00391294
0.00390089
0.00389044
0.00388143
0.00387373
1.98513e-07
2.14453e-07
2.30024e-07
2.45059e-07
2.59406e-07
2.72936e-07
2.85541e-07
2.97141e-07
3.07679e-07
3.17127e-07
3.25477e-07
3.32747e-07
3.38976e-07
3.44221e-07
3.48559e-07
3.52082e-07
3.54895e-07
3.57118e-07
3.58878e-07
3.60313e-07
3.61566e-07
3.62785e-07
3.64118e-07
3.65714e-07
3.67717e-07
3.70264e-07
3.73486e-07
3.77515e-07
3.82506e-07
3.88714e-07
3.9668e-07
4.07654e-07
4.24465e-07
4.53106e-07
5.05273e-07
6.01817e-07
7.76448e-07
1.0781e-06
1.56967e-06
2.32078e-06
3.39417e-06
4.82768e-06
6.61746e-06
8.70875e-06
1.0999e-05
1.33537e-05
1.56299e-05
1.77007e-05
1.9474e-05
2.0901e-05
2.19744e-05
2.2721e-05
2.31903e-05
2.34436e-05
2.35451e-05
2.35546e-05
2.35246e-05
2.34977e-05
2.35068e-05
2.35755e-05
2.372e-05
2.39495e-05
2.42685e-05
2.46772e-05
2.51731e-05
2.57515e-05
2.64062e-05
2.71309e-05
2.7919e-05
2.87646e-05
2.96631e-05
3.06114e-05
3.16084e-05
3.2655e-05
3.37549e-05
3.4914e-05
3.61405e-05
3.7445e-05
3.88398e-05
4.03388e-05
4.19568e-05
4.37096e-05
4.56134e-05
4.76864e-05
4.99517e-05
5.24465e-05
5.52415e-05
5.84809e-05
6.2455e-05
6.77219e-05
7.52877e-05
8.6832e-05
0.00010493
0.000133167
0.000175989
0.000238169
0.000323831
0.000435199
0.000571392
0.000727746
0.000895986
0.00106535
0.00122434
0.00136269
0.00147287
0.00155094
0.0015965
0.00161207
0.00160218
0.00157239
0.00152848
0.00147582
0.00141904
0.00136186
0.00130711
0.00125675
0.0012121
0.00117393
0.00114262
0.00111829
0.00110088
0.00109022
0.00108612
0.00108837
0.0010968
0.0011113
0.00113184
0.00115844
0.00119125
0.00123048
0.00127643
0.00132949
0.00139009
0.00145874
0.00153598
0.00162234
0.00171836
0.00182452
0.0019412
0.00206871
0.00220717
0.00235653
0.00251653
0.00268664
0.00286607
0.00305373
0.00324818
0.00344762
0.00364979
0.00385193
0.00405064
0.00424185
0.0044208
0.00458213
0.0047202
0.00482954
0.00490548
0.00494484
0.0049464
0.0049112
0.00484246
0.00474524
0.00462575
0.0044907
0.0043467
0.00419972
0.00405482
0.00391597
0.00378605
0.00366693
0.00355963
0.00346451
0.0033814
0.00330982
0.00324909
0.00319841
0.00315698
0.00312403
0.00309886
0.00308085
0.00306948
0.00306434
0.00306512
0.00307161
0.00308371
0.00310138
0.00312468
0.00315376
0.00318883
0.00323013
0.00327799
0.00333272
0.0033947
0.00346424
0.00354168
0.00362728
0.00372125
0.00382367
0.00393453
0.00405361
0.00418046
0.00431424
0.00445355
0.00459614
0.00473859
0.00487593
0.00500155
0.00510748
0.00518532
0.00522793
0.0052313
0.00519611
0.00512814
0.00503721
0.00493469
0.00483071
0.00473251
0.00464391
0.00456585
0.00449744
0.00443698
0.00438276
0.00433342
0.00428803
0.00424601
0.00420707
0.00417105
0.00413786
0.00410741
0.00407963
0.00405442
0.00403166
0.00401122
0.00399297
0.00397676
0.00396245
0.0039499
0.00393895
0.00392949
0.00392137
1.78394e-07
1.93024e-07
2.07417e-07
2.21427e-07
2.34921e-07
2.47782e-07
2.59914e-07
2.7124e-07
2.81707e-07
2.91284e-07
2.99961e-07
3.0775e-07
3.14682e-07
3.20807e-07
3.26189e-07
3.3091e-07
3.35062e-07
3.38749e-07
3.42084e-07
3.45186e-07
3.4818e-07
3.51192e-07
3.54349e-07
3.57773e-07
3.61584e-07
3.65893e-07
3.70805e-07
3.76424e-07
3.8288e-07
3.904e-07
3.99493e-07
4.11367e-07
4.28789e-07
4.57646e-07
5.0948e-07
6.04942e-07
7.77567e-07
1.07632e-06
1.56462e-06
2.31355e-06
3.38855e-06
4.83163e-06
6.64421e-06
8.77708e-06
1.11324e-05
1.35783e-05
1.59713e-05
1.81812e-05
2.01093e-05
2.1699e-05
2.29347e-05
2.38357e-05
2.44451e-05
2.48198e-05
2.50213e-05
2.51086e-05
2.51346e-05
2.51434e-05
2.517e-05
2.52408e-05
2.53746e-05
2.55838e-05
2.58755e-05
2.62529e-05
2.67159e-05
2.72624e-05
2.78888e-05
2.85908e-05
2.93639e-05
3.02041e-05
3.11083e-05
3.20744e-05
3.31021e-05
3.41929e-05
3.53501e-05
3.65788e-05
3.78862e-05
3.92809e-05
4.07729e-05
4.23732e-05
4.40934e-05
4.59453e-05
4.79415e-05
5.00958e-05
5.24275e-05
5.497e-05
5.7791e-05
6.10318e-05
6.49813e-05
7.01976e-05
7.76889e-05
8.91431e-05
0.000107156
0.000135354
0.000178272
0.000240834
0.000327404
0.000440534
0.000579749
0.000740802
0.000915768
0.00109407
0.00126419
0.00141555
0.00154009
0.00163321
0.00169376
0.0017236
0.00172669
0.0017082
0.00167368
0.00162845
0.00157719
0.00152382
0.0014714
0.00142218
0.00137774
0.00133915
0.00130702
0.0012817
0.00126332
0.00125186
0.00124725
0.00124938
0.00125815
0.00127351
0.00129544
0.00132398
0.00135925
0.00140142
0.00145075
0.00150752
0.00157207
0.00164479
0.00172605
0.00181623
0.00191568
0.00202468
0.00214343
0.00227204
0.00241044
0.00255843
0.00271561
0.00288138
0.0030549
0.00323508
0.00342058
0.00360971
0.00380045
0.00399032
0.00417633
0.00435489
0.0045218
0.00467234
0.00480151
0.00490441
0.00497683
0.0050158
0.00502006
0.00499033
0.00492929
0.00484128
0.00473175
0.00460668
0.00447201
0.00433325
0.00419513
0.00406147
0.00393513
0.0038181
0.00371158
0.00361616
0.00353193
0.00345864
0.00339585
0.00334295
0.00329933
0.00326432
0.00323735
0.00321786
0.0032054
0.00319959
0.00320013
0.00320682
0.00321951
0.00323817
0.00326281
0.00329349
0.00333036
0.00337358
0.00342335
0.0034799
0.00354343
0.00361416
0.00369226
0.00377785
0.00387099
0.00397166
0.0040797
0.00419483
0.00431651
0.0044439
0.00457559
0.00470943
0.0048421
0.00496886
0.00508337
0.00517806
0.005245
0.00527753
0.00527215
0.00522995
0.00515696
0.00506306
0.00495951
0.00485616
0.00475988
0.00467412
0.00459942
0.00453459
0.00447771
0.00442688
0.00438063
0.00433796
0.00429828
0.00426129
0.00422685
0.00419487
0.00416533
0.00413818
0.00411335
0.00409077
0.00407036
0.004052
0.0040356
0.00402103
0.00400818
0.00399693
0.00398717
0.00397878
1.59773e-07
1.73156e-07
1.86424e-07
1.99455e-07
2.12135e-07
2.24362e-07
2.36051e-07
2.47135e-07
2.57562e-07
2.67303e-07
2.76346e-07
2.84697e-07
2.9238e-07
2.99435e-07
3.05916e-07
3.11889e-07
3.17433e-07
3.22635e-07
3.27589e-07
3.32395e-07
3.37155e-07
3.41973e-07
3.46949e-07
3.52184e-07
3.57769e-07
3.63788e-07
3.70322e-07
3.77448e-07
3.8527e-07
3.93992e-07
4.04095e-07
4.16751e-07
4.3467e-07
4.63655e-07
5.15116e-07
6.0955e-07
7.80385e-07
1.0767e-06
1.56257e-06
2.31065e-06
3.38925e-06
4.84468e-06
6.68379e-06
8.86319e-06
1.129e-05
1.38352e-05
1.63556e-05
1.87177e-05
2.08168e-05
2.25885e-05
2.40091e-05
2.50895e-05
2.58664e-05
2.63916e-05
2.67232e-05
2.69185e-05
2.70304e-05
2.71039e-05
2.71758e-05
2.7275e-05
2.74228e-05
2.76347e-05
2.79206e-05
2.82864e-05
2.87351e-05
2.92669e-05
2.98808e-05
3.05748e-05
3.13465e-05
3.21934e-05
3.31139e-05
3.41071e-05
3.51732e-05
3.63136e-05
3.75314e-05
3.88308e-05
4.02173e-05
4.16976e-05
4.32791e-05
4.49699e-05
4.67783e-05
4.87123e-05
5.07808e-05
5.29937e-05
5.53667e-05
5.79301e-05
6.07485e-05
6.39618e-05
6.7858e-05
7.29966e-05
8.03905e-05
9.1739e-05
0.000109663
0.000137841
0.000180904
0.00024394
0.000331566
0.000446683
0.000589238
0.000755423
0.000937693
0.00112569
0.00130789
0.00147346
0.00161383
0.00172372
0.00180127
0.00184763
0.00186615
0.00186156
0.0018391
0.00180395
0.00176083
0.00171377
0.00166601
0.00162005
0.00157777
0.00154046
0.00150903
0.00148402
0.00146578
0.00145445
0.00145011
0.00145276
0.00146238
0.00147896
0.00150252
0.0015331
0.00157079
0.00161573
0.00166808
0.00172805
0.00179587
0.00187177
0.00195598
0.00204871
0.00215014
0.00226036
0.0023794
0.00250719
0.00264351
0.00278804
0.00294028
0.00309958
0.00326508
0.00343576
0.00361034
0.00378733
0.00396492
0.00414094
0.0043128
0.00447741
0.00463112
0.00476984
0.00488922
0.00498495
0.00505328
0.00509149
0.00509831
0.00507419
0.00502129
0.00494325
0.00484476
0.00473105
0.00460739
0.00447874
0.00434945
0.0042231
0.00410248
0.00398962
0.00388586
0.00379196
0.00370824
0.0036347
0.0035711
0.00351704
0.00347209
0.00343573
0.0034075
0.00338695
0.00337368
0.00336736
0.00336771
0.00337453
0.00338767
0.00340703
0.0034326
0.00346437
0.0035024
0.00354676
0.00359754
0.00365484
0.00371876
0.00378937
0.00386671
0.00395078
0.00404151
0.00413878
0.00424234
0.00435183
0.0044667
0.00458609
0.00470864
0.00483226
0.00495379
0.00506871
0.00517098
0.00525341
0.00530855
0.00533024
0.00531548
0.00526578
0.00518743
0.00509039
0.00498576
0.00488312
0.00478896
0.0047063
0.00463533
0.00457451
0.00452166
0.00447471
0.00443207
0.00439266
0.00435587
0.00432138
0.00428905
0.00425884
0.00423072
0.00420469
0.00418073
0.00415879
0.00413881
0.00412074
0.00410449
0.00408998
0.00407712
0.00406581
0.00405597
0.00404749
1.43205e-07
1.55458e-07
1.67709e-07
1.79858e-07
1.91812e-07
2.03486e-07
2.14807e-07
2.25716e-07
2.36169e-07
2.46136e-07
2.55605e-07
2.64576e-07
2.73066e-07
2.81105e-07
2.88733e-07
2.96002e-07
3.02975e-07
3.09719e-07
3.16309e-07
3.22821e-07
3.29334e-07
3.35928e-07
3.42678e-07
3.49657e-07
3.56931e-07
3.64559e-07
3.72595e-07
3.81093e-07
3.90136e-07
3.99903e-07
4.10853e-07
4.24128e-07
4.42395e-07
4.71387e-07
5.22417e-07
6.15879e-07
7.85172e-07
1.07961e-06
1.56405e-06
2.31288e-06
3.39747e-06
4.86858e-06
6.7387e-06
8.97044e-06
1.14762e-05
1.41303e-05
1.67899e-05
1.93188e-05
2.16069e-05
2.35821e-05
2.52123e-05
2.65006e-05
2.74763e-05
2.81856e-05
2.86825e-05
2.90222e-05
2.92566e-05
2.94311e-05
2.95838e-05
2.97455e-05
2.994e-05
3.01854e-05
3.04943e-05
3.08757e-05
3.13351e-05
3.18754e-05
3.24981e-05
3.32032e-05
3.39904e-05
3.4859e-05
3.58084e-05
3.68386e-05
3.79502e-05
3.91447e-05
4.04242e-05
4.1792e-05
4.32519e-05
4.48085e-05
4.64666e-05
4.82312e-05
5.01074e-05
5.20999e-05
5.42138e-05
5.64558e-05
5.88383e-05
6.13887e-05
6.41699e-05
6.73205e-05
7.11292e-05
7.61583e-05
8.34279e-05
9.46529e-05
0.000112485
0.000140665
0.00018393
0.000247548
0.000336408
0.000453776
0.00060004
0.000771858
0.000962086
0.00116062
0.00135596
0.00153705
0.00169484
0.00182342
0.00192018
0.00198555
0.00202226
0.0020345
0.00202716
0.00200524
0.00197338
0.00193566
0.00189547
0.00185552
0.0018179
0.00178418
0.00175547
0.00173257
0.00171602
0.00170614
0.00170315
0.00170718
0.00171829
0.00173652
0.00176193
0.00179456
0.00183447
0.00188175
0.00193649
0.00199879
0.00206877
0.00214652
0.00223213
0.00232566
0.00242711
0.00253642
0.00265348
0.00277805
0.00290983
0.00304839
0.00319318
0.00334353
0.00349861
0.00365746
0.00381894
0.00398173
0.00414427
0.00430472
0.00446086
0.00461009
0.00474934
0.00487514
0.00498377
0.00507155
0.00513518
0.00517222
0.00518144
0.00516305
0.00511873
0.00505145
0.00496516
0.00486429
0.00475344
0.00463696
0.00451876
0.00440212
0.00428969
0.00418345
0.00408482
0.0039947
0.00391359
0.00384168
0.00377895
0.00372519
0.00368013
0.00364344
0.00361476
0.00359375
0.00358009
0.0035735
0.00357373
0.00358057
0.00359388
0.00361351
0.00363941
0.00367149
0.00370975
0.00375414
0.00380468
0.00386134
0.0039241
0.00399292
0.00406774
0.00414843
0.00423485
0.00432678
0.00442392
0.00452587
0.00463207
0.00474168
0.00485338
0.00496521
0.00507414
0.00517588
0.0052647
0.00533379
0.00537617
0.00538621
0.00536141
0.0053037
0.00521964
0.00511925
0.0050135
0.00491166
0.00481982
0.00474058
0.00467372
0.00461735
0.00456903
0.0045265
0.00448803
0.00445248
0.00441918
0.00438781
0.00435822
0.00433038
0.0043043
0.00427998
0.00425745
0.00423668
0.00421765
0.00420033
0.00418468
0.00417063
0.00415812
0.00414708
0.00413745
0.00412912
1.29377e-07
1.40682e-07
1.52088e-07
1.63518e-07
1.74897e-07
1.86157e-07
1.97238e-07
2.0809e-07
2.18675e-07
2.28965e-07
2.38946e-07
2.48613e-07
2.57976e-07
2.67052e-07
2.75869e-07
2.84463e-07
2.92877e-07
3.0116e-07
3.09362e-07
3.17538e-07
3.25743e-07
3.34029e-07
3.42447e-07
3.51044e-07
3.5986e-07
3.68931e-07
3.78287e-07
3.8796e-07
3.98014e-07
4.08612e-07
4.20191e-07
4.33875e-07
4.52294e-07
4.81136e-07
5.31653e-07
6.24197e-07
7.92237e-07
1.08545e-06
1.56965e-06
2.32116e-06
3.4146e-06
4.9054e-06
6.81187e-06
9.10286e-06
1.16963e-05
1.44701e-05
1.72823e-05
1.99944e-05
2.24914e-05
2.46938e-05
2.65613e-05
2.80888e-05
2.92983e-05
3.02299e-05
3.0933e-05
3.14598e-05
3.18605e-05
3.21801e-05
3.24574e-05
3.27245e-05
3.30074e-05
3.3326e-05
3.3696e-05
3.41284e-05
3.46314e-05
3.52106e-05
3.58695e-05
3.66104e-05
3.74346e-05
3.83428e-05
3.93357e-05
4.04137e-05
4.15778e-05
4.2829e-05
4.41688e-05
4.55992e-05
4.71221e-05
4.87401e-05
5.04555e-05
5.22704e-05
5.41869e-05
5.62066e-05
5.83315e-05
6.05652e-05
6.29177e-05
6.54142e-05
6.81162e-05
7.11625e-05
7.48433e-05
7.97257e-05
8.684e-05
9.79213e-05
0.00011566
0.000143868
0.000187404
0.000251734
0.000342035
0.000461963
0.00061237
0.000790399
0.000989334
0.00119935
0.00140902
0.00160707
0.00178404
0.00193338
0.00205176
0.00213888
0.0021968
0.00222915
0.00224041
0.0022353
0.00221833
0.00219357
0.00216447
0.00213388
0.00210408
0.00207684
0.0020535
0.00203506
0.00202223
0.00201554
0.00201533
0.00202185
0.00203525
0.00205564
0.0020831
0.00211767
0.0021594
0.00220831
0.00226443
0.00232777
0.00239834
0.00247611
0.00256104
0.00265305
0.00275202
0.00285776
0.00297003
0.00308852
0.00321283
0.00334248
0.00347693
0.0036155
0.00375744
0.00390188
0.00404784
0.00419418
0.0043396
0.00448257
0.00462128
0.00475361
0.00487704
0.00498873
0.0050856
0.00516457
0.00522286
0.00525831
0.00526977
0.00525723
0.00522194
0.00516624
0.00509332
0.00500686
0.00491072
0.00480863
0.00470399
0.00459972
0.00449824
0.00440144
0.00431073
0.00422707
0.0041511
0.00408317
0.00402341
0.00397183
0.00392829
0.00389262
0.00386458
0.00384394
0.00383047
0.00382393
0.00382411
0.00383082
0.00384389
0.00386318
0.00388856
0.00391991
0.00395714
0.00400013
0.00404879
0.00410302
0.00416271
0.00422771
0.00429787
0.004373
0.00445289
0.00453726
0.0046258
0.00471809
0.00481358
0.00491145
0.00501049
0.00510882
0.0052036
0.00529073
0.00536482
0.00541943
0.00544806
0.00544561
0.00541007
0.00534382
0.00525368
0.00514973
0.00504281
0.00494186
0.00485257
0.00477707
0.00471471
0.00466327
0.00462001
0.00458247
0.00454879
0.00451774
0.0044886
0.00446102
0.00443486
0.00441009
0.00438673
0.00436481
0.00434436
0.00432539
0.00430792
0.00429192
0.00427739
0.00426429
0.00425258
0.00424222
0.00423314
0.00422529
1.19134e-07
1.29757e-07
1.40573e-07
1.51525e-07
1.62557e-07
1.73615e-07
1.84651e-07
1.95623e-07
2.06497e-07
2.17248e-07
2.27859e-07
2.3832e-07
2.48631e-07
2.58797e-07
2.68833e-07
2.78757e-07
2.88593e-07
2.98367e-07
3.08108e-07
3.17848e-07
3.27616e-07
3.3744e-07
3.47346e-07
3.57357e-07
3.6749e-07
3.77759e-07
3.88173e-07
3.98749e-07
4.09533e-07
4.20675e-07
4.32602e-07
4.4642e-07
4.64744e-07
4.93236e-07
5.43132e-07
6.34814e-07
8.01932e-07
1.09469e-06
1.58006e-06
2.33657e-06
3.44229e-06
4.95759e-06
6.90682e-06
9.26524e-06
1.19565e-05
1.48625e-05
1.78425e-05
2.07562e-05
2.34839e-05
2.59393e-05
2.80743e-05
2.98756e-05
3.13577e-05
3.25543e-05
3.35096e-05
3.42722e-05
3.48899e-05
3.54067e-05
3.58611e-05
3.62859e-05
3.67083e-05
3.715e-05
3.76285e-05
3.8157e-05
3.87458e-05
3.94024e-05
4.01325e-05
4.094e-05
4.18277e-05
4.27976e-05
4.38509e-05
4.49888e-05
4.62121e-05
4.75213e-05
4.89171e-05
5.04001e-05
5.19708e-05
5.36294e-05
5.5376e-05
5.72103e-05
5.91318e-05
6.11393e-05
6.32323e-05
6.54122e-05
6.76869e-05
7.00804e-05
7.26539e-05
7.55468e-05
7.90527e-05
8.37455e-05
9.06691e-05
0.000101584
0.000119229
0.000147496
0.000191386
0.000256582
0.000348573
0.000471426
0.000626483
0.000811394
0.0010199
0.00124248
0.00146778
0.00168439
0.00188246
0.00205479
0.0021974
0.00230922
0.00239164
0.0024477
0.0024814
0.00249711
0.00249915
0.00249149
0.00247756
0.0024603
0.0024421
0.00242488
0.00241014
0.00239906
0.00239252
0.00239119
0.00239554
0.00240593
0.0024226
0.00244571
0.00247538
0.00251165
0.00255455
0.00260408
0.0026602
0.00272285
0.00279195
0.00286738
0.002949
0.00303664
0.00313007
0.00322903
0.00333322
0.00344225
0.00355572
0.00367314
0.00379398
0.00391763
0.00404342
0.00417063
0.00429841
0.00442585
0.00455191
0.00467537
0.00479483
0.00490861
0.00501477
0.00511108
0.00519512
0.0052644
0.00531666
0.00535008
0.00536359
0.00535703
0.00533124
0.00528795
0.00522964
0.00515921
0.00507977
0.00499441
0.00490596
0.00481692
0.00472942
0.00464517
0.00456549
0.00449136
0.00442347
0.00436228
0.00430806
0.00426093
0.00422091
0.00418794
0.00416192
0.00414271
0.00413015
0.00412406
0.00412429
0.00413065
0.00414297
0.00416111
0.0041849
0.00421418
0.00424879
0.00428859
0.0043334
0.00438306
0.00443739
0.00449618
0.00455925
0.00462634
0.00469721
0.00477158
0.00484912
0.00492944
0.00501201
0.00509608
0.00518053
0.00526358
0.00534255
0.0054136
0.00547162
0.00551057
0.00552442
0.00550858
0.00546158
0.00538622
0.00528961
0.0051819
0.00507375
0.0049738
0.00488728
0.00481586
0.00475844
0.00471242
0.00467478
0.00464285
0.00461461
0.00458874
0.00456447
0.00454142
0.00451944
0.0044985
0.00447861
0.00445983
0.0044422
0.00442576
0.00441052
0.00439651
0.00438372
0.00437214
0.00436176
0.00435254
0.00434446
0.00433745
1.13531e-07
1.23836e-07
1.34416e-07
1.45232e-07
1.56238e-07
1.67394e-07
1.78659e-07
1.89999e-07
2.01382e-07
2.12781e-07
2.24176e-07
2.3555e-07
2.46893e-07
2.58197e-07
2.69461e-07
2.80687e-07
2.91877e-07
3.03039e-07
3.1418e-07
3.25306e-07
3.36425e-07
3.47544e-07
3.58665e-07
3.6979e-07
3.80917e-07
3.92042e-07
4.0316e-07
4.14272e-07
4.25417e-07
4.36734e-07
4.48646e-07
4.62255e-07
4.80172e-07
5.08064e-07
5.572e-07
6.48077e-07
8.14662e-07
1.10788e-06
1.59612e-06
2.36037e-06
3.48251e-06
5.02809e-06
7.02772e-06
9.46329e-06
1.22644e-05
1.5317e-05
1.8482e-05
2.16176e-05
2.45999e-05
2.73365e-05
2.97714e-05
3.18837e-05
3.36803e-05
3.51882e-05
3.64463e-05
3.7499e-05
3.83909e-05
3.91641e-05
3.98562e-05
4.04999e-05
4.11226e-05
4.17471e-05
4.23917e-05
4.30713e-05
4.37975e-05
4.45794e-05
4.54239e-05
4.63362e-05
4.73201e-05
4.83783e-05
4.95127e-05
5.07243e-05
5.20139e-05
5.33814e-05
5.48266e-05
5.63488e-05
5.79469e-05
5.96195e-05
6.13647e-05
6.31802e-05
6.50633e-05
6.70109e-05
6.90207e-05
7.10926e-05
7.32333e-05
7.54665e-05
7.78538e-05
8.05369e-05
8.38139e-05
8.8268e-05
9.49606e-05
0.000105684
0.000123235
0.000151602
0.000195946
0.00026219
0.000356165
0.000482378
0.00064268
0.000835258
0.00105432
0.00129068
0.00153311
0.00177004
0.00199127
0.00218902
0.00235862
0.0024983
0.00260872
0.00269231
0.00275256
0.00279344
0.00281899
0.00283299
0.00283881
0.00283936
0.00283706
0.00283393
0.00283157
0.00283127
0.00283403
0.00284063
0.00285165
0.00286754
0.0028886
0.00291506
0.00294706
0.00298466
0.00302789
0.00307672
0.00313109
0.0031909
0.00325601
0.00332626
0.00340145
0.00348136
0.00356572
0.00365424
0.00374659
0.00384241
0.0039413
0.00404281
0.00414648
0.0042518
0.00435822
0.00446514
0.00457192
0.00467785
0.00478215
0.00488394
0.00498218
0.00507568
0.00516304
0.00524264
0.00531271
0.00537138
0.00541691
0.00544784
0.00546323
0.00546279
0.00544698
0.00541697
0.00537451
0.00532176
0.00526108
0.00519484
0.0051253
0.00505449
0.00498416
0.00491576
0.00485049
0.00478923
0.00473268
0.00468133
0.00463551
0.00459545
0.00456125
0.00453297
0.00451058
0.00449403
0.00448324
0.00447808
0.00447844
0.00448417
0.00449512
0.00451113
0.00453203
0.00455766
0.00458783
0.00462235
0.00466104
0.00470369
0.0047501
0.00480005
0.00485332
0.00490967
0.00496885
0.0050306
0.00509462
0.00516055
0.00522791
0.00529604
0.00536389
0.00542982
0.00549132
0.00554477
0.00558534
0.0056074
0.0056054
0.00557527
0.00551606
0.00543101
0.00532753
0.00521582
0.0051064
0.00500755
0.00492404
0.00485705
0.00480502
0.00476495
0.00473351
0.00470781
0.00468568
0.0046657
0.00464706
0.00462931
0.0046123
0.00459598
0.00458039
0.00456556
0.00455155
0.00453841
0.00452617
0.00451486
0.0045045
0.00449509
0.00448663
0.0044791
0.0044725
0.00446677
1.13884e-07
1.2436e-07
1.35181e-07
1.46317e-07
1.57732e-07
1.6939e-07
1.81255e-07
1.93294e-07
2.05472e-07
2.17761e-07
2.30132e-07
2.42559e-07
2.5502e-07
2.67495e-07
2.79966e-07
2.92418e-07
3.04836e-07
3.17206e-07
3.29516e-07
3.41755e-07
3.53909e-07
3.65966e-07
3.77913e-07
3.89734e-07
4.01415e-07
4.12938e-07
4.24289e-07
4.35463e-07
4.46493e-07
4.57518e-07
4.68963e-07
4.81935e-07
4.99062e-07
5.26046e-07
5.74248e-07
6.64383e-07
8.30892e-07
1.12565e-06
1.61878e-06
2.39409e-06
3.53761e-06
5.1204e-06
7.1796e-06
9.70386e-06
1.26288e-05
1.58447e-05
1.92141e-05
2.25942e-05
2.58573e-05
2.8905e-05
3.16744e-05
3.41367e-05
3.62918e-05
3.816e-05
3.97745e-05
4.11752e-05
4.2403e-05
4.34976e-05
4.44946e-05
4.54258e-05
4.63179e-05
4.71937e-05
4.80717e-05
4.89671e-05
4.98921e-05
5.08563e-05
5.18673e-05
5.29306e-05
5.40505e-05
5.52299e-05
5.64704e-05
5.77731e-05
5.91381e-05
6.05646e-05
6.20516e-05
6.35972e-05
6.5199e-05
6.68542e-05
6.85596e-05
7.03114e-05
7.21056e-05
7.39379e-05
7.5805e-05
7.77063e-05
7.96485e-05
8.16556e-05
8.37911e-05
8.61999e-05
8.91868e-05
9.33468e-05
9.97635e-05
0.000110269
0.000127728
0.000156245
0.000201164
0.000268676
0.000364985
0.00049507
0.000661323
0.000862485
0.00109326
0.00134479
0.001606
0.0018652
0.00211182
0.00233757
0.00253708
0.00270788
0.00284993
0.00296502
0.00305608
0.00312664
0.0031804
0.00322087
0.00325127
0.0032744
0.00329266
0.00330805
0.0033222
0.00333644
0.00335184
0.00336923
0.00338927
0.00341245
0.00343915
0.00346962
0.00350403
0.00354249
0.00358503
0.00363164
0.00368225
0.00373676
0.00379504
0.00385692
0.00392221
0.00399068
0.00406211
0.00413621
0.0042127
0.00429127
0.00437159
0.00445332
0.00453607
0.00461948
0.00470312
0.00478657
0.00486939
0.00495108
0.00503113
0.00510896
0.00518395
0.00525535
0.00532229
0.00538379
0.0054387
0.00548581
0.0055239
0.0055519
0.00556901
0.00557485
0.00556953
0.00555367
0.00552833
0.00549492
0.00545503
0.00541032
0.00536242
0.00531283
0.00526287
0.00521371
0.00516627
0.00512134
0.0050795
0.00504122
0.00500685
0.00497663
0.00495073
0.00492925
0.00491224
0.00489969
0.00489159
0.00488787
0.00488846
0.00489324
0.00490209
0.0049149
0.00493149
0.00495173
0.00497544
0.00500245
0.00503258
0.00506564
0.00510144
0.00513979
0.00518049
0.00522333
0.0052681
0.00531457
0.00536252
0.00541162
0.00546149
0.00551153
0.00556079
0.00560777
0.00565011
0.00568441
0.00570616
0.00571011
0.00569116
0.00564579
0.0055736
0.00547827
0.0053675
0.00525157
0.00514083
0.00504319
0.00496294
0.00490074
0.00485455
0.00482095
0.0047963
0.00477747
0.00476214
0.00474879
0.00473651
0.00472486
0.00471363
0.00470276
0.00469228
0.00468224
0.00467268
0.00466365
0.0046552
0.00464736
0.00464016
0.0046336
0.00462769
0.00462245
0.00461785
0.00461388
1.21847e-07
1.33129e-07
1.44813e-07
1.56867e-07
1.69257e-07
1.81943e-07
1.94885e-07
2.08045e-07
2.21382e-07
2.34856e-07
2.48429e-07
2.62064e-07
2.75724e-07
2.89375e-07
3.02985e-07
3.16521e-07
3.29953e-07
3.43253e-07
3.56393e-07
3.69346e-07
3.82087e-07
3.94591e-07
4.06834e-07
4.18793e-07
4.30445e-07
4.41769e-07
4.52749e-07
4.6338e-07
4.73698e-07
4.8385e-07
4.94268e-07
5.06081e-07
5.2195e-07
5.47654e-07
5.94712e-07
6.84177e-07
8.51157e-07
1.14876e-06
1.64921e-06
2.43954e-06
3.61041e-06
5.23875e-06
7.36847e-06
9.99514e-06
1.30605e-05
1.64589e-05
2.00547e-05
2.37042e-05
2.7276e-05
3.06665e-05
3.38057e-05
3.6658e-05
3.92162e-05
4.14941e-05
4.35195e-05
4.53272e-05
4.69546e-05
4.8438e-05
4.98107e-05
5.11025e-05
5.23387e-05
5.35409e-05
5.47269e-05
5.5911e-05
5.71049e-05
5.83176e-05
5.95562e-05
6.08256e-05
6.21296e-05
6.34704e-05
6.4849e-05
6.62655e-05
6.77192e-05
6.92085e-05
7.07313e-05
7.22846e-05
7.38653e-05
7.54694e-05
7.70931e-05
7.87317e-05
8.03808e-05
8.20361e-05
8.36942e-05
8.5355e-05
8.70261e-05
8.87336e-05
9.05436e-05
9.2606e-05
9.5234e-05
9.90382e-05
0.000105129
0.000115388
0.000132761
0.000161491
0.000207129
0.000276173
0.000375236
0.000509803
0.000682841
0.000893666
0.00113748
0.00140579
0.00168763
0.00197123
0.00224566
0.00250211
0.00273454
0.00293978
0.00311709
0.0032676
0.00339367
0.00349835
0.00358492
0.00365661
0.00371637
0.00376684
0.00381029
0.00384863
0.00388345
0.00391606
0.0039475
0.00397862
0.0040101
0.00404243
0.00407604
0.0041112
0.00414812
0.00418694
0.00422772
0.00427051
0.00431526
0.00436193
0.00441044
0.00446068
0.0045125
0.00456577
0.00462032
0.00467596
0.00473251
0.00478977
0.00484751
0.00490553
0.00496359
0.00502146
0.0050789
0.00513567
0.00519151
0.00524618
0.00529941
0.00535097
0.00540058
0.00544798
0.00549285
0.00553479
0.00557335
0.00560793
0.00563788
0.00566252
0.00568123
0.00569355
0.00569926
0.00569846
0.00569151
0.00567906
0.00566193
0.00564105
0.00561738
0.00559185
0.00556532
0.00553857
0.00551225
0.00548691
0.00546301
0.00544091
0.00542091
0.00540322
0.00538801
0.00537539
0.00536544
0.00535821
0.00535369
0.00535189
0.00535275
0.00535624
0.00536228
0.00537078
0.00538165
0.00539478
0.00541005
0.00542735
0.00544655
0.00546752
0.00549012
0.00551422
0.00553968
0.00556637
0.00559414
0.00562284
0.00565229
0.00568228
0.00571248
0.00574238
0.00577116
0.00579742
0.00581897
0.00583264
0.0058342
0.0058188
0.00578181
0.00572027
0.00563431
0.00552809
0.0054096
0.00528921
0.00517709
0.00508076
0.00500403
0.00494699
0.00490709
0.0048805
0.00486323
0.0048519
0.00484404
0.00483802
0.00483286
0.00482805
0.00482338
0.00481877
0.00481423
0.00480978
0.00480548
0.00480137
0.00479749
0.00479387
0.00479054
0.00478751
0.0047848
0.00478242
0.00478037
0.00477864
1.39487e-07
1.5239e-07
1.65728e-07
1.79462e-07
1.93542e-07
2.07917e-07
2.22532e-07
2.37334e-07
2.52266e-07
2.67273e-07
2.82302e-07
2.973e-07
3.12216e-07
3.27001e-07
3.41609e-07
3.55996e-07
3.70122e-07
3.83947e-07
3.97436e-07
4.10556e-07
4.23276e-07
4.3557e-07
4.47413e-07
4.58783e-07
4.69659e-07
4.80027e-07
4.89876e-07
4.99211e-07
5.08081e-07
5.16645e-07
5.25358e-07
5.3538e-07
5.49432e-07
5.7341e-07
6.19076e-07
7.07962e-07
8.76077e-07
1.1781e-06
1.68878e-06
2.49894e-06
3.70435e-06
5.38828e-06
7.60167e-06
1.03471e-05
1.3572e-05
1.71751e-05
2.10221e-05
2.49681e-05
2.88784e-05
3.26438e-05
3.61884e-05
3.94695e-05
4.24735e-05
4.52082e-05
4.76961e-05
4.99673e-05
5.20553e-05
5.3993e-05
5.58111e-05
5.75366e-05
5.91929e-05
6.07995e-05
6.2372e-05
6.39232e-05
6.54628e-05
6.6998e-05
6.85339e-05
7.00739e-05
7.16197e-05
7.31718e-05
7.47296e-05
7.62916e-05
7.78553e-05
7.94179e-05
8.09761e-05
8.25259e-05
8.40633e-05
8.55841e-05
8.70839e-05
8.85585e-05
9.00039e-05
9.14164e-05
9.27942e-05
9.41387e-05
9.546e-05
9.67871e-05
9.81906e-05
9.9827e-05
0.000102021
0.000105401
0.000111112
0.000121094
0.000138394
0.000167413
0.000213948
0.00028484
0.000387159
0.000526939
0.000707752
0.000929511
0.00118793
0.00147484
0.00177941
0.00208974
0.00239454
0.00268446
0.00295283
0.00319574
0.00341176
0.00360135
0.0037663
0.00390912
0.00403266
0.00413979
0.00423318
0.00431523
0.00438801
0.00445328
0.00451253
0.00456695
0.00461753
0.00466507
0.0047102
0.00475343
0.00479515
0.00483568
0.00487524
0.00491401
0.00495211
0.00498965
0.00502667
0.00506321
0.00509927
0.00513486
0.00516996
0.00520455
0.00523859
0.00527205
0.00530487
0.00533701
0.00536842
0.00539905
0.00542883
0.00545772
0.00548566
0.00551261
0.00553854
0.00556343
0.0055873
0.00561023
0.00563234
0.00565382
0.0056749
0.00569583
0.00571681
0.0057379
0.00575904
0.00577995
0.00580019
0.00581924
0.00583658
0.00585174
0.00586441
0.00587447
0.00588192
0.00588695
0.00588982
0.00589084
0.00589037
0.00588875
0.00588631
0.00588334
0.00588009
0.00587677
0.00587357
0.00587064
0.0058681
0.00586604
0.00586455
0.00586367
0.00586346
0.00586392
0.00586509
0.00586696
0.00586952
0.00587277
0.00587668
0.00588123
0.00588638
0.00589211
0.00589837
0.00590513
0.00591234
0.00591996
0.00592795
0.00593626
0.00594484
0.00595361
0.00596251
0.00597139
0.00598002
0.00598799
0.00599457
0.00599851
0.00599777
0.0059894
0.00596948
0.00593353
0.00587744
0.00579878
0.00569825
0.00558051
0.00545388
0.00532879
0.00521523
0.00512034
0.00504736
0.00499585
0.0049627
0.00494362
0.00493428
0.00493107
0.00493131
0.00493327
0.0049359
0.00493865
0.00494126
0.00494363
0.00494574
0.00494763
0.00494931
0.00495083
0.00495222
0.0049535
0.00495469
0.00495582
0.00495689
0.00495792
0.00495891
0.00495986
0.00375055
0.00374812
0.00374591
0.0037439
0.00374208
0.00374042
0.00373892
0.00373757
0.00373634
0.00373525
0.00373426
0.00373339
0.00373262
0.00373195
0.00373136
0.00373087
0.00373045
0.00373012
0.00372985
0.00372966
0.00372952
0.00372945
0.00372942
0.00372944
0.00372951
0.00372961
0.00372974
0.00372989
0.00373006
0.00373024
0.00373042
0.0037306
0.00373078
0.00373095
0.0037311
0.00373123
0.00373134
0.00373144
0.00373151
0.00373155
0.00377163
0.00376894
0.00376651
0.00376431
0.00376233
0.00376054
0.00375893
0.0037575
0.00375623
0.00375511
0.00375412
0.00375328
0.00375255
0.00375195
0.00375146
0.00375107
0.00375078
0.00375059
0.00375048
0.00375046
0.00375051
0.00375062
0.0037508
0.00375103
0.00375131
0.00375163
0.00375198
0.00375235
0.00375273
0.00375312
0.00375351
0.0037539
0.00375426
0.0037546
0.00375492
0.00375519
0.00375543
0.00375562
0.00375576
0.00375584
0.00379764
0.00379469
0.00379204
0.00378965
0.0037875
0.00378558
0.00378387
0.00378236
0.00378104
0.00377989
0.00377891
0.00377809
0.00377742
0.00377689
0.00377649
0.00377622
0.00377606
0.00377601
0.00377607
0.00377622
0.00377645
0.00377677
0.00377715
0.00377759
0.00377809
0.00377862
0.00377919
0.00377978
0.00378038
0.00378099
0.00378159
0.00378217
0.00378272
0.00378324
0.00378371
0.00378413
0.00378448
0.00378477
0.00378497
0.00378509
0.00382955
0.00382637
0.0038235
0.00382092
0.00381861
0.00381656
0.00381476
0.00381317
0.00381181
0.00381064
0.00380967
0.00380888
0.00380826
0.0038078
0.0038075
0.00380734
0.00380732
0.00380742
0.00380763
0.00380796
0.00380838
0.00380889
0.00380947
0.00381013
0.00381084
0.00381159
0.00381237
0.00381318
0.003814
0.00381481
0.00381561
0.00381638
0.00381712
0.00381781
0.00381843
0.00381898
0.00381945
0.00381983
0.0038201
0.00382024
0.00386854
0.00386513
0.00386206
0.00385932
0.00385687
0.0038547
0.00385281
0.00385116
0.00384976
0.00384858
0.00384762
0.00384686
0.0038463
0.00384592
0.00384571
0.00384566
0.00384577
0.00384601
0.00384639
0.00384688
0.00384749
0.00384819
0.00384897
0.00384982
0.00385074
0.0038517
0.00385269
0.0038537
0.00385472
0.00385573
0.00385672
0.00385768
0.00385858
0.00385943
0.00386019
0.00386087
0.00386145
0.00386191
0.00386223
0.0038624
0.0039159
0.00391231
0.00390908
0.0039062
0.00390363
0.00390137
0.00389941
0.00389771
0.00389628
0.0038951
0.00389416
0.00389344
0.00389294
0.00389263
0.00389252
0.00389258
0.00389281
0.0038932
0.00389372
0.00389438
0.00389515
0.00389602
0.00389699
0.00389803
0.00389913
0.00390028
0.00390146
0.00390266
0.00390386
0.00390505
0.00390621
0.00390733
0.00390839
0.00390937
0.00391026
0.00391105
0.00391172
0.00391225
0.00391262
0.00391282
0.00397311
0.00396939
0.00396606
0.00396308
0.00396044
0.00395812
0.00395611
0.00395439
0.00395296
0.00395179
0.00395088
0.00395021
0.00394976
0.00394953
0.00394951
0.00394968
0.00395002
0.00395053
0.00395119
0.00395198
0.0039529
0.00395393
0.00395505
0.00395625
0.00395752
0.00395883
0.00396017
0.00396153
0.00396288
0.00396422
0.00396552
0.00396677
0.00396796
0.00396906
0.00397005
0.00397093
0.00397167
0.00397226
0.00397267
0.00397289
0.00404175
0.00403799
0.00403462
0.00403161
0.00402895
0.00402663
0.00402462
0.00402291
0.0040215
0.00402037
0.0040195
0.00401888
0.0040185
0.00401835
0.00401841
0.00401867
0.00401911
0.00401972
0.00402049
0.0040214
0.00402244
0.00402359
0.00402484
0.00402616
0.00402754
0.00402898
0.00403044
0.00403191
0.00403338
0.00403483
0.00403623
0.00403758
0.00403885
0.00404003
0.0040411
0.00404204
0.00404283
0.00404345
0.00404389
0.00404412
0.00412349
0.0041198
0.00411649
0.00411354
0.00411094
0.00410867
0.00410672
0.00410507
0.00410372
0.00410265
0.00410185
0.0041013
0.00410099
0.00410091
0.00410105
0.00410138
0.0041019
0.00410259
0.00410344
0.00410443
0.00410555
0.00410677
0.00410809
0.00410949
0.00411094
0.00411245
0.00411397
0.00411551
0.00411704
0.00411854
0.00411999
0.00412139
0.0041227
0.00412392
0.00412502
0.00412598
0.00412679
0.00412743
0.00412788
0.00412811
0.00421998
0.00421649
0.00421337
0.00421059
0.00420815
0.00420602
0.0042042
0.00420268
0.00420144
0.00420047
0.00419976
0.0041993
0.00419907
0.00419906
0.00419925
0.00419964
0.00420022
0.00420095
0.00420184
0.00420286
0.004204
0.00420525
0.00420658
0.00420799
0.00420946
0.00421096
0.00421248
0.00421401
0.00421553
0.00421702
0.00421847
0.00421985
0.00422114
0.00422234
0.00422343
0.00422437
0.00422517
0.0042258
0.00422623
0.00422646
0.00433271
0.00432961
0.00432682
0.00432436
0.00432219
0.00432032
0.00431872
0.0043174
0.00431633
0.00431551
0.00431493
0.00431457
0.00431443
0.00431449
0.00431474
0.00431516
0.00431575
0.00431649
0.00431737
0.00431837
0.00431948
0.00432068
0.00432196
0.0043233
0.0043247
0.00432612
0.00432757
0.00432901
0.00433044
0.00433184
0.0043332
0.00433449
0.00433571
0.00433683
0.00433784
0.00433872
0.00433946
0.00434004
0.00434045
0.00434065
0.0044629
0.00446037
0.00445812
0.00445612
0.00445438
0.00445288
0.00445162
0.00445058
0.00444976
0.00444915
0.00444874
0.00444852
0.00444847
0.0044486
0.00444889
0.00444933
0.0044499
0.0044506
0.00445141
0.00445233
0.00445334
0.00445442
0.00445557
0.00445676
0.004458
0.00445926
0.00446053
0.0044618
0.00446306
0.00446428
0.00446547
0.00446659
0.00446765
0.00446862
0.0044695
0.00447026
0.0044709
0.0044714
0.00447175
0.00447193
0.00461122
0.00460948
0.00460795
0.00460661
0.00460545
0.00460447
0.00460365
0.00460301
0.00460252
0.00460218
0.00460199
0.00460193
0.00460201
0.00460222
0.00460253
0.00460296
0.00460349
0.0046041
0.0046048
0.00460557
0.0046064
0.00460729
0.00460822
0.00460918
0.00461017
0.00461117
0.00461218
0.00461318
0.00461417
0.00461512
0.00461605
0.00461692
0.00461775
0.0046185
0.00461918
0.00461977
0.00462026
0.00462064
0.00462091
0.00462105
0.00477751
0.0047768
0.0047762
0.00477569
0.00477528
0.00477496
0.00477472
0.00477458
0.00477451
0.00477452
0.00477461
0.00477477
0.00477499
0.00477528
0.00477563
0.00477603
0.00477648
0.00477697
0.0047775
0.00477807
0.00477866
0.00477928
0.00477992
0.00478057
0.00478122
0.00478188
0.00478253
0.00478317
0.0047838
0.0047844
0.00478498
0.00478553
0.00478603
0.0047865
0.00478692
0.00478728
0.00478758
0.00478781
0.00478798
0.00478806
0.00496058
0.0049611
0.00496162
0.00496213
0.00496262
0.0049631
0.00496358
0.00496404
0.00496449
0.00496493
0.00496536
0.00496578
0.00496618
0.00496658
0.00496696
0.00496733
0.00496769
0.00496804
0.00496837
0.0049687
0.004969
0.0049693
0.00496958
0.00496984
0.00497009
0.00497033
0.00497055
0.00497076
0.00497095
0.00497113
0.00497129
0.00497144
0.00497157
0.00497169
0.00497179
0.00497188
0.00497195
0.00497201
0.00497204
0.00497206
2.09432e-10
7.11957e-10
1.3095e-09
2.01048e-09
2.82335e-09
3.75667e-09
4.8191e-09
6.01936e-09
7.3662e-09
8.86838e-09
1.05346e-08
1.23735e-08
1.43935e-08
1.6603e-08
1.90101e-08
2.16226e-08
2.44481e-08
2.74937e-08
3.07662e-08
3.42718e-08
3.80163e-08
4.20049e-08
4.6242e-08
5.07315e-08
5.54765e-08
6.04794e-08
6.57415e-08
7.12637e-08
7.70457e-08
8.30863e-08
8.93834e-08
9.59342e-08
1.02735e-07
1.0978e-07
1.17065e-07
1.24582e-07
1.32325e-07
1.40286e-07
1.48458e-07
1.56834e-07
2.4471e-10
8.32281e-10
1.53217e-09
2.35526e-09
3.31257e-09
4.41538e-09
5.67518e-09
7.10362e-09
8.71247e-09
1.05136e-08
1.25187e-08
1.47397e-08
1.71881e-08
1.98754e-08
2.28128e-08
2.60109e-08
2.94801e-08
3.32302e-08
3.72704e-08
4.16091e-08
4.6254e-08
5.12118e-08
5.64883e-08
6.20881e-08
6.80149e-08
7.42709e-08
8.08573e-08
8.77737e-08
9.50184e-08
1.02588e-07
1.10479e-07
1.18684e-07
1.27197e-07
1.36007e-07
1.45106e-07
1.54481e-07
1.6412e-07
1.74009e-07
1.84135e-07
1.94485e-07
2.86467e-10
9.74777e-10
1.79612e-09
2.76448e-09
3.89416e-09
5.19988e-09
6.69679e-09
8.40032e-09
1.03261e-08
1.24901e-08
1.49082e-08
1.75962e-08
2.05699e-08
2.38448e-08
2.74361e-08
3.13585e-08
3.56259e-08
4.02516e-08
4.52481e-08
5.06265e-08
5.63971e-08
6.25686e-08
6.91483e-08
7.61419e-08
8.35534e-08
9.13848e-08
9.96365e-08
1.08306e-07
1.17391e-07
1.26883e-07
1.36775e-07
1.47056e-07
1.57714e-07
1.68733e-07
1.80097e-07
1.91787e-07
2.03782e-07
2.16061e-07
2.286e-07
2.41379e-07
3.34147e-10
1.13754e-09
2.09783e-09
3.2327e-09
4.56038e-09
6.09979e-09
7.87047e-09
9.89244e-09
1.21862e-08
1.47724e-08
1.76722e-08
2.09063e-08
2.44958e-08
2.8461e-08
3.28223e-08
3.7599e-08
4.28097e-08
4.8472e-08
5.46022e-08
6.1215e-08
6.83235e-08
7.5939e-08
8.40705e-08
9.27247e-08
1.01906e-07
1.11615e-07
1.21852e-07
1.32612e-07
1.43887e-07
1.55668e-07
1.6794e-07
1.80688e-07
1.93891e-07
2.07525e-07
2.21567e-07
2.35987e-07
2.50754e-07
2.65835e-07
2.81197e-07
2.96806e-07
3.87174e-10
1.31862e-09
2.43366e-09
3.75427e-09
5.30323e-09
7.10431e-09
9.18215e-09
1.15622e-08
1.42704e-08
1.73334e-08
2.07781e-08
2.46313e-08
2.89199e-08
3.36705e-08
3.8909e-08
4.46605e-08
5.09491e-08
5.77973e-08
6.5226e-08
7.3254e-08
8.18977e-08
9.1171e-08
1.01085e-07
1.11647e-07
1.22861e-07
1.34729e-07
1.47245e-07
1.60404e-07
1.74193e-07
1.88596e-07
2.03593e-07
2.19159e-07
2.35266e-07
2.5188e-07
2.68965e-07
2.86481e-07
3.04383e-07
3.22626e-07
3.41161e-07
3.59941e-07
4.44963e-10
1.516e-09
2.79991e-09
4.32345e-09
6.11453e-09
8.20237e-09
1.06174e-08
1.33912e-08
1.6556e-08
2.01451e-08
2.41919e-08
2.87303e-08
3.3794e-08
3.94164e-08
4.56301e-08
5.24666e-08
5.99561e-08
6.81269e-08
7.70049e-08
8.66133e-08
9.69725e-08
1.08099e-07
1.20006e-07
1.32701e-07
1.46188e-07
1.60466e-07
1.75529e-07
1.91365e-07
2.07956e-07
2.25279e-07
2.43305e-07
2.62001e-07
2.81326e-07
3.01235e-07
3.21679e-07
3.42602e-07
3.63946e-07
3.85648e-07
4.07645e-07
4.29871e-07
5.0693e-10
1.7277e-09
3.19287e-09
4.93446e-09
6.98602e-09
9.38279e-09
1.21616e-08
1.53608e-08
1.90197e-08
2.31787e-08
2.7879e-08
3.31618e-08
3.90687e-08
4.56405e-08
5.29174e-08
6.09379e-08
6.97391e-08
7.93555e-08
8.98185e-08
1.01156e-07
1.13393e-07
1.26548e-07
1.40636e-07
1.55665e-07
1.71639e-07
1.88553e-07
2.06397e-07
2.25154e-07
2.448e-07
2.65301e-07
2.86621e-07
3.08711e-07
3.3152e-07
3.54988e-07
3.7905e-07
4.03634e-07
4.28665e-07
4.54062e-07
4.79743e-07
5.05622e-07
5.72495e-10
1.95173e-09
3.60886e-09
5.58158e-09
7.90953e-09
1.06345e-08
1.38003e-08
1.74524e-08
2.16381e-08
2.64057e-08
3.18043e-08
3.78838e-08
4.46939e-08
5.22837e-08
6.07015e-08
6.99938e-08
8.02048e-08
9.13756e-08
1.03544e-07
1.16743e-07
1.31e-07
1.46338e-07
1.62772e-07
1.80312e-07
1.98958e-07
2.18703e-07
2.39532e-07
2.6142e-07
2.84334e-07
3.08232e-07
3.33062e-07
3.58766e-07
3.85275e-07
4.12513e-07
4.40397e-07
4.68838e-07
4.9774e-07
5.27004e-07
5.56524e-07
5.86196e-07
6.41096e-10
2.18617e-09
4.04429e-09
6.25921e-09
8.87707e-09
1.19466e-08
1.55191e-08
1.96479e-08
2.43885e-08
2.97977e-08
3.59335e-08
4.28547e-08
5.062e-08
5.92873e-08
6.89137e-08
7.95539e-08
9.12598e-08
1.0408e-07
1.18057e-07
1.33231e-07
1.49633e-07
1.67287e-07
1.8621e-07
2.06411e-07
2.27888e-07
2.50628e-07
2.74611e-07
2.99804e-07
3.26162e-07
3.53633e-07
3.8215e-07
4.11638e-07
4.42013e-07
4.73179e-07
5.05035e-07
5.3747e-07
5.70368e-07
6.03607e-07
6.37061e-07
6.70602e-07
7.12191e-10
2.42916e-09
4.49573e-09
6.96199e-09
9.88093e-09
1.33087e-08
1.73043e-08
2.19296e-08
2.72486e-08
3.33274e-08
4.02332e-08
4.80342e-08
5.67987e-08
6.65941e-08
7.74864e-08
8.95393e-08
1.02813e-07
1.17362e-07
1.33238e-07
1.50483e-07
1.69133e-07
1.89216e-07
2.10747e-07
2.33734e-07
2.58172e-07
2.84042e-07
3.11317e-07
3.39953e-07
3.69894e-07
4.01073e-07
4.33408e-07
4.66807e-07
5.01165e-07
5.36368e-07
5.72291e-07
6.08803e-07
6.45765e-07
6.83031e-07
7.20453e-07
7.57877e-07
7.85267e-10
2.67896e-09
4.95989e-09
7.6848e-09
1.09138e-08
1.47107e-08
1.91428e-08
2.42806e-08
3.01973e-08
3.69685e-08
4.46711e-08
5.33834e-08
6.31835e-08
7.41488e-08
8.63548e-08
9.98741e-08
1.14775e-07
1.31121e-07
1.48968e-07
1.68364e-07
1.89349e-07
2.11951e-07
2.36186e-07
2.6206e-07
2.89562e-07
3.18668e-07
3.4934e-07
3.81524e-07
4.1515e-07
4.50135e-07
4.86379e-07
5.2377e-07
5.62183e-07
6.01482e-07
6.4152e-07
6.82141e-07
7.23181e-07
7.64474e-07
8.05843e-07
8.47113e-07
8.59842e-10
2.9339e-09
5.43371e-09
8.42284e-09
1.19688e-08
1.61433e-08
2.10222e-08
2.66851e-08
3.32146e-08
4.06962e-08
4.92171e-08
5.88657e-08
6.97305e-08
8.18992e-08
9.5457e-08
1.10486e-07
1.27063e-07
1.45258e-07
1.65134e-07
1.86745e-07
2.10132e-07
2.35325e-07
2.6234e-07
2.91177e-07
3.21821e-07
3.54241e-07
3.88387e-07
4.24191e-07
4.6157e-07
5.0042e-07
5.40626e-07
5.82052e-07
6.24551e-07
6.67963e-07
7.12116e-07
7.56831e-07
8.0192e-07
8.47189e-07
8.9244e-07
9.37471e-07
9.3547e-10
3.19246e-09
5.91433e-09
9.17164e-09
1.30394e-08
1.75977e-08
2.2931e-08
2.91282e-08
3.62818e-08
4.44873e-08
5.38425e-08
6.44465e-08
7.63984e-08
8.97961e-08
1.04735e-07
1.21307e-07
1.39596e-07
1.59682e-07
1.81633e-07
2.05506e-07
2.31346e-07
2.59183e-07
2.89031e-07
3.20886e-07
3.54727e-07
3.90512e-07
4.28179e-07
4.67647e-07
5.08814e-07
5.51559e-07
5.95743e-07
6.41209e-07
6.87786e-07
7.35288e-07
7.83519e-07
8.32274e-07
8.81338e-07
9.30495e-07
9.7952e-07
1.02819e-06
1.01174e-09
3.45323e-09
6.39912e-09
9.92708e-09
1.41199e-08
1.90659e-08
2.48586e-08
3.15963e-08
3.93816e-08
4.83204e-08
5.85213e-08
7.0094e-08
8.31487e-08
9.77939e-08
1.14135e-07
1.32273e-07
1.52303e-07
1.74308e-07
1.98364e-07
2.24533e-07
2.52861e-07
2.83378e-07
3.16095e-07
3.51003e-07
3.88072e-07
4.2725e-07
4.68462e-07
5.11609e-07
5.56572e-07
6.03209e-07
6.51357e-07
7.00836e-07
7.5145e-07
8.02986e-07
8.55222e-07
9.07926e-07
9.60861e-07
1.01378e-06
1.06644e-06
1.11859e-06
1.08829e-09
3.71494e-09
6.8857e-09
1.06854e-08
1.52048e-08
2.05405e-08
2.67952e-08
3.4077e-08
4.24985e-08
5.21762e-08
6.32297e-08
7.57798e-08
8.99475e-08
1.05852e-07
1.2361e-07
1.4333e-07
1.65116e-07
1.8906e-07
2.15243e-07
2.43729e-07
2.74566e-07
3.07783e-07
3.43388e-07
3.81366e-07
4.21677e-07
4.64256e-07
5.09013e-07
5.55833e-07
6.04575e-07
6.55075e-07
7.07147e-07
7.60585e-07
8.15165e-07
8.7065e-07
9.26789e-07
9.83325e-07
1.03999e-06
1.09653e-06
1.15265e-06
1.2081e-06
1.68633e-07
1.84111e-07
2.00029e-07
2.16321e-07
2.3291e-07
2.49718e-07
2.66663e-07
2.83665e-07
3.00644e-07
3.17523e-07
3.34228e-07
3.50687e-07
3.66836e-07
3.82612e-07
3.97961e-07
4.12833e-07
4.27183e-07
4.40972e-07
4.54167e-07
4.66739e-07
4.78665e-07
4.89928e-07
5.00513e-07
5.10413e-07
5.19621e-07
5.28138e-07
5.35972e-07
5.43148e-07
5.49732e-07
5.5591e-07
5.62166e-07
5.69707e-07
5.81339e-07
6.03125e-07
6.47157e-07
7.35602e-07
9.05616e-07
1.21381e-06
1.73793e-06
2.5731e-06
3.82067e-06
5.5706e-06
7.88094e-06
1.0761e-05
1.41638e-05
1.79913e-05
2.21101e-05
2.63737e-05
3.06438e-05
3.48061e-05
3.87784e-05
4.25122e-05
4.59877e-05
4.92076e-05
5.21896e-05
5.496e-05
5.75486e-05
5.99856e-05
6.22987e-05
6.45128e-05
6.66485e-05
6.87226e-05
7.07485e-05
7.27358e-05
7.46913e-05
7.6619e-05
7.8521e-05
8.03972e-05
8.22461e-05
8.4065e-05
8.58501e-05
8.75971e-05
8.93013e-05
9.09574e-05
9.25604e-05
9.41052e-05
9.5587e-05
9.70012e-05
9.8344e-05
9.96119e-05
0.000100802
0.000101914
0.000102947
0.000103906
0.000104804
0.000105676
0.000106598
0.000107735
0.000109424
0.000112319
0.000117603
0.000127287
0.000144533
0.00017393
0.000221549
0.000294619
0.000400702
0.000546417
0.000735962
0.000969847
0.00124427
0.00155138
0.0018804
0.00221927
0.00255631
0.00288163
0.00318786
0.00347041
0.00372714
0.00395787
0.00416378
0.00434689
0.0045096
0.00465441
0.00478368
0.00489956
0.0050039
0.00509828
0.00518403
0.00526221
0.00533372
0.00539926
0.0054594
0.0055146
0.00556524
0.00561163
0.005654
0.00569258
0.00572754
0.00575906
0.00578727
0.00581233
0.00583436
0.0058535
0.00586988
0.00588363
0.0058949
0.00590382
0.00591051
0.00591512
0.00591778
0.00591862
0.0059178
0.00591546
0.00591175
0.00590684
0.00590093
0.00589425
0.0058871
0.00587988
0.00587311
0.00586744
0.00586367
0.00586268
0.00586533
0.00587238
0.00588431
0.00590128
0.00592304
0.005949
0.00597829
0.00600992
0.00604288
0.00607623
0.0061092
0.00614116
0.00617166
0.00620042
0.00622724
0.00625201
0.00627471
0.00629534
0.00631392
0.00633051
0.00634517
0.00635794
0.0063689
0.0063781
0.00638561
0.0063915
0.00639582
0.00639865
0.00640005
0.00640008
0.00639881
0.00639631
0.00639266
0.00638791
0.00638215
0.00637543
0.00636782
0.0063594
0.00635023
0.00634037
0.00632987
0.0063188
0.00630719
0.00629508
0.00628248
0.00626935
0.00625554
0.00624075
0.00622435
0.00620521
0.00618148
0.0061504
0.00610837
0.0060513
0.00597557
0.00587931
0.00576382
0.00563424
0.00549923
0.00536932
0.00525431
0.00516091
0.00509185
0.00504606
0.00501991
0.00500863
0.00500753
0.00501274
0.00502143
0.00503172
0.00504251
0.00505319
0.00506346
0.0050732
0.00508238
0.005091
0.00509908
0.00510663
0.00511368
0.00512026
0.00512636
0.005132
0.0051372
0.00514196
0.00514629
0.00515021
2.09016e-07
2.27972e-07
2.47331e-07
2.66985e-07
2.86817e-07
3.06706e-07
3.26533e-07
3.46181e-07
3.65541e-07
3.84505e-07
4.02978e-07
4.2087e-07
4.38103e-07
4.54609e-07
4.70328e-07
4.85213e-07
4.99226e-07
5.12338e-07
5.24529e-07
5.35786e-07
5.46108e-07
5.55496e-07
5.63962e-07
5.7152e-07
5.78193e-07
5.84006e-07
5.88994e-07
5.93209e-07
5.96748e-07
5.99825e-07
6.02966e-07
6.07436e-07
6.16148e-07
6.35374e-07
6.77614e-07
7.65807e-07
9.38466e-07
1.25442e-06
1.79479e-06
2.65933e-06
3.95525e-06
5.77919e-06
8.19605e-06
1.12212e-05
1.48123e-05
1.88735e-05
2.32715e-05
2.78574e-05
3.24887e-05
3.7046e-05
4.14414e-05
4.56209e-05
4.956e-05
5.3257e-05
5.67259e-05
5.99902e-05
6.30776e-05
6.60162e-05
6.88319e-05
7.15475e-05
7.41816e-05
7.67489e-05
7.92594e-05
8.17199e-05
8.41332e-05
8.64995e-05
8.88162e-05
9.10786e-05
9.32806e-05
9.54145e-05
9.74723e-05
9.94454e-05
0.000101325
0.000103103
0.000104772
0.000106324
0.000107754
0.000109057
0.00011023
0.000111271
0.00011218
0.000112956
0.000113606
0.000114137
0.000114568
0.000114939
0.000115332
0.000115925
0.000117068
0.000119442
0.000124276
0.000133658
0.00015088
0.000180734
0.00022959
0.000305087
0.000415301
0.000567445
0.000766331
0.00101303
0.00130418
0.00163216
0.0019862
0.00235399
0.00272344
0.00308406
0.00342781
0.00374942
0.00404607
0.00431696
0.00456272
0.00478491
0.00498553
0.00516675
0.00533068
0.00547921
0.00561404
0.00573657
0.005848
0.00594927
0.00604118
0.00612435
0.00619927
0.00626635
0.00632593
0.00637829
0.00642368
0.00646233
0.00649447
0.0065203
0.00654006
0.00655398
0.00656231
0.00656531
0.00656325
0.00655643
0.00654514
0.0065297
0.00651043
0.00648764
0.00646167
0.00643285
0.00640154
0.00636807
0.00633283
0.0062962
0.00625861
0.00622054
0.00618257
0.00614543
0.00611003
0.00607748
0.00604914
0.0060265
0.0060111
0.00600432
0.00600724
0.00602037
0.00604367
0.00607643
0.00611748
0.00616524
0.00621801
0.00627405
0.00633179
0.00638984
0.00644705
0.0065025
0.00655549
0.0066055
0.00665214
0.00669515
0.00673438
0.00676971
0.0068011
0.00682853
0.00685203
0.00687165
0.00688745
0.00689951
0.00690793
0.00691282
0.00691429
0.00691248
0.00690753
0.00689957
0.00688875
0.00687523
0.00685916
0.00684071
0.00682002
0.00679727
0.00677259
0.00674616
0.00671812
0.00668861
0.00665777
0.00662571
0.00659254
0.00655829
0.00652292
0.00648621
0.00644764
0.0064062
0.0063602
0.00630712
0.00624362
0.00616603
0.00607118
0.00595779
0.0058277
0.00568658
0.0055434
0.00540879
0.00529236
0.00520046
0.00513524
0.00509507
0.00507576
0.0050721
0.00507906
0.00509249
0.00510941
0.00512783
0.00514657
0.00516497
0.00518271
0.00519964
0.0052157
0.00523088
0.00524518
0.00525862
0.00527122
0.00528296
0.00529387
0.00530394
0.00531319
0.00532163
0.00532927
0.00533613
2.59257e-07
2.82441e-07
3.05945e-07
3.29605e-07
3.53249e-07
3.76705e-07
3.99808e-07
4.22397e-07
4.44326e-07
4.65459e-07
4.85677e-07
5.04875e-07
5.22967e-07
5.39881e-07
5.55564e-07
5.69979e-07
5.83102e-07
5.94924e-07
6.05451e-07
6.14697e-07
6.22689e-07
6.29464e-07
6.35063e-07
6.39538e-07
6.42943e-07
6.4534e-07
6.46799e-07
6.47404e-07
6.47287e-07
6.46701e-07
6.46214e-07
6.47162e-07
6.52583e-07
6.68992e-07
7.09364e-07
7.97515e-07
9.7349e-07
1.29857e-06
1.85749e-06
2.75487e-06
4.10388e-06
6.00769e-06
8.53756e-06
1.17141e-05
1.54985e-05
1.97958e-05
2.44716e-05
2.93736e-05
3.43547e-05
3.929e-05
4.40865e-05
4.86853e-05
5.30578e-05
5.71992e-05
6.11215e-05
6.48467e-05
6.84015e-05
7.18135e-05
7.51081e-05
7.83073e-05
8.14285e-05
8.44845e-05
8.7483e-05
9.04274e-05
9.33165e-05
9.61457e-05
9.89072e-05
0.000101591
0.000104184
0.000106672
0.000109043
0.000111281
0.000113373
0.000115306
0.000117069
0.000118652
0.000120048
0.000121252
0.000122261
0.000123075
0.000123695
0.000124126
0.000124378
0.000124463
0.000124406
0.000124254
0.000124098
0.000124124
0.000124704
0.000126543
0.000130921
0.000140009
0.000157239
0.000187618
0.000237831
0.000315938
0.000430538
0.000589429
0.000798013
0.00105788
0.00136601
0.00171496
0.00209385
0.00249008
0.00289106
0.00328567
0.0036652
0.0040237
0.00435772
0.00466588
0.00494833
0.00520621
0.00544123
0.00565529
0.00585031
0.00602804
0.00619006
0.00633768
0.006472
0.00659392
0.00670415
0.00680324
0.00689164
0.00696971
0.00703774
0.00709596
0.00714462
0.00718393
0.00721411
0.00723542
0.0072481
0.00725246
0.00724882
0.00723753
0.00721897
0.00719356
0.00716174
0.00712395
0.0070807
0.00703246
0.00697975
0.0069231
0.00686306
0.00680016
0.006735
0.00666818
0.00660037
0.0065323
0.00646484
0.00639904
0.00633619
0.00627789
0.00622601
0.00618266
0.00615001
0.00613009
0.00612448
0.00613409
0.00615898
0.00619836
0.00625067
0.00631379
0.00638528
0.00646264
0.00654349
0.00662569
0.00670743
0.00678719
0.00686381
0.00693638
0.00700422
0.00706687
0.00712401
0.00717543
0.00722105
0.00726082
0.00729478
0.00732298
0.00734553
0.00736255
0.00737418
0.0073806
0.00738196
0.00737846
0.00737029
0.00735765
0.00734073
0.00731976
0.00729494
0.00726649
0.00723461
0.00719954
0.00716147
0.00712063
0.00707723
0.00703147
0.00698356
0.00693368
0.00688199
0.00682862
0.00677359
0.00671678
0.00665775
0.00659564
0.00652892
0.00645526
0.00637162
0.0062747
0.00616182
0.00603222
0.0058883
0.00573622
0.00558529
0.00544621
0.00532846
0.00523798
0.00517642
0.00514158
0.00512876
0.0051323
0.00514684
0.005168
0.00519262
0.00521863
0.00524477
0.00527033
0.00529497
0.00531852
0.0053409
0.0053621
0.0053821
0.00540092
0.00541856
0.00543501
0.00545028
0.00546439
0.00547733
0.00548913
0.0054998
0.00550936
3.18568e-07
3.46628e-07
3.74872e-07
4.03068e-07
4.3098e-07
4.58377e-07
4.85039e-07
5.10759e-07
5.35354e-07
5.58657e-07
5.8053e-07
6.00856e-07
6.19545e-07
6.3653e-07
6.51771e-07
6.65248e-07
6.76962e-07
6.86934e-07
6.95202e-07
7.01816e-07
7.06843e-07
7.10358e-07
7.12445e-07
7.13197e-07
7.1271e-07
7.11086e-07
7.08435e-07
7.04882e-07
7.00596e-07
6.95872e-07
6.9133e-07
6.88383e-07
6.9021e-07
7.03602e-07
7.42067e-07
8.30405e-07
1.01034e-06
1.34584e-06
1.92546e-06
2.85892e-06
4.26541e-06
6.25444e-06
8.90313e-06
1.22365e-05
1.62179e-05
2.07523e-05
2.57025e-05
3.0912e-05
3.62281e-05
4.15203e-05
4.66904e-05
5.16754e-05
5.64434e-05
6.09879e-05
6.53199e-05
6.94617e-05
7.34409e-05
7.72859e-05
8.10232e-05
8.46755e-05
8.826e-05
9.17885e-05
9.52669e-05
9.86953e-05
0.000102069
0.000105377
0.000108607
0.00011174
0.000114758
0.000117639
0.000120361
0.000122904
0.000125247
0.000127373
0.000129264
0.000130908
0.000132295
0.00013342
0.00013428
0.000134876
0.000135213
0.000135301
0.000135151
0.000134783
0.00013423
0.000133543
0.000132825
0.000132274
0.000132279
0.000133577
0.000137499
0.000146307
0.000163578
0.000194548
0.00024623
0.000327117
0.000446338
0.00061227
0.000830874
0.0011042
0.00142953
0.00179946
0.00220295
0.00262699
0.00305841
0.00348543
0.00389866
0.00429145
0.00465976
0.00500168
0.00531694
0.00560637
0.00587143
0.00611389
0.00633557
0.00653818
0.00672325
0.00689211
0.00704582
0.00718529
0.00731118
0.00742404
0.00752426
0.00761217
0.00768799
0.00775194
0.00780418
0.0078449
0.0078743
0.0078926
0.00790005
0.00789698
0.00788371
0.00786065
0.00782824
0.00778698
0.00773739
0.00768004
0.00761555
0.00754454
0.00746769
0.00738569
0.00729927
0.00720916
0.00711617
0.00702111
0.00692489
0.0068285
0.0067331
0.00664008
0.00655112
0.00646827
0.00639396
0.0063309
0.00628189
0.00624955
0.00623599
0.00624243
0.00626905
0.0063149
0.00637802
0.00645571
0.00654479
0.00664197
0.00674407
0.00684823
0.00695198
0.00705328
0.00715053
0.00724249
0.00732826
0.00740724
0.00747903
0.00754339
0.00760023
0.00764957
0.00769148
0.00772609
0.00775357
0.00777411
0.00778794
0.00779526
0.00779632
0.00779133
0.00778054
0.00776417
0.00774247
0.00771565
0.00768395
0.00764761
0.00760684
0.00756188
0.00751297
0.00746032
0.00740419
0.0073448
0.00728238
0.00721718
0.0071494
0.00707921
0.00700671
0.00693184
0.0068543
0.0067733
0.0066875
0.00659477
0.00649238
0.00637738
0.00624755
0.00610268
0.0059457
0.00578325
0.00562496
0.00548167
0.00536267
0.00527355
0.00521544
0.00518563
0.00517891
0.00518919
0.0052108
0.00523914
0.00527088
0.00530385
0.00533674
0.00536881
0.00539968
0.00542917
0.00545719
0.00548372
0.00550876
0.00553229
0.00555435
0.00557491
0.00559399
0.0056116
0.00562777
0.0056425
0.00565581
0.00566776
3.86039e-07
4.19505e-07
4.52962e-07
4.86103e-07
5.18617e-07
5.50209e-07
5.80601e-07
6.09541e-07
6.36808e-07
6.62209e-07
6.85588e-07
7.06823e-07
7.25826e-07
7.42544e-07
7.56954e-07
7.69063e-07
7.78903e-07
7.86531e-07
7.92024e-07
7.95478e-07
7.97002e-07
7.96718e-07
7.94758e-07
7.9126e-07
7.86367e-07
7.80228e-07
7.72995e-07
7.64836e-07
7.55965e-07
7.46719e-07
7.37776e-07
7.30635e-07
7.28632e-07
7.3886e-07
7.7542e-07
8.64189e-07
1.04872e-06
1.39584e-06
1.99819e-06
2.97071e-06
4.43869e-06
6.51778e-06
9.29038e-06
1.27851e-05
1.69661e-05
2.17369e-05
2.69564e-05
3.24622e-05
3.80956e-05
4.372e-05
4.92321e-05
5.45653e-05
5.96855e-05
6.45855e-05
6.92773e-05
7.37849e-05
7.81384e-05
8.23691e-05
8.65061e-05
9.05739e-05
9.45911e-05
9.85694e-05
0.000102513
0.00010642
0.00011028
0.000114079
0.000117795
0.000121403
0.000124875
0.000128182
0.000131294
0.00013418
0.000136813
0.000139167
0.000141222
0.000142959
0.000144367
0.000145438
0.00014617
0.000146565
0.000146631
0.000146382
0.000145836
0.000145018
0.000143966
0.000142743
0.000141459
0.000140326
0.000139752
0.000140508
0.000143979
0.000152522
0.000169869
0.000201493
0.000254748
0.000338574
0.000462631
0.000635866
0.000864775
0.00115182
0.00149448
0.00188533
0.00231305
0.00276413
0.00322475
0.00368239
0.00412697
0.00455115
0.00495031
0.00532209
0.00566587
0.00598226
0.0062726
0.00653861
0.00678214
0.00700494
0.00720862
0.00739458
0.00756396
0.00771767
0.00785644
0.00798078
0.00809108
0.00818761
0.00827056
0.00834005
0.00839621
0.00843915
0.00846901
0.00848594
0.00849016
0.00848195
0.00846163
0.00842959
0.00838628
0.00833224
0.00826802
0.00819426
0.00811166
0.00802096
0.00792294
0.00781844
0.00770834
0.00759357
0.00747512
0.00735402
0.00723141
0.00710856
0.00698692
0.00686823
0.00675457
0.00664847
0.00655289
0.00647115
0.00640668
0.0063627
0.00634178
0.00634546
0.00637397
0.00642618
0.00649969
0.00659115
0.00669665
0.00681207
0.00693346
0.00705724
0.00718033
0.0073002
0.00741487
0.00752285
0.00762309
0.00771491
0.0077979
0.00787188
0.00793684
0.00799287
0.00804016
0.00807895
0.00810952
0.00813214
0.00814712
0.00815475
0.0081553
0.00814905
0.00813626
0.00811717
0.00809201
0.00806101
0.00802438
0.00798233
0.00793505
0.00788276
0.00782566
0.00776394
0.00769785
0.00762759
0.00755341
0.00747554
0.00739422
0.00730966
0.007222
0.00713125
0.00703719
0.00693917
0.00683599
0.00672576
0.00660601
0.00647417
0.00632849
0.00616926
0.00599997
0.00582773
0.00566251
0.00551522
0.00539505
0.0053072
0.00525237
0.00522728
0.00522625
0.00524281
0.00527095
0.00530587
0.00534411
0.00538339
0.00542234
0.0054602
0.00549656
0.00553124
0.00556415
0.00559527
0.00562459
0.00565213
0.0056779
0.00570191
0.00572418
0.00574473
0.00576358
0.00578076
0.00579631
0.00581027
4.60661e-07
4.9994e-07
5.38959e-07
5.77324e-07
6.1465e-07
6.50573e-07
6.8476e-07
7.16914e-07
7.46777e-07
7.74138e-07
7.98829e-07
8.20729e-07
8.3976e-07
8.55885e-07
8.69108e-07
8.79468e-07
8.87034e-07
8.91904e-07
8.942e-07
8.94064e-07
8.91655e-07
8.87145e-07
8.80715e-07
8.72554e-07
8.62855e-07
8.51814e-07
8.39631e-07
8.2652e-07
8.12739e-07
7.98675e-07
7.85065e-07
7.73502e-07
7.67491e-07
7.74462e-07
8.09154e-07
8.98612e-07
1.08836e-06
1.44824e-06
2.07519e-06
3.08954e-06
4.62263e-06
6.79605e-06
9.69692e-06
1.33564e-05
1.77384e-05
2.27435e-05
2.8225e-05
3.4014e-05
3.99445e-05
4.58734e-05
5.1693e-05
5.73332e-05
6.2759e-05
6.7964e-05
7.29624e-05
7.7782e-05
8.24571e-05
8.70236e-05
9.15148e-05
9.59587e-05
0.000100376
0.000104779
0.000109172
0.000113549
0.000117897
0.000122193
0.00012641
0.000130514
0.000134468
0.000138232
0.000141765
0.000145029
0.000147987
0.000150605
0.000152857
0.000154719
0.000156176
0.000157219
0.000157845
0.000158059
0.000157871
0.000157299
0.000156366
0.000155104
0.000153559
0.000151802
0.000149954
0.000148241
0.000147091
0.000147308
0.000150336
0.000158631
0.000176088
0.000208427
0.000263351
0.000350259
0.000479346
0.000660119
0.000899574
0.00120053
0.0015606
0.00197223
0.00242372
0.00290095
0.00338937
0.00387569
0.00434908
0.00480156
0.00522795
0.0056255
0.00599335
0.00633198
0.00664272
0.00692739
0.00718794
0.0074263
0.00764425
0.00784332
0.00802477
0.00818961
0.0083386
0.00847228
0.00859103
0.00869505
0.00878449
0.00885938
0.00891977
0.00896568
0.00899714
0.00901426
0.00901715
0.00900602
0.00898115
0.00894286
0.0088916
0.00882784
0.00875216
0.00866523
0.00856775
0.00846054
0.00834445
0.00822044
0.00808951
0.00795276
0.00781134
0.00766652
0.00751966
0.0073723
0.0072262
0.00708344
0.00694653
0.00681848
0.00670281
0.00660345
0.00652445
0.00646961
0.00644195
0.00644329
0.00647388
0.00653235
0.00661583
0.00672028
0.006841
0.00697307
0.00711176
0.00725279
0.0073925
0.00752794
0.00765681
0.00777745
0.00788873
0.00798998
0.00808085
0.00816128
0.00823138
0.00829141
0.00834169
0.00838261
0.00841456
0.00843794
0.00845314
0.00846052
0.0084604
0.0084531
0.00843888
0.00841799
0.00839062
0.00835698
0.00831723
0.00827152
0.00822
0.00816279
0.00810005
0.00803191
0.00795855
0.00788014
0.00779687
0.00770898
0.00761667
0.00752017
0.00741966
0.0073152
0.00720664
0.00709346
0.00697461
0.00684841
0.00671269
0.00656525
0.00640478
0.0062321
0.00605124
0.00586977
0.00569799
0.00554694
0.00542566
0.00533902
0.00528725
0.00526657
0.00527084
0.00529319
0.00532733
0.00536825
0.00541233
0.00545724
0.00550155
0.00554446
0.00558557
0.00562467
0.0056617
0.00569665
0.00572951
0.00576032
0.0057891
0.00581588
0.0058407
0.0058636
0.00588461
0.00590377
0.00592113
0.00593674
5.41365e-07
5.86739e-07
6.3154e-07
6.75287e-07
7.17516e-07
7.57797e-07
7.95744e-07
8.31017e-07
8.63333e-07
8.92465e-07
9.18243e-07
9.40551e-07
9.59327e-07
9.74561e-07
9.86285e-07
9.94575e-07
9.99541e-07
1.00133e-06
1.0001e-06
9.96047e-07
9.89384e-07
9.80331e-07
9.69121e-07
9.55996e-07
9.41198e-07
9.24974e-07
9.07572e-07
8.89256e-07
8.70328e-07
8.51229e-07
8.32759e-07
8.16611e-07
8.06474e-07
8.10138e-07
8.43033e-07
9.33451e-07
1.12901e-06
1.50274e-06
2.15602e-06
3.2147e-06
4.81615e-06
7.08762e-06
1.01203e-05
1.3947e-05
1.85302e-05
2.37658e-05
2.95005e-05
3.55575e-05
4.17628e-05
4.79668e-05
5.40572e-05
5.99616e-05
6.5645e-05
7.11033e-05
7.63549e-05
8.14328e-05
8.63775e-05
9.1231e-05
9.60324e-05
0.000100814
0.0001056
0.000110405
0.000115231
0.00012007
0.000124904
0.000129705
0.000134437
0.000139055
0.000143513
0.00014776
0.000151744
0.000155416
0.000158729
0.000161642
0.000164121
0.000166136
0.000167669
0.000168708
0.000169251
0.000169303
0.000168878
0.000167997
0.00016669
0.000164995
0.000162967
0.000160683
0.000158277
0.000155988
0.000154267
0.000153953
0.00015655
0.000164617
0.000182216
0.000215326
0.00027201
0.000362129
0.000496418
0.000684929
0.000935132
0.00125014
0.00162763
0.00205981
0.0025345
0.00303689
0.0035516
0.00406454
0.00456411
0.00504169
0.00549162
0.00591084
0.00629834
0.00665459
0.00698104
0.00727969
0.00755275
0.00780239
0.00803063
0.00823921
0.00842955
0.00860278
0.0087597
0.00890089
0.00902667
0.00913722
0.0092326
0.00931275
0.00937761
0.00942711
0.00946117
0.00947979
0.00948301
0.00947092
0.00944372
0.00940167
0.00934512
0.00927451
0.00919036
0.0090933
0.00898405
0.00886342
0.00873231
0.00859174
0.00844282
0.00828677
0.00812491
0.00795871
0.00778975
0.00761984
0.00745106
0.00728586
0.00712716
0.00697847
0.00684389
0.00672795
0.00663534
0.00657041
0.00653664
0.00653607
0.00656894
0.00663359
0.00672661
0.00684326
0.00697802
0.00712516
0.00727916
0.0074351
0.00758878
0.00773688
0.00787688
0.008007
0.00812613
0.00823365
0.00832938
0.0084134
0.00848602
0.00854768
0.00859888
0.00864016
0.00867206
0.00869509
0.00870972
0.00871639
0.00871548
0.0087073
0.00869214
0.00867022
0.00864171
0.00860675
0.00856544
0.00851787
0.00846407
0.00840411
0.00833802
0.00826586
0.0081877
0.00810363
0.0080138
0.00791835
0.00781747
0.00771138
0.00760024
0.00748417
0.00736307
0.00723653
0.00710367
0.006963
0.00681266
0.0066508
0.00647658
0.00629133
0.00609961
0.00590946
0.0057315
0.00557691
0.00545458
0.00536908
0.00532016
0.00530359
0.00531276
0.00534043
0.00538004
0.00542636
0.00547567
0.00552554
0.00557451
0.00562175
0.00566686
0.00570964
0.00575005
0.00578807
0.00582374
0.00585711
0.00588823
0.00591715
0.00594392
0.00596861
0.00599127
0.00601196
0.00603072
0.00604764
6.27059e-07
6.78688e-07
7.29372e-07
7.7854e-07
8.25653e-07
8.70218e-07
9.118e-07
9.50028e-07
9.84598e-07
1.01527e-06
1.04189e-06
1.06435e-06
1.08261e-06
1.09669e-06
1.10666e-06
1.11262e-06
1.11474e-06
1.1132e-06
1.10821e-06
1.10002e-06
1.08889e-06
1.07508e-06
1.05889e-06
1.0406e-06
1.02052e-06
9.98926e-07
9.76131e-07
9.52441e-07
9.28211e-07
9.03933e-07
8.80476e-07
8.59639e-07
8.45308e-07
8.45658e-07
8.76855e-07
9.68514e-07
1.17045e-06
1.55905e-06
2.24026e-06
3.34553e-06
5.01821e-06
7.39088e-06
1.05582e-05
1.45536e-05
1.93368e-05
2.47979e-05
3.07754e-05
3.70835e-05
4.35397e-05
4.9988e-05
5.63117e-05
6.2437e-05
6.83305e-05
7.39915e-05
7.94445e-05
8.47295e-05
8.98947e-05
9.49901e-05
0.000100061
0.000105147
0.000110274
0.00011546
0.000120705
0.000126
0.000131321
0.000136633
0.00014189
0.000147039
0.00015202
0.000156772
0.000161231
0.000165335
0.00016903
0.000172263
0.000174993
0.000177185
0.000178816
0.000179873
0.000180352
0.00018026
0.000179615
0.00017844
0.000176773
0.000174658
0.000172156
0.000169356
0.000166401
0.000163546
0.000161262
0.000160426
0.000162605
0.000170464
0.000188239
0.000222172
0.000280696
0.000374142
0.000513781
0.0007102
0.000971305
0.00130045
0.0016953
0.00214773
0.00264497
0.00317143
0.00371083
0.00424825
0.00477133
0.00527082
0.00574066
0.00617755
0.00658046
0.00694998
0.00728778
0.00759617
0.00787769
0.00813486
0.00836998
0.00858503
0.00878162
0.00896099
0.00912399
0.0092712
0.00940291
0.00951922
0.00962008
0.00970536
0.00977487
0.00982841
0.00986583
0.009887
0.00989185
0.0098804
0.00985273
0.009809
0.00974948
0.00967451
0.00958454
0.00948012
0.00936193
0.00923074
0.00908746
0.00893313
0.00876893
0.00859617
0.00841632
0.00823102
0.00804207
0.00785155
0.00766185
0.00747578
0.00729673
0.0071287
0.00697635
0.00684487
0.00673954
0.0066653
0.00662603
0.00662397
0.00665931
0.00673005
0.0068322
0.00696027
0.00710791
0.00726855
0.00743595
0.00760455
0.00776969
0.00792773
0.00807601
0.00821273
0.00833683
0.00844787
0.00854582
0.00863102
0.00870397
0.00876531
0.00881575
0.00885599
0.00888669
0.00890849
0.00892195
0.00892756
0.00892575
0.00891684
0.00890112
0.00887878
0.00884996
0.00881474
0.00877314
0.00872515
0.00867073
0.00860981
0.00854232
0.0084682
0.00838739
0.0082999
0.00820574
0.00810498
0.00799775
0.00788421
0.00776453
0.00763881
0.00750702
0.00736885
0.00722355
0.00706986
0.00690619
0.00673106
0.00654408
0.0063471
0.0061452
0.00594689
0.00576313
0.0056052
0.00548189
0.00539744
0.00535119
0.00533843
0.00535212
0.00538465
0.0054292
0.00548037
0.00553429
0.00558848
0.00564143
0.00569232
0.00574073
0.00578649
0.00582956
0.00586997
0.00590777
0.00594305
0.00597588
0.00600635
0.00603454
0.00606052
0.00608438
0.00610618
0.00612601
0.00614393
7.1666e-07
7.74589e-07
8.31145e-07
8.85669e-07
9.37549e-07
9.86237e-07
1.03126e-06
1.07222e-06
1.1088e-06
1.14077e-06
1.16798e-06
1.19034e-06
1.20785e-06
1.22055e-06
1.22855e-06
1.232e-06
1.2311e-06
1.22608e-06
1.21719e-06
1.20474e-06
1.18901e-06
1.17035e-06
1.14907e-06
1.12551e-06
1.10004e-06
1.07299e-06
1.0447e-06
1.01555e-06
9.85932e-07
9.56397e-07
9.27885e-07
9.02307e-07
8.8376e-07
8.80825e-07
9.10446e-07
1.00363e-06
1.2125e-06
1.61691e-06
2.3275e-06
3.48138e-06
5.22777e-06
7.70422e-06
1.10083e-05
1.51728e-05
2.01537e-05
2.58338e-05
3.20423e-05
3.85835e-05
4.52657e-05
5.19268e-05
5.84464e-05
6.47502e-05
7.08074e-05
7.66232e-05
8.22291e-05
8.76741e-05
9.30157e-05
9.83126e-05
0.000103619
0.000108979
0.000114424
0.000119974
0.000125628
0.000131375
0.000137184
0.000143013
0.000148806
0.000154498
0.000160019
0.000165294
0.000170246
0.000174803
0.000178898
0.000182471
0.000185471
0.000187858
0.000189605
0.000190696
0.000191128
0.000190909
0.000190057
0.000188604
0.00018659
0.000184067
0.000181104
0.000177799
0.000174307
0.000170896
0.000168061
0.000166715
0.00016849
0.000176162
0.000194144
0.000228948
0.000289383
0.000386258
0.000531374
0.000735837
0.00100796
0.00135127
0.00176334
0.00223564
0.00275471
0.00330407
0.00386652
0.00442626
0.00497017
0.00548845
0.00597468
0.00642547
0.00683986
0.00721867
0.00756392
0.00787833
0.00816486
0.00842641
0.00866562
0.00888472
0.0090855
0.00926929
0.00943699
0.00958912
0.00972593
0.00984741
0.00995341
0.0100437
0.0101179
0.0101758
0.0102171
0.0102415
0.010249
0.0102394
0.0102127
0.0101689
0.0101083
0.0100311
0.00993752
0.00982814
0.0097035
0.00956431
0.00941145
0.00924593
0.00906896
0.00888192
0.00868638
0.00848415
0.00827723
0.00806796
0.00785903
0.00765365
0.00745562
0.00726949
0.00710051
0.00695448
0.00683732
0.0067545
0.00671032
0.00670719
0.00674518
0.00682191
0.00693277
0.00707149
0.00723086
0.00740353
0.00758249
0.00776163
0.0079359
0.00810141
0.00825543
0.00839619
0.0085228
0.008635
0.00873303
0.00881743
0.00888897
0.00894849
0.00899689
0.00903502
0.0090637
0.00908364
0.00909549
0.00909979
0.009097
0.00908746
0.00907145
0.00904914
0.00902062
0.00898592
0.00894498
0.00889771
0.00884394
0.0087835
0.00871619
0.0086418
0.00856016
0.00847112
0.00837457
0.00827048
0.00815887
0.00803983
0.00791348
0.00777993
0.00763917
0.00749097
0.00733472
0.00716936
0.00699357
0.00680626
0.00660748
0.00639957
0.00618813
0.00598217
0.00579295
0.00563189
0.00550765
0.00542419
0.00538042
0.00537118
0.00538902
0.00542598
0.00547498
0.00553044
0.00558841
0.00564631
0.00570262
0.0057565
0.00580756
0.00585565
0.00590075
0.00594291
0.00598224
0.00601885
0.00605285
0.00608435
0.00611347
0.00614032
0.00616498
0.00618756
0.00620814
0.0062268
8.09125e-07
8.73297e-07
9.35614e-07
9.95334e-07
1.05178e-06
1.10436e-06
1.15257e-06
1.19599e-06
1.23431e-06
1.26732e-06
1.29486e-06
1.3169e-06
1.33345e-06
1.3446e-06
1.35048e-06
1.3513e-06
1.34728e-06
1.3387e-06
1.32586e-06
1.3091e-06
1.28875e-06
1.26519e-06
1.23881e-06
1.20997e-06
1.17909e-06
1.14656e-06
1.11277e-06
1.07813e-06
1.0431e-06
1.00829e-06
9.74707e-07
9.44382e-07
9.21634e-07
9.15474e-07
9.43662e-07
1.03867e-06
1.255e-06
1.67608e-06
2.41736e-06
3.62161e-06
5.4438e-06
8.02607e-06
1.14681e-05
1.58013e-05
2.09765e-05
2.6868e-05
3.32947e-05
4.00496e-05
4.69327e-05
5.37752e-05
6.04538e-05
6.68952e-05
7.30728e-05
7.89986e-05
8.47135e-05
9.02765e-05
9.57557e-05
0.00010122
0.000106731
0.000112342
0.000118088
0.000123988
0.000130045
0.000136241
0.000142541
0.000148892
0.00015523
0.000161478
0.000167551
0.000173362
0.000178822
0.000183846
0.000188356
0.000192282
0.000195565
0.00019816
0.000200036
0.000201174
0.000201571
0.000201237
0.000200192
0.000198473
0.000196125
0.000193207
0.000189796
0.000185999
0.000181981
0.000178026
0.000174652
0.00017281
0.000174197
0.000181702
0.00019992
0.00023564
0.000298051
0.000398439
0.000549136
0.000761748
0.00104495
0.00140241
0.00183151
0.00232323
0.00286333
0.00343438
0.0040182
0.00459809
0.00516022
0.00569427
0.0061936
0.00665478
0.00707707
0.00746165
0.00781099
0.00812828
0.00841697
0.00868039
0.00892152
0.00914285
0.00934631
0.0095333
0.00970472
0.00986102
0.0100024
0.0101286
0.0102395
0.0103346
0.0104135
0.0104759
0.0105213
0.0105495
0.0105602
0.0105533
0.0105286
0.0104861
0.0104258
0.0103479
0.0102526
0.0101403
0.0100113
0.00986635
0.00970617
0.00953176
0.00934429
0.00914519
0.00893611
0.00871897
0.00849599
0.00826972
0.00804318
0.00781995
0.00760428
0.00740126
0.00721672
0.0070571
0.00692895
0.00683828
0.00678976
0.00678593
0.00682673
0.00690934
0.00702849
0.0071771
0.00734712
0.00753037
0.00771919
0.00790693
0.0080882
0.00825897
0.0084165
0.00855914
0.0086862
0.00879766
0.00889404
0.00897614
0.00904496
0.00910156
0.00914702
0.00918232
0.0092084
0.00922606
0.00923601
0.00923884
0.00923502
0.00922492
0.0092088
0.00918681
0.00915901
0.00912537
0.00908576
0.00904
0.00898783
0.00892895
0.00886303
0.00878972
0.0087087
0.00861966
0.00852236
0.00841661
0.00830232
0.00817948
0.00804815
0.00790839
0.00776022
0.00760347
0.00743764
0.00726188
0.00707513
0.00687666
0.00666696
0.00644888
0.00622854
0.0060154
0.00582107
0.00565706
0.00553195
0.00544941
0.00540794
0.00540195
0.00542358
0.00546455
0.00551754
0.00557679
0.00563826
0.00569931
0.0057584
0.0058147
0.00586782
0.00591765
0.0059642
0.00600757
0.00604789
0.00608532
0.00612001
0.00615212
0.00618177
0.00620911
0.00623426
0.00625733
0.00627842
0.00629762
9.03473e-07
9.73738e-07
1.04162e-06
1.1063e-06
1.16705e-06
1.22323e-06
1.27432e-06
1.31991e-06
1.35969e-06
1.39346e-06
1.42111e-06
1.44262e-06
1.45804e-06
1.4675e-06
1.47117e-06
1.46928e-06
1.46212e-06
1.44998e-06
1.4332e-06
1.41216e-06
1.38724e-06
1.35885e-06
1.32741e-06
1.29335e-06
1.25711e-06
1.21914e-06
1.17989e-06
1.1398e-06
1.0994e-06
1.05934e-06
1.02071e-06
9.85669e-07
9.5877e-07
9.4947e-07
9.76384e-07
1.07349e-06
1.29777e-06
1.73633e-06
2.50946e-06
3.76561e-06
5.66532e-06
8.3549e-06
1.19354e-05
1.6436e-05
2.18011e-05
2.78954e-05
3.45263e-05
4.14755e-05
4.85339e-05
5.55269e-05
6.23292e-05
6.88697e-05
7.51273e-05
8.11228e-05
8.69076e-05
9.25522e-05
9.81361e-05
0.000103739
0.000109432
0.000115275
0.000121307
0.000127551
0.000134006
0.000140651
0.000147443
0.000154323
0.000161213
0.000168025
0.00017466
0.000181018
0.000186996
0.000192496
0.000197429
0.000201717
0.000205292
0.000208103
0.000210116
0.000211309
0.000211681
0.00021124
0.000210013
0.000208039
0.000205369
0.000202068
0.000198222
0.000193945
0.000189415
0.00018493
0.00018103
0.000178705
0.000179721
0.000187079
0.000205561
0.000242235
0.000306677
0.000410651
0.000567011
0.000787845
0.00108216
0.00145369
0.00189957
0.0024102
0.00297048
0.00356195
0.00416544
0.00476337
0.00534119
0.00588817
0.00639752
0.00686593
0.00729295
0.00768025
0.00803083
0.00834843
0.00863704
0.00890043
0.00914189
0.00936416
0.00956929
0.0097587
0.00993323
0.0100932
0.0102387
0.0103695
0.010485
0.0105848
0.0106684
0.0107352
0.0107849
0.010817
0.0108313
0.0108275
0.0108055
0.0107651
0.0107063
0.010629
0.0105334
0.0104197
0.0102881
0.0101393
0.00997374
0.00979244
0.0095965
0.00938733
0.00916665
0.00893648
0.00869918
0.00845757
0.00821494
0.00797524
0.00774321
0.00752443
0.00732536
0.00715306
0.00701473
0.00691689
0.00686457
0.0068604
0.00690415
0.00699251
0.00711953
0.00727729
0.0074569
0.0076494
0.00784649
0.00804105
0.00822744
0.00840154
0.00856068
0.0087034
0.00882924
0.00893848
0.00903191
0.00911061
0.0091758
0.00922875
0.00927067
0.0093027
0.00932584
0.00934098
0.00934887
0.00935013
0.00934526
0.00933463
0.0093185
0.009297
0.00927016
0.0092379
0.00920006
0.00915634
0.00910641
0.00904986
0.00898621
0.00891499
0.00883571
0.00874791
0.00865117
0.00854516
0.00842964
0.00830447
0.00816962
0.00802511
0.00787094
0.00770697
0.00753283
0.00734783
0.00715119
0.00694252
0.00672274
0.00649521
0.00626656
0.00604669
0.00584755
0.00568078
0.00555486
0.00547317
0.00543384
0.00543084
0.00545593
0.00550052
0.00555706
0.00561963
0.0056841
0.00574779
0.00580913
0.00586732
0.00592198
0.00597303
0.00602054
0.00606463
0.00610549
0.00614332
0.00617832
0.00621066
0.00624052
0.00626807
0.00629345
0.00631678
0.00633817
0.00635775
9.98799e-07
1.07493e-06
1.14812e-06
1.21746e-06
1.28219e-06
1.34164e-06
1.39529e-06
1.44274e-06
1.48369e-06
1.51796e-06
1.54549e-06
1.56629e-06
1.58045e-06
1.58813e-06
1.58954e-06
1.58495e-06
1.57466e-06
1.55901e-06
1.53837e-06
1.51315e-06
1.48376e-06
1.45065e-06
1.41428e-06
1.37511e-06
1.33363e-06
1.29033e-06
1.2457e-06
1.20026e-06
1.15455e-06
1.10931e-06
1.0657e-06
1.02601e-06
9.95039e-07
9.82707e-07
1.00851e-06
1.10801e-06
1.34071e-06
1.79745e-06
2.60345e-06
3.91279e-06
5.89136e-06
8.68921e-06
1.24081e-05
1.7074e-05
2.26236e-05
2.89112e-05
3.57317e-05
4.28552e-05
5.00638e-05
5.71775e-05
6.40701e-05
7.06739e-05
7.69751e-05
8.30045e-05
8.88253e-05
9.45208e-05
0.000100182
0.000105901
0.000111758
0.000117819
0.000124128
0.000130709
0.00013756
0.000144654
0.000151943
0.000159356
0.000166805
0.000174187
0.000181392
0.000188302
0.000194803
0.000200785
0.000206147
0.000210799
0.000214669
0.000217701
0.000219854
0.000221108
0.000221459
0.00022092
0.000219518
0.000217298
0.000214316
0.000210645
0.000206375
0.000201632
0.000196603
0.000191601
0.00018719
0.000184398
0.000185058
0.000192289
0.000211061
0.000248725
0.000315244
0.000422861
0.000584945
0.000814043
0.00111945
0.00150493
0.00196729
0.00249626
0.00307583
0.00368644
0.00430793
0.00492182
0.00551293
0.00607019
0.00658675
0.00705955
0.00748856
0.007876
0.0082255
0.0085414
0.00882824
0.0090902
0.00933093
0.00955333
0.00975953
0.00995091
0.0101282
0.0102917
0.0104411
0.0105762
0.0106962
0.0108005
0.0108886
0.0109598
0.0110136
0.0110497
0.0110677
0.0110673
0.0110484
0.0110106
0.0109539
0.0108781
0.0107833
0.0106695
0.0105368
0.0103856
0.0102163
0.0100299
0.00982722
0.00960976
0.00937923
0.00913771
0.00888772
0.00863228
0.00837497
0.00812012
0.0078729
0.00763945
0.00742683
0.00724274
0.00709498
0.00699062
0.00693499
0.00693082
0.00697762
0.00707161
0.00720607
0.00737226
0.00756047
0.00776096
0.00796485
0.00816464
0.00835449
0.00853028
0.00868945
0.00883079
0.00895412
0.00906002
0.00914958
0.00922413
0.00928511
0.00933396
0.00937203
0.00940055
0.0094206
0.00943311
0.00943888
0.00943854
0.0094326
0.00942145
0.00940534
0.00938439
0.00935863
0.00932793
0.00929207
0.00925071
0.00920342
0.00914969
0.00908893
0.00902052
0.00894382
0.00885819
0.00876306
0.00865791
0.00854234
0.00841609
0.008279
0.008131
0.00797206
0.00780209
0.00762077
0.00742761
0.00722206
0.00700408
0.00677501
0.0065387
0.00630229
0.00607614
0.00587249
0.00570314
0.00557646
0.00549556
0.00545819
0.00545794
0.00548618
0.00553404
0.00559372
0.00565918
0.0057262
0.00579206
0.00585519
0.0059148
0.00597054
0.00602237
0.0060704
0.00611481
0.00615584
0.00619372
0.00622869
0.00626098
0.0062908
0.00631832
0.00634372
0.00636715
0.00638871
0.00640853
1.09429e-06
1.17601e-06
1.25417e-06
1.32783e-06
1.39619e-06
1.45856e-06
1.51443e-06
1.5634e-06
1.60523e-06
1.63977e-06
1.66699e-06
1.68693e-06
1.69972e-06
1.70557e-06
1.70471e-06
1.69745e-06
1.68411e-06
1.66506e-06
1.6407e-06
1.61145e-06
1.57775e-06
1.54009e-06
1.49895e-06
1.45483e-06
1.40827e-06
1.35979e-06
1.30992e-06
1.25924e-06
1.20834e-06
1.15802e-06
1.10953e-06
1.06529e-06
1.03034e-06
1.0151e-06
1.03998e-06
1.14213e-06
1.38367e-06
1.85924e-06
2.699e-06
4.06256e-06
6.12097e-06
9.02757e-06
1.28841e-05
1.77123e-05
2.34405e-05
2.99112e-05
3.69063e-05
4.41842e-05
5.15184e-05
5.87244e-05
6.56762e-05
7.23107e-05
7.8623e-05
8.46553e-05
9.04835e-05
9.62043e-05
0.000101922
0.000107739
0.000113747
0.000120015
0.000126595
0.00013351
0.000140756
0.000148301
0.00015609
0.00016404
0.000172052
0.000180009
0.000187786
0.000195253
0.00020228
0.000208744
0.000214534
0.000219552
0.000223718
0.000226969
0.000229263
0.000230579
0.000230913
0.000230279
0.000228709
0.00022625
0.000222966
0.000218934
0.000214254
0.000209057
0.000203543
0.000198038
0.00019313
0.000189886
0.000190207
0.00019733
0.000216416
0.000255099
0.000323735
0.000435039
0.000602886
0.000840262
0.00115672
0.00155598
0.00203446
0.00258117
0.00317908
0.00380755
0.00444539
0.00507325
0.00567539
0.00624048
0.00676175
0.00723646
0.00766511
0.00805057
0.00839715
0.00870982
0.00899366
0.0092533
0.00949264
0.00971473
0.00992172
0.0101149
0.0102949
0.0104617
0.0106151
0.0107542
0.0108786
0.0109873
0.0110796
0.011155
0.0112128
0.0112527
0.0112743
0.0112774
0.0112616
0.0112268
0.0111726
0.011099
0.0110057
0.0108928
0.01076
0.0106077
0.0104361
0.0102459
0.0100381
0.00981391
0.00957508
0.00932373
0.00906253
0.00879465
0.00852397
0.00825518
0.00799389
0.00774679
0.00752153
0.00732647
0.00717002
0.00705974
0.00700127
0.00699739
0.00704733
0.00714678
0.00728827
0.00746221
0.00765807
0.0078654
0.00807477
0.00827838
0.00847026
0.00864634
0.00880426
0.00894307
0.00906292
0.0091647
0.00924977
0.00931971
0.00937616
0.00942071
0.00945482
0.00947977
0.00949671
0.00950659
0.00951023
0.00950829
0.00950129
0.00948961
0.00947351
0.00945312
0.00942844
0.00939934
0.00936554
0.00932668
0.00928223
0.0092316
0.0091741
0.00910898
0.00903545
0.00895269
0.00885995
0.00875655
0.00864192
0.00851561
0.00837734
0.00822694
0.00806434
0.00788942
0.00770197
0.00750162
0.00728807
0.0070616
0.00682398
0.00657952
0.00633588
0.00610384
0.00589598
0.0057242
0.00559681
0.00551665
0.0054811
0.00548336
0.00551447
0.00556524
0.0056277
0.00569566
0.00576481
0.00583243
0.00589694
0.00595756
0.00601398
0.00606622
0.00611441
0.00615881
0.00619969
0.00623734
0.00627204
0.00630405
0.00633362
0.00636095
0.00638623
0.00640962
0.00643124
0.00645122
1.18923e-06
1.2762e-06
1.35898e-06
1.43659e-06
1.50818e-06
1.5731e-06
1.63084e-06
1.68104e-06
1.72347e-06
1.75805e-06
1.78477e-06
1.80373e-06
1.81509e-06
1.81909e-06
1.816e-06
1.80614e-06
1.78987e-06
1.76757e-06
1.73965e-06
1.70656e-06
1.66876e-06
1.62674e-06
1.58104e-06
1.53218e-06
1.48073e-06
1.42724e-06
1.37232e-06
1.31655e-06
1.26061e-06
1.20534e-06
1.15208e-06
1.1034e-06
1.0646e-06
1.04658e-06
1.07071e-06
1.17578e-06
1.42656e-06
1.92153e-06
2.79576e-06
4.21437e-06
6.35328e-06
9.36863e-06
1.33615e-05
1.83484e-05
2.42483e-05
3.08916e-05
3.80459e-05
4.54588e-05
5.28951e-05
6.01667e-05
6.71489e-05
7.3785e-05
8.00801e-05
8.60886e-05
9.19005e-05
9.76264e-05
0.000103384
0.000109286
0.000115433
0.000121904
0.000128751
0.000135998
0.000143639
0.000151637
0.000159927
0.000168417
0.000176994
0.000185529
0.00019388
0.000201903
0.000209455
0.0002164
0.000222616
0.000227996
0.000232453
0.000235921
0.000238355
0.000239732
0.000240049
0.000239323
0.000237588
0.000234898
0.00023132
0.000226937
0.000221857
0.00021622
0.000210234
0.000204241
0.000198851
0.00019517
0.000195169
0.000202202
0.000221623
0.000261352
0.000332134
0.000447156
0.000620788
0.000866428
0.00119384
0.00160667
0.00210088
0.00266468
0.00327999
0.00392504
0.00457762
0.00521757
0.00582863
0.00639933
0.00692307
0.00739755
0.00782389
0.00820566
0.0085479
0.00885625
0.0091363
0.00939307
0.00963071
0.00985234
0.0100601
0.0102551
0.0104378
0.010608
0.0107652
0.0109085
0.011037
0.0111498
0.0112462
0.0113254
0.011387
0.0114305
0.0114555
0.0114619
0.0114493
0.0114174
0.0113661
0.011295
0.0112038
0.0110924
0.0109604
0.010808
0.0106352
0.0104425
0.0102308
0.0100012
0.00975542
0.00949561
0.00922451
0.00894547
0.00866263
0.00838102
0.0081067
0.00784689
0.00760987
0.00740461
0.00724015
0.00712452
0.00706365
0.00706031
0.00711347
0.00721821
0.0073663
0.00754733
0.00774996
0.00796306
0.00817674
0.00838293
0.00857562
0.00875084
0.00890649
0.00904191
0.00915759
0.00925472
0.00933494
0.00940005
0.00945187
0.0094921
0.00952226
0.0095437
0.0095576
0.00956493
0.0095665
0.00956299
0.00955492
0.0095427
0.00952658
0.00950669
0.00948304
0.00945548
0.00942373
0.00938735
0.0093458
0.00929839
0.00924434
0.0091828
0.00911281
0.00903341
0.00894365
0.00884267
0.00872973
0.00860421
0.00846566
0.0083138
0.00814848
0.00796957
0.0077769
0.00757024
0.00734952
0.00711532
0.00686982
0.00661782
0.00636743
0.00612989
0.00591808
0.00574404
0.00561598
0.0055365
0.00550264
0.00550721
0.0055409
0.00559429
0.00565918
0.00572928
0.00580021
0.00586922
0.00593474
0.00599601
0.00605278
0.0061051
0.00615317
0.00619728
0.00623776
0.00627496
0.0063092
0.00634077
0.00636995
0.00639696
0.00642201
0.00644528
0.00646689
0.00648696
1.28301e-06
1.37486e-06
1.46187e-06
1.54302e-06
1.61747e-06
1.68456e-06
1.74382e-06
1.79493e-06
1.83772e-06
1.87212e-06
1.8982e-06
1.91608e-06
1.92598e-06
1.92814e-06
1.92288e-06
1.91055e-06
1.89149e-06
1.86611e-06
1.83483e-06
1.79811e-06
1.75644e-06
1.71031e-06
1.66028e-06
1.60691e-06
1.55078e-06
1.49251e-06
1.43271e-06
1.37204e-06
1.31122e-06
1.25115e-06
1.19327e-06
1.14028e-06
1.09775e-06
1.07711e-06
1.10068e-06
1.20892e-06
1.46929e-06
1.98413e-06
2.89345e-06
4.3677e-06
6.58742e-06
9.71108e-06
1.38383e-05
1.89798e-05
2.50443e-05
3.18488e-05
3.91475e-05
4.66761e-05
5.41922e-05
6.15046e-05
6.84912e-05
7.51032e-05
8.13567e-05
8.73193e-05
9.30956e-05
9.88104e-05
0.000104594
0.000110572
0.000116853
0.000123521
0.000130632
0.000138211
0.000146248
0.0001547
0.000163493
0.000172525
0.000181669
0.000190781
0.000199705
0.000208283
0.000216356
0.000223778
0.000230414
0.00023615
0.000240893
0.000244572
0.000247141
0.000248576
0.000248875
0.000248057
0.000246161
0.000243245
0.00023938
0.000234657
0.000229188
0.000223123
0.000216678
0.000210212
0.000204355
0.000200252
0.000199945
0.000206906
0.00022668
0.000267477
0.000340428
0.000459188
0.000638604
0.00089247
0.00123073
0.00165688
0.00216638
0.0027466
0.00337833
0.0040387
0.00470448
0.00535475
0.0059728
0.00654709
0.00707135
0.00754378
0.0079662
0.00834296
0.00867983
0.0089831
0.00925887
0.00951254
0.00974841
0.00996964
0.0101783
0.0103753
0.0105608
0.0107346
0.0108956
0.0110429
0.0111754
0.0112922
0.0113923
0.0114752
0.0115401
0.0115868
0.011615
0.0116244
0.0116148
0.011586
0.0115375
0.0114691
0.0113804
0.0112709
0.0111404
0.0109886
0.0108154
0.0106213
0.0104068
0.010173
0.00992144
0.00965437
0.00937456
0.00908551
0.00879161
0.00849822
0.00821184
0.00794023
0.00769224
0.00747752
0.00730568
0.00718522
0.00712234
0.00711979
0.00717619
0.00728604
0.00744033
0.00762783
0.00783639
0.0080543
0.00827123
0.00847894
0.0086714
0.00884485
0.00899743
0.00912884
0.00923987
0.00933204
0.00940725
0.00946749
0.00951471
0.0095507
0.00957706
0.00959514
0.00960614
0.00961102
0.00961061
0.00960557
0.00959646
0.00958367
0.00956747
0.00954802
0.0095253
0.00949919
0.00946937
0.00943541
0.00939671
0.00935251
0.00930197
0.00924414
0.00917791
0.00910216
0.00901578
0.00891773
0.00880707
0.008683
0.00854491
0.00839238
0.00822515
0.00804308
0.00784602
0.00763386
0.00740671
0.00716549
0.00691275
0.00665374
0.00639706
0.00615438
0.00593889
0.00576273
0.00563405
0.0055552
0.00552288
0.00552956
0.0055656
0.00562132
0.00568834
0.00576025
0.00583263
0.00590271
0.00596892
0.00603055
0.00608739
0.00613953
0.00618723
0.00623084
0.00627074
0.00630731
0.00634095
0.00637196
0.00640064
0.00642725
0.006452
0.00647509
0.00649664
0.00651677
0.00515299
0.00515488
0.00515665
0.00515828
0.00515979
0.00516118
0.00516245
0.00516361
0.00516465
0.00516558
0.00516641
0.00516714
0.00516776
0.0051683
0.00516875
0.00516911
0.00516939
0.00516959
0.00516972
0.00516979
0.0051698
0.00516975
0.00516965
0.00516951
0.00516933
0.00516911
0.00516887
0.00516861
0.00516834
0.00516805
0.00516776
0.00516748
0.00516721
0.00516695
0.00516671
0.0051665
0.00516632
0.00516618
0.00516609
0.00516604
0.00534096
0.00534422
0.00534723
0.00535
0.00535254
0.00535486
0.00535694
0.00535881
0.00536047
0.00536193
0.00536319
0.00536426
0.00536514
0.00536585
0.0053664
0.00536678
0.00536702
0.00536712
0.0053671
0.00536695
0.00536669
0.00536634
0.0053659
0.00536539
0.00536481
0.00536418
0.00536351
0.00536281
0.0053621
0.00536138
0.00536067
0.00535997
0.00535931
0.0053587
0.00535814
0.00535764
0.00535723
0.0053569
0.00535667
0.00535656
0.00551608
0.00552061
0.00552479
0.00552863
0.00553215
0.00553533
0.00553821
0.00554077
0.00554304
0.00554502
0.00554672
0.00554814
0.00554931
0.00555024
0.00555093
0.00555139
0.00555165
0.0055517
0.00555158
0.00555129
0.00555085
0.00555027
0.00554956
0.00554876
0.00554786
0.00554689
0.00554587
0.00554481
0.00554373
0.00554264
0.00554157
0.00554054
0.00553955
0.00553862
0.00553778
0.00553705
0.00553642
0.00553594
0.0055356
0.00553543
0.00567616
0.00568182
0.00568705
0.00569185
0.00569625
0.00570025
0.00570385
0.00570707
0.00570992
0.00571241
0.00571455
0.00571635
0.00571784
0.00571901
0.00571989
0.00572049
0.00572082
0.00572091
0.00572077
0.00572042
0.00571988
0.00571916
0.00571829
0.00571729
0.00571617
0.00571496
0.00571369
0.00571236
0.005711
0.00570964
0.0057083
0.00570699
0.00570574
0.00570458
0.00570352
0.00570259
0.0057018
0.00570119
0.00570076
0.00570054
0.0058201
0.00582674
0.00583288
0.00583853
0.00584371
0.00584843
0.0058527
0.00585653
0.00585993
0.00586291
0.00586549
0.00586768
0.0058695
0.00587096
0.00587208
0.00587287
0.00587336
0.00587355
0.00587348
0.00587316
0.00587261
0.00587185
0.00587092
0.00586982
0.00586859
0.00586724
0.00586581
0.00586432
0.00586279
0.00586125
0.00585972
0.00585824
0.00585681
0.00585548
0.00585427
0.0058532
0.0058523
0.00585158
0.00585109
0.00585083
0.00594776
0.00595521
0.00596212
0.0059685
0.00597436
0.00597972
0.00598458
0.00598896
0.00599288
0.00599634
0.00599935
0.00600194
0.00600412
0.00600589
0.0060073
0.00600833
0.00600903
0.00600941
0.00600948
0.00600927
0.00600881
0.00600811
0.00600721
0.00600612
0.00600488
0.0060035
0.00600202
0.00600047
0.00599886
0.00599724
0.00599562
0.00599404
0.00599252
0.0059911
0.00598979
0.00598864
0.00598766
0.00598689
0.00598635
0.00598608
0.00605962
0.00606774
0.00607529
0.00608228
0.00608873
0.00609464
0.00610004
0.00610493
0.00610932
0.00611323
0.00611668
0.00611967
0.00612222
0.00612435
0.00612607
0.0061274
0.00612837
0.00612899
0.00612928
0.00612927
0.00612897
0.00612843
0.00612764
0.00612666
0.0061255
0.00612418
0.00612275
0.00612123
0.00611964
0.00611802
0.00611639
0.0061148
0.00611326
0.00611181
0.00611048
0.0061093
0.0061083
0.0061075
0.00610694
0.00610666
0.00615666
0.00616532
0.00617339
0.00618089
0.00618783
0.00619424
0.00620011
0.00620546
0.0062103
0.00621465
0.00621851
0.00622191
0.00622485
0.00622735
0.00622943
0.0062311
0.00623239
0.0062333
0.00623388
0.00623412
0.00623407
0.00623375
0.00623317
0.00623237
0.00623137
0.0062302
0.0062289
0.00622749
0.006226
0.00622446
0.00622291
0.00622137
0.00621988
0.00621847
0.00621716
0.006216
0.00621501
0.00621422
0.00621367
0.00621338
0.00624012
0.0062492
0.00625769
0.00626562
0.00627299
0.00627982
0.00628612
0.0062919
0.00629716
0.00630193
0.0063062
0.00631001
0.00631335
0.00631624
0.0063187
0.00632074
0.00632238
0.00632365
0.00632455
0.00632512
0.00632536
0.00632532
0.00632501
0.00632446
0.0063237
0.00632275
0.00632164
0.00632042
0.00631909
0.0063177
0.00631629
0.00631487
0.00631348
0.00631216
0.00631093
0.00630983
0.00630888
0.00630813
0.0063076
0.00630732
0.00631137
0.00632079
0.00632963
0.00633791
0.00634566
0.00635286
0.00635955
0.00636571
0.00637138
0.00637655
0.00638123
0.00638544
0.00638919
0.00639248
0.00639534
0.00639778
0.00639981
0.00640146
0.00640273
0.00640365
0.00640425
0.00640454
0.00640455
0.0064043
0.00640382
0.00640315
0.0064023
0.00640131
0.00640021
0.00639902
0.00639779
0.00639654
0.0063953
0.00639411
0.006393
0.00639199
0.00639113
0.00639043
0.00638994
0.00638968
0.00637184
0.00638151
0.00639064
0.00639923
0.00640729
0.00641484
0.00642188
0.00642841
0.00643446
0.00644002
0.0064451
0.00644972
0.00645387
0.00645758
0.00646086
0.00646371
0.00646615
0.00646819
0.00646986
0.00647118
0.00647215
0.00647281
0.00647318
0.00647327
0.00647313
0.00647276
0.00647221
0.0064715
0.00647066
0.00646972
0.00646871
0.00646767
0.00646662
0.0064656
0.00646463
0.00646375
0.00646298
0.00646236
0.00646192
0.00646168
0.00642287
0.00643276
0.00644213
0.00645098
0.00645933
0.00646718
0.00647455
0.00648144
0.00648785
0.00649379
0.00649926
0.00650428
0.00650885
0.00651297
0.00651667
0.00651994
0.0065228
0.00652527
0.00652736
0.00652908
0.00653046
0.00653151
0.00653226
0.00653272
0.00653293
0.00653291
0.00653268
0.00653228
0.00653174
0.00653107
0.00653032
0.00652951
0.00652868
0.00652785
0.00652705
0.00652631
0.00652567
0.00652514
0.00652475
0.00652455
0.00646576
0.00647582
0.00648539
0.00649448
0.00650309
0.00651123
0.00651891
0.00652613
0.00653289
0.0065392
0.00654506
0.00655048
0.00655545
0.00656
0.00656411
0.00656781
0.0065711
0.006574
0.00657651
0.00657865
0.00658045
0.0065819
0.00658305
0.0065839
0.00658449
0.00658482
0.00658495
0.00658487
0.00658464
0.00658427
0.00658379
0.00658324
0.00658263
0.00658201
0.0065814
0.00658083
0.00658031
0.00657989
0.00657957
0.0065794
0.00650165
0.00651186
0.00652162
0.00653092
0.00653977
0.00654819
0.00655617
0.00656371
0.00657081
0.00657748
0.00658372
0.00658953
0.00659491
0.00659986
0.0066044
0.00660852
0.00661224
0.00661557
0.00661851
0.00662108
0.00662329
0.00662516
0.00662671
0.00662796
0.00662892
0.00662963
0.00663011
0.00663038
0.00663046
0.0066304
0.00663021
0.00662992
0.00662956
0.00662916
0.00662875
0.00662834
0.00662797
0.00662766
0.00662742
0.00662728
0.00653159
0.00654194
0.00655185
0.00656136
0.00657044
0.00657912
0.00658738
0.00659523
0.00660267
0.00660969
0.0066163
0.00662249
0.00662827
0.00663363
0.00663859
0.00664313
0.00664728
0.00665103
0.00665439
0.00665738
0.00666001
0.0066623
0.00666425
0.00666589
0.00666724
0.00666832
0.00666916
0.00666977
0.00667019
0.00667043
0.00667053
0.00667051
0.0066704
0.00667023
0.00667002
0.00666979
0.00666957
0.00666937
0.00666921
0.00666911
1.21502e-09
4.14841e-09
7.69203e-09
1.19429e-08
1.7005e-08
2.29891e-08
3.00135e-08
3.82025e-08
4.76861e-08
5.85988e-08
7.10785e-08
8.52648e-08
1.01297e-07
1.19314e-07
1.39447e-07
1.61822e-07
1.86558e-07
2.13756e-07
2.43506e-07
2.75878e-07
3.10922e-07
3.48661e-07
3.89097e-07
4.32201e-07
4.77915e-07
5.26151e-07
5.76791e-07
6.29687e-07
6.84661e-07
7.4151e-07
8.00004e-07
8.59893e-07
9.20907e-07
9.82761e-07
1.04516e-06
1.1078e-06
1.17039e-06
1.2326e-06
1.29413e-06
1.35468e-06
1.40879e-09
4.81118e-09
8.92509e-09
1.38664e-08
1.97594e-08
2.67375e-08
3.49427e-08
4.45248e-08
5.56409e-08
6.84535e-08
8.31292e-08
9.98368e-08
1.18744e-07
1.40017e-07
1.63814e-07
1.90285e-07
2.19566e-07
2.51777e-07
2.87017e-07
3.25359e-07
3.66851e-07
4.11508e-07
4.59311e-07
5.10205e-07
5.64098e-07
6.20858e-07
6.80317e-07
7.42269e-07
8.06472e-07
8.72655e-07
9.40516e-07
1.00973e-06
1.07996e-06
1.15084e-06
1.22201e-06
1.2931e-06
1.36374e-06
1.43359e-06
1.50226e-06
1.56942e-06
1.62145e-09
5.53861e-09
1.02787e-08
1.59786e-08
2.27854e-08
3.08574e-08
4.03635e-08
5.14822e-08
6.44008e-08
7.93133e-08
9.64184e-08
1.15917e-07
1.3801e-07
1.62891e-07
1.90749e-07
2.21757e-07
2.56072e-07
2.93828e-07
3.35131e-07
3.80056e-07
4.2864e-07
4.80882e-07
5.36734e-07
5.96104e-07
6.58852e-07
7.2479e-07
7.93682e-07
8.65251e-07
9.39176e-07
1.0151e-06
1.09264e-06
1.17139e-06
1.25091e-06
1.33078e-06
1.41054e-06
1.48978e-06
1.56806e-06
1.64497e-06
1.72011e-06
1.79309e-06
1.85299e-09
6.33073e-09
1.1753e-08
1.82799e-08
2.60837e-08
3.53506e-08
4.62791e-08
5.90799e-08
7.39738e-08
9.11899e-08
1.10963e-07
1.33529e-07
1.59123e-07
1.87974e-07
2.20297e-07
2.56294e-07
2.96138e-07
3.39976e-07
3.8792e-07
4.40036e-07
4.96346e-07
5.5682e-07
6.2137e-07
6.89853e-07
7.62064e-07
8.37742e-07
9.1657e-07
9.98178e-07
1.08215e-06
1.16803e-06
1.25534e-06
1.34357e-06
1.4322e-06
1.52072e-06
1.60859e-06
1.69534e-06
1.78047e-06
1.86354e-06
1.94412e-06
2.02177e-06
2.10323e-09
7.1869e-09
1.33469e-08
2.07687e-08
2.96525e-08
4.02148e-08
5.26874e-08
6.73163e-08
8.43594e-08
1.04085e-07
1.26766e-07
1.52678e-07
1.82095e-07
2.15279e-07
2.52478e-07
2.93915e-07
3.39785e-07
3.90242e-07
4.45393e-07
5.05293e-07
5.69936e-07
6.3925e-07
7.13093e-07
7.91251e-07
8.7344e-07
9.59304e-07
1.04842e-06
1.14032e-06
1.23447e-06
1.3303e-06
1.42721e-06
1.52459e-06
1.62184e-06
1.71833e-06
1.8135e-06
1.90677e-06
1.99764e-06
2.08562e-06
2.17027e-06
2.25116e-06
2.37174e-09
8.10569e-09
1.50578e-08
2.3441e-08
3.34863e-08
4.54434e-08
5.95804e-08
7.61821e-08
9.55475e-08
1.17987e-07
1.43817e-07
1.73355e-07
2.06915e-07
2.44797e-07
2.87278e-07
3.34606e-07
3.86991e-07
4.44588e-07
5.07496e-07
5.75745e-07
6.49287e-07
7.27992e-07
8.11647e-07
8.99948e-07
9.92508e-07
1.08886e-06
1.18845e-06
1.29069e-06
1.3949e-06
1.5004e-06
1.60647e-06
1.71238e-06
1.81743e-06
1.92092e-06
2.02222e-06
2.12072e-06
2.21588e-06
2.30722e-06
2.39431e-06
2.47673e-06
2.65786e-09
9.08481e-09
1.68814e-08
2.62905e-08
3.75762e-08
5.10246e-08
6.69434e-08
8.56597e-08
1.07517e-07
1.32873e-07
1.62089e-07
1.95529e-07
2.33549e-07
2.76487e-07
3.24651e-07
3.78311e-07
4.37684e-07
5.02924e-07
5.74107e-07
6.51226e-07
7.34176e-07
8.22751e-07
9.16643e-07
1.01544e-06
1.11862e-06
1.22558e-06
1.33564e-06
1.44803e-06
1.56195e-06
1.67658e-06
1.79106e-06
1.90456e-06
2.01628e-06
2.12547e-06
2.23144e-06
2.33357e-06
2.43132e-06
2.52423e-06
2.61192e-06
2.69402e-06
2.96062e-09
1.0121e-08
1.88117e-08
2.93079e-08
4.19093e-08
5.69413e-08
7.47547e-08
9.57226e-08
1.20237e-07
1.48705e-07
1.81538e-07
2.1915e-07
2.61938e-07
3.1028e-07
3.64514e-07
4.24928e-07
4.91741e-07
5.65094e-07
6.45029e-07
7.31485e-07
8.24281e-07
9.23113e-07
1.02755e-06
1.13705e-06
1.25094e-06
1.36845e-06
1.48873e-06
1.61086e-06
1.73388e-06
1.8568e-06
1.97866e-06
2.09852e-06
2.2155e-06
2.32881e-06
2.43774e-06
2.54167e-06
2.64011e-06
2.73265e-06
2.81898e-06
2.89884e-06
3.27877e-09
1.12099e-08
2.08409e-08
3.2481e-08
4.64683e-08
6.31706e-08
8.2985e-08
1.06334e-07
1.33662e-07
1.6543e-07
2.02102e-07
2.44142e-07
2.91994e-07
3.46074e-07
4.06747e-07
4.74311e-07
5.48984e-07
6.30878e-07
7.19989e-07
8.1618e-07
9.19173e-07
1.02854e-06
1.14371e-06
1.26397e-06
1.38847e-06
1.51627e-06
1.64631e-06
1.77751e-06
1.90873e-06
2.03885e-06
2.16678e-06
2.29151e-06
2.41209e-06
2.52772e-06
2.6377e-06
2.74146e-06
2.83859e-06
2.92878e-06
3.01182e-06
3.08757e-06
3.61075e-09
1.23463e-08
2.29589e-08
3.57944e-08
5.12315e-08
6.96835e-08
9.15968e-08
1.17447e-07
1.47735e-07
1.82977e-07
2.23696e-07
2.70407e-07
3.23601e-07
3.83729e-07
4.51181e-07
5.26262e-07
6.09172e-07
6.99984e-07
7.98628e-07
9.04872e-07
1.01831e-06
1.13838e-06
1.26432e-06
1.39523e-06
1.53006e-06
1.66766e-06
1.80677e-06
1.94612e-06
2.08441e-06
2.22039e-06
2.35286e-06
2.48074e-06
2.60308e-06
2.71909e-06
2.82812e-06
2.92971e-06
3.02354e-06
3.10945e-06
3.18739e-06
3.25735e-06
3.95468e-09
1.35237e-08
2.51539e-08
3.92296e-08
5.61726e-08
7.64444e-08
1.00544e-07
1.29004e-07
1.62384e-07
2.01261e-07
2.46216e-07
2.97818e-07
3.56608e-07
4.23068e-07
4.97608e-07
5.80528e-07
6.72003e-07
7.72049e-07
8.80509e-07
9.97031e-07
1.12106e-06
1.25185e-06
1.38844e-06
1.52972e-06
1.6744e-06
1.82111e-06
1.96838e-06
2.11475e-06
2.25877e-06
2.39905e-06
2.53434e-06
2.66353e-06
2.78569e-06
2.90008e-06
3.00618e-06
3.10364e-06
3.19232e-06
3.27222e-06
3.34346e-06
3.40624e-06
4.30835e-09
1.47346e-08
2.74118e-08
4.27646e-08
6.12604e-08
8.34112e-08
1.09772e-07
1.40935e-07
1.77522e-07
2.20174e-07
2.69533e-07
3.26224e-07
3.90831e-07
4.63872e-07
5.45765e-07
6.368e-07
7.37108e-07
8.46632e-07
9.65104e-07
1.09203e-06
1.22667e-06
1.36807e-06
1.51504e-06
1.66622e-06
1.82009e-06
1.97502e-06
2.12935e-06
2.28142e-06
2.42963e-06
2.57253e-06
2.70881e-06
2.8374e-06
2.95742e-06
3.06827e-06
3.16956e-06
3.26113e-06
3.34303e-06
3.41547e-06
3.47878e-06
3.53334e-06
4.6692e-09
1.59701e-08
2.97163e-08
4.63743e-08
6.64588e-08
9.0535e-08
1.19216e-07
1.53158e-07
1.93048e-07
2.39592e-07
2.93495e-07
3.55439e-07
4.26053e-07
5.0588e-07
5.95344e-07
6.94711e-07
8.04053e-07
9.23219e-07
1.05181e-06
1.18914e-06
1.33429e-06
1.48605e-06
1.64298e-06
1.80344e-06
1.96566e-06
2.12776e-06
2.28786e-06
2.44416e-06
2.59493e-06
2.73868e-06
2.87411e-06
3.00022e-06
3.11625e-06
3.22177e-06
3.31659e-06
3.40078e-06
3.47461e-06
3.53851e-06
3.59303e-06
3.63875e-06
5.0344e-09
1.72207e-08
3.20494e-08
5.00303e-08
7.17272e-08
9.77606e-08
1.28805e-07
1.65581e-07
2.08844e-07
2.59369e-07
3.17926e-07
3.85252e-07
4.62017e-07
5.48789e-07
6.45985e-07
7.53836e-07
8.72338e-07
1.00122e-06
1.13993e-06
1.28759e-06
1.44301e-06
1.60474e-06
1.77105e-06
1.94002e-06
2.10959e-06
2.27767e-06
2.44217e-06
2.60113e-06
2.75279e-06
2.89562e-06
3.02842e-06
3.15028e-06
3.26066e-06
3.35932e-06
3.44633e-06
3.522e-06
3.58685e-06
3.64155e-06
3.68685e-06
3.72352e-06
5.40082e-09
1.84755e-08
3.4391e-08
5.37012e-08
7.70205e-08
1.05026e-07
1.38456e-07
1.78099e-07
2.2478e-07
2.79345e-07
3.42627e-07
4.15421e-07
4.98436e-07
5.92254e-07
6.97282e-07
8.13696e-07
9.41403e-07
1.07999e-06
1.22872e-06
1.38648e-06
1.55184e-06
1.72302e-06
1.89801e-06
2.07458e-06
2.25042e-06
2.42318e-06
2.59062e-06
2.75068e-06
2.90156e-06
3.04181e-06
3.17033e-06
3.28641e-06
3.38974e-06
3.48034e-06
3.55855e-06
3.62497e-06
3.68036e-06
3.72561e-06
3.76168e-06
3.7895e-06
5.76506e-09
1.97229e-08
3.67195e-08
5.73532e-08
8.22899e-08
1.12266e-07
1.48082e-07
1.90598e-07
2.40711e-07
2.99337e-07
3.67377e-07
4.45677e-07
5.34985e-07
6.35892e-07
7.4878e-07
8.73763e-07
1.01063e-06
1.15882e-06
1.31737e-06
1.48492e-06
1.65974e-06
1.83975e-06
2.02261e-06
2.20579e-06
2.38672e-06
2.56284e-06
2.73177e-06
2.89139e-06
3.03995e-06
3.1761e-06
3.29892e-06
3.40796e-06
3.50317e-06
3.58489e-06
3.65373e-06
3.71058e-06
3.75643e-06
3.7924e-06
3.81959e-06
3.83908e-06
6.12358e-09
2.09508e-08
3.90119e-08
6.09502e-08
8.74834e-08
1.19407e-07
1.57587e-07
2.02955e-07
2.5648e-07
3.19151e-07
3.91933e-07
4.75728e-07
5.71313e-07
6.79284e-07
7.99989e-07
9.33462e-07
1.07937e-06
1.23695e-06
1.40502e-06
1.58194e-06
1.76566e-06
1.95378e-06
2.14362e-06
2.33237e-06
2.51718e-06
2.69534e-06
2.86437e-06
3.02215e-06
3.16701e-06
3.29777e-06
3.41377e-06
3.51483e-06
3.60124e-06
3.67364e-06
3.73295e-06
3.78029e-06
3.81692e-06
3.84411e-06
3.86308e-06
3.87501e-06
6.47269e-09
2.21465e-08
4.12447e-08
6.44551e-08
9.2547e-08
1.26375e-07
1.66872e-07
2.1504e-07
2.71922e-07
3.38579e-07
4.16041e-07
5.05261e-07
6.07044e-07
7.21984e-07
8.50384e-07
9.92186e-07
1.14691e-06
1.3136e-06
1.4908e-06
1.67658e-06
1.86856e-06
2.064e-06
2.25989e-06
2.45314e-06
2.64067e-06
2.81962e-06
2.98747e-06
3.14216e-06
3.28217e-06
3.40654e-06
3.51492e-06
3.60745e-06
3.68474e-06
3.74777e-06
3.79774e-06
3.83603e-06
3.86405e-06
3.88321e-06
3.89483e-06
3.90011e-06
6.80872e-09
2.32974e-08
4.33942e-08
6.78303e-08
9.74261e-08
1.33095e-07
1.75835e-07
2.26719e-07
2.86866e-07
3.57405e-07
4.39434e-07
5.33951e-07
6.41788e-07
7.63527e-07
8.99422e-07
1.04931e-06
1.21254e-06
1.38795e-06
1.57382e-06
1.76788e-06
1.96742e-06
2.16935e-06
2.37035e-06
2.56705e-06
2.75619e-06
2.93481e-06
3.10039e-06
3.25097e-06
3.38525e-06
3.50255e-06
3.60285e-06
3.68664e-06
3.75488e-06
3.80884e-06
3.85e-06
3.87993e-06
3.90019e-06
3.91227e-06
3.91752e-06
3.91713e-06
7.12811e-09
2.43913e-08
4.54373e-08
7.10394e-08
1.02067e-07
1.39492e-07
1.84376e-07
2.37862e-07
3.01141e-07
3.75415e-07
4.61842e-07
5.61468e-07
6.75145e-07
8.03442e-07
9.46549e-07
1.10419e-06
1.27555e-06
1.45922e-06
1.6532e-06
1.8549e-06
2.06126e-06
2.26885e-06
2.47405e-06
2.67323e-06
2.86299e-06
3.0403e-06
3.20271e-06
3.34844e-06
3.47641e-06
3.58629e-06
3.67838e-06
3.75357e-06
3.81313e-06
3.85862e-06
3.89175e-06
3.91423e-06
3.92773e-06
3.93375e-06
3.93366e-06
3.9286e-06
7.42757e-09
2.54168e-08
4.73528e-08
7.40483e-08
1.06421e-07
1.45495e-07
1.92399e-07
2.48341e-07
3.14583e-07
3.92398e-07
4.83003e-07
5.87489e-07
7.06726e-07
8.41263e-07
9.91223e-07
1.15621e-06
1.33523e-06
1.52663e-06
1.72811e-06
1.93677e-06
2.14919e-06
2.36162e-06
2.57015e-06
2.77095e-06
2.96048e-06
3.13572e-06
3.29432e-06
3.4347e-06
3.55609e-06
3.6585e-06
3.74261e-06
3.80963e-06
3.86115e-06
3.89899e-06
3.92504e-06
3.94111e-06
3.9489e-06
3.94993e-06
3.94549e-06
3.93668e-06
7.70428e-09
2.63642e-08
4.9122e-08
7.68272e-08
1.10442e-07
1.51043e-07
1.99818e-07
2.5804e-07
3.27042e-07
4.08161e-07
5.02674e-07
6.11713e-07
7.36162e-07
8.76549e-07
1.03293e-06
1.20477e-06
1.39091e-06
1.58943e-06
1.79776e-06
2.01267e-06
2.2304e-06
2.4469e-06
2.65798e-06
2.85965e-06
3.04828e-06
3.2209e-06
3.37529e-06
3.51013e-06
3.62497e-06
3.72016e-06
3.79675e-06
3.85628e-06
3.90063e-06
3.9318e-06
3.95181e-06
3.96255e-06
3.96572e-06
3.96277e-06
3.95493e-06
3.9432e-06
7.95607e-09
2.7226e-08
5.07306e-08
7.9353e-08
1.14096e-07
1.56085e-07
2.06563e-07
2.66866e-07
3.38391e-07
4.22539e-07
5.20643e-07
6.33873e-07
7.63127e-07
9.08907e-07
1.0712e-06
1.24934e-06
1.44198e-06
1.64698e-06
1.86146e-06
2.08188e-06
2.30419e-06
2.52402e-06
2.73698e-06
2.93892e-06
3.12617e-06
3.29584e-06
3.44589e-06
3.57526e-06
3.68384e-06
3.77233e-06
3.8421e-06
3.89502e-06
3.93317e-06
3.95873e-06
3.97381e-06
3.9803e-06
3.97987e-06
3.9739e-06
3.96352e-06
3.94963e-06
8.18172e-09
2.7998e-08
5.21704e-08
8.16115e-08
1.1736e-07
1.60587e-07
2.12586e-07
2.7475e-07
3.48537e-07
4.35407e-07
5.36746e-07
6.5376e-07
7.87357e-07
9.38012e-07
1.10564e-06
1.28946e-06
1.48792e-06
1.69868e-06
1.91858e-06
2.14379e-06
2.36995e-06
2.59246e-06
2.80673e-06
3.00848e-06
3.19407e-06
3.36068e-06
3.50649e-06
3.63072e-06
3.73357e-06
3.81607e-06
3.87991e-06
3.9272e-06
3.96023e-06
3.98128e-06
3.9925e-06
3.99579e-06
3.99272e-06
3.98461e-06
3.97247e-06
3.9571e-06
8.38119e-09
2.86798e-08
5.34402e-08
8.36002e-08
1.2023e-07
1.6454e-07
2.17869e-07
2.81663e-07
3.57435e-07
4.467e-07
5.50889e-07
6.71242e-07
8.08673e-07
9.63632e-07
1.13596e-06
1.32477e-06
1.52833e-06
1.74409e-06
1.96864e-06
2.19788e-06
2.42722e-06
2.65182e-06
2.86692e-06
3.06819e-06
3.25199e-06
3.41565e-06
3.55755e-06
3.67717e-06
3.77501e-06
3.85241e-06
3.91131e-06
3.95404e-06
3.98303e-06
4.00066e-06
4.00906e-06
4.01011e-06
4.00531e-06
3.99585e-06
3.98266e-06
3.96643e-06
8.55597e-09
2.92765e-08
5.4549e-08
8.53318e-08
1.22722e-07
1.67963e-07
2.22433e-07
2.87626e-07
3.65101e-07
4.56423e-07
5.63064e-07
6.86288e-07
8.27015e-07
9.85665e-07
1.16201e-06
1.35506e-06
1.56294e-06
1.78288e-06
2.01128e-06
2.2438e-06
2.47564e-06
2.70177e-06
2.91733e-06
3.11794e-06
3.30002e-06
3.46102e-06
3.59951e-06
3.71523e-06
3.80894e-06
3.88222e-06
3.93725e-06
3.97651e-06
4.00255e-06
4.01779e-06
4.02436e-06
4.02406e-06
4.01833e-06
4.00828e-06
3.9947e-06
3.97818e-06
8.7094e-09
2.97994e-08
5.55174e-08
8.68376e-08
1.24879e-07
1.70911e-07
2.26348e-07
2.92721e-07
3.71631e-07
4.64681e-07
5.73375e-07
6.98997e-07
8.42462e-07
1.00416e-06
1.18381e-06
1.3803e-06
1.59165e-06
1.81491e-06
2.0463e-06
2.28132e-06
2.51498e-06
2.74213e-06
2.95784e-06
3.15771e-06
3.33825e-06
3.49701e-06
3.63275e-06
3.74541e-06
3.83595e-06
3.90619e-06
3.95844e-06
3.99533e-06
4.01947e-06
4.0333e-06
4.03893e-06
4.03812e-06
4.03222e-06
4.02223e-06
4.00888e-06
3.99266e-06
8.84708e-09
3.02675e-08
5.63803e-08
8.81714e-08
1.26776e-07
1.73486e-07
2.29743e-07
2.97107e-07
3.77212e-07
4.71688e-07
5.8206e-07
7.09619e-07
8.55267e-07
1.01936e-06
1.20155e-06
1.40066e-06
1.61456e-06
1.84021e-06
2.07369e-06
2.31037e-06
2.54515e-06
2.77281e-06
2.98839e-06
3.18752e-06
3.36678e-06
3.52382e-06
3.65755e-06
3.76807e-06
3.8565e-06
3.92478e-06
3.97537e-06
4.01096e-06
4.03419e-06
4.04753e-06
4.05305e-06
4.05247e-06
4.04707e-06
4.03778e-06
4.02527e-06
4.00991e-06
8.97721e-09
3.07087e-08
5.71896e-08
8.94134e-08
1.28528e-07
1.75842e-07
2.32816e-07
3.01033e-07
3.82146e-07
4.77798e-07
5.89518e-07
7.18586e-07
8.65881e-07
1.03172e-06
1.21568e-06
1.41651e-06
1.63202e-06
1.85907e-06
2.09366e-06
2.33109e-06
2.56623e-06
2.79385e-06
3.00901e-06
3.2074e-06
3.38566e-06
3.54155e-06
3.67407e-06
3.78341e-06
3.8708e-06
3.93824e-06
3.98825e-06
4.02356e-06
4.04684e-06
4.06052e-06
4.06669e-06
4.06701e-06
4.06273e-06
4.05473e-06
4.0436e-06
4.02968e-06
9.11103e-09
3.11615e-08
5.80166e-08
9.06752e-08
1.30294e-07
1.78195e-07
2.35851e-07
3.04855e-07
3.86864e-07
4.83516e-07
5.96322e-07
7.26531e-07
8.74976e-07
1.04191e-06
1.22687e-06
1.42852e-06
1.64462e-06
1.87199e-06
2.10662e-06
2.34381e-06
2.57847e-06
2.80542e-06
3.01982e-06
3.21743e-06
3.39495e-06
3.55023e-06
3.68232e-06
3.79144e-06
3.87884e-06
3.94654e-06
3.99704e-06
4.03306e-06
4.05726e-06
4.07208e-06
4.07957e-06
4.08139e-06
4.07878e-06
4.07259e-06
4.06338e-06
4.05144e-06
9.26316e-09
3.1676e-08
5.89548e-08
9.21036e-08
1.32287e-07
1.80835e-07
2.39225e-07
3.09046e-07
3.91941e-07
4.89517e-07
6.03239e-07
7.34295e-07
8.83447e-07
1.05088e-06
1.23605e-06
1.43758e-06
1.6532e-06
1.87975e-06
2.11326e-06
2.34911e-06
2.58233e-06
2.80789e-06
3.02106e-06
3.21773e-06
3.39468e-06
3.54982e-06
3.68219e-06
3.792e-06
3.88042e-06
3.94942e-06
4.00142e-06
4.0391e-06
4.06507e-06
4.08175e-06
4.09118e-06
4.09504e-06
4.09456e-06
4.09063e-06
4.0838e-06
4.07434e-06
9.45196e-09
3.23151e-08
6.01226e-08
9.38855e-08
1.34777e-07
1.84131e-07
2.4342e-07
3.14212e-07
3.98106e-07
4.96649e-07
6.11224e-07
7.42921e-07
8.92402e-07
1.05976e-06
1.24437e-06
1.44482e-06
1.65886e-06
1.88337e-06
2.11451e-06
2.34783e-06
2.57854e-06
2.80183e-06
3.01316e-06
3.20858e-06
3.38499e-06
3.54029e-06
3.67353e-06
3.7848e-06
3.87516e-06
3.94642e-06
4.00088e-06
4.04111e-06
4.06965e-06
4.08886e-06
4.10081e-06
4.10718e-06
4.10924e-06
4.10792e-06
4.10382e-06
4.09723e-06
9.69961e-09
3.31556e-08
6.1665e-08
9.62521e-08
1.38101e-07
1.88544e-07
2.49033e-07
3.21088e-07
4.06235e-07
5.05914e-07
6.21385e-07
7.53604e-07
9.03097e-07
1.06984e-06
1.25314e-06
1.45156e-06
1.66287e-06
1.8841e-06
2.11156e-06
2.34106e-06
2.56808e-06
2.78809e-06
2.99682e-06
3.19051e-06
3.36617e-06
3.52175e-06
3.65622e-06
3.76954e-06
3.86258e-06
3.93694e-06
3.99473e-06
4.03834e-06
4.07019e-06
4.09259e-06
4.10759e-06
4.11688e-06
4.12182e-06
4.12339e-06
4.12226e-06
4.11879e-06
1.00319e-08
3.42873e-08
6.3755e-08
9.94824e-08
1.42666e-07
1.94625e-07
2.56766e-07
3.30525e-07
4.17305e-07
5.18399e-07
6.34896e-07
7.67576e-07
9.16808e-07
1.08244e-06
1.26369e-06
1.45914e-06
1.66662e-06
1.88332e-06
2.1058e-06
2.33017e-06
2.55228e-06
2.76792e-06
2.97313e-06
3.1644e-06
3.3389e-06
3.49459e-06
3.63039e-06
3.74608e-06
3.84231e-06
3.92042e-06
3.98225e-06
4.02995e-06
4.0658e-06
4.09199e-06
4.11054e-06
4.12315e-06
4.13124e-06
4.13588e-06
4.13784e-06
4.13758e-06
1.04777e-08
3.58132e-08
6.65948e-08
1.03906e-07
1.48948e-07
2.03002e-07
2.67385e-07
3.43398e-07
4.32273e-07
5.35108e-07
6.52782e-07
7.85877e-07
9.34584e-07
1.09862e-06
1.27715e-06
1.46875e-06
1.67139e-06
1.88243e-06
2.09875e-06
2.3168e-06
2.53281e-06
2.74299e-06
2.94371e-06
3.13175e-06
3.30444e-06
3.45982e-06
3.59672e-06
3.71478e-06
3.81438e-06
3.89657e-06
3.96289e-06
4.01524e-06
4.05564e-06
4.08616e-06
4.1087e-06
4.12499e-06
4.13647e-06
4.14431e-06
4.14938e-06
4.15228e-06
1.43612e-06
1.53532e-06
1.62858e-06
1.71484e-06
1.79327e-06
1.86327e-06
1.92444e-06
1.97653e-06
2.01945e-06
2.05325e-06
2.07804e-06
2.09403e-06
2.10148e-06
2.10069e-06
2.09199e-06
2.07576e-06
2.05237e-06
2.02222e-06
1.98575e-06
1.94343e-06
1.89575e-06
1.84323e-06
1.78646e-06
1.72602e-06
1.66256e-06
1.59673e-06
1.52922e-06
1.46076e-06
1.39216e-06
1.32442e-06
1.25914e-06
1.19925e-06
1.15078e-06
1.12604e-06
1.14897e-06
1.26285e-06
1.53964e-06
2.08808e-06
3.05627e-06
4.62331e-06
6.97689e-06
1.02785e-05
1.46244e-05
2.00142e-05
2.63386e-05
3.33913e-05
4.09041e-05
4.85943e-05
5.62075e-05
6.355e-05
7.05056e-05
7.70383e-05
8.31837e-05
8.90341e-05
9.47196e-05
0.00010039
0.000106197
0.000112286
0.000118778
0.000125768
0.000133317
0.000141448
0.000150146
0.000159358
0.000168994
0.000178931
0.000189021
0.000199094
0.000208969
0.000218462
0.000227393
0.000235593
0.000242912
0.000249222
0.000254422
0.000258435
0.000261211
0.00026273
0.000262991
0.00026202
0.00025986
0.000256576
0.000252248
0.000246975
0.000240881
0.000234127
0.000226947
0.00021972
0.000213114
0.000208339
0.00020755
0.000214418
0.000234807
0.0002774
0.000353969
0.00047893
0.000667902
0.000935285
0.00129126
0.00173902
0.00227308
0.00287934
0.00353666
0.00422037
0.00490557
0.00557015
0.00619685
0.00677415
0.00729628
0.00776248
0.00817589
0.00854224
0.0088686
0.00916237
0.00943045
0.00967876
0.0099118
0.0101327
0.0103432
0.010544
0.0107347
0.0109144
0.011082
0.011236
0.011375
0.011498
0.011604
0.0116922
0.0117623
0.0118139
0.011847
0.0118612
0.0118565
0.0118326
0.0117892
0.0117256
0.0116413
0.0115357
0.0114083
0.0112585
0.0110859
0.0108907
0.010673
0.0104338
0.0101745
0.0098972
0.00960472
0.00930083
0.00899027
0.00867895
0.00837408
0.00808428
0.00781942
0.00759015
0.00740707
0.00727944
0.00721383
0.0072129
0.00727471
0.0073927
0.00755659
0.0077538
0.00797095
0.00819537
0.00841614
0.00862472
0.00881524
0.0089843
0.00913057
0.00925436
0.00935703
0.00944059
0.00950732
0.00955952
0.0095993
0.00962856
0.00964892
0.00966176
0.00966825
0.00966934
0.00966585
0.00965844
0.00964768
0.00963397
0.00961763
0.00959883
0.00957759
0.00955379
0.00952714
0.00949715
0.00946319
0.00942442
0.00937981
0.00932818
0.00926831
0.00919889
0.00911853
0.00902591
0.00891975
0.00879895
0.00866261
0.00851004
0.00834083
0.00815472
0.00795158
0.00773148
0.00749485
0.00724305
0.00697927
0.00670952
0.00644315
0.00619252
0.00597131
0.00579189
0.00566224
0.00558436
0.00555441
0.00556427
0.00560382
0.00566296
0.00573304
0.00580749
0.0058818
0.00595317
0.00602009
0.00608189
0.00613845
0.00618994
0.00623672
0.00627923
0.00631792
0.00635325
0.00638564
0.0064155
0.00644318
0.00646896
0.0064931
0.00651578
0.00653714
0.00655729
1.65915e-06
1.76733e-06
1.86785e-06
1.95967e-06
2.04206e-06
2.11454e-06
2.17688e-06
2.22899e-06
2.27095e-06
2.30295e-06
2.32522e-06
2.33809e-06
2.34187e-06
2.33691e-06
2.32357e-06
2.30221e-06
2.27321e-06
2.23695e-06
2.19384e-06
2.14433e-06
2.08889e-06
2.02807e-06
1.96242e-06
1.89259e-06
1.81926e-06
1.74317e-06
1.66508e-06
1.58584e-06
1.50637e-06
1.42787e-06
1.35214e-06
1.28253e-06
1.22579e-06
1.19562e-06
1.21854e-06
1.34227e-06
1.64572e-06
2.24746e-06
3.30765e-06
5.01779e-06
7.57489e-06
1.11426e-05
1.58085e-05
2.15514e-05
2.82306e-05
3.56017e-05
4.33623e-05
5.12029e-05
5.88552e-05
6.61267e-05
7.29174e-05
7.92197e-05
8.51058e-05
9.07084e-05
9.61977e-05
0.00010176
0.00010758
0.000113826
0.000120641
0.000128129
0.000136356
0.000145342
0.000155062
0.000165445
0.000176376
0.000187701
0.000199234
0.000210767
0.00022208
0.000232948
0.000243157
0.000252508
0.000260828
0.000267971
0.000273822
0.000278302
0.000281358
0.000282973
0.000283154
0.000281934
0.000279369
0.000275531
0.000270517
0.000264438
0.000257433
0.000249681
0.000241437
0.000233115
0.000225437
0.00021971
0.000218264
0.000225071
0.000246482
0.000291904
0.00037407
0.000508524
0.00071199
0.000999667
0.00138191
0.00186119
0.00243036
0.0030727
0.00376415
0.00447715
0.00518444
0.00586244
0.00649342
0.00706649
0.00757734
0.00802728
0.00842173
0.00876867
0.00907713
0.00935598
0.0096131
0.00985483
0.0100857
0.0103084
0.010524
0.0107323
0.0109322
0.0111221
0.0112999
0.0114637
0.0116117
0.0117428
0.0118558
0.0119502
0.0120259
0.0120827
0.0121207
0.0121402
0.012141
0.0121231
0.0120862
0.0120296
0.0119525
0.011854
0.0117332
0.011589
0.0114205
0.0112272
0.0110088
0.0107659
0.0104993
0.0102112
0.00990424
0.00958249
0.00925116
0.00891691
0.008588
0.00827433
0.00798726
0.007739
0.00754156
0.00740526
0.00733715
0.0073396
0.00740963
0.007539
0.00771546
0.00792443
0.00815087
0.0083809
0.00860301
0.00880869
0.00899256
0.00915199
0.00928662
0.00939765
0.00948725
0.00955807
0.00961281
0.00965402
0.00968393
0.00970443
0.0097171
0.00972323
0.0097239
0.00972003
0.00971238
0.00970162
0.00968831
0.00967294
0.00965585
0.0096373
0.00961738
0.00959603
0.00957301
0.00954787
0.00951996
0.0094884
0.00945208
0.00940967
0.00935967
0.00930044
0.00923022
0.00914724
0.00904974
0.00893613
0.00880499
0.00865523
0.00848604
0.00829697
0.00808783
0.00785884
0.00761084
0.00734584
0.00706793
0.00678415
0.006505
0.00624382
0.00601502
0.00583126
0.00570034
0.00562371
0.00559678
0.00561064
0.00565446
0.00571761
0.00579106
0.00586804
0.00594395
0.006016
0.00608274
0.00614364
0.00619868
0.00624821
0.00629272
0.00633279
0.00636901
0.00640195
0.00643214
0.00646004
0.00648606
0.00651052
0.00653368
0.00655574
0.00657684
0.00659706
1.88988e-06
2.00527e-06
2.11113e-06
2.20654e-06
2.29093e-06
2.36406e-06
2.42589e-06
2.47657e-06
2.51638e-06
2.54565e-06
2.56479e-06
2.57418e-06
2.57421e-06
2.56525e-06
2.54766e-06
2.52176e-06
2.48788e-06
2.44635e-06
2.39752e-06
2.34176e-06
2.27952e-06
2.21127e-06
2.13757e-06
2.05907e-06
1.97648e-06
1.89059e-06
1.80225e-06
1.71242e-06
1.62218e-06
1.53288e-06
1.44662e-06
1.36721e-06
1.30226e-06
1.26709e-06
1.29118e-06
1.42733e-06
1.76229e-06
2.42548e-06
3.59003e-06
5.46002e-06
8.24072e-06
1.20949e-05
1.70966e-05
2.31971e-05
3.02163e-05
3.78678e-05
4.58119e-05
5.37136e-05
6.12958e-05
6.83757e-05
7.48791e-05
8.08365e-05
8.63651e-05
9.16436e-05
9.68856e-05
0.000102315
0.000108149
0.000114577
0.00012176
0.000129814
0.000138806
0.000148754
0.000159619
0.000171308
0.000183678
0.000196539
0.000209663
0.000222796
0.000235673
0.000248026
0.000259602
0.000270171
0.000279536
0.000287534
0.000294041
0.000298975
0.000302288
0.000303965
0.000304025
0.000302511
0.000299489
0.000295048
0.000289296
0.000282359
0.000274391
0.000265589
0.000256232
0.000246768
0.000237978
0.000231277
0.000229187
0.000236016
0.000258657
0.000307314
0.000395769
0.00054077
0.000760172
0.0010699
0.00148027
0.00199267
0.00259779
0.00327578
0.00399927
0.0047376
0.00546123
0.00614541
0.00677257
0.0073331
0.00782489
0.00825188
0.00862225
0.00894644
0.00923542
0.00949943
0.00974699
0.00998456
0.0102163
0.010444
0.010668
0.010887
0.0110987
0.0113005
0.0114897
0.0116637
0.0118206
0.0119589
0.0120777
0.0121766
0.0122559
0.0123158
0.0123568
0.0123795
0.0123842
0.0123709
0.0123395
0.0122892
0.0122193
0.0121285
0.0120154
0.0118785
0.0117164
0.0115278
0.0113118
0.0110684
0.010798
0.0105022
0.0101839
0.00984695
0.00949718
0.00914194
0.00879059
0.00845443
0.00814641
0.00788042
0.00766995
0.0075264
0.00745717
0.00746419
0.00754312
0.00768382
0.00787189
0.00809071
0.00832363
0.00855583
0.00877554
0.00897463
0.00914852
0.00929561
0.00941662
0.0095137
0.00958977
0.00964798
0.0096913
0.00972238
0.00974341
0.00975615
0.00976204
0.00976223
0.00975768
0.0097492
0.00973755
0.00972338
0.00970731
0.00968986
0.00967148
0.00965249
0.0096331
0.00961333
0.00959303
0.00957181
0.00954908
0.00952397
0.00949534
0.0094618
0.00942167
0.00937303
0.0093138
0.00924175
0.00915465
0.00905031
0.00892677
0.00878237
0.00861585
0.00842639
0.00821366
0.00797795
0.00772043
0.00744376
0.00715291
0.00685603
0.00656477
0.00629355
0.0060575
0.00586961
0.00573748
0.005662
0.00563781
0.00565523
0.0057027
0.00576907
0.00584499
0.00592349
0.00599993
0.00607157
0.00613708
0.00619604
0.00624863
0.00629535
0.00633686
0.00637389
0.00640716
0.00643735
0.00646507
0.00649085
0.00651513
0.00653826
0.0065605
0.00658204
0.00660299
0.00662341
2.12392e-06
2.24422e-06
2.35305e-06
2.44969e-06
2.53386e-06
2.6056e-06
2.66515e-06
2.71294e-06
2.74944e-06
2.77518e-06
2.79069e-06
2.79644e-06
2.79286e-06
2.78032e-06
2.75912e-06
2.72953e-06
2.6918e-06
2.64614e-06
2.59281e-06
2.53208e-06
2.46428e-06
2.38983e-06
2.30923e-06
2.22309e-06
2.13214e-06
2.0372e-06
1.93921e-06
1.83923e-06
1.73848e-06
1.63855e-06
1.54184e-06
1.4527e-06
1.37975e-06
1.3402e-06
1.36694e-06
1.51855e-06
1.89056e-06
2.62428e-06
3.90656e-06
5.95399e-06
8.97834e-06
1.31377e-05
1.84866e-05
2.49412e-05
3.22747e-05
4.0155e-05
4.82038e-05
5.60644e-05
6.34588e-05
7.02236e-05
7.63216e-05
8.18308e-05
8.692e-05
9.1818e-05
9.67828e-05
0.000102075
0.00010794
0.000114591
0.000122201
0.000130898
0.000140752
0.000151774
0.000163914
0.000177054
0.000191018
0.000205573
0.000220443
0.000235321
0.00024989
0.000263835
0.00027686
0.000288704
0.000299144
0.000308004
0.000315156
0.000320517
0.000324045
0.000325737
0.000325623
0.000323758
0.000320224
0.000315123
0.000308575
0.000300724
0.000291738
0.000281832
0.00027131
0.000260656
0.000250715
0.000243019
0.000240306
0.000247256
0.000271361
0.000323701
0.000419201
0.000575878
0.000812729
0.00114629
0.00158657
0.00213347
0.00277491
0.00348745
0.00424005
0.00499887
0.00573226
0.00641486
0.00702992
0.00756995
0.0080357
0.00843435
0.0087771
0.00907693
0.00934664
0.0095975
0.00983837
0.0100754
0.0103119
0.0105488
0.0107849
0.0110177
0.0112437
0.0114593
0.0116608
0.0118453
0.0120104
0.0121547
0.0122775
0.012379
0.0124596
0.0125203
0.0125621
0.012586
0.0125926
0.0125823
0.012555
0.0125102
0.0124469
0.0123637
0.0122589
0.0121304
0.0119761
0.0117943
0.0115832
0.0113421
0.0110708
0.0107704
0.0104434
0.0100939
0.00972792
0.00935361
0.00898144
0.00862418
0.00829652
0.00801412
0.00779206
0.00764274
0.00757384
0.00758655
0.00767492
0.00782669
0.00802514
0.00825164
0.00848812
0.0087191
0.00893296
0.00912229
0.0092836
0.00941653
0.00952291
0.00960582
0.00966878
0.00971527
0.00974837
0.00977064
0.0097841
0.0097903
0.00979043
0.00978548
0.00977627
0.00976354
0.00974801
0.00973037
0.00971128
0.00969136
0.00967115
0.00965109
0.00963147
0.00961243
0.00959391
0.00957562
0.00955705
0.00953739
0.00951554
0.00949008
0.00945926
0.00942099
0.00937289
0.00931237
0.00923668
0.00914309
0.00902899
0.00889208
0.00873052
0.00854301
0.00832896
0.0080886
0.00782338
0.00753656
0.00723399
0.00692496
0.00662232
0.00634159
0.00609867
0.00590687
0.0057736
0.00569917
0.00567743
0.00569791
0.00574839
0.0058172
0.00589468
0.00597373
0.00604971
0.00611996
0.00618329
0.00623946
0.00628884
0.0063321
0.0063701
0.00640371
0.00643377
0.00646105
0.00648625
0.00650994
0.00653258
0.00655451
0.006576
0.00659721
0.00661823
0.00663906
2.35659e-06
2.47905e-06
2.58813e-06
2.68343e-06
2.76501e-06
2.83328e-06
2.88881e-06
2.93231e-06
2.96449e-06
2.98606e-06
2.99765e-06
2.99979e-06
2.99294e-06
2.97742e-06
2.95347e-06
2.92125e-06
2.88089e-06
2.83248e-06
2.77611e-06
2.71192e-06
2.64009e-06
2.56093e-06
2.47484e-06
2.38238e-06
2.28423e-06
2.18125e-06
2.07444e-06
1.96496e-06
1.85419e-06
1.74396e-06
1.63704e-06
1.5384e-06
1.45782e-06
1.41473e-06
1.44592e-06
1.6165e-06
2.03179e-06
2.84601e-06
4.26032e-06
6.50326e-06
9.79071e-06
1.42714e-05
1.99732e-05
2.67687e-05
3.4379e-05
4.24223e-05
5.04839e-05
5.81913e-05
6.52755e-05
7.16047e-05
7.71892e-05
8.2163e-05
8.67516e-05
9.12346e-05
9.59127e-05
0.00010108
0.000107008
0.000113928
0.00012203
0.000131451
0.000142265
0.00015448
0.00016803
0.000182773
0.000198493
0.000214908
0.000231686
0.000248458
0.000264848
0.000280486
0.000295034
0.000308194
0.000319724
0.000329438
0.000337205
0.000342949
0.000346641
0.000348289
0.000347939
0.000345662
0.000341554
0.000335733
0.000328332
0.000319509
0.000309449
0.000298386
0.000286646
0.000274754
0.000263624
0.000254917
0.00025161
0.000258794
0.000284625
0.000341143
0.000444501
0.000614054
0.000869916
0.00122909
0.00170094
0.00228339
0.00296097
0.00370622
0.00448413
0.00525771
0.00599361
0.00666651
0.00726135
0.00777353
0.0082074
0.00857375
0.00888699
0.00916252
0.0094147
0.00965545
0.00989354
0.0101344
0.0103802
0.0106305
0.0108826
0.0111324
0.0113751
0.0116059
0.0118203
0.0120149
0.0121872
0.0123359
0.0124608
0.0125624
0.012642
0.0127011
0.0127414
0.0127643
0.0127709
0.0127619
0.0127375
0.0126971
0.0126397
0.0125639
0.0124673
0.0123478
0.0122025
0.0120289
0.0118247
0.0115882
0.0113185
0.0110161
0.010683
0.0103233
0.00994326
0.00955171
0.0091603
0.00878336
0.00843741
0.00814001
0.00790784
0.0077543
0.00768714
0.00770657
0.00780475
0.00796706
0.0081744
0.00840621
0.00864327
0.00886982
0.00907477
0.00925179
0.00939872
0.00951655
0.00960819
0.0096775
0.00972845
0.00976465
0.00978908
0.00980408
0.00981138
0.00981223
0.00980757
0.00979818
0.00978476
0.00976801
0.00974863
0.00972739
0.00970503
0.00968227
0.00965976
0.00963805
0.00961756
0.0095985
0.00958092
0.00956464
0.00954923
0.00953398
0.00951785
0.00949948
0.00947709
0.00944852
0.0094112
0.00936221
0.00929839
0.00921643
0.00911307
0.00898531
0.00883062
0.00864711
0.00843377
0.00819071
0.00791954
0.00762406
0.007311
0.00699078
0.00667751
0.00638782
0.00613843
0.00594298
0.00580864
0.00573514
0.00571556
0.00573861
0.00579144
0.0058619
0.00594007
0.00601877
0.00609337
0.00616136
0.00622171
0.0062744
0.00632
0.00635939
0.00639357
0.00642357
0.00645035
0.00647476
0.00649755
0.00651931
0.00654052
0.00656151
0.00658252
0.00660367
0.00662501
0.00664651
2.58306e-06
2.70468e-06
2.81114e-06
2.90243e-06
2.9791e-06
3.04192e-06
3.09186e-06
3.12988e-06
3.15694e-06
3.17389e-06
3.18146e-06
3.18022e-06
3.17059e-06
3.15285e-06
3.12714e-06
3.0935e-06
3.05189e-06
3.00222e-06
2.94442e-06
2.87843e-06
2.80427e-06
2.72208e-06
2.63212e-06
2.53484e-06
2.43089e-06
2.32109e-06
2.2065e-06
2.08836e-06
1.96825e-06
1.84823e-06
1.73148e-06
1.62371e-06
1.53608e-06
1.49051e-06
1.5283e-06
1.72189e-06
2.18741e-06
3.09296e-06
4.65435e-06
7.111e-06
1.06797e-05
1.5494e-05
2.15475e-05
2.86603e-05
3.64969e-05
4.46245e-05
5.25956e-05
6.00315e-05
6.66841e-05
7.24656e-05
7.74442e-05
8.18163e-05
8.58653e-05
8.992e-05
9.43193e-05
9.93866e-05
0.000105414
0.000112655
0.000121311
0.000131533
0.000143404
0.000156929
0.000172029
0.000188532
0.000206178
0.000224628
0.000243481
0.000262298
0.000280634
0.00029806
0.000314189
0.000328692
0.000341308
0.000351847
0.000360183
0.000366252
0.000370041
0.000371579
0.000370926
0.000368174
0.000363432
0.000356832
0.000348522
0.000338674
0.000327488
0.000315215
0.000302208
0.000289032
0.000276678
0.00026695
0.000263086
0.000270636
0.000298486
0.000359723
0.000471815
0.000655501
0.000931967
0.00131847
0.00182336
0.002442
0.00315491
0.00393022
0.00472876
0.00551058
0.00624124
0.00689624
0.00746315
0.00794107
0.0083385
0.00867015
0.00895356
0.00920633
0.00944394
0.00967854
0.0099184
0.0101679
0.0104277
0.0106957
0.0109674
0.0112371
0.0114986
0.0117456
0.0119731
0.012177
0.012355
0.0125061
0.0126306
0.0127298
0.0128058
0.0128609
0.0128975
0.0129174
0.0129224
0.0129133
0.0128905
0.0128535
0.0128015
0.0127325
0.0126442
0.0125339
0.0123982
0.0122341
0.0120383
0.0118082
0.0115422
0.01124
0.0109032
0.0105354
0.0101433
0.00973623
0.00932711
0.00893188
0.00856902
0.00825806
0.00801733
0.00786114
0.0077971
0.00782415
0.00793228
0.00810433
0.00831882
0.00855343
0.00878812
0.0090073
0.00920078
0.00936362
0.00949518
0.00959776
0.00967528
0.00973219
0.00977268
0.00980029
0.00981775
0.00982704
0.00982951
0.00982607
0.0098174
0.00980409
0.00978675
0.00976605
0.00974275
0.00971771
0.00969179
0.00966584
0.00964063
0.00961683
0.00959495
0.0095753
0.00955801
0.00954297
0.00952986
0.00951805
0.00950661
0.00949426
0.00947928
0.00945949
0.00943224
0.00939438
0.00934238
0.00927243
0.00918061
0.0090632
0.00891689
0.00873912
0.00852831
0.00828432
0.00800884
0.00770612
0.00738376
0.00705333
0.00673019
0.00643215
0.00617673
0.00597788
0.00584256
0.00576987
0.00575212
0.00577725
0.00583177
0.00590311
0.00598115
0.00605864
0.00613106
0.00619605
0.0062528
0.0063015
0.00634294
0.00637819
0.00640844
0.00643482
0.00645841
0.00648013
0.00650073
0.00652085
0.00654093
0.00656129
0.00658214
0.00660355
0.00662552
0.00664796
2.79871e-06
2.91637e-06
3.01734e-06
3.10213e-06
3.17174e-06
3.22741e-06
3.27044e-06
3.30208e-06
3.32349e-06
3.33562e-06
3.33927e-06
3.33502e-06
3.32324e-06
3.30413e-06
3.27772e-06
3.24387e-06
3.2024e-06
3.15301e-06
3.09543e-06
3.02937e-06
2.95465e-06
2.87119e-06
2.7791e-06
2.67867e-06
2.57045e-06
2.45522e-06
2.33406e-06
2.2083e-06
2.07967e-06
1.9505e-06
1.82447e-06
1.70811e-06
1.61416e-06
1.56743e-06
1.61433e-06
1.83551e-06
2.35897e-06
3.36748e-06
5.09152e-06
7.77975e-06
1.16457e-05
1.68013e-05
2.31963e-05
3.0592e-05
3.85915e-05
4.67125e-05
5.44821e-05
6.15267e-05
6.76331e-05
7.27694e-05
7.70704e-05
8.07976e-05
8.42909e-05
8.79228e-05
9.2064e-05
9.70617e-05
0.000103228
0.000110832
0.000120098
0.000131192
0.00014421
0.000159162
0.000175953
0.00019438
0.000214131
0.000234798
0.000255899
0.000276913
0.000297315
0.00031661
0.000334361
0.000350211
0.000363885
0.000375196
0.000384033
0.000390353
0.000394165
0.000395518
0.000394497
0.000391207
0.000385776
0.000378347
0.000369081
0.000358161
0.000345803
0.000332274
0.000317955
0.000303456
0.000289848
0.000279094
0.000274724
0.000282793
0.000312987
0.00037953
0.000501289
0.000700418
0.000999087
0.00141455
0.00195369
0.00260862
0.00335537
0.00415724
0.00497087
0.00575378
0.00647112
0.00710024
0.00763221
0.00807061
0.0084285
0.00872453
0.0089792
0.00921187
0.00943872
0.00967167
0.00991809
0.010181
0.0104594
0.0107492
0.011044
0.0113363
0.011618
0.011882
0.0121221
0.0123341
0.0125158
0.0126667
0.0127881
0.0128822
0.012952
0.0130007
0.0130315
0.0130468
0.0130487
0.0130384
0.0130163
0.0129822
0.0129349
0.0128724
0.0127924
0.0126914
0.012566
0.012412
0.0122257
0.0120036
0.0117431
0.0114431
0.0111045
0.0107306
0.0103282
0.00990727
0.0094819
0.00906976
0.00869139
0.00836836
0.00812065
0.00796336
0.00790376
0.00793914
0.00805711
0.00823784
0.00845752
0.00869235
0.00892188
0.00913109
0.00931111
0.00945862
0.00957453
0.00966242
0.00972701
0.00977312
0.00980494
0.00982576
0.0098379
0.0098429
0.00984168
0.00983481
0.0098227
0.00980578
0.0097846
0.00975988
0.00973248
0.00970338
0.0096736
0.00964414
0.00961592
0.00958971
0.00956608
0.00954544
0.00952797
0.00951362
0.00950213
0.00949297
0.00948532
0.00947798
0.00946936
0.00945734
0.00943923
0.0094118
0.00937121
0.00931322
0.00923332
0.00912704
0.00899025
0.00881959
0.00861288
0.00836954
0.00809125
0.00778265
0.00745217
0.00711249
0.00678027
0.00647449
0.00621349
0.00601153
0.00587531
0.00580331
0.00578707
0.00581378
0.00586933
0.00594083
0.00601795
0.00609349
0.00616303
0.00622441
0.00627707
0.00632143
0.0063585
0.00638954
0.00641589
0.00643881
0.00645942
0.00647871
0.00649745
0.00651626
0.00653557
0.00655566
0.00657668
0.00659868
0.00662158
0.00664525
2.99934e-06
3.11005e-06
3.2029e-06
3.27896e-06
3.33975e-06
3.38693e-06
3.42212e-06
3.44682e-06
3.46232e-06
3.46967e-06
3.46968e-06
3.46291e-06
3.44967e-06
3.43005e-06
3.40394e-06
3.37108e-06
3.33107e-06
3.28342e-06
3.22763e-06
3.16318e-06
3.08963e-06
3.00669e-06
2.91423e-06
2.81237e-06
2.70151e-06
2.58236e-06
2.45596e-06
2.32372e-06
2.18753e-06
2.05002e-06
1.91537e-06
1.79111e-06
1.69175e-06
1.64545e-06
1.70438e-06
1.95831e-06
2.54809e-06
3.67189e-06
5.57444e-06
8.5112e-06
1.26875e-05
1.81858e-05
2.49029e-05
3.2535e-05
4.06221e-05
4.86364e-05
5.60897e-05
6.26277e-05
6.80859e-05
7.24997e-05
7.60754e-05
7.91391e-05
8.20814e-05
8.53107e-05
8.92217e-05
9.41797e-05
0.000100514
0.000108517
0.000118435
0.00013046
0.00014471
0.000161201
0.000179828
0.000200351
0.000222396
0.000245471
0.000268998
0.000292357
0.000314934
0.00033616
0.000355551
0.000372721
0.000387396
0.000399401
0.00040865
0.000415129
0.000418876
0.00041997
0.000418515
0.000414635
0.00040847
0.000400173
0.000389916
0.000377891
0.000364327
0.000349507
0.000333841
0.000317983
0.0003031
0.000291326
0.000286514
0.000295277
0.000328176
0.000400661
0.000533074
0.00074899
0.00107143
0.00151733
0.00209157
0.00278234
0.00356066
0.00438473
0.00520717
0.0059835
0.00667944
0.00727518
0.00776619
0.00816112
0.00847779
0.00873865
0.00896679
0.00918283
0.00940317
0.00963912
0.00989687
0.0101778
0.0104791
0.0107946
0.0111157
0.0114328
0.0117362
0.0120171
0.0122689
0.0124872
0.0126701
0.012818
0.0129332
0.0130193
0.0130803
0.0131204
0.0131435
0.0131528
0.0131506
0.0131383
0.0131165
0.0130848
0.0130421
0.0129861
0.0129143
0.0128229
0.012708
0.0125649
0.012389
0.0121761
0.0119225
0.0116263
0.0112877
0.0109095
0.0104983
0.010065
0.00962482
0.00919713
0.00880465
0.00847107
0.00821798
0.00806115
0.00800715
0.00805138
0.00817882
0.00836689
0.00858963
0.00882211
0.00904389
0.00924101
0.00940618
0.00953786
0.00963852
0.0097128
0.00976604
0.00980316
0.00982816
0.00984391
0.00985224
0.00985417
0.00985019
0.0098405
0.0098253
0.00980488
0.00977981
0.00975087
0.00971907
0.0096856
0.00965166
0.00961843
0.00958696
0.00955812
0.00953256
0.00951071
0.00949278
0.00947877
0.00946843
0.00946132
0.0094567
0.00945351
0.00945028
0.00944499
0.00943504
0.00941714
0.0093873
0.00934091
0.00927293
0.00917816
0.00905166
0.00888921
0.00868786
0.00844655
0.00816681
0.0078536
0.0075161
0.00716813
0.00682763
0.00651475
0.00624865
0.00604388
0.00590685
0.00583543
0.00582036
0.00584813
0.0059041
0.00597505
0.00605056
0.00612347
0.00618955
0.00624687
0.00629511
0.00633494
0.00636759
0.00639448
0.00641709
0.00643678
0.00645472
0.00647193
0.00648917
0.00650705
0.00652595
0.00654613
0.00656768
0.00659059
0.00661472
0.00663988
3.18148e-06
3.28256e-06
3.36505e-06
3.43062e-06
3.48129e-06
3.51911e-06
3.54596e-06
3.56351e-06
3.57315e-06
3.57596e-06
3.57274e-06
3.564e-06
3.54997e-06
3.53064e-06
3.50576e-06
3.47492e-06
3.43754e-06
3.39293e-06
3.34034e-06
3.27902e-06
3.20827e-06
3.12752e-06
3.03641e-06
2.93482e-06
2.82297e-06
2.70144e-06
2.57121e-06
2.43374e-06
2.29105e-06
2.14609e-06
2.00362e-06
1.87227e-06
1.76863e-06
1.72462e-06
1.79889e-06
2.09129e-06
2.75649e-06
4.00845e-06
6.10523e-06
9.30592e-06
1.38017e-05
1.96367e-05
2.66464e-05
3.44571e-05
4.25462e-05
5.03478e-05
5.73716e-05
6.32979e-05
6.80247e-05
7.16627e-05
7.44915e-05
7.68967e-05
7.93106e-05
8.21672e-05
8.58768e-05
9.08185e-05
9.73401e-05
0.000105759
0.000116355
0.000129357
0.000144913
0.000163055
0.000183667
0.000206467
0.000231005
0.000256688
0.000282823
0.000308671
0.000333515
0.00035671
0.000377723
0.000396154
0.000411736
0.000424324
0.000433869
0.000440398
0.000443987
0.000444745
0.000442798
0.000438286
0.000431358
0.000422174
0.00041091
0.000397765
0.000382975
0.000366844
0.000349805
0.000332568
0.000316396
0.000303619
0.000298447
0.000308103
0.000344107
0.000423218
0.00056732
0.000801384
0.00114911
0.00162672
0.00223647
0.00296197
0.00376881
0.00460991
0.00543421
0.00619608
0.00686279
0.0074184
0.00786361
0.00821251
0.00848763
0.00871493
0.00891952
0.00912281
0.00934097
0.00958444
0.009858
0.0101613
0.0104897
0.0108345
0.0111848
0.0115287
0.0118546
0.0121523
0.0124144
0.0126366
0.0128177
0.0129593
0.013065
0.01314
0.0131896
0.0132191
0.0132331
0.0132353
0.0132283
0.0132137
0.0131921
0.0131628
0.0131247
0.0130754
0.0130119
0.0129304
0.0128264
0.0126947
0.01253
0.0123272
0.0120818
0.0117908
0.0114536
0.0110725
0.0106542
0.0102099
0.00975612
0.00931421
0.00890903
0.00856644
0.00830957
0.00815467
0.0081073
0.00816065
0.0082969
0.00849075
0.00871432
0.00894196
0.00915375
0.00933713
0.00948667
0.00960265
0.00968895
0.0097511
0.00979475
0.00982474
0.0098447
0.00985694
0.00986276
0.00986263
0.00985659
0.00984451
0.00982637
0.00980241
0.00977321
0.00973973
0.00970319
0.009665
0.00962661
0.00958939
0.00955453
0.00952298
0.00949544
0.00947233
0.00945385
0.00943999
0.00943052
0.00942504
0.00942289
0.00942313
0.00942442
0.00942491
0.00942212
0.00941279
0.00939287
0.00935749
0.00930114
0.00921796
0.00910219
0.0089487
0.00875374
0.00851561
0.00823562
0.00791895
0.00757548
0.00722015
0.00687217
0.00655285
0.00628216
0.00607489
0.00593715
0.00586618
0.00585195
0.00588029
0.00593607
0.00600581
0.00607907
0.00614879
0.00621096
0.00626389
0.00630753
0.00634278
0.00637107
0.00639399
0.00641313
0.0064299
0.00644553
0.00646103
0.00647716
0.00649448
0.00651335
0.00653397
0.00655638
0.0065805
0.00660615
0.00663306
3.34258e-06
3.43182e-06
3.50227e-06
3.55617e-06
3.59598e-06
3.62406e-06
3.64248e-06
3.65301e-06
3.65708e-06
3.65577e-06
3.64981e-06
3.63966e-06
3.62545e-06
3.60708e-06
3.58419e-06
3.5562e-06
3.52238e-06
3.48186e-06
3.43365e-06
3.37676e-06
3.31022e-06
3.23318e-06
3.14499e-06
3.04528e-06
2.93403e-06
2.81165e-06
2.67902e-06
2.5376e-06
2.38954e-06
2.23812e-06
2.08873e-06
1.95125e-06
1.84462e-06
1.80506e-06
1.89843e-06
2.2356e-06
2.98589e-06
4.37918e-06
6.68536e-06
1.01631e-05
1.49826e-05
2.114e-05
2.84025e-05
3.63234e-05
4.4321e-05
5.18026e-05
5.8291e-05
6.35169e-05
6.74525e-05
7.02888e-05
7.23752e-05
7.4148e-05
7.60694e-05
7.85872e-05
8.21198e-05
8.70568e-05
9.37668e-05
0.000102601
0.000113884
0.000127892
0.00014482
0.000164723
0.000187475
0.000212744
0.000239987
0.000268489
0.000297412
0.000325882
0.000353064
0.00037823
0.000400808
0.000420394
0.000436748
0.000449772
0.000459471
0.000465925
0.000469255
0.000469603
0.000467117
0.000461949
0.00045425
0.000444181
0.000431917
0.000417659
0.000401648
0.0003842
0.000365781
0.000347154
0.000329695
0.000315947
0.000310514
0.000321293
0.000360838
0.000447309
0.000604171
0.000857738
0.00123215
0.00174246
0.00238762
0.00314607
0.00397754
0.00482977
0.00564857
0.00638807
0.00701826
0.00752804
0.00792393
0.00822559
0.00846006
0.00865623
0.0088407
0.00903517
0.00925527
0.00951038
0.00980386
0.0101336
0.0104928
0.0108703
0.0112527
0.0116253
0.0119742
0.012288
0.0125586
0.0127817
0.0129575
0.0130891
0.0131819
0.0132427
0.0132785
0.0132956
0.0132994
0.0132939
0.0132819
0.0132651
0.0132438
0.0132173
0.0131841
0.0131418
0.0130871
0.0130158
0.012923
0.0128032
0.0126503
0.0124585
0.0122222
0.0119376
0.0116031
0.0112205
0.0107962
0.0103422
0.00987611
0.00942127
0.00900482
0.00865477
0.00839572
0.00824412
0.00820421
0.0082667
0.00841082
0.00860869
0.00883083
0.00905134
0.00925126
0.00941978
0.00955349
0.00965439
0.00972761
0.0097793
0.0098152
0.00983986
0.00985638
0.00986649
0.00987088
0.0098695
0.00986192
0.0098477
0.00982663
0.00979893
0.00976528
0.00972685
0.00968516
0.0096419
0.00959879
0.00955743
0.00951914
0.00948492
0.00945548
0.0094312
0.00941222
0.00939849
0.00938977
0.00938566
0.00938557
0.00938866
0.00939375
0.00939916
0.00940257
0.00940084
0.00938992
0.00936478
0.00931955
0.00924778
0.00914289
0.00899885
0.00881102
0.00857702
0.00829781
0.00797871
0.00763027
0.00726848
0.00691381
0.00658874
0.00631399
0.00610455
0.0059662
0.00589554
0.00588182
0.00591023
0.00596524
0.00603318
0.00610364
0.00616971
0.00622762
0.00627597
0.00631494
0.00634569
0.0063698
0.00638902
0.006405
0.00641922
0.00643292
0.0064471
0.0064625
0.00647963
0.00649882
0.00652022
0.0065438
0.00656942
0.00659684
0.00662574
3.48116e-06
3.55697e-06
3.61434e-06
3.65599e-06
3.68476e-06
3.70319e-06
3.71348e-06
3.71742e-06
3.71641e-06
3.71148e-06
3.7033e-06
3.69225e-06
3.67838e-06
3.66148e-06
3.64111e-06
3.61657e-06
3.58698e-06
3.5513e-06
3.50835e-06
3.4569e-06
3.39572e-06
3.32366e-06
3.23977e-06
3.14339e-06
3.03421e-06
2.91243e-06
2.77881e-06
2.63473e-06
2.48247e-06
2.32562e-06
2.17029e-06
2.02777e-06
1.91966e-06
1.887e-06
2.00365e-06
2.39243e-06
3.23797e-06
4.78582e-06
7.31545e-06
1.10803e-05
1.62216e-05
2.26783e-05
3.01437e-05
3.80975e-05
4.59065e-05
5.29645e-05
5.88247e-05
6.32832e-05
6.6395e-05
6.84315e-05
6.98048e-05
7.0989e-05
7.2462e-05
7.46743e-05
7.80451e-05
8.29739e-05
8.98545e-05
9.90816e-05
0.000111039
0.000126069
0.000144425
0.000166197
0.00019125
0.000219192
0.000249368
0.000280906
0.000312798
0.000344005
0.000373563
0.00040066
0.000424694
0.000445276
0.00046222
0.000475494
0.000485178
0.000491417
0.000494385
0.000494257
0.000491201
0.000485373
0.000476922
0.000465999
0.00045277
0.000437431
0.000420225
0.00040148
0.000381689
0.00036168
0.00034295
0.000328279
0.000322708
0.000334871
0.000378436
0.00047304
0.00064376
0.000918147
0.00132048
0.00186415
0.00254404
0.0033329
0.00418436
0.00504122
0.00584692
0.00655649
0.00714371
0.00760316
0.00794758
0.0082021
0.00839773
0.00856575
0.00873362
0.00892294
0.00914864
0.00941901
0.00973604
0.0100959
0.0104895
0.0109032
0.0113203
0.0117233
0.0120957
0.0124245
0.0127009
0.0129217
0.0130882
0.0132057
0.013282
0.0133259
0.0133457
0.013349
0.0133418
0.0133285
0.0133118
0.0132931
0.0132726
0.0132494
0.0132218
0.013187
0.0131414
0.0130807
0.0129997
0.0128922
0.0127517
0.0125715
0.0123452
0.0120679
0.0117371
0.011354
0.010925
0.0104624
0.00998518
0.00951869
0.00909239
0.00873644
0.00847674
0.00832971
0.00829785
0.00836921
0.00852003
0.00872001
0.0089385
0.00914984
0.00933645
0.00948952
0.00960767
0.00969452
0.00975618
0.00979917
0.00982908
0.00985004
0.00986454
0.0098737
0.00987757
0.00987557
0.00986683
0.00985059
0.00982649
0.00979475
0.00975623
0.00971238
0.00966509
0.00961641
0.00956839
0.00952283
0.00948116
0.00944444
0.00941331
0.00938807
0.00936877
0.00935527
0.00934728
0.00934439
0.00934606
0.00935156
0.00935984
0.00936942
0.00937815
0.00938307
0.00938021
0.00936447
0.0093297
0.00926892
0.00917482
0.00904047
0.00886029
0.00863113
0.00835355
0.00803293
0.00768043
0.00731305
0.0069525
0.00662236
0.0063441
0.00613283
0.00599398
0.0059235
0.00590996
0.00593796
0.00599165
0.00605725
0.00612443
0.0061865
0.00623994
0.00628361
0.00631798
0.00634438
0.00636458
0.00638041
0.0063936
0.00640566
0.00641782
0.00643105
0.00644608
0.00646338
0.00648323
0.0065057
0.00653074
0.00655814
0.00658758
0.00661868
3.59682e-06
3.65833e-06
3.70223e-06
3.73168e-06
3.74971e-06
3.759e-06
3.76176e-06
3.75973e-06
3.75425e-06
3.74626e-06
3.73636e-06
3.72483e-06
3.71167e-06
3.69658e-06
3.67905e-06
3.65829e-06
3.63331e-06
3.60293e-06
3.56581e-06
3.5205e-06
3.46551e-06
3.39942e-06
3.32095e-06
3.22912e-06
3.12333e-06
3.0035e-06
2.87019e-06
2.72471e-06
2.5694e-06
2.4082e-06
2.248e-06
2.10164e-06
1.99375e-06
1.97074e-06
2.11529e-06
2.56299e-06
3.51428e-06
5.22959e-06
7.99508e-06
1.20532e-05
1.75075e-05
2.42315e-05
3.18407e-05
3.97441e-05
4.72674e-05
5.38076e-05
5.89655e-05
6.26154e-05
6.49e-05
6.61662e-05
6.68769e-05
6.7529e-05
6.86015e-05
7.05368e-05
7.37495e-05
7.86493e-05
8.56622e-05
9.52385e-05
0.000107837
0.000123886
0.000143714
0.000167461
0.000194987
0.000225822
0.000259171
0.000293971
0.000329004
0.000363041
0.00039497
0.000423902
0.00044922
0.000470583
0.000487881
0.000501181
0.000510656
0.000516531
0.000519034
0.000518377
0.000514741
0.000508277
0.00049912
0.000487405
0.000473278
0.000456922
0.000438574
0.000418574
0.000397444
0.000376078
0.000356111
0.000340587
0.000335027
0.000348865
0.00039697
0.000500522
0.000686206
0.000982662
0.00141395
0.00199119
0.00270451
0.00352052
0.00438663
0.0052412
0.00602628
0.00669892
0.00723779
0.00764379
0.00793596
0.00814451
0.00830385
0.00844688
0.00860147
0.00878882
0.00902314
0.00931177
0.0096555
0.0100488
0.0104804
0.0109337
0.0113884
0.0118233
0.0122193
0.0125615
0.0128408
0.0130551
0.013208
0.0133073
0.0133636
0.0133877
0.0133899
0.0133786
0.0133604
0.0133395
0.0133186
0.0132987
0.0132799
0.0132607
0.0132392
0.0132124
0.0131765
0.0131269
0.0130579
0.0129632
0.0128356
0.0126675
0.0124518
0.0121827
0.0118565
0.011474
0.0110411
0.0105709
0.0100838
0.00960687
0.00917215
0.00881183
0.00855298
0.00841159
0.00838816
0.00846785
0.00862396
0.00882407
0.00903683
0.00923727
0.00940957
0.00954707
0.00965036
0.00972445
0.00977618
0.00981217
0.00983773
0.00985643
0.00987014
0.00987933
0.00988344
0.00988135
0.00987174
0.00985352
0.00982619
0.00979002
0.00974613
0.00969635
0.00964301
0.00958861
0.00953553
0.00948581
0.00944097
0.00940203
0.00936954
0.00934367
0.00932431
0.00931122
0.00930402
0.00930229
0.00930552
0.00931306
0.00932402
0.00933709
0.00935034
0.00936103
0.00936529
0.00935806
0.00933297
0.00928263
0.00919903
0.00907436
0.0089021
0.00867832
0.00840305
0.0080817
0.00772596
0.00735383
0.00698819
0.00665368
0.00637249
0.00615973
0.00602048
0.00595005
0.00593634
0.00596348
0.00601534
0.00607813
0.00614165
0.00619945
0.0062483
0.00628733
0.00631724
0.00633955
0.00635615
0.00636896
0.00637974
0.00639002
0.00640101
0.00641367
0.00642867
0.00644646
0.00646726
0.00649111
0.00651789
0.00654731
0.00657901
0.00661251
3.69025e-06
3.73728e-06
3.76796e-06
3.78574e-06
3.79377e-06
3.79474e-06
3.79076e-06
3.78351e-06
3.77421e-06
3.76371e-06
3.75252e-06
3.74084e-06
3.72862e-06
3.7155e-06
3.70092e-06
3.68403e-06
3.66377e-06
3.63886e-06
3.60782e-06
3.56901e-06
3.52074e-06
3.46129e-06
3.38908e-06
3.30279e-06
3.20149e-06
3.08478e-06
2.95297e-06
2.80727e-06
2.65006e-06
2.48559e-06
2.32162e-06
2.17275e-06
2.06699e-06
2.0567e-06
2.23416e-06
2.74853e-06
3.81617e-06
5.71113e-06
8.72254e-06
1.30754e-05
1.88264e-05
2.57771e-05
3.34635e-05
4.12303e-05
4.83762e-05
5.43192e-05
5.87241e-05
6.15528e-05
6.30355e-05
6.35856e-05
6.37014e-05
6.38862e-05
6.4606e-05
6.62853e-05
6.93304e-05
7.41634e-05
8.12498e-05
9.11089e-05
0.000104294
0.000121339
0.000142673
0.000168501
0.000198677
0.000232641
0.00026942
0.000307713
0.000346049
0.000382972
0.000417214
0.000447817
0.00047418
0.00049604
0.000513406
0.00052647
0.000535523
0.000540878
0.000542825
0.000541604
0.000537401
0.000530355
0.000520574
0.000508161
0.000493236
0.000475957
0.000456552
0.000435365
0.000412951
0.000390275
0.000369126
0.00035284
0.000347466
0.00036331
0.000416515
0.00052986
0.000731602
0.00105127
0.00151229
0.00212281
0.00286761
0.00370675
0.00458162
0.0054268
0.00618405
0.00681368
0.0073001
0.00765095
0.00789136
0.00805605
0.00818203
0.00830317
0.00844733
0.00863521
0.00888043
0.00918966
0.00956277
0.00999276
0.0104659
0.0109623
0.0114574
0.0119259
0.0123453
0.0126987
0.0129774
0.0131807
0.0133151
0.0133919
0.0134248
0.0134271
0.0134106
0.0133846
0.0133557
0.013328
0.0133039
0.0132839
0.0132674
0.013253
0.0132383
0.01322
0.0131942
0.013156
0.0130995
0.0130179
0.0129034
0.012748
0.0125435
0.012283
0.0119622
0.011581
0.0111452
0.0106684
0.0101723
0.00968628
0.00924456
0.00888139
0.0086248
0.00848992
0.00847502
0.00856223
0.00872204
0.0089203
0.00912542
0.00931361
0.00947106
0.0095933
0.00968272
0.0097455
0.00978891
0.00981949
0.00984214
0.00985983
0.00987379
0.00988386
0.00988889
0.00988717
0.00987692
0.00985669
0.00982586
0.00978482
0.009735
0.00967874
0.0096189
0.00955852
0.00950035
0.00944663
0.00939895
0.00935823
0.00932484
0.00929875
0.00927968
0.00926721
0.00926091
0.00926031
0.00926493
0.0092742
0.00928739
0.00930335
0.00932041
0.00933602
0.00934651
0.00934687
0.00933064
0.00929006
0.0092165
0.00910132
0.00893707
0.00871897
0.00844653
0.00812511
0.00776688
0.00739079
0.00702085
0.00668271
0.00639915
0.00618527
0.00604572
0.00597518
0.00596098
0.00598681
0.00603638
0.00609595
0.0061555
0.00620888
0.00625312
0.00628763
0.0063133
0.00633182
0.00634518
0.00635535
0.00636412
0.006373
0.00638318
0.0063956
0.0064109
0.00642949
0.00645154
0.00647704
0.0065058
0.0065375
0.00657167
0.00660778
3.76307e-06
3.79605e-06
3.81428e-06
3.82134e-06
3.82039e-06
3.81401e-06
3.80421e-06
3.79251e-06
3.78003e-06
3.76751e-06
3.75538e-06
3.74378e-06
3.7326e-06
3.72146e-06
3.70975e-06
3.69662e-06
3.68096e-06
3.66142e-06
3.63642e-06
3.6042e-06
3.56285e-06
3.51041e-06
3.44501e-06
3.36498e-06
3.26902e-06
3.1564e-06
3.02716e-06
2.88232e-06
2.72427e-06
2.55762e-06
2.39104e-06
2.24109e-06
2.13955e-06
2.14536e-06
2.36114e-06
2.95019e-06
4.14467e-06
6.23031e-06
9.49477e-06
1.41385e-05
2.01622e-05
2.72911e-05
3.49831e-05
4.25283e-05
4.92152e-05
5.45011e-05
5.81287e-05
6.01531e-05
6.08863e-05
6.07951e-05
6.03962e-05
6.01824e-05
6.0594e-05
6.20298e-05
6.48856e-05
6.95979e-05
7.668e-05
8.67337e-05
0.000100426
0.000118425
0.000141285
0.000169298
0.000202314
0.00023966
0.000280141
0.000322161
0.000363939
0.000403759
0.000440189
0.000472221
0.000499309
0.000521316
0.000538412
0.00055095
0.000559355
0.000564041
0.000565354
0.00056356
0.000558835
0.000551292
0.000541001
0.00052802
0.000512429
0.000494354
0.000474006
0.000451729
0.000428109
0.000404194
0.00038194
0.000365009
0.000360029
0.000378245
0.00043715
0.000561155
0.000780013
0.00112388
0.00161507
0.00225805
0.00303169
0.00388932
0.00476664
0.00559539
0.00631826
0.00689992
0.00733123
0.00762664
0.00781692
0.00794053
0.00803622
0.00813828
0.00827422
0.00846432
0.00872188
0.00905336
0.00945806
0.00992765
0.0104459
0.0109891
0.0115276
0.0120314
0.0124737
0.0128359
0.0131096
0.0132967
0.0134076
0.0134577
0.0134643
0.0134433
0.0134078
0.0133677
0.0133293
0.0132962
0.0132701
0.0132511
0.0132379
0.0132289
0.0132214
0.013212
0.0131965
0.01317
0.0131261
0.0130578
0.0129568
0.0128142
0.0126213
0.01237
0.0120551
0.0116758
0.0112379
0.0107553
0.0102513
0.00975739
0.00931012
0.00894558
0.00869252
0.00856482
0.00855828
0.00865195
0.00881376
0.00900824
0.00920409
0.00937906
0.00952152
0.00962914
0.0097059
0.00975885
0.00979546
0.00982205
0.00984302
0.00986075
0.00987587
0.00988758
0.00989412
0.00989321
0.00988252
0.00986024
0.0098256
0.00977917
0.00972281
0.00965948
0.00959274
0.00952619
0.00946302
0.00940564
0.0093556
0.00931366
0.00927993
0.00925412
0.00923571
0.00922414
0.00921884
0.00921934
0.00922518
0.00923591
0.0092509
0.00926922
0.00928941
0.00930916
0.00932501
0.00933207
0.00932383
0.00929225
0.00922815
0.00912212
0.00896578
0.0087535
0.00848425
0.00816328
0.00780323
0.00742393
0.00705048
0.00670944
0.0064241
0.00620946
0.00606971
0.00599893
0.00598389
0.00600798
0.00605484
0.00611083
0.00616621
0.00621509
0.00625479
0.00628498
0.00630671
0.0063218
0.0063323
0.00634023
0.00634736
0.00635519
0.00636491
0.00637741
0.00639331
0.00641298
0.00643655
0.00646398
0.00649499
0.00652921
0.00656607
0.00660497
3.8176e-06
3.83748e-06
3.8444e-06
3.84195e-06
3.83318e-06
3.8205e-06
3.80577e-06
3.79037e-06
3.77528e-06
3.76116e-06
3.74836e-06
3.73696e-06
3.72682e-06
3.71755e-06
3.70853e-06
3.69889e-06
3.68751e-06
3.67303e-06
3.6538e-06
3.62797e-06
3.59347e-06
3.54813e-06
3.48979e-06
3.41645e-06
3.32645e-06
3.2187e-06
3.0929e-06
2.94987e-06
2.79198e-06
2.62421e-06
2.45621e-06
2.30673e-06
2.21172e-06
2.23729e-06
2.49711e-06
3.16905e-06
4.50041e-06
6.78611e-06
1.03073e-05
1.52317e-05
2.14968e-05
2.87489e-05
3.63726e-05
4.3617e-05
4.9778e-05
5.43701e-05
5.72245e-05
5.84893e-05
5.85489e-05
5.79069e-05
5.70806e-05
5.65373e-05
5.66803e-05
5.78773e-05
6.05113e-05
6.50361e-05
7.20193e-05
8.21589e-05
9.62581e-05
0.000115146
0.000139535
0.000169832
0.000205887
0.000246887
0.000291358
0.000337338
0.000382669
0.000425338
0.00046375
0.00049688
0.00052429
0.000546028
0.000562474
0.000574174
0.000581707
0.000585588
0.000586217
0.000583868
0.000578699
0.000570779
0.000560124
0.000546738
0.000530645
0.000511931
0.000490781
0.000467536
0.000442815
0.000417755
0.000394499
0.000377067
0.000372721
0.000393715
0.000458956
0.000594496
0.000831466
0.00120033
0.00172172
0.00239575
0.00319493
0.00406585
0.00493912
0.00574475
0.00642759
0.00695766
0.00733272
0.00757378
0.00771653
0.00780227
0.00787071
0.007956
0.00808518
0.00827829
0.00854879
0.00890342
0.00934142
0.00985339
0.0104204
0.0110144
0.0115997
0.0121402
0.0126046
0.0129724
0.0132361
0.0134014
0.0134836
0.0135031
0.0134812
0.0134363
0.0133826
0.0133299
0.0132838
0.0132471
0.0132205
0.0132035
0.0131945
0.0131913
0.0131912
0.0131908
0.0131857
0.0131707
0.0131395
0.0130845
0.012997
0.0128675
0.0126863
0.0124446
0.012136
0.0117593
0.0113198
0.0108322
0.0103213
0.00982075
0.00936933
0.00900487
0.00875645
0.00863637
0.00863774
0.00873661
0.00889864
0.00908756
0.0092728
0.00943396
0.00956167
0.00965557
0.00972098
0.00976552
0.00979672
0.00982053
0.00984085
0.00985952
0.00987657
0.00989062
0.00989927
0.00989959
0.00988867
0.00986426
0.00982546
0.00977306
0.0097095
0.00963852
0.0095645
0.00949173
0.0094238
0.00936325
0.00931152
0.00926906
0.00923564
0.00921065
0.00919331
0.00918286
0.00917866
0.00918021
0.00918711
0.00919899
0.00921538
0.00923556
0.00925825
0.00928141
0.00930181
0.00931469
0.00931356
0.00929016
0.00923485
0.00913747
0.00898879
0.00878232
0.00851646
0.00819636
0.00783507
0.00745329
0.00707711
0.0067339
0.00644739
0.00623235
0.00609249
0.0060213
0.0060051
0.00602706
0.00607082
0.00612296
0.00617401
0.0062184
0.00625372
0.00627984
0.00629797
0.00631001
0.00631806
0.00632412
0.00632999
0.00633712
0.0063467
0.00635958
0.00637637
0.0063974
0.00642278
0.00645239
0.00648593
0.0065229
0.00656268
0.00660454
3.85661e-06
3.86472e-06
3.8617e-06
3.85105e-06
3.83563e-06
3.81766e-06
3.79882e-06
3.78036e-06
3.76315e-06
3.74776e-06
3.73448e-06
3.72336e-06
3.7142e-06
3.70661e-06
3.69998e-06
3.69346e-06
3.68593e-06
3.67604e-06
3.66214e-06
3.64229e-06
3.61433e-06
3.57591e-06
3.52462e-06
3.45814e-06
3.37447e-06
3.27212e-06
3.15047e-06
3.01006e-06
2.85325e-06
2.68536e-06
2.51717e-06
2.36982e-06
2.28384e-06
2.33312e-06
2.64296e-06
3.40596e-06
4.8835e-06
7.37645e-06
1.11539e-05
1.63425e-05
2.28109e-05
3.01267e-05
3.76096e-05
4.44832e-05
5.00704e-05
5.39577e-05
5.60707e-05
5.66457e-05
5.61257e-05
5.50334e-05
5.38697e-05
5.30631e-05
5.2972e-05
5.39285e-05
5.63014e-05
6.05626e-05
6.73391e-05
7.7437e-05
9.18176e-05
0.000111505
0.00013741
0.000170084
0.000209388
0.000254335
0.000303099
0.000353263
0.000402218
0.000447615
0.000487707
0.000521506
0.000548752
0.000569748
0.000585133
0.000595682
0.000602134
0.000605102
0.000605028
0.000602179
0.000596675
0.000588527
0.000577685
0.000564082
0.000547679
0.00052851
0.000506725
0.000482661
0.000456968
0.000430881
0.00040675
0.000388991
0.000385555
0.000409773
0.000482016
0.000629958
0.000885938
0.00128034
0.00183153
0.00253459
0.00335537
0.00423398
0.00509676
0.00587319
0.00651151
0.00698788
0.00730704
0.00749607
0.0075947
0.00764603
0.00769003
0.00776028
0.00788335
0.00807937
0.00836249
0.0087404
0.0092129
0.00976978
0.0103893
0.0110383
0.011674
0.0122528
0.0127382
0.0131077
0.0133557
0.013493
0.0135413
0.013527
0.0134754
0.0134072
0.0133371
0.0132741
0.0132227
0.0131845
0.0131591
0.0131452
0.0131409
0.0131438
0.013151
0.0131593
0.0131642
0.0131605
0.0131416
0.0130997
0.0130256
0.0129092
0.0127398
0.0125077
0.0122058
0.0118319
0.0113914
0.0108997
0.0103829
0.00987688
0.00942273
0.00905976
0.00881689
0.00870461
0.00871318
0.00881582
0.0089763
0.00915805
0.00933166
0.0094788
0.0095923
0.00967357
0.00972894
0.00976642
0.00979339
0.00981543
0.00983595
0.00985629
0.00987598
0.00989303
0.00990438
0.00990638
0.00989546
0.00986884
0.00982549
0.00976649
0.00969502
0.0096158
0.00953421
0.00945528
0.00938303
0.00932001
0.00926739
0.00922523
0.00919285
0.00916925
0.00915335
0.00914424
0.00914118
0.0091437
0.00915144
0.00916417
0.00918157
0.00920309
0.0092277
0.00925359
0.00927774
0.00929561
0.00930072
0.00928467
0.0092374
0.00914808
0.00900665
0.00880582
0.00854342
0.00822449
0.0078625
0.00747892
0.00710077
0.00675617
0.00646908
0.006254
0.00611411
0.00604235
0.00602466
0.00604409
0.00608442
0.00613249
0.00617915
0.00621913
0.00625029
0.00627266
0.00628756
0.00629695
0.00630294
0.00630753
0.00631248
0.00631924
0.00632897
0.00634253
0.00636049
0.00638317
0.00641065
0.00644274
0.00647907
0.00651905
0.00656196
0.00660697
3.88311e-06
3.88095e-06
3.86944e-06
3.85188e-06
3.8309e-06
3.80853e-06
3.78628e-06
3.76529e-06
3.74635e-06
3.72995e-06
3.71633e-06
3.70548e-06
3.69721e-06
3.69109e-06
3.68653e-06
3.68269e-06
3.67852e-06
3.67266e-06
3.66349e-06
3.64906e-06
3.62713e-06
3.59524e-06
3.55075e-06
3.49107e-06
3.41385e-06
3.31725e-06
3.20024e-06
3.06312e-06
2.9082e-06
2.74118e-06
2.57404e-06
2.4306e-06
2.35635e-06
2.43353e-06
2.79954e-06
3.66155e-06
5.29344e-06
7.99821e-06
1.20268e-05
1.74566e-05
2.40847e-05
3.14023e-05
3.86766e-05
4.51234e-05
5.01104e-05
5.33077e-05
5.47366e-05
5.47119e-05
5.37185e-05
5.22805e-05
5.08677e-05
4.98596e-05
4.95641e-05
5.02747e-05
5.23442e-05
5.62614e-05
6.27147e-05
7.26277e-05
8.71414e-05
0.000107512
0.000134896
0.000170034
0.000212808
0.000262014
0.000315391
0.00036995
0.000422546
0.000470461
0.000511826
0.000545764
0.000572283
0.000592019
0.000605926
0.000615025
0.00062022
0.000622208
0.00062145
0.000618191
0.000612491
0.000604292
0.000593461
0.00057985
0.000563348
0.000543926
0.000521695
0.00049698
0.000470465
0.000443493
0.000418641
0.000400762
0.000398549
0.000426475
0.000506411
0.000667598
0.000943353
0.00136354
0.00194362
0.00267307
0.00351098
0.00439142
0.00523753
0.00597957
0.00657026
0.00699239
0.0072575
0.00739794
0.00745642
0.00747694
0.00749899
0.00755531
0.00767211
0.00787001
0.0081645
0.00856502
0.00907259
0.00967666
0.0103525
0.0110611
0.011751
0.0123698
0.0128746
0.0132409
0.0134668
0.0135698
0.0135793
0.0135287
0.0134474
0.0133578
0.0132742
0.0132042
0.0131505
0.0131131
0.0130904
0.0130806
0.0130812
0.01309
0.0131042
0.0131205
0.0131347
0.0131416
0.0131344
0.0131051
0.0130441
0.0129404
0.0127827
0.0125604
0.0122652
0.0118945
0.0114534
0.0109582
0.0104365
0.00992637
0.00947087
0.00911069
0.0088741
0.00876954
0.00878438
0.00888923
0.00904644
0.00921964
0.00938095
0.00951419
0.00961426
0.00968406
0.00973069
0.0097623
0.00978604
0.0098071
0.0098285
0.00985115
0.00987409
0.00989478
0.00990945
0.00991364
0.00990297
0.00987406
0.00982571
0.00975942
0.0096793
0.00959128
0.00950191
0.00941708
0.00934114
0.00927654
0.00922401
0.00918306
0.00915246
0.00913078
0.00911667
0.00910904
0.00910712
0.00911047
0.00911882
0.00913207
0.00915006
0.00917245
0.00919841
0.00922637
0.00925356
0.00927559
0.00928609
0.00927654
0.0092365
0.00915456
0.00901988
0.00882439
0.00856541
0.00824786
0.0078856
0.00750088
0.00712157
0.00677633
0.00648928
0.00627451
0.00613465
0.00606213
0.00604262
0.00605917
0.00609577
0.0061396
0.00618186
0.00621758
0.00624485
0.00626382
0.0062759
0.00628305
0.00628738
0.00629086
0.00629524
0.00630195
0.00631214
0.00632666
0.00634608
0.00637072
0.00640059
0.00643547
0.00647488
0.00651814
0.0065644
0.00661271
3.90008e-06
3.8892e-06
3.87059e-06
3.84728e-06
3.82169e-06
3.79564e-06
3.77054e-06
3.74744e-06
3.72705e-06
3.70983e-06
3.69596e-06
3.68539e-06
3.67789e-06
3.67302e-06
3.6702e-06
3.66862e-06
3.66726e-06
3.66483e-06
3.65973e-06
3.65005e-06
3.63352e-06
3.60758e-06
3.56944e-06
3.51629e-06
3.44544e-06
3.35469e-06
3.24266e-06
3.10935e-06
2.95703e-06
2.79182e-06
2.62703e-06
2.48937e-06
2.42975e-06
2.53922e-06
2.96761e-06
3.93612e-06
5.72905e-06
8.64717e-06
1.29165e-05
1.85589e-05
2.52983e-05
3.25568e-05
3.95626e-05
4.5543e-05
4.99262e-05
5.24733e-05
5.3297e-05
5.27768e-05
5.14221e-05
4.97419e-05
4.81627e-05
4.70089e-05
4.6535e-05
4.69938e-05
4.87193e-05
5.22134e-05
5.82238e-05
6.77971e-05
8.22742e-05
0.000103183
0.000131984
0.000169661
0.000216135
0.00026994
0.00032826
0.000387405
0.000443591
0.000493709
0.000535824
0.000569271
0.000594441
0.000612382
0.00062441
0.000631802
0.000635615
0.000636605
0.000635228
0.000631679
0.000625948
0.000617888
0.000607277
0.000593878
0.000577496
0.000558036
0.00053556
0.000510379
0.000483214
0.00045552
0.00043013
0.000412368
0.00041173
0.000443886
0.00053222
0.000707442
0.00100357
0.00144944
0.00205694
0.00280954
0.00365965
0.00453603
0.00535984
0.00606342
0.00660486
0.00697382
0.00718808
0.0072843
0.00730708
0.00730036
0.00730259
0.00734551
0.00745512
0.007653
0.0079567
0.00837825
0.00892079
0.00957399
0.0103101
0.0110832
0.0118316
0.0124918
0.0130137
0.0133714
0.0135679
0.0136298
0.0135963
0.0135082
0.0133989
0.0132913
0.0131983
0.0131251
0.0130722
0.0130379
0.0130193
0.013014
0.0130196
0.0130337
0.013054
0.0130773
0.0130998
0.0131162
0.0131199
0.0131025
0.0130538
0.0129625
0.0128163
0.0126034
0.012315
0.0119476
0.0115064
0.0110084
0.0104828
0.00996977
0.00951433
0.00915809
0.00892831
0.00883113
0.0088511
0.00895652
0.00910886
0.00927241
0.00942106
0.00954081
0.00962842
0.00968797
0.00972705
0.00975381
0.00977512
0.00979584
0.00981865
0.00984411
0.00987088
0.00989585
0.00991447
0.00992139
0.00991127
0.00988
0.00982617
0.00975183
0.00966226
0.00956491
0.00946771
0.00937744
0.00929868
0.00923357
0.00918223
0.00914343
0.00911534
0.00909606
0.00908399
0.00907791
0.00907706
0.00908104
0.00908974
0.00910317
0.00912135
0.00914413
0.00917091
0.00920033
0.00922986
0.00925529
0.00927035
0.00926643
0.0092328
0.0091575
0.00902895
0.0088384
0.00858267
0.00826663
0.00790451
0.0075193
0.00713958
0.00679451
0.00650812
0.00629399
0.0061542
0.00608073
0.00605907
0.0060724
0.00610501
0.00614449
0.0061824
0.00621406
0.00623775
0.00625371
0.00626337
0.0062687
0.00627176
0.0062745
0.00627864
0.00628561
0.00629655
0.00631234
0.00633354
0.00636045
0.00639306
0.00643106
0.00647386
0.00652067
0.0065705
0.00662226
3.91027e-06
3.89218e-06
3.8677e-06
3.83964e-06
3.81018e-06
3.78101e-06
3.75347e-06
3.72855e-06
3.70694e-06
3.68903e-06
3.67498e-06
3.66468e-06
3.65785e-06
3.65404e-06
3.65265e-06
3.65291e-06
3.65384e-06
3.65422e-06
3.65251e-06
3.64685e-06
3.63498e-06
3.6143e-06
3.58193e-06
3.53484e-06
3.47008e-06
3.38511e-06
3.27821e-06
3.1491e-06
2.99999e-06
2.8375e-06
2.67639e-06
2.54651e-06
2.50459e-06
2.65091e-06
3.14778e-06
4.22958e-06
6.18834e-06
9.3179e-06
1.38123e-05
1.96333e-05
2.64333e-05
3.35744e-05
4.02632e-05
4.57561e-05
4.95548e-05
5.15134e-05
5.18268e-05
5.09231e-05
4.93186e-05
4.74931e-05
4.58222e-05
4.45719e-05
4.3943e-05
4.41466e-05
4.54939e-05
4.84931e-05
5.39444e-05
6.3017e-05
7.72686e-05
9.85423e-05
0.000128669
0.000168946
0.000219361
0.000278127
0.000341733
0.000405623
0.000465265
0.000517152
0.000559373
0.000591616
0.000614776
0.000630402
0.000640199
0.000645696
0.000648068
0.0006481
0.00064621
0.00064252
0.000636933
0.000629207
0.000619023
0.00060605
0.000590006
0.000570722
0.000548209
0.000522758
0.000495127
0.000466897
0.000441176
0.000423806
0.000425134
0.000462074
0.000559514
0.000749485
0.00106635
0.00153741
0.0021703
0.00294226
0.00379932
0.0046659
0.00546252
0.00612484
0.00661701
0.00693538
0.00710324
0.00716039
0.0071522
0.00712174
0.00710597
0.00713551
0.00723635
0.00743151
0.00774135
0.00818146
0.00875808
0.00946187
0.0102622
0.011105
0.0119163
0.0126195
0.0131556
0.0134981
0.0136572
0.0136715
0.0135918
0.0134666
0.0133324
0.0132116
0.0131141
0.0130421
0.0129932
0.0129639
0.0129505
0.01295
0.01296
0.0129787
0.0130038
0.0130329
0.0130622
0.0130869
0.0131002
0.0130935
0.0130564
0.0129767
0.0128414
0.0126377
0.0123559
0.0119919
0.0115509
0.0110507
0.0105223
0.0100077
0.00955365
0.00920239
0.00897971
0.00888935
0.00891311
0.00901746
0.00916348
0.00931654
0.00945249
0.0095594
0.00963561
0.00968611
0.00971875
0.00974152
0.00976104
0.00978188
0.00980649
0.0098352
0.00986631
0.00989616
0.00991941
0.00992964
0.00992042
0.00988671
0.0098269
0.00974368
0.00964384
0.00953669
0.00943177
0.00933674
0.00925626
0.00919191
0.00914293
0.00910722
0.00908227
0.00906577
0.00905586
0.00905131
0.00905138
0.00905578
0.00906453
0.0090778
0.00909579
0.00911854
0.00914563
0.00917595
0.00920716
0.00923526
0.00925407
0.00925494
0.00922687
0.00915739
0.00903431
0.0088482
0.00859548
0.00828099
0.00791939
0.00753432
0.00715499
0.0068109
0.00652575
0.00631261
0.00617291
0.00609827
0.00607414
0.00608391
0.00611231
0.00614736
0.00618101
0.00620885
0.00622929
0.00624264
0.00625032
0.00625424
0.00625642
0.00625878
0.00626301
0.00627055
0.00628257
0.00629995
0.00632328
0.00635284
0.00638856
0.00643004
0.00647658
0.00652721
0.0065808
0.00663612
3.91615e-06
3.89217e-06
3.8629e-06
3.83088e-06
3.79811e-06
3.76622e-06
3.73651e-06
3.70996e-06
3.68726e-06
3.66877e-06
3.65458e-06
3.64454e-06
3.6383e-06
3.63538e-06
3.63516e-06
3.63689e-06
3.63963e-06
3.64222e-06
3.64322e-06
3.64082e-06
3.63283e-06
3.61664e-06
3.58931e-06
3.54768e-06
3.48858e-06
3.40917e-06
3.3074e-06
3.18274e-06
3.03739e-06
2.87851e-06
2.72244e-06
2.60248e-06
2.58148e-06
2.76929e-06
3.34049e-06
4.54137e-06
6.66843e-06
1.00038e-05
1.47023e-05
2.06636e-05
2.74726e-05
3.4444e-05
4.07803e-05
4.57838e-05
4.90382e-05
5.04874e-05
5.03954e-05
4.92213e-05
4.74721e-05
4.5588e-05
4.38893e-05
4.25846e-05
4.18225e-05
4.17724e-05
4.27179e-05
4.51638e-05
4.99503e-05
5.83622e-05
7.21852e-05
9.362e-05
0.000124946
0.000167867
0.000222475
0.000286591
0.000355837
0.000424589
0.00048745
0.000540541
0.000582111
0.000612373
0.000632866
0.000645709
0.000653008
0.000656508
0.000657462
0.000656633
0.000654371
0.000650705
0.000645438
0.000638229
0.000628661
0.000616309
0.000600804
0.0005819
0.000559552
0.000534031
0.00050613
0.000477568
0.000451754
0.000435082
0.000438807
0.000481115
0.000588352
0.000793678
0.0011314
0.0016267
0.00228237
0.00306936
0.00392792
0.00477931
0.00554481
0.00616449
0.00660891
0.00688071
0.00700764
0.00703145
0.00699723
0.00694645
0.00691423
0.00693002
0.00702
0.0072091
0.00752119
0.00797645
0.0085854
0.00934068
0.0102089
0.0111271
0.0120063
0.0127537
0.0133003
0.0136199
0.0137331
0.0136935
0.0135656
0.0134057
0.0132518
0.0131236
0.0130272
0.0129605
0.0129185
0.0128958
0.0128881
0.0128921
0.0129059
0.0129279
0.0129565
0.0129897
0.0130244
0.0130557
0.0130771
0.0130798
0.0130532
0.0129842
0.0128591
0.0126641
0.0123887
0.012028
0.0115875
0.0110858
0.0105556
0.0100407
0.00958944
0.00924398
0.0090285
0.00894413
0.00897024
0.00907189
0.00921032
0.00935232
0.0094758
0.00957069
0.00963667
0.00967928
0.00970646
0.00972598
0.00974419
0.00976549
0.00979217
0.00982445
0.00986035
0.00989568
0.00992424
0.00993843
0.00993049
0.00989429
0.00982792
0.00973493
0.00962398
0.00950664
0.00939431
0.00929548
0.00921462
0.0091524
0.00910694
0.00907516
0.00905387
0.00904035
0.00903263
0.00902948
0.00903027
0.00903483
0.00904335
0.00905616
0.00907361
0.00909592
0.00912289
0.00915357
0.00918587
0.00921595
0.00923774
0.00924256
0.00921918
0.0091547
0.00903633
0.00885411
0.00860408
0.00829114
0.0079304
0.00754612
0.007168
0.0068257
0.00654242
0.00633056
0.00619096
0.00611492
0.00608797
0.00609387
0.00611785
0.00614843
0.00617795
0.00620223
0.00621979
0.00623093
0.00623705
0.00623997
0.00624166
0.006244
0.00624867
0.00625712
0.00627056
0.0062899
0.00631576
0.00634839
0.00638764
0.00643302
0.00648364
0.00653837
0.00659589
0.00665482
3.91977e-06
3.89106e-06
3.85787e-06
3.82249e-06
3.78682e-06
3.75245e-06
3.72071e-06
3.69264e-06
3.66892e-06
3.64991e-06
3.63562e-06
3.62584e-06
3.62013e-06
3.61796e-06
3.61868e-06
3.62154e-06
3.62565e-06
3.62991e-06
3.63297e-06
3.63309e-06
3.62817e-06
3.61565e-06
3.59258e-06
3.5557e-06
3.50169e-06
3.42746e-06
3.33069e-06
3.21064e-06
3.06953e-06
2.91514e-06
2.76557e-06
2.65778e-06
2.66107e-06
2.89498e-06
3.54597e-06
4.87043e-06
7.16576e-06
1.06969e-05
1.55738e-05
2.16338e-05
2.84013e-05
3.51584e-05
4.11214e-05
4.56523e-05
4.84202e-05
4.94512e-05
4.90622e-05
4.77258e-05
4.59257e-05
4.40559e-05
4.23814e-05
4.10567e-05
4.01823e-05
3.98863e-05
4.04202e-05
4.22728e-05
4.6307e-05
5.39079e-05
6.70908e-05
8.84555e-05
0.000120819
0.000166405
0.000225466
0.000295352
0.000370598
0.000444273
0.000509998
0.00056359
0.000603651
0.000631128
0.000648344
0.000658035
0.000662682
0.000664192
0.00066383
0.000662293
0.000659825
0.000656348
0.00065156
0.000645022
0.000636225
0.000624656
0.000609862
0.000591519
0.000569526
0.00054413
0.000516163
0.00048749
0.000461844
0.000446214
0.000452803
0.000501083
0.000618778
0.000839923
0.00119831
0.00171637
0.00239164
0.00318893
0.00404349
0.00487481
0.00560634
0.00618342
0.0065831
0.00681356
0.00690585
0.00690245
0.00684723
0.00677946
0.00673217
0.00673363
0.00681038
0.00698962
0.00729942
0.00776556
0.00840419
0.00921117
0.0101509
0.0111503
0.0121026
0.0128955
0.0134479
0.0137356
0.0137936
0.0136948
0.0135186
0.0133283
0.0131614
0.0130327
0.0129429
0.0128854
0.0128525
0.0128374
0.0128353
0.0128432
0.0128597
0.0128837
0.0129144
0.0129501
0.0129883
0.0130245
0.0130524
0.0130631
0.0130455
0.0129861
0.0128703
0.0126834
0.0124138
0.0120564
0.0116168
0.0111143
0.0105832
0.0100694
0.00962221
0.00928327
0.00907482
0.00899545
0.00902235
0.00911973
0.00924948
0.00938012
0.00949157
0.00957544
0.00963236
0.00966821
0.00969082
0.00970771
0.00972499
0.00974697
0.00977591
0.009812
0.00985305
0.00989441
0.00992896
0.00994778
0.00994155
0.00990282
0.00982927
0.00972553
0.0096026
0.00947482
0.00935562
0.00925422
0.0091745
0.00911586
0.00907503
0.00904786
0.00903052
0.00902003
0.00901437
0.00901241
0.00901367
0.00901816
0.00902619
0.00903826
0.00905489
0.00907644
0.00910288
0.00913348
0.00916632
0.00919773
0.00922176
0.00922971
0.00921016
0.00914982
0.00903538
0.0088564
0.0086087
0.00829729
0.00793775
0.00755493
0.00717888
0.0068392
0.0065584
0.00634811
0.00620859
0.00613091
0.00610079
0.0061025
0.00612188
0.00614796
0.00617348
0.00619447
0.0062095
0.00621886
0.00622383
0.00622617
0.00622777
0.00623047
0.00623594
0.00624568
0.00626094
0.00628268
0.00631153
0.0063477
0.00639097
0.00644068
0.00649575
0.00655482
0.00661638
0.00667887
3.92283e-06
3.89038e-06
3.85396e-06
3.81567e-06
3.77734e-06
3.74061e-06
3.7069e-06
3.67732e-06
3.6526e-06
3.63306e-06
3.61868e-06
3.60913e-06
3.6039e-06
3.60236e-06
3.60383e-06
3.60754e-06
3.61262e-06
3.61806e-06
3.62256e-06
3.6245e-06
3.62187e-06
3.61219e-06
3.59253e-06
3.55963e-06
3.51005e-06
3.44053e-06
3.34853e-06
3.23315e-06
3.09673e-06
2.94774e-06
2.80621e-06
2.71297e-06
2.74402e-06
3.02857e-06
3.76417e-06
5.21516e-06
7.67586e-06
1.13883e-05
1.64135e-05
2.25285e-05
2.92067e-05
3.57142e-05
4.12977e-05
4.53891e-05
4.77421e-05
4.84523e-05
4.78725e-05
4.64715e-05
4.46997e-05
4.29016e-05
4.12901e-05
3.99718e-05
3.90046e-05
3.84775e-05
3.8605e-05
3.9847e-05
4.30669e-05
4.9725e-05
6.20571e-05
8.30958e-05
0.000116294
0.000164538
0.000228321
0.000304429
0.00038604
0.000464628
0.000532728
0.000585981
0.000623606
0.000647518
0.000660946
0.000667252
0.000669232
0.000668869
0.000667371
0.000665314
0.000662816
0.000659676
0.000655492
0.000649736
0.000641819
0.000631148
0.000617193
0.000599561
0.00057809
0.000553005
0.000525178
0.00049663
0.000471443
0.000457236
0.00046719
0.000522055
0.000650812
0.000888055
0.00126655
0.00180537
0.00249649
0.00329895
0.00414411
0.00495113
0.00564695
0.00618285
0.00654206
0.00673739
0.00680191
0.00677766
0.00670646
0.00662495
0.00656392
0.00655046
0.00661159
0.00677704
0.00707962
0.00755169
0.00821643
0.00907452
0.010089
0.0111757
0.0122065
0.0130458
0.0135983
0.0138439
0.0138372
0.0136747
0.0134525
0.0132384
0.0130664
0.0129444
0.0128662
0.012821
0.0127984
0.012791
0.0127941
0.0128051
0.0128232
0.0128479
0.0128791
0.0129158
0.0129558
0.0129952
0.0130277
0.0130447
0.0130346
0.0129835
0.0128759
0.0126962
0.012432
0.0120778
0.0116391
0.0111365
0.0106059
0.0100944
0.00965252
0.00932063
0.00911886
0.00904328
0.00906936
0.00916099
0.00928118
0.00940037
0.00950041
0.00957431
0.00962338
0.00965356
0.00967243
0.00968723
0.00970391
0.00972671
0.00975802
0.00979805
0.00984455
0.0098924
0.00993358
0.0099577
0.00995366
0.00991236
0.00983097
0.00971542
0.00957964
0.0094413
0.00931607
0.0092136
0.0091367
0.00908304
0.00904776
0.00902565
0.00901234
0.00900473
0.00900089
0.00899985
0.00900134
0.00900552
0.00901286
0.009024
0.00903959
0.00906012
0.00908573
0.00911585
0.00914874
0.00918089
0.00920646
0.00921674
0.00920015
0.00914307
0.00903174
0.00885536
0.00860959
0.00829967
0.0079417
0.00756104
0.00718796
0.00685175
0.00657405
0.00636562
0.00622612
0.00614653
0.00611289
0.00611011
0.00612469
0.00614626
0.00616791
0.00618586
0.00619872
0.00620668
0.00621093
0.00621312
0.00621504
0.00621851
0.00622522
0.00623669
0.00625424
0.00627888
0.00631125
0.00635152
0.00639933
0.00645383
0.00651369
0.0065773
0.00664291
0.0067088
3.92664e-06
3.89131e-06
3.85223e-06
3.81136e-06
3.77053e-06
3.73146e-06
3.69572e-06
3.66455e-06
3.63875e-06
3.61864e-06
3.60411e-06
3.59475e-06
3.58992e-06
3.5889e-06
3.59094e-06
3.59524e-06
3.60097e-06
3.60713e-06
3.61252e-06
3.61562e-06
3.61453e-06
3.60686e-06
3.58978e-06
3.56004e-06
3.51417e-06
3.44881e-06
3.36128e-06
3.25061e-06
3.1193e-06
2.97668e-06
2.84483e-06
2.76867e-06
2.83102e-06
3.1705e-06
3.99471e-06
5.57333e-06
8.19333e-06
1.20681e-05
1.72078e-05
2.3333e-05
2.98784e-05
3.61106e-05
4.1322e-05
4.50206e-05
4.70384e-05
4.7526e-05
4.68535e-05
4.54719e-05
4.37906e-05
4.21054e-05
4.05827e-05
3.92888e-05
3.82464e-05
3.75087e-05
3.72502e-05
3.78889e-05
4.02636e-05
4.58759e-05
5.71575e-05
7.75955e-05
0.000111386
0.000162245
0.000231026
0.000313846
0.000402188
0.000485591
0.000555425
0.000607376
0.00064161
0.000661259
0.000670544
0.000673403
0.000672844
0.000670829
0.00066843
0.000666062
0.000663694
0.000661007
0.000657506
0.000652589
0.0006456
0.000635885
0.000622849
0.000606034
0.000585224
0.000560621
0.000533141
0.000504972
0.000480563
0.000468192
0.000482044
0.000544104
0.00068444
0.000937835
0.00133547
0.00189246
0.00259513
0.00339734
0.00422786
0.00500706
0.00566654
0.00616386
0.00648792
0.00665499
0.00669888
0.00666015
0.0065779
0.00648586
0.00641249
0.00638375
0.00642717
0.00657515
0.0068656
0.00733825
0.0080248
0.00893252
0.0100244
0.0112045
0.0123199
0.0132062
0.0137515
0.0139431
0.0138621
0.0136335
0.0133698
0.0131406
0.0129724
0.0128637
0.0128012
0.0127699
0.012758
0.0127579
0.0127653
0.0127783
0.0127968
0.0128211
0.0128515
0.0128877
0.012928
0.0129689
0.0130044
0.0130259
0.0130217
0.0129773
0.0128766
0.0127032
0.0124438
0.0120925
0.0116551
0.0111532
0.0106241
0.0101165
0.00968092
0.00935645
0.0091608
0.00908769
0.00911129
0.00919577
0.00930568
0.0094135
0.00950289
0.00956795
0.00961035
0.00963591
0.00965184
0.00966509
0.00968145
0.00970522
0.00973893
0.00978299
0.0098351
0.0098898
0.00993817
0.00996826
0.0099669
0.00992301
0.00983306
0.00970456
0.00955506
0.00940623
0.0092761
0.00917432
0.00910198
0.00905456
0.0090255
0.00900859
0.00899915
0.00899411
0.00899175
0.00899135
0.00899283
0.00899653
0.00900306
0.00901316
0.00902757
0.00904693
0.00907148
0.0091008
0.0091333
0.00916564
0.00919207
0.0092039
0.00918942
0.00913471
0.00902567
0.00885121
0.00860697
0.00829854
0.00794254
0.00756481
0.0071957
0.00686384
0.00658985
0.00638355
0.00624402
0.00616223
0.00612472
0.00611713
0.00612671
0.00614372
0.00616162
0.00617677
0.00618778
0.00619474
0.00619869
0.00620116
0.00620387
0.00620858
0.006217
0.00623072
0.00625112
0.00627926
0.00631577
0.00636074
0.00641367
0.00647341
0.00653835
0.00660658
0.0066761
0.00674505
3.93224e-06
3.89479e-06
3.85355e-06
3.81036e-06
3.7671e-06
3.72563e-06
3.68773e-06
3.65481e-06
3.62776e-06
3.60692e-06
3.59213e-06
3.58283e-06
3.57828e-06
3.57764e-06
3.58006e-06
3.58473e-06
3.59077e-06
3.59725e-06
3.60304e-06
3.60669e-06
3.60643e-06
3.59999e-06
3.58465e-06
3.55726e-06
3.51437e-06
3.45259e-06
3.36921e-06
3.26326e-06
3.13756e-06
3.00236e-06
2.88198e-06
2.82557e-06
2.92273e-06
3.32112e-06
4.23688e-06
5.94202e-06
8.71194e-06
1.27258e-05
1.79427e-05
2.40331e-05
3.04068e-05
3.63477e-05
4.12061e-05
4.45676e-05
4.63332e-05
4.66915e-05
4.60128e-05
4.47184e-05
4.31727e-05
4.16257e-05
4.02049e-05
3.89454e-05
3.78425e-05
3.69187e-05
3.63075e-05
3.63745e-05
3.79079e-05
4.24089e-05
5.24635e-05
7.20158e-05
0.000106114
0.000159506
0.000233564
0.000323629
0.000419061
0.000507075
0.000577846
0.000627435
0.000657357
0.000672195
0.000677177
0.000676711
0.000673876
0.000670505
0.000667467
0.000664987
0.000662879
0.000660713
0.000657916
0.00065383
0.000647756
0.000638995
0.000626902
0.000610966
0.000590925
0.00056696
0.000540035
0.000512514
0.000489231
0.000479148
0.000497451
0.000567295
0.000719607
0.000988923
0.00140426
0.00197621
0.00268558
0.00348188
0.00429274
0.00504129
0.00566475
0.00612701
0.0064219
0.00656787
0.00659826
0.00655123
0.00646269
0.00636329
0.00627921
0.00623531
0.00625966
0.00638725
0.00666119
0.00712918
0.00783273
0.00878777
0.00995903
0.0112385
0.0124445
0.013378
0.0139074
0.0140316
0.0138669
0.0135719
0.0132741
0.0130399
0.0128843
0.0127945
0.0127501
0.0127333
0.0127315
0.0127376
0.0127482
0.0127623
0.0127803
0.0128033
0.0128319
0.0128665
0.0129058
0.0129466
0.0129834
0.0130076
0.0130075
0.0129683
0.0128731
0.0127049
0.0124497
0.012101
0.0116652
0.0111648
0.0106386
0.0101361
0.00970798
0.00939116
0.0092009
0.0091288
0.00914827
0.0092243
0.00932334
0.00941999
0.00949952
0.00955686
0.00959378
0.00961576
0.00962957
0.00964183
0.00965821
0.0096831
0.00971927
0.00976733
0.00982511
0.00988687
0.00994286
0.00997952
0.00998134
0.00993485
0.00983556
0.00969286
0.0095288
0.00936978
0.00923623
0.0091371
0.009071
0.00903084
0.00900831
0.00899647
0.00899051
0.00898762
0.00898637
0.00898633
0.00898762
0.00899075
0.00899642
0.00900545
0.00901866
0.00903676
0.0090601
0.00908836
0.00912011
0.00915213
0.00917878
0.0091914
0.00917817
0.00912495
0.00901738
0.00884417
0.0086011
0.00829419
0.00794066
0.00756672
0.00720262
0.00687605
0.00660643
0.00640253
0.00626291
0.00617864
0.0061369
0.00612416
0.00612855
0.00614092
0.00615513
0.00616769
0.00617715
0.00618349
0.00618758
0.00619081
0.00619481
0.00620131
0.00621202
0.00622861
0.00625251
0.00628482
0.00632617
0.00637651
0.00643509
0.00650047
0.00657067
0.00664344
0.00671652
0.00678797
3.94043e-06
3.90155e-06
3.85863e-06
3.81338e-06
3.76774e-06
3.72378e-06
3.68351e-06
3.64855e-06
3.61997e-06
3.59814e-06
3.58283e-06
3.57337e-06
3.56889e-06
3.56841e-06
3.571e-06
3.57576e-06
3.58182e-06
3.58825e-06
3.59395e-06
3.59761e-06
3.59753e-06
3.59159e-06
3.57721e-06
3.55137e-06
3.51074e-06
3.45199e-06
3.37246e-06
3.27131e-06
3.15178e-06
3.02522e-06
2.91827e-06
2.8844e-06
3.01987e-06
3.48062e-06
4.4896e-06
6.3178e-06
9.22438e-06
1.33501e-05
1.8604e-05
2.46149e-05
3.07828e-05
3.64244e-05
4.09569e-05
4.40415e-05
4.56357e-05
4.59487e-05
4.53358e-05
4.41795e-05
4.27983e-05
4.14009e-05
4.00841e-05
3.88615e-05
3.77092e-05
3.66252e-05
3.57044e-05
3.52529e-05
3.59844e-05
3.93536e-05
4.80408e-05
6.64232e-05
0.000100507
0.000156296
0.000235917
0.000333806
0.000436682
0.000528973
0.000599723
0.000645837
0.000670634
0.000680325
0.000681071
0.000677573
0.000672827
0.000668431
0.000665009
0.000662579
0.000660808
0.000659171
0.000657037
0.000653713
0.000648479
0.00064061
0.000629431
0.000614393
0.000595197
0.000572012
0.000545853
0.000519269
0.000497494
0.000490184
0.000513507
0.000591676
0.000756198
0.00104087
0.00147191
0.00205497
0.00276563
0.00355014
0.00433653
0.00505215
0.00564058
0.00607186
0.00634374
0.00647566
0.00649933
0.0064498
0.00635947
0.00625591
0.00616315
0.00610502
0.00611008
0.00621572
0.00647005
0.00692888
0.00764456
0.00864381
0.00989561
0.01128
0.0125829
0.0135632
0.0140657
0.0141075
0.0138505
0.0134915
0.0131697
0.0129417
0.0128064
0.0127393
0.0127138
0.0127106
0.0127176
0.0127286
0.0127414
0.0127558
0.0127727
0.0127938
0.0128201
0.0128522
0.0128894
0.0129289
0.0129653
0.0129905
0.0129927
0.012957
0.012866
0.0127019
0.01245
0.0121038
0.01167
0.011172
0.0106499
0.0101542
0.00973436
0.00942527
0.00923953
0.0091669
0.00918058
0.00924694
0.0093346
0.00942031
0.00949078
0.0095415
0.00957409
0.00959354
0.00960611
0.00961804
0.00963489
0.00966114
0.00969982
0.00975184
0.0098152
0.00988405
0.00994789
0.00999159
0.00999705
0.00994797
0.00983851
0.00968025
0.00950083
0.00933221
0.00919702
0.00910262
0.00904428
0.00901202
0.00899598
0.00898876
0.00898577
0.00898454
0.00898406
0.00898416
0.00898517
0.00898771
0.00899257
0.00900059
0.00901266
0.00902951
0.00905155
0.00907857
0.00910923
0.00914046
0.0091667
0.00917935
0.00916653
0.00911393
0.00900701
0.00883443
0.00859222
0.00828695
0.00793651
0.00756737
0.00720944
0.00688918
0.00662462
0.00642342
0.00628367
0.00619668
0.00615037
0.00613217
0.00613112
0.00613874
0.0061493
0.00615943
0.00616762
0.0061737
0.00617838
0.0061829
0.00618877
0.00619768
0.00621137
0.00623154
0.00625968
0.00629692
0.00634382
0.00640017
0.0064649
0.00653618
0.00661161
0.00668858
0.00676462
0.00683773
3.95175e-06
3.91217e-06
3.86809e-06
3.8211e-06
3.77317e-06
3.7266e-06
3.68368e-06
3.64633e-06
3.6158e-06
3.59256e-06
3.57632e-06
3.56632e-06
3.56155e-06
3.5609e-06
3.56332e-06
3.56784e-06
3.57356e-06
3.57955e-06
3.58474e-06
3.58787e-06
3.58737e-06
3.58127e-06
3.56714e-06
3.54214e-06
3.50311e-06
3.4469e-06
3.371e-06
3.27485e-06
3.16223e-06
3.04573e-06
2.95441e-06
2.94601e-06
3.12313e-06
3.64905e-06
4.75138e-06
6.69652e-06
9.72244e-06
1.39284e-05
1.91763e-05
2.50635e-05
3.09953e-05
3.63353e-05
4.05731e-05
4.344e-05
4.49358e-05
4.52743e-05
4.4783e-05
4.37998e-05
4.25978e-05
4.13503e-05
4.01316e-05
3.89422e-05
3.77479e-05
3.65297e-05
3.53484e-05
3.44483e-05
3.44505e-05
3.67157e-05
4.39441e-05
6.08915e-05
9.45981e-05
0.000152589
0.00023806
0.000344413
0.000455068
0.000551155
0.000620776
0.000662311
0.000681361
0.000685833
0.000682636
0.000676537
0.00067029
0.000665187
0.000661585
0.000659302
0.000657877
0.000656711
0.000655135
0.000652448
0.000647922
0.000640833
0.000630496
0.000616339
0.000598041
0.000575768
0.000550598
0.000525269
0.000505422
0.000501401
0.000530311
0.000617271
0.000794026
0.00109307
0.00153719
0.0021268
0.00283275
0.00359929
0.0043565
0.00503724
0.00559194
0.00599634
0.00625108
0.00637538
0.00639845
0.00635166
0.00626376
0.00615938
0.00606057
0.00599033
0.00597757
0.00606176
0.00629544
0.00674221
0.00746575
0.00850554
0.0098378
0.0113318
0.0127381
0.0137638
0.0142262
0.0141688
0.0138121
0.0133951
0.0130616
0.0128506
0.0127418
0.0126988
0.0126913
0.0126998
0.0127138
0.0127286
0.0127427
0.0127568
0.0127725
0.0127915
0.0128152
0.0128445
0.0128789
0.0129159
0.0129507
0.0129752
0.012978
0.012944
0.0128555
0.0126943
0.0124452
0.0121014
0.0116699
0.0111753
0.0106589
0.0101713
0.00976078
0.00945942
0.00927721
0.00920248
0.00920876
0.00926426
0.00934006
0.00941504
0.00947717
0.00952228
0.00955165
0.00956966
0.00958197
0.00959439
0.00961232
0.00964032
0.00968166
0.00973755
0.00980627
0.00988196
0.00995361
0.0100046
0.0100141
0.00996246
0.00984194
0.00966665
0.00947111
0.0092938
0.00915909
0.00907151
0.00902212
0.00899798
0.00898799
0.00898476
0.00898413
0.00898414
0.00898416
0.00898428
0.00898501
0.00898704
0.0089912
0.00899837
0.00900941
0.00902508
0.0090458
0.00907142
0.0091007
0.00913066
0.00915588
0.0091678
0.00915456
0.00910174
0.0089947
0.00882219
0.00858062
0.00827727
0.00793067
0.00756755
0.00721708
0.00690426
0.00664555
0.00644744
0.00630762
0.00621771
0.00616652
0.00614257
0.00613584
0.00613862
0.00614553
0.00615335
0.00616052
0.00616673
0.00617247
0.00617884
0.00618723
0.00619926
0.00621668
0.00624121
0.00627439
0.00631732
0.00637045
0.00643333
0.00650454
0.00658174
0.00666207
0.00674257
0.00682061
0.00689422
3.96652e-06
3.92706e-06
3.88247e-06
3.83417e-06
3.78414e-06
3.73489e-06
3.68903e-06
3.64884e-06
3.61584e-06
3.59059e-06
3.57283e-06
3.56171e-06
3.55607e-06
3.55471e-06
3.55647e-06
3.56028e-06
3.5652e-06
3.57028e-06
3.57447e-06
3.57657e-06
3.5751e-06
3.56822e-06
3.55371e-06
3.52894e-06
3.49101e-06
3.43699e-06
3.36468e-06
3.27393e-06
3.16922e-06
3.06448e-06
2.99125e-06
3.01139e-06
3.2333e-06
3.82633e-06
5.02033e-06
7.07321e-06
1.01969e-05
1.44471e-05
1.96429e-05
2.53617e-05
3.10291e-05
3.60672e-05
4.00403e-05
4.27415e-05
4.41994e-05
4.46178e-05
4.42871e-05
4.34975e-05
4.24785e-05
4.13737e-05
4.0242e-05
3.90791e-05
3.78483e-05
3.65212e-05
3.51314e-05
3.38643e-05
3.32375e-05
3.44754e-05
4.02125e-05
5.55017e-05
8.84238e-05
0.000148356
0.000239964
0.000355491
0.000474235
0.000573465
0.000640723
0.000676671
0.000689624
0.000689097
0.000682445
0.00067425
0.0006669
0.000661341
0.000657674
0.000655547
0.000654395
0.000653571
0.000652391
0.000650162
0.000646173
0.000639717
0.000630116
0.0006168
0.000599442
0.000578221
0.000554284
0.000530565
0.000513107
0.000512921
0.000547967
0.000644067
0.000832798
0.00114474
0.00159858
0.00218937
0.00288394
0.00362596
0.00434916
0.00499303
0.00551506
0.0058961
0.00613865
0.00626075
0.00628836
0.00624888
0.00616742
0.0060659
0.00596467
0.00588604
0.00585925
0.00592528
0.00614027
0.00657463
0.00730314
0.00837953
0.00979049
0.011398
0.0129137
0.0139826
0.0143885
0.0142132
0.0137516
0.0132859
0.0129548
0.0127706
0.0126915
0.0126718
0.01268
0.012698
0.0127173
0.0127346
0.0127496
0.0127635
0.012778
0.0127951
0.0128164
0.0128428
0.0128739
0.0129076
0.0129394
0.0129617
0.0129633
0.0129293
0.0128418
0.0126824
0.0124354
0.0120939
0.0116654
0.0111756
0.0106663
0.0101885
0.00978815
0.00949446
0.00931479
0.00923639
0.00923371
0.00927721
0.00934065
0.00940501
0.00945938
0.00949975
0.00952697
0.00954468
0.00955783
0.00957175
0.00959159
0.00962193
0.00966617
0.00972583
0.0097995
0.00988149
0.00996054
0.0100188
0.0100326
0.00997843
0.00984588
0.00965195
0.00943963
0.00925491
0.00912308
0.00904426
0.00900457
0.00898826
0.00898361
0.00898362
0.0089848
0.0089857
0.00898608
0.00898623
0.00898677
0.00898847
0.00899215
0.00899866
0.00900884
0.00902342
0.00904283
0.00906692
0.00909451
0.00912274
0.0091463
0.00915674
0.00914225
0.0090884
0.00898054
0.00880763
0.00856663
0.00826565
0.00792393
0.00756826
0.00722675
0.00692269
0.00667079
0.00647632
0.0063366
0.00624372
0.00618749
0.00615759
0.00614505
0.00614289
0.00614617
0.0061518
0.0061582
0.00616488
0.00617218
0.00618098
0.00619257
0.00620847
0.0062304
0.00626007
0.006299
0.00634825
0.0064081
0.00647782
0.00655549
0.00663826
0.00672274
0.00680566
0.00688433
0.00695696
3.98483e-06
3.94642e-06
3.90215e-06
3.85318e-06
3.80145e-06
3.74959e-06
3.70057e-06
3.6571e-06
3.62101e-06
3.59304e-06
3.57297e-06
3.55988e-06
3.55256e-06
3.54968e-06
3.55e-06
3.5524e-06
3.55585e-06
3.55939e-06
3.56199e-06
3.56247e-06
3.55946e-06
3.55126e-06
3.53584e-06
3.51083e-06
3.47362e-06
3.42166e-06
3.35318e-06
3.26855e-06
3.17313e-06
3.08227e-06
3.02993e-06
3.08179e-06
3.35128e-06
4.01225e-06
5.29404e-06
7.44198e-06
1.0637e-05
1.48906e-05
1.99842e-05
2.54879e-05
3.08617e-05
3.55948e-05
3.93256e-05
4.18999e-05
4.33625e-05
4.38968e-05
4.3749e-05
4.31602e-05
4.23197e-05
4.13467e-05
4.0291e-05
3.91493e-05
3.78891e-05
3.64799e-05
3.49362e-05
3.33911e-05
3.22562e-05
3.259e-05
3.68747e-05
5.0318e-05
8.20252e-05
0.000143563
0.00024159
0.000367088
0.000494199
0.00059572
0.000659301
0.000688853
0.000695704
0.00069068
0.000681198
0.000671419
0.000663287
0.000657414
0.000653681
0.000651606
0.000650561
0.000649873
0.00064887
0.000646878
0.000643224
0.00063723
0.00062825
0.000615731
0.000599364
0.000579356
0.000556936
0.000535235
0.000520679
0.000524893
0.000566579
0.000672
0.000872085
0.00119483
0.00165415
0.00223983
0.00291555
0.00362593
0.00430987
0.00491435
0.00540386
0.00576382
0.00599775
0.00612168
0.00615783
0.00612956
0.00605855
0.00596431
0.00586576
0.00578475
0.00575064
0.00580535
0.00600741
0.00643252
0.00716538
0.00827449
0.00976085
0.0114839
0.0131143
0.0142228
0.0145521
0.0142383
0.0136695
0.0131685
0.0128541
0.0127038
0.0126548
0.0126558
0.0126764
0.0127015
0.0127246
0.0127439
0.0127597
0.0127736
0.0127875
0.0128032
0.0128224
0.0128459
0.0128735
0.0129034
0.0129312
0.0129498
0.0129485
0.0129127
0.0128249
0.0126662
0.0124208
0.0120818
0.0116572
0.0111734
0.0106732
0.0102069
0.00981766
0.00953164
0.00935359
0.0092701
0.00925704
0.00928745
0.00933795
0.00939164
0.00943866
0.00947507
0.00950112
0.00951968
0.0095349
0.0095515
0.0095743
0.00960771
0.00965519
0.00971848
0.00979647
0.00988383
0.00996937
0.0100344
0.0100526
0.00999597
0.00985038
0.00963603
0.00940638
0.00921596
0.00908959
0.00902118
0.00899136
0.00898218
0.00898194
0.00898448
0.00898702
0.00898864
0.00898938
0.0089897
0.00899029
0.00899191
0.00899536
0.00900145
0.00901096
0.00902456
0.00904264
0.00906505
0.00909063
0.00911663
0.00913786
0.00914606
0.0091295
0.00907386
0.00896458
0.00879096
0.00855067
0.00825279
0.00791731
0.00757084
0.0072401
0.00694641
0.00670255
0.00651251
0.00637333
0.00627771
0.00621654
0.00618073
0.0061624
0.00615533
0.00615504
0.00615863
0.00616448
0.00617198
0.00618128
0.00619308
0.00620848
0.0062289
0.00625598
0.00629137
0.00633652
0.00639241
0.0064591
0.0065355
0.00661916
0.0067066
0.00679393
0.00687765
0.00695514
0.00702497
4.00646e-06
3.97018e-06
3.9273e-06
3.87861e-06
3.82585e-06
3.77174e-06
3.71956e-06
3.67248e-06
3.63273e-06
3.60128e-06
3.57796e-06
3.56188e-06
3.55177e-06
3.54626e-06
3.54406e-06
3.54398e-06
3.54498e-06
3.54608e-06
3.54627e-06
3.5444e-06
3.53919e-06
3.52909e-06
3.51229e-06
3.4867e-06
3.45008e-06
3.40034e-06
3.33625e-06
3.25893e-06
3.17472e-06
3.10034e-06
3.07208e-06
3.15891e-06
3.47824e-06
4.20658e-06
5.56962e-06
7.79576e-06
1.10302e-05
1.52401e-05
2.01761e-05
2.54136e-05
3.04597e-05
3.48759e-05
3.83728e-05
4.08405e-05
4.23287e-05
4.29923e-05
4.30311e-05
4.26382e-05
4.19669e-05
4.1116e-05
4.01304e-05
3.90119e-05
3.77367e-05
3.62789e-05
3.46416e-05
3.29151e-05
3.14104e-05
3.09989e-05
3.39261e-05
4.53952e-05
7.54498e-05
0.000138168
0.000242887
0.000379269
0.000514969
0.000617712
0.000676291
0.00069895
0.000700084
0.000691311
0.00067969
0.000668781
0.000660072
0.000653887
0.000649948
0.000647701
0.000646491
0.000645652
0.000644541
0.000642527
0.000638979
0.000633268
0.000624793
0.000613044
0.000597748
0.000579162
0.000558606
0.000539397
0.000528311
0.000537504
0.000586248
0.000700932
0.000911277
0.00124193
0.00170148
0.00227465
0.00292307
0.0035939
0.00423242
0.00479384
0.00524969
0.00558921
0.0058162
0.00594425
0.00599175
0.00597819
0.00592214
0.00584105
0.00575262
0.00567831
0.00564737
0.00570184
0.00590117
0.00632422
0.00706354
0.00820217
0.00975886
0.0115968
0.0133457
0.0144882
0.0147163
0.0142415
0.0135672
0.0130478
0.0127636
0.0126507
0.0126293
0.0126468
0.0126765
0.0127065
0.0127324
0.0127534
0.0127704
0.0127849
0.0127988
0.0128139
0.0128316
0.0128526
0.0128766
0.012902
0.0129249
0.0129385
0.0129328
0.0128937
0.0128041
0.0126453
0.0124014
0.0120653
0.0116456
0.0111697
0.0106808
0.0102278
0.00985096
0.00957285
0.00939579
0.00930607
0.00928136
0.00929776
0.00933483
0.00937779
0.00941774
0.00945076
0.00947651
0.00949698
0.0095155
0.00953605
0.00956291
0.00960019
0.00965121
0.00971779
0.00979916
0.0098905
0.00998105
0.0100519
0.0100744
0.0100152
0.00985549
0.00961875
0.00937138
0.00917743
0.00905917
0.00900231
0.00898193
0.00897881
0.00898203
0.00898647
0.00899011
0.00899245
0.00899373
0.0089945
0.00899544
0.00899732
0.00900086
0.00900679
0.00901583
0.00902854
0.00904525
0.00906576
0.00908896
0.00911216
0.00913037
0.00913551
0.00911611
0.009058
0.00894685
0.00877242
0.00853327
0.00823961
0.00791218
0.00757707
0.00725938
0.0069781
0.0067439
0.00655952
0.00642181
0.00632416
0.0062586
0.00621732
0.00619352
0.00618179
0.00617813
0.00617987
0.00618538
0.00619396
0.00620557
0.0062207
0.00624028
0.00626557
0.00629806
0.00633929
0.00639061
0.00645283
0.00652582
0.00660808
0.00669656
0.00678708
0.00687531
0.00695765
0.00703178
0.00709676
4.03092e-06
3.99794e-06
3.95774e-06
3.91063e-06
3.85798e-06
3.80239e-06
3.74743e-06
3.69677e-06
3.65307e-06
3.61754e-06
3.59012e-06
3.56995e-06
3.55579e-06
3.54629e-06
3.54016e-06
3.53622e-06
3.53343e-06
3.53084e-06
3.52745e-06
3.52221e-06
3.51392e-06
3.50123e-06
3.48254e-06
3.45612e-06
3.42013e-06
3.37305e-06
3.31434e-06
3.24598e-06
3.1754e-06
3.12082e-06
3.12039e-06
3.24541e-06
3.616e-06
4.4092e-06
5.84365e-06
8.12587e-06
1.13609e-05
1.54722e-05
2.01879e-05
2.50997e-05
2.97727e-05
3.38468e-05
3.70997e-05
3.94566e-05
4.09644e-05
4.17463e-05
4.19567e-05
4.17449e-05
4.12317e-05
4.04986e-05
3.95877e-05
3.85071e-05
3.72445e-05
3.57822e-05
3.41195e-05
3.23146e-05
3.05888e-05
2.96202e-05
3.13475e-05
4.07877e-05
6.87523e-05
0.000132122
0.000243783
0.000392114
0.00053655
0.000639198
0.00069155
0.000707248
0.000703447
0.000691849
0.00067878
0.000667108
0.000657901
0.000651271
0.000646858
0.000644093
0.000642341
0.000640973
0.000639402
0.000637051
0.000633347
0.000627725
0.000619644
0.000608658
0.000594559
0.000577673
0.000559413
0.000543252
0.000536261
0.000550996
0.000607077
0.000730625
0.000949511
0.00128421
0.00173747
0.00228942
0.0029008
0.00352287
0.00410876
0.00462226
0.00504164
0.00535938
0.00557922
0.00571221
0.00577317
0.00577811
0.00574287
0.00568311
0.00561542
0.00556078
0.00554795
0.00561807
0.00582975
0.00626242
0.00701354
0.00817905
0.00979835
0.0117463
0.0136151
0.0147841
0.0148799
0.01422
0.0134472
0.0129291
0.0126856
0.0126097
0.012611
0.0126404
0.012676
0.0127093
0.0127373
0.0127601
0.0127787
0.0127945
0.0128093
0.0128246
0.0128413
0.0128602
0.0128808
0.0129014
0.0129186
0.0129261
0.0129146
0.0128709
0.0127785
0.0126191
0.0123768
0.0120446
0.0116314
0.0111655
0.0106904
0.0102532
0.00989048
0.00962103
0.0094448
0.00934823
0.00931124
0.00931318
0.0093366
0.0093688
0.00940187
0.00943189
0.00945796
0.0094812
0.00950401
0.00952955
0.0095614
0.00960309
0.00965763
0.0097268
0.0098101
0.00990337
0.00999675
0.0100717
0.0100978
0.0100362
0.0098613
0.00959992
0.00933465
0.00913987
0.00903228
0.00898742
0.00897545
0.00897713
0.0089829
0.00898879
0.00899344
0.00899665
0.00899876
0.00900035
0.00900206
0.00900458
0.00900855
0.0090146
0.00902334
0.00903522
0.00905048
0.00906885
0.00908921
0.00910899
0.00912339
0.0091247
0.00910171
0.00904059
0.00892735
0.00875232
0.00851515
0.00822736
0.00791034
0.00758946
0.00728774
0.00702153
0.00679925
0.00662243
0.00648782
0.00638955
0.00632083
0.00627509
0.00624662
0.00623081
0.00622418
0.00622429
0.00622959
0.00623928
0.00625316
0.00627153
0.0062951
0.00632495
0.00636237
0.00640874
0.00646525
0.00653258
0.00661036
0.00669672
0.00678798
0.00687922
0.0069657
0.00704398
0.00711224
0.00717025
4.0573e-06
4.02886e-06
3.99282e-06
3.94895e-06
3.89804e-06
3.84238e-06
3.78565e-06
3.73208e-06
3.68477e-06
3.64511e-06
3.61315e-06
3.58811e-06
3.56882e-06
3.55402e-06
3.54251e-06
3.53318e-06
3.52503e-06
3.5172e-06
3.50877e-06
3.4988e-06
3.48628e-06
3.47004e-06
3.4488e-06
3.42122e-06
3.386e-06
3.34223e-06
3.29021e-06
3.2329e-06
3.1789e-06
3.14779e-06
3.1791e-06
3.34549e-06
3.76768e-06
4.62051e-06
6.1121e-06
8.42146e-06
1.16096e-05
1.55571e-05
1.99766e-05
2.44908e-05
2.87329e-05
3.24221e-05
3.53971e-05
3.76112e-05
3.91045e-05
3.99697e-05
4.03202e-05
4.02668e-05
3.99016e-05
3.9291e-05
3.84736e-05
3.74635e-05
3.62592e-05
3.48528e-05
3.32442e-05
3.147e-05
2.96771e-05
2.83599e-05
2.9101e-05
3.65415e-05
6.19944e-05
0.000125365
0.00024418
0.000405733
0.00055893
0.000659907
0.000705048
0.00071425
0.000706647
0.000693258
0.000679386
0.000667249
0.000657557
0.000650284
0.000645052
0.000641341
0.000638583
0.000636224
0.000633757
0.000630681
0.000626502
0.000620731
0.000612914
0.00060269
0.000589938
0.000575078
0.000559623
0.000547174
0.000544959
0.00056573
0.000629187
0.000760714
0.000985581
0.00131918
0.0017581
0.0022784
0.00284156
0.0034047
0.00392985
0.00438953
0.00476836
0.00506173
0.00527321
0.00541164
0.00548877
0.00551758
0.00551155
0.00548469
0.0054524
0.0054349
0.00545975
0.0055661
0.00580976
0.00626779
0.00703876
0.00822858
0.00989896
0.011946
0.0139321
0.0151171
0.0150413
0.014171
0.0133133
0.0128173
0.0126207
0.0125774
0.0125954
0.0126322
0.0126709
0.0127059
0.0127355
0.0127601
0.0127806
0.0127984
0.0128148
0.0128308
0.0128473
0.0128645
0.0128818
0.0128976
0.0129086
0.0129093
0.0128911
0.0128418
0.012746
0.0125861
0.0123462
0.0120195
0.0116152
0.0111623
0.0107043
0.010286
0.00993995
0.00968073
0.00950615
0.0094032
0.00935433
0.00934221
0.00935234
0.00937406
0.00940042
0.0094276
0.00945418
0.00948047
0.00950793
0.00953881
0.00957581
0.00962172
0.00967903
0.00974932
0.00983234
0.00992471
0.0100179
0.0100944
0.0101231
0.010059
0.00986794
0.00957932
0.00929626
0.00910389
0.00900916
0.00897592
0.00897088
0.00897606
0.00898361
0.00899063
0.00899627
0.00900056
0.00900385
0.00900666
0.00900956
0.00901311
0.00901785
0.00902429
0.00903288
0.00904397
0.00905766
0.0090736
0.00909066
0.00910636
0.00911621
0.00911288
0.00908568
0.00902124
0.008906
0.00873103
0.00849729
0.00821776
0.00791439
0.00761151
0.00732957
0.00708193
0.00687471
0.00670829
0.00657938
0.00648285
0.00641304
0.00636459
0.0063328
0.00631384
0.00630477
0.00630343
0.00630837
0.00631876
0.00633425
0.00635497
0.00638143
0.00641448
0.00645521
0.00650477
0.00656423
0.00663412
0.00671393
0.00680151
0.00689256
0.0069813
0.00706278
0.00713396
0.00719381
0.00724286
4.08435e-06
4.06158e-06
4.03124e-06
3.99253e-06
3.94554e-06
3.89194e-06
3.83532e-06
3.7805e-06
3.73098e-06
3.68823e-06
3.65234e-06
3.62258e-06
3.59792e-06
3.57723e-06
3.55945e-06
3.54364e-06
3.52891e-06
3.51449e-06
3.49964e-06
3.4836e-06
3.46557e-06
3.4447e-06
3.42009e-06
3.39088e-06
3.3564e-06
3.31655e-06
3.27255e-06
3.22848e-06
3.19411e-06
3.1901e-06
3.25671e-06
3.4665e-06
3.93843e-06
4.84191e-06
6.37e-06
8.66847e-06
1.17499e-05
1.54526e-05
1.94857e-05
2.35167e-05
2.72552e-05
3.0498e-05
3.31389e-05
3.51534e-05
3.65749e-05
3.74696e-05
3.7917e-05
3.79952e-05
3.77717e-05
3.72984e-05
3.66092e-05
3.57211e-05
3.46407e-05
3.33682e-05
3.19062e-05
3.02769e-05
2.8571e-05
2.71202e-05
2.71327e-05
3.26929e-05
5.52491e-05
0.000117821
0.000243931
0.000420283
0.000582061
0.000679539
0.000716932
0.000720726
0.000710608
0.000696481
0.000682513
0.000670267
0.000660163
0.000652105
0.000645761
0.000640704
0.000636481
0.000632649
0.000628803
0.000624545
0.000619484
0.000613242
0.000605477
0.000595946
0.000584652
0.000572127
0.000559985
0.000551895
0.000555097
0.000582281
0.000652791
0.000790711
0.00101782
0.00134358
0.00175819
0.0022348
0.0027377
0.00323169
0.00368843
0.0040891
0.00442417
0.00469172
0.00489528
0.00504191
0.00514082
0.00520243
0.00523805
0.00525993
0.00528213
0.00532345
0.0054094
0.00557586
0.00587387
0.00637508
0.00717491
0.00838495
0.0100891
0.0122154
0.0143098
0.0154965
0.0151979
0.0140917
0.0131709
0.0127163
0.0125665
0.0125499
0.0125784
0.012618
0.012657
0.012692
0.0127223
0.0127482
0.0127706
0.0127904
0.0128086
0.0128257
0.0128421
0.0128579
0.0128722
0.0128833
0.0128883
0.0128821
0.012857
0.0128022
0.0127033
0.0125438
0.0123083
0.0119898
0.0115978
0.0111619
0.0107254
0.0103305
0.0100051
0.00975912
0.00958865
0.00948149
0.00942276
0.00939832
0.00939646
0.00940843
0.00942827
0.00945235
0.00947887
0.00950743
0.0095386
0.00957374
0.00961459
0.0096631
0.00972111
0.00978987
0.00986934
0.00995701
0.0100459
0.0101207
0.0101504
0.0100839
0.00987559
0.00955661
0.00925634
0.00907017
0.00898975
0.00896686
0.00896717
0.00897462
0.00898322
0.00899102
0.00899761
0.00900308
0.00900777
0.00901208
0.00901647
0.00902135
0.00902711
0.00903413
0.0090427
0.00905301
0.009065
0.00907825
0.00909159
0.00910268
0.00910734
0.00909878
0.009067
0.00899927
0.00888266
0.0087091
0.00848108
0.00821321
0.007928
0.00764813
0.0073909
0.00716643
0.00697849
0.00682636
0.00670676
0.00661527
0.00654728
0.00649847
0.00646513
0.00644418
0.00643317
0.00643028
0.0064342
0.00644413
0.00645964
0.00648072
0.00650771
0.00654124
0.00658217
0.00663149
0.0066901
0.00675852
0.00683619
0.00692092
0.00700783
0.00709017
0.007163
0.007224
0.00727312
0.00731167
4.11053e-06
4.09427e-06
4.07098e-06
4.03942e-06
3.99888e-06
3.9502e-06
3.89654e-06
3.84343e-06
3.79467e-06
3.75151e-06
3.71402e-06
3.68147e-06
3.65295e-06
3.62751e-06
3.60427e-06
3.58246e-06
3.56139e-06
3.5404e-06
3.51894e-06
3.49649e-06
3.47254e-06
3.44658e-06
3.4182e-06
3.38713e-06
3.35343e-06
3.31791e-06
3.2829e-06
3.25364e-06
3.24103e-06
3.2665e-06
3.37012e-06
3.62253e-06
4.13808e-06
5.07673e-06
6.61124e-06
8.84747e-06
1.17447e-05
1.51032e-05
1.86441e-05
2.20956e-05
2.52487e-05
2.79738e-05
3.02125e-05
3.19592e-05
3.32419e-05
3.41061e-05
3.46046e-05
3.47892e-05
3.47062e-05
3.43937e-05
3.38786e-05
3.31775e-05
3.23002e-05
3.12516e-05
3.00357e-05
2.86655e-05
2.71911e-05
2.58136e-05
2.53797e-05
2.927e-05
4.86083e-05
0.000109413
0.000242819
0.000435986
0.000605807
0.000697856
0.000727674
0.00072732
0.000716197
0.000702536
0.000689315
0.000677509
0.000667319
0.000658624
0.000651166
0.000644641
0.000638733
0.000633129
0.00062754
0.000621691
0.000615324
0.000608204
0.000600141
0.00059106
0.000581128
0.000571032
0.000562492
0.000559181
0.000568168
0.000601728
0.000678323
0.000820015
0.00104412
0.00135347
0.00173225
0.00215285
0.00258506
0.00300302
0.00338836
0.00373029
0.00402441
0.004271
0.00447351
0.00463751
0.00477003
0.00487912
0.00497389
0.00506458
0.00516362
0.00528764
0.00545911
0.00570928
0.00608265
0.00664274
0.00747757
0.00869907
0.0104108
0.0125835
0.0147664
0.0159356
0.0153453
0.0139805
0.0130262
0.0126267
0.0125212
0.0125234
0.0125559
0.0125939
0.0126302
0.0126631
0.0126923
0.0127181
0.0127412
0.012762
0.012781
0.0127986
0.0128147
0.0128289
0.0128403
0.0128472
0.0128468
0.0128344
0.0128035
0.0127445
0.0126444
0.012488
0.0122604
0.0119546
0.0115799
0.0111668
0.0107584
0.0103936
0.0100946
0.00986719
0.00970557
0.00959862
0.00953402
0.00950051
0.00948891
0.00949223
0.00950551
0.00952543
0.00955003
0.00957837
0.00961035
0.00964652
0.00968776
0.00973519
0.00978998
0.00985305
0.00992448
0.0100027
0.0100825
0.0101512
0.0101795
0.0101108
0.00988458
0.00953136
0.00921521
0.00903922
0.0089735
0.00895953
0.00896339
0.00897183
0.00898067
0.00898878
0.008996
0.00900246
0.00900843
0.00901419
0.00902001
0.00902619
0.00903296
0.00904054
0.00904905
0.0090585
0.0090687
0.0090791
0.0090885
0.00909472
0.00909395
0.00908002
0.00904382
0.00897353
0.00885698
0.0086872
0.00846849
0.00821725
0.00795634
0.00770596
0.00747963
0.00728396
0.00712038
0.00698721
0.00688118
0.00679852
0.00673554
0.00668891
0.00665576
0.00663371
0.00662085
0.0066157
0.00661717
0.00662456
0.00663743
0.00665568
0.00667954
0.00670946
0.0067461
0.0067903
0.00684285
0.00690437
0.00697443
0.0070512
0.00712939
0.00720104
0.00726161
0.00730978
0.0073465
0.00737372
4.1341e-06
4.12476e-06
4.1094e-06
4.08663e-06
4.05507e-06
4.01464e-06
3.96767e-06
3.92055e-06
3.87722e-06
3.8383e-06
3.80376e-06
3.77275e-06
3.74453e-06
3.71827e-06
3.6933e-06
3.66902e-06
3.64491e-06
3.62046e-06
3.59528e-06
3.56908e-06
3.54162e-06
3.51276e-06
3.48252e-06
3.45121e-06
3.41968e-06
3.38966e-06
3.36455e-06
3.35072e-06
3.36004e-06
3.41422e-06
3.55209e-06
3.84029e-06
4.38521e-06
5.33246e-06
6.82841e-06
8.93116e-06
1.1544e-05
1.44405e-05
1.73761e-05
2.0155e-05
2.26507e-05
2.47993e-05
2.65812e-05
2.80051e-05
2.90951e-05
2.98807e-05
3.03946e-05
3.0668e-05
3.07292e-05
3.06032e-05
3.03085e-05
2.98579e-05
2.92601e-05
2.85201e-05
2.76409e-05
2.66289e-05
2.55067e-05
2.43802e-05
2.378e-05
2.6295e-05
4.21988e-05
0.000100081
0.000240541
0.000453138
0.000629882
0.000714826
0.000737539
0.000734715
0.000724246
0.000712372
0.000700953
0.000690493
0.000681027
0.000672428
0.000664507
0.000657065
0.00064991
0.000642859
0.000635714
0.000628319
0.000620552
0.000612329
0.000603635
0.000594594
0.000585589
0.000577509
0.000572216
0.000573354
0.000587651
0.000626601
0.000707168
0.000848674
0.00106313
0.00134683
0.0016798
0.00203735
0.00239763
0.00274503
0.00307018
0.00336863
0.00363945
0.00388395
0.00410496
0.0043064
0.0044931
0.00467077
0.00484617
0.00502736
0.00522501
0.0054529
0.00572931
0.0060798
0.00654094
0.0071663
0.00803274
0.00924713
0.0109268
0.0130945
0.0153292
0.0164542
0.0154765
0.0138387
0.012884
0.0125497
0.0124821
0.0124944
0.0125246
0.0125568
0.0125871
0.0126149
0.0126401
0.0126631
0.0126841
0.0127033
0.0127209
0.0127369
0.012751
0.0127626
0.0127707
0.0127735
0.0127685
0.0127517
0.0127173
0.012657
0.0125597
0.0124113
0.0121979
0.0119119
0.0115625
0.011181
0.0108103
0.010485
0.0102213
0.0100201
0.00987434
0.00977393
0.00970889
0.00967045
0.00965164
0.00964711
0.00965293
0.00966631
0.00968537
0.00970896
0.00973654
0.00976812
0.00980391
0.00984442
0.00989027
0.00994205
0.01
0.0100632
0.0101286
0.0101864
0.0102105
0.0101397
0.00989537
0.00950299
0.00917342
0.00901124
0.00896016
0.00895308
0.00895861
0.00896673
0.00897489
0.00898255
0.00898969
0.00899644
0.00900297
0.00900946
0.00901606
0.00902289
0.00903009
0.0090377
0.00904572
0.00905399
0.00906218
0.00906964
0.00907518
0.00907676
0.00907097
0.00905238
0.00901293
0.00894191
0.00882824
0.00866622
0.00846229
0.00823483
0.00800629
0.00779325
0.00760472
0.00744368
0.00730942
0.0071995
0.00711074
0.00704001
0.00698451
0.00694177
0.00690972
0.00688669
0.00687125
0.00686231
0.00685909
0.00686104
0.0068678
0.00687926
0.00689553
0.00691695
0.00694403
0.00697751
0.00701808
0.00706661
0.00712289
0.00718612
0.00725087
0.00730774
0.00735309
0.00738671
0.0074104
0.00742635
4.15345e-06
4.15086e-06
4.14362e-06
4.1305e-06
4.10984e-06
4.08082e-06
4.0446e-06
4.00859e-06
3.97654e-06
3.9479e-06
3.9226e-06
3.89961e-06
3.8784e-06
3.85825e-06
3.83869e-06
3.81924e-06
3.79952e-06
3.7792e-06
3.75803e-06
3.73585e-06
3.71263e-06
3.68845e-06
3.66361e-06
3.63882e-06
3.61541e-06
3.59573e-06
3.58387e-06
3.58683e-06
3.6168e-06
3.69493e-06
3.85754e-06
4.16487e-06
4.71194e-06
5.62365e-06
7.01395e-06
8.88581e-06
1.10918e-05
1.34039e-05
1.56388e-05
1.76873e-05
1.94983e-05
2.10592e-05
2.23768e-05
2.3467e-05
2.43489e-05
2.50385e-05
2.55534e-05
2.59086e-05
2.61182e-05
2.61951e-05
2.61502e-05
2.59907e-05
2.57205e-05
2.53418e-05
2.48544e-05
2.426e-05
2.35641e-05
2.2812e-05
2.22881e-05
2.37846e-05
3.62056e-05
8.98633e-05
0.000236738
0.000471986
0.000653849
0.000730242
0.000746851
0.000743437
0.00073525
0.000726496
0.000718121
0.000710303
0.000702972
0.000695991
0.00068921
0.000682489
0.000675705
0.000668762
0.000661523
0.000653892
0.000645822
0.00063732
0.000628486
0.000619582
0.000611157
0.000604287
0.000600982
0.00060489
0.000622348
0.000663974
0.000744904
0.000882054
0.00108245
0.00133858
0.00163018
0.00193961
0.00225421
0.00256647
0.0028724
0.00317024
0.00345956
0.00374089
0.00401554
0.00428545
0.00455335
0.00482281
0.00509827
0.00538633
0.00569608
0.00603699
0.00642224
0.0068715
0.00741301
0.00809005
0.0089657
0.0101372
0.0117263
0.0138135
0.0160378
0.0170793
0.0155825
0.0136726
0.0127494
0.0124855
0.0124465
0.0124604
0.0124831
0.0125057
0.0125267
0.012546
0.0125636
0.0125797
0.0125945
0.0126081
0.0126203
0.0126309
0.0126398
0.0126461
0.0126489
0.0126467
0.0126373
0.0126174
0.0125824
0.0125252
0.0124363
0.0123035
0.0121136
0.0118585
0.0115467
0.0112102
0.0108907
0.0106175
0.0103995
0.0102334
0.010111
0.0100233
0.00996266
0.00992244
0.00989771
0.00988475
0.00988076
0.00988366
0.009892
0.00990471
0.00992114
0.00994099
0.00996418
0.00999083
0.0100213
0.0100559
0.0100949
0.0101382
0.0101841
0.0102261
0.0102428
0.0101704
0.00990854
0.00947104
0.00913182
0.00898667
0.00894927
0.00894673
0.00895212
0.0089587
0.00896515
0.00897129
0.00897717
0.00898292
0.00898863
0.0089944
0.00900029
0.00900632
0.00901252
0.00901887
0.00902523
0.00903138
0.00903692
0.00904116
0.00904298
0.00904054
0.00903091
0.00900943
0.00896925
0.008901
0.00879505
0.00864712
0.00846611
0.00827203
0.00808523
0.00791735
0.00777236
0.00764991
0.00754763
0.00746279
0.00739256
0.00733455
0.00728688
0.00724793
0.0072164
0.00719126
0.00717161
0.00715676
0.00714625
0.00713974
0.00713699
0.00713791
0.00714249
0.00715107
0.00716399
0.00718198
0.00720548
0.00723574
0.0072727
0.00731732
0.00736456
0.00740355
0.00743206
0.00745079
0.00746198
0.00746769
0.00657228
0.00658281
0.00659298
0.00660279
0.00661223
0.00662132
0.00663003
0.00663838
0.00664635
0.00665394
0.00666115
0.00666796
0.00667438
0.00668041
0.00668604
0.00669127
0.00669611
0.00670055
0.00670462
0.0067083
0.00671162
0.00671459
0.00671721
0.00671951
0.00672149
0.00672319
0.00672462
0.00672581
0.00672677
0.00672753
0.00672812
0.00672856
0.00672888
0.00672909
0.00672922
0.00672929
0.00672932
0.00672933
0.00672931
0.00672929
0.00661233
0.00662316
0.00663372
0.006644
0.00665399
0.0066637
0.0066731
0.00668218
0.00669095
0.00669937
0.00670745
0.00671518
0.00672254
0.00672953
0.00673613
0.00674236
0.0067482
0.00675365
0.00675871
0.0067634
0.00676771
0.00677165
0.00677523
0.00677847
0.00678137
0.00678396
0.00678625
0.00678827
0.00679002
0.00679154
0.00679284
0.00679395
0.00679488
0.00679566
0.0067963
0.00679682
0.00679723
0.00679753
0.00679774
0.00679784
0.00663907
0.00665029
0.00666131
0.00667215
0.00668277
0.00669316
0.00670331
0.00671321
0.00672282
0.00673214
0.00674115
0.00674983
0.00675816
0.00676615
0.00677376
0.006781
0.00678786
0.00679433
0.00680042
0.00680611
0.00681142
0.00681634
0.00682088
0.00682506
0.00682888
0.00683236
0.00683552
0.00683836
0.00684091
0.00684318
0.0068452
0.00684698
0.00684853
0.00684989
0.00685105
0.00685203
0.00685283
0.00685345
0.00685388
0.00685411
0.00665528
0.00666698
0.00667859
0.00669007
0.00670141
0.00671259
0.00672357
0.00673434
0.00674487
0.00675513
0.00676511
0.00677478
0.00678412
0.00679312
0.00680176
0.00681003
0.00681791
0.0068254
0.00683249
0.00683917
0.00684546
0.00685134
0.00685682
0.00686192
0.00686663
0.00687097
0.00687496
0.0068786
0.00688191
0.00688492
0.00688762
0.00689005
0.00689221
0.00689413
0.00689579
0.00689722
0.0068984
0.00689933
0.0069
0.00690036
0.00666347
0.0066758
0.00668811
0.00670036
0.00671252
0.00672456
0.00673646
0.00674817
0.00675967
0.00677093
0.00678192
0.00679261
0.00680299
0.00681302
0.00682268
0.00683197
0.00684086
0.00684934
0.00685741
0.00686506
0.00687228
0.00687908
0.00688546
0.00689142
0.00689697
0.00690212
0.00690689
0.00691128
0.0069153
0.00691898
0.00692233
0.00692537
0.00692809
0.00693052
0.00693266
0.00693451
0.00693606
0.00693728
0.00693816
0.00693865
0.00666586
0.00667895
0.00669208
0.00670521
0.00671829
0.0067313
0.00674418
0.00675691
0.00676945
0.00678175
0.00679378
0.00680552
0.00681694
0.006828
0.00683868
0.00684897
0.00685884
0.00686829
0.0068773
0.00688586
0.00689397
0.00690163
0.00690884
0.00691561
0.00692193
0.00692783
0.0069333
0.00693837
0.00694304
0.00694733
0.00695125
0.00695483
0.00695806
0.00696095
0.00696351
0.00696574
0.00696762
0.00696911
0.0069702
0.0069708
0.00666429
0.00667827
0.00669235
0.00670646
0.00672057
0.00673462
0.00674858
0.00676238
0.006776
0.00678938
0.00680249
0.0068153
0.00682776
0.00683984
0.00685153
0.0068628
0.00687362
0.00688399
0.00689389
0.00690331
0.00691225
0.0069207
0.00692867
0.00693617
0.00694319
0.00694974
0.00695584
0.0069615
0.00696674
0.00697156
0.00697598
0.00698002
0.00698368
0.00698697
0.0069899
0.00699245
0.00699461
0.00699634
0.0069976
0.0069983
0.00666025
0.00667525
0.00669039
0.00670559
0.00672082
0.006736
0.00675109
0.00676603
0.00678077
0.00679527
0.00680948
0.00682335
0.00683685
0.00684995
0.00686262
0.00687483
0.00688657
0.00689781
0.00690854
0.00691876
0.00692846
0.00693763
0.00694629
0.00695442
0.00696205
0.00696918
0.00697582
0.00698199
0.0069877
0.00699296
0.00699779
0.00700221
0.00700622
0.00700984
0.00701306
0.00701587
0.00701826
0.00702018
0.00702159
0.00702238
0.00665494
0.00667107
0.00668737
0.00670377
0.00672019
0.00673657
0.00675286
0.00676898
0.00678489
0.00680052
0.00681583
0.00683078
0.00684531
0.00685941
0.00687302
0.00688614
0.00689874
0.00691079
0.0069223
0.00693325
0.00694363
0.00695344
0.00696269
0.00697139
0.00697954
0.00698715
0.00699424
0.00700082
0.0070069
0.00701252
0.00701767
0.00702238
0.00702665
0.00703051
0.00703394
0.00703695
0.00703951
0.00704157
0.00704309
0.00704394
0.00664928
0.00666666
0.00668423
0.00670189
0.00671959
0.00673724
0.00675477
0.00677211
0.0067892
0.00680598
0.0068224
0.00683841
0.00685396
0.00686901
0.00688354
0.00689752
0.00691092
0.00692373
0.00693594
0.00694753
0.00695852
0.00696889
0.00697865
0.00698782
0.00699639
0.00700439
0.00701183
0.00701872
0.00702509
0.00703095
0.00703633
0.00704123
0.00704569
0.0070497
0.00705327
0.00705639
0.00705905
0.00706121
0.00706279
0.00706369
0.00664404
0.00666277
0.00668168
0.0067007
0.00671973
0.00673869
0.0067575
0.00677609
0.00679439
0.00681232
0.00682984
0.00684688
0.00686342
0.00687939
0.00689478
0.00690956
0.0069237
0.00693719
0.00695002
0.00696218
0.00697368
0.00698452
0.0069947
0.00700423
0.00701313
0.00702142
0.00702911
0.00703622
0.00704277
0.00704879
0.00705429
0.0070593
0.00706383
0.00706791
0.00707153
0.0070747
0.00707739
0.00707958
0.00708118
0.00708211
0.00663983
0.00665999
0.00668034
0.00670077
0.00672119
0.0067415
0.00676163
0.00678147
0.00680097
0.00682004
0.00683863
0.00685669
0.00687415
0.006891
0.00690718
0.00692269
0.00693749
0.00695158
0.00696494
0.00697758
0.0069895
0.0070007
0.0070112
0.007021
0.00703013
0.0070386
0.00704644
0.00705366
0.0070603
0.00706637
0.0070719
0.00707691
0.00708144
0.00708549
0.00708907
0.0070922
0.00709486
0.00709701
0.0070986
0.00709951
0.00663719
0.00665886
0.0066807
0.0067026
0.00672445
0.00674615
0.00676759
0.0067887
0.00680938
0.00682956
0.00684919
0.00686819
0.00688653
0.00690417
0.00692108
0.00693722
0.0069526
0.00696718
0.00698098
0.006994
0.00700623
0.00701769
0.0070284
0.00703836
0.00704761
0.00705616
0.00706404
0.00707127
0.00707788
0.00708391
0.00708937
0.00709429
0.00709871
0.00710265
0.00710611
0.00710912
0.00711166
0.00711372
0.00711524
0.00711612
0.00663658
0.00665984
0.00668324
0.00670665
0.00672995
0.00675304
0.0067758
0.00679814
0.00681997
0.00684122
0.00686181
0.0068817
0.00690084
0.00691918
0.00693671
0.00695339
0.00696923
0.0069842
0.00699832
0.00701159
0.00702402
0.00703563
0.00704643
0.00705644
0.00706569
0.00707421
0.00708202
0.00708916
0.00709564
0.00710152
0.00710681
0.00711155
0.00711577
0.0071195
0.00712275
0.00712556
0.00712792
0.00712982
0.00713122
0.00713202
0.00663846
0.00666337
0.00668837
0.00671332
0.00673809
0.00676256
0.00678661
0.00681014
0.00683306
0.0068553
0.00687678
0.00689745
0.00691727
0.00693621
0.00695424
0.00697134
0.00698751
0.00700275
0.00701706
0.00703046
0.00704296
0.00705458
0.00706535
0.00707529
0.00708443
0.0070928
0.00710043
0.00710736
0.00711362
0.00711924
0.00712426
0.00712871
0.00713264
0.00713607
0.00713904
0.00714157
0.00714367
0.00714534
0.00714657
0.00714727
0.00664328
0.00666989
0.00669651
0.00672301
0.00674923
0.00677504
0.00680033
0.00682498
0.00684891
0.00687203
0.00689429
0.00691562
0.006936
0.00695539
0.00697378
0.00699115
0.00700752
0.00702287
0.00703723
0.00705062
0.00706305
0.00707455
0.00708516
0.0070949
0.0071038
0.0071119
0.00711924
0.00712585
0.00713177
0.00713703
0.00714169
0.00714576
0.00714931
0.00715236
0.00715495
0.00715712
0.00715889
0.00716028
0.00716128
0.00716185
0.0066515
0.00667983
0.00670808
0.0067361
0.00676373
0.00679082
0.00681725
0.00684292
0.00686773
0.00689161
0.00691449
0.00693634
0.00695711
0.0069768
0.00699538
0.00701286
0.00702925
0.00704456
0.00705881
0.00707203
0.00708424
0.00709548
0.00710579
0.00711519
0.00712373
0.00713144
0.00713837
0.00714455
0.00715002
0.00715483
0.00715902
0.00716262
0.0071657
0.00716828
0.00717041
0.00717215
0.00717352
0.00717456
0.0071753
0.00717571
0.00666356
0.00669362
0.00672348
0.00675296
0.00678191
0.00681018
0.00683763
0.00686417
0.0068897
0.00691417
0.0069375
0.00695967
0.00698065
0.00700044
0.00701903
0.00703643
0.00705266
0.00706775
0.00708172
0.0070946
0.00710644
0.00711726
0.00712712
0.00713605
0.00714409
0.00715129
0.00715769
0.00716333
0.00716825
0.00717251
0.00717614
0.00717918
0.0071817
0.00718374
0.00718534
0.00718657
0.00718749
0.00718813
0.00718855
0.00718877
0.00667995
0.00671169
0.00674309
0.00677394
0.00680408
0.00683337
0.00686167
0.00688889
0.00691495
0.00693978
0.00696334
0.00698562
0.00700659
0.00702626
0.00704464
0.00706175
0.00707763
0.0070923
0.0071058
0.00711818
0.00712948
0.00713973
0.007149
0.00715732
0.00716474
0.0071713
0.00717705
0.00718204
0.00718632
0.00718992
0.0071929
0.0071953
0.00719718
0.0071986
0.00719961
0.00720028
0.00720067
0.00720087
0.00720093
0.00720095
0.00670111
0.00673446
0.00676727
0.00679933
0.00683049
0.00686059
0.00688951
0.00691717
0.0069435
0.00696844
0.00699198
0.00701411
0.00703481
0.00705413
0.00707207
0.00708867
0.00710398
0.00711803
0.00713088
0.00714257
0.00715316
0.00716269
0.00717121
0.00717878
0.00718545
0.00719126
0.00719626
0.0072005
0.00720403
0.00720689
0.00720914
0.00721082
0.007212
0.00721273
0.00721308
0.00721313
0.00721296
0.00721266
0.00721235
0.00721213
0.00672751
0.00676231
0.00679634
0.00682939
0.00686131
0.00689194
0.0069212
0.00694901
0.00697531
0.00700007
0.00702329
0.00704497
0.00706514
0.00708383
0.00710108
0.00711694
0.00713146
0.00714469
0.00715669
0.00716751
0.00717722
0.00718587
0.00719352
0.00720021
0.00720601
0.00721095
0.00721509
0.00721849
0.00722118
0.00722322
0.00722467
0.00722556
0.00722597
0.00722596
0.00722561
0.00722499
0.00722422
0.00722341
0.00722269
0.00722222
0.00675953
0.00679556
0.00683053
0.00686427
0.00689661
0.00692745
0.00695669
0.00698429
0.00701021
0.00703445
0.00705702
0.00707796
0.0070973
0.00711509
0.00713139
0.00714625
0.00715976
0.00717196
0.00718292
0.00719271
0.00720139
0.00720901
0.00721564
0.00722134
0.00722615
0.00723012
0.00723332
0.00723578
0.00723757
0.00723872
0.00723929
0.00723934
0.00723893
0.00723814
0.00723704
0.00723573
0.00723433
0.00723298
0.00723184
0.00723112
0.00679751
0.00683442
0.00686997
0.00690399
0.00693636
0.00696698
0.00699579
0.00702277
0.00704792
0.00707127
0.00709284
0.00711269
0.00713089
0.0071475
0.00716259
0.00717623
0.0071885
0.00719947
0.00720922
0.00721781
0.00722531
0.00723178
0.00723727
0.00724186
0.00724559
0.00724851
0.00725068
0.00725214
0.00725295
0.00725315
0.00725281
0.00725197
0.0072507
0.00724909
0.00724722
0.0072452
0.00724317
0.00724127
0.00723972
0.00723875
0.00684161
0.00687895
0.00691459
0.00694841
0.0069803
0.00701022
0.00703813
0.00706405
0.00708801
0.00711006
0.00713026
0.0071487
0.00716545
0.0071806
0.00719422
0.00720642
0.00721726
0.00722682
0.0072352
0.00724244
0.00724863
0.00725383
0.00725809
0.00726148
0.00726405
0.00726585
0.00726692
0.00726733
0.00726711
0.00726632
0.00726502
0.00726326
0.00726112
0.00725868
0.00725603
0.0072533
0.00725062
0.00724819
0.00724623
0.00724502
0.0068918
0.00692899
0.00696414
0.00699716
0.00702801
0.00705667
0.00708317
0.00710754
0.00712987
0.00715022
0.0071687
0.0071854
0.00720041
0.00721383
0.00722577
0.00723631
0.00724555
0.00725355
0.00726041
0.0072662
0.00727098
0.00727481
0.00727776
0.00727989
0.00728123
0.00728185
0.00728179
0.0072811
0.00727982
0.00727802
0.00727574
0.00727305
0.00727003
0.00726675
0.00726334
0.0072599
0.00725662
0.00725368
0.00725133
0.0072499
0.00694777
0.0069841
0.00701805
0.00704961
0.00707879
0.00710561
0.00713015
0.0071525
0.00717276
0.00719103
0.00720744
0.0072221
0.00723511
0.0072466
0.00725665
0.00726538
0.00727286
0.00727918
0.00728443
0.00728867
0.00729196
0.00729437
0.00729595
0.00729676
0.00729685
0.00729626
0.00729504
0.00729323
0.00729089
0.00728806
0.00728481
0.00728119
0.0072773
0.00727321
0.00726905
0.00726495
0.00726109
0.00725768
0.00725499
0.00725336
0.00700882
0.00704348
0.00707546
0.00710484
0.00713168
0.00715608
0.00717814
0.007198
0.00721579
0.00723164
0.00724569
0.00725805
0.00726886
0.00727823
0.00728626
0.00729304
0.00729868
0.00730324
0.0073068
0.00730943
0.0073112
0.00731215
0.00731234
0.00731182
0.00731063
0.00730882
0.00730644
0.00730352
0.00730012
0.00729628
0.00729207
0.00728756
0.00728283
0.00727797
0.00727311
0.00726839
0.00726401
0.00726019
0.0072572
0.00725542
0.00707384
0.00710593
0.00713513
0.0071616
0.00718547
0.00720689
0.00722601
0.00724298
0.00725797
0.00727112
0.00728258
0.00729247
0.00730093
0.00730806
0.00731397
0.00731875
0.00732248
0.00732524
0.00732709
0.00732811
0.00732834
0.00732783
0.00732663
0.00732479
0.00732234
0.00731933
0.0073158
0.0073118
0.00730737
0.00730256
0.00729744
0.00729207
0.00728656
0.00728099
0.00727549
0.00727024
0.00726541
0.00726124
0.00725802
0.00725612
0.00714122
0.00716985
0.00719549
0.00721839
0.00723874
0.00725671
0.0072725
0.00728629
0.00729823
0.0073085
0.00731723
0.00732455
0.00733059
0.00733544
0.0073392
0.00734196
0.00734379
0.00734476
0.00734492
0.00734434
0.00734306
0.00734112
0.00733856
0.00733544
0.00733177
0.00732761
0.00732298
0.00731795
0.00731254
0.00730682
0.00730085
0.0072947
0.00728848
0.00728228
0.00727624
0.00727053
0.00726534
0.00726091
0.00725753
0.00725556
0.00720894
0.00723329
0.00725471
0.0072735
0.00728989
0.0073041
0.00731632
0.00732674
0.00733553
0.00734284
0.0073488
0.00735354
0.00735716
0.00735976
0.00736141
0.0073622
0.00736218
0.00736141
0.00735995
0.00735783
0.0073551
0.00735179
0.00734795
0.0073436
0.00733878
0.00733353
0.00732789
0.00732189
0.00731559
0.00730903
0.0073023
0.00729547
0.00728863
0.00728191
0.00727543
0.00726936
0.00726391
0.00725931
0.00725585
0.00725385
0.00727462
0.00729407
0.00731079
0.00732513
0.00733734
0.00734763
0.0073562
0.00736323
0.00736888
0.00737327
0.00737654
0.00737877
0.00738007
0.00738051
0.00738016
0.00737907
0.00737731
0.00737491
0.00737191
0.00736835
0.00736427
0.00735969
0.00735465
0.00734918
0.00734331
0.00733706
0.00733049
0.00732363
0.00731654
0.00730926
0.00730188
0.00729447
0.00728714
0.00728001
0.00727321
0.00726691
0.00726131
0.00725663
0.00725315
0.00725118
0.00733571
0.00734991
0.00736174
0.00737154
0.00737956
0.00738599
0.00739101
0.00739478
0.00739743
0.00739908
0.00739981
0.00739971
0.00739886
0.0073973
0.0073951
0.0073923
0.00738894
0.00738504
0.00738065
0.00737579
0.00737048
0.00736476
0.00735864
0.00735216
0.00734535
0.00733824
0.00733086
0.00732327
0.0073155
0.00730763
0.00729973
0.00729188
0.00728419
0.00727678
0.00726978
0.00726337
0.00725773
0.00725307
0.00724965
0.00724774
0.00738978
0.00739874
0.00740578
0.00741123
0.00741528
0.00741811
0.00741985
0.00742064
0.00742058
0.00741973
0.00741819
0.00741601
0.00741323
0.00740991
0.00740607
0.00740174
0.00739697
0.00739175
0.00738613
0.00738013
0.00737375
0.00736703
0.00735999
0.00735265
0.00734505
0.00733721
0.00732917
0.00732098
0.00731269
0.00730437
0.00729609
0.00728795
0.00728003
0.00727248
0.00726542
0.00725901
0.00725344
0.00724889
0.00724559
0.00724378
0.00743478
0.00743887
0.00744155
0.00744308
0.00744361
0.00744327
0.00744216
0.00744036
0.00743795
0.00743498
0.00743149
0.00742753
0.00742312
0.00741828
0.00741305
0.00740744
0.00740147
0.00739515
0.00738849
0.00738153
0.00737426
0.00736672
0.00735892
0.00735089
0.00734265
0.00733424
0.0073257
0.00731707
0.00730842
0.0072998
0.0072913
0.007283
0.00727501
0.00726745
0.00726045
0.00725416
0.00724874
0.00724438
0.00724125
0.00723957
0.00746939
0.00746929
0.00746828
0.00746653
0.00746415
0.0074612
0.00745776
0.00745386
0.00744955
0.00744486
0.0074398
0.0074344
0.00742868
0.00742264
0.00741629
0.00740965
0.00740272
0.00739552
0.00738805
0.00738033
0.00737237
0.00736419
0.00735582
0.00734727
0.00733857
0.00732976
0.00732088
0.00731198
0.00730311
0.00729435
0.00728577
0.00727746
0.00726952
0.00726207
0.00725523
0.00724915
0.00724396
0.00723983
0.00723692
0.00723537
1.0828e-08
3.70208e-08
6.88629e-08
1.0746e-07
1.53999e-07
2.09706e-07
2.75808e-07
3.53495e-07
4.43869e-07
5.47894e-07
6.66317e-07
7.99599e-07
9.47829e-07
1.11066e-06
1.28722e-06
1.47613e-06
1.67541e-06
1.88258e-06
2.09468e-06
2.30841e-06
2.52024e-06
2.72661e-06
2.92413e-06
3.10974e-06
3.2809e-06
3.43571e-06
3.57296e-06
3.69221e-06
3.79371e-06
3.87832e-06
3.94741e-06
4.00268e-06
4.04601e-06
4.07932e-06
4.10447e-06
4.12313e-06
4.13677e-06
4.14657e-06
4.15349e-06
4.15819e-06
1.09482e-08
3.74361e-08
6.96445e-08
1.08685e-07
1.55738e-07
2.12009e-07
2.78692e-07
3.56938e-07
4.4781e-07
5.52226e-07
6.70891e-07
8.04226e-07
9.52291e-07
1.11471e-06
1.29062e-06
1.47863e-06
1.6768e-06
1.88269e-06
2.0934e-06
2.3057e-06
2.51614e-06
2.72125e-06
2.91769e-06
3.10249e-06
3.27312e-06
3.42771e-06
3.56505e-06
3.68467e-06
3.78677e-06
3.87216e-06
3.94214e-06
3.99836e-06
4.04264e-06
4.07687e-06
4.10288e-06
4.12232e-06
4.13666e-06
4.1471e-06
4.15461e-06
4.15989e-06
1.10749e-08
3.78744e-08
7.04712e-08
1.09981e-07
1.57575e-07
2.14433e-07
2.81716e-07
3.60535e-07
4.51912e-07
5.5672e-07
6.75623e-07
8.09005e-07
9.56893e-07
1.11889e-06
1.29414e-06
1.48123e-06
1.67828e-06
1.88287e-06
2.09218e-06
2.30303e-06
2.51207e-06
2.71588e-06
2.91123e-06
3.09518e-06
3.26526e-06
3.4196e-06
3.557e-06
3.67696e-06
3.77964e-06
3.86579e-06
3.93666e-06
3.99382e-06
4.03905e-06
4.07421e-06
4.10107e-06
4.12129e-06
4.13634e-06
4.14742e-06
4.15552e-06
4.16137e-06
1.12082e-08
3.83369e-08
7.1345e-08
1.11351e-07
1.59512e-07
2.16979e-07
2.84878e-07
3.64281e-07
4.56166e-07
5.61365e-07
6.80501e-07
8.13921e-07
9.61623e-07
1.12319e-06
1.29776e-06
1.48393e-06
1.67984e-06
1.88313e-06
2.09102e-06
2.30042e-06
2.50803e-06
2.71054e-06
2.90477e-06
3.08785e-06
3.25735e-06
3.41141e-06
3.54885e-06
3.66911e-06
3.77234e-06
3.85924e-06
3.93097e-06
3.98907e-06
4.03525e-06
4.07133e-06
4.09905e-06
4.12006e-06
4.13581e-06
4.14753e-06
4.15621e-06
4.16261e-06
1.13485e-08
3.88248e-08
7.22682e-08
1.12797e-07
1.6155e-07
2.19646e-07
2.88175e-07
3.68168e-07
4.60562e-07
5.66147e-07
6.85508e-07
8.18956e-07
9.66462e-07
1.12759e-06
1.30147e-06
1.48672e-06
1.68149e-06
1.88346e-06
2.08993e-06
2.29787e-06
2.50405e-06
2.70525e-06
2.89834e-06
3.08053e-06
3.24942e-06
3.40318e-06
3.54061e-06
3.66117e-06
3.76492e-06
3.85253e-06
3.92512e-06
3.98413e-06
4.03126e-06
4.06825e-06
4.09683e-06
4.11862e-06
4.13508e-06
4.14743e-06
4.15669e-06
4.16363e-06
1.14962e-08
3.93392e-08
7.32427e-08
1.14321e-07
1.63687e-07
2.2243e-07
2.91598e-07
3.72183e-07
4.65082e-07
5.71047e-07
6.90623e-07
8.24089e-07
9.71389e-07
1.13207e-06
1.30525e-06
1.48957e-06
1.68321e-06
1.88388e-06
2.08893e-06
2.2954e-06
2.50015e-06
2.70002e-06
2.89198e-06
3.07325e-06
3.24151e-06
3.39495e-06
3.53235e-06
3.65315e-06
3.75741e-06
3.84571e-06
3.91912e-06
3.97904e-06
4.02709e-06
4.06498e-06
4.09442e-06
4.11699e-06
4.13415e-06
4.14713e-06
4.15696e-06
4.16441e-06
1.16517e-08
3.98818e-08
7.42704e-08
1.15922e-07
1.65924e-07
2.25324e-07
2.95136e-07
3.76311e-07
4.69708e-07
5.76041e-07
6.95821e-07
8.29294e-07
9.76379e-07
1.13661e-06
1.3091e-06
1.49249e-06
1.68499e-06
1.88436e-06
2.088e-06
2.29302e-06
2.49635e-06
2.6949e-06
2.88571e-06
3.06606e-06
3.23367e-06
3.38675e-06
3.5241e-06
3.64512e-06
3.74984e-06
3.8388e-06
3.91301e-06
3.97381e-06
4.02276e-06
4.06155e-06
4.09183e-06
4.11518e-06
4.13304e-06
4.14664e-06
4.15701e-06
4.16498e-06
1.18156e-08
4.0454e-08
7.53532e-08
1.17602e-07
1.68254e-07
2.2832e-07
2.98774e-07
3.80531e-07
4.74413e-07
5.811e-07
7.0107e-07
8.34538e-07
9.81401e-07
1.14118e-06
1.31297e-06
1.49545e-06
1.68683e-06
1.88492e-06
2.08717e-06
2.29075e-06
2.49268e-06
2.68992e-06
2.87957e-06
3.059e-06
3.22595e-06
3.37865e-06
3.51591e-06
3.63713e-06
3.74227e-06
3.83186e-06
3.90683e-06
3.96848e-06
4.01832e-06
4.05798e-06
4.08909e-06
4.1132e-06
4.13174e-06
4.14595e-06
4.15687e-06
4.16533e-06
1.19884e-08
4.10575e-08
7.64919e-08
1.19358e-07
1.70671e-07
2.31403e-07
3.02491e-07
3.84816e-07
4.79167e-07
5.8619e-07
7.06334e-07
8.39786e-07
9.8642e-07
1.14574e-06
1.31685e-06
1.49843e-06
1.68871e-06
1.88554e-06
2.08643e-06
2.28861e-06
2.48914e-06
2.68509e-06
2.87361e-06
3.05212e-06
3.21839e-06
3.3707e-06
3.50785e-06
3.62922e-06
3.73476e-06
3.82493e-06
3.90063e-06
3.9631e-06
4.0138e-06
4.0543e-06
4.08622e-06
4.11108e-06
4.13029e-06
4.1451e-06
4.15654e-06
4.16547e-06
1.21711e-08
4.16939e-08
7.76869e-08
1.21186e-07
1.73164e-07
2.34555e-07
3.06261e-07
3.89133e-07
4.8393e-07
5.9127e-07
7.1157e-07
8.44994e-07
9.91394e-07
1.15027e-06
1.32071e-06
1.5014e-06
1.69061e-06
1.88622e-06
2.08579e-06
2.28659e-06
2.48578e-06
2.68046e-06
2.86786e-06
3.04546e-06
3.21106e-06
3.36296e-06
3.49998e-06
3.62147e-06
3.72736e-06
3.81808e-06
3.89447e-06
3.95771e-06
4.00923e-06
4.05056e-06
4.08326e-06
4.10884e-06
4.1287e-06
4.14409e-06
4.15604e-06
4.16543e-06
4.16195e-06
4.16306e-06
4.16037e-06
4.153e-06
4.13932e-06
4.11827e-06
4.09048e-06
4.06371e-06
4.04134e-06
4.02199e-06
4.00566e-06
3.99127e-06
3.97849e-06
3.9667e-06
3.95558e-06
3.94471e-06
3.93372e-06
3.92241e-06
3.91067e-06
3.8984e-06
3.88565e-06
3.87256e-06
3.85944e-06
3.84702e-06
3.83661e-06
3.83045e-06
3.83245e-06
3.84912e-06
3.89184e-06
3.98026e-06
4.14804e-06
4.45025e-06
4.9739e-06
5.82841e-06
7.1053e-06
8.77394e-06
1.06661e-05
1.25767e-05
1.43714e-05
1.59936e-05
1.74275e-05
1.86787e-05
1.97591e-05
2.06828e-05
2.14631e-05
2.21088e-05
2.26301e-05
2.30349e-05
2.33309e-05
2.35256e-05
2.36253e-05
2.36335e-05
2.35524e-05
2.3383e-05
2.31238e-05
2.27748e-05
2.23366e-05
2.18342e-05
2.1451e-05
2.2549e-05
3.30003e-05
8.34242e-05
0.000233526
0.000484125
0.00066786
0.000738462
0.000752215
0.000749434
0.000743349
0.000737072
0.000731175
0.000725737
0.00072067
0.000715856
0.000711174
0.000706507
0.000701732
0.00069671
0.000691373
0.000685634
0.000679439
0.000672775
0.000665702
0.000658434
0.000651442
0.000645726
0.000643218
0.000647512
0.000664833
0.000705911
0.000786057
0.00092458
0.00113032
0.00139262
0.00169244
0.00201594
0.00235227
0.00269436
0.00303733
0.0033786
0.00371638
0.00405024
0.00438083
0.00470936
0.00503789
0.00536937
0.0057073
0.00605564
0.00642067
0.00681218
0.00724187
0.00772672
0.00829052
0.00897068
0.00982159
0.0109325
0.0124221
0.0144038
0.0165702
0.0175283
0.0156297
0.0135626
0.0126765
0.012454
0.0124262
0.0124373
0.0124535
0.012469
0.012483
0.0124955
0.0125065
0.0125162
0.0125248
0.0125322
0.0125384
0.0125432
0.0125462
0.0125469
0.0125445
0.0125377
0.0125247
0.0125029
0.0124683
0.012415
0.0123346
0.0122163
0.0120469
0.0118186
0.0115386
0.0112388
0.0109594
0.0107246
0.0105394
0.0103979
0.0102919
0.0102133
0.010156
0.0101146
0.0100856
0.0100662
0.0100543
0.0100484
0.0100472
0.0100501
0.0100562
0.0100654
0.0100776
0.0100928
0.0101113
0.0101333
0.0101592
0.0101887
0.0102212
0.0102518
0.0102623
0.0101894
0.00991787
0.00945009
0.00910745
0.00897409
0.00894386
0.00894272
0.00894721
0.00895229
0.00895717
0.00896176
0.00896614
0.00897038
0.00897456
0.00897873
0.00898296
0.00898727
0.00899164
0.008996
0.00900022
0.00900408
0.0090072
0.00900897
0.00900842
0.0090039
0.00899287
0.0089712
0.00893281
0.00886918
0.00877178
0.00863719
0.00847575
0.00830764
0.00815047
0.00801238
0.0078943
0.00779443
0.00770996
0.00763844
0.00757755
0.00752553
0.00748106
0.00744304
0.00741058
0.00738301
0.00735971
0.00734021
0.00732422
0.00731152
0.00730192
0.00729537
0.0072919
0.00729177
0.00729525
0.00730296
0.00731519
0.00733326
0.00735714
0.00738891
0.00742422
0.00745177
0.00747017
0.00748053
0.00748507
0.00748557
4.16447e-06
4.16673e-06
4.16546e-06
4.15988e-06
4.14844e-06
4.13e-06
4.10509e-06
4.08149e-06
4.0624e-06
4.04622e-06
4.03295e-06
4.02152e-06
4.01167e-06
4.00283e-06
3.9947e-06
3.98693e-06
3.9792e-06
3.97134e-06
3.96329e-06
3.95497e-06
3.94646e-06
3.93794e-06
3.92974e-06
3.92261e-06
3.91786e-06
3.91769e-06
3.92592e-06
3.94884e-06
3.99743e-06
4.09059e-06
4.26063e-06
4.56036e-06
5.07306e-06
5.90212e-06
7.13089e-06
8.71967e-06
1.04986e-05
1.22745e-05
1.39297e-05
1.54215e-05
1.67426e-05
1.79022e-05
1.89129e-05
1.97876e-05
2.05382e-05
2.11713e-05
2.16953e-05
2.21159e-05
2.24392e-05
2.26711e-05
2.28164e-05
2.28776e-05
2.28563e-05
2.2753e-05
2.25661e-05
2.2295e-05
2.19389e-05
2.15174e-05
2.11854e-05
2.21765e-05
3.2029e-05
8.13894e-05
0.000232464
0.000488054
0.000672261
0.000740991
0.000753929
0.000751428
0.00074606
0.000740609
0.000735542
0.000730913
0.000726629
0.000722581
0.000718658
0.000714751
0.000710748
0.000706534
0.000702042
0.000697188
0.00069192
0.000686222
0.000680144
0.00067388
0.000667866
0.00066305
0.000661294
0.00066611
0.000683655
0.000724736
0.000805154
0.000946221
0.0011596
0.00143061
0.00174044
0.00207568
0.00242527
0.00278179
0.00314002
0.00349722
0.00385143
0.00420214
0.00454996
0.00489601
0.00524225
0.00559148
0.00594698
0.00631266
0.00669444
0.00710122
0.00754409
0.00803915
0.00860883
0.00928866
0.0101302
0.01122
0.0126751
0.0146183
0.0167601
0.0176858
0.0156439
0.0135271
0.0126543
0.0124445
0.0124197
0.0124297
0.0124437
0.0124569
0.0124686
0.0124787
0.0124876
0.0124951
0.0125016
0.0125068
0.0125108
0.0125134
0.0125143
0.0125128
0.0125083
0.0124996
0.012485
0.0124621
0.0124273
0.0123749
0.0122973
0.0121838
0.0120219
0.0118038
0.0115363
0.0112505
0.0109857
0.0107642
0.0105898
0.0104561
0.010355
0.0102789
0.0102222
0.0101801
0.0101493
0.0101274
0.0101126
0.0101034
0.0100989
0.0100982
0.0101008
0.0101064
0.0101149
0.0101263
0.0101408
0.0101587
0.0101802
0.0102053
0.0102334
0.0102602
0.0102685
0.0101954
0.0099209
0.0094433
0.00909981
0.00897028
0.0089422
0.00894141
0.00894555
0.00895013
0.00895447
0.00895854
0.00896238
0.00896609
0.00896972
0.00897331
0.00897693
0.00898057
0.00898421
0.00898778
0.00899114
0.00899407
0.00899622
0.00899699
0.00899546
0.0089901
0.00897849
0.00895673
0.00891906
0.00885732
0.00876342
0.00863428
0.00848046
0.00832178
0.00817469
0.00804619
0.00793646
0.00784338
0.00776415
0.00769648
0.00763823
0.00758784
0.00754417
0.00750626
0.00747336
0.0074449
0.00742033
0.00739926
0.00738144
0.00736668
0.00735483
0.00734585
0.00733975
0.0073368
0.00733721
0.00734159
0.00735017
0.00736425
0.00738383
0.00741131
0.00744261
0.00746648
0.00748169
0.00748946
0.00749198
0.0074909
4.16673e-06
4.17008e-06
4.17016e-06
4.1663e-06
4.15705e-06
4.14124e-06
4.11932e-06
4.099e-06
4.0833e-06
4.0704e-06
4.06027e-06
4.05194e-06
4.04517e-06
4.03946e-06
4.03455e-06
4.03013e-06
4.02596e-06
4.02191e-06
4.01793e-06
4.01401e-06
4.01025e-06
4.00687e-06
4.00424e-06
4.00313e-06
4.00483e-06
4.01152e-06
4.02688e-06
4.05695e-06
4.11224e-06
4.21075e-06
4.38324e-06
4.67991e-06
5.17979e-06
5.97973e-06
7.15448e-06
8.65672e-06
1.03182e-05
1.19594e-05
1.34791e-05
1.48469e-05
1.60623e-05
1.71368e-05
1.8083e-05
1.89128e-05
1.96361e-05
2.02579e-05
2.07847e-05
2.12206e-05
2.157e-05
2.18374e-05
2.20264e-05
2.21384e-05
2.21746e-05
2.21351e-05
2.20179e-05
2.1822e-05
2.15456e-05
2.12038e-05
2.09273e-05
2.18331e-05
3.11318e-05
7.94314e-05
0.000231405
0.000491936
0.000676488
0.000743375
0.000755608
0.000753452
0.000748827
0.000744215
0.000739996
0.0007362
0.000732738
0.000729509
0.000726414
0.000723355
0.000720233
0.000716956
0.00071346
0.000709669
0.000705537
0.00070105
0.000696247
0.000691304
0.000686617
0.000683071
0.000682439
0.00068812
0.000706194
0.000747619
0.000829108
0.00097524
0.00120332
0.0014895
0.00181549
0.00216802
0.0025355
0.00291001
0.00328607
0.00366092
0.00403259
0.00440063
0.00476571
0.00512895
0.00549228
0.0058584
0.00623044
0.00661219
0.00700929
0.00742989
0.00788443
0.00838817
0.00896216
0.0096401
0.0104708
0.0115377
0.0129559
0.014856
0.016967
0.0178543
0.0156574
0.0134923
0.0126336
0.0124356
0.0124133
0.012422
0.0124338
0.0124446
0.012454
0.0124619
0.0124684
0.0124738
0.012478
0.012481
0.0124827
0.012483
0.0124814
0.0124777
0.0124709
0.0124601
0.0124438
0.0124196
0.0123843
0.0123329
0.0122578
0.0121493
0.0119953
0.0117881
0.0115341
0.0112635
0.0110141
0.0108061
0.0106424
0.0105162
0.0104197
0.0103459
0.0102895
0.0102465
0.0102138
0.0101894
0.0101715
0.010159
0.010151
0.0101467
0.0101456
0.0101475
0.0101522
0.0101598
0.0101703
0.0101841
0.0102013
0.0102219
0.0102456
0.0102686
0.0102747
0.0102013
0.00992388
0.00943656
0.00909249
0.00896676
0.00894064
0.00894008
0.00894384
0.00894789
0.00895169
0.00895521
0.0089585
0.00896163
0.00896466
0.00896763
0.00897057
0.00897348
0.00897632
0.00897901
0.00898143
0.00898334
0.00898442
0.00898411
0.00898153
0.00897526
0.00896303
0.00894118
0.0089043
0.00884466
0.00875465
0.00863153
0.00848596
0.00833712
0.00820021
0.00808111
0.00797937
0.00789268
0.00781833
0.00775417
0.0076983
0.00764935
0.00760633
0.00756843
0.00753502
0.0075056
0.00747974
0.00745709
0.00743744
0.00742064
0.00740657
0.00739518
0.00738649
0.00738075
0.00737815
0.00737924
0.00738422
0.00739435
0.00740963
0.00743276
0.00745996
0.00748018
0.00749232
0.00749765
0.00749827
0.00749573
4.16873e-06
4.17313e-06
4.17448e-06
4.17226e-06
4.16513e-06
4.15194e-06
4.1331e-06
4.11616e-06
4.1039e-06
4.09432e-06
4.08742e-06
4.08227e-06
4.0787e-06
4.07625e-06
4.07472e-06
4.07387e-06
4.0735e-06
4.07355e-06
4.07398e-06
4.07485e-06
4.0763e-06
4.07857e-06
4.0821e-06
4.08767e-06
4.09657e-06
4.11092e-06
4.13427e-06
4.17239e-06
4.2352e-06
4.33972e-06
4.51494e-06
4.80815e-06
5.29354e-06
6.061e-06
7.17624e-06
8.58611e-06
1.01272e-05
1.16351e-05
1.30246e-05
1.42756e-05
1.53929e-05
1.63891e-05
1.72765e-05
1.80652e-05
1.87637e-05
1.93754e-05
1.99051e-05
2.03556e-05
2.07297e-05
2.10307e-05
2.1261e-05
2.14215e-05
2.15125e-05
2.15337e-05
2.14831e-05
2.13592e-05
2.11595e-05
2.08953e-05
2.06776e-05
2.15199e-05
3.0319e-05
7.75868e-05
0.000230387
0.000495725
0.000680499
0.000745602
0.000757249
0.000755494
0.000751628
0.000747861
0.000744498
0.000741553
0.000738943
0.000736577
0.000734369
0.000732236
0.000730093
0.000727871
0.000725514
0.000722959
0.000720171
0.000717139
0.000713902
0.00071062
0.000707653
0.000705818
0.000706781
0.000713811
0.000732911
0.000775284
0.000859098
0.00101392
0.00126742
0.00157681
0.00192571
0.00230106
0.00269068
0.00308621
0.00348209
0.00387575
0.0042654
0.00465081
0.00503279
0.00541257
0.00579209
0.00617401
0.0065613
0.00695767
0.00736849
0.00780129
0.00826584
0.00877653
0.00935315
0.0100275
0.0108457
0.0118879
0.0132667
0.015119
0.0171922
0.0180344
0.0156706
0.0134588
0.0126145
0.0124275
0.0124071
0.0124142
0.0124238
0.0124323
0.0124394
0.012445
0.0124493
0.0124523
0.0124542
0.0124549
0.0124543
0.0124521
0.0124481
0.0124419
0.0124327
0.0124197
0.0124014
0.0123759
0.01234
0.0122892
0.0122166
0.0121131
0.0119672
0.0117715
0.011532
0.0112777
0.0110441
0.0108498
0.0106966
0.0105776
0.0104854
0.0104135
0.0103574
0.0103132
0.0102785
0.0102514
0.0102304
0.0102145
0.0102029
0.010195
0.0101902
0.0101884
0.0101893
0.010193
0.0101996
0.0102092
0.0102222
0.0102385
0.0102578
0.010277
0.0102807
0.010207
0.00992676
0.00942998
0.00908556
0.00896354
0.00893917
0.00893875
0.0089421
0.00894561
0.00894885
0.0089518
0.00895451
0.00895705
0.00895945
0.00896175
0.00896396
0.00896608
0.00896805
0.0089698
0.0089712
0.00897203
0.00897196
0.00897048
0.00896678
0.00895952
0.00894662
0.00892467
0.00888864
0.00883128
0.00874548
0.00862892
0.00849217
0.00835347
0.00822671
0.00811672
0.00802256
0.00794183
0.00787195
0.00781098
0.00775723
0.00770951
0.007667
0.00762901
0.00759503
0.00756464
0.00753748
0.00751326
0.00749181
0.00747301
0.00745675
0.007443
0.00743179
0.00742333
0.00741779
0.00741567
0.00741715
0.00742339
0.00743443
0.00745319
0.00747625
0.00749288
0.00750207
0.00750511
0.00750397
0.00750007
4.17048e-06
4.17586e-06
4.1784e-06
4.17774e-06
4.17267e-06
4.16208e-06
4.14636e-06
4.13286e-06
4.12405e-06
4.1178e-06
4.11414e-06
4.11221e-06
4.11189e-06
4.1128e-06
4.11479e-06
4.11765e-06
4.12128e-06
4.12564e-06
4.13075e-06
4.13672e-06
4.14374e-06
4.15211e-06
4.1623e-06
4.17512e-06
4.19188e-06
4.21464e-06
4.2468e-06
4.29381e-06
4.365e-06
4.47626e-06
4.65464e-06
4.94417e-06
5.4137e-06
6.14563e-06
7.19624e-06
8.50867e-06
9.92785e-06
1.13055e-05
1.25715e-05
1.37139e-05
1.47411e-05
1.56661e-05
1.65001e-05
1.72519e-05
1.7928e-05
1.85307e-05
1.90634e-05
1.95275e-05
1.99248e-05
2.02572e-05
2.05263e-05
2.07322e-05
2.08748e-05
2.09535e-05
2.09658e-05
2.09101e-05
2.07834e-05
2.05941e-05
2.04375e-05
2.12389e-05
2.9606e-05
7.59102e-05
0.000229465
0.000499354
0.000684225
0.000747653
0.000758844
0.000757541
0.00075444
0.000751514
0.000749006
0.00074692
0.000745181
0.00074371
0.000742437
0.000741293
0.000740214
0.000739151
0.000738061
0.000736902
0.000735654
0.000734318
0.000732941
0.000731678
0.000730862
0.000731249
0.000734398
0.00074344
0.000764318
0.000808605
0.000896596
0.00106513
0.00136046
0.00170273
0.00208147
0.00248465
0.00289981
0.00331846
0.00373527
0.00414813
0.00455564
0.00495792
0.00535601
0.00575129
0.00614579
0.00654212
0.00694317
0.00735253
0.00777532
0.00821855
0.00869131
0.00920716
0.00978459
0.0104536
0.0112576
0.0122732
0.0136102
0.0154101
0.017438
0.0182268
0.015684
0.0134276
0.0125975
0.0124201
0.012401
0.0124066
0.0124139
0.0124201
0.0124249
0.0124282
0.0124303
0.0124311
0.0124306
0.0124289
0.0124259
0.0124212
0.0124147
0.012406
0.0123943
0.0123789
0.0123586
0.0123314
0.0122947
0.0122443
0.0121741
0.0120755
0.0119379
0.0117542
0.0115301
0.0112928
0.0110755
0.0108949
0.0107518
0.0106395
0.0105512
0.010481
0.0104249
0.0103795
0.0103426
0.0103128
0.0102887
0.0102694
0.0102542
0.0102426
0.0102342
0.0102286
0.0102258
0.0102257
0.0102283
0.010234
0.0102428
0.0102549
0.01027
0.0102853
0.0102865
0.0102123
0.00992942
0.00942368
0.00907915
0.00896064
0.0089378
0.00893741
0.00894033
0.00894331
0.00894598
0.00894836
0.00895048
0.0089524
0.00895414
0.00895574
0.00895718
0.00895846
0.00895952
0.00896028
0.00896059
0.00896027
0.00895899
0.00895627
0.00895137
0.00894306
0.00892943
0.00890735
0.00887219
0.00881725
0.00873597
0.00862645
0.008499
0.00837065
0.00825389
0.00815262
0.00806555
0.0079903
0.00792448
0.00786634
0.00781444
0.00776777
0.00772563
0.00768748
0.00765288
0.00762151
0.00759306
0.0075673
0.0075441
0.00752335
0.00750497
0.00748895
0.0074753
0.00746422
0.00745585
0.00745064
0.00744874
0.00745123
0.00745813
0.00747253
0.00749145
0.00750458
0.00751095
0.00751184
0.00750907
0.00750393
4.17197e-06
4.17827e-06
4.18194e-06
4.18274e-06
4.17964e-06
4.17159e-06
4.15904e-06
4.14898e-06
4.14357e-06
4.14062e-06
4.14016e-06
4.14144e-06
4.14439e-06
4.14869e-06
4.15425e-06
4.16092e-06
4.16866e-06
4.17747e-06
4.18745e-06
4.19875e-06
4.21161e-06
4.2264e-06
4.24364e-06
4.26418e-06
4.28933e-06
4.32112e-06
4.36278e-06
4.41944e-06
4.49981e-06
4.61856e-06
4.8006e-06
5.08646e-06
5.53907e-06
6.23289e-06
7.21455e-06
8.42581e-06
9.7234e-06
1.09756e-05
1.21259e-05
1.31686e-05
1.41141e-05
1.4975e-05
1.57612e-05
1.64799e-05
1.71361e-05
1.77309e-05
1.82665e-05
1.87432e-05
1.91618e-05
1.95232e-05
1.98283e-05
2.00763e-05
2.0267e-05
2.03991e-05
2.04703e-05
2.04785e-05
2.04205e-05
2.03026e-05
2.02088e-05
2.09937e-05
2.90149e-05
7.44785e-05
0.000228721
0.000502724
0.000687572
0.000749497
0.000760379
0.000759573
0.000757235
0.000755134
0.00075347
0.000752241
0.000751379
0.000750822
0.000750515
0.000750407
0.000750457
0.000750637
0.000750924
0.000751299
0.000751765
0.000752348
0.000753115
0.000754228
0.000756015
0.000759189
0.000765222
0.000777123
0.000800816
0.000848415
0.000943137
0.00113199
0.00149409
0.00188016
0.00229505
0.00272983
0.00317256
0.00361516
0.00405293
0.00448449
0.00490902
0.00532708
0.00574002
0.00614942
0.00655738
0.00696651
0.00737962
0.00780018
0.00823309
0.00868485
0.00916395
0.00968307
0.0102595
0.0109213
0.0117094
0.0126967
0.0139898
0.0157328
0.0177071
0.0184329
0.0156985
0.0134001
0.0125829
0.0124136
0.0123951
0.012399
0.0124042
0.0124082
0.0124107
0.0124118
0.0124116
0.0124102
0.0124074
0.0124034
0.0123979
0.0123907
0.0123816
0.0123703
0.0123561
0.0123382
0.0123157
0.0122868
0.0122491
0.0121989
0.0121308
0.012037
0.0119077
0.0117364
0.0115283
0.0113088
0.0111079
0.0109407
0.0108072
0.0107013
0.0106164
0.0105476
0.0104912
0.0104444
0.0104054
0.0103728
0.0103456
0.0103229
0.0103042
0.010289
0.010277
0.0102677
0.0102612
0.0102574
0.0102563
0.010258
0.0102629
0.0102708
0.0102819
0.0102935
0.0102921
0.0102171
0.00993171
0.00941784
0.00907343
0.00895812
0.00893653
0.00893608
0.00893855
0.00894099
0.00894311
0.00894491
0.00894644
0.00894773
0.0089488
0.00894967
0.00895033
0.00895074
0.00895085
0.00895058
0.00894977
0.00894825
0.00894571
0.0089417
0.00893553
0.00892611
0.00891169
0.00888945
0.00885515
0.00880272
0.00872618
0.00862412
0.00850635
0.00838838
0.00828134
0.00818829
0.00810778
0.0080375
0.00797529
0.00791966
0.00786935
0.00782354
0.00778166
0.00774327
0.00770803
0.00767568
0.00764598
0.00761874
0.00759385
0.00757124
0.00755084
0.00753264
0.00751667
0.00750309
0.00749203
0.00748389
0.00747878
0.00747768
0.00748062
0.00749073
0.00750553
0.00751527
0.00751897
0.00751786
0.00751361
0.00750733
4.17321e-06
4.18038e-06
4.18508e-06
4.18725e-06
4.18603e-06
4.18046e-06
4.17104e-06
4.16439e-06
4.16228e-06
4.16253e-06
4.1652e-06
4.16963e-06
4.1758e-06
4.18347e-06
4.19258e-06
4.20308e-06
4.21495e-06
4.22829e-06
4.24322e-06
4.25996e-06
4.27882e-06
4.30022e-06
4.32476e-06
4.35333e-06
4.38724e-06
4.4285e-06
4.48018e-06
4.54711e-06
4.63731e-06
4.76419e-06
4.95042e-06
5.23272e-06
5.66769e-06
6.32151e-06
7.23127e-06
8.33968e-06
9.51812e-06
1.06514e-05
1.16949e-05
1.26471e-05
1.35195e-05
1.43234e-05
1.50672e-05
1.57566e-05
1.6395e-05
1.69829e-05
1.75211e-05
1.80092e-05
1.84471e-05
1.88349e-05
1.91727e-05
1.94594e-05
1.96942e-05
1.98756e-05
2.0001e-05
2.00684e-05
2.00741e-05
2.00236e-05
1.99937e-05
2.07896e-05
2.85754e-05
7.33959e-05
0.000228266
0.000505706
0.000690409
0.000751094
0.000761838
0.000761569
0.00075998
0.000758681
0.000757838
0.000757449
0.000757457
0.000757816
0.000758489
0.000759446
0.000760666
0.000762147
0.000763891
0.000765908
0.000768233
0.000770926
0.000774089
0.000777915
0.000782749
0.000789301
0.00079899
0.000814759
0.000842591
0.000895365
0.0010001
0.00121735
0.00168395
0.00212486
0.00258045
0.00304853
0.00351896
0.00398473
0.00444223
0.00489103
0.00533099
0.00576319
0.00618929
0.00661106
0.0070307
0.00745081
0.00787413
0.00830399
0.00874506
0.00920341
0.00968691
0.0102074
0.010781
0.0114339
0.0122045
0.0131619
0.0144092
0.0160911
0.0180027
0.0186539
0.0157151
0.0133779
0.0125712
0.0124079
0.0123895
0.0123916
0.0123947
0.0123966
0.012397
0.012396
0.0123936
0.01239
0.012385
0.0123786
0.0123706
0.012361
0.0123494
0.0123354
0.0123186
0.0122983
0.0122734
0.0122427
0.0122039
0.0121538
0.0120875
0.0119982
0.0118771
0.0117182
0.0115266
0.0113252
0.0111407
0.0109864
0.010862
0.0107618
0.01068
0.0106122
0.0105554
0.0105071
0.0104659
0.0104306
0.0104004
0.0103744
0.0103524
0.0103337
0.0103181
0.0103053
0.0102952
0.0102878
0.0102831
0.0102812
0.0102822
0.0102863
0.0102934
0.0103014
0.0102973
0.0102213
0.00993341
0.00941271
0.00906864
0.00895604
0.00893538
0.00893477
0.00893677
0.00893869
0.00894027
0.00894151
0.00894244
0.00894311
0.00894351
0.00894365
0.00894351
0.00894304
0.00894219
0.00894087
0.00893892
0.00893617
0.00893234
0.008927
0.00891954
0.00890895
0.0088937
0.00887124
0.00883778
0.0087879
0.00871626
0.00862191
0.00851399
0.00840627
0.00830855
0.00822316
0.00814861
0.00808278
0.00802377
0.0079703
0.00792134
0.00787623
0.00783452
0.00779584
0.00775995
0.00772665
0.00769574
0.00766709
0.00764061
0.00761625
0.00759394
0.00757371
0.00755555
0.00753963
0.00752605
0.00751515
0.00750703
0.00750257
0.00750176
0.00750772
0.00751847
0.00752495
0.00752614
0.0075232
0.00751758
0.00751028
4.1742e-06
4.18218e-06
4.18784e-06
4.19128e-06
4.19181e-06
4.18863e-06
4.1823e-06
4.17895e-06
4.17998e-06
4.18328e-06
4.18894e-06
4.1964e-06
4.2057e-06
4.21664e-06
4.22924e-06
4.24349e-06
4.25946e-06
4.27727e-06
4.29713e-06
4.31931e-06
4.34419e-06
4.37226e-06
4.40417e-06
4.44088e-06
4.48374e-06
4.53469e-06
4.59671e-06
4.67428e-06
4.77475e-06
4.91025e-06
5.10108e-06
5.38002e-06
5.79701e-06
6.40981e-06
7.24652e-06
8.25286e-06
9.31684e-06
1.03392e-05
1.12855e-05
1.21568e-05
1.29645e-05
1.37182e-05
1.44249e-05
1.50885e-05
1.57113e-05
1.6293e-05
1.68335e-05
1.73317e-05
1.77868e-05
1.81982e-05
1.85654e-05
1.8887e-05
1.91616e-05
1.93876e-05
1.95624e-05
1.96836e-05
1.97478e-05
1.976e-05
1.97949e-05
2.06327e-05
2.83177e-05
7.2765e-05
0.000228208
0.000508176
0.000692614
0.0007524
0.000763201
0.000763502
0.000762638
0.000762104
0.000762048
0.00076247
0.000763326
0.000764587
0.000766234
0.000768259
0.000770665
0.000773476
0.000776723
0.000780451
0.000784737
0.000789684
0.000795445
0.000802271
0.000810559
0.000821058
0.000835207
0.000855963
0.000889511
0.000949777
0.00106847
0.00132289
0.00195055
0.00245504
0.00295268
0.00345279
0.00394864
0.00443499
0.00490968
0.00537327
0.00582636
0.00627054
0.00670771
0.00713982
0.00756913
0.00799823
0.00842976
0.00886686
0.00931398
0.00977679
0.0102626
0.0107824
0.0113511
0.0119931
0.0127443
0.0136699
0.0148694
0.0164855
0.0183241
0.0188872
0.0157347
0.0133627
0.012563
0.0124033
0.0123842
0.0123845
0.0123856
0.0123855
0.0123839
0.0123808
0.0123764
0.0123707
0.0123635
0.0123548
0.0123446
0.0123325
0.0123184
0.0123019
0.0122825
0.0122597
0.0122326
0.0121999
0.0121598
0.0121096
0.0120449
0.0119598
0.0118467
0.0117002
0.0115251
0.0113417
0.0111732
0.0110312
0.0109152
0.0108201
0.0107409
0.0106739
0.0106165
0.0105668
0.0105234
0.0104855
0.0104523
0.0104233
0.0103979
0.0103759
0.010357
0.0103409
0.0103275
0.0103167
0.0103085
0.0103031
0.0103006
0.0103011
0.0103045
0.010309
0.0103021
0.0102245
0.00993433
0.00940851
0.009065
0.00895447
0.00893435
0.00893349
0.00893503
0.00893644
0.0089375
0.00893819
0.00893855
0.0089386
0.00893834
0.00893776
0.00893683
0.0089355
0.00893369
0.00893132
0.00892824
0.00892427
0.00891915
0.00891247
0.0089037
0.00889193
0.0088758
0.00885307
0.00882043
0.00877308
0.00870638
0.00861982
0.00852171
0.00842391
0.00833494
0.00825658
0.00818739
0.00812549
0.00806926
0.00801765
0.00796983
0.00792528
0.00788364
0.00784466
0.00780814
0.00777393
0.00774189
0.00771192
0.00768396
0.00765796
0.0076339
0.00761177
0.0075916
0.00757351
0.0075576
0.00754416
0.00753328
0.0075257
0.00752141
0.00752342
0.00753025
0.00753362
0.00753249
0.00752786
0.00752102
0.0075128
4.17496e-06
4.18369e-06
4.19022e-06
4.19482e-06
4.19698e-06
4.19607e-06
4.19273e-06
4.19251e-06
4.19647e-06
4.20262e-06
4.21108e-06
4.22141e-06
4.23366e-06
4.24773e-06
4.26367e-06
4.28153e-06
4.30145e-06
4.3236e-06
4.34825e-06
4.37573e-06
4.4065e-06
4.44112e-06
4.4803e-06
4.52508e-06
4.57682e-06
4.63745e-06
4.70982e-06
4.79812e-06
4.90903e-06
5.05339e-06
5.2491e-06
5.52485e-06
5.92386e-06
6.49566e-06
7.2604e-06
8.16838e-06
9.12485e-06
1.00456e-05
1.09048e-05
1.17049e-05
1.24561e-05
1.31662e-05
1.38405e-05
1.44816e-05
1.50908e-05
1.5667e-05
1.62093e-05
1.67162e-05
1.71863e-05
1.76185e-05
1.80117e-05
1.83641e-05
1.86741e-05
1.89399e-05
1.91589e-05
1.93284e-05
1.94453e-05
1.95151e-05
1.9616e-05
2.05311e-05
2.82773e-05
7.2703e-05
0.000228669
0.000509996
0.000694045
0.000753366
0.000764442
0.000765342
0.000765169
0.000765353
0.000766038
0.000767227
0.000768893
0.000771023
0.000773617
0.000776688
0.000780266
0.000784402
0.000789159
0.000794623
0.000800917
0.0008082
0.000816694
0.00082673
0.000838798
0.000853745
0.000873116
0.00090001
0.000941007
0.00101144
0.00114858
0.00144779
0.00222417
0.00279549
0.00333313
0.00386122
0.00437815
0.00488112
0.00536949
0.00584479
0.00630832
0.00676202
0.007208
0.0076483
0.00808523
0.0085213
0.00895908
0.00940159
0.00985299
0.0103186
0.010805
0.0113227
0.0118852
0.0125154
0.0132468
0.0141406
0.0152929
0.0168421
0.0186006
0.0190662
0.0157582
0.0133567
0.012559
0.0123999
0.0123793
0.0123778
0.0123771
0.012375
0.0123716
0.0123666
0.0123603
0.0123526
0.0123433
0.0123325
0.0123201
0.0123057
0.0122892
0.0122702
0.0122484
0.0122232
0.0121939
0.0121593
0.0121179
0.0120673
0.012004
0.0119228
0.0118173
0.0116827
0.0115237
0.0113577
0.0112044
0.0110739
0.0109656
0.0108751
0.0107981
0.0107317
0.0106736
0.0106224
0.010577
0.0105366
0.0105007
0.0104687
0.0104403
0.0104152
0.0103932
0.0103739
0.0103574
0.0103435
0.0103322
0.0103236
0.0103178
0.010315
0.010315
0.0103162
0.0103062
0.0102266
0.00993423
0.00940549
0.00906278
0.00895348
0.00893347
0.00893225
0.00893334
0.00893428
0.00893484
0.00893501
0.00893483
0.00893429
0.0089334
0.00893212
0.00893042
0.00892825
0.00892552
0.00892213
0.00891795
0.00891278
0.00890639
0.00889841
0.00888835
0.00887539
0.00885838
0.00883536
0.00880347
0.00875861
0.00869678
0.00861785
0.0085292
0.00844079
0.00835993
0.00828791
0.00822348
0.008165
0.00811117
0.00806114
0.00801427
0.00797015
0.00792854
0.00788923
0.00785211
0.00781706
0.00778398
0.00775281
0.00772349
0.00769601
0.00767034
0.0076465
0.00762449
0.00760444
0.00758642
0.00757068
0.00755729
0.00754688
0.00753945
0.00753776
0.00754086
0.00754131
0.00753802
0.00753188
0.00752394
0.00751492
4.17549e-06
4.18491e-06
4.19223e-06
4.19788e-06
4.20154e-06
4.20275e-06
4.20223e-06
4.20492e-06
4.21153e-06
4.2203e-06
4.23132e-06
4.24429e-06
4.25929e-06
4.27627e-06
4.29533e-06
4.31659e-06
4.34022e-06
4.36647e-06
4.39566e-06
4.42819e-06
4.46458e-06
4.50546e-06
4.55163e-06
4.60417e-06
4.66449e-06
4.73451e-06
4.81697e-06
4.91578e-06
5.03699e-06
5.19015e-06
5.39082e-06
5.6636e-06
6.04509e-06
6.577e-06
7.273e-06
8.08891e-06
8.94673e-06
9.77633e-06
1.05589e-05
1.12971e-05
1.19996e-05
1.26722e-05
1.33188e-05
1.39406e-05
1.4538e-05
1.51092e-05
1.56529e-05
1.61672e-05
1.66501e-05
1.71001e-05
1.75158e-05
1.7895e-05
1.8236e-05
1.85366e-05
1.87943e-05
1.90063e-05
1.917e-05
1.92923e-05
1.94608e-05
2.04931e-05
2.84816e-05
7.32832e-05
0.000229713
0.000511099
0.000694623
0.000753954
0.000765533
0.000767055
0.00076753
0.000768374
0.000769742
0.000771643
0.000774065
0.000777013
0.000780505
0.000784577
0.000789282
0.000794701
0.000800933
0.000808105
0.000816393
0.000826023
0.000837299
0.000850654
0.000866713
0.000886484
0.00091172
0.000945822
0.000996015
0.00107945
0.00123968
0.00158994
0.00250197
0.00314149
0.00371746
0.00427004
0.00480432
0.00532047
0.00581955
0.00630401
0.00677571
0.00723691
0.00768984
0.0081366
0.0085795
0.00902098
0.00946353
0.00991
0.0103643
0.0108314
0.0113176
0.0118322
0.0123881
0.0130065
0.0137186
0.0145825
0.0156904
0.0171748
0.0188487
0.0192104
0.0157869
0.0133611
0.0125596
0.0123978
0.012375
0.0123716
0.0123691
0.0123654
0.0123602
0.0123536
0.0123455
0.0123359
0.0123248
0.012312
0.0122975
0.012281
0.0122622
0.012241
0.0122169
0.0121894
0.0121579
0.0121215
0.0120787
0.0120278
0.0119656
0.011888
0.0117895
0.0116662
0.0115225
0.0113728
0.0112337
0.0111138
0.0110123
0.0109258
0.0108507
0.0107847
0.0107259
0.0106733
0.0106259
0.0105833
0.0105448
0.0105101
0.010479
0.0104511
0.0104262
0.0104041
0.0103847
0.010368
0.0103539
0.0103424
0.0103336
0.0103278
0.0103247
0.0103227
0.0103097
0.0102274
0.00993298
0.0094038
0.0090621
0.00895314
0.00893276
0.00893109
0.00893172
0.00893222
0.00893232
0.00893202
0.00893133
0.00893025
0.00892875
0.00892682
0.0089244
0.00892143
0.00891783
0.00891348
0.00890825
0.00890195
0.00889435
0.00888512
0.00887381
0.00885971
0.00884183
0.0088185
0.00878732
0.00874483
0.00868766
0.00861599
0.00853622
0.0084565
0.00838299
0.00831661
0.00825632
0.0082008
0.008149
0.0081003
0.0080542
0.00801042
0.00796879
0.00792917
0.00789149
0.00785568
0.00782166
0.00778941
0.00775888
0.00773008
0.00770298
0.0076776
0.00765396
0.00763216
0.00761226
0.00759447
0.00757886
0.00756595
0.00755571
0.00755067
0.00755027
0.00754801
0.00754278
0.00753528
0.00752638
0.00751666
0.00748397
0.00748185
0.00747909
0.0074758
0.00747206
0.00746791
0.00746339
0.00745853
0.00745336
0.00744788
0.00744212
0.00743608
0.00742976
0.00742318
0.00741633
0.00740923
0.00740188
0.00739429
0.00738646
0.00737842
0.00737016
0.00736172
0.00735311
0.00734435
0.00733548
0.00732653
0.00731754
0.00730856
0.00729966
0.00729089
0.00728233
0.00727409
0.00726624
0.00725891
0.00725222
0.00724629
0.00724127
0.00723729
0.0072345
0.00723304
0.00748829
0.00748555
0.00748226
0.00747851
0.00747436
0.00746984
0.007465
0.00745985
0.00745441
0.0074487
0.00744272
0.00743648
0.00742999
0.00742324
0.00741624
0.00740901
0.00740153
0.00739382
0.00738588
0.00737774
0.0073694
0.00736088
0.00735219
0.00734338
0.00733445
0.00732546
0.00731644
0.00730745
0.00729853
0.00728976
0.00728122
0.007273
0.00726519
0.0072579
0.00725125
0.00724538
0.00724041
0.00723649
0.00723374
0.0072323
0.00749218
0.00748888
0.0074851
0.00748092
0.00747639
0.00747153
0.00746639
0.00746097
0.00745529
0.00744936
0.00744318
0.00743676
0.0074301
0.0074232
0.00741606
0.00740869
0.0074011
0.00739328
0.00738525
0.00737701
0.00736859
0.00736
0.00735125
0.00734238
0.00733341
0.00732439
0.00731534
0.00730633
0.00729741
0.00728865
0.00728013
0.00727193
0.00726415
0.00725691
0.00725031
0.00724449
0.00723958
0.00723571
0.007233
0.00723159
0.00749567
0.00749185
0.00748762
0.00748304
0.00747815
0.00747299
0.00746756
0.0074619
0.00745599
0.00744986
0.0074435
0.00743691
0.0074301
0.00742306
0.00741579
0.00740831
0.0074006
0.00739269
0.00738456
0.00737625
0.00736775
0.00735909
0.00735029
0.00734137
0.00733237
0.00732331
0.00731425
0.00730523
0.00729631
0.00728756
0.00727905
0.00727088
0.00726314
0.00725594
0.0072494
0.00724363
0.00723878
0.00723495
0.00723229
0.0072309
0.00749875
0.00749445
0.00748981
0.00748487
0.00747966
0.00747421
0.00746854
0.00746264
0.00745654
0.00745022
0.00744369
0.00743695
0.00742999
0.00742283
0.00741545
0.00740785
0.00740005
0.00739204
0.00738384
0.00737545
0.00736689
0.00735817
0.00734932
0.00734036
0.00733132
0.00732224
0.00731316
0.00730413
0.00729522
0.00728648
0.007278
0.00726986
0.00726216
0.00725501
0.00724852
0.00724281
0.007238
0.00723423
0.0072316
0.00723024
0.00750144
0.00749671
0.00749169
0.00748642
0.00748093
0.00747522
0.00746932
0.00746322
0.00745693
0.00745044
0.00744376
0.00743688
0.0074298
0.00742252
0.00741503
0.00740734
0.00739945
0.00739136
0.00738308
0.00737462
0.007366
0.00735723
0.00734834
0.00733934
0.00733028
0.00732118
0.00731209
0.00730306
0.00729415
0.00728543
0.00727697
0.00726887
0.00726121
0.00725411
0.00724767
0.00724201
0.00723726
0.00723353
0.00723095
0.00722961
0.00750375
0.00749864
0.00749328
0.00748772
0.00748196
0.00747603
0.00746992
0.00746363
0.00745717
0.00745054
0.00744372
0.00743671
0.00742952
0.00742213
0.00741455
0.00740677
0.0073988
0.00739064
0.0073823
0.00737378
0.00736511
0.00735629
0.00734736
0.00733833
0.00732924
0.00732013
0.00731103
0.00730201
0.00729311
0.00728441
0.00727598
0.00726791
0.0072603
0.00725324
0.00724685
0.00724125
0.00723655
0.00723288
0.00723033
0.00722902
0.0075057
0.00750025
0.0074946
0.00748877
0.00748278
0.00747664
0.00747035
0.0074639
0.00745729
0.00745052
0.00744358
0.00743646
0.00742917
0.00742169
0.00741402
0.00740616
0.00739812
0.0073899
0.0073815
0.00737293
0.00736421
0.00735536
0.00734639
0.00733734
0.00732823
0.00731911
0.00731001
0.00730099
0.0072921
0.00728342
0.00727502
0.00726699
0.00725942
0.00725241
0.00724608
0.00724053
0.00723588
0.00723225
0.00722975
0.00722845
0.00750732
0.00750156
0.00749565
0.00748959
0.0074834
0.00747708
0.00747062
0.00746403
0.00745729
0.0074504
0.00744335
0.00743614
0.00742875
0.00742119
0.00741345
0.00740553
0.00739742
0.00738914
0.00738069
0.00737208
0.00736332
0.00735444
0.00734544
0.00733637
0.00732725
0.00731812
0.00730902
0.00730001
0.00729114
0.00728248
0.00727411
0.00726612
0.00725859
0.00725163
0.00724534
0.00723985
0.00723525
0.00723167
0.0072292
0.00722793
0.00750862
0.0075026
0.00749646
0.0074902
0.00748384
0.00747736
0.00747076
0.00746404
0.00745719
0.00745019
0.00744305
0.00743575
0.00742829
0.00742066
0.00741285
0.00740487
0.00739671
0.00738838
0.00737988
0.00737124
0.00736245
0.00735353
0.00734452
0.00733543
0.0073263
0.00731717
0.00730807
0.00729907
0.00729022
0.00728158
0.00727325
0.00726529
0.0072578
0.00725089
0.00724466
0.00723921
0.00723466
0.00723112
0.00722869
0.00722744
1.23645e-08
4.23648e-08
7.89369e-08
1.23077e-07
1.75716e-07
2.37749e-07
3.1005e-07
3.93442e-07
4.88659e-07
5.9629e-07
7.16728e-07
8.50113e-07
9.96279e-07
1.15471e-06
1.3245e-06
1.50434e-06
1.69252e-06
1.88695e-06
2.08524e-06
2.28472e-06
2.4826e-06
2.67606e-06
2.86238e-06
3.03907e-06
3.20401e-06
3.3555e-06
3.49236e-06
3.61394e-06
3.72015e-06
3.81137e-06
3.8884e-06
3.95238e-06
4.00467e-06
4.04678e-06
4.08023e-06
4.10651e-06
4.12701e-06
4.14294e-06
4.15539e-06
4.1652e-06
1.25695e-08
4.30712e-08
8.02383e-08
1.25021e-07
1.78304e-07
2.40953e-07
3.13817e-07
3.97696e-07
4.933e-07
6.01196e-07
7.21752e-07
8.55088e-07
1.00102e-06
1.15902e-06
1.32818e-06
1.5072e-06
1.6944e-06
1.88772e-06
2.08478e-06
2.28301e-06
2.47964e-06
2.67192e-06
2.8572e-06
3.03302e-06
3.19731e-06
3.34838e-06
3.48506e-06
3.60671e-06
3.7132e-06
3.80487e-06
3.88249e-06
3.94716e-06
4.00018e-06
4.04303e-06
4.07719e-06
4.10414e-06
4.12523e-06
4.14169e-06
4.1546e-06
4.16482e-06
1.27872e-08
4.38131e-08
8.15841e-08
1.26998e-07
1.80899e-07
2.44127e-07
3.17512e-07
4.01838e-07
4.97794e-07
6.05924e-07
7.26579e-07
8.59857e-07
1.00556e-06
1.16315e-06
1.33172e-06
1.50997e-06
1.69624e-06
1.8885e-06
2.08442e-06
2.28146e-06
2.47692e-06
2.66809e-06
2.85237e-06
3.02737e-06
3.19102e-06
3.34168e-06
3.47818e-06
3.59987e-06
3.70659e-06
3.79867e-06
3.87683e-06
3.94212e-06
3.99583e-06
4.03936e-06
4.07419e-06
4.10175e-06
4.12341e-06
4.14037e-06
4.15372e-06
4.16432e-06
1.30183e-08
4.45885e-08
8.29617e-08
1.28982e-07
1.83459e-07
2.47218e-07
3.21076e-07
4.05802e-07
5.02069e-07
6.10404e-07
7.31137e-07
8.6435e-07
1.00983e-06
1.16703e-06
1.33505e-06
1.51259e-06
1.698e-06
1.88928e-06
2.08415e-06
2.28009e-06
2.47445e-06
2.6646e-06
2.84795e-06
3.02216e-06
3.18522e-06
3.33548e-06
3.47179e-06
3.59349e-06
3.70042e-06
3.79286e-06
3.8715e-06
3.93736e-06
3.99168e-06
4.03584e-06
4.07128e-06
4.09942e-06
4.12159e-06
4.13902e-06
4.15276e-06
4.16371e-06
1.32628e-08
4.53918e-08
8.43508e-08
1.30935e-07
1.85934e-07
2.50165e-07
3.24438e-07
4.09512e-07
5.06047e-07
6.14554e-07
7.35347e-07
8.68492e-07
1.01377e-06
1.17061e-06
1.33812e-06
1.51501e-06
1.69965e-06
1.89005e-06
2.08395e-06
2.2789e-06
2.47228e-06
2.66148e-06
2.84398e-06
3.01748e-06
3.17998e-06
3.32986e-06
3.46599e-06
3.58769e-06
3.69477e-06
3.78752e-06
3.86659e-06
3.93295e-06
3.98781e-06
4.03253e-06
4.06853e-06
4.09718e-06
4.11983e-06
4.13768e-06
4.15178e-06
4.16304e-06
1.35189e-08
4.62111e-08
8.57198e-08
1.32807e-07
1.88258e-07
2.52891e-07
3.27515e-07
4.12882e-07
5.09639e-07
6.18286e-07
7.39121e-07
8.72199e-07
1.01728e-06
1.17381e-06
1.34087e-06
1.51719e-06
1.70114e-06
1.89077e-06
2.08383e-06
2.2779e-06
2.47041e-06
2.65878e-06
2.84053e-06
3.01339e-06
3.17539e-06
3.32493e-06
3.46087e-06
3.58255e-06
3.68977e-06
3.78277e-06
3.86219e-06
3.92899e-06
3.98433e-06
4.02954e-06
4.06601e-06
4.09512e-06
4.11818e-06
4.1364e-06
4.15082e-06
4.16234e-06
1.37815e-08
4.70236e-08
8.70208e-08
1.3453e-07
1.90349e-07
2.55307e-07
3.30213e-07
4.15813e-07
5.12747e-07
6.21502e-07
7.42364e-07
8.75378e-07
1.0203e-06
1.17655e-06
1.34324e-06
1.51907e-06
1.70245e-06
1.89141e-06
2.08377e-06
2.2771e-06
2.46887e-06
2.65653e-06
2.83765e-06
3.00997e-06
3.17153e-06
3.32077e-06
3.45655e-06
3.5782e-06
3.68551e-06
3.77872e-06
3.85844e-06
3.92558e-06
3.98131e-06
4.02693e-06
4.06381e-06
4.0933e-06
4.11671e-06
4.13524e-06
4.14992e-06
4.16168e-06
1.40389e-08
4.77888e-08
8.81839e-08
1.36015e-07
1.92109e-07
2.57309e-07
3.32426e-07
4.182e-07
5.15263e-07
6.24095e-07
7.44973e-07
8.7793e-07
1.02272e-06
1.17876e-06
1.34514e-06
1.52059e-06
1.70351e-06
1.89196e-06
2.08375e-06
2.2765e-06
2.46768e-06
2.65479e-06
2.8354e-06
3.00728e-06
3.16849e-06
3.31749e-06
3.45313e-06
3.57474e-06
3.68213e-06
3.77549e-06
3.85542e-06
3.92284e-06
3.97888e-06
4.02482e-06
4.06201e-06
4.0918e-06
4.11549e-06
4.13426e-06
4.14916e-06
4.16108e-06
1.42679e-08
4.84378e-08
8.911e-08
1.3715e-07
1.93423e-07
2.5878e-07
3.34034e-07
4.19921e-07
5.1707e-07
6.2595e-07
7.46834e-07
8.79749e-07
1.02444e-06
1.18032e-06
1.34649e-06
1.52168e-06
1.70428e-06
1.89237e-06
2.08376e-06
2.2761e-06
2.46687e-06
2.65359e-06
2.83383e-06
3.0054e-06
3.16637e-06
3.31518e-06
3.45072e-06
3.57231e-06
3.67973e-06
3.7732e-06
3.85328e-06
3.92089e-06
3.97714e-06
4.0233e-06
4.06071e-06
4.09071e-06
4.1146e-06
4.13353e-06
4.14858e-06
4.16062e-06
1.44249e-08
4.88564e-08
8.96621e-08
1.37798e-07
1.94154e-07
2.59587e-07
3.34908e-07
4.20851e-07
5.1804e-07
6.26944e-07
7.47829e-07
8.8072e-07
1.02536e-06
1.18116e-06
1.34722e-06
1.52226e-06
1.70469e-06
1.89259e-06
2.08378e-06
2.2759e-06
2.46646e-06
2.65296e-06
2.83302e-06
3.00442e-06
3.16526e-06
3.31398e-06
3.44946e-06
3.57103e-06
3.67847e-06
3.77198e-06
3.85215e-06
3.91985e-06
3.97621e-06
4.02248e-06
4.06001e-06
4.09012e-06
4.11411e-06
4.13313e-06
4.14825e-06
4.16036e-06
4.17581e-06
4.18586e-06
4.19389e-06
4.20046e-06
4.20548e-06
4.20864e-06
4.21073e-06
4.21603e-06
4.225e-06
4.23608e-06
4.24942e-06
4.26477e-06
4.28224e-06
4.30186e-06
4.32377e-06
4.34813e-06
4.37517e-06
4.40519e-06
4.43856e-06
4.47575e-06
4.51735e-06
4.56405e-06
4.61673e-06
4.67653e-06
4.7449e-06
4.82376e-06
4.91575e-06
5.02453e-06
5.15556e-06
5.3172e-06
5.52271e-06
5.79276e-06
6.15764e-06
6.65191e-06
7.28438e-06
8.01678e-06
8.78632e-06
9.53585e-06
1.02521e-05
1.09376e-05
1.15988e-05
1.22399e-05
1.2863e-05
1.34684e-05
1.40556e-05
1.46224e-05
1.51672e-05
1.56875e-05
1.61811e-05
1.66462e-05
1.70809e-05
1.7483e-05
1.78503e-05
1.81809e-05
1.84718e-05
1.87205e-05
1.89249e-05
1.90948e-05
1.93336e-05
2.05282e-05
2.89566e-05
7.45608e-05
0.000231381
0.000511441
0.000694291
0.000754127
0.000766443
0.000768607
0.000769678
0.000771118
0.0007731
0.000775646
0.000778757
0.000782455
0.000786776
0.000791776
0.000797535
0.00080416
0.000811787
0.000820588
0.000830794
0.000842703
0.000856712
0.000873378
0.000893492
0.000918287
0.000949829
0.000992
0.00105296
0.0011521
0.00133969
0.0017459
0.00278384
0.00349105
0.00410319
0.00467682
0.00522487
0.00575105
0.00625819
0.00674952
0.00722742
0.00769436
0.00815265
0.0086044
0.00905189
0.00949749
0.00994358
0.0103929
0.0108491
0.0113169
0.011802
0.0123133
0.0128627
0.0134698
0.0141644
0.0150012
0.0160689
0.0174922
0.0190785
0.0193312
0.015822
0.0133767
0.0125653
0.0123972
0.0123713
0.012366
0.012362
0.0123567
0.01235
0.0123419
0.0123322
0.012321
0.0123082
0.0122936
0.0122772
0.0122587
0.012238
0.0122147
0.0121885
0.0121589
0.0121254
0.0120872
0.0120432
0.0119918
0.0119305
0.0118561
0.0117641
0.0116512
0.0115213
0.0113866
0.0112603
0.0111499
0.0110545
0.0109714
0.0108979
0.010832
0.0107726
0.0107187
0.0106696
0.0106248
0.0105841
0.0105471
0.0105135
0.010483
0.0104556
0.010431
0.0104091
0.0103899
0.0103732
0.0103592
0.0103478
0.0103393
0.0103335
0.0103286
0.0103124
0.0102267
0.0099305
0.0094035
0.00906308
0.00895348
0.00893225
0.00893001
0.00893022
0.00893032
0.00893001
0.00892927
0.00892812
0.00892654
0.0089245
0.00892197
0.00891889
0.00891518
0.00891077
0.00890554
0.00889934
0.00889199
0.00888328
0.00887288
0.00886041
0.00884524
0.00882653
0.00880289
0.00877234
0.00873206
0.00867924
0.00861425
0.00854256
0.00847067
0.00840367
0.00834222
0.00828549
0.00823246
0.00818237
0.00813476
0.00808928
0.00804577
0.00800409
0.00796419
0.007926
0.00788951
0.00785468
0.00782147
0.00778989
0.00775993
0.00773158
0.00770486
0.0076798
0.00765647
0.00763494
0.00761538
0.00759783
0.00758274
0.00757009
0.00756208
0.00755849
0.00755376
0.00754678
0.00753809
0.00752837
0.00751803
4.17594e-06
4.18656e-06
4.19521e-06
4.2026e-06
4.20881e-06
4.21372e-06
4.21815e-06
4.22573e-06
4.23672e-06
4.24982e-06
4.26516e-06
4.28259e-06
4.30224e-06
4.3242e-06
4.34862e-06
4.37573e-06
4.4058e-06
4.43918e-06
4.47629e-06
4.51766e-06
4.56394e-06
4.61588e-06
4.67443e-06
4.7408e-06
4.81647e-06
4.90337e-06
5.00408e-06
5.12201e-06
5.2621e-06
5.4316e-06
5.64167e-06
5.90929e-06
6.25894e-06
6.71882e-06
7.2946e-06
7.95366e-06
8.64628e-06
9.3272e-06
9.98751e-06
1.06289e-05
1.12559e-05
1.18707e-05
1.24744e-05
1.30661e-05
1.36447e-05
1.42078e-05
1.47532e-05
1.52783e-05
1.57807e-05
1.62582e-05
1.67086e-05
1.71297e-05
1.75192e-05
1.78747e-05
1.81936e-05
1.84733e-05
1.87125e-05
1.89251e-05
1.92388e-05
2.06461e-05
2.97204e-05
7.65502e-05
0.000233665
0.000511036
0.000693043
0.000753862
0.000767145
0.000769967
0.00077158
0.000773543
0.000776063
0.000779176
0.000782897
0.000787262
0.000792324
0.00079816
0.000804872
0.000812595
0.000821499
0.0008318
0.000843786
0.000857827
0.000874421
0.000894262
0.000918331
0.000948138
0.000986157
0.00103693
0.00110982
0.00122688
0.00144524
0.00191078
0.00306802
0.00384094
0.00448647
0.00507773
0.00563628
0.0061697
0.00668255
0.00717881
0.00766123
0.00813244
0.00859474
0.00905025
0.00950118
0.00994983
0.0103985
0.0108498
0.0113072
0.011775
0.0122588
0.0127667
0.01331
0.013907
0.0145861
0.0153993
0.0164319
0.0177984
0.0192951
0.0194347
0.0158641
0.0134039
0.0125761
0.0123982
0.0123683
0.0123611
0.0123557
0.0123491
0.0123411
0.0123316
0.0123206
0.0123079
0.0122936
0.0122775
0.0122595
0.0122393
0.0122167
0.0121916
0.0121635
0.0121321
0.0120968
0.012057
0.0120118
0.0119599
0.0118994
0.0118278
0.0117415
0.0116379
0.0115203
0.0113987
0.0112838
0.0111817
0.0110915
0.0110113
0.010939
0.0108733
0.0108132
0.0107581
0.0107075
0.0106609
0.0106183
0.0105791
0.0105434
0.0105108
0.0104811
0.0104544
0.0104303
0.0104089
0.01039
0.0103738
0.0103602
0.0103494
0.0103412
0.0103337
0.0103141
0.0102245
0.0099268
0.00940458
0.00906571
0.00895454
0.00893197
0.00892906
0.00892885
0.00892859
0.00892792
0.0089268
0.00892524
0.00892322
0.0089207
0.00891763
0.00891396
0.00890961
0.00890448
0.00889845
0.00889138
0.0088831
0.00887338
0.00886194
0.00884841
0.00883226
0.00881279
0.00878885
0.00875886
0.00872057
0.00867169
0.00861265
0.00854806
0.00848305
0.00842169
0.00836443
0.00831068
0.00825973
0.00821104
0.00816431
0.00811934
0.00807602
0.00803429
0.00799412
0.0079555
0.00791843
0.00788289
0.00784888
0.00781639
0.00778544
0.00775603
0.00772817
0.0077019
0.00767728
0.00765436
0.00763328
0.0076141
0.00759717
0.00758249
0.00757193
0.0075655
0.00755857
0.00755008
0.00754036
0.00752993
0.00751909
4.1759e-06
4.18703e-06
4.19621e-06
4.2043e-06
4.21154e-06
4.21798e-06
4.22444e-06
4.23394e-06
4.24661e-06
4.2614e-06
4.27843e-06
4.29762e-06
4.31913e-06
4.34307e-06
4.36965e-06
4.39912e-06
4.43179e-06
4.46806e-06
4.50841e-06
4.55339e-06
4.60372e-06
4.66021e-06
4.72388e-06
4.79597e-06
4.87803e-06
4.972e-06
5.08037e-06
5.20638e-06
5.35451e-06
5.53104e-06
5.74524e-06
6.01079e-06
6.34703e-06
6.77665e-06
7.30366e-06
7.90056e-06
8.52818e-06
9.15195e-06
9.76621e-06
1.03717e-05
1.09709e-05
1.15646e-05
1.21524e-05
1.27331e-05
1.33046e-05
1.38645e-05
1.44102e-05
1.49391e-05
1.54484e-05
1.59359e-05
1.63991e-05
1.68355e-05
1.72429e-05
1.76188e-05
1.79606e-05
1.82657e-05
1.8534e-05
1.87855e-05
1.91805e-05
2.08561e-05
3.07846e-05
7.92362e-05
0.000236523
0.000509929
0.000690911
0.000753147
0.000767615
0.000771111
0.000773208
0.000775618
0.000778596
0.000782191
0.000786435
0.000791373
0.000797077
0.000803638
0.000811181
0.000819866
0.000829895
0.000841525
0.000855098
0.000871056
0.000889998
0.000912755
0.000940515
0.000975094
0.00101945
0.00107891
0.00116432
0.00130069
0.00155194
0.00207858
0.00335082
0.00418629
0.00486188
0.00546751
0.0060337
0.006572
0.00708866
0.00758825
0.00807382
0.00854807
0.00901328
0.00947154
0.00992499
0.0103758
0.0108263
0.0112789
0.011737
0.0122045
0.0126868
0.0131916
0.0137295
0.0143178
0.0149838
0.0157772
0.0167799
0.0180944
0.0195003
0.0195245
0.0159131
0.0134423
0.0125924
0.0124011
0.0123661
0.012357
0.0123503
0.0123426
0.0123335
0.0123229
0.0123107
0.0122968
0.0122813
0.0122638
0.0122444
0.0122228
0.0121987
0.012172
0.0121423
0.0121092
0.0120724
0.0120312
0.011985
0.0119326
0.0118728
0.0118034
0.011722
0.0116264
0.0115194
0.011409
0.0113039
0.0112087
0.0111229
0.0110451
0.0109738
0.0109081
0.0108475
0.0107913
0.0107394
0.0106913
0.010647
0.0106061
0.0105686
0.0105341
0.0105027
0.010474
0.0104481
0.0104249
0.0104042
0.0103862
0.0103707
0.0103579
0.0103477
0.0103378
0.0103149
0.0102208
0.00992196
0.00940694
0.00906994
0.00895633
0.00893195
0.00892825
0.00892764
0.00892706
0.00892608
0.00892465
0.00892274
0.00892033
0.0089174
0.00891388
0.0089097
0.00890479
0.00889903
0.00889232
0.00888451
0.00887541
0.00886482
0.00885246
0.00883802
0.00882101
0.00880086
0.00877665
0.00874713
0.00871057
0.00866513
0.00861119
0.00855264
0.00849347
0.00843685
0.00838307
0.00833177
0.0082825
0.00823493
0.00818891
0.00814433
0.00810115
0.00805936
0.00801897
0.00797999
0.00794243
0.0079063
0.00787162
0.00783838
0.00780661
0.00777632
0.00774752
0.00772025
0.00769455
0.00767049
0.00764817
0.00762764
0.0076092
0.00759288
0.0075802
0.00757133
0.0075625
0.0075527
0.00754213
0.00753111
0.00751985
4.17572e-06
4.18729e-06
4.19693e-06
4.2056e-06
4.2137e-06
4.22142e-06
4.22958e-06
4.24063e-06
4.25464e-06
4.27079e-06
4.28919e-06
4.30983e-06
4.33286e-06
4.35842e-06
4.38677e-06
4.41818e-06
4.45301e-06
4.49167e-06
4.53469e-06
4.58267e-06
4.63637e-06
4.69666e-06
4.76459e-06
4.84148e-06
4.9289e-06
5.0288e-06
5.14364e-06
5.2765e-06
5.43147e-06
5.61401e-06
5.83179e-06
6.09568e-06
6.42063e-06
6.82474e-06
7.31157e-06
7.85789e-06
8.43252e-06
9.0103e-06
9.58789e-06
1.0165e-05
1.07424e-05
1.13195e-05
1.18949e-05
1.24668e-05
1.30327e-05
1.35899e-05
1.41358e-05
1.46675e-05
1.51822e-05
1.56773e-05
1.61505e-05
1.6599e-05
1.70205e-05
1.74124e-05
1.77722e-05
1.80976e-05
1.83898e-05
1.86769e-05
1.9162e-05
2.11654e-05
3.21502e-05
8.2573e-05
0.000239888
0.000508192
0.000687958
0.000751984
0.000767837
0.000772022
0.000774545
0.000777326
0.000780678
0.00078467
0.000789343
0.000794756
0.000800991
0.000808157
0.000816395
0.000825888
0.000836865
0.000849623
0.000864549
0.000882154
0.000903129
0.000928439
0.000959477
0.000998373
0.0010486
0.00111638
0.00121417
0.00137014
0.00165481
0.00224258
0.00362669
0.00452061
0.00522254
0.00583957
0.00641106
0.00695241
0.00747141
0.0079731
0.00846077
0.0089371
0.00940435
0.00986455
0.0103198
0.0107722
0.0112239
0.0116773
0.0121357
0.0126028
0.0130837
0.0135857
0.0141191
0.0147003
0.0153558
0.0161333
0.0171115
0.0183789
0.0196936
0.0196021
0.0159682
0.0134912
0.0126139
0.0124059
0.0123649
0.0123537
0.0123459
0.0123373
0.0123273
0.0123158
0.0123026
0.0122878
0.0122712
0.0122527
0.0122321
0.0122093
0.0121839
0.0121559
0.0121249
0.0120905
0.0120524
0.0120101
0.0119629
0.0119102
0.0118508
0.0117833
0.0117059
0.011617
0.0115186
0.0114174
0.0113203
0.0112308
0.0111486
0.0110726
0.0110021
0.0109365
0.0108753
0.0108183
0.0107653
0.010716
0.0106703
0.010628
0.010589
0.0105531
0.0105201
0.01049
0.0104626
0.0104379
0.0104158
0.0103962
0.0103793
0.010365
0.010353
0.010341
0.0103146
0.0102156
0.00991609
0.00941045
0.00907566
0.00895885
0.0089322
0.00892759
0.0089266
0.00892576
0.00892452
0.00892282
0.00892063
0.00891792
0.00891464
0.00891074
0.00890614
0.00890077
0.0088945
0.00888722
0.00887879
0.00886901
0.0088577
0.00884458
0.00882936
0.00881164
0.00879091
0.00876646
0.00873732
0.0087022
0.00865963
0.0086099
0.00855626
0.00850189
0.00844911
0.00839813
0.00834877
0.00830082
0.00825412
0.00820864
0.00816436
0.00812128
0.00807944
0.00803886
0.00799958
0.00796163
0.00792503
0.00788981
0.00785597
0.00782355
0.00779255
0.00776301
0.00773493
0.00770838
0.00768341
0.00766009
0.00763851
0.00761887
0.00760126
0.0075869
0.007576
0.00756558
0.00755471
0.00754344
0.00753195
0.00752035
4.17543e-06
4.18739e-06
4.19741e-06
4.20654e-06
4.21532e-06
4.22408e-06
4.2336e-06
4.24583e-06
4.26085e-06
4.27806e-06
4.29752e-06
4.31927e-06
4.34348e-06
4.37033e-06
4.40006e-06
4.43299e-06
4.46951e-06
4.51005e-06
4.55518e-06
4.60554e-06
4.6619e-06
4.72519e-06
4.79652e-06
4.87723e-06
4.96892e-06
5.07357e-06
5.19358e-06
5.33195e-06
5.49244e-06
5.67988e-06
5.90063e-06
6.16327e-06
6.47924e-06
6.86292e-06
7.31833e-06
7.82549e-06
8.35882e-06
8.90115e-06
9.45073e-06
1.00063e-05
1.05673e-05
1.11318e-05
1.16979e-05
1.2263e-05
1.28247e-05
1.33798e-05
1.39258e-05
1.44595e-05
1.49781e-05
1.5479e-05
1.59595e-05
1.64171e-05
1.68492e-05
1.72532e-05
1.76267e-05
1.79675e-05
1.8279e-05
1.85992e-05
1.91848e-05
2.15758e-05
3.37997e-05
8.64737e-05
0.000243655
0.000505922
0.00068429
0.000750399
0.000767807
0.000772694
0.00077559
0.000778667
0.000782313
0.000786614
0.000791623
0.000797409
0.000804064
0.000811709
0.0008205
0.000830637
0.000842375
0.00085604
0.000872061
0.000891006
0.000913649
0.000941075
0.000974863
0.00101744
0.0010728
0.00114805
0.00125735
0.00143203
0.00174893
0.002396
0.00388859
0.00483589
0.00556033
0.00618624
0.00676127
0.00730437
0.00782468
0.00832762
0.00881659
0.00929429
0.00976292
0.0102244
0.0106809
0.0111343
0.0115868
0.0120408
0.0124992
0.0129659
0.0134456
0.0139454
0.0144752
0.015051
0.0156986
0.0164643
0.0174233
0.0186485
0.0198729
0.0196677
0.0160281
0.0135493
0.0126404
0.0124126
0.0123646
0.0123512
0.0123424
0.0123331
0.0123225
0.0123102
0.0122963
0.0122807
0.0122633
0.012244
0.0122225
0.0121987
0.0121724
0.0121434
0.0121113
0.0120759
0.0120368
0.0119935
0.0119456
0.0118925
0.0118335
0.0117674
0.0116933
0.0116097
0.011518
0.0114239
0.0113331
0.0112481
0.0111686
0.011094
0.0110241
0.0109584
0.0108969
0.0108392
0.0107853
0.0107351
0.0106883
0.010645
0.0106048
0.0105677
0.0105336
0.0105024
0.0104739
0.010448
0.0104247
0.0104041
0.010386
0.0103704
0.0103571
0.0103432
0.0103134
0.0102092
0.00990939
0.00941494
0.00908265
0.00896204
0.00893273
0.00892712
0.00892575
0.00892468
0.00892325
0.00892134
0.00891892
0.00891597
0.00891242
0.00890822
0.0089033
0.00889756
0.00889089
0.00888317
0.00887424
0.00886393
0.00885204
0.00883832
0.00882248
0.00880418
0.00878299
0.00875833
0.00872949
0.0086955
0.00865523
0.00860879
0.00855896
0.00850834
0.00845855
0.00840971
0.00836183
0.00831487
0.00826884
0.00822376
0.00817969
0.00813668
0.00809479
0.00805407
0.00801456
0.00797631
0.00793935
0.00790371
0.00786942
0.00783649
0.00780496
0.00777483
0.00774615
0.00771895
0.00769328
0.00766921
0.00764682
0.00762628
0.00760772
0.00759209
0.00757958
0.00756789
0.00755617
0.00754435
0.0075325
0.00752064
4.17507e-06
4.18735e-06
4.19766e-06
4.20715e-06
4.21646e-06
4.226e-06
4.23654e-06
4.24963e-06
4.26537e-06
4.28333e-06
4.30356e-06
4.32614e-06
4.35121e-06
4.37899e-06
4.40974e-06
4.4438e-06
4.48156e-06
4.5235e-06
4.57019e-06
4.6223e-06
4.68065e-06
4.74618e-06
4.82003e-06
4.90359e-06
4.99848e-06
5.10668e-06
5.2306e-06
5.37313e-06
5.5378e-06
5.72898e-06
5.95205e-06
6.21385e-06
6.52315e-06
6.89154e-06
7.32394e-06
7.80265e-06
8.30566e-06
8.82219e-06
9.35155e-06
9.89175e-06
1.04409e-05
1.09965e-05
1.15559e-05
1.21162e-05
1.26747e-05
1.32284e-05
1.37742e-05
1.43093e-05
1.48307e-05
1.53356e-05
1.58213e-05
1.62853e-05
1.67249e-05
1.71375e-05
1.75207e-05
1.78728e-05
1.81994e-05
1.85512e-05
1.92476e-05
2.20788e-05
3.56843e-05
9.07907e-05
0.00024768
0.000503253
0.000680079
0.000748457
0.000767541
0.000773137
0.000776354
0.000779657
0.000783519
0.000788047
0.000793304
0.000799366
0.000806332
0.000814333
0.000823536
0.000834156
0.000846465
0.000860814
0.000877664
0.000897632
0.000921555
0.000950619
0.000986565
0.00103208
0.00109161
0.00117313
0.00129236
0.00148375
0.00183004
0.00253258
0.00412843
0.00512301
0.00586621
0.006499
0.0070764
0.00762046
0.00814145
0.00864506
0.00913482
0.00961338
0.0100829
0.0105453
0.0110025
0.0114566
0.0119097
0.0123639
0.0128224
0.0132887
0.0137675
0.0142657
0.014793
0.015365
0.0160073
0.016765
0.0177096
0.0188976
0.0200348
0.0197212
0.0160905
0.013614
0.0126709
0.012421
0.0123652
0.0123495
0.0123399
0.0123301
0.0123189
0.0123061
0.0122917
0.0122756
0.0122576
0.0122376
0.0122155
0.012191
0.012164
0.0121342
0.0121014
0.0120652
0.0120253
0.0119813
0.0119329
0.0118795
0.0118207
0.0117557
0.0116839
0.0116042
0.0115175
0.0114286
0.0113425
0.0112608
0.0111832
0.0111097
0.0110401
0.0109744
0.0109126
0.0108544
0.0107999
0.010749
0.0107015
0.0106573
0.0106163
0.0105784
0.0105435
0.0105114
0.0104821
0.0104554
0.0104313
0.0104098
0.0103908
0.0103744
0.0103601
0.0103445
0.0103112
0.0102017
0.00990214
0.00942015
0.00909061
0.0089658
0.00893353
0.00892682
0.00892508
0.00892383
0.00892225
0.00892019
0.00891761
0.00891447
0.00891073
0.00890632
0.00890115
0.00889514
0.00888817
0.00888012
0.00887082
0.00886012
0.0088478
0.00883363
0.00881733
0.0087986
0.00877705
0.00875223
0.00872359
0.00869045
0.00865189
0.00860787
0.00856081
0.00851295
0.00846535
0.00841807
0.00837126
0.00832501
0.00827944
0.00823464
0.00819073
0.00814776
0.00810583
0.008065
0.00802532
0.00798685
0.00794963
0.0079137
0.00787907
0.00784579
0.00781386
0.00778333
0.00775421
0.00772654
0.00770036
0.00767575
0.00765278
0.00763161
0.00761239
0.00759586
0.00758216
0.0075695
0.00755714
0.00754492
0.0075328
0.00752076
4.17468e-06
4.18722e-06
4.19776e-06
4.2075e-06
4.21717e-06
4.22728e-06
4.23851e-06
4.25216e-06
4.26837e-06
4.28683e-06
4.30758e-06
4.3307e-06
4.35635e-06
4.38476e-06
4.41621e-06
4.45102e-06
4.48963e-06
4.53251e-06
4.58026e-06
4.63357e-06
4.69327e-06
4.76033e-06
4.83591e-06
4.92142e-06
5.01851e-06
5.12916e-06
5.25578e-06
5.40118e-06
5.56878e-06
5.76258e-06
5.98732e-06
6.24864e-06
6.55345e-06
6.91139e-06
7.32839e-06
7.7882e-06
8.2707e-06
8.76995e-06
9.28585e-06
9.81585e-06
1.03572e-05
1.09069e-05
1.14618e-05
1.2019e-05
1.25754e-05
1.3128e-05
1.36737e-05
1.42096e-05
1.47327e-05
1.52402e-05
1.57294e-05
1.61975e-05
1.66419e-05
1.70602e-05
1.74497e-05
1.78095e-05
1.81476e-05
1.85295e-05
1.93441e-05
2.26491e-05
3.7707e-05
9.52889e-05
0.000251751
0.000500373
0.000675587
0.000746282
0.000767081
0.000773372
0.000776862
0.000780329
0.000784337
0.000789019
0.000794444
0.000800692
0.00080787
0.000816114
0.000825599
0.00083655
0.000849252
0.000864074
0.000881501
0.000902182
0.000927007
0.000957236
0.000994732
0.0010424
0.00110505
0.00119137
0.00131852
0.00152369
0.0018951
0.00264711
0.00433755
0.00537218
0.00613061
0.00676877
0.00734785
0.00789249
0.00841382
0.0089178
0.00940801
0.00988709
0.0103572
0.0108201
0.0112778
0.0117324
0.0121857
0.0126402
0.0130986
0.0135647
0.0140429
0.0145401
0.0150659
0.0156357
0.016275
0.0170281
0.0179631
0.0191192
0.0201749
0.0197622
0.0161524
0.0136818
0.0127038
0.0124308
0.0123666
0.0123486
0.0123382
0.012328
0.0123164
0.0123033
0.0122886
0.012272
0.0122537
0.0122333
0.0122107
0.0121858
0.0121583
0.012128
0.0120946
0.0120579
0.0120175
0.0119731
0.0119242
0.0118707
0.011812
0.0117477
0.0116775
0.0116005
0.0115171
0.0114317
0.0113487
0.0112693
0.011193
0.0111202
0.0110509
0.0109852
0.0109231
0.0108646
0.0108097
0.0107583
0.0107103
0.0106656
0.010624
0.0105856
0.0105501
0.0105174
0.0104875
0.0104603
0.0104357
0.0104136
0.0103941
0.0103771
0.010362
0.0103449
0.0103083
0.0101937
0.00989473
0.00942572
0.00909906
0.00896991
0.00893455
0.00892668
0.00892459
0.0089232
0.00892151
0.00891935
0.00891666
0.00891341
0.00890953
0.00890497
0.00889964
0.00889344
0.00888627
0.00887799
0.00886845
0.00885748
0.00884487
0.00883038
0.00881378
0.00879474
0.00877294
0.008748
0.0087195
0.00868693
0.00864954
0.00860715
0.00856193
0.00851594
0.00846981
0.00842358
0.00837748
0.0083317
0.00828643
0.00824182
0.008198
0.00815506
0.00811311
0.0080722
0.00803241
0.0079938
0.0079564
0.00792026
0.00788542
0.0078519
0.00781972
0.00778891
0.0077595
0.00773152
0.00770501
0.00768005
0.0076567
0.00763512
0.00761548
0.00759836
0.00758385
0.00757052
0.00755771
0.00754521
0.00753292
0.00752075
4.17431e-06
4.18704e-06
4.19773e-06
4.20765e-06
4.21755e-06
4.228e-06
4.23967e-06
4.25363e-06
4.2701e-06
4.28885e-06
4.30991e-06
4.33335e-06
4.35934e-06
4.38813e-06
4.41998e-06
4.45525e-06
4.49435e-06
4.5378e-06
4.58619e-06
4.64021e-06
4.70072e-06
4.7687e-06
4.84532e-06
4.93201e-06
5.03042e-06
5.14257e-06
5.27082e-06
5.41799e-06
5.58738e-06
5.78282e-06
6.00864e-06
6.26976e-06
6.57198e-06
6.92372e-06
7.33171e-06
7.78049e-06
8.25083e-06
8.73989e-06
9.24791e-06
9.77195e-06
1.03088e-05
1.0855e-05
1.14073e-05
1.19626e-05
1.25177e-05
1.30696e-05
1.36153e-05
1.41516e-05
1.46756e-05
1.51846e-05
1.56756e-05
1.6146e-05
1.65932e-05
1.70147e-05
1.74079e-05
1.77723e-05
1.8119e-05
1.85285e-05
1.94608e-05
2.32363e-05
3.97021e-05
9.9611e-05
0.000255568
0.000497546
0.000671201
0.000744078
0.000766505
0.00077344
0.000777152
0.000780729
0.000784827
0.0007896
0.000795124
0.000801483
0.000808787
0.000817177
0.000826832
0.000837983
0.000850924
0.000866034
0.000883815
0.000904936
0.00093032
0.000961281
0.000999765
0.00104882
0.00111355
0.00120318
0.00133597
0.00155145
0.00194257
0.0027357
0.00450711
0.00557341
0.00634373
0.00698609
0.00756649
0.00811155
0.0086331
0.00913729
0.00962777
0.0101071
0.0105775
0.0110408
0.0114989
0.0119536
0.0124072
0.0128618
0.0133203
0.0137862
0.0142642
0.0147609
0.0152861
0.015855
0.0164932
0.0172447
0.0181738
0.019304
0.0202882
0.0197905
0.0162094
0.013747
0.0127363
0.0124408
0.0123685
0.0123482
0.0123373
0.0123267
0.012315
0.0123017
0.0122867
0.01227
0.0122513
0.0122307
0.0122079
0.0121827
0.0121549
0.0121243
0.0120906
0.0120536
0.0120129
0.0119681
0.0119191
0.0118654
0.0118068
0.011743
0.0116737
0.0115983
0.0115168
0.0114334
0.0113524
0.0112742
0.0111988
0.0111264
0.0110572
0.0109915
0.0109293
0.0108706
0.0108155
0.0107638
0.0107154
0.0106704
0.0106286
0.0105898
0.010554
0.010521
0.0104908
0.0104632
0.0104383
0.0104159
0.0103961
0.0103787
0.010363
0.0103447
0.0103052
0.0101859
0.00988773
0.00943116
0.00910728
0.00897401
0.00893567
0.00892668
0.00892427
0.00892277
0.00892102
0.00891879
0.00891604
0.00891271
0.00890876
0.00890411
0.00889868
0.00889238
0.00888509
0.00887667
0.00886699
0.00885585
0.00884306
0.00882839
0.00881159
0.00879237
0.00877042
0.0087454
0.00871698
0.00868473
0.00864805
0.00860661
0.00856247
0.00851761
0.00847235
0.00842673
0.00838104
0.00833553
0.00829044
0.00824594
0.00820217
0.00815925
0.00811728
0.00807633
0.00803647
0.00799778
0.00796028
0.00792403
0.00788906
0.00785539
0.00782306
0.0077921
0.00776252
0.00773436
0.00770766
0.0076825
0.00765893
0.00763712
0.00761725
0.00759981
0.0075848
0.00757105
0.00755797
0.00754531
0.0075329
0.00752066
4.17401e-06
4.18686e-06
4.19765e-06
4.20766e-06
4.21768e-06
4.22831e-06
4.24019e-06
4.2543e-06
4.27089e-06
4.28977e-06
4.31096e-06
4.33455e-06
4.36071e-06
4.38967e-06
4.42171e-06
4.4572e-06
4.49654e-06
4.54026e-06
4.58895e-06
4.64332e-06
4.70421e-06
4.77263e-06
4.84976e-06
4.93702e-06
5.03609e-06
5.14896e-06
5.27802e-06
5.42606e-06
5.59635e-06
5.79262e-06
6.01902e-06
6.28014e-06
6.58125e-06
6.93013e-06
7.3339e-06
7.77753e-06
8.24213e-06
8.72646e-06
9.23081e-06
9.75207e-06
1.02868e-05
1.08313e-05
1.13824e-05
1.19368e-05
1.24913e-05
1.30429e-05
1.35884e-05
1.41249e-05
1.46493e-05
1.51588e-05
1.56506e-05
1.61221e-05
1.65705e-05
1.69933e-05
1.73882e-05
1.77551e-05
1.81076e-05
1.85398e-05
1.95745e-05
2.37568e-05
4.14135e-05
0.000103238
0.000258712
0.000495142
0.000667481
0.000742155
0.000765938
0.000773401
0.000777279
0.00078092
0.000785062
0.000789878
0.000795449
0.000801862
0.000809226
0.000817686
0.000827423
0.000838671
0.000851729
0.000866981
0.000884937
0.000906279
0.000931947
0.000963284
0.00100228
0.00105209
0.00111796
0.0012095
0.00134574
0.00156786
0.00197253
0.0027958
0.00462826
0.00571684
0.00649568
0.00714116
0.00772261
0.00826805
0.00878979
0.00929413
0.00978475
0.0102643
0.0107349
0.0111983
0.0116565
0.0121114
0.0125651
0.0130198
0.0134784
0.0139443
0.0144223
0.014919
0.0154441
0.016013
0.0166515
0.0174032
0.0183295
0.0194409
0.0203692
0.019807
0.0162554
0.0138019
0.0127642
0.0124498
0.0123704
0.0123482
0.0123368
0.0123261
0.0123143
0.0123009
0.0122858
0.012269
0.0122502
0.0122295
0.0122065
0.0121812
0.0121533
0.0121225
0.0120887
0.0120515
0.0120107
0.0119658
0.0119167
0.0118629
0.0118043
0.0117407
0.0116718
0.0115972
0.0115167
0.0114342
0.0113541
0.0112766
0.0112015
0.0111293
0.0110602
0.0109944
0.0109322
0.0108734
0.0108181
0.0107663
0.0107179
0.0106727
0.0106307
0.0105917
0.0105558
0.0105227
0.0104923
0.0104646
0.0104395
0.010417
0.010397
0.0103795
0.0103634
0.0103442
0.0103022
0.0101792
0.00988193
0.00943576
0.00911423
0.00897756
0.0089367
0.00892677
0.0089241
0.00892252
0.00892073
0.00891848
0.00891569
0.00891233
0.00890834
0.00890365
0.00889818
0.00889182
0.00888447
0.00887599
0.00886624
0.00885502
0.00884215
0.00882739
0.00881049
0.00879118
0.00876916
0.0087441
0.0087157
0.0086836
0.00864725
0.00860627
0.00856263
0.00851829
0.00847344
0.00842811
0.00838261
0.00833724
0.00829223
0.00824778
0.00820403
0.00816112
0.00811914
0.00807817
0.00803829
0.00799955
0.00796201
0.0079257
0.00789067
0.00785695
0.00782455
0.00779351
0.00776385
0.00773561
0.00770883
0.00768357
0.00765991
0.007638
0.00761803
0.00760045
0.00758519
0.00757124
0.00755803
0.00754528
0.00753282
0.00752055
4.17382e-06
4.18674e-06
4.19758e-06
4.20762e-06
4.21769e-06
4.22837e-06
4.24032e-06
4.25447e-06
4.27108e-06
4.28999e-06
4.31122e-06
4.33485e-06
4.36106e-06
4.39007e-06
4.42216e-06
4.45771e-06
4.49713e-06
4.54092e-06
4.5897e-06
4.64417e-06
4.70518e-06
4.77373e-06
4.85101e-06
4.93844e-06
5.0377e-06
5.15079e-06
5.2801e-06
5.42841e-06
5.59899e-06
5.79554e-06
6.02216e-06
6.28336e-06
6.58427e-06
6.93246e-06
7.33499e-06
7.7771e-06
8.24014e-06
8.72323e-06
9.2266e-06
9.7471e-06
1.02812e-05
1.08253e-05
1.13761e-05
1.19301e-05
1.24845e-05
1.30359e-05
1.35814e-05
1.41178e-05
1.46423e-05
1.51519e-05
1.56439e-05
1.61156e-05
1.65643e-05
1.69874e-05
1.73828e-05
1.77504e-05
1.81059e-05
1.85522e-05
1.96519e-05
2.40905e-05
4.24854e-05
0.000105471
0.000260618
0.000493654
0.000665175
0.000740936
0.00076555
0.000773335
0.000777306
0.000780975
0.000785131
0.000789959
0.000795544
0.000801971
0.000809354
0.000817834
0.000827596
0.000838873
0.000851966
0.000867262
0.000885273
0.000906686
0.000932446
0.000963909
0.00100309
0.00105316
0.00111948
0.00121179
0.00134953
0.00157481
0.00198641
0.00282607
0.00469249
0.00579298
0.00657655
0.00722385
0.00780598
0.0083517
0.00887358
0.00937801
0.00986871
0.0103483
0.010819
0.0112825
0.0117408
0.0121957
0.0126495
0.0131042
0.0135629
0.0140289
0.014507
0.0150038
0.0155291
0.0160984
0.0167376
0.0174901
0.0184157
0.0195167
0.0204124
0.0198134
0.0162827
0.0138356
0.0127817
0.0124556
0.0123718
0.0123484
0.0123367
0.012326
0.0123141
0.0123006
0.0122855
0.0122687
0.0122499
0.0122291
0.0122061
0.0121808
0.0121528
0.012122
0.0120882
0.0120509
0.01201
0.0119651
0.011916
0.0118622
0.0118036
0.01174
0.0116713
0.0115969
0.0115166
0.0114345
0.0113546
0.0112772
0.0112022
0.01113
0.011061
0.0109952
0.0109329
0.0108742
0.0108189
0.010767
0.0107185
0.0106733
0.0106312
0.0105923
0.0105563
0.0105231
0.0104927
0.010465
0.0104398
0.0104173
0.0103973
0.0103797
0.0103635
0.0103437
0.0103003
0.0101751
0.0098784
0.00943861
0.00911854
0.0089798
0.00893738
0.00892686
0.00892403
0.00892241
0.00892061
0.00891835
0.00891556
0.00891219
0.00890818
0.00890348
0.00889799
0.00889163
0.00888426
0.00887576
0.00886598
0.00885474
0.00884184
0.00882706
0.00881014
0.0087908
0.00876875
0.00874368
0.00871528
0.00868321
0.00864695
0.0086061
0.00856261
0.00851842
0.00847368
0.00842843
0.00838298
0.00833764
0.00829265
0.00824821
0.00820448
0.00816157
0.00811959
0.00807861
0.00803872
0.00799997
0.00796242
0.0079261
0.00789106
0.00785731
0.0078249
0.00779384
0.00776416
0.0077359
0.0077091
0.00768382
0.00766014
0.0076382
0.00761821
0.0076006
0.00758526
0.00757125
0.007558
0.00754522
0.00753275
0.00752046
0.00750963
0.00750338
0.00749705
0.00749062
0.0074841
0.00747749
0.00747077
0.00746395
0.007457
0.00744992
0.00744269
0.00743532
0.00742779
0.0074201
0.00741223
0.0074042
0.007396
0.00738762
0.00737909
0.00737041
0.0073616
0.00735266
0.00734363
0.00733453
0.0073254
0.00731626
0.00730717
0.00729818
0.00728935
0.00728074
0.00727243
0.00726451
0.00725707
0.0072502
0.00724402
0.00723862
0.00723412
0.00723062
0.00722822
0.00722698
0.00751037
0.00750394
0.00749744
0.00749087
0.00748423
0.0074775
0.00747068
0.00746377
0.00745673
0.00744958
0.00744229
0.00743485
0.00742727
0.00741952
0.00741161
0.00740354
0.00739529
0.00738689
0.00737833
0.00736962
0.00736078
0.00735183
0.00734279
0.00733368
0.00732454
0.00731541
0.00730633
0.00729735
0.00728854
0.00727996
0.00727168
0.00726379
0.00725639
0.00724957
0.00724343
0.00723808
0.00723362
0.00723016
0.00722779
0.00722657
0.00751087
0.00750429
0.00749766
0.00749097
0.00748423
0.00747741
0.00747051
0.00746352
0.00745642
0.0074492
0.00744185
0.00743437
0.00742674
0.00741895
0.007411
0.00740289
0.00739461
0.00738618
0.0073776
0.00736887
0.00736002
0.00735105
0.007342
0.00733289
0.00732375
0.00731462
0.00730555
0.00729659
0.00728779
0.00727923
0.00727099
0.00726314
0.00725577
0.00724899
0.00724289
0.00723759
0.00723317
0.00722975
0.0072274
0.0072262
0.00751118
0.00750447
0.00749774
0.00749096
0.00748413
0.00747724
0.00747027
0.00746322
0.00745606
0.0074488
0.00744141
0.00743388
0.00742621
0.00741839
0.00741041
0.00740227
0.00739397
0.00738552
0.00737691
0.00736817
0.0073593
0.00735033
0.00734127
0.00733216
0.00732302
0.0073139
0.00730484
0.00729589
0.00728712
0.00727858
0.00727036
0.00726255
0.00725522
0.00724847
0.00724242
0.00723715
0.00723277
0.00722938
0.00722706
0.00722588
0.00751131
0.00750452
0.0074977
0.00749085
0.00748395
0.00747701
0.00746999
0.00746289
0.00745569
0.00744839
0.00744096
0.00743341
0.00742571
0.00741786
0.00740986
0.0074017
0.00739338
0.00738491
0.00737629
0.00736754
0.00735866
0.00734968
0.00734062
0.00733151
0.00732237
0.00731326
0.00730421
0.00729527
0.00728652
0.00727801
0.00726981
0.00726202
0.00725473
0.00724802
0.007242
0.00723677
0.00723242
0.00722906
0.00722676
0.0072256
0.00751132
0.00750445
0.00749758
0.00749067
0.00748374
0.00747675
0.00746969
0.00746256
0.00745533
0.007448
0.00744055
0.00743296
0.00742524
0.00741738
0.00740935
0.00740118
0.00739285
0.00738436
0.00737574
0.00736698
0.00735809
0.00734911
0.00734005
0.00733094
0.00732181
0.0073127
0.00730366
0.00729474
0.007286
0.00727751
0.00726934
0.00726158
0.00725431
0.00724764
0.00724165
0.00723645
0.00723213
0.00722879
0.00722652
0.00722536
0.00751123
0.00750432
0.0074974
0.00749047
0.0074835
0.00747648
0.0074694
0.00746224
0.00745499
0.00744764
0.00744017
0.00743257
0.00742484
0.00741695
0.00740892
0.00740073
0.00739239
0.0073839
0.00737527
0.0073665
0.00735762
0.00734863
0.00733957
0.00733046
0.00732134
0.00731224
0.00730321
0.0072943
0.00728558
0.0072771
0.00726895
0.00726121
0.00725397
0.00724732
0.00724136
0.00723618
0.00723189
0.00722858
0.00722632
0.00722517
0.0075111
0.00750416
0.00749722
0.00749026
0.00748327
0.00747624
0.00746914
0.00746197
0.00745471
0.00744734
0.00743986
0.00743225
0.0074245
0.00741661
0.00740857
0.00740038
0.00739203
0.00738354
0.0073749
0.00736613
0.00735724
0.00734826
0.0073392
0.00733009
0.00732097
0.00731188
0.00730286
0.00729396
0.00728525
0.00727679
0.00726866
0.00726093
0.00725371
0.00724708
0.00724114
0.00723598
0.00723171
0.00722842
0.00722617
0.00722503
0.00751096
0.00750401
0.00749706
0.00749009
0.00748309
0.00747604
0.00746894
0.00746176
0.00745449
0.00744712
0.00743963
0.00743201
0.00742426
0.00741637
0.00740832
0.00740012
0.00739178
0.00738328
0.00737464
0.00736587
0.00735698
0.007348
0.00733894
0.00732984
0.00732072
0.00731163
0.00730262
0.00729373
0.00728502
0.00727657
0.00726845
0.00726074
0.00725353
0.00724692
0.00724099
0.00723585
0.00723159
0.00722831
0.00722607
0.00722493
0.00751087
0.00750392
0.00749696
0.00748999
0.00748298
0.00747593
0.00746883
0.00746164
0.00745437
0.00744699
0.0074395
0.00743189
0.00742413
0.00741624
0.00740819
0.00739999
0.00739164
0.00738314
0.0073745
0.00736573
0.00735685
0.00734786
0.00733881
0.0073297
0.00732059
0.0073115
0.00730249
0.00729361
0.00728491
0.00727646
0.00726835
0.00726065
0.00725344
0.00724684
0.00724092
0.00723578
0.00723153
0.00722825
0.00722602
0.00722489
)
;

boundaryField
{
    In
    {
        type            fixedValue;
        value           uniform 0;
    }
    Out
    {
        type            zeroGradient;
    }
    Bottom
    {
        type            zeroGradient;
    }
    Top
    {
        type            zeroGradient;
    }
    DefaultFaces
    {
        type            empty;
    }
}


// ************************************************************************* //
