/*--------------------------------*- C++ -*----------------------------------*\
  =========                 |
  \\      /  F ield         | OpenFOAM: The Open Source CFD Toolbox
   \\    /   O peration     | Website:  https://openfoam.org
    \\  /    A nd           | Version:  10
     \\/     M anipulation  |
\*---------------------------------------------------------------------------*/
FoamFile
{
    format      ascii;
    class       volScalarField;
    location    "5.000001";
    object      tau_Top_P4_L;
}
// * * * * * * * * * * * * * * * * * * * * * * * * * * * * * * * * * * * * * //

dimensions      [0 0 1 0 0 0 0];

internalField   nonuniform List<scalar> 
44800
(
5.11407e-12
1.7327e-11
3.18208e-11
4.8954e-11
6.90674e-11
9.24942e-11
1.19558e-10
1.5056e-10
1.85768e-10
2.254e-10
2.69606e-10
3.18451e-10
3.71901e-10
4.29808e-10
4.91898e-10
5.57767e-10
6.26881e-10
6.98582e-10
7.72105e-10
8.466e-10
9.21157e-10
9.94847e-10
1.06675e-09
1.13602e-09
1.20186e-09
1.26365e-09
1.32086e-09
1.37317e-09
1.42038e-09
1.46249e-09
1.49961e-09
1.532e-09
1.56e-09
1.58403e-09
1.60454e-09
1.62199e-09
1.63686e-09
1.64957e-09
1.66051e-09
1.67004e-09
5.05839e-12
1.71784e-11
3.16245e-11
4.87233e-11
6.88061e-11
9.22052e-11
1.19244e-10
1.50225e-10
1.85418e-10
2.2504e-10
2.69244e-10
3.18098e-10
3.71566e-10
4.29503e-10
4.91634e-10
5.57555e-10
6.26732e-10
6.98506e-10
7.7211e-10
8.4669e-10
9.21335e-10
9.9511e-10
1.0671e-09
1.13643e-09
1.20234e-09
1.26417e-09
1.32142e-09
1.37374e-09
1.42096e-09
1.46306e-09
1.50016e-09
1.53252e-09
1.56049e-09
1.58448e-09
1.60495e-09
1.62236e-09
1.63719e-09
1.64987e-09
1.66078e-09
1.67028e-09
4.97713e-12
1.6948e-11
3.12953e-11
4.83191e-11
6.83373e-11
9.16789e-11
1.18667e-10
1.49605e-10
1.84766e-10
2.24369e-10
2.68569e-10
3.17436e-10
3.70939e-10
4.28931e-10
4.91141e-10
5.57163e-10
6.26461e-10
6.98374e-10
7.72132e-10
8.46874e-10
9.21683e-10
9.9562e-10
1.06776e-09
1.13723e-09
1.20325e-09
1.26517e-09
1.32248e-09
1.37484e-09
1.42206e-09
1.46414e-09
1.50121e-09
1.53351e-09
1.56141e-09
1.58532e-09
1.60571e-09
1.62305e-09
1.63781e-09
1.65042e-09
1.66128e-09
1.67072e-09
4.88579e-12
1.66763e-11
3.08817e-11
4.77903e-11
6.7709e-11
9.09624e-11
1.17873e-10
1.48747e-10
1.83858e-10
2.23431e-10
2.67624e-10
3.16509e-10
3.70059e-10
4.2813e-10
4.90451e-10
5.56617e-10
6.26088e-10
6.98201e-10
7.72176e-10
8.4715e-10
9.22195e-10
9.96361e-10
1.06871e-09
1.13837e-09
1.20456e-09
1.2666e-09
1.32399e-09
1.37639e-09
1.42362e-09
1.46567e-09
1.50268e-09
1.5349e-09
1.56269e-09
1.5865e-09
1.60678e-09
1.62401e-09
1.63866e-09
1.65117e-09
1.66194e-09
1.67131e-09
4.79261e-12
1.63878e-11
3.04192e-11
4.71768e-11
6.69628e-11
9.00983e-11
1.16906e-10
1.47693e-10
1.82738e-10
2.22269e-10
2.66449e-10
3.15355e-10
3.68964e-10
4.27134e-10
4.89596e-10
5.55943e-10
6.25634e-10
6.97998e-10
7.72251e-10
8.47517e-10
9.22859e-10
9.97315e-10
1.06994e-09
1.13984e-09
1.20622e-09
1.26841e-09
1.32591e-09
1.37836e-09
1.42559e-09
1.46759e-09
1.50451e-09
1.53662e-09
1.56429e-09
1.58795e-09
1.60808e-09
1.62517e-09
1.63968e-09
1.65207e-09
1.66272e-09
1.67199e-09
4.70172e-12
1.60969e-11
2.99326e-11
4.65102e-11
6.61338e-11
8.91236e-11
1.15803e-10
1.46482e-10
1.81444e-10
2.20921e-10
2.65083e-10
3.14011e-10
3.67688e-10
4.25974e-10
4.88601e-10
5.55163e-10
6.25115e-10
6.97778e-10
7.7236e-10
8.47974e-10
9.23667e-10
9.98465e-10
1.0714e-09
1.14159e-09
1.2082e-09
1.27057e-09
1.32818e-09
1.38068e-09
1.4279e-09
1.46985e-09
1.50667e-09
1.53864e-09
1.56615e-09
1.58963e-09
1.60959e-09
1.6265e-09
1.64084e-09
1.65308e-09
1.66359e-09
1.67273e-09
4.61496e-12
1.58116e-11
2.94388e-11
4.58147e-11
6.52511e-11
8.80704e-11
1.14598e-10
1.4515e-10
1.80011e-10
2.19423e-10
2.6356e-10
3.12511e-10
3.66262e-10
4.24678e-10
4.87493e-10
5.54299e-10
6.24547e-10
6.97551e-10
7.72508e-10
8.48516e-10
9.24609e-10
9.99794e-10
1.07309e-09
1.14359e-09
1.21046e-09
1.27302e-09
1.33076e-09
1.38331e-09
1.43052e-09
1.47239e-09
1.50908e-09
1.54089e-09
1.56821e-09
1.59149e-09
1.61124e-09
1.62794e-09
1.6421e-09
1.65415e-09
1.6645e-09
1.67349e-09
4.53294e-12
1.55363e-11
2.89492e-11
4.51086e-11
6.43381e-11
8.69657e-11
1.13322e-10
1.43727e-10
1.78473e-10
2.17808e-10
2.61913e-10
3.10884e-10
3.64714e-10
4.23273e-10
4.86295e-10
5.5337e-10
6.23945e-10
6.97326e-10
7.72697e-10
8.49141e-10
9.25675e-10
1.00129e-09
1.07498e-09
1.14582e-09
1.21297e-09
1.27574e-09
1.3336e-09
1.3862e-09
1.43338e-09
1.47516e-09
1.51171e-09
1.54333e-09
1.57043e-09
1.59348e-09
1.61299e-09
1.62947e-09
1.6434e-09
1.65525e-09
1.66541e-09
1.67423e-09
4.45567e-12
1.52729e-11
2.84709e-11
4.4405e-11
6.34131e-11
8.5832e-11
1.11999e-10
1.4224e-10
1.76857e-10
2.16103e-10
2.60169e-10
3.0916e-10
3.63073e-10
4.21783e-10
4.85026e-10
5.52392e-10
6.23321e-10
6.9711e-10
7.72929e-10
8.49845e-10
9.26854e-10
1.00292e-09
1.07704e-09
1.14824e-09
1.21569e-09
1.27868e-09
1.33667e-09
1.38931e-09
1.43645e-09
1.47812e-09
1.5145e-09
1.54591e-09
1.57277e-09
1.59556e-09
1.61481e-09
1.63104e-09
1.64473e-09
1.65635e-09
1.6663e-09
1.67492e-09
4.38292e-12
1.50221e-11
2.80085e-11
4.37135e-11
6.24906e-11
8.46877e-11
1.10651e-10
1.40715e-10
1.75188e-10
2.14336e-10
2.58356e-10
3.07363e-10
3.6136e-10
4.20228e-10
4.83706e-10
5.5138e-10
6.22686e-10
6.96909e-10
7.73205e-10
8.50622e-10
9.28136e-10
1.00469e-09
1.07925e-09
1.15084e-09
1.2186e-09
1.2818e-09
1.33992e-09
1.3926e-09
1.43969e-09
1.48123e-09
1.51742e-09
1.54859e-09
1.57519e-09
1.5977e-09
1.61667e-09
1.63261e-09
1.64604e-09
1.65742e-09
1.66713e-09
1.67553e-09
1.68154e-09
1.69384e-09
1.70472e-09
1.71477e-09
1.72437e-09
1.73386e-09
1.74365e-09
1.75452e-09
1.76681e-09
1.78049e-09
1.79559e-09
1.81212e-09
1.8302e-09
1.84993e-09
1.87147e-09
1.89501e-09
1.92077e-09
1.94902e-09
1.98007e-09
2.01431e-09
2.05217e-09
2.09416e-09
2.14092e-09
2.19315e-09
2.25171e-09
2.31762e-09
2.39208e-09
2.47645e-09
2.57234e-09
2.68151e-09
2.80591e-09
2.94758e-09
3.10882e-09
3.29315e-09
3.50381e-09
3.73285e-09
3.96996e-09
4.21451e-09
4.46657e-09
4.72459e-09
4.98681e-09
5.2515e-09
5.51706e-09
5.78197e-09
6.04478e-09
6.3041e-09
6.55856e-09
6.80686e-09
7.04776e-09
7.28007e-09
7.50264e-09
7.71442e-09
7.91438e-09
8.1015e-09
8.27493e-09
8.43484e-09
8.58814e-09
8.78045e-09
9.26036e-09
1.12145e-08
1.93351e-08
4.71636e-08
1.15753e-07
2.18885e-07
2.94991e-07
3.28807e-07
3.39969e-07
3.43643e-07
3.45596e-07
3.47393e-07
3.49384e-07
3.51647e-07
3.54212e-07
3.57108e-07
3.60367e-07
3.64032e-07
3.68154e-07
3.72795e-07
3.78031e-07
3.83951e-07
3.9066e-07
3.98286e-07
4.06979e-07
4.16915e-07
4.28301e-07
4.41374e-07
4.56401e-07
4.73671e-07
4.93496e-07
5.16219e-07
5.4236e-07
5.72384e-07
6.05125e-07
6.39137e-07
6.74321e-07
7.10662e-07
7.47911e-07
7.85791e-07
8.24031e-07
8.62383e-07
9.0062e-07
9.38521e-07
9.75883e-07
1.01251e-06
1.04821e-06
1.08281e-06
1.11614e-06
1.14806e-06
1.17841e-06
1.20707e-06
1.2339e-06
1.25878e-06
1.2817e-06
1.30339e-06
1.32878e-06
1.38493e-06
1.601e-06
2.48718e-06
5.51285e-06
1.29527e-05
2.41079e-05
3.23034e-05
3.59197e-05
3.70924e-05
3.74583e-05
3.76377e-05
3.77975e-05
3.79749e-05
3.81781e-05
3.84099e-05
3.86729e-05
3.89702e-05
3.93057e-05
3.96841e-05
4.01113e-05
4.05939e-05
4.11403e-05
4.17598e-05
4.24639e-05
4.32658e-05
4.41809e-05
4.52269e-05
4.64242e-05
4.77948e-05
4.93621e-05
5.11508e-05
5.31876e-05
5.55133e-05
5.81622e-05
6.10231e-05
6.39634e-05
6.69708e-05
7.00402e-05
7.31476e-05
7.62674e-05
7.93759e-05
8.24521e-05
8.54779e-05
8.8437e-05
9.13149e-05
9.40988e-05
9.67773e-05
9.93408e-05
0.000101781
0.00010409
0.000106263
0.000108294
0.000110178
0.000111909
0.000113485
0.000114919
0.000116318
0.000118305
0.00012388
0.000144897
0.000215447
0.000388104
0.000646281
0.000835475
0.000918757
0.000945595
0.000953762
0.000957545
0.000960786
0.000964338
0.000968377
0.000972959
0.000978125
0.000983927
0.000990425
0.000997697
0.00100583
0.00101493
0.00102512
0.00103654
0.00104934
0.00106372
0.00107989
0.00109806
0.0011185
0.00114146
0.00116722
0.00119602
0.00122814
0.00126405
0.00130407
0.00134642
0.00138906
0.00143186
0.0014748
0.00151764
0.00156009
0.00160194
0.00164302
0.00168318
0.00172232
0.00176033
0.00179715
0.00183271
0.00186695
0.00189985
0.00193136
0.00196148
0.00199017
0.00201744
0.00204328
0.00206768
0.00209064
0.00211214
0.00213214
0.00215061
0.00216744
0.00218247
0.0021953
0.00220582
0.0022147
0.00222237
0.00222912
0.0022351
0.00224043
1.68175e-09
1.69402e-09
1.70488e-09
1.7149e-09
1.72448e-09
1.73393e-09
1.74368e-09
1.75451e-09
1.76678e-09
1.78045e-09
1.79552e-09
1.81203e-09
1.83008e-09
1.84979e-09
1.8713e-09
1.8948e-09
1.92052e-09
1.94873e-09
1.97974e-09
2.01392e-09
2.05172e-09
2.09365e-09
2.14032e-09
2.19247e-09
2.25094e-09
2.31674e-09
2.39107e-09
2.47531e-09
2.57106e-09
2.68012e-09
2.80442e-09
2.94609e-09
3.10747e-09
3.2922e-09
3.50353e-09
3.73339e-09
3.9713e-09
4.21647e-09
4.46902e-09
4.72741e-09
4.9899e-09
5.25481e-09
5.52052e-09
5.78555e-09
6.04845e-09
6.30781e-09
6.5623e-09
6.81059e-09
7.05145e-09
7.28369e-09
7.50618e-09
7.71785e-09
7.91768e-09
8.10465e-09
8.27788e-09
8.43741e-09
8.58939e-09
8.7755e-09
9.2267e-09
1.10676e-08
1.88621e-08
4.6178e-08
1.14911e-07
2.19546e-07
2.96019e-07
3.29357e-07
3.40153e-07
3.43684e-07
3.45596e-07
3.47381e-07
3.49365e-07
3.51623e-07
3.54184e-07
3.57074e-07
3.60327e-07
3.63984e-07
3.68098e-07
3.72731e-07
3.77956e-07
3.83864e-07
3.90561e-07
3.98172e-07
4.06847e-07
4.16764e-07
4.2813e-07
4.41182e-07
4.56189e-07
4.73444e-07
4.93264e-07
5.16005e-07
5.42201e-07
5.72319e-07
6.05175e-07
6.39302e-07
6.74576e-07
7.10987e-07
7.48289e-07
7.86207e-07
8.24477e-07
8.62851e-07
9.01104e-07
9.39016e-07
9.76382e-07
1.01301e-06
1.0487e-06
1.0833e-06
1.11662e-06
1.14852e-06
1.17886e-06
1.2075e-06
1.2343e-06
1.25915e-06
1.28203e-06
1.30356e-06
1.32828e-06
1.38129e-06
1.58504e-06
2.4358e-06
5.406e-06
1.2862e-05
2.41798e-05
3.2414e-05
3.59784e-05
3.71115e-05
3.74622e-05
3.76371e-05
3.77957e-05
3.79725e-05
3.81753e-05
3.84066e-05
3.86691e-05
3.89658e-05
3.93006e-05
3.96783e-05
4.01045e-05
4.05863e-05
4.11315e-05
4.17499e-05
4.24526e-05
4.32529e-05
4.41663e-05
4.52105e-05
4.64059e-05
4.77748e-05
4.93409e-05
5.11295e-05
5.31681e-05
5.54989e-05
5.81564e-05
6.10274e-05
6.39776e-05
6.69925e-05
7.00675e-05
7.3179e-05
7.63016e-05
7.9412e-05
8.24894e-05
8.5516e-05
8.84753e-05
9.13531e-05
9.41364e-05
9.68141e-05
9.93766e-05
0.000101815
0.000104123
0.000106294
0.000108323
0.000110205
0.000111935
0.000113508
0.000114936
0.000116318
0.000118231
0.000123517
0.000143711
0.000212977
0.000386017
0.000647958
0.000838036
0.000920115
0.00094604
0.000953857
0.00095754
0.000960754
0.000964294
0.000968324
0.000972897
0.000978054
0.000983845
0.000990331
0.00099759
0.00100571
0.00101479
0.00102496
0.00103636
0.00104915
0.0010635
0.00107964
0.00109779
0.0011182
0.00114115
0.00116689
0.00119571
0.00122786
0.00126385
0.00130402
0.00134651
0.00138929
0.00143219
0.00147521
0.00151809
0.00156057
0.00160244
0.00164353
0.0016837
0.00172284
0.00176085
0.00179766
0.00183321
0.00186745
0.00190033
0.00193183
0.00196192
0.0019906
0.00201786
0.00204368
0.00206806
0.002091
0.00211247
0.00213246
0.00215091
0.00216772
0.00218273
0.00219553
0.002206
0.00221482
0.00222247
0.0022292
0.00223517
0.00224049
1.68212e-09
1.69432e-09
1.70513e-09
1.71509e-09
1.72459e-09
1.73391e-09
1.74351e-09
1.75425e-09
1.76645e-09
1.78004e-09
1.79502e-09
1.81144e-09
1.8294e-09
1.849e-09
1.8704e-09
1.89378e-09
1.91937e-09
1.94743e-09
1.97828e-09
2.01228e-09
2.04987e-09
2.09156e-09
2.13797e-09
2.18982e-09
2.24796e-09
2.31339e-09
2.38732e-09
2.47113e-09
2.56646e-09
2.67513e-09
2.79921e-09
2.94098e-09
3.10305e-09
3.28938e-09
3.50296e-09
3.73554e-09
3.97639e-09
4.22391e-09
4.47824e-09
4.73794e-09
5.00141e-09
5.26703e-09
5.53327e-09
5.79866e-09
6.06178e-09
6.32123e-09
6.5757e-09
6.82385e-09
7.06447e-09
7.29638e-09
7.51843e-09
7.72959e-09
7.92883e-09
8.11512e-09
8.28756e-09
8.446e-09
8.5954e-09
8.77141e-09
9.17734e-09
1.08386e-08
1.81071e-08
4.45766e-08
1.13524e-07
2.20615e-07
2.97678e-07
3.30228e-07
3.40424e-07
3.43721e-07
3.4556e-07
3.47317e-07
3.49283e-07
3.51523e-07
3.54065e-07
3.56935e-07
3.60166e-07
3.63798e-07
3.67885e-07
3.72486e-07
3.77677e-07
3.83545e-07
3.90197e-07
3.97757e-07
4.06376e-07
4.16232e-07
4.2753e-07
4.40515e-07
4.55461e-07
4.72674e-07
4.925e-07
5.1533e-07
5.41747e-07
5.72185e-07
6.05426e-07
6.39973e-07
6.75587e-07
7.12255e-07
7.49747e-07
7.87805e-07
8.26177e-07
8.64624e-07
9.02926e-07
9.40866e-07
9.78242e-07
1.01486e-06
1.05053e-06
1.08509e-06
1.11836e-06
1.1502e-06
1.18046e-06
1.20901e-06
1.23571e-06
1.26045e-06
1.28317e-06
1.3044e-06
1.32798e-06
1.37603e-06
1.5602e-06
2.35382e-06
5.23245e-06
1.27123e-05
2.42961e-05
3.25926e-05
3.60713e-05
3.71398e-05
3.74655e-05
3.76328e-05
3.77886e-05
3.79637e-05
3.81648e-05
3.83943e-05
3.86549e-05
3.89495e-05
3.9282e-05
3.96571e-05
4.00804e-05
4.05589e-05
4.11004e-05
4.17147e-05
4.24127e-05
4.32079e-05
4.41157e-05
4.51541e-05
4.63436e-05
4.77072e-05
4.92701e-05
5.10598e-05
5.3107e-05
5.54582e-05
5.81443e-05
6.10491e-05
6.40352e-05
6.70785e-05
7.01742e-05
7.33e-05
7.64325e-05
7.95494e-05
8.26307e-05
8.56591e-05
8.86186e-05
9.1495e-05
9.42758e-05
9.69497e-05
9.95074e-05
0.000101941
0.000104242
0.000106406
0.000108428
0.000110302
0.000112023
0.000113587
0.000115002
0.00011635
0.000118141
0.000122964
0.000141825
0.000208969
0.000382577
0.000650672
0.000842173
0.000922267
0.000946706
0.000953952
0.000957464
0.000960619
0.000964124
0.000968123
0.000972663
0.000977785
0.000983537
0.000989982
0.000997194
0.00100526
0.00101429
0.0010244
0.00103573
0.00104845
0.00106272
0.00107878
0.00109684
0.00111718
0.00114006
0.00116578
0.00119463
0.00122696
0.00126328
0.00130389
0.00134688
0.00139017
0.00143345
0.00147673
0.00151978
0.00156238
0.00160432
0.00164544
0.00168563
0.00172476
0.00176276
0.00179954
0.00183505
0.00186924
0.00190207
0.00193351
0.00196355
0.00199216
0.00201934
0.00204509
0.0020694
0.00209226
0.00211365
0.00213355
0.00215191
0.00216863
0.00218357
0.00219626
0.00220652
0.00221518
0.00222273
0.0022294
0.00223535
0.00224064
1.6826e-09
1.6947e-09
1.7054e-09
1.71525e-09
1.72458e-09
1.73366e-09
1.74298e-09
1.75351e-09
1.76554e-09
1.77894e-09
1.79375e-09
1.80998e-09
1.82773e-09
1.84711e-09
1.86828e-09
1.8914e-09
1.91671e-09
1.94446e-09
1.97495e-09
2.00856e-09
2.04572e-09
2.08693e-09
2.13279e-09
2.18403e-09
2.24148e-09
2.30615e-09
2.37926e-09
2.4622e-09
2.55666e-09
2.66459e-09
2.78825e-09
2.93031e-09
3.09395e-09
3.28372e-09
3.50209e-09
3.74045e-09
3.98749e-09
4.24006e-09
4.4982e-09
4.76068e-09
5.0262e-09
5.29333e-09
5.56064e-09
5.82676e-09
6.09029e-09
6.34989e-09
6.60423e-09
6.85201e-09
7.09204e-09
7.32314e-09
7.54419e-09
7.75415e-09
7.95203e-09
8.13678e-09
8.30749e-09
8.46376e-09
8.60931e-09
8.77307e-09
9.12699e-09
1.05804e-08
1.7227e-08
4.26687e-08
1.11839e-07
2.21872e-07
2.99636e-07
3.31227e-07
3.40705e-07
3.43716e-07
3.45457e-07
3.47166e-07
3.49094e-07
3.51298e-07
3.538e-07
3.56627e-07
3.59811e-07
3.63391e-07
3.6742e-07
3.71956e-07
3.77073e-07
3.82859e-07
3.89418e-07
3.96875e-07
4.05378e-07
4.15107e-07
4.26271e-07
4.3912e-07
4.53944e-07
4.71081e-07
4.90929e-07
5.13965e-07
5.40858e-07
5.71976e-07
6.06036e-07
6.41472e-07
6.77816e-07
7.15035e-07
7.52932e-07
7.91286e-07
8.29874e-07
8.68472e-07
9.06874e-07
9.44868e-07
9.82256e-07
1.01885e-06
1.05446e-06
1.08892e-06
1.12207e-06
1.15376e-06
1.18384e-06
1.2122e-06
1.23868e-06
1.26317e-06
1.28559e-06
1.30633e-06
1.3285e-06
1.37081e-06
1.53228e-06
2.25832e-06
5.0257e-06
1.25307e-05
2.4433e-05
3.28034e-05
3.6178e-05
3.71692e-05
3.74647e-05
3.76219e-05
3.77731e-05
3.79446e-05
3.81422e-05
3.8368e-05
3.86246e-05
3.89147e-05
3.92423e-05
3.96119e-05
4.00292e-05
4.05008e-05
4.10347e-05
4.16404e-05
4.23289e-05
4.31135e-05
4.401e-05
4.50363e-05
4.62139e-05
4.75672e-05
4.91241e-05
5.0917e-05
5.29838e-05
5.53785e-05
5.81255e-05
6.1102e-05
6.41641e-05
6.7268e-05
7.04077e-05
7.35642e-05
7.67174e-05
7.98478e-05
8.29371e-05
8.59691e-05
8.89283e-05
9.18014e-05
9.4576e-05
9.72413e-05
9.97883e-05
0.000102209
0.000104496
0.000106645
0.00010865
0.000110506
0.000112208
0.000113752
0.000115141
0.000116443
0.000118084
0.000122364
0.000139641
0.000204201
0.000378404
0.000653873
0.000847057
0.000924746
0.00094741
0.000953969
0.000957259
0.000960318
0.000963753
0.000967685
0.000972155
0.000977202
0.000982873
0.00098923
0.000996345
0.00100431
0.00101322
0.0010232
0.00103439
0.00104696
0.00106107
0.00107696
0.00109485
0.00111502
0.00113778
0.00116345
0.00119241
0.00122509
0.00126213
0.00130368
0.00134773
0.00139209
0.00143618
0.00148003
0.00152345
0.00156628
0.00160837
0.00164957
0.00168978
0.00172891
0.00176686
0.00180358
0.00183901
0.0018731
0.00190581
0.00193712
0.00196702
0.00199548
0.00202251
0.0020481
0.00207224
0.00209492
0.00211613
0.00213584
0.00215401
0.00217053
0.00218526
0.00219768
0.00220754
0.00221588
0.00222323
0.00222978
0.00223565
0.00224091
1.68314e-09
1.6951e-09
1.70565e-09
1.71531e-09
1.72437e-09
1.73307e-09
1.74192e-09
1.75209e-09
1.76382e-09
1.77691e-09
1.7914e-09
1.8073e-09
1.8247e-09
1.84372e-09
1.86449e-09
1.88718e-09
1.91201e-09
1.93923e-09
1.96914e-09
2.0021e-09
2.03852e-09
2.07891e-09
2.12387e-09
2.17408e-09
2.2304e-09
2.29382e-09
2.36557e-09
2.44708e-09
2.54014e-09
2.64687e-09
2.76988e-09
2.91249e-09
3.07882e-09
3.27434e-09
3.5009e-09
3.74912e-09
4.00657e-09
4.26769e-09
4.5323e-09
4.79955e-09
5.06856e-09
5.33824e-09
5.60737e-09
5.87468e-09
6.13889e-09
6.39866e-09
6.65272e-09
6.89982e-09
7.13875e-09
7.36841e-09
7.58765e-09
7.7955e-09
7.99096e-09
8.17301e-09
8.34069e-09
8.49342e-09
8.63371e-09
8.78409e-09
9.0857e-09
1.03297e-08
1.63349e-08
4.06832e-08
1.10043e-07
2.23153e-07
3.01642e-07
3.32215e-07
3.40936e-07
3.4364e-07
3.4526e-07
3.46898e-07
3.48764e-07
3.50904e-07
3.5334e-07
3.56094e-07
3.59199e-07
3.62692e-07
3.66623e-07
3.7105e-07
3.76045e-07
3.81694e-07
3.88099e-07
3.95383e-07
4.03695e-07
4.13216e-07
4.24158e-07
4.36786e-07
4.51414e-07
4.68432e-07
4.88329e-07
5.11718e-07
5.3941e-07
5.71687e-07
6.0715e-07
6.44079e-07
6.81661e-07
7.19818e-07
7.58405e-07
7.97264e-07
8.36219e-07
8.75074e-07
9.13642e-07
9.51722e-07
9.89126e-07
1.02567e-06
1.06117e-06
1.09546e-06
1.12839e-06
1.15982e-06
1.18959e-06
1.21759e-06
1.24368e-06
1.26774e-06
1.28967e-06
1.30972e-06
1.33031e-06
1.36678e-06
1.50534e-06
2.16158e-06
4.81061e-06
1.23372e-05
2.45727e-05
3.30196e-05
3.62837e-05
3.71938e-05
3.7457e-05
3.76021e-05
3.77464e-05
3.79121e-05
3.81037e-05
3.83233e-05
3.8573e-05
3.88557e-05
3.9175e-05
3.95355e-05
3.99426e-05
4.04027e-05
4.09239e-05
4.15153e-05
4.2188e-05
4.29553e-05
4.38328e-05
4.48395e-05
4.59977e-05
4.73343e-05
4.88818e-05
5.06809e-05
5.27814e-05
5.52491e-05
5.80997e-05
6.11987e-05
6.43883e-05
6.75947e-05
7.08092e-05
7.40178e-05
7.72063e-05
8.03597e-05
8.34624e-05
8.65001e-05
8.94586e-05
9.23254e-05
9.5089e-05
9.77391e-05
0.000100267
0.000102666
0.000104929
0.000107051
0.000109027
0.000110852
0.000112521
0.00011403
0.000115379
0.000116618
0.000118096
0.000121816
0.000137446
0.000199249
0.000373964
0.000657147
0.000852072
0.000927211
0.000948018
0.000953849
0.000956877
0.000959798
0.000963118
0.000966936
0.000971287
0.000976207
0.000981741
0.000987948
0.000994901
0.00100269
0.0010114
0.00102117
0.00103213
0.00104444
0.00105828
0.00107389
0.0010915
0.00111141
0.00113396
0.00115956
0.00118871
0.00122201
0.00126024
0.00130338
0.00134923
0.00139538
0.00144085
0.00148565
0.00152971
0.00157295
0.00161528
0.00165662
0.00169688
0.00173599
0.00177388
0.00181049
0.00184576
0.00187967
0.00191218
0.00194327
0.00197292
0.00200113
0.00202789
0.0020532
0.00207705
0.00209943
0.00212033
0.00213971
0.00215754
0.00217369
0.00218807
0.0022
0.00220919
0.002217
0.00222401
0.00223037
0.00223613
0.0022413
1.68371e-09
1.69547e-09
1.70582e-09
1.71522e-09
1.7239e-09
1.73205e-09
1.74023e-09
1.74984e-09
1.76111e-09
1.77373e-09
1.78774e-09
1.80314e-09
1.82003e-09
1.83849e-09
1.85867e-09
1.88072e-09
1.90484e-09
1.93128e-09
1.96033e-09
1.99233e-09
2.02768e-09
2.06687e-09
2.11048e-09
2.1592e-09
2.21386e-09
2.27546e-09
2.34524e-09
2.42469e-09
2.51573e-09
2.62074e-09
2.74286e-09
2.88633e-09
3.05663e-09
3.26057e-09
3.49936e-09
3.76237e-09
4.03518e-09
4.30905e-09
4.58337e-09
4.8578e-09
5.13209e-09
5.40561e-09
5.67747e-09
5.94657e-09
6.21174e-09
6.47173e-09
6.72533e-09
6.97131e-09
7.20855e-09
7.43594e-09
7.6524e-09
7.85698e-09
8.04874e-09
8.22663e-09
8.38971e-09
8.5372e-09
8.6706e-09
8.80687e-09
9.05938e-09
1.01089e-08
1.55038e-08
3.87779e-08
1.08268e-07
2.24342e-07
3.03524e-07
3.331e-07
3.41081e-07
3.43471e-07
3.4495e-07
3.46489e-07
3.48264e-07
3.5031e-07
3.52646e-07
3.55293e-07
3.5828e-07
3.61644e-07
3.65431e-07
3.69698e-07
3.74513e-07
3.79961e-07
3.86141e-07
3.93174e-07
4.01208e-07
4.10426e-07
4.21048e-07
4.33357e-07
4.47705e-07
4.64556e-07
4.84533e-07
5.08445e-07
5.37305e-07
5.71313e-07
6.08882e-07
6.4802e-07
6.87444e-07
7.27008e-07
7.66636e-07
8.06258e-07
8.45766e-07
8.85007e-07
9.23823e-07
9.62029e-07
9.9945e-07
1.03591e-06
1.07124e-06
1.10527e-06
1.13787e-06
1.16888e-06
1.19818e-06
1.22564e-06
1.25113e-06
1.27453e-06
1.29573e-06
1.31485e-06
1.33371e-06
1.36463e-06
1.48181e-06
2.0716e-06
4.60431e-06
1.2146e-05
2.47026e-05
3.32226e-05
3.63788e-05
3.721e-05
3.74405e-05
3.75716e-05
3.77065e-05
3.78636e-05
3.80464e-05
3.82566e-05
3.84962e-05
3.87679e-05
3.9075e-05
3.9422e-05
3.9814e-05
4.02574e-05
4.07599e-05
4.13305e-05
4.19801e-05
4.27219e-05
4.35722e-05
4.45502e-05
4.56805e-05
4.69932e-05
4.85278e-05
5.03366e-05
5.24869e-05
5.50612e-05
5.80663e-05
6.13493e-05
6.47271e-05
6.80859e-05
7.14122e-05
7.46993e-05
7.7941e-05
8.1129e-05
8.42517e-05
8.72979e-05
9.0255e-05
9.3112e-05
9.58587e-05
9.84854e-05
0.000100985
0.00010335
0.000105576
0.000107656
0.000109588
0.000111367
0.000112987
0.000114443
0.000115732
0.000116892
0.000118201
0.000121381
0.00013543
0.000194512
0.000369585
0.000660197
0.000856788
0.00092944
0.000948447
0.00095355
0.000956281
0.000959015
0.000962168
0.000965816
0.000969989
0.00097472
0.00098005
0.000986037
0.000992749
0.00100027
0.0010087
0.00101815
0.00102877
0.00104071
0.00105416
0.00106935
0.00108655
0.00110608
0.00112834
0.00115385
0.00118328
0.00121748
0.00125745
0.00130297
0.00135152
0.00140032
0.00144784
0.00149407
0.00153908
0.00158293
0.00162564
0.00166718
0.00170752
0.00174661
0.0017844
0.00182084
0.00185589
0.00188953
0.00192173
0.00195248
0.00198177
0.00200959
0.00203594
0.00206082
0.00208423
0.00210616
0.00212658
0.00214546
0.00216277
0.00217836
0.00219217
0.00220335
0.00221156
0.00221861
0.00222515
0.00223122
0.0022368
0.00224185
1.68426e-09
1.69578e-09
1.70586e-09
1.71491e-09
1.7231e-09
1.73054e-09
1.73781e-09
1.74664e-09
1.75727e-09
1.76922e-09
1.78257e-09
1.79729e-09
1.81347e-09
1.83118e-09
1.85055e-09
1.87172e-09
1.89489e-09
1.92027e-09
1.94815e-09
1.97885e-09
2.01275e-09
2.05033e-09
2.09214e-09
2.13886e-09
2.19129e-09
2.25045e-09
2.31761e-09
2.39432e-09
2.48269e-09
2.58546e-09
2.70646e-09
2.85113e-09
3.02675e-09
3.24194e-09
3.49744e-09
3.78077e-09
4.07448e-09
4.36584e-09
4.6536e-09
4.93802e-09
5.21968e-09
5.49858e-09
5.77423e-09
6.04581e-09
6.3123e-09
6.57255e-09
6.82545e-09
7.06982e-09
7.30462e-09
7.5288e-09
7.74132e-09
7.94129e-09
8.12782e-09
8.29988e-09
8.4565e-09
8.5968e-09
8.72142e-09
8.84277e-09
9.05072e-09
9.92893e-09
1.47766e-08
3.70566e-08
1.06607e-07
2.25354e-07
3.05164e-07
3.33825e-07
3.41119e-07
3.43198e-07
3.44512e-07
3.45923e-07
3.47573e-07
3.49491e-07
3.51691e-07
3.54191e-07
3.57019e-07
3.60207e-07
3.638e-07
3.67851e-07
3.72424e-07
3.77602e-07
3.8348e-07
3.90176e-07
3.97839e-07
4.06653e-07
4.1685e-07
4.28737e-07
4.42718e-07
4.59355e-07
4.79446e-07
5.04061e-07
5.34479e-07
5.7085e-07
6.11316e-07
6.53457e-07
6.9541e-07
7.36919e-07
7.77996e-07
8.18683e-07
8.58965e-07
8.98744e-07
9.37903e-07
9.76282e-07
1.01372e-06
1.05006e-06
1.08514e-06
1.1188e-06
1.15092e-06
1.18135e-06
1.20998e-06
1.23669e-06
1.26135e-06
1.28383e-06
1.304e-06
1.32192e-06
1.33889e-06
1.36467e-06
1.46292e-06
1.99302e-06
4.41806e-06
1.19673e-05
2.48136e-05
3.33998e-05
3.64572e-05
3.72155e-05
3.74141e-05
3.75292e-05
3.7652e-05
3.77974e-05
3.79682e-05
3.81655e-05
3.83914e-05
3.8648e-05
3.89387e-05
3.92674e-05
3.96391e-05
4.00599e-05
4.05372e-05
4.10798e-05
4.16985e-05
4.24064e-05
4.32201e-05
4.41601e-05
4.52534e-05
4.65348e-05
4.80528e-05
4.98753e-05
5.20925e-05
5.48093e-05
5.80252e-05
6.1561e-05
6.51944e-05
6.8762e-05
7.22427e-05
7.56386e-05
7.89546e-05
8.21909e-05
8.53415e-05
8.83993e-05
9.13544e-05
9.41976e-05
9.69203e-05
9.95143e-05
0.000101974
0.000104292
0.000106465
0.000108488
0.000110359
0.000112072
0.000113623
0.000115006
0.000116216
0.000117277
0.00011841
0.000121093
0.000133701
0.000190252
0.000365498
0.000662816
0.000860915
0.000931296
0.000948649
0.000953049
0.000955448
0.00095794
0.000960865
0.000964282
0.000968212
0.000972684
0.000977737
0.000983423
0.000989808
0.000996972
0.00100501
0.00101404
0.00102419
0.00103564
0.00104856
0.0010632
0.00107984
0.00109887
0.00112075
0.00114615
0.00117597
0.00121139
0.00125369
0.00130245
0.00135471
0.00140709
0.00145741
0.00150562
0.00155195
0.00159666
0.0016399
0.00168174
0.0017222
0.00176125
0.0017989
0.00183511
0.00186985
0.00190312
0.00193489
0.00196517
0.00199394
0.00202123
0.00204701
0.00207131
0.00209411
0.0021154
0.00213516
0.00215335
0.00216993
0.00218473
0.00219771
0.00220783
0.00221474
0.00222079
0.00222668
0.00223236
0.00223769
0.00224258
1.68476e-09
1.69599e-09
1.70574e-09
1.71436e-09
1.72193e-09
1.72848e-09
1.73461e-09
1.74243e-09
1.7522e-09
1.76329e-09
1.77578e-09
1.78962e-09
1.80488e-09
1.82163e-09
1.83996e-09
1.86001e-09
1.88195e-09
1.90599e-09
1.93238e-09
1.96143e-09
1.9935e-09
2.02903e-09
2.06857e-09
2.11277e-09
2.16241e-09
2.21852e-09
2.28239e-09
2.3557e-09
2.44077e-09
2.54078e-09
2.66042e-09
2.80665e-09
2.98897e-09
3.21822e-09
3.49509e-09
3.80464e-09
4.12511e-09
4.43915e-09
4.74449e-09
5.04209e-09
5.3335e-09
5.61953e-09
5.90021e-09
6.17504e-09
6.44324e-09
6.70379e-09
6.9557e-09
7.19789e-09
7.42941e-09
7.64929e-09
7.85656e-09
8.0504e-09
8.23e-09
8.39433e-09
8.54244e-09
8.67335e-09
8.78703e-09
8.89237e-09
9.0603e-09
9.79357e-09
1.41747e-08
3.55846e-08
1.05124e-07
2.26129e-07
3.06486e-07
3.34361e-07
3.41042e-07
3.42815e-07
3.4394e-07
3.4519e-07
3.46681e-07
3.48433e-07
3.50458e-07
3.52771e-07
3.55395e-07
3.5836e-07
3.61707e-07
3.65483e-07
3.69751e-07
3.74587e-07
3.80085e-07
3.86358e-07
3.93555e-07
4.01865e-07
4.11532e-07
4.22896e-07
4.36424e-07
4.52801e-07
4.73041e-07
4.98538e-07
5.30903e-07
5.70293e-07
6.14498e-07
6.60489e-07
7.05717e-07
7.49768e-07
7.92755e-07
8.34851e-07
8.76156e-07
9.16647e-07
9.56259e-07
9.94862e-07
1.03232e-06
1.06849e-06
1.10323e-06
1.1364e-06
1.16788e-06
1.19755e-06
1.22529e-06
1.25099e-06
1.27455e-06
1.29581e-06
1.31466e-06
1.33106e-06
1.34594e-06
1.367e-06
1.4491e-06
1.9282e-06
4.25895e-06
1.1808e-05
2.48992e-05
3.35431e-05
3.65159e-05
3.72098e-05
3.73775e-05
3.74744e-05
3.75821e-05
3.77125e-05
3.78677e-05
3.80487e-05
3.82569e-05
3.84944e-05
3.8764e-05
3.90695e-05
3.94155e-05
3.98077e-05
4.02532e-05
4.07606e-05
4.13402e-05
4.20055e-05
4.27736e-05
4.36662e-05
4.47134e-05
4.59561e-05
4.7454e-05
4.92945e-05
5.15958e-05
5.44907e-05
5.79762e-05
6.18381e-05
6.57985e-05
6.9636e-05
7.33179e-05
7.6857e-05
8.0271e-05
8.35712e-05
8.67588e-05
8.9832e-05
9.27842e-05
9.5609e-05
9.83e-05
0.000100851
0.000103257
0.000105514
0.000107618
0.000109566
0.000111356
0.000112983
0.000114444
0.000115731
0.000116837
0.00011778
0.000118728
0.000120961
0.000132314
0.000186632
0.000361866
0.000664851
0.000864264
0.000932706
0.000948608
0.000952339
0.000954366
0.000956558
0.000959191
0.000962308
0.000965926
0.000970066
0.000974764
0.000980066
0.000986035
0.000992744
0.00100029
0.00100878
0.00101835
0.00102916
0.00104141
0.00105536
0.00107131
0.00108971
0.00111113
0.0011364
0.00116672
0.00120368
0.0012489
0.00130182
0.00135885
0.00141581
0.00146974
0.00152052
0.0015686
0.00161444
0.0016584
0.00170063
0.00174124
0.00178028
0.00181774
0.00185365
0.00188799
0.00192077
0.00195199
0.00198164
0.00200976
0.00203633
0.00206138
0.00208491
0.00210691
0.00212736
0.00214626
0.00216353
0.00217916
0.00219292
0.0022048
0.00221352
0.00221878
0.00222357
0.00222864
0.00223382
0.00223882
0.0022435
1.68517e-09
1.69606e-09
1.70543e-09
1.71353e-09
1.72036e-09
1.72585e-09
1.73062e-09
1.73718e-09
1.74586e-09
1.75587e-09
1.7673e-09
1.78005e-09
1.79419e-09
1.80975e-09
1.82682e-09
1.84551e-09
1.86596e-09
1.88837e-09
1.91296e-09
1.94002e-09
1.96987e-09
2.00295e-09
2.03976e-09
2.08093e-09
2.12724e-09
2.17971e-09
2.2397e-09
2.30898e-09
2.39015e-09
2.48695e-09
2.60506e-09
2.7532e-09
2.94347e-09
3.18944e-09
3.49227e-09
3.834e-09
4.18727e-09
4.52946e-09
4.85685e-09
5.17113e-09
5.47495e-09
5.77006e-09
6.05714e-09
6.33609e-09
6.60642e-09
6.8673e-09
7.1179e-09
7.35727e-09
7.58456e-09
7.79894e-09
7.99951e-09
8.18556e-09
8.35636e-09
8.51091e-09
8.64827e-09
8.76739e-09
8.86775e-09
8.95561e-09
9.08734e-09
9.70195e-09
1.37059e-08
3.44001e-08
1.03864e-07
2.26625e-07
3.07442e-07
3.34693e-07
3.4085e-07
3.42323e-07
3.43235e-07
3.44289e-07
3.45583e-07
3.47133e-07
3.48944e-07
3.51029e-07
3.53405e-07
3.561e-07
3.59147e-07
3.62593e-07
3.66492e-07
3.70919e-07
3.75961e-07
3.8173e-07
3.88371e-07
3.96082e-07
4.05121e-07
4.15869e-07
4.28865e-07
4.44942e-07
4.65366e-07
4.9191e-07
5.26585e-07
5.69639e-07
6.18437e-07
6.69143e-07
7.18434e-07
7.65673e-07
8.11074e-07
8.54961e-07
8.97569e-07
9.38965e-07
9.79149e-07
1.01803e-06
1.05551e-06
1.09146e-06
1.12576e-06
1.1583e-06
1.18897e-06
1.21766e-06
1.24427e-06
1.26871e-06
1.29087e-06
1.31061e-06
1.32779e-06
1.34233e-06
1.35486e-06
1.37152e-06
1.44024e-06
1.87798e-06
4.13114e-06
1.1673e-05
2.49547e-05
3.36474e-05
3.65535e-05
3.71928e-05
3.73308e-05
3.74073e-05
3.74966e-05
3.76086e-05
3.77448e-05
3.79057e-05
3.80924e-05
3.83066e-05
3.85508e-05
3.88283e-05
3.91432e-05
3.9501e-05
3.99083e-05
4.03733e-05
4.09063e-05
4.15208e-05
4.22344e-05
4.30707e-05
4.40636e-05
4.52609e-05
4.67357e-05
4.8598e-05
5.09995e-05
5.41062e-05
5.79191e-05
6.21814e-05
6.65418e-05
7.07131e-05
7.46464e-05
7.8366e-05
8.19044e-05
8.52859e-05
8.85207e-05
9.16135e-05
9.4562e-05
9.73635e-05
0.000100014
0.00010251
0.000104849
0.000107028
0.000109045
0.000110899
0.000112588
0.000114108
0.000115455
0.000116622
0.0001176
0.0001184
0.000119154
0.000120983
0.00013129
0.000183749
0.000358801
0.000666194
0.000866717
0.00093364
0.000948326
0.000951423
0.000953035
0.000954865
0.000957139
0.000959889
0.000963123
0.000966858
0.000971122
0.000975957
0.000981419
0.000987577
0.00099452
0.00100236
0.00101123
0.00102128
0.00103273
0.00104585
0.00106098
0.00107864
0.0010995
0.00112464
0.00115558
0.00119438
0.00124309
0.00130105
0.00136394
0.00142648
0.00148487
0.00153886
0.00158913
0.00163643
0.00168131
0.00172405
0.00176489
0.0018039
0.00184115
0.00187669
0.00191052
0.0019427
0.00197322
0.0020021
0.00202938
0.00205508
0.0020792
0.00210177
0.00212277
0.00214218
0.00216
0.00217613
0.00219055
0.002203
0.00221348
0.00222044
0.00222372
0.00222701
0.00223109
0.00223564
0.00224024
0.00224463
1.68548e-09
1.69598e-09
1.70489e-09
1.71239e-09
1.71837e-09
1.72265e-09
1.72583e-09
1.73088e-09
1.73825e-09
1.74697e-09
1.75714e-09
1.7686e-09
1.78142e-09
1.79558e-09
1.81117e-09
1.82825e-09
1.84697e-09
1.86747e-09
1.88997e-09
1.91471e-09
1.94201e-09
1.97225e-09
2.00592e-09
2.04362e-09
2.08612e-09
2.13444e-09
2.18999e-09
2.25471e-09
2.33151e-09
2.42473e-09
2.54117e-09
2.69153e-09
2.89088e-09
3.15588e-09
3.48893e-09
3.86859e-09
4.26063e-09
4.63656e-09
4.99073e-09
5.32547e-09
5.64462e-09
5.95096e-09
6.24594e-09
6.52996e-09
6.80289e-09
7.06412e-09
7.31304e-09
7.54886e-09
7.77091e-09
7.97848e-09
8.1708e-09
8.34726e-09
8.50728e-09
8.64987e-09
8.77411e-09
8.87891e-09
8.96339e-09
9.03195e-09
9.13036e-09
9.65087e-09
1.33698e-08
3.35235e-08
1.02858e-07
2.26809e-07
3.08003e-07
3.34822e-07
3.40549e-07
3.41729e-07
3.42401e-07
3.43226e-07
3.44287e-07
3.45597e-07
3.47157e-07
3.48973e-07
3.5106e-07
3.53439e-07
3.56141e-07
3.59203e-07
3.62677e-07
3.66632e-07
3.71151e-07
3.7634e-07
3.82348e-07
3.89376e-07
3.97703e-07
4.07754e-07
4.20154e-07
4.35898e-07
4.56535e-07
4.84269e-07
5.21571e-07
5.68886e-07
6.23098e-07
6.79376e-07
7.33536e-07
7.84641e-07
8.32999e-07
8.79093e-07
9.2331e-07
9.65823e-07
1.00671e-06
1.04593e-06
1.08342e-06
1.1191e-06
1.15286e-06
1.18461e-06
1.21428e-06
1.24176e-06
1.267e-06
1.28989e-06
1.31034e-06
1.32822e-06
1.34338e-06
1.35569e-06
1.3656e-06
1.37807e-06
1.436e-06
1.84231e-06
4.03685e-06
1.15656e-05
2.49767e-05
3.37095e-05
3.65698e-05
3.71653e-05
3.72746e-05
3.73284e-05
3.73962e-05
3.74865e-05
3.76002e-05
3.77375e-05
3.7899e-05
3.8086e-05
3.83005e-05
3.85454e-05
3.88243e-05
3.91422e-05
3.95055e-05
3.99218e-05
4.04013e-05
4.09576e-05
4.16091e-05
4.23814e-05
4.33127e-05
4.44589e-05
4.59082e-05
4.7796e-05
5.03117e-05
5.36599e-05
5.78538e-05
6.25879e-05
6.742e-05
7.19902e-05
7.62276e-05
8.01677e-05
8.3859e-05
8.73409e-05
9.0634e-05
9.37511e-05
9.66953e-05
9.94682e-05
0.00010207
0.000104499
0.000106756
0.00010884
0.000110752
0.000112491
0.000114057
0.000115447
0.000116656
0.000117678
0.000118503
0.000119135
0.000119681
0.000121149
0.000130625
0.000181654
0.00035638
0.000666766
0.000868201
0.000934092
0.000947815
0.000950312
0.000951468
0.000952872
0.000954721
0.000957036
0.000959816
0.000963074
0.00096683
0.000971118
0.000975988
0.000981504
0.00098775
0.000994833
0.00100288
0.00101206
0.00102259
0.00103476
0.00104895
0.00106577
0.00108602
0.00111101
0.00114267
0.0011836
0.00123631
0.00130016
0.00136994
0.00143904
0.00150274
0.00156059
0.00161356
0.00166266
0.00170868
0.00175209
0.00179321
0.00183221
0.00186921
0.00190431
0.00193754
0.00196898
0.00199866
0.00202662
0.00205289
0.00207753
0.00210054
0.00212194
0.00214173
0.00215989
0.0021764
0.00219115
0.00220412
0.00221497
0.00222373
0.00222859
0.00222958
0.00223113
0.00223405
0.00223784
0.00224195
0.002246
0.00224413
0.00224662
0.00224891
0.00225101
0.00225293
0.00225468
0.00225626
0.00225766
0.00225891
0.00225999
0.00226091
0.00226168
0.0022623
0.00226278
0.0022631
0.00226329
0.00226333
0.00226325
0.00226303
0.00226269
0.00226222
0.00226164
0.00226096
0.00226017
0.0022593
0.00225834
0.00225731
0.00225623
0.00225511
0.00225396
0.00225282
0.00225168
0.00225059
0.00224956
0.00224861
0.00224778
0.00224707
0.00224652
0.00224614
0.00224595
0.00224419
0.00224668
0.00224896
0.00225107
0.00225299
0.00225474
0.00225631
0.00225772
0.00225896
0.00226004
0.00226097
0.00226174
0.00226235
0.00226283
0.00226315
0.00226334
0.00226338
0.0022633
0.00226308
0.00226274
0.00226227
0.00226169
0.00226101
0.00226022
0.00225934
0.00225838
0.00225736
0.00225628
0.00225515
0.00225401
0.00225286
0.00225172
0.00225063
0.00224959
0.00224865
0.00224781
0.0022471
0.00224655
0.00224617
0.00224598
0.00224434
0.00224681
0.00224909
0.00225119
0.00225311
0.00225485
0.00225642
0.00225783
0.00225907
0.00226015
0.00226107
0.00226184
0.00226246
0.00226293
0.00226326
0.00226344
0.00226349
0.0022634
0.00226318
0.00226284
0.00226237
0.00226179
0.0022611
0.00226032
0.00225944
0.00225848
0.00225745
0.00225636
0.00225524
0.00225409
0.00225294
0.0022518
0.0022507
0.00224967
0.00224871
0.00224787
0.00224716
0.00224661
0.00224622
0.00224603
0.00224458
0.00224704
0.00224931
0.00225139
0.0022533
0.00225504
0.00225661
0.002258
0.00225924
0.00226032
0.00226124
0.002262
0.00226262
0.00226309
0.00226341
0.00226359
0.00226364
0.00226355
0.00226333
0.00226298
0.00226252
0.00226194
0.00226125
0.00226046
0.00225958
0.00225862
0.00225759
0.0022565
0.00225537
0.00225422
0.00225306
0.00225192
0.00225081
0.00224977
0.00224881
0.00224797
0.00224725
0.00224669
0.00224631
0.00224611
0.00224493
0.00224736
0.00224961
0.00225168
0.00225358
0.0022553
0.00225686
0.00225825
0.00225948
0.00226055
0.00226146
0.00226222
0.00226283
0.0022633
0.00226362
0.0022638
0.00226384
0.00226375
0.00226353
0.00226318
0.00226271
0.00226213
0.00226144
0.00226065
0.00225977
0.0022588
0.00225777
0.00225667
0.00225554
0.00225438
0.00225322
0.00225207
0.00225096
0.00224991
0.00224895
0.00224809
0.00224737
0.00224681
0.00224642
0.00224622
0.00224542
0.00224781
0.00225003
0.00225207
0.00225395
0.00225565
0.00225719
0.00225856
0.00225978
0.00226084
0.00226174
0.0022625
0.0022631
0.00226356
0.00226388
0.00226406
0.0022641
0.002264
0.00226378
0.00226343
0.00226296
0.00226237
0.00226168
0.00226088
0.00226
0.00225903
0.00225799
0.00225689
0.00225575
0.00225459
0.00225342
0.00225227
0.00225115
0.00225009
0.00224912
0.00224825
0.00224752
0.00224695
0.00224656
0.00224636
0.00224606
0.00224839
0.00225057
0.00225257
0.00225441
0.00225609
0.0022576
0.00225896
0.00226016
0.0022612
0.00226209
0.00226284
0.00226343
0.00226389
0.0022642
0.00226437
0.0022644
0.0022643
0.00226407
0.00226372
0.00226325
0.00226266
0.00226196
0.00226116
0.00226027
0.0022593
0.00225825
0.00225715
0.00225601
0.00225484
0.00225366
0.00225249
0.00225137
0.0022503
0.00224931
0.00224844
0.00224771
0.00224713
0.00224673
0.00224652
0.00224685
0.00224912
0.00225123
0.00225319
0.00225498
0.00225662
0.00225811
0.00225944
0.00226061
0.00226164
0.00226251
0.00226324
0.00226382
0.00226427
0.00226457
0.00226473
0.00226476
0.00226465
0.00226442
0.00226406
0.00226358
0.00226299
0.00226229
0.00226148
0.00226059
0.00225961
0.00225856
0.00225745
0.0022563
0.00225512
0.00225393
0.00225276
0.00225162
0.00225054
0.00224955
0.00224866
0.00224791
0.00224733
0.00224692
0.00224671
0.00224783
0.00225001
0.00225204
0.00225393
0.00225567
0.00225726
0.00225871
0.00226
0.00226115
0.00226215
0.002263
0.00226371
0.00226428
0.0022647
0.00226499
0.00226515
0.00226516
0.00226505
0.00226481
0.00226445
0.00226396
0.00226337
0.00226266
0.00226185
0.00226095
0.00225996
0.00225891
0.00225779
0.00225663
0.00225544
0.00225424
0.00225306
0.00225191
0.00225081
0.00224981
0.00224891
0.00224815
0.00224756
0.00224714
0.00224693
0.00224901
0.00225106
0.002253
0.00225481
0.00225648
0.00225801
0.0022594
0.00226066
0.00226176
0.00226273
0.00226356
0.00226425
0.00226479
0.0022652
0.00226548
0.00226562
0.00226562
0.0022655
0.00226525
0.00226488
0.00226439
0.00226379
0.00226307
0.00226226
0.00226135
0.00226036
0.00225929
0.00225817
0.002257
0.0022558
0.00225459
0.00225339
0.00225223
0.00225112
0.0022501
0.00224919
0.00224842
0.00224781
0.00224739
0.00224717
4.31432e-12
1.4784e-11
2.75644e-11
4.30406e-11
6.15815e-11
8.35475e-11
1.09295e-10
1.3917e-10
1.7349e-10
2.12529e-10
2.56497e-10
3.05515e-10
3.59598e-10
4.1863e-10
4.82352e-10
5.50349e-10
6.22049e-10
6.96728e-10
7.73525e-10
8.51469e-10
9.29511e-10
1.00657e-09
1.0816e-09
1.15358e-09
1.22166e-09
1.28509e-09
1.34332e-09
1.39603e-09
1.44305e-09
1.48445e-09
1.52043e-09
1.55135e-09
1.57765e-09
1.59986e-09
1.61852e-09
1.63417e-09
1.64732e-09
1.65843e-09
1.66789e-09
1.67605e-09
4.24952e-12
1.45581e-11
2.714e-11
4.23907e-11
6.06937e-11
8.24231e-11
1.07948e-10
1.37623e-10
1.7178e-10
2.10702e-10
2.54611e-10
3.03638e-10
3.57806e-10
4.17005e-10
4.80978e-10
5.4931e-10
6.2142e-10
6.96573e-10
7.7389e-10
8.5238e-10
9.3097e-10
1.00856e-09
1.08406e-09
1.15645e-09
1.22484e-09
1.28849e-09
1.34685e-09
1.39957e-09
1.44651e-09
1.48774e-09
1.52349e-09
1.55413e-09
1.58013e-09
1.60202e-09
1.62035e-09
1.63569e-09
1.64854e-09
1.65936e-09
1.66855e-09
1.67644e-09
4.18822e-12
1.4344e-11
2.67357e-11
4.17665e-11
5.98331e-11
8.13235e-11
1.06619e-10
1.36089e-10
1.70074e-10
2.08873e-10
2.52717e-10
3.01749e-10
3.56e-10
4.15368e-10
4.79599e-10
5.48273e-10
6.20805e-10
6.96445e-10
7.74298e-10
8.53349e-10
9.32502e-10
1.01063e-09
1.08661e-09
1.15942e-09
1.22813e-09
1.292e-09
1.35046e-09
1.40318e-09
1.45003e-09
1.49108e-09
1.52658e-09
1.55692e-09
1.58259e-09
1.60414e-09
1.62214e-09
1.63714e-09
1.64967e-09
1.66019e-09
1.6691e-09
1.67671e-09
4.13012e-12
1.41411e-11
2.63514e-11
4.11696e-11
5.90038e-11
8.02556e-11
1.0532e-10
1.34579e-10
1.68388e-10
2.07056e-10
2.50829e-10
2.99862e-10
3.54196e-10
4.13734e-10
4.78225e-10
5.47248e-10
6.2021e-10
6.96347e-10
7.74747e-10
8.54372e-10
9.34097e-10
1.01277e-09
1.08924e-09
1.16246e-09
1.23149e-09
1.29557e-09
1.35413e-09
1.40684e-09
1.45357e-09
1.49443e-09
1.52966e-09
1.55969e-09
1.58501e-09
1.60621e-09
1.62385e-09
1.63851e-09
1.65071e-09
1.66091e-09
1.66952e-09
1.67683e-09
4.07501e-12
1.39488e-11
2.59868e-11
4.06007e-11
5.82084e-11
7.92243e-11
1.04057e-10
1.33103e-10
1.66731e-10
2.05264e-10
2.48963e-10
2.97993e-10
3.52406e-10
4.12113e-10
4.76866e-10
5.46242e-10
6.19639e-10
6.96282e-10
7.75236e-10
8.55442e-10
9.35747e-10
1.01497e-09
1.09194e-09
1.16557e-09
1.23491e-09
1.29919e-09
1.35784e-09
1.41052e-09
1.45713e-09
1.49776e-09
1.53271e-09
1.56241e-09
1.58738e-09
1.6082e-09
1.62548e-09
1.63978e-09
1.65163e-09
1.66151e-09
1.6698e-09
1.67679e-09
4.0227e-12
1.37665e-11
2.56412e-11
4.00599e-11
5.74483e-11
7.8233e-11
1.02836e-10
1.31668e-10
1.65113e-10
2.03508e-10
2.47128e-10
2.96152e-10
3.50641e-10
4.10517e-10
4.75531e-10
5.45262e-10
6.19098e-10
6.96249e-10
7.75763e-10
8.56554e-10
9.37441e-10
1.01721e-09
1.09467e-09
1.16871e-09
1.23836e-09
1.30283e-09
1.36156e-09
1.4142e-09
1.46066e-09
1.50107e-09
1.53572e-09
1.56507e-09
1.58967e-09
1.61011e-09
1.62701e-09
1.64094e-09
1.65244e-09
1.66198e-09
1.66993e-09
1.6766e-09
3.97302e-12
1.35937e-11
2.5314e-11
3.95469e-11
5.67245e-11
7.72841e-11
1.01662e-10
1.30281e-10
1.63541e-10
2.01796e-10
2.45334e-10
2.94348e-10
3.48911e-10
4.08952e-10
4.74228e-10
5.44312e-10
6.18587e-10
6.96249e-10
7.76324e-10
8.57701e-10
9.39171e-10
1.01949e-09
1.09744e-09
1.17188e-09
1.24183e-09
1.30648e-09
1.36526e-09
1.41785e-09
1.46416e-09
1.50432e-09
1.53866e-09
1.56765e-09
1.59187e-09
1.61192e-09
1.62842e-09
1.64198e-09
1.65312e-09
1.6623e-09
1.66991e-09
1.67623e-09
3.92585e-12
1.343e-11
2.50044e-11
3.90611e-11
5.60368e-11
7.63788e-11
1.00535e-10
1.28945e-10
1.62021e-10
2.00135e-10
2.43588e-10
2.92589e-10
3.47224e-10
4.07427e-10
4.72961e-10
5.43397e-10
6.18111e-10
6.96282e-10
7.76917e-10
8.58878e-10
9.40928e-10
1.02179e-09
1.10022e-09
1.17506e-09
1.2453e-09
1.31011e-09
1.36894e-09
1.42146e-09
1.4676e-09
1.5075e-09
1.54152e-09
1.57014e-09
1.59396e-09
1.61361e-09
1.62972e-09
1.64289e-09
1.65366e-09
1.66249e-09
1.66974e-09
1.67569e-09
3.88106e-12
1.32749e-11
2.47118e-11
3.86017e-11
5.53851e-11
7.55175e-11
9.94592e-11
1.27663e-10
1.60557e-10
1.98529e-10
2.41897e-10
2.90883e-10
3.45585e-10
4.05947e-10
4.71735e-10
5.42521e-10
6.17669e-10
6.96346e-10
7.77538e-10
8.60079e-10
9.42704e-10
1.02411e-09
1.10301e-09
1.17823e-09
1.24874e-09
1.31372e-09
1.37258e-09
1.42502e-09
1.47096e-09
1.51059e-09
1.54428e-09
1.57253e-09
1.59595e-09
1.61519e-09
1.6309e-09
1.64368e-09
1.65407e-09
1.66252e-09
1.6694e-09
1.67498e-09
3.83858e-12
1.31281e-11
2.44353e-11
3.81679e-11
5.47685e-11
7.47001e-11
9.84341e-11
1.26437e-10
1.59152e-10
1.96983e-10
2.40264e-10
2.89233e-10
3.43999e-10
4.04516e-10
4.70555e-10
5.41684e-10
6.17262e-10
6.9644e-10
7.78182e-10
8.61298e-10
9.4449e-10
1.02642e-09
1.10579e-09
1.18138e-09
1.25215e-09
1.31727e-09
1.37616e-09
1.4285e-09
1.47425e-09
1.5136e-09
1.54694e-09
1.5748e-09
1.59781e-09
1.61664e-09
1.63194e-09
1.64433e-09
1.65433e-09
1.6624e-09
1.66891e-09
1.6741e-09
1.68566e-09
1.69572e-09
1.70411e-09
1.71092e-09
1.71593e-09
1.71886e-09
1.72028e-09
1.72359e-09
1.72942e-09
1.73664e-09
1.74535e-09
1.75533e-09
1.76663e-09
1.77921e-09
1.79311e-09
1.80838e-09
1.82513e-09
1.84349e-09
1.86364e-09
1.88579e-09
1.91023e-09
1.93731e-09
1.96749e-09
2.00135e-09
2.03963e-09
2.08339e-09
2.13409e-09
2.19384e-09
2.2659e-09
2.35527e-09
2.47e-09
2.62286e-09
2.83216e-09
3.11808e-09
3.48501e-09
3.90785e-09
4.34433e-09
4.75959e-09
5.1454e-09
5.50463e-09
5.84223e-09
6.16214e-09
6.46667e-09
6.75678e-09
7.0328e-09
7.2944e-09
7.54124e-09
7.77273e-09
7.98844e-09
8.18782e-09
8.37024e-09
8.53526e-09
8.68242e-09
8.81079e-09
8.91947e-09
9.00734e-09
9.07327e-09
9.12045e-09
9.18749e-09
9.63622e-09
1.31611e-08
3.29614e-08
1.02124e-07
2.26661e-07
3.08154e-07
3.34751e-07
3.4015e-07
3.41043e-07
3.41449e-07
3.42011e-07
3.42806e-07
3.43842e-07
3.45114e-07
3.46626e-07
3.48387e-07
3.5041e-07
3.52723e-07
3.55356e-07
3.58357e-07
3.61788e-07
3.65727e-07
3.70277e-07
3.75586e-07
3.81865e-07
3.89414e-07
3.98706e-07
4.10462e-07
4.2585e-07
4.46725e-07
4.75759e-07
5.15939e-07
5.68028e-07
6.28403e-07
6.91067e-07
7.50897e-07
8.06567e-07
8.58459e-07
9.07207e-07
9.53364e-07
9.97223e-07
1.03895e-06
1.07858e-06
1.11608e-06
1.15142e-06
1.18451e-06
1.21533e-06
1.24379e-06
1.26984e-06
1.29343e-06
1.31448e-06
1.33291e-06
1.34857e-06
1.36135e-06
1.37106e-06
1.37802e-06
1.38643e-06
1.43591e-06
1.82063e-06
3.9768e-06
1.14878e-05
2.49631e-05
3.37279e-05
3.65655e-05
3.71282e-05
3.721e-05
3.72388e-05
3.72821e-05
3.73474e-05
3.74355e-05
3.75458e-05
3.76787e-05
3.78349e-05
3.8016e-05
3.82243e-05
3.84629e-05
3.87364e-05
3.90506e-05
3.9413e-05
3.98332e-05
4.03252e-05
4.09084e-05
4.16106e-05
4.24746e-05
4.35656e-05
4.49877e-05
4.6904e-05
4.95452e-05
5.31588e-05
5.77801e-05
6.3051e-05
6.84226e-05
7.3456e-05
7.80511e-05
8.22536e-05
8.61285e-05
8.97313e-05
9.3095e-05
9.62417e-05
9.91811e-05
0.00010192
0.000104463
0.000106812
0.000108972
0.000110945
0.000112732
0.000114336
0.000115757
0.000116994
0.000118042
0.000118894
0.000119538
0.000119977
0.0001203
0.000121444
0.000130304
0.000180363
0.000354646
0.000666516
0.000868683
0.000934073
0.000947097
0.000949028
0.000949683
0.000950603
0.000951962
0.000953777
0.000956039
0.000958752
0.000961931
0.0009656
0.000969803
0.000974596
0.000980059
0.000986295
0.000993435
0.00100164
0.00101114
0.00102225
0.00103542
0.00105131
0.0010709
0.00109577
0.00112824
0.00117153
0.00122866
0.00129913
0.00137675
0.00145332
0.00152315
0.00158555
0.00164173
0.001693
0.00174042
0.00178465
0.00182614
0.00186515
0.00190188
0.00193647
0.001969
0.00199959
0.00202829
0.00205515
0.00208025
0.00210364
0.00212534
0.00214538
0.00216376
0.00218045
0.00219543
0.00220856
0.00221982
0.0022288
0.00223553
0.00223794
0.00223637
0.00223597
0.00223755
0.00224046
0.00224398
0.00224762
1.68569e-09
1.69527e-09
1.70307e-09
1.70911e-09
1.71305e-09
1.71451e-09
1.71401e-09
1.71537e-09
1.71945e-09
1.72499e-09
1.73206e-09
1.74038e-09
1.74999e-09
1.7608e-09
1.77284e-09
1.78612e-09
1.80072e-09
1.81674e-09
1.83433e-09
1.85367e-09
1.87501e-09
1.89868e-09
1.92511e-09
1.95485e-09
1.98863e-09
2.02753e-09
2.07309e-09
2.1276e-09
2.19472e-09
2.28012e-09
2.39314e-09
2.54875e-09
2.76864e-09
3.0768e-09
3.48046e-09
3.95088e-09
4.43695e-09
4.89693e-09
5.31932e-09
5.70722e-09
6.06662e-09
6.40262e-09
6.71847e-09
7.01579e-09
7.29543e-09
7.55743e-09
7.80175e-09
8.02812e-09
8.23634e-09
8.42609e-09
8.59692e-09
8.74859e-09
8.88079e-09
8.99265e-09
9.0833e-09
9.15162e-09
9.19631e-09
9.21987e-09
9.25679e-09
9.6537e-09
1.3072e-08
3.27074e-08
1.01666e-07
2.26175e-07
3.07899e-07
3.34491e-07
3.39665e-07
3.40279e-07
3.40395e-07
3.40664e-07
3.41161e-07
3.4189e-07
3.42844e-07
3.4402e-07
3.45422e-07
3.47058e-07
3.48947e-07
3.51116e-07
3.53605e-07
3.56471e-07
3.59788e-07
3.63654e-07
3.68219e-07
3.73703e-07
3.8043e-07
3.88925e-07
4.00008e-07
4.15032e-07
4.36164e-07
4.66572e-07
5.09806e-07
5.67063e-07
6.34227e-07
7.04016e-07
7.70288e-07
8.31229e-07
8.87254e-07
9.39131e-07
9.87584e-07
1.03304e-06
1.07577e-06
1.11586e-06
1.15337e-06
1.1883e-06
1.22062e-06
1.25032e-06
1.27738e-06
1.30175e-06
1.32342e-06
1.34234e-06
1.35842e-06
1.37153e-06
1.38155e-06
1.38827e-06
1.39195e-06
1.39635e-06
1.43948e-06
1.81206e-06
3.95032e-06
1.14399e-05
2.49131e-05
3.3703e-05
3.65414e-05
3.70828e-05
3.71382e-05
3.71399e-05
3.71559e-05
3.71933e-05
3.72527e-05
3.73332e-05
3.74346e-05
3.7557e-05
3.77016e-05
3.78701e-05
3.8065e-05
3.82904e-05
3.85517e-05
3.8856e-05
3.92128e-05
3.9636e-05
4.01466e-05
4.07743e-05
4.15676e-05
4.26008e-05
4.39951e-05
4.59424e-05
4.87168e-05
5.26131e-05
5.76979e-05
6.35599e-05
6.95323e-05
7.509e-05
8.00965e-05
8.4605e-05
8.86958e-05
9.24418e-05
9.58895e-05
9.90717e-05
0.000102006
0.000104706
0.000107181
0.000109438
0.000111486
0.000113329
0.000114973
0.000116421
0.000117676
0.000118738
0.0001196
0.000120257
0.000120695
0.000120916
0.000121
0.000121853
0.000130302
0.000179858
0.000353612
0.000665429
0.000868166
0.000933607
0.000946198
0.000947596
0.00094771
0.000948087
0.000948898
0.000950155
0.00095184
0.00095395
0.000956492
0.000959481
0.000962952
0.000966955
0.000971565
0.000976881
0.000983033
0.000990184
0.00099858
0.00100856
0.00102063
0.00103554
0.00105445
0.00107921
0.00111259
0.00115842
0.00122031
0.00129797
0.00138419
0.00146907
0.00154581
0.00161342
0.00167334
0.00172719
0.00177629
0.00182151
0.00186347
0.00190253
0.00193897
0.00197299
0.00200474
0.00203435
0.00206192
0.00208754
0.00211129
0.00213326
0.00215347
0.00217196
0.00218873
0.00220374
0.00221697
0.00222824
0.00223755
0.00224438
0.00224877
0.00224844
0.00224406
0.00224153
0.00224161
0.00224352
0.00224634
0.00224951
1.68556e-09
1.6946e-09
1.70176e-09
1.70695e-09
1.70973e-09
1.7096e-09
1.70706e-09
1.70632e-09
1.70846e-09
1.71214e-09
1.7174e-09
1.72392e-09
1.7317e-09
1.74061e-09
1.75064e-09
1.76179e-09
1.77409e-09
1.78761e-09
1.80249e-09
1.81887e-09
1.83695e-09
1.85704e-09
1.87955e-09
1.90499e-09
1.93412e-09
1.968e-09
2.0083e-09
2.05747e-09
2.11958e-09
2.20105e-09
2.31248e-09
2.47105e-09
2.7019e-09
3.03304e-09
3.47523e-09
3.99646e-09
4.53652e-09
5.04623e-09
5.5101e-09
5.93101e-09
6.31574e-09
6.67051e-09
6.9996e-09
7.30534e-09
7.58917e-09
7.85161e-09
8.09301e-09
8.31342e-09
8.513e-09
8.69168e-09
8.84923e-09
8.98565e-09
9.10081e-09
9.1939e-09
9.26409e-09
9.3103e-09
9.3311e-09
9.32878e-09
9.33635e-09
9.69909e-09
1.30908e-08
3.27372e-08
1.01466e-07
2.25369e-07
3.07262e-07
3.34058e-07
3.39107e-07
3.39451e-07
3.39256e-07
3.39205e-07
3.39375e-07
3.39772e-07
3.40381e-07
3.41196e-07
3.42214e-07
3.43437e-07
3.44878e-07
3.46558e-07
3.48509e-07
3.50785e-07
3.53453e-07
3.5661e-07
3.60406e-07
3.65072e-07
3.70957e-07
3.78641e-07
3.89046e-07
4.03709e-07
4.25116e-07
4.56936e-07
5.03315e-07
5.65985e-07
6.40398e-07
7.17938e-07
7.9137e-07
8.58282e-07
9.19057e-07
9.74564e-07
1.02569e-06
1.073e-06
1.11689e-06
1.15754e-06
1.19505e-06
1.22951e-06
1.26093e-06
1.28936e-06
1.3148e-06
1.33726e-06
1.35674e-06
1.37323e-06
1.38665e-06
1.39687e-06
1.40377e-06
1.40715e-06
1.40722e-06
1.4076e-06
1.44623e-06
1.81534e-06
3.95475e-06
1.142e-05
2.48288e-05
3.36373e-05
3.64993e-05
3.70303e-05
3.70607e-05
3.70335e-05
3.70195e-05
3.70266e-05
3.70548e-05
3.7103e-05
3.71705e-05
3.72568e-05
3.73625e-05
3.74888e-05
3.76376e-05
3.78125e-05
3.80184e-05
3.8262e-05
3.85527e-05
3.89048e-05
3.93402e-05
3.98915e-05
4.06124e-05
4.15872e-05
4.29545e-05
4.49347e-05
4.7847e-05
5.20356e-05
5.76067e-05
6.40998e-05
7.07244e-05
7.68629e-05
8.23336e-05
8.71926e-05
9.15333e-05
9.54462e-05
9.89924e-05
0.000102217
0.000105147
0.000107802
0.0001102
0.000112353
0.000114274
0.000115972
0.000117454
0.000118727
0.000119796
0.00012066
0.000121315
0.000121753
0.00012196
0.000121939
0.000121767
0.000122359
0.000130589
0.000180077
0.000353229
0.00066355
0.000866713
0.000932728
0.000945142
0.000946045
0.000945582
0.000945366
0.000945576
0.000946223
0.000947281
0.00094874
0.000950595
0.000952855
0.000955547
0.00095871
0.000962414
0.000966758
0.000971869
0.000977914
0.000985154
0.000993963
0.00100489
0.00101881
0.00103704
0.00106173
0.00109609
0.00114458
0.00121144
0.00129666
0.00139207
0.00148591
0.00157028
0.00164375
0.00170797
0.00176481
0.0018159
0.00186232
0.00190487
0.00194403
0.00198018
0.00201358
0.00204446
0.00207299
0.00209931
0.00212353
0.00214578
0.00216616
0.0021847
0.00220145
0.00221642
0.00222955
0.00224083
0.00225004
0.00225716
0.00226159
0.00226335
0.00226002
0.00225267
0.00224784
0.00224626
0.00224704
0.00224907
0.00225168
1.68525e-09
1.69371e-09
1.70016e-09
1.70443e-09
1.70595e-09
1.70417e-09
1.6995e-09
1.69653e-09
1.69658e-09
1.69825e-09
1.70158e-09
1.70617e-09
1.71199e-09
1.71889e-09
1.72682e-09
1.73573e-09
1.74563e-09
1.75658e-09
1.76864e-09
1.78196e-09
1.79671e-09
1.81314e-09
1.83166e-09
1.85277e-09
1.87718e-09
1.90604e-09
1.94109e-09
1.98499e-09
2.04222e-09
2.1199e-09
2.22997e-09
2.39168e-09
2.63361e-09
2.98787e-09
3.46924e-09
4.04321e-09
4.64067e-09
5.20462e-09
5.71472e-09
6.17304e-09
6.58678e-09
6.96319e-09
7.30756e-09
7.62302e-09
7.91171e-09
8.17468e-09
8.41276e-09
8.62642e-09
8.81623e-09
8.98241e-09
9.12503e-09
9.24435e-09
9.34045e-09
9.41261e-09
9.46001e-09
9.48165e-09
9.47606e-09
9.44568e-09
9.42442e-09
9.76874e-09
1.32057e-08
3.30184e-08
1.01494e-07
2.24275e-07
3.06279e-07
3.3347e-07
3.38489e-07
3.38574e-07
3.38052e-07
3.37658e-07
3.37479e-07
3.3752e-07
3.37763e-07
3.38198e-07
3.38815e-07
3.3961e-07
3.40588e-07
3.41764e-07
3.43166e-07
3.4484e-07
3.46851e-07
3.49291e-07
3.52314e-07
3.56162e-07
3.6121e-07
3.68093e-07
3.77835e-07
3.92158e-07
4.13854e-07
4.4709e-07
4.9662e-07
5.64788e-07
6.46718e-07
7.32498e-07
8.13729e-07
8.87291e-07
9.53441e-07
1.0131e-06
1.0673e-06
1.11676e-06
1.16199e-06
1.20326e-06
1.24079e-06
1.27471e-06
1.30512e-06
1.33211e-06
1.35574e-06
1.37605e-06
1.39309e-06
1.40687e-06
1.41732e-06
1.42434e-06
1.42778e-06
1.42745e-06
1.42359e-06
1.41994e-06
1.45573e-06
1.82915e-06
3.98658e-06
1.14251e-05
2.47135e-05
3.35347e-05
3.64409e-05
3.69719e-05
3.69788e-05
3.69212e-05
3.68753e-05
3.68497e-05
3.68448e-05
3.68588e-05
3.68906e-05
3.69393e-05
3.70046e-05
3.70873e-05
3.71886e-05
3.73117e-05
3.74611e-05
3.7643e-05
3.78668e-05
3.8147e-05
3.8507e-05
3.89819e-05
3.96312e-05
4.05487e-05
4.18906e-05
4.39057e-05
4.6957e-05
5.14401e-05
5.75063e-05
6.46537e-05
7.197e-05
7.87393e-05
8.47249e-05
8.99791e-05
9.4605e-05
9.871e-05
0.000102371
0.000105646
0.000108572
0.00011118
0.000113492
0.00011553
0.00011731
0.000118847
0.00012015
0.00012123
0.000122094
0.000122741
0.000123166
0.000123364
0.000123318
0.000123031
0.00012259
0.000122945
0.000131129
0.000180937
0.000353425
0.000660956
0.00086441
0.000931476
0.000943956
0.000944402
0.000943333
0.000942482
0.000942046
0.00094204
0.00094243
0.0009432
0.000944334
0.000945832
0.00094771
0.000950001
0.00095277
0.000956111
0.000960153
0.000965067
0.00097113
0.000978749
0.000988531
0.00100147
0.00101905
0.00104371
0.00107912
0.00113036
0.00120226
0.00129521
0.00140012
0.00150344
0.00159605
0.00167602
0.00174508
0.00180535
0.00185876
0.00190661
0.00194989
0.00198922
0.00202508
0.00205784
0.00208778
0.00211513
0.00214008
0.00216278
0.00218338
0.00220201
0.00221873
0.00223358
0.00224657
0.00225765
0.00226679
0.00227374
0.00227845
0.00228025
0.00227915
0.00227262
0.00226216
0.0022549
0.00225152
0.00225103
0.00225218
0.00225414
1.68476e-09
1.6926e-09
1.69828e-09
1.70155e-09
1.70174e-09
1.69822e-09
1.69139e-09
1.6861e-09
1.68394e-09
1.68348e-09
1.68478e-09
1.68735e-09
1.69114e-09
1.69595e-09
1.70171e-09
1.70833e-09
1.71579e-09
1.72411e-09
1.73334e-09
1.74359e-09
1.75499e-09
1.76778e-09
1.78234e-09
1.79916e-09
1.81896e-09
1.84292e-09
1.87288e-09
1.91171e-09
1.96431e-09
2.03852e-09
2.14749e-09
2.31254e-09
2.56548e-09
2.94243e-09
3.46246e-09
4.08958e-09
4.74673e-09
5.36874e-09
5.9296e-09
6.42974e-09
6.87627e-09
7.27733e-09
7.63917e-09
7.96578e-09
8.26007e-09
8.52373e-09
8.75815e-09
8.96433e-09
9.14329e-09
9.29563e-09
9.42176e-09
9.52226e-09
9.59741e-09
9.64659e-09
9.66906e-09
9.66385e-09
9.62955e-09
9.56911e-09
9.51948e-09
9.85908e-09
1.34007e-08
3.34991e-08
1.01698e-07
2.22954e-07
3.05013e-07
3.32749e-07
3.37823e-07
3.37664e-07
3.36801e-07
3.36045e-07
3.35498e-07
3.35167e-07
3.35031e-07
3.35073e-07
3.35279e-07
3.35638e-07
3.3615e-07
3.3682e-07
3.37673e-07
3.3875e-07
3.4011e-07
3.41846e-07
3.44113e-07
3.47164e-07
3.51401e-07
3.57516e-07
3.66632e-07
3.80646e-07
4.02645e-07
4.37274e-07
4.89885e-07
5.63466e-07
6.52966e-07
7.47308e-07
8.36885e-07
9.17739e-07
9.89887e-07
1.05423e-06
1.11193e-06
1.16383e-06
1.21059e-06
1.2526e-06
1.29016e-06
1.32349e-06
1.35278e-06
1.37817e-06
1.3998e-06
1.41775e-06
1.43211e-06
1.44292e-06
1.45013e-06
1.45363e-06
1.4533e-06
1.44895e-06
1.44087e-06
1.43318e-06
1.46757e-06
1.85175e-06
4.04016e-06
1.14492e-05
2.45737e-05
3.34019e-05
3.63685e-05
3.69089e-05
3.68939e-05
3.68048e-05
3.67253e-05
3.66654e-05
3.66258e-05
3.66043e-05
3.65993e-05
3.66094e-05
3.66338e-05
3.66724e-05
3.6726e-05
3.67973e-05
3.68904e-05
3.70111e-05
3.71688e-05
3.73785e-05
3.76646e-05
3.80654e-05
3.86455e-05
3.95088e-05
4.08281e-05
4.28795e-05
4.60686e-05
5.08409e-05
5.7396e-05
6.52024e-05
7.32364e-05
8.06783e-05
8.72267e-05
9.29205e-05
9.78677e-05
0.000102191
0.000105984
0.000109318
0.000112244
0.0001148
0.000117021
0.000118933
0.000120561
0.000121922
0.000123031
0.000123902
0.000124544
0.000124956
0.000125134
0.000125071
0.000124751
0.00012418
0.000123456
0.000123599
0.000131879
0.000182305
0.000354066
0.000657798
0.000861412
0.000929903
0.000942664
0.000942693
0.000940998
0.000939475
0.000938359
0.000937666
0.00093736
0.000937414
0.000937804
0.000938521
0.000939571
0.000940977
0.0009428
0.000945132
0.000948102
0.000951888
0.000956781
0.000963225
0.000971891
0.000983881
0.00100087
0.00102557
0.00106207
0.00111608
0.00119299
0.00129361
0.00140808
0.00152118
0.00162256
0.00170959
0.00178404
0.00184821
0.00190429
0.00195382
0.001998
0.00203759
0.00207319
0.00210529
0.00213424
0.00216034
0.00218382
0.00220488
0.00222371
0.00224047
0.00225522
0.00226802
0.00227889
0.00228776
0.0022946
0.00229911
0.00230124
0.00230022
0.00229603
0.00228617
0.00227251
0.0022627
0.0022574
0.00225552
0.00225567
0.00225692
1.68408e-09
1.69124e-09
1.6961e-09
1.69831e-09
1.6971e-09
1.6918e-09
1.68278e-09
1.67513e-09
1.67066e-09
1.66801e-09
1.66719e-09
1.66768e-09
1.6694e-09
1.67209e-09
1.67566e-09
1.67997e-09
1.68499e-09
1.6907e-09
1.69713e-09
1.70435e-09
1.71247e-09
1.72171e-09
1.73244e-09
1.74512e-09
1.76051e-09
1.7798e-09
1.80495e-09
1.83906e-09
1.8874e-09
1.9585e-09
2.06672e-09
2.23523e-09
2.49887e-09
2.89762e-09
3.45483e-09
4.13425e-09
4.85226e-09
5.53541e-09
6.15117e-09
6.6974e-09
7.18057e-09
7.60936e-09
7.99097e-09
8.33025e-09
8.63098e-09
8.89556e-09
9.12606e-09
9.32409e-09
9.49123e-09
9.6285e-09
9.7367e-09
9.81678e-09
9.86926e-09
9.89362e-09
9.88918e-09
9.85506e-09
9.78997e-09
9.69772e-09
9.62032e-09
9.96742e-09
1.36627e-08
3.4134e-08
1.02028e-07
2.21459e-07
3.0352e-07
3.31914e-07
3.3712e-07
3.36731e-07
3.35521e-07
3.34389e-07
3.3346e-07
3.32745e-07
3.32221e-07
3.31866e-07
3.31659e-07
3.31585e-07
3.31635e-07
3.31808e-07
3.32125e-07
3.32622e-07
3.33355e-07
3.34414e-07
3.35957e-07
3.38252e-07
3.41725e-07
3.47121e-07
3.55659e-07
3.69404e-07
3.91715e-07
4.27683e-07
4.83236e-07
5.62013e-07
6.58954e-07
7.62019e-07
8.60375e-07
9.49109e-07
1.02786e-06
1.09743e-06
1.15905e-06
1.21372e-06
1.26222e-06
1.30507e-06
1.34269e-06
1.3754e-06
1.40346e-06
1.42713e-06
1.44659e-06
1.46197e-06
1.47343e-06
1.48104e-06
1.48475e-06
1.48447e-06
1.48009e-06
1.47142e-06
1.45888e-06
1.44714e-06
1.48143e-06
1.88169e-06
4.11056e-06
1.14872e-05
2.44153e-05
3.32447e-05
3.62843e-05
3.68421e-05
3.68071e-05
3.66859e-05
3.65714e-05
3.64761e-05
3.64007e-05
3.6343e-05
3.63008e-05
3.62722e-05
3.62557e-05
3.62508e-05
3.62575e-05
3.62781e-05
3.63164e-05
3.63779e-05
3.64718e-05
3.66137e-05
3.68294e-05
3.71597e-05
3.76748e-05
3.84879e-05
3.9788e-05
4.18765e-05
4.51992e-05
5.02495e-05
5.72753e-05
6.57299e-05
7.44938e-05
8.26412e-05
8.97956e-05
9.59719e-05
0.000101277
0.000105846
0.000109789
0.000113193
0.000116121
0.000118626
0.000120749
0.000122527
0.000123991
0.000125165
0.000126067
0.000126716
0.000127121
0.000127283
0.000127197
0.000126856
0.000126245
0.000125373
0.000124355
0.000124307
0.000132804
0.000184066
0.00035503
0.00065421
0.000857854
0.000928056
0.000941285
0.000940942
0.000938608
0.000936387
0.000934562
0.00093316
0.000932138
0.000931462
0.000931101
0.000931033
0.000931255
0.000931782
0.000932669
0.000934007
0.000935925
0.000938608
0.000942367
0.000947679
0.00095528
0.000966383
0.000982837
0.00100764
0.00104529
0.00110203
0.00118383
0.00129186
0.00141571
0.00153873
0.00164925
0.00174388
0.00182425
0.00189278
0.00195188
0.00200337
0.00204862
0.00208857
0.00212398
0.00215542
0.00218334
0.00220813
0.00223006
0.00224939
0.00226635
0.00228112
0.00229379
0.00230442
0.00231304
0.00231958
0.00232398
0.00232591
0.00232531
0.00232131
0.0023139
0.00230062
0.00228372
0.00227127
0.00226391
0.00226052
0.00225958
0.00226001
1.68321e-09
1.68965e-09
1.69363e-09
1.69471e-09
1.69204e-09
1.68492e-09
1.67371e-09
1.6637e-09
1.65688e-09
1.65198e-09
1.64901e-09
1.64739e-09
1.64701e-09
1.64758e-09
1.64897e-09
1.65102e-09
1.65364e-09
1.6568e-09
1.66051e-09
1.66482e-09
1.6698e-09
1.67566e-09
1.68275e-09
1.69154e-09
1.70279e-09
1.71774e-09
1.73847e-09
1.76827e-09
1.81279e-09
1.88122e-09
1.98899e-09
2.16101e-09
2.43488e-09
2.85413e-09
3.44632e-09
4.17613e-09
4.9551e-09
5.70162e-09
6.37594e-09
6.97233e-09
7.4959e-09
7.95558e-09
8.35932e-09
8.71288e-09
9.02095e-09
9.28678e-09
9.51318e-09
9.7025e-09
9.85694e-09
9.97803e-09
1.0067e-08
1.01253e-08
1.01535e-08
1.01514e-08
1.01184e-08
1.00535e-08
9.95583e-09
9.83033e-09
9.72596e-09
1.00915e-08
1.39785e-08
3.48769e-08
1.02438e-07
2.1985e-07
3.01856e-07
3.30985e-07
3.36386e-07
3.35788e-07
3.34226e-07
3.32709e-07
3.31389e-07
3.30284e-07
3.29369e-07
3.28618e-07
3.28004e-07
3.27505e-07
3.27108e-07
3.26804e-07
3.26608e-07
3.26555e-07
3.26695e-07
3.27118e-07
3.27987e-07
3.29579e-07
3.32348e-07
3.37086e-07
3.45103e-07
3.58617e-07
3.8124e-07
4.18469e-07
4.76771e-07
5.60423e-07
6.64526e-07
7.76322e-07
8.8377e-07
9.80901e-07
1.06683e-06
1.14214e-06
1.20813e-06
1.26589e-06
1.31635e-06
1.36017e-06
1.39788e-06
1.42993e-06
1.4567e-06
1.47853e-06
1.49566e-06
1.5083e-06
1.51668e-06
1.52087e-06
1.52086e-06
1.51657e-06
1.50788e-06
1.49465e-06
1.47743e-06
1.4617e-06
1.49704e-06
1.91753e-06
4.19277e-06
1.15337e-05
2.42445e-05
3.30694e-05
3.619e-05
3.67723e-05
3.67194e-05
3.65658e-05
3.64156e-05
3.6284e-05
3.61724e-05
3.60782e-05
3.59989e-05
3.59321e-05
3.58758e-05
3.58287e-05
3.57902e-05
3.57623e-05
3.57484e-05
3.57537e-05
3.57875e-05
3.58658e-05
3.60156e-05
3.62806e-05
3.67358e-05
3.75035e-05
3.87876e-05
4.09132e-05
4.43627e-05
4.96747e-05
5.71438e-05
6.62228e-05
7.57162e-05
8.45923e-05
9.23902e-05
9.90889e-05
0.000104787
0.000109629
0.000113741
0.000117226
0.000120162
0.000122614
0.000124635
0.000126273
0.000127565
0.000128542
0.000129227
0.000129641
0.000129799
0.000129698
0.000129335
0.000128702
0.000127784
0.000126597
0.000125279
0.000125061
0.000133868
0.000186102
0.000356194
0.000650337
0.000853878
0.000925978
0.000939833
0.000939168
0.000936189
0.000933253
0.000930702
0.000928576
0.000926829
0.000925421
0.000924311
0.000923469
0.000922881
0.00092255
0.00092253
0.000922909
0.000923816
0.000925445
0.000928124
0.000932368
0.000938975
0.000949269
0.000965268
0.00099024
0.00102905
0.00108845
0.0011749
0.00128994
0.00142283
0.00155571
0.00167564
0.00177832
0.00186511
0.00193843
0.00200094
0.00205465
0.00210117
0.00214162
0.00217689
0.00220769
0.00223458
0.00225801
0.00227834
0.00229587
0.00231087
0.00232357
0.00233406
0.00234243
0.00234872
0.00235282
0.00235468
0.00235393
0.00235047
0.00234337
0.00233262
0.00231589
0.00229575
0.00228058
0.00227105
0.00226605
0.00226389
0.00226344
1.68214e-09
1.68782e-09
1.69086e-09
1.69076e-09
1.68658e-09
1.67761e-09
1.66425e-09
1.65189e-09
1.64271e-09
1.63554e-09
1.63041e-09
1.62668e-09
1.62422e-09
1.6227e-09
1.62197e-09
1.62181e-09
1.62212e-09
1.62284e-09
1.62397e-09
1.62552e-09
1.62756e-09
1.63026e-09
1.63398e-09
1.63919e-09
1.64664e-09
1.65766e-09
1.6744e-09
1.70036e-09
1.74153e-09
1.8077e-09
1.9153e-09
2.09077e-09
2.37417e-09
2.81235e-09
3.43689e-09
4.21452e-09
5.05367e-09
5.86496e-09
6.60091e-09
7.25117e-09
7.81875e-09
8.3124e-09
8.74064e-09
9.11012e-09
9.4265e-09
9.69395e-09
9.91616e-09
1.00963e-08
1.02373e-08
1.03412e-08
1.04099e-08
1.04451e-08
1.04479e-08
1.04179e-08
1.03546e-08
1.02575e-08
1.01257e-08
9.96587e-09
9.83566e-09
1.02296e-08
1.43383e-08
3.56939e-08
1.02889e-07
2.18168e-07
3.00066e-07
3.29976e-07
3.35629e-07
3.34842e-07
3.32929e-07
3.31022e-07
3.29307e-07
3.27811e-07
3.26507e-07
3.25366e-07
3.24357e-07
3.23451e-07
3.22629e-07
3.21874e-07
3.212e-07
3.20634e-07
3.20227e-07
3.20067e-07
3.2032e-07
3.21274e-07
3.23405e-07
3.27552e-07
3.35104e-07
3.48421e-07
3.7134e-07
4.09726e-07
4.70548e-07
5.58692e-07
6.69582e-07
7.89988e-07
9.06722e-07
1.01268e-06
1.1063e-06
1.18787e-06
1.25865e-06
1.31983e-06
1.37247e-06
1.41738e-06
1.45524e-06
1.48662e-06
1.51203e-06
1.53191e-06
1.54658e-06
1.55635e-06
1.56147e-06
1.56207e-06
1.55816e-06
1.54965e-06
1.53645e-06
1.51844e-06
1.49638e-06
1.47674e-06
1.51422e-06
1.95821e-06
4.28309e-06
1.15848e-05
2.4066e-05
3.28804e-05
3.60872e-05
3.66999e-05
3.66314e-05
3.64457e-05
3.62595e-05
3.60912e-05
3.59433e-05
3.58129e-05
3.56973e-05
3.55934e-05
3.54988e-05
3.54116e-05
3.53305e-05
3.52571e-05
3.51945e-05
3.51477e-05
3.5126e-05
3.51458e-05
3.52354e-05
3.54407e-05
3.58417e-05
3.65687e-05
3.78394e-05
4.00006e-05
4.35678e-05
4.91216e-05
5.70011e-05
6.66724e-05
7.68847e-05
8.6503e-05
9.4975e-05
0.000102232
0.000108355
0.000113498
0.000117798
0.000121376
0.000124325
0.000126725
0.000128642
0.000130133
0.000131247
0.000132019
0.000132479
0.000132652
0.000132552
0.000132179
0.000131528
0.000130592
0.000129356
0.000127842
0.00012622
0.000125854
0.000135045
0.000188329
0.000357466
0.000646286
0.000849589
0.000923702
0.000938321
0.000937384
0.000933767
0.000930106
0.000926818
0.000923962
0.000921492
0.00091936
0.000917516
0.000915923
0.000914555
0.000913404
0.000912521
0.000911991
0.000911947
0.000912588
0.00091426
0.000917514
0.000923211
0.000932778
0.000948396
0.000973581
0.00101354
0.00107548
0.00116629
0.00128787
0.00142931
0.00157188
0.00170135
0.00181243
0.00190607
0.00198462
0.00205088
0.0021071
0.00215509
0.00219616
0.00223138
0.00226158
0.00228744
0.0023095
0.00232818
0.00234386
0.00235685
0.0023674
0.00237566
0.00238171
0.00238558
0.00238718
0.00238643
0.00238291
0.00237652
0.00236626
0.00235211
0.00233193
0.00230857
0.00229063
0.00227884
0.0022721
0.00226864
0.00226721
1.68087e-09
1.68575e-09
1.68781e-09
1.68647e-09
1.68072e-09
1.6699e-09
1.65443e-09
1.63977e-09
1.62825e-09
1.61883e-09
1.61154e-09
1.60574e-09
1.60124e-09
1.5977e-09
1.59492e-09
1.59266e-09
1.59079e-09
1.58922e-09
1.58794e-09
1.58693e-09
1.58626e-09
1.58608e-09
1.58674e-09
1.58871e-09
1.59278e-09
1.6003e-09
1.61352e-09
1.63612e-09
1.67441e-09
1.7387e-09
1.84629e-09
2.02502e-09
2.31711e-09
2.77248e-09
3.42652e-09
4.24901e-09
5.14687e-09
6.02353e-09
6.82354e-09
7.53091e-09
8.14586e-09
8.67643e-09
9.13151e-09
9.51853e-09
9.8442e-09
1.01137e-08
1.03317e-08
1.05023e-08
1.06292e-08
1.07152e-08
1.07626e-08
1.07737e-08
1.07498e-08
1.06908e-08
1.05962e-08
1.04655e-08
1.02984e-08
1.01034e-08
9.94886e-09
1.0381e-08
1.47354e-08
3.65608e-08
1.03358e-07
2.16446e-07
2.98178e-07
3.28896e-07
3.34852e-07
3.339e-07
3.31642e-07
3.29344e-07
3.27234e-07
3.2535e-07
3.23665e-07
3.22146e-07
3.20757e-07
3.19468e-07
3.1825e-07
3.17079e-07
3.15965e-07
3.14934e-07
3.14033e-07
3.13349e-07
3.13051e-07
3.13436e-07
3.15e-07
3.18622e-07
3.25762e-07
3.38904e-07
3.62087e-07
4.01503e-07
4.64592e-07
5.5682e-07
6.74063e-07
8.0286e-07
9.28959e-07
1.04408e-06
1.14585e-06
1.23414e-06
1.31012e-06
1.37503e-06
1.43007e-06
1.4762e-06
1.51427e-06
1.54498e-06
1.56898e-06
1.58682e-06
1.59894e-06
1.6057e-06
1.60743e-06
1.60431e-06
1.59634e-06
1.58344e-06
1.56555e-06
1.5426e-06
1.51559e-06
1.49219e-06
1.53286e-06
2.00297e-06
4.37888e-06
1.16379e-05
2.3883e-05
3.26811e-05
3.59768e-05
3.66254e-05
3.6544e-05
3.63267e-05
3.61043e-05
3.58995e-05
3.57156e-05
3.55498e-05
3.53989e-05
3.52596e-05
3.5129e-05
3.50045e-05
3.48839e-05
3.47687e-05
3.46617e-05
3.45677e-05
3.44958e-05
3.44628e-05
3.44982e-05
3.465e-05
3.50024e-05
3.56929e-05
3.69519e-05
3.91455e-05
4.28191e-05
4.85923e-05
5.6847e-05
6.7074e-05
7.79863e-05
8.83512e-05
9.75206e-05
0.000105366
0.000111946
0.000117413
0.000121919
0.000125601
0.000128569
0.000130918
0.00013273
0.000134072
0.000135003
0.000135565
0.000135794
0.00013572
0.000135356
0.000134704
0.000133758
0.000132509
0.000130946
0.000129099
0.000127172
0.000126679
0.000136317
0.000190683
0.000358782
0.00064213
0.000845061
0.00092125
0.000936755
0.000935606
0.000931362
0.000926973
0.000922947
0.000919365
0.00091618
0.000913341
0.000910789
0.000908478
0.000906374
0.000904453
0.000902763
0.000901391
0.000900466
0.000900197
0.000900947
0.000903301
0.000908176
0.000917096
0.000932397
0.000957822
0.000998886
0.00106319
0.00115805
0.00128563
0.0014351
0.00158706
0.00172609
0.00184584
0.00194668
0.00203083
0.00210119
0.00216018
0.00220984
0.00225168
0.00228693
0.00231658
0.00234142
0.0023621
0.00237912
0.00239292
0.00240386
0.00241224
0.00241822
0.00242189
0.00242332
0.00242238
0.00241897
0.00241265
0.00240328
0.00238982
0.00237227
0.00234869
0.00232217
0.00230142
0.00228728
0.00227869
0.00227382
0.00227132
1.67941e-09
1.68344e-09
1.68446e-09
1.68183e-09
1.67449e-09
1.66181e-09
1.6443e-09
1.62741e-09
1.61358e-09
1.60195e-09
1.59257e-09
1.58474e-09
1.57828e-09
1.5728e-09
1.56808e-09
1.56386e-09
1.55995e-09
1.55627e-09
1.55278e-09
1.54947e-09
1.54635e-09
1.54361e-09
1.54155e-09
1.54068e-09
1.54178e-09
1.54627e-09
1.55647e-09
1.5762e-09
1.61206e-09
1.67481e-09
1.78251e-09
1.96423e-09
2.26401e-09
2.73465e-09
3.41515e-09
4.27911e-09
5.23353e-09
6.17547e-09
7.04139e-09
7.80874e-09
8.47417e-09
9.04447e-09
9.52861e-09
9.93477e-09
1.02707e-08
1.05427e-08
1.07565e-08
1.09173e-08
1.10296e-08
1.10969e-08
1.11223e-08
1.11086e-08
1.10572e-08
1.09682e-08
1.08413e-08
1.0676e-08
1.04726e-08
1.0242e-08
1.00652e-08
1.05452e-08
1.51651e-08
3.74614e-08
1.03827e-07
2.14702e-07
2.96213e-07
3.2775e-07
3.34058e-07
3.32969e-07
3.30375e-07
3.27689e-07
3.25188e-07
3.22922e-07
3.20866e-07
3.18986e-07
3.1724e-07
3.15594e-07
3.14015e-07
3.12468e-07
3.1096e-07
3.09517e-07
3.08179e-07
3.07036e-07
3.06257e-07
3.06146e-07
3.07217e-07
3.1038e-07
3.17156e-07
3.30138e-07
3.53544e-07
3.93846e-07
4.58925e-07
5.54795e-07
6.77901e-07
8.14773e-07
9.50212e-07
1.07476e-06
1.18506e-06
1.2805e-06
1.36207e-06
1.43102e-06
1.48868e-06
1.53617e-06
1.57449e-06
1.60454e-06
1.62709e-06
1.64284e-06
1.65231e-06
1.65597e-06
1.65423e-06
1.64726e-06
1.63511e-06
1.6177e-06
1.595e-06
1.56698e-06
1.53494e-06
1.50799e-06
1.5529e-06
2.05132e-06
4.47838e-06
1.16911e-05
2.36976e-05
3.24735e-05
3.58593e-05
3.6549e-05
3.64575e-05
3.62096e-05
3.59515e-05
3.57106e-05
3.54913e-05
3.52912e-05
3.51067e-05
3.49341e-05
3.477e-05
3.46114e-05
3.44552e-05
3.43024e-05
3.41558e-05
3.40198e-05
3.39036e-05
3.38242e-05
3.38118e-05
3.39165e-05
3.42258e-05
3.48839e-05
3.61321e-05
3.83539e-05
4.21207e-05
4.8089e-05
5.66807e-05
6.74217e-05
7.90075e-05
9.01152e-05
9.99988e-05
0.000108458
0.000115521
0.000121337
0.000126066
0.000129863
0.000132855
0.000135157
0.000136863
0.000138054
0.000138799
0.000139149
0.000139144
0.00013882
0.000138189
0.000137254
0.000136007
0.000134441
0.000132545
0.000130359
0.00012813
0.000127535
0.000137672
0.000193125
0.000360102
0.00063792
0.000840342
0.000918633
0.00093514
0.000933841
0.000928992
0.000923881
0.000919122
0.000914822
0.000910941
0.000907419
0.000904193
0.000901207
0.00089842
0.00089579
0.000893363
0.000891223
0.000889501
0.000888412
0.000888333
0.000889881
0.000894026
0.000902382
0.000917424
0.0009431
0.000985206
0.00105168
0.00115021
0.00128323
0.00144011
0.00160108
0.00174956
0.00187816
0.00198652
0.00207661
0.00215137
0.00221339
0.00226492
0.00230766
0.00234304
0.00237219
0.00239604
0.00241535
0.00243071
0.00244261
0.0024515
0.00245769
0.00246137
0.00246267
0.00246163
0.00245814
0.00245207
0.00244294
0.00243058
0.00241394
0.002393
0.0023661
0.00233651
0.00231294
0.00229636
0.00228582
0.00227944
0.00227578
0.00225039
0.00225231
0.00225412
0.00225583
0.00225742
0.00225888
0.00226021
0.00226141
0.00226247
0.0022634
0.00226419
0.00226485
0.00226537
0.00226576
0.00226602
0.00226614
0.00226614
0.002266
0.00226574
0.00226536
0.00226486
0.00226425
0.00226353
0.00226271
0.00226179
0.00226079
0.00225972
0.00225858
0.0022574
0.00225619
0.00225497
0.00225376
0.00225258
0.00225146
0.00225042
0.0022495
0.00224872
0.0022481
0.00224767
0.00224744
0.00225199
0.00225374
0.00225542
0.00225701
0.0022585
0.00225987
0.00226113
0.00226226
0.00226327
0.00226415
0.00226491
0.00226553
0.00226602
0.00226638
0.00226662
0.00226672
0.0022667
0.00226655
0.00226628
0.00226589
0.00226538
0.00226476
0.00226403
0.0022632
0.00226227
0.00226126
0.00226018
0.00225903
0.00225784
0.00225662
0.00225538
0.00225416
0.00225296
0.00225183
0.00225078
0.00224984
0.00224904
0.00224841
0.00224797
0.00224774
0.00225383
0.00225539
0.0022569
0.00225835
0.00225972
0.00226099
0.00226216
0.00226322
0.00226417
0.00226499
0.0022657
0.00226628
0.00226674
0.00226707
0.00226728
0.00226736
0.00226732
0.00226715
0.00226687
0.00226646
0.00226594
0.00226531
0.00226457
0.00226373
0.00226279
0.00226177
0.00226068
0.00225952
0.00225832
0.00225708
0.00225583
0.00225459
0.00225338
0.00225223
0.00225116
0.00225021
0.00224939
0.00224875
0.00224829
0.00224806
0.00225591
0.00225725
0.00225857
0.00225986
0.00226109
0.00226225
0.00226332
0.00226429
0.00226516
0.00226592
0.00226657
0.00226711
0.00226752
0.00226782
0.002268
0.00226805
0.00226799
0.00226781
0.0022675
0.00226708
0.00226655
0.0022659
0.00226515
0.0022643
0.00226335
0.00226232
0.00226122
0.00226005
0.00225883
0.00225758
0.00225631
0.00225506
0.00225383
0.00225266
0.00225157
0.0022506
0.00224977
0.00224911
0.00224865
0.00224841
0.00225825
0.00225933
0.00226044
0.00226155
0.00226262
0.00226364
0.0022646
0.00226547
0.00226626
0.00226695
0.00226753
0.00226801
0.00226838
0.00226864
0.00226878
0.00226881
0.00226872
0.00226851
0.00226819
0.00226775
0.0022672
0.00226654
0.00226578
0.00226491
0.00226395
0.00226291
0.00226179
0.00226061
0.00225938
0.00225811
0.00225683
0.00225555
0.00225431
0.00225312
0.00225201
0.00225102
0.00225017
0.0022495
0.00224903
0.00224878
0.00226086
0.00226165
0.00226252
0.00226342
0.00226432
0.00226519
0.00226601
0.00226677
0.00226746
0.00226807
0.00226858
0.002269
0.00226931
0.00226952
0.00226963
0.00226962
0.0022695
0.00226926
0.00226892
0.00226846
0.00226789
0.00226722
0.00226644
0.00226556
0.00226459
0.00226353
0.0022624
0.0022612
0.00225996
0.00225867
0.00225738
0.00225608
0.00225482
0.00225361
0.00225248
0.00225147
0.00225061
0.00224992
0.00224943
0.00224918
0.00226374
0.00226422
0.00226482
0.00226548
0.00226618
0.00226688
0.00226756
0.0022682
0.00226877
0.00226929
0.00226972
0.00227007
0.00227032
0.00227048
0.00227054
0.00227049
0.00227033
0.00227007
0.0022697
0.00226922
0.00226863
0.00226794
0.00226714
0.00226625
0.00226526
0.00226419
0.00226305
0.00226183
0.00226057
0.00225927
0.00225795
0.00225664
0.00225536
0.00225413
0.00225298
0.00225195
0.00225107
0.00225036
0.00224986
0.0022496
0.00226691
0.00226703
0.00226733
0.00226774
0.00226822
0.00226873
0.00226925
0.00226974
0.0022702
0.00227061
0.00227095
0.00227122
0.00227141
0.00227151
0.00227151
0.00227142
0.00227123
0.00227093
0.00227053
0.00227002
0.00226941
0.0022687
0.00226789
0.00226698
0.00226598
0.00226489
0.00226373
0.0022625
0.00226122
0.0022599
0.00225856
0.00225723
0.00225593
0.00225468
0.00225351
0.00225245
0.00225155
0.00225083
0.00225032
0.00225005
0.00227037
0.0022701
0.00227007
0.0022702
0.00227044
0.00227074
0.00227108
0.00227142
0.00227174
0.00227203
0.00227228
0.00227246
0.00227257
0.0022726
0.00227255
0.00227241
0.00227218
0.00227184
0.00227141
0.00227088
0.00227024
0.00226951
0.00226867
0.00226774
0.00226672
0.00226562
0.00226444
0.00226319
0.00226189
0.00226056
0.0022592
0.00225785
0.00225652
0.00225525
0.00225406
0.00225299
0.00225206
0.00225132
0.00225079
0.00225052
0.00227412
0.00227343
0.00227304
0.00227287
0.00227284
0.00227291
0.00227305
0.00227322
0.0022734
0.00227357
0.0022737
0.00227379
0.00227381
0.00227378
0.00227366
0.00227347
0.00227318
0.00227281
0.00227234
0.00227178
0.00227111
0.00227035
0.0022695
0.00226855
0.00226751
0.00226639
0.00226519
0.00226392
0.00226261
0.00226125
0.00225987
0.0022585
0.00225715
0.00225585
0.00225464
0.00225354
0.0022526
0.00225184
0.0022513
0.00225101
3.71487e-12
1.27015e-11
2.36335e-11
3.69104e-11
5.29792e-11
7.23222e-11
9.54419e-11
1.22845e-10
1.55023e-10
1.92426e-10
2.3544e-10
2.84348e-10
3.393e-10
4.00279e-10
4.6707e-10
5.39237e-10
6.16116e-10
6.96811e-10
7.80221e-10
8.65074e-10
9.49979e-10
1.03351e-09
1.11426e-09
1.19096e-09
1.2625e-09
1.32801e-09
1.38692e-09
1.43893e-09
1.48403e-09
1.52249e-09
1.55474e-09
1.58141e-09
1.60316e-09
1.62071e-09
1.63475e-09
1.6459e-09
1.6547e-09
1.66159e-09
1.6669e-09
1.67085e-09
3.55787e-12
1.2164e-11
2.26327e-11
3.53502e-11
5.07612e-11
6.93614e-11
9.16846e-11
1.18285e-10
1.49717e-10
1.86502e-10
2.29103e-10
2.77879e-10
3.3305e-10
3.9465e-10
4.62496e-10
5.36152e-10
6.14921e-10
6.97838e-10
7.83699e-10
8.711e-10
9.58501e-10
1.04432e-09
1.12702e-09
1.2052e-09
1.27766e-09
1.34351e-09
1.40216e-09
1.45337e-09
1.49722e-09
1.53404e-09
1.56441e-09
1.58903e-09
1.60866e-09
1.62408e-09
1.63602e-09
1.6451e-09
1.65186e-09
1.65669e-09
1.65988e-09
1.6616e-09
3.44125e-12
1.17667e-11
2.18989e-11
3.42154e-11
4.91564e-11
6.72217e-11
8.89616e-11
1.14961e-10
1.45815e-10
1.82104e-10
2.24351e-10
2.72982e-10
3.28278e-10
3.90325e-10
4.58972e-10
5.33793e-10
6.14065e-10
6.98769e-10
7.86613e-10
8.76078e-10
9.65494e-10
1.05314e-09
1.13735e-09
1.21662e-09
1.28968e-09
1.3556e-09
1.41381e-09
1.46411e-09
1.50665e-09
1.54186e-09
1.57041e-09
1.59308e-09
1.61071e-09
1.62411e-09
1.63404e-09
1.64111e-09
1.64583e-09
1.64858e-09
1.64959e-09
1.64899e-09
3.35469e-12
1.1473e-11
2.13596e-11
3.33878e-11
4.79936e-11
6.56772e-11
8.69961e-11
1.12552e-10
1.42968e-10
1.78862e-10
2.20803e-10
2.69267e-10
3.24586e-10
3.86893e-10
4.56066e-10
5.31691e-10
6.13035e-10
6.9904e-10
7.88347e-10
8.79345e-10
9.70257e-10
1.05925e-09
1.14456e-09
1.22457e-09
1.29798e-09
1.36382e-09
1.42152e-09
1.47093e-09
1.51226e-09
1.54602e-09
1.57294e-09
1.59387e-09
1.6097e-09
1.62127e-09
1.62933e-09
1.63451e-09
1.63728e-09
1.638e-09
1.63687e-09
1.63397e-09
3.28893e-12
1.12503e-11
2.09529e-11
3.27672e-11
4.71263e-11
6.45287e-11
8.55341e-11
1.10752e-10
1.4082e-10
1.76378e-10
2.18026e-10
2.66277e-10
3.21499e-10
3.83859e-10
4.53268e-10
5.29326e-10
6.11298e-10
6.98106e-10
7.88346e-10
8.80346e-10
9.7225e-10
1.06214e-09
1.14817e-09
1.22866e-09
1.30226e-09
1.36796e-09
1.42522e-09
1.47389e-09
1.51423e-09
1.54679e-09
1.57237e-09
1.59184e-09
1.60614e-09
1.61611e-09
1.62252e-09
1.62597e-09
1.62694e-09
1.62576e-09
1.62262e-09
1.61758e-09
3.236e-12
1.10714e-11
2.06266e-11
3.22704e-11
4.64332e-11
6.36104e-11
8.436e-11
1.09292e-10
1.39051e-10
1.74286e-10
2.15614e-10
2.63569e-10
3.18546e-10
3.8074e-10
4.50084e-10
5.26199e-10
6.0836e-10
6.95482e-10
7.86144e-10
8.78642e-10
9.71072e-10
1.06146e-09
1.14791e-09
1.22869e-09
1.30239e-09
1.36801e-09
1.42497e-09
1.47314e-09
1.51278e-09
1.5445e-09
1.56908e-09
1.58744e-09
1.60051e-09
1.60918e-09
1.61418e-09
1.61614e-09
1.61552e-09
1.61265e-09
1.60772e-09
1.60081e-09
3.18934e-12
1.09135e-11
2.03382e-11
3.18303e-11
4.58168e-11
6.27887e-11
8.3299e-11
1.07954e-10
1.37396e-10
1.72275e-10
2.13215e-10
2.60759e-10
3.15319e-10
3.77107e-10
4.46081e-10
5.21882e-10
6.03804e-10
6.90775e-10
7.8138e-10
8.73911e-10
9.66447e-10
1.057e-09
1.14361e-09
1.22455e-09
1.29836e-09
1.364e-09
1.42088e-09
1.46885e-09
1.50817e-09
1.53942e-09
1.5634e-09
1.58103e-09
1.59325e-09
1.60093e-09
1.60484e-09
1.60559e-09
1.60365e-09
1.59936e-09
1.59294e-09
1.58449e-09
3.14369e-12
1.07587e-11
2.00542e-11
3.13941e-11
4.52009e-11
6.19593e-11
8.22149e-11
1.06565e-10
1.35645e-10
1.701e-10
2.10548e-10
2.57537e-10
3.11484e-10
3.72618e-10
4.40913e-10
5.16037e-10
5.97312e-10
6.83696e-10
7.738e-10
8.65938e-10
9.58209e-10
1.04862e-09
1.13521e-09
1.21622e-09
1.29018e-09
1.356e-09
1.41306e-09
1.46118e-09
1.50056e-09
1.53178e-09
1.55559e-09
1.57292e-09
1.58468e-09
1.59175e-09
1.5949e-09
1.59477e-09
1.59184e-09
1.58646e-09
1.5789e-09
1.56929e-09
3.09501e-12
1.05931e-11
1.97488e-11
3.09217e-11
4.4528e-11
6.10442e-11
8.10054e-11
1.04998e-10
1.33644e-10
1.67576e-10
2.07405e-10
2.53672e-10
3.06797e-10
3.67018e-10
4.34329e-10
5.08426e-10
5.88668e-10
6.74058e-10
7.63252e-10
8.54612e-10
9.46281e-10
1.03629e-09
1.12269e-09
1.20373e-09
1.27789e-09
1.34407e-09
1.40159e-09
1.4502e-09
1.49007e-09
1.52169e-09
1.5458e-09
1.56327e-09
1.575e-09
1.58187e-09
1.58466e-09
1.58401e-09
1.58045e-09
1.57436e-09
1.56602e-09
1.55563e-09
3.04037e-12
1.04069e-11
1.94036e-11
3.03843e-11
4.3757e-11
5.99878e-11
7.95989e-11
1.03161e-10
1.31281e-10
1.64575e-10
2.0364e-10
2.49007e-10
3.01094e-10
3.60145e-10
4.26174e-10
4.9891e-10
5.77757e-10
6.61773e-10
7.49681e-10
8.39909e-10
9.30662e-10
1.02003e-09
1.1061e-09
1.1871e-09
1.26154e-09
1.32824e-09
1.38649e-09
1.43594e-09
1.4767e-09
1.50918e-09
1.53404e-09
1.55212e-09
1.56428e-09
1.5714e-09
1.57425e-09
1.57349e-09
1.56969e-09
1.56327e-09
1.55455e-09
1.54377e-09
2.97779e-12
1.01931e-11
1.90061e-11
2.97627e-11
4.2861e-11
5.87543e-11
7.79494e-11
1.00999e-10
1.28491e-10
1.61021e-10
1.99169e-10
2.43453e-10
2.94286e-10
3.51917e-10
4.16379e-10
4.87439e-10
5.64551e-10
6.46842e-10
7.33115e-10
8.2188e-10
9.11427e-10
9.99915e-10
1.08549e-09
1.16641e-09
1.24114e-09
1.30852e-09
1.36771e-09
1.41833e-09
1.46036e-09
1.49413e-09
1.52022e-09
1.53939e-09
1.55247e-09
1.56029e-09
1.56365e-09
1.56323e-09
1.5596e-09
1.55325e-09
1.54453e-09
1.53374e-09
2.90607e-12
9.94792e-12
1.8549e-11
2.9046e-11
4.18248e-11
5.73239e-11
7.60323e-11
9.8483e-11
1.2524e-10
1.56879e-10
1.93957e-10
2.36979e-10
2.86348e-10
3.42321e-10
4.04951e-10
4.7404e-10
5.49104e-10
6.29344e-10
7.13653e-10
8.00643e-10
8.887e-10
9.76073e-10
1.06098e-09
1.14171e-09
1.21675e-09
1.28487e-09
1.3452e-09
1.39726e-09
1.44091e-09
1.47637e-09
1.50414e-09
1.52487e-09
1.53935e-09
1.54837e-09
1.55271e-09
1.55307e-09
1.55006e-09
1.54419e-09
1.53587e-09
1.52544e-09
2.82473e-12
9.66953e-12
1.80294e-11
2.82298e-11
4.06429e-11
5.56904e-11
7.38413e-11
9.56061e-11
1.21525e-10
1.52148e-10
1.88011e-10
2.296e-10
2.77313e-10
3.31407e-10
3.91958e-10
4.58809e-10
5.31535e-10
6.09422e-10
6.91462e-10
7.76374e-10
8.62659e-10
9.48669e-10
1.0327e-09
1.1131e-09
1.18838e-09
1.25728e-09
1.31886e-09
1.37255e-09
1.4181e-09
1.45562e-09
1.48547e-09
1.50823e-09
1.52458e-09
1.53528e-09
1.5411e-09
1.54272e-09
1.54078e-09
1.53581e-09
1.52828e-09
1.51857e-09
2.7338e-12
9.35819e-12
1.74478e-11
2.73155e-11
3.9318e-11
5.38584e-11
7.1384e-11
9.23811e-11
1.17363e-10
1.46856e-10
1.81369e-10
2.21372e-10
2.67251e-10
3.19269e-10
3.7752e-10
4.41891e-10
5.12019e-10
5.87275e-10
6.66756e-10
7.493e-10
8.33529e-10
9.17908e-10
1.00083e-09
1.08072e-09
1.15611e-09
1.22573e-09
1.28859e-09
1.34402e-09
1.39169e-09
1.43154e-09
1.46384e-09
1.48902e-09
1.50771e-09
1.52058e-09
1.52835e-09
1.53171e-09
1.5313e-09
1.52769e-09
1.52136e-09
1.51273e-09
2.63378e-12
9.0156e-12
1.68075e-11
2.63086e-11
3.78586e-11
5.18407e-11
6.86792e-11
8.88344e-11
1.12793e-10
1.41052e-10
1.74097e-10
2.12378e-10
2.56269e-10
3.06037e-10
3.61797e-10
4.23474e-10
4.9077e-10
5.63144e-10
6.39798e-10
7.19693e-10
8.01577e-10
8.84044e-10
9.65595e-10
1.04473e-09
1.12003e-09
1.19023e-09
1.2543e-09
1.31151e-09
1.36138e-09
1.40377e-09
1.43879e-09
1.46676e-09
1.48818e-09
1.50367e-09
1.51387e-09
1.51945e-09
1.52104e-09
1.51922e-09
1.51451e-09
1.50735e-09
2.52549e-12
8.6446e-12
1.61141e-11
2.52179e-11
3.62782e-11
4.96566e-11
6.57536e-11
8.50024e-11
1.07861e-10
1.34799e-10
1.66276e-10
2.0272e-10
2.44495e-10
2.91868e-10
3.44973e-10
4.03774e-10
4.68037e-10
5.37303e-10
6.10882e-10
6.87859e-10
7.67114e-10
8.47369e-10
9.27246e-10
1.00534e-09
1.08028e-09
1.15084e-09
1.21597e-09
1.27485e-09
1.32694e-09
1.37195e-09
1.40986e-09
1.44088e-09
1.46539e-09
1.48389e-09
1.49696e-09
1.50521e-09
1.50927e-09
1.50969e-09
1.50702e-09
1.50171e-09
2.40998e-12
8.24886e-12
1.53743e-11
2.40547e-11
3.45932e-11
4.73298e-11
6.26397e-11
8.0929e-11
1.02627e-10
1.28173e-10
1.58001e-10
1.92517e-10
2.32073e-10
2.76934e-10
3.27253e-10
3.83029e-10
4.44086e-10
5.10048e-10
5.8033e-10
6.54137e-10
7.30481e-10
8.08219e-10
8.86098e-10
9.62814e-10
1.03708e-09
1.1077e-09
1.17362e-09
1.23399e-09
1.28816e-09
1.33576e-09
1.37663e-09
1.41086e-09
1.43869e-09
1.46051e-09
1.47682e-09
1.48817e-09
1.49512e-09
1.49823e-09
1.49802e-09
1.49497e-09
2.2885e-12
7.83262e-12
1.45964e-11
2.28318e-11
3.28227e-11
4.48867e-11
5.93736e-11
7.66619e-11
9.71511e-11
1.21252e-10
1.49371e-10
1.81892e-10
2.19152e-10
2.61416e-10
3.08849e-10
3.61483e-10
4.19196e-10
4.81692e-10
5.48481e-10
6.18887e-10
6.92052e-10
7.66968e-10
8.42508e-10
9.17485e-10
9.907e-10
1.06101e-09
1.12737e-09
1.18891e-09
1.24493e-09
1.29496e-09
1.33873e-09
1.37619e-09
1.40746e-09
1.43282e-09
1.45266e-09
1.46744e-09
1.47768e-09
1.48388e-09
1.48654e-09
1.48615e-09
2.16236e-12
7.40045e-12
1.37888e-11
2.15627e-11
3.09865e-11
4.23551e-11
5.59931e-11
7.22509e-11
9.14989e-11
1.14118e-10
1.40489e-10
1.70971e-10
2.05886e-10
2.45496e-10
2.89975e-10
3.39384e-10
3.93652e-10
4.5255e-10
5.15683e-10
5.82485e-10
6.52222e-10
7.24018e-10
7.96878e-10
8.69732e-10
9.41481e-10
1.01105e-09
1.07743e-09
1.13975e-09
1.19726e-09
1.24943e-09
1.29589e-09
1.33646e-09
1.37116e-09
1.40015e-09
1.42368e-09
1.44215e-09
1.45597e-09
1.46561e-09
1.47152e-09
1.47415e-09
2.03294e-12
6.95703e-12
1.29603e-11
2.02614e-11
2.91049e-11
3.97635e-11
5.25362e-11
6.7746e-11
8.57344e-11
1.06853e-10
1.31455e-10
1.59877e-10
1.92424e-10
2.29352e-10
2.7084e-10
3.16977e-10
3.6773e-10
4.22937e-10
4.82285e-10
5.45311e-10
6.114e-10
6.79801e-10
7.49647e-10
8.19991e-10
8.89839e-10
9.58197e-10
1.02411e-09
1.08672e-09
1.14528e-09
1.19917e-09
1.24798e-09
1.29142e-09
1.32939e-09
1.36192e-09
1.38919e-09
1.41146e-09
1.42907e-09
1.4424e-09
1.45186e-09
1.45785e-09
1.90159e-12
6.50704e-12
1.21198e-11
1.89417e-11
2.71981e-11
3.71394e-11
4.90399e-11
6.31955e-11
7.99193e-11
9.95349e-11
1.22367e-10
1.48729e-10
1.78909e-10
2.13153e-10
2.51646e-10
2.94493e-10
3.417e-10
3.93157e-10
4.4863e-10
5.07745e-10
5.69998e-10
6.34758e-10
7.01281e-10
7.68739e-10
8.36251e-10
9.02912e-10
9.67838e-10
1.0302e-09
1.08925e-09
1.14437e-09
1.19506e-09
1.24096e-09
1.28189e-09
1.31776e-09
1.34863e-09
1.37468e-09
1.39613e-09
1.41329e-09
1.4265e-09
1.4361e-09
1.76963e-12
6.055e-12
1.12756e-11
1.76169e-11
2.52853e-11
3.45094e-11
4.55395e-11
5.86453e-11
7.41122e-11
9.22358e-11
1.13314e-10
1.37636e-10
1.65472e-10
1.97058e-10
2.32578e-10
2.72151e-10
3.15813e-10
3.63501e-10
4.15045e-10
4.70156e-10
5.28427e-10
5.89337e-10
6.5226e-10
7.16485e-10
7.8124e-10
8.45719e-10
9.09115e-10
9.70649e-10
1.0296e-09
1.08534e-09
1.13735e-09
1.1852e-09
1.22862e-09
1.26746e-09
1.30166e-09
1.33128e-09
1.35648e-09
1.37747e-09
1.3945e-09
1.40784e-09
1.63831e-12
5.60517e-12
1.04358e-11
1.62996e-11
2.33845e-11
3.18983e-11
4.20679e-11
5.41379e-11
6.83668e-11
8.50232e-11
1.04379e-10
1.26699e-10
1.52235e-10
1.8121e-10
2.13806e-10
2.5015e-10
2.90301e-10
3.34236e-10
3.8184e-10
4.32895e-10
4.87083e-10
5.43981e-10
6.03071e-10
6.63754e-10
7.25367e-10
7.87201e-10
8.48536e-10
9.08656e-10
9.66884e-10
1.0226e-09
1.07527e-09
1.12445e-09
1.16979e-09
1.21107e-09
1.24816e-09
1.28102e-09
1.30971e-09
1.33435e-09
1.35511e-09
1.37219e-09
1.50877e-12
5.16149e-12
9.60775e-12
1.50013e-11
2.15124e-11
2.93287e-11
3.8655e-11
4.97116e-11
6.27317e-11
7.79575e-11
9.56352e-11
1.16007e-10
1.39305e-10
1.65738e-10
1.95481e-10
2.28669e-10
2.65375e-10
3.05608e-10
3.49297e-10
3.96289e-10
4.46339e-10
4.99112e-10
5.5419e-10
6.11075e-10
6.69206e-10
7.27976e-10
7.86749e-10
8.44884e-10
9.01757e-10
9.56781e-10
1.00943e-09
1.05923e-09
1.10583e-09
1.14892e-09
1.18832e-09
1.22391e-09
1.25567e-09
1.28363e-09
1.30788e-09
1.32854e-09
1.38206e-12
4.72754e-12
8.79802e-12
1.37323e-11
1.96838e-11
2.68209e-11
3.53275e-11
4.54007e-11
5.72496e-11
7.10917e-11
8.71484e-11
1.0564e-10
1.26776e-10
1.50753e-10
1.77738e-10
2.07864e-10
2.41218e-10
2.77832e-10
3.17672e-10
3.60635e-10
4.0654e-10
4.5513e-10
5.06072e-10
5.58961e-10
6.13334e-10
6.68675e-10
7.24438e-10
7.80058e-10
8.34974e-10
8.88644e-10
9.40561e-10
9.90271e-10
1.03738e-09
1.08158e-09
1.12261e-09
1.1603e-09
1.19456e-09
1.22535e-09
1.25268e-09
1.27659e-09
1.2591e-12
4.30648e-12
8.01255e-12
1.25019e-11
1.79118e-11
2.43928e-11
3.21085e-11
4.12348e-11
5.19578e-11
6.44714e-11
7.89736e-11
9.5662e-11
1.14728e-10
1.3635e-10
1.60688e-10
1.8787e-10
2.1799e-10
2.51097e-10
2.87186e-10
3.26194e-10
3.67996e-10
4.12397e-10
4.59139e-10
5.07901e-10
5.58304e-10
6.09924e-10
6.62295e-10
7.14934e-10
7.67343e-10
8.19036e-10
8.69543e-10
9.1843e-10
9.65307e-10
1.00984e-09
1.05175e-09
1.09082e-09
1.1269e-09
1.1599e-09
1.18976e-09
1.21645e-09
1.14071e-12
3.90106e-12
7.25645e-12
1.1318e-11
1.62078e-11
2.20595e-11
2.90181e-11
3.72393e-11
4.68877e-11
5.8135e-11
7.11572e-11
8.61305e-11
1.03227e-10
1.22609e-10
1.44424e-10
1.68797e-10
1.95822e-10
2.2556e-10
2.58028e-10
2.93195e-10
3.30976e-10
3.71234e-10
4.13772e-10
4.58341e-10
5.04639e-10
5.52319e-10
6.00998e-10
6.50265e-10
6.99693e-10
7.48852e-10
7.97319e-10
8.44692e-10
8.90597e-10
9.347e-10
9.76712e-10
1.01639e-09
1.05355e-09
1.08803e-09
1.11975e-09
1.14861e-09
1.02755e-12
3.51363e-12
6.53406e-12
1.01874e-11
1.45814e-11
1.9834e-11
2.6073e-11
3.3435e-11
4.2065e-11
5.21139e-11
6.37369e-11
7.70898e-11
9.23261e-11
1.09592e-10
1.29022e-10
1.50734e-10
1.74821e-10
2.01351e-10
2.30354e-10
2.61824e-10
2.95711e-10
3.3192e-10
3.70307e-10
4.10682e-10
4.5281e-10
4.96415e-10
5.41186e-10
5.86781e-10
6.32841e-10
6.78994e-10
7.2487e-10
7.70106e-10
8.14354e-10
8.57297e-10
8.98645e-10
9.38148e-10
9.75592e-10
1.0108e-09
1.04364e-09
1.07397e-09
9.20201e-13
3.14612e-12
5.84897e-12
9.11547e-12
1.30403e-11
1.77268e-11
2.32865e-11
2.98389e-11
3.75104e-11
4.64329e-11
5.6742e-11
6.85747e-11
8.20663e-11
9.73472e-11
1.14539e-10
1.33749e-10
1.5507e-10
1.78568e-10
2.04286e-10
2.32233e-10
2.62386e-10
2.94683e-10
3.29023e-10
3.65266e-10
4.03232e-10
4.42707e-10
4.83441e-10
5.25158e-10
5.67562e-10
6.10338e-10
6.53168e-10
6.95734e-10
7.37723e-10
7.78841e-10
8.18814e-10
8.57392e-10
8.94355e-10
9.2951e-10
9.62692e-10
9.93748e-10
8.19115e-13
2.80007e-12
5.20405e-12
8.1068e-12
1.15909e-11
1.5746e-11
2.06692e-11
2.64639e-11
3.32396e-11
4.11107e-11
5.01947e-11
6.06109e-11
7.24775e-11
8.59094e-11
1.01015e-10
1.17893e-10
1.36627e-10
1.57285e-10
1.79914e-10
2.04536e-10
2.31145e-10
2.59706e-10
2.9015e-10
3.22378e-10
3.56256e-10
3.91621e-10
4.28277e-10
4.66006e-10
5.04566e-10
5.43699e-10
5.83138e-10
6.22609e-10
6.61839e-10
7.00565e-10
7.38533e-10
7.75509e-10
8.11274e-10
8.45635e-10
8.78412e-10
9.09438e-10
7.24647e-13
2.47672e-12
4.60153e-12
7.16476e-12
1.02378e-11
1.3898e-11
1.8229e-11
2.33196e-11
2.92641e-11
3.61605e-11
4.41102e-11
5.32156e-11
6.35795e-11
7.53016e-11
8.84775e-11
1.03195e-10
1.19531e-10
1.37551e-10
1.57302e-10
1.78814e-10
2.02093e-10
2.27123e-10
2.53863e-10
2.82242e-10
3.12165e-10
3.43509e-10
3.76127e-10
4.09847e-10
4.44477e-10
4.7981e-10
5.15625e-10
5.51693e-10
5.87782e-10
6.23661e-10
6.59106e-10
6.93901e-10
7.27842e-10
7.6074e-10
7.92417e-10
8.22701e-10
6.37063e-13
2.17694e-12
4.04306e-12
6.29185e-12
8.9845e-12
1.21873e-11
1.59714e-11
2.04127e-11
2.55914e-11
3.15909e-11
3.84977e-11
4.63992e-11
5.53832e-11
6.55359e-11
7.694e-11
8.96727e-11
1.03803e-10
1.19392e-10
1.36485e-10
1.55114e-10
1.75297e-10
1.97028e-10
2.20285e-10
2.45022e-10
2.71173e-10
2.98649e-10
3.27338e-10
3.57112e-10
3.8782e-10
4.19298e-10
4.51369e-10
4.83845e-10
5.16533e-10
5.49237e-10
5.81763e-10
6.13919e-10
6.45522e-10
6.76394e-10
7.06368e-10
7.35277e-10
5.56552e-13
1.9014e-12
3.52981e-12
5.48983e-12
7.83341e-12
1.06167e-11
1.38998e-11
1.7747e-11
2.22257e-11
2.74063e-11
3.33616e-11
4.01655e-11
4.78923e-11
5.66153e-11
6.64052e-11
7.7329e-11
8.94476e-11
1.02815e-10
1.17474e-10
1.33459e-10
1.50789e-10
1.6947e-10
1.89492e-10
2.10827e-10
2.33431e-10
2.5724e-10
2.82174e-10
3.08137e-10
3.35014e-10
3.62678e-10
3.9099e-10
4.19799e-10
4.48948e-10
4.78275e-10
5.07616e-10
5.36806e-10
5.65685e-10
5.94094e-10
6.2188e-10
6.48889e-10
4.83247e-13
1.65053e-12
3.06256e-12
4.75983e-12
6.78597e-12
9.18802e-12
1.20164e-11
1.53245e-11
1.91687e-11
2.36077e-11
2.8702e-11
3.45135e-11
4.1104e-11
4.85352e-11
5.68668e-11
6.61555e-11
7.64541e-11
8.78095e-11
1.00262e-10
1.13843e-10
1.28573e-10
1.44465e-10
1.61516e-10
1.79712e-10
1.99024e-10
2.1941e-10
2.40812e-10
2.6316e-10
2.8637e-10
3.10344e-10
3.34976e-10
3.60148e-10
3.85734e-10
4.11604e-10
4.37622e-10
4.63652e-10
4.89557e-10
5.152e-10
5.40446e-10
5.65157e-10
4.17239e-13
1.42462e-12
2.64184e-12
4.10257e-12
5.84304e-12
7.9022e-12
1.03217e-11
1.31455e-11
1.64201e-11
2.01937e-11
2.45162e-11
2.94383e-11
3.50111e-11
4.12854e-11
4.83109e-11
5.61351e-11
6.48023e-11
7.43531e-11
8.48224e-11
9.62394e-11
1.08625e-10
1.21994e-10
1.36348e-10
1.51683e-10
1.67982e-10
1.85217e-10
2.03349e-10
2.22327e-10
2.42092e-10
2.6257e-10
2.83682e-10
3.05337e-10
3.27439e-10
3.49883e-10
3.72563e-10
3.95367e-10
4.18181e-10
4.40892e-10
4.63384e-10
4.8554e-10
1.67431e-09
1.67563e-09
1.67332e-09
1.66655e-09
1.65423e-09
1.63586e-09
1.61234e-09
1.58887e-09
1.56819e-09
1.55e-09
1.53434e-09
1.52055e-09
1.50834e-09
1.49724e-09
1.48696e-09
1.47718e-09
1.46773e-09
1.45842e-09
1.44917e-09
1.43993e-09
1.43071e-09
1.42167e-09
1.41313e-09
1.40562e-09
1.40001e-09
1.39783e-09
1.40163e-09
1.41559e-09
1.44685e-09
1.50717e-09
1.6162e-09
1.80564e-09
2.1235e-09
2.62989e-09
3.37383e-09
4.34394e-09
5.45535e-09
6.59164e-09
7.66501e-09
8.62802e-09
9.46204e-09
1.01667e-08
1.07499e-08
1.12218e-08
1.15937e-08
1.18758e-08
1.20778e-08
1.22083e-08
1.22752e-08
1.22843e-08
1.22408e-08
1.21491e-08
1.20113e-08
1.18281e-08
1.15995e-08
1.13257e-08
1.10091e-08
1.06691e-08
1.04314e-08
1.10895e-08
1.65827e-08
4.03102e-08
1.05246e-07
2.09314e-07
2.89958e-07
3.24026e-07
3.31568e-07
3.30155e-07
3.2657e-07
3.22713e-07
3.19031e-07
3.15623e-07
3.12474e-07
3.09543e-07
3.06778e-07
3.04131e-07
3.01564e-07
2.99052e-07
2.96573e-07
2.94136e-07
2.91779e-07
2.89586e-07
2.87735e-07
2.86541e-07
2.86555e-07
2.88746e-07
2.94759e-07
3.07406e-07
3.31303e-07
3.73546e-07
4.43147e-07
5.47643e-07
6.85675e-07
8.44901e-07
1.0081e-06
1.16223e-06
1.30033e-06
1.41959e-06
1.52e-06
1.60271e-06
1.66937e-06
1.72165e-06
1.76114e-06
1.78932e-06
1.80748e-06
1.81676e-06
1.81804e-06
1.81206e-06
1.79942e-06
1.78043e-06
1.75518e-06
1.72365e-06
1.68584e-06
1.64201e-06
1.59447e-06
1.55742e-06
1.61881e-06
2.21057e-06
4.79314e-06
1.1852e-05
2.31245e-05
3.18119e-05
3.54763e-05
3.63084e-05
3.6196e-05
3.58586e-05
3.54927e-05
3.51429e-05
3.48182e-05
3.45171e-05
3.42353e-05
3.39677e-05
3.37099e-05
3.34582e-05
3.32105e-05
3.29649e-05
3.27224e-05
3.24871e-05
3.22681e-05
3.20831e-05
3.19638e-05
3.19647e-05
3.21802e-05
3.27686e-05
3.39949e-05
3.62834e-05
4.02636e-05
4.66887e-05
5.60938e-05
6.81549e-05
8.16087e-05
9.4918e-05
0.000107032
0.000117476
0.000126138
0.000133125
0.00013862
0.000142828
0.000145938
0.000148121
0.000149523
0.000150268
0.000150459
0.00015017
0.000149457
0.000148364
0.000146912
0.000145103
0.000142927
0.000140376
0.000137447
0.000134216
0.000131076
0.00013025
0.000142076
0.000200837
0.000364101
0.000624899
0.0008253
0.00091008
0.000930025
0.000928492
0.000921869
0.000914575
0.000907599
0.000901146
0.000895197
0.000889679
0.000884506
0.000879601
0.00087491
0.000870408
0.000866094
0.00086203
0.000858349
0.000855286
0.000853259
0.000852961
0.000855504
0.000862703
0.000877382
0.000903959
0.000948898
0.00102084
0.00112841
0.00127485
0.00145079
0.00163658
0.00181288
0.00196892
0.00210148
0.00221129
0.00230098
0.00237352
0.00243173
0.00247797
0.00251428
0.00254231
0.00256343
0.00257878
0.00258923
0.00259551
0.00259823
0.00259784
0.00259461
0.00258871
0.00258019
0.00256892
0.00255471
0.00253703
0.00251557
0.0024893
0.0024582
0.00242146
0.00238279
0.00235052
0.00232626
0.00230938
0.00229805
0.00229059
1.66168e-09
1.65805e-09
1.64983e-09
1.63606e-09
1.61582e-09
1.58909e-09
1.55747e-09
1.52553e-09
1.49613e-09
1.46984e-09
1.44676e-09
1.42643e-09
1.4084e-09
1.39217e-09
1.37732e-09
1.36349e-09
1.35039e-09
1.33775e-09
1.32541e-09
1.31324e-09
1.30119e-09
1.28932e-09
1.27782e-09
1.26707e-09
1.25777e-09
1.25124e-09
1.24977e-09
1.25741e-09
1.28125e-09
1.33363e-09
1.43575e-09
1.62266e-09
1.94808e-09
2.48195e-09
3.28834e-09
4.38119e-09
5.69702e-09
7.11553e-09
8.51674e-09
9.81141e-09
1.09472e-08
1.19026e-08
1.26759e-08
1.32772e-08
1.37221e-08
1.40284e-08
1.42138e-08
1.42948e-08
1.42857e-08
1.41981e-08
1.40404e-08
1.3819e-08
1.35376e-08
1.31979e-08
1.28006e-08
1.23475e-08
1.18479e-08
1.13477e-08
1.10813e-08
1.21944e-08
1.92314e-08
4.48267e-08
1.06919e-07
2.00942e-07
2.79259e-07
3.17051e-07
3.27236e-07
3.25998e-07
3.21275e-07
3.15864e-07
3.10623e-07
3.05801e-07
3.01438e-07
2.97498e-07
2.93913e-07
2.90608e-07
2.87512e-07
2.84558e-07
2.81682e-07
2.7885e-07
2.76052e-07
2.73324e-07
2.70781e-07
2.68673e-07
2.67493e-07
2.68175e-07
2.72419e-07
2.83255e-07
3.05814e-07
3.48101e-07
4.20672e-07
5.33325e-07
6.88385e-07
8.76536e-07
1.07985e-06
1.28049e-06
1.46535e-06
1.62684e-06
1.76197e-06
1.87074e-06
1.95483e-06
2.01671e-06
2.0591e-06
2.08464e-06
2.09576e-06
2.09452e-06
2.08253e-06
2.06099e-06
2.0307e-06
1.99213e-06
1.94549e-06
1.89081e-06
1.82827e-06
1.75899e-06
1.68835e-06
1.64288e-06
1.74968e-06
2.50738e-06
5.29309e-06
1.2045e-05
2.22341e-05
3.068e-05
3.47538e-05
3.58826e-05
3.58081e-05
3.53725e-05
3.4866e-05
3.43746e-05
3.3922e-05
3.35116e-05
3.31391e-05
3.2798e-05
3.24807e-05
3.21803e-05
3.18904e-05
3.16048e-05
3.13203e-05
3.10363e-05
3.07568e-05
3.04941e-05
3.02742e-05
3.01477e-05
3.02085e-05
3.06247e-05
3.16886e-05
3.38809e-05
3.79207e-05
4.46966e-05
5.49187e-05
6.85244e-05
8.44155e-05
0.000100891
0.000116451
0.000130133
0.000141508
0.000150529
0.000157371
0.000162307
0.000165635
0.000167639
0.000168569
0.000168634
0.000167997
0.000166775
0.000165043
0.000162844
0.000160196
0.000157093
0.000153515
0.000149451
0.000144925
0.000140111
0.000135756
0.000135083
0.000150082
0.000213121
0.000369034
0.000604689
0.000799583
0.000893841
0.000920791
0.000920424
0.000911895
0.000901718
0.000891781
0.000882605
0.000874273
0.00086672
0.000859825
0.000853456
0.00084749
0.000841829
0.000836383
0.000831137
0.00082615
0.000821595
0.000817838
0.000815551
0.000815903
0.000820866
0.000833649
0.000859313
0.00090531
0.000981418
0.00109756
0.00125834
0.00145673
0.00167451
0.00188998
0.00208744
0.00225877
0.00240169
0.00251747
0.00260901
0.00267976
0.00273305
0.00277191
0.00279896
0.00281641
0.00282608
0.00282943
0.00282762
0.00282158
0.00281196
0.00279919
0.00278346
0.00276476
0.00274292
0.00271762
0.00268826
0.00265428
0.00261487
0.00256999
0.00252001
0.00246885
0.00242353
0.00238682
0.00235888
0.00233828
0.00232329
1.64556e-09
1.63686e-09
1.62281e-09
1.60255e-09
1.57557e-09
1.54241e-09
1.50525e-09
1.46801e-09
1.43349e-09
1.40276e-09
1.37606e-09
1.35303e-09
1.33317e-09
1.31591e-09
1.30072e-09
1.28715e-09
1.27479e-09
1.26331e-09
1.25241e-09
1.24189e-09
1.23155e-09
1.22127e-09
1.21102e-09
1.20089e-09
1.19127e-09
1.18303e-09
1.17799e-09
1.1797e-09
1.19488e-09
1.23591e-09
1.32481e-09
1.49886e-09
1.81592e-09
2.35305e-09
3.18706e-09
4.35419e-09
5.81522e-09
7.45787e-09
9.14141e-09
1.07388e-08
1.21599e-08
1.33556e-08
1.43102e-08
1.50307e-08
1.55377e-08
1.58582e-08
1.60202e-08
1.60499e-08
1.59697e-08
1.57967e-08
1.55429e-08
1.52151e-08
1.48171e-08
1.43496e-08
1.3813e-08
1.32115e-08
1.25653e-08
1.19623e-08
1.17763e-08
1.35032e-08
2.2062e-08
4.89478e-08
1.07914e-07
1.9332e-07
2.68516e-07
3.09387e-07
3.22656e-07
3.22429e-07
3.17289e-07
3.10909e-07
3.04643e-07
2.98962e-07
2.9399e-07
2.89702e-07
2.86008e-07
2.82791e-07
2.79925e-07
2.77287e-07
2.7476e-07
2.72248e-07
2.69672e-07
2.66991e-07
2.64229e-07
2.61539e-07
2.59314e-07
2.58409e-07
2.60514e-07
2.68781e-07
2.88693e-07
3.28914e-07
4.01113e-07
5.16991e-07
6.82114e-07
8.90634e-07
1.12564e-06
1.36611e-06
1.59332e-06
1.7943e-06
1.96226e-06
2.09539e-06
2.19516e-06
2.26492e-06
2.30877e-06
2.33086e-06
2.33497e-06
2.32421e-06
2.30094e-06
2.26673e-06
2.22242e-06
2.16839e-06
2.10464e-06
2.03113e-06
1.94828e-06
1.85852e-06
1.77208e-06
1.73123e-06
1.90191e-06
2.82404e-06
5.75025e-06
1.21638e-05
2.14232e-05
2.95416e-05
3.39543e-05
3.54233e-05
3.54705e-05
3.50076e-05
3.44169e-05
3.38351e-05
3.33078e-05
3.2846e-05
3.24465e-05
3.21002e-05
3.17952e-05
3.15191e-05
3.12599e-05
3.1006e-05
3.0748e-05
3.04784e-05
3.01936e-05
2.98973e-05
2.96065e-05
2.93635e-05
2.92571e-05
2.94592e-05
3.02807e-05
3.22447e-05
3.61406e-05
4.29612e-05
5.3573e-05
6.81509e-05
8.58062e-05
0.000104802
0.000123283
0.000139816
0.000153596
0.00016438
0.000172311
0.00017774
0.000181097
0.000182806
0.00018324
0.000182699
0.000181406
0.000179506
0.000177079
0.000174146
0.000170696
0.000166691
0.000162089
0.000156869
0.000151098
0.000145095
0.000140044
0.000140156
0.000158451
0.0002244
0.000372251
0.000586302
0.000773691
0.000875781
0.000910638
0.000913229
0.000904282
0.000892362
0.000880477
0.000869616
0.000860033
0.000851688
0.000844415
0.000837994
0.0008322
0.000826815
0.000821641
0.000816538
0.000811435
0.000806377
0.000801603
0.00079769
0.000795769
0.0007979
0.000807588
0.000830456
0.000874807
0.000951393
0.00107116
0.00124001
0.00145305
0.0016938
0.00193982
0.00217155
0.00237629
0.00254831
0.00268704
0.00279495
0.00287594
0.0029343
0.00297417
0.00299923
0.00301262
0.00301692
0.00301417
0.00300596
0.00299349
0.00297756
0.00295868
0.00293704
0.0029125
0.00288476
0.00285329
0.00281736
0.00277618
0.00272901
0.0026758
0.00261753
0.00255786
0.00250259
0.00245522
0.00241684
0.0023868
0.00236364
1.62714e-09
1.61359e-09
1.59427e-09
1.56856e-09
1.53645e-09
1.49903e-09
1.45875e-09
1.41903e-09
1.3825e-09
1.35041e-09
1.32308e-09
1.30021e-09
1.28126e-09
1.26558e-09
1.25254e-09
1.24157e-09
1.23218e-09
1.22392e-09
1.21642e-09
1.20933e-09
1.2023e-09
1.19502e-09
1.18722e-09
1.17871e-09
1.1695e-09
1.16003e-09
1.15159e-09
1.14719e-09
1.15305e-09
1.18126e-09
1.25416e-09
1.41021e-09
1.70991e-09
2.23534e-09
3.07357e-09
4.27982e-09
5.83835e-09
7.65047e-09
9.56452e-09
1.14217e-08
1.30938e-08
1.45003e-08
1.56078e-08
1.64193e-08
1.69618e-08
1.72737e-08
1.73967e-08
1.73689e-08
1.72218e-08
1.69782e-08
1.66524e-08
1.62503e-08
1.57732e-08
1.52188e-08
1.45859e-08
1.3882e-08
1.31446e-08
1.25187e-08
1.25378e-08
1.50088e-08
2.49928e-08
5.2657e-08
1.08388e-07
1.86338e-07
2.57925e-07
3.01134e-07
3.17698e-07
3.19236e-07
3.14436e-07
3.07698e-07
3.0091e-07
2.94812e-07
2.89641e-07
2.85397e-07
2.81967e-07
2.79187e-07
2.76873e-07
2.74841e-07
2.72917e-07
2.70941e-07
2.68763e-07
2.66263e-07
2.63381e-07
2.6017e-07
2.56929e-07
2.54425e-07
2.54306e-07
2.5977e-07
2.76505e-07
3.13587e-07
3.83461e-07
4.99343e-07
6.69567e-07
8.91646e-07
1.15052e-06
1.42335e-06
1.68667e-06
1.92202e-06
2.11831e-06
2.27148e-06
2.38273e-06
2.4565e-06
2.49867e-06
2.51529e-06
2.51178e-06
2.49242e-06
2.46024e-06
2.41701e-06
2.36335e-06
2.29922e-06
2.22416e-06
2.13783e-06
2.04101e-06
1.93813e-06
1.84596e-06
1.82468e-06
2.07467e-06
3.15147e-06
6.16254e-06
1.22255e-05
2.06802e-05
2.84172e-05
3.30882e-05
3.49167e-05
3.51609e-05
3.47453e-05
3.41293e-05
3.35048e-05
3.29444e-05
3.247e-05
3.20807e-05
3.17649e-05
3.15059e-05
3.12856e-05
3.10855e-05
3.08887e-05
3.06791e-05
3.04421e-05
3.01664e-05
2.9847e-05
2.9492e-05
2.91349e-05
2.88586e-05
2.88347e-05
2.93855e-05
3.10631e-05
3.47071e-05
4.13895e-05
5.2111e-05
6.72588e-05
8.6156e-05
0.0001071
0.000127965
0.000146885
0.000162654
0.000174801
0.000183427
0.000188983
0.000192064
0.000193269
0.000193118
0.000192009
0.000190217
0.000187899
0.000185112
0.000181837
0.000178009
0.000173538
0.000168342
0.000162395
0.000155817
0.00014912
0.000143967
0.000145442
0.000166966
0.000234618
0.000374144
0.000569479
0.0007481
0.000856143
0.000899273
0.000906439
0.000898661
0.000886237
0.000873393
0.000861716
0.0008517
0.000843361
0.000836491
0.000830781
0.000825884
0.00082145
0.000817162
0.000812738
0.000807961
0.000802725
0.000797122
0.000791606
0.000787252
0.000786179
0.00079214
0.000811242
0.000852495
0.000927445
0.00104785
0.0012208
0.00144323
0.00170029
0.00196954
0.00222856
0.0024606
0.00265642
0.00281333
0.00293315
0.00302023
0.00307994
0.00311766
0.00313832
0.0031461
0.00314441
0.00313588
0.00312249
0.00310563
0.00308619
0.00306463
0.00304102
0.0030151
0.0029863
0.00295383
0.00291672
0.00287395
0.00282467
0.00276875
0.00270728
0.00264343
0.00258204
0.00252685
0.00247982
0.00244116
0.00241
1.60764e-09
1.58982e-09
1.5661e-09
1.53625e-09
1.50071e-09
1.46096e-09
1.41953e-09
1.37943e-09
1.34304e-09
1.31161e-09
1.28547e-09
1.26433e-09
1.24759e-09
1.23456e-09
1.22452e-09
1.21681e-09
1.21086e-09
1.20615e-09
1.20222e-09
1.19859e-09
1.19481e-09
1.19039e-09
1.18486e-09
1.17779e-09
1.16887e-09
1.15814e-09
1.14645e-09
1.13625e-09
1.13322e-09
1.14898e-09
1.20566e-09
1.34204e-09
1.6199e-09
2.12463e-09
2.95133e-09
4.17148e-09
5.79098e-09
7.7272e-09
9.82482e-09
1.18994e-08
1.37863e-08
1.53713e-08
1.66001e-08
1.74708e-08
1.80178e-08
1.82944e-08
1.83588e-08
1.82639e-08
1.80514e-08
1.77499e-08
1.73743e-08
1.69283e-08
1.64083e-08
1.58076e-08
1.5123e-08
1.43674e-08
1.36027e-08
1.30452e-08
1.33941e-08
1.67016e-08
2.79676e-08
5.59808e-08
1.08478e-07
1.79866e-07
2.47613e-07
2.9231e-07
3.12249e-07
3.16127e-07
3.12365e-07
3.0585e-07
2.98971e-07
2.92768e-07
2.87618e-07
2.83569e-07
2.80498e-07
2.78205e-07
2.76456e-07
2.75013e-07
2.73652e-07
2.72155e-07
2.70314e-07
2.67945e-07
2.64913e-07
2.61194e-07
2.57001e-07
2.53021e-07
2.50837e-07
2.53629e-07
2.67152e-07
3.00687e-07
3.67173e-07
4.80998e-07
6.5286e-07
8.83386e-07
1.15972e-06
1.45827e-06
1.75166e-06
2.01614e-06
2.236e-06
2.40455e-06
2.52266e-06
2.59608e-06
2.63291e-06
2.64153e-06
2.6293e-06
2.60179e-06
2.56263e-06
2.51357e-06
2.45482e-06
2.3856e-06
2.30478e-06
2.21168e-06
2.10764e-06
1.9999e-06
1.9133e-06
1.9265e-06
2.26698e-06
3.48344e-06
6.53263e-06
1.22448e-05
1.99912e-05
2.73205e-05
3.21579e-05
3.43518e-05
3.48498e-05
3.45506e-05
3.39655e-05
3.3339e-05
3.27744e-05
3.23078e-05
3.19425e-05
3.16657e-05
3.14573e-05
3.12939e-05
3.1152e-05
3.10091e-05
3.08437e-05
3.0635e-05
3.03653e-05
3.00221e-05
2.96058e-05
2.91423e-05
2.87083e-05
2.84725e-05
2.87614e-05
3.01436e-05
3.349e-05
3.99312e-05
5.05808e-05
6.60192e-05
8.57748e-05
0.000108216
0.000131025
0.000151933
0.00016933
0.000182484
0.000191445
0.000196778
0.000199282
0.000199764
0.000198912
0.000197234
0.000195047
0.000192502
0.000189615
0.000186305
0.000182437
0.000177856
0.000172439
0.000166157
0.000159205
0.000152317
0.000147642
0.000150938
0.000175484
0.000243829
0.000375051
0.000553897
0.000723117
0.000834995
0.00088647
0.000899436
0.000894322
0.000882602
0.000869683
0.000857833
0.000847861
0.000839886
0.000833688
0.000828884
0.000825024
0.00082164
0.000818297
0.000814586
0.000810151
0.000804743
0.000798318
0.000791214
0.000784446
0.000780179
0.000782369
0.00079751
0.000835172
0.000907509
0.00102694
0.00120156
0.00142991
0.00169867
0.00198563
0.0022663
0.00252043
0.0027353
0.00290595
0.00303343
0.00312251
0.00317972
0.00321192
0.00322544
0.00322566
0.00321688
0.00320234
0.00318435
0.00316444
0.00314346
0.00312174
0.00309918
0.00307526
0.00304914
0.00301971
0.00298572
0.00294586
0.0028991
0.00284509
0.00278475
0.0027207
0.00265694
0.00259721
0.00254402
0.00249839
0.00246016
1.58821e-09
1.56687e-09
1.5398e-09
1.50713e-09
1.46967e-09
1.42914e-09
1.38797e-09
1.34885e-09
1.31384e-09
1.28411e-09
1.25994e-09
1.24104e-09
1.22679e-09
1.21644e-09
1.20923e-09
1.20446e-09
1.20151e-09
1.1998e-09
1.19882e-09
1.19802e-09
1.19684e-09
1.19469e-09
1.19093e-09
1.18492e-09
1.1761e-09
1.16419e-09
1.14963e-09
1.13437e-09
1.12353e-09
1.1281e-09
1.1696e-09
1.28641e-09
1.54047e-09
2.01899e-09
2.82321e-09
4.03855e-09
5.69101e-09
7.71492e-09
9.95689e-09
1.2213e-08
1.42846e-08
1.60224e-08
1.73484e-08
1.82537e-08
1.87803e-08
1.89986e-08
1.89865e-08
1.8814e-08
1.85348e-08
1.81827e-08
1.7773e-08
1.73055e-08
1.67709e-08
1.61573e-08
1.54604e-08
1.47021e-08
1.39768e-08
1.35819e-08
1.43734e-08
1.85692e-08
3.09457e-08
5.89544e-08
1.0828e-07
1.73805e-07
2.3764e-07
2.83023e-07
3.06105e-07
3.12819e-07
3.10698e-07
3.04919e-07
2.98321e-07
2.92239e-07
2.87219e-07
2.83378e-07
2.8061e-07
2.78697e-07
2.77375e-07
2.76367e-07
2.75409e-07
2.7424e-07
2.72606e-07
2.70271e-07
2.67044e-07
2.62841e-07
2.57803e-07
2.52542e-07
2.48563e-07
2.48972e-07
2.59491e-07
2.89429e-07
3.51976e-07
4.62422e-07
6.33462e-07
8.68621e-07
1.15739e-06
1.4762e-06
1.79462e-06
2.08393e-06
2.32361e-06
2.50401e-06
2.62538e-06
2.69495e-06
2.72333e-06
2.72162e-06
2.69941e-06
2.6637e-06
2.61869e-06
2.56597e-06
2.50514e-06
2.43459e-06
2.35241e-06
2.25771e-06
2.15281e-06
2.04859e-06
1.97899e-06
2.0401e-06
2.47757e-06
3.81539e-06
6.86417e-06
1.2232e-05
1.93453e-05
2.62578e-05
3.11745e-05
3.37076e-05
3.45094e-05
3.43862e-05
3.38821e-05
3.32891e-05
3.27411e-05
3.22913e-05
3.19502e-05
3.17062e-05
3.15375e-05
3.14176e-05
3.1319e-05
3.12152e-05
3.10802e-05
3.08885e-05
3.0617e-05
3.02477e-05
2.97745e-05
2.92171e-05
2.86456e-05
2.82242e-05
2.82777e-05
2.93799e-05
3.24175e-05
3.85609e-05
4.90194e-05
6.45483e-05
8.48812e-05
0.000108479
0.000132892
0.000155496
0.000174273
0.0001882
0.000197256
0.000202124
0.000203827
0.000203413
0.000201759
0.000199487
0.000196952
0.000194285
0.000191447
0.000188285
0.000184587
0.000180133
0.000174764
0.000168462
0.000161517
0.000154903
0.000151211
0.000156647
0.000183906
0.000252114
0.000375208
0.000539307
0.000698891
0.000812587
0.000871792
0.000891638
0.000890485
0.000880571
0.000868369
0.000856836
0.000847164
0.000839633
0.000834059
0.000830026
0.000827015
0.000824469
0.000821857
0.000818662
0.000814413
0.00080874
0.00080148
0.000792868
0.000783866
0.000776675
0.000775408
0.000786851
0.000820991
0.000890422
0.00100808
0.00118294
0.00141496
0.00169224
0.00199289
0.00229098
0.00256318
0.00279351
0.00297464
0.00310665
0.00319468
0.00324651
0.00327058
0.00327479
0.00326584
0.00324896
0.00322802
0.0032056
0.00318329
0.00316185
0.0031414
0.00312157
0.00310159
0.00308031
0.00305632
0.00302806
0.00299396
0.00295276
0.00290385
0.00284782
0.00278672
0.00272384
0.00266268
0.00260602
0.00255553
0.00251169
1.56978e-09
1.54577e-09
1.5164e-09
1.48209e-09
1.44393e-09
1.4037e-09
1.36371e-09
1.32628e-09
1.29323e-09
1.26554e-09
1.24347e-09
1.22671e-09
1.21464e-09
1.20649e-09
1.20152e-09
1.19901e-09
1.19831e-09
1.19885e-09
1.20007e-09
1.20137e-09
1.20212e-09
1.20165e-09
1.1992e-09
1.19395e-09
1.18513e-09
1.1722e-09
1.15523e-09
1.13574e-09
1.11829e-09
1.11313e-09
1.14092e-09
1.23909e-09
1.46871e-09
1.91758e-09
2.69155e-09
3.88771e-09
5.55092e-09
7.6335e-09
9.98755e-09
1.23961e-08
1.46303e-08
1.6505e-08
1.79158e-08
1.88432e-08
1.93358e-08
1.94817e-08
1.93805e-08
1.91216e-08
1.87718e-08
1.83713e-08
1.79351e-08
1.74591e-08
1.6928e-08
1.63257e-08
1.56493e-08
1.49343e-08
1.43146e-08
1.41726e-08
1.54999e-08
2.05955e-08
3.3895e-08
6.16105e-08
1.07859e-07
1.68086e-07
2.28026e-07
2.73406e-07
2.99202e-07
3.0897e-07
3.09016e-07
3.04471e-07
2.98494e-07
2.92724e-07
2.87898e-07
2.84233e-07
2.81663e-07
2.79979e-07
2.78907e-07
2.78151e-07
2.77418e-07
2.76413e-07
2.7485e-07
2.72455e-07
2.68993e-07
2.64331e-07
2.58556e-07
2.52213e-07
2.46727e-07
2.451e-07
2.52906e-07
2.79351e-07
3.37713e-07
4.43942e-07
6.12396e-07
8.49268e-07
1.14655e-06
1.48121e-06
1.82065e-06
2.13166e-06
2.38883e-06
2.57912e-06
2.70186e-06
2.76557e-06
2.78355e-06
2.76986e-06
2.73656e-06
2.69224e-06
2.64167e-06
2.58629e-06
2.52504e-06
2.45546e-06
2.37501e-06
2.28284e-06
2.18281e-06
2.09018e-06
2.04838e-06
2.16843e-06
2.70474e-06
4.14371e-06
7.16059e-06
1.21941e-05
1.87353e-05
2.52315e-05
3.01523e-05
3.2978e-05
3.4105e-05
3.4211e-05
3.38371e-05
3.33101e-05
3.27964e-05
3.23688e-05
3.20476e-05
3.18254e-05
3.16811e-05
3.15871e-05
3.15139e-05
3.1432e-05
3.13121e-05
3.11251e-05
3.0844e-05
3.04461e-05
2.99208e-05
2.92819e-05
2.85943e-05
2.80163e-05
2.78672e-05
2.87145e-05
3.1448e-05
3.72647e-05
4.74538e-05
6.29268e-05
8.36217e-05
0.00010812
0.00013388
0.000157979
0.000177996
0.000192593
0.000201641
0.000205929
0.000206712
0.000205297
0.000202769
0.000199868
0.000196985
0.000194225
0.000191486
0.00018854
0.000185104
0.000180904
0.000175757
0.000169673
0.000163054
0.000157115
0.000154813
0.00016256
0.000192155
0.000259549
0.000374774
0.000525537
0.000675483
0.000789253
0.000855108
0.000882299
0.000886285
0.000879266
0.000868519
0.000857727
0.000848523
0.000841408
0.000836289
0.000832766
0.000830295
0.000828268
0.000826082
0.000823136
0.000818867
0.000812808
0.000804697
0.000794689
0.000783699
0.000773955
0.000769697
0.000777935
0.0008089
0.000875504
0.00099112
0.00116546
0.00139968
0.00168324
0.00199471
0.00230703
0.00259436
0.00283765
0.00302713
0.00316179
0.00324702
0.00329181
0.00330625
0.00329991
0.00328086
0.00325533
0.00322773
0.00320092
0.00317646
0.00315496
0.00313628
0.00311976
0.00310434
0.00308861
0.0030709
0.0030494
0.00302232
0.00298818
0.00294611
0.00289633
0.00284033
0.00278078
0.00272079
0.00266319
0.00261003
0.00256233
1.55304e-09
1.52722e-09
1.49649e-09
1.46152e-09
1.42355e-09
1.38435e-09
1.34602e-09
1.3106e-09
1.27961e-09
1.25392e-09
1.23373e-09
1.21873e-09
1.20831e-09
1.20178e-09
1.19838e-09
1.19742e-09
1.19829e-09
1.2004e-09
1.20316e-09
1.20595e-09
1.20811e-09
1.20887e-09
1.20735e-09
1.20261e-09
1.19371e-09
1.17985e-09
1.16084e-09
1.13782e-09
1.11481e-09
1.10134e-09
1.11697e-09
1.19763e-09
1.40289e-09
1.82013e-09
2.5583e-09
3.7241e-09
5.37981e-09
7.4967e-09
9.9366e-09
1.24744e-08
1.48551e-08
1.68599e-08
1.83545e-08
1.93046e-08
1.97622e-08
1.98321e-08
1.96362e-08
1.92849e-08
1.88599e-08
1.84085e-08
1.79465e-08
1.74666e-08
1.69488e-08
1.63748e-08
1.57462e-08
1.51174e-08
1.46667e-08
1.48591e-08
1.67901e-08
2.27599e-08
3.67881e-08
6.39763e-08
1.07259e-07
1.62661e-07
2.18776e-07
2.63578e-07
2.91553e-07
3.04353e-07
3.06931e-07
3.04059e-07
2.99046e-07
2.93795e-07
2.89243e-07
2.85732e-07
2.8327e-07
2.81681e-07
2.80701e-07
2.80031e-07
2.7936e-07
2.78374e-07
2.76759e-07
2.74213e-07
2.70472e-07
2.65368e-07
2.58948e-07
2.51701e-07
2.44965e-07
2.41608e-07
2.47009e-07
2.70167e-07
3.24301e-07
4.25801e-07
5.90394e-07
8.26688e-07
1.12931e-06
1.47632e-06
1.83361e-06
2.16409e-06
2.43763e-06
2.63741e-06
2.76132e-06
2.81881e-06
2.82574e-06
2.79927e-06
2.75411e-06
2.70055e-06
2.64411e-06
2.58612e-06
2.52496e-06
2.45748e-06
2.38078e-06
2.29448e-06
2.20448e-06
2.13099e-06
2.12657e-06
2.31357e-06
2.9463e-06
4.46533e-06
7.42476e-06
1.2136e-05
1.81557e-05
2.42423e-05
2.91045e-05
3.21647e-05
3.36139e-05
3.3986e-05
3.37865e-05
3.33597e-05
3.29e-05
3.25013e-05
3.21971e-05
3.19872e-05
3.18535e-05
3.17696e-05
3.17053e-05
3.16296e-05
3.15107e-05
3.1317e-05
3.10184e-05
3.0589e-05
3.00146e-05
2.93055e-05
2.85211e-05
2.7813e-05
2.7491e-05
2.81109e-05
3.05554e-05
3.60354e-05
4.59041e-05
6.12126e-05
8.20983e-05
0.000107292
0.00013421
0.00015967
0.000180867
0.000196131
0.000205184
0.000208889
0.000208728
0.000206273
0.000202827
0.000199258
0.000195994
0.000193112
0.00019045
0.00018771
0.000184547
0.000180649
0.000175828
0.00017014
0.00016411
0.000159176
0.000158561
0.000168659
0.000200167
0.000266198
0.000373859
0.000512464
0.00065291
0.000765297
0.000836468
0.000870928
0.000880881
0.000877747
0.000869224
0.000859638
0.00085109
0.000844372
0.000839544
0.000836277
0.000834041
0.000832214
0.000830145
0.000827176
0.000822674
0.000816095
0.000807104
0.000795796
0.000783066
0.000771163
0.000764411
0.000769968
0.000798238
0.000862342
0.000975978
0.00114947
0.00138503
0.00167327
0.00199344
0.00231763
0.00261788
0.00287239
0.00306897
0.00320538
0.00328711
0.00332427
0.00332859
0.00331134
0.00328197
0.00324769
0.00321346
0.00318233
0.00315578
0.00313422
0.00311722
0.00310383
0.00309271
0.00308224
0.00307056
0.00305567
0.00303564
0.00300882
0.00297414
0.00293145
0.00288176
0.00282713
0.00277024
0.00271378
0.00265996
0.00261018
1.53843e-09
1.51157e-09
1.48028e-09
1.44542e-09
1.40826e-09
1.37053e-09
1.33408e-09
1.30069e-09
1.27167e-09
1.24775e-09
1.22909e-09
1.21541e-09
1.20616e-09
1.20068e-09
1.19829e-09
1.19834e-09
1.20022e-09
1.20336e-09
1.20717e-09
1.211e-09
1.21413e-09
1.21573e-09
1.21482e-09
1.21034e-09
1.2012e-09
1.18642e-09
1.16559e-09
1.13955e-09
1.11184e-09
1.09124e-09
1.09607e-09
1.16049e-09
1.34202e-09
1.72668e-09
2.42514e-09
3.55181e-09
5.1848e-09
7.31503e-09
9.81778e-09
1.24655e-08
1.49822e-08
1.71164e-08
1.87023e-08
1.96869e-08
2.01203e-08
2.01209e-08
1.98322e-08
1.93865e-08
1.88817e-08
1.83743e-08
1.78826e-08
1.73977e-08
1.68973e-08
1.63637e-08
1.58071e-08
1.5305e-08
1.50823e-08
1.56774e-08
1.82525e-08
2.50384e-08
3.96006e-08
6.60738e-08
1.06512e-07
1.57494e-07
2.09888e-07
2.53645e-07
2.83219e-07
2.9884e-07
3.0413e-07
3.0328e-07
2.99564e-07
2.95062e-07
2.90902e-07
2.87572e-07
2.85173e-07
2.83588e-07
2.82581e-07
2.81863e-07
2.81119e-07
2.80024e-07
2.78246e-07
2.75465e-07
2.71398e-07
2.65854e-07
2.58855e-07
2.50843e-07
2.43073e-07
2.38263e-07
2.41562e-07
2.61689e-07
3.11681e-07
4.08169e-07
5.67985e-07
8.01889e-07
1.1072e-06
1.4636e-06
1.8362e-06
2.18468e-06
2.47431e-06
2.68434e-06
2.81061e-06
2.86296e-06
2.85947e-06
2.82029e-06
2.76289e-06
2.69947e-06
2.63644e-06
2.57525e-06
2.51394e-06
2.44896e-06
2.37739e-06
2.29975e-06
2.22451e-06
2.17704e-06
2.21789e-06
2.47663e-06
3.19964e-06
4.77752e-06
7.65902e-06
1.2061e-05
1.76028e-05
2.32902e-05
2.80426e-05
3.12749e-05
3.30232e-05
3.368e-05
3.36905e-05
3.33971e-05
3.30142e-05
3.26558e-05
3.23705e-05
3.21678e-05
3.20353e-05
3.19493e-05
3.18807e-05
3.17979e-05
3.16677e-05
3.14568e-05
3.1133e-05
3.06685e-05
3.00467e-05
2.92752e-05
2.84095e-05
2.7594e-05
2.71265e-05
2.75471e-05
2.97232e-05
3.48685e-05
4.43852e-05
5.94481e-05
8.03857e-05
0.000106103
0.000134026
0.000160761
0.000183137
0.000199135
0.00020829
0.000211497
0.000210438
0.00020695
0.000202564
0.000198283
0.000194582
0.000191515
0.000188864
0.000186274
0.00018335
0.000179761
0.000175331
0.000170178
0.000164952
0.000161279
0.000162538
0.00017491
0.000207889
0.000272117
0.000372539
0.0005
0.000631172
0.000740989
0.000816042
0.000857245
0.000873587
0.000875144
0.000869601
0.000861742
0.000854124
0.000847872
0.000843255
0.000840059
0.000837813
0.000835912
0.000833687
0.000830442
0.000825499
0.000818259
0.00080834
0.000795803
0.000781539
0.000767824
0.000759053
0.00076248
0.000788612
0.000850693
0.00096264
0.00113527
0.00137167
0.00166352
0.00199074
0.00232499
0.00263649
0.00290095
0.00310394
0.00324186
0.00332011
0.00334979
0.00334422
0.0033163
0.00327688
0.00323413
0.00319351
0.00315819
0.00312957
0.00310778
0.0030921
0.00308128
0.00307375
0.0030677
0.00306115
0.00305203
0.00303833
0.00301829
0.0029907
0.00295511
0.00291211
0.00286323
0.00281069
0.0027569
0.00270407
0.00265382
1.52615e-09
1.49896e-09
1.46777e-09
1.43357e-09
1.39765e-09
1.3616e-09
1.3271e-09
1.29565e-09
1.2684e-09
1.24597e-09
1.2285e-09
1.21576e-09
1.20727e-09
1.20243e-09
1.20063e-09
1.20126e-09
1.20375e-09
1.20753e-09
1.212e-09
1.2165e-09
1.22024e-09
1.22231e-09
1.22168e-09
1.21716e-09
1.20755e-09
1.19175e-09
1.16918e-09
1.14045e-09
1.10868e-09
1.08192e-09
1.0772e-09
1.12672e-09
1.28549e-09
1.6374e-09
2.29349e-09
3.37419e-09
4.97167e-09
7.09681e-09
9.64161e-09
1.23819e-08
1.50263e-08
1.72935e-08
1.89847e-08
2.00234e-08
2.04527e-08
2.04001e-08
2.00281e-08
1.94903e-08
1.89029e-08
1.83335e-08
1.78058e-08
1.7312e-08
1.68303e-08
1.63471e-08
1.58845e-08
1.55463e-08
1.56033e-08
1.66537e-08
1.98886e-08
2.74063e-08
4.23116e-08
6.7921e-08
1.0564e-07
1.52556e-07
2.01355e-07
2.43698e-07
2.74296e-07
2.92383e-07
3.00391e-07
3.01795e-07
2.99666e-07
2.96156e-07
2.92548e-07
2.89475e-07
2.87149e-07
2.85525e-07
2.84416e-07
2.83554e-07
2.82632e-07
2.81321e-07
2.79284e-07
2.76189e-07
2.71745e-07
2.65754e-07
2.58222e-07
2.49557e-07
2.40934e-07
2.34918e-07
2.36406e-07
2.53782e-07
2.998e-07
3.91163e-07
5.45551e-07
7.75632e-07
1.08141e-06
1.4446e-06
1.83032e-06
2.1957e-06
2.50179e-06
2.72359e-06
2.85441e-06
2.90382e-06
2.8916e-06
2.84063e-06
2.77111e-06
2.69732e-06
2.62687e-06
2.56161e-06
2.49954e-06
2.43707e-06
2.37168e-06
2.30519e-06
2.24896e-06
2.2334e-06
2.32556e-06
2.65794e-06
3.46213e-06
5.07797e-06
7.86531e-06
1.19716e-05
1.70736e-05
2.23746e-05
2.69768e-05
3.03192e-05
3.23287e-05
3.32704e-05
3.3515e-05
3.33849e-05
3.31032e-05
3.28009e-05
3.25418e-05
3.23469e-05
3.22111e-05
3.21153e-05
3.20327e-05
3.19321e-05
3.17802e-05
3.15427e-05
3.11863e-05
3.06825e-05
3.00136e-05
2.91859e-05
2.82515e-05
2.73477e-05
2.67598e-05
2.70083e-05
2.89398e-05
3.37604e-05
4.29076e-05
5.76641e-05
7.85396e-05
0.000104635
0.000133433
0.00016138
0.00018497
0.000201817
0.000211224
0.000214073
0.000212214
0.000207737
0.000202402
0.000197363
0.000193153
0.000189817
0.000187093
0.000184576
0.000181841
0.000178551
0.000174558
0.00017005
0.000165798
0.000163573
0.000166799
0.000181277
0.000215274
0.000277351
0.00037087
0.000488076
0.000610264
0.000716566
0.000794076
0.000841165
0.000863907
0.000870706
0.000868819
0.000863243
0.000856919
0.000851308
0.000846923
0.000843712
0.000841295
0.000839112
0.000836504
0.000832763
0.000827185
0.000819143
0.000808235
0.000794515
0.000778888
0.000763676
0.000753335
0.000755184
0.00077978
0.000840409
0.000951113
0.00112308
0.00136011
0.00165484
0.00198786
0.00233071
0.00265212
0.00292561
0.0031346
0.00327412
0.00334932
0.00337214
0.00335732
0.00331934
0.00327044
0.00321967
0.00317299
0.00313367
0.00310295
0.00308069
0.00306586
0.00305695
0.00305215
0.00304951
0.00304699
0.00304249
0.00303402
0.0030198
0.00299849
0.00296948
0.00293297
0.00289005
0.00284248
0.00279236
0.00274175
0.00269237
1.51622e-09
1.4893e-09
1.45875e-09
1.42562e-09
1.3912e-09
1.35695e-09
1.32435e-09
1.29471e-09
1.26902e-09
1.24784e-09
1.2313e-09
1.21921e-09
1.21118e-09
1.20668e-09
1.20516e-09
1.20608e-09
1.20888e-09
1.213e-09
1.21781e-09
1.22263e-09
1.22663e-09
1.22882e-09
1.2281e-09
1.2232e-09
1.21282e-09
1.19582e-09
1.17148e-09
1.14025e-09
1.10491e-09
1.07279e-09
1.05966e-09
1.09562e-09
1.23285e-09
1.55243e-09
2.16461e-09
3.1941e-09
4.74527e-09
6.84892e-09
9.41643e-09
1.22325e-08
1.49968e-08
1.7402e-08
1.92161e-08
2.03346e-08
2.07873e-08
2.07049e-08
2.02654e-08
1.96433e-08
1.89734e-08
1.83377e-08
1.77679e-08
1.72608e-08
1.67988e-08
1.63756e-08
1.60285e-08
1.58887e-08
1.62681e-08
1.78065e-08
2.16853e-08
2.9835e-08
4.49025e-08
6.9533e-08
1.0466e-07
1.47826e-07
1.93173e-07
2.33818e-07
2.64899e-07
2.8501e-07
2.95581e-07
2.99339e-07
2.99018e-07
2.96732e-07
2.93859e-07
2.91162e-07
2.88965e-07
2.8731e-07
2.86064e-07
2.84998e-07
2.8382e-07
2.8221e-07
2.79832e-07
2.76356e-07
2.71493e-07
2.65048e-07
2.57022e-07
2.47798e-07
2.3848e-07
2.31478e-07
2.31425e-07
2.46338e-07
2.88608e-07
3.74854e-07
5.23377e-07
7.48502e-07
1.05284e-06
1.4205e-06
1.81734e-06
2.19869e-06
2.52182e-06
2.75745e-06
2.89572e-06
2.94521e-06
2.92677e-06
2.86562e-06
2.78462e-06
2.70029e-06
2.62171e-06
2.55149e-06
2.48802e-06
2.42805e-06
2.36983e-06
2.31686e-06
2.28352e-06
2.30468e-06
2.45182e-06
2.85616e-06
3.73056e-06
5.36462e-06
8.04529e-06
1.18698e-05
1.65659e-05
2.14951e-05
2.59158e-05
2.931e-05
3.15336e-05
3.27443e-05
3.32336e-05
3.32898e-05
3.31331e-05
3.29055e-05
3.26844e-05
3.25026e-05
3.23639e-05
3.22548e-05
3.21518e-05
3.20257e-05
3.18437e-05
3.15717e-05
3.11765e-05
3.06296e-05
2.99138e-05
2.90348e-05
2.80424e-05
2.70673e-05
2.63816e-05
2.64842e-05
2.81961e-05
3.27078e-05
4.14787e-05
5.58837e-05
7.66037e-05
0.000102949
0.000132503
0.000161612
0.000186467
0.000204307
0.000214158
0.00021683
0.000214301
0.000208896
0.000202612
0.000196767
0.000191971
0.000188274
0.000185386
0.000182866
0.000180271
0.00017727
0.000173753
0.000169984
0.000166835
0.000166169
0.000171352
0.000187705
0.000222284
0.000281939
0.000368895
0.000476639
0.000590175
0.000692235
0.000770862
0.000822766
0.000851553
0.000863841
0.000866134
0.00086338
0.000858769
0.000854064
0.000850037
0.000846819
0.000844155
0.000841555
0.000838394
0.000833977
0.000827597
0.000818629
0.000806674
0.000791809
0.000774981
0.000758569
0.000747092
0.000747914
0.000771599
0.000831411
0.000941428
0.00111308
0.00135074
0.00164787
0.00198576
0.00233598
0.00266617
0.00294793
0.00316267
0.00330405
0.00337686
0.00339364
0.0033704
0.00332315
0.00326539
0.0032071
0.00315469
0.0031115
0.00307864
0.00305566
0.00304123
0.00303357
0.00303067
0.00303047
0.00303089
0.00302988
0.00302547
0.00301593
0.00299991
0.00297662
0.00294603
0.00290884
0.0028664
0.00282048
0.00277291
0.00272538
1.50847e-09
1.48236e-09
1.45288e-09
1.42114e-09
1.3884e-09
1.35598e-09
1.32522e-09
1.29726e-09
1.27297e-09
1.25284e-09
1.23703e-09
1.2254e-09
1.21762e-09
1.21326e-09
1.21183e-09
1.21281e-09
1.21568e-09
1.21986e-09
1.22474e-09
1.22956e-09
1.23346e-09
1.23539e-09
1.23418e-09
1.22852e-09
1.21706e-09
1.1986e-09
1.1724e-09
1.13878e-09
1.10023e-09
1.06346e-09
1.04295e-09
1.06668e-09
1.18375e-09
1.4719e-09
2.03951e-09
3.01395e-09
4.50985e-09
6.57731e-09
9.14919e-09
1.20243e-08
1.48997e-08
1.74473e-08
1.94026e-08
2.06298e-08
2.11387e-08
2.10566e-08
2.05724e-08
1.9879e-08
1.91314e-08
1.84278e-08
1.7812e-08
1.72891e-08
1.68491e-08
1.64962e-08
1.62851e-08
1.63736e-08
1.71063e-08
1.91437e-08
2.36249e-08
3.22883e-08
4.73577e-08
7.09231e-08
1.03585e-07
1.43286e-07
1.85331e-07
2.2407e-07
2.55149e-07
2.76798e-07
2.89657e-07
2.95736e-07
2.97351e-07
2.9648e-07
2.94526e-07
2.92348e-07
2.90373e-07
2.88729e-07
2.87352e-07
2.86053e-07
2.84572e-07
2.82604e-07
2.79826e-07
2.75921e-07
2.7061e-07
2.63712e-07
2.55233e-07
2.45538e-07
2.35665e-07
2.27876e-07
2.26536e-07
2.39273e-07
2.78054e-07
3.59284e-07
5.01673e-07
7.20956e-07
1.02221e-06
1.39226e-06
1.79828e-06
2.19466e-06
2.53544e-06
2.78709e-06
2.93612e-06
2.98933e-06
2.96787e-06
2.89882e-06
2.80756e-06
2.71295e-06
2.62585e-06
2.55005e-06
2.48473e-06
2.42739e-06
2.37743e-06
2.34023e-06
2.33306e-06
2.39436e-06
2.59769e-06
3.06939e-06
4.00099e-06
5.63577e-06
8.20043e-06
1.1757e-05
1.60777e-05
2.0651e-05
2.48672e-05
2.82607e-05
3.06467e-05
3.20974e-05
3.28283e-05
3.30845e-05
3.30728e-05
3.29387e-05
3.27702e-05
3.26108e-05
3.24734e-05
3.23512e-05
3.22252e-05
3.20686e-05
3.18507e-05
3.15383e-05
3.10996e-05
3.05073e-05
2.97453e-05
2.882e-05
2.77795e-05
2.67486e-05
2.59856e-05
2.59671e-05
2.74851e-05
3.17074e-05
4.01035e-05
5.41249e-05
7.46121e-05
0.000101091
0.000131291
0.000161513
0.000187688
0.000206678
0.00021719
0.000219899
0.000216858
0.000210605
0.000203376
0.000196676
0.000191213
0.000187064
0.000183926
0.000181335
0.00017884
0.000176124
0.000173122
0.000170165
0.000168205
0.000169137
0.00017618
0.000194116
0.000228885
0.000285918
0.000366647
0.000465645
0.000570892
0.000668172
0.000746712
0.00080225
0.000836431
0.000854147
0.000860935
0.000861452
0.000858977
0.000855502
0.000852035
0.000848906
0.000845997
0.000842915
0.000839092
0.000833869
0.000826565
0.000816579
0.000803546
0.000787594
0.000769733
0.000752416
0.000740234
0.000740582
0.000764
0.000823677
0.000933638
0.00110544
0.00134388
0.00164314
0.00198516
0.00234169
0.00267969
0.00296906
0.00318938
0.00333293
0.00340402
0.00341563
0.00338491
0.00332919
0.00326322
0.00319784
0.00313993
0.00309295
0.00305782
0.00303384
0.00301939
0.0030124
0.00301068
0.00301209
0.00301451
0.00301596
0.00301456
0.00300862
0.00299684
0.00297834
0.00295291
0.00292095
0.00288347
0.00284189
0.00279781
0.00275282
1.50261e-09
1.4778e-09
1.44975e-09
1.41965e-09
1.38871e-09
1.35815e-09
1.32918e-09
1.30279e-09
1.27976e-09
1.26056e-09
1.24535e-09
1.23406e-09
1.22641e-09
1.22205e-09
1.22055e-09
1.22141e-09
1.22414e-09
1.22816e-09
1.2328e-09
1.2373e-09
1.24073e-09
1.24202e-09
1.23992e-09
1.2331e-09
1.2202e-09
1.20002e-09
1.17182e-09
1.13587e-09
1.09442e-09
1.0536e-09
1.02667e-09
1.03946e-09
1.13787e-09
1.39587e-09
1.91903e-09
2.83584e-09
4.26923e-09
6.28739e-09
8.84618e-09
1.17629e-08
1.47389e-08
1.74309e-08
1.95445e-08
2.09101e-08
2.15115e-08
2.14653e-08
2.09654e-08
2.02203e-08
1.94051e-08
1.86368e-08
1.79746e-08
1.7436e-08
1.70221e-08
1.67505e-08
1.66939e-08
1.70332e-08
1.81358e-08
2.0662e-08
2.56826e-08
3.47335e-08
4.96619e-08
7.21028e-08
1.02427e-07
1.3892e-07
1.77822e-07
2.14513e-07
2.45169e-07
2.67865e-07
2.82651e-07
2.90898e-07
2.94475e-07
2.95143e-07
2.94267e-07
2.92753e-07
2.91111e-07
2.89552e-07
2.88078e-07
2.86551e-07
2.84748e-07
2.82392e-07
2.79182e-07
2.74822e-07
2.69055e-07
2.61722e-07
2.52838e-07
2.42758e-07
2.32462e-07
2.24068e-07
2.21677e-07
2.32517e-07
2.68086e-07
3.44471e-07
4.80592e-07
6.9336e-07
9.90128e-07
1.36062e-06
1.77394e-06
2.18429e-06
2.54317e-06
2.81297e-06
2.97621e-06
3.03715e-06
3.01645e-06
2.94246e-06
2.84278e-06
2.7387e-06
2.64316e-06
2.56155e-06
2.49423e-06
2.43989e-06
2.39931e-06
2.37985e-06
2.40132e-06
2.50453e-06
2.76288e-06
3.29495e-06
4.26987e-06
5.88978e-06
8.33199e-06
1.16344e-05
1.56075e-05
1.98416e-05
2.38373e-05
2.71849e-05
2.96809e-05
3.13335e-05
3.22904e-05
3.27496e-05
3.28963e-05
3.28723e-05
3.27714e-05
3.26458e-05
3.2517e-05
3.23852e-05
3.22362e-05
3.20474e-05
3.17904e-05
3.14345e-05
3.09499e-05
3.03117e-05
2.95059e-05
2.854e-05
2.74614e-05
2.63888e-05
2.55677e-05
2.54515e-05
2.68011e-05
3.0756e-05
3.87851e-05
5.24016e-05
7.25929e-05
9.91e-05
0.000129842
0.000161125
0.000188668
0.000208967
0.000220371
0.000223354
0.000219985
0.000212984
0.000204827
0.000197225
0.000191015
0.000186326
0.000182857
0.000180136
0.00017771
0.000175281
0.000172825
0.000170732
0.000170002
0.000172505
0.000181246
0.000200444
0.000235045
0.000289319
0.000364156
0.00045506
0.000552402
0.00064453
0.000721936
0.000779913
0.000818629
0.000841424
0.000852781
0.000856873
0.000856902
0.000854988
0.000852332
0.000849448
0.000846367
0.000842806
0.000838277
0.00083218
0.000823883
0.000812838
0.000798741
0.000781791
0.000763089
0.000745181
0.000732732
0.000733169
0.000756982
0.000817234
0.000927824
0.00110031
0.00133979
0.00164103
0.00198661
0.00234856
0.00269346
0.0029898
0.00321554
0.00336159
0.00343164
0.00343896
0.00340162
0.0033382
0.00326458
0.00319247
0.00312921
0.00307838
0.0030408
0.00301551
0.00300061
0.00299379
0.00299267
0.002995
0.00299868
0.00300176
0.00300246
0.00299919
0.00299069
0.00297607
0.00295499
0.00292763
0.00289472
0.00285737
0.00281695
0.00277488
1.4982e-09
1.47515e-09
1.44888e-09
1.42064e-09
1.3916e-09
1.36294e-09
1.3357e-09
1.31082e-09
1.28898e-09
1.27063e-09
1.25596e-09
1.24492e-09
1.23733e-09
1.23288e-09
1.23118e-09
1.23177e-09
1.23416e-09
1.23776e-09
1.24189e-09
1.24573e-09
1.24833e-09
1.24855e-09
1.24515e-09
1.23678e-09
1.2221e-09
1.19995e-09
1.16962e-09
1.13138e-09
1.08729e-09
1.04295e-09
1.01048e-09
1.01359e-09
1.09493e-09
1.32434e-09
1.80383e-09
2.66153e-09
4.02683e-09
5.9842e-09
8.51331e-09
1.14538e-08
1.45174e-08
1.73524e-08
1.96382e-08
2.11704e-08
2.19019e-08
2.19313e-08
2.14508e-08
2.06804e-08
1.98142e-08
1.899e-08
1.82857e-08
1.77348e-08
1.7353e-08
1.71731e-08
1.72851e-08
1.78888e-08
1.93624e-08
2.23477e-08
2.78289e-08
3.71408e-08
5.18026e-08
7.30822e-08
1.01193e-07
1.34715e-07
1.70637e-07
2.05192e-07
2.35076e-07
2.58351e-07
2.74654e-07
2.84822e-07
2.90283e-07
2.92538e-07
2.9285e-07
2.92126e-07
2.90932e-07
2.89545e-07
2.88031e-07
2.86308e-07
2.84195e-07
2.8145e-07
2.77805e-07
2.72992e-07
2.66786e-07
2.59052e-07
2.49824e-07
2.3945e-07
2.28855e-07
2.20024e-07
2.168e-07
2.26011e-07
2.58657e-07
3.30415e-07
4.60247e-07
6.66001e-07
9.57103e-07
1.32627e-06
1.74499e-06
2.1681e-06
2.54523e-06
2.83505e-06
3.01586e-06
3.08873e-06
3.07301e-06
2.99761e-06
2.89202e-06
2.77994e-06
2.67662e-06
2.58942e-06
2.52033e-06
2.46953e-06
2.43941e-06
2.43922e-06
2.49074e-06
2.6359e-06
2.94592e-06
3.52964e-06
4.53401e-06
6.12532e-06
8.44116e-06
1.15029e-05
1.51539e-05
1.90659e-05
2.28313e-05
2.60951e-05
2.86512e-05
3.04626e-05
3.16198e-05
3.22745e-05
3.25848e-05
3.26827e-05
3.26626e-05
3.25826e-05
3.24714e-05
3.23357e-05
3.21671e-05
3.1947e-05
3.16509e-05
3.12512e-05
3.07212e-05
3.0039e-05
2.91935e-05
2.8194e-05
2.70872e-05
2.59868e-05
2.51254e-05
2.49335e-05
2.61397e-05
2.98507e-05
3.75254e-05
5.07245e-05
7.0569e-05
9.701e-05
0.000128191
0.000160476
0.000189426
0.000211188
0.000223721
0.000227234
0.000223747
0.00021612
0.000207066
0.000198524
0.00019149
0.000186173
0.000182299
0.000179397
0.000177015
0.000174875
0.000172988
0.000171783
0.000172276
0.000176264
0.000186493
0.000206624
0.00024074
0.000292172
0.000361444
0.000444852
0.000534686
0.000621431
0.000696831
0.000756103
0.000798371
0.000825668
0.000841425
0.000849212
0.000852007
0.000851947
0.00085036
0.000847914
0.000844786
0.000840811
0.000835596
0.000828622
0.00081933
0.000807247
0.000792151
0.000774342
0.000755029
0.000736868
0.000724612
0.000725715
0.000750599
0.000812162
0.000924098
0.00109787
0.00133872
0.00164189
0.00199057
0.00235717
0.0027081
0.00301081
0.00324176
0.00339057
0.00346024
0.0034641
0.003421
0.00335056
0.00326976
0.00319116
0.00312258
0.00306776
0.00302746
0.00300051
0.00298475
0.00297763
0.00297661
0.00297934
0.00298369
0.00298776
0.00298984
0.00298847
0.00298244
0.00297089
0.00295339
0.00292997
0.00290113
0.00286774
0.00283093
0.00279196
1.49468e-09
1.47386e-09
1.44972e-09
1.42355e-09
1.39655e-09
1.3698e-09
1.34431e-09
1.32089e-09
1.30021e-09
1.28268e-09
1.2685e-09
1.2577e-09
1.25011e-09
1.24549e-09
1.24347e-09
1.24365e-09
1.2455e-09
1.24844e-09
1.25175e-09
1.25459e-09
1.25597e-09
1.25474e-09
1.24964e-09
1.23934e-09
1.22255e-09
1.19819e-09
1.16563e-09
1.12514e-09
1.07866e-09
1.03131e-09
9.94117e-10
9.88758e-10
1.05463e-09
1.25726e-09
1.69441e-09
2.49257e-09
3.7857e-09
5.67247e-09
8.1564e-09
1.11023e-08
1.42381e-08
1.72105e-08
1.96779e-08
2.14018e-08
2.23003e-08
2.24473e-08
2.20261e-08
2.12632e-08
2.03697e-08
1.95048e-08
1.87678e-08
1.82115e-08
1.7869e-08
1.77894e-08
1.80789e-08
1.89498e-08
2.07803e-08
2.41787e-08
3.00317e-08
3.94829e-08
5.37706e-08
7.38711e-08
9.98915e-08
1.3066e-07
1.63764e-07
1.96143e-07
2.24975e-07
2.48404e-07
2.658e-07
2.77575e-07
2.84755e-07
2.88562e-07
2.90111e-07
2.9027e-07
2.89624e-07
2.88499e-07
2.87018e-07
2.85152e-07
2.82765e-07
2.7966e-07
2.75604e-07
2.7037e-07
2.63765e-07
2.55686e-07
2.46188e-07
2.35615e-07
2.24843e-07
2.1573e-07
2.11875e-07
2.19711e-07
2.49722e-07
3.17107e-07
4.40717e-07
6.39114e-07
9.23579e-07
1.28979e-06
1.71206e-06
2.14649e-06
2.54168e-06
2.853e-06
3.05449e-06
3.14347e-06
3.13719e-06
3.06443e-06
2.95608e-06
2.83812e-06
2.72831e-06
2.63627e-06
2.56598e-06
2.5194e-06
2.50062e-06
2.52058e-06
2.6024e-06
2.78787e-06
3.1444e-06
3.76996e-06
4.79044e-06
6.34145e-06
8.52904e-06
1.13635e-05
1.47159e-05
1.83231e-05
2.18534e-05
2.50032e-05
2.75738e-05
2.94992e-05
3.08238e-05
3.16571e-05
3.21279e-05
3.23532e-05
3.24237e-05
3.23998e-05
3.23155e-05
3.21834e-05
3.20004e-05
3.17528e-05
3.14204e-05
3.09796e-05
3.04075e-05
2.96858e-05
2.88066e-05
2.77817e-05
2.66573e-05
2.55425e-05
2.46576e-05
2.44108e-05
2.54975e-05
2.89887e-05
3.63253e-05
4.91019e-05
6.85585e-05
9.48514e-05
0.00012637
0.000159591
0.000189971
0.000213338
0.000227237
0.000231551
0.00022818
0.000220076
0.000210175
0.000200666
0.000192736
0.000186709
0.000182358
0.000179223
0.000176861
0.000175006
0.000173693
0.000173371
0.000175037
0.000180377
0.000191852
0.000212597
0.000245953
0.000294505
0.000358531
0.000434995
0.000517726
0.000598976
0.00067167
0.000731193
0.000775989
0.000807043
0.000826819
0.000838226
0.000843909
0.000845916
0.000845627
0.000843821
0.000840805
0.00083653
0.000830711
0.000822922
0.000812699
0.000799662
0.000783696
0.000765219
0.000745568
0.000727527
0.00071595
0.000718317
0.000744967
0.000808591
0.000922609
0.00109828
0.00134088
0.00164599
0.0019974
0.00236796
0.0027241
0.00303255
0.00326849
0.00342028
0.00349015
0.00349134
0.00344325
0.00336644
0.00327888
0.00319395
0.00311997
0.00306093
0.00301756
0.00298854
0.00297148
0.00296363
0.00296228
0.00296496
0.00296953
0.00297409
0.00297703
0.00297696
0.00297275
0.00296357
0.00294896
0.00292885
0.00290357
0.00287378
0.0028404
0.00280452
1.49137e-09
1.47328e-09
1.45162e-09
1.42778e-09
1.40295e-09
1.37819e-09
1.35446e-09
1.33252e-09
1.31299e-09
1.29627e-09
1.28259e-09
1.272e-09
1.26438e-09
1.25951e-09
1.25709e-09
1.25669e-09
1.2578e-09
1.25982e-09
1.26201e-09
1.2635e-09
1.26329e-09
1.26021e-09
1.25303e-09
1.24046e-09
1.22129e-09
1.19454e-09
1.15966e-09
1.11699e-09
1.06837e-09
1.01847e-09
9.77332e-10
9.64672e-10
1.01669e-09
1.1945e-09
1.5911e-09
2.33021e-09
3.54852e-09
5.35666e-09
7.7812e-09
1.0714e-08
1.39044e-08
1.70044e-08
1.96572e-08
2.15928e-08
2.26924e-08
2.29994e-08
2.26809e-08
2.19641e-08
2.10736e-08
2.01895e-08
1.94345e-08
1.8883e-08
1.85876e-08
1.86146e-08
1.90838e-08
2.02142e-08
2.23737e-08
2.61268e-08
3.22582e-08
4.17356e-08
5.55599e-08
7.44786e-08
9.85277e-08
1.26744e-07
1.57193e-07
1.87394e-07
2.1496e-07
2.38172e-07
2.56249e-07
2.69281e-07
2.77948e-07
2.83194e-07
2.85966e-07
2.87053e-07
2.8703e-07
2.8625e-07
2.84879e-07
2.82936e-07
2.80335e-07
2.76922e-07
2.72509e-07
2.66908e-07
2.59968e-07
2.51618e-07
2.41934e-07
2.31261e-07
2.2043e-07
2.11182e-07
2.06882e-07
2.1358e-07
2.4124e-07
3.04528e-07
4.22056e-07
6.12891e-07
8.89941e-07
1.25174e-06
1.67571e-06
2.11989e-06
2.53254e-06
2.86636e-06
3.09121e-06
3.20029e-06
3.20801e-06
3.14227e-06
3.03486e-06
2.91381e-06
2.79938e-06
2.70374e-06
2.63314e-06
2.59148e-06
2.58463e-06
2.62491e-06
2.73608e-06
2.95873e-06
3.35526e-06
4.01237e-06
5.03657e-06
6.53758e-06
8.59669e-06
1.12169e-05
1.42923e-05
1.76121e-05
2.09069e-05
2.39193e-05
2.64648e-05
2.84603e-05
2.99158e-05
3.09035e-05
3.15235e-05
3.18752e-05
3.20412e-05
3.20814e-05
3.20325e-05
3.19119e-05
3.17214e-05
3.14524e-05
3.10892e-05
3.06127e-05
3.00043e-05
2.92498e-05
2.8345e-05
2.7304e-05
2.6173e-05
2.50569e-05
2.41645e-05
2.3882e-05
2.48722e-05
2.81679e-05
3.51852e-05
4.75405e-05
6.6578e-05
9.26511e-05
0.000124408
0.000158492
0.000190309
0.000215405
0.000230902
0.000236301
0.000233305
0.0002249
0.000214228
0.000203738
0.000194847
0.000188026
0.000183122
0.000179701
0.000177327
0.000175742
0.000174988
0.000175512
0.000178262
0.000184786
0.000197251
0.000218311
0.000250675
0.000296346
0.000355436
0.000425467
0.0005015
0.000577243
0.000646692
0.000705555
0.000751877
0.00078585
0.000809097
0.000823867
0.000832407
0.000836588
0.000837766
0.000836786
0.000834052
0.000829628
0.000823334
0.000814853
0.000803824
0.000789982
0.000773334
0.000754433
0.000734766
0.00071726
0.000706878
0.000711131
0.000740257
0.000806703
0.000923545
0.00110174
0.00134648
0.00165361
0.00200741
0.0023813
0.00274185
0.00305543
0.00329605
0.00345097
0.00352155
0.00352081
0.00346849
0.00338592
0.00329197
0.00320079
0.00312129
0.00305771
0.00301085
0.0029793
0.00296048
0.00295147
0.00294938
0.00295165
0.00295606
0.00296075
0.00296413
0.0029649
0.00296199
0.00295463
0.00294234
0.00292498
0.00290275
0.00287616
0.00284596
0.00281306
1.48745e-09
1.47261e-09
1.45384e-09
1.43261e-09
1.41013e-09
1.38749e-09
1.36558e-09
1.34515e-09
1.3268e-09
1.31092e-09
1.29775e-09
1.28735e-09
1.27966e-09
1.27449e-09
1.27154e-09
1.2704e-09
1.27056e-09
1.2714e-09
1.27216e-09
1.27197e-09
1.2698e-09
1.26452e-09
1.25492e-09
1.23978e-09
1.21801e-09
1.18872e-09
1.15151e-09
1.10677e-09
1.05625e-09
1.00428e-09
9.59922e-10
9.41074e-10
9.80833e-10
1.13588e-09
1.49409e-09
2.17542e-09
3.31762e-09
5.04093e-09
7.39342e-09
1.02951e-08
1.35207e-08
1.67342e-08
1.95701e-08
2.17312e-08
2.30613e-08
2.35686e-08
2.33979e-08
2.277e-08
2.19186e-08
2.10431e-08
2.02895e-08
1.97559e-08
1.95159e-08
1.96525e-08
2.02968e-08
2.16689e-08
2.41188e-08
2.81599e-08
3.44763e-08
4.38776e-08
5.71673e-08
7.49137e-08
9.71074e-08
1.22957e-07
1.50914e-07
1.78965e-07
2.05109e-07
2.27794e-07
2.46172e-07
2.60102e-07
2.69979e-07
2.76494e-07
2.80413e-07
2.82424e-07
2.83064e-07
2.82693e-07
2.81505e-07
2.79561e-07
2.76818e-07
2.73169e-07
2.68471e-07
2.62581e-07
2.55387e-07
2.46854e-07
2.3708e-07
2.26409e-07
2.15634e-07
2.06387e-07
2.01812e-07
2.07593e-07
2.33175e-07
2.92656e-07
4.04302e-07
5.87489e-07
8.56527e-07
1.21261e-06
1.63651e-06
2.0887e-06
2.51787e-06
2.87465e-06
3.12502e-06
3.25778e-06
3.28396e-06
3.22984e-06
3.12749e-06
3.00664e-06
2.89004e-06
2.79248e-06
2.72266e-06
2.68662e-06
2.69189e-06
2.7519e-06
2.8904e-06
3.14588e-06
3.57504e-06
4.25342e-06
5.27018e-06
6.71345e-06
8.6452e-06
1.10638e-05
1.38824e-05
1.6932e-05
1.99941e-05
2.28522e-05
2.53393e-05
2.73645e-05
2.89128e-05
3.00263e-05
3.07778e-05
3.12482e-05
3.15097e-05
3.16184e-05
3.16118e-05
3.15102e-05
3.132e-05
3.10371e-05
3.06505e-05
3.01459e-05
2.95092e-05
2.87307e-05
2.78097e-05
2.67629e-05
2.56368e-05
2.45323e-05
2.36472e-05
2.33471e-05
2.42624e-05
2.73865e-05
3.41053e-05
4.60457e-05
6.46418e-05
9.04338e-05
0.000122334
0.000157199
0.000190443
0.000217373
0.00023469
0.000241464
0.000239126
0.00023063
0.000219289
0.000207824
0.000197912
0.000190212
0.000184672
0.000180901
0.00017847
0.00017712
0.000176887
0.000178189
0.000181904
0.000189421
0.000202619
0.000223718
0.000254906
0.000297722
0.000352176
0.000416248
0.000485986
0.000556288
0.000622104
0.000679539
0.00072646
0.000762484
0.000788542
0.000806271
0.000817491
0.000823835
0.000826574
0.000826564
0.000824277
0.000819869
0.000813267
0.000804261
0.000792608
0.000778165
0.000761077
0.000742051
0.000722736
0.000706221
0.000697588
0.000704375
0.000736704
0.000806735
0.000927138
0.00110847
0.00135575
0.00166495
0.00202087
0.00239748
0.0027617
0.00307975
0.00332473
0.00348285
0.00355461
0.00355261
0.00349678
0.00340904
0.00330904
0.0032117
0.00312649
0.00305802
0.0030072
0.00297261
0.00295154
0.00294091
0.00293769
0.00293919
0.00294314
0.00294764
0.00295114
0.0029524
0.0029504
0.00294442
0.00293397
0.00291887
0.00289925
0.00287548
0.00284816
0.00281806
1.48196e-09
1.47092e-09
1.4555e-09
1.43721e-09
1.41734e-09
1.39696e-09
1.37699e-09
1.35815e-09
1.34103e-09
1.32602e-09
1.31337e-09
1.30318e-09
1.29539e-09
1.28984e-09
1.28623e-09
1.28418e-09
1.28317e-09
1.28257e-09
1.2816e-09
1.2794e-09
1.27494e-09
1.26714e-09
1.25483e-09
1.2369e-09
1.21236e-09
1.18047e-09
1.14097e-09
1.09431e-09
1.04219e-09
9.88585e-10
9.41711e-10
9.17734e-10
9.46792e-10
1.08118e-09
1.40344e-09
2.02895e-09
3.09492e-09
4.72907e-09
6.99863e-09
9.85194e-09
1.30923e-08
1.64013e-08
1.94121e-08
2.18052e-08
2.33887e-08
2.41329e-08
2.4154e-08
2.36602e-08
2.28884e-08
2.20542e-08
2.13261e-08
2.08262e-08
2.06495e-08
2.08957e-08
2.17044e-08
2.32922e-08
2.59859e-08
3.02443e-08
3.66559e-08
4.58916e-08
5.85916e-08
7.51855e-08
9.56354e-08
1.19292e-07
1.44913e-07
1.70868e-07
1.95487e-07
2.17397e-07
2.35738e-07
2.50219e-07
2.6101e-07
2.68581e-07
2.73521e-07
2.76406e-07
2.77715e-07
2.77792e-07
2.76849e-07
2.74977e-07
2.72172e-07
2.68372e-07
2.63478e-07
2.5739e-07
2.50038e-07
2.41418e-07
2.31654e-07
2.21089e-07
2.10481e-07
2.01359e-07
1.96665e-07
2.01733e-07
2.25498e-07
2.81467e-07
3.87473e-07
5.63032e-07
8.23629e-07
1.17288e-06
1.59505e-06
2.05342e-06
2.49781e-06
2.87747e-06
3.15488e-06
3.31442e-06
3.36323e-06
3.3253e-06
3.23236e-06
3.11542e-06
2.99951e-06
2.90206e-06
2.83432e-06
2.80448e-06
2.82168e-06
2.9001e-06
3.06299e-06
3.34612e-06
3.80011e-06
4.48992e-06
5.48944e-06
6.86902e-06
8.67563e-06
1.09048e-05
1.34853e-05
1.62815e-05
1.91164e-05
2.1809e-05
2.4211e-05
2.62301e-05
2.78345e-05
2.90425e-05
2.99035e-05
3.04797e-05
3.08317e-05
3.10095e-05
3.10495e-05
3.09735e-05
3.07912e-05
3.05027e-05
3.01014e-05
2.95779e-05
2.89226e-05
2.81301e-05
2.72036e-05
2.6162e-05
2.50523e-05
2.39717e-05
2.3108e-05
2.28071e-05
2.36677e-05
2.66433e-05
3.30854e-05
4.46219e-05
6.27622e-05
8.82229e-05
0.000120174
0.000155735
0.000190379
0.000219225
0.000238569
0.00024701
0.000245634
0.000237289
0.000225417
0.000213005
0.00020202
0.000193349
0.000187078
0.000182875
0.000180323
0.000179153
0.000179374
0.00018136
0.000185897
0.000194203
0.000207886
0.000228783
0.000258647
0.00029866
0.000348765
0.00040732
0.000471159
0.000536152
0.000598074
0.000653465
0.00070016
0.000737395
0.00076555
0.000785729
0.000799328
0.000807713
0.00081202
0.000813069
0.000811368
0.000807144
0.00080042
0.000791091
0.000779035
0.000764241
0.000747005
0.000728198
0.000709651
0.000694626
0.000688332
0.000698331
0.000734604
0.000808981
0.000933664
0.00111873
0.00136891
0.00168026
0.002038
0.00241676
0.00278391
0.00310576
0.00335474
0.00351607
0.0035894
0.00358679
0.00352814
0.00343581
0.00333012
0.0032267
0.00313561
0.00306187
0.0030066
0.00296841
0.00294456
0.00293182
0.00292705
0.00292743
0.00293062
0.00293467
0.00293804
0.00293951
0.00293812
0.00293315
0.00292416
0.00291094
0.00289352
0.00287221
0.00284747
0.00281997
1.47382e-09
1.46715e-09
1.45557e-09
1.44062e-09
1.42365e-09
1.40576e-09
1.38788e-09
1.37074e-09
1.35493e-09
1.34085e-09
1.32876e-09
1.31876e-09
1.31083e-09
1.30482e-09
1.30044e-09
1.29731e-09
1.29491e-09
1.29261e-09
1.28964e-09
1.28513e-09
1.2781e-09
1.2675e-09
1.25226e-09
1.23138e-09
1.20399e-09
1.16953e-09
1.12783e-09
1.07946e-09
1.02606e-09
9.7128e-10
9.22557e-10
8.94456e-10
9.14311e-10
1.03015e-09
1.31907e-09
1.89128e-09
2.88203e-09
4.42442e-09
6.60216e-09
9.39126e-09
1.26254e-08
1.60091e-08
1.91808e-08
2.1805e-08
2.3657e-08
2.46686e-08
2.49224e-08
2.46076e-08
2.39585e-08
2.32021e-08
2.2527e-08
2.20787e-08
2.19733e-08
2.23262e-08
2.32837e-08
2.50555e-08
2.79416e-08
3.23463e-08
3.87701e-08
4.77635e-08
5.98337e-08
7.53028e-08
9.41162e-08
1.15741e-07
1.39178e-07
1.63109e-07
1.86145e-07
2.07087e-07
2.25108e-07
2.3982e-07
2.5123e-07
2.5962e-07
2.65421e-07
2.6909e-07
2.71037e-07
2.71578e-07
2.70926e-07
2.69192e-07
2.66406e-07
2.62543e-07
2.57548e-07
2.51362e-07
2.43953e-07
2.35351e-07
2.25699e-07
2.15342e-07
2.05004e-07
1.96123e-07
1.91451e-07
1.9599e-07
2.18183e-07
2.70935e-07
3.71578e-07
5.39617e-07
7.91487e-07
1.13301e-06
1.55188e-06
2.01457e-06
2.4726e-06
2.87456e-06
3.17989e-06
3.36866e-06
3.4438e-06
3.42644e-06
3.34731e-06
3.23822e-06
3.12615e-06
3.03109e-06
2.96681e-06
2.94364e-06
2.97218e-06
3.06714e-06
3.25081e-06
3.55588e-06
4.02688e-06
4.71899e-06
5.69294e-06
7.00451e-06
8.68905e-06
1.07404e-05
1.31003e-05
1.56596e-05
1.82748e-05
2.07955e-05
2.30917e-05
2.50742e-05
2.6701e-05
2.79724e-05
2.89181e-05
2.95834e-05
3.00166e-05
3.02607e-05
3.03488e-05
3.03033e-05
3.01358e-05
2.985e-05
2.94435e-05
2.8911e-05
2.82477e-05
2.74521e-05
2.65311e-05
2.5506e-05
2.44242e-05
2.33794e-05
2.25502e-05
2.22637e-05
2.30884e-05
2.59377e-05
3.21255e-05
4.32723e-05
6.09495e-05
8.60367e-05
0.000117958
0.000154124
0.000190125
0.000220947
0.000242505
0.000252903
0.000252813
0.000244897
0.000232666
0.000219363
0.000207264
0.000197527
0.000190411
0.00018567
0.000182906
0.000181832
0.000182417
0.000184969
0.000190167
0.000199057
0.000212991
0.000233476
0.000261908
0.000299187
0.000345219
0.000398667
0.000456994
0.000516856
0.000574738
0.000627611
0.000673381
0.000711048
0.000740584
0.000762644
0.000778235
0.000788444
0.000794241
0.00079638
0.000795366
0.00079148
0.000784822
0.00077539
0.000763181
0.000748322
0.000731266
0.000713067
0.00069575
0.000682759
0.000679435
0.00069335
0.000734318
0.000813795
0.000943446
0.0011328
0.00138621
0.00169973
0.00205901
0.00243934
0.00280872
0.00313369
0.00338624
0.00355076
0.00362599
0.00362336
0.00356258
0.00346626
0.00335527
0.00324588
0.00314876
0.00306938
0.00300916
0.00296681
0.0029396
0.00292423
0.00291745
0.00291634
0.00291845
0.00292179
0.0029248
0.00292626
0.00292522
0.002921
0.00291315
0.00290146
0.00288592
0.00286674
0.00284432
0.00281918
1.46182e-09
1.46011e-09
1.45288e-09
1.44171e-09
1.42799e-09
1.41287e-09
1.39729e-09
1.38201e-09
1.36762e-09
1.35454e-09
1.34304e-09
1.33324e-09
1.32514e-09
1.31859e-09
1.31332e-09
1.30894e-09
1.30495e-09
1.30071e-09
1.29549e-09
1.28842e-09
1.27858e-09
1.26499e-09
1.24669e-09
1.22278e-09
1.19257e-09
1.15561e-09
1.11191e-09
1.06209e-09
1.00776e-09
9.52275e-10
9.0235e-10
8.71072e-10
8.83154e-10
9.82525e-10
1.24085e-09
1.7627e-09
2.68021e-09
4.12982e-09
6.20898e-09
8.91983e-09
1.21274e-08
1.55629e-08
1.88765e-08
2.17233e-08
2.38507e-08
2.51521e-08
2.56742e-08
2.5581e-08
2.50978e-08
2.44575e-08
2.38656e-08
2.34884e-08
2.34625e-08
2.39175e-08
2.50049e-08
2.69254e-08
2.9951e-08
3.44339e-08
4.0795e-08
4.94828e-08
6.08962e-08
7.52745e-08
9.2554e-08
1.12297e-07
1.33698e-07
1.55689e-07
1.77121e-07
1.96957e-07
2.14425e-07
2.29089e-07
2.40838e-07
2.49807e-07
2.56285e-07
2.6062e-07
2.63146e-07
2.64141e-07
2.63806e-07
2.62264e-07
2.5957e-07
2.55733e-07
2.50734e-07
2.44551e-07
2.37189e-07
2.28707e-07
2.19267e-07
2.09215e-07
1.99245e-07
1.9071e-07
1.86185e-07
1.90363e-07
2.11213e-07
2.61037e-07
3.56618e-07
5.17318e-07
7.60316e-07
1.09341e-06
1.50758e-06
1.97273e-06
2.44262e-06
2.86582e-06
3.19933e-06
3.4191e-06
3.52369e-06
3.53088e-06
3.46981e-06
3.37252e-06
3.26759e-06
3.17733e-06
3.11791e-06
3.10173e-06
3.14075e-06
3.24992e-06
3.45035e-06
3.77148e-06
4.25196e-06
4.9382e-06
5.87966e-06
7.12031e-06
8.68652e-06
1.05713e-05
1.27267e-05
1.50649e-05
1.74697e-05
1.9816e-05
2.19914e-05
2.39125e-05
2.55319e-05
2.68371e-05
2.78422e-05
2.85776e-05
2.90798e-05
2.93839e-05
2.95193e-05
2.9507e-05
2.93601e-05
2.90848e-05
2.86821e-05
2.81509e-05
2.74902e-05
2.67027e-05
2.57984e-05
2.4801e-05
2.37581e-05
2.27604e-05
2.19778e-05
2.17197e-05
2.25257e-05
2.52697e-05
3.12259e-05
4.20001e-05
5.92132e-05
8.38937e-05
0.000115714
0.000152393
0.000189693
0.000222527
0.000246464
0.000259102
0.000260638
0.000253462
0.000241089
0.000226983
0.000213747
0.000202842
0.000194749
0.000189335
0.000186236
0.000185143
0.000185972
0.00018895
0.000194638
0.000203909
0.000217882
0.000237778
0.0002647
0.00029933
0.000341552
0.000390275
0.000443463
0.000498409
0.000552199
0.00060221
0.000646484
0.0006839
0.000714138
0.000737493
0.000754635
0.000766381
0.000773523
0.000776719
0.000776454
0.000773032
0.00076662
0.00075731
0.000745214
0.0007306
0.000714089
0.000696927
0.000681344
0.000670979
0.000671294
0.000689858
0.00073628
0.000821589
0.000956855
0.00115099
0.00140789
0.00172358
0.00208408
0.00246541
0.0028363
0.00316368
0.00341938
0.00358701
0.00366443
0.00366234
0.00360011
0.00350043
0.00338456
0.00326937
0.00316613
0.00308078
0.0030151
0.00296802
0.00293685
0.00291829
0.00290901
0.00290598
0.00290668
0.00290904
0.00291145
0.00291267
0.00291177
0.00290807
0.00290112
0.00289068
0.00287673
0.00285941
0.00283904
0.00281605
1.44477e-09
1.44852e-09
1.44615e-09
1.43923e-09
1.42915e-09
1.41711e-09
1.40408e-09
1.39085e-09
1.37803e-09
1.36605e-09
1.3552e-09
1.34562e-09
1.33731e-09
1.33015e-09
1.32387e-09
1.3181e-09
1.31234e-09
1.30598e-09
1.2983e-09
1.28849e-09
1.27568e-09
1.259e-09
1.23758e-09
1.21068e-09
1.17774e-09
1.13849e-09
1.09305e-09
1.04211e-09
9.87228e-10
9.31519e-10
8.81015e-10
8.47453e-10
8.5311e-10
9.3803e-10
1.16853e-09
1.64328e-09
2.49035e-09
3.84762e-09
5.82365e-09
8.44433e-09
1.16059e-08
1.50694e-08
1.8502e-08
2.15564e-08
2.39571e-08
2.55622e-08
2.63805e-08
2.65465e-08
2.62704e-08
2.5785e-08
2.53076e-08
2.50223e-08
2.50842e-08
2.56361e-08
2.6833e-08
2.88659e-08
3.19794e-08
3.64773e-08
4.27108e-08
5.10422e-08
6.17832e-08
7.51093e-08
9.09529e-08
1.08953e-07
1.2846e-07
1.48606e-07
1.68442e-07
1.87078e-07
2.03813e-07
2.18194e-07
2.30031e-07
2.39346e-07
2.46313e-07
2.51178e-07
2.54202e-07
2.55618e-07
2.55609e-07
2.54298e-07
2.5176e-07
2.48028e-07
2.43115e-07
2.37034e-07
2.29819e-07
2.21556e-07
2.12423e-07
2.02767e-07
1.93253e-07
1.85155e-07
1.8089e-07
1.84858e-07
2.04575e-07
2.51752e-07
3.42587e-07
4.96193e-07
7.30302e-07
1.05445e-06
1.46269e-06
1.92855e-06
2.40839e-06
2.8514e-06
3.21273e-06
3.46455e-06
3.60104e-06
3.63623e-06
3.59714e-06
3.51546e-06
3.42094e-06
3.33788e-06
3.28469e-06
3.27572e-06
3.3241e-06
3.44491e-06
3.6579e-06
3.98929e-06
4.47227e-06
5.14548e-06
6.04891e-06
7.21698e-06
8.66908e-06
1.03979e-05
1.2364e-05
1.44964e-05
1.67007e-05
1.88734e-05
2.09181e-05
2.27584e-05
2.43453e-05
2.56577e-05
2.66977e-05
2.74832e-05
2.80402e-05
2.8396e-05
2.85752e-05
2.85972e-05
2.8475e-05
2.82167e-05
2.78264e-05
2.73061e-05
2.66586e-05
2.589e-05
2.50133e-05
2.40543e-05
2.30608e-05
2.21207e-05
2.13957e-05
2.11787e-05
2.19817e-05
2.46399e-05
3.03868e-05
4.08077e-05
5.75615e-05
8.18114e-05
0.00011347
0.00015057
0.0001891
0.000223959
0.000250417
0.000265567
0.000269079
0.00026299
0.000250736
0.000235959
0.000221584
0.000209413
0.00020019
0.000193935
0.000190339
0.000189075
0.000189999
0.000193243
0.00019924
0.000208697
0.000222517
0.000241678
0.000267042
0.000299117
0.000337777
0.000382132
0.00043054
0.00048081
0.000530531
0.000577453
0.000619786
0.000656372
0.000686699
0.000710785
0.000729018
0.000741971
0.000750257
0.000754431
0.00075493
0.000752071
0.00074607
0.000737101
0.000725391
0.000711352
0.00069578
0.000680124
0.000666829
0.000659726
0.000664393
0.000688362
0.000740994
0.000832839
0.00097431
0.00117363
0.00143423
0.001752
0.00211338
0.00249513
0.00286681
0.00319591
0.00345428
0.0036249
0.00370475
0.00370374
0.00364074
0.00353834
0.0034181
0.00329736
0.00318796
0.00309637
0.00302479
0.00297239
0.00293666
0.00291431
0.00290198
0.00289658
0.00289547
0.00289654
0.00289809
0.00289886
0.00289789
0.00289449
0.00288821
0.0028788
0.00286618
0.00285048
0.00283192
0.00281089
1.42147e-09
1.43111e-09
1.43404e-09
1.43179e-09
1.42576e-09
1.41714e-09
1.40696e-09
1.39601e-09
1.38493e-09
1.37418e-09
1.36406e-09
1.35473e-09
1.34621e-09
1.33839e-09
1.33102e-09
1.32374e-09
1.31608e-09
1.30745e-09
1.29718e-09
1.28452e-09
1.26869e-09
1.2489e-09
1.22443e-09
1.19468e-09
1.15923e-09
1.11796e-09
1.07111e-09
1.01943e-09
9.64443e-10
9.08993e-10
8.58513e-10
8.23503e-10
8.23999e-10
8.96396e-10
1.10183e-09
1.53297e-09
2.31299e-09
3.57967e-09
5.45014e-09
7.97111e-09
1.10693e-08
1.4537e-08
1.8063e-08
2.1304e-08
2.39681e-08
2.58813e-08
2.70151e-08
2.7471e-08
2.74387e-08
2.71448e-08
2.6813e-08
2.66412e-08
2.67999e-08
2.74435e-08
2.87298e-08
3.08402e-08
3.39935e-08
3.84501e-08
4.45009e-08
5.24369e-08
6.24998e-08
7.48158e-08
8.93169e-08
1.05704e-07
1.23451e-07
1.41852e-07
1.60123e-07
1.77508e-07
1.93376e-07
2.07283e-07
2.18991e-07
2.28441e-07
2.35713e-07
2.40966e-07
2.44392e-07
2.4618e-07
2.46486e-07
2.45431e-07
2.43098e-07
2.3954e-07
2.34795e-07
2.28905e-07
2.21929e-07
2.13975e-07
2.05236e-07
1.96058e-07
1.87079e-07
1.79503e-07
1.75594e-07
1.79485e-07
1.98263e-07
2.43061e-07
3.29473e-07
4.76281e-07
7.01596e-07
1.01647e-06
1.41774e-06
1.88267e-06
2.37051e-06
2.83162e-06
3.21989e-06
3.50416e-06
3.67427e-06
3.74028e-06
3.72661e-06
3.66405e-06
3.58302e-06
3.50947e-06
3.4638e-06
3.46211e-06
3.51861e-06
3.64837e-06
3.86976e-06
4.20593e-06
4.68513e-06
5.33924e-06
6.20035e-06
7.2952e-06
8.6378e-06
1.02208e-05
1.20116e-05
1.39527e-05
1.59673e-05
1.79699e-05
1.9878e-05
2.16233e-05
2.31573e-05
2.44538e-05
2.55062e-05
2.63224e-05
2.69192e-05
2.73167e-05
2.75347e-05
2.75898e-05
2.7495e-05
2.72591e-05
2.68884e-05
2.63878e-05
2.57632e-05
2.50235e-05
2.41847e-05
2.32742e-05
2.23399e-05
2.14671e-05
2.08095e-05
2.0645e-05
2.14591e-05
2.40498e-05
2.96091e-05
3.96976e-05
5.60018e-05
7.98059e-05
0.000111253
0.000148682
0.000188369
0.000225245
0.000254339
0.000272256
0.000278102
0.000273479
0.000261656
0.000246389
0.000230909
0.000217382
0.00020686
0.000199564
0.000195268
0.000193641
0.000194476
0.000197802
0.000203921
0.000213373
0.00022687
0.000245175
0.000268953
0.000298575
0.00033391
0.000374226
0.000418198
0.000464046
0.000509782
0.000553486
0.000593552
0.000628842
0.000658726
0.000683026
0.000701901
0.000715714
0.000724914
0.000729944
0.000731189
0.000728961
0.000723513
0.000715098
0.000704053
0.000690937
0.00067673
0.000663093
0.00065269
0.000649538
0.000659307
0.000689455
0.000749043
0.000848082
0.000996275
0.00120112
0.0014655
0.00178521
0.00214706
0.0025286
0.00290035
0.00323049
0.00349105
0.00366449
0.00374698
0.00374755
0.00368446
0.00358005
0.00345599
0.00333004
0.00321454
0.00311654
0.00303864
0.0029804
0.0029395
0.00291274
0.00289678
0.00288848
0.00288513
0.00288453
0.00288493
0.00288499
0.00288373
0.00288042
0.0028746
0.002866
0.00285451
0.00284019
0.00282324
0.00280396
1.39087e-09
1.40664e-09
1.41522e-09
1.41801e-09
1.41639e-09
1.41155e-09
1.40451e-09
1.39609e-09
1.38696e-09
1.37758e-09
1.3683e-09
1.35928e-09
1.35057e-09
1.34208e-09
1.33358e-09
1.32473e-09
1.3151e-09
1.30415e-09
1.29125e-09
1.27573e-09
1.25692e-09
1.23413e-09
1.20679e-09
1.17443e-09
1.13679e-09
1.09388e-09
1.04603e-09
9.94061e-10
9.39416e-10
8.84719e-10
8.34845e-10
7.9917e-10
7.95676e-10
8.57367e-10
1.04044e-09
1.43153e-09
2.14844e-09
3.32738e-09
5.09177e-09
7.50601e-09
1.05257e-08
1.39748e-08
1.75675e-08
2.09699e-08
2.388e-08
2.60967e-08
2.75554e-08
2.83236e-08
2.85655e-08
2.84961e-08
2.83392e-08
2.83021e-08
2.85673e-08
2.92987e-08
3.06563e-08
3.28122e-08
3.59622e-08
4.03292e-08
4.61526e-08
5.36648e-08
6.30521e-08
7.44025e-08
8.76496e-08
1.02545e-07
1.18659e-07
1.35419e-07
1.52175e-07
1.68287e-07
1.83196e-07
1.96482e-07
2.07882e-07
2.17281e-07
2.24687e-07
2.30188e-07
2.33916e-07
2.36013e-07
2.36612e-07
2.35822e-07
2.33729e-07
2.30401e-07
2.25894e-07
2.20272e-07
2.13616e-07
2.06053e-07
1.97786e-07
1.89158e-07
1.80783e-07
1.73798e-07
1.7033e-07
1.74261e-07
1.92275e-07
2.34949e-07
3.17266e-07
4.57608e-07
6.74319e-07
9.79751e-07
1.37326e-06
1.83579e-06
2.3297e-06
2.80701e-06
3.22093e-06
3.53742e-06
3.74219e-06
3.84118e-06
3.85577e-06
3.81541e-06
3.75066e-06
3.68873e-06
3.65171e-06
3.65727e-06
3.72056e-06
3.8566e-06
4.08242e-06
4.41837e-06
4.88829e-06
5.51829e-06
6.33391e-06
7.35577e-06
8.59369e-06
1.00405e-05
1.16692e-05
1.34328e-05
1.52688e-05
1.71064e-05
1.88758e-05
2.05161e-05
2.19815e-05
2.3243e-05
2.42881e-05
2.5117e-05
2.57388e-05
2.61673e-05
2.64176e-05
2.65035e-05
2.6437e-05
2.62273e-05
2.58823e-05
2.5409e-05
2.48158e-05
2.41143e-05
2.33227e-05
2.24698e-05
2.16037e-05
2.08068e-05
2.02257e-05
2.01236e-05
2.09615e-05
2.35013e-05
2.88939e-05
3.86718e-05
5.45405e-05
7.7891e-05
0.000109086
0.000146766
0.000187527
0.000226395
0.000258215
0.000279134
0.000287672
0.000284924
0.000273896
0.00025838
0.000241877
0.000226927
0.000214933
0.000206364
0.000201121
0.000198892
0.000199414
0.000202612
0.000208652
0.000217914
0.00023093
0.000248279
0.00027046
0.000297734
0.000329965
0.000366549
0.00040641
0.000448101
0.000489981
0.000530419
0.000567996
0.00060163
0.000630635
0.000654694
0.000673796
0.00068813
0.000697999
0.000703742
0.000705687
0.000704134
0.000699368
0.000691714
0.000681621
0.000669801
0.000657425
0.00064637
0.000639518
0.000641056
0.000656714
0.000693823
0.000761087
0.000867919
0.00102326
0.00123384
0.00150201
0.00182341
0.00218525
0.00256596
0.00293704
0.00326751
0.00352975
0.00370583
0.00379113
0.00379378
0.00373129
0.00362559
0.00349836
0.00336763
0.00324623
0.00314171
0.0030572
0.00299263
0.00294596
0.00291417
0.00289396
0.00288218
0.00287609
0.0028734
0.00287228
0.00287134
0.00286952
0.00286608
0.00286051
0.0028525
0.00284192
0.00282879
0.00281325
0.00279554
1.35216e-09
1.37409e-09
1.38847e-09
1.39656e-09
1.39964e-09
1.39887e-09
1.39525e-09
1.38962e-09
1.38265e-09
1.37483e-09
1.36652e-09
1.35791e-09
1.34908e-09
1.33995e-09
1.33034e-09
1.31994e-09
1.30835e-09
1.2951e-09
1.27963e-09
1.26138e-09
1.23974e-09
1.2142e-09
1.18428e-09
1.14967e-09
1.11025e-09
1.06615e-09
1.0178e-09
9.66019e-10
9.12209e-10
8.58765e-10
8.10054e-10
7.74438e-10
7.68034e-10
8.20716e-10
9.84021e-10
1.33866e-09
1.99672e-09
3.09168e-09
4.75119e-09
7.05423e-09
9.98301e-09
1.33928e-08
1.70253e-08
2.05612e-08
2.3694e-08
2.62011e-08
2.7985e-08
2.90783e-08
2.96172e-08
2.97994e-08
2.98438e-08
2.99615e-08
3.03432e-08
3.11601e-08
3.25735e-08
3.47473e-08
3.78576e-08
4.20948e-08
4.76561e-08
5.47259e-08
6.34467e-08
7.38777e-08
8.59548e-08
9.94705e-08
1.14073e-07
1.29294e-07
1.44598e-07
1.59442e-07
1.73338e-07
1.85896e-07
1.96845e-07
2.06037e-07
2.13426e-07
2.19044e-07
2.22973e-07
2.25313e-07
2.2617e-07
2.25641e-07
2.23811e-07
2.20753e-07
2.16541e-07
2.11252e-07
2.04986e-07
1.97883e-07
1.90153e-07
1.82138e-07
1.74426e-07
1.68092e-07
1.65136e-07
1.69208e-07
1.86616e-07
2.27404e-07
3.0595e-07
4.4019e-07
6.48569e-07
9.4453e-07
1.32972e-06
1.78856e-06
2.28674e-06
2.77827e-06
3.21624e-06
3.56422e-06
3.80404e-06
3.93748e-06
3.98261e-06
3.96701e-06
3.92094e-06
3.87244e-06
3.84501e-06
3.85768e-06
3.9264e-06
4.06616e-06
4.29275e-06
4.624e-06
5.07995e-06
5.68183e-06
6.44981e-06
7.3996e-06
8.53779e-06
9.85753e-06
1.13362e-05
1.29354e-05
1.46039e-05
1.62833e-05
1.79144e-05
1.94439e-05
2.08292e-05
2.20405e-05
2.30616e-05
2.38871e-05
2.45201e-05
2.4969e-05
2.52445e-05
2.53577e-05
2.53191e-05
2.51382e-05
2.48235e-05
2.43837e-05
2.38294e-05
2.31742e-05
2.24381e-05
2.16513e-05
2.08613e-05
2.01481e-05
1.96513e-05
1.96203e-05
2.04929e-05
2.2997e-05
2.82428e-05
3.77327e-05
5.31834e-05
7.60802e-05
0.000106991
0.000144856
0.000186605
0.000227424
0.000262036
0.000286171
0.000297756
0.000297316
0.000287501
0.000272046
0.000254665
0.000238265
0.000224633
0.000214539
0.000208061
0.000204942
0.000204881
0.000207706
0.000213446
0.000222327
0.000234712
0.000251018
0.0002716
0.000296628
0.000325963
0.000359097
0.000395154
0.000432953
0.000471137
0.000508329
0.000543285
0.000575004
0.000602783
0.000626223
0.000645186
0.000659727
0.000670027
0.000676334
0.000678921
0.000678075
0.000674114
0.000667434
0.0006586
0.000648485
0.000638455
0.000630607
0.000628027
0.000635046
0.000657407
0.000702256
0.000777873
0.000893015
0.00105582
0.00127224
0.00154405
0.0018668
0.0022281
0.00260727
0.00297694
0.00330704
0.00357046
0.00374896
0.00383722
0.00384242
0.00378122
0.00367502
0.00354533
0.00341037
0.00328337
0.00317239
0.00308106
0.00300976
0.00295679
0.00291934
0.00289424
0.00287837
0.00286897
0.00286369
0.00286063
0.00285831
0.00285563
0.00285179
0.00284622
0.00283859
0.00282871
0.00281656
0.00280223
0.00278591
1.30482e-09
1.33268e-09
1.35282e-09
1.36628e-09
1.37423e-09
1.37774e-09
1.37778e-09
1.37516e-09
1.37056e-09
1.36448e-09
1.3573e-09
1.34925e-09
1.34041e-09
1.33074e-09
1.32011e-09
1.30825e-09
1.29482e-09
1.27942e-09
1.26157e-09
1.2408e-09
1.21665e-09
1.18869e-09
1.15661e-09
1.12023e-09
1.07955e-09
1.0348e-09
9.86469e-10
9.35407e-10
8.82937e-10
8.31244e-10
7.84228e-10
7.49338e-10
7.41005e-10
7.86243e-10
9.32233e-10
1.25398e-09
1.85764e-09
2.8731e-09
4.43038e-09
6.62027e-09
9.44851e-09
1.28008e-08
1.64476e-08
2.00876e-08
2.34159e-08
2.61933e-08
2.82936e-08
2.97156e-08
3.05653e-08
3.10195e-08
3.12867e-08
3.15771e-08
3.20853e-08
3.29872e-08
3.44444e-08
3.66139e-08
3.96548e-08
4.37308e-08
4.90044e-08
5.56219e-08
6.3691e-08
7.32493e-08
8.4236e-08
9.64764e-08
1.09681e-07
1.23467e-07
1.37389e-07
1.50991e-07
1.63848e-07
1.75604e-07
1.85996e-07
1.94855e-07
2.02099e-07
2.07719e-07
2.11752e-07
2.14267e-07
2.15341e-07
2.1506e-07
2.13501e-07
2.10744e-07
2.06868e-07
2.01964e-07
1.96144e-07
1.89558e-07
1.82423e-07
1.75073e-07
1.68072e-07
1.62437e-07
1.60052e-07
1.64353e-07
1.81295e-07
2.2042e-07
2.95513e-07
4.24032e-07
6.24422e-07
9.11027e-07
1.28757e-06
1.74162e-06
2.24244e-06
2.74625e-06
3.20649e-06
3.58483e-06
3.85955e-06
4.02832e-06
4.10564e-06
4.11683e-06
4.09142e-06
4.05785e-06
4.04072e-06
4.0602e-06
4.13302e-06
4.27407e-06
4.49811e-06
4.82076e-06
5.25883e-06
5.82949e-06
6.54851e-06
7.42767e-06
8.47116e-06
9.67238e-06
1.10123e-05
1.24594e-05
1.39716e-05
1.55004e-05
1.6996e-05
1.84118e-05
1.97092e-05
2.08589e-05
2.18426e-05
2.26511e-05
2.3283e-05
2.37421e-05
2.40355e-05
2.41718e-05
2.416e-05
2.40089e-05
2.37279e-05
2.33268e-05
2.28175e-05
2.22156e-05
2.15425e-05
2.0829e-05
2.01224e-05
1.94997e-05
1.90938e-05
1.91414e-05
2.00583e-05
2.25401e-05
2.7658e-05
3.68825e-05
5.19358e-05
7.43855e-05
0.000104991
0.000142987
0.000185638
0.000228359
0.000265807
0.000293347
0.000308324
0.000310646
0.000302513
0.000287505
0.00026947
0.000251655
0.000236248
0.000224373
0.000216338
0.000211991
0.000211025
0.000213185
0.000218374
0.000226666
0.000238267
0.000253443
0.000272426
0.000295303
0.000321929
0.000351873
0.000384413
0.00041858
0.000453252
0.000487269
0.000519548
0.000549178
0.000575475
0.000597995
0.000616514
0.00063099
0.000641506
0.000648237
0.000651412
0.000651313
0.000648292
0.000642821
0.000635593
0.000627644
0.000620542
0.000616595
0.000619074
0.000632412
0.000662305
0.000715649
0.000800228
0.000924092
0.00109455
0.00131675
0.00159194
0.00191557
0.00227572
0.00265263
0.00302011
0.00334915
0.00361321
0.00379392
0.00388526
0.00389346
0.00383425
0.00372837
0.00359703
0.00345851
0.00332635
0.0032091
0.00311089
0.00303256
0.00297281
0.00292912
0.00289849
0.00287789
0.00286456
0.00285612
0.00285062
0.0028465
0.00284259
0.00283801
0.00283217
0.00282465
0.00281523
0.00280384
0.00279053
0.00277542
1.24875e-09
1.28205e-09
1.30763e-09
1.32634e-09
1.33915e-09
1.34702e-09
1.35085e-09
1.35141e-09
1.34936e-09
1.34521e-09
1.33934e-09
1.33201e-09
1.32332e-09
1.3133e-09
1.30182e-09
1.2887e-09
1.27365e-09
1.25635e-09
1.23643e-09
1.21351e-09
1.18726e-09
1.15737e-09
1.12366e-09
1.08607e-09
1.04471e-09
9.999e-10
9.52181e-10
9.02391e-10
8.51777e-10
8.02319e-10
7.57498e-10
7.23941e-10
7.14565e-10
7.53788e-10
8.84759e-10
1.17705e-09
1.73085e-09
2.67181e-09
4.13074e-09
6.20775e-09
8.92879e-09
1.22085e-08
1.58462e-08
1.95615e-08
2.30554e-08
2.6078e-08
2.84782e-08
3.02233e-08
3.13889e-08
3.21277e-08
3.26337e-08
3.31112e-08
3.37551e-08
3.47427e-08
3.62354e-08
3.83834e-08
4.13323e-08
4.5224e-08
5.0193e-08
5.63554e-08
6.37922e-08
7.2525e-08
8.24965e-08
9.35589e-08
1.05473e-07
1.17923e-07
1.3054e-07
1.4294e-07
1.54756e-07
1.65669e-07
1.75428e-07
1.83857e-07
1.90853e-07
1.96374e-07
2.00427e-07
2.03049e-07
2.04299e-07
2.04243e-07
2.02956e-07
2.00516e-07
1.97007e-07
1.92527e-07
1.87199e-07
1.81178e-07
1.74682e-07
1.68038e-07
1.61787e-07
1.5689e-07
1.55123e-07
1.59725e-07
1.76325e-07
2.13992e-07
2.8594e-07
4.09135e-07
6.01935e-07
8.79418e-07
1.24716e-06
1.69563e-06
2.19765e-06
2.71189e-06
3.19253e-06
3.59986e-06
3.90891e-06
4.11337e-06
4.22401e-06
4.26356e-06
4.26034e-06
4.24286e-06
4.23649e-06
4.26239e-06
4.33793e-06
4.47802e-06
4.69652e-06
5.00723e-06
5.42422e-06
5.96131e-06
6.63072e-06
7.44114e-06
8.39487e-06
9.48565e-06
1.06973e-05
1.20038e-05
1.33704e-05
1.4757e-05
1.61213e-05
1.74234e-05
1.86282e-05
1.97083e-05
2.06443e-05
2.14247e-05
2.20448e-05
2.25052e-05
2.28097e-05
2.29646e-05
2.29775e-05
2.28567e-05
2.26117e-05
2.22532e-05
2.17943e-05
2.12517e-05
2.0648e-05
2.00144e-05
1.93974e-05
1.88709e-05
1.85617e-05
1.86939e-05
1.96631e-05
2.21346e-05
2.71419e-05
3.61238e-05
5.08027e-05
7.28181e-05
0.000103108
0.000141191
0.000184666
0.000229233
0.000269539
0.000300651
0.000319352
0.000324904
0.000318975
0.000304878
0.000286508
0.000267396
0.000250135
0.000236237
0.000226307
0.000220351
0.000218102
0.000219253
0.000223594
0.000231058
0.000241701
0.000255651
0.00027302
0.000293826
0.000317909
0.000344895
0.000374182
0.000404969
0.000436326
0.000467275
0.000496881
0.000524328
0.000548968
0.000570343
0.000588182
0.000602372
0.00061293
0.000619977
0.000623714
0.000624427
0.000622515
0.00061854
0.000613324
0.000608078
0.000604569
0.000605297
0.000613685
0.000634215
0.000672468
0.000735009
0.000829066
0.000961931
0.00114006
0.00136783
0.00164599
0.00196992
0.00232821
0.00270209
0.0030666
0.00339386
0.00365804
0.00384071
0.00393524
0.00394689
0.00389038
0.00378568
0.00365357
0.00351227
0.00337557
0.00325239
0.00314738
0.00306187
0.00299499
0.00294455
0.00290777
0.00288178
0.00286387
0.00285165
0.00284313
0.0028367
0.0028311
0.00282541
0.00281893
0.00281122
0.002802
0.00279113
0.0027786
0.00276451
1.18425e-09
1.22224e-09
1.25272e-09
1.2763e-09
1.29376e-09
1.30591e-09
1.31353e-09
1.31735e-09
1.31798e-09
1.31591e-09
1.31154e-09
1.30512e-09
1.29681e-09
1.28666e-09
1.2746e-09
1.2605e-09
1.24416e-09
1.22535e-09
1.20378e-09
1.17921e-09
1.15138e-09
1.12015e-09
1.08543e-09
1.04728e-09
1.0059e-09
9.61668e-10
9.15167e-10
8.67211e-10
8.18962e-10
7.72208e-10
7.30044e-10
6.98364e-10
6.88734e-10
7.23229e-10
8.41303e-10
1.10741e-09
1.61589e-09
2.48769e-09
3.85312e-09
5.81945e-09
8.42951e-09
1.16249e-08
1.52331e-08
1.89964e-08
2.26256e-08
2.58647e-08
2.85423e-08
3.05975e-08
3.20754e-08
3.31035e-08
3.38579e-08
3.45329e-08
3.53196e-08
3.63946e-08
3.7917e-08
4.00317e-08
4.28726e-08
4.65644e-08
5.12196e-08
5.69307e-08
6.37583e-08
7.17125e-08
8.07398e-08
9.07145e-08
1.01438e-07
1.12648e-07
1.2404e-07
1.3529e-07
1.46082e-07
1.56134e-07
1.65211e-07
1.73141e-07
1.79808e-07
1.85149e-07
1.89147e-07
1.91818e-07
1.93199e-07
1.93346e-07
1.92323e-07
1.90208e-07
1.87086e-07
1.83061e-07
1.78258e-07
1.72838e-07
1.67017e-07
1.61112e-07
1.5564e-07
1.5151e-07
1.50396e-07
1.55358e-07
1.71724e-07
2.08122e-07
2.77222e-07
3.95493e-07
5.81145e-07
8.49845e-07
1.20881e-06
1.65117e-06
2.15318e-06
2.67618e-06
3.17543e-06
3.61022e-06
3.95277e-06
4.19288e-06
4.33754e-06
4.40659e-06
4.42677e-06
4.42625e-06
4.4309e-06
4.46267e-06
4.53957e-06
4.67657e-06
4.88685e-06
5.18272e-06
5.57601e-06
6.07782e-06
6.69752e-06
7.44133e-06
8.31014e-06
9.29801e-06
1.03911e-05
1.15678e-05
1.27992e-05
1.40521e-05
1.52908e-05
1.64808e-05
1.75913e-05
1.85965e-05
1.94773e-05
2.02211e-05
2.08209e-05
2.12747e-05
2.1584e-05
2.17533e-05
2.17887e-05
2.16981e-05
2.14908e-05
2.11781e-05
2.0774e-05
2.0296e-05
1.97673e-05
1.92193e-05
1.86972e-05
1.8272e-05
1.80637e-05
1.82854e-05
1.93135e-05
2.17848e-05
2.66977e-05
3.54591e-05
4.97886e-05
7.13882e-05
0.00010136
0.000139498
0.000183735
0.000230085
0.000273259
0.000308085
0.000330826
0.000340084
0.000336923
0.000324286
0.000306006
0.000285825
0.000266715
0.000250605
0.000238446
0.000230473
0.000226514
0.00022625
0.000229388
0.000235736
0.00024521
0.000257804
0.000273522
0.000292309
0.000313986
0.000338215
0.000364486
0.000392131
0.000420374
0.00044839
0.000475376
0.000500608
0.000523491
0.000543575
0.000560567
0.000574316
0.0005848
0.000592106
0.000596429
0.000598079
0.000597512
0.000595393
0.000592686
0.000590777
0.000591619
0.000597879
0.000613084
0.000641695
0.000689099
0.000761459
0.000865378
0.00100736
0.00119302
0.00142597
0.00170651
0.00203003
0.00238567
0.00275569
0.00311642
0.0034412
0.00370497
0.00388936
0.00398717
0.00400269
0.00394959
0.00384697
0.00371506
0.0035719
0.00343138
0.00330281
0.00319127
0.0030986
0.00302436
0.00296676
0.00292331
0.0028913
0.00286814
0.00285148
0.00283931
0.00282997
0.00282217
0.00281488
0.00280736
0.0027991
0.00278974
0.0027791
0.0027671
0.00275379
1.11206e-09
1.15377e-09
1.18837e-09
1.21622e-09
1.23791e-09
1.25406e-09
1.26535e-09
1.27238e-09
1.27573e-09
1.27586e-09
1.27314e-09
1.26784e-09
1.26016e-09
1.25016e-09
1.23786e-09
1.22317e-09
1.20598e-09
1.18613e-09
1.16346e-09
1.13781e-09
1.10906e-09
1.07715e-09
1.04212e-09
1.00411e-09
9.63398e-10
9.20415e-10
8.75748e-10
8.30183e-10
7.84793e-10
7.4118e-10
7.02091e-10
6.72768e-10
6.63576e-10
6.9449e-10
8.01603e-10
1.0446e-09
1.5122e-09
2.32035e-09
3.59789e-09
5.45727e-09
7.95549e-09
1.1058e-08
1.46199e-08
1.84066e-08
2.21416e-08
2.55671e-08
2.84961e-08
3.08419e-08
3.26216e-08
3.39361e-08
3.49416e-08
3.58195e-08
3.67539e-08
3.79175e-08
3.94663e-08
4.15398e-08
4.42626e-08
4.77455e-08
5.20841e-08
5.7353e-08
6.35973e-08
7.08193e-08
7.89696e-08
8.79406e-08
9.75665e-08
1.0763e-07
1.17877e-07
1.28036e-07
1.37835e-07
1.47026e-07
1.55398e-07
1.62783e-07
1.69061e-07
1.74159e-07
1.78042e-07
1.80709e-07
1.82183e-07
1.82506e-07
1.81738e-07
1.79949e-07
1.77227e-07
1.73677e-07
1.69426e-07
1.64635e-07
1.59516e-07
1.54374e-07
1.49701e-07
1.46356e-07
1.45921e-07
1.51288e-07
1.67513e-07
2.02814e-07
2.69348e-07
3.83097e-07
5.62078e-07
8.22425e-07
1.1728e-06
1.60879e-06
2.10982e-06
2.64016e-06
3.15634e-06
3.61709e-06
3.99214e-06
4.26764e-06
4.44675e-06
4.54616e-06
4.59067e-06
4.60777e-06
4.62355e-06
4.66059e-06
4.73748e-06
4.86939e-06
5.06902e-06
5.34751e-06
5.71495e-06
6.18022e-06
6.75045e-06
7.42991e-06
8.21844e-06
9.11041e-06
1.00939e-05
1.11507e-05
1.22569e-05
1.33847e-05
1.4504e-05
1.55855e-05
1.66017e-05
1.75294e-05
1.83503e-05
1.90512e-05
1.96241e-05
2.00651e-05
2.03741e-05
2.0554e-05
2.061e-05
2.05492e-05
2.03809e-05
2.01168e-05
1.97712e-05
1.93625e-05
1.89139e-05
1.84564e-05
1.80337e-05
1.77135e-05
1.76096e-05
1.79242e-05
1.9016e-05
2.14958e-05
2.63288e-05
3.48915e-05
4.88979e-05
7.0105e-05
9.9767e-05
0.000137939
0.000182891
0.000230959
0.000277002
0.000315664
0.000342744
0.000356184
0.000356396
0.00034585
0.000328201
0.000307309
0.000286476
0.000268049
0.000253371
0.000242969
0.000236835
0.000234694
0.000236209
0.000241088
0.000249124
0.000260185
0.000274168
0.000290945
0.000310312
0.000331948
0.000355408
0.000380127
0.000405453
0.000430688
0.000455145
0.000478189
0.000499283
0.000518004
0.000534062
0.000547294
0.000557663
0.00056525
0.000570266
0.000573064
0.000574177
0.000574385
0.0005748
0.000576977
0.00058303
0.000595755
0.000618717
0.000656281
0.00071356
0.000796233
0.000910233
0.00106126
0.00125408
0.00149163
0.00177381
0.00209608
0.00244818
0.00281346
0.0031696
0.00349118
0.00375401
0.00393986
0.00404102
0.00406083
0.00401187
0.00391226
0.00378159
0.00363757
0.00349417
0.00336091
0.00324332
0.0031437
0.00306207
0.00299705
0.00294648
0.00290789
0.00287884
0.00285707
0.00284058
0.00282771
0.00281709
0.00280767
0.00279862
0.00278936
0.00277947
0.00276872
0.00275695
0.00274417
1.03331e-09
1.0776e-09
1.11535e-09
1.14668e-09
1.17197e-09
1.19168e-09
1.20633e-09
1.21641e-09
1.22242e-09
1.22478e-09
1.22384e-09
1.21987e-09
1.21307e-09
1.20357e-09
1.1914e-09
1.17657e-09
1.15904e-09
1.13873e-09
1.11558e-09
1.08952e-09
1.06055e-09
1.0287e-09
9.94099e-10
9.56968e-10
9.17639e-10
8.76568e-10
8.34342e-10
7.91704e-10
7.49632e-10
7.09555e-10
6.73909e-10
6.47354e-10
6.39194e-10
6.67535e-10
7.65436e-10
9.88202e-10
1.41916e-09
2.16925e-09
3.36501e-09
5.12249e-09
7.51049e-09
1.05148e-08
1.40173e-08
1.78063e-08
2.16202e-08
2.52025e-08
2.83544e-08
3.09677e-08
3.30326e-08
3.46245e-08
3.58779e-08
3.69591e-08
3.80425e-08
3.92949e-08
4.0868e-08
4.28956e-08
4.54947e-08
4.87652e-08
5.27896e-08
5.76295e-08
6.33184e-08
6.98537e-08
7.71903e-08
8.52359e-08
9.38514e-08
1.02856e-07
1.12038e-07
1.21168e-07
1.30016e-07
1.38365e-07
1.46024e-07
1.52839e-07
1.5869e-07
1.63499e-07
1.67221e-07
1.69842e-07
1.71375e-07
1.71852e-07
1.71325e-07
1.69862e-07
1.67549e-07
1.64489e-07
1.60809e-07
1.56667e-07
1.52268e-07
1.47905e-07
1.44042e-07
1.41491e-07
1.41749e-07
1.47557e-07
1.63718e-07
1.98077e-07
2.62313e-07
3.71938e-07
5.44749e-07
7.97248e-07
1.13937e-06
1.56896e-06
2.06835e-06
2.60487e-06
3.13653e-06
3.62181e-06
4.02836e-06
4.3389e-06
4.55273e-06
4.68323e-06
4.75293e-06
4.78826e-06
4.81524e-06
4.85695e-06
4.93255e-06
5.05747e-06
5.24421e-06
5.50308e-06
5.8428e-06
6.27058e-06
6.79178e-06
7.40913e-06
8.12173e-06
8.92423e-06
9.80626e-06
1.07524e-05
1.17428e-05
1.2754e-05
1.37609e-05
1.47381e-05
1.56621e-05
1.65117e-05
1.72701e-05
1.79242e-05
1.84654e-05
1.88891e-05
1.91939e-05
1.93816e-05
1.94565e-05
1.94255e-05
1.92976e-05
1.90846e-05
1.88012e-05
1.84659e-05
1.81019e-05
1.77391e-05
1.74195e-05
1.7207e-05
1.72096e-05
1.7619e-05
1.87779e-05
2.12731e-05
2.60392e-05
3.4424e-05
4.8135e-05
6.89776e-05
9.83459e-05
0.000136546
0.00018218
0.000231911
0.000280816
0.000323419
0.000355115
0.000373212
0.000377432
0.000369685
0.000353331
0.000332235
0.000309957
0.000289239
0.000271841
0.000258637
0.000249854
0.000245331
0.000244738
0.000247721
0.000253975
0.000263254
0.000275354
0.000290074
0.00030717
0.000326326
0.000347139
0.000369121
0.000391716
0.000414332
0.000436381
0.000457313
0.000476653
0.00049402
0.000509145
0.000521878
0.000532192
0.000540191
0.000546122
0.000550405
0.000553666
0.00055681
0.000561094
0.000568225
0.000580446
0.000600621
0.00063228
0.000679609
0.000747361
0.000840671
0.000964761
0.00112452
0.00132393
0.0015653
0.00184819
0.00216823
0.00251582
0.00287543
0.00322612
0.0035438
0.00380515
0.00399222
0.00409679
0.00412129
0.00407717
0.00398153
0.0038532
0.00370948
0.00356425
0.00342722
0.00330427
0.00319813
0.0031093
0.00303679
0.00297883
0.00293322
0.00289773
0.0028702
0.00284873
0.00283165
0.00281758
0.00280541
0.00279426
0.0027835
0.00277264
0.00276136
0.00274947
0.0027369
9.4945e-10
9.95114e-10
1.03491e-09
1.06878e-09
1.09689e-09
1.11954e-09
1.13708e-09
1.14991e-09
1.15842e-09
1.16296e-09
1.16387e-09
1.16139e-09
1.15574e-09
1.14707e-09
1.13547e-09
1.121e-09
1.10368e-09
1.08354e-09
1.06058e-09
1.03484e-09
1.00639e-09
9.75365e-10
9.41955e-10
9.06439e-10
8.6919e-10
8.30673e-10
7.9146e-10
7.52242e-10
7.13903e-10
6.77709e-10
6.45812e-10
6.22365e-10
6.15735e-10
6.42376e-10
7.32625e-10
9.37791e-10
1.33617e-09
2.03369e-09
3.15413e-09
4.81576e-09
7.09704e-09
1.00014e-08
1.34351e-08
1.72094e-08
2.10783e-08
2.47897e-08
2.81366e-08
3.09921e-08
3.33222e-08
3.51773e-08
3.66703e-08
3.79507e-08
3.91812e-08
4.05211e-08
4.21163e-08
4.40953e-08
4.65683e-08
4.9627e-08
5.33439e-08
5.77708e-08
6.29333e-08
6.88262e-08
7.54085e-08
8.26013e-08
9.02876e-08
9.83165e-08
1.06511e-07
1.14679e-07
1.22624e-07
1.30159e-07
1.37116e-07
1.43352e-07
1.48755e-07
1.53245e-07
1.56773e-07
1.59318e-07
1.60884e-07
1.61497e-07
1.61202e-07
1.60063e-07
1.58163e-07
1.55604e-07
1.52509e-07
1.4903e-07
1.45364e-07
1.41787e-07
1.38736e-07
1.3698e-07
1.37935e-07
1.44204e-07
1.60365e-07
1.93921e-07
2.56112e-07
3.62006e-07
5.29165e-07
7.74383e-07
1.10871e-06
1.53206e-06
2.02951e-06
2.57131e-06
3.11725e-06
3.62587e-06
4.06304e-06
4.40829e-06
4.65715e-06
4.8195e-06
4.9153e-06
4.96959e-06
5.00801e-06
5.05396e-06
5.12714e-06
5.24339e-06
5.41519e-06
5.65239e-06
5.96275e-06
6.35223e-06
6.82485e-06
7.38221e-06
8.02285e-06
8.7417e-06
9.52968e-06
1.03737e-05
1.12569e-05
1.21599e-05
1.30613e-05
1.39398e-05
1.47746e-05
1.55474e-05
1.62426e-05
1.6848e-05
1.7355e-05
1.77584e-05
1.80565e-05
1.82502e-05
1.83435e-05
1.83427e-05
1.82569e-05
1.80978e-05
1.78802e-05
1.76222e-05
1.73466e-05
1.7082e-05
1.68679e-05
1.67648e-05
1.68744e-05
1.73792e-05
1.86068e-05
2.11225e-05
2.58331e-05
3.40602e-05
4.75042e-05
6.8014e-05
9.71137e-05
0.000135347
0.000181643
0.000233003
0.000284757
0.000331395
0.000367966
0.000391187
0.000400073
0.000395904
0.00038163
0.000361004
0.000337743
0.000314934
0.000294753
0.000278467
0.0002666
0.000259177
0.000255944
0.000256536
0.000260582
0.000267746
0.000277734
0.000290269
0.000305063
0.000321789
0.000340069
0.000359466
0.000379498
0.00039966
0.000419449
0.000438395
0.000456085
0.000472193
0.000486489
0.000498857
0.000509306
0.000517985
0.000525204
0.000531465
0.000537504
0.000544349
0.000553391
0.000566458
0.00058587
0.000614491
0.000655734
0.000713518
0.000792162
0.000896206
0.00103014
0.00119808
0.00140325
0.00164742
0.00192993
0.00224663
0.00258863
0.0029416
0.00328598
0.00359903
0.0038584
0.00404641
0.00415445
0.00418403
0.00414546
0.00405477
0.00392994
0.00378776
0.00364191
0.00350222
0.00337483
0.00326287
0.00316725
0.00308744
0.00302202
0.00296913
0.00292676
0.00289294
0.00286587
0.00284393
0.00282574
0.00281019
0.00279634
0.00278351
0.00277115
0.00275889
0.00274648
0.00273376
8.6218e-10
9.07986e-10
9.48675e-10
9.84041e-10
1.01408e-09
1.03892e-09
1.05878e-09
1.07394e-09
1.08467e-09
1.09127e-09
1.09402e-09
1.09316e-09
1.08889e-09
1.08139e-09
1.07078e-09
1.05717e-09
1.04066e-09
1.02132e-09
9.99246e-10
9.74553e-10
9.47384e-10
9.17934e-10
8.86454e-10
8.53263e-10
8.18752e-10
7.83385e-10
7.47703e-10
7.12343e-10
6.7809e-10
6.46061e-10
6.18157e-10
5.98081e-10
5.93383e-10
6.19062e-10
7.03036e-10
8.93e-10
1.26259e-09
1.91292e-09
2.96467e-09
4.53725e-09
6.71698e-09
9.52254e-09
1.28815e-08
1.66283e-08
2.05327e-08
2.43489e-08
2.78645e-08
3.0937e-08
3.35107e-08
3.56123e-08
3.73331e-08
3.8805e-08
4.01779e-08
4.1602e-08
4.32169e-08
4.51456e-08
4.74925e-08
5.03425e-08
5.3761e-08
5.77929e-08
6.24585e-08
6.77514e-08
7.36353e-08
8.00427e-08
8.68752e-08
9.40067e-08
1.01289e-07
1.08562e-07
1.15658e-07
1.22418e-07
1.28693e-07
1.34357e-07
1.39306e-07
1.43463e-07
1.46779e-07
1.49229e-07
1.50811e-07
1.51547e-07
1.51478e-07
1.50664e-07
1.49183e-07
1.47133e-07
1.44632e-07
1.41825e-07
1.38897e-07
1.36105e-07
1.33861e-07
1.3289e-07
1.34535e-07
1.41275e-07
1.57485e-07
1.90362e-07
2.50745e-07
3.53289e-07
5.15325e-07
7.53881e-07
1.081e-06
1.49847e-06
1.99395e-06
2.54044e-06
3.09981e-06
3.63083e-06
4.09793e-06
4.47775e-06
4.7621e-06
4.95726e-06
5.08035e-06
5.15465e-06
5.20513e-06
5.25527e-06
5.32526e-06
5.43146e-06
5.58657e-06
5.80028e-06
6.0798e-06
6.43022e-06
6.85465e-06
7.35388e-06
7.92608e-06
8.56647e-06
9.26704e-06
1.00165e-05
1.08009e-05
1.16035e-05
1.24067e-05
1.31922e-05
1.39422e-05
1.46407e-05
1.52739e-05
1.58305e-05
1.63024e-05
1.66847e-05
1.69751e-05
1.71746e-05
1.72867e-05
1.73175e-05
1.72761e-05
1.71739e-05
1.70255e-05
1.68485e-05
1.66645e-05
1.65005e-05
1.63935e-05
1.63999e-05
1.66156e-05
1.72144e-05
1.85107e-05
2.10503e-05
2.57153e-05
3.38037e-05
4.70097e-05
6.72222e-05
9.60863e-05
0.000134371
0.000181326
0.0002343
0.00028889
0.000339651
0.000381343
0.000410144
0.000424369
0.000424615
0.000413326
0.000394014
0.000370442
0.000345961
0.000323136
0.000303642
0.000288359
0.000277565
0.000271152
0.00026881
0.000270152
0.000274783
0.000282336
0.00029247
0.000304847
0.00031912
0.000334918
0.000351838
0.000369454
0.000387328
0.000405031
0.000422166
0.00043839
0.000453434
0.000467126
0.000479404
0.000490333
0.000500132
0.000509189
0.000518104
0.000527724
0.000539191
0.000554006
0.000574068
0.000601713
0.000639722
0.000691307
0.000760043
0.000849752
0.000964342
0.00110759
0.00128285
0.0014927
0.00173845
0.0020193
0.0023314
0.00266667
0.00301196
0.00334915
0.00365686
0.00391372
0.00410242
0.00421397
0.00424899
0.00421669
0.00413193
0.0040118
0.00387248
0.00372739
0.00358633
0.00345566
0.00333882
0.00323713
0.00315047
0.0030778
0.00301759
0.00296812
0.00292764
0.00289446
0.00286709
0.00284418
0.00282461
0.00280745
0.00279196
0.00277756
0.00276382
0.00275042
0.00273716
7.73324e-10
8.18114e-10
8.58571e-10
8.94378e-10
9.25399e-10
9.51622e-10
9.73133e-10
9.90087e-10
1.00268e-09
1.01113e-09
1.01565e-09
1.01647e-09
1.01376e-09
1.00772e-09
9.98503e-10
9.86249e-10
9.71099e-10
9.53194e-10
9.32684e-10
9.09742e-10
8.84569e-10
8.57408e-10
8.28549e-10
7.98332e-10
7.67152e-10
7.35459e-10
7.03755e-10
6.72614e-10
6.42728e-10
6.15076e-10
5.91334e-10
5.74814e-10
5.72356e-10
5.97683e-10
6.76581e-10
8.53506e-10
1.19784e-09
1.80614e-09
2.79584e-09
4.28673e-09
6.3714e-09
9.08173e-09
1.23641e-08
1.60747e-08
1.99995e-08
2.39002e-08
2.75614e-08
3.08278e-08
3.3624e-08
3.59546e-08
3.78899e-08
3.95438e-08
4.10525e-08
4.25566e-08
4.41886e-08
4.60658e-08
4.82877e-08
5.0934e-08
5.4065e-08
5.77207e-08
6.19184e-08
6.66518e-08
7.18895e-08
7.75741e-08
8.36227e-08
8.99303e-08
9.63736e-08
1.02818e-07
1.09123e-07
1.15152e-07
1.20778e-07
1.25888e-07
1.30391e-07
1.34216e-07
1.37314e-07
1.39661e-07
1.41254e-07
1.42109e-07
1.42265e-07
1.41778e-07
1.40722e-07
1.39188e-07
1.37288e-07
1.35156e-07
1.32963e-07
1.30947e-07
1.29494e-07
1.29288e-07
1.31605e-07
1.38815e-07
1.55111e-07
1.87417e-07
2.46212e-07
3.45779e-07
5.03228e-07
7.35781e-07
1.05637e-06
1.4685e-06
1.96225e-06
2.51321e-06
3.08547e-06
3.63827e-06
4.13493e-06
4.54942e-06
4.87001e-06
5.0993e-06
5.25131e-06
5.3472e-06
5.41096e-06
5.46589e-06
5.53258e-06
5.62791e-06
5.76504e-06
5.9538e-06
6.20121e-06
6.51192e-06
6.88846e-06
7.33113e-06
7.83794e-06
8.40442e-06
9.02347e-06
9.68543e-06
1.03783e-05
1.10883e-05
1.18004e-05
1.24991e-05
1.31695e-05
1.37976e-05
1.43714e-05
1.48809e-05
1.53189e-05
1.56807e-05
1.59645e-05
1.61709e-05
1.63035e-05
1.63683e-05
1.63742e-05
1.63322e-05
1.62564e-05
1.61635e-05
1.60735e-05
1.60115e-05
1.60115e-05
1.61258e-05
1.6445e-05
1.71349e-05
1.84979e-05
2.1063e-05
2.56907e-05
3.36584e-05
4.66558e-05
6.661e-05
9.52793e-05
0.000133648
0.000181275
0.000235863
0.000293298
0.000348263
0.00039531
0.000430134
0.000450379
0.000455931
0.000448638
0.000431658
0.000408672
0.000383195
0.000358123
0.000335529
0.000316676
0.000302159
0.000292089
0.000286278
0.000284383
0.000285997
0.000290715
0.000298143
0.000307902
0.00031962
0.000332923
0.000347428
0.00036275
0.000378504
0.000394328
0.00040989
0.000424918
0.000439213
0.000452668
0.000465292
0.000477228
0.000488773
0.000500412
0.00051284
0.000527006
0.000544147
0.000565827
0.000593958
0.000630814
0.000679014
0.000741486
0.000821391
0.000922016
0.00104663
0.00119831
0.00137973
0.00159292
0.00183878
0.00211653
0.00242267
0.00274998
0.00308651
0.00341561
0.00371726
0.0039711
0.00416022
0.0042753
0.00431614
0.00429077
0.00421294
0.00409874
0.0039637
0.00382084
0.0036799
0.00354732
0.00342683
0.00332009
0.00322734
0.00314793
0.00308069
0.00302417
0.00297686
0.00293728
0.00290405
0.00287591
0.00285178
0.00283074
0.00281204
0.00279505
0.00277931
0.00276446
0.00275024
6.84737e-10
7.27486e-10
7.66678e-10
8.01926e-10
8.32997e-10
8.59771e-10
8.82226e-10
9.00414e-10
9.14441e-10
9.24452e-10
9.30612e-10
9.33096e-10
9.32082e-10
9.27746e-10
9.2026e-10
9.09795e-10
8.96523e-10
8.80625e-10
8.62294e-10
8.41745e-10
8.19217e-10
7.94984e-10
7.69353e-10
7.42674e-10
7.15329e-10
6.87742e-10
6.60371e-10
6.33723e-10
6.08401e-10
5.85256e-10
5.65766e-10
5.52906e-10
5.52899e-10
5.78364e-10
6.53213e-10
8.19035e-10
1.14137e-09
1.71255e-09
2.64678e-09
4.06367e-09
6.06084e-09
8.68151e-09
1.18888e-08
1.55583e-08
1.94932e-08
2.34631e-08
2.72512e-08
3.06917e-08
3.36918e-08
3.62354e-08
3.83724e-08
4.01989e-08
4.18371e-08
4.3417e-08
4.50637e-08
4.68894e-08
4.89887e-08
5.14377e-08
5.42932e-08
5.75919e-08
6.13499e-08
6.55623e-08
7.02025e-08
7.52222e-08
8.05523e-08
8.61053e-08
9.17789e-08
9.74606e-08
1.03034e-07
1.08383e-07
1.134e-07
1.17987e-07
1.22065e-07
1.2557e-07
1.28458e-07
1.30708e-07
1.32314e-07
1.33293e-07
1.3368e-07
1.33527e-07
1.32902e-07
1.31889e-07
1.30592e-07
1.29131e-07
1.27661e-07
1.26403e-07
1.25715e-07
1.26242e-07
1.29203e-07
1.3687e-07
1.53276e-07
1.85105e-07
2.42519e-07
3.3947e-07
4.9287e-07
7.20115e-07
1.03494e-06
1.44243e-06
1.93493e-06
2.49051e-06
3.07542e-06
3.64977e-06
4.17596e-06
4.6256e-06
4.98356e-06
5.24875e-06
5.43189e-06
5.55174e-06
5.63086e-06
5.69213e-06
5.75634e-06
5.84089e-06
5.95954e-06
6.1225e-06
6.33697e-06
6.60755e-06
6.93652e-06
7.32402e-06
7.7681e-06
8.26465e-06
8.80743e-06
9.38811e-06
9.99651e-06
1.0621e-05
1.12491e-05
1.18677e-05
1.24642e-05
1.3027e-05
1.35455e-05
1.40114e-05
1.44183e-05
1.47623e-05
1.50418e-05
1.52579e-05
1.54141e-05
1.55162e-05
1.55728e-05
1.55946e-05
1.55945e-05
1.5588e-05
1.55933e-05
1.5633e-05
1.5738e-05
1.59568e-05
1.63749e-05
1.71508e-05
1.85768e-05
2.11672e-05
2.57643e-05
3.36284e-05
4.64472e-05
6.61848e-05
9.47076e-05
0.000133204
0.000181536
0.000237759
0.00029807
0.000357319
0.000409948
0.000451231
0.000478181
0.000489965
0.000487777
0.000474311
0.000453042
0.000427532
0.00040092
0.000375637
0.000353334
0.00033496
0.000320908
0.000311184
0.000305556
0.000303664
0.000305104
0.000309462
0.000316335
0.000325331
0.000336071
0.000348186
0.000361321
0.000375137
0.000389328
0.000403629
0.000417836
0.000431826
0.000445569
0.000459154
0.000472808
0.000486919
0.00050206
0.000519017
0.000538814
0.000562743
0.000592376
0.000629565
0.000676442
0.000735384
0.000808968
0.000899896
0.0010109
0.00114462
0.0013035
0.00148961
0.00170448
0.00194881
0.00222183
0.00252053
0.00283856
0.00316522
0.00348531
0.00378019
0.0040305
0.00421978
0.00433841
0.00438539
0.00436763
0.00429771
0.0041907
0.00406138
0.00392236
0.00378315
0.00365027
0.00352762
0.00341715
0.00331943
0.00323416
0.00316049
0.0030973
0.00304334
0.00299733
0.00295805
0.00292438
0.00289531
0.00286994
0.00284754
0.00282749
0.0028093
0.00279256
0.00277697
5.98207e-10
6.38078e-10
6.75125e-10
7.08932e-10
7.39204e-10
7.65747e-10
7.88454e-10
8.07295e-10
8.22301e-10
8.33549e-10
8.41149e-10
8.4524e-10
8.45972e-10
8.43512e-10
8.38033e-10
8.29718e-10
8.18759e-10
8.05358e-10
7.89735e-10
7.72126e-10
7.52793e-10
7.32019e-10
7.10118e-10
6.87427e-10
6.64311e-10
6.41153e-10
6.18363e-10
5.96381e-10
5.75725e-10
5.5713e-10
5.41901e-10
5.32721e-10
5.35284e-10
5.61256e-10
6.32923e-10
7.89357e-10
1.09267e-09
1.63138e-09
2.51656e-09
3.86735e-09
5.78537e-09
8.32366e-09
1.14603e-08
1.50882e-08
1.90273e-08
2.30559e-08
2.69573e-08
3.05568e-08
3.37461e-08
3.649e-08
3.88187e-08
4.08107e-08
4.25738e-08
4.42273e-08
4.58887e-08
4.76647e-08
4.96463e-08
5.19063e-08
5.44995e-08
5.74611e-08
6.08073e-08
6.45354e-08
6.86239e-08
7.3033e-08
7.77056e-08
8.25696e-08
8.75406e-08
9.25258e-08
9.74286e-08
1.02153e-07
1.06608e-07
1.10712e-07
1.14396e-07
1.17606e-07
1.20305e-07
1.22473e-07
1.24107e-07
1.25222e-07
1.2585e-07
1.26039e-07
1.25852e-07
1.25363e-07
1.24663e-07
1.23861e-07
1.23094e-07
1.22564e-07
1.22602e-07
1.2382e-07
1.27386e-07
1.35484e-07
1.52012e-07
1.83446e-07
2.39672e-07
3.34357e-07
4.84247e-07
7.06905e-07
1.01681e-06
1.42051e-06
1.91246e-06
2.47314e-06
3.07087e-06
3.66691e-06
4.22298e-06
4.70863e-06
5.10555e-06
5.40898e-06
5.62621e-06
5.77324e-06
5.87093e-06
5.94133e-06
6.00518e-06
6.08034e-06
6.18119e-06
6.31856e-06
6.50009e-06
6.73067e-06
7.01273e-06
7.34653e-06
7.73036e-06
8.16062e-06
8.63189e-06
9.13704e-06
9.66748e-06
1.02135e-05
1.07646e-05
1.13101e-05
1.18394e-05
1.23427e-05
1.28115e-05
1.32387e-05
1.36191e-05
1.39495e-05
1.4229e-05
1.44588e-05
1.46425e-05
1.4786e-05
1.4897e-05
1.49857e-05
1.50636e-05
1.51445e-05
1.52446e-05
1.53837e-05
1.55897e-05
1.59074e-05
1.64175e-05
1.72724e-05
1.87557e-05
2.13695e-05
2.59412e-05
3.37178e-05
4.63882e-05
6.59542e-05
9.43862e-05
0.000133069
0.000182157
0.000240058
0.000303299
0.000366927
0.000425364
0.000473531
0.000507869
0.000526839
0.000530944
0.000522327
0.000504135
0.000479856
0.000452764
0.000425576
0.000400305
0.000378267
0.000360179
0.000346305
0.000336589
0.000330784
0.000328543
0.000329474
0.000333177
0.000339261
0.000347349
0.000357089
0.000368153
0.000380245
0.000393111
0.00040655
0.000420429
0.0004347
0.000449415
0.000464746
0.000481003
0.000498656
0.000518351
0.000540936
0.000567478
0.000599271
0.00063782
0.000684841
0.000742246
0.000812106
0.000896601
0.00099795
0.00111834
0.00125983
0.00142428
0.00161327
0.00182794
0.00206884
0.00233537
0.00262505
0.00293242
0.00324807
0.00355821
0.0038456
0.00409188
0.00428105
0.00440325
0.00445668
0.00444716
0.0043861
0.00428753
0.00416544
0.00403191
0.00389622
0.00376483
0.00364177
0.00352918
0.00342795
0.00333805
0.00325898
0.0031899
0.00312982
0.0030777
0.00303252
0.00299331
0.00295914
0.00292921
0.00290283
0.00287938
0.00285836
0.00283938
0.00282209
5.15377e-10
5.51757e-10
5.85982e-10
6.17636e-10
6.46397e-10
6.72027e-10
6.94363e-10
7.13315e-10
7.28852e-10
7.40996e-10
7.49809e-10
7.55389e-10
7.57861e-10
7.57371e-10
7.54089e-10
7.48195e-10
7.39883e-10
7.29362e-10
7.16858e-10
7.02616e-10
6.86899e-10
6.69988e-10
6.52183e-10
6.33802e-10
6.15176e-10
5.96647e-10
5.78568e-10
5.61315e-10
5.45325e-10
5.3123e-10
5.20185e-10
5.14621e-10
5.19782e-10
5.46518e-10
6.15716e-10
7.64261e-10
1.05127e-09
1.56183e-09
2.40418e-09
3.69678e-09
5.54459e-09
8.00916e-09
1.10819e-08
1.46717e-08
1.86133e-08
2.26955e-08
2.67018e-08
3.04506e-08
3.38197e-08
3.67561e-08
3.92709e-08
4.14256e-08
4.33135e-08
4.50428e-08
4.6723e-08
4.84554e-08
5.03277e-08
5.24106e-08
5.47577e-08
5.74039e-08
6.03668e-08
6.36468e-08
6.72277e-08
7.10779e-08
7.51512e-08
7.9389e-08
8.37227e-08
8.8077e-08
9.23728e-08
9.65317e-08
1.00479e-07
1.04147e-07
1.0748e-07
1.10431e-07
1.12971e-07
1.15084e-07
1.16767e-07
1.18036e-07
1.1892e-07
1.19462e-07
1.19715e-07
1.19744e-07
1.19629e-07
1.19461e-07
1.19364e-07
1.19518e-07
1.20233e-07
1.22088e-07
1.26206e-07
1.347e-07
1.51351e-07
1.82456e-07
2.37674e-07
3.30431e-07
4.77348e-07
6.96165e-07
1.00205e-06
1.40295e-06
1.89527e-06
2.46182e-06
3.07293e-06
3.69116e-06
4.27789e-06
4.80085e-06
5.23882e-06
5.58345e-06
5.8385e-06
6.01701e-06
6.13773e-06
6.22154e-06
6.28883e-06
6.35771e-06
6.44313e-06
6.55666e-06
6.70661e-06
6.89844e-06
7.13505e-06
7.41713e-06
7.74347e-06
8.11111e-06
8.5155e-06
8.95068e-06
9.40952e-06
9.88396e-06
1.03654e-05
1.08451e-05
1.13144e-05
1.17654e-05
1.21911e-05
1.2586e-05
1.29458e-05
1.32683e-05
1.35532e-05
1.38018e-05
1.40178e-05
1.42065e-05
1.43754e-05
1.45331e-05
1.46898e-05
1.48572e-05
1.50491e-05
1.52829e-05
1.55832e-05
1.59915e-05
1.65844e-05
1.75092e-05
1.90421e-05
2.16758e-05
2.62258e-05
3.39302e-05
4.64828e-05
6.5925e-05
9.43289e-05
0.000133269
0.000183184
0.000242831
0.000309079
0.000377209
0.000441679
0.000497154
0.000539558
0.000566686
0.000578336
0.000576033
0.000562493
0.000541011
0.000514874
0.00048699
0.000459676
0.000434599
0.000412818
0.000394897
0.000381019
0.000371113
0.000364947
0.000362206
0.000362534
0.00036557
0.000370963
0.000378388
0.00038755
0.0003982
0.000410136
0.00042322
0.000437388
0.000452665
0.000469179
0.000487177
0.000507039
0.000529294
0.000554632
0.000583916
0.00061821
0.000658757
0.000706894
0.000764128
0.000832099
0.000912534
0.0010072
0.00111783
0.00124612
0.00139359
0.00156162
0.00175135
0.00196369
0.00219912
0.00245727
0.00273624
0.00303154
0.00333499
0.00363426
0.00391344
0.0041552
0.00434398
0.00446973
0.0045299
0.00452923
0.00447794
0.00438904
0.00427567
0.00414935
0.00401905
0.0038911
0.00376958
0.0036568
0.00355384
0.00346096
0.00337792
0.00330416
0.00323894
0.00318146
0.00313091
0.0030865
0.00304745
0.00301302
0.0029826
0.00295563
0.00293164
0.00291021
0.002891
0.00228656
0.00228447
0.00228289
0.00228169
0.00228078
0.0022801
0.00227958
0.00227918
0.00227887
0.00227861
0.00227837
0.00227814
0.00227789
0.00227761
0.00227728
0.0022769
0.00227646
0.00227595
0.00227536
0.00227468
0.00227393
0.00227309
0.00227215
0.00227114
0.00227003
0.00226885
0.00226759
0.00226626
0.00226488
0.00226346
0.00226202
0.00226058
0.00225916
0.00225779
0.0022565
0.00225533
0.00225432
0.0022535
0.00225292
0.00225261
0.0023144
0.00230932
0.00230515
0.0023017
0.00229883
0.00229643
0.00229441
0.00229271
0.00229125
0.00228998
0.00228886
0.00228785
0.00228692
0.00228605
0.0022852
0.00228436
0.00228352
0.00228265
0.00228175
0.0022808
0.00227981
0.00227875
0.00227762
0.00227643
0.00227517
0.00227384
0.00227244
0.00227098
0.00226947
0.00226792
0.00226634
0.00226476
0.0022632
0.00226169
0.00226026
0.00225896
0.00225782
0.00225688
0.00225621
0.00225584
0.00234924
0.00234068
0.00233342
0.00232723
0.00232193
0.00231738
0.00231346
0.00231007
0.00230713
0.00230454
0.00230226
0.00230023
0.00229839
0.00229671
0.00229515
0.00229368
0.00229228
0.00229092
0.00228959
0.00228826
0.00228692
0.00228555
0.00228416
0.00228272
0.00228124
0.0022797
0.00227812
0.00227648
0.0022748
0.00227309
0.00227135
0.00226961
0.00226789
0.00226623
0.00226464
0.00226318
0.00226189
0.00226083
0.00226006
0.00225963
0.00238995
0.00237767
0.00236704
0.00235779
0.00234973
0.00234271
0.00233658
0.0023312
0.00232648
0.00232231
0.00231861
0.00231531
0.00231234
0.00230966
0.0023072
0.00230493
0.00230282
0.00230083
0.00229893
0.00229709
0.0022953
0.00229354
0.00229178
0.00229002
0.00228825
0.00228645
0.00228462
0.00228276
0.00228087
0.00227896
0.00227704
0.00227511
0.00227321
0.00227137
0.00226961
0.00226798
0.00226653
0.00226533
0.00226444
0.00226394
0.00243481
0.0024189
0.00240487
0.00239248
0.00238153
0.00237186
0.00236331
0.00235575
0.00234904
0.00234307
0.00233776
0.00233299
0.00232871
0.00232484
0.00232133
0.0023181
0.00231513
0.00231237
0.00230978
0.00230732
0.00230498
0.00230272
0.00230051
0.00229835
0.00229621
0.00229408
0.00229196
0.00228982
0.00228768
0.00228553
0.00228338
0.00228124
0.00227914
0.00227709
0.00227514
0.00227333
0.00227171
0.00227035
0.00226934
0.00226876
0.00248183
0.00246267
0.00244549
0.00243009
0.0024163
0.00240398
0.00239297
0.00238314
0.00237434
0.00236646
0.00235939
0.00235304
0.00234731
0.00234212
0.00233741
0.0023331
0.00232915
0.0023255
0.00232211
0.00231893
0.00231593
0.00231308
0.00231034
0.0023077
0.00230512
0.0023026
0.00230011
0.00229765
0.00229521
0.00229278
0.00229037
0.00228799
0.00228565
0.00228338
0.00228122
0.0022792
0.0022774
0.00227587
0.00227472
0.00227406
0.00252902
0.00250718
0.0024873
0.00246924
0.00245286
0.00243806
0.00242469
0.00241263
0.00240175
0.00239194
0.00238308
0.00237507
0.00236781
0.00236122
0.00235523
0.00234975
0.00234473
0.0023401
0.00233582
0.00233183
0.00232809
0.00232457
0.00232123
0.00231803
0.00231496
0.00231198
0.00230908
0.00230624
0.00230345
0.0023007
0.00229799
0.00229534
0.00229274
0.00229023
0.00228783
0.0022856
0.00228359
0.00228188
0.00228059
0.00227983
0.00257457
0.00255078
0.00252879
0.00250854
0.00248997
0.00247298
0.00245749
0.00244337
0.00243054
0.00241886
0.00240825
0.0023986
0.00238981
0.0023818
0.00237449
0.00236779
0.00236165
0.00235599
0.00235075
0.00234589
0.00234136
0.00233711
0.0023331
0.00232929
0.00232566
0.00232217
0.00231881
0.00231554
0.00231237
0.00230926
0.00230623
0.00230326
0.00230038
0.0022976
0.00229495
0.00229248
0.00229025
0.00228835
0.0022869
0.00228605
0.00261706
0.00259204
0.0025686
0.00254674
0.00252645
0.00250768
0.00249039
0.00247449
0.0024599
0.00244654
0.0024343
0.00242309
0.00241283
0.00240344
0.00239482
0.00238691
0.00237963
0.00237292
0.00236671
0.00236094
0.00235558
0.00235055
0.00234584
0.00234138
0.00233715
0.00233312
0.00232925
0.00232552
0.00232192
0.00231842
0.00231503
0.00231173
0.00230854
0.00230547
0.00230255
0.00229983
0.00229737
0.00229527
0.00229365
0.0022927
0.00265545
0.00262991
0.00260566
0.00258277
0.00256128
0.00254119
0.00252249
0.00250515
0.00248909
0.00247426
0.00246058
0.00244797
0.00243636
0.00242567
0.00241582
0.00240674
0.00239836
0.00239061
0.00238343
0.00237676
0.00237055
0.00236474
0.0023593
0.00235417
0.00234932
0.00234471
0.00234031
0.00233609
0.00233204
0.00232813
0.00232435
0.0023207
0.00231717
0.00231379
0.00231059
0.0023076
0.0023049
0.00230259
0.00230081
0.00229974
0.00268914
0.00266367
0.00263919
0.00261582
0.00259364
0.0025727
0.00255302
0.00253458
0.00251738
0.00250136
0.00248648
0.00247267
0.00245988
0.00244803
0.00243706
0.0024269
0.00241749
0.00240875
0.00240064
0.0023931
0.00238606
0.00237948
0.00237331
0.0023675
0.00236202
0.00235683
0.00235189
0.00234717
0.00234265
0.0023383
0.00233412
0.0023301
0.00232623
0.00232253
0.00231903
0.00231577
0.00231282
0.00231029
0.00230833
0.00230716
0.00271785
0.00269294
0.00266873
0.00264537
0.00262296
0.0026016
0.00258133
0.00256219
0.00254418
0.00252727
0.00251145
0.00249667
0.00248289
0.00247006
0.00245811
0.002447
0.00243666
0.00242703
0.00241806
0.00240969
0.00240187
0.00239454
0.00238767
0.00238121
0.00237511
0.00236933
0.00236385
0.00235863
0.00235364
0.00234886
0.00234427
0.00233986
0.00233564
0.00233162
0.00232781
0.00232427
0.00232107
0.00231832
0.00231619
0.00231491
0.00274161
0.00271762
0.00269406
0.00267109
0.00264886
0.00262747
0.002607
0.0025875
0.002569
0.0025515
0.00253502
0.00251952
0.00250497
0.00249135
0.0024786
0.00246667
0.00245553
0.00244511
0.00243537
0.00242626
0.00241772
0.00240971
0.00240218
0.0023951
0.0023884
0.00238207
0.00237606
0.00237035
0.00236489
0.00235968
0.00235469
0.0023499
0.00234533
0.00234098
0.00233687
0.00233305
0.0023296
0.00232664
0.00232434
0.00232294
0.00276064
0.00273781
0.00271518
0.00269291
0.00267117
0.00265008
0.00262972
0.00261017
0.00259149
0.0025737
0.00255681
0.00254083
0.00252574
0.00251153
0.00249815
0.00248559
0.00247378
0.00246271
0.00245231
0.00244255
0.00243338
0.00242475
0.00241663
0.00240897
0.00240173
0.00239488
0.00238837
0.00238219
0.00237629
0.00237066
0.00236527
0.00236012
0.0023552
0.00235053
0.00234612
0.00234204
0.00233835
0.00233518
0.00233271
0.00233122
0.00277526
0.00275374
0.00273222
0.00271088
0.00268987
0.00266933
0.00264935
0.00263002
0.00261142
0.00259358
0.00257654
0.00256032
0.00254491
0.0025303
0.00251649
0.00250345
0.00249114
0.00247954
0.00246861
0.00245831
0.0024486
0.00243944
0.0024308
0.00242263
0.00241491
0.00240758
0.00240062
0.002394
0.00238769
0.00238167
0.00237591
0.00237041
0.00236517
0.00236019
0.0023555
0.00235116
0.00234724
0.00234388
0.00234126
0.00233968
0.00278589
0.00276574
0.00274544
0.00272517
0.00270506
0.00268525
0.00266586
0.00264698
0.00262867
0.00261101
0.00259403
0.00257777
0.00256224
0.00254744
0.00253337
0.00252001
0.00250735
0.00249537
0.00248403
0.00247331
0.00246317
0.00245358
0.0024445
0.00243591
0.00242775
0.00242001
0.00241265
0.00240564
0.00239896
0.00239258
0.00238649
0.00238067
0.00237512
0.00236986
0.00236491
0.00236033
0.0023562
0.00235267
0.00234992
0.00234825
0.00279292
0.00277415
0.00275513
0.002736
0.0027169
0.00269797
0.00267932
0.00266104
0.00264321
0.00262591
0.00260918
0.00259306
0.00257759
0.00256276
0.0025486
0.00253509
0.00252223
0.00251001
0.00249839
0.00248737
0.00247691
0.00246698
0.00245756
0.00244861
0.00244011
0.00243202
0.00242432
0.00241697
0.00240997
0.00240327
0.00239688
0.00239077
0.00238496
0.00237945
0.00237427
0.00236948
0.00236517
0.00236148
0.00235862
0.00235688
0.00279676
0.00277935
0.0027616
0.00274365
0.00272562
0.00270765
0.00268984
0.00267229
0.00265508
0.00263828
0.00262195
0.00260613
0.00259087
0.00257617
0.00256207
0.00254855
0.00253563
0.00252329
0.00251153
0.00250032
0.00248964
0.00247948
0.00246981
0.0024606
0.00245182
0.00244346
0.00243548
0.00242786
0.00242058
0.00241363
0.00240698
0.00240063
0.00239459
0.00238886
0.00238348
0.00237852
0.00237406
0.00237024
0.00236729
0.00236551
0.0027978
0.00278169
0.00276518
0.0027484
0.00273147
0.0027145
0.0026976
0.00268086
0.00266436
0.00264817
0.00263236
0.00261697
0.00260205
0.00258762
0.0025737
0.00256031
0.00254745
0.00253512
0.00252332
0.00251203
0.00250125
0.00249095
0.00248112
0.00247173
0.00246277
0.0024542
0.00244601
0.00243819
0.0024307
0.00242354
0.00241668
0.00241014
0.00240391
0.00239801
0.00239248
0.00238738
0.0023828
0.0023789
0.00237588
0.00237407
0.00279636
0.00278148
0.00276616
0.00275053
0.00273469
0.00271875
0.00270279
0.00268691
0.00267119
0.00265569
0.00264049
0.00262562
0.00261114
0.00259708
0.00258346
0.0025703
0.00255762
0.00254541
0.00253368
0.00252242
0.00251163
0.00250129
0.00249139
0.00248191
0.00247284
0.00246415
0.00245582
0.00244785
0.00244022
0.00243291
0.00242591
0.00241923
0.00241286
0.00240684
0.0024012
0.002396
0.00239135
0.00238739
0.00238434
0.00238252
0.00279276
0.00277902
0.00276484
0.00275032
0.00273554
0.00272061
0.0027056
0.00269061
0.00267571
0.00266096
0.00264643
0.00263216
0.00261821
0.0026046
0.00259137
0.00257854
0.00256613
0.00255414
0.00254257
0.00253144
0.00252073
0.00251044
0.00250055
0.00249106
0.00248196
0.00247322
0.00246484
0.00245679
0.00244908
0.00244168
0.00243459
0.00242783
0.00242138
0.00241529
0.00240959
0.00240435
0.00239966
0.00239569
0.00239264
0.00239082
0.00278727
0.00277461
0.00276149
0.00274802
0.00273427
0.00272032
0.00270626
0.00269216
0.0026781
0.00266413
0.00265031
0.0026367
0.00262333
0.00261025
0.00259749
0.00258506
0.002573
0.0025613
0.00254999
0.00253906
0.00252852
0.00251836
0.00250857
0.00249915
0.00249009
0.00248138
0.00247301
0.00246496
0.00245723
0.00244982
0.00244271
0.00243592
0.00242946
0.00242335
0.00241764
0.00241241
0.00240774
0.00240379
0.00240077
0.00239899
0.00278018
0.00276849
0.00275637
0.00274389
0.00273112
0.00271812
0.00270499
0.00269178
0.00267855
0.00266538
0.0026523
0.00263937
0.00262664
0.00261414
0.00260189
0.00258994
0.00257829
0.00256697
0.00255598
0.00254533
0.00253503
0.00252508
0.00251547
0.0025062
0.00249726
0.00248865
0.00248036
0.00247238
0.00246471
0.00245734
0.00245028
0.00244353
0.00243711
0.00243106
0.0024254
0.00242022
0.00241562
0.00241175
0.0024088
0.00240706
0.00277175
0.00276097
0.00274977
0.00273821
0.00272636
0.00271428
0.00270204
0.00268969
0.0026773
0.00266491
0.00265259
0.00264037
0.0026283
0.00261641
0.00260474
0.0025933
0.00258213
0.00257124
0.00256064
0.00255034
0.00254036
0.00253068
0.00252132
0.00251227
0.00250353
0.0024951
0.00248696
0.00247913
0.00247159
0.00246434
0.0024574
0.00245076
0.00244446
0.00243851
0.00243298
0.00242792
0.00242344
0.00241967
0.00241682
0.00241516
0.00276233
0.00275237
0.00274201
0.0027313
0.00272031
0.0027091
0.0026977
0.00268619
0.00267461
0.00266301
0.00265145
0.00263995
0.00262856
0.00261731
0.00260624
0.00259537
0.00258472
0.00257431
0.00256416
0.00255428
0.00254467
0.00253535
0.00252631
0.00251756
0.00250909
0.00250091
0.00249301
0.00248539
0.00247806
0.00247102
0.00246427
0.00245782
0.0024517
0.00244594
0.00244058
0.00243571
0.0024314
0.0024278
0.00242509
0.00242351
0.00275236
0.00274311
0.0027335
0.00272358
0.00271339
0.00270297
0.00269238
0.00268167
0.00267088
0.00266005
0.00264923
0.00263845
0.00262775
0.00261717
0.00260673
0.00259646
0.00258638
0.00257651
0.00256686
0.00255745
0.00254829
0.00253939
0.00253074
0.00252236
0.00251424
0.0025064
0.00249882
0.00249151
0.00248447
0.00247771
0.00247123
0.00246505
0.0024592
0.0024537
0.0024486
0.00244396
0.00243989
0.0024365
0.00243396
0.00243249
0.00274242
0.00273379
0.00272484
0.00271561
0.00270614
0.00269646
0.00268662
0.00267666
0.00266662
0.00265654
0.00264645
0.00263639
0.0026264
0.0026165
0.00260671
0.00259708
0.0025876
0.00257832
0.00256923
0.00256036
0.00255171
0.0025433
0.00253513
0.0025272
0.00251952
0.00251209
0.00250492
0.002498
0.00249134
0.00248496
0.00247885
0.00247303
0.00246752
0.00246236
0.00245759
0.00245327
0.00244949
0.00244636
0.00244402
0.00244269
0.00273339
0.00272526
0.00271686
0.00270823
0.00269939
0.00269037
0.00268122
0.00267196
0.00266263
0.00265326
0.00264389
0.00263454
0.00262525
0.00261604
0.00260694
0.00259797
0.00258915
0.0025805
0.00257203
0.00256376
0.0025557
0.00254786
0.00254024
0.00253285
0.0025257
0.00251879
0.00251212
0.0025057
0.00249953
0.00249361
0.00248797
0.0024826
0.00247754
0.00247281
0.00246845
0.00246451
0.00246108
0.00245826
0.00245616
0.00245497
0.0027265
0.00271873
0.00271075
0.0027026
0.00269429
0.00268585
0.00267731
0.00266869
0.00266003
0.00265134
0.00264266
0.00263402
0.00262543
0.00261693
0.00260854
0.00260027
0.00259215
0.00258419
0.0025764
0.00256881
0.00256141
0.00255422
0.00254725
0.0025405
0.00253398
0.00252769
0.00252163
0.00251581
0.00251023
0.0025049
0.00249982
0.00249501
0.00249049
0.00248627
0.00248241
0.00247893
0.00247592
0.00247344
0.00247162
0.0024706
0.0027235
0.00271591
0.00270822
0.00270042
0.00269253
0.00268457
0.00267655
0.00266851
0.00266045
0.0026524
0.00264439
0.00263644
0.00262856
0.00262078
0.00261312
0.00260559
0.00259821
0.002591
0.00258397
0.00257713
0.00257048
0.00256405
0.00255782
0.00255182
0.00254603
0.00254047
0.00253514
0.00253004
0.00252517
0.00252053
0.00251613
0.00251198
0.0025081
0.0025045
0.00250121
0.00249827
0.00249573
0.00249365
0.00249214
0.00249129
0.00272675
0.00271918
0.0027116
0.002704
0.00269641
0.00268881
0.00268123
0.00267367
0.00266616
0.00265871
0.00265134
0.00264406
0.00263689
0.00262985
0.00262294
0.0026162
0.00260962
0.00260322
0.00259702
0.00259101
0.00258521
0.00257962
0.00257425
0.0025691
0.00256417
0.00255946
0.00255498
0.00255071
0.00254666
0.00254283
0.00253923
0.00253585
0.0025327
0.0025298
0.00252717
0.00252483
0.00252282
0.00252119
0.00252
0.00251935
0.00273941
0.00273165
0.00272401
0.00271646
0.00270901
0.00270166
0.00269441
0.00268727
0.00268024
0.00267333
0.00266656
0.00265994
0.00265347
0.00264718
0.00264106
0.00263514
0.00262941
0.00262389
0.00261859
0.0026135
0.00260864
0.002604
0.00259959
0.00259541
0.00259144
0.0025877
0.00258418
0.00258086
0.00257775
0.00257484
0.00257213
0.00256962
0.0025673
0.00256519
0.00256328
0.0025616
0.00256016
0.00255901
0.00255818
0.00255772
0.00276542
0.00275729
0.00274941
0.00274176
0.00273432
0.00272709
0.00272006
0.00271324
0.00270662
0.0027002
0.002694
0.00268802
0.00268225
0.00267671
0.00267141
0.00266634
0.00266152
0.00265694
0.0026526
0.00264852
0.00264468
0.00264108
0.00263772
0.0026346
0.00263171
0.00262904
0.00262658
0.00262431
0.00262224
0.00262035
0.00261862
0.00261705
0.00261564
0.00261437
0.00261324
0.00261227
0.00261145
0.00261079
0.00261033
0.00261008
0.00280957
0.00280091
0.00279263
0.00278473
0.00277717
0.00276995
0.00276305
0.00275647
0.00275019
0.00274421
0.00273854
0.00273316
0.00272809
0.00272331
0.00271883
0.00271465
0.00271076
0.00270717
0.00270386
0.00270083
0.00269808
0.0026956
0.00269337
0.00269139
0.00268965
0.00268812
0.0026868
0.00268566
0.00268469
0.00268388
0.0026832
0.00268263
0.00268216
0.00268178
0.00268147
0.00268122
0.00268102
0.00268088
0.00268079
0.00268074
0.00287735
0.00286802
0.00285924
0.00285098
0.00284321
0.00283591
0.00282906
0.00282264
0.00281664
0.00281106
0.00280588
0.00280109
0.00279669
0.00279266
0.00278901
0.00278572
0.00278278
0.00278019
0.00277793
0.002776
0.00277437
0.00277304
0.00277198
0.00277118
0.00277062
0.00277028
0.00277013
0.00277016
0.00277032
0.00277061
0.00277099
0.00277144
0.00277193
0.00277244
0.00277294
0.00277341
0.00277382
0.00277417
0.00277444
0.0027746
3.74793e-13
1.27934e-12
2.37122e-12
3.67977e-12
5.23643e-12
7.07499e-12
9.23145e-12
1.17439e-11
1.46524e-11
1.79985e-11
2.18251e-11
2.61761e-11
3.10955e-11
3.66271e-11
4.2814e-11
4.96974e-11
5.73163e-11
6.57062e-11
7.48985e-11
8.49198e-11
9.57905e-11
1.07524e-10
1.20128e-10
1.33598e-10
1.47926e-10
1.6309e-10
1.79063e-10
1.95805e-10
2.13268e-10
2.31395e-10
2.50122e-10
2.69375e-10
2.89075e-10
3.09134e-10
3.29464e-10
3.4997e-10
3.70554e-10
3.91119e-10
4.11564e-10
4.31786e-10
3.49413e-13
1.1925e-12
2.20955e-12
3.4273e-12
4.87441e-12
6.58158e-12
8.58152e-12
1.09088e-11
1.35997e-11
1.66919e-11
2.02243e-11
2.42366e-11
2.87686e-11
3.38602e-11
3.95504e-11
4.58767e-11
5.28748e-11
6.05773e-11
6.90133e-11
7.82075e-11
8.81796e-11
9.89432e-11
1.10506e-10
1.22867e-10
1.36019e-10
1.49947e-10
1.64627e-10
1.80025e-10
1.96102e-10
2.12809e-10
2.30089e-10
2.47879e-10
2.66108e-10
2.84702e-10
3.03579e-10
3.22655e-10
3.41844e-10
3.61056e-10
3.802e-10
3.99184e-10
3.24443e-13
1.10706e-12
2.05046e-12
3.17885e-12
4.51812e-12
6.09597e-12
7.94186e-12
1.00869e-11
1.25637e-11
1.54062e-11
1.86492e-11
2.23283e-11
2.64795e-11
3.11385e-11
3.63403e-11
4.2119e-11
4.85067e-11
5.5533e-11
6.32248e-11
7.16048e-11
8.06915e-11
9.04986e-11
1.01034e-10
1.12298e-10
1.24288e-10
1.3699e-10
1.50385e-10
1.64447e-10
1.79141e-10
1.94427e-10
2.10256e-10
2.26573e-10
2.43317e-10
2.60424e-10
2.77822e-10
2.95437e-10
3.13192e-10
3.31008e-10
3.48803e-10
3.66493e-10
3.00082e-13
1.02369e-12
1.89521e-12
2.93638e-12
4.17037e-12
5.62196e-12
7.31746e-12
9.28459e-12
1.15524e-11
1.4151e-11
1.71115e-11
2.04656e-11
2.4245e-11
2.84817e-11
3.32069e-11
3.8451e-11
4.42427e-11
5.06087e-11
5.75733e-11
6.51574e-11
7.33782e-11
8.22487e-11
9.17771e-11
1.01966e-10
1.12813e-10
1.24308e-10
1.36438e-10
1.49179e-10
1.62505e-10
1.7638e-10
1.90765e-10
2.05612e-10
2.2087e-10
2.36483e-10
2.52389e-10
2.68525e-10
2.84821e-10
3.0121e-10
3.17618e-10
3.33973e-10
2.76561e-13
9.43195e-13
1.74529e-12
2.70219e-12
3.83445e-12
5.164e-12
6.7141e-12
8.50921e-12
1.05749e-11
1.29378e-11
1.56251e-11
1.86648e-11
2.20847e-11
2.59131e-11
3.01773e-11
3.49042e-11
4.01193e-11
4.58463e-11
5.21069e-11
5.89199e-11
6.63014e-11
7.42633e-11
8.2814e-11
9.19572e-11
1.01692e-10
1.12011e-10
1.22904e-10
1.34354e-10
1.46337e-10
1.58826e-10
1.71788e-10
1.85183e-10
1.98968e-10
2.13095e-10
2.27513e-10
2.42166e-10
2.56996e-10
2.71943e-10
2.86945e-10
3.01937e-10
2.54148e-13
8.66483e-13
1.6024e-12
2.47892e-12
3.51412e-12
4.7272e-12
6.13847e-12
7.76929e-12
9.64196e-12
1.17796e-11
1.42058e-11
1.6945e-11
2.00213e-11
2.34592e-11
2.72827e-11
3.15149e-11
3.61783e-11
4.12937e-11
4.68802e-11
5.29546e-11
5.95313e-11
6.66216e-11
7.42335e-11
8.23712e-11
9.1035e-11
1.00221e-10
1.0992e-10
1.2012e-10
1.30803e-10
1.41946e-10
1.53522e-10
1.65499e-10
1.77842e-10
1.90511e-10
2.03462e-10
2.1665e-10
2.30025e-10
2.43536e-10
2.5713e-10
2.70753e-10
2.33158e-13
7.94627e-13
1.46852e-12
2.26968e-12
3.21379e-12
4.31748e-12
5.59831e-12
7.07468e-12
8.76577e-12
1.06914e-11
1.28719e-11
1.53281e-11
1.80807e-11
2.11508e-11
2.45587e-11
2.83247e-11
3.24677e-11
3.7006e-11
4.1956e-11
4.73326e-11
5.31486e-11
5.94143e-11
6.61371e-11
7.33217e-11
8.09693e-11
8.90778e-11
9.76412e-11
1.0665e-10
1.1609e-10
1.25944e-10
1.3619e-10
1.46804e-10
1.57757e-10
1.69016e-10
1.80545e-10
1.92308e-10
2.04263e-10
2.16368e-10
2.28578e-10
2.4085e-10
2.13953e-13
7.28871e-13
1.34596e-12
2.07802e-12
2.93855e-12
3.94177e-12
5.10265e-12
6.43686e-12
7.96066e-12
9.69086e-12
1.16447e-11
1.38396e-11
1.62933e-11
1.90233e-11
2.20471e-11
2.53815e-11
2.90429e-11
3.30465e-11
3.74067e-11
4.21362e-11
4.72461e-11
5.27456e-11
5.86418e-11
6.49392e-11
7.16398e-11
7.87429e-11
8.62446e-11
9.41379e-11
1.02413e-10
1.11056e-10
1.20052e-10
1.2938e-10
1.39018e-10
1.4894e-10
1.59118e-10
1.69523e-10
1.8012e-10
1.90877e-10
2.01757e-10
2.12724e-10
1.96961e-13
6.70675e-13
1.23742e-12
1.90817e-12
2.69439e-12
3.60813e-12
4.66202e-12
5.86922e-12
7.24337e-12
8.79849e-12
1.05489e-11
1.25093e-11
1.46942e-11
1.71184e-11
1.97961e-11
2.27417e-11
2.59685e-11
2.94895e-11
3.33167e-11
3.74609e-11
4.19317e-11
4.67371e-11
5.18835e-11
5.73754e-11
6.32152e-11
6.94031e-11
7.59371e-11
8.28125e-11
9.00225e-11
9.75573e-11
1.05405e-10
1.13551e-10
1.21977e-10
1.30666e-10
1.39594e-10
1.48739e-10
1.58074e-10
1.67574e-10
1.7721e-10
1.86955e-10
1.82685e-13
6.21752e-13
1.14609e-12
1.76506e-12
2.48834e-12
3.32608e-12
4.28884e-12
5.38758e-12
6.63358e-12
8.03846e-12
9.61403e-12
1.13723e-11
1.33252e-11
1.54848e-11
1.7863e-11
2.04712e-11
2.33208e-11
2.64222e-11
2.97853e-11
3.34194e-11
3.73325e-11
4.15314e-11
4.6022e-11
5.08084e-11
5.58933e-11
6.12777e-11
6.69608e-11
7.294e-11
7.92108e-11
8.57665e-11
9.25987e-11
9.96969e-11
1.07049e-10
1.1464e-10
1.22455e-10
1.30475e-10
1.38683e-10
1.47057e-10
1.55577e-10
1.64222e-10
1.71719e-13
5.84136e-13
1.07574e-12
1.65454e-12
2.32875e-12
3.10691e-12
3.99785e-12
5.01067e-12
6.15471e-12
7.43951e-12
8.87475e-12
1.04702e-11
1.22357e-11
1.4181e-11
1.63156e-11
1.86491e-11
2.11904e-11
2.39483e-11
2.6931e-11
3.01459e-11
3.35998e-11
3.72987e-11
4.12476e-11
4.54504e-11
4.99098e-11
5.46275e-11
5.96037e-11
6.48371e-11
7.03252e-11
7.6064e-11
8.20478e-11
8.82698e-11
9.47213e-11
1.01392e-10
1.08272e-10
1.15348e-10
1.22606e-10
1.30032e-10
1.37611e-10
1.4533e-10
1.64772e-13
5.60246e-13
1.03086e-12
1.5836e-12
2.22557e-12
2.96408e-12
3.80664e-12
4.76092e-12
5.83475e-12
7.03605e-12
8.37285e-12
9.85321e-12
1.14852e-11
1.32767e-11
1.52358e-11
1.737e-11
1.96868e-11
2.21933e-11
2.48964e-11
2.78021e-11
3.09164e-11
3.42442e-11
3.779e-11
4.15574e-11
4.55493e-11
4.97675e-11
5.4213e-11
5.88858e-11
6.37847e-11
6.89077e-11
7.42514e-11
7.98115e-11
8.55826e-11
9.15583e-11
9.7731e-11
1.04092e-10
1.10634e-10
1.17344e-10
1.24216e-10
1.31238e-10
1.62694e-13
5.52987e-13
1.01684e-12
1.56062e-12
2.19076e-12
2.9138e-12
3.73641e-12
4.66535e-12
5.70746e-12
6.86964e-12
8.1588e-12
9.58186e-12
1.11457e-11
1.28571e-11
1.47229e-11
1.67494e-11
1.89431e-11
2.13099e-11
2.38558e-11
2.6586e-11
2.95055e-11
3.26189e-11
3.59303e-11
3.94429e-11
4.31598e-11
4.70829e-11
5.12139e-11
5.55534e-11
6.01013e-11
6.4857e-11
6.98187e-11
7.4984e-11
8.03497e-11
8.59118e-11
9.16656e-11
9.76056e-11
1.03726e-10
1.1002e-10
1.16482e-10
1.23108e-10
1.66508e-13
5.65856e-13
1.04017e-12
1.59571e-12
2.23875e-12
2.97564e-12
3.8128e-12
4.7567e-12
5.81387e-12
6.99082e-12
8.29407e-12
9.73011e-12
1.13054e-11
1.30261e-11
1.48986e-11
1.69289e-11
1.91229e-11
2.1486e-11
2.40238e-11
2.67412e-11
2.9643e-11
3.27333e-11
3.60161e-11
3.94949e-11
4.31724e-11
4.70511e-11
5.11327e-11
5.54185e-11
5.9909e-11
6.46042e-11
6.95033e-11
7.4605e-11
7.99072e-11
8.54075e-11
9.11025e-11
9.69883e-11
1.03061e-10
1.09315e-10
1.15748e-10
1.22357e-10
1.77453e-13
6.03085e-13
1.10873e-12
1.70114e-12
2.38708e-12
3.17339e-12
4.067e-12
5.07487e-12
6.20399e-12
7.46136e-12
8.85394e-12
1.03886e-11
1.20723e-11
1.39117e-11
1.59133e-11
1.80836e-11
2.04287e-11
2.29547e-11
2.5667e-11
2.85711e-11
3.16719e-11
3.49738e-11
3.84811e-11
4.21972e-11
4.61254e-11
5.0268e-11
5.46272e-11
5.92041e-11
6.39996e-11
6.90136e-11
7.42455e-11
7.96939e-11
8.53571e-11
9.12327e-11
9.7317e-11
1.03606e-10
1.10096e-10
1.16783e-10
1.23661e-10
1.30729e-10
4.59141e-10
4.92729e-10
5.24586e-10
5.54317e-10
5.816e-10
6.06183e-10
6.27881e-10
6.46576e-10
6.62205e-10
6.74761e-10
6.84277e-10
6.90825e-10
6.94511e-10
6.95463e-10
6.93835e-10
6.89799e-10
6.83545e-10
6.75276e-10
6.65216e-10
6.53602e-10
6.40688e-10
6.26744e-10
6.12053e-10
5.96909e-10
5.81616e-10
5.66481e-10
5.51818e-10
5.37954e-10
5.25272e-10
5.14338e-10
5.06211e-10
5.03167e-10
5.10171e-10
5.37567e-10
6.0537e-10
7.49094e-10
1.02597e-09
1.51891e-09
2.33432e-09
3.59019e-09
5.3936e-09
7.81155e-09
1.08442e-08
1.44109e-08
1.83565e-08
2.24772e-08
2.65577e-08
3.0412e-08
3.39091e-08
3.69838e-08
3.96343e-08
4.19097e-08
4.38925e-08
4.56829e-08
4.73844e-08
4.90946e-08
5.08985e-08
5.28661e-08
5.50504e-08
5.7487e-08
6.01951e-08
6.31779e-08
6.64234e-08
6.99058e-08
7.35863e-08
7.74154e-08
8.13347e-08
8.52801e-08
8.91842e-08
9.298e-08
9.66035e-08
9.99971e-08
1.03112e-07
1.05909e-07
1.08363e-07
1.10459e-07
1.12199e-07
1.13594e-07
1.14672e-07
1.15466e-07
1.16027e-07
1.16415e-07
1.16698e-07
1.16961e-07
1.17312e-07
1.1792e-07
1.19078e-07
1.21348e-07
1.25823e-07
1.34571e-07
1.51303e-07
1.8221e-07
2.36812e-07
3.28398e-07
4.73528e-07
6.90086e-07
9.93734e-07
1.39334e-06
1.88672e-06
2.45824e-06
3.07971e-06
3.71461e-06
4.32439e-06
4.87564e-06
5.34518e-06
5.72227e-06
6.00811e-06
6.21344e-06
6.35512e-06
6.45298e-06
6.5269e-06
6.595e-06
6.67254e-06
6.7716e-06
6.90111e-06
7.06706e-06
7.27289e-06
7.51982e-06
7.80716e-06
8.13255e-06
8.49218e-06
8.88094e-06
9.29269e-06
9.72053e-06
1.01571e-05
1.05949e-05
1.10266e-05
1.14455e-05
1.18458e-05
1.22227e-05
1.25728e-05
1.28945e-05
1.31876e-05
1.34538e-05
1.36963e-05
1.39201e-05
1.41312e-05
1.43378e-05
1.45491e-05
1.47755e-05
1.50292e-05
1.53255e-05
1.56872e-05
1.61533e-05
1.67981e-05
1.77655e-05
1.93279e-05
2.19723e-05
2.65083e-05
3.41704e-05
4.6659e-05
6.6046e-05
9.44773e-05
0.000133662
0.000184238
0.000245213
0.000313713
0.000385206
0.00045421
0.000515273
0.000563996
0.00059773
0.000615779
0.000619202
0.000610344
0.000592237
0.000568104
0.000540918
0.000513159
0.000486712
0.000462877
0.00044245
0.000425819
0.000413076
0.00040412
0.000398729
0.000396618
0.000397475
0.000400992
0.000406879
0.000414878
0.000424777
0.000436416
0.000449702
0.000464617
0.000481233
0.000499723
0.000520371
0.000543588
0.00056992
0.000600054
0.000634821
0.000675182
0.000722222
0.000777226
0.000841556
0.000916642
0.00100396
0.00110497
0.00122109
0.00135368
0.00150392
0.00167289
0.00186151
0.00207055
0.0023005
0.00255123
0.00282127
0.00310683
0.00340066
0.00369142
0.00396417
0.00420232
0.00439064
0.00451895
0.00458416
0.00459027
0.00454667
0.00446558
0.00435955
0.00423964
0.00411456
0.00399055
0.00387165
0.00376025
0.00365755
0.00356398
0.00347944
0.00340355
0.00333575
0.0032754
0.0032218
0.00317422
0.00313206
0.0030947
0.00306158
0.0030322
0.00300611
0.00298292
0.0029623
4.24935e-10
4.56691e-10
4.86964e-10
5.15377e-10
5.41615e-10
5.65423e-10
5.86608e-10
6.0504e-10
6.2064e-10
6.33384e-10
6.4329e-10
6.50414e-10
6.54847e-10
6.56707e-10
6.56136e-10
6.533e-10
6.48381e-10
6.41578e-10
6.33107e-10
6.23201e-10
6.12104e-10
6.00077e-10
5.87388e-10
5.74317e-10
5.61146e-10
5.48161e-10
5.35648e-10
5.23906e-10
5.13287e-10
5.04313e-10
4.97989e-10
4.96499e-10
5.04646e-10
5.32477e-10
5.99497e-10
7.40416e-10
1.01135e-09
1.49394e-09
2.2935e-09
3.52777e-09
5.30506e-09
7.69568e-09
1.0705e-08
1.42589e-08
1.82083e-08
2.23538e-08
2.64815e-08
3.04028e-08
3.39811e-08
3.71441e-08
3.98819e-08
4.22357e-08
4.42816e-08
4.61142e-08
4.78335e-08
4.95343e-08
5.13003e-08
5.32007e-08
5.52886e-08
5.76002e-08
6.01559e-08
6.29608e-08
6.60057e-08
6.92684e-08
7.27146e-08
7.63001e-08
7.99728e-08
8.3675e-08
8.73463e-08
9.09263e-08
9.43576e-08
9.75883e-08
1.00574e-07
1.03281e-07
1.05685e-07
1.07775e-07
1.09551e-07
1.11025e-07
1.12222e-07
1.13176e-07
1.13931e-07
1.14541e-07
1.15071e-07
1.15597e-07
1.16222e-07
1.17105e-07
1.1853e-07
1.21047e-07
1.25733e-07
1.34632e-07
1.51412e-07
1.82205e-07
2.3645e-07
3.27362e-07
4.71473e-07
6.86764e-07
9.89205e-07
1.38825e-06
1.88255e-06
2.45748e-06
3.08577e-06
3.7315e-06
4.3562e-06
4.9258e-06
5.41598e-06
5.81448e-06
6.12089e-06
6.34451e-06
6.50106e-06
6.60956e-06
6.68948e-06
6.75885e-06
6.83309e-06
6.92455e-06
7.04253e-06
7.19342e-06
7.38102e-06
7.60694e-06
7.87087e-06
8.1709e-06
8.50366e-06
8.86463e-06
9.24827e-06
9.64839e-06
1.00584e-05
1.04714e-05
1.08811e-05
1.12813e-05
1.16669e-05
1.20337e-05
1.23787e-05
1.27007e-05
1.29996e-05
1.3277e-05
1.35363e-05
1.37819e-05
1.40197e-05
1.4257e-05
1.45023e-05
1.4765e-05
1.50563e-05
1.53904e-05
1.57887e-05
1.6289e-05
1.6964e-05
1.79559e-05
1.95347e-05
2.21847e-05
2.67123e-05
3.43505e-05
4.68052e-05
6.61686e-05
9.46333e-05
0.000133992
0.00018501
0.000246852
0.000316807
0.000390469
0.000462402
0.000527097
0.000579966
0.000618092
0.000640468
0.000647858
0.00064236
0.000626854
0.000604485
0.000578236
0.000550665
0.000523774
0.000499003
0.000477291
0.000459154
0.000444798
0.000434213
0.00042725
0.000423677
0.000423229
0.000425629
0.000430618
0.000437967
0.000447489
0.00045905
0.000472585
0.000488103
0.0005057
0.000525571
0.000548019
0.000573466
0.000602457
0.000635669
0.000673905
0.000718089
0.000769253
0.000828571
0.000897287
0.000976696
0.0010681
0.0011728
0.00129199
0.00142683
0.00157832
0.00174735
0.00193472
0.00214114
0.00236712
0.00261269
0.00287668
0.00315574
0.00344319
0.00372835
0.00399687
0.00423262
0.00442059
0.00455051
0.00461897
0.0046295
0.00459095
0.00451506
0.00441398
0.00429849
0.00417714
0.00405605
0.00393927
0.00382921
0.00372714
0.00363356
0.0035485
0.00347165
0.00340258
0.00334072
0.00328548
0.00323622
0.00319238
0.00315341
0.00311879
0.00308805
0.00306078
0.0030366
0.00301517
3.90557e-10
4.20364e-10
4.48929e-10
4.75897e-10
5.00963e-10
5.23875e-10
5.44439e-10
5.62514e-10
5.7801e-10
5.90887e-10
6.0115e-10
6.0884e-10
6.14033e-10
6.16835e-10
6.17377e-10
6.15813e-10
6.12317e-10
6.0708e-10
6.0031e-10
5.92227e-10
5.83067e-10
5.73074e-10
5.62502e-10
5.51612e-10
5.40663e-10
5.29917e-10
5.19632e-10
5.10078e-10
5.01572e-10
4.94598e-10
4.90104e-10
4.90189e-10
4.99499e-10
5.27795e-10
5.94091e-10
7.32321e-10
9.97532e-10
1.47011e-09
2.25436e-09
3.46777e-09
5.21993e-09
7.5844e-09
1.05718e-08
1.41145e-08
1.80696e-08
2.22423e-08
2.64203e-08
3.04124e-08
3.40769e-08
3.73339e-08
4.01654e-08
4.26045e-08
4.47202e-08
4.66018e-08
4.83448e-08
5.00414e-08
5.17738e-08
5.36107e-08
5.5605e-08
5.77938e-08
6.0199e-08
6.28278e-08
6.56741e-08
6.87191e-08
7.19335e-08
7.52785e-08
7.87079e-08
8.21707e-08
8.56134e-08
8.89823e-08
9.22263e-08
9.52993e-08
9.81622e-08
1.00784e-07
1.03145e-07
1.05235e-07
1.07054e-07
1.08615e-07
1.09939e-07
1.11058e-07
1.12012e-07
1.1285e-07
1.1363e-07
1.14421e-07
1.15319e-07
1.16475e-07
1.18163e-07
1.20922e-07
1.25814e-07
1.34858e-07
1.51684e-07
1.82367e-07
2.36274e-07
3.26552e-07
4.69718e-07
6.83862e-07
9.85277e-07
1.38402e-06
1.87961e-06
2.45844e-06
3.0942e-06
3.75161e-06
4.39236e-06
4.98175e-06
5.49431e-06
5.91625e-06
6.24553e-06
6.48987e-06
6.66375e-06
6.78528e-06
6.87343e-06
6.94605e-06
7.01866e-06
7.10388e-06
7.21139e-06
7.34798e-06
7.5179e-06
7.72318e-06
7.96399e-06
8.23889e-06
8.54506e-06
8.87854e-06
9.23449e-06
9.60739e-06
9.99138e-06
1.03805e-05
1.07689e-05
1.11514e-05
1.15234e-05
1.18812e-05
1.22225e-05
1.25461e-05
1.28521e-05
1.31423e-05
1.34196e-05
1.36884e-05
1.39539e-05
1.42229e-05
1.45028e-05
1.48021e-05
1.5131e-05
1.55023e-05
1.59363e-05
1.64694e-05
1.71729e-05
1.81874e-05
1.97809e-05
2.24351e-05
2.69541e-05
3.45707e-05
4.69973e-05
6.63486e-05
9.48667e-05
0.000134432
0.000185942
0.000248725
0.000320242
0.000396224
0.000471296
0.000539903
0.000597279
0.000640239
0.00066746
0.000679392
0.000677868
0.00066558
0.000645575
0.000620823
0.000593936
0.000567024
0.000541664
0.000518937
0.000499497
0.000483673
0.00047156
0.000463095
0.000458116
0.000456411
0.000457751
0.000461913
0.000468702
0.000477961
0.000489589
0.000503545
0.000519866
0.000538671
0.000560173
0.000584688
0.000612642
0.000644571
0.00068113
0.000723086
0.000771305
0.000826749
0.000890475
0.0009636
0.00104726
0.0011426
0.00125071
0.00137262
0.00150924
0.00166143
0.00182989
0.00201532
0.00221838
0.00243964
0.00267929
0.00293649
0.00320837
0.00348883
0.00376788
0.00403178
0.00426489
0.00445242
0.00458402
0.00465596
0.00467124
0.00463819
0.00456802
0.00447247
0.00436203
0.00424502
0.0041275
0.00401345
0.00390533
0.00380445
0.00371139
0.00362627
0.0035489
0.00347892
0.00341588
0.00335927
0.00330855
0.00326322
0.00322279
0.00318679
0.00315479
0.0031264
0.00310127
0.00307909
3.56283e-10
3.84044e-10
4.10795e-10
4.36204e-10
4.59984e-10
4.81891e-10
5.01731e-10
5.19358e-10
5.34676e-10
5.47632e-10
5.58217e-10
5.66459e-10
5.72421e-10
5.76194e-10
5.77898e-10
5.77673e-10
5.75682e-10
5.72105e-10
5.67137e-10
5.60985e-10
5.53869e-10
5.46018e-10
5.37667e-10
5.29052e-10
5.20411e-10
5.11979e-10
5.03984e-10
4.96666e-10
4.90309e-10
4.85357e-10
4.82706e-10
4.84372e-10
4.94851e-10
5.23633e-10
5.89262e-10
7.2493e-10
9.8466e-10
1.44766e-09
2.21726e-09
3.41076e-09
5.13905e-09
7.47897e-09
1.04464e-08
1.398e-08
1.79435e-08
2.21465e-08
2.63788e-08
3.04467e-08
3.42033e-08
3.75613e-08
4.04942e-08
4.3027e-08
4.52213e-08
4.71603e-08
4.89352e-08
5.06352e-08
5.23408e-08
5.412e-08
5.60259e-08
5.80966e-08
6.03555e-08
6.28123e-08
6.54639e-08
6.82958e-08
7.12831e-08
7.43926e-08
7.75844e-08
8.0814e-08
8.40346e-08
8.71991e-08
9.0263e-08
9.31857e-08
9.5933e-08
9.84784e-08
1.00804e-07
1.02901e-07
1.04771e-07
1.06425e-07
1.07883e-07
1.09173e-07
1.1033e-07
1.11398e-07
1.12429e-07
1.13484e-07
1.14651e-07
1.16074e-07
1.18017e-07
1.21009e-07
1.26097e-07
1.35278e-07
1.52145e-07
1.82723e-07
2.36315e-07
3.26009e-07
4.68321e-07
6.81464e-07
9.82074e-07
1.38083e-06
1.87813e-06
2.46143e-06
3.10543e-06
3.77552e-06
4.43358e-06
5.04437e-06
5.58128e-06
6.02898e-06
6.38372e-06
6.6516e-06
6.84573e-06
6.98321e-06
7.08238e-06
7.16083e-06
7.2341e-06
7.31505e-06
7.41374e-06
7.53739e-06
7.69071e-06
7.87627e-06
8.09473e-06
8.3452e-06
8.62546e-06
8.93219e-06
9.26122e-06
9.60778e-06
9.96677e-06
1.0333e-05
1.07014e-05
1.10675e-05
1.14272e-05
1.17775e-05
1.21165e-05
1.24431e-05
1.27578e-05
1.30621e-05
1.33588e-05
1.36517e-05
1.39458e-05
1.42469e-05
1.45615e-05
1.48972e-05
1.52628e-05
1.56701e-05
1.61381e-05
1.6702e-05
1.74316e-05
1.84662e-05
2.00721e-05
2.27289e-05
2.72391e-05
3.48364e-05
4.72419e-05
6.6595e-05
9.51903e-05
0.000135001
0.000187059
0.000250867
0.000324066
0.000402539
0.000480981
0.000553803
0.000616082
0.000664363
0.000697004
0.000714125
0.000717274
0.00070893
0.000692009
0.000669441
0.000643871
0.000617503
0.000592037
0.000568697
0.000548281
0.00053125
0.000517815
0.000508014
0.000501767
0.000498931
0.000499333
0.000502798
0.00050917
0.000518332
0.000530213
0.000544801
0.000562159
0.000582425
0.000605827
0.000632686
0.000663421
0.000698552
0.000738698
0.000784574
0.000836978
0.000896781
0.000964917
0.00104236
0.00113009
0.00122907
0.00134019
0.0014643
0.00160211
0.0017543
0.00192143
0.00210411
0.00230295
0.00251862
0.0027515
0.00300109
0.00326501
0.00353783
0.00381019
0.00406906
0.00429927
0.00448627
0.00461962
0.00469525
0.00471565
0.00468858
0.0046247
0.00453533
0.0044306
0.00431865
0.0042054
0.0040948
0.0039893
0.00389028
0.00379837
0.00371378
0.00363641
0.00356602
0.00350223
0.00344463
0.00339277
0.00334623
0.00330457
0.00326739
0.00323428
0.00320491
0.00317895
0.00315608
3.2245e-10
3.48094e-10
3.72946e-10
3.96704e-10
4.19101e-10
4.39907e-10
4.58931e-10
4.7603e-10
4.911e-10
5.04082e-10
5.14955e-10
5.23735e-10
5.3047e-10
5.3524e-10
5.38147e-10
5.3932e-10
5.38907e-10
5.37071e-10
5.33994e-10
5.29866e-10
5.24889e-10
5.19271e-10
5.13225e-10
5.06963e-10
5.00697e-10
4.94632e-10
4.88968e-10
4.83914e-10
4.79718e-10
4.7679e-10
4.75974e-10
4.79208e-10
4.90845e-10
5.20123e-10
5.85137e-10
7.18384e-10
9.72917e-10
1.42684e-09
2.1826e-09
3.35738e-09
5.06342e-09
7.38085e-09
1.03308e-08
1.38584e-08
1.78337e-08
2.20712e-08
2.63627e-08
3.05125e-08
3.43683e-08
3.78358e-08
4.08797e-08
4.35166e-08
4.58003e-08
4.78078e-08
4.96255e-08
5.13393e-08
5.30279e-08
5.47585e-08
5.65844e-08
5.85447e-08
6.06648e-08
6.29568e-08
6.54212e-08
6.80473e-08
7.08154e-08
7.36977e-08
7.66605e-08
7.96659e-08
8.26736e-08
8.56433e-08
8.85365e-08
9.13184e-08
9.39596e-08
9.64372e-08
9.87359e-08
1.00849e-07
1.02777e-07
1.04531e-07
1.06127e-07
1.07591e-07
1.08953e-07
1.1025e-07
1.11528e-07
1.12842e-07
1.14271e-07
1.1595e-07
1.18137e-07
1.21348e-07
1.26619e-07
1.35924e-07
1.52827e-07
1.83306e-07
2.36608e-07
3.25778e-07
4.67343e-07
6.79664e-07
9.79737e-07
1.37888e-06
1.87841e-06
2.46687e-06
3.11999e-06
3.8039e-06
4.48069e-06
5.11471e-06
5.67817e-06
6.15424e-06
6.53742e-06
6.8321e-06
7.04993e-06
7.20687e-06
7.32053e-06
7.40811e-06
7.4851e-06
7.56456e-06
7.65688e-06
7.76972e-06
7.90832e-06
8.07577e-06
8.27335e-06
8.50074e-06
8.75638e-06
9.03764e-06
9.34107e-06
9.66267e-06
9.99809e-06
1.03429e-05
1.06929e-05
1.10441e-05
1.13932e-05
1.17377e-05
1.20759e-05
1.24072e-05
1.27319e-05
1.30515e-05
1.33686e-05
1.36864e-05
1.40094e-05
1.43424e-05
1.46913e-05
1.50622e-05
1.5463e-05
1.59043e-05
1.64038e-05
1.69955e-05
1.7748e-05
1.87995e-05
2.04147e-05
2.3072e-05
2.75731e-05
3.51541e-05
4.75467e-05
6.6918e-05
9.56189e-05
0.000135719
0.000188393
0.000253322
0.00032834
0.00040949
0.000491557
0.000568931
0.000636545
0.000690681
0.000729377
0.000752415
0.000761035
0.000757476
0.000744494
0.000724949
0.000701495
0.000676403
0.00065149
0.000628114
0.000607214
0.000589392
0.000574988
0.000564149
0.000556893
0.000553159
0.00055284
0.000555822
0.000561997
0.000571289
0.000583662
0.000599136
0.000617796
0.000639798
0.000665375
0.000694846
0.000728615
0.000767171
0.000811086
0.000861008
0.000917651
0.000981779
0.0010542
0.00113573
0.00122718
0.00132934
0.00144291
0.00156854
0.00170677
0.00185811
0.00202299
0.00220195
0.0023956
0.00260468
0.00282982
0.00307088
0.00332601
0.00359042
0.0038555
0.00410888
0.0043359
0.00452226
0.00465744
0.004737
0.00476291
0.00474232
0.00468536
0.00460284
0.00450458
0.00439847
0.00429029
0.00418395
0.00408188
0.00398548
0.00389548
0.00381212
0.00373543
0.00366523
0.00360125
0.00354317
0.00349063
0.00344326
0.00340072
0.00336263
0.00332867
0.00329853
0.00327189
0.00324849
2.8945e-10
3.1294e-10
3.35841e-10
3.57885e-10
3.78829e-10
3.98458e-10
4.16594e-10
4.33097e-10
4.47862e-10
4.60824e-10
4.71954e-10
4.81256e-10
4.88767e-10
4.94551e-10
4.98696e-10
5.01314e-10
5.02537e-10
5.02511e-10
5.01397e-10
4.99368e-10
4.96603e-10
4.93286e-10
4.89606e-10
4.85749e-10
4.81897e-10
4.78226e-10
4.74906e-10
4.72114e-10
4.70068e-10
4.69138e-10
4.70124e-10
4.74887e-10
4.87654e-10
5.17419e-10
5.81868e-10
7.12843e-10
9.62505e-10
1.40795e-09
2.15083e-09
3.30834e-09
4.99413e-09
7.29166e-09
1.02273e-08
1.37527e-08
1.77444e-08
2.20217e-08
2.63784e-08
3.06176e-08
3.45817e-08
3.81688e-08
4.13354e-08
4.40891e-08
4.64759e-08
4.8566e-08
5.04408e-08
5.21825e-08
5.38678e-08
5.5563e-08
5.73215e-08
5.91836e-08
6.11765e-08
6.33153e-08
6.56039e-08
6.80359e-08
7.05965e-08
7.32637e-08
7.60098e-08
7.88034e-08
8.16107e-08
8.4398e-08
8.71329e-08
8.97859e-08
9.23321e-08
9.47523e-08
9.70336e-08
9.91703e-08
1.01163e-07
1.03022e-07
1.04759e-07
1.06397e-07
1.07962e-07
1.09484e-07
1.11003e-07
1.12564e-07
1.14242e-07
1.16162e-07
1.18574e-07
1.21987e-07
1.27421e-07
1.36835e-07
1.53766e-07
1.84151e-07
2.37194e-07
3.25909e-07
4.66859e-07
6.78571e-07
9.78427e-07
1.37841e-06
1.88079e-06
2.47521e-06
3.13848e-06
3.83752e-06
4.53469e-06
5.19396e-06
5.78647e-06
6.29385e-06
6.70884e-06
7.03409e-06
7.27966e-06
7.46028e-06
7.59267e-06
7.69357e-06
7.77828e-06
7.86e-06
7.9494e-06
8.05457e-06
8.18129e-06
8.33324e-06
8.51231e-06
8.71885e-06
8.95199e-06
9.20983e-06
9.48968e-06
9.78832e-06
1.01022e-05
1.04277e-05
1.07612e-05
1.10995e-05
1.144e-05
1.17805e-05
1.21196e-05
1.2457e-05
1.2793e-05
1.31289e-05
1.34668e-05
1.38098e-05
1.41613e-05
1.45254e-05
1.4907e-05
1.53113e-05
1.57448e-05
1.62169e-05
1.67443e-05
1.73598e-05
1.81311e-05
1.91952e-05
2.0816e-05
2.3471e-05
2.79625e-05
3.55307e-05
4.79203e-05
6.73292e-05
9.61692e-05
0.000136612
0.000189979
0.000256141
0.000333132
0.00041717
0.000503145
0.000585438
0.00065886
0.000719438
0.000764892
0.000794659
0.000809654
0.000811848
0.000803812
0.000788302
0.00076795
0.000745072
0.00072158
0.000698955
0.000678276
0.000660283
0.000645452
0.000634052
0.00062621
0.000621957
0.000621269
0.000624096
0.00063039
0.000640121
0.000653294
0.000669957
0.000690218
0.000714242
0.000742265
0.000774592
0.000811601
0.000853737
0.000901512
0.000955493
0.0010163
0.00108457
0.00116097
0.00124618
0.00134082
0.0014455
0.00156075
0.00168703
0.00182472
0.00197416
0.0021357
0.0023098
0.00249711
0.00269849
0.0029148
0.00314631
0.00339171
0.00364691
0.00390403
0.00415142
0.00437494
0.00456053
0.0046976
0.00478135
0.00481318
0.00479963
0.00475024
0.00467533
0.00458435
0.00448494
0.00438274
0.00428156
0.00418383
0.00409097
0.00400374
0.00392248
0.00384726
0.00377801
0.00371454
0.00365662
0.00360397
0.00355631
0.00351334
0.00347477
0.00344031
0.0034097
0.00338266
0.00335893
2.57746e-10
2.79085e-10
3.00024e-10
3.20328e-10
3.39781e-10
3.5819e-10
3.75391e-10
3.91252e-10
4.0567e-10
4.18578e-10
4.29942e-10
4.39755e-10
4.48043e-10
4.54853e-10
4.60261e-10
4.64359e-10
4.6726e-10
4.69091e-10
4.69991e-10
4.70109e-10
4.69601e-10
4.68624e-10
4.67339e-10
4.65904e-10
4.64472e-10
4.63187e-10
4.62189e-10
4.61624e-10
4.61678e-10
4.62688e-10
4.6541e-10
4.71638e-10
4.85476e-10
5.15704e-10
5.79626e-10
7.08492e-10
9.53654e-10
1.39132e-09
2.12247e-09
3.26446e-09
4.93244e-09
7.21328e-09
1.01386e-08
1.36667e-08
1.76804e-08
2.20041e-08
2.64339e-08
3.07716e-08
3.48546e-08
3.85738e-08
4.18772e-08
4.47633e-08
4.72701e-08
4.94607e-08
5.14109e-08
5.31992e-08
5.48999e-08
5.6578e-08
5.8287e-08
6.00685e-08
6.19515e-08
6.39542e-08
6.60838e-08
6.83385e-08
7.07086e-08
7.31777e-08
7.5724e-08
7.83226e-08
8.09461e-08
8.3567e-08
8.61587e-08
8.86969e-08
9.11612e-08
9.35354e-08
9.5809e-08
9.7977e-08
1.0004e-07
1.02005e-07
1.03884e-07
1.05693e-07
1.07453e-07
1.09191e-07
1.10935e-07
1.12729e-07
1.14635e-07
1.16775e-07
1.19388e-07
1.22977e-07
1.28551e-07
1.38054e-07
1.55e-07
1.85297e-07
2.38116e-07
3.26461e-07
4.66951e-07
6.78308e-07
9.78331e-07
1.3797e-06
1.88565e-06
2.48697e-06
3.1616e-06
3.87727e-06
4.59669e-06
5.28352e-06
5.90787e-06
6.44988e-06
6.90053e-06
7.26065e-06
7.53868e-06
7.74796e-06
7.90425e-06
8.02364e-06
8.12119e-06
8.21009e-06
8.30125e-06
8.40316e-06
8.52211e-06
8.66238e-06
8.82651e-06
9.01556e-06
9.22939e-06
9.46686e-06
9.72607e-06
1.00046e-05
1.02997e-05
1.06084e-05
1.0928e-05
1.12559e-05
1.15899e-05
1.19283e-05
1.227e-05
1.26148e-05
1.2963e-05
1.33157e-05
1.36745e-05
1.40419e-05
1.44207e-05
1.48142e-05
1.5226e-05
1.56604e-05
1.61228e-05
1.66214e-05
1.71719e-05
1.78061e-05
1.85908e-05
1.96623e-05
2.1284e-05
2.39336e-05
2.84149e-05
3.59742e-05
4.83724e-05
6.78423e-05
9.68609e-05
0.000137707
0.00019186
0.000259383
0.000338523
0.000425687
0.000515882
0.000603502
0.000683249
0.000750914
0.0008039
0.000841297
0.000863683
0.000872739
0.00087082
0.000860547
0.000844499
0.000825006
0.000804052
0.000783221
0.000763721
0.000746431
0.00073196
0.000720707
0.000712915
0.000708719
0.000708184
0.000711339
0.000718198
0.000728785
0.000743146
0.00076136
0.000783552
0.000809893
0.000840613
0.000875994
0.000916374
0.000962144
0.00101374
0.00107164
0.00113636
0.00120839
0.00128828
0.00137652
0.00147359
0.0015799
0.00169582
0.00182164
0.00195759
0.00210389
0.0022608
0.00242873
0.0026084
0.00280079
0.00300704
0.00322785
0.00346249
0.00370758
0.00395602
0.00419686
0.00441653
0.00460123
0.00474026
0.00482845
0.00486664
0.00486072
0.0048196
0.00475311
0.0046703
0.00457854
0.0044833
0.0043883
0.00429595
0.00420765
0.00412422
0.00404604
0.00397325
0.00390586
0.00384377
0.00378682
0.0037348
0.00368752
0.00364474
0.00360622
0.00357175
0.00354108
0.003514
0.00349026
2.27876e-10
2.4712e-10
2.66133e-10
2.84719e-10
3.02689e-10
3.19876e-10
3.36131e-10
3.51333e-10
3.65388e-10
3.78229e-10
3.89815e-10
4.00134e-10
4.09199e-10
4.17045e-10
4.23729e-10
4.29325e-10
4.33926e-10
4.37636e-10
4.4057e-10
4.42851e-10
4.44607e-10
4.45969e-10
4.47068e-10
4.48031e-10
4.48979e-10
4.50027e-10
4.51285e-10
4.52868e-10
4.54932e-10
4.57782e-10
4.62136e-10
4.69725e-10
4.84549e-10
5.15189e-10
5.78613e-10
7.05544e-10
9.46627e-10
1.37731e-09
2.0981e-09
3.22663e-09
4.87976e-09
7.14784e-09
1.00678e-08
1.36045e-08
1.76473e-08
2.20257e-08
2.6538e-08
3.09852e-08
3.52001e-08
3.90665e-08
4.25235e-08
4.55611e-08
4.82086e-08
5.05219e-08
5.25709e-08
5.443e-08
5.61705e-08
5.78562e-08
5.95405e-08
6.12657e-08
6.30632e-08
6.49537e-08
6.69482e-08
6.90494e-08
7.12524e-08
7.35463e-08
7.59156e-08
7.83412e-08
8.0802e-08
8.32765e-08
8.57436e-08
8.81838e-08
9.05805e-08
9.29209e-08
9.5196e-08
9.74013e-08
9.95372e-08
1.01608e-07
1.03623e-07
1.05594e-07
1.07538e-07
1.09473e-07
1.11424e-07
1.13425e-07
1.15534e-07
1.17863e-07
1.20646e-07
1.24379e-07
1.30063e-07
1.3963e-07
1.56577e-07
1.86791e-07
2.39427e-07
3.27499e-07
4.67712e-07
6.79017e-07
9.79662e-07
1.38306e-06
1.89344e-06
2.50278e-06
3.19016e-06
3.92421e-06
4.66801e-06
5.38499e-06
6.04433e-06
6.6247e-06
7.11534e-06
7.51525e-06
7.83115e-06
8.07496e-06
8.2613e-06
8.40552e-06
8.52227e-06
8.62467e-06
8.72374e-06
8.82831e-06
8.94514e-06
9.0791e-06
9.23338e-06
9.40975e-06
9.60883e-06
9.83025e-06
1.00729e-05
1.03352e-05
1.06152e-05
1.09106e-05
1.12194e-05
1.15396e-05
1.18696e-05
1.2208e-05
1.25539e-05
1.29072e-05
1.32681e-05
1.36373e-05
1.40162e-05
1.44064e-05
1.48102e-05
1.52298e-05
1.5668e-05
1.6128e-05
1.6614e-05
1.71334e-05
1.77007e-05
1.83469e-05
1.91384e-05
2.02109e-05
2.18279e-05
2.4468e-05
2.89383e-05
3.64937e-05
4.89143e-05
6.84724e-05
9.77164e-05
0.00013904
0.000194083
0.000263117
0.000344608
0.000435167
0.000529932
0.00062333
0.000709968
0.000785424
0.000846793
0.000892817
0.000923727
0.0009409
0.000946446
0.000942819
0.000932511
0.000917835
0.000900817
0.000883121
0.000866066
0.000850657
0.000837633
0.000827523
0.000820688
0.000817373
0.00081774
0.000821899
0.000829936
0.000841931
0.000857971
0.000878165
0.000902652
0.000931605
0.000965236
0.0010038
0.00104757
0.0010969
0.00115211
0.0012136
0.00128175
0.00135693
0.00143954
0.00152991
0.00162836
0.00173514
0.00185046
0.00197445
0.00210722
0.00224888
0.00239964
0.00255989
0.00273041
0.00291237
0.00310719
0.00331603
0.00353877
0.00377276
0.00401171
0.00424542
0.00446086
0.0046445
0.00478557
0.00487848
0.00492348
0.0049258
0.00489371
0.0048365
0.00476281
0.00467973
0.00459253
0.00450485
0.00441901
0.00433644
0.00425796
0.00418401
0.00411478
0.00405033
0.00399064
0.00393563
0.00388516
0.0038391
0.00379728
0.00375952
0.00372565
0.00369549
0.00366885
0.00364551
2.00467e-10
2.17733e-10
2.34922e-10
2.5187e-10
2.68422e-10
2.84434e-10
2.99779e-10
3.1435e-10
3.28058e-10
3.40842e-10
3.52658e-10
3.63489e-10
3.73335e-10
3.82219e-10
3.90181e-10
3.97275e-10
4.03572e-10
4.0915e-10
4.141e-10
4.18518e-10
4.22502e-10
4.26153e-10
4.2957e-10
4.32851e-10
4.36086e-10
4.3936e-10
4.42752e-10
4.46348e-10
4.50279e-10
4.5482e-10
4.60654e-10
4.69461e-10
4.85145e-10
5.16119e-10
5.7906e-10
7.04242e-10
9.41721e-10
1.36636e-09
2.07837e-09
3.19591e-09
4.83771e-09
7.09777e-09
1.00184e-08
1.3571e-08
1.76516e-08
2.20947e-08
2.67012e-08
3.12712e-08
3.56336e-08
3.96648e-08
4.32958e-08
4.65076e-08
4.9321e-08
5.17842e-08
5.39611e-08
5.59213e-08
5.77333e-08
5.94588e-08
6.1151e-08
6.2853e-08
6.45978e-08
6.64088e-08
6.83008e-08
7.02804e-08
7.23477e-08
7.44972e-08
7.67191e-08
7.9e-08
8.13249e-08
8.36776e-08
8.60421e-08
8.84034e-08
9.07487e-08
9.30674e-08
9.53522e-08
9.75988e-08
9.98066e-08
1.01978e-07
1.04119e-07
1.06237e-07
1.08343e-07
1.10452e-07
1.1258e-07
1.14755e-07
1.1703e-07
1.1951e-07
1.22424e-07
1.26261e-07
1.32016e-07
1.41616e-07
1.58545e-07
1.88683e-07
2.41184e-07
3.29099e-07
4.69252e-07
6.80861e-07
9.82666e-07
1.38885e-06
1.90468e-06
2.52335e-06
3.22512e-06
3.97955e-06
4.75016e-06
5.50023e-06
6.19808e-06
6.82097e-06
7.35645e-06
7.8017e-06
8.16168e-06
8.44678e-06
8.67041e-06
8.84705e-06
8.99081e-06
9.11457e-06
9.22937e-06
9.3443e-06
9.4665e-06
9.60137e-06
9.75272e-06
9.92302e-06
1.01136e-05
1.03249e-05
1.05566e-05
1.08078e-05
1.10774e-05
1.13639e-05
1.16658e-05
1.19817e-05
1.23104e-05
1.26508e-05
1.30023e-05
1.33647e-05
1.37381e-05
1.41228e-05
1.45197e-05
1.493e-05
1.5355e-05
1.57962e-05
1.62553e-05
1.67346e-05
1.72373e-05
1.777e-05
1.83462e-05
1.89964e-05
1.97864e-05
2.08521e-05
2.24577e-05
2.50837e-05
2.95421e-05
3.70992e-05
4.95586e-05
6.92374e-05
9.87619e-05
0.000140648
0.000196708
0.000267426
0.000351502
0.000445759
0.000545488
0.000645163
0.000739315
0.000823332
0.000894011
0.000949755
0.000990445
0.00101714
0.00103167
0.00103632
0.00103344
0.00102529
0.00101392
0.00100103
0.000988035
0.00097604
0.000965905
0.000958277
0.000953635
0.000952331
0.000954624
0.00096071
0.000970746
0.000984868
0.0010032
0.00102589
0.00105307
0.00108493
0.00112163
0.0011634
0.00121047
0.00126308
0.00132151
0.00138601
0.00145685
0.00153428
0.00161855
0.00170984
0.00180832
0.00191409
0.00202722
0.00214773
0.0022756
0.00241087
0.0025537
0.00270453
0.00286421
0.0030341
0.00321597
0.00341142
0.003621
0.00384281
0.00407139
0.0042973
0.00450809
0.00469051
0.00483367
0.00493158
0.00498388
0.00499509
0.00497283
0.00492582
0.00486228
0.00478897
0.00471099
0.00463183
0.00455377
0.00447821
0.00440599
0.00433755
0.00427315
0.0042129
0.00415682
0.00410489
0.00405706
0.00401324
0.00397332
0.00393718
0.00390471
0.00387574
0.00385015
0.00382775
1.76258e-10
1.91738e-10
2.07275e-10
2.2274e-10
2.38008e-10
2.5296e-10
2.67489e-10
2.81503e-10
2.94927e-10
3.07699e-10
3.19779e-10
3.31141e-10
3.41779e-10
3.517e-10
3.60927e-10
3.69495e-10
3.7745e-10
3.84848e-10
3.91751e-10
3.98225e-10
4.04341e-10
4.10167e-10
4.15775e-10
4.21228e-10
4.26588e-10
4.3191e-10
4.37246e-10
4.42657e-10
4.48249e-10
4.54272e-10
4.61379e-10
4.71207e-10
4.87582e-10
5.18778e-10
5.81233e-10
7.04862e-10
9.39276e-10
1.35894e-09
2.06403e-09
3.17349e-09
4.80817e-09
7.0659e-09
9.99454e-09
1.3572e-08
1.77008e-08
2.22209e-08
2.69355e-08
3.16444e-08
3.61725e-08
4.03896e-08
4.42186e-08
4.76315e-08
5.06405e-08
5.32865e-08
5.56266e-08
5.77258e-08
5.96487e-08
6.14551e-08
6.31972e-08
6.49186e-08
6.66538e-08
6.84285e-08
7.02606e-08
7.21608e-08
7.41336e-08
7.61786e-08
7.82911e-08
8.04633e-08
8.26853e-08
8.4946e-08
8.72342e-08
8.95386e-08
9.18495e-08
9.41586e-08
9.64595e-08
9.8748e-08
1.01022e-07
1.03283e-07
1.05532e-07
1.07773e-07
1.10014e-07
1.12261e-07
1.14527e-07
1.16835e-07
1.19229e-07
1.21811e-07
1.24806e-07
1.28698e-07
1.3448e-07
1.44073e-07
1.60962e-07
1.9103e-07
2.43451e-07
3.31346e-07
4.71693e-07
6.84027e-07
9.87629e-07
1.3975e-06
1.91999e-06
2.54951e-06
3.26757e-06
4.04471e-06
4.84491e-06
5.63135e-06
6.37165e-06
7.04171e-06
7.62743e-06
8.1242e-06
8.53524e-06
8.86935e-06
9.13863e-06
9.35658e-06
9.53664e-06
9.69133e-06
9.83155e-06
9.96651e-06
1.01036e-05
1.02488e-05
1.04063e-05
1.05792e-05
1.07696e-05
1.09786e-05
1.12066e-05
1.14536e-05
1.17189e-05
1.20019e-05
1.23016e-05
1.26171e-05
1.29475e-05
1.32921e-05
1.36504e-05
1.40219e-05
1.44067e-05
1.48049e-05
1.52167e-05
1.56427e-05
1.60835e-05
1.65398e-05
1.70126e-05
1.75031e-05
1.80138e-05
1.85504e-05
1.91258e-05
1.977e-05
2.05488e-05
2.15984e-05
2.31845e-05
2.57908e-05
3.02364e-05
3.78021e-05
5.03196e-05
7.01574e-05
0.000100028
0.000142578
0.000199802
0.000272407
0.000359337
0.000457641
0.000562776
0.000669281
0.000771632
0.000865048
0.000946047
0.0010127
0.00106454
0.0011023
0.00112753
0.00114229
0.00114877
0.00114917
0.00114547
0.00113942
0.00113247
0.00112581
0.0011204
0.00111699
0.00111616
0.00111836
0.00112393
0.00113316
0.00114626
0.00116344
0.00118484
0.00121063
0.00124096
0.00127599
0.00131587
0.00136077
0.00141086
0.00146631
0.00152729
0.00159395
0.00166645
0.00174491
0.00182944
0.00192009
0.00201691
0.00211986
0.00222889
0.00234393
0.00246487
0.00259172
0.00272461
0.00286402
0.00301093
0.00316693
0.00333412
0.00351464
0.00370966
0.0039181
0.00413534
0.00435274
0.00455843
0.00473942
0.00488473
0.00498793
0.00504802
0.0050688
0.0050572
0.00502136
0.00496903
0.00490667
0.00483914
0.00476982
0.0047009
0.00463376
0.00456921
0.00450772
0.00444957
0.00439492
0.00434382
0.00429631
0.00425237
0.00421198
0.00417507
0.00414158
0.00411143
0.00408451
0.00406072
0.00403991
1.56121e-10
1.70096e-10
1.84243e-10
1.98466e-10
2.12666e-10
2.2675e-10
2.4063e-10
2.54229e-10
2.67482e-10
2.80333e-10
2.92741e-10
3.04676e-10
3.16122e-10
3.27073e-10
3.37535e-10
3.47524e-10
3.57063e-10
3.66181e-10
3.74914e-10
3.833e-10
3.9138e-10
3.99193e-10
4.0678e-10
4.14177e-10
4.21417e-10
4.28528e-10
4.35538e-10
4.42486e-10
4.49456e-10
4.56679e-10
4.64786e-10
4.75378e-10
4.92223e-10
5.23488e-10
5.85434e-10
7.07723e-10
9.39681e-10
1.35561e-09
2.05596e-09
3.16076e-09
4.7933e-09
7.0555e-09
1.00008e-08
1.36139e-08
1.78037e-08
2.24154e-08
2.72549e-08
3.21217e-08
3.6837e-08
4.12646e-08
4.53193e-08
4.89646e-08
5.22044e-08
5.50717e-08
5.76173e-08
5.99006e-08
6.19825e-08
6.39202e-08
6.57647e-08
6.75592e-08
6.93394e-08
7.11327e-08
7.29596e-08
7.48343e-08
7.67653e-08
7.87563e-08
8.08074e-08
8.29155e-08
8.50753e-08
8.72803e-08
8.95228e-08
9.17952e-08
9.40902e-08
9.64012e-08
9.87225e-08
1.0105e-07
1.0338e-07
1.05711e-07
1.08043e-07
1.10375e-07
1.1271e-07
1.15051e-07
1.17405e-07
1.1979e-07
1.22246e-07
1.24871e-07
1.27887e-07
1.31774e-07
1.37527e-07
1.47068e-07
1.63891e-07
1.93895e-07
2.46303e-07
3.34335e-07
4.75177e-07
6.88732e-07
9.94884e-07
1.4095e-06
1.94005e-06
2.58224e-06
3.31882e-06
4.12131e-06
4.95427e-06
5.78081e-06
6.56792e-06
7.29026e-06
7.93217e-06
8.48729e-06
8.95711e-06
9.34883e-06
9.67322e-06
9.94265e-06
1.01698e-05
1.03667e-05
1.0544e-05
1.07107e-05
1.08746e-05
1.10417e-05
1.12168e-05
1.14034e-05
1.16043e-05
1.1821e-05
1.20548e-05
1.2306e-05
1.25749e-05
1.28611e-05
1.31644e-05
1.34841e-05
1.38197e-05
1.41706e-05
1.45364e-05
1.49167e-05
1.53111e-05
1.57194e-05
1.61415e-05
1.65773e-05
1.70268e-05
1.749e-05
1.79671e-05
1.84587e-05
1.89665e-05
1.94955e-05
2.00583e-05
2.06847e-05
2.14406e-05
2.24632e-05
2.40204e-05
2.66007e-05
3.10325e-05
3.86149e-05
5.12136e-05
7.1256e-05
0.00010155
0.000144884
0.000203445
0.000278174
0.00036827
0.000471021
0.000582062
0.000696013
0.000807318
0.000911041
0.00100345
0.00108229
0.00114676
0.00119727
0.00123507
0.00126196
0.00127999
0.0012912
0.00129753
0.00130069
0.00130216
0.00130318
0.00130476
0.00130772
0.00131273
0.00132032
0.0013309
0.00134482
0.00136236
0.00138374
0.00140917
0.0014388
0.00147279
0.00151128
0.00155439
0.00160223
0.00165492
0.00171253
0.00177515
0.00184283
0.00191563
0.00199356
0.0020766
0.0021647
0.00225779
0.00235574
0.00245842
0.00256567
0.00267735
0.00279343
0.00291406
0.00303982
0.00317181
0.00331188
0.0034625
0.00362633
0.00380526
0.00399903
0.00420388
0.00441199
0.00461207
0.00479141
0.00493891
0.00504769
0.00511608
0.00514713
0.00514705
0.00512338
0.00508338
0.00503318
0.00497742
0.00491931
0.00486097
0.00480373
0.00474837
0.00469537
0.00464502
0.00459749
0.00455288
0.00451125
0.00447262
0.004437
0.00440437
0.00437471
0.00434796
0.00432407
0.00430295
0.0042845
1.41096e-10
1.53951e-10
1.67077e-10
1.80401e-10
1.93851e-10
2.07352e-10
2.20835e-10
2.34236e-10
2.47497e-10
2.60567e-10
2.73405e-10
2.85977e-10
2.98256e-10
3.10224e-10
3.2187e-10
3.33192e-10
3.44189e-10
3.54867e-10
3.65237e-10
3.75309e-10
3.85097e-10
3.94615e-10
4.03874e-10
4.12887e-10
4.21661e-10
4.30202e-10
4.3852e-10
4.46632e-10
4.54609e-10
4.62667e-10
4.71421e-10
4.8245e-10
4.99483e-10
5.30616e-10
5.92007e-10
7.13184e-10
9.43382e-10
1.35702e-09
2.05515e-09
3.15932e-09
4.79564e-09
7.0704e-09
1.00429e-08
1.37044e-08
1.79705e-08
2.26912e-08
2.76756e-08
3.27224e-08
3.765e-08
4.23163e-08
4.66285e-08
5.05421e-08
5.40527e-08
5.71857e-08
5.99854e-08
6.25059e-08
6.48036e-08
6.69328e-08
6.89426e-08
7.08757e-08
7.27676e-08
7.46473e-08
7.65369e-08
7.84531e-08
8.04074e-08
8.24073e-08
8.44562e-08
8.6555e-08
8.87022e-08
9.08946e-08
9.31278e-08
9.53968e-08
9.7696e-08
1.0002e-07
1.02364e-07
1.04723e-07
1.07092e-07
1.09468e-07
1.11848e-07
1.14229e-07
1.16608e-07
1.18986e-07
1.21366e-07
1.23762e-07
1.2621e-07
1.28805e-07
1.31768e-07
1.35581e-07
1.41239e-07
1.50676e-07
1.67399e-07
1.97348e-07
2.4982e-07
3.38177e-07
4.79867e-07
6.95228e-07
1.00481e-06
1.42543e-06
1.96571e-06
2.62268e-06
3.38035e-06
4.21127e-06
5.08058e-06
5.9514e-06
6.79014e-06
7.57035e-06
8.27489e-06
8.89573e-06
9.43271e-06
9.89145e-06
1.02813e-05
1.06136e-05
1.09e-05
1.1152e-05
1.13797e-05
1.1592e-05
1.17967e-05
1.19998e-05
1.22064e-05
1.24204e-05
1.26448e-05
1.28818e-05
1.31329e-05
1.33992e-05
1.36812e-05
1.39791e-05
1.4293e-05
1.46224e-05
1.49672e-05
1.53269e-05
1.5701e-05
1.60889e-05
1.64902e-05
1.69043e-05
1.73307e-05
1.77687e-05
1.8218e-05
1.86778e-05
1.91479e-05
1.96282e-05
2.01199e-05
2.06278e-05
2.11641e-05
2.17587e-05
2.24782e-05
2.34612e-05
2.49787e-05
2.75256e-05
3.19428e-05
3.9552e-05
5.22594e-05
7.25604e-05
0.000103369
0.000147629
0.000207731
0.000284864
0.000378491
0.000486148
0.000603661
0.000725747
0.000846829
0.000961842
0.00106682
0.00115921
0.00123788
0.00130292
0.00135528
0.00139651
0.00142844
0.00145298
0.00147196
0.00148703
0.00149965
0.00151106
0.00152229
0.0015342
0.00154751
0.00156279
0.0015805
0.00160103
0.00162469
0.00165173
0.00168235
0.00171673
0.001755
0.00179727
0.00184363
0.00189414
0.00194884
0.00200775
0.00207087
0.00213817
0.0022096
0.0022851
0.00236455
0.00244783
0.00253477
0.0026252
0.00271891
0.00281572
0.00291546
0.00301812
0.00312392
0.0032335
0.00334816
0.00347003
0.00360197
0.00374722
0.00390838
0.00408603
0.00427734
0.00447529
0.00466922
0.00484666
0.00499637
0.00511102
0.00518823
0.00523026
0.00524259
0.0052321
0.00520558
0.00516879
0.00512612
0.00508064
0.00503436
0.00498854
0.00494396
0.00490106
0.00486013
0.00482134
0.00478482
0.00475063
0.00471882
0.00468942
0.00466245
0.0046379
0.00461575
0.00459596
0.00457849
0.00456326
1.32441e-10
1.44685e-10
1.57279e-10
1.7017e-10
1.83301e-10
1.96614e-10
2.10052e-10
2.23558e-10
2.3708e-10
2.5057e-10
2.63982e-10
2.77278e-10
2.9042e-10
3.03379e-10
3.16129e-10
3.28648e-10
3.40916e-10
3.52919e-10
3.64643e-10
3.76078e-10
3.87213e-10
3.98039e-10
4.08548e-10
4.1873e-10
4.28574e-10
4.38071e-10
4.47213e-10
4.56008e-10
4.64516e-10
4.72946e-10
4.81904e-10
4.9296e-10
5.09827e-10
5.40578e-10
6.01342e-10
7.21658e-10
9.50895e-10
1.36391e-09
2.06279e-09
3.17107e-09
4.81817e-09
7.11511e-09
1.01273e-08
1.38525e-08
1.8213e-08
2.30636e-08
2.8216e-08
3.34689e-08
3.86374e-08
4.35744e-08
4.81798e-08
5.24015e-08
5.62275e-08
5.96757e-08
6.27842e-08
6.56014e-08
6.81795e-08
7.05693e-08
7.28176e-08
7.49656e-08
7.70484e-08
7.90949e-08
8.11283e-08
8.31666e-08
8.52232e-08
8.73077e-08
8.94263e-08
9.15821e-08
9.37764e-08
9.60081e-08
9.82751e-08
1.00574e-07
1.029e-07
1.0525e-07
1.07617e-07
1.09997e-07
1.12384e-07
1.14772e-07
1.17157e-07
1.19534e-07
1.21896e-07
1.24243e-07
1.26574e-07
1.289e-07
1.31256e-07
1.33737e-07
1.36563e-07
1.40219e-07
1.45707e-07
1.54975e-07
1.71564e-07
2.01469e-07
2.54095e-07
3.42999e-07
4.85952e-07
7.03809e-07
1.01788e-06
1.44596e-06
1.99794e-06
2.67216e-06
3.45392e-06
4.31681e-06
5.22654e-06
6.14629e-06
7.04193e-06
7.88603e-06
8.66005e-06
9.35443e-06
9.96741e-06
1.05031e-05
1.09695e-05
1.13767e-05
1.17356e-05
1.20567e-05
1.23497e-05
1.26233e-05
1.28847e-05
1.31401e-05
1.33944e-05
1.36518e-05
1.39155e-05
1.41877e-05
1.44704e-05
1.47647e-05
1.50716e-05
1.53915e-05
1.57245e-05
1.60706e-05
1.64296e-05
1.68009e-05
1.71841e-05
1.75786e-05
1.79835e-05
1.83981e-05
1.88215e-05
1.92529e-05
1.96912e-05
2.01356e-05
2.05852e-05
2.10398e-05
2.15003e-05
2.19711e-05
2.24649e-05
2.30116e-05
2.36791e-05
2.46079e-05
2.60736e-05
2.85791e-05
3.29809e-05
4.0629e-05
5.34781e-05
7.41021e-05
0.000105535
0.000150889
0.000212774
0.000292639
0.000390222
0.000503316
0.000627945
0.000758931
0.000890695
0.00101805
0.00113683
0.00124419
0.00133869
0.0014201
0.00148908
0.00154693
0.00159525
0.00163579
0.00167023
0.00170013
0.00172689
0.0017517
0.00177559
0.0017994
0.00182385
0.00184951
0.00187686
0.00190628
0.00193809
0.00197254
0.0020098
0.00205005
0.00209337
0.00213985
0.00218953
0.00224241
0.00229848
0.00235769
0.00241999
0.00248527
0.00255342
0.00262431
0.00269778
0.00277364
0.0028517
0.00293173
0.00301354
0.00309692
0.00318175
0.00326804
0.0033561
0.00344672
0.0035414
0.00364255
0.0037535
0.00387807
0.0040196
0.00417957
0.00435608
0.00454294
0.00473009
0.00490534
0.00505728
0.00517808
0.00526462
0.00531836
0.00534397
0.00534768
0.00533578
0.00531364
0.00528539
0.00525395
0.0052212
0.00518834
0.0051561
0.0051249
0.00509502
0.0050666
0.00503978
0.00501462
0.00499117
0.00496949
0.00494959
0.00493147
0.00491515
0.00490061
0.00488781
0.0048767
1.31687e-10
1.43974e-10
1.56669e-10
1.69731e-10
1.83109e-10
1.96752e-10
2.10606e-10
2.24618e-10
2.38734e-10
2.52904e-10
2.67077e-10
2.81204e-10
2.95241e-10
3.09144e-10
3.22875e-10
3.36395e-10
3.4967e-10
3.62668e-10
3.75358e-10
3.87712e-10
3.99704e-10
4.11311e-10
4.22507e-10
4.33272e-10
4.43584e-10
4.53423e-10
4.62776e-10
4.71645e-10
4.80088e-10
4.88314e-10
4.9693e-10
5.07511e-10
5.2378e-10
5.53835e-10
6.13876e-10
7.33613e-10
9.62815e-10
1.37716e-09
2.08029e-09
3.1983e-09
4.86446e-09
7.19503e-09
1.02617e-08
1.4069e-08
1.85453e-08
2.35502e-08
2.88977e-08
3.43863e-08
3.98282e-08
4.50712e-08
5.00089e-08
5.45818e-08
5.8771e-08
6.25876e-08
6.60635e-08
6.92419e-08
7.21706e-08
7.48969e-08
7.74648e-08
7.99134e-08
8.22763e-08
8.45818e-08
8.68525e-08
8.91065e-08
9.13578e-08
9.36165e-08
9.58896e-08
9.81815e-08
1.00494e-07
1.02827e-07
1.0518e-07
1.0755e-07
1.09931e-07
1.12321e-07
1.14713e-07
1.17102e-07
1.19481e-07
1.21844e-07
1.24184e-07
1.26495e-07
1.2877e-07
1.31004e-07
1.33199e-07
1.35363e-07
1.37532e-07
1.398e-07
1.4239e-07
1.45794e-07
1.51025e-07
1.60055e-07
1.76468e-07
2.06343e-07
2.59232e-07
3.48943e-07
4.93651e-07
7.14818e-07
1.0346e-06
1.47189e-06
2.03787e-06
2.73224e-06
3.54159e-06
4.44049e-06
5.39523e-06
6.36903e-06
7.32729e-06
8.24165e-06
9.09228e-06
9.8682e-06
1.05662e-05
1.11889e-05
1.1743e-05
1.22376e-05
1.26825e-05
1.30875e-05
1.34617e-05
1.3813e-05
1.41485e-05
1.4474e-05
1.47943e-05
1.51133e-05
1.54341e-05
1.57589e-05
1.60897e-05
1.64276e-05
1.67735e-05
1.71278e-05
1.74907e-05
1.78621e-05
1.82415e-05
1.86286e-05
1.90227e-05
1.94228e-05
1.98282e-05
2.02377e-05
2.06504e-05
2.10651e-05
2.14806e-05
2.18959e-05
2.23099e-05
2.27224e-05
2.31344e-05
2.35504e-05
2.39833e-05
2.4464e-05
2.50617e-05
2.59201e-05
2.732e-05
2.97752e-05
3.41618e-05
4.18638e-05
5.4894e-05
7.59179e-05
0.000108105
0.000154753
0.000218708
0.000301692
0.000403729
0.000522874
0.00065535
0.000796092
0.00093952
0.00108034
0.00121419
0.00133797
0.00144994
0.00154956
0.00163722
0.00171396
0.00178115
0.00184036
0.00189311
0.00194085
0.00198485
0.00202626
0.00206601
0.00210492
0.00214362
0.00218268
0.00222251
0.00226346
0.0023058
0.00234973
0.0023954
0.00244291
0.00249231
0.00254362
0.00259683
0.00265189
0.00270874
0.00276727
0.00282737
0.0028889
0.00295172
0.00301566
0.00308053
0.00314614
0.00321231
0.00327882
0.00334549
0.00341217
0.0034788
0.00354548
0.00361264
0.00368124
0.003753
0.0038307
0.00391811
0.00401969
0.00413957
0.00428015
0.00444047
0.00461521
0.00479492
0.00496765
0.00512181
0.00524902
0.0053454
0.00541153
0.00545129
0.00547021
0.00547403
0.00546773
0.00545519
0.00543911
0.0054213
0.00540285
0.00538444
0.00536646
0.00534914
0.00533264
0.00531704
0.00530241
0.0052888
0.00527624
0.00526476
0.00525436
0.00524507
0.00523685
0.00522972
0.00522363
1.40712e-10
1.53863e-10
1.67459e-10
1.81453e-10
1.95791e-10
2.10417e-10
2.25271e-10
2.40291e-10
2.55416e-10
2.70586e-10
2.8574e-10
3.0082e-10
3.15769e-10
3.30534e-10
3.45063e-10
3.5931e-10
3.73227e-10
3.86774e-10
3.9991e-10
4.126e-10
4.2481e-10
4.36511e-10
4.47675e-10
4.58277e-10
4.68294e-10
4.77708e-10
4.86506e-10
4.94696e-10
5.02341e-10
5.09659e-10
5.17269e-10
5.26767e-10
5.41917e-10
5.70902e-10
6.30097e-10
7.49584e-10
9.79841e-10
1.39784e-09
2.10934e-09
3.24371e-09
4.9388e-09
7.3166e-09
1.04554e-08
1.43664e-08
1.89838e-08
2.41716e-08
2.97454e-08
3.55032e-08
4.12543e-08
4.68416e-08
5.21527e-08
5.71217e-08
6.17231e-08
6.59621e-08
6.98651e-08
7.34706e-08
7.68222e-08
7.99637e-08
8.29363e-08
8.57765e-08
8.85158e-08
9.11805e-08
9.37919e-08
9.63665e-08
9.89171e-08
1.01453e-07
1.03979e-07
1.06499e-07
1.09015e-07
1.11525e-07
1.14028e-07
1.16518e-07
1.18992e-07
1.21444e-07
1.23868e-07
1.26256e-07
1.28602e-07
1.30899e-07
1.3314e-07
1.35317e-07
1.37424e-07
1.39458e-07
1.41419e-07
1.43316e-07
1.45189e-07
1.47132e-07
1.49376e-07
1.5242e-07
1.57295e-07
1.66006e-07
1.82199e-07
2.12064e-07
2.65347e-07
3.56177e-07
5.03221e-07
7.2866e-07
1.05561e-06
1.50417e-06
2.08686e-06
2.80477e-06
3.64574e-06
4.58528e-06
5.59018e-06
6.62365e-06
7.65059e-06
8.64177e-06
9.57615e-06
1.04414e-05
1.12331e-05
1.19524e-05
1.26051e-05
1.31989e-05
1.3743e-05
1.42462e-05
1.47171e-05
1.51629e-05
1.55903e-05
1.60045e-05
1.641e-05
1.68101e-05
1.72077e-05
1.76046e-05
1.80023e-05
1.84018e-05
1.88033e-05
1.92072e-05
1.96132e-05
2.00209e-05
2.04295e-05
2.08384e-05
2.12466e-05
2.16531e-05
2.20566e-05
2.24561e-05
2.28503e-05
2.32381e-05
2.36183e-05
2.39899e-05
2.43521e-05
2.47048e-05
2.50492e-05
2.53906e-05
2.57425e-05
2.6137e-05
2.66454e-05
2.74151e-05
2.87341e-05
3.11295e-05
3.55014e-05
4.32761e-05
5.65353e-05
7.8051e-05
0.000111147
0.000159327
0.000225693
0.000312255
0.000419329
0.000545234
0.000686391
0.000837838
0.000993992
0.00114946
0.00129967
0.00144129
0.0015723
0.00169188
0.00180014
0.00189788
0.00198625
0.00206663
0.00214038
0.00220881
0.00227308
0.00233421
0.00239305
0.0024503
0.00250652
0.00256215
0.00261754
0.00267294
0.00272852
0.00278438
0.00284058
0.00289713
0.002954
0.00301112
0.0030684
0.00312574
0.003183
0.00324004
0.00329671
0.00335286
0.00340832
0.00346293
0.00351654
0.00356897
0.00362009
0.00366975
0.00371786
0.00376434
0.00380924
0.00385281
0.00389563
0.00393887
0.00398454
0.00403579
0.00409689
0.00417296
0.00426899
0.0043883
0.00453092
0.00469241
0.00486394
0.00503377
0.0051901
0.00532396
0.00543066
0.00550986
0.0055646
0.00559966
0.00562022
0.00563087
0.00563518
0.00563568
0.00563404
0.00563127
0.00562798
0.00562452
0.0056211
0.00561782
0.00561475
0.00561194
0.00560941
0.00560718
0.00560528
0.00560369
0.00560244
0.00560151
0.00560089
0.00560059
0.0029478
0.00293796
0.00292878
0.00292023
0.00291227
0.00290487
0.00289802
0.00289169
0.00288587
0.00288054
0.00287569
0.00287131
0.00286737
0.00286387
0.00286081
0.00285815
0.00285589
0.00285402
0.00285252
0.00285136
0.00285054
0.00285003
0.00284982
0.00284986
0.00285015
0.00285065
0.00285134
0.00285219
0.00285316
0.00285422
0.00285535
0.00285651
0.00285766
0.00285878
0.00285984
0.0028608
0.00286163
0.00286231
0.00286282
0.00286311
0.00300018
0.00299005
0.00298065
0.00297193
0.00296387
0.00295643
0.00294959
0.00294333
0.00293762
0.00293246
0.00292782
0.00292368
0.00292004
0.00291687
0.00291417
0.0029119
0.00291006
0.00290863
0.00290759
0.00290692
0.00290659
0.00290658
0.00290687
0.00290743
0.00290824
0.00290925
0.00291044
0.00291178
0.00291324
0.00291477
0.00291634
0.00291792
0.00291947
0.00292095
0.00292234
0.00292359
0.00292467
0.00292554
0.00292618
0.00292654
0.00306363
0.00305322
0.00304361
0.00303474
0.00302659
0.00301911
0.00301229
0.0030061
0.00300052
0.00299553
0.00299111
0.00298723
0.00298389
0.00298106
0.00297872
0.00297685
0.00297544
0.00297446
0.00297388
0.00297369
0.00297386
0.00297436
0.00297517
0.00297624
0.00297756
0.00297908
0.00298078
0.00298261
0.00298454
0.00298653
0.00298855
0.00299054
0.00299248
0.00299432
0.00299603
0.00299756
0.00299888
0.00299994
0.0030007
0.00300112
0.00314021
0.00312956
0.00311976
0.00311077
0.00310254
0.00309505
0.00308827
0.00308217
0.00307673
0.00307192
0.00306772
0.00306411
0.00306108
0.00305859
0.00305662
0.00305516
0.00305417
0.00305363
0.00305353
0.00305382
0.00305448
0.00305548
0.00305679
0.00305837
0.00306019
0.00306222
0.0030644
0.00306671
0.00306911
0.00307155
0.00307398
0.00307638
0.00307869
0.00308087
0.00308288
0.00308468
0.00308622
0.00308746
0.00308834
0.00308881
0.00323229
0.00322147
0.00321154
0.00320247
0.00319421
0.00318674
0.00318002
0.00317404
0.00316875
0.00316414
0.00316019
0.00315686
0.00315413
0.00315198
0.00315039
0.00314932
0.00314875
0.00314866
0.003149
0.00314976
0.0031509
0.00315238
0.00315417
0.00315624
0.00315854
0.00316103
0.00316368
0.00316645
0.00316928
0.00317213
0.00317496
0.00317773
0.00318038
0.00318288
0.00318517
0.00318721
0.00318895
0.00319034
0.00319132
0.00319185
0.00334256
0.00333165
0.00332167
0.00331259
0.00330437
0.00329697
0.00329037
0.00328453
0.00327943
0.00327505
0.00327135
0.00326831
0.0032659
0.00326409
0.00326286
0.00326218
0.00326202
0.00326234
0.00326311
0.00326431
0.00326589
0.00326782
0.00327006
0.00327256
0.0032753
0.00327822
0.00328129
0.00328446
0.00328767
0.00329089
0.00329408
0.00329717
0.00330012
0.00330289
0.00330542
0.00330766
0.00330957
0.00331109
0.00331216
0.00331273
0.00347392
0.00346305
0.00345315
0.00344416
0.00343607
0.00342882
0.0034224
0.00341677
0.0034119
0.00340777
0.00340435
0.00340161
0.00339952
0.00339806
0.00339718
0.00339687
0.00339708
0.00339779
0.00339895
0.00340054
0.00340251
0.00340483
0.00340746
0.00341034
0.00341345
0.00341674
0.00342015
0.00342365
0.00342719
0.00343071
0.00343417
0.00343752
0.00344071
0.00344369
0.00344641
0.00344881
0.00345085
0.00345247
0.0034536
0.0034542
0.00362948
0.00361884
0.00360917
0.00360043
0.00359258
0.00358559
0.00357944
0.00357409
0.00356951
0.00356569
0.00356258
0.00356015
0.00355839
0.00355725
0.00355671
0.00355673
0.00355728
0.00355833
0.00355982
0.00356174
0.00356404
0.00356667
0.0035696
0.00357278
0.00357618
0.00357973
0.0035834
0.00358714
0.0035909
0.00359464
0.00359829
0.00360182
0.00360516
0.00360828
0.00361112
0.00361362
0.00361573
0.0036174
0.00361857
0.00361918
0.00381239
0.00380222
0.00379299
0.00378467
0.00377723
0.00377065
0.00376488
0.00375991
0.00375571
0.00375224
0.00374948
0.00374739
0.00374596
0.00374514
0.00374491
0.00374523
0.00374607
0.00374738
0.00374914
0.0037513
0.00375383
0.00375668
0.00375981
0.00376317
0.00376673
0.00377044
0.00377425
0.00377811
0.00378198
0.00378581
0.00378954
0.00379314
0.00379654
0.0037997
0.00380256
0.00380509
0.00380721
0.00380889
0.00381006
0.00381067
0.00402567
0.00401625
0.00400772
0.00400007
0.00399325
0.00398723
0.00398201
0.00397754
0.0039738
0.00397076
0.0039684
0.00396669
0.00396559
0.00396508
0.00396513
0.0039657
0.00396675
0.00396826
0.00397019
0.00397249
0.00397513
0.00397807
0.00398127
0.00398469
0.00398828
0.00399199
0.0039958
0.00399964
0.00400347
0.00400725
0.00401093
0.00401446
0.00401779
0.00402089
0.00402368
0.00402614
0.00402821
0.00402983
0.00403097
0.00403155
0.0042719
0.00426358
0.00425607
0.00424935
0.00424339
0.00423817
0.00423366
0.00422983
0.00422668
0.00422416
0.00422227
0.00422096
0.00422021
0.00422
0.00422029
0.00422105
0.00422225
0.00422387
0.00422585
0.00422818
0.0042308
0.00423369
0.00423681
0.00424012
0.00424357
0.00424713
0.00425076
0.00425441
0.00425804
0.00426161
0.00426508
0.0042684
0.00427153
0.00427443
0.00427704
0.00427934
0.00428126
0.00428277
0.00428382
0.00428436
0.00455289
0.00454606
0.00453992
0.00453445
0.00452963
0.00452543
0.00452185
0.00451884
0.00451641
0.00451452
0.00451316
0.0045123
0.00451192
0.004512
0.0045125
0.0045134
0.00451467
0.00451629
0.00451822
0.00452044
0.0045229
0.00452559
0.00452846
0.00453148
0.00453462
0.00453784
0.00454111
0.00454439
0.00454764
0.00455083
0.00455392
0.00455687
0.00455964
0.00456221
0.00456452
0.00456654
0.00456823
0.00456956
0.00457048
0.00457095
0.00486919
0.00486427
0.00485988
0.004856
0.00485261
0.0048497
0.00484726
0.00484527
0.00484371
0.00484257
0.00484183
0.00484148
0.00484149
0.00484185
0.00484253
0.00484351
0.00484478
0.00484631
0.00484807
0.00485005
0.00485221
0.00485453
0.00485699
0.00485955
0.0048622
0.0048649
0.00486762
0.00487034
0.00487303
0.00487566
0.0048782
0.00488062
0.00488289
0.00488498
0.00488686
0.0048885
0.00488988
0.00489095
0.0048917
0.00489208
0.00521959
0.00521699
0.00521472
0.00521276
0.00521111
0.00520975
0.00520869
0.00520789
0.00520737
0.0052071
0.00520709
0.0052073
0.00520774
0.00520839
0.00520924
0.00521027
0.00521147
0.00521283
0.00521433
0.00521595
0.00521768
0.0052195
0.00522139
0.00522334
0.00522532
0.00522733
0.00522934
0.00523134
0.0052333
0.0052352
0.00523703
0.00523877
0.00524039
0.00524189
0.00524323
0.0052444
0.00524537
0.00524613
0.00524666
0.00524692
0.00560057
0.00560065
0.00560083
0.0056011
0.00560145
0.00560189
0.00560241
0.005603
0.00560367
0.0056044
0.0056052
0.00560607
0.00560699
0.00560796
0.00560898
0.00561005
0.00561115
0.00561229
0.00561346
0.00561464
0.00561585
0.00561706
0.00561828
0.00561949
0.0056207
0.00562189
0.00562306
0.0056242
0.0056253
0.00562635
0.00562735
0.0056283
0.00562917
0.00562996
0.00563067
0.00563129
0.0056318
0.0056322
0.00563248
0.00563262
1.96545e-13
6.68161e-13
1.22901e-12
1.88706e-12
2.65035e-12
3.52705e-12
4.52545e-12
5.65391e-12
6.92088e-12
8.33483e-12
9.90419e-12
1.16374e-11
1.35427e-11
1.56283e-11
1.79022e-11
2.03722e-11
2.30458e-11
2.59301e-11
2.9032e-11
3.23578e-11
3.59133e-11
3.9704e-11
4.37346e-11
4.80091e-11
5.25311e-11
5.7303e-11
6.2327e-11
6.7604e-11
7.31344e-11
7.89173e-11
8.49513e-11
9.12339e-11
9.77621e-11
1.04532e-10
1.11538e-10
1.18774e-10
1.26233e-10
1.33909e-10
1.41796e-10
1.49888e-10
2.23319e-13
7.59506e-13
1.39813e-12
2.14912e-12
3.02252e-12
4.02866e-12
5.17809e-12
6.48154e-12
7.94986e-12
9.59401e-12
1.1425e-11
1.34537e-11
1.5691e-11
1.81478e-11
2.08343e-11
2.3761e-11
2.69375e-11
3.03733e-11
3.40772e-11
3.80574e-11
4.23214e-11
4.68759e-11
5.17268e-11
5.6879e-11
6.23362e-11
6.81013e-11
7.41759e-11
8.05602e-11
8.72534e-11
9.42532e-11
1.01556e-10
1.09157e-10
1.17051e-10
1.25228e-10
1.33681e-10
1.424e-10
1.51373e-10
1.60588e-10
1.70033e-10
1.797e-10
2.56618e-13
8.73171e-13
1.6088e-12
2.47599e-12
3.48753e-12
4.65664e-12
5.99693e-12
7.52231e-12
9.24696e-12
1.11853e-11
1.33517e-11
1.57607e-11
1.84268e-11
2.13643e-11
2.4587e-11
2.81087e-11
3.19423e-11
3.61004e-11
4.05946e-11
4.54357e-11
5.06334e-11
5.61964e-11
6.21318e-11
6.84456e-11
7.51421e-11
8.22239e-11
8.96919e-11
9.75454e-11
1.05781e-10
1.14395e-10
1.2338e-10
1.32726e-10
1.42425e-10
1.52462e-10
1.62822e-10
1.73491e-10
1.84448e-10
1.95676e-10
2.07155e-10
2.18865e-10
2.95794e-13
1.00695e-12
1.85691e-12
2.86132e-12
4.03636e-12
5.39882e-12
6.96612e-12
8.75615e-12
1.07873e-11
1.30781e-11
1.56476e-11
1.85147e-11
2.16983e-11
2.52172e-11
2.90899e-11
3.33342e-11
3.79673e-11
4.30056e-11
4.84642e-11
5.43574e-11
6.06974e-11
6.74952e-11
7.47598e-11
8.24981e-11
9.07147e-11
9.94122e-11
1.0859e-10
1.18246e-10
1.28373e-10
1.38965e-10
1.50008e-10
1.6149e-10
1.73393e-10
1.85697e-10
1.9838e-10
2.11417e-10
2.24781e-10
2.38442e-10
2.5237e-10
2.66537e-10
3.40218e-13
1.15869e-12
2.13849e-12
3.29896e-12
4.66024e-12
6.24337e-12
8.07023e-12
1.01635e-11
1.25464e-11
1.52427e-11
1.82766e-11
2.16724e-11
2.54545e-11
2.9647e-11
3.42735e-11
3.93573e-11
4.49203e-11
5.09836e-11
5.75666e-11
6.46872e-11
7.2361e-11
8.06016e-11
8.94196e-11
9.88233e-11
1.08817e-10
1.19404e-10
1.3058e-10
1.42341e-10
1.54677e-10
1.67574e-10
1.81017e-10
1.94983e-10
2.09447e-10
2.24381e-10
2.39752e-10
2.55524e-10
2.7166e-10
2.88117e-10
3.04852e-10
3.21824e-10
3.89283e-13
1.32632e-12
2.44968e-12
3.78291e-12
5.35065e-12
7.17876e-12
9.29425e-12
1.17252e-11
1.45005e-11
1.76498e-11
2.12034e-11
2.51916e-11
2.96452e-11
3.45944e-11
4.0069e-11
4.60981e-11
5.27094e-11
5.99292e-11
6.77818e-11
7.62893e-11
8.54708e-11
9.53428e-11
1.05918e-10
1.17205e-10
1.29209e-10
1.4193e-10
1.55364e-10
1.69501e-10
1.84328e-10
1.99824e-10
2.15965e-10
2.32722e-10
2.50058e-10
2.67935e-10
2.86309e-10
3.05129e-10
3.24345e-10
3.439e-10
3.63736e-10
3.83795e-10
4.42401e-13
1.50783e-12
2.78676e-12
4.30739e-12
6.09932e-12
8.19379e-12
1.06235e-11
1.34226e-11
1.66262e-11
2.02707e-11
2.4393e-11
2.90305e-11
3.42208e-11
4.00011e-11
4.64081e-11
5.34775e-11
6.12433e-11
6.97376e-11
7.89901e-11
8.90274e-11
9.98726e-11
1.11545e-10
1.24059e-10
1.37424e-10
1.51644e-10
1.66718e-10
1.82639e-10
1.99391e-10
2.16955e-10
2.35304e-10
2.54403e-10
2.74212e-10
2.94686e-10
3.1577e-10
3.37406e-10
3.59531e-10
3.82077e-10
4.04971e-10
4.28138e-10
4.51502e-10
4.99006e-13
1.70129e-12
3.14614e-12
4.86678e-12
6.89826e-12
9.27763e-12
1.20438e-11
1.52375e-11
1.8901e-11
2.30775e-11
2.78116e-11
3.31483e-11
3.91327e-11
4.58097e-11
5.32236e-11
6.14171e-11
7.04313e-11
8.03046e-11
9.10723e-11
1.02766e-10
1.15412e-10
1.29034e-10
1.43646e-10
1.5926e-10
1.75877e-10
1.93495e-10
2.121e-10
2.31672e-10
2.52185e-10
2.736e-10
2.95875e-10
3.18955e-10
3.42781e-10
3.67285e-10
3.92393e-10
4.18023e-10
4.4409e-10
4.70503e-10
4.97168e-10
5.23988e-10
5.58557e-13
1.90484e-12
3.52437e-12
5.45574e-12
7.73981e-12
1.04199e-11
1.35416e-11
1.71527e-11
2.13028e-11
2.60433e-11
3.14264e-11
3.75054e-11
4.43337e-11
5.19644e-11
6.04499e-11
6.98407e-11
8.01851e-11
9.15282e-11
1.03911e-10
1.17371e-10
1.31939e-10
1.47638e-10
1.64487e-10
1.82496e-10
2.01665e-10
2.21986e-10
2.43443e-10
2.66008e-10
2.89643e-10
3.14302e-10
3.39927e-10
3.66452e-10
3.93801e-10
4.21888e-10
4.50622e-10
4.79904e-10
5.09627e-10
5.3968e-10
5.69949e-10
6.00316e-10
6.20541e-13
2.11674e-12
3.91819e-12
6.06918e-12
8.61669e-12
1.16106e-11
1.51037e-11
1.91513e-11
2.38109e-11
2.91421e-11
3.52057e-11
4.20637e-11
4.97783e-11
5.84114e-11
6.80237e-11
7.86742e-11
9.04187e-11
1.03309e-10
1.17394e-10
1.32713e-10
1.49303e-10
1.6719e-10
1.86392e-10
2.06919e-10
2.28768e-10
2.51927e-10
2.76372e-10
3.02067e-10
3.28965e-10
3.57006e-10
3.86117e-10
4.16217e-10
4.47213e-10
4.79e-10
5.11467e-10
5.44493e-10
5.77953e-10
6.11713e-10
6.45637e-10
6.79584e-10
6.84477e-13
2.33533e-12
4.32454e-12
6.7023e-12
9.52202e-12
1.28406e-11
1.6718e-11
2.12177e-11
2.64055e-11
3.23495e-11
3.91197e-11
4.67871e-11
5.54233e-11
6.50992e-11
7.58846e-11
8.78469e-11
1.0105e-10
1.15553e-10
1.3141e-10
1.48667e-10
1.67364e-10
1.87528e-10
2.09178e-10
2.32323e-10
2.56956e-10
2.83059e-10
3.106e-10
3.39533e-10
3.69799e-10
4.01323e-10
4.34018e-10
4.67784e-10
5.02507e-10
5.38065e-10
5.74324e-10
6.11141e-10
6.48369e-10
6.85852e-10
7.23429e-10
7.60939e-10
7.49915e-13
2.55908e-12
4.74054e-12
7.35064e-12
1.04494e-11
1.41009e-11
1.8373e-11
2.33371e-11
2.90678e-11
3.56424e-11
4.31401e-11
5.16415e-11
6.12278e-11
7.19794e-11
8.39753e-11
9.72918e-11
1.12001e-10
1.28169e-10
1.45856e-10
1.65114e-10
1.85985e-10
2.08498e-10
2.32672e-10
2.58512e-10
2.86009e-10
3.15136e-10
3.45853e-10
3.78102e-10
4.1181e-10
4.46886e-10
4.83226e-10
5.20709e-10
5.59203e-10
5.98561e-10
6.38629e-10
6.7924e-10
7.20222e-10
7.61398e-10
8.02585e-10
8.43594e-10
8.16441e-13
2.78657e-12
5.16355e-12
8.01004e-12
1.13929e-11
1.53835e-11
2.00579e-11
2.54957e-11
3.17807e-11
3.89994e-11
4.72407e-11
5.65951e-11
6.71536e-11
7.90065e-11
9.22422e-11
1.06946e-10
1.23198e-10
1.41073e-10
1.60635e-10
1.81942e-10
2.05038e-10
2.29955e-10
2.5671e-10
2.85304e-10
3.15721e-10
3.47929e-10
3.81876e-10
4.1749e-10
4.54684e-10
4.93349e-10
5.33362e-10
5.74581e-10
6.16851e-10
6.60003e-10
7.03858e-10
7.48226e-10
7.92912e-10
8.37713e-10
8.82423e-10
9.26831e-10
8.83677e-13
3.01649e-12
5.59115e-12
8.6767e-12
1.2347e-11
1.6681e-11
2.17628e-11
2.7681e-11
3.45282e-11
4.24006e-11
5.13972e-11
6.16184e-11
7.31653e-11
8.61384e-11
1.00636e-10
1.16751e-10
1.34574e-10
1.54185e-10
1.75656e-10
1.99047e-10
2.24406e-10
2.51765e-10
2.81139e-10
3.12525e-10
3.45901e-10
3.81224e-10
4.1843e-10
4.57434e-10
4.98131e-10
5.40394e-10
5.84078e-10
6.2902e-10
6.75041e-10
7.21948e-10
7.69536e-10
8.17592e-10
8.65896e-10
9.14221e-10
9.62338e-10
1.01001e-09
9.51282e-13
3.24767e-12
6.02111e-12
9.34717e-12
1.33068e-11
1.79866e-11
2.34791e-11
2.98815e-11
3.72959e-11
4.58284e-11
5.55878e-11
6.66851e-11
7.92315e-11
9.33377e-11
1.09111e-10
1.26656e-10
1.46068e-10
1.67437e-10
1.90839e-10
2.16338e-10
2.43985e-10
2.7381e-10
3.05827e-10
3.40027e-10
3.76381e-10
4.14833e-10
4.55309e-10
4.97706e-10
5.41901e-10
5.87746e-10
6.35076e-10
6.83702e-10
7.33421e-10
7.84015e-10
8.35255e-10
8.86901e-10
9.38708e-10
9.90429e-10
1.04181e-09
1.09259e-09
1.61297e-10
1.76282e-10
1.91716e-10
2.07533e-10
2.23661e-10
2.40022e-10
2.56537e-10
2.73127e-10
2.89712e-10
3.06216e-10
3.22563e-10
3.38683e-10
3.54508e-10
3.69974e-10
3.85026e-10
3.9961e-10
4.13678e-10
4.27187e-10
4.40102e-10
4.52388e-10
4.64017e-10
4.74968e-10
4.8522e-10
4.94758e-10
5.0357e-10
5.1165e-10
5.18998e-10
5.25636e-10
5.31641e-10
5.37249e-10
5.43104e-10
5.50842e-10
5.64298e-10
5.91805e-10
6.5004e-10
7.69665e-10
1.00222e-09
1.42645e-09
2.15093e-09
3.309e-09
5.04374e-09
7.48341e-09
1.0713e-08
1.47501e-08
1.95341e-08
2.49323e-08
3.07615e-08
3.68181e-08
4.29083e-08
4.88702e-08
5.45859e-08
5.99839e-08
6.5033e-08
6.97337e-08
7.41079e-08
7.81902e-08
8.20211e-08
8.56415e-08
8.90899e-08
9.24004e-08
9.56021e-08
9.87186e-08
1.01769e-07
1.04766e-07
1.0772e-07
1.10637e-07
1.1352e-07
1.16368e-07
1.1918e-07
1.21952e-07
1.24677e-07
1.2735e-07
1.29963e-07
1.32508e-07
1.34978e-07
1.37365e-07
1.3966e-07
1.41856e-07
1.43947e-07
1.45926e-07
1.47789e-07
1.49534e-07
1.51162e-07
1.52688e-07
1.54154e-07
1.55662e-07
1.57447e-07
1.60022e-07
1.64443e-07
1.72756e-07
1.88688e-07
2.1857e-07
2.72393e-07
3.64674e-07
5.14672e-07
7.45391e-07
1.08102e-06
1.54292e-06
2.14502e-06
2.88976e-06
3.76611e-06
4.75041e-06
5.8098e-06
6.90734e-06
8.00741e-06
9.07985e-06
1.01025e-05
1.1062e-05
1.19525e-05
1.27743e-05
1.35319e-05
1.42326e-05
1.48845e-05
1.54959e-05
1.60747e-05
1.66279e-05
1.71612e-05
1.76796e-05
1.81868e-05
1.86856e-05
1.91783e-05
1.96659e-05
2.01493e-05
2.06286e-05
2.11035e-05
2.15735e-05
2.20375e-05
2.24946e-05
2.29434e-05
2.33825e-05
2.38106e-05
2.42262e-05
2.46279e-05
2.50144e-05
2.53845e-05
2.5737e-05
2.60711e-05
2.63859e-05
2.66812e-05
2.69573e-05
2.72163e-05
2.74642e-05
2.77158e-05
2.80047e-05
2.8405e-05
2.90687e-05
3.02926e-05
3.26199e-05
3.69798e-05
4.48482e-05
5.83871e-05
8.04906e-05
0.000114654
0.000164607
0.00023372
0.000324299
0.000436954
0.000570253
0.000720797
0.000883707
0.00105338
0.0012243
0.00139172
0.00155205
0.00170301
0.00184352
0.00197346
0.00209338
0.00220428
0.00230733
0.00240377
0.00249476
0.00258136
0.00266446
0.00274478
0.00282292
0.00289929
0.00297423
0.00304791
0.00312044
0.00319186
0.0032621
0.00333108
0.00339866
0.00346468
0.00352894
0.00359124
0.00365139
0.00370918
0.00376442
0.00381693
0.00386654
0.0039131
0.0039565
0.00399663
0.00403341
0.00406678
0.00409673
0.00412326
0.00414648
0.00416657
0.00418398
0.00419948
0.00421451
0.00423139
0.00425367
0.00428617
0.00433471
0.00440511
0.00450169
0.00462545
0.00477283
0.00493557
0.00510215
0.00526051
0.00540107
0.00551825
0.00561081
0.00568087
0.0057325
0.00577028
0.00579836
0.00582005
0.00583767
0.00585274
0.00586622
0.00587864
0.00589029
0.00590134
0.00591187
0.00592192
0.0059315
0.00594062
0.00594929
0.0059575
0.00596524
0.00597252
0.00597932
0.00598566
0.00599154
1.93286e-10
2.1104e-10
2.29206e-10
2.47688e-10
2.66375e-10
2.85158e-10
3.03924e-10
3.22566e-10
3.40978e-10
3.59062e-10
3.76724e-10
3.9388e-10
4.10452e-10
4.26375e-10
4.41589e-10
4.56045e-10
4.69704e-10
4.82532e-10
4.94506e-10
5.0561e-10
5.15833e-10
5.25171e-10
5.33626e-10
5.41206e-10
5.4792e-10
5.53784e-10
5.58822e-10
5.63078e-10
5.66653e-10
5.69811e-10
5.73229e-10
5.78597e-10
5.89856e-10
6.15546e-10
6.72759e-10
7.92934e-10
1.02898e-09
1.46188e-09
2.20352e-09
3.39184e-09
5.1756e-09
7.68951e-09
1.1025e-08
1.52055e-08
2.01744e-08
2.58011e-08
3.19021e-08
3.82717e-08
4.47121e-08
5.10567e-08
5.71826e-08
6.30136e-08
6.85143e-08
7.36815e-08
7.85341e-08
8.31046e-08
8.74315e-08
9.15541e-08
9.55092e-08
9.93292e-08
1.03041e-07
1.06666e-07
1.10219e-07
1.1371e-07
1.17146e-07
1.20526e-07
1.23849e-07
1.2711e-07
1.303e-07
1.33409e-07
1.36429e-07
1.39346e-07
1.42149e-07
1.44827e-07
1.47369e-07
1.49765e-07
1.52006e-07
1.54084e-07
1.55994e-07
1.57732e-07
1.59296e-07
1.60686e-07
1.61909e-07
1.62985e-07
1.63961e-07
1.64946e-07
1.66187e-07
1.68213e-07
1.72107e-07
1.79966e-07
1.95612e-07
2.25545e-07
2.80037e-07
3.74053e-07
5.27511e-07
7.64314e-07
1.10978e-06
1.58659e-06
2.20998e-06
2.98367e-06
3.89759e-06
4.92866e-06
6.04416e-06
7.20686e-06
8.38043e-06
9.53381e-06
1.06438e-05
1.1696e-05
1.26835e-05
1.36059e-05
1.44671e-05
1.52734e-05
1.60328e-05
1.67532e-05
1.74421e-05
1.81059e-05
1.87503e-05
1.93795e-05
1.99969e-05
2.06044e-05
2.12035e-05
2.17946e-05
2.23772e-05
2.29506e-05
2.35132e-05
2.40635e-05
2.45992e-05
2.51184e-05
2.56186e-05
2.60976e-05
2.65533e-05
2.69837e-05
2.73868e-05
2.77612e-05
2.81057e-05
2.84192e-05
2.87012e-05
2.89514e-05
2.91702e-05
2.93589e-05
2.95206e-05
2.96623e-05
2.98005e-05
2.99708e-05
3.02504e-05
3.07968e-05
3.19169e-05
3.41722e-05
3.85245e-05
4.65054e-05
6.03655e-05
8.31313e-05
0.000118481
0.000170377
0.000242464
0.000337337
0.000455878
0.000596878
0.000757082
0.000931654
0.00111494
0.00130129
0.00148574
0.00166448
0.001835
0.00199597
0.00214707
0.00228867
0.00242162
0.00254697
0.00266585
0.00277934
0.0028884
0.00299381
0.00309621
0.00319607
0.00329368
0.00338919
0.00348264
0.00357395
0.00366293
0.00374935
0.00383289
0.00391323
0.00399001
0.00406286
0.00413144
0.0041954
0.00425444
0.0043083
0.00435677
0.00439966
0.00443686
0.00446831
0.00449399
0.00451392
0.0045282
0.00453694
0.00454035
0.00453871
0.00453242
0.00452212
0.00450887
0.00449435
0.00448126
0.00447356
0.00447663
0.00449698
0.00454127
0.00461477
0.00471943
0.0048525
0.0050063
0.00516943
0.00532957
0.00547648
0.00560375
0.0057092
0.00579409
0.00586174
0.00591616
0.00596109
0.00599955
0.00603366
0.00606484
0.00609393
0.00612142
0.00614756
0.00617248
0.00619622
0.0062188
0.00624022
0.00626047
0.00627953
0.00629739
0.00631404
0.00632947
0.00634368
0.00635668
0.0063685
2.35268e-10
2.56575e-10
2.78218e-10
3.00049e-10
3.21912e-10
3.4365e-10
3.65111e-10
3.86149e-10
4.06628e-10
4.26424e-10
4.45425e-10
4.63535e-10
4.80669e-10
4.96763e-10
5.11763e-10
5.25633e-10
5.38348e-10
5.49897e-10
5.60279e-10
5.69504e-10
5.77591e-10
5.84566e-10
5.90464e-10
5.95322e-10
5.99182e-10
6.02091e-10
6.04105e-10
6.05296e-10
6.05798e-10
6.05904e-10
6.06338e-10
6.08855e-10
6.17528e-10
6.41155e-10
6.97335e-10
8.18453e-10
1.05904e-09
1.50267e-09
2.265e-09
3.48894e-09
5.32927e-09
7.92711e-09
1.138e-08
1.57161e-08
2.08818e-08
2.6747e-08
3.31267e-08
3.98116e-08
4.65995e-08
5.33189e-08
5.98424e-08
6.60897e-08
7.20224e-08
7.76351e-08
8.29455e-08
8.79854e-08
9.27931e-08
9.7408e-08
1.01867e-07
1.06201e-07
1.10436e-07
1.14591e-07
1.18679e-07
1.22705e-07
1.2667e-07
1.30569e-07
1.34393e-07
1.3813e-07
1.41763e-07
1.45277e-07
1.48652e-07
1.5187e-07
1.54914e-07
1.57767e-07
1.60414e-07
1.62843e-07
1.65041e-07
1.67003e-07
1.68723e-07
1.70199e-07
1.71433e-07
1.72431e-07
1.73205e-07
1.7378e-07
1.74212e-07
1.7462e-07
1.75262e-07
1.76685e-07
1.80004e-07
1.87377e-07
2.02728e-07
2.32745e-07
2.88014e-07
3.83988e-07
5.41296e-07
7.84788e-07
1.14094e-06
1.63371e-06
2.27964e-06
3.08349e-06
4.036e-06
5.1144e-06
6.28585e-06
7.51258e-06
8.75746e-06
9.98841e-06
1.11813e-05
1.23207e-05
1.3399e-05
1.44152e-05
1.53727e-05
1.62778e-05
1.7138e-05
1.79614e-05
1.87553e-05
1.95263e-05
2.02797e-05
2.10195e-05
2.17485e-05
2.24682e-05
2.3179e-05
2.38803e-05
2.45707e-05
2.52478e-05
2.59089e-05
2.65507e-05
2.71697e-05
2.77623e-05
2.83247e-05
2.88535e-05
2.93456e-05
2.9798e-05
3.02083e-05
3.05747e-05
3.08957e-05
3.11707e-05
3.13994e-05
3.15823e-05
3.17206e-05
3.18167e-05
3.18748e-05
3.19037e-05
3.19212e-05
3.19657e-05
3.21177e-05
3.25409e-05
3.3553e-05
3.57355e-05
4.00859e-05
4.81952e-05
6.24088e-05
8.58922e-05
0.000122513
0.000176469
0.000251674
0.000350997
0.000475566
0.000624359
0.000794216
0.000980303
0.00117687
0.0013781
0.00157882
0.00177498
0.00196384
0.00214389
0.00231462
0.00247628
0.00262962
0.00277564
0.00291541
0.00304997
0.00318024
0.00330696
0.00343071
0.00355184
0.00367055
0.00378682
0.00390051
0.00401132
0.00411886
0.00422263
0.00432208
0.00441661
0.00450563
0.00458853
0.00466477
0.00473384
0.0047953
0.00484878
0.00489401
0.00493079
0.00495905
0.00497877
0.00499004
0.00499303
0.00498797
0.00497519
0.00495509
0.00492816
0.00489506
0.00485668
0.00481434
0.00477006
0.00472687
0.00468918
0.00466293
0.0046553
0.00467378
0.00472451
0.00481037
0.00492937
0.0050743
0.00523389
0.0053955
0.00554828
0.00568497
0.00580249
0.00590126
0.00598388
0.00605381
0.00611442
0.00616841
0.00621775
0.00626373
0.00630712
0.00634834
0.00638762
0.00642506
0.00646068
0.0064945
0.00652649
0.00655665
0.00658494
0.00661136
0.00663589
0.00665854
0.00667932
0.00669824
0.00671535
2.8631e-10
3.11844e-10
3.37588e-10
3.63334e-10
3.88868e-10
4.13978e-10
4.38463e-10
4.62137e-10
4.8483e-10
5.0639e-10
5.26689e-10
5.4562e-10
5.63101e-10
5.7907e-10
5.93488e-10
6.06337e-10
6.17617e-10
6.27346e-10
6.35556e-10
6.42292e-10
6.47611e-10
6.51578e-10
6.54266e-10
6.55752e-10
6.56118e-10
6.55448e-10
6.53835e-10
6.51388e-10
6.48274e-10
6.44828e-10
6.4182e-10
6.41088e-10
6.46855e-10
6.68226e-10
7.23396e-10
8.45839e-10
1.09195e-09
1.54821e-09
2.33442e-09
3.59888e-09
5.50256e-09
8.19298e-09
1.17733e-08
1.62755e-08
2.16477e-08
2.77588e-08
3.44206e-08
4.14191e-08
4.8547e-08
5.56273e-08
6.25284e-08
6.91667e-08
7.55018e-08
8.15275e-08
8.72621e-08
9.27386e-08
9.79969e-08
1.03078e-07
1.0802e-07
1.12856e-07
1.17611e-07
1.22302e-07
1.2694e-07
1.31525e-07
1.36054e-07
1.40513e-07
1.44887e-07
1.49154e-07
1.53288e-07
1.57264e-07
1.61053e-07
1.6463e-07
1.67966e-07
1.71041e-07
1.73831e-07
1.76322e-07
1.78501e-07
1.80358e-07
1.81891e-07
1.83099e-07
1.8399e-07
1.84574e-07
1.8487e-07
1.84913e-07
1.84764e-07
1.84555e-07
1.84557e-07
1.85338e-07
1.8805e-07
1.94911e-07
2.09964e-07
2.40102e-07
2.96249e-07
3.94386e-07
5.55893e-07
8.06612e-07
1.1742e-06
1.68388e-06
2.35338e-06
3.18841e-06
4.18025e-06
5.3062e-06
6.53302e-06
7.82216e-06
9.1355e-06
1.04398e-05
1.17101e-05
1.29299e-05
1.40913e-05
1.51926e-05
1.62372e-05
1.72316e-05
1.81834e-05
1.91011e-05
1.99923e-05
2.08638e-05
2.17211e-05
2.2568e-05
2.34072e-05
2.42395e-05
2.50646e-05
2.58807e-05
2.6685e-05
2.74737e-05
2.82423e-05
2.89857e-05
2.96985e-05
3.03753e-05
3.10106e-05
3.15995e-05
3.21374e-05
3.26203e-05
3.3045e-05
3.34091e-05
3.37112e-05
3.39505e-05
3.41273e-05
3.4243e-05
3.42995e-05
3.43006e-05
3.42521e-05
3.4164e-05
3.40566e-05
3.39707e-05
3.39906e-05
3.42867e-05
3.51884e-05
3.72988e-05
4.16533e-05
4.99066e-05
6.4504e-05
8.87561e-05
0.000126725
0.000182848
0.0002613
0.000365209
0.000495925
0.000652569
0.000832031
0.00102943
0.00123886
0.00145432
0.00167039
0.00188279
0.00208857
0.00228602
0.00247452
0.00265425
0.0028259
0.00299048
0.00314908
0.00330277
0.0034525
0.00359902
0.00374286
0.00388435
0.00402355
0.00416034
0.00429438
0.00442513
0.00455196
0.00467407
0.00479061
0.00490069
0.00500341
0.0050979
0.00518335
0.00525902
0.0053243
0.0053787
0.00542185
0.00545355
0.00547371
0.0054824
0.0054798
0.00546624
0.00544212
0.00540798
0.00536445
0.00531227
0.00525236
0.0051859
0.00511452
0.00504054
0.00496739
0.00489993
0.00484464
0.00480939
0.00480244
0.00483081
0.00489823
0.00500342
0.0051396
0.00529558
0.00545839
0.00561656
0.00576199
0.00589075
0.00600241
0.00609892
0.00618319
0.00625819
0.00632639
0.00638956
0.00644888
0.00650507
0.0065585
0.00660937
0.00665777
0.00670373
0.00674725
0.00678832
0.00682693
0.00686307
0.00689674
0.00692795
0.0069567
0.00698302
0.00700696
0.00702857
3.45431e-10
3.75743e-10
4.06089e-10
4.36191e-10
4.65766e-10
4.94543e-10
5.2227e-10
5.48716e-10
5.73677e-10
5.96977e-10
6.18475e-10
6.38058e-10
6.55647e-10
6.71194e-10
6.84679e-10
6.96111e-10
7.0552e-10
7.1296e-10
7.18503e-10
7.22235e-10
7.24257e-10
7.24679e-10
7.23619e-10
7.212e-10
7.17547e-10
7.12789e-10
7.07058e-10
7.00505e-10
6.93337e-10
6.85929e-10
6.79109e-10
6.74806e-10
6.77418e-10
6.96395e-10
7.50605e-10
8.74755e-10
1.12731e-09
1.59796e-09
2.41098e-09
3.72037e-09
5.6935e-09
8.48415e-09
1.22005e-08
1.68777e-08
2.2464e-08
2.88256e-08
3.57697e-08
4.30765e-08
5.05321e-08
5.79541e-08
6.52066e-08
7.22035e-08
7.89035e-08
8.53013e-08
9.14172e-08
9.72873e-08
1.02955e-07
1.08466e-07
1.13861e-07
1.19174e-07
1.24433e-07
1.29655e-07
1.34846e-07
1.40005e-07
1.4512e-07
1.50172e-07
1.55135e-07
1.59977e-07
1.64663e-07
1.69154e-07
1.73412e-07
1.77399e-07
1.81079e-07
1.8442e-07
1.87396e-07
1.89984e-07
1.92169e-07
1.93942e-07
1.95299e-07
1.96246e-07
1.96791e-07
1.96952e-07
1.96756e-07
1.96245e-07
1.95493e-07
1.9464e-07
1.93975e-07
1.94088e-07
1.96168e-07
2.02504e-07
2.17263e-07
2.47557e-07
3.04676e-07
4.0516e-07
5.71181e-07
8.29605e-07
1.20929e-06
1.73669e-06
2.43064e-06
3.29765e-06
4.3293e-06
5.50269e-06
6.7839e-06
8.13336e-06
9.51171e-06
1.08846e-05
1.22258e-05
1.35184e-05
1.47538e-05
1.59304e-05
1.70517e-05
1.81244e-05
1.91571e-05
2.01586e-05
2.11376e-05
2.21012e-05
2.30555e-05
2.40045e-05
2.49506e-05
2.58943e-05
2.68344e-05
2.77681e-05
2.86909e-05
2.95975e-05
3.04812e-05
3.1335e-05
3.21512e-05
3.29222e-05
3.36407e-05
3.42995e-05
3.48927e-05
3.54148e-05
3.58616e-05
3.62302e-05
3.65187e-05
3.67267e-05
3.68548e-05
3.6905e-05
3.68806e-05
3.67866e-05
3.66302e-05
3.64236e-05
3.6189e-05
3.597e-05
3.58553e-05
3.60222e-05
3.68128e-05
3.88528e-05
4.32179e-05
5.16301e-05
6.66392e-05
9.17068e-05
0.000131094
0.000189478
0.000271291
0.000379904
0.000516857
0.000681375
0.000870351
0.00107879
0.00130062
0.00152957
0.00175997
0.00198729
0.00220837
0.00242137
0.00262557
0.00282112
0.00300875
0.00318952
0.00336464
0.00353526
0.00370242
0.00386695
0.0040294
0.00419007
0.00434897
0.00450582
0.00466009
0.00481103
0.00495768
0.00509896
0.00523367
0.00536055
0.00547836
0.00558591
0.00568207
0.00576586
0.00583645
0.00589318
0.00593559
0.00596341
0.00597657
0.00597519
0.00595957
0.00593018
0.00588761
0.00583263
0.0057661
0.00568904
0.00560265
0.00550842
0.00540827
0.00530492
0.00520216
0.00510531
0.00502143
0.00495902
0.00492713
0.00493361
0.00498299
0.00507465
0.00520223
0.00535454
0.00551831
0.00568139
0.00583492
0.00597408
0.00609767
0.00620696
0.00630436
0.00639246
0.00647347
0.00654901
0.00662017
0.00668757
0.0067516
0.00681242
0.00687014
0.00692479
0.00697639
0.00702495
0.00707048
0.00711301
0.00715254
0.00718912
0.00722279
0.0072536
0.00728159
0.00730687
4.11607e-10
4.47127e-10
4.82451e-10
5.17221e-10
5.51085e-10
5.83708e-10
6.14785e-10
6.44041e-10
6.71242e-10
6.96193e-10
7.18741e-10
7.38775e-10
7.56227e-10
7.71066e-10
7.83299e-10
7.92963e-10
8.00128e-10
8.04887e-10
8.07356e-10
8.07668e-10
8.05971e-10
8.02424e-10
7.97194e-10
7.90452e-10
7.82371e-10
7.73126e-10
7.62894e-10
7.51869e-10
7.40301e-10
7.28613e-10
7.17693e-10
7.09571e-10
7.08838e-10
7.25331e-10
7.78665e-10
9.049e-10
1.16477e-09
1.65142e-09
2.49393e-09
3.85225e-09
5.90025e-09
8.79783e-09
1.26577e-08
1.7517e-08
2.33226e-08
2.99368e-08
3.71606e-08
4.47666e-08
5.25337e-08
6.02735e-08
6.78464e-08
7.51643e-08
8.21863e-08
8.89093e-08
9.53576e-08
1.01572e-07
1.07603e-07
1.13501e-07
1.19311e-07
1.25072e-07
1.30814e-07
1.36553e-07
1.42295e-07
1.48034e-07
1.53753e-07
1.59423e-07
1.65007e-07
1.70464e-07
1.75745e-07
1.80798e-07
1.85572e-07
1.90017e-07
1.94087e-07
1.97739e-07
2.00939e-07
2.03659e-07
2.05881e-07
2.07593e-07
2.08793e-07
2.09488e-07
2.09692e-07
2.09431e-07
2.08738e-07
2.07664e-07
2.06295e-07
2.04784e-07
2.03434e-07
2.02862e-07
2.04296e-07
2.10099e-07
2.24572e-07
2.55061e-07
3.13239e-07
4.16235e-07
5.87048e-07
8.53598e-07
1.24594e-06
1.79175e-06
2.51087e-06
3.41043e-06
4.48211e-06
5.70253e-06
7.0368e-06
8.44406e-06
9.88349e-06
1.13195e-05
1.27248e-05
1.40819e-05
1.53817e-05
1.6623e-05
1.78096e-05
1.89491e-05
2.00511e-05
2.11255e-05
2.21819e-05
2.32287e-05
2.42723e-05
2.53175e-05
2.63665e-05
2.74196e-05
2.84746e-05
2.95277e-05
3.05727e-05
3.16023e-05
3.26077e-05
3.35795e-05
3.45075e-05
3.53817e-05
3.61923e-05
3.69302e-05
3.75873e-05
3.81569e-05
3.86334e-05
3.90132e-05
3.9294e-05
3.94755e-05
3.95587e-05
3.95465e-05
3.94433e-05
3.92553e-05
3.89916e-05
3.86663e-05
3.83039e-05
3.79511e-05
3.77008e-05
3.77379e-05
3.84176e-05
4.03897e-05
4.47722e-05
5.33574e-05
6.88041e-05
9.47296e-05
0.000135598
0.000196326
0.000281598
0.00039501
0.000538262
0.000710644
0.000908997
0.00112817
0.00136185
0.00160348
0.00184709
0.00208791
0.00232259
0.00254917
0.00276688
0.00297592
0.00317709
0.00337162
0.00356085
0.00374613
0.00392865
0.00410936
0.00428888
0.00446752
0.00464523
0.00482162
0.00499595
0.00516722
0.00533415
0.0054953
0.00564909
0.00579387
0.00592801
0.00604994
0.00615821
0.00625153
0.00632883
0.00638926
0.00643225
0.00645744
0.00646477
0.00645441
0.00642676
0.00638243
0.00632223
0.00624714
0.00615828
0.00605694
0.00594463
0.00582315
0.00569476
0.00556253
0.00543067
0.00530498
0.00519304
0.00510403
0.00504775
0.00503285
0.00506463
0.0051431
0.00526224
0.00541086
0.00557534
0.0057429
0.00590388
0.00605263
0.00618719
0.00630817
0.0064175
0.0065174
0.00660985
0.00669631
0.00677776
0.00685482
0.00692783
0.00699697
0.00706236
0.00712406
0.00718213
0.00723661
0.00728755
0.00733501
0.00737906
0.00741976
0.00745719
0.00749142
0.00752256
0.0075507
4.83795e-10
5.24829e-10
5.65382e-10
6.05012e-10
6.43294e-10
6.79831e-10
7.14265e-10
7.46283e-10
7.75625e-10
8.02081e-10
8.25496e-10
8.45766e-10
8.62837e-10
8.76703e-10
8.874e-10
8.95003e-10
8.9962e-10
9.01388e-10
9.00469e-10
8.97044e-10
8.91312e-10
8.83481e-10
8.73769e-10
8.62396e-10
8.49585e-10
8.3556e-10
8.20545e-10
8.04777e-10
7.88554e-10
7.72348e-10
7.57113e-10
7.44991e-10
7.40782e-10
7.54747e-10
8.07314e-10
9.36011e-10
1.20401e-09
1.70816e-09
2.5826e-09
3.99342e-09
6.1211e-09
9.13139e-09
1.31409e-08
1.81876e-08
2.4216e-08
3.10826e-08
3.85803e-08
4.64733e-08
5.45322e-08
6.25627e-08
7.04213e-08
7.80189e-08
8.53163e-08
9.23145e-08
9.90436e-08
1.05552e-07
1.11897e-07
1.18136e-07
1.24322e-07
1.305e-07
1.367e-07
1.42943e-07
1.49231e-07
1.55554e-07
1.61887e-07
1.68195e-07
1.74429e-07
1.80533e-07
1.86445e-07
1.921e-07
1.97433e-07
2.02378e-07
2.06879e-07
2.10881e-07
2.14342e-07
2.17227e-07
2.19513e-07
2.21188e-07
2.22249e-07
2.22708e-07
2.22582e-07
2.21904e-07
2.20715e-07
2.19077e-07
2.17086e-07
2.14909e-07
2.12866e-07
2.116e-07
2.12381e-07
2.1765e-07
2.31849e-07
2.62568e-07
3.21886e-07
4.27544e-07
6.03395e-07
8.78435e-07
1.28393e-06
1.84872e-06
2.59356e-06
3.52604e-06
4.63772e-06
5.90446e-06
7.29011e-06
8.75228e-06
1.02485e-05
1.17418e-05
1.3204e-05
1.46168e-05
1.59712e-05
1.72663e-05
1.85068e-05
1.97015e-05
2.08613e-05
2.19976e-05
2.31214e-05
2.42424e-05
2.5368e-05
2.65035e-05
2.76514e-05
2.88116e-05
2.99812e-05
3.11549e-05
3.2325e-05
3.3482e-05
3.46147e-05
3.57109e-05
3.67579e-05
3.77429e-05
3.86535e-05
3.94783e-05
4.02071e-05
4.08313e-05
4.13444e-05
4.17415e-05
4.20202e-05
4.218e-05
4.22225e-05
4.21513e-05
4.19719e-05
4.16921e-05
4.13226e-05
4.08796e-05
4.039e-05
3.99036e-05
3.95181e-05
3.94258e-05
3.99958e-05
4.19032e-05
4.63099e-05
5.50814e-05
7.09893e-05
9.78106e-05
0.000140216
0.000203361
0.000292172
0.000410456
0.000560042
0.00074024
0.000947792
0.00117734
0.00142226
0.00167569
0.00193134
0.0021842
0.00243073
0.00266888
0.00289791
0.00311809
0.0033304
0.00353627
0.0037373
0.00393506
0.00413096
0.00432611
0.00452127
0.00471675
0.00491248
0.00510792
0.00530214
0.00549384
0.00568142
0.00586304
0.00603669
0.00620031
0.00635184
0.00648929
0.00661085
0.00671492
0.00680015
0.0068655
0.00691025
0.00693397
0.00693659
0.00691832
0.00687966
0.00682138
0.00674446
0.00665011
0.00653972
0.00641487
0.00627736
0.00612931
0.00597333
0.00581287
0.00565256
0.00549865
0.0053593
0.00524433
0.00516426
0.00512854
0.00514319
0.00520881
0.00531968
0.0054646
0.00562957
0.0058012
0.00596902
0.00612659
0.00627118
0.00640281
0.00652289
0.00663334
0.00673587
0.00683182
0.00692211
0.0070073
0.00708773
0.00716363
0.00723512
0.00730232
0.00736533
0.00742425
0.00747918
0.00753025
0.00757755
0.0076212
0.00766133
0.00769804
0.00773146
0.00776174
5.60948e-10
6.07685e-10
6.53601e-10
6.98169e-10
7.40891e-10
7.81308e-10
8.19019e-10
8.53677e-10
8.85002e-10
9.12778e-10
9.36853e-10
9.57135e-10
9.73594e-10
9.86251e-10
9.95176e-10
1.00048e-09
1.00232e-09
1.00087e-09
9.96336e-10
9.88956e-10
9.78973e-10
9.66646e-10
9.52242e-10
9.36034e-10
9.18292e-10
8.9929e-10
8.79299e-10
8.58605e-10
8.37552e-10
8.16664e-10
7.96969e-10
7.80723e-10
7.72959e-10
7.84391e-10
8.36324e-10
9.67857e-10
1.24476e-09
1.76779e-09
2.67635e-09
4.14289e-09
6.35443e-09
9.48232e-09
1.36464e-08
1.88845e-08
2.5137e-08
3.22533e-08
4.00168e-08
4.81819e-08
5.65102e-08
6.48013e-08
7.29085e-08
8.07426e-08
8.82675e-08
9.549e-08
1.02448e-07
1.09199e-07
1.15809e-07
1.22346e-07
1.28871e-07
1.35434e-07
1.42071e-07
1.48802e-07
1.5563e-07
1.62539e-07
1.69498e-07
1.7646e-07
1.83366e-07
1.90145e-07
1.9672e-07
2.03011e-07
2.08937e-07
2.14419e-07
2.19384e-07
2.2377e-07
2.27522e-07
2.306e-07
2.32977e-07
2.34637e-07
2.35579e-07
2.35816e-07
2.35373e-07
2.34286e-07
2.32608e-07
2.30409e-07
2.27797e-07
2.24953e-07
2.22216e-07
2.20252e-07
2.2038e-07
2.25119e-07
2.39058e-07
2.70044e-07
3.30574e-07
4.39026e-07
6.2013e-07
9.03973e-07
1.32302e-06
1.90724e-06
2.6782e-06
3.64379e-06
4.79519e-06
6.10728e-06
7.54236e-06
9.05625e-06
1.06047e-05
1.21493e-05
1.36608e-05
1.51206e-05
1.65197e-05
1.78579e-05
1.91413e-05
2.03799e-05
2.15865e-05
2.27744e-05
2.39563e-05
2.51432e-05
2.6344e-05
2.75646e-05
2.88078e-05
3.00731e-05
3.13569e-05
3.26524e-05
3.39501e-05
3.52382e-05
3.65028e-05
3.77289e-05
3.89009e-05
4.0003e-05
4.102e-05
4.19381e-05
4.27448e-05
4.34298e-05
4.3985e-05
4.44048e-05
4.46862e-05
4.48287e-05
4.48343e-05
4.47075e-05
4.44549e-05
4.40858e-05
4.36127e-05
4.30537e-05
4.24384e-05
4.18197e-05
4.13e-05
4.10796e-05
4.15421e-05
4.33883e-05
4.78259e-05
5.67962e-05
7.31865e-05
0.000100937
0.000144928
0.00021055
0.000302967
0.000426172
0.000582097
0.000770031
0.000986563
0.00122607
0.0014816
0.00174591
0.0020124
0.00227581
0.00253243
0.00278018
0.00301836
0.00324743
0.00346859
0.00368355
0.00389422
0.00410247
0.00430997
0.00451804
0.00472757
0.00493894
0.00515201
0.00536612
0.0055801
0.00579236
0.00600091
0.00620349
0.00639765
0.00658087
0.00675062
0.0069045
0.0070403
0.00715609
0.00725024
0.00732152
0.00736903
0.00739229
0.00739119
0.007366
0.0073173
0.00724601
0.00715331
0.00704062
0.00690958
0.00676206
0.00660016
0.00642632
0.00624353
0.00605559
0.00586754
0.00568614
0.00552008
0.00537983
0.00527663
0.00522067
0.00521869
0.00527181
0.00537461
0.00551585
0.00568112
0.00585641
0.0060305
0.00619613
0.00634988
0.00649113
0.00662086
0.00674064
0.00685198
0.00695609
0.00705381
0.0071457
0.00723211
0.0073133
0.00738944
0.00746071
0.00752728
0.00758931
0.00764697
0.00770043
0.00774987
0.00779546
0.00783736
0.00787572
0.0079107
0.00794247
6.42043e-10
6.94563e-10
7.45867e-10
7.95347e-10
8.42432e-10
8.86612e-10
9.27445e-10
9.6456e-10
9.97666e-10
1.02655e-09
1.05106e-09
1.07114e-09
1.08678e-09
1.09802e-09
1.10499e-09
1.10782e-09
1.10671e-09
1.10189e-09
1.09361e-09
1.08215e-09
1.06779e-09
1.05085e-09
1.03164e-09
1.01049e-09
9.87701e-10
9.63612e-10
9.38536e-10
9.12809e-10
8.86822e-10
8.61155e-10
8.36911e-10
8.16474e-10
8.05119e-10
8.14049e-10
8.655e-10
1.00024e-09
1.28678e-09
1.82994e-09
2.77461e-09
4.29968e-09
6.59869e-09
9.84823e-09
1.41707e-08
1.96025e-08
2.60788e-08
3.34401e-08
4.14591e-08
4.9879e-08
5.84521e-08
6.69721e-08
7.52895e-08
8.33164e-08
9.1021e-08
9.84178e-08
1.05554e-07
1.12499e-07
1.1933e-07
1.26124e-07
1.32953e-07
1.39874e-07
1.46927e-07
1.54135e-07
1.61497e-07
1.68994e-07
1.76587e-07
1.84219e-07
1.91815e-07
1.99292e-07
2.06557e-07
2.13512e-07
2.20059e-07
2.26105e-07
2.31563e-07
2.36359e-07
2.40428e-07
2.43723e-07
2.4621e-07
2.47874e-07
2.48714e-07
2.48745e-07
2.47996e-07
2.46513e-07
2.44354e-07
2.41601e-07
2.38374e-07
2.34867e-07
2.31437e-07
2.2878e-07
2.28257e-07
2.32473e-07
2.46169e-07
2.77456e-07
3.39265e-07
4.50627e-07
6.37167e-07
9.30075e-07
1.363e-06
1.96699e-06
2.76433e-06
3.76303e-06
4.95368e-06
6.30989e-06
7.7922e-06
9.35438e-06
1.09503e-05
1.254e-05
1.40934e-05
1.55915e-05
1.70257e-05
1.83969e-05
1.97125e-05
2.09847e-05
2.22282e-05
2.34583e-05
2.46898e-05
2.59356e-05
2.72057e-05
2.85069e-05
2.98424e-05
3.12114e-05
3.26092e-05
3.40277e-05
3.54552e-05
3.68774e-05
3.82777e-05
3.96381e-05
4.09398e-05
4.2164e-05
4.32926e-05
4.43089e-05
4.51984e-05
4.59487e-05
4.65505e-05
4.69971e-05
4.72851e-05
4.7414e-05
4.73862e-05
4.72069e-05
4.6884e-05
4.64283e-05
4.58539e-05
4.51813e-05
4.44422e-05
4.36931e-05
4.3041e-05
4.26946e-05
4.3052e-05
4.48409e-05
4.93161e-05
5.84964e-05
7.53881e-05
0.000104098
0.000149714
0.000217863
0.000313934
0.000442091
0.000604333
0.000799887
0.00102514
0.00127417
0.00153962
0.00181387
0.00208998
0.00236245
0.00262745
0.00288288
0.00312819
0.00336402
0.00359192
0.00381393
0.00403232
0.00424931
0.00446689
0.0046866
0.00490948
0.00513597
0.00536586
0.00559836
0.00583204
0.00606498
0.00629479
0.00651875
0.00673394
0.00693733
0.00712594
0.00729692
0.00744766
0.00757589
0.00767971
0.00775766
0.00780871
0.00783231
0.00782834
0.00779707
0.00773922
0.00765581
0.00754822
0.00741809
0.0072673
0.007098
0.00691258
0.00671382
0.00650504
0.00629042
0.00607545
0.00586733
0.00567533
0.00551052
0.00538486
0.00530928
0.00529117
0.00533218
0.00542712
0.00556468
0.00573009
0.00590868
0.00608848
0.00626148
0.00642353
0.00657346
0.00671178
0.00683976
0.0069587
0.00706972
0.00717359
0.00727086
0.00736193
0.00744709
0.00752658
0.00760066
0.00766956
0.00773353
0.00779281
0.00784765
0.00789828
0.00794494
0.00798782
0.00802714
0.00806308
0.00809583
7.26099e-10
7.8438e-10
8.41003e-10
8.95276e-10
9.46567e-10
9.9432e-10
1.03806e-09
1.07741e-09
1.11206e-09
1.14181e-09
1.16655e-09
1.18621e-09
1.20084e-09
1.21051e-09
1.21538e-09
1.21562e-09
1.21148e-09
1.20321e-09
1.19112e-09
1.17553e-09
1.15676e-09
1.13517e-09
1.11113e-09
1.08499e-09
1.05713e-09
1.02792e-09
9.97722e-10
9.66921e-10
9.35958e-10
9.05473e-10
8.76644e-10
8.51992e-10
8.37051e-10
8.43539e-10
8.94674e-10
1.03298e-09
1.32982e-09
1.89427e-09
2.87683e-09
4.46289e-09
6.85241e-09
1.02268e-08
1.47103e-08
2.03369e-08
2.70349e-08
3.46347e-08
4.28969e-08
5.15524e-08
6.03445e-08
6.90607e-08
7.75499e-08
8.57262e-08
9.35643e-08
1.01088e-07
1.08357e-07
1.15451e-07
1.22461e-07
1.29477e-07
1.3658e-07
1.43836e-07
1.51288e-07
1.58962e-07
1.66855e-07
1.74943e-07
1.83178e-07
1.91491e-07
1.99795e-07
2.07989e-07
2.15963e-07
2.23603e-07
2.30794e-07
2.37426e-07
2.43398e-07
2.48623e-07
2.53028e-07
2.56556e-07
2.59172e-07
2.60855e-07
2.61607e-07
2.61445e-07
2.60403e-07
2.58534e-07
2.55904e-07
2.52607e-07
2.48773e-07
2.4461e-07
2.40495e-07
2.3715e-07
2.35984e-07
2.39689e-07
2.53159e-07
2.8478e-07
3.47928e-07
4.62299e-07
6.54431e-07
9.56618e-07
1.40368e-06
2.02769e-06
2.85152e-06
3.88314e-06
5.11237e-06
6.51128e-06
8.03842e-06
9.64529e-06
1.12838e-05
1.29125e-05
1.45005e-05
1.60284e-05
1.74887e-05
1.88833e-05
2.02216e-05
2.15179e-05
2.27892e-05
2.40535e-05
2.53275e-05
2.66261e-05
2.79607e-05
2.93392e-05
3.07647e-05
3.22363e-05
3.37482e-05
3.52907e-05
3.68499e-05
3.84089e-05
3.99481e-05
4.14462e-05
4.28812e-05
4.42311e-05
4.54749e-05
4.6593e-05
4.75687e-05
4.83877e-05
4.90392e-05
4.95157e-05
4.98132e-05
4.99313e-05
4.98729e-05
4.96439e-05
4.92534e-05
4.87137e-05
4.80407e-05
4.72568e-05
4.63964e-05
4.55192e-05
4.47371e-05
4.42671e-05
4.45222e-05
4.62579e-05
5.0777e-05
6.01778e-05
7.75876e-05
0.000107281
0.000154556
0.000225272
0.000325031
0.000458146
0.000626657
0.000829688
0.00106338
0.00132145
0.00159612
0.00187935
0.00216388
0.00244397
0.00271568
0.00297699
0.00322751
0.0034682
0.00370094
0.00392819
0.00415265
0.00437692
0.00460332
0.00483364
0.00506907
0.0053101
0.00555647
0.00580718
0.00606057
0.00631432
0.00656563
0.0068113
0.00704789
0.00727188
0.00747979
0.00766831
0.00783445
0.00797559
0.00808957
0.00817471
0.00822987
0.00825441
0.0082482
0.00821157
0.00814531
0.00805059
0.00792895
0.00778224
0.0076126
0.00742241
0.00721437
0.00699157
0.00675767
0.00651725
0.00627618
0.00604217
0.005825
0.0056364
0.00548899
0.00539441
0.00536069
0.00538997
0.00547728
0.00561121
0.00577658
0.00595813
0.00614313
0.00632283
0.0064924
0.0066501
0.00679603
0.00693116
0.00705661
0.00717338
0.00728223
0.00738371
0.00747825
0.00756621
0.00764792
0.0077237
0.00779389
0.0078588
0.00791878
0.00797414
0.00802518
0.0080722
0.00811545
0.00815517
0.00819158
0.00822489
8.12192e-10
8.76127e-10
9.37915e-10
9.96789e-10
1.05206e-09
1.10314e-09
1.14953e-09
1.19084e-09
1.22679e-09
1.25718e-09
1.28192e-09
1.30099e-09
1.31445e-09
1.32243e-09
1.3251e-09
1.32269e-09
1.31548e-09
1.30376e-09
1.28787e-09
1.26816e-09
1.24501e-09
1.21882e-09
1.18998e-09
1.1589e-09
1.126e-09
1.0917e-09
1.0564e-09
1.02055e-09
9.8462e-10
9.49324e-10
9.15919e-10
8.87068e-10
8.68578e-10
8.72708e-10
9.23707e-10
1.06593e-09
1.37371e-09
1.96048e-09
2.98248e-09
4.63164e-09
7.11418e-09
1.06159e-08
1.52621e-08
2.10831e-08
2.79993e-08
3.58295e-08
4.4321e-08
5.31918e-08
6.21761e-08
7.10558e-08
7.96786e-08
8.79628e-08
9.58908e-08
1.03498e-07
1.10856e-07
1.18059e-07
1.25214e-07
1.32421e-07
1.39774e-07
1.47344e-07
1.55184e-07
1.63316e-07
1.71738e-07
1.8042e-07
1.89304e-07
1.98309e-07
2.07333e-07
2.16258e-07
2.24958e-07
2.33299e-07
2.41149e-07
2.48383e-07
2.54883e-07
2.60552e-07
2.65304e-07
2.69079e-07
2.71834e-07
2.73548e-07
2.74223e-07
2.73879e-07
2.72556e-07
2.70311e-07
2.67222e-07
2.63391e-07
2.5896e-07
2.54152e-07
2.49361e-07
2.45338e-07
2.43539e-07
2.46744e-07
2.60008e-07
2.91994e-07
3.56533e-07
4.74e-07
6.7185e-07
9.83485e-07
1.44488e-06
2.08904e-06
2.93935e-06
4.00358e-06
5.27052e-06
6.71054e-06
8.27995e-06
9.92781e-06
1.1604e-05
1.32657e-05
1.48811e-05
1.64311e-05
1.7909e-05
1.93182e-05
2.06705e-05
2.19826e-05
2.32742e-05
2.45656e-05
2.58763e-05
2.72228e-05
2.86183e-05
3.00712e-05
3.15853e-05
3.31588e-05
3.47852e-05
3.64526e-05
3.81452e-05
3.9843e-05
4.15234e-05
4.31618e-05
4.47328e-05
4.6211e-05
4.75723e-05
4.87946e-05
4.98586e-05
5.07483e-05
5.14515e-05
5.19598e-05
5.22688e-05
5.23783e-05
5.22913e-05
5.20149e-05
5.15592e-05
5.09379e-05
5.01689e-05
4.92764e-05
4.82973e-05
4.72946e-05
4.63852e-05
4.57943e-05
4.59505e-05
4.7637e-05
5.2206e-05
6.18366e-05
7.97788e-05
0.000110476
0.000159438
0.000232748
0.000336213
0.000474276
0.000648982
0.000859317
0.00110113
0.00136774
0.00165091
0.00194217
0.00223394
0.00252025
0.00279713
0.00306264
0.00331665
0.00356045
0.00379638
0.00402734
0.00425648
0.00448684
0.00472105
0.00496119
0.00520858
0.00546376
0.00572637
0.00599523
0.00626836
0.00654306
0.00681607
0.00708368
0.00734193
0.00758678
0.00781423
0.00802055
0.00820233
0.00835663
0.00848103
0.00857367
0.00863329
0.00865918
0.00865121
0.00860977
0.00853573
0.0084304
0.00829547
0.00813301
0.00794535
0.00773516
0.0075054
0.00725946
0.00700134
0.00673599
0.0064697
0.00621064
0.00596913
0.00575751
0.00558906
0.00547611
0.00542732
0.00544525
0.00552516
0.0056555
0.0058207
0.00600489
0.00619463
0.0063804
0.00655676
0.0067214
0.00687403
0.00701534
0.00714629
0.00726778
0.00738055
0.00748518
0.00758216
0.00767192
0.00775487
0.00783142
0.00790201
0.00796706
0.00802698
0.00808217
0.008133
0.00817982
0.00822294
0.00826263
0.00829915
0.00833271
8.99475e-10
9.68881e-10
1.03561e-09
1.09883e-09
1.15781e-09
1.21192e-09
1.26067e-09
1.30367e-09
1.34065e-09
1.37144e-09
1.39598e-09
1.41429e-09
1.42646e-09
1.43265e-09
1.43308e-09
1.42802e-09
1.41775e-09
1.40263e-09
1.383e-09
1.35927e-09
1.33184e-09
1.30113e-09
1.2676e-09
1.23168e-09
1.19383e-09
1.15452e-09
1.1142e-09
1.07336e-09
1.03252e-09
9.92467e-10
9.54533e-10
9.21531e-10
8.99556e-10
9.01432e-10
9.52482e-10
1.09895e-09
1.41824e-09
2.02827e-09
3.09106e-09
4.8051e-09
7.38265e-09
1.10135e-08
1.58229e-08
2.1837e-08
2.89666e-08
3.70177e-08
4.57232e-08
5.47883e-08
6.39377e-08
7.29484e-08
8.16684e-08
9.00212e-08
9.7999e-08
1.05649e-07
1.13059e-07
1.20338e-07
1.27606e-07
1.3498e-07
1.42562e-07
1.50433e-07
1.58649e-07
1.67235e-07
1.76186e-07
1.85464e-07
1.95003e-07
2.04708e-07
2.14463e-07
2.24131e-07
2.33568e-07
2.42621e-07
2.51141e-07
2.58985e-07
2.66023e-07
2.72142e-07
2.77251e-07
2.81278e-07
2.8418e-07
2.85933e-07
2.86539e-07
2.86022e-07
2.84426e-07
2.81816e-07
2.78279e-07
2.73926e-07
2.68909e-07
2.63468e-07
2.58013e-07
2.53323e-07
2.50905e-07
2.53624e-07
2.667e-07
2.99081e-07
3.65056e-07
4.8569e-07
6.89361e-07
1.01057e-06
1.48641e-06
2.15078e-06
3.02744e-06
4.12381e-06
5.42748e-06
6.90686e-06
8.51585e-06
1.0201e-05
1.19101e-05
1.35989e-05
1.5235e-05
1.67996e-05
1.82873e-05
1.97034e-05
2.10621e-05
2.23828e-05
2.36882e-05
2.50012e-05
2.63437e-05
2.77344e-05
2.91879e-05
3.07134e-05
3.23149e-05
3.39902e-05
3.57313e-05
3.75247e-05
3.93519e-05
4.11902e-05
4.30135e-05
4.4794e-05
4.65025e-05
4.81104e-05
4.95906e-05
5.09182e-05
5.20715e-05
5.30329e-05
5.37887e-05
5.43298e-05
5.46516e-05
5.47537e-05
5.46398e-05
5.43177e-05
5.37989e-05
5.30984e-05
5.22357e-05
5.12373e-05
5.01424e-05
4.9017e-05
4.79831e-05
4.72744e-05
4.7335e-05
4.89766e-05
5.36011e-05
6.34697e-05
8.19565e-05
0.000113675
0.000164343
0.000240266
0.00034744
0.00049042
0.000671228
0.000888669
0.00113827
0.0014129
0.00170384
0.0020022
0.00230006
0.00259127
0.00287186
0.00314004
0.00339599
0.00364142
0.00387911
0.0041125
0.0043452
0.00458068
0.00482196
0.00507133
0.00533028
0.00559935
0.00587808
0.00616507
0.006458
0.00675377
0.00704863
0.00733833
0.00761839
0.0078842
0.0081313
0.00835548
0.00855296
0.00872047
0.00885537
0.00895562
0.00901985
0.00904734
0.00903794
0.00899211
0.0089108
0.00879545
0.00864792
0.00847045
0.0082656
0.00803626
0.00778565
0.00751747
0.00723604
0.00694666
0.00665603
0.00637278
0.00610776
0.00587389
0.00568514
0.00555446
0.00549112
0.00549811
0.00557084
0.00569765
0.00586257
0.00604911
0.00624313
0.00643441
0.00661686
0.00678767
0.00694618
0.00709279
0.00722832
0.0073536
0.00746938
0.00757625
0.00767477
0.00776546
0.00784882
0.00792538
0.00799566
0.00806018
0.00811944
0.00817393
0.00822407
0.00827028
0.0083129
0.00835225
0.0083886
0.00842219
9.87179e-10
1.06181e-09
1.13321e-09
1.20048e-09
1.26284e-09
1.31967e-09
1.37047e-09
1.41486e-09
1.45261e-09
1.48358e-09
1.50774e-09
1.52514e-09
1.53593e-09
1.54029e-09
1.53847e-09
1.53078e-09
1.51753e-09
1.49909e-09
1.47585e-09
1.44822e-09
1.41665e-09
1.38159e-09
1.34351e-09
1.30289e-09
1.26024e-09
1.21604e-09
1.17082e-09
1.12509e-09
1.07944e-09
1.03471e-09
9.9232e-10
9.55243e-10
9.2987e-10
9.29612e-10
9.80902e-10
1.13194e-09
1.46327e-09
2.09737e-09
3.20211e-09
4.98247e-09
7.65653e-09
1.14175e-08
1.63901e-08
2.25945e-08
2.99315e-08
3.8193e-08
4.70965e-08
5.63343e-08
6.56221e-08
7.47325e-08
8.35151e-08
9.19002e-08
9.98911e-08
1.0755e-07
1.14979e-07
1.22304e-07
1.29662e-07
1.37181e-07
1.44977e-07
1.53137e-07
1.61723e-07
1.70759e-07
1.80239e-07
1.90117e-07
2.00316e-07
2.10728e-07
2.2122e-07
2.31639e-07
2.4182e-07
2.51592e-07
2.60787e-07
2.69246e-07
2.76825e-07
2.83398e-07
2.88864e-07
2.93148e-07
2.96199e-07
2.97995e-07
2.98537e-07
2.97854e-07
2.95994e-07
2.93029e-07
2.89055e-07
2.84191e-07
2.78602e-07
2.7254e-07
2.66435e-07
2.61092e-07
2.58067e-07
2.60317e-07
2.73225e-07
3.06027e-07
3.73478e-07
4.97335e-07
7.06903e-07
1.03777e-06
1.52812e-06
2.21267e-06
3.11546e-06
4.24338e-06
5.58264e-06
7.09954e-06
8.74534e-06
1.0464e-05
1.22013e-05
1.39116e-05
1.55621e-05
1.71346e-05
1.86251e-05
2.00413e-05
2.13997e-05
2.27231e-05
2.40369e-05
2.5367e-05
2.67377e-05
2.81698e-05
2.96792e-05
3.1276e-05
3.29643e-05
3.47413e-05
3.65975e-05
3.85176e-05
4.04804e-05
4.24602e-05
4.44275e-05
4.63509e-05
4.81978e-05
4.99361e-05
5.15355e-05
5.29685e-05
5.42113e-05
5.52443e-05
5.60528e-05
5.66269e-05
5.69618e-05
5.70572e-05
5.69175e-05
5.65512e-05
5.59709e-05
5.51933e-05
5.42395e-05
5.31378e-05
5.19298e-05
5.06848e-05
4.95295e-05
4.87063e-05
4.86748e-05
5.02754e-05
5.49606e-05
6.50745e-05
8.41157e-05
0.000116869
0.000169256
0.0002478
0.000358675
0.000506523
0.000693317
0.000917648
0.00117468
0.0014568
0.00175479
0.00205934
0.0023622
0.00265708
0.00294005
0.00320953
0.00346606
0.00371181
0.00395009
0.00418485
0.00442022
0.00466011
0.00490788
0.00516609
0.00543633
0.00571914
0.00601394
0.00631907
0.00663187
0.0069488
0.00726558
0.00757745
0.00787934
0.00816612
0.00843281
0.00867477
0.00888784
0.00906847
0.00921377
0.00932159
0.00939047
0.00941965
0.00940902
0.00935909
0.00927091
0.00914606
0.00898654
0.00879475
0.00857347
0.0083258
0.00805521
0.00776567
0.00746182
0.0071493
0.00683523
0.00652865
0.00624095
0.00598564
0.00577729
0.00562953
0.00555217
0.00554861
0.0056144
0.00573776
0.00590229
0.00609091
0.00628879
0.00648505
0.00667297
0.00684925
0.00701286
0.00716398
0.00730329
0.00743155
0.00754951
0.00765783
0.00775714
0.00784803
0.00793114
0.00800707
0.00807647
0.00813995
0.0081981
0.00825148
0.00830058
0.00834587
0.00838773
0.00842653
0.00846253
0.008496
1.07462e-09
1.1542e-09
1.22994e-09
1.30092e-09
1.36633e-09
1.42554e-09
1.47807e-09
1.52357e-09
1.56184e-09
1.59277e-09
1.61638e-09
1.63276e-09
1.6421e-09
1.64461e-09
1.64057e-09
1.63032e-09
1.61419e-09
1.59257e-09
1.56587e-09
1.53453e-09
1.49899e-09
1.45976e-09
1.41732e-09
1.37219e-09
1.3249e-09
1.27599e-09
1.22601e-09
1.17552e-09
1.12519e-09
1.07589e-09
1.02915e-09
9.88095e-10
9.59429e-10
9.57167e-10
1.00889e-09
1.16479e-09
1.50864e-09
2.16752e-09
3.31518e-09
5.16301e-09
7.93462e-09
1.18261e-08
1.69607e-08
2.33522e-08
3.08895e-08
3.93499e-08
4.84348e-08
5.78239e-08
6.72238e-08
7.64041e-08
8.5217e-08
9.36014e-08
1.01573e-07
1.0921e-07
1.1663e-07
1.23979e-07
1.31406e-07
1.39056e-07
1.47053e-07
1.55494e-07
1.64445e-07
1.7393e-07
1.83939e-07
1.94419e-07
2.05282e-07
2.16405e-07
2.27639e-07
2.38813e-07
2.49741e-07
2.60234e-07
2.70106e-07
2.79181e-07
2.87299e-07
2.94324e-07
3.00147e-07
3.04685e-07
3.07886e-07
3.09726e-07
3.10208e-07
3.09363e-07
3.07245e-07
3.03935e-07
2.99533e-07
2.94171e-07
2.88024e-07
2.81355e-07
2.74614e-07
2.68633e-07
2.65018e-07
2.66814e-07
2.79573e-07
3.1282e-07
3.8178e-07
5.08905e-07
7.24424e-07
1.065e-06
1.56986e-06
2.27449e-06
3.20308e-06
4.36185e-06
5.73548e-06
7.28796e-06
8.96776e-06
1.07163e-05
1.24773e-05
1.42039e-05
1.58629e-05
1.74372e-05
1.89243e-05
2.03345e-05
2.16873e-05
2.30084e-05
2.43264e-05
2.56701e-05
2.70662e-05
2.85375e-05
3.01014e-05
3.17686e-05
3.35433e-05
3.54219e-05
3.73936e-05
3.94409e-05
4.15399e-05
4.36617e-05
4.57735e-05
4.78401e-05
4.98254e-05
5.16938e-05
5.34121e-05
5.49499e-05
5.62813e-05
5.73852e-05
5.82458e-05
5.88524e-05
5.92003e-05
5.92893e-05
5.91242e-05
5.87147e-05
5.80746e-05
5.72218e-05
5.61792e-05
5.49768e-05
5.36586e-05
5.22971e-05
5.10237e-05
5.00893e-05
4.99691e-05
5.15327e-05
5.62835e-05
6.66487e-05
8.62523e-05
0.000120048
0.000174163
0.000255327
0.000369881
0.000522534
0.000715181
0.000946167
0.00121026
0.00149933
0.00180367
0.00211352
0.00242036
0.00271777
0.0030019
0.00327147
0.00352741
0.00377239
0.00401028
0.00424559
0.00448295
0.00472672
0.00498059
0.00524737
0.00552874
0.00582521
0.00613606
0.00645937
0.00679209
0.00713021
0.00746895
0.00780297
0.00812662
0.00843425
0.00872037
0.00897991
0.00920834
0.00940184
0.00955735
0.00967257
0.00974599
0.00977685
0.00976508
0.00971125
0.00961653
0.0094826
0.00931163
0.00910617
0.00886917
0.00860395
0.00831422
0.00800418
0.0076788
0.00734404
0.00700739
0.00667836
0.00636881
0.00609283
0.00586562
0.00570141
0.00561056
0.00559683
0.00565593
0.0057759
0.00593995
0.00613042
0.00633179
0.00653253
0.00672534
0.00690645
0.00707448
0.0072294
0.00737175
0.00750228
0.00762173
0.00773082
0.00783027
0.00792078
0.00800308
0.0080779
0.00814597
0.00820802
0.00826472
0.0083167
0.00836452
0.00840868
0.00844963
0.00848772
0.00852326
0.0085565
1.16123e-09
1.24541e-09
1.32516e-09
1.39948e-09
1.46759e-09
1.52884e-09
1.58279e-09
1.62911e-09
1.66765e-09
1.69835e-09
1.72127e-09
1.73655e-09
1.74439e-09
1.74506e-09
1.73886e-09
1.72614e-09
1.70727e-09
1.68263e-09
1.65266e-09
1.61779e-09
1.57852e-09
1.53532e-09
1.48874e-09
1.4393e-09
1.38758e-09
1.33414e-09
1.27958e-09
1.22451e-09
1.16963e-09
1.11589e-09
1.06492e-09
1.02001e-09
9.88164e-10
9.84039e-10
1.03638e-09
1.19744e-09
1.55422e-09
2.23848e-09
3.42986e-09
5.34599e-09
8.21575e-09
1.22376e-08
1.75325e-08
2.41067e-08
3.18366e-08
4.04836e-08
4.97332e-08
5.92522e-08
6.87392e-08
7.79614e-08
8.67751e-08
9.51291e-08
1.03054e-07
1.10642e-07
1.18032e-07
1.25384e-07
1.32865e-07
1.40633e-07
1.48823e-07
1.5754e-07
1.66852e-07
1.76785e-07
1.87323e-07
1.98407e-07
2.09936e-07
2.21773e-07
2.33752e-07
2.45681e-07
2.57357e-07
2.6857e-07
2.79116e-07
2.88802e-07
2.97455e-07
3.04928e-07
3.11102e-07
3.15891e-07
3.19239e-07
3.21121e-07
3.21544e-07
3.2054e-07
3.18171e-07
3.14523e-07
3.09705e-07
3.03856e-07
2.97164e-07
2.89904e-07
2.82542e-07
2.75939e-07
2.7175e-07
2.7311e-07
2.85739e-07
3.19452e-07
3.89947e-07
5.20373e-07
7.41874e-07
1.09217e-06
1.61151e-06
2.33603e-06
3.29001e-06
4.47885e-06
5.88552e-06
7.47159e-06
9.18262e-06
1.09575e-05
1.27379e-05
1.44758e-05
1.6138e-05
1.77085e-05
1.91869e-05
2.05861e-05
2.19286e-05
2.32434e-05
2.45623e-05
2.59169e-05
2.73364e-05
2.88455e-05
3.04628e-05
3.21999e-05
3.40607e-05
3.60409e-05
3.81282e-05
4.03029e-05
4.25384e-05
4.48024e-05
4.70586e-05
4.92682e-05
5.13912e-05
5.3389e-05
5.52249e-05
5.68662e-05
5.82849e-05
5.94583e-05
6.03696e-05
6.10079e-05
6.1368e-05
6.14504e-05
6.12603e-05
6.08084e-05
6.01097e-05
5.91836e-05
5.80543e-05
5.67539e-05
5.53286e-05
5.38536e-05
5.24654e-05
5.14231e-05
5.12179e-05
5.27484e-05
5.75689e-05
6.81906e-05
8.83625e-05
0.000123207
0.000179052
0.000262826
0.000381026
0.000538406
0.000736758
0.000974149
0.00124492
0.00154042
0.00185041
0.00216474
0.00247459
0.00277348
0.0030577
0.0033263
0.00358064
0.00382395
0.00406067
0.00429588
0.00453472
0.00478198
0.00504169
0.00531686
0.00560927
0.00591937
0.00624628
0.00658779
0.00694046
0.00729979
0.00766045
0.00801652
0.00836181
0.00869008
0.00899536
0.00927216
0.00951562
0.00972167
0.00988706
0.0100094
0.0100872
0.0101196
0.0101067
0.0100491
0.00994812
0.00980549
0.00962354
0.00940499
0.00915296
0.00887094
0.00856285
0.00823317
0.00788711
0.00753099
0.00717265
0.00682201
0.00649144
0.00619557
0.00595021
0.00577018
0.00566636
0.00564286
0.0056955
0.00581217
0.00597566
0.00616775
0.00637227
0.00657704
0.0067742
0.00695956
0.0071314
0.00728948
0.00743425
0.00756641
0.00768675
0.00779605
0.00789512
0.00798477
0.00806584
0.00813916
0.00820557
0.00826589
0.00832092
0.00837131
0.00841768
0.00846059
0.00850051
0.00853781
0.00857283
0.0086058
0.00599582
0.00599878
0.00600159
0.00600425
0.00600676
0.00600913
0.00601136
0.00601345
0.00601541
0.00601724
0.00601894
0.00602051
0.00602197
0.00602331
0.00602454
0.00602567
0.00602669
0.00602762
0.00602846
0.0060292
0.00602987
0.00603046
0.00603098
0.00603143
0.00603183
0.00603216
0.00603245
0.00603269
0.0060329
0.00603306
0.0060332
0.00603331
0.00603339
0.00603346
0.00603351
0.00603355
0.00603358
0.0060336
0.00603362
0.00603363
0.00637692
0.00638265
0.00638801
0.00639299
0.00639761
0.00640187
0.00640579
0.00640937
0.00641262
0.00641555
0.00641817
0.00642049
0.00642253
0.00642429
0.00642579
0.00642704
0.00642806
0.00642885
0.00642944
0.00642983
0.00643006
0.00643012
0.00643003
0.00642982
0.0064295
0.00642908
0.00642858
0.00642802
0.00642741
0.00642678
0.00642613
0.00642549
0.00642486
0.00642426
0.00642371
0.00642323
0.00642281
0.00642249
0.00642227
0.00642216
0.00672748
0.00673571
0.00674336
0.00675044
0.00675698
0.00676298
0.00676846
0.00677343
0.0067779
0.00678189
0.00678542
0.00678849
0.00679114
0.00679337
0.00679521
0.00679668
0.00679779
0.00679857
0.00679905
0.00679924
0.00679917
0.00679886
0.00679835
0.00679764
0.00679678
0.00679579
0.00679468
0.0067935
0.00679226
0.00679099
0.00678972
0.00678847
0.00678726
0.00678613
0.0067851
0.00678418
0.00678341
0.00678281
0.00678239
0.00678218
0.00704387
0.00705424
0.00706388
0.0070728
0.00708103
0.00708857
0.00709545
0.00710169
0.00710729
0.00711229
0.00711669
0.00712052
0.00712381
0.00712657
0.00712883
0.00713061
0.00713195
0.00713286
0.00713338
0.00713354
0.00713336
0.00713288
0.00713214
0.00713115
0.00712996
0.0071286
0.0071271
0.0071255
0.00712383
0.00712213
0.00712042
0.00711875
0.00711714
0.00711562
0.00711424
0.00711301
0.00711198
0.00711117
0.0071106
0.00711032
0.00732478
0.00733693
0.00734823
0.0073587
0.00736837
0.00737725
0.00738536
0.00739273
0.00739937
0.0074053
0.00741055
0.00741514
0.00741909
0.00742244
0.0074252
0.0074274
0.00742909
0.00743028
0.007431
0.00743131
0.00743121
0.00743076
0.00742999
0.00742894
0.00742764
0.00742614
0.00742447
0.00742267
0.00742079
0.00741885
0.00741691
0.007415
0.00741316
0.00741142
0.00740983
0.00740842
0.00740723
0.00740629
0.00740563
0.0074053
0.00757067
0.00758424
0.00759689
0.00760863
0.0076195
0.00762952
0.0076387
0.00764707
0.00765464
0.00766145
0.00766752
0.00767286
0.00767751
0.00768149
0.00768482
0.00768755
0.0076897
0.0076913
0.00769239
0.007693
0.00769318
0.00769295
0.00769235
0.00769144
0.00769024
0.00768881
0.00768718
0.0076854
0.0076835
0.00768154
0.00767956
0.00767759
0.00767569
0.00767388
0.00767223
0.00767075
0.0076695
0.00766851
0.00766782
0.00766747
0.00778328
0.00779795
0.00781166
0.00782443
0.00783628
0.00784725
0.00785735
0.0078666
0.00787503
0.00788266
0.0078895
0.00789559
0.00790096
0.00790561
0.00790959
0.00791293
0.00791565
0.00791778
0.00791937
0.00792044
0.00792104
0.0079212
0.00792096
0.00792037
0.00791947
0.00791829
0.00791689
0.00791531
0.0079136
0.00791179
0.00790994
0.00790808
0.00790627
0.00790455
0.00790295
0.00790153
0.00790031
0.00789935
0.00789867
0.00789832
0.00796516
0.00798066
0.00799518
0.00800875
0.00802141
0.00803317
0.00804406
0.0080541
0.0080633
0.00807169
0.0080793
0.00808613
0.00809222
0.00809759
0.00810227
0.00810628
0.00810966
0.00811243
0.00811462
0.00811628
0.00811744
0.00811814
0.00811841
0.00811829
0.00811784
0.00811709
0.00811608
0.00811487
0.00811349
0.00811199
0.00811043
0.00810883
0.00810725
0.00810573
0.00810431
0.00810303
0.00810193
0.00810105
0.00810044
0.00810012
0.00811931
0.0081354
0.00815054
0.00816474
0.00817805
0.00819048
0.00820206
0.00821279
0.00822271
0.00823182
0.00824015
0.00824772
0.00825455
0.00826066
0.00826608
0.00827082
0.00827492
0.0082784
0.0082813
0.00828365
0.00828547
0.00828682
0.00828771
0.0082882
0.00828833
0.00828813
0.00828765
0.00828694
0.00828603
0.00828497
0.00828381
0.00828259
0.00828135
0.00828014
0.00827899
0.00827794
0.00827703
0.0082763
0.00827578
0.00827551
0.0082489
0.0082654
0.00828099
0.00829569
0.00830953
0.00832253
0.0083347
0.00834607
0.00835664
0.00836644
0.00837548
0.00838378
0.00839136
0.00839822
0.0084044
0.00840992
0.00841479
0.00841904
0.00842271
0.00842581
0.00842839
0.00843046
0.00843208
0.00843327
0.00843407
0.00843453
0.00843468
0.00843456
0.00843423
0.00843371
0.00843305
0.0084323
0.0084315
0.00843067
0.00842987
0.00842912
0.00842846
0.00842791
0.00842753
0.00842733
0.00835703
0.00837382
0.00838975
0.00840484
0.00841912
0.00843261
0.00844532
0.00845726
0.00846846
0.00847891
0.00848864
0.00849766
0.00850597
0.0085136
0.00852056
0.00852687
0.00853255
0.00853762
0.00854209
0.00854601
0.00854938
0.00855225
0.00855465
0.00855661
0.00855816
0.00855934
0.00856019
0.00856075
0.00856106
0.00856115
0.00856108
0.00856087
0.00856056
0.00856019
0.00855979
0.00855939
0.00855902
0.0085587
0.00855847
0.00855835
0.00844668
0.00846366
0.00847984
0.00849524
0.0085099
0.00852382
0.00853702
0.0085495
0.00856128
0.00857237
0.00858277
0.00859249
0.00860155
0.00860994
0.00861769
0.00862481
0.0086313
0.0086372
0.00864251
0.00864726
0.00865148
0.00865518
0.0086584
0.00866116
0.00866351
0.00866546
0.00866706
0.00866834
0.00866935
0.00867011
0.00867066
0.00867103
0.00867127
0.0086714
0.00867145
0.00867144
0.00867139
0.00867134
0.00867128
0.00867125
0.00852055
0.00853765
0.00855402
0.00856969
0.00858468
0.00859899
0.00861264
0.00862564
0.00863798
0.00864968
0.00866073
0.00867115
0.00868093
0.00869008
0.00869862
0.00870654
0.00871386
0.0087206
0.00872676
0.00873236
0.00873742
0.00874197
0.00874603
0.00874963
0.00875279
0.00875554
0.00875792
0.00875995
0.00876168
0.00876313
0.00876434
0.00876533
0.00876615
0.0087668
0.00876732
0.00876773
0.00876804
0.00876826
0.00876839
0.00876846
0.00858106
0.00859824
0.00861477
0.00863067
0.00864596
0.00866064
0.00867472
0.00868821
0.00870109
0.00871338
0.00872507
0.00873617
0.00874667
0.00875657
0.00876588
0.0087746
0.00878274
0.00879031
0.00879731
0.00880376
0.00880968
0.00881508
0.00881998
0.00882441
0.00882839
0.00883195
0.00883511
0.00883791
0.00884037
0.00884253
0.00884441
0.00884604
0.00884744
0.00884864
0.00884966
0.00885049
0.00885117
0.00885168
0.00885202
0.00885218
0.00863032
0.00864756
0.00866423
0.00868035
0.00869592
0.00871095
0.00872544
0.0087394
0.00875281
0.00876568
0.00877799
0.00878975
0.00880095
0.00881158
0.00882165
0.00883116
0.0088401
0.00884849
0.00885632
0.00886361
0.00887037
0.0088766
0.00888234
0.0088876
0.0088924
0.00889676
0.0089007
0.00890426
0.00890746
0.00891032
0.00891287
0.00891514
0.00891714
0.00891888
0.00892039
0.00892167
0.00892272
0.00892352
0.00892407
0.00892435
1.06339e-12
3.6312e-12
6.73482e-12
1.04608e-11
1.49021e-11
2.01584e-11
2.6336e-11
3.35474e-11
4.19106e-11
5.15481e-11
6.25861e-11
7.51528e-11
8.93773e-11
1.05387e-10
1.23306e-10
1.43254e-10
1.6534e-10
1.89665e-10
2.16314e-10
2.45358e-10
2.76849e-10
3.10815e-10
3.47264e-10
3.86177e-10
4.27507e-10
4.71181e-10
5.17097e-10
5.65125e-10
6.15107e-10
6.66859e-10
7.20175e-10
7.74826e-10
8.30565e-10
8.8713e-10
9.4425e-10
1.00164e-09
1.05902e-09
1.1161e-09
1.1726e-09
1.22821e-09
1.23536e-12
4.21951e-12
7.82975e-12
1.21697e-11
1.73509e-11
2.34935e-11
3.07256e-11
3.91834e-11
4.90096e-11
6.03529e-11
7.33661e-11
8.82049e-11
1.05025e-10
1.23981e-10
1.45222e-10
1.68889e-10
1.95113e-10
2.24009e-10
2.55675e-10
2.90187e-10
3.27596e-10
3.67924e-10
4.11163e-10
4.57272e-10
5.06173e-10
5.57756e-10
6.11872e-10
6.68338e-10
7.2694e-10
7.87429e-10
8.49532e-10
9.12951e-10
9.77371e-10
1.04246e-09
1.10788e-09
1.17329e-09
1.23833e-09
1.30268e-09
1.36599e-09
1.42793e-09
1.42462e-12
4.86704e-12
9.03513e-12
1.40516e-11
2.00488e-11
2.71696e-11
3.55671e-11
4.54036e-11
5.685e-11
7.00843e-11
8.52895e-11
1.02652e-10
1.22357e-10
1.44589e-10
1.69523e-10
1.97326e-10
2.28148e-10
2.62121e-10
2.9935e-10
3.39916e-10
3.83862e-10
4.31197e-10
4.8189e-10
5.35866e-10
5.93007e-10
6.5315e-10
7.16086e-10
7.81567e-10
8.49304e-10
9.18973e-10
9.9022e-10
1.06267e-09
1.13592e-09
1.20956e-09
1.28319e-09
1.35639e-09
1.42877e-09
1.49993e-09
1.56948e-09
1.63705e-09
1.63122e-12
5.57396e-12
1.03514e-11
1.61072e-11
2.29971e-11
3.11893e-11
4.08643e-11
5.22142e-11
6.54412e-11
8.0756e-11
9.83753e-11
1.18519e-10
1.41406e-10
1.67253e-10
1.96263e-10
2.28628e-10
2.6452e-10
3.04082e-10
3.47429e-10
3.94634e-10
4.45732e-10
5.00706e-10
5.59492e-10
6.21969e-10
6.87961e-10
7.57239e-10
8.29521e-10
9.04471e-10
9.81714e-10
1.06083e-09
1.14138e-09
1.22288e-09
1.30485e-09
1.38681e-09
1.46827e-09
1.54874e-09
1.62778e-09
1.70495e-09
1.77983e-09
1.85201e-09
1.85502e-12
6.33983e-12
1.17777e-11
1.83356e-11
2.61947e-11
3.55514e-11
4.66167e-11
5.96155e-11
7.47849e-11
9.23719e-11
1.1263e-10
1.35817e-10
1.62189e-10
1.91994e-10
2.25467e-10
2.62827e-10
3.04263e-10
3.49929e-10
3.99941e-10
4.54364e-10
5.13208e-10
5.76424e-10
6.43897e-10
7.15446e-10
7.90822e-10
8.69709e-10
9.51731e-10
1.03645e-09
1.12339e-09
1.21202e-09
1.30178e-09
1.39211e-09
1.48242e-09
1.57215e-09
1.66072e-09
1.74761e-09
1.83232e-09
1.91438e-09
1.99335e-09
2.06881e-09
2.09569e-12
7.16349e-12
1.3312e-11
2.07336e-11
2.96374e-11
4.02506e-11
5.28179e-11
6.76006e-11
8.4874e-11
1.04925e-10
1.28049e-10
1.54542e-10
1.84701e-10
2.18809e-10
2.57135e-10
2.9992e-10
3.4737e-10
3.99647e-10
4.5686e-10
5.19055e-10
5.86208e-10
6.5822e-10
7.34911e-10
8.16022e-10
9.01207e-10
9.90048e-10
1.08205e-09
1.17666e-09
1.27327e-09
1.37123e-09
1.46987e-09
1.56851e-09
1.66648e-09
1.76311e-09
1.85778e-09
1.94992e-09
2.03899e-09
2.12451e-09
2.20605e-09
2.2832e-09
2.35263e-12
8.04296e-12
1.49507e-11
2.32956e-11
3.33174e-11
4.5277e-11
5.94559e-11
7.6155e-11
9.56917e-11
1.18397e-10
1.44609e-10
1.7467e-10
2.08917e-10
2.47672e-10
2.91233e-10
3.39867e-10
3.93792e-10
4.53169e-10
5.18094e-10
5.88581e-10
6.64557e-10
7.45857e-10
8.32217e-10
9.23273e-10
1.01857e-09
1.11755e-09
1.21959e-09
1.324e-09
1.43002e-09
1.53688e-09
1.64378e-09
1.74993e-09
1.85455e-09
1.95693e-09
2.05638e-09
2.1523e-09
2.24415e-09
2.33146e-09
2.41384e-09
2.49093e-09
2.62503e-12
8.9754e-12
1.66885e-11
2.60137e-11
3.72236e-11
5.06158e-11
6.65118e-11
8.52557e-11
1.07211e-10
1.32754e-10
1.62275e-10
1.96159e-10
2.34788e-10
2.78523e-10
3.27695e-10
3.82587e-10
4.43428e-10
5.10371e-10
5.83483e-10
6.62735e-10
7.47987e-10
8.38987e-10
9.35362e-10
1.03662e-09
1.14218e-09
1.25132e-09
1.36326e-09
1.47714e-09
1.59208e-09
1.70714e-09
1.82139e-09
1.93395e-09
2.04396e-09
2.15064e-09
2.25329e-09
2.35129e-09
2.44413e-09
2.5314e-09
2.61276e-09
2.68791e-09
2.91175e-12
9.95701e-12
1.85184e-11
2.88769e-11
4.13407e-11
5.62466e-11
7.39597e-11
9.48704e-11
1.19391e-10
1.47952e-10
1.8099e-10
2.18944e-10
2.62239e-10
3.11276e-10
3.66414e-10
4.27955e-10
4.96126e-10
5.71063e-10
6.52792e-10
7.41222e-10
8.36127e-10
9.37142e-10
1.04376e-09
1.15535e-09
1.27114e-09
1.39026e-09
1.51175e-09
1.63456e-09
1.75765e-09
1.87994e-09
2.0004e-09
2.11802e-09
2.23189e-09
2.34121e-09
2.44526e-09
2.54348e-09
2.63541e-09
2.72072e-09
2.79916e-09
2.87056e-09
3.21142e-12
1.0983e-11
2.04314e-11
3.18715e-11
4.56491e-11
6.21435e-11
8.17659e-11
1.04957e-10
1.32183e-10
1.63927e-10
2.00682e-10
2.42937e-10
2.91167e-10
3.45808e-10
4.07248e-10
4.75798e-10
5.51677e-10
6.3499e-10
7.2571e-10
8.23658e-10
9.28501e-10
1.03974e-09
1.15671e-09
1.27859e-09
1.40443e-09
1.53315e-09
1.6636e-09
1.79456e-09
1.92481e-09
2.05313e-09
2.17838e-09
2.29949e-09
2.41551e-09
2.52564e-09
2.62921e-09
2.72572e-09
2.81481e-09
2.89628e-09
2.97e-09
3.03595e-09
3.5223e-12
1.20475e-11
2.24168e-11
3.49806e-11
5.0125e-11
6.82741e-11
8.98887e-11
1.15463e-10
1.4552e-10
1.806e-10
2.21254e-10
2.68026e-10
3.21436e-10
3.81959e-10
4.50005e-10
5.25888e-10
6.0981e-10
7.01828e-10
8.0184e-10
9.09565e-10
1.02453e-09
1.14608e-09
1.27335e-09
1.40532e-09
1.54083e-09
1.67858e-09
1.81721e-09
1.95532e-09
2.09152e-09
2.22446e-09
2.35293e-09
2.4758e-09
2.59214e-09
2.70118e-09
2.80235e-09
2.89525e-09
2.97968e-09
3.05556e-09
3.12297e-09
3.18202e-09
3.8424e-12
1.31437e-11
2.44618e-11
3.81844e-11
5.474e-11
7.46002e-11
9.82782e-11
1.26325e-10
1.59323e-10
1.97875e-10
2.42591e-10
2.9407e-10
3.5288e-10
4.19532e-10
4.9445e-10
5.77947e-10
6.7019e-10
7.71176e-10
8.80708e-10
9.98372e-10
1.12354e-09
1.25535e-09
1.39273e-09
1.53444e-09
1.67906e-09
1.82508e-09
1.97092e-09
2.11498e-09
2.25573e-09
2.39174e-09
2.52172e-09
2.64455e-09
2.75935e-09
2.86544e-09
2.96237e-09
3.04991e-09
3.12803e-09
3.19685e-09
3.25662e-09
3.30766e-09
4.16939e-12
1.42635e-11
2.65515e-11
4.14598e-11
5.94611e-11
8.1077e-11
1.06876e-10
1.37469e-10
1.735e-10
2.15638e-10
2.64553e-10
3.20902e-10
3.85299e-10
4.58286e-10
5.403e-10
6.31637e-10
7.3242e-10
8.42564e-10
9.61754e-10
1.08942e-09
1.22474e-09
1.36664e-09
1.5138e-09
1.66472e-09
1.81774e-09
1.97109e-09
2.12299e-09
2.27167e-09
2.41548e-09
2.5529e-09
2.68264e-09
2.80364e-09
2.9151e-09
3.01649e-09
3.10753e-09
3.1882e-09
3.25867e-09
3.31927e-09
3.37046e-09
3.41275e-09
4.50066e-12
1.53981e-11
2.86693e-11
4.47807e-11
6.4251e-11
8.76537e-11
1.15615e-10
1.48808e-10
1.87943e-10
2.33754e-10
2.86977e-10
3.48325e-10
4.18457e-10
4.97943e-10
5.87223e-10
6.86568e-10
7.96038e-10
9.1545e-10
1.04434e-09
1.18197e-09
1.32729e-09
1.47897e-09
1.63543e-09
1.7949e-09
1.95544e-09
2.11506e-09
2.27176e-09
2.42362e-09
2.56891e-09
2.70608e-09
2.83388e-09
2.95135e-09
3.05783e-09
3.153e-09
3.23678e-09
3.30939e-09
3.37122e-09
3.42283e-09
3.4649e-09
3.4981e-09
4.83332e-12
1.65376e-11
3.07966e-11
4.81182e-11
6.90681e-11
9.42735e-11
1.2442e-10
1.60247e-10
2.02531e-10
2.52075e-10
3.0968e-10
3.76116e-10
4.52085e-10
5.38181e-10
6.34839e-10
7.42292e-10
8.60522e-10
9.89224e-10
1.12777e-09
1.27521e-09
1.43024e-09
1.59128e-09
1.75644e-09
1.92366e-09
2.09075e-09
2.25546e-09
2.41563e-09
2.56922e-09
2.71443e-09
2.84976e-09
2.97403e-09
3.08645e-09
3.18656e-09
3.27426e-09
3.34975e-09
3.41348e-09
3.46609e-09
3.50836e-09
3.54115e-09
3.56532e-09
5.16425e-12
1.76712e-11
3.29137e-11
5.1441e-11
7.38672e-11
1.00874e-10
1.3321e-10
1.71679e-10
2.17128e-10
2.70431e-10
3.32454e-10
4.04024e-10
4.85883e-10
5.78643e-10
6.82726e-10
7.98313e-10
9.25294e-10
1.06322e-09
1.21128e-09
1.36827e-09
1.53264e-09
1.70248e-09
1.87564e-09
2.04973e-09
2.2223e-09
2.39089e-09
2.55318e-09
2.70705e-09
2.85071e-09
2.98273e-09
3.10209e-09
3.2082e-09
3.30086e-09
3.38022e-09
3.44677e-09
3.5012e-09
3.5444e-09
3.57736e-09
3.6011e-09
3.61663e-09
5.49017e-12
1.87877e-11
3.49992e-11
5.47158e-11
7.86002e-11
1.0739e-10
1.41896e-10
1.8299e-10
2.3159e-10
2.88641e-10
3.55075e-10
4.31775e-10
5.19521e-10
6.18936e-10
7.3042e-10
8.54092e-10
9.89729e-10
1.13672e-09
1.29404e-09
1.46024e-09
1.63346e-09
1.81148e-09
1.99184e-09
2.17185e-09
2.3488e-09
2.52006e-09
2.68316e-09
2.83598e-09
2.97677e-09
3.10423e-09
3.21756e-09
3.31641e-09
3.40087e-09
3.4714e-09
3.52874e-09
3.57385e-09
3.60785e-09
3.63188e-09
3.64711e-09
3.65464e-09
5.80767e-12
1.98754e-11
3.70314e-11
5.79081e-11
8.3217e-11
1.13752e-10
1.50385e-10
1.94059e-10
2.45762e-10
3.06511e-10
3.77303e-10
4.59076e-10
5.52645e-10
6.58638e-10
7.77426e-10
9.09051e-10
1.05316e-09
1.20898e-09
1.37523e-09
1.55018e-09
1.73169e-09
1.9172e-09
2.10391e-09
2.28887e-09
2.46912e-09
2.64187e-09
2.8046e-09
2.95517e-09
3.09197e-09
3.21389e-09
3.32037e-09
3.41136e-09
3.48726e-09
3.54883e-09
3.59708e-09
3.63321e-09
3.65852e-09
3.67429e-09
3.68178e-09
3.68215e-09
6.11333e-12
2.09226e-11
3.89881e-11
6.09831e-11
8.76668e-11
1.19889e-10
1.58584e-10
2.04761e-10
2.59485e-10
3.23838e-10
3.98888e-10
4.85621e-10
5.84885e-10
6.97309e-10
8.23226e-10
9.62591e-10
1.11492e-09
1.27921e-09
1.45397e-09
1.63718e-09
1.82633e-09
2.01858e-09
2.21078e-09
2.39973e-09
2.58226e-09
2.75545e-09
2.91674e-09
3.06409e-09
3.19604e-09
3.31172e-09
3.41087e-09
3.49376e-09
3.56109e-09
3.61393e-09
3.65354e-09
3.68132e-09
3.69872e-09
3.7071e-09
3.70778e-09
3.70192e-09
6.40385e-12
2.19178e-11
4.0848e-11
6.39068e-11
9.18999e-11
1.25731e-10
1.66397e-10
2.14974e-10
2.72597e-10
3.40421e-10
4.19574e-10
5.11097e-10
6.15863e-10
7.345e-10
8.67292e-10
1.0141e-09
1.17429e-09
1.34665e-09
1.52943e-09
1.7203e-09
1.91643e-09
2.11465e-09
2.3115e-09
2.50354e-09
2.68741e-09
2.86011e-09
3.01912e-09
3.16251e-09
3.28902e-09
3.39809e-09
3.48976e-09
3.56464e-09
3.62373e-09
3.66838e-09
3.70007e-09
3.72036e-09
3.73079e-09
3.73279e-09
3.72766e-09
3.71655e-09
6.67616e-12
2.28506e-11
4.25911e-11
6.66473e-11
9.58693e-11
1.31213e-10
1.73735e-10
2.24578e-10
2.84945e-10
3.5606e-10
4.39115e-10
5.35198e-10
6.45208e-10
7.69764e-10
9.09101e-10
1.06298e-09
1.2306e-09
1.41054e-09
1.60078e-09
1.79868e-09
2.00109e-09
2.20451e-09
2.40522e-09
2.59951e-09
2.78392e-09
2.9554e-09
3.11149e-09
3.25044e-09
3.37125e-09
3.47364e-09
3.558e-09
3.62526e-09
3.67672e-09
3.71396e-09
3.73866e-09
3.75248e-09
3.75701e-09
3.75369e-09
3.74377e-09
3.72836e-09
6.92762e-12
2.37118e-11
4.42002e-11
6.91769e-11
9.95337e-11
1.36276e-10
1.80518e-10
2.33464e-10
2.96386e-10
3.70574e-10
4.57279e-10
5.57635e-10
6.72566e-10
8.02679e-10
9.48155e-10
1.10865e-09
1.28319e-09
1.47015e-09
1.66724e-09
1.8715e-09
2.07948e-09
2.28737e-09
2.49118e-09
2.68703e-09
2.87133e-09
3.04105e-09
3.19384e-09
3.32815e-09
3.44325e-09
3.5392e-09
3.6167e-09
3.67698e-09
3.72165e-09
3.75245e-09
3.77121e-09
3.77967e-09
3.77941e-09
3.77183e-09
3.75815e-09
3.73936e-09
7.15619e-12
2.44944e-11
4.56617e-11
7.14736e-11
1.0286e-10
1.40873e-10
1.86679e-10
2.41543e-10
3.068e-10
3.83803e-10
4.73862e-10
5.78154e-10
6.97623e-10
8.32862e-10
9.83997e-10
1.15057e-09
1.33147e-09
1.52483e-09
1.72809e-09
1.93802e-09
2.15087e-09
2.36253e-09
2.5688e-09
2.76561e-09
2.94934e-09
3.11697e-09
3.26631e-09
3.39603e-09
3.5057e-09
3.59568e-09
3.667e-09
3.72119e-09
3.76004e-09
3.7855e-09
3.79946e-09
3.80369e-09
3.79975e-09
3.78898e-09
3.77249e-09
3.75119e-09
7.3607e-12
2.51942e-11
4.69676e-11
7.35239e-11
1.05828e-10
1.44972e-10
1.92172e-10
2.4875e-10
3.16098e-10
3.95629e-10
4.88708e-10
5.96551e-10
7.2012e-10
8.59995e-10
1.01624e-09
1.18831e-09
1.3749e-09
1.57398e-09
1.78271e-09
1.99761e-09
2.21463e-09
2.42941e-09
2.63756e-09
2.83489e-09
3.01774e-09
3.18316e-09
3.32913e-09
3.45456e-09
3.5593e-09
3.64402e-09
3.71005e-09
3.75913e-09
3.79328e-09
3.81453e-09
3.82485e-09
3.82599e-09
3.81945e-09
3.8065e-09
3.78813e-09
3.76517e-09
7.54105e-12
2.58108e-11
4.81167e-11
7.5325e-11
1.0843e-10
1.48562e-10
1.9698e-10
2.55055e-10
3.24234e-10
4.05986e-10
5.01722e-10
6.12695e-10
7.39882e-10
8.83847e-10
1.0446e-09
1.22149e-09
1.41309e-09
1.61713e-09
1.83059e-09
2.04971e-09
2.27022e-09
2.48753e-09
2.69709e-09
2.89461e-09
3.07643e-09
3.23972e-09
3.38261e-09
3.50425e-09
3.60477e-09
3.68511e-09
3.74683e-09
3.79191e-09
3.82249e-09
3.84071e-09
3.84853e-09
3.84767e-09
3.83958e-09
3.82541e-09
3.80607e-09
3.78225e-09
7.69855e-12
2.63486e-11
4.91166e-11
7.68879e-11
1.10682e-10
1.5166e-10
2.01119e-10
2.60475e-10
3.31222e-10
4.14876e-10
5.1289e-10
6.2655e-10
7.5684e-10
9.04309e-10
1.06892e-09
1.24991e-09
1.44573e-09
1.65395e-09
1.87134e-09
2.09393e-09
2.31724e-09
2.53652e-09
2.74707e-09
2.94457e-09
3.12538e-09
3.28677e-09
3.42704e-09
3.54557e-09
3.64271e-09
3.71965e-09
3.77816e-09
3.82038e-09
3.84855e-09
3.86487e-09
3.87129e-09
3.86949e-09
3.86084e-09
3.84639e-09
3.82693e-09
3.80306e-09
7.83621e-12
2.68179e-11
4.9986e-11
7.82409e-11
1.12622e-10
1.54315e-10
2.04652e-10
2.65084e-10
3.37144e-10
4.22389e-10
5.22304e-10
6.38198e-10
7.71059e-10
9.21414e-10
1.08917e-09
1.2735e-09
1.47272e-09
1.68426e-09
1.90473e-09
2.12999e-09
2.35541e-09
2.5761e-09
2.78728e-09
2.98463e-09
3.16455e-09
3.32441e-09
3.46266e-09
3.57887e-09
3.67358e-09
3.74818e-09
3.8046e-09
3.8451e-09
3.872e-09
3.88751e-09
3.89358e-09
3.89183e-09
3.88356e-09
3.86972e-09
3.85101e-09
3.8279e-09
7.95909e-12
2.72357e-11
5.07565e-11
7.94324e-11
1.14318e-10
1.56621e-10
2.07696e-10
2.69025e-10
3.42173e-10
4.28721e-10
5.3018e-10
6.47867e-10
7.82765e-10
9.35374e-10
1.10556e-09
1.2924e-09
1.49413e-09
1.70807e-09
1.93071e-09
2.15779e-09
2.38458e-09
2.60611e-09
2.81759e-09
3.01471e-09
3.19391e-09
3.35268e-09
3.48959e-09
3.60434e-09
3.69764e-09
3.771e-09
3.82646e-09
3.86636e-09
3.89306e-09
3.9088e-09
3.91549e-09
3.91472e-09
3.9077e-09
3.89533e-09
3.87821e-09
3.85671e-09
8.07463e-12
2.76274e-11
5.14751e-11
8.05357e-11
1.15875e-10
1.58716e-10
2.10433e-10
2.72527e-10
3.46582e-10
4.34195e-10
5.36882e-10
6.55952e-10
7.92371e-10
9.46603e-10
1.11846e-09
1.30696e-09
1.51026e-09
1.72561e-09
1.94943e-09
2.17741e-09
2.40476e-09
2.62653e-09
2.83795e-09
3.03473e-09
3.21342e-09
3.37156e-09
3.50783e-09
3.62202e-09
3.71493e-09
3.78813e-09
3.84374e-09
3.88411e-09
3.91165e-09
3.92856e-09
3.93676e-09
3.9378e-09
3.93285e-09
3.92275e-09
3.90804e-09
3.889e-09
8.19305e-12
2.80281e-11
5.22068e-11
8.16519e-11
1.17438e-10
1.60799e-10
2.13121e-10
2.75914e-10
3.50768e-10
4.39275e-10
5.42937e-10
6.63036e-10
8.00497e-10
9.55736e-10
1.1285e-09
1.31777e-09
1.52165e-09
1.73735e-09
1.96128e-09
2.18913e-09
2.41617e-09
2.63749e-09
2.84839e-09
3.0447e-09
3.22301e-09
3.38095e-09
3.51726e-09
3.63176e-09
3.72527e-09
3.79937e-09
3.85617e-09
3.89804e-09
3.92735e-09
3.94632e-09
3.95683e-09
3.96042e-09
3.95826e-09
3.95115e-09
3.93961e-09
3.92383e-09
8.32762e-12
2.84831e-11
5.30365e-11
8.29148e-11
1.19199e-10
1.63132e-10
2.16103e-10
2.79619e-10
3.55257e-10
4.44581e-10
5.49051e-10
6.69896e-10
8.07975e-10
9.63634e-10
1.13657e-09
1.3257e-09
1.5291e-09
1.74402e-09
1.96689e-09
2.1935e-09
2.41921e-09
2.63928e-09
2.84912e-09
3.04468e-09
3.22266e-09
3.38073e-09
3.51766e-09
3.63325e-09
3.72827e-09
3.80426e-09
3.86324e-09
3.90754e-09
3.9395e-09
3.96129e-09
3.97481e-09
3.98161e-09
3.98284e-09
3.97934e-09
3.9716e-09
3.95982e-09
8.49501e-12
2.90498e-11
5.40717e-11
8.44943e-11
1.21406e-10
1.66054e-10
2.19821e-10
2.84196e-10
3.60718e-10
4.50893e-10
5.56107e-10
6.77497e-10
8.15831e-10
9.71366e-10
1.14372e-09
1.33179e-09
1.53365e-09
1.74659e-09
1.96716e-09
2.19131e-09
2.41459e-09
2.63245e-09
2.84053e-09
3.03492e-09
3.21243e-09
3.37081e-09
3.50879e-09
3.62611e-09
3.72343e-09
3.80215e-09
3.8642e-09
3.91178e-09
3.94715e-09
3.97246e-09
3.9896e-09
4.00013e-09
4.00525e-09
4.00582e-09
4.00239e-09
3.99517e-09
8.71532e-12
2.97974e-11
5.5444e-11
8.66002e-11
1.24365e-10
1.69982e-10
2.24818e-10
2.90319e-10
3.67953e-10
4.59132e-10
5.65127e-10
6.86948e-10
8.25238e-10
9.80143e-10
1.15121e-09
1.33729e-09
1.53651e-09
1.74625e-09
1.96323e-09
2.18363e-09
2.40327e-09
2.61787e-09
2.82332e-09
3.01592e-09
3.19264e-09
3.35126e-09
3.49049e-09
3.60996e-09
3.71017e-09
3.79233e-09
3.85818e-09
3.90977e-09
3.94924e-09
3.97867e-09
3.99993e-09
4.01461e-09
4.02397e-09
4.02892e-09
4.03009e-09
4.02777e-09
9.01193e-12
3.08077e-11
5.73102e-11
8.94856e-11
1.28444e-10
1.75419e-10
2.31736e-10
2.98763e-10
3.77859e-10
4.70299e-10
5.77195e-10
6.99395e-10
8.37387e-10
9.91194e-10
1.16028e-09
1.34349e-09
1.539e-09
1.74435e-09
1.95647e-09
2.17183e-09
2.38658e-09
2.59676e-09
2.7986e-09
2.98863e-09
3.164e-09
3.32255e-09
3.46294e-09
3.58469e-09
3.68811e-09
3.77416e-09
3.84435e-09
3.90051e-09
3.94462e-09
3.97866e-09
4.00446e-09
4.0236e-09
4.0374e-09
4.04688e-09
4.05274e-09
4.0554e-09
9.41092e-12
3.21736e-11
5.98531e-11
9.34488e-11
1.34076e-10
1.82935e-10
2.4127e-10
3.10329e-10
3.91314e-10
4.8532e-10
5.93264e-10
7.15808e-10
8.53268e-10
1.00554e-09
1.17202e-09
1.35154e-09
1.54239e-09
1.74228e-09
1.94839e-09
2.15753e-09
2.36621e-09
2.57086e-09
2.76805e-09
2.95461e-09
3.12787e-09
3.28576e-09
3.42693e-09
3.55076e-09
3.65735e-09
3.74742e-09
3.82219e-09
3.88325e-09
3.93237e-09
3.97136e-09
4.00197e-09
4.02578e-09
4.04412e-09
4.05811e-09
4.06856e-09
4.07603e-09
1.30305e-09
1.39421e-09
1.47989e-09
1.55907e-09
1.63094e-09
1.69494e-09
1.75064e-09
1.79782e-09
1.8364e-09
1.86641e-09
1.88797e-09
1.90129e-09
1.90664e-09
1.90433e-09
1.89469e-09
1.87809e-09
1.85493e-09
1.8256e-09
1.79054e-09
1.75022e-09
1.70512e-09
1.65577e-09
1.60271e-09
1.54652e-09
1.48782e-09
1.42723e-09
1.3654e-09
1.30302e-09
1.24089e-09
1.18005e-09
1.12229e-09
1.07119e-09
1.0343e-09
1.02733e-09
1.08101e-09
1.25103e-09
1.62987e-09
2.35702e-09
3.62178e-09
5.65197e-09
8.68459e-09
1.2921e-08
1.84775e-08
2.53459e-08
3.33808e-08
4.23159e-08
5.18104e-08
6.15105e-08
7.1102e-08
8.03507e-08
8.91214e-08
9.738e-08
1.05181e-07
1.12647e-07
1.19947e-07
1.27273e-07
1.34818e-07
1.42761e-07
1.51258e-07
1.60425e-07
1.70334e-07
1.81012e-07
1.92434e-07
2.04527e-07
2.17171e-07
2.30202e-07
2.43423e-07
2.56612e-07
2.6953e-07
2.81935e-07
2.93591e-07
3.04279e-07
3.13804e-07
3.22001e-07
3.2874e-07
3.33926e-07
3.375e-07
3.39441e-07
3.39757e-07
3.38493e-07
3.35716e-07
3.31521e-07
3.2603e-07
3.19397e-07
3.11825e-07
3.0361e-07
2.95248e-07
2.87643e-07
2.8253e-07
2.83198e-07
2.95639e-07
3.30157e-07
4.0323e-07
5.39155e-07
7.70584e-07
1.13695e-06
1.6801e-06
2.4372e-06
3.43241e-06
4.66963e-06
6.12874e-06
7.76706e-06
9.52527e-06
1.1338e-05
1.31437e-05
1.48929e-05
1.65526e-05
1.81087e-05
1.95643e-05
2.0937e-05
2.22549e-05
2.35528e-05
2.48676e-05
2.62359e-05
2.76908e-05
2.92603e-05
3.0965e-05
3.28176e-05
3.48215e-05
3.69712e-05
3.92516e-05
4.16392e-05
4.41024e-05
4.66033e-05
4.90996e-05
5.1546e-05
5.38966e-05
5.61067e-05
5.8135e-05
5.99444e-05
6.15038e-05
6.27883e-05
6.37797e-05
6.44666e-05
6.4844e-05
6.49134e-05
6.46816e-05
6.41605e-05
6.33669e-05
6.23221e-05
6.10531e-05
5.95946e-05
5.79965e-05
5.63389e-05
5.4766e-05
5.35509e-05
5.32108e-05
5.46925e-05
5.96351e-05
7.06883e-05
9.18078e-05
0.000128393
0.000187096
0.000275167
0.000399331
0.000564391
0.000771922
0.00101949
0.00130069
0.00160595
0.00192421
0.00224463
0.00255801
0.00285781
0.00314059
0.00340592
0.00365601
0.00389508
0.00412858
0.00436256
0.00460303
0.00485548
0.00512451
0.00541341
0.00572409
0.00605691
0.00641065
0.00678258
0.00716855
0.00756322
0.00796031
0.00835292
0.00873385
0.00909598
0.00943251
0.00973728
0.0100049
0.010231
0.010412
0.0105455
0.0106299
0.0106646
0.0106497
0.0105859
0.0104748
0.0103183
0.0101189
0.00987957
0.00960368
0.00929501
0.00895782
0.00859696
0.00821808
0.00782799
0.00743514
0.00705012
0.00668608
0.00635855
0.0060843
0.00587909
0.00575463
0.00571559
0.00575793
0.00586927
0.00603174
0.00622617
0.00643536
0.00664613
0.00684972
0.00704122
0.00721845
0.00738084
0.00752869
0.00766268
0.00778365
0.00789252
0.00799025
0.00807784
0.00815632
0.0082267
0.00828998
0.0083471
0.00839894
0.00844634
0.00849003
0.00853063
0.00856864
0.0086045
0.00863851
0.00867092
1.51071e-09
1.6105e-09
1.70316e-09
1.78769e-09
1.86336e-09
1.9297e-09
1.98646e-09
2.03357e-09
2.07109e-09
2.09919e-09
2.11815e-09
2.12825e-09
2.12984e-09
2.12327e-09
2.10892e-09
2.08715e-09
2.05837e-09
2.02295e-09
1.98132e-09
1.93394e-09
1.88127e-09
1.82384e-09
1.76222e-09
1.69702e-09
1.6289e-09
1.55855e-09
1.48672e-09
1.4142e-09
1.34191e-09
1.27107e-09
1.20373e-09
1.14391e-09
1.10004e-09
1.08952e-09
1.14623e-09
1.33128e-09
1.74564e-09
2.5407e-09
3.92022e-09
6.12666e-09
9.40762e-09
1.39661e-08
1.99068e-08
2.71958e-08
3.56494e-08
4.49556e-08
5.4734e-08
6.46002e-08
7.42256e-08
8.33793e-08
9.19473e-08
9.99308e-08
1.07429e-07
1.14615e-07
1.21706e-07
1.2894e-07
1.36548e-07
1.44742e-07
1.537e-07
1.63553e-07
1.74381e-07
1.86205e-07
1.98989e-07
2.12634e-07
2.26989e-07
2.41849e-07
2.56969e-07
2.72074e-07
2.86874e-07
3.01075e-07
3.14395e-07
3.26575e-07
3.37388e-07
3.46645e-07
3.54201e-07
3.59952e-07
3.63839e-07
3.65844e-07
3.65985e-07
3.64316e-07
3.60921e-07
3.55911e-07
3.49427e-07
3.41644e-07
3.32788e-07
3.23185e-07
3.1337e-07
3.04315e-07
2.97876e-07
2.97571e-07
3.09818e-07
3.4566e-07
4.2277e-07
5.67182e-07
8.138e-07
1.20456e-06
1.78352e-06
2.58901e-06
3.64452e-06
4.95093e-06
6.48276e-06
8.19003e-06
1.00059e-05
1.18584e-05
1.36816e-05
1.54244e-05
1.70557e-05
1.85656e-05
1.99643e-05
2.12777e-05
2.25429e-05
2.38033e-05
2.51039e-05
2.64881e-05
2.79946e-05
2.96555e-05
3.14941e-05
3.35238e-05
3.57478e-05
3.81576e-05
4.07342e-05
4.34474e-05
4.62583e-05
4.912e-05
5.19803e-05
5.47841e-05
5.74761e-05
6.00029e-05
6.23157e-05
6.43717e-05
6.61353e-05
6.75788e-05
6.86827e-05
6.94353e-05
6.98326e-05
6.98774e-05
6.95788e-05
6.89515e-05
6.80152e-05
6.67946e-05
6.53202e-05
6.36311e-05
6.17819e-05
5.98599e-05
5.80208e-05
5.65585e-05
5.60298e-05
5.74551e-05
6.26035e-05
7.43358e-05
9.69203e-05
0.00013617
0.000199213
0.000293745
0.000426774
0.00060307
0.000823753
0.00108548
0.00138056
0.00169798
0.00202541
0.00235104
0.00266523
0.0029616
0.0032374
0.00349339
0.00373328
0.00396286
0.0041892
0.0044198
0.00466189
0.00492193
0.00520519
0.00551535
0.00585436
0.00622234
0.00661749
0.00703619
0.00747316
0.00792169
0.00837398
0.00882158
0.00925576
0.00966801
0.0100503
0.0103956
0.0106979
0.0109521
0.0111548
0.0113032
0.0113962
0.0114331
0.0114143
0.011341
0.0112149
0.0110384
0.010814
0.0105453
0.0102358
0.00988964
0.00951161
0.00910699
0.00868205
0.00824427
0.0078029
0.00736951
0.00695836
0.00658626
0.00627135
0.00603075
0.00587731
0.00581642
0.00584423
0.00594788
0.0061085
0.00630559
0.00652044
0.00673842
0.00694957
0.00714802
0.0073309
0.00749727
0.00764726
0.00778158
0.0079012
0.00800728
0.00810104
0.0081838
0.00825685
0.0083215
0.008379
0.00843051
0.00847712
0.00851978
0.00855932
0.00859644
0.00863168
0.00866547
0.00869813
0.00872987
1.72668e-09
1.8335e-09
1.93139e-09
2.01944e-09
2.09707e-09
2.16402e-09
2.22024e-09
2.26587e-09
2.30115e-09
2.32644e-09
2.34213e-09
2.34863e-09
2.34633e-09
2.33562e-09
2.31688e-09
2.29046e-09
2.2567e-09
2.21596e-09
2.16859e-09
2.115e-09
2.05561e-09
1.99092e-09
1.92147e-09
1.8479e-09
1.77089e-09
1.6912e-09
1.60965e-09
1.52714e-09
1.44474e-09
1.36387e-09
1.28685e-09
1.21826e-09
1.16755e-09
1.15408e-09
1.21538e-09
1.41875e-09
1.87475e-09
2.74793e-09
4.25765e-09
6.66124e-09
1.02156e-08
1.51219e-08
2.14672e-08
2.91838e-08
3.80399e-08
4.76737e-08
5.76609e-08
6.75881e-08
7.71179e-08
8.60327e-08
9.42511e-08
1.01821e-07
1.08897e-07
1.15708e-07
1.22526e-07
1.29633e-07
1.37302e-07
1.45775e-07
1.5525e-07
1.65874e-07
1.77731e-07
1.90836e-07
2.05138e-07
2.20512e-07
2.36766e-07
2.5365e-07
2.70864e-07
2.88072e-07
3.04923e-07
3.21069e-07
3.36175e-07
3.4994e-07
3.62106e-07
3.72461e-07
3.80847e-07
3.87157e-07
3.91334e-07
3.93368e-07
3.93289e-07
3.91164e-07
3.87094e-07
3.81208e-07
3.73667e-07
3.64666e-07
3.54455e-07
3.43391e-07
3.32052e-07
3.21482e-07
3.13668e-07
3.12383e-07
3.24519e-07
3.6194e-07
4.43642e-07
5.97564e-07
8.6104e-07
1.27863e-06
1.89653e-06
2.75391e-06
3.87287e-06
5.25015e-06
6.85356e-06
8.62439e-06
1.04875e-05
1.23642e-05
1.41845e-05
1.58969e-05
1.74737e-05
1.89117e-05
2.02298e-05
2.14639e-05
2.26611e-05
2.38741e-05
2.51562e-05
2.65575e-05
2.81219e-05
2.98855e-05
3.1874e-05
3.41017e-05
3.65707e-05
3.92698e-05
4.21747e-05
4.52484e-05
4.84428e-05
5.17008e-05
5.49591e-05
5.81513e-05
6.12115e-05
6.40768e-05
6.66907e-05
6.90043e-05
7.09781e-05
7.2582e-05
7.3796e-05
7.46088e-05
7.5018e-05
7.50285e-05
7.46523e-05
7.3907e-05
7.28157e-05
7.14065e-05
6.97137e-05
6.77806e-05
6.56671e-05
6.34679e-05
6.13509e-05
5.96328e-05
5.89143e-05
6.02979e-05
6.56967e-05
7.82052e-05
0.000102435
0.000144647
0.000212467
0.000314032
0.000456576
0.000644711
0.000878903
0.00115466
0.00146269
0.00179045
0.00212421
0.00245129
0.00276181
0.00304987
0.00331383
0.003556
0.00378185
0.00399904
0.00421633
0.00444271
0.00468663
0.00495545
0.00525501
0.00558934
0.00596037
0.00636785
0.0068093
0.00728006
0.0077735
0.00828132
0.00879397
0.0093012
0.00979258
0.0102581
0.0106884
0.0110756
0.0114129
0.0116951
0.0119186
0.012081
0.012181
0.0122187
0.0121946
0.0121104
0.0119681
0.0117703
0.0115201
0.011221
0.0108771
0.0104929
0.0100733
0.00962429
0.00915257
0.00866633
0.00817562
0.00769298
0.00723386
0.00681637
0.00646008
0.00618349
0.0060006
0.00591752
0.00593049
0.00602611
0.00618443
0.00638352
0.00660313
0.00682718
0.00704447
0.0072482
0.00743488
0.00760323
0.0077533
0.00788587
0.00800213
0.00810352
0.0081916
0.008268
0.00833435
0.00839224
0.00844316
0.00848851
0.00852951
0.00856723
0.00860258
0.00863628
0.00866891
0.00870086
0.00873243
0.00876378
1.94695e-09
2.05867e-09
2.15958e-09
2.24893e-09
2.3264e-09
2.39199e-09
2.44594e-09
2.48862e-09
2.52052e-09
2.54216e-09
2.55407e-09
2.55674e-09
2.55062e-09
2.53611e-09
2.51356e-09
2.48325e-09
2.44546e-09
2.40044e-09
2.34847e-09
2.28985e-09
2.22491e-09
2.15409e-09
2.07789e-09
1.9969e-09
1.91183e-09
1.82348e-09
1.73274e-09
1.64063e-09
1.54836e-09
1.45758e-09
1.37096e-09
1.2937e-09
1.23644e-09
1.22084e-09
1.28863e-09
1.51416e-09
2.01874e-09
2.98137e-09
4.63794e-09
7.26055e-09
1.11134e-08
1.63909e-08
2.31556e-08
3.12968e-08
4.05259e-08
5.04262e-08
6.05285e-08
7.03943e-08
7.96868e-08
8.82132e-08
9.59375e-08
1.02966e-07
1.09517e-07
1.15881e-07
1.22383e-07
1.29355e-07
1.37103e-07
1.45899e-07
1.55963e-07
1.67453e-07
1.80459e-07
1.94992e-07
2.1098e-07
2.2827e-07
2.46627e-07
2.65743e-07
2.85255e-07
3.04758e-07
3.23834e-07
3.42067e-07
3.59071e-07
3.745e-07
3.88064e-07
3.99533e-07
4.08741e-07
4.15582e-07
4.20006e-07
4.22015e-07
4.21655e-07
4.19011e-07
4.142e-07
4.07371e-07
3.98703e-07
3.88414e-07
3.76779e-07
3.64183e-07
3.51249e-07
3.39099e-07
3.29867e-07
3.27606e-07
3.39731e-07
3.79022e-07
4.65928e-07
6.30473e-07
9.12588e-07
1.35954e-06
2.01956e-06
2.93217e-06
4.1172e-06
5.56603e-06
7.23814e-06
9.06503e-06
1.09626e-05
1.28452e-05
1.46399e-05
1.62966e-05
1.7793e-05
1.91346e-05
2.03511e-05
2.14894e-05
2.26075e-05
2.37675e-05
2.50306e-05
2.64534e-05
2.80849e-05
2.99646e-05
3.21209e-05
3.4569e-05
3.73099e-05
4.03292e-05
4.35969e-05
4.70681e-05
5.06843e-05
5.43762e-05
5.80677e-05
6.16797e-05
6.51341e-05
6.8358e-05
7.12867e-05
7.38656e-05
7.60516e-05
7.78134e-05
7.91309e-05
7.99947e-05
8.04045e-05
8.03684e-05
7.99014e-05
7.90245e-05
7.77644e-05
7.61529e-05
7.4228e-05
7.20373e-05
6.9646e-05
6.71565e-05
6.47499e-05
6.27681e-05
6.18602e-05
6.32195e-05
6.89193e-05
8.2312e-05
0.000108384
0.000153877
0.000226933
0.000336115
0.000488803
0.000689296
0.000937179
0.00122651
0.00154621
0.00188199
0.00221876
0.00254311
0.00284524
0.00312012
0.00336761
0.00359194
0.00380063
0.00400331
0.00421051
0.00443265
0.00467931
0.00495867
0.00527711
0.00563893
0.006046
0.00649766
0.00699065
0.00751911
0.00807484
0.00864766
0.00922599
0.00979752
0.0103499
0.0108714
0.0113515
0.0117812
0.0121534
0.0124627
0.0127056
0.01288
0.0129852
0.0130216
0.0129904
0.0128936
0.0127336
0.0125133
0.0122361
0.0119059
0.0115268
0.0111037
0.010642
0.010148
0.00962882
0.00909341
0.0085526
0.00801994
0.00751205
0.00704843
0.00665012
0.00633703
0.0061243
0.00601872
0.00601659
0.00610385
0.0062594
0.00645981
0.00668327
0.0069122
0.00713419
0.00734155
0.00753023
0.00769868
0.00784692
0.00797589
0.00808707
0.00818223
0.0082633
0.00833227
0.0083911
0.00844165
0.00848566
0.00852469
0.0085601
0.00859305
0.00862446
0.00865509
0.00868549
0.00871602
0.00874692
0.0087783
2.16713e-09
2.2812e-09
2.38254e-09
2.4707e-09
2.54571e-09
2.6079e-09
2.65784e-09
2.69618e-09
2.72364e-09
2.74093e-09
2.74869e-09
2.7475e-09
2.73784e-09
2.72007e-09
2.69448e-09
2.66127e-09
2.6206e-09
2.57261e-09
2.51743e-09
2.4552e-09
2.38616e-09
2.31062e-09
2.22898e-09
2.14181e-09
2.04977e-09
1.95368e-09
1.85452e-09
1.75341e-09
1.65172e-09
1.55133e-09
1.45534e-09
1.36965e-09
1.30632e-09
1.28967e-09
1.36622e-09
1.61832e-09
2.17927e-09
3.24374e-09
5.06489e-09
7.92894e-09
1.21043e-08
1.77733e-08
2.49653e-08
3.35157e-08
4.30731e-08
5.31613e-08
6.32678e-08
7.29365e-08
8.18425e-08
8.98321e-08
9.69281e-08
1.03305e-07
1.09251e-07
1.15119e-07
1.21289e-07
1.28134e-07
1.35996e-07
1.45172e-07
1.55901e-07
1.68359e-07
1.8264e-07
1.9875e-07
2.16602e-07
2.36006e-07
2.56678e-07
2.78246e-07
3.0027e-07
3.22266e-07
3.43736e-07
3.64195e-07
3.83196e-07
4.00349e-07
4.15335e-07
4.27911e-07
4.37908e-07
4.45229e-07
4.49837e-07
4.51752e-07
4.5104e-07
4.47803e-07
4.4218e-07
4.34337e-07
4.24475e-07
4.1283e-07
3.997e-07
3.85503e-07
3.70908e-07
3.5712e-07
3.46432e-07
3.43208e-07
3.55445e-07
3.96932e-07
4.89716e-07
6.66079e-07
9.68714e-07
1.44763e-06
2.15291e-06
3.12381e-06
4.37686e-06
5.89669e-06
7.63275e-06
9.50588e-06
1.14224e-05
1.32904e-05
1.50354e-05
1.66107e-05
1.80017e-05
1.9225e-05
2.03222e-05
2.13526e-05
2.23848e-05
2.349e-05
2.47371e-05
2.61882e-05
2.78972e-05
2.99073e-05
3.22497e-05
3.49409e-05
3.79813e-05
4.13531e-05
4.50202e-05
4.89281e-05
5.30062e-05
5.71713e-05
6.13322e-05
6.53951e-05
6.92686e-05
7.28689e-05
7.61229e-05
7.89708e-05
8.13669e-05
8.32797e-05
8.46905e-05
8.55927e-05
8.59892e-05
8.58919e-05
8.53194e-05
8.42966e-05
8.28534e-05
8.10256e-05
7.88548e-05
7.63929e-05
7.37104e-05
7.09179e-05
6.82106e-05
6.5958e-05
6.48626e-05
6.62188e-05
7.22767e-05
8.66726e-05
0.000114801
0.000163912
0.000242681
0.000360061
0.000523478
0.000736735
0.000998278
0.00130039
0.00163003
0.00197106
0.00230709
0.00262423
0.00291316
0.00317016
0.00339701
0.00360015
0.00378936
0.00397628
0.00417311
0.00439163
0.00464242
0.00493442
0.00527451
0.00566727
0.00611455
0.00661526
0.00716524
0.0077573
0.00838137
0.00902512
0.00967455
0.010315
0.0109319
0.0115117
0.0120426
0.0125148
0.0129209
0.0132556
0.0135157
0.0136998
0.0138077
0.0138406
0.0138003
0.013689
0.0135098
0.0132658
0.0129606
0.0125984
0.0121835
0.011721
0.0112166
0.010677
0.0101098
0.00952462
0.00893305
0.00834968
0.00779234
0.00728196
0.00684107
0.00649104
0.00624816
0.00611984
0.00610239
0.00618099
0.00633331
0.00653436
0.0067607
0.00699331
0.00721858
0.00742796
0.00761692
0.00778372
0.00792844
0.00805224
0.00815694
0.0082447
0.00831784
0.00837871
0.0084296
0.00847264
0.00850976
0.00854267
0.00857281
0.0086014
0.00862937
0.00865746
0.00868616
0.00871581
0.00874656
0.00877844
2.38267e-09
2.4962e-09
2.59519e-09
2.67958e-09
2.74982e-09
2.80663e-09
2.85093e-09
2.88369e-09
2.90584e-09
2.91826e-09
2.92171e-09
2.91681e-09
2.90403e-09
2.8837e-09
2.856e-09
2.82103e-09
2.7788e-09
2.72928e-09
2.67241e-09
2.6082e-09
2.53668e-09
2.45802e-09
2.3725e-09
2.28058e-09
2.18288e-09
2.08022e-09
1.97362e-09
1.86429e-09
1.7538e-09
1.64428e-09
1.53929e-09
1.44559e-09
1.37686e-09
1.36048e-09
1.44847e-09
1.73219e-09
2.35814e-09
3.53788e-09
5.54222e-09
8.67022e-09
1.31907e-08
1.92665e-08
2.68846e-08
3.58162e-08
4.56409e-08
5.58214e-08
6.58063e-08
7.51329e-08
8.35027e-08
9.0816e-08
9.71665e-08
1.02806e-07
1.08092e-07
1.13442e-07
1.19284e-07
1.26027e-07
1.34044e-07
1.43658e-07
1.5513e-07
1.68653e-07
1.84332e-07
2.02173e-07
2.2207e-07
2.43796e-07
2.67008e-07
2.91258e-07
3.16016e-07
3.40705e-07
3.64737e-07
3.87547e-07
4.08625e-07
4.27538e-07
4.43944e-07
4.57593e-07
4.68322e-07
4.7605e-07
4.80763e-07
4.82502e-07
4.81357e-07
4.77453e-07
4.70946e-07
4.62023e-07
4.509e-07
4.37835e-07
4.23149e-07
4.07288e-07
3.9097e-07
3.75491e-07
3.63318e-07
3.59159e-07
3.71653e-07
4.15701e-07
5.151e-07
7.04564e-07
1.02969e-06
1.54323e-06
2.29679e-06
3.32865e-06
4.65084e-06
6.23962e-06
8.03293e-06
9.94009e-06
1.18578e-05
1.3689e-05
1.53594e-05
1.68281e-05
1.8091e-05
1.91773e-05
2.0142e-05
2.10567e-05
2.20003e-05
2.30524e-05
2.42882e-05
2.57754e-05
2.75723e-05
2.97264e-05
3.22725e-05
3.52293e-05
3.85969e-05
4.23546e-05
4.6459e-05
5.08448e-05
5.54272e-05
6.01063e-05
6.47734e-05
6.93177e-05
7.36331e-05
7.76242e-05
8.12098e-05
8.43257e-05
8.6925e-05
8.89774e-05
9.04675e-05
9.13924e-05
9.17597e-05
9.15854e-05
9.08924e-05
8.97091e-05
8.80693e-05
8.60119e-05
8.35824e-05
8.08366e-05
7.78504e-05
7.47429e-05
7.17248e-05
6.91954e-05
6.79168e-05
6.92949e-05
7.57753e-05
9.13049e-05
0.000121719
0.000174806
0.000259775
0.000385922
0.000560589
0.000786867
0.00106177
0.00137553
0.00171294
0.002056
0.00238718
0.00269248
0.0029635
0.0031983
0.00340096
0.00358038
0.00374864
0.00391931
0.00410615
0.00432211
0.00457867
0.00488546
0.00524992
0.00567699
0.00616858
0.00672322
0.00733581
0.00799757
0.00869632
0.00941708
0.0101431
0.0108568
0.0115414
0.0121812
0.0127632
0.013277
0.013715
0.0140725
0.0143469
0.0145377
0.0146456
0.0146725
0.0146208
0.0144936
0.0142938
0.0140251
0.0136913
0.0132965
0.0128454
0.0123431
0.0117957
0.01121
0.0105944
0.00995895
0.00931608
0.0086814
0.00807404
0.00751636
0.00703246
0.00664516
0.00637191
0.00622071
0.00618776
0.00625742
0.00640605
0.00660703
0.00683531
0.00707039
0.00729752
0.00750738
0.00769503
0.00785862
0.00799835
0.00811569
0.00821284
0.00829239
0.00835704
0.00840953
0.00845243
0.00848811
0.00851866
0.00854589
0.00857132
0.00859614
0.00862129
0.00864746
0.00867508
0.00870443
0.00873559
0.00876849
2.5891e-09
2.69907e-09
2.79291e-09
2.87101e-09
2.9343e-09
2.98396e-09
3.02124e-09
3.04741e-09
3.06362e-09
3.07088e-09
3.07004e-09
3.06173e-09
3.0464e-09
3.02429e-09
2.9955e-09
2.95996e-09
2.91753e-09
2.86797e-09
2.81105e-09
2.74653e-09
2.67426e-09
2.59421e-09
2.50648e-09
2.41141e-09
2.30954e-09
2.20163e-09
2.08873e-09
1.97216e-09
1.85364e-09
1.73561e-09
1.62216e-09
1.52102e-09
1.44774e-09
1.43326e-09
1.53581e-09
1.85683e-09
2.5573e-09
3.8667e-09
6.07347e-09
9.48743e-09
1.43727e-08
2.0865e-08
2.8897e-08
3.81677e-08
4.81825e-08
5.83442e-08
6.80712e-08
7.69078e-08
8.45982e-08
9.11118e-08
9.66238e-08
1.01466e-07
1.06067e-07
1.10899e-07
1.16431e-07
1.23105e-07
1.3132e-07
1.41425e-07
1.53708e-07
1.68385e-07
1.85581e-07
2.05305e-07
2.27434e-07
2.51698e-07
2.77686e-07
3.04858e-07
3.3258e-07
3.60164e-07
3.86916e-07
4.12186e-07
4.35397e-07
4.56078e-07
4.73869e-07
4.88524e-07
4.99899e-07
5.07939e-07
5.1266e-07
5.14133e-07
5.12472e-07
5.07826e-07
5.00371e-07
4.90308e-07
4.77872e-07
4.63334e-07
4.47037e-07
4.29459e-07
4.11368e-07
3.94154e-07
3.80478e-07
3.75428e-07
3.8835e-07
4.35371e-07
5.42186e-07
7.46119e-07
1.09578e-06
1.64661e-06
2.45129e-06
3.54626e-06
4.93771e-06
6.59167e-06
8.43347e-06
1.03602e-05
1.22594e-05
1.40303e-05
1.56014e-05
1.69403e-05
1.80554e-05
1.89905e-05
1.98141e-05
2.06098e-05
2.14657e-05
2.24684e-05
2.36987e-05
2.5229e-05
2.71229e-05
2.94329e-05
3.21983e-05
3.54419e-05
3.91644e-05
4.33421e-05
4.79236e-05
5.28309e-05
5.79621e-05
6.31974e-05
6.84075e-05
7.34623e-05
7.82394e-05
8.26312e-05
8.65491e-05
8.9926e-05
9.27158e-05
9.48916e-05
9.64428e-05
9.73721e-05
9.76926e-05
9.74252e-05
9.65971e-05
9.52405e-05
9.33921e-05
9.1094e-05
8.83948e-05
8.53542e-05
8.20535e-05
7.86206e-05
7.52829e-05
7.24727e-05
7.10178e-05
7.24477e-05
7.94227e-05
9.62291e-05
0.000129174
0.000186611
0.000278272
0.000413726
0.000600077
0.000839461
0.00112712
0.001451
0.00179359
0.00213508
0.00245709
0.00274592
0.00299462
0.00320347
0.00337918
0.00353322
0.00367989
0.00383453
0.00401221
0.00422684
0.00449074
0.00481427
0.00520554
0.00567002
0.00620986
0.00682331
0.00750424
0.00824206
0.00902204
0.0098261
0.0106341
0.0114253
0.0121801
0.0128808
0.0135131
0.0140664
0.0145333
0.0149099
0.0151949
0.0153888
0.0154936
0.015512
0.0154472
0.0153025
0.0150814
0.0147875
0.0144248
0.0139974
0.01351
0.0129679
0.0123774
0.0117456
0.0110813
0.0103952
0.00970065
0.00901423
0.00835639
0.00775101
0.00722378
0.00679901
0.00649527
0.00632111
0.00627256
0.00633303
0.00647751
0.00667772
0.00690696
0.00714332
0.00737095
0.00757986
0.00776474
0.00792374
0.00805727
0.00816715
0.00825601
0.00832686
0.00838282
0.00842696
0.00846211
0.00849084
0.00851535
0.00853753
0.00855889
0.00858064
0.00860366
0.00862857
0.00865575
0.0086854
0.0087175
0.00875191
2.7823e-09
2.88575e-09
2.97178e-09
3.04131e-09
3.0958e-09
3.13685e-09
3.16606e-09
3.18495e-09
3.19485e-09
3.19689e-09
3.19194e-09
3.18065e-09
3.16339e-09
3.14034e-09
3.11145e-09
3.07653e-09
3.03521e-09
2.98709e-09
2.93168e-09
2.86853e-09
2.79724e-09
2.71754e-09
2.62935e-09
2.53281e-09
2.42834e-09
2.31663e-09
2.19872e-09
2.07601e-09
1.95037e-09
1.82459e-09
1.70334e-09
1.59548e-09
1.51873e-09
1.50807e-09
1.62876e-09
1.99345e-09
2.77884e-09
4.23308e-09
6.66178e-09
1.03825e-08
1.56487e-08
2.25593e-08
3.09813e-08
4.05343e-08
5.06467e-08
6.06662e-08
6.99931e-08
7.81958e-08
8.50783e-08
9.06925e-08
9.53015e-08
9.93173e-08
1.03233e-07
1.07565e-07
1.12817e-07
1.19454e-07
1.27902e-07
1.38539e-07
1.51685e-07
1.67593e-07
1.86415e-07
2.08172e-07
2.32723e-07
2.59753e-07
2.88767e-07
3.19115e-07
3.50036e-07
3.80712e-07
4.10331e-07
4.38144e-07
4.63511e-07
4.85928e-07
5.05029e-07
5.20587e-07
5.32491e-07
5.40725e-07
5.45343e-07
5.46452e-07
5.44195e-07
5.38742e-07
5.30285e-07
5.1904e-07
5.05251e-07
4.89205e-07
4.71261e-07
4.51927e-07
4.32022e-07
4.13043e-07
3.97861e-07
3.91983e-07
4.05537e-07
4.55986e-07
5.7109e-07
7.90939e-07
1.16725e-06
1.75797e-06
2.61634e-06
3.77591e-06
5.23552e-06
6.94915e-06
8.82857e-06
1.07584e-05
1.26179e-05
1.43049e-05
1.57531e-05
1.69417e-05
1.78938e-05
1.86682e-05
1.93471e-05
2.00244e-05
2.07962e-05
2.17544e-05
2.29842e-05
2.45631e-05
2.65603e-05
2.90349e-05
3.20331e-05
3.5583e-05
3.96878e-05
4.43205e-05
4.94211e-05
5.4896e-05
6.06227e-05
6.64577e-05
7.22473e-05
7.78391e-05
8.3093e-05
8.78892e-05
9.21332e-05
9.57569e-05
9.87176e-05
0.000100995
0.000102585
0.000103497
0.000103753
0.000103377
0.000102401
0.00010086
9.87946e-05
9.62478e-05
9.32712e-05
8.99279e-05
8.63045e-05
8.25381e-05
7.88741e-05
7.57815e-05
7.41607e-05
7.56773e-05
8.3228e-05
0.000101467
0.000137205
0.000199377
0.000298217
0.000443475
0.000641829
0.000894187
0.00119368
0.00152576
0.00187054
0.00220658
0.002515
0.00278295
0.00300543
0.00318536
0.00333226
0.00346015
0.00358535
0.00372467
0.00389422
0.00410871
0.00438124
0.004723
0.00514303
0.00564761
0.00623943
0.00691652
0.00767168
0.00849221
0.00936028
0.0102541
0.0111494
0.0120219
0.0128485
0.0136099
0.0142905
0.0148796
0.0153711
0.0157622
0.0160531
0.0162461
0.0163445
0.0163519
0.0162723
0.0161093
0.0158666
0.0155479
0.0151568
0.0146973
0.0141743
0.0135929
0.0129596
0.0122819
0.0115689
0.0108321
0.0100856
0.00934716
0.00863854
0.0079852
0.00741447
0.00695216
0.00661794
0.00642085
0.00635665
0.00640772
0.0065476
0.00674632
0.00697556
0.00721202
0.00743886
0.00764546
0.00782628
0.00797953
0.0081059
0.00820761
0.00828774
0.00834972
0.00839708
0.00843316
0.00846102
0.00848338
0.00850253
0.00852036
0.0085384
0.00855778
0.00857934
0.00860365
0.008631
0.0086615
0.00869506
0.00873144
2.95878e-09
3.05299e-09
3.12888e-09
3.18797e-09
3.23222e-09
3.26362e-09
3.28409e-09
3.29535e-09
3.29885e-09
3.2958e-09
3.28707e-09
3.27328e-09
3.25475e-09
3.23154e-09
3.20349e-09
3.17023e-09
3.13124e-09
3.08588e-09
3.03343e-09
2.9732e-09
2.90453e-09
2.82688e-09
2.73994e-09
2.64362e-09
2.53816e-09
2.42416e-09
2.3026e-09
2.17493e-09
2.04321e-09
1.91055e-09
1.78229e-09
1.66859e-09
1.58966e-09
1.58506e-09
1.72798e-09
2.1434e-09
3.02487e-09
4.63979e-09
7.30973e-09
1.13562e-08
1.70144e-08
2.43355e-08
3.31111e-08
4.28751e-08
5.29792e-08
6.27252e-08
7.15112e-08
7.89477e-08
8.49158e-08
8.95599e-08
9.32336e-08
9.64234e-08
9.96753e-08
1.0354e-07
1.08541e-07
1.15167e-07
1.23868e-07
1.35057e-07
1.49101e-07
1.66299e-07
1.86846e-07
2.10783e-07
2.37955e-07
2.6799e-07
3.00294e-07
3.34085e-07
3.68446e-07
4.02404e-07
4.35012e-07
4.6542e-07
4.92923e-07
5.16994e-07
5.37283e-07
5.53598e-07
5.65879e-07
5.74164e-07
5.78556e-07
5.79202e-07
5.76275e-07
5.69964e-07
5.60474e-07
5.48026e-07
5.3287e-07
5.15302e-07
4.95695e-07
4.74584e-07
4.52845e-07
4.32086e-07
4.15413e-07
4.08793e-07
4.23215e-07
4.77603e-07
6.01935e-07
8.39222e-07
1.24431e-06
1.87743e-06
2.79171e-06
4.01658e-06
5.54181e-06
7.30782e-06
9.21199e-06
1.11266e-05
1.29246e-05
1.45046e-05
1.5809e-05
1.68309e-05
1.76096e-05
1.82191e-05
1.87541e-05
1.93173e-05
2.00101e-05
2.09284e-05
2.21611e-05
2.3791e-05
2.58942e-05
2.85387e-05
3.17799e-05
3.5654e-05
4.0168e-05
4.52923e-05
5.09563e-05
5.70477e-05
6.34191e-05
6.98981e-05
7.63021e-05
8.24535e-05
8.81931e-05
9.33895e-05
9.79441e-05
0.000101792
0.000104896
0.000107246
0.000108848
0.000109722
0.000109893
0.000109395
0.000108261
0.00010653
0.000104242
0.000101443
9.81857e-05
9.45357e-05
9.05849e-05
8.648e-05
8.24861e-05
7.91126e-05
7.73401e-05
7.89848e-05
8.72015e-05
0.000107042
0.00014585
0.00021315
0.000319643
0.000475139
0.000685677
0.000950619
0.00126069
0.00159867
0.00194234
0.00226887
0.00255939
0.00280246
0.00299552
0.00314445
0.00326164
0.00336346
0.00346794
0.00359298
0.00375542
0.00397065
0.00425257
0.00461344
0.00506358
0.00561048
0.00625769
0.00700325
0.00783876
0.008749
0.00971238
0.0107025
0.0116903
0.012647
0.0135463
0.0143666
0.0150917
0.0157117
0.0162218
0.0166213
0.0169128
0.0171003
0.0171887
0.017183
0.0170874
0.0169061
0.0166425
0.0162999
0.0158817
0.0153918
0.0148344
0.0142149
0.0135397
0.0128167
0.0120555
0.0112681
0.0104697
0.00967909
0.00891957
0.00821818
0.00760394
0.00710416
0.0067396
0.00651971
0.00643987
0.00648137
0.00661621
0.00681273
0.00704101
0.00727644
0.00750126
0.00770432
0.00787996
0.00802652
0.00814503
0.00823814
0.00830937
0.00836259
0.00840164
0.00843015
0.00845136
0.00846805
0.00848257
0.0084968
0.00851222
0.00852992
0.00855068
0.00857498
0.00860305
0.00863491
0.00867039
0.00870917
3.11587e-09
3.19854e-09
3.26245e-09
3.30973e-09
3.34279e-09
3.36398e-09
3.37544e-09
3.37903e-09
3.3763e-09
3.36846e-09
3.35637e-09
3.3406e-09
3.32139e-09
3.29872e-09
3.27228e-09
3.24158e-09
3.2059e-09
3.16442e-09
3.11618e-09
3.06023e-09
2.99564e-09
2.9216e-09
2.8375e-09
2.74302e-09
2.63816e-09
2.52338e-09
2.39958e-09
2.26821e-09
2.13149e-09
1.99291e-09
1.85856e-09
1.74005e-09
1.66044e-09
1.66448e-09
1.83422e-09
2.30809e-09
3.29756e-09
5.08933e-09
8.01905e-09
1.24071e-08
1.84623e-08
2.6176e-08
3.52558e-08
4.5146e-08
5.51261e-08
6.44649e-08
7.25769e-08
7.91347e-08
8.41103e-08
8.77472e-08
9.0486e-08
9.28768e-08
9.55042e-08
9.89386e-08
1.03716e-07
1.10342e-07
1.19295e-07
1.31034e-07
1.45986e-07
1.64515e-07
1.86875e-07
2.13137e-07
2.43135e-07
2.7643e-07
3.12306e-07
3.49817e-07
3.87859e-07
4.25277e-07
4.60969e-07
4.93975e-07
5.23537e-07
5.49125e-07
5.70422e-07
5.87301e-07
5.99772e-07
6.07942e-07
6.11975e-07
6.12063e-07
6.08405e-07
6.01207e-07
5.90675e-07
5.77033e-07
5.60527e-07
5.41453e-07
5.20194e-07
4.9731e-07
4.73736e-07
4.51204e-07
4.33074e-07
4.25826e-07
4.41391e-07
5.00283e-07
6.34854e-07
8.91165e-07
1.32717e-06
2.00504e-06
2.97694e-06
4.26688e-06
5.85365e-06
7.66296e-06
9.57721e-06
1.14574e-05
1.31719e-05
1.46238e-05
1.57669e-05
1.66105e-05
1.72108e-05
1.76565e-05
1.80528e-05
1.85084e-05
1.91281e-05
2.00099e-05
2.12462e-05
2.29256e-05
2.51332e-05
2.79486e-05
3.14397e-05
3.56538e-05
4.06038e-05
4.62578e-05
5.25323e-05
5.92925e-05
6.636e-05
7.35275e-05
8.05783e-05
8.73062e-05
9.35319e-05
9.9114e-05
0.000103953
0.000107991
0.000111203
0.000113591
0.000115175
0.000115984
0.000116054
0.000115422
0.000114125
0.000112201
0.000109693
0.000106643
0.000103107
9.91518e-05
9.48733e-05
9.04288e-05
8.6105e-05
8.24558e-05
8.05509e-05
8.2372e-05
9.13551e-05
0.000112979
0.000155146
0.000227972
0.000342564
0.000508649
0.000731386
0.00100824
0.00132729
0.00166854
0.00200755
0.00232051
0.00258912
0.00280392
0.00296524
0.00308209
0.00316962
0.00324623
0.0033312
0.00344311
0.00359925
0.00381559
0.00410697
0.00448709
0.00496797
0.00555885
0.0062646
0.00708346
0.00800573
0.00901311
0.0100794
0.0111725
0.0122577
0.0133009
0.0142721
0.0151477
0.0159118
0.0165555
0.0170765
0.0174773
0.0177629
0.01794
0.0180151
0.0179943
0.0178824
0.0176834
0.0174004
0.0170362
0.0165934
0.0160753
0.0154859
0.0148302
0.0141148
0.0133476
0.0125389
0.0117015
0.0108514
0.0100088
0.00919846
0.00844911
0.00779152
0.00725452
0.00685991
0.00661747
0.00652209
0.00655387
0.00668324
0.00687685
0.00710322
0.00733653
0.00755817
0.00775662
0.00792614
0.0080653
0.00817548
0.00825981
0.00832222
0.00836699
0.00839825
0.00841982
0.00843508
0.00844685
0.00845748
0.00846884
0.00848233
0.00849898
0.00851952
0.00854435
0.00857363
0.0086073
0.00864512
0.00868668
3.25191e-09
3.32127e-09
3.37196e-09
3.40664e-09
3.42809e-09
3.43894e-09
3.44149e-09
3.43767e-09
3.42906e-09
3.41684e-09
3.40185e-09
3.38458e-09
3.36521e-09
3.34361e-09
3.31939e-09
3.29191e-09
3.26031e-09
3.22355e-09
3.1805e-09
3.12994e-09
3.07066e-09
3.00157e-09
2.92174e-09
2.83057e-09
2.72782e-09
2.61371e-09
2.48904e-09
2.35525e-09
2.21468e-09
2.07121e-09
1.93176e-09
1.80962e-09
1.73106e-09
1.74669e-09
1.94833e-09
2.48904e-09
3.59896e-09
5.58375e-09
8.7904e-09
1.35321e-08
1.99815e-08
2.8059e-08
3.7381e-08
4.73012e-08
5.70362e-08
6.58383e-08
7.31591e-08
7.87517e-08
8.26904e-08
8.53182e-08
8.71537e-08
8.87954e-08
9.08494e-08
9.38913e-08
9.84615e-08
1.05079e-07
1.14259e-07
1.26519e-07
1.42364e-07
1.62245e-07
1.86491e-07
2.15223e-07
2.48263e-07
2.85089e-07
3.24838e-07
3.66359e-07
4.08321e-07
4.49353e-07
4.8818e-07
5.23731e-07
5.55209e-07
5.82104e-07
6.04169e-07
6.21364e-07
6.338e-07
6.41671e-07
6.45208e-07
6.44649e-07
6.40221e-07
6.32133e-07
6.20588e-07
6.05795e-07
5.8799e-07
5.67459e-07
5.44591e-07
5.19968e-07
4.94584e-07
4.70307e-07
4.50783e-07
4.43051e-07
4.60078e-07
5.24098e-07
6.69989e-07
9.46959e-07
1.41598e-06
2.1407e-06
3.17134e-06
4.52503e-06
6.16772e-06
8.00948e-06
9.91775e-06
1.17436e-05
1.33541e-05
1.46595e-05
1.56283e-05
1.62876e-05
1.67103e-05
1.69983e-05
1.72643e-05
1.76206e-05
1.81726e-05
1.90193e-05
2.02564e-05
2.19794e-05
2.4285e-05
2.72677e-05
3.10119e-05
3.55797e-05
4.09924e-05
4.72159e-05
5.41515e-05
6.16363e-05
6.94534e-05
7.73534e-05
8.50793e-05
9.23926e-05
9.9094e-05
0.000105035
0.00011012
0.000114303
0.000117577
0.000119962
0.000121493
0.000122213
0.000122165
0.000121391
0.00011993
0.000117819
0.000115097
0.000111807
0.000108
0.000103746
9.91451e-05
9.43647e-05
8.97153e-05
8.58004e-05
8.37879e-05
8.58413e-05
9.57025e-05
0.000119305
0.000165131
0.000243874
0.000366972
0.000543893
0.000778648
0.00106646
0.00139257
0.00173416
0.00206486
0.00236035
0.00260354
0.00278748
0.00291574
0.00300047
0.0030593
0.00311219
0.00317915
0.00327901
0.00342927
0.00364645
0.0039466
0.00434523
0.0048567
0.00549264
0.00625975
0.00715682
0.00817261
0.00928508
0.0104623
0.0116652
0.012852
0.0139827
0.0150233
0.0159487
0.0167436
0.0174018
0.0179246
0.0183179
0.0185907
0.0187521
0.0188107
0.0187735
0.0186456
0.0184307
0.0181311
0.0177485
0.0172847
0.0167421
0.0161238
0.0154348
0.0146813
0.0138718
0.013017
0.0121303
0.0112292
0.010335
0.00947408
0.0086771
0.00797653
0.00740274
0.00697853
0.0067139
0.00660314
0.00662509
0.00674858
0.00693858
0.00716212
0.00739225
0.00760968
0.00780257
0.00796523
0.00809647
0.00819811
0.0082737
0.00832759
0.00836439
0.00838848
0.00840384
0.0084139
0.0084215
0.00842898
0.00843812
0.00845029
0.00846646
0.00848728
0.00851311
0.00854404
0.00857993
0.00862048
0.00866516
3.36625e-09
3.42121e-09
3.45806e-09
3.4799e-09
3.48983e-09
3.49062e-09
3.48467e-09
3.47391e-09
3.4599e-09
3.44378e-09
3.42633e-09
3.40798e-09
3.38884e-09
3.3687e-09
3.34709e-09
3.32324e-09
3.2962e-09
3.26475e-09
3.22757e-09
3.1832e-09
3.13017e-09
3.0671e-09
2.99275e-09
2.90619e-09
2.80688e-09
2.69481e-09
2.57059e-09
2.43561e-09
2.29235e-09
2.14506e-09
2.0016e-09
1.87715e-09
1.8016e-09
1.83212e-09
2.07129e-09
2.68779e-09
3.93099e-09
6.12454e-09
9.62313e-09
1.47258e-08
2.1558e-08
2.99591e-08
3.94495e-08
4.9296e-08
5.86645e-08
6.68114e-08
7.32468e-08
7.782e-08
8.07137e-08
8.2365e-08
8.33565e-08
8.43163e-08
8.58537e-08
8.8536e-08
9.29003e-08
9.94813e-08
1.08838e-07
1.21562e-07
1.38257e-07
1.59485e-07
1.8568e-07
2.17025e-07
2.53331e-07
2.9398e-07
3.37922e-07
3.83753e-07
4.29865e-07
4.74633e-07
5.1659e-07
5.5456e-07
5.87729e-07
6.15644e-07
6.38165e-07
6.5538e-07
6.67523e-07
6.74894e-07
6.778e-07
6.76525e-07
6.71311e-07
6.62366e-07
6.49872e-07
6.34014e-07
6.15001e-07
5.93104e-07
5.68704e-07
5.42406e-07
5.15268e-07
4.89304e-07
4.68474e-07
4.6044e-07
4.79296e-07
5.49129e-07
7.07486e-07
1.00678e-06
1.51084e-06
2.28417e-06
3.37398e-06
4.78884e-06
6.48031e-06
8.34214e-06
1.02274e-05
1.19796e-05
1.34673e-05
1.46118e-05
1.53987e-05
1.58735e-05
1.61251e-05
1.62657e-05
1.64128e-05
1.66787e-05
1.71675e-05
1.79779e-05
1.92091e-05
2.09653e-05
2.33574e-05
2.6499e-05
3.04954e-05
3.5428e-05
4.133e-05
4.81651e-05
5.5816e-05
6.40846e-05
7.27068e-05
8.13815e-05
8.98045e-05
9.7702e-05
0.000104855
0.000111113
0.00011639
0.000120662
0.000123943
0.000126277
0.000127718
0.000128324
0.000128145
0.000127227
0.000125608
0.000123321
0.000120401
0.000116886
0.000112825
0.000108286
0.000103373
9.8266e-05
9.33004e-05
8.91348e-05
8.7046e-05
8.93966e-05
0.000100259
0.000126048
0.000175841
0.000260881
0.000392834
0.000580712
0.000827078
0.00112461
0.00145555
0.00179439
0.00211314
0.00238763
0.00260256
0.00275401
0.00284897
0.00290255
0.00293444
0.00296558
0.00301615
0.00310484
0.00324914
0.00346621
0.00377355
0.00418907
0.00473014
0.00541156
0.00624255
0.00722277
0.00833927
0.00956536
0.010862
0.0121814
0.0134733
0.014691
0.0157963
0.0167633
0.0175785
0.0182397
0.018753
0.0191293
0.0193815
0.0195221
0.0195614
0.0195073
0.0193649
0.0191369
0.0188245
0.0184281
0.0179481
0.0173855
0.0167427
0.0160241
0.0152357
0.0143863
0.0134871
0.0125526
0.0116012
0.0106561
0.00974527
0.00890119
0.00815823
0.0075483
0.00709509
0.00680878
0.00668288
0.00669494
0.00681214
0.00699782
0.00721762
0.0074436
0.00765588
0.00784242
0.00799764
0.00812068
0.00821377
0.00828085
0.00832669
0.00835614
0.00837378
0.00838368
0.00838929
0.00839346
0.00839843
0.00840596
0.00841735
0.00843352
0.00845508
0.00848232
0.00851528
0.00855378
0.00859739
0.00864554
3.45933e-09
3.49944e-09
3.52242e-09
3.53172e-09
3.53061e-09
3.52195e-09
3.50812e-09
3.49103e-09
3.47217e-09
3.45263e-09
3.43312e-09
3.41402e-09
3.39536e-09
3.3769e-09
3.35807e-09
3.33806e-09
3.31579e-09
3.28993e-09
3.25899e-09
3.22131e-09
3.17519e-09
3.11892e-09
3.05098e-09
2.97008e-09
2.87537e-09
2.76655e-09
2.64401e-09
2.50903e-09
2.3642e-09
2.2142e-09
2.06788e-09
1.94257e-09
1.87223e-09
1.92133e-09
2.20412e-09
2.90584e-09
4.29527e-09
6.71239e-09
1.0515e-08
1.598e-08
2.31742e-08
3.1848e-08
4.14238e-08
5.10889e-08
5.99759e-08
6.73672e-08
7.28515e-08
7.63869e-08
7.82641e-08
7.90035e-08
7.9233e-08
7.95897e-08
8.06683e-08
8.30155e-08
8.71598e-08
9.3654e-08
1.0311e-07
1.16211e-07
1.33685e-07
1.56234e-07
1.84423e-07
2.1852e-07
2.58332e-07
3.03117e-07
3.51592e-07
4.02039e-07
4.52515e-07
5.01096e-07
5.46107e-07
5.86281e-07
6.20822e-07
6.49384e-07
6.71979e-07
6.88866e-07
7.00432e-07
7.07096e-07
7.09247e-07
7.07209e-07
7.0123e-07
6.91499e-07
6.78164e-07
6.61369e-07
6.41284e-07
6.1815e-07
5.92337e-07
5.64464e-07
5.35657e-07
5.08094e-07
4.86083e-07
4.77967e-07
4.9907e-07
5.75467e-07
7.47496e-07
1.07079e-06
1.61175e-06
2.43506e-06
3.58367e-06
5.05577e-06
6.78742e-06
8.65573e-06
1.05008e-05
1.2161e-05
1.35106e-05
1.44846e-05
1.50877e-05
1.53838e-05
1.54758e-05
1.5483e-05
1.55241e-05
1.57087e-05
1.61372e-05
1.69074e-05
1.81222e-05
1.98964e-05
2.23584e-05
2.56452e-05
2.98887e-05
3.51945e-05
4.16121e-05
4.91033e-05
5.75277e-05
6.66431e-05
7.61272e-05
8.56157e-05
9.47494e-05
0.000103216
0.000110781
0.000117296
0.000122697
0.000126986
0.000130211
0.000132442
0.000133756
0.000134224
0.000133906
0.000132848
0.000131083
0.00012864
0.000125545
0.00012183
0.000117538
0.000112735
0.000107528
0.000102109
9.68424e-05
9.24474e-05
9.03208e-05
9.30428e-05
0.000105041
0.000133237
0.000187306
0.000279
0.000420087
0.000618902
0.000876226
0.00118196
0.00151528
0.00184817
0.00215155
0.00240203
0.00258673
0.00270513
0.00276761
0.00279196
0.00279932
0.00281101
0.00284683
0.00292492
0.00306266
0.00327791
0.00359002
0.00401986
0.00458864
0.00531524
0.00621224
0.00728065
0.00850552
0.00985443
0.0112793
0.0127218
0.0141214
0.0154235
0.0165861
0.0175835
0.0184057
0.0190562
0.0195473
0.019896
0.02012
0.0202349
0.020253
0.0201825
0.0200279
0.0197908
0.0194707
0.0190662
0.0185757
0.0179989
0.0173369
0.0165933
0.0157739
0.0148877
0.0139465
0.012966
0.0119658
0.0109707
0.0100108
0.00912039
0.00833588
0.00769065
0.00720925
0.00690186
0.00676116
0.0067633
0.0068738
0.00705446
0.00726966
0.00749057
0.00769686
0.00787641
0.00802382
0.00813857
0.00822327
0.00828228
0.00832064
0.00834345
0.00835541
0.00836061
0.00836251
0.00836389
0.00836696
0.0083734
0.00838448
0.00840107
0.00842375
0.00845277
0.00848814
0.0085296
0.00857664
0.00862858
3.53248e-09
3.55792e-09
3.56754e-09
3.565e-09
3.55366e-09
3.53634e-09
3.51537e-09
3.49261e-09
3.46946e-09
3.44694e-09
3.42571e-09
3.40608e-09
3.38805e-09
3.37132e-09
3.3553e-09
3.3391e-09
3.32158e-09
3.30134e-09
3.27673e-09
3.24594e-09
3.20704e-09
3.15807e-09
3.09718e-09
3.02275e-09
2.93358e-09
2.82903e-09
2.70924e-09
2.57537e-09
2.43005e-09
2.27844e-09
2.1305e-09
2.00591e-09
1.94324e-09
2.01494e-09
2.34791e-09
3.14463e-09
4.69302e-09
7.34704e-09
1.1462e-08
1.72839e-08
2.48098e-08
3.36956e-08
4.32671e-08
5.26445e-08
6.09474e-08
6.75069e-08
7.2008e-08
7.45239e-08
7.54478e-08
7.5367e-08
7.49333e-08
7.4772e-08
7.54465e-08
7.7473e-08
8.1368e-08
8.77049e-08
9.71591e-08
1.10522e-07
1.28673e-07
1.52489e-07
1.82699e-07
2.19687e-07
2.63255e-07
3.12512e-07
3.65881e-07
4.21255e-07
4.76282e-07
5.28692e-07
5.76593e-07
6.18651e-07
6.54142e-07
6.82885e-07
7.05106e-07
7.21278e-07
7.31965e-07
7.37722e-07
7.39015e-07
7.36198e-07
7.29513e-07
7.1911e-07
7.05087e-07
6.87529e-07
6.66552e-07
6.42354e-07
6.15283e-07
5.85972e-07
5.55617e-07
5.26577e-07
5.03543e-07
4.95611e-07
5.19437e-07
6.03212e-07
7.90171e-07
1.13912e-06
1.71866e-06
2.59281e-06
3.7989e-06
5.32304e-06
7.08491e-06
8.9453e-06
1.07332e-05
1.22856e-05
1.34854e-05
1.42848e-05
1.47083e-05
1.48371e-05
1.47854e-05
1.4676e-05
1.46253e-05
1.4737e-05
1.51066e-05
1.58299e-05
1.70144e-05
1.87871e-05
2.12972e-05
2.47101e-05
2.91905e-05
3.48749e-05
4.18338e-05
5.0028e-05
5.92884e-05
6.93177e-05
7.97207e-05
9.00571e-05
9.99039e-05
0.000108909
0.000116826
0.00012352
0.000128958
0.000133183
0.00013628
0.000138353
0.000139503
0.000139816
0.000139356
0.000138168
0.000136279
0.000133708
0.00013047
0.000126587
0.000122095
0.000117056
0.00011158
0.00010587
0.000100323
9.57263e-05
9.36084e-05
9.67865e-05
0.000110067
0.000140901
0.000199554
0.000298226
0.000448637
0.000658198
0.000925586
0.00123775
0.00157082
0.00189461
0.00217958
0.00240374
0.00255722
0.00264309
0.00267497
0.00267281
0.00265858
0.00265331
0.0026759
0.00274364
0.00287367
0.00308472
0.00339833
0.00383898
0.00443263
0.00520332
0.00616801
0.00732972
0.00867117
0.0101528
0.0117152
0.013287
0.0147953
0.0161769
0.0173864
0.0183997
0.0192126
0.0198364
0.0202915
0.0206019
0.0207902
0.0208755
0.0208714
0.0207861
0.020623
0.0203819
0.0200602
0.0196541
0.0191601
0.0185758
0.0179008
0.0171377
0.016292
0.0153728
0.0143926
0.0133682
0.0123208
0.0112772
0.0102692
0.00933367
0.00850869
0.00782925
0.00732065
0.00699296
0.00683786
0.00683005
0.00693347
0.00710842
0.00731816
0.00753315
0.00773274
0.00790482
0.00804422
0.00815075
0.00822742
0.0082789
0.00831048
0.00832742
0.00833446
0.00833572
0.00833458
0.00833378
0.00833546
0.00834126
0.00835241
0.00836979
0.00839394
0.00842511
0.00846325
0.00850803
0.00855886
0.00861493
3.58781e-09
3.59928e-09
3.59644e-09
3.58306e-09
3.56244e-09
3.53736e-09
3.51004e-09
3.48224e-09
3.45531e-09
3.4302e-09
3.40751e-09
3.3875e-09
3.37014e-09
3.35509e-09
3.34173e-09
3.32916e-09
3.31618e-09
3.30133e-09
3.2829e-09
3.25893e-09
3.2273e-09
3.18583e-09
3.13235e-09
3.06492e-09
2.98197e-09
2.88252e-09
2.76642e-09
2.63463e-09
2.48986e-09
2.33771e-09
2.18942e-09
2.0673e-09
2.01499e-09
2.11368e-09
2.50375e-09
3.40543e-09
5.12496e-09
8.02712e-09
1.24585e-08
1.86241e-08
2.64422e-08
3.54711e-08
4.4946e-08
5.3936e-08
6.15706e-08
6.72511e-08
7.07723e-08
7.23231e-08
7.23872e-08
7.15986e-08
7.06108e-08
7.0018e-08
7.03383e-08
7.20491e-08
7.56523e-08
8.17448e-08
9.10737e-08
1.04558e-07
1.23253e-07
1.48251e-07
1.8049e-07
2.20501e-07
2.68089e-07
3.22178e-07
3.80824e-07
4.41434e-07
5.01159e-07
5.57338e-07
6.07857e-07
6.51361e-07
6.87267e-07
7.15639e-07
7.36981e-07
7.52021e-07
7.6153e-07
7.66197e-07
7.6656e-07
7.6299e-07
7.557e-07
7.44784e-07
7.3027e-07
7.12166e-07
6.90518e-07
6.65468e-07
6.37334e-07
6.06757e-07
5.7501e-07
5.4465e-07
5.20793e-07
5.13357e-07
5.40442e-07
6.32477e-07
8.3566e-07
1.21185e-06
1.8314e-06
2.75663e-06
4.01789e-06
5.58759e-06
7.36863e-06
9.20643e-06
1.09216e-05
1.23531e-05
1.33964e-05
1.40228e-05
1.42767e-05
1.42547e-05
1.40785e-05
1.38711e-05
1.37429e-05
1.37897e-05
1.41001e-05
1.47678e-05
1.59051e-05
1.76529e-05
2.01844e-05
2.36986e-05
2.84004e-05
3.44649e-05
4.19902e-05
5.09368e-05
6.11003e-05
7.21144e-05
8.3493e-05
9.4704e-05
0.000105252
0.000114744
0.000122932
0.000129707
0.000135081
0.000139148
0.000142041
0.000143902
0.000144855
0.000145
0.000144403
0.000143104
0.000141119
0.000138455
0.000135114
0.000131103
0.00012645
0.00012121
0.000115496
0.000109523
0.000103724
9.896e-05
9.69064e-05
0.000100636
0.000115359
0.000149068
0.000212605
0.000318534
0.00047835
0.000698283
0.000974603
0.0012912
0.00162132
0.00193308
0.00219709
0.0023935
0.00251581
0.00257073
0.00257481
0.00254952
0.00251697
0.00249728
0.00250802
0.00256535
0.00268611
0.00288999
0.00320108
0.0036481
0.00426275
0.00507552
0.00610906
0.00736917
0.00883597
0.010461
0.0121708
0.0138775
0.0154936
0.0169468
0.018189
0.0192004
0.0199851
0.0205647
0.0209694
0.0212308
0.0213772
0.0214302
0.0214042
0.0213069
0.02114
0.020901
0.0205846
0.0201845
0.0196945
0.01911
0.018429
0.0176526
0.0167859
0.015838
0.0148223
0.0137568
0.0126644
0.0115738
0.0105194
0.00953997
0.0086759
0.00796357
0.00742896
0.00708186
0.00691283
0.0068951
0.00699103
0.00715959
0.00736306
0.00757135
0.00776364
0.00792791
0.00805925
0.00815783
0.00822695
0.00827155
0.00829713
0.00830898
0.00831188
0.00830988
0.00830632
0.00830387
0.0083046
0.00831015
0.00832173
0.00834023
0.0083662
0.00839986
0.00844115
0.00848964
0.00854465
0.00860523
3.62793e-09
3.62653e-09
3.6124e-09
3.5893e-09
3.56045e-09
3.52849e-09
3.49554e-09
3.46331e-09
3.43304e-09
3.40564e-09
3.38168e-09
3.36136e-09
3.34463e-09
3.33113e-09
3.3202e-09
3.31094e-09
3.30215e-09
3.29232e-09
3.2797e-09
3.26223e-09
3.23767e-09
3.20361e-09
3.15763e-09
3.09747e-09
3.02119e-09
2.92746e-09
2.81577e-09
2.68693e-09
2.54364e-09
2.39204e-09
2.24472e-09
2.12694e-09
2.08792e-09
2.21833e-09
2.67274e-09
3.68926e-09
5.59113e-09
8.7499e-09
1.34967e-08
1.99846e-08
2.80472e-08
3.71445e-08
4.64319e-08
5.49471e-08
6.18526e-08
6.66391e-08
6.9219e-08
6.98911e-08
6.92127e-08
6.78425e-08
6.64144e-08
6.54743e-08
6.54841e-08
6.68768e-08
7.0137e-08
7.58859e-08
8.49489e-08
9.83867e-08
1.17464e-07
1.43527e-07
1.77777e-07
2.20936e-07
2.72823e-07
3.32132e-07
3.96457e-07
4.62602e-07
5.27122e-07
5.86909e-07
6.3965e-07
6.84033e-07
7.19711e-07
7.47081e-07
7.66996e-07
7.80482e-07
7.88531e-07
7.91961e-07
7.91368e-07
7.87115e-07
7.79364e-07
7.68136e-07
7.53366e-07
7.3497e-07
7.12909e-07
6.87254e-07
6.58286e-07
6.26649e-07
5.93699e-07
5.62212e-07
5.37773e-07
5.31201e-07
5.62143e-07
6.63381e-07
8.84109e-07
1.28905e-06
1.94969e-06
2.92561e-06
4.23857e-06
5.84618e-06
7.63456e-06
9.43542e-06
1.10641e-05
1.23656e-05
1.32509e-05
1.37116e-05
1.38111e-05
1.36586e-05
1.33798e-05
1.30938e-05
1.29023e-05
1.28912e-05
1.31411e-05
1.37431e-05
1.48143e-05
1.65107e-05
1.90324e-05
2.26175e-05
2.75189e-05
3.39606e-05
4.2076e-05
5.1827e-05
6.29658e-05
7.5039e-05
8.74482e-05
9.95505e-05
0.000110769
0.000120675
0.000129028
0.000135765
0.00014096
0.00014477
0.000147383
0.00014898
0.00014971
0.000149682
0.000148961
0.000147577
0.000145534
0.00014282
0.000139421
0.00013533
0.00013056
0.000125161
0.000119245
0.000113043
0.000107026
0.000102138
0.000100214
0.000104603
0.000120939
0.000157766
0.000226472
0.000339879
0.000509064
0.000738787
0.00102268
0.00134157
0.00166607
0.00196317
0.00220438
0.00237253
0.00246477
0.00249134
0.00247115
0.00242656
0.00237915
0.00234756
0.00234766
0.00239429
0.00250391
0.00269721
0.00300109
0.00344916
0.00407989
0.00493172
0.00603456
0.00739818
0.00899973
0.0107797
0.012647
0.0144934
0.0162143
0.0177274
0.0189845
0.0199725
0.0207077
0.0212246
0.0215648
0.0217681
0.0218677
0.0218874
0.0218417
0.0217365
0.0215714
0.0213411
0.0210375
0.0206512
0.0201732
0.0195964
0.0189166
0.0181336
0.0172517
0.0162801
0.0152329
0.0141293
0.0129943
0.0118589
0.0107597
0.00973822
0.00883673
0.0080931
0.00753386
0.00716839
0.00698598
0.00695835
0.00704638
0.00720785
0.00740427
0.00760516
0.00778967
0.00794594
0.00806934
0.00816034
0.00822252
0.008261
0.00828136
0.00828892
0.00828841
0.00828381
0.00827839
0.00827473
0.00827491
0.00828054
0.00829287
0.00831281
0.00834094
0.0083775
0.00842235
0.008475
0.00853463
0.00860011
3.65576e-09
3.64281e-09
3.61869e-09
3.58704e-09
3.55093e-09
3.5129e-09
3.47498e-09
3.43878e-09
3.40554e-09
3.37611e-09
3.351e-09
3.33042e-09
3.31424e-09
3.30209e-09
3.29331e-09
3.28699e-09
3.28191e-09
3.2766e-09
3.26926e-09
3.25781e-09
3.23988e-09
3.21292e-09
3.17428e-09
3.1214e-09
3.052e-09
2.96437e-09
2.85767e-09
2.73247e-09
2.59153e-09
2.44152e-09
2.29654e-09
2.18512e-09
2.16257e-09
2.32972e-09
2.85588e-09
3.99684e-09
6.09083e-09
9.51139e-09
1.45665e-08
2.1348e-08
2.95998e-08
3.86884e-08
4.77032e-08
5.5673e-08
6.18158e-08
6.57263e-08
6.74361e-08
6.73422e-08
6.60552e-08
6.4236e-08
6.24798e-08
6.12716e-08
6.10094e-08
6.20773e-08
6.49398e-08
7.02404e-08
7.88854e-08
9.20895e-08
1.11354e-07
1.38331e-07
1.74544e-07
2.20967e-07
2.77444e-07
3.4239e-07
4.12816e-07
4.84778e-07
5.54117e-07
6.17238e-07
6.71663e-07
7.16222e-07
7.50924e-07
7.76604e-07
7.94532e-07
8.06065e-07
8.12413e-07
8.14512e-07
8.12986e-07
8.08166e-07
8.00141e-07
7.88834e-07
7.74074e-07
7.55667e-07
7.33475e-07
7.07491e-07
6.77945e-07
6.45485e-07
6.11553e-07
5.79168e-07
5.54435e-07
5.49147e-07
5.84611e-07
6.96054e-07
9.3565e-07
1.3707e-06
2.07311e-06
3.09857e-06
4.45867e-06
6.09553e-06
7.87904e-06
9.62953e-06
1.11608e-05
1.23273e-05
1.30583e-05
1.33662e-05
1.3331e-05
1.30712e-05
1.27127e-05
1.23675e-05
1.21264e-05
1.20636e-05
1.22513e-05
1.27769e-05
1.37623e-05
1.53787e-05
1.78554e-05
2.14752e-05
2.65481e-05
3.33585e-05
4.20857e-05
5.2696e-05
6.48875e-05
7.80979e-05
9.1589e-05
0.000104586
0.000116423
0.000126643
0.000135032
0.000141594
0.000146484
0.000149935
0.000152195
0.000153486
0.000153976
0.00015378
0.000152957
0.000151522
0.000149463
0.000146747
0.000143342
0.000139221
0.000134385
0.000128873
0.000122798
0.000116406
0.000110212
0.000105251
0.000103531
0.000108699
0.000126831
0.000167022
0.000241157
0.000362191
0.00054057
0.000779297
0.00106922
0.00138815
0.00170452
0.00198482
0.00220215
0.0023425
0.00240678
0.0024084
0.00236804
0.00230826
0.00224945
0.00220838
0.00219893
0.00223445
0.0023309
0.00250996
0.00280149
0.00324448
0.00388528
0.00477198
0.00594377
0.00741587
0.00916224
0.0111097
0.0131448
0.0151345
0.0169542
0.0185119
0.0197614
0.0207015
0.0213644
0.0218003
0.0220632
0.0222015
0.0222521
0.0222397
0.0221777
0.0220699
0.0219128
0.0216983
0.0214149
0.0210502
0.0205921
0.0200307
0.0193596
0.0185769
0.017686
0.0166959
0.0156215
0.0144834
0.0133087
0.0121308
0.010989
0.00992741
0.00899045
0.00821738
0.0076351
0.0072524
0.0070572
0.00701972
0.00709942
0.00725311
0.00744171
0.00763458
0.00781092
0.00795912
0.00807483
0.00815876
0.0082147
0.00824785
0.00826381
0.00826787
0.00826465
0.00825804
0.00825124
0.00824678
0.00824673
0.00825275
0.00826614
0.00828788
0.00831858
0.00835847
0.00840738
0.00846469
0.00852942
0.00860024
3.67427e-09
3.65121e-09
3.61839e-09
3.57927e-09
3.5368e-09
3.49338e-09
3.45099e-09
3.41122e-09
3.37528e-09
3.344e-09
3.31786e-09
3.297e-09
3.28128e-09
3.27029e-09
3.26334e-09
3.25954e-09
3.25768e-09
3.2563e-09
3.25362e-09
3.24754e-09
3.23565e-09
3.21528e-09
3.1836e-09
3.13778e-09
3.07523e-09
2.99387e-09
2.89254e-09
2.77156e-09
2.63373e-09
2.48631e-09
2.34511e-09
2.24222e-09
2.23955e-09
2.4487e-09
3.05407e-09
4.32847e-09
6.62246e-09
1.03062e-08
1.56562e-08
2.26949e-08
3.10757e-08
4.00788e-08
4.87464e-08
5.6121e-08
6.14964e-08
6.45806e-08
6.55191e-08
6.47907e-08
6.3037e-08
6.09006e-08
5.89227e-08
5.75187e-08
5.70187e-08
5.77547e-08
6.01671e-08
6.49166e-08
7.2987e-08
8.57546e-08
1.04983e-07
1.32684e-07
1.70779e-07
2.20566e-07
2.81941e-07
3.5297e-07
4.29937e-07
5.0797e-07
5.82065e-07
6.48106e-07
7.03522e-07
7.47426e-07
7.80322e-07
8.03598e-07
8.19e-07
8.28231e-07
8.32705e-07
8.33443e-07
8.31065e-07
8.25838e-07
8.17756e-07
8.06627e-07
7.92157e-07
7.74034e-07
7.52009e-07
7.25986e-07
6.96138e-07
6.63113e-07
6.28451e-07
5.95435e-07
5.70738e-07
5.67217e-07
6.07935e-07
7.30635e-07
9.90401e-07
1.45673e-06
2.20112e-06
3.27411e-06
4.67574e-06
6.33235e-06
8.09883e-06
9.78708e-06
1.12131e-05
1.22446e-05
1.28303e-05
1.30024e-05
1.28555e-05
1.25133e-05
1.20981e-05
1.17124e-05
1.14343e-05
1.13258e-05
1.14495e-05
1.18888e-05
1.27688e-05
1.42758e-05
1.66696e-05
2.02824e-05
2.54915e-05
3.26559e-05
4.20141e-05
5.3541e-05
6.68684e-05
8.12971e-05
9.59163e-05
0.000109796
0.000122174
0.000132579
0.000140851
0.000147086
0.000151541
0.000154536
0.000156381
0.000157334
0.000157581
0.000157231
0.000156334
0.000154889
0.00015286
0.000150194
0.000146835
0.000142739
0.000137889
0.000132314
0.000126126
0.00011959
0.000113266
0.000108291
0.000106862
0.00011294
0.000133061
0.000176857
0.000256649
0.000385374
0.00057262
0.000819365
0.0011136
0.00143033
0.0017363
0.00199824
0.00219144
0.00230542
0.00234473
0.00232542
0.00226933
0.00219848
0.00213164
0.00208337
0.00206536
0.00208936
0.00217068
0.00233183
0.0026056
0.00303673
0.00368053
0.00459663
0.00583601
0.00742134
0.00932332
0.0114518
0.0136655
0.0158006
0.0177095
0.0192915
0.0205072
0.0213723
0.0219395
0.0222775
0.0224535
0.0225229
0.0225251
0.0224842
0.0224112
0.0223066
0.0221641
0.021972
0.0217158
0.0213798
0.0209489
0.0204103
0.0197551
0.0189795
0.0180857
0.0170826
0.0159855
0.0148168
0.0136055
0.0123878
0.0112059
0.0101065
0.00913637
0.00833598
0.00773246
0.0073338
0.00712645
0.00707912
0.00715005
0.00729525
0.0074753
0.00765957
0.00782747
0.00796764
0.00807602
0.0081535
0.00820395
0.0082326
0.00824499
0.00824628
0.008241
0.00823292
0.00822517
0.00822027
0.00822032
0.00822704
0.00824183
0.00826576
0.00829949
0.00834326
0.00839681
0.00845937
0.00852976
0.00860639
3.68628e-09
3.65456e-09
3.61424e-09
3.56863e-09
3.52052e-09
3.47225e-09
3.42579e-09
3.38274e-09
3.3443e-09
3.3113e-09
3.28419e-09
3.26306e-09
3.24771e-09
3.23767e-09
3.23226e-09
3.23055e-09
3.23138e-09
3.23331e-09
3.2346e-09
3.23317e-09
3.2266e-09
3.21214e-09
3.18685e-09
3.14767e-09
3.09174e-09
3.01664e-09
2.92087e-09
2.80453e-09
2.67048e-09
2.52667e-09
2.39074e-09
2.29869e-09
2.31952e-09
2.57611e-09
3.26802e-09
4.68395e-09
7.18347e-09
1.11275e-08
1.67523e-08
2.40054e-08
3.24514e-08
4.12966e-08
4.95561e-08
5.63093e-08
6.09416e-08
6.32769e-08
6.35641e-08
6.23431e-08
6.02647e-08
5.79354e-08
5.58323e-08
5.42967e-08
5.35902e-08
5.39907e-08
5.59091e-08
6.00141e-08
6.73578e-08
7.94775e-08
9.84222e-08
1.26618e-07
1.66475e-07
2.19708e-07
2.86299e-07
3.63893e-07
4.47857e-07
5.32175e-07
6.1085e-07
6.79239e-07
7.34797e-07
7.77097e-07
8.0731e-07
8.27483e-07
8.39884e-07
8.46551e-07
8.49066e-07
8.48489e-07
8.45395e-07
8.39957e-07
8.32053e-07
8.21364e-07
8.07464e-07
7.89915e-07
7.68352e-07
7.42581e-07
7.12716e-07
6.79402e-07
6.44284e-07
6.10938e-07
5.86659e-07
5.85446e-07
6.32216e-07
7.67266e-07
1.04845e-06
1.54698e-06
2.333e-06
3.45063e-06
4.88719e-06
6.55348e-06
8.29129e-06
9.90751e-06
1.12243e-05
1.21251e-05
1.2579e-05
1.26364e-05
1.24026e-05
1.20029e-05
1.15531e-05
1.1144e-05
1.08404e-05
1.06918e-05
1.07507e-05
1.10953e-05
1.18524e-05
1.32213e-05
1.54924e-05
1.90518e-05
2.43546e-05
3.18507e-05
4.18558e-05
5.43591e-05
6.89117e-05
8.46428e-05
0.000100428
0.000115156
0.000127969
0.000138402
0.000146384
0.000152132
0.000156025
0.000158479
0.000159863
0.000160465
0.000160475
0.000159998
0.000159064
0.00015765
0.000155698
0.000153132
0.000149873
0.000145855
0.000141043
0.000135456
0.000129206
0.000122576
0.000116176
0.000111254
0.000110213
0.000117346
0.000139655
0.000187292
0.000272923
0.000409302
0.000604925
0.000858515
0.00115522
0.00146759
0.00176127
0.00200394
0.00217364
0.00226353
0.00228151
0.00224572
0.00217839
0.00210049
0.00202874
0.00197532
0.00194971
0.00196192
0.00202642
0.00216624
0.00241687
0.00282892
0.00346763
0.00440631
0.00571069
0.00741368
0.00948282
0.0118071
0.0142101
0.0164907
0.0184751
0.0200566
0.0212081
0.0219695
0.0224189
0.0226454
0.0227287
0.0227295
0.0226875
0.022624
0.0225463
0.0224514
0.0223294
0.0221655
0.0219422
0.0216408
0.0212433
0.020734
0.0201012
0.019339
0.0184484
0.0174376
0.0163227
0.0151273
0.0138829
0.0126284
0.0114091
0.0102747
0.0092739
0.00844857
0.0078258
0.00741254
0.00719369
0.00713652
0.00719819
0.00733415
0.00750493
0.00768008
0.00783933
0.00797163
0.00807312
0.00814481
0.00819058
0.00821557
0.00822518
0.00822442
0.00821768
0.00820863
0.00820033
0.00819533
0.00819578
0.00820354
0.00822015
0.00824676
0.00828413
0.00833244
0.00839132
0.00845982
0.00853646
0.00861938
3.69441e-09
3.65536e-09
3.60863e-09
3.55735e-09
3.50418e-09
3.45146e-09
3.40119e-09
3.35503e-09
3.31423e-09
3.27962e-09
3.25159e-09
3.23018e-09
3.21511e-09
3.20586e-09
3.2017e-09
3.20168e-09
3.20468e-09
3.20929e-09
3.21383e-09
3.21626e-09
3.21419e-09
3.20487e-09
3.18524e-09
3.15212e-09
3.10239e-09
3.03333e-09
2.94317e-09
2.83177e-09
2.70211e-09
2.56289e-09
2.43379e-09
2.35505e-09
2.40321e-09
2.71276e-09
3.4982e-09
5.06249e-09
7.77015e-09
1.1967e-08
1.78399e-08
2.52594e-08
3.37062e-08
4.23281e-08
5.01355e-08
5.62654e-08
6.02053e-08
6.18919e-08
6.16606e-08
6.00909e-08
5.78224e-08
5.54118e-08
5.32666e-08
5.16549e-08
5.07712e-08
5.08392e-08
5.22335e-08
5.5618e-08
6.20967e-08
7.33585e-08
9.17519e-08
1.20174e-07
1.61629e-07
2.18365e-07
2.90506e-07
3.75181e-07
4.66612e-07
5.57372e-07
6.40319e-07
7.10311e-07
7.65009e-07
8.04674e-07
8.31325e-07
8.47766e-07
8.56798e-07
8.60756e-07
8.6133e-07
8.59561e-07
8.55934e-07
8.50503e-07
8.43013e-07
8.3301e-07
8.19937e-07
8.03228e-07
7.824e-07
7.57162e-07
7.2756e-07
6.94241e-07
6.58962e-07
6.25621e-07
6.0219e-07
6.03892e-07
6.57574e-07
8.06094e-07
1.10986e-06
1.6412e-06
2.46789e-06
3.62632e-06
5.09033e-06
6.75596e-06
8.45442e-06
9.99134e-06
1.11986e-05
1.19776e-05
1.23172e-05
1.22831e-05
1.19878e-05
1.15544e-05
1.109e-05
1.06727e-05
1.03538e-05
1.01704e-05
1.01652e-05
1.04093e-05
1.10291e-05
1.22337e-05
1.43426e-05
1.77983e-05
2.31446e-05
3.0942e-05
4.16051e-05
5.51472e-05
7.1021e-05
8.81407e-05
0.000105121
0.000120638
0.000133747
0.000144024
0.000151526
0.000156629
0.000159848
0.000161694
0.000162592
0.000162847
0.000162645
0.000162074
0.000161142
0.000159801
0.000157971
0.000155551
0.00015244
0.000148549
0.000143826
0.000138279
0.000132018
0.000125345
0.000118929
0.000114139
0.000113593
0.000121937
0.000146641
0.000198337
0.000289936
0.000433822
0.000637155
0.000896248
0.00119354
0.00149952
0.00177946
0.00200265
0.00215028
0.0022191
0.0022199
0.00217219
0.00209797
0.00201668
0.0019428
0.00188611
0.00185384
0.00185423
0.00190067
0.00201626
0.00223869
0.0026243
0.00324899
0.00420195
0.00556736
0.00739191
0.00964059
0.0121767
0.01478
0.0172036
0.0192451
0.0207958
0.0218498
0.0224788
0.0227913
0.0228976
0.022888
0.0228252
0.0227463
0.022668
0.0225929
0.0225137
0.0224172
0.0222859
0.0220995
0.021837
0.0214774
0.0210022
0.0203972
0.0196542
0.0187723
0.017759
0.0166309
0.015413
0.0141391
0.0128511
0.0115976
0.010431
0.00940254
0.00855492
0.00791506
0.00748865
0.00725897
0.00719189
0.00724374
0.00736971
0.00753049
0.00769603
0.00784648
0.00797111
0.00806621
0.00813283
0.00817473
0.00819689
0.00820449
0.00820236
0.00819472
0.00818516
0.00817669
0.00817194
0.00817317
0.0081824
0.00820133
0.00823128
0.00827302
0.00832669
0.00839174
0.00846694
0.0085505
0.0086402
3.7009e-09
3.65577e-09
3.60358e-09
3.54728e-09
3.48949e-09
3.43258e-09
3.37867e-09
3.32951e-09
3.28642e-09
3.25023e-09
3.22131e-09
3.19961e-09
3.18476e-09
3.17614e-09
3.17296e-09
3.17426e-09
3.17893e-09
3.1856e-09
3.19267e-09
3.19816e-09
3.19973e-09
3.19467e-09
3.17988e-09
3.15209e-09
3.10798e-09
3.04462e-09
2.95994e-09
2.85368e-09
2.72894e-09
2.59532e-09
2.47471e-09
2.41191e-09
2.49137e-09
2.85938e-09
3.74482e-09
5.46268e-09
8.37799e-09
1.28146e-08
1.89032e-08
2.64369e-08
3.48216e-08
4.31648e-08
5.04947e-08
5.60229e-08
5.93441e-08
6.04976e-08
5.98859e-08
5.81054e-08
5.57672e-08
5.33698e-08
5.12505e-08
4.96084e-08
4.85756e-08
4.83224e-08
4.91806e-08
5.17926e-08
5.72917e-08
6.74977e-08
8.50614e-08
1.13406e-07
1.56244e-07
2.16511e-07
2.94546e-07
3.86858e-07
4.86235e-07
5.83522e-07
6.70276e-07
7.40945e-07
7.93649e-07
8.2961e-07
8.51882e-07
8.64088e-07
8.69533e-07
8.70777e-07
8.69535e-07
8.66766e-07
8.62824e-07
8.5762e-07
8.50758e-07
8.41651e-07
8.29618e-07
8.13972e-07
7.94115e-07
7.6966e-07
7.40587e-07
7.07545e-07
6.72414e-07
6.39448e-07
6.17346e-07
6.22634e-07
6.84148e-07
8.47264e-07
1.17464e-06
1.73904e-06
2.60474e-06
3.79916e-06
5.2824e-06
6.93705e-06
8.58681e-06
1.004e-05
1.11413e-05
1.18111e-05
1.20565e-05
1.19553e-05
1.16229e-05
1.11777e-05
1.07159e-05
1.0303e-05
9.97735e-06
9.76456e-06
9.69723e-06
9.83864e-06
1.03111e-05
1.13297e-05
1.32388e-05
1.65384e-05
2.18711e-05
2.99299e-05
4.12567e-05
5.59023e-05
7.32004e-05
9.17967e-05
0.000109985
0.000126204
0.000139437
0.000149351
0.000156179
0.000160488
0.000162943
0.000164145
0.000164558
0.00016449
0.000164111
0.000163485
0.000162594
0.000161366
0.000159695
0.000157459
0.000154535
0.000150813
0.000146225
0.000140765
0.000134544
0.000127885
0.00012152
0.000116947
0.000117018
0.00012674
0.000154045
0.000209998
0.000307627
0.000458746
0.000668944
0.000932052
0.00122801
0.00152583
0.00179109
0.00199529
0.00212299
0.00217429
0.00216226
0.0021071
0.00202999
0.00194851
0.00187485
0.00181646
0.00177848
0.00176736
0.0017951
0.00188435
0.00207423
0.00242625
0.00302737
0.00398491
0.00540571
0.00735505
0.0097965
0.0125621
0.0153764
0.0179375
0.0200122
0.0214971
0.0224183
0.0228884
0.0230502
0.023034
0.0229371
0.0228204
0.0227151
0.0226312
0.0225657
0.0225073
0.0224397
0.0223432
0.0221958
0.0219741
0.0216549
0.0212171
0.0206439
0.0199245
0.019056
0.0180452
0.0169085
0.0156722
0.0143726
0.0130546
0.0117702
0.0105749
0.00952193
0.00865493
0.00800031
0.00756225
0.00732238
0.00724528
0.00728669
0.00740183
0.00755185
0.0077073
0.00784883
0.00796602
0.00805525
0.0081175
0.00815633
0.00817644
0.00818278
0.00817992
0.00817193
0.00816231
0.0081541
0.00815001
0.00815248
0.00816375
0.00818572
0.00821983
0.00826689
0.00832693
0.00839912
0.00848189
0.00857302
0.00866991
3.70768e-09
3.65757e-09
3.60076e-09
3.54e-09
3.47792e-09
3.41698e-09
3.35947e-09
3.30732e-09
3.26193e-09
3.22418e-09
3.19437e-09
3.17235e-09
3.15763e-09
3.14949e-09
3.14705e-09
3.14933e-09
3.15519e-09
3.16335e-09
3.17223e-09
3.17997e-09
3.18431e-09
3.18258e-09
3.17173e-09
3.14842e-09
3.10925e-09
3.05109e-09
2.97168e-09
2.87065e-09
2.75135e-09
2.62435e-09
2.514e-09
2.46993e-09
2.58478e-09
3.01662e-09
4.00773e-09
5.88243e-09
9.00131e-09
1.36591e-08
1.99258e-08
2.75191e-08
3.57823e-08
4.38032e-08
5.06487e-08
5.5618e-08
5.84114e-08
5.9156e-08
5.8299e-08
5.64331e-08
5.41271e-08
5.18176e-08
4.97754e-08
4.81381e-08
4.69829e-08
4.64287e-08
4.67583e-08
4.85756e-08
5.30136e-08
6.19903e-08
7.84463e-08
1.06375e-07
1.50329e-07
2.14119e-07
2.98404e-07
3.98952e-07
5.06761e-07
6.10566e-07
7.00484e-07
7.70723e-07
8.20203e-07
8.51421e-07
8.68629e-07
8.76278e-07
8.78098e-07
8.76768e-07
8.73935e-07
8.70411e-07
8.66383e-07
8.61604e-07
8.5554e-07
8.47485e-07
8.36642e-07
8.22219e-07
8.03516e-07
7.80051e-07
7.51746e-07
7.19254e-07
6.84596e-07
6.52405e-07
6.32168e-07
6.41776e-07
7.12094e-07
8.9091e-07
1.24275e-06
1.83999e-06
2.7423e-06
3.96699e-06
5.46061e-06
7.09427e-06
8.68762e-06
1.00554e-05
1.10578e-05
1.1634e-05
1.18069e-05
1.16626e-05
1.13159e-05
1.08774e-05
1.04322e-05
1.00332e-05
9.70767e-06
9.47066e-06
9.34513e-06
9.38517e-06
9.70595e-06
1.05228e-05
1.21992e-05
1.52901e-05
2.05456e-05
2.88161e-05
4.08052e-05
5.66207e-05
7.54545e-05
9.5616e-05
0.000115009
0.00013181
0.000144963
0.000154287
0.000160252
0.000163645
0.00016528
0.000165834
0.000165788
0.000165439
0.000164928
0.000164288
0.000163474
0.000162388
0.000160905
0.00015888
0.000156171
0.000152652
0.000148236
0.000142906
0.000136773
0.000130187
0.000123944
0.000119684
0.000120505
0.000131782
0.000161893
0.000222268
0.000325907
0.000483847
0.000699892
0.000965408
0.00125818
0.00154633
0.00179648
0.00198281
0.00209329
0.00213095
0.00211044
0.00205199
0.00197545
0.0018964
0.00182479
0.001766
0.00172325
0.00170123
0.00171035
0.00177214
0.00192617
0.00223811
0.00280587
0.00375689
0.00522563
0.00730204
0.00995042
0.0129647
0.0160009
0.0186899
0.0207683
0.0221479
0.0229009
0.0231901
0.0231943
0.023061
0.0228889
0.0227321
0.0226128
0.0225329
0.0224833
0.0224491
0.0224118
0.0223502
0.0222411
0.0220598
0.0217812
0.0213821
0.0208429
0.0201502
0.0192992
0.018295
0.017154
0.0159035
0.0145821
0.0132379
0.0119262
0.0107058
0.00963189
0.00874866
0.00808174
0.0076336
0.00738412
0.0072968
0.00732703
0.00743043
0.00756889
0.00771373
0.00784619
0.00795615
0.00804001
0.00809856
0.00813506
0.0081539
0.00815966
0.00815671
0.00814893
0.00813976
0.00813231
0.00812942
0.00813378
0.00814786
0.00817379
0.00821315
0.00826672
0.00833432
0.00841478
0.00850602
0.00860533
0.00870968
3.71628e-09
3.66228e-09
3.60159e-09
3.53686e-09
3.47072e-09
3.40582e-09
3.34469e-09
3.28947e-09
3.24171e-09
3.20232e-09
3.17156e-09
3.14914e-09
3.13445e-09
3.12662e-09
3.12469e-09
3.1276e-09
3.13423e-09
3.1433e-09
3.15332e-09
3.16252e-09
3.16874e-09
3.16941e-09
3.16155e-09
3.14183e-09
3.10682e-09
3.05327e-09
2.97881e-09
2.88306e-09
2.76969e-09
2.65042e-09
2.55224e-09
2.52985e-09
2.68424e-09
3.18499e-09
4.28639e-09
6.31886e-09
9.63332e-09
1.44885e-08
2.08906e-08
2.84879e-08
3.65757e-08
4.42433e-08
5.0615e-08
5.50853e-08
5.74529e-08
5.79136e-08
5.6937e-08
5.50934e-08
5.29003e-08
5.07324e-08
4.88015e-08
4.71935e-08
4.59398e-08
4.5112e-08
4.49402e-08
4.59727e-08
4.93087e-08
5.69201e-08
7.20047e-08
9.91548e-08
1.43903e-07
2.1116e-07
3.0206e-07
4.11494e-07
5.2822e-07
6.38419e-07
7.30661e-07
7.99198e-07
8.44192e-07
8.69738e-07
8.81395e-07
8.84388e-07
8.8274e-07
8.79111e-07
8.7499e-07
8.7098e-07
8.67078e-07
8.62879e-07
8.57723e-07
8.50798e-07
8.41219e-07
8.28105e-07
8.10669e-07
7.88351e-07
7.61019e-07
7.29338e-07
6.95485e-07
6.64507e-07
6.46725e-07
6.61451e-07
7.41581e-07
9.37153e-07
1.31408e-06
1.94341e-06
2.87909e-06
4.12742e-06
5.62212e-06
7.22529e-06
8.75629e-06
1.00398e-05
1.09532e-05
1.14534e-05
1.15759e-05
1.14112e-05
1.10698e-05
1.0653e-05
1.02345e-05
9.85625e-06
9.53563e-06
9.2791e-06
9.10066e-06
9.04443e-06
9.21517e-06
9.82226e-06
1.12398e-05
1.40718e-05
1.91818e-05
2.76035e-05
4.0245e-05
5.72987e-05
7.77883e-05
9.96038e-05
0.000120176
0.000137402
0.00015024
0.000158744
0.00016368
0.000166071
0.000166871
0.000166806
0.000166353
0.000165777
0.000165183
0.000164567
0.000163857
0.000162933
0.00016165
0.000159849
0.000157371
0.000154075
0.000149859
0.000144697
0.0001387
0.000132246
0.000126205
0.000122364
0.000124079
0.000137094
0.000170208
0.000235128
0.000344664
0.000508859
0.000729561
0.000995784
0.00128358
0.00156089
0.001796
0.00196612
0.00206247
0.00209047
0.00206561
0.0020075
0.00193436
0.00185969
0.00179146
0.00173322
0.00168659
0.0016546
0.00164588
0.00168021
0.00179646
0.00206297
0.00258775
0.00352002
0.00502722
0.00723176
0.0101022
0.0133866
0.0166549
0.0194581
0.0215041
0.0227357
0.0232874
0.0233806
0.0232296
0.0229924
0.0227624
0.0225821
0.0224618
0.0223946
0.0223657
0.0223573
0.0223493
0.0223203
0.0222466
0.0221028
0.0218629
0.0215015
0.0209967
0.0203325
0.0195018
0.0185078
0.0173663
0.0161057
0.0147665
0.0134
0.0120651
0.0108235
0.00973245
0.00883638
0.00815978
0.0077031
0.00744454
0.00734665
0.00736486
0.0074555
0.0075815
0.00771515
0.00783832
0.00794117
0.00802007
0.00807552
0.00811038
0.00812864
0.00813452
0.00813212
0.00812517
0.00811709
0.00811105
0.00811012
0.00811725
0.00813521
0.00816634
0.00821234
0.00827387
0.00835043
0.00844035
0.00854094
0.0086489
0.00876074
3.72797e-09
3.67111e-09
3.6073e-09
3.53904e-09
3.46905e-09
3.40021e-09
3.33535e-09
3.27689e-09
3.22658e-09
3.18538e-09
3.1535e-09
3.13054e-09
3.11571e-09
3.108e-09
3.10631e-09
3.10952e-09
3.11648e-09
3.12593e-09
3.13645e-09
3.14635e-09
3.15359e-09
3.15573e-09
3.14988e-09
3.13283e-09
3.10113e-09
3.05156e-09
2.9817e-09
2.89125e-09
2.78437e-09
2.67405e-09
2.59009e-09
2.59248e-09
2.79056e-09
3.36482e-09
4.57981e-09
6.76827e-09
1.02662e-08
1.52894e-08
2.17807e-08
2.93261e-08
3.71907e-08
4.44863e-08
5.04097e-08
5.44528e-08
5.65006e-08
5.67969e-08
5.58116e-08
5.40775e-08
5.20559e-08
5.00631e-08
4.82614e-08
4.66966e-08
4.53641e-08
4.42954e-08
4.36661e-08
4.3955e-08
4.61938e-08
5.23529e-08
6.58323e-08
9.18268e-08
1.36994e-07
2.07608e-07
3.05493e-07
4.24517e-07
5.50642e-07
6.6697e-07
7.60486e-07
8.25923e-07
8.65211e-07
8.84351e-07
8.90237e-07
8.88719e-07
8.83935e-07
8.78388e-07
8.73317e-07
8.69082e-07
8.65476e-07
8.61948e-07
8.5773e-07
8.51933e-07
8.43606e-07
8.31805e-07
8.1568e-07
7.94606e-07
7.68411e-07
7.37788e-07
7.05087e-07
6.75798e-07
6.61121e-07
6.81824e-07
7.72795e-07
9.86087e-07
1.3884e-06
2.0485e-06
3.01339e-06
4.27785e-06
5.764e-06
7.32784e-06
8.79228e-06
9.99507e-06
1.08313e-05
1.12739e-05
1.13674e-05
1.12024e-05
1.08825e-05
1.04986e-05
1.01134e-05
9.75952e-06
9.44675e-06
9.17469e-06
8.94962e-06
8.8054e-06
8.83375e-06
9.2316e-06
1.03733e-05
1.2902e-05
1.77951e-05
2.62973e-05
3.95706e-05
5.79319e-05
8.02078e-05
0.000103765
0.000125465
0.00014292
0.000155187
0.000162649
0.000166423
0.000167775
0.000167768
0.000167146
0.000166357
0.000165615
0.000164984
0.000164423
0.000163833
0.000163075
0.000161992
0.000160412
0.000158166
0.0001551
0.000151102
0.000146137
0.000140322
0.000134062
0.000128308
0.000125004
0.000127768
0.00014271
0.000179008
0.00024854
0.000363748
0.000533468
0.000757471
0.00102263
0.00130378
0.00156938
0.00178996
0.00194592
0.00203143
0.00205361
0.00202811
0.00197337
0.00190574
0.00183678
0.00177269
0.00171561
0.00166587
0.00162507
0.00159993
0.00160796
0.00168607
0.00190338
0.00237638
0.00327678
0.00481089
0.00714303
0.0102517
0.0138301
0.0173402
0.0202384
0.02221
0.0232493
0.0235716
0.0234632
0.0231687
0.0228478
0.022581
0.0223945
0.0222854
0.0222378
0.0222324
0.022249
0.0222675
0.0222666
0.0222232
0.022112
0.0219064
0.0215798
0.021108
0.0204727
0.0196639
0.0186831
0.0175448
0.016278
0.014925
0.0135404
0.0121864
0.010928
0.00982394
0.00891865
0.00823505
0.0077714
0.00750418
0.00739525
0.00740043
0.00747715
0.00758967
0.00771139
0.00782492
0.00792067
0.00799488
0.00804769
0.00808153
0.00809988
0.00810659
0.00810547
0.00810011
0.00809392
0.00809022
0.00809231
0.00810345
0.0081267
0.00816465
0.00821899
0.00829019
0.00837726
0.00847783
0.0085885
0.0087053
0.00882429
3.74375e-09
3.68507e-09
3.6189e-09
3.54762e-09
3.47402e-09
3.40126e-09
3.3325e-09
3.27054e-09
3.21737e-09
3.17406e-09
3.14078e-09
3.117e-09
3.10176e-09
3.09387e-09
3.09209e-09
3.09523e-09
3.10206e-09
3.11136e-09
3.12175e-09
3.13162e-09
3.13906e-09
3.14177e-09
3.137e-09
3.12167e-09
3.09247e-09
3.04621e-09
2.9806e-09
2.89555e-09
2.7958e-09
2.69579e-09
2.62832e-09
2.65873e-09
2.90454e-09
3.5563e-09
4.88656e-09
7.22632e-09
1.08908e-08
1.60478e-08
2.25782e-08
3.00168e-08
3.76169e-08
4.4532e-08
5.00432e-08
5.37368e-08
5.55685e-08
5.58082e-08
5.49067e-08
5.33482e-08
5.15356e-08
4.97334e-08
4.80645e-08
4.65466e-08
4.51504e-08
4.38748e-08
4.28445e-08
4.24588e-08
4.36514e-08
4.83296e-08
6.00173e-08
8.44798e-08
1.2964e-07
2.0343e-07
3.08678e-07
4.3806e-07
5.74054e-07
6.96078e-07
7.89609e-07
8.50477e-07
8.82982e-07
8.95267e-07
8.95459e-07
8.89808e-07
8.82359e-07
8.75326e-07
8.69636e-07
8.65387e-07
8.62179e-07
8.59333e-07
8.56e-07
8.51241e-07
8.44069e-07
8.33506e-07
8.18662e-07
7.98874e-07
7.73948e-07
7.44621e-07
7.13438e-07
6.86361e-07
6.75502e-07
7.03095e-07
8.05933e-07
1.03776e-06
1.46538e-06
2.1542e-06
3.14318e-06
4.41538e-06
5.88305e-06
7.39939e-06
8.7946e-06
9.92184e-06
1.06939e-05
1.10971e-05
1.1181e-05
1.10327e-05
1.07468e-05
1.04031e-05
1.00544e-05
9.726e-06
9.4221e-06
9.13757e-06
8.87249e-06
8.65101e-06
8.54996e-06
8.74794e-06
9.60801e-06
1.17974e-05
1.64023e-05
2.49045e-05
3.87758e-05
5.85151e-05
8.27196e-05
0.000108103
0.000130848
0.000148299
0.000159724
0.000165949
0.000168483
0.000168812
0.000168069
0.000166977
0.000165927
0.00016508
0.000164448
0.00016396
0.00016349
0.00016289
0.00016199
0.000160613
0.000158586
0.000155746
0.000151974
0.00014723
0.00014164
0.000135641
0.000130268
0.00012763
0.000131609
0.000148665
0.000188302
0.000262446
0.000382973
0.000557304
0.00078309
0.00104535
0.00131831
0.0015716
0.00177848
0.00192255
0.00200045
0.00202034
0.00199735
0.00194832
0.00188766
0.00182508
0.00176543
0.00170979
0.00165757
0.00160919
0.00156957
0.00155352
0.00159481
0.00176117
0.00217498
0.00303003
0.00457737
0.00703451
0.0103987
0.0142978
0.018059
0.0210269
0.022876
0.0236795
0.0237525
0.0234478
0.0230307
0.0226513
0.0223696
0.022193
0.0221047
0.0220812
0.0220995
0.0221386
0.0221789
0.0222001
0.0221803
0.0220951
0.0219179
0.0216213
0.0211796
0.0205721
0.0197861
0.0188206
0.0176889
0.0164197
0.0150572
0.0136587
0.0122903
0.0110196
0.00990703
0.00899637
0.00830856
0.00783945
0.00756387
0.00744329
0.00743428
0.00749575
0.00759359
0.00770247
0.00780578
0.00789422
0.00796385
0.00801439
0.00804771
0.00806681
0.00807511
0.00807614
0.00807336
0.0080702
0.00807012
0.0080767
0.00809352
0.00812393
0.00817068
0.00823539
0.00831815
0.00841728
0.00852957
0.00865071
0.00877608
0.00890135
3.76429e-09
3.70493e-09
3.63732e-09
3.56364e-09
3.48676e-09
3.4101e-09
3.33726e-09
3.27145e-09
3.21501e-09
3.16914e-09
3.13401e-09
3.10896e-09
3.09285e-09
3.08434e-09
3.08203e-09
3.08461e-09
3.09082e-09
3.0994e-09
3.10903e-09
3.11817e-09
3.12502e-09
3.12742e-09
3.12284e-09
3.10836e-09
3.08085e-09
3.03732e-09
2.97568e-09
2.89621e-09
2.80441e-09
2.71631e-09
2.66784e-09
2.72964e-09
3.02704e-09
3.75942e-09
5.20473e-09
7.68776e-09
1.1497e-08
1.67484e-08
2.32646e-08
3.0542e-08
3.78414e-08
4.43754e-08
4.95158e-08
5.29366e-08
5.46465e-08
5.49208e-08
5.41753e-08
5.28379e-08
5.12541e-08
4.96434e-08
4.81e-08
4.66249e-08
4.51747e-08
4.37258e-08
4.23577e-08
4.13883e-08
4.16283e-08
4.48604e-08
5.46336e-08
7.72122e-08
1.21884e-07
1.98593e-07
3.11581e-07
4.52169e-07
5.98479e-07
7.2557e-07
8.17658e-07
8.72503e-07
8.97403e-07
9.02736e-07
8.97617e-07
8.884e-07
8.78827e-07
8.70729e-07
8.6469e-07
8.60555e-07
8.57756e-07
8.55512e-07
8.52924e-07
8.49031e-07
8.4284e-07
8.33369e-07
8.19719e-07
8.01213e-07
7.77661e-07
7.49871e-07
7.20603e-07
6.9632e-07
6.90062e-07
7.25504e-07
8.41195e-07
1.09217e-06
1.54453e-06
2.2592e-06
3.26603e-06
4.53671e-06
5.97564e-06
7.43682e-06
8.76117e-06
9.81893e-06
1.05397e-05
1.092e-05
1.10109e-05
1.08928e-05
1.06496e-05
1.03501e-05
1.00386e-05
9.73449e-06
9.43894e-06
9.14405e-06
8.84553e-06
8.55896e-06
8.34577e-06
8.36153e-06
8.94617e-06
1.07726e-05
1.50219e-05
2.34336e-05
3.78543e-05
5.9042e-05
8.53317e-05
0.000112622
0.000136294
0.000153469
0.000163787
0.000168626
0.000169904
0.000169282
0.000167905
0.00016644
0.000165205
0.000164299
0.00016369
0.000163274
0.000162912
0.000162442
0.000161695
0.000160491
0.000158657
0.000156028
0.000152482
0.00014798
0.000142658
0.000136992
0.000132106
0.000130274
0.000135643
0.000154997
0.000198091
0.000276757
0.000402102
0.000579927
0.000805807
0.00106327
0.00132656
0.00156716
0.00176134
0.00189576
0.00196904
0.00198966
0.00197167
0.00193002
0.00187713
0.00182115
0.00176582
0.00171162
0.00165738
0.00160269
0.00155084
0.0015138
0.00152122
0.00163713
0.00198639
0.00278297
0.00432772
0.00690468
0.0105429
0.0147932
0.0188136
0.021819
0.0234928
0.0240208
0.0238357
0.0233514
0.0228394
0.0224282
0.0221518
0.0219972
0.0219358
0.0219378
0.0219779
0.0220354
0.0220916
0.022128
0.0221243
0.0220575
0.0219015
0.0216291
0.0212134
0.0206315
0.0198683
0.01892
0.0177979
0.0165303
0.0151626
0.013755
0.0123771
0.0110992
0.00998284
0.00907091
0.00838178
0.0079087
0.00762497
0.00749196
0.00746746
0.00751215
0.00759384
0.00768873
0.00778106
0.00786177
0.00792673
0.00797519
0.00800847
0.008029
0.0080398
0.0080441
0.00804523
0.00804661
0.00805191
0.00806495
0.0080896
0.00812946
0.00818734
0.00826464
0.00836088
0.00847347
0.00859812
0.00872958
0.00886256
0.00899255
3.78995e-09
3.7312e-09
3.66327e-09
3.58805e-09
3.50839e-09
3.428e-09
3.35093e-09
3.28091e-09
3.22067e-09
3.17164e-09
3.13401e-09
3.10702e-09
3.08938e-09
3.07957e-09
3.07607e-09
3.07744e-09
3.08237e-09
3.08958e-09
3.09776e-09
3.10543e-09
3.11091e-09
3.11221e-09
3.10698e-09
3.09255e-09
3.06606e-09
3.02479e-09
2.96701e-09
2.89352e-09
2.81075e-09
2.73649e-09
2.7098e-09
2.80648e-09
3.15899e-09
3.97401e-09
5.53188e-09
8.14636e-09
1.20731e-08
1.73744e-08
2.38195e-08
3.08813e-08
3.78465e-08
4.40015e-08
4.88115e-08
5.20278e-08
5.36945e-08
5.4074e-08
5.35353e-08
5.24461e-08
5.10967e-08
4.96688e-08
4.82371e-08
4.67958e-08
4.52983e-08
4.37083e-08
4.20692e-08
4.0621e-08
4.00376e-08
4.19218e-08
4.97348e-08
7.01323e-08
1.13776e-07
1.93057e-07
3.14165e-07
4.66899e-07
6.23941e-07
7.55241e-07
8.44262e-07
8.91758e-07
9.08595e-07
9.0727e-07
8.97493e-07
8.85388e-07
8.74229e-07
8.65407e-07
8.59181e-07
8.55173e-07
8.52685e-07
8.50865e-07
8.48797e-07
8.45525e-07
8.4008e-07
8.31504e-07
8.18918e-07
8.01663e-07
7.79587e-07
7.53595e-07
7.26694e-07
7.05861e-07
7.05059e-07
7.49338e-07
8.78785e-07
1.14923e-06
1.62516e-06
2.36182e-06
3.37907e-06
4.63788e-06
6.03738e-06
7.43589e-06
8.68807e-06
9.68219e-06
1.0363e-05
1.07344e-05
1.08451e-05
1.07666e-05
1.05714e-05
1.03175e-05
1.00417e-05
9.75961e-06
9.47101e-06
9.16726e-06
8.84169e-06
8.50299e-06
8.19783e-06
8.05596e-06
8.38363e-06
9.83794e-06
1.36748e-05
2.18937e-05
3.67985e-05
5.95049e-05
8.80537e-05
0.000117326
0.000141762
0.000158362
0.00016733
0.000170702
0.000170778
0.000169323
0.000167434
0.00016569
0.00016433
0.000163393
0.000162807
0.000162446
0.000162158
0.000161779
0.000161141
0.00016007
0.000158394
0.000155954
0.00015263
0.000148389
0.000143384
0.000138133
0.000133853
0.000132984
0.000139922
0.000161741
0.000208358
0.000291349
0.00042083
0.000600812
0.000824901
0.00107559
0.00132777
0.00155533
0.00173778
0.00186457
0.0019357
0.0019594
0.00194818
0.00191493
0.00187014
0.00182056
0.00176922
0.00171627
0.00166038
0.00160063
0.001539
0.00148467
0.00146256
0.00153088
0.00181288
0.00253933
0.00406305
0.00675174
0.0106838
0.0153204
0.0196072
0.0226102
0.0240524
0.024273
0.023834
0.0231969
0.022621
0.0222024
0.0219462
0.0218207
0.0217876
0.0218132
0.0218713
0.021942
0.022008
0.0220526
0.0220574
0.0220011
0.0218591
0.0216044
0.0212099
0.020651
0.01991
0.0189805
0.0178712
0.0166095
0.0152414
0.0138298
0.0124476
0.011168
0.0100531
0.00914427
0.00845684
0.00798132
0.00768962
0.00754331
0.00750176
0.00752799
0.00759196
0.00767153
0.00775189
0.00782424
0.00788427
0.00793075
0.00796442
0.00798718
0.0080016
0.0080106
0.00801739
0.00802534
0.00803827
0.00806022
0.00809528
0.00814718
0.00821868
0.00831079
0.00842218
0.00854911
0.00868608
0.00882683
0.0089656
0.00909791
3.82074e-09
3.7641e-09
3.69723e-09
3.62163e-09
3.54003e-09
3.45632e-09
3.37503e-09
3.3005e-09
3.23594e-09
3.18306e-09
3.1421e-09
3.11226e-09
3.09214e-09
3.08007e-09
3.07443e-09
3.07368e-09
3.07643e-09
3.08141e-09
3.08729e-09
3.09268e-09
3.096e-09
3.0954e-09
3.08876e-09
3.0737e-09
3.04769e-09
3.00842e-09
2.95465e-09
2.88787e-09
2.81562e-09
2.75751e-09
2.75574e-09
2.89085e-09
3.30151e-09
4.19978e-09
5.86495e-09
8.59474e-09
1.26061e-08
1.79064e-08
2.42191e-08
3.10085e-08
3.76056e-08
4.33807e-08
4.78917e-08
5.09549e-08
5.26347e-08
5.31671e-08
5.28653e-08
5.20344e-08
5.09144e-08
4.96555e-08
4.8321e-08
4.69064e-08
4.53699e-08
4.36721e-08
4.1831e-08
4.00175e-08
3.87663e-08
3.94607e-08
4.53608e-08
6.33258e-08
1.0537e-07
1.86777e-07
3.16378e-07
4.82313e-07
6.50458e-07
7.84851e-07
8.69074e-07
9.08158e-07
9.16936e-07
9.09634e-07
8.9605e-07
8.8176e-07
8.69471e-07
8.60139e-07
8.53741e-07
8.49734e-07
8.47333e-07
8.45656e-07
8.43798e-07
8.40841e-07
8.35859e-07
8.27947e-07
8.16277e-07
8.00244e-07
7.79768e-07
7.55889e-07
7.31884e-07
7.15251e-07
7.20839e-07
7.74947e-07
9.18904e-07
1.20873e-06
1.70628e-06
2.4599e-06
3.47872e-06
4.71408e-06
6.06262e-06
7.39049e-06
8.56853e-06
9.50319e-06
1.01524e-05
1.05246e-05
1.06636e-05
1.06304e-05
1.04853e-05
1.02761e-05
1.00336e-05
9.77107e-06
9.48826e-06
9.17753e-06
8.8316e-06
8.4543e-06
8.07915e-06
7.80952e-06
7.91035e-06
9.0013e-06
1.23779e-05
2.02955e-05
3.55999e-05
5.98941e-05
9.08973e-05
0.000122217
0.000147207
0.000162913
0.000170336
0.000172242
0.000171241
0.000169104
0.000166828
0.000164883
0.000163433
0.000162465
0.000161877
0.000161531
0.000161267
0.000160925
0.000160343
0.000159354
0.000157797
0.000155522
0.000152417
0.000148461
0.000143831
0.000139093
0.000135555
0.000135818
0.000144508
0.000168934
0.000219069
0.000306046
0.000438766
0.000619305
0.000839488
0.00108125
0.00132082
0.0015349
0.0017063
0.0018269
0.00189765
0.00192598
0.00192257
0.00189814
0.00186135
0.00181781
0.00177005
0.00171822
0.00166111
0.00159762
0.00152878
0.00146125
0.00141503
0.00144088
0.00165624
0.00230236
0.00378483
0.00657359
0.0108207
0.0158847
0.0204433
0.0233956
0.0245495
0.0244424
0.0237678
0.0230118
0.0224015
0.0219935
0.0217648
0.021669
0.021661
0.0217053
0.021776
0.0218539
0.0219235
0.0219698
0.0219762
0.0219233
0.0217882
0.0215451
0.021167
0.0206284
0.0199094
0.0190006
0.0179079
0.0166568
0.0152937
0.0138837
0.0125033
0.011228
0.0101203
0.00921937
0.00853694
0.00806067
0.00776114
0.00760063
0.00754058
0.00754668
0.00759133
0.00765419
0.00772146
0.0077847
0.00783943
0.00788399
0.00791856
0.00794451
0.00796394
0.00797946
0.00799404
0.00801102
0.00803425
0.00806788
0.0081161
0.00818265
0.00827006
0.00837874
0.00850629
0.00864756
0.00879568
0.00894355
0.00908516
0.00921651
3.85624e-09
3.80339e-09
3.73929e-09
3.66491e-09
3.58265e-09
3.49647e-09
3.41133e-09
3.33224e-09
3.263e-09
3.20561e-09
3.16046e-09
3.12671e-09
3.10289e-09
3.08729e-09
3.07821e-09
3.07404e-09
3.07338e-09
3.07494e-09
3.07744e-09
3.07952e-09
3.07972e-09
3.07638e-09
3.06761e-09
3.05135e-09
3.02547e-09
2.98819e-09
2.93894e-09
2.88007e-09
2.82038e-09
2.78128e-09
2.8079e-09
2.985e-09
3.45611e-09
4.43641e-09
6.2003e-09
9.02411e-09
1.30803e-08
1.83215e-08
2.44339e-08
3.08894e-08
3.70786e-08
4.24623e-08
4.66881e-08
4.96274e-08
5.13494e-08
5.20539e-08
5.19951e-08
5.14177e-08
5.05156e-08
4.94136e-08
4.81683e-08
4.67816e-08
4.5223e-08
4.34582e-08
4.14903e-08
3.94343e-08
3.7692e-08
3.74005e-08
4.15079e-08
5.68666e-08
9.67296e-08
1.797e-07
3.18151e-07
4.98496e-07
6.78044e-07
8.14121e-07
8.91804e-07
9.21828e-07
9.23075e-07
9.10815e-07
8.9438e-07
8.78563e-07
8.65469e-07
8.5568e-07
8.48962e-07
8.44677e-07
8.42007e-07
8.40083e-07
8.38044e-07
8.35033e-07
8.30194e-07
8.22699e-07
8.11802e-07
7.96992e-07
7.78299e-07
7.56934e-07
7.36465e-07
7.24896e-07
7.37882e-07
8.02772e-07
9.6175e-07
1.2703e-06
1.78655e-06
2.55061e-06
3.56041e-06
4.75911e-06
6.0439e-06
7.29191e-06
8.39174e-06
9.26791e-06
9.88981e-06
1.02674e-05
1.0438e-05
1.0451e-05
1.03549e-05
1.01884e-05
9.97703e-06
9.7326e-06
9.4561e-06
9.14195e-06
8.78389e-06
8.38292e-06
7.96182e-06
7.59866e-06
7.51178e-06
8.26225e-06
1.11455e-05
1.86515e-05
3.42487e-05
6.01967e-05
9.38777e-05
0.000127297
0.000152579
0.000167069
0.000172829
0.000173364
0.000171466
0.000168816
0.000166264
0.000164174
0.000162638
0.000161609
0.000160969
0.000160572
0.000160263
0.000159889
0.000159299
0.000158338
0.000156858
0.000154725
0.000151841
0.000148207
0.000144026
0.000139918
0.00013728
0.000138861
0.000149479
0.000176611
0.000230157
0.000320606
0.000455398
0.000634581
0.000848443
0.00107892
0.00130412
0.00150391
0.00166436
0.00177951
0.00185069
0.00188425
0.00188884
0.00187307
0.00184393
0.00180605
0.00176169
0.00171113
0.00165353
0.0015879
0.00151469
0.00143848
0.00137446
0.00136477
0.0015168
0.00207486
0.00349479
0.00636767
0.0109524
0.0164929
0.0213268
0.0241711
0.0249835
0.0245439
0.023665
0.0228258
0.0222043
0.0218154
0.0216129
0.0215402
0.0215493
0.0216044
0.0216804
0.0217591
0.0218263
0.0218685
0.0218706
0.0218151
0.0216812
0.0214446
0.0210792
0.020559
0.0198625
0.0189773
0.017906
0.0166714
0.0153197
0.0139181
0.0125461
0.011282
0.0101882
0.00930048
0.00862686
0.00815181
0.00784493
0.00766967
0.00759004
0.00757469
0.0075987
0.00764364
0.00769685
0.00775031
0.00779946
0.00784227
0.00787838
0.00790865
0.00793469
0.00795873
0.00798343
0.00801203
0.00804826
0.0080962
0.00815999
0.00824321
0.008348
0.00847398
0.00861746
0.00877163
0.00892825
0.00907961
0.00921998
0.00934623
3.89554e-09
3.8483e-09
3.789e-09
3.71792e-09
3.63691e-09
3.54972e-09
3.46169e-09
3.37856e-09
3.30474e-09
3.24257e-09
3.19255e-09
3.15388e-09
3.1251e-09
3.10451e-09
3.0904e-09
3.0812e-09
3.07551e-09
3.07209e-09
3.06971e-09
3.06712e-09
3.063e-09
3.05588e-09
3.04417e-09
3.02617e-09
3.00024e-09
2.96523e-09
2.92136e-09
2.87205e-09
2.82747e-09
2.81094e-09
2.87e-09
3.09242e-09
3.62511e-09
4.68374e-09
6.53366e-09
9.42367e-09
1.34765e-08
1.85909e-08
2.44264e-08
3.04762e-08
3.62042e-08
4.11687e-08
4.51006e-08
4.7914e-08
4.96738e-08
5.05389e-08
5.0706e-08
5.03643e-08
4.96665e-08
4.87155e-08
4.75642e-08
4.62228e-08
4.46748e-08
4.28968e-08
4.08866e-08
3.87172e-08
3.66729e-08
3.56372e-08
3.81531e-08
5.08279e-08
8.79277e-08
1.71759e-07
3.19391e-07
5.15553e-07
7.06704e-07
8.42732e-07
9.12259e-07
9.33146e-07
9.27923e-07
9.11975e-07
8.93674e-07
8.76899e-07
8.63195e-07
8.52855e-07
8.45528e-07
8.40551e-07
8.37137e-07
8.34472e-07
8.31777e-07
8.28282e-07
8.23226e-07
8.15886e-07
8.05633e-07
7.92087e-07
7.75442e-07
7.57118e-07
7.40976e-07
7.35451e-07
7.56894e-07
8.33406e-07
1.00753e-06
1.3334e-06
1.86412e-06
2.63022e-06
3.61825e-06
4.765e-06
5.97095e-06
7.1272e-06
8.14175e-06
8.95618e-06
9.54918e-06
9.93048e-06
1.01298e-05
1.01854e-05
1.01347e-05
1.00082e-05
9.8269e-06
9.60171e-06
9.33509e-06
9.02426e-06
8.66495e-06
8.25714e-06
7.81558e-06
7.39583e-06
7.16795e-06
7.61661e-06
9.99182e-06
1.69759e-05
3.27329e-05
6.03953e-05
9.70146e-05
0.000132567
0.000157817
0.000170793
0.000174875
0.000174228
0.000171658
0.000168665
0.000165932
0.000163722
0.000162079
0.000160933
0.000160165
0.000159632
0.00015919
0.000158702
0.000158028
0.000157034
0.000155588
0.000153576
0.000150926
0.000147663
0.000144031
0.000140699
0.000139142
0.000142234
0.000154939
0.00018481
0.000241523
0.000334694
0.000470051
0.000645567
0.00085032
0.00106674
0.00127535
0.0014595
0.00160836
0.00171775
0.00178905
0.00182732
0.00183925
0.00183149
0.00180952
0.00177715
0.0017364
0.00168782
0.00163101
0.00156532
0.00149092
0.00141081
0.00133587
0.00129913
0.00139421
0.00185971
0.00319511
0.00613083
0.0110769
0.0171538
0.0222635
0.0249337
0.0253604
0.0246027
0.0235605
0.0226699
0.0220498
0.0216774
0.0214905
0.0214278
0.0214411
0.0214957
0.0215674
0.0216391
0.0216975
0.02173
0.021723
0.0216606
0.0215239
0.0212905
0.0209358
0.0204341
0.0197625
0.0189057
0.0178624
0.0166521
0.0153199
0.0139344
0.012579
0.0113343
0.0102619
0.00939399
0.00873383
0.0082628
0.00794993
0.00776033
0.00766098
0.0076238
0.00762665
0.00765316
0.00769188
0.0077353
0.00777887
0.00782025
0.00785862
0.0078943
0.00792842
0.00796273
0.00799952
0.00804177
0.00809292
0.00815681
0.00823733
0.00833775
0.0084597
0.00860191
0.00875919
0.00892286
0.00908347
0.00923318
0.00936712
0.00948356
3.93718e-09
3.89741e-09
3.84516e-09
3.77993e-09
3.70275e-09
3.61688e-09
3.52783e-09
3.4421e-09
3.36475e-09
3.29836e-09
3.24353e-09
3.19949e-09
3.16486e-09
3.13803e-09
3.11739e-09
3.10149e-09
3.08899e-09
3.07877e-09
3.06973e-09
3.06079e-09
3.0508e-09
3.03858e-09
3.02289e-09
3.00247e-09
2.97629e-09
2.94394e-09
2.90662e-09
2.86892e-09
2.84246e-09
2.85231e-09
2.94786e-09
3.21869e-09
3.81255e-09
4.94231e-09
6.85996e-09
9.77995e-09
1.37705e-08
1.8678e-08
2.4144e-08
2.97015e-08
3.48996e-08
3.93952e-08
4.29945e-08
4.56453e-08
4.74029e-08
4.83867e-08
4.87416e-08
4.86078e-08
4.81017e-08
4.7307e-08
4.62725e-08
4.50155e-08
4.35338e-08
4.18163e-08
3.98616e-08
3.77148e-08
3.55637e-08
3.405e-08
3.52489e-08
4.52715e-08
7.90465e-08
1.62875e-07
3.19966e-07
5.33631e-07
7.36422e-07
8.7032e-07
9.30395e-07
9.42773e-07
9.32611e-07
9.1441e-07
8.95193e-07
8.77971e-07
8.638e-07
8.52768e-07
8.44487e-07
8.38345e-07
8.33645e-07
8.29681e-07
8.25792e-07
8.21325e-07
8.15651e-07
8.08182e-07
7.98446e-07
7.86242e-07
7.71971e-07
7.573e-07
7.46393e-07
7.48058e-07
7.79031e-07
8.6774e-07
1.05652e-06
1.39718e-06
1.9364e-06
2.69373e-06
3.6444e-06
4.72057e-06
5.82957e-06
6.87917e-06
7.79727e-06
8.54119e-06
9.09713e-06
9.47363e-06
9.69302e-06
9.78336e-06
9.77236e-06
9.68328e-06
9.53303e-06
9.33161e-06
9.08277e-06
8.78641e-06
8.44066e-06
8.04566e-06
7.61065e-06
7.17262e-06
6.85552e-06
7.05529e-06
8.92884e-06
1.52847e-05
3.10379e-05
6.04649e-05
0.000100335
0.000138023
0.000162854
0.000174077
0.000176591
0.000175035
0.000172041
0.000168865
0.000166033
0.000163722
0.000161939
0.000160611
0.000159626
0.000158859
0.000158185
0.000157486
0.000156645
0.000155549
0.00015409
0.000152182
0.000149783
0.000146957
0.000143987
0.000141599
0.000141334
0.00014614
0.000161045
0.000193575
0.000253015
0.000347847
0.000481824
0.000650857
0.000843106
0.00104214
0.00123142
0.00139786
0.00153353
0.00163566
0.00170554
0.00174696
0.00176482
0.00176404
0.00174877
0.00172207
0.00168578
0.00164063
0.00158668
0.00152367
0.00145174
0.0013728
0.00129409
0.00123984
0.0012872
0.00165957
0.00288837
0.00585915
0.0111911
0.0178796
0.0232608
0.0256831
0.0256968
0.0246563
0.0234956
0.0225762
0.0219576
0.0215891
0.0213995
0.0213273
0.0213264
0.0213644
0.0214185
0.0214723
0.0215135
0.0215299
0.021509
0.0214363
0.0212945
0.0210635
0.02072
0.0202394
0.0195977
0.0187769
0.0177714
0.0165962
0.015294
0.0139349
0.0126061
0.0113909
0.0103495
0.00950961
0.00886922
0.00840671
0.00809099
0.00788934
0.00777204
0.0077144
0.00769716
0.00770603
0.0077308
0.00776457
0.00780289
0.00784317
0.0078842
0.00792579
0.00796852
0.00801367
0.00806308
0.00811927
0.00818527
0.00826449
0.00836039
0.00847585
0.00861196
0.00876664
0.00893307
0.00910051
0.00925861
0.00940013
0.00952177
0.0096236
3.97917e-09
3.94852e-09
3.90558e-09
3.84909e-09
3.77902e-09
3.69778e-09
3.6107e-09
3.5252e-09
3.44689e-09
3.37837e-09
3.32024e-09
3.27174e-09
3.23159e-09
3.19833e-09
3.17056e-09
3.147e-09
3.1265e-09
3.10808e-09
3.09085e-09
3.07395e-09
3.05653e-09
3.03778e-09
3.01689e-09
2.99319e-09
2.96637e-09
2.93694e-09
2.90722e-09
2.88311e-09
2.87771e-09
2.91748e-09
3.05285e-09
3.37349e-09
4.02514e-09
5.21397e-09
7.17307e-09
1.00755e-08
1.39297e-08
1.85308e-08
2.35172e-08
2.84789e-08
3.30599e-08
3.70136e-08
4.0213e-08
4.26329e-08
4.43185e-08
4.53553e-08
4.58446e-08
4.58853e-08
4.55629e-08
4.49426e-08
4.40672e-08
4.2958e-08
4.1623e-08
4.00618e-08
3.82767e-08
3.62946e-08
3.42302e-08
3.25133e-08
3.27264e-08
4.02471e-08
7.01827e-08
1.52949e-07
3.19682e-07
5.52934e-07
7.67131e-07
8.96486e-07
9.46396e-07
9.51714e-07
9.38357e-07
9.19368e-07
9.00277e-07
8.83216e-07
8.68832e-07
8.57091e-07
8.47636e-07
8.39967e-07
8.33534e-07
8.27783e-07
8.22199e-07
8.16287e-07
8.09583e-07
8.01686e-07
7.92327e-07
7.81537e-07
7.69975e-07
7.59591e-07
7.54829e-07
7.64732e-07
8.06111e-07
9.07186e-07
1.1092e-06
1.46053e-06
1.99977e-06
2.73421e-06
3.62788e-06
4.61105e-06
5.60165e-06
6.52627e-06
7.33249e-06
7.99183e-06
8.49664e-06
8.85411e-06
9.08018e-06
9.19442e-06
9.21633e-06
9.16284e-06
9.04708e-06
8.87774e-06
8.65924e-06
8.39339e-06
8.08039e-06
7.72099e-06
7.32086e-06
6.9028e-06
6.55012e-06
6.56508e-06
7.96621e-06
1.35968e-05
2.9146e-05
6.03694e-05
0.000103876
0.000143653
0.000167617
0.000176954
0.000178159
0.000175996
0.000172832
0.000169648
0.000166815
0.000164438
0.000162504
0.000160947
0.000159677
0.000158593
0.000157598
0.000156599
0.000155507
0.000154238
0.000152717
0.000150892
0.000148764
0.00014644
0.000144254
0.000142982
0.000144207
0.000150893
0.000168041
0.000202991
0.000264432
0.000359409
0.000489473
0.000648472
0.000824149
0.00100189
0.0011685
0.00131442
0.00143435
0.00152672
0.00159262
0.00163478
0.00165662
0.00166158
0.00165267
0.00163224
0.0016019
0.00156245
0.00151427
0.00145745
0.00139219
0.00131965
0.00124432
0.00118253
0.0011937
0.00147668
0.00257778
0.00554781
0.0112898
0.0186873
0.0243278
0.0264251
0.0260255
0.0247579
0.0235167
0.0225808
0.0219555
0.0215706
0.0213532
0.0212455
0.0212061
0.0212057
0.0212233
0.0212434
0.0212544
0.0212448
0.0212028
0.0211152
0.0209663
0.0207377
0.0204082
0.019954
0.0193507
0.0185775
0.0176238
0.0164988
0.0152413
0.0139224
0.0126334
0.0114608
0.0104632
0.00966253
0.00905116
0.00860466
0.00829232
0.00808401
0.00795347
0.00787939
0.00784532
0.00783898
0.00785145
0.00787646
0.00790975
0.00794859
0.00799146
0.00803771
0.00808744
0.00814139
0.00820096
0.00826812
0.00834534
0.00843549
0.00854152
0.00866593
0.00880941
0.00896935
0.0091374
0.00930043
0.00944782
0.0095738
0.00967728
0.00976028
4.01907e-09
3.99876e-09
3.96709e-09
3.92219e-09
3.86294e-09
3.79055e-09
3.70973e-09
3.62898e-09
3.55431e-09
3.48795e-09
3.43033e-09
3.3806e-09
3.3376e-09
3.30006e-09
3.2668e-09
3.23679e-09
3.20911e-09
3.18295e-09
3.15765e-09
3.13266e-09
3.10747e-09
3.08169e-09
3.05506e-09
3.02759e-09
2.99984e-09
2.9734e-09
2.95182e-09
2.94245e-09
2.95975e-09
3.0312e-09
3.20714e-09
3.57514e-09
4.27556e-09
5.50303e-09
7.4654e-09
1.02862e-08
1.39082e-08
1.80805e-08
2.24581e-08
2.67069e-08
3.0572e-08
3.38974e-08
3.66144e-08
3.87195e-08
4.02502e-08
4.12652e-08
4.18316e-08
4.20152e-08
4.18746e-08
4.14575e-08
4.07981e-08
3.99172e-08
3.88271e-08
3.75336e-08
3.60413e-08
3.43658e-08
3.25699e-08
3.09132e-08
3.0504e-08
3.57925e-08
6.1458e-08
1.41877e-07
3.18252e-07
5.73756e-07
7.98652e-07
9.20906e-07
9.60871e-07
9.608e-07
9.46272e-07
9.28151e-07
9.10396e-07
8.9435e-07
8.80342e-07
8.68273e-07
8.57861e-07
8.48746e-07
8.40551e-07
8.32902e-07
8.25444e-07
8.17866e-07
8.09906e-07
8.01389e-07
7.92304e-07
7.82968e-07
7.74356e-07
7.68723e-07
7.70756e-07
7.8955e-07
8.41587e-07
9.54161e-07
1.16638e-06
1.52178e-06
2.04905e-06
2.74191e-06
3.55408e-06
4.41799e-06
5.26609e-06
6.04536e-06
6.72206e-06
7.28011e-06
7.71696e-06
8.03879e-06
8.25653e-06
8.38311e-06
8.43139e-06
8.41289e-06
8.33712e-06
8.21097e-06
8.03866e-06
7.82277e-06
7.56467e-06
7.26544e-06
6.92846e-06
6.56636e-06
6.22965e-06
6.13022e-06
7.11121e-06
1.19359e-05
2.70386e-05
6.00556e-05
0.000107694
0.000149423
0.00017205
0.000179534
0.000179722
0.000177309
0.000174258
0.00017127
0.000168576
0.000166227
0.000164201
0.000162447
0.000160898
0.000159487
0.000158146
0.000156813
0.000155429
0.000153947
0.000152331
0.000150576
0.000148731
0.000146959
0.000145651
0.000145622
0.000148468
0.000157097
0.00017635
0.000213199
0.000275475
0.000368456
0.00049125
0.0006358
0.000790151
0.000942236
0.00108248
0.00120473
0.00130596
0.00138557
0.00144456
0.0014848
0.00150854
0.00151804
0.00151536
0.00150217
0.00147974
0.00144882
0.0014099
0.00136325
0.00130911
0.00124814
0.00118284
0.00112316
0.00111107
0.00131299
0.00226765
0.00519133
0.0113641
0.0196009
0.0254752
0.0271815
0.0264038
0.0249654
0.0236827
0.0227379
0.022092
0.0216661
0.0213919
0.0212189
0.0211117
0.0210449
0.0210002
0.0209634
0.0209237
0.0208707
0.0207937
0.0206807
0.0205181
0.0202894
0.0199752
0.0195532
0.0189986
0.018288
0.0174052
0.0163517
0.0151597
0.0139002
0.0126694
0.0115578
0.010622
0.00987671
0.00930828
0.00888977
0.00859135
0.00838572
0.00825001
0.00816618
0.00812042
0.00810238
0.00810441
0.00812098
0.00814812
0.00818314
0.00822433
0.00827076
0.00832213
0.00837875
0.00844158
0.00851205
0.00859201
0.00868379
0.00878983
0.00891243
0.00905205
0.00920639
0.00936576
0.00951422
0.00964185
0.00974518
0.00982565
0.00988696
4.05421e-09
4.04478e-09
4.02561e-09
3.9946e-09
3.94975e-09
3.89095e-09
3.82173e-09
3.75192e-09
3.68769e-09
3.6302e-09
3.57966e-09
3.53494e-09
3.49507e-09
3.4589e-09
3.42554e-09
3.39414e-09
3.36405e-09
3.33461e-09
3.30539e-09
3.27609e-09
3.24655e-09
3.21676e-09
3.18695e-09
3.15783e-09
3.13079e-09
3.1085e-09
3.09575e-09
3.10121e-09
3.14045e-09
3.24134e-09
3.45287e-09
3.85797e-09
4.58764e-09
5.81916e-09
7.7278e-09
1.03779e-08
1.36436e-08
1.72422e-08
2.08724e-08
2.42947e-08
2.73562e-08
2.9981e-08
3.21477e-08
3.38693e-08
3.51772e-08
3.61094e-08
3.67076e-08
3.70112e-08
3.70563e-08
3.68741e-08
3.64884e-08
3.59152e-08
3.51656e-08
3.42458e-08
3.31596e-08
3.19147e-08
3.05393e-08
2.91697e-08
2.84997e-08
3.19373e-08
5.30403e-08
1.29581e-07
3.15272e-07
5.96486e-07
8.30604e-07
9.43526e-07
9.7415e-07
9.70895e-07
9.57391e-07
9.419e-07
9.2691e-07
9.13131e-07
9.00658e-07
8.8936e-07
8.79028e-07
8.69432e-07
8.60354e-07
8.51594e-07
8.4294e-07
8.34257e-07
8.25491e-07
8.16701e-07
8.08151e-07
8.00469e-07
7.94961e-07
7.94188e-07
8.03009e-07
8.3035e-07
8.91873e-07
1.0131e-06
1.22971e-06
1.57876e-06
2.07695e-06
2.70366e-06
3.40514e-06
4.12159e-06
4.80406e-06
5.4202e-06
5.953e-06
6.39639e-06
6.75181e-06
7.0246e-06
7.22194e-06
7.35172e-06
7.42163e-06
7.43866e-06
7.40889e-06
7.33709e-06
7.22649e-06
7.07935e-06
6.89706e-06
6.68046e-06
6.43122e-06
6.15512e-06
5.87882e-06
5.73505e-06
6.36946e-06
1.03341e-05
2.4702e-05
5.94483e-05
0.00011186
0.000155264
0.000176141
0.000181875
0.000181436
0.000179155
0.000176522
0.000173974
0.000171632
0.000169507
0.000167576
0.000165799
0.000164135
0.000162545
0.000160992
0.000159438
0.000157858
0.000156239
0.000154588
0.000152948
0.000151424
0.000150239
0.000149837
0.000151065
0.00015549
0.000165876
0.00018675
0.000224482
0.000285747
0.000373682
0.000484804
0.000609656
0.000737606
0.000859871
0.000970596
0.00106664
0.00114684
0.00121137
0.00126111
0.00129731
0.00132133
0.00133453
0.00133813
0.00133322
0.00132064
0.00130098
0.00127463
0.00124187
0.00120284
0.00115789
0.00110815
0.00105888
0.00103661
0.00117015
0.00196414
0.00478476
0.0114004
0.0206543
0.0267199
0.0280003
0.0268978
0.0253639
0.0240803
0.0231335
0.0224543
0.0219658
0.0216087
0.0213417
0.0211361
0.0209717
0.0208332
0.0207088
0.0205886
0.020464
0.020326
0.0201648
0.0199693
0.0197259
0.019418
0.0190254
0.0185244
0.0178894
0.0170985
0.0161429
0.0150451
0.0138729
0.0127272
0.0117038
0.0108557
0.0101887
0.0096829
0.00930919
0.00903903
0.00884818
0.00871707
0.00863077
0.00857806
0.00855054
0.00854194
0.00854764
0.00856422
0.00858923
0.00862107
0.00865875
0.00870177
0.00875014
0.00880443
0.00886561
0.00893499
0.00901449
0.00910596
0.00921185
0.0093326
0.00946749
0.00960612
0.00972911
0.00982859
0.00990385
0.00995855
0.00999733
4.08207e-09
4.08325e-09
4.07677e-09
4.06081e-09
4.03296e-09
3.99211e-09
3.94015e-09
3.88836e-09
3.84259e-09
3.8022e-09
3.76722e-09
3.73617e-09
3.70838e-09
3.68282e-09
3.65883e-09
3.63577e-09
3.61312e-09
3.59048e-09
3.56758e-09
3.54427e-09
3.52059e-09
3.49678e-09
3.47334e-09
3.45136e-09
3.43278e-09
3.42086e-09
3.42115e-09
3.44289e-09
3.50196e-09
3.62548e-09
3.85942e-09
4.27913e-09
5.00212e-09
6.18083e-09
7.95084e-09
1.03086e-08
1.3066e-08
1.59397e-08
1.87051e-08
2.12298e-08
2.34536e-08
2.53633e-08
2.69687e-08
2.8291e-08
2.93547e-08
3.01805e-08
3.07907e-08
3.12046e-08
3.14399e-08
3.15133e-08
3.14384e-08
3.12244e-08
3.08767e-08
3.0398e-08
2.97885e-08
2.90501e-08
2.81901e-08
2.72663e-08
2.66508e-08
2.87029e-08
4.51736e-08
1.1611e-07
3.1027e-07
6.21451e-07
8.62402e-07
9.64059e-07
9.86632e-07
9.82643e-07
9.72269e-07
9.61104e-07
9.50438e-07
9.40548e-07
9.31376e-07
9.22782e-07
9.14605e-07
9.06699e-07
8.98945e-07
8.91271e-07
8.83585e-07
8.75869e-07
8.68216e-07
8.60857e-07
8.5425e-07
8.49256e-07
8.47405e-07
8.51441e-07
8.66219e-07
9.00214e-07
9.67693e-07
1.09151e-06
1.30228e-06
1.62892e-06
2.07427e-06
2.6046e-06
3.16497e-06
3.71018e-06
4.21267e-06
4.65903e-06
5.04543e-06
5.37248e-06
5.64385e-06
5.86373e-06
6.03615e-06
6.16525e-06
6.25475e-06
6.30793e-06
6.32795e-06
6.3175e-06
6.27851e-06
6.21197e-06
6.11853e-06
5.99827e-06
5.85159e-06
5.68004e-06
5.49507e-06
5.36777e-06
5.74501e-06
8.83802e-06
2.21473e-05
5.84603e-05
0.000116435
0.00016107
0.00017984
0.000184051
0.000183419
0.00018164
0.000179719
0.000177882
0.000176174
0.000174582
0.000173082
0.000171645
0.000170244
0.000168858
0.000167474
0.000166075
0.000164657
0.000163234
0.000161843
0.000160564
0.000159542
0.000159043
0.000159543
0.000161892
0.000167577
0.000179116
0.000200562
0.00023738
0.000294795
0.000373453
0.000467497
0.000567199
0.00066449
0.000754397
0.00083447
0.000903965
0.000962946
0.00101203
0.00105194
0.00108335
0.001107
0.00112352
0.00113349
0.00113747
0.00113594
0.00112921
0.00111747
0.00110083
0.00107931
0.00105298
0.00102216
0.000989116
0.000968198
0.00104956
0.00167661
0.00432774
0.0113807
0.0218856
0.028092
0.0289403
0.0276076
0.0260708
0.0248332
0.0239002
0.0231886
0.0226312
0.0221798
0.0218024
0.0214771
0.0211888
0.0209266
0.0206825
0.0204473
0.020214
0.0199763
0.0197273
0.0194594
0.0191631
0.0188265
0.0184343
0.0179665
0.0173991
0.0167067
0.0158704
0.0148986
0.0138503
0.0128284
0.0119322
0.0112064
0.0106467
0.0102263
0.00991515
0.0096866
0.00952012
0.0093997
0.00931376
0.009254
0.00921416
0.00918967
0.00917718
0.00917405
0.0091784
0.00918905
0.00920519
0.0092263
0.00925227
0.00928324
0.00931994
0.00936324
0.00941476
0.00947567
0.00954883
0.00963457
0.00973545
0.00984137
0.00992945
0.00999509
0.0100399
0.0100689
0.0100865
0.00869533
0.00871262
0.00872948
0.00874591
0.00876192
0.00877749
0.00879264
0.00880734
0.00882159
0.00883538
0.0088487
0.00886152
0.00887385
0.00888567
0.00889697
0.00890775
0.008918
0.00892771
0.00893689
0.00894554
0.00895367
0.00896128
0.00896838
0.00897499
0.00898113
0.0089868
0.00899203
0.00899684
0.00900125
0.00900528
0.00900895
0.00901227
0.00901526
0.00901792
0.00902026
0.00902227
0.00902395
0.00902525
0.00902617
0.00902664
0.00875422
0.00877168
0.00878888
0.00880584
0.00882254
0.00883897
0.00885511
0.00887094
0.00888644
0.00890159
0.00891637
0.00893075
0.00894471
0.00895823
0.00897129
0.00898388
0.00899598
0.00900758
0.00901867
0.00902925
0.00903931
0.00904885
0.00905788
0.0090664
0.00907442
0.00908195
0.009089
0.00909559
0.00910172
0.00910741
0.00911267
0.00911751
0.00912192
0.00912591
0.00912946
0.00913255
0.00913515
0.00913721
0.00913866
0.00913945
0.0087883
0.00880608
0.0088238
0.00884143
0.00885897
0.00887639
0.00889364
0.00891072
0.00892757
0.00894417
0.00896049
0.00897649
0.00899213
0.0090074
0.00902226
0.00903669
0.00905065
0.00906415
0.00907715
0.00908964
0.00910162
0.00911308
0.00912401
0.00913441
0.00914429
0.00915366
0.0091625
0.00917084
0.00917868
0.00918602
0.00919286
0.00919921
0.00920505
0.00921037
0.00921515
0.00921933
0.00922288
0.00922571
0.00922774
0.00922885
0.0088033
0.00882161
0.00884004
0.00885855
0.0088771
0.00889565
0.00891417
0.00893261
0.00895093
0.00896908
0.00898701
0.00900468
0.00902206
0.0090391
0.00905577
0.00907203
0.00908785
0.0091032
0.00911807
0.00913243
0.00914628
0.00915958
0.00917235
0.00918456
0.00919623
0.00920735
0.00921791
0.00922792
0.00923739
0.00924631
0.00925467
0.00926247
0.00926969
0.00927631
0.00928228
0.00928754
0.00929203
0.00929563
0.00929823
0.00929966
0.00880428
0.00882337
0.00884273
0.00886231
0.00888206
0.00890193
0.00892186
0.0089418
0.00896169
0.00898147
0.00900109
0.00902049
0.00903963
0.00905846
0.00907693
0.009095
0.00911263
0.0091298
0.00914648
0.00916263
0.00917825
0.00919331
0.00920781
0.00922172
0.00923506
0.00924781
0.00925998
0.00927155
0.00928253
0.00929291
0.00930269
0.00931185
0.00932036
0.00932819
0.00933528
0.00934157
0.00934696
0.00935132
0.00935448
0.00935623
0.00879553
0.00881564
0.00883617
0.00885703
0.00887816
0.00889951
0.008921
0.00894256
0.00896412
0.00898562
0.00900699
0.00902817
0.00904909
0.00906971
0.00908997
0.00910982
0.00912923
0.00914814
0.00916654
0.0091844
0.00920169
0.00921839
0.00923449
0.00924997
0.00926484
0.00927909
0.00929271
0.0093057
0.00931805
0.00932976
0.00934082
0.0093512
0.00936088
0.00936982
0.00937795
0.00938519
0.00939141
0.00939647
0.00940017
0.00940223
0.0087805
0.00880188
0.00882378
0.00884612
0.00886883
0.00889181
0.008915
0.0089383
0.00896164
0.00898494
0.00900811
0.0090311
0.00905383
0.00907623
0.00909826
0.00911985
0.00914096
0.00916156
0.00918159
0.00920105
0.00921989
0.0092381
0.00925567
0.00927259
0.00928884
0.00930442
0.00931934
0.00933358
0.00934714
0.00936002
0.00937221
0.00938367
0.00939439
0.0094043
0.00941336
0.00942144
0.00942842
0.00943413
0.00943831
0.00944067
0.00876191
0.00878477
0.00880826
0.00883226
0.0088567
0.00888148
0.00890649
0.00893164
0.00895685
0.00898201
0.00900704
0.00903187
0.00905641
0.00908059
0.00910436
0.00912764
0.0091504
0.00917259
0.00919418
0.00921512
0.0092354
0.00925499
0.00927389
0.00929208
0.00930956
0.00932632
0.00934237
0.0093577
0.0093723
0.00938618
0.00939933
0.00941171
0.00942331
0.00943407
0.00944391
0.00945273
0.00946038
0.00946665
0.00947128
0.00947391
0.00874182
0.00876637
0.00879162
0.00881747
0.00884379
0.00887049
0.00889745
0.00892455
0.0089517
0.00897879
0.00900572
0.00903241
0.00905876
0.00908471
0.00911018
0.00913511
0.00915945
0.00918316
0.00920618
0.00922851
0.0092501
0.00927094
0.00929103
0.00931034
0.00932889
0.00934666
0.00936367
0.00937991
0.00939539
0.0094101
0.00942403
0.00943718
0.0094495
0.00946094
0.00947144
0.00948087
0.00948908
0.00949584
0.00950086
0.00950372
0.00872178
0.00874821
0.0087754
0.00880324
0.0088316
0.00886034
0.00888935
0.00891849
0.00894765
0.00897672
0.00900558
0.00903414
0.0090623
0.00908999
0.00911712
0.00914364
0.00916949
0.00919461
0.00921898
0.00924257
0.00926535
0.0092873
0.00930843
0.00932871
0.00934817
0.00936679
0.00938459
0.00940157
0.00941775
0.00943311
0.00944767
0.0094614
0.00947428
0.00948626
0.00949726
0.00950717
0.00951582
0.00952298
0.00952832
0.00953139
0.00870298
0.00873145
0.00876074
0.00879072
0.00882124
0.00885215
0.0088833
0.00891456
0.0089458
0.00897688
0.00900769
0.00903812
0.00906807
0.00909746
0.0091262
0.00915423
0.0091815
0.00920795
0.00923355
0.00925827
0.0092821
0.00930503
0.00932704
0.00934814
0.00936834
0.00938764
0.00940606
0.00942361
0.00944031
0.00945616
0.00947116
0.00948531
0.00949858
0.00951093
0.0095223
0.00953255
0.00954153
0.00954898
0.00955456
0.0095578
0.00868631
0.008717
0.00874855
0.00878081
0.00881361
0.00884679
0.00888018
0.00891362
0.00894697
0.00898009
0.00901285
0.00904513
0.00907684
0.00910787
0.00913815
0.0091676
0.00919618
0.00922384
0.00925055
0.00927627
0.00930101
0.00932474
0.00934748
0.00936923
0.00939001
0.00940982
0.00942869
0.00944664
0.00946368
0.00947984
0.00949511
0.00950951
0.00952301
0.00953558
0.00954715
0.0095576
0.00956678
0.00957442
0.00958017
0.00958353
0.00867255
0.00870561
0.00873957
0.00877425
0.00880944
0.00884498
0.00888067
0.00891634
0.00895184
0.008987
0.00902169
0.00905579
0.00908919
0.00912178
0.0091535
0.00918427
0.00921404
0.00924278
0.00927044
0.00929701
0.00932249
0.00934687
0.00937017
0.0093924
0.00941357
0.00943371
0.00945285
0.00947101
0.00948823
0.00950452
0.0095199
0.00953437
0.00954794
0.00956056
0.00957218
0.0095827
0.00959195
0.00959967
0.0096055
0.00960893
0.00866234
0.00869794
0.00873446
0.00877168
0.00880938
0.00884735
0.0088854
0.00892334
0.00896098
0.00899816
0.00903474
0.00907058
0.00910558
0.00913964
0.00917267
0.00920462
0.00923543
0.00926507
0.00929352
0.00932077
0.00934681
0.00937165
0.00939532
0.00941783
0.00943922
0.00945951
0.00947873
0.00949693
0.00951414
0.00953038
0.00954569
0.00956007
0.00957354
0.00958606
0.00959758
0.00960802
0.0096172
0.0096249
0.00963073
0.00963417
0.00865632
0.00869463
0.00873385
0.00877373
0.00881403
0.0088545
0.00889495
0.00893514
0.0089749
0.00901405
0.00905243
0.00908992
0.00912639
0.00916177
0.00919595
0.0092289
0.00926057
0.00929093
0.00931997
0.00934769
0.00937409
0.00939919
0.00942303
0.00944563
0.00946703
0.00948727
0.00950639
0.00952443
0.00954145
0.00955747
0.00957254
0.00958666
0.00959986
0.00961212
0.0096234
0.00963361
0.00964261
0.00965015
0.00965589
0.00965929
0.00865513
0.00869633
0.00873839
0.00878103
0.00882399
0.00886701
0.00890984
0.00895227
0.00899408
0.00903509
0.00907516
0.00911414
0.00915192
0.00918842
0.00922357
0.00925731
0.00928961
0.00932046
0.00934986
0.00937782
0.00940435
0.0094295
0.00945328
0.00947575
0.00949695
0.00951694
0.00953576
0.00955346
0.0095701
0.00958572
0.00960037
0.00961407
0.00962685
0.0096387
0.00964958
0.00965943
0.00966811
0.0096754
0.00968096
0.00968426
0.00865946
0.00870371
0.00874874
0.00879423
0.0088399
0.00888546
0.00893064
0.00897521
0.00901895
0.00906169
0.00910325
0.00914353
0.00918239
0.00921978
0.00925563
0.00928991
0.00932259
0.00935368
0.00938318
0.00941112
0.00943753
0.00946247
0.00948596
0.00950807
0.00952886
0.00954838
0.00956669
0.00958386
0.00959994
0.00961499
0.00962905
0.00964217
0.00965437
0.00966565
0.009676
0.00968536
0.0096936
0.00970053
0.00970582
0.00970897
0.00867008
0.00871752
0.00876561
0.00881401
0.00886238
0.00891042
0.00895785
0.00900442
0.00904991
0.00909415
0.00913698
0.00917828
0.00921795
0.00925594
0.0092922
0.00932671
0.00935947
0.00939049
0.0094198
0.00944744
0.00947347
0.00949792
0.00952088
0.00954239
0.00956253
0.00958137
0.00959898
0.00961542
0.00963076
0.00964506
0.00965837
0.00967075
0.00968222
0.0096928
0.00970249
0.00971123
0.00971892
0.00972538
0.00973032
0.00973327
0.0086878
0.00873856
0.00878977
0.00884106
0.00889206
0.00894245
0.00899195
0.00904031
0.00908729
0.00913275
0.00917652
0.00921851
0.00925865
0.00929689
0.0093332
0.0093676
0.00940009
0.00943072
0.00945952
0.00948656
0.0095119
0.0095356
0.00955775
0.00957842
0.00959769
0.00961563
0.00963233
0.00964785
0.00966227
0.00967565
0.00968806
0.00969955
0.00971016
0.00971992
0.00972882
0.00973683
0.00974386
0.00974977
0.00975428
0.00975698
0.00871355
0.00876768
0.008822
0.00887608
0.00892956
0.0089821
0.00903339
0.00908321
0.00913134
0.00917762
0.00922195
0.00926423
0.00930441
0.00934249
0.00937846
0.00941235
0.0094442
0.00947407
0.00950202
0.00952813
0.00955248
0.00957515
0.00959624
0.00961582
0.00963398
0.00965081
0.0096664
0.00968082
0.00969415
0.00970647
0.00971783
0.0097283
0.00973793
0.00974674
0.00975475
0.00976193
0.00976822
0.00977349
0.00977751
0.00977992
0.00874831
0.00880578
0.00886308
0.00891977
0.00897545
0.00902978
0.00908249
0.00913334
0.00918215
0.00922879
0.00927318
0.00931527
0.00935503
0.00939248
0.00942766
0.00946062
0.00949142
0.00952015
0.00954689
0.00957174
0.0095948
0.00961615
0.0096359
0.00965415
0.00967098
0.00968651
0.0097008
0.00971395
0.00972605
0.00973715
0.00974734
0.00975668
0.00976522
0.00977299
0.00978001
0.00978628
0.00979175
0.00979632
0.0097998
0.00980188
0.0087931
0.00885376
0.00891378
0.00897272
0.00903017
0.00908583
0.00913941
0.00919074
0.00923966
0.00928609
0.00932997
0.00937131
0.00941011
0.00944642
0.00948033
0.0095119
0.00954123
0.00956843
0.00959361
0.00961686
0.00963832
0.00965808
0.00967625
0.00969294
0.00970825
0.00972227
0.00973511
0.00974685
0.00975757
0.00976735
0.00977626
0.00978436
0.00979172
0.00979837
0.00980434
0.00980964
0.00981424
0.00981806
0.00982095
0.00982268
0.00884893
0.00891242
0.00897472
0.00903537
0.009094
0.00915032
0.00920411
0.00925523
0.00930358
0.00934912
0.00939185
0.00943182
0.00946907
0.00950371
0.00953583
0.00956556
0.009593
0.00961828
0.00964154
0.00966289
0.00968246
0.00970037
0.00971674
0.00973167
0.00974527
0.00975764
0.00976888
0.00977908
0.00978831
0.00979667
0.00980421
0.00981102
0.00981713
0.00982261
0.00982748
0.00983177
0.00983545
0.0098385
0.00984079
0.00984215
0.00891666
0.00898242
0.0090463
0.00910791
0.00916691
0.00922307
0.00927624
0.00932634
0.00937333
0.00941723
0.0094581
0.00949604
0.00953114
0.00956355
0.00959339
0.00962081
0.00964595
0.00966895
0.00968997
0.00970913
0.00972657
0.00974241
0.00975677
0.00976978
0.00978153
0.00979212
0.00980165
0.00981021
0.00981788
0.00982475
0.00983087
0.00983632
0.00984115
0.00984542
0.00984917
0.00985243
0.0098552
0.00985745
0.00985914
0.00986014
0.00899691
0.00906406
0.00912858
0.00919014
0.0092485
0.00930351
0.00935509
0.00940324
0.009448
0.00948946
0.00952774
0.00956298
0.00959533
0.00962497
0.00965205
0.00967674
0.00969921
0.00971962
0.00973812
0.00975484
0.00976994
0.00978354
0.00979575
0.0098067
0.00981648
0.00982521
0.00983296
0.00983982
0.00984589
0.00985122
0.00985589
0.00985997
0.00986351
0.00986657
0.0098692
0.00987143
0.00987329
0.00987477
0.00987587
0.0098765
0.00908983
0.00915716
0.00922107
0.00928136
0.00933788
0.00939059
0.00943951
0.00948471
0.00952634
0.00956455
0.00959951
0.00963141
0.00966046
0.00968683
0.00971073
0.00973234
0.00975184
0.00976939
0.00978515
0.00979926
0.00981187
0.00982309
0.00983306
0.00984187
0.00984963
0.00985643
0.00986237
0.00986752
0.00987195
0.00987575
0.00987898
0.00988169
0.00988396
0.00988584
0.00988737
0.00988861
0.00988958
0.00989033
0.00989086
0.00989116
0.00919486
0.00926086
0.00932267
0.00938025
0.00943358
0.00948275
0.00952789
0.00956916
0.00960677
0.00964096
0.00967193
0.00969994
0.00972519
0.0097479
0.00976829
0.00978654
0.00980283
0.00981734
0.00983022
0.0098416
0.00985163
0.00986043
0.0098681
0.00987474
0.00988047
0.00988535
0.00988948
0.00989293
0.00989576
0.00989806
0.00989987
0.00990127
0.00990231
0.00990304
0.00990353
0.00990383
0.00990399
0.00990405
0.00990407
0.00990406
0.00931057
0.00937343
0.00943144
0.00948475
0.00953351
0.00957791
0.00961818
0.00965458
0.0096874
0.0097169
0.00974335
0.009767
0.00978809
0.00980686
0.00982351
0.00983822
0.00985119
0.00986257
0.0098725
0.00988113
0.00988857
0.00989493
0.00990033
0.00990485
0.00990857
0.00991158
0.00991395
0.00991575
0.00991705
0.0099179
0.00991837
0.00991852
0.0099184
0.00991808
0.0099176
0.00991704
0.00991645
0.0099159
0.00991546
0.00991519
0.00943443
0.00949218
0.00954463
0.00959213
0.00963498
0.00967348
0.00970795
0.00973873
0.00976612
0.00979045
0.00981199
0.009831
0.00984773
0.0098624
0.00987521
0.00988635
0.00989597
0.00990423
0.00991125
0.00991717
0.00992208
0.00992609
0.00992929
0.00993176
0.00993357
0.00993479
0.0099355
0.00993575
0.0099356
0.00993511
0.00993434
0.00993333
0.00993216
0.00993087
0.00992953
0.0099282
0.00992696
0.00992589
0.00992506
0.00992457
0.00956276
0.00961345
0.00965869
0.00969902
0.00973484
0.00976656
0.00979454
0.00981916
0.00984076
0.00985965
0.0098761
0.00989038
0.00990271
0.0099133
0.00992233
0.00992996
0.00993633
0.00994158
0.00994582
0.00994915
0.00995167
0.00995346
0.0099546
0.00995515
0.00995519
0.00995477
0.00995394
0.00995277
0.00995131
0.0099496
0.00994771
0.00994567
0.00994356
0.00994143
0.00993934
0.00993736
0.00993558
0.00993407
0.00993293
0.00993228
0.00969084
0.00973279
0.00976951
0.00980166
0.00982971
0.0098541
0.00987525
0.00989351
0.00990921
0.00992265
0.00993408
0.00994374
0.00995182
0.0099585
0.00996393
0.00996826
0.00997159
0.00997404
0.0099757
0.00997666
0.00997698
0.00997675
0.00997601
0.00997484
0.00997327
0.00997137
0.00996918
0.00996675
0.00996413
0.00996135
0.00995848
0.00995557
0.00995266
0.00994982
0.00994712
0.00994462
0.0099424
0.00994056
0.00993919
0.00993842
0.00981325
0.00984532
0.00987275
0.00989621
0.00991623
0.00993322
0.00994757
0.00995961
0.00996964
0.00997789
0.0099846
0.00998994
0.00999409
0.00999718
0.00999934
0.0100007
0.0100013
0.0100012
0.0100006
0.00999941
0.0099978
0.00999578
0.0099934
0.00999072
0.00998777
0.00998459
0.00998123
0.00997772
0.00997411
0.00997045
0.00996677
0.00996313
0.00995958
0.00995618
0.009953
0.0099501
0.00994758
0.0099455
0.00994399
0.00994315
0.00992444
0.00994625
0.0099643
0.00997922
0.00999148
0.0100015
0.0100095
0.0100158
0.0100206
0.0100242
0.0100267
0.0100282
0.0100289
0.0100288
0.0100281
0.0100269
0.0100251
0.0100229
0.0100203
0.0100173
0.0100141
0.0100106
0.0100068
0.0100029
0.00999875
0.00999452
0.0099902
0.00998582
0.00998143
0.00997705
0.00997274
0.00996855
0.00996451
0.00996071
0.00995718
0.00995402
0.00995129
0.00994909
0.0099475
0.00994662
0.0100195
0.0100315
0.0100408
0.010048
0.0100533
0.010057
0.0100595
0.0100609
0.0100613
0.0100609
0.0100598
0.0100581
0.0100559
0.0100533
0.0100502
0.0100468
0.0100431
0.0100392
0.010035
0.0100306
0.010026
0.0100213
0.0100164
0.0100115
0.0100065
0.0100014
0.00999635
0.0099913
0.00998632
0.00998142
0.00997665
0.00997207
0.00996771
0.00996364
0.00995991
0.0099566
0.00995377
0.00995152
0.00994991
0.00994904
0.0100949
0.0100984
0.0101003
0.0101009
0.0101005
0.0100992
0.0100972
0.0100946
0.0100914
0.0100879
0.010084
0.0100798
0.0100754
0.0100707
0.0100659
0.0100608
0.0100557
0.0100504
0.0100449
0.0100394
0.0100339
0.0100282
0.0100226
0.0100169
0.0100112
0.0100056
0.01
0.00999451
0.00998912
0.00998388
0.00997883
0.00997401
0.00996947
0.00996526
0.00996145
0.00995809
0.00995525
0.00995301
0.00995144
0.00995061
9.72501e-12
3.32567e-11
6.18882e-11
9.66395e-11
1.38615e-10
1.88965e-10
2.48854e-10
3.19429e-10
4.01773e-10
4.96859e-10
6.0548e-10
7.28181e-10
8.65182e-10
1.01631e-09
1.18092e-09
1.35788e-09
1.54552e-09
1.74166e-09
1.94369e-09
2.14858e-09
2.3531e-09
2.55391e-09
2.74777e-09
2.93173e-09
3.10323e-09
3.26028e-09
3.40152e-09
3.52627e-09
3.63453e-09
3.72685e-09
3.80431e-09
3.8683e-09
3.92046e-09
3.96249e-09
3.99605e-09
4.02268e-09
4.04374e-09
4.06036e-09
4.07342e-09
4.08357e-09
9.83284e-12
3.36293e-11
6.25897e-11
9.77401e-11
1.40179e-10
1.91037e-10
2.51451e-10
3.22534e-10
4.0533e-10
5.00771e-10
6.09612e-10
7.32359e-10
8.69202e-10
1.01994e-09
1.18393e-09
1.36004e-09
1.54662e-09
1.74153e-09
1.9422e-09
2.14569e-09
2.34883e-09
2.54836e-09
2.74112e-09
2.9242e-09
3.0951e-09
3.25184e-09
3.39307e-09
3.5181e-09
3.62687e-09
3.71991e-09
3.79822e-09
3.86316e-09
3.9163e-09
3.95931e-09
3.99383e-09
4.02138e-09
4.04331e-09
4.06077e-09
4.07467e-09
4.08566e-09
9.94648e-12
3.40227e-11
6.33321e-11
9.89051e-11
1.41831e-10
1.93219e-10
2.54177e-10
3.25779e-10
4.09034e-10
5.04833e-10
6.1389e-10
7.36677e-10
8.73354e-10
1.0237e-09
1.18706e-09
1.3623e-09
1.5478e-09
1.74147e-09
1.94078e-09
2.14285e-09
2.34459e-09
2.54282e-09
2.73445e-09
2.91663e-09
3.08689e-09
3.24329e-09
3.38448e-09
3.50975e-09
3.61901e-09
3.71274e-09
3.79189e-09
3.85776e-09
3.91187e-09
3.95586e-09
3.99132e-09
4.01978e-09
4.04257e-09
4.06086e-09
4.07557e-09
4.08738e-09
1.00662e-11
3.4438e-11
6.41171e-11
1.00137e-10
1.43574e-10
1.95513e-10
2.57029e-10
3.29161e-10
4.1288e-10
5.09035e-10
6.18305e-10
7.41125e-10
8.77626e-10
1.02757e-09
1.19029e-09
1.36466e-09
1.54908e-09
1.74149e-09
1.93942e-09
2.14007e-09
2.3404e-09
2.53731e-09
2.72779e-09
2.90903e-09
3.07863e-09
3.23466e-09
3.37578e-09
3.50126e-09
3.61098e-09
3.70537e-09
3.78534e-09
3.85212e-09
3.90719e-09
3.95213e-09
3.98854e-09
4.01789e-09
4.04154e-09
4.06064e-09
4.07614e-09
4.08874e-09
1.01922e-11
3.48761e-11
6.49467e-11
1.01437e-10
1.45408e-10
1.97916e-10
2.60003e-10
3.32672e-10
4.16855e-10
5.13364e-10
6.2284e-10
7.45686e-10
8.82003e-10
1.03153e-09
1.1936e-09
1.3671e-09
1.55043e-09
1.74159e-09
1.93814e-09
2.13735e-09
2.33627e-09
2.53186e-09
2.72116e-09
2.90146e-09
3.07037e-09
3.226e-09
3.36701e-09
3.49267e-09
3.60282e-09
3.69784e-09
3.77859e-09
3.84626e-09
3.90227e-09
3.94816e-09
3.98549e-09
4.01572e-09
4.04021e-09
4.0601e-09
4.07637e-09
4.08973e-09
1.03248e-11
3.53383e-11
6.58227e-11
1.02807e-10
1.47333e-10
2.00426e-10
2.63093e-10
3.36301e-10
4.20945e-10
5.17803e-10
6.27477e-10
7.50339e-10
8.86466e-10
1.03558e-09
1.197e-09
1.36961e-09
1.55186e-09
1.74176e-09
1.93694e-09
2.13473e-09
2.33223e-09
2.52648e-09
2.71461e-09
2.89394e-09
3.06214e-09
3.21734e-09
3.35822e-09
3.48402e-09
3.59456e-09
3.69019e-09
3.77169e-09
3.84022e-09
3.89714e-09
3.94396e-09
3.98219e-09
4.01329e-09
4.0386e-09
4.05926e-09
4.07627e-09
4.09036e-09
1.04645e-11
3.58259e-11
6.67468e-11
1.04249e-10
1.49347e-10
2.03036e-10
2.66288e-10
3.40033e-10
4.25133e-10
5.22329e-10
6.32192e-10
7.55062e-10
8.9099e-10
1.03968e-09
1.20045e-09
1.37219e-09
1.55336e-09
1.74202e-09
1.93584e-09
2.1322e-09
2.32829e-09
2.52122e-09
2.70816e-09
2.88651e-09
3.05399e-09
3.20874e-09
3.34946e-09
3.47537e-09
3.58626e-09
3.68245e-09
3.76468e-09
3.83403e-09
3.89184e-09
3.93956e-09
3.97867e-09
4.01062e-09
4.03672e-09
4.05814e-09
4.07586e-09
4.09065e-09
1.06118e-11
3.63402e-11
6.77205e-11
1.05761e-10
1.51447e-10
2.05739e-10
2.69574e-10
3.4385e-10
4.29395e-10
5.26918e-10
6.36957e-10
7.59825e-10
8.95549e-10
1.04382e-09
1.20394e-09
1.37481e-09
1.55492e-09
1.74235e-09
1.93483e-09
2.12979e-09
2.32449e-09
2.51609e-09
2.70186e-09
2.87923e-09
3.04597e-09
3.20025e-09
3.34077e-09
3.46676e-09
3.57797e-09
3.67469e-09
3.7576e-09
3.82774e-09
3.8864e-09
3.93499e-09
3.97496e-09
4.00773e-09
4.0346e-09
4.05674e-09
4.07515e-09
4.0906e-09
1.07671e-11
3.68828e-11
6.87448e-11
1.07341e-10
1.53625e-10
2.08521e-10
2.72932e-10
3.47728e-10
4.33703e-10
5.31537e-10
6.41739e-10
7.64595e-10
9.00109e-10
1.04796e-09
1.20744e-09
1.37746e-09
1.55653e-09
1.74276e-09
1.93392e-09
2.12751e-09
2.32083e-09
2.51114e-09
2.69575e-09
2.87214e-09
3.03813e-09
3.19192e-09
3.33222e-09
3.45825e-09
3.56975e-09
3.66695e-09
3.7505e-09
3.8214e-09
3.88087e-09
3.9303e-09
3.97109e-09
4.00465e-09
4.03227e-09
4.05511e-09
4.07416e-09
4.09024e-09
1.09313e-11
3.7455e-11
6.98198e-11
1.08987e-10
1.55872e-10
2.11365e-10
2.7634e-10
3.51636e-10
4.38022e-10
5.36148e-10
6.46498e-10
7.69332e-10
9.04634e-10
1.05206e-09
1.21092e-09
1.38012e-09
1.55817e-09
1.74323e-09
1.93312e-09
2.12537e-09
2.31736e-09
2.5064e-09
2.68986e-09
2.86528e-09
3.03052e-09
3.18382e-09
3.32388e-09
3.44993e-09
3.56167e-09
3.65931e-09
3.74346e-09
3.81506e-09
3.87531e-09
3.92553e-09
3.96711e-09
4.00143e-09
4.02975e-09
4.05325e-09
4.07293e-09
4.08959e-09
4.09359e-09
4.10057e-09
4.10122e-09
4.09416e-09
4.07707e-09
4.04848e-09
4.00949e-09
3.97191e-09
3.94096e-09
3.91474e-09
3.89334e-09
3.87521e-09
3.85993e-09
3.84661e-09
3.83479e-09
3.82393e-09
3.81352e-09
3.80332e-09
3.79322e-09
3.78315e-09
3.77321e-09
3.76366e-09
3.755e-09
3.74829e-09
3.74534e-09
3.7492e-09
3.76508e-09
3.80149e-09
3.87316e-09
4.00522e-09
4.24031e-09
4.6475e-09
5.33481e-09
6.43606e-09
8.05968e-09
1.01611e-08
1.25266e-08
1.49023e-08
1.71242e-08
1.91247e-08
2.08867e-08
2.24188e-08
2.37372e-08
2.48599e-08
2.58042e-08
2.65814e-08
2.72047e-08
2.76844e-08
2.80302e-08
2.82519e-08
2.83574e-08
2.83515e-08
2.82372e-08
2.80157e-08
2.76857e-08
2.7247e-08
2.67007e-08
2.60789e-08
2.56215e-08
2.71217e-08
4.09696e-08
1.07618e-07
3.06032e-07
6.37521e-07
8.80982e-07
9.74992e-07
9.93775e-07
9.90615e-07
9.83031e-07
9.75177e-07
9.67845e-07
9.61175e-07
9.55085e-07
9.49454e-07
9.44159e-07
9.39092e-07
9.34146e-07
9.29221e-07
9.24321e-07
9.19466e-07
9.14773e-07
9.10489e-07
9.07074e-07
9.05369e-07
9.06837e-07
9.14084e-07
9.31679e-07
9.67545e-07
1.03479e-06
1.15435e-06
1.35304e-06
1.65411e-06
2.0519e-06
2.50714e-06
2.97018e-06
3.40767e-06
3.80513e-06
4.15801e-06
4.4672e-06
4.73477e-06
4.9641e-06
5.15801e-06
5.31881e-06
5.44881e-06
5.54998e-06
5.62404e-06
5.67279e-06
5.69777e-06
5.69999e-06
5.67996e-06
5.63802e-06
5.57391e-06
5.48761e-06
5.37938e-06
5.25563e-06
5.16212e-06
5.43836e-06
8.03878e-06
2.05393e-05
5.76368e-05
0.000119379
0.000164464
0.000181802
0.000185285
0.000184764
0.000183448
0.000182082
0.000180803
0.000179634
0.000178559
0.000177557
0.000176605
0.000175684
0.000174776
0.000173862
0.000172942
0.000172021
0.000171115
0.000170268
0.000169557
0.000169128
0.000169235
0.000170332
0.00017322
0.00017929
0.000190854
0.000211625
0.000246385
0.000299345
0.000369618
0.00045034
0.000532694
0.000610714
0.000681772
0.000745007
0.000800544
0.000848721
0.000890118
0.000925215
0.000954406
0.000978089
0.000996604
0.00101024
0.00101933
0.00102412
0.00102478
0.00102141
0.00101405
0.00100267
0.00098725
0.000967867
0.000945787
0.000930325
0.000990426
0.00152122
0.00403346
0.0113318
0.0227351
0.0290054
0.0296147
0.0282205
0.0267438
0.025569
0.0246667
0.0239538
0.0233713
0.0228778
0.0224463
0.0220583
0.0217009
0.0213641
0.0210395
0.0207217
0.0204054
0.0200855
0.0197568
0.0194134
0.0190487
0.0186541
0.0182187
0.0177278
0.0171625
0.0165001
0.01572
0.0148233
0.0138606
0.0129351
0.01214
0.0115085
0.0110286
0.0106691
0.0104004
0.0101981
0.010045
0.00992791
0.00983783
0.00976853
0.0097153
0.00967475
0.00964441
0.00962226
0.00960686
0.00959734
0.00959306
0.00959356
0.00959864
0.00960832
0.0096233
0.00964417
0.00967234
0.00970851
0.00975561
0.00981382
0.00988799
0.00996919
0.0100333
0.0100776
0.0101047
0.0101197
0.0101265
4.09692e-09
4.10571e-09
4.10858e-09
4.10431e-09
4.09066e-09
4.06608e-09
4.0315e-09
3.99874e-09
3.97277e-09
3.95135e-09
3.93452e-09
3.92079e-09
3.9098e-09
3.90072e-09
3.89318e-09
3.88665e-09
3.88075e-09
3.87526e-09
3.87011e-09
3.86525e-09
3.86083e-09
3.85714e-09
3.8547e-09
3.85457e-09
3.85854e-09
3.86959e-09
3.89276e-09
3.93627e-09
4.01427e-09
4.15093e-09
4.38719e-09
4.78927e-09
5.46073e-09
6.52807e-09
8.0899e-09
1.00906e-08
1.23149e-08
1.45235e-08
1.6573e-08
1.84132e-08
2.00372e-08
2.14577e-08
2.26917e-08
2.37559e-08
2.46653e-08
2.54288e-08
2.6057e-08
2.65578e-08
2.69385e-08
2.72071e-08
2.73695e-08
2.74294e-08
2.7389e-08
2.72489e-08
2.70075e-08
2.66641e-08
2.62179e-08
2.56941e-08
2.52955e-08
2.66462e-08
3.96962e-08
1.04934e-07
3.04631e-07
6.42722e-07
8.86817e-07
9.78353e-07
9.96052e-07
9.93255e-07
9.8662e-07
9.79864e-07
9.7364e-07
9.68051e-07
9.63009e-07
9.58404e-07
9.54125e-07
9.50077e-07
9.46166e-07
9.42326e-07
9.38566e-07
9.34916e-07
9.31504e-07
9.28584e-07
9.26614e-07
9.26423e-07
9.29435e-07
9.38176e-07
9.57059e-07
9.93714e-07
1.06071e-06
1.17812e-06
1.37124e-06
1.66128e-06
2.04022e-06
2.46828e-06
2.89862e-06
3.30194e-06
3.66728e-06
3.9922e-06
4.27854e-06
4.52861e-06
4.74558e-06
4.93186e-06
5.0893e-06
5.21972e-06
5.32461e-06
5.40525e-06
5.46306e-06
5.49921e-06
5.51443e-06
5.5091e-06
5.48346e-06
5.43712e-06
5.36998e-06
5.28193e-06
5.17802e-06
5.0969e-06
5.34597e-06
7.79664e-06
2.00313e-05
5.73648e-05
0.000120332
0.000165529
0.000182404
0.000185677
0.00018521
0.000184052
0.00018287
0.000181777
0.00018079
0.000179891
0.000179062
0.000178282
0.000177535
0.000176804
0.000176077
0.000175354
0.000174642
0.000173961
0.000173354
0.0001729
0.000172741
0.000173127
0.000174497
0.000177625
0.000183851
0.000195394
0.000215809
0.000249611
0.000300641
0.000367588
0.000443485
0.000520013
0.000591921
0.000657216
0.000715419
0.000766828
0.000811826
0.00085096
0.000884643
0.000913188
0.000936906
0.000956052
0.000970847
0.000981533
0.000988313
0.000991303
0.000990572
0.000986152
0.000977972
0.000966015
0.000950276
0.000931755
0.000918348
0.000972647
0.00147404
0.00394005
0.0113155
0.0230229
0.0293133
0.0298511
0.0284448
0.0269914
0.0258385
0.024947
0.0242343
0.0236446
0.0231383
0.0226901
0.0222825
0.0219033
0.0215429
0.0211939
0.0208509
0.0205088
0.020163
0.0198087
0.0194403
0.0190519
0.0186359
0.0181826
0.0176791
0.0171081
0.0164491
0.0156821
0.014807
0.0138718
0.0129814
0.012223
0.011624
0.0111701
0.0108294
0.0105728
0.0103773
0.0102268
0.0101093
0.0100165
0.00994283
0.00988417
0.00983744
0.00980044
0.00977135
0.00974886
0.00973216
0.00972068
0.00971399
0.00971189
0.00971437
0.00972204
0.00973539
0.00975574
0.00978367
0.00982204
0.00987101
0.0099361
0.0100089
0.0100652
0.0101027
0.0101243
0.010135
0.0101385
4.09984e-09
4.11035e-09
4.11533e-09
4.11373e-09
4.10344e-09
4.08287e-09
4.05286e-09
4.02508e-09
4.00421e-09
3.98768e-09
3.97553e-09
3.96633e-09
3.9598e-09
3.9552e-09
3.95218e-09
3.95031e-09
3.94928e-09
3.94892e-09
3.9492e-09
3.95012e-09
3.95186e-09
3.95477e-09
3.95937e-09
3.96675e-09
3.97866e-09
3.99801e-09
4.02964e-09
4.08142e-09
4.16685e-09
4.30894e-09
4.54664e-09
4.94295e-09
5.5962e-09
6.625e-09
8.11758e-09
1.00093e-08
1.20869e-08
1.41285e-08
1.60107e-08
1.76984e-08
1.91929e-08
2.05099e-08
2.1666e-08
2.26763e-08
2.35537e-08
2.4305e-08
2.49383e-08
2.54593e-08
2.58735e-08
2.61869e-08
2.6404e-08
2.65272e-08
2.65578e-08
2.64963e-08
2.63404e-08
2.6089e-08
2.57401e-08
2.5313e-08
2.49791e-08
2.62091e-08
3.85207e-08
1.02352e-07
3.03234e-07
6.47859e-07
8.92421e-07
9.81518e-07
9.98278e-07
9.95928e-07
9.9027e-07
9.84623e-07
9.7952e-07
9.75034e-07
9.71077e-07
9.67549e-07
9.64354e-07
9.61408e-07
9.5864e-07
9.56008e-07
9.53529e-07
9.51246e-07
9.49298e-07
9.47943e-07
9.47637e-07
9.49191e-07
9.53978e-07
9.64428e-07
9.84762e-07
1.02226e-06
1.08889e-06
1.20369e-06
1.39036e-06
1.66792e-06
2.02638e-06
2.4262e-06
2.82382e-06
3.19397e-06
3.52876e-06
3.82747e-06
4.09258e-06
4.32647e-06
4.53203e-06
4.7113e-06
4.86569e-06
4.99657e-06
5.10503e-06
5.19197e-06
5.25841e-06
5.30526e-06
5.33297e-06
5.34178e-06
5.33182e-06
5.30264e-06
5.254e-06
5.18555e-06
5.10119e-06
5.03354e-06
5.26087e-06
7.57302e-06
1.95424e-05
5.70935e-05
0.000121272
0.000166551
0.000182969
0.00018606
0.000185661
0.000184667
0.000183671
0.000182767
0.000181966
0.00018125
0.000180604
0.000180008
0.00017945
0.000178915
0.000178396
0.000177896
0.000177422
0.000176998
0.000176667
0.000176507
0.000176659
0.000177364
0.000179044
0.00018244
0.000188832
0.000200331
0.000220311
0.000252998
0.000301844
0.000365174
0.000436059
0.000506756
0.000572736
0.000632551
0.000686037
0.000733609
0.00077567
0.000812718
0.0008451
0.000873056
0.000896819
0.000916572
0.000932465
0.00094468
0.000953363
0.000958585
0.000960392
0.000958792
0.000953703
0.000945085
0.000932884
0.000917873
0.000906746
0.000956315
0.0014304
0.00384987
0.0112997
0.0233206
0.0296317
0.0301056
0.0286956
0.0272694
0.02614
0.0252603
0.024549
0.023953
0.0234351
0.0229712
0.0225451
0.0221451
0.0217622
0.0213895
0.0210219
0.0206545
0.0202828
0.0199025
0.0195084
0.0190952
0.0186558
0.0181818
0.0176617
0.0170804
0.0164193
0.0156602
0.014802
0.0138903
0.0130355
0.0123148
0.0117489
0.0113205
0.0109976
0.0107521
0.0105623
0.0104134
0.0102945
0.0101982
0.0101196
0.010055
0.0100016
0.00995759
0.00992121
0.00989132
0.00986718
0.00984827
0.00983416
0.00982467
0.00981978
0.00981998
0.00982569
0.00983811
0.0098577
0.00988721
0.00992678
0.00998251
0.0100466
0.0100951
0.010126
0.0101424
0.0101491
0.0101495
4.10235e-09
4.11448e-09
4.12146e-09
4.12241e-09
4.11538e-09
4.09881e-09
4.07346e-09
4.05077e-09
4.03505e-09
4.02346e-09
4.01604e-09
4.01147e-09
4.00951e-09
4.00952e-09
4.01123e-09
4.01427e-09
4.0184e-09
4.02353e-09
4.02965e-09
4.03683e-09
4.04531e-09
4.05545e-09
4.06785e-09
4.08358e-09
4.10439e-09
4.13308e-09
4.1743e-09
4.23551e-09
4.32948e-09
4.47789e-09
4.71745e-09
5.10752e-09
5.74049e-09
6.72651e-09
8.14293e-09
9.91833e-09
1.18457e-08
1.37219e-08
1.54433e-08
1.69874e-08
1.83619e-08
1.95835e-08
2.06683e-08
2.16297e-08
2.24781e-08
2.32185e-08
2.3857e-08
2.43973e-08
2.48432e-08
2.51991e-08
2.5468e-08
2.56513e-08
2.57498e-08
2.57632e-08
2.56891e-08
2.55259e-08
2.52706e-08
2.49379e-08
2.46734e-08
2.58115e-08
3.74564e-08
9.99186e-08
3.01889e-07
6.52874e-07
8.97737e-07
9.84473e-07
1.00045e-06
9.98617e-07
9.93953e-07
9.89415e-07
9.85436e-07
9.82064e-07
9.79216e-07
9.76804e-07
9.74746e-07
9.72976e-07
9.71441e-07
9.70123e-07
9.6905e-07
9.6828e-07
9.67962e-07
9.68359e-07
9.69924e-07
9.73442e-07
9.80231e-07
9.92603e-07
1.01456e-06
1.05297e-06
1.11913e-06
1.23092e-06
1.41032e-06
1.67408e-06
2.01062e-06
2.38148e-06
2.74672e-06
3.08499e-06
3.39101e-06
3.66537e-06
3.91092e-06
4.13e-06
4.32516e-06
4.49803e-06
4.64967e-06
4.78106e-06
4.8929e-06
4.98577e-06
5.06039e-06
5.11735e-06
5.15693e-06
5.17921e-06
5.1842e-06
5.17141e-06
5.14049e-06
5.0909e-06
5.0256e-06
4.97224e-06
5.18329e-06
7.37042e-06
1.90817e-05
5.68321e-05
0.00012219
0.000167521
0.000183497
0.000186433
0.000186116
0.000185288
0.000184479
0.000183765
0.000183152
0.000182624
0.000182168
0.000181766
0.000181409
0.000181087
0.000180795
0.00018054
0.00018033
0.000180192
0.000180169
0.000180341
0.000180843
0.000181905
0.000183933
0.000187627
0.000194196
0.000205634
0.000225107
0.000256536
0.00030296
0.000362421
0.000428164
0.000493092
0.000553375
0.000608032
0.000657137
0.000701176
0.000740548
0.000775691
0.000806887
0.000834312
0.000858128
0.000878454
0.000895383
0.00090904
0.000919523
0.000926864
0.000931083
0.00093217
0.000930032
0.000924608
0.000915808
0.000904224
0.000895556
0.000941481
0.00139085
0.00376479
0.011286
0.0236271
0.0299606
0.0303801
0.0289752
0.0275802
0.026476
0.0256092
0.0249006
0.0242997
0.0237715
0.0232934
0.0228501
0.0224305
0.0220263
0.021631
0.0212397
0.0208477
0.0204507
0.0200446
0.0196247
0.0191858
0.0187217
0.0182248
0.0176847
0.0170885
0.0164197
0.0156622
0.0148144
0.013918
0.0130982
0.0124156
0.0118826
0.0114788
0.0111724
0.0109366
0.0107512
0.0106028
0.0104817
0.0103812
0.0102971
0.0102261
0.0101657
0.0101143
0.0100704
0.0100329
0.0100011
0.00997461
0.00995296
0.009936
0.00992364
0.00991632
0.00991436
0.00991884
0.00993011
0.00995075
0.00998086
0.010027
0.0100822
0.010123
0.0101475
0.010159
0.0101619
0.0101596
4.10443e-09
4.1181e-09
4.12697e-09
4.13033e-09
4.12646e-09
4.11383e-09
4.09322e-09
4.07567e-09
4.06508e-09
4.0584e-09
4.0557e-09
4.05577e-09
4.05844e-09
4.06316e-09
4.06971e-09
4.07783e-09
4.08735e-09
4.09822e-09
4.11051e-09
4.12435e-09
4.14002e-09
4.15795e-09
4.17877e-09
4.20359e-09
4.23414e-09
4.27313e-09
4.32499e-09
4.39675e-09
4.50038e-09
4.65611e-09
4.89814e-09
5.28179e-09
5.89279e-09
6.83219e-09
8.166e-09
9.81874e-09
1.1594e-08
1.33085e-08
1.48774e-08
1.6288e-08
1.75522e-08
1.86871e-08
1.97076e-08
2.06247e-08
2.14471e-08
2.2178e-08
2.28216e-08
2.338e-08
2.38556e-08
2.42512e-08
2.45688e-08
2.48087e-08
2.49712e-08
2.50554e-08
2.50587e-08
2.49791e-08
2.4813e-08
2.45716e-08
2.43798e-08
2.54563e-08
3.65237e-08
9.77073e-08
3.00671e-07
6.57674e-07
9.02673e-07
9.87189e-07
1.00255e-06
1.0013e-06
9.97637e-07
9.94196e-07
9.91331e-07
9.89073e-07
9.87344e-07
9.86071e-07
9.85189e-07
9.8465e-07
9.84419e-07
9.84502e-07
9.84939e-07
9.85805e-07
9.87261e-07
9.89576e-07
9.93198e-07
9.98885e-07
1.00789e-06
1.0224e-06
1.04616e-06
1.0856e-06
1.15124e-06
1.25968e-06
1.43106e-06
1.67976e-06
1.99314e-06
2.33465e-06
2.66824e-06
2.97627e-06
3.25552e-06
3.50752e-06
3.73527e-06
3.94093e-06
4.12667e-06
4.29377e-06
4.44296e-06
4.57486e-06
4.68986e-06
4.78827e-06
4.87051e-06
4.93696e-06
4.98768e-06
5.02264e-06
5.04175e-06
5.04445e-06
5.03032e-06
4.99868e-06
4.95177e-06
4.91333e-06
5.11374e-06
7.19268e-06
1.86627e-05
5.65947e-05
0.000123067
0.00016842
0.00018398
0.000186793
0.00018657
0.00018591
0.000185287
0.000184761
0.000184337
0.000183999
0.000183737
0.000183537
0.000183392
0.000183294
0.000183246
0.000183253
0.00018333
0.000183503
0.000183818
0.000184354
0.000185241
0.0001867
0.000189112
0.000193136
0.000199901
0.000211267
0.000230172
0.00026021
0.000303993
0.000359363
0.000419896
0.000479188
0.000534065
0.000583923
0.000629007
0.000669831
0.000706766
0.000740186
0.000770311
0.000797258
0.00082113
0.000841991
0.000859886
0.000874888
0.000887053
0.000896383
0.000902871
0.000906492
0.00090714
0.000904741
0.000899178
0.000890904
0.000884833
0.000928256
0.00135618
0.00368755
0.0112769
0.0239405
0.0302998
0.0306769
0.0292865
0.0279266
0.0268494
0.0259969
0.0252922
0.024688
0.024151
0.0236602
0.0232012
0.0227637
0.0223396
0.0219232
0.0215095
0.0210939
0.0206727
0.0202416
0.0197962
0.0193317
0.0188422
0.0183209
0.0177584
0.0171434
0.0164615
0.0156989
0.0148527
0.0139579
0.0131706
0.0125255
0.0120244
0.0116437
0.0113521
0.0111244
0.0109421
0.0107931
0.0106688
0.0105635
0.0104733
0.0103955
0.0103278
0.0102688
0.0102172
0.010172
0.0101326
0.0100984
0.0100692
0.0100448
0.010025
0.0100102
0.0100006
0.00999727
0.0100003
0.0100122
0.010033
0.0100695
0.0101156
0.0101488
0.0101672
0.0101741
0.0101736
0.0101686
4.10611e-09
4.12121e-09
4.13184e-09
4.13749e-09
4.13664e-09
4.12788e-09
4.11202e-09
4.09961e-09
4.09404e-09
4.09218e-09
4.09413e-09
4.09879e-09
4.10606e-09
4.1155e-09
4.12695e-09
4.14023e-09
4.15526e-09
4.17204e-09
4.19071e-09
4.21147e-09
4.23467e-09
4.26079e-09
4.29053e-09
4.32503e-09
4.366e-09
4.41609e-09
4.4795e-09
4.56282e-09
4.67718e-09
4.84122e-09
5.08646e-09
5.46377e-09
6.05153e-09
6.94111e-09
8.18688e-09
9.71225e-09
1.13357e-08
1.28946e-08
1.43206e-08
1.56085e-08
1.67728e-08
1.78299e-08
1.87926e-08
1.96703e-08
2.04696e-08
2.11921e-08
2.18406e-08
2.24158e-08
2.29188e-08
2.33511e-08
2.37138e-08
2.40063e-08
2.42283e-08
2.43786e-08
2.44544e-08
2.44532e-08
2.43712e-08
2.42168e-08
2.41004e-08
2.51479e-08
3.57519e-08
9.58192e-08
2.99687e-07
6.62132e-07
9.07104e-07
9.89627e-07
1.00456e-06
1.00396e-06
1.00128e-06
9.98917e-07
9.97143e-07
9.95983e-07
9.95369e-07
9.95243e-07
9.95557e-07
9.9628e-07
9.97402e-07
9.98947e-07
1.00097e-06
1.00357e-06
1.00691e-06
1.01128e-06
1.01711e-06
1.02515e-06
1.03656e-06
1.05341e-06
1.07915e-06
1.11973e-06
1.18485e-06
1.28967e-06
1.45239e-06
1.68497e-06
1.97428e-06
2.28649e-06
2.58959e-06
2.8693e-06
3.12395e-06
3.35568e-06
3.56739e-06
3.76102e-06
3.93833e-06
4.10026e-06
4.24726e-06
4.37964e-06
4.49756e-06
4.60105e-06
4.69033e-06
4.76554e-06
4.82661e-06
4.87337e-06
4.90563e-06
4.92281e-06
4.92442e-06
4.90968e-06
4.88032e-06
4.85721e-06
5.0531e-06
7.04525e-06
1.83045e-05
5.64012e-05
0.000123881
0.000169226
0.000184413
0.000187138
0.00018702
0.000186527
0.000186085
0.000185745
0.000185507
0.00018536
0.000185293
0.000185299
0.000185371
0.000185508
0.000185714
0.000185998
0.000186377
0.000186882
0.000187559
0.000188485
0.000189789
0.000191678
0.000194509
0.000198894
0.000205876
0.000217168
0.000235458
0.000263991
0.000304944
0.000356058
0.000411393
0.000465254
0.000515072
0.000560523
0.000601961
0.000639888
0.000674637
0.000706514
0.000735678
0.000762198
0.000786125
0.000807477
0.000826258
0.000842498
0.000856217
0.000867389
0.000875987
0.000881966
0.000885217
0.000885651
0.000883132
0.000878019
0.000874653
0.000916821
0.00132755
0.00362203
0.0112761
0.0242587
0.0306486
0.0309988
0.0296331
0.0283121
0.0272635
0.0264266
0.0257274
0.0251213
0.0245772
0.0240755
0.0236026
0.0231489
0.0227068
0.0222709
0.0218364
0.021399
0.0209548
0.0205001
0.0200303
0.019541
0.0190265
0.0184805
0.0178942
0.0172577
0.0165583
0.015784
0.0149289
0.0140127
0.0132535
0.0126442
0.0121731
0.0118134
0.0115346
0.0113132
0.0111324
0.0109818
0.0108535
0.0107428
0.0106462
0.0105612
0.0104861
0.0104194
0.0103601
0.0103072
0.0102601
0.0102184
0.0101817
0.0101499
0.0101228
0.0101007
0.0100837
0.0100727
0.0100678
0.0100712
0.0100828
0.0101098
0.0101468
0.0101725
0.0101852
0.0101877
0.010184
0.0101767
4.10737e-09
4.12383e-09
4.1361e-09
4.14388e-09
4.1459e-09
4.14089e-09
4.12975e-09
4.12239e-09
4.12167e-09
4.12447e-09
4.1309e-09
4.14003e-09
4.15182e-09
4.16591e-09
4.18223e-09
4.20066e-09
4.2212e-09
4.24395e-09
4.2691e-09
4.29691e-09
4.32781e-09
4.36236e-09
4.40132e-09
4.44589e-09
4.49777e-09
4.55953e-09
4.63518e-09
4.73087e-09
4.85683e-09
5.03009e-09
5.27926e-09
5.65047e-09
6.21419e-09
7.05161e-09
8.20568e-09
9.60159e-09
1.10763e-08
1.24875e-08
1.37815e-08
1.49583e-08
1.60332e-08
1.70209e-08
1.79326e-08
1.87755e-08
1.95542e-08
2.02694e-08
2.09223e-08
2.15128e-08
2.20406e-08
2.25064e-08
2.29102e-08
2.3251e-08
2.35277e-08
2.37389e-08
2.38815e-08
2.39529e-08
2.39491e-08
2.3877e-08
2.38379e-08
2.48931e-08
3.51798e-08
9.43921e-08
2.99086e-07
6.66074e-07
9.10857e-07
9.91731e-07
1.00647e-06
1.00656e-06
1.00485e-06
1.00352e-06
1.0028e-06
1.00271e-06
1.00319e-06
1.0042e-06
1.00571e-06
1.0077e-06
1.0102e-06
1.01324e-06
1.01689e-06
1.02128e-06
1.02659e-06
1.0331e-06
1.04126e-06
1.05177e-06
1.06575e-06
1.08509e-06
1.11298e-06
1.15482e-06
1.21942e-06
1.32043e-06
1.47402e-06
1.68974e-06
1.95454e-06
2.23803e-06
2.51221e-06
2.76576e-06
2.99813e-06
3.21169e-06
3.40912e-06
3.59205e-06
3.76187e-06
3.91921e-06
4.06425e-06
4.19708e-06
4.31761e-06
4.42571e-06
4.52138e-06
4.60458e-06
4.6751e-06
4.73268e-06
4.77706e-06
4.80759e-06
4.82374e-06
4.8247e-06
4.81188e-06
4.80442e-06
5.00266e-06
6.93544e-06
1.80327e-05
5.62792e-05
0.0001246
0.000169908
0.000184785
0.000187465
0.000187461
0.000187132
0.000186866
0.000186704
0.000186648
0.000186688
0.000186816
0.000187027
0.000187319
0.000187694
0.00018816
0.00018873
0.000189423
0.000190272
0.000191327
0.000192664
0.000194407
0.000196752
0.000200031
0.000204804
0.000212022
0.000223242
0.000240882
0.000267825
0.000305818
0.000352601
0.000402838
0.00045155
0.000496696
0.000538153
0.000576324
0.000611672
0.000644479
0.000674984
0.000703293
0.000729431
0.000753406
0.000775199
0.000794779
0.000812142
0.000827275
0.00084013
0.000850661
0.000858809
0.000864458
0.000867509
0.00086782
0.000865689
0.000865118
0.000907442
0.00130648
0.00357352
0.0112886
0.0245781
0.0310057
0.0313488
0.0300189
0.0287403
0.0277218
0.0269018
0.0262096
0.0256033
0.0250539
0.0245432
0.0240584
0.0235904
0.0231323
0.0226789
0.0222256
0.0217682
0.0213031
0.0208266
0.0203342
0.0198219
0.0192838
0.018714
0.0181042
0.0174454
0.016726
0.0159346
0.0150595
0.0140854
0.0133475
0.0127705
0.0123268
0.0119855
0.0117171
0.0115002
0.0113196
0.0111662
0.0110333
0.0109167
0.0108133
0.0107211
0.0106385
0.0105642
0.0104972
0.0104367
0.0103822
0.0103331
0.0102892
0.0102503
0.0102161
0.0101869
0.0101628
0.0101445
0.010132
0.0101272
0.0101301
0.0101476
0.0101756
0.0101942
0.0102013
0.0101999
0.0101933
0.0101839
4.10825e-09
4.12595e-09
4.13974e-09
4.1495e-09
4.15422e-09
4.15282e-09
4.1463e-09
4.14382e-09
4.14769e-09
4.1549e-09
4.1656e-09
4.17901e-09
4.19514e-09
4.21373e-09
4.23478e-09
4.25825e-09
4.28423e-09
4.31287e-09
4.34443e-09
4.37927e-09
4.41788e-09
4.46091e-09
4.5092e-09
4.56398e-09
4.62699e-09
4.70074e-09
4.78903e-09
4.8976e-09
5.03578e-09
5.21894e-09
5.47269e-09
5.83814e-09
6.37748e-09
7.16157e-09
8.22251e-09
9.48996e-09
1.08218e-08
1.20952e-08
1.32692e-08
1.43466e-08
1.53424e-08
1.62693e-08
1.71362e-08
1.79484e-08
1.8709e-08
1.94178e-08
2.00747e-08
2.06786e-08
2.12287e-08
2.17245e-08
2.21653e-08
2.25495e-08
2.28758e-08
2.31422e-08
2.33457e-08
2.34833e-08
2.35511e-08
2.35557e-08
2.35958e-08
2.46998e-08
3.48474e-08
9.35614e-08
2.99008e-07
6.69337e-07
9.13768e-07
9.93444e-07
1.00824e-06
1.00906e-06
1.0083e-06
1.00795e-06
1.00823e-06
1.00916e-06
1.0107e-06
1.01281e-06
1.01549e-06
1.01874e-06
1.0226e-06
1.02713e-06
1.03243e-06
1.03863e-06
1.04593e-06
1.05463e-06
1.06517e-06
1.07823e-06
1.09486e-06
1.11681e-06
1.14695e-06
1.19015e-06
1.25427e-06
1.35136e-06
1.49554e-06
1.6941e-06
1.93454e-06
2.19044e-06
2.43766e-06
2.66742e-06
2.87985e-06
3.07733e-06
3.26218e-06
3.43571e-06
3.59894e-06
3.75221e-06
3.8955e-06
4.02869e-06
4.15153e-06
4.26372e-06
4.36508e-06
4.45545e-06
4.53449e-06
4.60186e-06
4.65721e-06
4.69988e-06
4.72929e-06
4.74464e-06
4.74723e-06
4.75567e-06
4.96391e-06
6.87072e-06
1.78727e-05
5.62553e-05
0.000125193
0.000170435
0.000185087
0.000187767
0.000187887
0.000187717
0.000187617
0.000187626
0.000187745
0.000187965
0.000188283
0.000188696
0.000189205
0.000189818
0.000190544
0.0001914
0.00019241
0.00019361
0.000195051
0.000196809
0.000199004
0.000201822
0.000205566
0.000210746
0.000218218
0.000229369
0.000246338
0.000271641
0.000306617
0.000349098
0.000394438
0.00043835
0.000479247
0.000517133
0.000552412
0.000585489
0.000616589
0.000645886
0.000673437
0.000699232
0.000723245
0.000745424
0.000765713
0.000784077
0.000800476
0.000814845
0.000827122
0.000837234
0.000845061
0.000850495
0.000853397
0.00085405
0.000856355
0.00090043
0.00129454
0.00354723
0.0113191
0.0248915
0.0313662
0.0317267
0.0304451
0.0292127
0.0282263
0.0274247
0.0267413
0.0261368
0.0255842
0.0250666
0.0245721
0.0240922
0.0236204
0.0231517
0.0226819
0.0222069
0.0217232
0.0212273
0.0207149
0.0201818
0.0196226
0.0190315
0.0184004
0.0177209
0.0169817
0.0161709
0.0152659
0.0141775
0.0134524
0.0129031
0.0124831
0.012157
0.0118967
0.0116823
0.0115006
0.0113436
0.0112055
0.0110826
0.0109724
0.010873
0.010783
0.0107012
0.0106269
0.010559
0.0104973
0.0104412
0.0103904
0.0103446
0.0103037
0.0102679
0.010237
0.0102118
0.0101921
0.0101797
0.0101743
0.0101828
0.0102021
0.0102137
0.0102157
0.0102107
0.0102015
0.0101902
4.10876e-09
4.12761e-09
4.14277e-09
4.15435e-09
4.16159e-09
4.16361e-09
4.16153e-09
4.16367e-09
4.17179e-09
4.1831e-09
4.19778e-09
4.2152e-09
4.23543e-09
4.25829e-09
4.28385e-09
4.31216e-09
4.34335e-09
4.37768e-09
4.41546e-09
4.45714e-09
4.5033e-09
4.55464e-09
4.61211e-09
4.677e-09
4.75107e-09
4.8368e-09
4.93779e-09
5.05939e-09
5.21006e-09
5.4035e-09
5.66225e-09
6.02229e-09
6.53739e-09
7.26827e-09
8.23753e-09
9.38118e-09
1.05787e-08
1.1726e-08
1.27925e-08
1.37824e-08
1.47091e-08
1.5583e-08
1.6411e-08
1.71966e-08
1.79415e-08
1.86444e-08
1.93047e-08
1.99203e-08
2.04898e-08
2.10119e-08
2.14854e-08
2.19082e-08
2.22785e-08
2.25942e-08
2.28521e-08
2.30491e-08
2.31816e-08
2.3257e-08
2.33783e-08
2.45785e-08
3.48013e-08
9.34818e-08
2.99615e-07
6.71739e-07
9.15651e-07
9.94699e-07
1.00984e-06
1.01144e-06
1.01156e-06
1.01213e-06
1.01335e-06
1.01524e-06
1.01777e-06
1.02094e-06
1.02474e-06
1.02921e-06
1.03439e-06
1.04038e-06
1.04729e-06
1.05526e-06
1.06453e-06
1.07541e-06
1.08833e-06
1.10395e-06
1.12326e-06
1.14784e-06
1.18029e-06
1.2249e-06
1.28856e-06
1.38171e-06
1.51643e-06
1.69805e-06
1.91502e-06
2.14499e-06
2.36752e-06
2.57597e-06
2.77083e-06
2.95425e-06
3.12816e-06
3.29351e-06
3.45098e-06
3.60068e-06
3.7424e-06
3.87586e-06
4.00068e-06
4.11642e-06
4.22278e-06
4.31946e-06
4.40605e-06
4.48211e-06
4.54724e-06
4.60076e-06
4.64206e-06
4.67038e-06
4.68715e-06
4.71178e-06
4.93887e-06
6.85984e-06
1.78534e-05
5.63594e-05
0.000125627
0.000170772
0.000185305
0.000188041
0.000188292
0.000188272
0.000188329
0.000188498
0.00018878
0.000189171
0.00018967
0.000190277
0.000190997
0.00019184
0.000192821
0.000193959
0.000195281
0.000196828
0.000198652
0.00020083
0.00020348
0.000206773
0.00021099
0.000216585
0.000224317
0.000235403
0.000251695
0.00027535
0.000307348
0.000345679
0.00038642
0.000425938
0.00046303
0.000497767
0.000530519
0.000561619
0.000591233
0.000619476
0.000646361
0.00067185
0.000695886
0.000718395
0.000739298
0.000758537
0.000776052
0.000791759
0.000805585
0.000817446
0.000827217
0.000834788
0.000840027
0.000843247
0.000848526
0.000896192
0.00129355
0.00354917
0.0113727
0.0251277
0.0316549
0.0320576
0.0308344
0.0296497
0.0286953
0.0279126
0.0272389
0.0266374
0.0260832
0.0255603
0.025058
0.0245682
0.0240848
0.0236033
0.0231193
0.0226292
0.0221296
0.021617
0.0210874
0.0205367
0.0199597
0.0193508
0.018702
0.0180054
0.0172494
0.0164197
0.0154802
0.0142884
0.0135671
0.0130396
0.0126388
0.0123247
0.0120698
0.0118562
0.0116723
0.0115109
0.0113673
0.0112381
0.0111211
0.0110147
0.0109175
0.0108287
0.0107473
0.0106725
0.010604
0.0105413
0.010484
0.0104319
0.0103848
0.0103426
0.0103056
0.0102739
0.0102477
0.0102282
0.0102152
0.0102152
0.010226
0.0102311
0.0102285
0.0102201
0.0102087
0.0101957
4.10892e-09
4.12881e-09
4.14522e-09
4.15845e-09
4.16799e-09
4.17322e-09
4.17533e-09
4.18172e-09
4.19369e-09
4.20873e-09
4.22705e-09
4.24816e-09
4.27216e-09
4.29898e-09
4.32874e-09
4.36156e-09
4.39766e-09
4.43734e-09
4.48101e-09
4.52918e-09
4.58251e-09
4.6418e-09
4.70807e-09
4.7827e-09
4.86746e-09
4.96481e-09
5.07821e-09
5.21259e-09
5.37563e-09
5.57936e-09
5.84332e-09
6.19834e-09
6.6899e-09
7.36912e-09
8.25085e-09
9.27861e-09
1.03529e-08
1.1387e-08
1.23588e-08
1.32726e-08
1.41399e-08
1.49684e-08
1.57631e-08
1.65258e-08
1.7257e-08
1.79548e-08
1.86177e-08
1.92433e-08
1.98293e-08
2.03742e-08
2.0876e-08
2.13323e-08
2.17412e-08
2.21e-08
2.24057e-08
2.26551e-08
2.2845e-08
2.29849e-08
2.31903e-08
2.45399e-08
3.50777e-08
9.42502e-08
3.00991e-07
6.73189e-07
9.16399e-07
9.95445e-07
1.01124e-06
1.01363e-06
1.01459e-06
1.016e-06
1.01808e-06
1.02086e-06
1.02431e-06
1.02845e-06
1.03331e-06
1.03892e-06
1.04536e-06
1.05274e-06
1.06118e-06
1.07086e-06
1.08203e-06
1.09501e-06
1.11023e-06
1.12835e-06
1.15028e-06
1.17746e-06
1.2122e-06
1.25822e-06
1.32144e-06
1.41071e-06
1.53622e-06
1.70162e-06
1.89661e-06
2.10279e-06
2.30316e-06
2.49285e-06
2.67244e-06
2.84376e-06
3.00827e-06
3.1666e-06
3.3191e-06
3.46569e-06
3.60601e-06
3.73965e-06
3.86611e-06
3.98489e-06
4.09554e-06
4.19768e-06
4.29081e-06
4.37446e-06
4.44814e-06
4.51119e-06
4.56295e-06
4.60278e-06
4.63247e-06
4.67372e-06
4.92955e-06
6.90956e-06
1.79929e-05
5.66074e-05
0.000125884
0.000170901
0.000185431
0.000188279
0.000188667
0.000188789
0.000188989
0.000189304
0.000189738
0.000190288
0.000190956
0.000191745
0.000192664
0.000193726
0.000194948
0.000196355
0.000197978
0.000199858
0.000202053
0.00020464
0.000207731
0.00021149
0.000216171
0.000222178
0.000230169
0.000241193
0.000256818
0.000278864
0.000308012
0.000342458
0.000378979
0.000414554
0.000448296
0.000480299
0.000510875
0.000540277
0.000568615
0.000595947
0.000622252
0.000647467
0.000671513
0.000694296
0.000715722
0.000735712
0.000754189
0.000771059
0.000786234
0.000799623
0.0008111
0.000820551
0.000827863
0.00083343
0.000841812
0.000895144
0.00130494
0.00358316
0.011453
0.0253036
0.0318857
0.0323549
0.031198
0.0300604
0.0291364
0.0283717
0.0277076
0.0271098
0.0265549
0.0260282
0.0255197
0.0250217
0.0245286
0.0240361
0.0235401
0.0230371
0.0225239
0.0219971
0.0214529
0.0208873
0.0202954
0.0196717
0.0190085
0.0182977
0.0175272
0.0166786
0.0157012
0.0144165
0.0136899
0.0131772
0.0127907
0.0124849
0.0122331
0.0120188
0.0118317
0.0116655
0.0115162
0.0113807
0.0112572
0.0111441
0.0110403
0.0109448
0.0108569
0.0107758
0.0107011
0.0106323
0.010569
0.0105111
0.0104582
0.0104104
0.0103677
0.0103302
0.010298
0.0102722
0.0102525
0.0102446
0.0102474
0.0102465
0.0102395
0.0102283
0.0102148
0.0102004
0.0101281
0.0101275
0.0101259
0.0101235
0.0101204
0.0101168
0.0101127
0.0101084
0.0101037
0.0100988
0.0100937
0.0100884
0.010083
0.0100775
0.0100718
0.0100661
0.0100603
0.0100544
0.0100485
0.0100425
0.0100365
0.0100305
0.0100246
0.0100186
0.0100127
0.0100068
0.010001
0.00999535
0.00998982
0.00998447
0.00997933
0.00997445
0.00996987
0.00996565
0.00996184
0.0099585
0.00995569
0.00995349
0.00995195
0.00995115
0.010138
0.0101362
0.0101336
0.0101302
0.0101263
0.010122
0.0101174
0.0101125
0.0101073
0.010102
0.0100965
0.0100909
0.0100852
0.0100794
0.0100735
0.0100676
0.0100616
0.0100556
0.0100495
0.0100434
0.0100373
0.0100312
0.0100251
0.010019
0.010013
0.0100071
0.0100013
0.00999556
0.00998999
0.00998461
0.00997945
0.00997455
0.00996997
0.00996574
0.00996194
0.00995861
0.00995581
0.00995363
0.0099521
0.00995131
0.0101471
0.0101442
0.0101405
0.0101363
0.0101317
0.0101268
0.0101216
0.0101162
0.0101106
0.0101049
0.0100991
0.0100932
0.0100872
0.0100812
0.0100751
0.010069
0.0100628
0.0100566
0.0100504
0.0100442
0.0100379
0.0100317
0.0100256
0.0100194
0.0100134
0.0100074
0.0100015
0.00999573
0.00999013
0.00998472
0.00997954
0.00997463
0.00997004
0.00996581
0.00996201
0.00995869
0.00995592
0.00995374
0.00995223
0.00995144
0.0101554
0.0101514
0.0101469
0.0101419
0.0101366
0.0101311
0.0101254
0.0101195
0.0101136
0.0101075
0.0101014
0.0100952
0.010089
0.0100827
0.0100765
0.0100701
0.0100638
0.0100575
0.0100511
0.0100448
0.0100385
0.0100322
0.0100259
0.0100197
0.0100136
0.0100076
0.0100016
0.00999584
0.00999021
0.00998478
0.00997959
0.00997467
0.00997008
0.00996586
0.00996207
0.00995876
0.009956
0.00995384
0.00995235
0.00995157
0.0101629
0.0101579
0.0101526
0.0101469
0.010141
0.010135
0.0101288
0.0101225
0.0101162
0.0101098
0.0101034
0.010097
0.0100906
0.0100841
0.0100776
0.0100712
0.0100647
0.0100582
0.0100518
0.0100454
0.0100389
0.0100326
0.0100262
0.01002
0.0100138
0.0100077
0.0100017
0.00999592
0.00999026
0.00998482
0.00997961
0.00997469
0.0099701
0.00996589
0.00996211
0.00995881
0.00995607
0.00995393
0.00995244
0.00995168
0.0101695
0.0101638
0.0101577
0.0101514
0.0101449
0.0101384
0.0101318
0.0101252
0.0101185
0.0101119
0.0101052
0.0100986
0.0100919
0.0100853
0.0100787
0.0100721
0.0100655
0.0100589
0.0100523
0.0100458
0.0100393
0.0100329
0.0100265
0.0100202
0.0100139
0.0100078
0.0100018
0.00999595
0.00999028
0.00998482
0.00997961
0.00997469
0.0099701
0.0099659
0.00996213
0.00995885
0.00995612
0.009954
0.00995253
0.00995177
0.0101755
0.0101689
0.0101622
0.0101553
0.0101484
0.0101414
0.0101344
0.0101275
0.0101205
0.0101136
0.0101068
0.0100999
0.0100931
0.0100863
0.0100795
0.0100728
0.0100661
0.0100594
0.0100528
0.0100462
0.0100396
0.0100331
0.0100267
0.0100203
0.010014
0.0100079
0.0100018
0.00999595
0.00999027
0.0099848
0.00997958
0.00997466
0.00997008
0.00996589
0.00996213
0.00995887
0.00995616
0.00995405
0.0099526
0.00995185
0.0101806
0.0101734
0.0101661
0.0101587
0.0101514
0.010144
0.0101367
0.0101295
0.0101223
0.0101152
0.0101081
0.0101011
0.0100941
0.0100872
0.0100803
0.0100734
0.0100666
0.0100598
0.0100531
0.0100464
0.0100398
0.0100333
0.0100268
0.0100204
0.0100141
0.0100079
0.0100018
0.00999592
0.00999022
0.00998475
0.00997954
0.00997462
0.00997005
0.00996587
0.00996213
0.00995889
0.00995619
0.0099541
0.00995266
0.00995193
0.0101851
0.0101773
0.0101695
0.0101617
0.0101539
0.0101463
0.0101387
0.0101312
0.0101238
0.0101164
0.0101092
0.010102
0.0100949
0.0100879
0.0100809
0.0100739
0.010067
0.0100602
0.0100534
0.0100466
0.01004
0.0100334
0.0100268
0.0100204
0.010014
0.0100078
0.0100018
0.00999587
0.00999016
0.00998469
0.00997947
0.00997456
0.00997
0.00996583
0.00996211
0.00995889
0.00995621
0.00995414
0.00995272
0.00995199
0.0101889
0.0101806
0.0101723
0.0101641
0.0101561
0.0101481
0.0101403
0.0101326
0.010125
0.0101175
0.0101101
0.0101028
0.0100956
0.0100884
0.0100813
0.0100743
0.0100673
0.0100604
0.0100536
0.0100468
0.0100401
0.0100334
0.0100268
0.0100204
0.010014
0.0100078
0.0100017
0.00999579
0.00999008
0.0099846
0.0099794
0.00997449
0.00996994
0.00996579
0.00996209
0.00995888
0.00995622
0.00995417
0.00995276
0.00995204
1.11051e-11
3.80582e-11
7.09445e-11
1.10691e-10
1.58173e-10
2.14249e-10
2.79766e-10
3.55539e-10
4.42311e-10
5.40708e-10
6.5119e-10
7.73992e-10
9.0908e-10
1.0561e-09
1.21435e-09
1.38275e-09
1.55983e-09
1.74376e-09
1.93241e-09
2.12338e-09
2.31408e-09
2.50189e-09
2.68424e-09
2.85872e-09
3.02322e-09
3.17602e-09
3.31582e-09
3.44185e-09
3.5538e-09
3.65183e-09
3.73653e-09
3.80879e-09
3.86976e-09
3.92074e-09
3.96307e-09
3.9981e-09
4.0271e-09
4.05122e-09
4.07147e-09
4.08868e-09
1.12895e-11
3.86935e-11
7.21156e-11
1.12441e-10
1.60507e-10
2.17142e-10
2.83173e-10
3.59392e-10
4.46522e-10
5.45167e-10
6.55762e-10
7.78524e-10
9.134e-10
1.06003e-09
1.21769e-09
1.38532e-09
1.56147e-09
1.74434e-09
1.93182e-09
2.12156e-09
2.31103e-09
2.49767e-09
2.67894e-09
2.85251e-09
3.01629e-09
3.16858e-09
3.30812e-09
3.4341e-09
3.54622e-09
3.64461e-09
3.72981e-09
3.80267e-09
3.86432e-09
3.91599e-09
3.95902e-09
3.99472e-09
4.02435e-09
4.04906e-09
4.06985e-09
4.08756e-09
1.14852e-11
3.93607e-11
7.33266e-11
1.14222e-10
1.62847e-10
2.20009e-10
2.86516e-10
3.63145e-10
4.50601e-10
5.49466e-10
6.60157e-10
7.82871e-10
9.1754e-10
1.06379e-09
1.2209e-09
1.38781e-09
1.56308e-09
1.74495e-09
1.93132e-09
2.11991e-09
2.30822e-09
2.49375e-09
2.67401e-09
2.8467e-09
3.00979e-09
3.16159e-09
3.30085e-09
3.42677e-09
3.53903e-09
3.63772e-09
3.72337e-09
3.79679e-09
3.85904e-09
3.91136e-09
3.95503e-09
3.99136e-09
4.02157e-09
4.04682e-09
4.0681e-09
4.08627e-09
1.1693e-11
4.0058e-11
7.45663e-11
1.16009e-10
1.65157e-10
2.22802e-10
2.89741e-10
3.66738e-10
4.54482e-10
5.5354e-10
6.64309e-10
7.8697e-10
9.2144e-10
1.06733e-09
1.22394e-09
1.39018e-09
1.56464e-09
1.74557e-09
1.93093e-09
2.11845e-09
2.30569e-09
2.49018e-09
2.6695e-09
2.84137e-09
3.0038e-09
3.15513e-09
3.29412e-09
3.41996e-09
3.53231e-09
3.63127e-09
3.71731e-09
3.79122e-09
3.85403e-09
3.90693e-09
3.95119e-09
3.98808e-09
4.01883e-09
4.04456e-09
4.06629e-09
4.08486e-09
1.19127e-11
4.07805e-11
7.58165e-11
1.17769e-10
1.67389e-10
2.25464e-10
2.92783e-10
3.70102e-10
4.58096e-10
5.57317e-10
6.68147e-10
7.9075e-10
9.25034e-10
1.0706e-09
1.22674e-09
1.39237e-09
1.5661e-09
1.74619e-09
1.93063e-09
2.11718e-09
2.30345e-09
2.487e-09
2.66546e-09
2.83658e-09
2.99841e-09
3.14929e-09
3.28801e-09
3.41376e-09
3.52619e-09
3.62537e-09
3.71174e-09
3.78608e-09
3.84937e-09
3.90279e-09
3.94757e-09
3.98496e-09
4.01618e-09
4.04235e-09
4.06447e-09
4.08339e-09
1.2143e-11
4.15172e-11
7.70486e-11
1.19456e-10
1.69486e-10
2.27927e-10
2.95569e-10
3.73158e-10
4.6136e-10
5.60714e-10
6.71588e-10
7.94135e-10
9.28249e-10
1.07353e-09
1.22925e-09
1.39435e-09
1.56743e-09
1.74679e-09
1.93042e-09
2.11612e-09
2.30153e-09
2.48425e-09
2.66194e-09
2.8324e-09
2.99368e-09
3.14416e-09
3.28263e-09
3.40828e-09
3.52076e-09
3.62012e-09
3.70677e-09
3.78147e-09
3.84518e-09
3.89904e-09
3.94427e-09
3.9821e-09
4.01373e-09
4.04027e-09
4.06272e-09
4.08195e-09
1.2379e-11
4.22478e-11
7.82194e-11
1.21008e-10
1.71373e-10
2.30111e-10
2.98011e-10
3.75817e-10
4.64185e-10
5.63643e-10
6.74547e-10
7.9704e-10
9.31006e-10
1.07604e-09
1.23141e-09
1.39606e-09
1.5686e-09
1.74733e-09
1.93028e-09
2.11526e-09
2.29995e-09
2.48197e-09
2.65901e-09
2.8289e-09
2.98971e-09
3.13985e-09
3.27809e-09
3.40365e-09
3.51615e-09
3.61564e-09
3.70253e-09
3.77752e-09
3.84157e-09
3.89579e-09
3.94139e-09
3.97958e-09
4.01155e-09
4.0384e-09
4.06113e-09
4.0806e-09
1.26104e-11
4.29359e-11
7.92663e-11
1.22346e-10
1.72961e-10
2.31921e-10
3.00015e-10
3.77983e-10
4.66473e-10
5.66005e-10
6.76928e-10
7.99374e-10
9.3322e-10
1.07805e-09
1.23315e-09
1.39744e-09
1.56955e-09
1.74779e-09
1.93021e-09
2.11462e-09
2.29873e-09
2.4802e-09
2.65672e-09
2.82616e-09
2.98659e-09
3.13644e-09
3.2745e-09
3.39997e-09
3.51249e-09
3.61208e-09
3.69913e-09
3.77435e-09
3.83866e-09
3.89316e-09
3.93905e-09
3.97752e-09
4.00975e-09
4.03684e-09
4.05978e-09
4.07944e-09
1.28162e-11
4.35194e-11
8.00997e-11
1.23369e-10
1.74147e-10
2.33251e-10
3.01472e-10
3.79545e-10
4.68116e-10
5.67696e-10
6.78628e-10
8.01039e-10
9.34799e-10
1.07949e-09
1.23439e-09
1.39843e-09
1.57025e-09
1.74814e-09
1.93018e-09
2.11419e-09
2.29791e-09
2.47898e-09
2.65514e-09
2.82425e-09
2.98441e-09
3.13406e-09
3.27198e-09
3.39739e-09
3.50991e-09
3.60956e-09
3.69672e-09
3.77209e-09
3.83658e-09
3.89128e-09
3.93736e-09
3.97602e-09
4.00844e-09
4.0357e-09
4.05878e-09
4.07855e-09
1.29572e-11
4.38958e-11
8.05967e-11
1.23952e-10
1.74807e-10
2.33981e-10
3.02264e-10
3.80389e-10
4.68999e-10
5.68602e-10
6.79537e-10
8.01928e-10
9.35642e-10
1.08026e-09
1.23506e-09
1.39897e-09
1.57062e-09
1.74834e-09
1.93018e-09
2.11399e-09
2.29748e-09
2.47835e-09
2.65432e-09
2.82325e-09
2.98327e-09
3.13281e-09
3.27066e-09
3.39603e-09
3.50855e-09
3.60822e-09
3.69545e-09
3.77089e-09
3.83547e-09
3.89027e-09
3.93645e-09
3.97522e-09
4.00772e-09
4.03507e-09
4.05823e-09
4.07806e-09
4.10875e-09
4.12959e-09
4.14711e-09
4.16181e-09
4.17344e-09
4.1816e-09
4.18757e-09
4.19778e-09
4.21313e-09
4.23149e-09
4.25304e-09
4.27746e-09
4.30486e-09
4.33527e-09
4.36884e-09
4.40577e-09
4.44634e-09
4.49093e-09
4.54001e-09
4.59417e-09
4.65414e-09
4.72081e-09
4.79529e-09
4.879e-09
4.97379e-09
5.08208e-09
5.2072e-09
5.35375e-09
5.52861e-09
5.74229e-09
6.01143e-09
6.36187e-09
6.83119e-09
7.4617e-09
8.2626e-09
9.18523e-09
1.01492e-08
1.10839e-08
1.19738e-08
1.28228e-08
1.36398e-08
1.443e-08
1.51965e-08
1.59398e-08
1.66593e-08
1.73525e-08
1.80174e-08
1.86512e-08
1.92511e-08
1.98152e-08
2.0341e-08
2.0826e-08
2.12677e-08
2.16636e-08
2.20104e-08
2.2305e-08
2.2545e-08
2.27434e-08
2.30373e-08
2.45965e-08
3.57106e-08
9.59395e-08
3.03193e-07
6.73631e-07
9.15937e-07
9.95636e-07
1.01239e-06
1.01561e-06
1.01733e-06
1.0195e-06
1.02235e-06
1.02592e-06
1.03021e-06
1.03524e-06
1.04105e-06
1.04771e-06
1.05531e-06
1.06397e-06
1.07384e-06
1.08511e-06
1.09806e-06
1.113e-06
1.1304e-06
1.15087e-06
1.17528e-06
1.20495e-06
1.24187e-06
1.28925e-06
1.35207e-06
1.43764e-06
1.55442e-06
1.70483e-06
1.87987e-06
2.06476e-06
2.24568e-06
2.41916e-06
2.58574e-06
2.7468e-06
2.90336e-06
3.05574e-06
3.20402e-06
3.34793e-06
3.48701e-06
3.62075e-06
3.74856e-06
3.86985e-06
3.98412e-06
4.09088e-06
4.18958e-06
4.27971e-06
4.36072e-06
4.43195e-06
4.49275e-06
4.5426e-06
4.58397e-06
4.64254e-06
4.93831e-06
7.02623e-06
1.83047e-05
5.70096e-05
0.000125955
0.000170807
0.000185456
0.000188475
0.000189006
0.000189259
0.000189587
0.000190034
0.000190604
0.000191298
0.000192119
0.000193075
0.000194176
0.000195439
0.000196886
0.000198543
0.000200445
0.000202638
0.00020518
0.000208151
0.00021166
0.000215861
0.000220984
0.000227385
0.000235627
0.000246592
0.000261581
0.000282102
0.000308612
0.000339533
0.000372278
0.000404392
0.000435241
0.000464912
0.000493644
0.000521611
0.000548868
0.000575426
0.000601233
0.000626206
0.000650249
0.000673254
0.000695114
0.000715734
0.000735025
0.000752882
0.00076921
0.000783908
0.000796851
0.000807923
0.000817042
0.000824743
0.000836419
0.000897766
0.00133005
0.00365213
0.0115626
0.0254291
0.0320673
0.0326267
0.0315429
0.0304507
0.0295545
0.0288061
0.0281512
0.0275571
0.0270022
0.0264727
0.0259592
0.0254545
0.0249534
0.0244517
0.0239457
0.0234319
0.0229072
0.0223685
0.0218121
0.0212343
0.0206301
0.0199946
0.0193199
0.0185979
0.017815
0.0169476
0.0159301
0.0145587
0.0138179
0.0133125
0.012935
0.0126342
0.0123833
0.012167
0.011976
0.011805
0.01165
0.0115086
0.011379
0.0112598
0.0111498
0.0110483
0.0109545
0.0108676
0.0107873
0.010713
0.0106445
0.0105813
0.0105234
0.0104706
0.0104228
0.0103802
0.0103427
0.0103113
0.0102856
0.0102707
0.0102663
0.0102598
0.010249
0.0102352
0.0102199
0.0102043
4.10831e-09
4.12999e-09
4.14848e-09
4.16447e-09
4.17794e-09
4.18873e-09
4.19816e-09
4.21168e-09
4.22993e-09
4.25115e-09
4.27551e-09
4.30281e-09
4.33319e-09
4.36674e-09
4.40367e-09
4.44424e-09
4.48878e-09
4.53774e-09
4.59165e-09
4.65116e-09
4.71709e-09
4.7904e-09
4.87226e-09
4.9642e-09
5.06809e-09
5.18634e-09
5.32217e-09
5.47989e-09
5.66568e-09
5.88863e-09
6.16269e-09
6.50905e-09
6.95804e-09
7.54412e-09
8.27287e-09
9.10317e-09
9.97105e-09
1.08205e-08
1.16413e-08
1.24362e-08
1.32113e-08
1.39699e-08
1.4713e-08
1.54401e-08
1.61497e-08
1.68389e-08
1.75053e-08
1.81456e-08
1.8757e-08
1.93368e-08
1.98825e-08
2.03913e-08
2.08606e-08
2.12875e-08
2.16689e-08
2.20016e-08
2.22844e-08
2.2536e-08
2.29247e-08
2.47608e-08
3.6724e-08
9.85685e-08
3.06208e-07
6.73083e-07
9.1426e-07
9.95241e-07
1.01325e-06
1.01733e-06
1.01974e-06
1.02257e-06
1.02609e-06
1.03036e-06
1.03538e-06
1.0412e-06
1.04786e-06
1.05546e-06
1.06409e-06
1.07389e-06
1.08504e-06
1.09775e-06
1.1123e-06
1.12903e-06
1.14841e-06
1.17103e-06
1.19772e-06
1.22967e-06
1.26862e-06
1.31727e-06
1.37972e-06
1.46189e-06
1.57068e-06
1.70769e-06
1.8652e-06
2.03155e-06
2.1958e-06
2.35559e-06
2.51129e-06
2.66384e-06
2.81381e-06
2.96124e-06
3.106e-06
3.24765e-06
3.38566e-06
3.51942e-06
3.64829e-06
3.77163e-06
3.88887e-06
3.99945e-06
4.10279e-06
4.19832e-06
4.28547e-06
4.36357e-06
4.43199e-06
4.49041e-06
4.54232e-06
4.61934e-06
4.96753e-06
7.21432e-06
1.87924e-05
5.75637e-05
0.000125842
0.00017049
0.000185376
0.000188622
0.000189302
0.000189674
0.000190115
0.000190676
0.000191366
0.000192186
0.000193143
0.000194246
0.00019551
0.000196954
0.000198601
0.000200483
0.000202637
0.000205112
0.00020797
0.000211291
0.000215182
0.000219788
0.000225318
0.000232083
0.000240558
0.00025147
0.000265873
0.000284997
0.000309149
0.000336973
0.000366431
0.000395579
0.000423985
0.000451708
0.000478909
0.000505686
0.000532044
0.000557956
0.000583343
0.000608106
0.000632137
0.000655316
0.000677528
0.000698666
0.00071863
0.000737307
0.000754595
0.000770388
0.000784561
0.000797
0.000807666
0.000817308
0.000832555
0.000904544
0.00136982
0.00375693
0.0117016
0.0255112
0.0322051
0.032877
0.0318724
0.0308232
0.0299518
0.029218
0.0285712
0.0279807
0.0274261
0.0268946
0.0263771
0.0258671
0.0253594
0.0248503
0.024336
0.0238133
0.0232792
0.0227307
0.0221644
0.0215766
0.0209628
0.020318
0.0196347
0.0189042
0.018111
0.0172252
0.0161668
0.0147105
0.0139472
0.0134419
0.0130685
0.0127695
0.0125176
0.0122984
0.0121033
0.0119273
0.0117671
0.0116202
0.0114851
0.0113603
0.011245
0.0111381
0.0110391
0.0109472
0.0108619
0.0107829
0.0107097
0.0106421
0.0105797
0.0105225
0.0104704
0.0104234
0.0103814
0.0103452
0.0103145
0.0102935
0.0102825
0.0102711
0.0102569
0.0102409
0.0102242
0.0102075
4.10763e-09
4.13005e-09
4.14938e-09
4.16647e-09
4.18152e-09
4.19461e-09
4.20703e-09
4.22333e-09
4.24398e-09
4.26759e-09
4.29431e-09
4.32403e-09
4.35694e-09
4.39317e-09
4.43296e-09
4.47664e-09
4.52459e-09
4.5773e-09
4.63537e-09
4.69951e-09
4.77059e-09
4.84965e-09
4.93795e-09
5.03706e-09
5.1489e-09
5.27589e-09
5.42116e-09
5.58875e-09
5.78425e-09
6.0155e-09
6.29405e-09
6.63693e-09
7.06803e-09
7.61504e-09
8.28177e-09
9.03377e-09
9.82041e-09
1.05988e-08
1.13628e-08
1.21136e-08
1.28549e-08
1.35878e-08
1.4312e-08
1.50259e-08
1.57273e-08
1.64132e-08
1.70805e-08
1.7726e-08
1.83464e-08
1.89389e-08
1.95007e-08
2.00288e-08
2.05204e-08
2.09727e-08
2.13823e-08
2.17464e-08
2.20651e-08
2.2365e-08
2.28581e-08
2.50451e-08
3.8133e-08
1.02117e-07
3.09982e-07
6.71606e-07
9.11407e-07
9.94246e-07
1.01381e-06
1.01876e-06
1.02179e-06
1.02518e-06
1.02927e-06
1.03413e-06
1.03977e-06
1.04626e-06
1.05366e-06
1.06206e-06
1.07158e-06
1.08237e-06
1.09464e-06
1.10859e-06
1.12454e-06
1.14284e-06
1.16395e-06
1.18846e-06
1.21717e-06
1.25114e-06
1.2919e-06
1.34169e-06
1.40382e-06
1.48299e-06
1.58473e-06
1.71019e-06
1.85285e-06
2.00354e-06
2.15391e-06
2.30243e-06
2.44927e-06
2.59491e-06
2.73954e-06
2.88297e-06
3.02485e-06
3.16465e-06
3.30174e-06
3.43548e-06
3.56517e-06
3.69013e-06
3.80974e-06
3.9234e-06
4.03049e-06
4.13041e-06
4.22256e-06
4.30628e-06
4.38095e-06
4.44654e-06
4.508e-06
4.6051e-06
5.0195e-06
7.47664e-06
1.94521e-05
5.82597e-05
0.000125558
0.000169956
0.000185187
0.000188715
0.000189549
0.000190027
0.000190565
0.000191224
0.000192015
0.000192942
0.000194015
0.000195245
0.000196649
0.000198248
0.00020007
0.000202147
0.000204521
0.000207242
0.000210376
0.000214004
0.00021823
0.000223194
0.000229086
0.000236175
0.000244859
0.000255726
0.000269609
0.000287501
0.000309623
0.000334823
0.000361503
0.000388182
0.000414578
0.000440714
0.000466673
0.000492487
0.000518117
0.000543501
0.000568542
0.000593129
0.000617141
0.000640454
0.000662944
0.000684495
0.000705
0.00072434
0.000742408
0.000759092
0.000774269
0.000787832
0.000799796
0.000811219
0.000830421
0.000915943
0.00142486
0.00389688
0.0118683
0.0255551
0.0323024
0.0331067
0.032187
0.0311786
0.0303287
0.0296071
0.0289673
0.0283801
0.0278261
0.027293
0.0267726
0.0262583
0.0257455
0.0252303
0.0247094
0.0241795
0.0236379
0.0230817
0.0225074
0.0219119
0.0212906
0.0206389
0.0199494
0.0192127
0.0184112
0.0175081
0.0164084
0.0148665
0.0140734
0.0135618
0.0131879
0.012888
0.0126339
0.0124111
0.0122119
0.0120313
0.0118663
0.0117146
0.0115746
0.0114451
0.0113251
0.0112137
0.0111102
0.011014
0.0109246
0.0108416
0.0107645
0.0106931
0.010627
0.0105661
0.0105103
0.0104596
0.0104139
0.0103737
0.0103388
0.0103128
0.0102962
0.0102804
0.0102634
0.0102455
0.0102276
0.0102101
4.10676e-09
4.12981e-09
4.14985e-09
4.16785e-09
4.18424e-09
4.19925e-09
4.21416e-09
4.2327e-09
4.25526e-09
4.28079e-09
4.30942e-09
4.34112e-09
4.37608e-09
4.4145e-09
4.45665e-09
4.50288e-09
4.55363e-09
4.60944e-09
4.67095e-09
4.73892e-09
4.81428e-09
4.89814e-09
4.9918e-09
5.09691e-09
5.21541e-09
5.34975e-09
5.50297e-09
5.67893e-09
5.88269e-09
6.12105e-09
6.40352e-09
6.74358e-09
7.15964e-09
7.67371e-09
8.28937e-09
8.97763e-09
9.69801e-09
1.04193e-08
1.1138e-08
1.1854e-08
1.25687e-08
1.32814e-08
1.39907e-08
1.46942e-08
1.53892e-08
1.60723e-08
1.67402e-08
1.73895e-08
1.80169e-08
1.86193e-08
1.91936e-08
1.97368e-08
2.0246e-08
2.07181e-08
2.11501e-08
2.15391e-08
2.18874e-08
2.2232e-08
2.28415e-08
2.54587e-08
3.99391e-08
1.06525e-07
3.14423e-07
6.69294e-07
9.07465e-07
9.92653e-07
1.01404e-06
1.01989e-06
1.02346e-06
1.02732e-06
1.03187e-06
1.0372e-06
1.04336e-06
1.0504e-06
1.0584e-06
1.06746e-06
1.07772e-06
1.08934e-06
1.10253e-06
1.11753e-06
1.13465e-06
1.15425e-06
1.17682e-06
1.20293e-06
1.23334e-06
1.26903e-06
1.31133e-06
1.3621e-06
1.42398e-06
1.50061e-06
1.5964e-06
1.71235e-06
1.84292e-06
1.98084e-06
2.12004e-06
2.2596e-06
2.39944e-06
2.53965e-06
2.68009e-06
2.82037e-06
2.95997e-06
3.09828e-06
3.23463e-06
3.36832e-06
3.49862e-06
3.62482e-06
3.74627e-06
3.86233e-06
3.97235e-06
4.07571e-06
4.1718e-06
4.25995e-06
4.3396e-06
4.41108e-06
4.48131e-06
4.60065e-06
5.09597e-06
7.8134e-06
2.02725e-05
5.90805e-05
0.000125119
0.000169222
0.00018489
0.00018875
0.000189745
0.000190317
0.000190935
0.000191673
0.000192546
0.000193562
0.00019473
0.000196065
0.000197585
0.000199313
0.000201279
0.000203519
0.000206075
0.000209004
0.000212369
0.000216255
0.000220764
0.000226031
0.000232229
0.000239595
0.000248459
0.00025929
0.000272736
0.000289587
0.000310034
0.000333099
0.000357516
0.000382208
0.000407004
0.000431887
0.00045687
0.000481927
0.000506983
0.000531951
0.000556716
0.000581158
0.000605151
0.000628562
0.000651263
0.000673135
0.000694061
0.000713919
0.000732599
0.000749984
0.000765954
0.000780411
0.000793446
0.00080653
0.000830179
0.000932326
0.00149521
0.00406974
0.0120593
0.0255649
0.0323613
0.0333149
0.0324849
0.031515
0.0306835
0.0299719
0.0293378
0.0287532
0.0281998
0.0276657
0.027143
0.0266255
0.0261087
0.0255889
0.0250628
0.0245274
0.0239799
0.0234176
0.0228373
0.0222358
0.0216091
0.0209524
0.0202586
0.0195176
0.0187096
0.0177906
0.0166501
0.0150204
0.0141915
0.0136686
0.0132906
0.0129879
0.0127306
0.0125042
0.0123011
0.0121165
0.0119473
0.0117915
0.0116475
0.011514
0.0113901
0.011275
0.0111679
0.0110682
0.0109754
0.0108891
0.0108088
0.0107343
0.0106652
0.0106014
0.0105426
0.0104889
0.0104402
0.0103968
0.0103587
0.0103286
0.0103073
0.0102879
0.0102685
0.0102491
0.0102303
0.0102121
4.10577e-09
4.12935e-09
4.14995e-09
4.1687e-09
4.18615e-09
4.20272e-09
4.21961e-09
4.23986e-09
4.26385e-09
4.29086e-09
4.32096e-09
4.35419e-09
4.39076e-09
4.43088e-09
4.47486e-09
4.5231e-09
4.57605e-09
4.63429e-09
4.69851e-09
4.7695e-09
4.84825e-09
4.9359e-09
5.03382e-09
5.14369e-09
5.26751e-09
5.40772e-09
5.56732e-09
5.75e-09
5.96043e-09
6.20459e-09
6.49033e-09
6.82823e-09
7.23229e-09
7.72002e-09
8.29574e-09
8.93461e-09
9.60335e-09
1.02806e-08
1.09647e-08
1.16543e-08
1.23489e-08
1.30465e-08
1.37445e-08
1.44401e-08
1.51301e-08
1.5811e-08
1.64792e-08
1.71314e-08
1.77639e-08
1.83735e-08
1.89572e-08
1.95118e-08
2.00341e-08
2.05213e-08
2.09701e-08
2.13783e-08
2.17504e-08
2.21372e-08
2.28774e-08
2.60041e-08
4.2119e-08
1.11678e-07
3.19399e-07
6.66277e-07
9.02577e-07
9.90501e-07
1.01393e-06
1.0207e-06
1.02475e-06
1.02898e-06
1.03389e-06
1.0396e-06
1.04615e-06
1.05362e-06
1.06209e-06
1.07168e-06
1.08252e-06
1.09479e-06
1.10871e-06
1.12454e-06
1.14259e-06
1.16324e-06
1.18697e-06
1.21436e-06
1.24614e-06
1.28322e-06
1.32677e-06
1.37835e-06
1.44004e-06
1.51465e-06
1.60567e-06
1.71416e-06
1.83538e-06
1.96335e-06
2.09394e-06
2.22665e-06
2.36119e-06
2.4973e-06
2.63458e-06
2.77247e-06
2.91034e-06
3.04752e-06
3.18328e-06
3.3169e-06
3.44763e-06
3.57475e-06
3.69756e-06
3.81541e-06
3.92763e-06
4.03358e-06
4.13263e-06
4.22413e-06
4.30759e-06
4.3838e-06
4.46223e-06
4.60638e-06
5.19738e-06
8.22024e-06
2.1232e-05
6.00011e-05
0.00012455
0.000168313
0.000184491
0.000188727
0.000189887
0.000190543
0.000191225
0.000192025
0.000192962
0.000194047
0.00019529
0.000196706
0.000198317
0.000200147
0.000202227
0.000204596
0.000207298
0.00021039
0.000213941
0.000218033
0.000222769
0.000228279
0.000234725
0.000242316
0.000251328
0.000262133
0.000275229
0.000291246
0.000310381
0.000331795
0.000354448
0.000377609
0.000401183
0.000425116
0.000449362
0.000473848
0.000498471
0.000523122
0.000547676
0.000572005
0.000595978
0.000619458
0.000642315
0.000664424
0.000685664
0.000705911
0.000725049
0.000742963
0.000759532
0.000774675
0.000788577
0.000803242
0.000831914
0.000953782
0.00157999
0.00427109
0.0122694
0.0255448
0.0323838
0.0334989
0.0327626
0.031829
0.0310126
0.0303087
0.0296789
0.0290965
0.0285435
0.0280088
0.0274844
0.0269645
0.0264447
0.0259214
0.0253915
0.0248519
0.0243001
0.0237333
0.0231485
0.0225427
0.021912
0.0212519
0.0205553
0.0198115
0.0189983
0.018065
0.0168852
0.0151656
0.0142969
0.0137593
0.0133748
0.013068
0.0128073
0.0125775
0.0123709
0.0121829
0.0120104
0.0118513
0.011704
0.0115674
0.0114405
0.0113224
0.0112125
0.01111
0.0110146
0.0109258
0.0108431
0.0107661
0.0106947
0.0106286
0.0105676
0.0105116
0.0104606
0.0104147
0.0103742
0.010341
0.0103159
0.0102937
0.0102724
0.0102519
0.0102323
0.0102136
4.10472e-09
4.12873e-09
4.14978e-09
4.16908e-09
4.18735e-09
4.2051e-09
4.22348e-09
4.24495e-09
4.26997e-09
4.29803e-09
4.3292e-09
4.36355e-09
4.40128e-09
4.44265e-09
4.48798e-09
4.53769e-09
4.59226e-09
4.6523e-09
4.71852e-09
4.79175e-09
4.87301e-09
4.96348e-09
5.06457e-09
5.178e-09
5.30579e-09
5.4504e-09
5.61479e-09
5.80255e-09
6.01804e-09
6.26662e-09
6.55492e-09
6.89131e-09
7.28646e-09
7.75446e-09
8.30093e-09
8.90392e-09
9.53469e-09
1.01799e-08
1.0839e-08
1.15097e-08
1.219e-08
1.28767e-08
1.35667e-08
1.42566e-08
1.49429e-08
1.56221e-08
1.62905e-08
1.69445e-08
1.75805e-08
1.81953e-08
1.87856e-08
1.93482e-08
1.98799e-08
2.03777e-08
2.08385e-08
2.12606e-08
2.16516e-08
2.20788e-08
2.29639e-08
2.66704e-08
4.46085e-08
1.1738e-07
3.24713e-07
6.62732e-07
8.96969e-07
9.87878e-07
1.01351e-06
1.02121e-06
1.02567e-06
1.03018e-06
1.03536e-06
1.04135e-06
1.04819e-06
1.05598e-06
1.0648e-06
1.07477e-06
1.08604e-06
1.0988e-06
1.11326e-06
1.1297e-06
1.14845e-06
1.16988e-06
1.19449e-06
1.22284e-06
1.25565e-06
1.29377e-06
1.33828e-06
1.39048e-06
1.45206e-06
1.52516e-06
1.6126e-06
1.71564e-06
1.83007e-06
1.95073e-06
2.07506e-06
2.20283e-06
2.33356e-06
2.46674e-06
2.60176e-06
2.73794e-06
2.87457e-06
3.01092e-06
3.14625e-06
3.2798e-06
3.41082e-06
3.53856e-06
3.66233e-06
3.78143e-06
3.8952e-06
4.00299e-06
4.10414e-06
4.19803e-06
4.28426e-06
4.36419e-06
4.45042e-06
4.62196e-06
5.32166e-06
8.68511e-06
2.22944e-05
6.09854e-05
0.000123884
0.000167273
0.000184008
0.00018865
0.000189978
0.000190707
0.000191438
0.000192284
0.000193268
0.000194403
0.000195701
0.000197178
0.000198856
0.000200762
0.000202927
0.000205391
0.000208202
0.000211416
0.000215105
0.000219351
0.000224259
0.000229952
0.000236585
0.000244348
0.000253474
0.000264264
0.0002771
0.000292491
0.000310666
0.00033088
0.000352239
0.000374286
0.000396978
0.00042023
0.00044395
0.000468027
0.00049234
0.000516763
0.000541164
0.000565409
0.000589364
0.00061289
0.000635855
0.000658129
0.000679589
0.00070011
0.000719574
0.000737863
0.000754859
0.000770502
0.000785096
0.000801292
0.000835559
0.000979882
0.00167671
0.00449343
0.0124909
0.0254992
0.0323728
0.0336557
0.0330147
0.0321151
0.0313109
0.0306124
0.0299857
0.0294046
0.028852
0.0283168
0.0277912
0.0272696
0.0267477
0.026222
0.0256893
0.0251467
0.0245918
0.0240218
0.0234339
0.0228251
0.0221917
0.0215294
0.020831
0.0200853
0.0192678
0.0183219
0.0171056
0.0152961
0.0143859
0.0138318
0.0134398
0.0131286
0.0128645
0.0126318
0.0124224
0.0122317
0.0120566
0.011895
0.0117453
0.0116064
0.0114772
0.011357
0.0112449
0.0111405
0.0110432
0.0109525
0.0108679
0.0107893
0.0107162
0.0106484
0.0105857
0.0105281
0.0104754
0.0104278
0.0103856
0.0103502
0.0103223
0.0102979
0.0102752
0.0102538
0.0102337
0.0102146
4.1037e-09
4.12804e-09
4.14941e-09
4.16911e-09
4.18795e-09
4.20654e-09
4.22595e-09
4.24822e-09
4.27389e-09
4.30265e-09
4.33453e-09
4.36963e-09
4.40814e-09
4.45035e-09
4.49659e-09
4.54729e-09
4.60296e-09
4.66422e-09
4.73179e-09
4.80655e-09
4.88951e-09
4.9819e-09
5.08516e-09
5.20102e-09
5.33154e-09
5.47917e-09
5.64688e-09
5.83815e-09
6.05717e-09
6.30886e-09
6.599e-09
6.93446e-09
7.32359e-09
7.7781e-09
8.30501e-09
8.88409e-09
9.4892e-09
1.01129e-08
1.07554e-08
1.14136e-08
1.20843e-08
1.27638e-08
1.34485e-08
1.41345e-08
1.48184e-08
1.54964e-08
1.61648e-08
1.682e-08
1.74583e-08
1.80763e-08
1.86709e-08
1.92386e-08
1.97763e-08
2.02811e-08
2.07498e-08
2.11814e-08
2.15869e-08
2.2053e-08
2.30932e-08
2.74243e-08
4.72799e-08
1.23321e-07
3.30089e-07
6.58909e-07
8.90992e-07
9.84949e-07
1.01284e-06
1.02145e-06
1.02627e-06
1.03099e-06
1.03635e-06
1.04251e-06
1.04956e-06
1.05756e-06
1.06661e-06
1.07684e-06
1.0884e-06
1.10149e-06
1.11633e-06
1.13319e-06
1.15241e-06
1.17438e-06
1.19959e-06
1.22861e-06
1.26213e-06
1.30099e-06
1.34616e-06
1.39881e-06
1.46033e-06
1.53241e-06
1.61741e-06
1.7168e-06
1.82671e-06
1.94244e-06
2.06257e-06
2.18704e-06
2.31525e-06
2.44649e-06
2.58002e-06
2.71506e-06
2.85087e-06
2.98666e-06
3.12169e-06
3.25518e-06
3.38637e-06
3.51451e-06
3.63888e-06
3.7588e-06
3.87357e-06
3.98255e-06
4.08508e-06
4.18053e-06
4.26864e-06
4.35143e-06
4.44507e-06
4.64583e-06
5.46254e-06
9.18408e-06
2.34017e-05
6.19817e-05
0.000123167
0.000166164
0.000183468
0.000188529
0.000190023
0.000190815
0.000191582
0.000192459
0.000193475
0.000194644
0.000195979
0.000197497
0.00019922
0.000201177
0.0002034
0.000205929
0.000208814
0.000212113
0.000215896
0.000220249
0.000225274
0.000231095
0.000237859
0.000245741
0.00025495
0.000265733
0.000278395
0.000293358
0.00031089
0.000330307
0.000350791
0.000372091
0.000394197
0.000416998
0.000440369
0.000464177
0.000488284
0.000512555
0.000536853
0.000561041
0.000584981
0.000608535
0.000631566
0.000653946
0.000675548
0.000696247
0.000715922
0.000734455
0.000751733
0.000767717
0.000782852
0.000800531
0.000840802
0.00100933
0.0017804
0.00472473
0.0127127
0.0254347
0.0323336
0.033782
0.0332345
0.0323661
0.0315712
0.0308762
0.0302512
0.0296709
0.0291184
0.0285828
0.0280564
0.0275337
0.0270104
0.026483
0.0259485
0.025404
0.024847
0.0242749
0.0236849
0.0230742
0.0224391
0.0217753
0.0210757
0.0203286
0.0195075
0.0185506
0.0173018
0.0154066
0.014456
0.0138855
0.013486
0.0131706
0.0129036
0.0126686
0.0124572
0.0122646
0.0120877
0.0119244
0.011773
0.0116325
0.0115018
0.0113801
0.0112667
0.0111609
0.0110623
0.0109703
0.0108846
0.0108048
0.0107305
0.0106616
0.0105979
0.0105391
0.0104853
0.0104366
0.0103933
0.0103565
0.0103267
0.0103007
0.010277
0.0102551
0.0102346
0.0102153
4.10278e-09
4.12736e-09
4.14895e-09
4.16891e-09
4.1881e-09
4.20722e-09
4.22725e-09
4.24998e-09
4.27603e-09
4.30519e-09
4.33748e-09
4.37302e-09
4.41199e-09
4.45469e-09
4.50147e-09
4.55276e-09
4.60908e-09
4.67106e-09
4.73945e-09
4.81511e-09
4.8991e-09
4.99264e-09
5.0972e-09
5.21452e-09
5.34669e-09
5.49616e-09
5.66587e-09
5.85929e-09
6.08047e-09
6.33409e-09
6.62544e-09
6.96044e-09
7.34608e-09
7.79256e-09
8.30802e-09
8.87314e-09
9.46299e-09
1.0074e-08
1.07068e-08
1.13576e-08
1.20228e-08
1.26981e-08
1.33796e-08
1.40634e-08
1.47458e-08
1.5423e-08
1.60913e-08
1.6747e-08
1.73865e-08
1.80064e-08
1.86033e-08
1.91739e-08
1.97151e-08
2.02238e-08
2.0697e-08
2.11344e-08
2.15508e-08
2.20528e-08
2.32478e-08
2.81996e-08
4.99142e-08
1.2903e-07
3.35131e-07
6.55158e-07
8.8516e-07
9.81989e-07
1.01203e-06
1.02148e-06
1.0266e-06
1.03145e-06
1.03692e-06
1.0432e-06
1.05036e-06
1.05848e-06
1.06767e-06
1.07806e-06
1.0898e-06
1.10308e-06
1.11814e-06
1.13526e-06
1.15476e-06
1.17706e-06
1.20263e-06
1.23205e-06
1.26601e-06
1.30532e-06
1.35091e-06
1.40385e-06
1.46535e-06
1.53685e-06
1.6204e-06
1.71764e-06
1.82492e-06
1.93772e-06
2.05538e-06
2.17792e-06
2.30466e-06
2.43477e-06
2.56742e-06
2.7018e-06
2.83711e-06
2.97257e-06
3.10741e-06
3.24085e-06
3.37212e-06
3.50047e-06
3.62519e-06
3.74555e-06
3.86089e-06
3.97054e-06
4.07384e-06
4.1702e-06
4.25947e-06
4.34436e-06
4.44482e-06
4.67465e-06
5.60757e-06
9.67622e-06
2.44657e-05
6.29167e-05
0.000122464
0.000165083
0.000182924
0.000188382
0.000190032
0.000190876
0.000191667
0.000192563
0.000193598
0.000194787
0.000196143
0.000197686
0.000199437
0.000201424
0.000203681
0.00020625
0.00020918
0.000212529
0.00021637
0.000220787
0.000225884
0.000231783
0.000238627
0.000246583
0.000255844
0.000266627
0.000279189
0.000293898
0.000311053
0.000330007
0.000349972
0.000370833
0.000392595
0.000415132
0.0004383
0.00046195
0.000485936
0.000510117
0.000534354
0.000558506
0.000582435
0.000606002
0.00062907
0.000651508
0.000673189
0.000693988
0.000713782
0.000732454
0.000749894
0.000766089
0.000781632
0.000800696
0.000846968
0.00103956
0.0018826
0.0049467
0.0129189
0.0253604
0.0322753
0.0338758
0.033414
0.0325728
0.0317847
0.0310914
0.030467
0.0298869
0.0293343
0.0287984
0.0282715
0.0277481
0.0272239
0.0266956
0.0261599
0.0256143
0.0250561
0.0244827
0.0238915
0.0232796
0.0226435
0.0219788
0.0212785
0.0205301
0.0197059
0.0187397
0.0174641
0.0154929
0.0145061
0.0139213
0.0135151
0.0131964
0.0129273
0.0126907
0.0124779
0.0122841
0.012106
0.0119417
0.0117894
0.0116479
0.0115163
0.0113937
0.0112794
0.0111728
0.0110734
0.0109807
0.0108943
0.0108138
0.0107389
0.0106694
0.010605
0.0105456
0.0104912
0.0104418
0.0103978
0.0103603
0.0103293
0.0103024
0.0102781
0.0102558
0.0102351
0.0102157
4.10207e-09
4.12679e-09
4.14851e-09
4.16861e-09
4.18799e-09
4.20737e-09
4.22771e-09
4.25066e-09
4.27687e-09
4.30621e-09
4.3387e-09
4.37443e-09
4.41362e-09
4.45655e-09
4.50358e-09
4.55515e-09
4.61178e-09
4.67411e-09
4.74287e-09
4.81897e-09
4.90345e-09
4.99754e-09
5.10273e-09
5.22077e-09
5.35373e-09
5.50409e-09
5.67479e-09
5.86927e-09
6.09153e-09
6.34614e-09
6.63813e-09
6.97303e-09
7.35714e-09
7.79991e-09
8.30999e-09
8.86857e-09
9.45122e-09
1.00564e-08
1.06845e-08
1.1332e-08
1.19945e-08
1.26678e-08
1.33478e-08
1.40305e-08
1.47121e-08
1.53889e-08
1.60571e-08
1.6713e-08
1.7353e-08
1.79736e-08
1.85715e-08
1.91433e-08
1.9686e-08
2.01964e-08
2.06717e-08
2.11121e-08
2.1536e-08
2.20678e-08
2.33978e-08
2.88864e-08
5.21736e-08
1.33821e-07
3.39284e-07
6.5197e-07
8.80216e-07
9.79409e-07
1.01124e-06
1.02139e-06
1.02672e-06
1.03166e-06
1.03718e-06
1.04351e-06
1.05072e-06
1.05891e-06
1.06817e-06
1.07863e-06
1.09045e-06
1.10383e-06
1.119e-06
1.13623e-06
1.15588e-06
1.17833e-06
1.20408e-06
1.2337e-06
1.26788e-06
1.30741e-06
1.35321e-06
1.4063e-06
1.46782e-06
1.53907e-06
1.62194e-06
1.71819e-06
1.82424e-06
1.93566e-06
2.05216e-06
2.17381e-06
2.29986e-06
2.42944e-06
2.56168e-06
2.69574e-06
2.83082e-06
2.96611e-06
3.10085e-06
3.23425e-06
3.36555e-06
3.49399e-06
3.61884e-06
3.7394e-06
3.85498e-06
3.96492e-06
4.06856e-06
4.16533e-06
4.25519e-06
4.3415e-06
4.4476e-06
4.70275e-06
5.7361e-06
1.00984e-05
2.53588e-05
6.3687e-05
0.000121867
0.000164167
0.000182449
0.000188239
0.000190018
0.000190902
0.000191707
0.000192612
0.000193656
0.000194854
0.000196222
0.000197776
0.000199539
0.000201541
0.000203815
0.000206403
0.000209354
0.000212728
0.000216596
0.000221046
0.000226178
0.000232115
0.000238999
0.000246994
0.000256283
0.000267069
0.000279588
0.000294181
0.000311159
0.000329897
0.000349617
0.000370274
0.000391876
0.00041429
0.000437363
0.000460939
0.000484868
0.000509007
0.000533213
0.000557347
0.000581268
0.000604838
0.00062792
0.000650383
0.000672098
0.000692939
0.000712786
0.000731518
0.000749033
0.000765339
0.000781165
0.000801387
0.000852898
0.0010663
0.00197021
0.0051328
0.0130874
0.0252901
0.0322129
0.0339363
0.033544
0.0327241
0.0319403
0.0312475
0.030623
0.0300427
0.02949
0.0289537
0.0284265
0.0279027
0.0273781
0.0268492
0.0263131
0.0257669
0.0252081
0.0246341
0.0240423
0.0234298
0.0227932
0.022128
0.0214271
0.0206777
0.0198509
0.0188773
0.0175821
0.015552
0.0145372
0.0139413
0.0135303
0.0132092
0.0129387
0.0127012
0.0124877
0.0122933
0.0121147
0.0119498
0.011797
0.0116551
0.011523
0.0114
0.0112854
0.0111784
0.0110786
0.0109856
0.0108989
0.010818
0.0107428
0.010673
0.0106083
0.0105486
0.0104939
0.0104443
0.0104
0.0103621
0.0103306
0.0103032
0.0102786
0.0102562
0.0102353
0.0102158
4.10166e-09
4.12646e-09
4.14823e-09
4.16837e-09
4.18781e-09
4.20728e-09
4.22772e-09
4.25073e-09
4.27698e-09
4.30637e-09
4.3389e-09
4.37469e-09
4.41394e-09
4.45694e-09
4.50404e-09
4.55568e-09
4.6124e-09
4.67482e-09
4.7437e-09
4.81993e-09
4.90454e-09
4.9988e-09
5.10417e-09
5.22242e-09
5.35562e-09
5.50626e-09
5.67726e-09
5.87206e-09
6.09467e-09
6.3496e-09
6.64184e-09
6.97679e-09
7.36062e-09
7.80247e-09
8.31097e-09
8.8676e-09
9.44827e-09
1.00519e-08
1.06788e-08
1.13253e-08
1.19871e-08
1.26598e-08
1.33394e-08
1.40217e-08
1.47031e-08
1.53797e-08
1.60478e-08
1.67037e-08
1.73437e-08
1.79645e-08
1.85625e-08
1.91347e-08
1.96777e-08
2.01885e-08
2.06643e-08
2.11058e-08
2.15335e-08
2.20838e-08
2.34995e-08
2.93265e-08
5.35888e-08
1.3677e-07
3.41802e-07
6.49997e-07
8.77152e-07
9.77777e-07
1.01071e-06
1.02128e-06
1.02673e-06
1.03171e-06
1.03725e-06
1.04359e-06
1.05082e-06
1.05902e-06
1.0683e-06
1.07878e-06
1.09063e-06
1.10403e-06
1.11923e-06
1.13651e-06
1.15619e-06
1.17869e-06
1.2045e-06
1.23418e-06
1.26842e-06
1.30802e-06
1.35389e-06
1.40704e-06
1.46858e-06
1.53979e-06
1.6225e-06
1.71845e-06
1.82414e-06
1.93518e-06
2.05139e-06
2.1728e-06
2.29866e-06
2.42809e-06
2.56022e-06
2.69418e-06
2.82919e-06
2.96443e-06
3.09913e-06
3.23251e-06
3.3638e-06
3.49225e-06
3.61713e-06
3.73772e-06
3.85336e-06
3.96336e-06
4.06709e-06
4.16396e-06
4.25402e-06
4.34107e-06
4.45064e-06
4.72185e-06
5.8185e-06
1.03628e-05
2.59085e-05
6.41541e-05
0.000121498
0.000163599
0.000182149
0.000188143
0.00019
0.000190906
0.000191718
0.000192626
0.000193673
0.000194874
0.000196244
0.000197801
0.000199569
0.000201575
0.000203854
0.000206447
0.000209404
0.000212786
0.000216663
0.000221121
0.000226264
0.000232213
0.00023911
0.000247117
0.000256417
0.000267208
0.00027972
0.000294284
0.000311211
0.000329885
0.000349539
0.000370142
0.000391702
0.000414083
0.000437129
0.000460685
0.000484597
0.000508723
0.000532919
0.000557046
0.000580964
0.000604533
0.000627617
0.000650084
0.000671806
0.000692656
0.000712514
0.000731261
0.000748795
0.000765141
0.000781117
0.000802056
0.000856898
0.00108341
0.00202506
0.00524724
0.0131889
0.0252432
0.032168
0.0339649
0.0336145
0.032807
0.0320253
0.0313323
0.0307075
0.0301269
0.0295739
0.0290375
0.0285101
0.0279862
0.0274614
0.0269324
0.026396
0.0258497
0.0252907
0.0247165
0.0241245
0.0235119
0.022875
0.0222096
0.0215083
0.0207583
0.0199298
0.0189518
0.0176457
0.0155821
0.0145514
0.0139492
0.0135356
0.0132132
0.0129421
0.0127043
0.0124905
0.0122958
0.0121171
0.011952
0.0117991
0.011657
0.0115249
0.0114017
0.011287
0.0111799
0.0110801
0.0109869
0.0109001
0.0108192
0.0107439
0.0106739
0.0106092
0.0105494
0.0104946
0.010445
0.0104007
0.0103627
0.0103309
0.0103034
0.0102788
0.0102563
0.0102354
0.0102159
0.0101921
0.0101833
0.0101747
0.0101662
0.0101579
0.0101497
0.0101417
0.0101338
0.010126
0.0101184
0.0101109
0.0101034
0.0100961
0.0100889
0.0100817
0.0100746
0.0100676
0.0100606
0.0100537
0.0100469
0.0100401
0.0100334
0.0100268
0.0100203
0.0100139
0.0100077
0.0100016
0.0099957
0.00998999
0.00998451
0.00997931
0.00997442
0.00996988
0.00996574
0.00996205
0.00995887
0.00995623
0.00995419
0.00995279
0.00995208
0.0101947
0.0101856
0.0101767
0.0101679
0.0101593
0.010151
0.0101428
0.0101347
0.0101268
0.0101191
0.0101114
0.0101039
0.0100965
0.0100892
0.0100819
0.0100748
0.0100677
0.0100607
0.0100537
0.0100469
0.0100401
0.0100334
0.0100268
0.0100203
0.0100139
0.0100076
0.0100015
0.00999559
0.00998988
0.00998441
0.00997922
0.00997433
0.00996981
0.00996569
0.00996202
0.00995885
0.00995623
0.0099542
0.00995282
0.00995212
0.0101968
0.0101874
0.0101782
0.0101692
0.0101605
0.010152
0.0101436
0.0101354
0.0101274
0.0101196
0.0101119
0.0101043
0.0100968
0.0100894
0.0100821
0.0100749
0.0100678
0.0100607
0.0100538
0.0100469
0.01004
0.0100333
0.0100267
0.0100202
0.0100138
0.0100075
0.0100014
0.00999548
0.00998977
0.00998431
0.00997912
0.00997425
0.00996974
0.00996563
0.00996198
0.00995882
0.00995622
0.00995421
0.00995284
0.00995215
0.0101984
0.0101888
0.0101794
0.0101703
0.0101614
0.0101527
0.0101442
0.010136
0.0101279
0.01012
0.0101122
0.0101045
0.010097
0.0100896
0.0100822
0.010075
0.0100678
0.0100607
0.0100537
0.0100468
0.01004
0.0100332
0.0100266
0.0100201
0.0100136
0.0100074
0.0100013
0.00999536
0.00998966
0.0099842
0.00997902
0.00997416
0.00996967
0.00996558
0.00996194
0.0099588
0.00995621
0.00995422
0.00995286
0.00995217
0.0101996
0.0101898
0.0101803
0.010171
0.010162
0.0101532
0.0101447
0.0101363
0.0101282
0.0101202
0.0101124
0.0101047
0.0100971
0.0100896
0.0100823
0.010075
0.0100678
0.0100607
0.0100537
0.0100468
0.0100399
0.0100331
0.0100265
0.0100199
0.0100135
0.0100073
0.0100012
0.00999525
0.00998955
0.0099841
0.00997893
0.00997408
0.0099696
0.00996552
0.0099619
0.00995878
0.0099562
0.00995422
0.00995288
0.00995219
0.0102004
0.0101905
0.0101809
0.0101715
0.0101624
0.0101536
0.010145
0.0101366
0.0101284
0.0101204
0.0101125
0.0101048
0.0100971
0.0100897
0.0100823
0.010075
0.0100678
0.0100607
0.0100536
0.0100467
0.0100398
0.010033
0.0100264
0.0100198
0.0100134
0.0100072
0.0100011
0.00999514
0.00998945
0.009984
0.00997884
0.00997401
0.00996953
0.00996547
0.00996186
0.00995875
0.00995619
0.00995422
0.00995289
0.00995221
0.010201
0.0101909
0.0101812
0.0101718
0.0101627
0.0101538
0.0101452
0.0101367
0.0101285
0.0101204
0.0101125
0.0101048
0.0100971
0.0100896
0.0100822
0.0100749
0.0100677
0.0100606
0.0100535
0.0100466
0.0100397
0.0100329
0.0100263
0.0100197
0.0100133
0.0100071
0.010001
0.00999505
0.00998936
0.00998392
0.00997877
0.00997394
0.00996948
0.00996543
0.00996183
0.00995873
0.00995618
0.00995422
0.00995289
0.00995222
0.0102013
0.0101912
0.0101814
0.010172
0.0101628
0.0101539
0.0101452
0.0101368
0.0101285
0.0101204
0.0101125
0.0101048
0.0100971
0.0100896
0.0100822
0.0100749
0.0100676
0.0100605
0.0100535
0.0100465
0.0100396
0.0100329
0.0100262
0.0100197
0.0100132
0.010007
0.0100009
0.00999497
0.00998928
0.00998385
0.00997871
0.00997389
0.00996943
0.00996539
0.0099618
0.00995871
0.00995617
0.00995422
0.0099529
0.00995223
0.0102014
0.0101913
0.0101815
0.010172
0.0101629
0.0101539
0.0101453
0.0101368
0.0101285
0.0101204
0.0101125
0.0101047
0.0100971
0.0100896
0.0100821
0.0100748
0.0100676
0.0100605
0.0100534
0.0100464
0.0100396
0.0100328
0.0100261
0.0100196
0.0100132
0.0100069
0.0100008
0.00999491
0.00998923
0.0099838
0.00997866
0.00997385
0.0099694
0.00996536
0.00996178
0.0099587
0.00995617
0.00995422
0.0099529
0.00995223
0.0102014
0.0101913
0.0101815
0.0101721
0.0101629
0.0101539
0.0101452
0.0101368
0.0101285
0.0101204
0.0101125
0.0101047
0.0100971
0.0100895
0.0100821
0.0100748
0.0100676
0.0100604
0.0100534
0.0100464
0.0100395
0.0100328
0.0100261
0.0100196
0.0100131
0.0100069
0.0100008
0.00999488
0.0099892
0.00998378
0.00997864
0.00997383
0.00996938
0.00996535
0.00996177
0.00995869
0.00995616
0.00995422
0.0099529
0.00995224
)
;

boundaryField
{
    In
    {
        type            fixedValue;
        value           uniform 0;
    }
    Out
    {
        type            zeroGradient;
    }
    Bottom
    {
        type            zeroGradient;
    }
    Top
    {
        type            zeroGradient;
    }
    DefaultFaces
    {
        type            empty;
    }
}


// ************************************************************************* //
