/*--------------------------------*- C++ -*----------------------------------*\
  =========                 |
  \\      /  F ield         | OpenFOAM: The Open Source CFD Toolbox
   \\    /   O peration     | Website:  https://openfoam.org
    \\  /    A nd           | Version:  10
     \\/     M anipulation  |
\*---------------------------------------------------------------------------*/
FoamFile
{
    format      ascii;
    class       volScalarField;
    location    "5.000001";
    object      tau_Bot_P2_R;
}
// * * * * * * * * * * * * * * * * * * * * * * * * * * * * * * * * * * * * * //

dimensions      [0 0 1 0 0 0 0];

internalField   nonuniform List<scalar> 
44800
(
1.46195e-08
4.95154e-08
9.08715e-08
1.39656e-07
1.96773e-07
2.63089e-07
3.39425e-07
4.26527e-07
5.25024e-07
6.3539e-07
7.57893e-07
8.92553e-07
1.0391e-06
1.19695e-06
1.36516e-06
1.54244e-06
1.72717e-06
1.91739e-06
2.11089e-06
2.30528e-06
2.49803e-06
2.68663e-06
2.86864e-06
3.04184e-06
3.20431e-06
3.35448e-06
3.49123e-06
3.6139e-06
3.72227e-06
3.81655e-06
3.89734e-06
3.96555e-06
4.02231e-06
4.0689e-06
4.10667e-06
4.13698e-06
4.16112e-06
4.18027e-06
4.1955e-06
4.20769e-06
1.44604e-08
4.90912e-08
9.03119e-08
1.39e-07
1.96032e-07
2.62271e-07
3.38539e-07
4.25585e-07
5.24041e-07
6.34384e-07
7.56886e-07
8.91571e-07
1.03817e-06
1.1961e-06
1.36443e-06
1.54185e-06
1.72675e-06
1.91716e-06
2.11088e-06
2.30548e-06
2.49845e-06
2.68726e-06
2.86946e-06
3.04283e-06
3.20543e-06
3.3557e-06
3.49251e-06
3.6152e-06
3.72354e-06
3.81778e-06
3.89849e-06
3.9666e-06
4.02325e-06
4.06972e-06
4.10738e-06
4.13758e-06
4.16161e-06
4.18067e-06
4.19582e-06
4.20796e-06
1.42283e-08
4.84334e-08
8.93734e-08
1.3785e-07
1.94701e-07
2.6078e-07
3.3691e-07
4.2384e-07
5.22211e-07
6.32505e-07
7.55001e-07
8.8973e-07
1.03643e-06
1.19452e-06
1.36306e-06
1.54076e-06
1.72598e-06
1.91676e-06
2.11087e-06
2.3059e-06
2.49928e-06
2.68849e-06
2.87105e-06
3.04474e-06
3.20759e-06
3.35803e-06
3.49495e-06
3.61766e-06
3.72596e-06
3.82009e-06
3.90065e-06
3.96857e-06
4.025e-06
4.07125e-06
4.10869e-06
4.13867e-06
4.16251e-06
4.1814e-06
4.1964e-06
4.20842e-06
1.39674e-08
4.76579e-08
8.81946e-08
1.36345e-07
1.92917e-07
2.58751e-07
3.34668e-07
4.21423e-07
5.19662e-07
6.29879e-07
7.52361e-07
8.87147e-07
1.03399e-06
1.19229e-06
1.36114e-06
1.53923e-06
1.72491e-06
1.91622e-06
2.1109e-06
2.30651e-06
2.50049e-06
2.69026e-06
2.87334e-06
3.04747e-06
3.21067e-06
3.36136e-06
3.49841e-06
3.62115e-06
3.72939e-06
3.82336e-06
3.90369e-06
3.97133e-06
4.02746e-06
4.07338e-06
4.1105e-06
4.14018e-06
4.16374e-06
4.18239e-06
4.19718e-06
4.20901e-06
1.37013e-08
4.68346e-08
8.68762e-08
1.34599e-07
1.90797e-07
2.56303e-07
3.31934e-07
4.18452e-07
5.16514e-07
6.26622e-07
7.49077e-07
8.8393e-07
1.03094e-06
1.18952e-06
1.35875e-06
1.53733e-06
1.7236e-06
1.91557e-06
2.11098e-06
2.30734e-06
2.50206e-06
2.69254e-06
2.87627e-06
3.05094e-06
3.21458e-06
3.36557e-06
3.50279e-06
3.62555e-06
3.73369e-06
3.82745e-06
3.90749e-06
3.97477e-06
4.03049e-06
4.07601e-06
4.11272e-06
4.14201e-06
4.16522e-06
4.18355e-06
4.19807e-06
4.20969e-06
1.34418e-08
4.60043e-08
8.54889e-08
1.32702e-07
1.88443e-07
2.53541e-07
3.28816e-07
4.15039e-07
5.12875e-07
6.22843e-07
7.45256e-07
8.80179e-07
1.02738e-06
1.18629e-06
1.35597e-06
1.53513e-06
1.7221e-06
1.91486e-06
2.11112e-06
2.30836e-06
2.50397e-06
2.69529e-06
2.87977e-06
3.05509e-06
3.21923e-06
3.37057e-06
3.50796e-06
3.63074e-06
3.73874e-06
3.83224e-06
3.91192e-06
3.97876e-06
4.03401e-06
4.07903e-06
4.11525e-06
4.14409e-06
4.16688e-06
4.18484e-06
4.19904e-06
4.21039e-06
1.3194e-08
4.51902e-08
8.40812e-08
1.30722e-07
1.85935e-07
2.50555e-07
3.25411e-07
4.11281e-07
5.08846e-07
6.1864e-07
7.40994e-07
8.75988e-07
1.0234e-06
1.18267e-06
1.35287e-06
1.53269e-06
1.72044e-06
1.9141e-06
2.11133e-06
2.30958e-06
2.50619e-06
2.69846e-06
2.88379e-06
3.05983e-06
3.22453e-06
3.37625e-06
3.51383e-06
3.63661e-06
3.74444e-06
3.83763e-06
3.91688e-06
3.98321e-06
4.0379e-06
4.08235e-06
4.11802e-06
4.14633e-06
4.16865e-06
4.18619e-06
4.20003e-06
4.21106e-06
1.29598e-08
4.44045e-08
8.26852e-08
1.28712e-07
1.83341e-07
2.47423e-07
3.218e-07
4.07265e-07
5.04516e-07
6.14104e-07
7.3638e-07
8.7144e-07
1.01908e-06
1.17874e-06
1.34951e-06
1.53005e-06
1.71867e-06
1.91332e-06
2.11162e-06
2.31099e-06
2.5087e-06
2.70201e-06
2.88828e-06
3.0651e-06
3.2304e-06
3.38252e-06
3.52028e-06
3.64305e-06
3.75068e-06
3.8435e-06
3.92226e-06
3.98802e-06
4.04209e-06
4.0859e-06
4.12095e-06
4.14869e-06
4.17048e-06
4.18755e-06
4.20099e-06
4.21167e-06
1.27392e-08
4.36527e-08
8.13217e-08
1.26709e-07
1.80712e-07
2.44208e-07
3.18057e-07
4.0307e-07
4.99966e-07
6.09317e-07
7.31494e-07
8.66614e-07
1.01449e-06
1.17457e-06
1.34594e-06
1.52726e-06
1.71682e-06
1.91254e-06
2.112e-06
2.31257e-06
2.51147e-06
2.7059e-06
2.89317e-06
3.07083e-06
3.23677e-06
3.38929e-06
3.52724e-06
3.64997e-06
3.75735e-06
3.84976e-06
3.92797e-06
3.99309e-06
4.04648e-06
4.0896e-06
4.12397e-06
4.15108e-06
4.17231e-06
4.18888e-06
4.20188e-06
4.21218e-06
1.25315e-08
4.2937e-08
8.00031e-08
1.2474e-07
1.7809e-07
2.40961e-07
3.14241e-07
3.98761e-07
4.95266e-07
6.04349e-07
7.26408e-07
8.6158e-07
1.00969e-06
1.17021e-06
1.34221e-06
1.52437e-06
1.71493e-06
1.91178e-06
2.11247e-06
2.31432e-06
2.51448e-06
2.71009e-06
2.89842e-06
3.07696e-06
3.24355e-06
3.39649e-06
3.53461e-06
3.65727e-06
3.76437e-06
3.85631e-06
3.93392e-06
3.99835e-06
4.051e-06
4.09338e-06
4.12703e-06
4.15347e-06
4.17409e-06
4.19013e-06
4.20266e-06
4.21256e-06
4.22127e-06
4.23431e-06
4.24526e-06
4.25541e-06
4.26559e-06
4.2764e-06
4.28848e-06
4.3028e-06
4.3196e-06
4.33873e-06
4.3602e-06
4.3841e-06
4.4106e-06
4.43993e-06
4.47239e-06
4.50834e-06
4.54819e-06
4.59248e-06
4.6418e-06
4.69687e-06
4.75855e-06
4.82786e-06
4.90599e-06
4.99436e-06
5.09469e-06
5.20899e-06
5.33965e-06
5.48951e-06
5.66184e-06
5.86038e-06
6.08924e-06
6.35298e-06
6.65673e-06
7.00813e-06
7.41433e-06
7.86037e-06
8.32738e-06
8.81447e-06
9.32182e-06
9.84629e-06
1.03843e-05
1.09323e-05
1.14869e-05
1.20448e-05
1.26028e-05
1.31579e-05
1.37069e-05
1.42467e-05
1.47745e-05
1.52871e-05
1.5782e-05
1.62563e-05
1.67074e-05
1.71327e-05
1.75301e-05
1.78995e-05
1.82565e-05
1.87045e-05
1.98063e-05
2.42482e-05
4.26434e-05
0.000105593
0.000260582
0.00049332
0.000664635
0.000740327
0.000764931
0.000772715
0.000776683
0.000780348
0.000784498
0.00078932
0.000794899
0.00080132
0.000808696
0.000817168
0.000826923
0.000838192
0.000851276
0.000866563
0.000884564
0.000905965
0.000931714
0.000963165
0.00100233
0.0010524
0.00111871
0.00121102
0.00134877
0.00157409
0.00198579
0.00282569
0.00469252
0.00579338
0.0065773
0.00722495
0.00780744
0.00835348
0.00887563
0.00938023
0.00987099
0.0103506
0.0108212
0.0112848
0.0117432
0.0121983
0.0126521
0.0131071
0.013566
0.0140323
0.0145107
0.0150078
0.0155334
0.016103
0.0167426
0.0174956
0.0184218
0.0195234
0.0204193
0.0198201
0.0162893
0.013842
0.0127877
0.0124613
0.0123774
0.012354
0.0123423
0.0123316
0.0123197
0.0123063
0.0122912
0.0122744
0.0122556
0.0122349
0.0122119
0.0121866
0.0121586
0.0121279
0.012094
0.0120568
0.012016
0.0119711
0.011922
0.0118683
0.0118098
0.0117463
0.0116777
0.0116035
0.0115234
0.0114414
0.0113617
0.0112845
0.0112098
0.0111378
0.0110689
0.0110034
0.0109413
0.0108827
0.0108276
0.0107759
0.0107275
0.0106825
0.0106406
0.0106018
0.0105659
0.0105329
0.0105026
0.010475
0.01045
0.0104275
0.0104076
0.01039
0.0103739
0.0103542
0.0103105
0.0101846
0.00988637
0.00944448
0.00912297
0.0089836
0.00894098
0.0089304
0.00892754
0.00892591
0.0089241
0.00892182
0.00891901
0.00891561
0.00891158
0.00890685
0.00890132
0.00889491
0.0088875
0.00887895
0.0088691
0.0088578
0.00884482
0.00882995
0.00881292
0.00879347
0.00877129
0.00874607
0.0087175
0.00868526
0.00864879
0.00860771
0.00856398
0.00851954
0.00847454
0.00842903
0.00838334
0.00833774
0.0082925
0.00824782
0.00820383
0.00816068
0.00811845
0.00807723
0.00803711
0.00799813
0.00796035
0.00792382
0.00788857
0.00785463
0.00782203
0.00779079
0.00776094
0.00773252
0.00770557
0.00768014
0.00765632
0.00763425
0.00761415
0.00759644
0.00758102
0.00756692
0.0075536
0.00754077
0.00752823
0.00751589
4.22145e-06
4.23442e-06
4.24533e-06
4.25545e-06
4.26559e-06
4.27634e-06
4.28836e-06
4.30263e-06
4.31941e-06
4.3385e-06
4.35993e-06
4.38379e-06
4.41025e-06
4.43953e-06
4.47193e-06
4.50782e-06
4.5476e-06
4.59181e-06
4.64104e-06
4.69601e-06
4.75758e-06
4.82675e-06
4.90473e-06
4.99293e-06
5.09306e-06
5.20713e-06
5.33755e-06
5.48713e-06
5.65918e-06
5.85743e-06
6.08608e-06
6.34973e-06
6.65368e-06
7.00578e-06
7.41323e-06
7.86081e-06
8.3294e-06
8.81773e-06
9.32607e-06
9.85129e-06
1.03899e-05
1.09383e-05
1.14933e-05
1.20515e-05
1.26097e-05
1.31649e-05
1.3714e-05
1.42538e-05
1.47815e-05
1.52941e-05
1.57887e-05
1.62628e-05
1.67136e-05
1.71387e-05
1.75356e-05
1.79042e-05
1.82582e-05
1.86921e-05
1.9729e-05
2.39146e-05
4.15724e-05
0.000103363
0.000258679
0.000494806
0.000666937
0.000741545
0.000765318
0.000772781
0.000776656
0.000780292
0.000784429
0.000789239
0.000794804
0.00080121
0.000808568
0.000817021
0.000826751
0.000837991
0.000851039
0.000866282
0.000884228
0.000905559
0.000931215
0.00096254
0.00100153
0.00105132
0.00111719
0.00120873
0.00134498
0.00156714
0.00197191
0.00279541
0.00462829
0.00571724
0.00649642
0.00714226
0.00772406
0.00826983
0.00879183
0.00929635
0.00978703
0.0102666
0.0107371
0.0112006
0.0116589
0.0121139
0.0125677
0.0130226
0.0134815
0.0139477
0.014426
0.014923
0.0154484
0.0160177
0.0166566
0.0174088
0.0183356
0.0194476
0.0203761
0.0198136
0.016262
0.0138082
0.0127702
0.0124556
0.0123761
0.0123539
0.0123424
0.0123318
0.0123199
0.0123065
0.0122915
0.0122747
0.0122559
0.0122352
0.0122123
0.012187
0.0121591
0.0121284
0.0120946
0.0120574
0.0120166
0.0119718
0.0119227
0.011869
0.0118105
0.011747
0.0116783
0.0116038
0.0115234
0.0114412
0.0113613
0.0112839
0.011209
0.011137
0.0110681
0.0110026
0.0109405
0.0108819
0.0108268
0.0107752
0.0107269
0.0106819
0.01064
0.0106012
0.0105654
0.0105324
0.0105022
0.0104746
0.0104496
0.0104272
0.0104073
0.0103898
0.0103739
0.0103546
0.0103125
0.0101888
0.00988992
0.00944162
0.00911865
0.00898136
0.00894029
0.00893031
0.00892761
0.00892602
0.00892422
0.00892195
0.00891915
0.00891576
0.00891174
0.00890702
0.00890151
0.00889511
0.00888771
0.00887918
0.00886936
0.00885807
0.00884512
0.00883027
0.00881328
0.00879385
0.0087717
0.00874649
0.00871793
0.00868565
0.00864909
0.00860788
0.00856399
0.00851941
0.0084743
0.00842872
0.00838297
0.00833734
0.00829208
0.00824738
0.00820338
0.00816022
0.008118
0.00807679
0.00803667
0.0079977
0.00795994
0.00792342
0.00788819
0.00785426
0.00782168
0.00779046
0.00776063
0.00773223
0.00770529
0.00767989
0.00765609
0.00763405
0.00761397
0.00759629
0.00758095
0.00756692
0.00755364
0.00754083
0.00752831
0.00751597
4.22175e-06
4.2346e-06
4.24541e-06
4.25544e-06
4.26546e-06
4.27602e-06
4.28783e-06
4.30196e-06
4.31861e-06
4.33758e-06
4.35887e-06
4.38258e-06
4.40887e-06
4.43797e-06
4.47018e-06
4.50585e-06
4.54539e-06
4.58932e-06
4.63825e-06
4.69287e-06
4.75405e-06
4.82277e-06
4.90024e-06
4.98787e-06
5.08734e-06
5.20068e-06
5.33028e-06
5.47899e-06
5.65012e-06
5.84754e-06
6.0756e-06
6.33926e-06
6.64433e-06
6.99932e-06
7.41103e-06
7.8638e-06
8.33817e-06
8.83127e-06
9.3433e-06
9.87131e-06
1.0412e-05
1.09621e-05
1.15183e-05
1.20774e-05
1.26363e-05
1.31919e-05
1.3741e-05
1.42807e-05
1.4808e-05
1.532e-05
1.58138e-05
1.62868e-05
1.67365e-05
1.71601e-05
1.75553e-05
1.79215e-05
1.82698e-05
1.86808e-05
1.96152e-05
2.33942e-05
3.98624e-05
9.97407e-05
0.000255541
0.000497207
0.000670652
0.000743467
0.000765886
0.00077282
0.000776529
0.000780102
0.000784194
0.000788961
0.000794479
0.000800833
0.00080813
0.000816512
0.00082616
0.000837303
0.000850235
0.000865336
0.000883107
0.000904217
0.00092959
0.000960539
0.000999012
0.00104806
0.00111278
0.0012024
0.00133522
0.00155073
0.00194195
0.00273531
0.00450714
0.00557381
0.00634447
0.00698719
0.00756794
0.00811333
0.00863514
0.00913952
0.00963003
0.0101094
0.0105798
0.0110431
0.0115013
0.0119561
0.0124098
0.0128646
0.0133234
0.0137896
0.0142679
0.0147649
0.0152904
0.0158596
0.0164983
0.0172502
0.0181799
0.0193107
0.0202951
0.0197972
0.016216
0.0137534
0.0127423
0.0124466
0.0123741
0.0123538
0.0123429
0.0123324
0.0123206
0.0123073
0.0122924
0.0122756
0.012257
0.0122364
0.0122136
0.0121885
0.0121607
0.0121301
0.0120965
0.0120595
0.0120188
0.0119741
0.0119252
0.0118715
0.011813
0.0117493
0.0116801
0.0116049
0.0115236
0.0114404
0.0113596
0.0112816
0.0112064
0.0111341
0.0110652
0.0109996
0.0109376
0.0108791
0.0108242
0.0107726
0.0107245
0.0106796
0.0106379
0.0105993
0.0105636
0.0105308
0.0105007
0.0104732
0.0104484
0.0104261
0.0104064
0.0103891
0.0103735
0.0103552
0.0103154
0.0101955
0.00989574
0.00943699
0.00911166
0.00897779
0.00893925
0.00893022
0.00892779
0.00892628
0.00892451
0.00892227
0.0089195
0.00891614
0.00891216
0.00890748
0.00890202
0.00889567
0.00888833
0.00887986
0.00887011
0.0088589
0.00884604
0.00883128
0.00881438
0.00879504
0.00877296
0.00874781
0.00871921
0.00868679
0.0086499
0.00860822
0.00856383
0.00851871
0.0084732
0.00842733
0.00838138
0.00833563
0.00829028
0.00824553
0.00820151
0.00815834
0.00811612
0.00807493
0.00803485
0.00799592
0.0079582
0.00792174
0.00788656
0.0078527
0.00782019
0.00778904
0.00775929
0.00773097
0.00770412
0.00767881
0.00765511
0.00763317
0.00761318
0.00759564
0.00758055
0.00756673
0.00755358
0.00754085
0.00752838
0.00751609
4.22213e-06
4.23478e-06
4.24543e-06
4.25529e-06
4.26507e-06
4.27529e-06
4.28666e-06
4.30047e-06
4.31686e-06
4.33553e-06
4.35652e-06
4.3799e-06
4.40585e-06
4.43458e-06
4.46637e-06
4.50158e-06
4.54061e-06
4.58398e-06
4.63226e-06
4.68616e-06
4.74652e-06
4.81432e-06
4.89073e-06
4.97717e-06
5.0753e-06
5.18714e-06
5.31509e-06
5.46201e-06
5.63134e-06
5.82711e-06
6.05408e-06
6.31795e-06
6.62564e-06
6.98689e-06
7.4077e-06
7.87159e-06
8.35822e-06
8.86158e-06
9.38153e-06
9.91552e-06
1.04608e-05
1.10143e-05
1.15731e-05
1.21341e-05
1.26943e-05
1.32505e-05
1.37998e-05
1.43391e-05
1.48654e-05
1.53759e-05
1.58678e-05
1.63385e-05
1.67854e-05
1.72058e-05
1.75973e-05
1.79588e-05
1.82985e-05
1.86818e-05
1.94985e-05
2.28071e-05
3.78689e-05
9.54241e-05
0.000251729
0.000500029
0.000675031
0.000745669
0.000766462
0.000772752
0.000776239
0.000779702
0.000783706
0.000788382
0.000793801
0.000800043
0.000807214
0.000815451
0.000824929
0.000835872
0.000848565
0.000863378
0.000880797
0.000901467
0.000926279
0.000956498
0.000993983
0.00104164
0.00110429
0.00119061
0.00131777
0.00152297
0.00189448
0.00264671
0.00433758
0.00537257
0.00613134
0.00676986
0.0073493
0.00789426
0.00841585
0.00892
0.00941024
0.00988931
0.0103594
0.0108224
0.0112802
0.0117348
0.0121883
0.012643
0.0131017
0.013568
0.0140466
0.0145441
0.0150702
0.0156403
0.01628
0.0170337
0.0179691
0.0191258
0.0201818
0.0197688
0.016159
0.0136881
0.0127098
0.0124365
0.0123722
0.0123542
0.0123438
0.0123336
0.0123221
0.012309
0.0122942
0.0122777
0.0122594
0.012239
0.0122164
0.0121916
0.0121641
0.0121338
0.0121005
0.0120638
0.0120234
0.011979
0.0119303
0.0118768
0.0118182
0.011754
0.011684
0.0116071
0.0115239
0.0114386
0.0113559
0.0112766
0.0112006
0.011128
0.0110589
0.0109934
0.0109315
0.0108732
0.0108185
0.0107672
0.0107193
0.0106748
0.0106334
0.0105951
0.0105597
0.0105272
0.0104975
0.0104703
0.0104458
0.0104239
0.0104045
0.0103875
0.0103724
0.0103554
0.0103186
0.0102034
0.00990276
0.00943152
0.00910341
0.00897367
0.00893813
0.00893022
0.00892811
0.00892671
0.00892501
0.00892283
0.00892012
0.00891684
0.00891294
0.00890834
0.00890298
0.00889674
0.00888952
0.00888119
0.00887159
0.00886054
0.00884785
0.00883329
0.00881658
0.00879742
0.0087755
0.00875042
0.00872175
0.00868899
0.0086514
0.00860876
0.00856328
0.00851704
0.00847065
0.00842416
0.0083778
0.00833177
0.00828625
0.00824139
0.00819732
0.00815413
0.00811193
0.00807078
0.00803076
0.00799191
0.0079543
0.00791795
0.0078829
0.00784918
0.00781682
0.00778583
0.00775625
0.00772811
0.00770145
0.00767635
0.00765286
0.00763115
0.0076114
0.00759419
0.00757959
0.00756619
0.00755332
0.00754075
0.0075284
0.00751617
4.22252e-06
4.23492e-06
4.24534e-06
4.25494e-06
4.26435e-06
4.27401e-06
4.28467e-06
4.29791e-06
4.31383e-06
4.33199e-06
4.35246e-06
4.37529e-06
4.40065e-06
4.42874e-06
4.45984e-06
4.49428e-06
4.53246e-06
4.57487e-06
4.62208e-06
4.67477e-06
4.73376e-06
4.80002e-06
4.87469e-06
4.95916e-06
5.05507e-06
5.16444e-06
5.28967e-06
5.43368e-06
5.60007e-06
5.7932e-06
6.01849e-06
6.28286e-06
6.59508e-06
6.96688e-06
7.40322e-06
7.88619e-06
8.39348e-06
8.91424e-06
9.44771e-06
9.99195e-06
1.0545e-05
1.11045e-05
1.16678e-05
1.2232e-05
1.27942e-05
1.33515e-05
1.39009e-05
1.44393e-05
1.49639e-05
1.54718e-05
1.59603e-05
1.64268e-05
1.68688e-05
1.72835e-05
1.76686e-05
1.80224e-05
1.83504e-05
1.87037e-05
1.9402e-05
2.22369e-05
3.58476e-05
9.09317e-05
0.000247666
0.000502905
0.000679516
0.000747841
0.000766922
0.000772519
0.000775733
0.000779032
0.000782889
0.000787412
0.000792663
0.000798719
0.000805679
0.000813673
0.000822869
0.000833481
0.000845781
0.000860122
0.000876965
0.000896921
0.000920833
0.000949888
0.000985822
0.00103133
0.00109086
0.00117237
0.00129162
0.00148303
0.00182942
0.00253216
0.00412845
0.00512338
0.00586692
0.00650008
0.00707782
0.00762222
0.00814346
0.00864724
0.009137
0.00961555
0.0100851
0.0105475
0.0110049
0.0114591
0.0119122
0.0123667
0.0128255
0.013292
0.0137712
0.0142696
0.0147973
0.0153696
0.0160123
0.0167705
0.0177157
0.0189043
0.0200418
0.0197278
0.0160971
0.0136204
0.0126769
0.0124267
0.0123708
0.0123551
0.0123455
0.0123357
0.0123245
0.0123118
0.0122974
0.0122812
0.0122633
0.0122433
0.0122212
0.0121968
0.0121698
0.01214
0.0121072
0.012071
0.0120312
0.0119873
0.0119389
0.0118856
0.0118268
0.011762
0.0116903
0.0116108
0.0115243
0.0114355
0.0113496
0.0112681
0.0111908
0.0111175
0.0110482
0.0109827
0.010921
0.010863
0.0108087
0.0107579
0.0107106
0.0106666
0.0106257
0.010588
0.0105532
0.0105212
0.010492
0.0104654
0.0104415
0.01042
0.0104012
0.0103849
0.0103706
0.010355
0.0103215
0.0102114
0.0099102
0.00942591
0.00909492
0.00896954
0.00893711
0.00893035
0.0089286
0.00892734
0.00892574
0.00892367
0.00892107
0.00891791
0.00891414
0.0089097
0.0089045
0.00889844
0.00889143
0.00888332
0.00887397
0.0088632
0.0088508
0.00883654
0.00882015
0.0088013
0.00877963
0.00875466
0.00872586
0.00869253
0.00865376
0.00860949
0.00856216
0.00851403
0.00846616
0.00841863
0.00837155
0.00832505
0.00827922
0.00823418
0.00819
0.00814679
0.00810461
0.00806354
0.00802363
0.00798493
0.00794749
0.00791135
0.00787652
0.00784304
0.00781093
0.00778022
0.00775093
0.0077231
0.00769678
0.00767203
0.00764892
0.00762763
0.00760829
0.00759166
0.00757789
0.00756517
0.00755274
0.00754046
0.00752828
0.00751618
4.22288e-06
4.23496e-06
4.24508e-06
4.25431e-06
4.2632e-06
4.27206e-06
4.28169e-06
4.29407e-06
4.30926e-06
4.32667e-06
4.34635e-06
4.36836e-06
4.39284e-06
4.41999e-06
4.45006e-06
4.48336e-06
4.52028e-06
4.56128e-06
4.60691e-06
4.65783e-06
4.71482e-06
4.77881e-06
4.85093e-06
4.93253e-06
5.02522e-06
5.13099e-06
5.25228e-06
5.3921e-06
5.55427e-06
5.74364e-06
5.96659e-06
6.23183e-06
6.55079e-06
6.93802e-06
7.39759e-06
7.90924e-06
8.4471e-06
8.99383e-06
9.54761e-06
1.01073e-05
1.06722e-05
1.12407e-05
1.18106e-05
1.23797e-05
1.29451e-05
1.35039e-05
1.40533e-05
1.45903e-05
1.51121e-05
1.5616e-05
1.60992e-05
1.65592e-05
1.69936e-05
1.73997e-05
1.7775e-05
1.81175e-05
1.84303e-05
1.87519e-05
1.93393e-05
2.17339e-05
3.39644e-05
8.66205e-05
0.000243649
0.00050557
0.000683721
0.000749781
0.000767189
0.000772078
0.000774971
0.000778044
0.000781685
0.000785981
0.000790985
0.000796765
0.000803414
0.000811052
0.000819838
0.000829967
0.000841696
0.000855355
0.000871369
0.000890304
0.000912936
0.000940352
0.00097413
0.00101671
0.00107206
0.00114731
0.00125661
0.00143131
0.0017483
0.00239556
0.00388859
0.00483624
0.00556101
0.0061873
0.00676266
0.0073061
0.00782666
0.00832973
0.00881869
0.00929637
0.009765
0.0102266
0.0106832
0.0111367
0.0115893
0.0120435
0.0125023
0.0129692
0.0134493
0.0139493
0.0144795
0.0150556
0.0157036
0.0164698
0.0174294
0.0186551
0.0198799
0.0196743
0.0160347
0.0135556
0.0126464
0.0124183
0.0123702
0.0123568
0.012348
0.0123388
0.0123281
0.0123158
0.012302
0.0122864
0.012269
0.0122497
0.0122282
0.0122045
0.0121782
0.0121492
0.0121172
0.0120818
0.0120427
0.0119995
0.0119516
0.0118986
0.0118396
0.0117737
0.0116997
0.0116162
0.0115248
0.0114309
0.0113403
0.0112555
0.0111762
0.0111019
0.0110322
0.0109667
0.0109053
0.0108479
0.0107942
0.0107441
0.0106975
0.0106543
0.0106143
0.0105773
0.0105434
0.0105122
0.0104838
0.0104581
0.0104349
0.0104143
0.0103963
0.0103809
0.0103676
0.0103537
0.0103237
0.0102189
0.00991748
0.00942068
0.00908693
0.00896577
0.0089363
0.00893065
0.00892927
0.00892819
0.00892675
0.00892482
0.00892239
0.00891941
0.00891584
0.00891162
0.00890666
0.00890088
0.00889416
0.00888639
0.0088774
0.00886703
0.00885506
0.00884126
0.00882533
0.00880692
0.0087856
0.0087608
0.00873178
0.00869761
0.00865711
0.00861042
0.00856031
0.00850939
0.00845932
0.00841022
0.00836208
0.00831487
0.00826857
0.00822324
0.00817891
0.00813565
0.00809351
0.00805255
0.00801281
0.00797433
0.00793715
0.0079013
0.00786681
0.00783369
0.00780198
0.00777168
0.00774283
0.00771548
0.00768965
0.00766545
0.00764292
0.00762227
0.0076036
0.00758787
0.0075753
0.00756355
0.00755176
0.00753988
0.00752797
0.00751606
4.22317e-06
4.23486e-06
4.2446e-06
4.25337e-06
4.26156e-06
4.26937e-06
4.27763e-06
4.28881e-06
4.30298e-06
4.31932e-06
4.33794e-06
4.35881e-06
4.3821e-06
4.40796e-06
4.43663e-06
4.46839e-06
4.5036e-06
4.5427e-06
4.5862e-06
4.63473e-06
4.68902e-06
4.74997e-06
4.81867e-06
4.89642e-06
4.9848e-06
5.08577e-06
5.20184e-06
5.3361e-06
5.49271e-06
5.67715e-06
5.89712e-06
6.16364e-06
6.49168e-06
6.89951e-06
7.3908e-06
7.94194e-06
8.52142e-06
9.10384e-06
9.68576e-06
1.02671e-05
1.08484e-05
1.14294e-05
1.20089e-05
1.25846e-05
1.31543e-05
1.37152e-05
1.42645e-05
1.47994e-05
1.53172e-05
1.58154e-05
1.62911e-05
1.67419e-05
1.71657e-05
1.75596e-05
1.79212e-05
1.82481e-05
1.85416e-05
1.88299e-05
1.93166e-05
2.13237e-05
3.23162e-05
8.27253e-05
0.000239889
0.000507836
0.000687382
0.000751365
0.00076722
0.000771407
0.000773929
0.000776706
0.000780055
0.000784041
0.000788709
0.000794116
0.000800346
0.000807506
0.000815739
0.000825225
0.000836194
0.000848946
0.000863867
0.000881463
0.000902428
0.000927729
0.000958757
0.000997652
0.00104788
0.00111565
0.00121346
0.00136943
0.00165417
0.00224213
0.00362667
0.00452091
0.00522318
0.0058406
0.0064124
0.00695408
0.00747332
0.00797513
0.00846275
0.00893906
0.00940632
0.00986658
0.010322
0.0107745
0.0112262
0.01168
0.0121387
0.0126061
0.0130873
0.0135896
0.0141233
0.0147048
0.0153608
0.0161388
0.0171176
0.0183856
0.0197007
0.0196087
0.0159748
0.0134976
0.0126199
0.0124116
0.0123705
0.0123592
0.0123515
0.0123429
0.0123329
0.0123214
0.0123083
0.0122935
0.0122769
0.0122584
0.0122378
0.012215
0.0121897
0.0121617
0.0121307
0.0120964
0.0120583
0.012016
0.0119689
0.0119162
0.0118569
0.0117895
0.0117123
0.0116236
0.0115254
0.0114244
0.0113275
0.0112383
0.0111563
0.0110806
0.0110103
0.0109448
0.0108839
0.010827
0.0107742
0.0107251
0.0106795
0.0106374
0.0105985
0.0105627
0.0105299
0.0104999
0.0104727
0.0104481
0.010426
0.0104066
0.0103897
0.0103754
0.0103635
0.0103515
0.010325
0.0102254
0.00992421
0.00941616
0.0090799
0.00896256
0.00893577
0.00893113
0.00893013
0.00892928
0.00892803
0.00892632
0.00892411
0.00892137
0.00891807
0.00891414
0.00890952
0.0089041
0.00889779
0.00889047
0.00888197
0.00887214
0.00886075
0.00884755
0.00883224
0.00881441
0.00879356
0.00876897
0.00873966
0.00870434
0.00866154
0.00861153
0.00855759
0.00850291
0.00844984
0.00839858
0.00834895
0.00830074
0.00825378
0.00820805
0.0081635
0.00812016
0.00807807
0.00803725
0.00799775
0.00795957
0.00792275
0.00788732
0.0078533
0.00782068
0.00778951
0.00775979
0.00773155
0.00770485
0.00767973
0.00765628
0.00763456
0.00761481
0.0075971
0.00758265
0.0075717
0.00756122
0.00755029
0.00753896
0.00752742
0.00751577
4.22335e-06
4.23459e-06
4.24387e-06
4.25205e-06
4.25937e-06
4.26589e-06
4.27243e-06
4.28204e-06
4.29486e-06
4.30983e-06
4.32705e-06
4.34648e-06
4.36823e-06
4.39245e-06
4.41933e-06
4.44913e-06
4.48216e-06
4.51884e-06
4.55964e-06
4.60514e-06
4.65602e-06
4.71314e-06
4.77753e-06
4.85044e-06
4.93341e-06
5.0284e-06
5.13793e-06
5.26529e-06
5.41501e-06
5.59341e-06
5.80976e-06
6.07799e-06
6.41743e-06
6.85102e-06
7.38286e-06
7.98501e-06
8.61787e-06
9.2466e-06
9.86536e-06
1.04751e-05
1.10783e-05
1.1676e-05
1.22679e-05
1.28525e-05
1.34278e-05
1.39913e-05
1.45404e-05
1.50724e-05
1.55849e-05
1.60752e-05
1.65409e-05
1.69796e-05
1.73891e-05
1.77669e-05
1.81103e-05
1.84169e-05
1.86864e-05
1.89389e-05
1.93353e-05
2.10146e-05
3.09518e-05
7.93936e-05
0.000236532
0.00050957
0.00069033
0.000752527
0.000767
0.000770499
0.000772594
0.000775002
0.000777976
0.000781567
0.000785806
0.00079074
0.000796438
0.000802994
0.000810533
0.000819211
0.000829232
0.000840859
0.000854428
0.000870379
0.000889311
0.00091206
0.000939811
0.000974392
0.00101875
0.0010782
0.00116363
0.00129998
0.00155129
0.0020781
0.00335075
0.00418653
0.00486245
0.00546848
0.00603496
0.0065736
0.00709049
0.00759016
0.00807565
0.00854987
0.0090151
0.00947344
0.00992708
0.010378
0.0108286
0.0112816
0.01174
0.0122077
0.0126904
0.0131954
0.0137336
0.0143223
0.0149888
0.0157826
0.016786
0.0181011
0.0195074
0.0195312
0.0159197
0.0134487
0.0125983
0.0124068
0.0123717
0.0123625
0.0123559
0.0123482
0.0123391
0.0123285
0.0123163
0.0123025
0.0122869
0.0122695
0.0122501
0.0122285
0.0122044
0.0121777
0.012148
0.012115
0.0120782
0.0120371
0.0119909
0.0119386
0.0118788
0.0118096
0.0117283
0.011633
0.0115261
0.011416
0.0113112
0.0112163
0.0111307
0.0110531
0.0109821
0.0109166
0.0108562
0.0108002
0.0107484
0.0107005
0.0106563
0.0106156
0.0105782
0.0105439
0.0105125
0.010484
0.0104583
0.0104351
0.0104145
0.0103965
0.0103812
0.0103685
0.0103583
0.0103484
0.0103253
0.0102306
0.0099301
0.00941262
0.00907417
0.00896003
0.00893551
0.00893179
0.00893117
0.00893059
0.0089296
0.00892815
0.00892623
0.00892381
0.00892085
0.0089173
0.00891309
0.00890814
0.00890235
0.00889559
0.00888772
0.00887857
0.00886791
0.00885548
0.00884094
0.00882384
0.00880356
0.00877921
0.00874952
0.00871276
0.00866706
0.00861283
0.00855395
0.00849445
0.00843751
0.00838345
0.00833187
0.00828233
0.0082345
0.00818821
0.00814336
0.00809992
0.00805789
0.00801725
0.00797804
0.00794026
0.00790392
0.00786903
0.00783561
0.00780365
0.00777318
0.00774422
0.00771679
0.00769095
0.00766674
0.00764429
0.00762364
0.00760509
0.00758867
0.00757591
0.00756699
0.00755812
0.00754827
0.00753764
0.00752657
0.00751525
4.22338e-06
4.23411e-06
4.24285e-06
4.25033e-06
4.25661e-06
4.26158e-06
4.26607e-06
4.27374e-06
4.28487e-06
4.29812e-06
4.31364e-06
4.33128e-06
4.35116e-06
4.37337e-06
4.39808e-06
4.42549e-06
4.4559e-06
4.48965e-06
4.52719e-06
4.56903e-06
4.61582e-06
4.66834e-06
4.72757e-06
4.7947e-06
4.87122e-06
4.95908e-06
5.06088e-06
5.18007e-06
5.32169e-06
5.49302e-06
5.70522e-06
5.97557e-06
6.32857e-06
6.7927e-06
7.37376e-06
8.0386e-06
8.73695e-06
9.42321e-06
1.00882e-05
1.07341e-05
1.13651e-05
1.1984e-05
1.25917e-05
1.31875e-05
1.37699e-05
1.43365e-05
1.48852e-05
1.54134e-05
1.59189e-05
1.63992e-05
1.6852e-05
1.72751e-05
1.76666e-05
1.80239e-05
1.83443e-05
1.86253e-05
1.88655e-05
1.90791e-05
1.93939e-05
2.08048e-05
2.98888e-05
7.67124e-05
0.00023368
0.000510673
0.000692457
0.000753241
0.000766532
0.000769358
0.000770971
0.000772932
0.000775449
0.000778558
0.000782275
0.000786635
0.000791694
0.000797525
0.000804233
0.00081195
0.000820847
0.000831147
0.000843131
0.000857166
0.000873752
0.000893586
0.000917646
0.000947459
0.000985483
0.00103624
0.00110914
0.00122618
0.00144457
0.00191026
0.00306788
0.00384109
0.00448694
0.00507863
0.00563744
0.00617119
0.00668427
0.00718057
0.00766287
0.00813405
0.00859637
0.00905198
0.00950313
0.00995187
0.0104006
0.0108523
0.0113101
0.0117782
0.0122623
0.0127704
0.0133141
0.0139114
0.0145911
0.0154046
0.0164379
0.0178051
0.0193022
0.0194414
0.0158707
0.0134103
0.0125821
0.0124039
0.0123739
0.0123667
0.0123612
0.0123547
0.0123467
0.0123372
0.0123262
0.0123135
0.0122992
0.0122832
0.0122651
0.012245
0.0122224
0.0121973
0.0121692
0.0121378
0.0121026
0.0120628
0.0120177
0.0119658
0.0119054
0.0118339
0.0117477
0.0116444
0.011527
0.0114058
0.0112912
0.0111893
0.0110994
0.0110195
0.0109474
0.0108819
0.0108221
0.0107671
0.0107166
0.0106703
0.0106277
0.0105887
0.0105531
0.0105206
0.0104911
0.0104645
0.0104405
0.0104192
0.0104004
0.0103842
0.0103707
0.0103599
0.0103518
0.0103443
0.0103246
0.0102343
0.00993496
0.00941025
0.00906992
0.00895823
0.00893554
0.0089326
0.00893239
0.00893212
0.00893144
0.00893032
0.00892875
0.0089267
0.00892416
0.00892107
0.00891738
0.00891299
0.00890782
0.00890175
0.00889463
0.00888629
0.00887651
0.008865
0.00885138
0.00883514
0.00881555
0.00879148
0.00876131
0.00872281
0.00867366
0.00861429
0.00854935
0.00848397
0.00842227
0.00836471
0.00831067
0.00825945
0.00821049
0.00816349
0.00811824
0.00807465
0.00803268
0.00799227
0.00795343
0.00791613
0.00788037
0.00784617
0.0078135
0.00778237
0.00775278
0.00772476
0.00769834
0.00767358
0.00765053
0.00762932
0.00761002
0.00759299
0.00757822
0.00756759
0.00756113
0.00755417
0.00754563
0.00753586
0.00752538
0.00751449
4.22325e-06
4.2334e-06
4.24152e-06
4.24817e-06
4.25325e-06
4.25645e-06
4.25857e-06
4.26394e-06
4.27302e-06
4.28424e-06
4.29773e-06
4.31327e-06
4.33095e-06
4.3508e-06
4.37296e-06
4.3976e-06
4.42494e-06
4.4553e-06
4.48905e-06
4.52668e-06
4.56874e-06
4.61596e-06
4.66926e-06
4.72977e-06
4.79891e-06
4.87865e-06
4.97166e-06
5.08161e-06
5.21411e-06
5.37752e-06
5.58513e-06
5.85798e-06
6.22637e-06
6.72522e-06
7.36351e-06
8.10229e-06
8.87813e-06
9.63347e-06
1.03547e-05
1.10448e-05
1.17101e-05
1.23553e-05
1.29826e-05
1.35922e-05
1.41831e-05
1.47535e-05
1.53015e-05
1.58248e-05
1.63214e-05
1.67892e-05
1.7226e-05
1.76299e-05
1.79992e-05
1.83313e-05
1.86236e-05
1.88735e-05
1.90787e-05
1.92493e-05
1.94891e-05
2.06872e-05
2.91262e-05
7.47275e-05
0.000231402
0.000511077
0.0006937
0.000753505
0.000765832
0.000768001
0.000769074
0.000770513
0.000772493
0.000775035
0.000778142
0.000781836
0.000786154
0.00079115
0.000796907
0.000803527
0.000811147
0.000819949
0.000830156
0.00084206
0.000856062
0.000872722
0.000892827
0.000917632
0.000949181
0.000991334
0.0010523
0.00115141
0.00133899
0.00174533
0.00278361
0.0034911
0.00410353
0.0046776
0.00522588
0.00575239
0.00625975
0.00675108
0.00722882
0.00769574
0.00815406
0.00860594
0.00905367
0.00949937
0.00994557
0.0103953
0.010852
0.0113199
0.0118054
0.012317
0.0128667
0.0134742
0.0141693
0.0150065
0.016075
0.0174989
0.0190857
0.0193378
0.0158286
0.0133832
0.0125712
0.0124028
0.0123768
0.0123715
0.0123675
0.0123623
0.0123556
0.0123474
0.0123378
0.0123266
0.0123138
0.0122992
0.0122829
0.0122644
0.0122437
0.0122204
0.0121942
0.0121646
0.0121312
0.012093
0.012049
0.0119976
0.0119365
0.0118621
0.0117703
0.0116576
0.011528
0.0113937
0.0112677
0.0111576
0.0110626
0.0109797
0.0109065
0.0108409
0.0107816
0.0107278
0.0106789
0.0106343
0.0105937
0.0105568
0.0105233
0.010493
0.0104657
0.0104412
0.0104194
0.0104003
0.0103837
0.0103697
0.0103584
0.0103499
0.0103441
0.0103392
0.0103229
0.0102365
0.00993867
0.00940916
0.00906728
0.00895717
0.00893582
0.00893356
0.00893377
0.00893386
0.00893354
0.0089328
0.00893164
0.00893004
0.00892799
0.00892543
0.00892233
0.0089186
0.00891416
0.00890888
0.00890263
0.00889523
0.00888646
0.008876
0.00886345
0.00884818
0.00882935
0.00880559
0.00877485
0.00873435
0.00868125
0.00861591
0.00854382
0.00847154
0.00840417
0.00834239
0.00828535
0.00823204
0.00818167
0.00813378
0.00808802
0.00804424
0.00800231
0.00796217
0.00792376
0.00788705
0.007852
0.00781861
0.00778686
0.00775671
0.0077282
0.00770132
0.00767612
0.00765267
0.00763101
0.00761132
0.00759366
0.00757847
0.00756574
0.00755768
0.00755408
0.00754932
0.00754231
0.00753358
0.0075238
0.00751342
0.00750626
0.00749928
0.00749229
0.0074853
0.00747827
0.0074712
0.00746408
0.00745688
0.00744959
0.00744221
0.00743471
0.00742708
0.00741932
0.00741142
0.00740337
0.00739516
0.00738681
0.00737831
0.00736967
0.00736091
0.00735202
0.00734304
0.00733398
0.00732488
0.00731577
0.00730668
0.00729767
0.00728878
0.00728008
0.00727163
0.00726351
0.00725581
0.0072486
0.00724199
0.00723606
0.00723093
0.00722668
0.00722339
0.00722116
0.00722002
0.00750635
0.00749937
0.00749239
0.0074854
0.00747838
0.00747131
0.00746419
0.007457
0.00744971
0.00744233
0.00743483
0.00742721
0.00741945
0.00741155
0.0074035
0.0073953
0.00738695
0.00737845
0.00736981
0.00736104
0.00735216
0.00734317
0.00733412
0.00732501
0.0073159
0.00730681
0.00729779
0.0072889
0.00728019
0.00727174
0.00726362
0.0072559
0.00724869
0.00724207
0.00723614
0.007231
0.00722674
0.00722345
0.0072212
0.00722007
0.00750649
0.00749952
0.00749255
0.00748557
0.00747856
0.00747151
0.00746439
0.0074572
0.00744993
0.00744255
0.00743506
0.00742744
0.00741969
0.00741179
0.00740375
0.00739555
0.0073872
0.00737871
0.00737007
0.0073613
0.00735242
0.00734343
0.00733438
0.00732527
0.00731615
0.00730706
0.00729803
0.00728913
0.00728042
0.00727196
0.00726382
0.0072561
0.00724887
0.00724223
0.00723629
0.00723113
0.00722686
0.00722355
0.0072213
0.00722016
0.00750662
0.00749968
0.00749274
0.00748578
0.00747879
0.00747175
0.00746465
0.00745748
0.00745022
0.00744285
0.00743537
0.00742776
0.00742002
0.00741213
0.0074041
0.00739591
0.00738756
0.00737907
0.00737044
0.00736167
0.00735279
0.00734381
0.00733475
0.00732564
0.00731652
0.00730741
0.00729838
0.00728947
0.00728075
0.00727227
0.00726412
0.00725638
0.00724913
0.00724247
0.00723651
0.00723133
0.00722704
0.00722372
0.00722145
0.00722031
0.0075067
0.00749981
0.00749291
0.00748598
0.00747902
0.00747201
0.00746494
0.00745779
0.00745055
0.00744321
0.00743575
0.00742816
0.00742043
0.00741255
0.00740453
0.00739635
0.00738802
0.00737953
0.00737091
0.00736215
0.00735327
0.00734429
0.00733523
0.00732611
0.00731698
0.00730788
0.00729884
0.00728991
0.00728117
0.00727268
0.00726451
0.00725674
0.00724947
0.00724279
0.00723679
0.00723159
0.00722727
0.00722393
0.00722165
0.0072205
0.00750669
0.00749987
0.00749302
0.00748615
0.00747924
0.00747227
0.00746524
0.00745812
0.00745091
0.0074436
0.00743616
0.0074286
0.00742089
0.00741303
0.00740503
0.00739686
0.00738855
0.00738008
0.00737146
0.00736271
0.00735383
0.00734485
0.0073358
0.00732668
0.00731755
0.00730843
0.00729938
0.00729045
0.00728169
0.00727317
0.00726498
0.00725719
0.00724989
0.00724317
0.00723715
0.00723191
0.00722756
0.0072242
0.0072219
0.00722073
0.00750655
0.00749982
0.00749306
0.00748626
0.00747941
0.0074725
0.00746552
0.00745845
0.00745128
0.007444
0.0074366
0.00742907
0.00742139
0.00741356
0.00740558
0.00739744
0.00738914
0.00738068
0.00737208
0.00736334
0.00735448
0.0073455
0.00733645
0.00732733
0.0073182
0.00730908
0.00730001
0.00729106
0.00728229
0.00727375
0.00726553
0.00725771
0.00725037
0.00724363
0.00723756
0.00723229
0.00722791
0.00722452
0.00722219
0.00722101
0.00750624
0.00749963
0.00749298
0.00748627
0.0074795
0.00747267
0.00746575
0.00745874
0.00745163
0.0074444
0.00743705
0.00742955
0.00742191
0.00741412
0.00740617
0.00739805
0.00738978
0.00738135
0.00737276
0.00736404
0.00735519
0.00734622
0.00733717
0.00732806
0.00731892
0.0073098
0.00730072
0.00729176
0.00728296
0.0072744
0.00726615
0.0072583
0.00725093
0.00724414
0.00723804
0.00723273
0.00722831
0.00722488
0.00722254
0.00722134
0.00750573
0.00749927
0.00749275
0.00748616
0.0074795
0.00747275
0.00746592
0.00745899
0.00745194
0.00744478
0.00743748
0.00743003
0.00742244
0.00741469
0.00740678
0.0073987
0.00739045
0.00738205
0.00737349
0.00736479
0.00735595
0.007347
0.00733796
0.00732886
0.00731972
0.00731058
0.0073015
0.00729252
0.00728371
0.00727512
0.00726684
0.00725895
0.00725155
0.00724472
0.00723858
0.00723322
0.00722876
0.0072253
0.00722292
0.00722171
0.00750498
0.00749871
0.00749235
0.0074859
0.00747937
0.00747274
0.007466
0.00745916
0.0074522
0.00744511
0.00743788
0.0074305
0.00742296
0.00741526
0.00740739
0.00739936
0.00739115
0.00738278
0.00737425
0.00736558
0.00735676
0.00734783
0.0073388
0.0073297
0.00732057
0.00731143
0.00730235
0.00729335
0.00728452
0.00727591
0.0072676
0.00725967
0.00725222
0.00724535
0.00723916
0.00723376
0.00722926
0.00722576
0.00722335
0.00722212
1.23356e-08
4.22573e-08
7.87367e-08
1.22823e-07
1.75505e-07
2.37726e-07
3.10403e-07
3.94397e-07
4.90477e-07
5.99267e-07
7.21187e-07
8.564e-07
1.00475e-06
1.16572e-06
1.33838e-06
1.5214e-06
1.71301e-06
1.91105e-06
2.11304e-06
2.31622e-06
2.5177e-06
2.71455e-06
2.90398e-06
3.08342e-06
3.25068e-06
3.40404e-06
3.54231e-06
3.66487e-06
3.77164e-06
3.86308e-06
3.94004e-06
4.00373e-06
4.05559e-06
4.09718e-06
4.13008e-06
4.15582e-06
4.1758e-06
4.19128e-06
4.20332e-06
4.21278e-06
1.21505e-08
4.16126e-08
7.75261e-08
1.20972e-07
1.7298e-07
2.34534e-07
3.06585e-07
3.90025e-07
4.85654e-07
5.94124e-07
7.15887e-07
8.5113e-07
9.99718e-07
1.16114e-06
1.33449e-06
1.5184e-06
1.71109e-06
1.91037e-06
2.1137e-06
2.31827e-06
2.52111e-06
2.71924e-06
2.9098e-06
3.09016e-06
3.25809e-06
3.41186e-06
3.55026e-06
3.67269e-06
3.77911e-06
3.86998e-06
3.94625e-06
4.00915e-06
4.06019e-06
4.10095e-06
4.13306e-06
4.15807e-06
4.1774e-06
4.1923e-06
4.20382e-06
4.21282e-06
1.19754e-08
4.10012e-08
7.63725e-08
1.19193e-07
1.70531e-07
2.31411e-07
3.0282e-07
3.85686e-07
4.80841e-07
5.88972e-07
7.1056e-07
8.4582e-07
9.94641e-07
1.15653e-06
1.33057e-06
1.51539e-06
1.7092e-06
1.90975e-06
2.11446e-06
2.32045e-06
2.52469e-06
2.72413e-06
2.91583e-06
3.09712e-06
3.26573e-06
3.41989e-06
3.5584e-06
3.68067e-06
3.78668e-06
3.87697e-06
3.95249e-06
4.01457e-06
4.06474e-06
4.10465e-06
4.13594e-06
4.1602e-06
4.17885e-06
4.19315e-06
4.20415e-06
4.21267e-06
1.18094e-08
4.04217e-08
7.52758e-08
1.17492e-07
1.68171e-07
2.28377e-07
2.99136e-07
3.81413e-07
4.76077e-07
5.8385e-07
7.05247e-07
8.40513e-07
9.8956e-07
1.15191e-06
1.32665e-06
1.51241e-06
1.70734e-06
1.90919e-06
2.1153e-06
2.32275e-06
2.52841e-06
2.72918e-06
2.92203e-06
3.10426e-06
3.27353e-06
3.42807e-06
3.56666e-06
3.68874e-06
3.79431e-06
3.88396e-06
3.95872e-06
4.01994e-06
4.06921e-06
4.10824e-06
4.1387e-06
4.16219e-06
4.18015e-06
4.19383e-06
4.20428e-06
4.21231e-06
1.16519e-08
3.98721e-08
7.42349e-08
1.1587e-07
1.65906e-07
2.25446e-07
2.95553e-07
3.77234e-07
4.71394e-07
5.78794e-07
6.99986e-07
8.35246e-07
9.84511e-07
1.14732e-06
1.32276e-06
1.50946e-06
1.70554e-06
1.9087e-06
2.11624e-06
2.32515e-06
2.53226e-06
2.73435e-06
2.92837e-06
3.11152e-06
3.28145e-06
3.43634e-06
3.57499e-06
3.69683e-06
3.80194e-06
3.89092e-06
3.96487e-06
4.0252e-06
4.07356e-06
4.11169e-06
4.1413e-06
4.16401e-06
4.18127e-06
4.19433e-06
4.20422e-06
4.21173e-06
1.15024e-08
3.93511e-08
7.3248e-08
1.14327e-07
1.63741e-07
2.22627e-07
2.92087e-07
3.73168e-07
4.66817e-07
5.73834e-07
6.94809e-07
8.30051e-07
9.79526e-07
1.14279e-06
1.31893e-06
1.50657e-06
1.7038e-06
1.90829e-06
2.11726e-06
2.32765e-06
2.5362e-06
2.73963e-06
2.9348e-06
3.11887e-06
3.28943e-06
3.44465e-06
3.58332e-06
3.70491e-06
3.80951e-06
3.8978e-06
3.97091e-06
4.03033e-06
4.07776e-06
4.11497e-06
4.14372e-06
4.16564e-06
4.18219e-06
4.19462e-06
4.20394e-06
4.21093e-06
1.13603e-08
3.88571e-08
7.23132e-08
1.12863e-07
1.61678e-07
2.19926e-07
2.8875e-07
3.69234e-07
4.62368e-07
5.68994e-07
6.89741e-07
8.24955e-07
9.74629e-07
1.13834e-06
1.31518e-06
1.50375e-06
1.70214e-06
1.90795e-06
2.11836e-06
2.33023e-06
2.54022e-06
2.74498e-06
2.94129e-06
3.12626e-06
3.29743e-06
3.45296e-06
3.59163e-06
3.71292e-06
3.81699e-06
3.90455e-06
3.97681e-06
4.0353e-06
4.08178e-06
4.11806e-06
4.14595e-06
4.16708e-06
4.18292e-06
4.19471e-06
4.20346e-06
4.2099e-06
1.12253e-08
3.83888e-08
7.14284e-08
1.11476e-07
1.59717e-07
2.17349e-07
2.85548e-07
3.65442e-07
4.58062e-07
5.64293e-07
6.84804e-07
8.1998e-07
9.69843e-07
1.13399e-06
1.31151e-06
1.50102e-06
1.70055e-06
1.90768e-06
2.11952e-06
2.33287e-06
2.5443e-06
2.75037e-06
2.94781e-06
3.13366e-06
3.30542e-06
3.46121e-06
3.59985e-06
3.72083e-06
3.82433e-06
3.91115e-06
3.98253e-06
4.04007e-06
4.0856e-06
4.12096e-06
4.14797e-06
4.16831e-06
4.18344e-06
4.19459e-06
4.20275e-06
4.20864e-06
1.10971e-08
3.7945e-08
7.05914e-08
1.10163e-07
1.57857e-07
2.14895e-07
2.82487e-07
3.618e-07
4.5391e-07
5.59744e-07
6.80015e-07
8.15144e-07
9.65185e-07
1.12975e-06
1.30796e-06
1.49838e-06
1.69905e-06
1.90749e-06
2.12075e-06
2.33556e-06
2.54841e-06
2.75578e-06
2.95433e-06
3.14103e-06
3.31335e-06
3.46939e-06
3.60796e-06
3.72859e-06
3.83151e-06
3.91756e-06
3.98805e-06
4.04464e-06
4.0892e-06
4.12364e-06
4.14979e-06
4.16934e-06
4.18376e-06
4.19426e-06
4.20182e-06
4.20714e-06
1.09754e-08
3.75246e-08
6.98002e-08
1.08923e-07
1.56097e-07
2.12564e-07
2.79569e-07
3.58315e-07
4.49921e-07
5.5536e-07
6.75386e-07
8.1046e-07
9.60668e-07
1.12564e-06
1.30451e-06
1.49584e-06
1.69764e-06
1.90737e-06
2.12204e-06
2.33829e-06
2.55253e-06
2.76119e-06
2.96082e-06
3.14834e-06
3.32119e-06
3.47745e-06
3.61593e-06
3.73619e-06
3.8385e-06
3.92376e-06
3.99334e-06
4.04898e-06
4.09258e-06
4.12609e-06
4.15138e-06
4.17015e-06
4.18386e-06
4.19372e-06
4.20068e-06
4.20542e-06
4.22292e-06
4.23244e-06
4.23984e-06
4.24555e-06
4.24926e-06
4.25049e-06
4.24997e-06
4.2527e-06
4.2594e-06
4.26828e-06
4.27944e-06
4.29258e-06
4.30775e-06
4.32493e-06
4.34422e-06
4.36572e-06
4.38962e-06
4.41617e-06
4.44569e-06
4.47861e-06
4.5154e-06
4.55674e-06
4.60347e-06
4.65665e-06
4.71768e-06
4.7885e-06
4.87187e-06
4.97175e-06
5.09436e-06
5.24925e-06
5.45199e-06
5.72763e-06
6.11282e-06
6.64967e-06
7.35208e-06
8.17508e-06
9.03985e-06
9.87581e-06
1.06636e-05
1.14067e-05
1.21133e-05
1.27902e-05
1.34411e-05
1.40671e-05
1.46682e-05
1.52429e-05
1.57898e-05
1.63069e-05
1.67927e-05
1.72454e-05
1.76629e-05
1.80438e-05
1.83865e-05
1.86885e-05
1.89474e-05
1.91603e-05
1.93246e-05
1.94475e-05
1.96168e-05
2.06526e-05
2.86526e-05
7.34542e-05
0.00022974
0.000510733
0.000694029
0.000753332
0.000764924
0.000766453
0.00076693
0.000767775
0.000769141
0.00077104
0.000773459
0.000776404
0.000779893
0.000783962
0.000788667
0.00079408
0.000800307
0.000807482
0.000815774
0.000825401
0.000836671
0.000850021
0.000866071
0.000885855
0.000911099
0.000945178
0.000995374
0.00107876
0.00123895
0.00158932
0.00250163
0.00314141
0.00371763
0.00427067
0.00480514
0.00532161
0.00582092
0.00630533
0.00677684
0.00723801
0.007691
0.00813791
0.00858108
0.00902267
0.00946533
0.00991229
0.0103671
0.0108344
0.0113209
0.0118358
0.0123921
0.0130107
0.0137235
0.0145878
0.0156964
0.0171816
0.0188559
0.019217
0.0157935
0.0133676
0.0125656
0.0124034
0.0123805
0.0123771
0.0123747
0.012371
0.0123658
0.0123592
0.0123511
0.0123415
0.0123304
0.0123176
0.0123031
0.0122866
0.0122679
0.0122467
0.0122226
0.0121951
0.0121636
0.0121272
0.0120845
0.0120335
0.0119715
0.0118939
0.0117957
0.0116727
0.0115292
0.0113799
0.0112412
0.0111216
0.0110205
0.0109343
0.0108595
0.0107937
0.0107351
0.0106826
0.0106354
0.0105929
0.0105546
0.0105201
0.010489
0.0104612
0.0104364
0.0104145
0.0103952
0.0103785
0.0103644
0.010353
0.0103443
0.0103385
0.0103354
0.0103334
0.0103202
0.0102372
0.00994116
0.00940945
0.0090663
0.00895683
0.00893633
0.00893464
0.00893528
0.00893577
0.00893587
0.00893557
0.00893487
0.00893378
0.00893227
0.00893032
0.00892788
0.00892489
0.00892125
0.00891686
0.00891159
0.00890524
0.00889759
0.0088883
0.00887692
0.00886274
0.00884474
0.00882128
0.00878991
0.00874719
0.00868971
0.00861766
0.00853745
0.00845729
0.00838337
0.00831666
0.00825604
0.00820022
0.00814814
0.00809914
0.00805275
0.0080087
0.00796682
0.00792696
0.00788906
0.00785302
0.0078188
0.00778637
0.00775568
0.0077267
0.00769945
0.00767391
0.00765015
0.00762822
0.00760821
0.00759031
0.00757459
0.00756158
0.00755128
0.00754621
0.00754581
0.00754354
0.00753828
0.00753074
0.0075218
0.00751203
4.22238e-06
4.2312e-06
4.23781e-06
4.24246e-06
4.24465e-06
4.24373e-06
4.24036e-06
4.24015e-06
4.24417e-06
4.25041e-06
4.25898e-06
4.26944e-06
4.28185e-06
4.29609e-06
4.31222e-06
4.33029e-06
4.35042e-06
4.37283e-06
4.39777e-06
4.42558e-06
4.4567e-06
4.49171e-06
4.53139e-06
4.57674e-06
4.6291e-06
4.69044e-06
4.76362e-06
4.85289e-06
4.96513e-06
5.11115e-06
5.3089e-06
5.58759e-06
5.99051e-06
6.56763e-06
7.33943e-06
8.25527e-06
9.21943e-06
1.01472e-05
1.1012e-05
1.18172e-05
1.25726e-05
1.3287e-05
1.39658e-05
1.46113e-05
1.52242e-05
1.58038e-05
1.63491e-05
1.68588e-05
1.73317e-05
1.77663e-05
1.81611e-05
1.85149e-05
1.88265e-05
1.90935e-05
1.93134e-05
1.94836e-05
1.96009e-05
1.9671e-05
1.97726e-05
2.06912e-05
2.84498e-05
7.2878e-05
0.000228701
0.000509631
0.000693448
0.000752745
0.000763836
0.000764745
0.000764575
0.000764761
0.000765446
0.000766633
0.000768296
0.000770424
0.000773016
0.000776086
0.000779665
0.000783795
0.000788548
0.000794017
0.000800317
0.0008076
0.000816089
0.000826119
0.000838178
0.000853141
0.000872521
0.000899386
0.00094038
0.00101075
0.00114782
0.0014471
0.0022237
0.00279525
0.00333309
0.00386165
0.00437874
0.00488202
0.0053706
0.00584582
0.00630913
0.00676282
0.00720887
0.00764935
0.00808657
0.00852276
0.00896068
0.00940371
0.00985558
0.0103214
0.0108082
0.0113261
0.0118891
0.0125196
0.0132516
0.0141459
0.0152989
0.0168489
0.0186078
0.0190727
0.0157648
0.0133633
0.012565
0.0124055
0.0123849
0.0123833
0.0123826
0.0123806
0.0123771
0.0123722
0.0123659
0.0123581
0.0123489
0.0123381
0.0123256
0.0123113
0.0122948
0.0122758
0.012254
0.0122289
0.0121995
0.0121649
0.0121235
0.012073
0.0120098
0.0119287
0.0118234
0.0116891
0.0115304
0.0113649
0.011212
0.0110819
0.010974
0.0108837
0.0108071
0.0107409
0.010683
0.010632
0.0105867
0.0105465
0.0105106
0.0104788
0.0104505
0.0104255
0.0104036
0.0103845
0.010368
0.0103542
0.0103429
0.0103344
0.0103286
0.0103257
0.0103258
0.0103269
0.0103168
0.0102365
0.0099424
0.00941115
0.00906698
0.00895718
0.00893705
0.00893581
0.0089369
0.00893784
0.0089384
0.00893857
0.00893839
0.00893784
0.00893694
0.00893565
0.00893393
0.00893174
0.00892899
0.00892556
0.00892134
0.00891614
0.0089097
0.00890167
0.00889153
0.0088785
0.00886138
0.00883823
0.00880615
0.00876105
0.00869888
0.00861953
0.0085304
0.00844151
0.0083602
0.00828782
0.00822303
0.00816425
0.00811013
0.00805979
0.0080126
0.00796821
0.00792635
0.00788681
0.00784946
0.00781418
0.00778091
0.00774957
0.0077201
0.00769246
0.00766664
0.00764264
0.00762052
0.00760036
0.00758223
0.00756639
0.0075529
0.00754241
0.00753492
0.00753323
0.00753634
0.0075368
0.0075335
0.00752731
0.00751934
0.00751028
4.22161e-06
4.22968e-06
4.2354e-06
4.23888e-06
4.23942e-06
4.23621e-06
4.22982e-06
4.22644e-06
4.22751e-06
4.23087e-06
4.2366e-06
4.24417e-06
4.25358e-06
4.26467e-06
4.27743e-06
4.29184e-06
4.30798e-06
4.32601e-06
4.34611e-06
4.36856e-06
4.39372e-06
4.4221e-06
4.45444e-06
4.49165e-06
4.53506e-06
4.58661e-06
4.64934e-06
4.72777e-06
4.82949e-06
4.9666e-06
5.15945e-06
5.4414e-06
5.86251e-06
6.48104e-06
7.3255e-06
8.34052e-06
9.41297e-06
1.0443e-05
1.13953e-05
1.2272e-05
1.30841e-05
1.38422e-05
1.45535e-05
1.52216e-05
1.58481e-05
1.64331e-05
1.69765e-05
1.74773e-05
1.79351e-05
1.83488e-05
1.87174e-05
1.90401e-05
1.9316e-05
1.95429e-05
1.97185e-05
1.98402e-05
1.99045e-05
1.99167e-05
1.99521e-05
2.07935e-05
2.84919e-05
7.29439e-05
0.000228245
0.00050781
0.000692014
0.000751778
0.000762598
0.00076291
0.000762051
0.000761519
0.000761465
0.000761886
0.000762739
0.000763998
0.000765645
0.000767669
0.000770077
0.000772884
0.000776127
0.000779862
0.000784157
0.000789106
0.000794863
0.000801683
0.000809962
0.000820478
0.000834637
0.000855359
0.000888896
0.000949081
0.00106767
0.00132213
0.00194993
0.00245463
0.00295241
0.00345298
0.00394894
0.0044356
0.00491049
0.00537396
0.00582682
0.006271
0.00670827
0.00714058
0.00757021
0.00799943
0.00843111
0.00886879
0.00931642
0.00977943
0.0102656
0.0107857
0.0113548
0.0119972
0.0127491
0.0136751
0.0148754
0.0164923
0.0183314
0.0188937
0.0157414
0.0133693
0.0125691
0.012409
0.0123897
0.01239
0.0123911
0.012391
0.0123894
0.0123863
0.0123819
0.0123762
0.012369
0.0123604
0.0123501
0.0123381
0.0123239
0.0123074
0.0122881
0.0122653
0.0122382
0.0122055
0.0121654
0.0121152
0.0120506
0.0119656
0.0118527
0.0117065
0.0115318
0.0113489
0.0111808
0.0110393
0.0109237
0.010829
0.0107501
0.0106834
0.0106262
0.0105766
0.0105333
0.0104956
0.0104625
0.0104336
0.0104083
0.0103864
0.0103676
0.0103515
0.0103382
0.0103275
0.0103194
0.010314
0.0103115
0.010312
0.0103154
0.0103198
0.0103126
0.0102344
0.0099425
0.00941418
0.00906922
0.00895817
0.00893793
0.00893706
0.0089386
0.00894002
0.00894108
0.00894177
0.00894213
0.00894218
0.00894191
0.00894132
0.00894038
0.00893903
0.00893721
0.00893481
0.00893169
0.00892769
0.00892252
0.0089158
0.00890697
0.00889512
0.00887889
0.00885604
0.00882319
0.00877559
0.00870854
0.00862151
0.00852287
0.00842454
0.00833508
0.00825633
0.00818676
0.00812454
0.008068
0.00801607
0.00796793
0.0079231
0.00788121
0.00784199
0.00780524
0.00777081
0.00773858
0.00770846
0.00768036
0.00765421
0.00763
0.00760773
0.00758745
0.00756927
0.00755326
0.00753973
0.00752875
0.00752111
0.00751679
0.0075188
0.00752567
0.00752907
0.00752792
0.00752327
0.0075164
0.00750814
4.22061e-06
4.22785e-06
4.23261e-06
4.23481e-06
4.23357e-06
4.22794e-06
4.21843e-06
4.21172e-06
4.20961e-06
4.20989e-06
4.2126e-06
4.2171e-06
4.22337e-06
4.23114e-06
4.24038e-06
4.25099e-06
4.26299e-06
4.27649e-06
4.29161e-06
4.30857e-06
4.32764e-06
4.34929e-06
4.37417e-06
4.40317e-06
4.43755e-06
4.47931e-06
4.5316e-06
4.59929e-06
4.69065e-06
4.81908e-06
5.0073e-06
5.29271e-06
5.73201e-06
6.39198e-06
7.31018e-06
8.42813e-06
9.61588e-06
1.07575e-05
1.18075e-05
1.27653e-05
1.36424e-05
1.44508e-05
1.51995e-05
1.58934e-05
1.65355e-05
1.71267e-05
1.76676e-05
1.81582e-05
1.85986e-05
1.89886e-05
1.93274e-05
1.96149e-05
1.98508e-05
2.00328e-05
2.01588e-05
2.02263e-05
2.02319e-05
2.01812e-05
2.01516e-05
2.09513e-05
2.87514e-05
7.35785e-05
0.000228307
0.000505342
0.000689808
0.000750471
0.000761237
0.000760981
0.000759399
0.000758104
0.000757264
0.000756875
0.00075688
0.000757239
0.000757912
0.000758869
0.000760093
0.00076157
0.00076331
0.000765336
0.000767673
0.00077037
0.000773528
0.000777349
0.000782174
0.000788743
0.000798442
0.000814171
0.000841984
0.000894663
0.000999268
0.00121651
0.00168317
0.00212423
0.00257991
0.00304842
0.00351893
0.00398498
0.00444269
0.00489134
0.00533106
0.00576328
0.0061895
0.0066115
0.00703148
0.00745172
0.00787521
0.00830568
0.0087473
0.00920587
0.00968977
0.0102106
0.0107846
0.0114379
0.0122092
0.0131671
0.0144152
0.0160979
0.01801
0.0186604
0.0157218
0.0133845
0.0125772
0.0124136
0.012395
0.0123971
0.0124002
0.0124021
0.0124025
0.0124015
0.0123991
0.0123954
0.0123905
0.0123841
0.0123761
0.0123665
0.0123549
0.0123409
0.0123241
0.0123038
0.012279
0.0122482
0.0122094
0.0121593
0.0120931
0.0120039
0.011883
0.0117245
0.0115333
0.0113324
0.0111485
0.0109947
0.0108708
0.0107709
0.0106894
0.0106219
0.0105653
0.0105172
0.0104761
0.0104409
0.0104108
0.010385
0.010363
0.0103444
0.0103289
0.0103162
0.0103062
0.0102988
0.0102941
0.0102922
0.0102932
0.0102973
0.0103043
0.0103122
0.0103079
0.0102312
0.00994157
0.00941839
0.00907288
0.00895975
0.00893897
0.00893835
0.00894035
0.00894228
0.00894386
0.0089451
0.00894605
0.00894671
0.00894711
0.00894724
0.00894709
0.00894662
0.00894576
0.00894441
0.00894243
0.00893965
0.00893579
0.00893041
0.0089229
0.00891224
0.00889689
0.0088743
0.00884064
0.00879049
0.00871847
0.00862361
0.00851512
0.00840681
0.00830855
0.00822274
0.00814779
0.00808161
0.00802228
0.00796847
0.00791918
0.00787378
0.00783181
0.0077929
0.00775679
0.00772327
0.00769217
0.00766339
0.00763678
0.00761226
0.00758982
0.00756946
0.00755121
0.00753521
0.00752153
0.00751056
0.00750236
0.00749784
0.00749702
0.007503
0.00751382
0.00752034
0.00752154
0.00751857
0.00751293
0.0075056
4.21935e-06
4.22572e-06
4.22943e-06
4.23024e-06
4.22711e-06
4.21898e-06
4.20629e-06
4.19614e-06
4.19069e-06
4.18773e-06
4.18729e-06
4.18861e-06
4.19162e-06
4.19599e-06
4.20163e-06
4.20837e-06
4.21619e-06
4.22512e-06
4.23524e-06
4.2467e-06
4.2597e-06
4.27466e-06
4.29217e-06
4.31307e-06
4.3386e-06
4.3708e-06
4.41296e-06
4.47028e-06
4.55173e-06
4.67197e-06
4.856e-06
5.14504e-06
5.6022e-06
6.3026e-06
7.29338e-06
8.51504e-06
9.82282e-06
1.10842e-05
1.22415e-05
1.32901e-05
1.42405e-05
1.51061e-05
1.58975e-05
1.66208e-05
1.72805e-05
1.78786e-05
1.84167e-05
1.88957e-05
1.93167e-05
1.96801e-05
1.99858e-05
2.02344e-05
2.04259e-05
2.05584e-05
2.06298e-05
2.06379e-05
2.05794e-05
2.04611e-05
2.03675e-05
2.11563e-05
2.9193e-05
7.46647e-05
0.000228765
0.000502362
0.000686968
0.000748874
0.00075978
0.00075899
0.00075666
0.000754566
0.000752906
0.000751677
0.000750813
0.000750256
0.000749951
0.000749845
0.000749899
0.000750075
0.000750359
0.000750744
0.000751224
0.000751813
0.000752576
0.000753683
0.000755459
0.000758652
0.000764691
0.00077655
0.000800214
0.000847707
0.000942276
0.00113107
0.00149314
0.0018793
0.00229422
0.00272937
0.00317216
0.003615
0.00405297
0.00448438
0.00490868
0.00532678
0.00573985
0.0061495
0.00655782
0.0069671
0.00738041
0.0078016
0.00823509
0.0086871
0.0091666
0.00968606
0.0102629
0.0109252
0.011714
0.0127019
0.0139959
0.0157397
0.0177144
0.0184393
0.0157051
0.0134068
0.0125889
0.0124192
0.0124006
0.0124045
0.0124097
0.0124136
0.0124162
0.0124173
0.0124171
0.0124156
0.0124129
0.0124088
0.0124033
0.0123962
0.0123871
0.0123757
0.0123615
0.0123437
0.0123211
0.0122922
0.0122545
0.0122044
0.0121363
0.0120426
0.0119136
0.0117426
0.011535
0.011316
0.0111158
0.0109491
0.0108162
0.0107106
0.0106261
0.0105576
0.0105013
0.0104547
0.0104158
0.0103833
0.0103562
0.0103337
0.0103151
0.0103
0.010288
0.0102788
0.0102723
0.0102685
0.0102674
0.0102691
0.010274
0.0102819
0.0102928
0.0103043
0.0103027
0.010227
0.00993985
0.00942355
0.00907769
0.00896185
0.00894013
0.00893967
0.00894214
0.00894459
0.00894672
0.00894853
0.00895006
0.00895136
0.00895243
0.0089533
0.00895396
0.00895437
0.00895447
0.00895418
0.00895335
0.0089518
0.00894923
0.00894519
0.00893898
0.00892949
0.00891498
0.00889261
0.0088581
0.00880538
0.00872845
0.00862583
0.00850743
0.00838883
0.00828121
0.00818771
0.00810675
0.00803611
0.00797357
0.00791757
0.0078669
0.0078208
0.00777867
0.00774004
0.00770459
0.00767201
0.00764213
0.00761477
0.00758977
0.00756701
0.00754648
0.00752817
0.00751212
0.00749848
0.00748734
0.00747913
0.00747395
0.00747281
0.00747576
0.00748592
0.0075008
0.0075106
0.00751432
0.00751321
0.00750893
0.00750262
4.21784e-06
4.22327e-06
4.22585e-06
4.22518e-06
4.22006e-06
4.20935e-06
4.19347e-06
4.17984e-06
4.17095e-06
4.16467e-06
4.16098e-06
4.15906e-06
4.15876e-06
4.15971e-06
4.16174e-06
4.16463e-06
4.1683e-06
4.17272e-06
4.17792e-06
4.18399e-06
4.19109e-06
4.19955e-06
4.20994e-06
4.22304e-06
4.2401e-06
4.26319e-06
4.29575e-06
4.34331e-06
4.41551e-06
4.52821e-06
4.70857e-06
5.00136e-06
5.47566e-06
6.21458e-06
7.27498e-06
8.59867e-06
1.00289e-05
1.14166e-05
1.26901e-05
1.38389e-05
1.48712e-05
1.58011e-05
1.66404e-05
1.7397e-05
1.80765e-05
1.86824e-05
1.92175e-05
1.96837e-05
2.00833e-05
2.04174e-05
2.06869e-05
2.08929e-05
2.10361e-05
2.11148e-05
2.11271e-05
2.1071e-05
2.09435e-05
2.07535e-05
2.0597e-05
2.14026e-05
2.97863e-05
7.60999e-05
0.000229512
0.000498994
0.000683621
0.000747029
0.000758247
0.000756963
0.000753873
0.000750953
0.000748451
0.000746367
0.000744626
0.000743156
0.000741885
0.000740743
0.00073967
0.000738604
0.000737511
0.000736363
0.000735131
0.000733801
0.000732422
0.000731151
0.000730324
0.000730728
0.000733882
0.000742878
0.00076372
0.000807891
0.000895708
0.00106413
0.00135936
0.00170164
0.00208034
0.00248382
0.002899
0.00331787
0.00373487
0.00414758
0.00455488
0.00495721
0.00535544
0.005751
0.00614588
0.00654236
0.00694364
0.00735365
0.00777704
0.00822054
0.00869373
0.00920995
0.00978785
0.0104574
0.0112621
0.0122783
0.0136163
0.0154171
0.0174454
0.0182332
0.0156906
0.0134344
0.0126036
0.0124258
0.0124065
0.012412
0.0124194
0.0124256
0.0124303
0.0124337
0.0124357
0.0124365
0.0124361
0.0124344
0.0124313
0.0124267
0.0124202
0.0124114
0.0123997
0.0123843
0.012364
0.0123368
0.0123001
0.0122497
0.0121795
0.012081
0.0119437
0.0117604
0.0115368
0.0113001
0.0110835
0.0109034
0.0107609
0.0106491
0.0105612
0.0104913
0.0104353
0.01039
0.0103533
0.0103236
0.0102996
0.0102804
0.0102653
0.0102538
0.0102454
0.0102399
0.0102371
0.0102369
0.0102396
0.0102452
0.010254
0.010266
0.010281
0.0102962
0.0102972
0.0102222
0.00993754
0.00942942
0.00908344
0.00896438
0.00894141
0.008941
0.00894393
0.00894692
0.00894961
0.00895199
0.00895413
0.00895606
0.00895781
0.00895941
0.00896085
0.00896213
0.00896319
0.00896393
0.00896423
0.00896389
0.00896259
0.00895985
0.00895491
0.00894653
0.00893281
0.00891062
0.00887524
0.00882
0.00873829
0.00862818
0.00850005
0.00837101
0.00825362
0.00815185
0.00806431
0.00798868
0.0079225
0.00786397
0.00781169
0.00776472
0.00772233
0.00768394
0.00764913
0.00761753
0.00758891
0.00756305
0.00753975
0.00751887
0.00750037
0.00748424
0.00747053
0.00745939
0.00745096
0.0074457
0.00744374
0.00744621
0.00745314
0.00746761
0.00748664
0.00749985
0.00750625
0.00750714
0.00750436
0.0074992
4.21607e-06
4.22051e-06
4.22188e-06
4.21963e-06
4.21243e-06
4.1991e-06
4.18006e-06
4.16296e-06
4.15058e-06
4.14093e-06
4.13397e-06
4.12879e-06
4.1252e-06
4.12276e-06
4.12124e-06
4.12037e-06
4.12e-06
4.12005e-06
4.12052e-06
4.12144e-06
4.1229e-06
4.1252e-06
4.12886e-06
4.13463e-06
4.14375e-06
4.15835e-06
4.18201e-06
4.22059e-06
4.28434e-06
4.39025e-06
4.56745e-06
4.86399e-06
5.35437e-06
6.12922e-06
7.25487e-06
8.67682e-06
1.02298e-05
1.17486e-05
1.31462e-05
1.44041e-05
1.55267e-05
1.65281e-05
1.7421e-05
1.82147e-05
1.89165e-05
1.95313e-05
2.00632e-05
2.05156e-05
2.08919e-05
2.11943e-05
2.14246e-05
2.15848e-05
2.16762e-05
2.16972e-05
2.16463e-05
2.15216e-05
2.13207e-05
2.10556e-05
2.08379e-05
2.16848e-05
3.05016e-05
7.77798e-05
0.000230437
0.000495369
0.000679894
0.000744977
0.000756655
0.000754921
0.000751067
0.000747309
0.000743953
0.000741011
0.000738399
0.000736035
0.00073383
0.0007317
0.000729563
0.000727339
0.000724977
0.000722435
0.000719664
0.000716639
0.0007134
0.00071011
0.00070713
0.000705311
0.000706277
0.000713258
0.000732316
0.000774564
0.000858187
0.00101285
0.00126618
0.00157549
0.00192429
0.00229984
0.00268945
0.00308515
0.0034812
0.00387472
0.00426419
0.00464968
0.00503182
0.00541189
0.0057918
0.00617388
0.00656142
0.00695846
0.0073699
0.00780301
0.00826801
0.0087791
0.00935622
0.0100311
0.0108502
0.011893
0.0132728
0.0151261
0.0171996
0.0180407
0.0156772
0.0134657
0.0126207
0.0124332
0.0124126
0.0124197
0.0124292
0.0124377
0.0124448
0.0124504
0.0124547
0.0124577
0.0124596
0.0124603
0.0124597
0.0124575
0.0124535
0.0124473
0.0124381
0.0124251
0.0124068
0.0123812
0.0123453
0.0122945
0.012222
0.0121186
0.011973
0.0117777
0.0115387
0.011285
0.0110521
0.0108585
0.0107059
0.0105874
0.0104956
0.0104241
0.0103681
0.010324
0.0102895
0.0102625
0.0102416
0.0102258
0.0102143
0.0102064
0.0102017
0.0101999
0.0102008
0.0102045
0.010211
0.0102206
0.0102335
0.0102498
0.010269
0.010288
0.0102914
0.0102168
0.00993486
0.00943574
0.00908989
0.0089673
0.00894279
0.00894235
0.00894571
0.00894924
0.0089525
0.00895546
0.00895819
0.00896074
0.00896315
0.00896546
0.00896768
0.0089698
0.00897178
0.00897352
0.0089749
0.00897572
0.00897564
0.00897414
0.00897041
0.00896309
0.0089501
0.00892803
0.00889177
0.0088341
0.00874786
0.00863066
0.00849319
0.00835375
0.0082263
0.00811577
0.0080211
0.00793996
0.00786971
0.00780831
0.00775417
0.00770615
0.00766337
0.00762515
0.00759096
0.00756035
0.00753302
0.00750871
0.00748718
0.00746825
0.00745188
0.00743804
0.00742678
0.00741829
0.0074127
0.00741054
0.00741197
0.00741822
0.0074293
0.00744815
0.00747135
0.00748808
0.00749731
0.00750036
0.00749922
0.0074953
4.21404e-06
4.21743e-06
4.21751e-06
4.21361e-06
4.20425e-06
4.18828e-06
4.16612e-06
4.1456e-06
4.12975e-06
4.11674e-06
4.10652e-06
4.09813e-06
4.09131e-06
4.08557e-06
4.08062e-06
4.07614e-06
4.07192e-06
4.06784e-06
4.06385e-06
4.05992e-06
4.05613e-06
4.0527e-06
4.05013e-06
4.04915e-06
4.051e-06
4.05786e-06
4.07345e-06
4.1039e-06
4.16005e-06
4.25991e-06
4.43439e-06
4.73447e-06
5.23953e-06
6.04724e-06
7.23299e-06
8.74809e-06
1.04224e-05
1.20752e-05
1.36037e-05
1.49788e-05
1.61999e-05
1.72798e-05
1.82319e-05
1.90668e-05
1.97934e-05
2.04181e-05
2.09468e-05
2.13845e-05
2.1736e-05
2.20046e-05
2.2193e-05
2.23046e-05
2.23408e-05
2.23007e-05
2.21829e-05
2.19859e-05
2.17081e-05
2.1365e-05
2.10884e-05
2.19993e-05
3.13169e-05
7.96275e-05
0.000231458
0.000491583
0.000675883
0.000742749
0.000755016
0.000752883
0.000748273
0.000743672
0.000739461
0.000735668
0.000732205
0.000728978
0.000725886
0.000722831
0.000719716
0.000716437
0.000712935
0.000709157
0.000705044
0.000700564
0.000695759
0.000690808
0.000686107
0.000682576
0.000681944
0.000687575
0.000705601
0.000746896
0.000828181
0.000974117
0.00120196
0.00148798
0.0018138
0.00216642
0.00253385
0.00290848
0.00328468
0.0036594
0.00403093
0.00439907
0.00476431
0.00512786
0.00549158
0.00585789
0.00623019
0.00661263
0.00701037
0.00743131
0.00788633
0.0083905
0.00896504
0.00964361
0.0104752
0.0115428
0.012962
0.0148631
0.0169743
0.0178607
0.0156641
0.0134992
0.0126398
0.0124413
0.0124188
0.0124274
0.0124392
0.01245
0.0124593
0.0124672
0.0124738
0.0124791
0.0124833
0.0124863
0.0124881
0.0124883
0.0124868
0.012483
0.0124762
0.0124654
0.0124491
0.0124249
0.0123896
0.0123381
0.0122631
0.0121547
0.012001
0.0117942
0.0115407
0.0112709
0.0110222
0.010815
0.0106519
0.0105262
0.0104302
0.0103567
0.0103005
0.0102576
0.0102251
0.0102007
0.010183
0.0101706
0.0101625
0.0101583
0.0101573
0.0101592
0.0101639
0.0101715
0.010182
0.0101956
0.0102127
0.0102333
0.0102568
0.0102796
0.0102854
0.0102112
0.00993197
0.00944235
0.00909686
0.00897055
0.00894427
0.00894369
0.00894746
0.00895154
0.00895535
0.00895888
0.0089622
0.00896535
0.0089684
0.00897138
0.00897433
0.00897725
0.0089801
0.00898279
0.00898519
0.0089871
0.00898818
0.00898785
0.00898525
0.00897892
0.0089666
0.00894463
0.00890752
0.00884756
0.00875707
0.00863329
0.00848695
0.00833732
0.00819966
0.00807998
0.00797769
0.00789056
0.00781581
0.0077512
0.00769492
0.00764566
0.00760237
0.00756424
0.00753061
0.00750098
0.00747496
0.00745223
0.00743252
0.0074156
0.00740142
0.00738995
0.00738124
0.00737548
0.00737285
0.00737391
0.00737886
0.007389
0.00740435
0.00742761
0.00745497
0.0074753
0.0074875
0.00749285
0.00749349
0.00749093
4.21175e-06
4.21403e-06
4.21275e-06
4.20711e-06
4.19554e-06
4.17691e-06
4.15173e-06
4.12789e-06
4.10862e-06
4.0923e-06
4.07889e-06
4.06737e-06
4.05744e-06
4.04853e-06
4.04034e-06
4.03246e-06
4.02464e-06
4.01671e-06
4.00859e-06
4.00023e-06
3.99162e-06
3.98299e-06
3.97479e-06
3.96773e-06
3.96306e-06
3.96299e-06
3.97137e-06
3.9946e-06
4.04399e-06
4.13847e-06
4.31051e-06
4.61371e-06
5.13178e-06
5.96895e-06
7.20926e-06
8.81163e-06
1.06043e-05
1.23927e-05
1.40573e-05
1.55569e-05
1.68841e-05
1.80494e-05
1.90662e-05
1.99461e-05
2.06999e-05
2.13359e-05
2.18616e-05
2.22838e-05
2.2609e-05
2.28418e-05
2.29862e-05
2.30465e-05
2.30249e-05
2.29208e-05
2.2733e-05
2.24604e-05
2.21026e-05
2.16796e-05
2.13474e-05
2.2344e-05
3.22166e-05
8.15884e-05
0.000232519
0.000487705
0.000671656
0.000740364
0.000753338
0.000750864
0.000745513
0.000740074
0.000735017
0.000730391
0.000726106
0.00072206
0.000718141
0.000714238
0.000710242
0.000706027
0.000701529
0.000696687
0.000691438
0.000685749
0.000679669
0.000673396
0.000667367
0.000662563
0.000660806
0.000665571
0.000683063
0.00072401
0.000804215
0.000945053
0.00115814
0.00142891
0.0017385
0.00207372
0.00242321
0.00277979
0.00313812
0.00349521
0.00384931
0.00420015
0.00454814
0.0048945
0.00524113
0.00559055
0.00594635
0.00631272
0.00669516
0.00710231
0.00754568
0.00804123
0.0086115
0.00929201
0.0101345
0.0112251
0.0126812
0.0146254
0.0167674
0.0176921
0.0156506
0.013534
0.0126605
0.0124502
0.0124252
0.0124351
0.0124491
0.0124622
0.0124739
0.0124841
0.0124929
0.0125005
0.0125069
0.0125121
0.0125162
0.0125188
0.0125196
0.0125181
0.0125135
0.0125048
0.0124902
0.0124674
0.0124324
0.0123801
0.0123025
0.0121891
0.0120275
0.0118098
0.0115429
0.0112579
0.0109939
0.0107732
0.0105995
0.0104664
0.0103657
0.0102901
0.0102335
0.0101915
0.0101608
0.0101391
0.0101244
0.0101153
0.0101107
0.0101101
0.0101127
0.0101183
0.0101268
0.0101381
0.0101526
0.0101704
0.0101918
0.0102168
0.0102446
0.0102713
0.0102792
0.0102053
0.00992897
0.00944912
0.00910422
0.00897409
0.00894584
0.00894502
0.00894918
0.00895378
0.00895815
0.00896224
0.00896611
0.00896983
0.00897348
0.0089771
0.00898072
0.00898439
0.00898804
0.00899161
0.00899497
0.0089979
0.00900004
0.00900081
0.00899927
0.00899386
0.00898216
0.00896028
0.00892237
0.00886029
0.00876589
0.00863606
0.00848143
0.0083219
0.00817402
0.0080449
0.00793457
0.00784101
0.00776136
0.0076932
0.00763452
0.00758382
0.00753987
0.00750173
0.00746862
0.00743993
0.00741521
0.00739408
0.0073762
0.00736134
0.0073494
0.00734035
0.00733424
0.00733129
0.00733168
0.00733605
0.00734462
0.00735874
0.00737841
0.00740604
0.00743751
0.00746151
0.0074768
0.00748461
0.00748715
0.00748606
4.2092e-06
4.21032e-06
4.20761e-06
4.20015e-06
4.18632e-06
4.16505e-06
4.13695e-06
4.10991e-06
4.08732e-06
4.0678e-06
4.0513e-06
4.03678e-06
4.02389e-06
4.01201e-06
4.00078e-06
3.98977e-06
3.97865e-06
3.96722e-06
3.95537e-06
3.94301e-06
3.93012e-06
3.91687e-06
3.90369e-06
3.89128e-06
3.88088e-06
3.87476e-06
3.87685e-06
3.89377e-06
3.93724e-06
4.02694e-06
4.19672e-06
4.50247e-06
5.03165e-06
5.8946e-06
7.18351e-06
8.86642e-06
1.07731e-05
1.26971e-05
1.4502e-05
1.61325e-05
1.75729e-05
1.883e-05
1.99168e-05
2.08457e-05
2.16293e-05
2.22777e-05
2.28006e-05
2.32067e-05
2.35044e-05
2.36998e-05
2.37982e-05
2.38052e-05
2.37236e-05
2.3553e-05
2.32925e-05
2.29418e-05
2.25015e-05
2.19974e-05
2.16139e-05
2.2718e-05
3.31904e-05
8.36258e-05
0.000233582
0.00048378
0.000667256
0.000737835
0.000751625
0.000748875
0.000742808
0.000736544
0.000730658
0.000725225
0.000720157
0.000715346
0.000710667
0.000706004
0.000701237
0.000696214
0.00069087
0.000685143
0.000678967
0.00067231
0.000665235
0.000657958
0.000650951
0.000645244
0.000642734
0.000646978
0.000664243
0.000705186
0.000785112
0.000923376
0.00112877
0.00139075
0.00169026
0.00201364
0.00234981
0.00269189
0.00303493
0.0033761
0.00371381
0.00404781
0.00437858
0.00470742
0.00503634
0.00536802
0.00570628
0.0060553
0.006421
0.00681292
0.00724315
0.00772853
0.00829296
0.00897386
0.00982573
0.0109375
0.0124282
0.014411
0.0165775
0.0175346
0.0156364
0.0135696
0.0126828
0.0124597
0.0124317
0.0124427
0.0124588
0.0124744
0.0124883
0.0125008
0.0125118
0.0125216
0.0125301
0.0125375
0.0125437
0.0125485
0.0125515
0.0125522
0.0125497
0.0125429
0.0125299
0.0125081
0.0124734
0.0124201
0.0123398
0.0122215
0.0120524
0.0118246
0.0115452
0.0112462
0.0109676
0.0107337
0.0105493
0.0104084
0.0103029
0.0102247
0.0101675
0.0101263
0.0100975
0.0100782
0.0100664
0.0100605
0.0100593
0.0100622
0.0100684
0.0100776
0.0100897
0.0101049
0.0101233
0.0101452
0.0101709
0.0102003
0.0102325
0.0102629
0.010273
0.0101992
0.00992593
0.00945595
0.0091119
0.00897792
0.00894751
0.00894635
0.00895085
0.00895596
0.00896086
0.00896548
0.00896989
0.00897415
0.00897835
0.00898255
0.00898679
0.00899113
0.00899552
0.00899989
0.00900411
0.00900797
0.0090111
0.00901287
0.00901231
0.00900775
0.00899663
0.00897483
0.00893621
0.00887222
0.00877429
0.00863899
0.00847669
0.00830769
0.00814967
0.00801091
0.0078922
0.00779181
0.00770688
0.00763486
0.00757351
0.00752116
0.00747641
0.00743815
0.00740548
0.0073777
0.00735425
0.00733471
0.00731867
0.00730587
0.0072962
0.0072896
0.00728613
0.00728602
0.00728949
0.0072972
0.00730944
0.00732757
0.00735156
0.0073835
0.00741901
0.00744672
0.00746522
0.00747562
0.00748019
0.0074807
0.00750396
0.00749792
0.00749175
0.00748548
0.00747909
0.0074726
0.00746598
0.00745925
0.00745238
0.00744538
0.00743823
0.00743092
0.00742346
0.00741582
0.00740801
0.00740002
0.00739186
0.00738353
0.00737504
0.00736639
0.00735761
0.0073487
0.00733969
0.0073306
0.00732147
0.00731234
0.00730324
0.00729424
0.00728539
0.00727675
0.00726841
0.00726045
0.00725296
0.00724604
0.0072398
0.00723435
0.0072298
0.00722626
0.00722382
0.00722257
0.00750265
0.00749687
0.00749093
0.00748486
0.00747865
0.00747231
0.00746584
0.00745923
0.00745248
0.00744558
0.00743852
0.0074313
0.00742391
0.00741635
0.0074086
0.00740067
0.00739257
0.00738429
0.00737584
0.00736723
0.00735848
0.0073496
0.00734061
0.00733154
0.00732242
0.00731329
0.00730419
0.00729517
0.0072863
0.00727764
0.00726927
0.00726127
0.00725374
0.00724678
0.00724049
0.00723499
0.00723039
0.0072268
0.00722433
0.00722306
0.00750101
0.00749554
0.00748987
0.00748402
0.00747802
0.00747186
0.00746555
0.00745909
0.00745247
0.00744569
0.00743874
0.00743162
0.00742432
0.00741683
0.00740916
0.00740131
0.00739327
0.00738504
0.00737664
0.00736808
0.00735936
0.00735052
0.00734155
0.0073325
0.0073234
0.00731427
0.00730518
0.00729615
0.00728727
0.00727859
0.00727018
0.00726215
0.00725457
0.00724756
0.00724122
0.00723567
0.00723102
0.00722739
0.00722488
0.00722358
0.00749904
0.00749391
0.00748854
0.00748296
0.00747719
0.00747123
0.00746511
0.00745881
0.00745234
0.0074457
0.00743887
0.00743186
0.00742466
0.00741727
0.00740969
0.00740191
0.00739394
0.00738578
0.00737744
0.00736893
0.00736026
0.00735145
0.00734252
0.00733349
0.00732441
0.00731529
0.0073062
0.00729717
0.00728827
0.00727957
0.00727114
0.00726307
0.00725545
0.00724839
0.007242
0.00723639
0.00723169
0.00722801
0.00722546
0.00722414
0.00749671
0.00749197
0.00748693
0.00748164
0.00747613
0.00747042
0.0074645
0.00745839
0.00745208
0.00744559
0.0074389
0.00743202
0.00742493
0.00741765
0.00741016
0.00740247
0.00739458
0.00738649
0.00737822
0.00736976
0.00736115
0.00735238
0.00734349
0.0073345
0.00732543
0.00731633
0.00730724
0.00729822
0.00728931
0.00728059
0.00727213
0.00726402
0.00725636
0.00724925
0.00724281
0.00723715
0.00723239
0.00722867
0.00722608
0.00722474
0.00749399
0.00748969
0.00748503
0.00748007
0.00747485
0.00746939
0.0074637
0.0074578
0.00745168
0.00744536
0.00743882
0.00743208
0.00742512
0.00741795
0.00741057
0.00740297
0.00739517
0.00738717
0.00737897
0.00737058
0.00736202
0.00735331
0.00734446
0.00733551
0.00732647
0.00731739
0.00730831
0.00729929
0.00729037
0.00728163
0.00727315
0.00726501
0.00725731
0.00725015
0.00724366
0.00723794
0.00723313
0.00722936
0.00722673
0.00722537
0.00749089
0.00748706
0.00748281
0.00747822
0.00747332
0.00746814
0.00746271
0.00745704
0.00745113
0.00744499
0.00743862
0.00743203
0.00742521
0.00741817
0.0074109
0.00740342
0.00739572
0.0073878
0.00737968
0.00737137
0.00736288
0.00735423
0.00734543
0.00733651
0.00732751
0.00731846
0.0073094
0.00730038
0.00729146
0.00728271
0.0072742
0.00726603
0.00725829
0.00725109
0.00724454
0.00723877
0.00723391
0.00723008
0.00722741
0.00722602
0.00748737
0.00748407
0.00748027
0.00747608
0.00747153
0.00746667
0.00746152
0.00745609
0.00745041
0.00744447
0.00743829
0.00743186
0.0074252
0.0074183
0.00741116
0.0074038
0.0073962
0.00738839
0.00738036
0.00737213
0.00736371
0.00735512
0.00734638
0.00733752
0.00732855
0.00731953
0.00731049
0.00730148
0.00729256
0.0072838
0.00727528
0.00726708
0.0072593
0.00725205
0.00724545
0.00723963
0.00723471
0.00723083
0.00722812
0.00722671
0.00748345
0.00748071
0.00747741
0.00747365
0.00746948
0.00746496
0.00746011
0.00745496
0.00744951
0.0074438
0.00743781
0.00743157
0.00742508
0.00741833
0.00741133
0.0074041
0.00739662
0.00738891
0.00738099
0.00737285
0.00736451
0.00735599
0.00734732
0.0073385
0.00732959
0.0073206
0.00731158
0.00730259
0.00729367
0.00728491
0.00727637
0.00726814
0.00726033
0.00725304
0.00724639
0.00724051
0.00723554
0.00723161
0.00722886
0.00722742
0.00747909
0.00747697
0.0074742
0.00747091
0.00746716
0.00746301
0.00745848
0.00745362
0.00744844
0.00744296
0.0074372
0.00743115
0.00742483
0.00741825
0.00741141
0.00740431
0.00739696
0.00738938
0.00738156
0.00737352
0.00736527
0.00735683
0.00734822
0.00733947
0.00733061
0.00732166
0.00731267
0.0073037
0.00729479
0.00728603
0.00727747
0.00726923
0.00726138
0.00725405
0.00724735
0.00724142
0.00723639
0.00723242
0.00722962
0.00722816
1.06208e-08
3.63022e-08
6.75043e-08
1.05326e-07
1.50984e-07
2.05778e-07
2.71043e-07
3.48095e-07
4.38185e-07
5.42418e-07
6.61686e-07
7.9657e-07
9.47259e-07
1.11346e-06
1.29431e-06
1.48836e-06
1.69355e-06
1.90719e-06
2.12611e-06
2.34672e-06
2.5652e-06
2.7777e-06
2.98056e-06
3.17052e-06
3.34491e-06
3.50174e-06
3.63986e-06
3.75891e-06
3.8593e-06
3.94211e-06
4.0089e-06
4.0616e-06
4.10225e-06
4.13294e-06
4.15561e-06
4.17199e-06
4.18353e-06
4.19141e-06
4.19651e-06
4.19942e-06
1.01695e-08
3.47577e-08
6.46299e-08
1.00848e-07
1.44625e-07
1.97299e-07
2.60294e-07
3.35064e-07
4.23031e-07
5.255e-07
6.43571e-07
7.7803e-07
9.29241e-07
1.09704e-06
1.28064e-06
1.47857e-06
1.68864e-06
1.90799e-06
2.13313e-06
2.36012e-06
2.58474e-06
2.80275e-06
3.01014e-06
3.20337e-06
3.37957e-06
3.53672e-06
3.67372e-06
3.79039e-06
3.88738e-06
3.96607e-06
4.02833e-06
4.07635e-06
4.11242e-06
4.13876e-06
4.1574e-06
4.17007e-06
4.17819e-06
4.18285e-06
4.1848e-06
4.18453e-06
9.83301e-09
3.36117e-08
6.25136e-08
9.75772e-08
1.40002e-07
1.9114e-07
2.52461e-07
3.25504e-07
4.11813e-07
5.12845e-07
6.29871e-07
7.63854e-07
9.15319e-07
1.08423e-06
1.26988e-06
1.47081e-06
1.68474e-06
1.90865e-06
2.13882e-06
2.37097e-06
2.60056e-06
2.82298e-06
3.03391e-06
3.22957e-06
3.40695e-06
3.56399e-06
3.69965e-06
3.81392e-06
3.90771e-06
3.98263e-06
4.04083e-06
4.08472e-06
4.11676e-06
4.13929e-06
4.15436e-06
4.16368e-06
4.16863e-06
4.17018e-06
4.16902e-06
4.1655e-06
9.58201e-09
3.27598e-08
6.09503e-08
9.51783e-08
1.36633e-07
1.86666e-07
2.46768e-07
3.18528e-07
4.03564e-07
5.03438e-07
6.19548e-07
7.52991e-07
9.04432e-07
1.07395e-06
1.26091e-06
1.46388e-06
1.68055e-06
1.90777e-06
2.14164e-06
2.37765e-06
2.61095e-06
2.83668e-06
3.05024e-06
3.24765e-06
3.42579e-06
3.58255e-06
3.71698e-06
3.8292e-06
3.92028e-06
3.99209e-06
4.04694e-06
4.08743e-06
4.11614e-06
4.13546e-06
4.14745e-06
4.15383e-06
4.15587e-06
4.15451e-06
4.15035e-06
4.14367e-06
9.39035e-09
3.2111e-08
5.97646e-08
9.33689e-08
1.34104e-07
1.83317e-07
2.42505e-07
3.13277e-07
3.97293e-07
4.96179e-07
6.11415e-07
7.44198e-07
8.95291e-07
1.06487e-06
1.25238e-06
1.45642e-06
1.67468e-06
1.90395e-06
2.1402e-06
2.37876e-06
2.61459e-06
2.84261e-06
3.05803e-06
3.25671e-06
3.43541e-06
3.59201e-06
3.72558e-06
3.83634e-06
3.92549e-06
3.99502e-06
4.0474e-06
4.08533e-06
4.11146e-06
4.12821e-06
4.13768e-06
4.14152e-06
4.141e-06
4.13699e-06
4.13007e-06
4.12049e-06
9.23561e-09
3.15877e-08
5.881e-08
9.19153e-08
1.32076e-07
1.80629e-07
2.39069e-07
3.09005e-07
3.92116e-07
4.90057e-07
6.04354e-07
7.36266e-07
8.86628e-07
1.05569e-06
1.24297e-06
1.44712e-06
1.66584e-06
1.89593e-06
2.1333e-06
2.37321e-06
2.61049e-06
2.83992e-06
3.05658e-06
3.25622e-06
3.4355e-06
3.59227e-06
3.72557e-06
3.83566e-06
3.92379e-06
3.99202e-06
4.0429e-06
4.07917e-06
4.10352e-06
4.1184e-06
4.12591e-06
4.12769e-06
4.12501e-06
4.11872e-06
4.10939e-06
4.09731e-06
9.09924e-09
3.11262e-08
5.79671e-08
9.06287e-08
1.30274e-07
1.78228e-07
2.35971e-07
3.05103e-07
3.87297e-07
4.84215e-07
5.974e-07
7.28143e-07
8.77327e-07
1.04526e-06
1.23152e-06
1.43482e-06
1.65294e-06
1.88268e-06
2.12e-06
2.36015e-06
2.59791e-06
2.82801e-06
3.04546e-06
3.24591e-06
3.42595e-06
3.58335e-06
3.71711e-06
3.82744e-06
3.91557e-06
3.98357e-06
4.03396e-06
4.06952e-06
4.09294e-06
4.10669e-06
4.11286e-06
4.11312e-06
4.10875e-06
4.10064e-06
4.08937e-06
4.07528e-06
8.96649e-09
3.0676e-08
5.71412e-08
8.93609e-08
1.28485e-07
1.75822e-07
2.32831e-07
3.01092e-07
3.82256e-07
4.77972e-07
5.89779e-07
7.18979e-07
8.66481e-07
1.03264e-06
1.21709e-06
1.41863e-06
1.6351e-06
1.86343e-06
2.09962e-06
2.339e-06
2.5764e-06
2.80655e-06
3.02443e-06
3.22564e-06
3.40671e-06
3.56529e-06
3.7003e-06
3.81183e-06
3.90105e-06
3.96991e-06
4.0209e-06
4.05674e-06
4.08013e-06
4.09352e-06
4.09904e-06
4.0984e-06
4.0929e-06
4.08349e-06
4.07081e-06
4.05527e-06
8.826e-09
3.01984e-08
5.62605e-08
8.79995e-08
1.26548e-07
1.73193e-07
2.29365e-07
2.96613e-07
3.76557e-07
4.70817e-07
5.80913e-07
7.08138e-07
8.53416e-07
1.01713e-06
1.199e-06
1.39788e-06
1.61175e-06
1.83765e-06
2.07172e-06
2.30942e-06
2.54569e-06
2.77533e-06
2.99336e-06
3.19533e-06
3.37772e-06
3.53806e-06
3.67512e-06
3.78884e-06
3.88021e-06
3.95105e-06
4.00374e-06
4.04092e-06
4.06522e-06
4.07912e-06
4.08475e-06
4.08388e-06
4.07787e-06
4.06775e-06
4.05423e-06
4.03781e-06
8.66951e-09
2.9665e-08
5.52728e-08
8.64634e-08
1.24348e-07
1.70185e-07
2.25371e-07
2.91415e-07
3.69897e-07
4.62396e-07
5.704e-07
6.95185e-07
8.37675e-07
9.98292e-07
1.1768e-06
1.37218e-06
1.58254e-06
1.80507e-06
2.03611e-06
2.27128e-06
2.50571e-06
2.73434e-06
2.95222e-06
3.15496e-06
3.33893e-06
3.50155e-06
3.64142e-06
3.75825e-06
3.85284e-06
3.92678e-06
3.98228e-06
4.02187e-06
4.0481e-06
4.06342e-06
4.07001e-06
4.06966e-06
4.06383e-06
4.05363e-06
4.03987e-06
4.02316e-06
8.49139e-09
2.90569e-08
5.41427e-08
8.46985e-08
1.21808e-07
1.66697e-07
2.20719e-07
2.85339e-07
3.62085e-07
4.52491e-07
5.58e-07
6.79865e-07
8.19006e-07
9.75872e-07
1.1503e-06
1.34137e-06
1.54736e-06
1.76564e-06
1.99279e-06
2.22464e-06
2.45655e-06
2.68363e-06
2.90107e-06
3.10449e-06
3.29023e-06
3.45557e-06
3.5989e-06
3.7197e-06
3.81848e-06
3.8966e-06
3.95603e-06
3.99913e-06
4.02835e-06
4.0461e-06
4.05454e-06
4.05555e-06
4.05065e-06
4.04106e-06
4.0277e-06
4.01127e-06
8.28828e-09
2.83626e-08
5.28496e-08
8.26734e-08
1.18886e-07
1.62672e-07
2.1534e-07
2.78301e-07
3.53028e-07
4.40999e-07
5.43611e-07
6.62082e-07
7.97327e-07
9.49824e-07
1.11948e-06
1.30549e-06
1.50631e-06
1.71953e-06
1.94197e-06
2.16974e-06
2.39845e-06
2.62342e-06
2.84003e-06
3.04396e-06
3.23151e-06
3.39986e-06
3.54717e-06
3.67265e-06
3.77651e-06
3.85981e-06
3.92425e-06
3.97197e-06
4.00528e-06
4.0265e-06
4.03779e-06
4.04106e-06
4.03793e-06
4.0297e-06
4.0174e-06
4.00184e-06
8.05869e-09
2.75772e-08
5.13848e-08
8.03756e-08
1.15564e-07
1.58091e-07
2.09213e-07
2.70282e-07
3.4271e-07
4.27913e-07
5.27238e-07
6.41867e-07
7.72705e-07
9.20254e-07
1.08449e-06
1.26476e-06
1.45966e-06
1.66705e-06
1.884e-06
2.10693e-06
2.33174e-06
2.55402e-06
2.76932e-06
2.97344e-06
3.1627e-06
3.33416e-06
3.48578e-06
3.61648e-06
3.72616e-06
3.81553e-06
3.88598e-06
3.9394e-06
3.9779e-06
4.00369e-06
4.01888e-06
4.02541e-06
4.02494e-06
4.01887e-06
4.00836e-06
3.99429e-06
7.80268e-09
2.67009e-08
4.97491e-08
7.78074e-08
1.11849e-07
1.52966e-07
2.02356e-07
2.61311e-07
3.31175e-07
4.13302e-07
5.08981e-07
6.19356e-07
7.45317e-07
8.87396e-07
1.04564e-06
1.21952e-06
1.40784e-06
1.60867e-06
1.81939e-06
2.03674e-06
2.25693e-06
2.47583e-06
2.68925e-06
2.89311e-06
3.08379e-06
3.25825e-06
3.41427e-06
3.55052e-06
3.66655e-06
3.76272e-06
3.84008e-06
3.9002e-06
3.94497e-06
3.97644e-06
3.99663e-06
4.00746e-06
4.01063e-06
4.00762e-06
3.99968e-06
3.9878e-06
7.52149e-09
2.57381e-08
4.79513e-08
7.49836e-08
1.07763e-07
1.47329e-07
1.94819e-07
2.51457e-07
3.1852e-07
3.97292e-07
4.89005e-07
5.9476e-07
7.15434e-07
8.51579e-07
1.00332e-06
1.17025e-06
1.35135e-06
1.54496e-06
1.74875e-06
1.95978e-06
2.1746e-06
2.3894e-06
2.60024e-06
2.80324e-06
2.99484e-06
3.17197e-06
3.33226e-06
3.47414e-06
3.59681e-06
3.70029e-06
3.78526e-06
3.85297e-06
3.90502e-06
3.94324e-06
3.96954e-06
3.98576e-06
3.99362e-06
3.99464e-06
3.99014e-06
3.98121e-06
7.21734e-09
2.46965e-08
4.60058e-08
7.19276e-08
1.03342e-07
1.41231e-07
1.86671e-07
2.40816e-07
3.04871e-07
3.8005e-07
4.67525e-07
5.6835e-07
6.83385e-07
8.13205e-07
9.57998e-07
1.11748e-06
1.29083e-06
1.47662e-06
1.67281e-06
1.87679e-06
2.08548e-06
2.29539e-06
2.50286e-06
2.70424e-06
2.89608e-06
3.07532e-06
3.23949e-06
3.38678e-06
3.51612e-06
3.62716e-06
3.72024e-06
3.79622e-06
3.8564e-06
3.90237e-06
3.93584e-06
3.95855e-06
3.97219e-06
3.97827e-06
3.97816e-06
3.97304e-06
6.89307e-09
2.3586e-08
4.39315e-08
6.86696e-08
9.86304e-08
1.34738e-07
1.78002e-07
2.29506e-07
2.90383e-07
3.61774e-07
4.44787e-07
5.40431e-07
6.49545e-07
7.72718e-07
9.10201e-07
1.06183e-06
1.22694e-06
1.40436e-06
1.59234e-06
1.7886e-06
1.99038e-06
2.19456e-06
2.3978e-06
2.59667e-06
2.78789e-06
2.96846e-06
3.13585e-06
3.28807e-06
3.4238e-06
3.54238e-06
3.64375e-06
3.72845e-06
3.79742e-06
3.85196e-06
3.89357e-06
3.92382e-06
3.9443e-06
3.95651e-06
3.96182e-06
3.96144e-06
6.55204e-09
2.24179e-08
4.175e-08
6.52442e-08
9.36789e-08
1.27918e-07
1.68907e-07
2.17655e-07
2.75221e-07
3.42674e-07
4.21057e-07
5.11331e-07
6.14309e-07
7.3059e-07
8.60479e-07
1.00392e-06
1.16041e-06
1.329e-06
1.50821e-06
1.69608e-06
1.89021e-06
2.08782e-06
2.28589e-06
2.48127e-06
2.67087e-06
2.85179e-06
3.02148e-06
3.17787e-06
3.31941e-06
3.44514e-06
3.55471e-06
3.64826e-06
3.7264e-06
3.79012e-06
3.84065e-06
3.87937e-06
3.9077e-06
3.92708e-06
3.93884e-06
3.94419e-06
6.19783e-09
2.12048e-08
3.94847e-08
6.16884e-08
8.85417e-08
1.20849e-07
1.59488e-07
2.05397e-07
2.59558e-07
3.2297e-07
3.96609e-07
4.81383e-07
5.78079e-07
6.87299e-07
8.09391e-07
9.4439e-07
1.09195e-06
1.25132e-06
1.42128e-06
1.60019e-06
1.78595e-06
1.97616e-06
2.1681e-06
2.35894e-06
2.54579e-06
2.72592e-06
2.8968e-06
3.05632e-06
3.20278e-06
3.33498e-06
3.45227e-06
3.55446e-06
3.64183e-06
3.71504e-06
3.77502e-06
3.82291e-06
3.85997e-06
3.88747e-06
3.90667e-06
3.91875e-06
5.83419e-09
1.99594e-08
3.71595e-08
5.804e-08
8.32743e-08
1.13607e-07
1.49848e-07
1.92866e-07
2.43568e-07
3.02879e-07
3.71711e-07
4.50917e-07
5.41253e-07
6.43315e-07
7.57489e-07
8.83888e-07
1.0223e-06
1.17215e-06
1.33247e-06
1.50189e-06
1.67865e-06
1.86065e-06
2.04552e-06
2.23073e-06
2.41365e-06
2.59171e-06
2.7625e-06
2.92389e-06
3.07409e-06
3.21175e-06
3.33594e-06
3.44621e-06
3.5425e-06
3.62514e-06
3.69478e-06
3.75228e-06
3.79868e-06
3.83507e-06
3.8626e-06
3.88233e-06
5.46484e-09
1.86944e-08
3.47984e-08
5.43369e-08
7.79312e-08
1.06266e-07
1.40088e-07
1.80193e-07
2.27417e-07
2.82612e-07
3.46623e-07
4.20249e-07
5.0421e-07
5.99091e-07
7.05303e-07
8.23023e-07
9.52157e-07
1.09229e-06
1.24267e-06
1.40217e-06
1.56935e-06
1.74241e-06
1.91932e-06
2.09784e-06
2.2756e-06
2.45026e-06
2.61955e-06
2.78137e-06
2.93393e-06
3.07574e-06
3.20569e-06
3.32309e-06
3.42759e-06
3.51923e-06
3.59835e-06
3.66554e-06
3.72159e-06
3.76739e-06
3.80389e-06
3.83206e-06
5.09337e-09
1.74223e-08
3.24246e-08
5.06154e-08
7.25651e-08
9.89009e-08
1.30305e-07
1.67504e-07
2.11264e-07
2.62367e-07
3.21589e-07
3.89676e-07
4.67306e-07
5.5505e-07
6.5333e-07
7.62377e-07
8.8219e-07
1.01249e-06
1.15272e-06
1.302e-06
1.45912e-06
1.62262e-06
1.79074e-06
1.96155e-06
2.13298e-06
2.30289e-06
2.4692e-06
2.62991e-06
2.78325e-06
2.92767e-06
3.06195e-06
3.18519e-06
3.29683e-06
3.39663e-06
3.48464e-06
3.5612e-06
3.62682e-06
3.68218e-06
3.72803e-06
3.76517e-06
4.72321e-09
1.61548e-08
3.00598e-08
4.69099e-08
6.72254e-08
9.15777e-08
1.20587e-07
1.54915e-07
1.95257e-07
2.42325e-07
2.96834e-07
3.5947e-07
4.30869e-07
5.11579e-07
6.02029e-07
7.02486e-07
8.13023e-07
9.33487e-07
1.06347e-06
1.2023e-06
1.34902e-06
1.50242e-06
1.66104e-06
1.82324e-06
1.98721e-06
2.15108e-06
2.31293e-06
2.47093e-06
2.62337e-06
2.76871e-06
2.90565e-06
3.03317e-06
3.15053e-06
3.25726e-06
3.35318e-06
3.43836e-06
3.51306e-06
3.57773e-06
3.63292e-06
3.6792e-06
4.35753e-09
1.49027e-08
2.77245e-08
4.3252e-08
6.19577e-08
8.43591e-08
1.11017e-07
1.4253e-07
1.79526e-07
2.22653e-07
2.72558e-07
3.29874e-07
3.9519e-07
4.69029e-07
5.51813e-07
6.43834e-07
7.45225e-07
8.55927e-07
9.75671e-07
1.10395e-06
1.24004e-06
1.38295e-06
1.5315e-06
1.6843e-06
1.83981e-06
1.99641e-06
2.15241e-06
2.30612e-06
2.45596e-06
2.60042e-06
2.73822e-06
2.86824e-06
2.98962e-06
3.10173e-06
3.20419e-06
3.29683e-06
3.3797e-06
3.45301e-06
3.51708e-06
3.57231e-06
3.99921e-09
1.3676e-08
2.54369e-08
3.96705e-08
5.68032e-08
7.73011e-08
1.01669e-07
1.30444e-07
1.64192e-07
2.03495e-07
2.48941e-07
3.01104e-07
3.60529e-07
4.27706e-07
5.03044e-07
5.86851e-07
6.793e-07
7.80408e-07
8.90016e-07
1.00777e-06
1.13311e-06
1.26528e-06
1.40332e-06
1.54609e-06
1.6923e-06
1.84057e-06
1.98942e-06
2.13736e-06
2.28293e-06
2.42474e-06
2.56151e-06
2.69213e-06
2.81565e-06
2.93134e-06
3.03864e-06
3.13723e-06
3.22695e-06
3.3078e-06
3.3799e-06
3.44345e-06
3.65082e-09
1.24833e-08
2.32135e-08
3.61909e-08
5.17982e-08
7.0453e-08
9.26062e-08
1.18739e-07
1.49355e-07
1.84978e-07
2.26135e-07
2.73345e-07
3.27106e-07
3.87873e-07
4.56037e-07
5.31908e-07
6.15688e-07
7.0745e-07
8.07124e-07
9.14475e-07
1.0291e-06
1.15041e-06
1.27766e-06
1.40994e-06
1.54618e-06
1.68522e-06
1.8258e-06
1.96663e-06
2.10639e-06
2.24382e-06
2.37772e-06
2.507e-06
2.63069e-06
2.74799e-06
2.85825e-06
2.961e-06
3.05592e-06
3.14284e-06
3.2217e-06
3.29252e-06
3.3146e-09
1.13324e-08
2.10684e-08
3.28353e-08
4.69744e-08
6.38574e-08
8.38853e-08
1.07485e-07
1.35105e-07
1.6721e-07
2.0427e-07
2.46753e-07
2.95107e-07
3.49752e-07
4.11055e-07
4.79319e-07
5.54762e-07
6.37499e-07
7.27525e-07
8.24703e-07
9.28751e-07
1.03924e-06
1.15559e-06
1.27708e-06
1.40287e-06
1.53198e-06
1.66338e-06
1.79594e-06
1.92853e-06
2.06002e-06
2.18932e-06
2.31538e-06
2.43727e-06
2.55417e-06
2.66537e-06
2.7703e-06
2.86853e-06
2.95977e-06
3.04379e-06
3.12046e-06
2.99246e-09
1.02298e-08
1.90138e-08
2.96224e-08
4.23583e-08
5.75502e-08
7.55523e-08
9.67414e-08
1.21514e-07
1.50279e-07
1.83454e-07
2.21454e-07
2.64684e-07
3.13522e-07
3.6831e-07
4.29338e-07
4.96829e-07
5.70923e-07
6.51666e-07
7.38993e-07
8.32722e-07
9.32549e-07
1.03804e-06
1.14864e-06
1.26368e-06
1.38239e-06
1.50389e-06
1.62727e-06
1.75155e-06
1.87575e-06
1.99888e-06
2.12e-06
2.23823e-06
2.35276e-06
2.46287e-06
2.56795e-06
2.66749e-06
2.7611e-06
2.84844e-06
2.92924e-06
2.68596e-09
9.18082e-09
1.70597e-08
2.65678e-08
3.79719e-08
5.15608e-08
6.76453e-08
8.65555e-08
1.08639e-07
1.34254e-07
1.63769e-07
1.97549e-07
2.35954e-07
2.79323e-07
3.2797e-07
3.82166e-07
4.4213e-07
5.08017e-07
5.79906e-07
6.57787e-07
7.41556e-07
8.31006e-07
9.25826e-07
1.0256e-06
1.1298e-06
1.23783e-06
1.34898e-06
1.4625e-06
1.57758e-06
1.69336e-06
1.80902e-06
1.92369e-06
2.03658e-06
2.14692e-06
2.25402e-06
2.35726e-06
2.45609e-06
2.55005e-06
2.63874e-06
2.7218e-06
2.39637e-09
8.18983e-09
1.52139e-08
2.36838e-08
3.38325e-08
4.59122e-08
6.01936e-08
7.6964e-08
9.65253e-08
1.1919e-07
1.45279e-07
1.75112e-07
2.09005e-07
2.4726e-07
2.90158e-07
3.3795e-07
3.90846e-07
4.49004e-07
5.12522e-07
5.81432e-07
6.55685e-07
7.35152e-07
8.19617e-07
9.08774e-07
1.00223e-06
1.09952e-06
1.20009e-06
1.30333e-06
1.40857e-06
1.51512e-06
1.62225e-06
1.72924e-06
1.83536e-06
1.93992e-06
2.04228e-06
2.14183e-06
2.23802e-06
2.33037e-06
2.41844e-06
2.50182e-06
2.12466e-09
7.26009e-09
1.34827e-08
2.09797e-08
2.99532e-08
4.06217e-08
5.32191e-08
6.79936e-08
8.52057e-08
1.05125e-07
1.28029e-07
1.54194e-07
1.83897e-07
2.17401e-07
2.54958e-07
2.96792e-07
3.431e-07
3.94037e-07
4.49712e-07
5.1018e-07
5.75435e-07
6.45405e-07
7.19947e-07
7.98846e-07
8.81815e-07
9.68498e-07
1.05847e-06
1.15125e-06
1.24631e-06
1.34307e-06
1.44093e-06
1.53928e-06
1.6375e-06
1.73497e-06
1.83111e-06
1.92536e-06
2.0172e-06
2.10614e-06
2.19173e-06
2.27354e-06
1.87149e-09
6.39392e-09
1.18702e-08
1.84618e-08
2.63429e-08
3.57009e-08
4.67365e-08
5.9662e-08
7.47003e-08
9.20824e-08
1.12045e-07
1.34826e-07
1.60663e-07
1.89786e-07
2.22414e-07
2.58747e-07
2.98963e-07
3.4321e-07
3.91598e-07
4.44197e-07
5.01028e-07
5.62061e-07
6.27208e-07
6.96325e-07
7.69207e-07
8.4559e-07
9.25154e-07
1.00753e-06
1.0923e-06
1.179e-06
1.26715e-06
1.35623e-06
1.44573e-06
1.53512e-06
1.62388e-06
1.71152e-06
1.79754e-06
1.8815e-06
1.96295e-06
2.04148e-06
1.6373e-09
5.59272e-09
1.0379e-08
1.61342e-08
2.30069e-08
3.11566e-08
4.07536e-08
5.19782e-08
6.50192e-08
8.0072e-08
9.73373e-08
1.17018e-07
1.39315e-07
1.64426e-07
1.92539e-07
2.23831e-07
2.58458e-07
2.96556e-07
3.38233e-07
3.83564e-07
4.32588e-07
4.85301e-07
5.41657e-07
6.01564e-07
6.6488e-07
7.31417e-07
8.00938e-07
8.73164e-07
9.47772e-07
1.0244e-06
1.10267e-06
1.18217e-06
1.26245e-06
1.34309e-06
1.42365e-06
1.50368e-06
1.58277e-06
1.66049e-06
1.73644e-06
1.81022e-06
1.42226e-09
4.85713e-09
9.01022e-09
1.39984e-08
1.99471e-08
2.69907e-08
3.52725e-08
4.49437e-08
5.61624e-08
6.90927e-08
8.39024e-08
1.00762e-07
1.1984e-07
1.41304e-07
1.65314e-07
1.9202e-07
2.21561e-07
2.54057e-07
2.89607e-07
3.28287e-07
3.70144e-07
4.15193e-07
4.63416e-07
5.14759e-07
5.69128e-07
6.26391e-07
6.86379e-07
7.48886e-07
8.13669e-07
8.80454e-07
9.48938e-07
1.0188e-06
1.08968e-06
1.16124e-06
1.2331e-06
1.30489e-06
1.37625e-06
1.44681e-06
1.51621e-06
1.5841e-06
1.22636e-09
4.18708e-09
7.76362e-09
1.20539e-08
1.71625e-08
2.32015e-08
3.02898e-08
3.85529e-08
4.81217e-08
5.9132e-08
7.17225e-08
8.60341e-08
1.02207e-07
1.20381e-07
1.40689e-07
1.63259e-07
1.88207e-07
2.15639e-07
2.45644e-07
2.78294e-07
3.13636e-07
3.51699e-07
3.92481e-07
4.35954e-07
4.82061e-07
5.30713e-07
5.81793e-07
6.35151e-07
6.90609e-07
7.47963e-07
8.06982e-07
8.67415e-07
9.2899e-07
9.91422e-07
1.05442e-06
1.11767e-06
1.18087e-06
1.24371e-06
1.30588e-06
1.36707e-06
4.2006e-06
4.19798e-06
4.19065e-06
4.17739e-06
4.1565e-06
4.12716e-06
4.09055e-06
4.05417e-06
4.02179e-06
3.99287e-06
3.96732e-06
3.9441e-06
3.92268e-06
3.90233e-06
3.88257e-06
3.86288e-06
3.84292e-06
3.82238e-06
3.80099e-06
3.77858e-06
3.75509e-06
3.73064e-06
3.7056e-06
3.68065e-06
3.65709e-06
3.63729e-06
3.62539e-06
3.62849e-06
3.65906e-06
3.73838e-06
3.90305e-06
4.21407e-06
4.76707e-06
5.68801e-06
7.0915e-06
8.97939e-06
1.12023e-05
1.35302e-05
1.57779e-05
1.78365e-05
1.96553e-05
2.12232e-05
2.25477e-05
2.36434e-05
2.45286e-05
2.52206e-05
2.57365e-05
2.60925e-05
2.63031e-05
2.63798e-05
2.63328e-05
2.6171e-05
2.58992e-05
2.55184e-05
2.50288e-05
2.44316e-05
2.37326e-05
2.29781e-05
2.24539e-05
2.39583e-05
3.64033e-05
9.00717e-05
0.000236799
0.000471656
0.000653249
0.000729612
0.000746265
0.000742889
0.000734727
0.000725991
0.00071763
0.000709819
0.000702488
0.000695509
0.000688732
0.000682015
0.000675237
0.000668292
0.000661049
0.000653426
0.000645368
0.00063687
0.000628032
0.00061912
0.000610683
0.000603814
0.000600499
0.000604366
0.000621761
0.000663255
0.00074396
0.000880789
0.00108074
0.00133635
0.00162743
0.00193642
0.00225065
0.00256268
0.0028685
0.00316632
0.00345569
0.00373716
0.00401199
0.00428218
0.00455042
0.00482018
0.00509602
0.00538475
0.00569518
0.00603661
0.00642248
0.00687241
0.00741471
0.00809266
0.00896943
0.010142
0.0117324
0.0138208
0.0160451
0.0170856
0.0155892
0.0136798
0.0127558
0.0124913
0.012452
0.0124658
0.0124884
0.012511
0.012532
0.0125512
0.0125688
0.0125849
0.0125997
0.0126133
0.0126255
0.0126362
0.012645
0.0126512
0.012654
0.0126518
0.0126424
0.0126225
0.0125874
0.0125302
0.0124413
0.0123087
0.012119
0.0118644
0.0115533
0.0112176
0.0108992
0.0106269
0.0104099
0.0102445
0.0101227
0.0100355
0.00997508
0.00993499
0.00991039
0.00989753
0.00989362
0.00989657
0.00990488
0.00991756
0.00993399
0.00995381
0.0099769
0.0100034
0.0100338
0.0100682
0.0101071
0.0101501
0.0101957
0.0102374
0.0102535
0.0101802
0.00991657
0.00947701
0.0091364
0.00899058
0.00895296
0.00895038
0.00895579
0.0089624
0.00896889
0.00897507
0.008981
0.00898678
0.00899253
0.00899833
0.00900425
0.00901031
0.00901655
0.00902292
0.00902931
0.00903548
0.00904103
0.00904528
0.0090471
0.00904462
0.00903491
0.0090133
0.00897286
0.00890422
0.0087977
0.00864897
0.008467
0.0082719
0.00808411
0.00791538
0.00776962
0.00764653
0.0075437
0.00745827
0.00738752
0.00732913
0.00728115
0.00724195
0.00721021
0.00718486
0.00716509
0.00715022
0.0071397
0.00713315
0.00713035
0.00713126
0.00713589
0.00714454
0.00715751
0.00717555
0.00719911
0.00722948
0.00726663
0.00731148
0.00735899
0.00739819
0.00742686
0.00744568
0.00745694
0.00746268
4.18101e-06
4.17155e-06
4.15602e-06
4.133e-06
4.10109e-06
4.06023e-06
4.01274e-06
3.96512e-06
3.92133e-06
3.882e-06
3.84709e-06
3.81575e-06
3.78722e-06
3.76067e-06
3.73542e-06
3.71084e-06
3.68643e-06
3.66168e-06
3.63622e-06
3.60972e-06
3.58194e-06
3.55275e-06
3.5222e-06
3.49061e-06
3.45879e-06
3.42851e-06
3.40322e-06
3.38939e-06
3.39907e-06
3.45421e-06
3.59403e-06
3.88585e-06
4.43697e-06
5.39411e-06
6.90439e-06
9.02523e-06
1.16581e-05
1.4574e-05
1.75264e-05
2.03188e-05
2.2825e-05
2.49822e-05
2.67716e-05
2.82012e-05
2.92946e-05
3.00821e-05
3.05963e-05
3.08694e-05
3.09302e-05
3.08025e-05
3.05047e-05
3.00506e-05
2.94496e-05
2.87061e-05
2.78232e-05
2.6807e-05
2.56805e-05
2.45508e-05
2.39511e-05
2.64773e-05
4.24091e-05
0.000100298
0.000240607
0.000452836
0.000629299
0.000714195
0.000736954
0.000734179
0.000723745
0.000711894
0.000700491
0.000690037
0.000680572
0.000671972
0.000664049
0.000656607
0.000649451
0.000642395
0.000635246
0.000627852
0.000620086
0.000611861
0.000603165
0.00059412
0.000585111
0.00057703
0.00057173
0.000572845
0.000587092
0.000625927
0.000706275
0.000847423
0.00106134
0.00134436
0.00167657
0.00203335
0.00239296
0.00273982
0.00306464
0.00336298
0.00363384
0.00387846
0.00409962
0.00430126
0.00448823
0.00466623
0.00484202
0.00502372
0.00522201
0.00545059
0.00572778
0.00607917
0.00654135
0.00716793
0.00803577
0.00925162
0.0109328
0.0131017
0.0153363
0.0164603
0.0154831
0.013846
0.0128907
0.0125557
0.0124876
0.0124997
0.0125298
0.0125619
0.0125923
0.01262
0.0126453
0.0126683
0.0126893
0.0127085
0.0127261
0.0127421
0.0127562
0.0127678
0.0127758
0.0127786
0.0127736
0.0127567
0.0127223
0.012662
0.0125646
0.0124163
0.0122032
0.0119176
0.011569
0.0111886
0.010819
0.0104949
0.0102323
0.010032
0.00988702
0.00978715
0.00972243
0.00968419
0.0096655
0.00966106
0.00966693
0.00968031
0.00969932
0.00972285
0.00975037
0.00978186
0.00981752
0.00985785
0.0099035
0.00995504
0.0100127
0.0100756
0.0101405
0.0101979
0.0102213
0.0101494
0.00990338
0.00950912
0.00917821
0.00901529
0.00896392
0.00895677
0.00896232
0.00897049
0.00897871
0.00898642
0.00899361
0.00900041
0.00900699
0.00901353
0.00902017
0.00902705
0.00903429
0.00904194
0.00905
0.00905831
0.00906654
0.00907402
0.00907957
0.00908112
0.00907526
0.00905652
0.0090168
0.00894535
0.00883105
0.00866815
0.00846315
0.0082345
0.00800476
0.00779062
0.00760109
0.00743919
0.00730416
0.00719352
0.00710414
0.00703293
0.00697705
0.00693401
0.00690175
0.00687852
0.00686298
0.00685404
0.00685085
0.00685281
0.0068596
0.00687112
0.0068875
0.00690905
0.00693626
0.00696989
0.00701062
0.00705936
0.00711593
0.00717949
0.00724461
0.00730179
0.00734738
0.00738117
0.00740499
0.00742103
4.15714e-06
4.14069e-06
4.11714e-06
4.08523e-06
4.04425e-06
3.99503e-06
3.94079e-06
3.8871e-06
3.83781e-06
3.79418e-06
3.75627e-06
3.72336e-06
3.6945e-06
3.66875e-06
3.64522e-06
3.62313e-06
3.60178e-06
3.58053e-06
3.55881e-06
3.53608e-06
3.51183e-06
3.48557e-06
3.45688e-06
3.42547e-06
3.39142e-06
3.35557e-06
3.32026e-06
3.29083e-06
3.27835e-06
3.30449e-06
3.40975e-06
3.66552e-06
4.18716e-06
5.13583e-06
6.6852e-06
8.9408e-06
1.18602e-05
1.52411e-05
1.88022e-05
2.22704e-05
2.54366e-05
2.81719e-05
3.04186e-05
3.21708e-05
3.34566e-05
3.4322e-05
3.48202e-05
3.50036e-05
3.49189e-05
3.46036e-05
3.40847e-05
3.33793e-05
3.24978e-05
3.14446e-05
3.02239e-05
2.88486e-05
2.73693e-05
2.59884e-05
2.55566e-05
2.94619e-05
4.88304e-05
0.000109636
0.000242893
0.000435718
0.000605251
0.000697229
0.000727086
0.000726788
0.000715707
0.000702074
0.000688868
0.000677068
0.000666876
0.000658175
0.000650711
0.000644179
0.000638264
0.000632653
0.000627057
0.000621203
0.000614833
0.000607709
0.000599645
0.000590564
0.000580634
0.000570541
0.000562003
0.000558682
0.000567634
0.000601098
0.000677489
0.000818818
0.00104236
0.00135094
0.00172881
0.00214846
0.00257978
0.00299702
0.00338186
0.00372357
0.00401767
0.00426433
0.00446696
0.00463113
0.00476386
0.00487324
0.00496835
0.00505947
0.00515906
0.0052838
0.00545613
0.00570734
0.00608194
0.0066435
0.00747999
0.00870326
0.0104167
0.0125905
0.0147732
0.0159417
0.0153518
0.0139877
0.013033
0.0126328
0.0125268
0.0125287
0.0125611
0.012599
0.0126353
0.0126682
0.0126974
0.0127232
0.0127463
0.0127672
0.0127862
0.0128038
0.0128199
0.0128341
0.0128455
0.0128524
0.0128519
0.0128395
0.0128085
0.0127494
0.0126493
0.0124929
0.0122656
0.0119602
0.0115863
0.0111743
0.0107672
0.0104038
0.0101061
0.00987972
0.00971894
0.00961259
0.00954836
0.00951508
0.0095036
0.00950699
0.00952028
0.00954017
0.0095647
0.00959297
0.00962486
0.00966092
0.009702
0.00974924
0.0098038
0.00986657
0.00993766
0.0100154
0.0100947
0.0101629
0.0101904
0.0101204
0.0098926
0.00953766
0.0092202
0.00904342
0.00897735
0.00896327
0.00896715
0.00897563
0.00898453
0.00899271
0.00899999
0.00900651
0.00901253
0.00901833
0.00902421
0.00903043
0.00903725
0.00904488
0.00905344
0.00906294
0.00907319
0.00908362
0.00909305
0.00909926
0.00909842
0.00908435
0.00904789
0.00897714
0.00885992
0.00868921
0.00846935
0.0082168
0.00795453
0.00770284
0.0074753
0.00727855
0.00711401
0.00698
0.00687325
0.00679001
0.00672658
0.00667962
0.00664622
0.006624
0.00661105
0.00660589
0.00660741
0.00661485
0.0066278
0.00664616
0.00667018
0.00670028
0.00673712
0.00678153
0.00683433
0.00689615
0.00696656
0.00704375
0.00712236
0.0071944
0.00725529
0.00730371
0.00734064
0.00736801
4.13064e-06
4.10761e-06
4.07693e-06
4.03779e-06
3.99028e-06
3.93608e-06
3.87884e-06
3.82342e-06
3.77336e-06
3.73012e-06
3.69382e-06
3.66371e-06
3.63873e-06
3.61777e-06
3.59976e-06
3.58372e-06
3.56878e-06
3.55416e-06
3.53912e-06
3.52287e-06
3.50461e-06
3.48348e-06
3.45858e-06
3.42903e-06
3.39418e-06
3.35392e-06
3.30952e-06
3.2651e-06
3.23059e-06
3.22693e-06
3.29482e-06
3.50758e-06
3.98526e-06
4.89857e-06
6.44161e-06
8.76013e-06
1.18653e-05
1.55927e-05
1.96488e-05
2.36993e-05
2.74532e-05
3.07075e-05
3.33566e-05
3.53764e-05
3.68004e-05
3.76955e-05
3.81418e-05
3.82179e-05
3.79917e-05
3.75148e-05
3.68213e-05
3.59285e-05
3.48433e-05
3.35657e-05
3.20982e-05
3.04634e-05
2.87524e-05
2.72992e-05
2.73161e-05
3.2895e-05
5.54824e-05
0.00011805
0.000244014
0.00042005
0.000581541
0.00067892
0.00071634
0.000720191
0.000710121
0.000696024
0.000682072
0.00066983
0.000659722
0.000651655
0.0006453
0.000640232
0.000635999
0.000632158
0.000628303
0.000624038
0.000618971
0.000612726
0.00060496
0.000595432
0.000584143
0.000571625
0.000559491
0.000551402
0.000554582
0.000581687
0.000652011
0.000789579
0.00101611
0.00134106
0.00175469
0.00223023
0.00273212
0.00322526
0.00368142
0.0040818
0.0044168
0.00468442
0.0048881
0.00503489
0.00513399
0.00519584
0.00523174
0.00525397
0.00527664
0.00531861
0.00540543
0.00557297
0.00587234
0.00637518
0.00717687
0.00838885
0.0100948
0.0122221
0.0143163
0.0155024
0.0152043
0.0140989
0.0131779
0.0127226
0.0125722
0.0125552
0.0125836
0.0126231
0.0126621
0.0126971
0.0127274
0.0127534
0.0127758
0.0127957
0.0128138
0.0128309
0.0128474
0.0128631
0.0128774
0.0128886
0.0128935
0.0128872
0.012862
0.0128071
0.0127082
0.0125487
0.0123135
0.0119954
0.0116042
0.0111694
0.0107344
0.0103409
0.0100168
0.00977208
0.00960251
0.00949598
0.00943764
0.00941341
0.00941165
0.00942365
0.00944347
0.00946749
0.00949394
0.00952241
0.00955349
0.00958852
0.00962923
0.00967756
0.00973533
0.00980379
0.00988287
0.00997005
0.0100584
0.0101325
0.0101612
0.0100935
0.00988364
0.00956306
0.00926153
0.00907454
0.0089937
0.00897067
0.00897096
0.00897846
0.00898711
0.00899499
0.00900163
0.00900716
0.0090119
0.00901626
0.00902069
0.00902562
0.00903143
0.0090385
0.00904712
0.00905748
0.00906954
0.00908284
0.00909621
0.00910732
0.00911194
0.00910324
0.0090712
0.00900302
0.00888571
0.00871119
0.00848196
0.00821269
0.00792599
0.00764465
0.00738603
0.00716031
0.00697125
0.00681815
0.00669774
0.00660561
0.00653711
0.00648795
0.00645435
0.00643322
0.00642213
0.00641923
0.0064232
0.0064332
0.00644883
0.00647005
0.00649722
0.00653097
0.00657214
0.00662172
0.00668063
0.00674939
0.00682747
0.00691264
0.00700001
0.00708279
0.00715601
0.00721734
0.00726673
0.0073055
4.10325e-06
4.07449e-06
4.03805e-06
3.99368e-06
3.94221e-06
3.88593e-06
3.82858e-06
3.77442e-06
3.72657e-06
3.68645e-06
3.65411e-06
3.62876e-06
3.60921e-06
3.5942e-06
3.58252e-06
3.57304e-06
3.56477e-06
3.55681e-06
3.54825e-06
3.53815e-06
3.52545e-06
3.509e-06
3.48751e-06
3.4596e-06
3.42398e-06
3.37975e-06
3.32721e-06
3.26939e-06
3.21501e-06
3.18392e-06
3.21613e-06
3.38505e-06
3.81253e-06
4.67478e-06
6.1811e-06
8.51077e-06
1.17236e-05
1.56975e-05
2.01425e-05
2.46785e-05
2.8938e-05
3.26398e-05
3.56232e-05
3.78421e-05
3.93372e-05
4.02019e-05
4.05504e-05
4.04941e-05
4.01253e-05
3.95106e-05
3.86887e-05
3.76738e-05
3.64644e-05
3.50526e-05
3.34385e-05
3.16587e-05
2.98614e-05
2.85431e-05
2.92918e-05
3.67544e-05
6.22381e-05
0.000125599
0.000244274
0.000405537
0.000558453
0.000659305
0.000704452
0.000713707
0.000706154
0.000692799
0.000678945
0.000666813
0.000657116
0.000649831
0.000644587
0.000640862
0.000638092
0.000635722
0.000633246
0.000630162
0.000625976
0.000620202
0.000612384
0.000602162
0.000589418
0.000574568
0.000559126
0.000546685
0.000544458
0.000565164
0.000628455
0.000759647
0.000983946
0.00131672
0.0017546
0.00227376
0.00283582
0.00339805
0.00392258
0.00438195
0.00476071
0.00505417
0.00526582
0.00540445
0.00548177
0.00551079
0.00550499
0.0054784
0.0054465
0.00542957
0.00545522
0.00556266
0.00580773
0.00626747
0.0070404
0.00823224
0.00990438
0.0119523
0.0139384
0.0151228
0.0150475
0.014178
0.0133203
0.0128237
0.0126265
0.0125829
0.0126007
0.0126373
0.012676
0.012711
0.0127406
0.0127653
0.0127859
0.0128037
0.0128201
0.0128362
0.0128527
0.0128698
0.0128871
0.0129029
0.0129139
0.0129145
0.0128962
0.0128468
0.012751
0.012591
0.0123513
0.0120251
0.0116216
0.0111699
0.0107133
0.0102965
0.00995196
0.009694
0.00952036
0.00941804
0.00936955
0.00935761
0.0093678
0.0093895
0.00941579
0.00944289
0.00946939
0.0094956
0.00952299
0.00955378
0.00959066
0.00963642
0.00969351
0.00976349
0.0098461
0.00993796
0.0100305
0.0101062
0.010134
0.0100686
0.00987602
0.0095859
0.00930163
0.00910843
0.00901323
0.00897979
0.0089747
0.00897991
0.00898752
0.00899461
0.00900031
0.00900465
0.00900799
0.00901084
0.00901378
0.00901737
0.00902215
0.00902864
0.00903729
0.00904844
0.0090622
0.00907821
0.00909532
0.00911106
0.00912089
0.00911745
0.00909
0.0090251
0.00890915
0.00873319
0.00849819
0.0082172
0.00791225
0.00760777
0.0073243
0.00707526
0.0068668
0.00669931
0.00656951
0.00647228
0.00640195
0.00635311
0.00632106
0.00630195
0.0062928
0.00629146
0.00629645
0.00630693
0.00632255
0.00634342
0.00637007
0.00640334
0.00644431
0.00649416
0.00655393
0.00662419
0.00670442
0.00679246
0.00688399
0.0069732
0.00705511
0.00712667
0.00718684
0.00723617
4.07654e-06
4.04319e-06
4.00254e-06
3.95491e-06
3.90167e-06
3.84547e-06
3.7899e-06
3.73867e-06
3.69448e-06
3.65852e-06
3.63076e-06
3.61033e-06
3.59597e-06
3.58632e-06
3.58009e-06
3.57607e-06
3.57322e-06
3.57056e-06
3.56711e-06
3.56178e-06
3.55338e-06
3.54051e-06
3.52159e-06
3.49485e-06
3.45845e-06
3.41085e-06
3.35153e-06
3.28251e-06
3.21134e-06
3.1565e-06
3.15659e-06
3.28369e-06
3.65906e-06
4.46114e-06
5.90988e-06
8.21233e-06
1.14726e-05
1.56116e-05
2.03547e-05
2.52904e-05
2.99825e-05
3.40703e-05
3.73317e-05
3.9693e-05
4.12017e-05
4.19822e-05
4.21897e-05
4.19742e-05
4.14568e-05
4.07193e-05
3.98036e-05
3.87182e-05
3.74505e-05
3.59829e-05
3.43148e-05
3.25049e-05
3.07757e-05
2.98084e-05
3.15466e-05
4.10119e-05
6.90058e-05
0.000132362
0.000243889
0.000391954
0.000536119
0.00063862
0.000690954
0.000706694
0.000702944
0.000691383
0.000678334
0.000666669
0.000657457
0.000650817
0.00064639
0.000643611
0.000641847
0.000640467
0.000638886
0.000636526
0.000632816
0.000627189
0.000619106
0.000608123
0.00059403
0.000577156
0.000558913
0.000542765
0.000535771
0.000550454
0.000606387
0.000729621
0.000947956
0.00128183
0.00173402
0.00228479
0.00289501
0.00351612
0.00410136
0.00461456
0.00503391
0.00535182
0.0055719
0.00570515
0.00576635
0.00577148
0.00573643
0.00567689
0.0056095
0.00555535
0.00554325
0.00561442
0.00582749
0.0062619
0.00701499
0.00818252
0.00980349
0.0117523
0.013621
0.0147897
0.0148859
0.0142269
0.0134542
0.0129357
0.0126916
0.0126153
0.0126163
0.0126456
0.0126812
0.0127144
0.0127425
0.0127653
0.0127839
0.0127998
0.0128147
0.01283
0.0128468
0.0128656
0.0128862
0.0129069
0.0129239
0.0129314
0.0129197
0.012876
0.0127835
0.012624
0.0123819
0.0120502
0.0116378
0.0111731
0.0106995
0.0102638
0.00990268
0.00963454
0.00945928
0.00936334
0.00932669
0.00932876
0.00935217
0.0093843
0.00941726
0.00944718
0.00947316
0.00949633
0.00951909
0.00954457
0.00957634
0.0096179
0.00967225
0.00974112
0.00982401
0.00991674
0.0100094
0.0100835
0.0101087
0.0100458
0.00986944
0.00960664
0.0093402
0.00914458
0.00903648
0.00899137
0.00897932
0.00898101
0.00898682
0.00899277
0.00899747
0.00900073
0.00900289
0.00900451
0.00900626
0.00900881
0.00901282
0.00901892
0.00902771
0.00903966
0.009055
0.00907346
0.0090939
0.00911373
0.00912814
0.00912935
0.00910612
0.00904454
0.00893058
0.00875454
0.00851608
0.00822678
0.00790811
0.00758553
0.00728217
0.00701445
0.00679082
0.00661285
0.0064773
0.0063783
0.00630904
0.00626292
0.00623421
0.00621825
0.00621157
0.00621168
0.00621704
0.00622683
0.00624084
0.00625936
0.00628311
0.00631317
0.00635083
0.00639747
0.0064543
0.00652198
0.00660017
0.00668698
0.00677871
0.00687042
0.00695736
0.00703605
0.00710468
0.00716302
4.05179e-06
4.01509e-06
3.97173e-06
3.9225e-06
3.86916e-06
3.81444e-06
3.76168e-06
3.71408e-06
3.67387e-06
3.64204e-06
3.61843e-06
3.60214e-06
3.59188e-06
3.58627e-06
3.58401e-06
3.5839e-06
3.58489e-06
3.58598e-06
3.58614e-06
3.58423e-06
3.57894e-06
3.5687e-06
3.55168e-06
3.52578e-06
3.48873e-06
3.43843e-06
3.37365e-06
3.29556e-06
3.21058e-06
3.13569e-06
3.10762e-06
3.19608e-06
3.51965e-06
4.25624e-06
5.63296e-06
7.879e-06
1.11388e-05
1.53775e-05
2.03424e-05
2.56058e-05
3.06726e-05
3.51034e-05
3.86091e-05
4.10808e-05
4.25692e-05
4.32305e-05
4.32655e-05
4.28682e-05
4.21921e-05
4.13364e-05
4.0346e-05
3.92226e-05
3.79425e-05
3.64796e-05
3.48374e-05
3.31069e-05
3.16005e-05
3.11929e-05
3.41345e-05
4.56308e-05
7.57128e-05
0.000138414
0.000243006
0.000379145
0.000514585
0.000617165
0.0006757
0.000698386
0.000699566
0.000690833
0.000679236
0.000668337
0.000659626
0.000653432
0.00064948
0.00064722
0.000645998
0.000645146
0.000644025
0.000642002
0.000638446
0.000632729
0.000624251
0.000612504
0.000597214
0.00057864
0.000558102
0.000538911
0.000527828
0.000536982
0.000585595
0.000699987
0.000909804
0.00123965
0.00169812
0.00227006
0.00291728
0.00358711
0.00422497
0.0047861
0.005242
0.00558177
0.00580911
0.0059375
0.00598528
0.00597193
0.00591605
0.00583513
0.00574694
0.00567304
0.00564277
0.00569823
0.0058989
0.00632366
0.00706492
0.00820547
0.00976371
0.0116024
0.0133513
0.0144937
0.0147221
0.0142481
0.0135742
0.0130545
0.0127698
0.0126564
0.0126347
0.012652
0.0126817
0.0127117
0.0127376
0.0127587
0.0127757
0.0127902
0.0128042
0.0128194
0.012837
0.0128581
0.0128821
0.0129075
0.0129303
0.0129438
0.012938
0.0128988
0.0128091
0.0126503
0.0124065
0.012071
0.0116521
0.0111773
0.0106899
0.0102385
0.00986331
0.00958655
0.00941049
0.00932138
0.00929698
0.00931345
0.00935044
0.00939326
0.00943307
0.00946597
0.00949163
0.00951205
0.00953053
0.00955105
0.00957787
0.00961504
0.00966588
0.00973218
0.00981314
0.00990393
0.00999378
0.0100637
0.0100852
0.0100248
0.00986368
0.0096256
0.00937711
0.00918233
0.00906352
0.00900636
0.00898585
0.00898271
0.00898596
0.00899044
0.00899413
0.00899652
0.00899783
0.00899863
0.00899961
0.00900151
0.00900509
0.00901107
0.00902017
0.00903295
0.00904976
0.00907037
0.00909367
0.00911695
0.00913518
0.00914024
0.0091206
0.00906203
0.00895015
0.00877469
0.00853423
0.00823902
0.00790987
0.007573
0.00725358
0.0069707
0.00673507
0.00654948
0.0064108
0.00631239
0.00624629
0.00620465
0.00618063
0.00616878
0.0061651
0.00616686
0.00617245
0.00618113
0.00619286
0.00620814
0.00622788
0.00625336
0.00628607
0.00632754
0.00637915
0.00644171
0.00651507
0.00659775
0.00668667
0.00677766
0.00686634
0.00694911
0.00702363
0.00708897
4.02989e-06
3.99104e-06
3.94628e-06
3.89677e-06
3.84446e-06
3.79202e-06
3.74246e-06
3.6985e-06
3.66199e-06
3.63369e-06
3.61336e-06
3.6001e-06
3.59266e-06
3.58973e-06
3.59003e-06
3.59243e-06
3.5959e-06
3.59946e-06
3.60206e-06
3.60254e-06
3.59946e-06
3.59114e-06
3.57552e-06
3.5502e-06
3.51255e-06
3.46e-06
3.39077e-06
3.30527e-06
3.20894e-06
3.11735e-06
3.0649e-06
3.11798e-06
3.39114e-06
4.05969e-06
5.35445e-06
7.52174e-06
1.07421e-05
1.50251e-05
2.01489e-05
2.56801e-05
3.10762e-05
3.5825e-05
3.95652e-05
4.21432e-05
4.36054e-05
4.41366e-05
4.39843e-05
4.33903e-05
4.25446e-05
4.15664e-05
4.05057e-05
3.93592e-05
3.80942e-05
3.66805e-05
3.51326e-05
3.35846e-05
3.24502e-05
3.2791e-05
3.70934e-05
5.05653e-05
8.22972e-05
0.000143814
0.000241723
0.000367
0.000493864
0.000595211
0.000658723
0.000688282
0.000695171
0.000690187
0.000680732
0.000670967
0.000662837
0.000656958
0.000653214
0.000651128
0.00065007
0.00064937
0.000648356
0.000646354
0.00064269
0.00063669
0.000627705
0.000615187
0.000598825
0.00057883
0.00055643
0.000534749
0.000520202
0.000524388
0.000565959
0.000671111
0.000870695
0.00119264
0.00165089
0.00223532
0.00290979
0.00361914
0.0043024
0.00490662
0.00539624
0.00575654
0.00599093
0.0061153
0.0061518
0.00612378
0.00605293
0.00595884
0.00586049
0.00577982
0.00574632
0.00580195
0.0060053
0.00643205
0.00716674
0.00827765
0.00976541
0.0114892
0.0131197
0.014228
0.0145578
0.0142447
0.0136764
0.0131753
0.0128605
0.0127097
0.0126603
0.0126611
0.0126816
0.0127067
0.0127298
0.0127492
0.012765
0.012779
0.0127929
0.0128087
0.0128279
0.0128514
0.0128791
0.0129088
0.0129366
0.0129551
0.0129537
0.0129178
0.0128299
0.0126712
0.012426
0.0120875
0.0116637
0.0111811
0.0106824
0.0102177
0.00983014
0.00954551
0.00936846
0.00928558
0.00927278
0.0093032
0.00935356
0.00940706
0.0094539
0.00949017
0.00951614
0.00953464
0.00954985
0.00956645
0.00958922
0.00962255
0.00966987
0.00973288
0.00981047
0.00989728
0.0099821
0.0100462
0.0100634
0.0100055
0.00985862
0.00964301
0.00941229
0.00922104
0.00909409
0.00902534
0.00899535
0.00898611
0.00898588
0.00898845
0.00899102
0.00899268
0.00899345
0.00899381
0.00899442
0.00899607
0.00899956
0.0090057
0.00901528
0.00902896
0.00904715
0.00906967
0.00909537
0.00912146
0.00914273
0.00915086
0.00913406
0.00907796
0.00896794
0.00879327
0.00855164
0.00825218
0.00791496
0.00756666
0.00723413
0.00693876
0.00669341
0.00650211
0.00636193
0.00626555
0.00620385
0.00616771
0.00614919
0.00614204
0.00614176
0.0061454
0.00615134
0.00615895
0.00616837
0.00618029
0.00619584
0.00621643
0.00624369
0.00627929
0.0063247
0.00638087
0.0064479
0.00652468
0.00660875
0.00669662
0.00678439
0.00686854
0.00694644
0.00701665
4.01136e-06
3.97145e-06
3.92636e-06
3.87752e-06
3.82694e-06
3.77714e-06
3.73077e-06
3.69013e-06
3.65675e-06
3.6312e-06
3.61321e-06
3.60194e-06
3.59622e-06
3.59482e-06
3.59658e-06
3.60042e-06
3.60538e-06
3.6105e-06
3.61472e-06
3.61682e-06
3.61531e-06
3.60832e-06
3.59362e-06
3.56854e-06
3.53015e-06
3.47552e-06
3.40242e-06
3.31071e-06
3.20498e-06
3.09933e-06
3.02572e-06
3.04669e-06
3.27173e-06
3.87163e-06
5.0778e-06
7.14928e-06
1.0298e-05
1.45779e-05
1.98049e-05
2.55528e-05
3.12441e-05
3.62992e-05
4.02823e-05
4.29874e-05
4.44446e-05
4.48593e-05
4.45234e-05
4.37279e-05
4.27032e-05
4.15928e-05
4.0456e-05
3.92883e-05
3.8053e-05
3.67218e-05
3.53288e-05
3.40605e-05
3.34366e-05
3.46846e-05
4.04423e-05
5.57607e-05
8.87046e-05
0.000148614
0.000240112
0.000355436
0.000473948
0.000572997
0.000640165
0.000676099
0.000689078
0.000688586
0.000681963
0.000673786
0.000666442
0.000660881
0.000657207
0.00065507
0.000653906
0.00065307
0.000651879
0.000649638
0.000645639
0.000639175
0.000629569
0.000616252
0.0005989
0.000577692
0.000553775
0.00053008
0.000512636
0.000512429
0.000547376
0.00064323
0.000831487
0.00114266
0.00159543
0.00218496
0.00287824
0.00361918
0.00434168
0.0049853
0.00550749
0.00588897
0.00613209
0.00625474
0.00628278
0.00624359
0.00616232
0.00606094
0.00595987
0.00588156
0.00585532
0.00592222
0.00613843
0.00657431
0.00730453
0.00838256
0.00979478
0.0114029
0.0129187
0.0139877
0.014394
0.0142194
0.0137583
0.0132927
0.0129612
0.0127766
0.0126972
0.0126773
0.0126853
0.0127033
0.0127226
0.0127399
0.012755
0.0127689
0.0127835
0.0128006
0.0128219
0.0128483
0.0128794
0.0129131
0.0129449
0.0129671
0.0129685
0.0129344
0.0128469
0.0126875
0.0124407
0.0120996
0.011672
0.0111833
0.0106756
0.0101995
0.00980076
0.00950848
0.00932983
0.00925202
0.00924955
0.00929301
0.00935625
0.00942037
0.00947452
0.00951474
0.00954186
0.00955954
0.0095727
0.00958662
0.00960645
0.00963672
0.00968081
0.00974021
0.00981347
0.0098949
0.00997323
0.0100306
0.0100434
0.00998799
0.00985418
0.00965905
0.0094457
0.00926018
0.00912775
0.00904856
0.00900865
0.00899225
0.00898757
0.00898759
0.00898879
0.00898973
0.00899013
0.00899031
0.00899088
0.00899261
0.00899633
0.00900289
0.00901315
0.00902782
0.00904734
0.00907156
0.00909928
0.00912762
0.00915123
0.00916161
0.00914688
0.00909256
0.00898395
0.00880997
0.00856761
0.00826502
0.00792152
0.00756399
0.00722063
0.00691484
0.0066614
0.00646564
0.00632489
0.00623126
0.00617451
0.0061443
0.00613162
0.00612942
0.00613274
0.00613846
0.00614497
0.00615176
0.00615918
0.00616811
0.00617982
0.00619586
0.00621793
0.00624778
0.00628692
0.00633641
0.00639656
0.00646661
0.00654465
0.00662781
0.00671271
0.00679604
0.00687511
0.00694814
3.99641e-06
3.95639e-06
3.91181e-06
3.86429e-06
3.81584e-06
3.76875e-06
3.72535e-06
3.68758e-06
3.6567e-06
3.63318e-06
3.61674e-06
3.60661e-06
3.60176e-06
3.60109e-06
3.60353e-06
3.60809e-06
3.61386e-06
3.6199e-06
3.62513e-06
3.62828e-06
3.62775e-06
3.62155e-06
3.60723e-06
3.58191e-06
3.54242e-06
3.48557e-06
3.40884e-06
3.31167e-06
3.19792e-06
3.08036e-06
2.98843e-06
2.9805e-06
3.16023e-06
3.69229e-06
4.80592e-06
6.76879e-06
9.81917e-06
1.40549e-05
1.93347e-05
2.52525e-05
3.12098e-05
3.65683e-05
4.08171e-05
4.36883e-05
4.51834e-05
4.55179e-05
4.50208e-05
4.40312e-05
4.2823e-05
4.15696e-05
4.03455e-05
3.91513e-05
3.79528e-05
3.67312e-05
3.55479e-05
3.46484e-05
3.46561e-05
3.69344e-05
4.41856e-05
6.11622e-05
9.48874e-05
0.000152854
0.000238222
0.000344391
0.000454828
0.000550732
0.000620245
0.000661744
0.000680805
0.000685306
0.000682137
0.000676058
0.000669822
0.00066472
0.000661113
0.000658823
0.000657388
0.00065621
0.000654623
0.000651923
0.000647387
0.000640289
0.000629946
0.000615788
0.000597496
0.000575237
0.000550088
0.000524784
0.000504955
0.000500921
0.000529746
0.000616482
0.000792791
0.0010911
0.00153417
0.0021225
0.00282712
0.00359253
0.004349
0.00502949
0.0055844
0.00598933
0.00624473
0.00636969
0.00639328
0.00634685
0.00625917
0.00615494
0.0060563
0.00598635
0.00597411
0.0060591
0.00629392
0.00674209
0.00746718
0.00850843
0.0098418
0.0113364
0.0127429
0.0137687
0.0142315
0.0141748
0.0138186
0.0134017
0.0130681
0.0128568
0.0127476
0.0127044
0.0126967
0.0127052
0.0127192
0.0127339
0.0127481
0.0127623
0.012778
0.012797
0.0128208
0.0128501
0.0128844
0.0129214
0.0129561
0.0129806
0.0129832
0.0129491
0.0128605
0.0126994
0.0124505
0.0121072
0.0116765
0.0111832
0.0106682
0.0101824
0.00977351
0.00947358
0.0092924
0.00921824
0.0092247
0.0092801
0.00935565
0.00943035
0.00949223
0.00953716
0.00956644
0.00958442
0.00959674
0.00960917
0.0096271
0.00965504
0.00969623
0.00975186
0.00982017
0.0098953
0.00996624
0.0100164
0.0100248
0.00997202
0.00985031
0.00967388
0.00947735
0.00929925
0.00916395
0.00907595
0.00902632
0.00900204
0.00899199
0.00898875
0.00898812
0.00898816
0.00898819
0.00898834
0.0089891
0.00899116
0.00899537
0.0090026
0.00901372
0.00902949
0.00905034
0.00907611
0.00910552
0.0091356
0.00916087
0.00917274
0.00915925
0.00910595
0.00899814
0.00882454
0.00858159
0.00827661
0.00792821
0.00756319
0.00721084
0.00689624
0.00663596
0.00643653
0.00629567
0.00620501
0.00615332
0.00612909
0.00612226
0.00612504
0.00613204
0.00613998
0.00614728
0.00615361
0.00615948
0.00616595
0.00617445
0.00618659
0.00620413
0.00622881
0.00626215
0.00630528
0.00635865
0.00642182
0.00649335
0.00657091
0.00665162
0.00673251
0.00681094
0.00688495
3.98496e-06
3.94564e-06
3.90224e-06
3.85649e-06
3.81034e-06
3.7659e-06
3.72517e-06
3.68982e-06
3.66092e-06
3.63883e-06
3.62332e-06
3.61375e-06
3.6092e-06
3.60871e-06
3.61131e-06
3.61612e-06
3.62224e-06
3.62872e-06
3.63448e-06
3.63815e-06
3.63804e-06
3.63201e-06
3.61744e-06
3.59127e-06
3.55016e-06
3.49074e-06
3.41034e-06
3.30812e-06
3.18738e-06
3.05964e-06
2.95187e-06
2.91814e-06
3.05571e-06
3.5219e-06
4.54126e-06
6.38621e-06
9.31647e-06
1.34717e-05
1.87581e-05
2.48008e-05
3.09959e-05
3.66577e-05
4.12025e-05
4.42923e-05
4.58861e-05
4.6195e-05
4.5576e-05
4.44129e-05
4.3025e-05
4.16214e-05
4.02991e-05
3.90717e-05
3.79155e-05
3.68289e-05
3.59074e-05
3.54585e-05
3.61981e-05
3.9583e-05
4.82946e-05
6.67054e-05
0.000100804
0.000156568
0.000236093
0.000333815
0.000436488
0.000528597
0.000599225
0.000645283
0.000670074
0.000679784
0.000680555
0.000677077
0.000672344
0.000667953
0.00066453
0.000662095
0.000660315
0.000658667
0.000656521
0.000653186
0.00064794
0.000640061
0.000628877
0.000613839
0.000594649
0.000571478
0.000545342
0.000518785
0.000497031
0.000489715
0.000512965
0.000590931
0.000755036
0.001039
0.00146901
0.00205079
0.00276009
0.00354341
0.00432901
0.00504436
0.00563302
0.00606491
0.00633755
0.00647023
0.00649452
0.00644543
0.00635537
0.00625199
0.0061594
0.00610156
0.0061071
0.00621349
0.00646886
0.00692896
0.00764602
0.00864657
0.00989935
0.0112843
0.0125874
0.0135678
0.0140708
0.0141132
0.0138568
0.0134981
0.0131763
0.012948
0.0128124
0.012745
0.0127194
0.0127161
0.012723
0.012734
0.0127468
0.0127612
0.0127782
0.0127993
0.0128256
0.0128578
0.012895
0.0129344
0.0129708
0.0129959
0.012998
0.0129621
0.0128711
0.012707
0.0124554
0.0121098
0.0116767
0.01118
0.0106594
0.0101654
0.00974723
0.00943958
0.00925486
0.00918279
0.00919662
0.00926283
0.00935019
0.00943557
0.00950576
0.00955629
0.00958878
0.0096082
0.00962078
0.00963273
0.00964958
0.00967577
0.0097143
0.00976606
0.00982902
0.0098973
0.00996043
0.0100033
0.0100077
0.00995753
0.00984695
0.00968761
0.00950724
0.00933785
0.00920206
0.00910723
0.0090486
0.00901618
0.00900004
0.00899278
0.00898978
0.00898857
0.0089881
0.00898822
0.00898926
0.00899184
0.00899674
0.00900484
0.009017
0.00903396
0.00905614
0.00908331
0.00911412
0.00914547
0.00917177
0.00918435
0.00917127
0.00911818
0.00901047
0.00883679
0.00859317
0.00828626
0.00793398
0.00756292
0.00720309
0.00688102
0.00661486
0.00641231
0.00627151
0.00618377
0.00613698
0.00611855
0.00611742
0.0061251
0.00613578
0.00614605
0.0061544
0.00616063
0.00616544
0.00617006
0.00617602
0.00618502
0.0061988
0.00621908
0.00624735
0.00628475
0.00633185
0.00638844
0.00645345
0.00652505
0.00660082
0.00667815
0.00675456
0.00682806
3.97669e-06
3.9388e-06
3.8971e-06
3.85344e-06
3.80969e-06
3.76777e-06
3.72945e-06
3.69615e-06
3.66879e-06
3.64771e-06
3.63274e-06
3.62333e-06
3.61871e-06
3.61805e-06
3.6205e-06
3.6252e-06
3.63131e-06
3.63785e-06
3.64368e-06
3.64736e-06
3.64706e-06
3.64052e-06
3.62498e-06
3.59725e-06
3.55385e-06
3.49139e-06
3.4071e-06
3.30003e-06
3.17304e-06
3.03656e-06
2.91518e-06
2.85862e-06
2.95742e-06
3.36054e-06
4.28575e-06
6.00656e-06
8.79921e-06
1.28421e-05
1.80918e-05
2.42149e-05
3.06175e-05
3.65804e-05
4.14528e-05
4.48208e-05
4.65868e-05
4.69413e-05
4.62565e-05
4.4955e-05
4.34023e-05
4.18488e-05
4.04222e-05
3.91581e-05
3.80518e-05
3.71262e-05
3.65157e-05
3.65875e-05
3.81313e-05
4.26503e-05
5.273e-05
7.23091e-05
0.000106419
0.000159785
0.000233755
0.000323667
0.000418911
0.000506746
0.000577386
0.000626902
0.000656801
0.000671644
0.000676645
0.000676197
0.000673377
0.000670013
0.000666977
0.000664494
0.000662378
0.000660203
0.000657395
0.000653298
0.000647212
0.000638442
0.000626344
0.000610408
0.000590375
0.000566425
0.000539524
0.000512031
0.000488772
0.000478689
0.00049693
0.00056659
0.000718513
0.000987154
0.00140149
0.00197216
0.00268014
0.0034752
0.00428521
0.00503344
0.00565713
0.00612005
0.00641579
0.00656263
0.00659374
0.00654724
0.00645903
0.00635985
0.00627597
0.00623236
0.00625716
0.00638544
0.00666032
0.00712945
0.00783421
0.00879038
0.00996251
0.0112425
0.0124488
0.0133825
0.0139123
0.0140371
0.013873
0.0135783
0.0132806
0.0130463
0.0128904
0.0128004
0.0127558
0.0127389
0.012737
0.0127431
0.0127537
0.0127678
0.0127859
0.0128088
0.0128375
0.0128721
0.0129113
0.0129521
0.0129888
0.0130129
0.0130127
0.0129734
0.0128782
0.0127101
0.0124552
0.012107
0.0116721
0.0111729
0.0106482
0.0101475
0.009721
0.00940561
0.00921638
0.00914482
0.0091644
0.00924025
0.00933893
0.00943521
0.00951443
0.00957156
0.00960837
0.00963031
0.00964414
0.00965642
0.00967279
0.00969762
0.00973363
0.00978143
0.00983881
0.00990002
0.0099553
0.00999112
0.00999197
0.00994442
0.00984407
0.00970034
0.00953539
0.00937562
0.00924146
0.00914189
0.00907547
0.00903511
0.00901246
0.00900055
0.00899457
0.00899167
0.00899043
0.00899041
0.00899173
0.0089949
0.00900062
0.00900973
0.00902304
0.00904126
0.00906474
0.00909317
0.00912507
0.00915722
0.00918392
0.00919646
0.00918296
0.00912923
0.00902084
0.0088465
0.00860201
0.00829343
0.00793806
0.00756219
0.00719616
0.00686777
0.00659652
0.00639125
0.00625057
0.00616556
0.00612336
0.00611041
0.00611476
0.00612723
0.0061416
0.00615434
0.00616398
0.00617048
0.0061747
0.00617804
0.00618212
0.00618869
0.00619948
0.00621615
0.00624014
0.00627258
0.00631408
0.00636462
0.00642344
0.0064891
0.0065596
0.00663269
0.00670613
0.00677794
3.97103e-06
3.9353e-06
3.89578e-06
3.85446e-06
3.81317e-06
3.77366e-06
3.73753e-06
3.70601e-06
3.67991e-06
3.65957e-06
3.64487e-06
3.63539e-06
3.6305e-06
3.62946e-06
3.63151e-06
3.63585e-06
3.64163e-06
3.64785e-06
3.65328e-06
3.65639e-06
3.65526e-06
3.64748e-06
3.63017e-06
3.60008e-06
3.55368e-06
3.4876e-06
3.39912e-06
3.28728e-06
3.15463e-06
3.01063e-06
2.87763e-06
2.80107e-06
2.86461e-06
3.20816e-06
4.0409e-06
5.63406e-06
8.27567e-06
1.21787e-05
1.73511e-05
2.35098e-05
3.00856e-05
3.63419e-05
4.15694e-05
4.52761e-05
4.72954e-05
4.77799e-05
4.71016e-05
4.57129e-05
4.40245e-05
4.23326e-05
4.08041e-05
3.95057e-05
3.84604e-05
3.7722e-05
3.74657e-05
3.81111e-05
4.04982e-05
4.613e-05
5.74369e-05
7.78995e-05
0.000111699
0.000162532
0.00023123
0.000313912
0.000402079
0.000485311
0.000555007
0.000606872
0.000641065
0.000660705
0.000669999
0.000672873
0.000672327
0.000670321
0.000667925
0.000665556
0.000663182
0.000660487
0.000656976
0.000652048
0.000645049
0.000635326
0.000622286
0.000605472
0.000584672
0.000560086
0.000532631
0.000504491
0.000480108
0.000467742
0.000481542
0.000543436
0.00068341
0.000936163
0.00133283
0.00188854
0.0025898
0.00339072
0.0042203
0.00499914
0.00565883
0.00615682
0.00648181
0.00664985
0.00669457
0.00665646
0.00657463
0.00648286
0.00640972
0.00638126
0.00642512
0.00657374
0.00686502
0.00733867
0.00802628
0.00893499
0.0100276
0.0112082
0.0123239
0.0132104
0.0137562
0.0139484
0.0138679
0.0136398
0.0133762
0.013147
0.0129786
0.0128697
0.012807
0.0127756
0.0127637
0.0127635
0.0127708
0.0127839
0.0128024
0.0128267
0.0128571
0.0128933
0.0129335
0.0129744
0.0130098
0.0130312
0.0130269
0.0129825
0.0128817
0.0127085
0.0124494
0.0120987
0.0116622
0.0111615
0.010634
0.010128
0.0096941
0.00937105
0.00917642
0.00910384
0.00912752
0.00921177
0.00932129
0.00942869
0.00951773
0.00958256
0.00962484
0.00965035
0.0096663
0.00967956
0.00969591
0.00971961
0.00975317
0.00979695
0.00984866
0.00990282
0.0099505
0.00997978
0.00997749
0.00993259
0.00984163
0.00971217
0.00956181
0.00941225
0.00928154
0.0091793
0.00910662
0.00905898
0.00902976
0.00901277
0.00900328
0.00899821
0.00899586
0.00899547
0.00899698
0.00900072
0.00900731
0.00901749
0.00903201
0.0090515
0.0090762
0.00910568
0.00913835
0.00917081
0.00919729
0.00920903
0.00919425
0.009139
0.00902912
0.00885351
0.00860783
0.00829771
0.00793986
0.00756019
0.00718914
0.00685544
0.0065798
0.00637212
0.00623152
0.00614899
0.00611104
0.00610325
0.00611284
0.00612998
0.00614807
0.00616344
0.00617466
0.0061818
0.00618589
0.00618847
0.00619126
0.00619603
0.00620451
0.00621829
0.00623875
0.00626698
0.00630362
0.00634876
0.00640188
0.00646185
0.00652707
0.00659559
0.00666543
0.00673472
3.96719e-06
3.93437e-06
3.89754e-06
3.85883e-06
3.82007e-06
3.78293e-06
3.74885e-06
3.71893e-06
3.69393e-06
3.67417e-06
3.65961e-06
3.64995e-06
3.64465e-06
3.64309e-06
3.64456e-06
3.6483e-06
3.65343e-06
3.65891e-06
3.66344e-06
3.66538e-06
3.66269e-06
3.65287e-06
3.63297e-06
3.59969e-06
3.54955e-06
3.47926e-06
3.38628e-06
3.26969e-06
3.13187e-06
2.98143e-06
2.83861e-06
2.74475e-06
2.77661e-06
3.06458e-06
3.80779e-06
5.27217e-06
7.75321e-06
1.14929e-05
1.65505e-05
2.26996e-05
2.94097e-05
3.59432e-05
4.15449e-05
4.56466e-05
4.80027e-05
4.8711e-05
4.8126e-05
4.67183e-05
4.49394e-05
4.31347e-05
4.15175e-05
4.01949e-05
3.92254e-05
3.86985e-05
3.88297e-05
4.008e-05
4.33141e-05
4.99926e-05
6.23493e-05
8.341e-05
0.000116615
0.000164831
0.000228538
0.000304521
0.000385972
0.000464396
0.000532356
0.000585511
0.000623079
0.000646968
0.000660395
0.000666709
0.000668698
0.000668344
0.00066685
0.000664793
0.000662291
0.000659144
0.000654952
0.000649186
0.00064126
0.000630583
0.000616626
0.000598997
0.000577537
0.00055247
0.000524669
0.000496152
0.000470993
0.000456794
0.000466705
0.000521419
0.000649841
0.000886476
0.00126403
0.00180159
0.00249129
0.00329239
0.00413654
0.00494312
0.0056391
0.00617568
0.00653588
0.00673226
0.00679772
0.0067742
0.0067035
0.00662233
0.00656157
0.0065484
0.00660994
0.00677596
0.00707929
0.00755223
0.00821789
0.00907682
0.010092
0.0111791
0.0122103
0.0130499
0.0136029
0.0138489
0.0138428
0.0136808
0.0134588
0.0132448
0.0130727
0.0129506
0.0128722
0.0128268
0.0128041
0.0127967
0.0127997
0.0128107
0.0128288
0.0128535
0.0128847
0.0129213
0.0129613
0.0130006
0.0130331
0.01305
0.0130398
0.0129887
0.0128811
0.0127016
0.0124378
0.0120841
0.0116464
0.0111451
0.0106159
0.0101062
0.0096659
0.0093354
0.00913463
0.00905956
0.00908569
0.00917706
0.00929681
0.00941553
0.00951519
0.00958884
0.00963776
0.00966789
0.00968677
0.00970158
0.00971824
0.00974097
0.00977211
0.00981187
0.00985797
0.00990529
0.0099458
0.00996914
0.00996421
0.00992196
0.00983962
0.00972316
0.00958657
0.00944752
0.00932171
0.00921878
0.00914153
0.00908762
0.00905216
0.00902994
0.00901656
0.00900891
0.00900506
0.00900404
0.00900555
0.00900978
0.00901719
0.00902841
0.00904411
0.00906478
0.00909055
0.00912084
0.00915388
0.00918616
0.00921175
0.00922192
0.00920501
0.00914735
0.00903516
0.0088576
0.00861036
0.00829875
0.00793892
0.00755631
0.0071813
0.00684324
0.00656388
0.00635406
0.00621348
0.00613314
0.00609908
0.00609613
0.00611074
0.00613246
0.00615435
0.00617255
0.00618564
0.0061938
0.00619821
0.00620051
0.00620251
0.00620604
0.00621278
0.0062243
0.0062419
0.00626661
0.00629907
0.00633947
0.00638745
0.00644215
0.00650224
0.00656612
0.00663202
0.00669822
3.96411e-06
3.93508e-06
3.90151e-06
3.86574e-06
3.82967e-06
3.79492e-06
3.76282e-06
3.73444e-06
3.71045e-06
3.69122e-06
3.67676e-06
3.66686e-06
3.66108e-06
3.65887e-06
3.65959e-06
3.66247e-06
3.66661e-06
3.6709e-06
3.67396e-06
3.67407e-06
3.66906e-06
3.65638e-06
3.63303e-06
3.59573e-06
3.54112e-06
3.46609e-06
3.36829e-06
3.24699e-06
3.10444e-06
2.94853e-06
2.79758e-06
2.68896e-06
2.6927e-06
2.92945e-06
3.58715e-06
4.92383e-06
7.23817e-06
1.07954e-05
1.5704e-05
2.17985e-05
2.85989e-05
3.53841e-05
4.13678e-05
4.59112e-05
4.86844e-05
4.9715e-05
4.9322e-05
4.79796e-05
4.61728e-05
4.42966e-05
4.26167e-05
4.12881e-05
4.0412e-05
4.01172e-05
4.0656e-05
4.25183e-05
4.65678e-05
5.41893e-05
6.73955e-05
8.87796e-05
0.000121147
0.000166706
0.000225697
0.000295468
0.000370567
0.000444087
0.000509673
0.000563159
0.000603151
0.000630591
0.000647793
0.000657484
0.000662136
0.000663652
0.000663294
0.000661756
0.000659286
0.000655803
0.000651008
0.000644462
0.000635659
0.000624085
0.000609291
0.000590954
0.000568974
0.000543598
0.000515658
0.000487016
0.000461398
0.000445781
0.000452333
0.000500477
0.000617862
0.000838431
0.00119591
0.00171274
0.00238657
0.00318245
0.00403592
0.0048667
0.00559832
0.00617606
0.00657675
0.00680835
0.00690169
0.00689912
0.0068445
0.00677715
0.00673017
0.00673194
0.00680908
0.00698883
0.00729929
0.00776618
0.0084056
0.00921331
0.0101537
0.0111535
0.0121061
0.0128993
0.0134522
0.0137405
0.013799
0.0137006
0.0135248
0.0133346
0.0131676
0.0130389
0.0129489
0.0128913
0.0128583
0.0128431
0.012841
0.0128489
0.0128654
0.0128894
0.01292
0.0129557
0.0129938
0.01303
0.0130577
0.0130684
0.0130507
0.0129913
0.0128755
0.0126889
0.0124197
0.012063
0.0116243
0.0111231
0.0105936
0.0100814
0.0096358
0.00929823
0.00909075
0.00901186
0.00903879
0.00913587
0.00926514
0.00939528
0.0095063
0.00958988
0.00964664
0.00968243
0.00970503
0.00972192
0.00973918
0.00976107
0.00978985
0.00982566
0.00986632
0.00990716
0.00994106
0.00995913
0.00995205
0.00991243
0.00983799
0.00973339
0.00960969
0.00948123
0.00936147
0.00925961
0.00917953
0.00912062
0.00907959
0.00905229
0.00903486
0.00902432
0.00901865
0.00901669
0.00901798
0.00902251
0.00903061
0.00904278
0.00905952
0.00908121
0.00910782
0.00913859
0.00917157
0.00920309
0.00922714
0.00923494
0.00921504
0.00915409
0.00903874
0.00885856
0.00860937
0.00829626
0.00793485
0.00755009
0.0071721
0.00683057
0.00654811
0.00633642
0.00619581
0.00611739
0.00608684
0.0060884
0.00610783
0.00613411
0.00615989
0.00618116
0.00619645
0.00620603
0.00621117
0.00621363
0.00621532
0.00621807
0.00622358
0.00623335
0.00624864
0.00627044
0.00629936
0.00633563
0.00637904
0.00642891
0.00648418
0.0065435
0.00660532
0.00666809
3.96045e-06
3.9362e-06
3.9066e-06
3.87423e-06
3.8411e-06
3.80886e-06
3.77881e-06
3.75196e-06
3.729e-06
3.7103e-06
3.69595e-06
3.68578e-06
3.67947e-06
3.6765e-06
3.67627e-06
3.67799e-06
3.68075e-06
3.68335e-06
3.68434e-06
3.68188e-06
3.67377e-06
3.65738e-06
3.62973e-06
3.58764e-06
3.5279e-06
3.44764e-06
3.3448e-06
3.21886e-06
3.07203e-06
2.91158e-06
2.75404e-06
2.63308e-06
2.61221e-06
2.80231e-06
3.37937e-06
4.59129e-06
6.73597e-06
1.00961e-05
1.48255e-05
2.08212e-05
2.76641e-05
3.46654e-05
4.10248e-05
4.60435e-05
4.93056e-05
5.07565e-05
5.0662e-05
4.9483e-05
4.77279e-05
4.58379e-05
4.41342e-05
4.28262e-05
4.20631e-05
4.2015e-05
4.29665e-05
4.54231e-05
5.02253e-05
5.86575e-05
7.2502e-05
9.39535e-05
0.000125281
0.000168175
0.000222718
0.00028673
0.000355841
0.000424448
0.000487172
0.000540152
0.000581642
0.000611855
0.000632323
0.000645156
0.000652454
0.000655956
0.000656911
0.000656083
0.000653818
0.000650148
0.000644876
0.000637661
0.000628088
0.000615734
0.000600231
0.000581336
0.000559002
0.000533503
0.00050563
0.000477099
0.000451314
0.000434656
0.000438351
0.000480536
0.000587486
0.000792271
0.00112913
0.00162321
0.00227744
0.00306298
0.00392036
0.0047711
0.0055366
0.0061569
0.00660234
0.00687534
0.00700342
0.00702817
0.00699465
0.00694437
0.00691251
0.00692863
0.00701898
0.00720854
0.0075212
0.00797711
0.00858674
0.00934266
0.0102114
0.0111301
0.0120096
0.0127574
0.0133044
0.0136245
0.0137382
0.0136991
0.0135716
0.0134118
0.013258
0.0131298
0.0130332
0.0129665
0.0129244
0.0129016
0.0128938
0.0128978
0.0129115
0.0129335
0.0129621
0.0129953
0.0130298
0.013061
0.0130824
0.0130851
0.0130584
0.0129894
0.0128644
0.0126698
0.0123948
0.0120348
0.0115954
0.011095
0.0105662
0.0100529
0.00960327
0.00925915
0.00904461
0.00896069
0.0089868
0.00908811
0.00922601
0.00936747
0.00949048
0.00958506
0.00965084
0.00969338
0.00972053
0.00974004
0.00975822
0.00977942
0.00980594
0.00983795
0.00987346
0.00990829
0.00993623
0.0099497
0.00994096
0.00990393
0.00983672
0.00974292
0.00963123
0.00951326
0.00940037
0.00930109
0.00921986
0.00915736
0.00911169
0.00907976
0.00905836
0.00904478
0.00903704
0.00903388
0.00903469
0.00903931
0.00904789
0.0090608
0.00907837
0.00910083
0.00912796
0.00915881
0.00919125
0.00922141
0.00924319
0.00924783
0.00922406
0.00915893
0.00903962
0.00885615
0.00860462
0.00828997
0.00792737
0.00754116
0.00716111
0.00681696
0.00653202
0.00631875
0.00617806
0.00610127
0.00607389
0.00607965
0.00610371
0.0061345
0.00616432
0.00618891
0.00620675
0.00621814
0.00622444
0.0062275
0.00622928
0.00623167
0.00623638
0.00624485
0.00625832
0.0062777
0.00630361
0.00633632
0.00637569
0.0064212
0.006472
0.00652694
0.0065847
0.00664389
3.9545e-06
3.93621e-06
3.91147e-06
3.8831e-06
3.85331e-06
3.82383e-06
3.79598e-06
3.77077e-06
3.74891e-06
3.7308e-06
3.71658e-06
3.70615e-06
3.69923e-06
3.69537e-06
3.69395e-06
3.6942e-06
3.69512e-06
3.69547e-06
3.69372e-06
3.68797e-06
3.67594e-06
3.65502e-06
3.62228e-06
3.57467e-06
3.50923e-06
3.42337e-06
3.31536e-06
3.18493e-06
3.03432e-06
2.87021e-06
2.70755e-06
2.57654e-06
2.53447e-06
2.68258e-06
3.1845e-06
4.2762e-06
6.25116e-06
9.40404e-06
1.39282e-05
1.97832e-05
2.66178e-05
3.37904e-05
4.05046e-05
4.60155e-05
4.98247e-05
5.17875e-05
5.21004e-05
5.11934e-05
4.95841e-05
4.77536e-05
4.60784e-05
4.48254e-05
4.41962e-05
4.44026e-05
4.57567e-05
4.87672e-05
5.42342e-05
6.3326e-05
7.75972e-05
9.88846e-05
0.00012901
0.000169261
0.000219616
0.000278286
0.00034177
0.000405524
0.000465034
0.000516808
0.000558942
0.000591126
0.00061425
0.000629855
0.000639644
0.000645137
0.000647508
0.000647538
0.000645646
0.000641953
0.000636362
0.000628632
0.000618445
0.000605472
0.000589433
0.00057016
0.000547663
0.000522235
0.000494632
0.000466434
0.000440743
0.000423388
0.000424691
0.00046152
0.000558694
0.000748156
0.00106419
0.00153408
0.00216553
0.00293599
0.00379178
0.00465759
0.00545411
0.00611697
0.00661014
0.00692976
0.00709885
0.00715705
0.00714968
0.0071198
0.00710445
0.00713435
0.00723554
0.00743112
0.00774145
0.00818212
0.00875932
0.00946367
0.0102645
0.0111077
0.0119194
0.0126229
0.0131595
0.0135025
0.0136622
0.0136769
0.0135976
0.0134726
0.0133385
0.0132177
0.0131202
0.0130481
0.0129991
0.0129697
0.0129563
0.0129557
0.0129657
0.0129843
0.0130094
0.0130384
0.0130676
0.0130922
0.0131054
0.0130987
0.0130616
0.012982
0.0128468
0.0126435
0.0123623
0.011999
0.0115591
0.0110602
0.0105333
0.0100203
0.00956775
0.00921779
0.00899601
0.00890607
0.0089298
0.00903377
0.00917922
0.00933169
0.00946713
0.00957368
0.00964968
0.00970007
0.00973267
0.00975542
0.0097749
0.00979564
0.00982008
0.00984852
0.00987925
0.00990862
0.00993128
0.00994084
0.00993086
0.00989637
0.00983577
0.0097518
0.00965127
0.0095435
0.00943805
0.00934257
0.00926173
0.00919709
0.00914788
0.009112
0.00908694
0.00907036
0.00906042
0.00905586
0.00905595
0.0090604
0.00906922
0.00908259
0.00910071
0.0091236
0.00915085
0.00918132
0.00921266
0.00924082
0.00925958
0.00926024
0.00923173
0.00916156
0.00903748
0.00885012
0.00859588
0.00827967
0.00791621
0.00752922
0.00714798
0.00680205
0.00651524
0.00630068
0.00615989
0.00608449
0.00605993
0.00606956
0.00609805
0.00613334
0.00616732
0.0061955
0.00621625
0.00622987
0.00623775
0.00624182
0.0062441
0.00624652
0.00625079
0.00625835
0.00627039
0.00628779
0.00631117
0.00634079
0.00637661
0.00641821
0.0064649
0.00651572
0.00656953
0.00662509
3.94417e-06
3.93319e-06
3.91438e-06
3.89082e-06
3.86495e-06
3.83862e-06
3.81324e-06
3.78988e-06
3.76926e-06
3.75184e-06
3.7378e-06
3.7271e-06
3.7195e-06
3.71457e-06
3.71169e-06
3.71007e-06
3.70867e-06
3.70619e-06
3.70101e-06
3.6912e-06
3.67447e-06
3.64822e-06
3.60967e-06
3.55595e-06
3.48436e-06
3.39267e-06
3.27949e-06
3.14483e-06
2.99097e-06
2.82412e-06
2.65773e-06
2.51882e-06
2.45881e-06
2.56963e-06
3.00231e-06
3.97961e-06
5.78732e-06
8.72717e-06
1.3025e-05
1.87006e-05
2.54749e-05
3.27662e-05
3.97998e-05
4.58009e-05
5.01976e-05
5.27518e-05
5.35775e-05
5.3056e-05
5.16981e-05
5.0014e-05
4.84315e-05
4.72758e-05
4.68023e-05
4.72645e-05
4.89973e-05
5.25028e-05
5.85286e-05
6.81197e-05
8.2614e-05
0.000103534
0.000132332
0.000169983
0.000216401
0.000270119
0.000328327
0.000387346
0.000443406
0.000493412
0.000535434
0.000568814
0.000593937
0.000611849
0.00062386
0.000631244
0.000635051
0.000636037
0.000634657
0.000631105
0.00062537
0.000617308
0.000606697
0.0005933
0.000576926
0.000557478
0.00053502
0.000509863
0.000482727
0.000455064
0.000429704
0.000411958
0.000411299
0.000443354
0.000531442
0.000706186
0.00100152
0.00144625
0.00205232
0.0028034
0.00365216
0.00452765
0.00535123
0.00605524
0.00659765
0.00696786
0.00718344
0.00728082
0.00730451
0.00729847
0.00730118
0.00734449
0.00745446
0.00765272
0.00795685
0.00837889
0.00892192
0.00957561
0.0103122
0.0110857
0.0118344
0.012495
0.0130173
0.0133756
0.0135726
0.0136349
0.0136019
0.013514
0.0134048
0.0132973
0.0132043
0.0131311
0.0130782
0.0130437
0.0130251
0.0130197
0.0130252
0.0130393
0.0130595
0.0130828
0.0131052
0.0131215
0.0131252
0.0131077
0.0130591
0.0129679
0.0128219
0.0126094
0.0123216
0.011955
0.011515
0.0110182
0.0104942
0.0099827
0.00952873
0.00917375
0.00894481
0.00884802
0.00886791
0.00897292
0.00912465
0.00928756
0.00943566
0.00955501
0.00964237
0.00970179
0.00974082
0.00976754
0.0097888
0.00980942
0.00983205
0.00985726
0.00988367
0.00990816
0.00992623
0.00993251
0.00992169
0.00988968
0.00983512
0.00976007
0.00966985
0.00957191
0.0094742
0.0093835
0.00930437
0.00923898
0.00918741
0.00914843
0.00912021
0.00910085
0.00908873
0.00908264
0.0090818
0.00908583
0.0090946
0.00910813
0.00912644
0.00914936
0.00917629
0.00920586
0.00923549
0.00926095
0.00927592
0.00927174
0.00923762
0.00916157
0.00903199
0.00884015
0.00858289
0.00826513
0.00790117
0.00751405
0.00713244
0.00678555
0.00649749
0.00628196
0.00614106
0.00606682
0.00604473
0.00605793
0.00609064
0.00613037
0.00616862
0.00620065
0.00622468
0.00624093
0.00625083
0.00625632
0.0062595
0.00626231
0.00626649
0.00627348
0.00628444
0.00630024
0.00632148
0.00634845
0.00638113
0.00641923
0.00646217
0.00650915
0.00655917
0.00661115
3.92697e-06
3.92481e-06
3.91319e-06
3.89545e-06
3.87426e-06
3.85164e-06
3.82916e-06
3.80793e-06
3.78877e-06
3.77218e-06
3.75839e-06
3.74741e-06
3.73903e-06
3.73283e-06
3.72819e-06
3.72429e-06
3.72004e-06
3.71409e-06
3.7048e-06
3.69019e-06
3.66801e-06
3.63576e-06
3.59079e-06
3.53049e-06
3.45247e-06
3.35488e-06
3.23669e-06
3.09819e-06
2.94171e-06
2.77303e-06
2.60426e-06
2.45946e-06
2.38462e-06
2.46275e-06
2.83238e-06
3.70211e-06
5.34737e-06
8.07223e-06
1.21278e-05
1.75899e-05
2.42527e-05
3.16042e-05
3.89082e-05
4.53785e-05
5.0382e-05
5.35894e-05
5.50233e-05
5.49996e-05
5.4005e-05
5.25648e-05
5.11499e-05
5.01408e-05
4.98464e-05
5.0561e-05
5.2638e-05
5.65665e-05
6.30342e-05
7.29634e-05
8.74918e-05
0.00010787
0.00013525
0.000170362
0.000213084
0.000262211
0.000315485
0.000369928
0.000422405
0.00047021
0.000511481
0.000545344
0.000571809
0.000591507
0.00060539
0.000614473
0.000619658
0.000621639
0.000620877
0.000617614
0.000611912
0.000603712
0.000592882
0.000579277
0.000562784
0.000543376
0.000521164
0.000496473
0.000469988
0.000443046
0.000418224
0.00040036
0.000398129
0.000425963
0.000505672
0.000666411
0.000941415
0.0013605
0.00193917
0.00266707
0.00350355
0.00438298
0.00522872
0.00597107
0.00656265
0.00698604
0.00725251
0.0073942
0.00745371
0.007475
0.00749761
0.00755436
0.00767152
0.00786978
0.00816466
0.00856559
0.00907359
0.0096781
0.0103544
0.0110633
0.0117537
0.0123728
0.012878
0.0132449
0.0134713
0.0135747
0.0135846
0.0135342
0.0134532
0.0133637
0.0132802
0.0132101
0.0131564
0.0131189
0.0130962
0.0130862
0.0130868
0.0130955
0.0131096
0.0131259
0.01314
0.0131468
0.0131396
0.0131103
0.0130494
0.0129459
0.0127885
0.0125666
0.0122721
0.0119023
0.0114624
0.0109685
0.0104483
0.00993968
0.00948562
0.00912663
0.00889083
0.00878661
0.00880133
0.00890572
0.00906228
0.0092348
0.00939551
0.0095283
0.00962809
0.00969774
0.0097443
0.00977586
0.00979954
0.0098205
0.00984173
0.00986412
0.00988671
0.00990697
0.00992111
0.00992469
0.00991337
0.00988378
0.00983474
0.00976779
0.00968705
0.00959848
0.00950862
0.00942337
0.00934708
0.00928218
0.00922942
0.00918829
0.00915756
0.00913578
0.00912162
0.00911397
0.00911207
0.00911545
0.00912388
0.00913722
0.00915534
0.00917785
0.00920396
0.00923204
0.00925931
0.00928134
0.0092917
0.00928183
0.00924125
0.00915851
0.00902275
0.00882594
0.00856541
0.00824615
0.00788207
0.00749547
0.00711427
0.00676723
0.00647854
0.00626236
0.00612139
0.00604809
0.00602815
0.00604456
0.00608127
0.00612536
0.00616798
0.0062041
0.00623173
0.00625102
0.00626335
0.00627069
0.00627515
0.00627872
0.00628315
0.00628989
0.00630009
0.00631463
0.00633408
0.00635876
0.0063887
0.00642367
0.0064632
0.0065066
0.00655304
0.00660155
3.90009e-06
3.90833e-06
3.90531e-06
3.89457e-06
3.87901e-06
3.86085e-06
3.84181e-06
3.82315e-06
3.80575e-06
3.79018e-06
3.77674e-06
3.76547e-06
3.7562e-06
3.74851e-06
3.74178e-06
3.73515e-06
3.72752e-06
3.7175e-06
3.70342e-06
3.68334e-06
3.65506e-06
3.61623e-06
3.5644e-06
3.49724e-06
3.41271e-06
3.30934e-06
3.18647e-06
3.04465e-06
2.88627e-06
2.71671e-06
2.54685e-06
2.39809e-06
2.31135e-06
2.36123e-06
2.67405e-06
3.44379e-06
4.93333e-06
7.44471e-06
1.12474e-05
1.6467e-05
2.29698e-05
3.03199e-05
3.78342e-05
4.47339e-05
5.03408e-05
5.42414e-05
5.63624e-05
5.69413e-05
5.64224e-05
5.53298e-05
5.41656e-05
5.33592e-05
5.327e-05
5.42309e-05
5.66114e-05
6.08833e-05
6.7673e-05
7.77852e-05
9.21779e-05
0.000111871
0.000137769
0.000170418
0.000209674
0.000254548
0.000303219
0.000353276
0.000402119
0.000447409
0.000487407
0.000521127
0.000548313
0.000569263
0.000584617
0.000595144
0.000601581
0.00060454
0.000604459
0.000601606
0.000596099
0.000587951
0.000577112
0.000563516
0.000547124
0.00052797
0.000506205
0.000482165
0.000456501
0.000430444
0.00040634
0.000388598
0.000385145
0.00040928
0.000481312
0.000628836
0.000884104
0.00127744
0.00182726
0.00252875
0.00334804
0.00422552
0.00508776
0.00586436
0.00650348
0.00698106
0.00730161
0.00749197
0.00759173
0.00764395
0.00768859
0.00775931
0.00788277
0.00807913
0.0083626
0.00874088
0.00921376
0.00977102
0.0103909
0.0110403
0.0116764
0.0122556
0.0127415
0.0131114
0.0133599
0.0134977
0.0135464
0.0135324
0.0134809
0.0134129
0.0133428
0.0132799
0.0132285
0.0131902
0.0131648
0.0131508
0.0131464
0.0131492
0.0131565
0.0131646
0.0131695
0.0131657
0.0131468
0.013105
0.013031
0.0129148
0.0127457
0.0125142
0.0122131
0.0118401
0.0114008
0.0109104
0.0103951
0.00989064
0.00943786
0.00907601
0.00883388
0.00872187
0.00873028
0.00883242
0.00899219
0.00917321
0.00934617
0.00949282
0.009606
0.00968709
0.00974237
0.0097798
0.0098067
0.00982864
0.00984899
0.00986909
0.00988844
0.00990508
0.00991593
0.00991738
0.00990584
0.00987859
0.0098346
0.00977498
0.00970294
0.0096232
0.00954113
0.00946181
0.0093892
0.0093259
0.00927305
0.00923071
0.00919819
0.00917449
0.00915853
0.00914939
0.00914635
0.0091489
0.00915672
0.00916954
0.00918705
0.00920869
0.00923343
0.00925941
0.00928361
0.00930142
0.00930635
0.00928992
0.00924204
0.00915187
0.00900932
0.00880714
0.00854319
0.00822256
0.00785875
0.00747332
0.00709333
0.00674695
0.00645823
0.00624174
0.00610073
0.00602818
0.00601005
0.00602934
0.00606977
0.00611812
0.00616515
0.00620554
0.0062371
0.00625981
0.00627499
0.0062846
0.00629074
0.00629543
0.00630044
0.00630724
0.006317
0.00633057
0.00634855
0.00637127
0.0063988
0.00643098
0.00646741
0.00650752
0.00655059
0.00659578
3.86052e-06
3.88068e-06
3.88773e-06
3.8853e-06
3.87646e-06
3.86367e-06
3.84879e-06
3.83323e-06
3.81797e-06
3.80369e-06
3.79073e-06
3.7792e-06
3.76893e-06
3.75953e-06
3.75039e-06
3.74061e-06
3.72909e-06
3.71443e-06
3.69497e-06
3.66885e-06
3.63398e-06
3.58816e-06
3.52922e-06
3.45514e-06
3.36423e-06
3.25541e-06
3.12837e-06
2.98391e-06
2.82445e-06
2.655e-06
2.48532e-06
2.33438e-06
2.23847e-06
2.26434e-06
2.52658e-06
3.20435e-06
4.54638e-06
6.84886e-06
1.03935e-05
1.53474e-05
2.1646e-05
2.89327e-05
3.6589e-05
4.38616e-05
5.00452e-05
5.4654e-05
5.75197e-05
5.87915e-05
5.88549e-05
5.82149e-05
5.73899e-05
5.68481e-05
5.69939e-05
5.81958e-05
6.08373e-05
6.5372e-05
7.23671e-05
8.25188e-05
9.66276e-05
0.000115518
0.0001399
0.000170172
0.000206182
0.000247116
0.000291501
0.000337382
0.000382609
0.000425176
0.000463494
0.000496544
0.000523888
0.000545576
0.000561984
0.000573657
0.000581171
0.000585038
0.000585658
0.000583304
0.000578132
0.000570212
0.000559561
0.000546182
0.000530101
0.000511404
0.000490274
0.000467054
0.000442361
0.00041733
0.000394099
0.000376682
0.000372321
0.000393239
0.000458284
0.000593433
0.00082973
0.00119758
0.00171762
0.00239009
0.00318771
0.00405739
0.00492998
0.00573562
0.00641912
0.00695033
0.00732677
0.00756922
0.00771321
0.00779993
0.00786911
0.00795494
0.00808453
0.008278
0.00854882
0.00890377
0.00934212
0.00985444
0.0104218
0.0110161
0.0116019
0.0121427
0.0126077
0.0129759
0.0132401
0.0134058
0.0134884
0.0135083
0.0134866
0.0134418
0.0133882
0.0133355
0.0132894
0.0132527
0.0132261
0.013209
0.0132
0.0131967
0.0131966
0.0131961
0.013191
0.013176
0.0131447
0.0130898
0.0130025
0.0128733
0.0126925
0.0124514
0.0121437
0.0117679
0.0113297
0.0108435
0.0103341
0.00983498
0.00938488
0.00902147
0.00877371
0.00865385
0.008655
0.00875332
0.00891459
0.00910272
0.00928726
0.00944789
0.00957524
0.00966893
0.00973422
0.00977871
0.00980984
0.00983355
0.0098537
0.00987214
0.00988888
0.00990254
0.00991073
0.00991052
0.00989904
0.00987404
0.00983465
0.00978168
0.00971758
0.00964611
0.00957164
0.00949848
0.00943022
0.0093694
0.00931743
0.00927479
0.00924124
0.00921615
0.00919874
0.00918826
0.00918407
0.00918565
0.00919261
0.00920457
0.00922107
0.00924135
0.00926415
0.00928738
0.00930778
0.00932055
0.00931918
0.00929534
0.00923935
0.00914106
0.00899122
0.00878337
0.00851596
0.00819417
0.0078311
0.0074475
0.0070695
0.00672455
0.00643642
0.00621998
0.006079
0.00600701
0.00599035
0.00601215
0.00605602
0.00610844
0.00615988
0.00620469
0.00624043
0.00626692
0.00628536
0.00629764
0.00630587
0.00631206
0.006318
0.00632518
0.00633478
0.00634768
0.0063645
0.00638556
0.00641099
0.00644068
0.0064743
0.00651139
0.00655131
0.00659334
3.80522e-06
3.83864e-06
3.85714e-06
3.86434e-06
3.86343e-06
3.85702e-06
3.84713e-06
3.83532e-06
3.82271e-06
3.81005e-06
3.79778e-06
3.78604e-06
3.77472e-06
3.76344e-06
3.75158e-06
3.73829e-06
3.72243e-06
3.70266e-06
3.67738e-06
3.64481e-06
3.60302e-06
3.55005e-06
3.48399e-06
3.40316e-06
3.30625e-06
3.19252e-06
3.06201e-06
2.91573e-06
2.75611e-06
2.58779e-06
2.41954e-06
2.2681e-06
2.16556e-06
2.17141e-06
2.38911e-06
2.98316e-06
4.18706e-06
6.28784e-06
9.57392e-06
1.42455e-05
2.03015e-05
2.74647e-05
3.51901e-05
4.27655e-05
4.94775e-05
5.47832e-05
5.84255e-05
6.04601e-05
6.12002e-05
6.11136e-05
6.0718e-05
6.05074e-05
6.09227e-05
6.23639e-05
6.52269e-05
6.99483e-05
7.70407e-05
8.71044e-05
0.000100804
0.000118804
0.000141654
0.000169642
0.000202616
0.000239901
0.000280304
0.000322234
0.000363915
0.000403638
0.000439977
0.000471929
0.000498949
0.000520901
0.000537954
0.00055046
0.000558841
0.000563509
0.000564811
0.00056301
0.000558282
0.000550739
0.000540452
0.000527479
0.0005119
0.000493842
0.000473514
0.000451261
0.000427667
0.00040378
0.00038155
0.000364632
0.000359639
0.000377784
0.000436507
0.000560147
0.000778372
0.00112127
0.00161114
0.00225257
0.00302462
0.00388091
0.00475738
0.00558596
0.00630934
0.00689204
0.00732471
0.00762155
0.00781314
0.00793784
0.00803437
0.00813704
0.00827344
0.00846391
0.00872179
0.00905357
0.00945858
0.00992851
0.0104471
0.0109907
0.0115296
0.0120337
0.0124765
0.0128391
0.0131133
0.0133008
0.0134121
0.0134626
0.0134694
0.0134486
0.0134132
0.0133732
0.0133348
0.0133018
0.0132756
0.0132565
0.0132433
0.0132342
0.0132266
0.0132172
0.0132017
0.0131752
0.0131314
0.0130632
0.0129624
0.0128202
0.0126277
0.0123772
0.0120632
0.0116851
0.0112484
0.0107672
0.0102647
0.00977215
0.00932612
0.00896256
0.00871009
0.00858254
0.00857571
0.00866877
0.00882976
0.00902341
0.00921851
0.00939289
0.00953495
0.00964233
0.00971896
0.00977183
0.00980837
0.00983487
0.00985568
0.0098732
0.00988802
0.00989938
0.00990549
0.00990409
0.00989288
0.00987005
0.00983487
0.00978791
0.00973105
0.00966725
0.00960009
0.00953318
0.00946969
0.00941204
0.00936178
0.00931966
0.00928579
0.00925988
0.0092414
0.00922979
0.0092245
0.00922502
0.00923092
0.00924172
0.0092568
0.00927522
0.00929548
0.00931526
0.00933106
0.00933795
0.00932939
0.0092973
0.00923246
0.00912546
0.00896792
0.00875425
0.00848345
0.00816081
0.00779901
0.00741794
0.00704271
0.00669995
0.00641302
0.00619698
0.00605611
0.00598451
0.005969
0.00599293
0.00603987
0.00609615
0.00615191
0.00620123
0.00624138
0.00627196
0.00629403
0.00630939
0.0063201
0.00632817
0.0063354
0.00634329
0.00635305
0.00636558
0.0063815
0.0064012
0.00642483
0.00645231
0.00648341
0.00651772
0.00655472
0.00659375
3.73136e-06
3.77901e-06
3.81012e-06
3.82817e-06
3.83637e-06
3.8374e-06
3.83342e-06
3.82612e-06
3.81673e-06
3.80612e-06
3.79481e-06
3.783e-06
3.77062e-06
3.75735e-06
3.74259e-06
3.7255e-06
3.70501e-06
3.67982e-06
3.64844e-06
3.60923e-06
3.56046e-06
3.50042e-06
3.4275e-06
3.34036e-06
3.23806e-06
3.12021e-06
2.98712e-06
2.83998e-06
2.6812e-06
2.51509e-06
2.34947e-06
2.19909e-06
2.09224e-06
2.08178e-06
2.26074e-06
2.77933e-06
3.85524e-06
5.76377e-06
8.79494e-06
1.31738e-05
1.89556e-05
2.594e-05
3.36601e-05
4.14584e-05
4.86317e-05
5.45974e-05
5.90201e-05
6.18625e-05
6.33552e-05
6.39127e-05
6.40343e-05
6.4224e-05
6.49488e-05
6.6634e-05
6.96862e-05
7.45274e-05
8.16226e-05
9.14896e-05
0.000104679
0.000121723
0.000143046
0.00016885
0.000198987
0.000232895
0.000269602
0.000307812
0.000346058
0.00038289
0.000417044
0.000447568
0.000473861
0.000495664
0.000512983
0.000526011
0.000535036
0.000540371
0.000542303
0.000541074
0.000536867
0.00052982
0.000520043
0.000507638
0.000492725
0.000475462
0.000456077
0.000434913
0.000412523
0.000389873
0.000368745
0.000352472
0.000347085
0.000362862
0.000415899
0.000528903
0.000730049
0.00104879
0.00150855
0.00211753
0.00286071
0.00369842
0.00457229
0.00541712
0.00617471
0.00680525
0.00729296
0.00764525
0.00788703
0.00805291
0.00817982
0.00830167
0.00844634
0.00863463
0.00888017
0.0091897
0.00956311
0.00999341
0.0104669
0.0109636
0.011459
0.011928
0.0123478
0.0127017
0.0129808
0.0131846
0.0133193
0.0133965
0.0134296
0.0134321
0.0134158
0.0133899
0.013361
0.0133334
0.0133092
0.0132892
0.0132727
0.0132583
0.0132435
0.0132252
0.0131994
0.0131613
0.0131049
0.0130234
0.0129093
0.0127542
0.0125503
0.0122906
0.0119708
0.0115908
0.0111563
0.0106809
0.0101863
0.0097016
0.00926106
0.00889878
0.0086427
0.00850789
0.00849264
0.00857917
0.00873811
0.00893546
0.00913978
0.00932733
0.00948433
0.0096063
0.00969557
0.00975827
0.00980161
0.00983211
0.00985461
0.0098721
0.0098858
0.00989554
0.00990017
0.00989801
0.00988727
0.00986655
0.00983522
0.00979368
0.00974339
0.0096867
0.00962647
0.00956574
0.00950726
0.00945329
0.00940539
0.00936449
0.00933096
0.00930477
0.00928563
0.00927314
0.00926683
0.00926625
0.00927091
0.00928026
0.00929351
0.00930954
0.00932663
0.00934222
0.0093526
0.00935273
0.0093361
0.00929493
0.00922057
0.00910437
0.00893889
0.00871938
0.0084454
0.00812234
0.0077624
0.00738457
0.0070129
0.00667308
0.00638795
0.00617268
0.006032
0.00596065
0.00594595
0.00597159
0.00602124
0.00608107
0.00614103
0.00619485
0.00623955
0.00627449
0.00630053
0.00631935
0.00633294
0.00634328
0.00635217
0.00636112
0.00637136
0.00638382
0.00639916
0.00641777
0.00643987
0.00646542
0.00649426
0.00652605
0.00656034
0.00659657
3.63659e-06
3.69891e-06
3.74342e-06
3.77329e-06
3.79162e-06
3.80109e-06
3.80393e-06
3.80193e-06
3.79642e-06
3.78836e-06
3.77836e-06
3.76671e-06
3.7534e-06
3.73814e-06
3.72041e-06
3.69942e-06
3.67417e-06
3.64347e-06
3.60596e-06
3.56019e-06
3.50465e-06
3.43791e-06
3.35868e-06
3.26596e-06
3.15914e-06
3.03815e-06
2.90354e-06
2.75663e-06
2.59978e-06
2.43696e-06
2.27513e-06
2.12727e-06
2.01825e-06
1.9949e-06
2.14056e-06
2.59182e-06
3.55029e-06
5.27769e-06
8.0611e-06
1.21431e-05
1.76267e-05
2.43833e-05
3.2026e-05
3.99617e-05
4.75142e-05
5.40797e-05
5.92585e-05
6.29252e-05
6.5223e-05
6.64997e-05
6.72187e-05
6.78778e-05
6.89568e-05
7.08986e-05
7.41183e-05
7.90255e-05
8.60459e-05
9.56281e-05
0.00010823
0.000124275
0.000144091
0.000167815
0.000195303
0.000226086
0.000259369
0.000294093
0.000329044
0.000362995
0.00039484
0.000423695
0.000448944
0.000470247
0.000487496
0.000500757
0.000510201
0.000516052
0.000518539
0.000517871
0.000514229
0.000507764
0.000498611
0.000486903
0.000472788
0.000456447
0.000438118
0.000418139
0.000397032
0.000375688
0.00035574
0.000340227
0.000334653
0.00034843
0.000396378
0.000499612
0.000684736
0.000980318
0.00141039
0.00198612
0.00269781
0.0035123
0.00437729
0.00523132
0.00601654
0.00668995
0.00723
0.00763741
0.00793099
0.00814081
0.00830119
0.00844502
0.0086002
0.00878801
0.00902268
0.00931162
0.00965564
0.0100493
0.0104812
0.0109348
0.0113898
0.0118252
0.0122216
0.0125642
0.012844
0.0130587
0.013212
0.0133116
0.0133682
0.0133925
0.0133949
0.0133837
0.0133655
0.0133447
0.0133238
0.0133039
0.013285
0.0132659
0.0132443
0.0132175
0.0131817
0.0131322
0.0130634
0.0129689
0.0128416
0.0126741
0.0124591
0.0121908
0.0118657
0.0114844
0.0110529
0.0105841
0.0100984
0.0096228
0.00918919
0.00882968
0.00857124
0.00842983
0.00840598
0.00848492
0.00864009
0.00883923
0.00905111
0.00925085
0.00942266
0.00955986
0.00966298
0.00973699
0.00978865
0.00982457
0.00985001
0.00986853
0.009882
0.00989089
0.00989464
0.00989215
0.0098821
0.00986342
0.00983562
0.009799
0.00975468
0.0097045
0.00965079
0.00959606
0.00954269
0.00949272
0.00944767
0.00940857
0.00937594
0.00934997
0.00933055
0.00931741
0.0093102
0.00930849
0.00931175
0.00931934
0.00933035
0.00934344
0.00935669
0.00936729
0.00937139
0.00936384
0.00933829
0.00928728
0.0092028
0.00907706
0.00890354
0.00867835
0.00840155
0.0080786
0.0077212
0.00734739
0.00698006
0.00664391
0.00636117
0.00614704
0.00600666
0.00593539
0.00592117
0.0059481
0.00600002
0.00606307
0.00612698
0.00618524
0.00623456
0.00627404
0.00630434
0.00632697
0.00634383
0.00635684
0.00636778
0.00637816
0.00638922
0.00640193
0.00641698
0.0064348
0.00645565
0.00647955
0.00650639
0.0065359
0.0065677
0.00660132
3.5193e-06
3.5961e-06
3.65424e-06
3.69649e-06
3.72569e-06
3.74443e-06
3.75491e-06
3.75895e-06
3.75798e-06
3.75304e-06
3.7448e-06
3.73364e-06
3.71963e-06
3.70256e-06
3.68197e-06
3.65717e-06
3.62728e-06
3.59124e-06
3.54786e-06
3.4959e-06
3.43412e-06
3.36137e-06
3.27668e-06
3.17937e-06
3.06915e-06
2.9462e-06
2.81127e-06
2.66578e-06
2.512e-06
2.35357e-06
2.19667e-06
2.05266e-06
1.94339e-06
1.91025e-06
2.0277e-06
2.41942e-06
3.27118e-06
4.82971e-06
7.37548e-06
1.11623e-05
1.6331e-05
2.28188e-05
3.03171e-05
3.83035e-05
4.61429e-05
5.32281e-05
5.91119e-05
6.35902e-05
6.67185e-05
6.87685e-05
7.01529e-05
7.13463e-05
7.28274e-05
7.50472e-05
7.84252e-05
8.33608e-05
9.02476e-05
9.94789e-05
0.000111437
0.000126463
0.000144805
0.000166554
0.000191572
0.000219466
0.000249581
0.000281049
0.000312864
0.000343992
0.00037347
0.000400493
0.000424459
0.000444982
0.000461874
0.000475106
0.000484757
0.000490971
0.00049392
0.000493779
0.000490716
0.000484886
0.000476437
0.00046552
0.000452302
0.000436977
0.000419788
0.000401062
0.000381292
0.000361302
0.000342589
0.000327927
0.000322343
0.000334446
0.000377865
0.000472173
0.000642368
0.000915929
0.0013171
0.00185929
0.00253755
0.00332485
0.00417505
0.0050312
0.00583685
0.00654699
0.00713527
0.00759607
0.00794191
0.00819775
0.00839452
0.00856343
0.00873199
0.00892183
0.00914793
0.00941863
0.00973595
0.0100961
0.01049
0.0109041
0.0113215
0.0117249
0.0120977
0.0124269
0.0127038
0.012925
0.0130919
0.0132098
0.0132864
0.0133304
0.0133504
0.0133539
0.0133468
0.0133335
0.0133168
0.0132982
0.0132777
0.0132545
0.0132269
0.0131921
0.0131466
0.0130861
0.0130052
0.0128981
0.012758
0.0125784
0.0123529
0.0120766
0.0117469
0.0113651
0.0109375
0.0104763
0.0100005
0.00953526
0.00911
0.00875476
0.00849538
0.00834825
0.00831588
0.00838642
0.00853623
0.00873516
0.00895271
0.00916328
0.00934934
0.00950207
0.00962003
0.00970679
0.0097684
0.00981133
0.00984115
0.00986196
0.00987625
0.00988514
0.00988869
0.00988632
0.00987719
0.00986053
0.009836
0.00980384
0.00976492
0.00972071
0.00967307
0.00962409
0.0095758
0.00953
0.00948813
0.00945125
0.00941998
0.00939465
0.00937528
0.00936173
0.00935373
0.00935084
0.00935254
0.00935806
0.00936635
0.00937591
0.00938457
0.00938936
0.00938625
0.00937012
0.00933479
0.00927327
0.00917823
0.00904276
0.0088613
0.00863074
0.00835167
0.00802949
0.00767538
0.00730638
0.00694419
0.00661244
0.00633267
0.00612003
0.00598005
0.00590872
0.00589464
0.00592241
0.00597614
0.00604198
0.00610954
0.00617207
0.00622599
0.00627013
0.00630491
0.00633167
0.00635216
0.00636823
0.00638159
0.00639378
0.00640603
0.00641934
0.00643442
0.00645177
0.00647166
0.00649419
0.00651929
0.00654677
0.0065763
0.00660751
3.37881e-06
3.4692e-06
3.54059e-06
3.59524e-06
3.63563e-06
3.66414e-06
3.68287e-06
3.69361e-06
3.69779e-06
3.69652e-06
3.69055e-06
3.68032e-06
3.66599e-06
3.64745e-06
3.62433e-06
3.59608e-06
3.56193e-06
3.521e-06
3.47233e-06
3.4149e-06
3.34772e-06
3.26996e-06
3.18094e-06
3.08028e-06
2.96797e-06
2.84441e-06
2.71051e-06
2.5677e-06
2.41817e-06
2.26521e-06
2.11429e-06
1.97536e-06
1.86756e-06
1.82742e-06
1.92132e-06
2.26092e-06
3.01654e-06
4.41921e-06
6.73981e-06
1.02375e-05
1.50824e-05
2.12692e-05
2.85636e-05
3.65168e-05
4.45455e-05
5.20558e-05
5.85699e-05
6.38183e-05
6.77733e-05
7.0626e-05
7.27263e-05
7.45109e-05
7.64422e-05
7.89687e-05
8.25088e-05
8.74524e-05
9.41675e-05
0.000103004
0.000114286
0.000128289
0.000145203
0.000165083
0.000187801
0.000213025
0.000240213
0.00026865
0.000297502
0.000325898
0.000353006
0.000378101
0.000400613
0.00042014
0.000436443
0.000449423
0.000459087
0.000465513
0.000468823
0.000469156
0.000466661
0.000461489
0.000453791
0.000443728
0.000431473
0.000417227
0.000401231
0.0003838
0.000365398
0.000346788
0.000329344
0.000315601
0.000310154
0.000320878
0.000360286
0.00044648
0.000602851
0.000855638
0.00122894
0.00173782
0.00238137
0.00313821
0.00396832
0.00481967
0.00563821
0.00637809
0.00700919
0.00752022
0.0079175
0.00822053
0.0084562
0.00865337
0.00883862
0.00903368
0.00925424
0.00950972
0.00980352
0.0101336
0.010493
0.0108709
0.0112536
0.0116266
0.011976
0.0122902
0.0125612
0.0127848
0.0129609
0.0130928
0.013186
0.0132471
0.013283
0.0133003
0.0133041
0.0132987
0.0132869
0.0132701
0.0132488
0.0132223
0.0131892
0.013147
0.0130924
0.0130213
0.0129288
0.0128094
0.0126571
0.0124659
0.0122305
0.011947
0.0116136
0.0112323
0.0108095
0.0103569
0.00989216
0.00943853
0.00902303
0.00867361
0.00841478
0.00826299
0.00822247
0.00828405
0.00842708
0.00862382
0.00884494
0.00906461
0.00926393
0.00943206
0.00956556
0.00966637
0.00973954
0.0097912
0.00982703
0.00985158
0.00986792
0.00987781
0.00988191
0.0098802
0.00987227
0.00985767
0.00983622
0.00980813
0.00977412
0.00973535
0.00969334
0.00964979
0.00960643
0.00956485
0.00952637
0.00949199
0.00946242
0.00943804
0.009419
0.00940522
0.00939647
0.00939235
0.00939225
0.00939534
0.0094004
0.00940575
0.00940902
0.00940708
0.00939582
0.00937021
0.00932434
0.00925175
0.00914586
0.00900068
0.00881156
0.00857618
0.0082955
0.0079749
0.00762492
0.00726156
0.00690531
0.00657867
0.00630244
0.00609165
0.00595217
0.00588064
0.00586637
0.00589452
0.00594953
0.00601769
0.00608852
0.00615504
0.00621344
0.00626227
0.00630168
0.00633281
0.00635725
0.00637673
0.00639291
0.00640729
0.00642111
0.00643538
0.00645085
0.00646804
0.00648729
0.00650874
0.00653239
0.00655809
0.00658559
0.00661459
3.21553e-06
3.31789e-06
3.40148e-06
3.46795e-06
3.51934e-06
3.55772e-06
3.585e-06
3.60286e-06
3.6127e-06
3.61562e-06
3.61244e-06
3.60367e-06
3.58954e-06
3.57004e-06
3.54495e-06
3.51383e-06
3.4761e-06
3.43108e-06
3.378e-06
3.31611e-06
3.2447e-06
3.16321e-06
3.07125e-06
2.96871e-06
2.8558e-06
2.73311e-06
2.60162e-06
2.4628e-06
2.31869e-06
2.17226e-06
2.02832e-06
1.89557e-06
1.79076e-06
1.7461e-06
1.82068e-06
2.11506e-06
2.7848e-06
4.04494e-06
6.15453e-06
9.37326e-06
1.38923e-05
1.97549e-05
2.6795e-05
3.46372e-05
4.27574e-05
5.05885e-05
5.76397e-05
6.35907e-05
6.83394e-05
7.19966e-05
7.4842e-05
7.72614e-05
7.96874e-05
8.2554e-05
8.6272e-05
9.12203e-05
9.77464e-05
0.000106167
0.000116761
0.000129755
0.000145297
0.000163417
0.000183997
0.000206755
0.000231242
0.000256866
0.000282934
0.000308714
0.000333488
0.000356616
0.000377565
0.000395938
0.00041147
0.000424014
0.000433522
0.000440022
0.000443589
0.00044433
0.000442373
0.000437856
0.000430927
0.000421746
0.000410489
0.000397355
0.000382578
0.000366461
0.000349437
0.000332214
0.000316054
0.000303281
0.000298093
0.000307697
0.000343572
0.000422425
0.000566067
0.000799398
0.00114607
0.0016223
0.00223046
0.00295433
0.00375972
0.0045998
0.00542365
0.00618568
0.00685311
0.00740985
0.0078564
0.00820667
0.00848305
0.00871144
0.0089169
0.00912087
0.00933956
0.00958345
0.00985737
0.010161
0.0104897
0.0108348
0.0111855
0.0115298
0.0118561
0.0121542
0.0124168
0.0126393
0.0128208
0.0129627
0.0130688
0.013144
0.0131938
0.0132235
0.0132377
0.01324
0.0132331
0.0132186
0.013197
0.0131678
0.0131298
0.0130806
0.0130174
0.0129361
0.0128324
0.0127012
0.0125372
0.0123351
0.0120907
0.0118009
0.0114649
0.0110852
0.0106683
0.0102254
0.00977295
0.00933218
0.00892788
0.00858582
0.00832908
0.00817388
0.00812581
0.00817816
0.00831322
0.00850586
0.00872832
0.00895504
0.00916616
0.0093491
0.00949841
0.00961428
0.00970055
0.00976268
0.0098063
0.00983623
0.00985605
0.00986811
0.00987369
0.00987328
0.00986692
0.00985451
0.00983602
0.00981172
0.00978219
0.00974839
0.00971156
0.0096731
0.00963447
0.00959705
0.00956201
0.00953031
0.00950264
0.00947944
0.00946089
0.00944697
0.00943746
0.00943195
0.00942976
0.00942996
0.00943117
0.00943153
0.00942853
0.00941891
0.00939856
0.00936261
0.00930553
0.00922147
0.00910465
0.00895
0.00875375
0.00851427
0.00823287
0.00791475
0.00756981
0.00721298
0.00686347
0.00654264
0.0062705
0.00606189
0.00592302
0.00585116
0.00583636
0.00586441
0.00592016
0.0059901
0.0060637
0.00613387
0.00619652
0.00624993
0.00629403
0.00632969
0.00635833
0.00638155
0.00640092
0.00641788
0.00643367
0.00644928
0.0064655
0.0064829
0.00650184
0.00652252
0.006545
0.0065692
0.00659493
0.00662193
3.03098e-06
3.14309e-06
3.23716e-06
3.31424e-06
3.37589e-06
3.42376e-06
3.45949e-06
3.4846e-06
3.50039e-06
3.50793e-06
3.50804e-06
3.50128e-06
3.48798e-06
3.46823e-06
3.44192e-06
3.40878e-06
3.36842e-06
3.32036e-06
3.26406e-06
3.19903e-06
3.12482e-06
3.04112e-06
2.94781e-06
2.84501e-06
2.73311e-06
2.61283e-06
2.48521e-06
2.35168e-06
2.21412e-06
2.0752e-06
1.93915e-06
1.81355e-06
1.71305e-06
1.66605e-06
1.72512e-06
1.98063e-06
2.57426e-06
3.70517e-06
5.61901e-06
8.57192e-06
1.27693e-05
1.82932e-05
2.50389e-05
3.27013e-05
4.0819e-05
4.88631e-05
5.63446e-05
6.29089e-05
6.83911e-05
7.28265e-05
7.64214e-05
7.95017e-05
8.24582e-05
8.56993e-05
8.96198e-05
9.45848e-05
0.000100924
0.000108927
0.000118842
0.000130859
0.000145094
0.000161563
0.00018016
0.000200644
0.000222641
0.000245661
0.000269128
0.000292424
0.000314935
0.000336097
0.000355427
0.000372542
0.000387167
0.000399128
0.00040834
0.000414789
0.000418512
0.000419588
0.000418121
0.000414234
0.000408066
0.000399771
0.00038952
0.000377503
0.000363948
0.000349141
0.000333486
0.00031764
0.000302766
0.000290993
0.000286166
0.000294877
0.000327656
0.000399899
0.000531883
0.000747111
0.00106855
0.00151314
0.00208582
0.00277494
0.00355176
0.00437468
0.00519647
0.00597277
0.00666923
0.00726594
0.00775819
0.00815447
0.00847242
0.00873444
0.00896354
0.00918036
0.0094013
0.00963775
0.0098959
0.0101772
0.0104789
0.0107947
0.0111162
0.0114336
0.0117374
0.0120187
0.012271
0.0124897
0.0126729
0.0128212
0.0129367
0.013023
0.0130843
0.0131246
0.0131479
0.0131573
0.0131552
0.0131431
0.0131214
0.0130898
0.0130472
0.0129915
0.0129199
0.0128289
0.0127144
0.0125719
0.0123967
0.0121847
0.0119322
0.0116372
0.0112998
0.010923
0.0105133
0.0100814
0.00964247
0.00921585
0.00882416
0.00849101
0.00823795
0.00808072
0.00802593
0.00806906
0.00819522
0.00838197
0.0086035
0.00883497
0.009056
0.00925262
0.00941752
0.00954908
0.00964972
0.00972402
0.00977726
0.00981435
0.00983928
0.00985489
0.00986303
0.00986473
0.00986048
0.0098505
0.00983499
0.00981428
0.0097889
0.00975967
0.00972761
0.00969389
0.00965973
0.00962631
0.00959467
0.00956568
0.00954001
0.00951806
0.00950005
0.00948596
0.00947556
0.00946839
0.0094637
0.00946041
0.00945704
0.00945155
0.00944131
0.00942302
0.00939266
0.00934562
0.00927684
0.00918112
0.00905355
0.00888991
0.0086873
0.00844468
0.00816359
0.007849
0.0075101
0.0071607
0.00681874
0.00650439
0.00623687
0.00603078
0.00589261
0.0058203
0.00580463
0.00583208
0.005888
0.0059591
0.00603493
0.00610826
0.00617482
0.00623263
0.00628134
0.0063216
0.00635462
0.00638184
0.00640472
0.00642463
0.00644275
0.0064601
0.00647746
0.00649543
0.00651442
0.00653468
0.00655631
0.00657929
0.00660351
0.00662877
2.82776e-06
2.9469e-06
3.04918e-06
3.1351e-06
3.20568e-06
3.26215e-06
3.30583e-06
3.33799e-06
3.35977e-06
3.37218e-06
3.37599e-06
3.37181e-06
3.36002e-06
3.34081e-06
3.31421e-06
3.28011e-06
3.2383e-06
3.1885e-06
3.13042e-06
3.06379e-06
2.98841e-06
2.90421e-06
2.81128e-06
2.70993e-06
2.6007e-06
2.48439e-06
2.36206e-06
2.23506e-06
2.10514e-06
1.97465e-06
1.84728e-06
1.72966e-06
1.6346e-06
1.58715e-06
1.63406e-06
1.85649e-06
2.38319e-06
3.39783e-06
5.13178e-06
7.83435e-06
1.17193e-05
1.68983e-05
2.33199e-05
3.07443e-05
3.87734e-05
4.69237e-05
5.47218e-05
6.17936e-05
6.79254e-05
7.30853e-05
7.74077e-05
8.11538e-05
8.46633e-05
8.83088e-05
9.24608e-05
9.74663e-05
0.000103637
0.000111242
0.000120505
0.00013159
0.000144594
0.000159524
0.000176286
0.000194676
0.000214384
0.000235
0.000256045
0.000277
0.000297341
0.000316576
0.00033427
0.000350065
0.000363691
0.000374959
0.000383759
0.000390048
0.000393834
0.000395169
0.000394134
0.000390836
0.0003854
0.00037797
0.000368707
0.000357793
0.000345442
0.000331922
0.000317613
0.000303122
0.000289521
0.000278766
0.00027438
0.000282399
0.00031248
0.000378796
0.000500154
0.000698638
0.000996363
0.00141057
0.0019482
0.0026015
0.00334669
0.0041473
0.00496013
0.00574279
0.00646045
0.00709036
0.00762345
0.00806313
0.00842231
0.00871953
0.00897524
0.00920878
0.00943632
0.00966984
0.00991673
0.01018
0.0104588
0.010749
0.0110442
0.0113368
0.0116189
0.0118833
0.0121238
0.0123362
0.0125183
0.0126696
0.0127913
0.0128857
0.0129558
0.0130048
0.0130357
0.0130512
0.0130532
0.013043
0.0130212
0.0129872
0.0129401
0.012878
0.0127982
0.0126977
0.0125728
0.0124195
0.0122341
0.0120129
0.0117536
0.0114548
0.0111176
0.0107452
0.0103441
0.00992455
0.00950039
0.00908926
0.00871158
0.00838889
0.0081411
0.00798332
0.00792282
0.007957
0.00807359
0.0082529
0.00847126
0.00870498
0.00893366
0.0091423
0.00932199
0.00946936
0.00958525
0.00967318
0.00973782
0.00978396
0.00981576
0.0098365
0.00984851
0.00985333
0.0098519
0.00984478
0.00983241
0.00981522
0.00979379
0.00976881
0.00974117
0.00971184
0.00968186
0.00965222
0.00962384
0.00959748
0.00957373
0.00955299
0.00953542
0.00952098
0.0095094
0.00950014
0.00949236
0.00948487
0.00947603
0.00946372
0.00944524
0.00941732
0.00937613
0.0093174
0.00923663
0.00912935
0.00899147
0.00881964
0.0086117
0.0083671
0.00808753
0.00777764
0.00744584
0.0071048
0.00677119
0.00646399
0.0062016
0.00599834
0.00586098
0.00578809
0.00577121
0.00579756
0.00585303
0.00592465
0.00600206
0.00607799
0.006148
0.00620986
0.00626299
0.0063078
0.00634527
0.00637666
0.00640331
0.00642647
0.0064473
0.00646676
0.00648564
0.00650457
0.00652398
0.00654417
0.00656528
0.00658736
0.00661036
0.00663412
2.60943e-06
2.73255e-06
2.84037e-06
2.93288e-06
3.01059e-06
3.07431e-06
3.12499e-06
3.16361e-06
3.19114e-06
3.20844e-06
3.21625e-06
3.21514e-06
3.20554e-06
3.18775e-06
3.1619e-06
3.12803e-06
3.08611e-06
3.03605e-06
2.97778e-06
2.91123e-06
2.83644e-06
2.75352e-06
2.66276e-06
2.56461e-06
2.45969e-06
2.34886e-06
2.23316e-06
2.11387e-06
1.99254e-06
1.87128e-06
1.75329e-06
1.64433e-06
1.55565e-06
1.50935e-06
1.54705e-06
1.74161e-06
2.20986e-06
3.12067e-06
4.69068e-06
7.15999e-06
1.07457e-05
1.55811e-05
2.16591e-05
2.87987e-05
3.66633e-05
4.48193e-05
5.28185e-05
6.02817e-05
6.69606e-05
7.27669e-05
7.77685e-05
8.21614e-05
8.62286e-05
9.02988e-05
9.47103e-05
9.97866e-05
0.00010582
0.000113061
0.000121714
0.000131928
0.000143785
0.000157289
0.000172361
0.00018883
0.000206435
0.000224838
0.000243639
0.000262402
0.000280682
0.000298051
0.000314126
0.000328578
0.000341146
0.000351642
0.000359942
0.00036598
0.000369743
0.00037126
0.000370593
0.00036783
0.000363082
0.000356479
0.00034817
0.000338325
0.000327143
0.000314876
0.000301876
0.000288706
0.000276356
0.000266626
0.000262745
0.000270247
0.00029799
0.000359014
0.000470731
0.000653813
0.00092939
0.0013147
0.00181813
0.00243517
0.0031465
0.00392046
0.00471805
0.00549944
0.0062302
0.00688581
0.00745367
0.00793277
0.00833146
0.00866432
0.00894883
0.00920254
0.00944093
0.00967617
0.00991656
0.0101665
0.0104267
0.0106951
0.0109672
0.0112373
0.0114992
0.0117466
0.0119745
0.0121789
0.0123572
0.0125087
0.0126335
0.012733
0.0128093
0.0128647
0.0129015
0.0129217
0.0129268
0.0129179
0.0128953
0.0128586
0.0128068
0.0127382
0.0126504
0.0125406
0.0124056
0.0122422
0.0120473
0.0118183
0.0115536
0.0112527
0.0109173
0.0105509
0.0101602
0.00975445
0.00934648
0.00895216
0.00858991
0.00827919
0.00803828
0.00788148
0.00781646
0.00784219
0.00794884
0.00811936
0.00833241
0.0085658
0.00879953
0.00901805
0.00921113
0.0093738
0.00950533
0.00960796
0.00968558
0.00974256
0.00978309
0.00981069
0.00982809
0.00983727
0.00983958
0.00983595
0.00982707
0.00981354
0.00979597
0.00977504
0.00975153
0.00972629
0.00970018
0.00967406
0.0096487
0.00962476
0.00960274
0.00958297
0.00956556
0.00955041
0.00953717
0.0095252
0.00951358
0.009501
0.00948572
0.00946556
0.00943783
0.00939939
0.0093467
0.00927594
0.0091832
0.00906477
0.00891737
0.00873845
0.00852647
0.00828129
0.00800462
0.00770069
0.0073771
0.00704539
0.00672092
0.00642151
0.00616474
0.0059646
0.00582815
0.00575454
0.00573614
0.00576089
0.00581527
0.0058867
0.00596499
0.00604285
0.00611571
0.00618116
0.00623838
0.00628753
0.00632938
0.00636501
0.00639558
0.00642225
0.00644607
0.00646799
0.00648877
0.00650903
0.00652923
0.00654971
0.00657066
0.00659217
0.00661424
0.00663678
2.38021e-06
2.50417e-06
2.61464e-06
2.71118e-06
2.79387e-06
2.86309e-06
2.91944e-06
2.96361e-06
2.99634e-06
3.01833e-06
3.03022e-06
3.03257e-06
3.02581e-06
3.01028e-06
2.98623e-06
2.95384e-06
2.91321e-06
2.86445e-06
2.80764e-06
2.74293e-06
2.67051e-06
2.59067e-06
2.50383e-06
2.41053e-06
2.31149e-06
2.20754e-06
2.0997e-06
1.98914e-06
1.87725e-06
1.76587e-06
1.6578e-06
1.55805e-06
1.4765e-06
1.43269e-06
1.46371e-06
1.63505e-06
2.05261e-06
2.87132e-06
4.2931e-06
6.54713e-06
9.84963e-06
1.43492e-05
2.00733e-05
2.68934e-05
3.45298e-05
4.26e-05
5.06887e-05
5.84229e-05
6.55334e-05
7.18879e-05
7.74965e-05
8.24925e-05
8.71009e-05
9.1601e-05
9.62929e-05
0.000101471
0.000107404
0.000114327
0.000122426
0.000131839
0.00014264
0.000154835
0.000168359
0.00018307
0.000198752
0.000215124
0.000231853
0.000248575
0.000264912
0.000280498
0.000294994
0.000308106
0.000319591
0.000329263
0.000336994
0.000342707
0.000346372
0.000347999
0.000347632
0.000345344
0.000341228
0.000335401
0.000327998
0.000319176
0.000309119
0.000298058
0.000286323
0.000274435
0.000263306
0.000254596
0.000251271
0.000258408
0.000284138
0.000340457
0.000443465
0.000612452
0.000867478
0.00122552
0.00169598
0.00227686
0.00295286
0.0036967
0.00447354
0.00524651
0.00598233
0.00665562
0.00725125
0.00776448
0.00819952
0.00856707
0.00888143
0.00915797
0.009411
0.00965247
0.00989117
0.0101325
0.0103789
0.0106296
0.0108821
0.0111323
0.0113754
0.0116066
0.0118214
0.0120164
0.0121891
0.0123382
0.0124634
0.0125654
0.0126453
0.0127047
0.0127453
0.0127684
0.0127753
0.0127665
0.0127424
0.0127023
0.0126454
0.0125699
0.0124739
0.012355
0.0122105
0.0120378
0.0118347
0.0115993
0.0113309
0.0110298
0.0106982
0.0103399
0.00996118
0.00957089
0.00918056
0.00880445
0.00845901
0.00816175
0.00792929
0.00777505
0.0077068
0.00772482
0.0078214
0.00798206
0.00818784
0.00841829
0.00865427
0.00888005
0.00908452
0.00926131
0.00940819
0.00952607
0.00961783
0.00968727
0.00973833
0.00977458
0.00979902
0.00981399
0.0098212
0.00982192
0.0098171
0.00980754
0.00979394
0.00977699
0.00975743
0.00973601
0.00971347
0.00969055
0.00966789
0.00964604
0.0096254
0.0096062
0.00958847
0.00957203
0.00955644
0.00954097
0.00952459
0.0095059
0.00948313
0.00945408
0.0094162
0.00936655
0.00930196
0.00921914
0.00911482
0.00898604
0.00883028
0.00864567
0.00843123
0.00818707
0.0079148
0.0076182
0.007304
0.00698258
0.00666804
0.00637705
0.00612634
0.00592961
0.00579415
0.00571972
0.00569945
0.00572209
0.00577475
0.00584525
0.00592363
0.00600266
0.00607767
0.00614611
0.00620692
0.00626006
0.00630608
0.00634585
0.00638038
0.00641069
0.00643773
0.00646237
0.00648536
0.00650729
0.00652865
0.00654977
0.0065709
0.00659217
0.00661362
0.00663523
2.14482e-06
2.26656e-06
2.37675e-06
2.47464e-06
2.55994e-06
2.63267e-06
2.69309e-06
2.74161e-06
2.77871e-06
2.80495e-06
2.82083e-06
2.82684e-06
2.82341e-06
2.81092e-06
2.78969e-06
2.75997e-06
2.72201e-06
2.67606e-06
2.62234e-06
2.56114e-06
2.4928e-06
2.41773e-06
2.33644e-06
2.24954e-06
2.15776e-06
2.06194e-06
1.963e-06
1.86203e-06
1.76026e-06
1.65928e-06
1.56152e-06
1.47137e-06
1.3975e-06
1.35727e-06
1.3838e-06
1.53598e-06
1.90987e-06
2.64741e-06
3.93613e-06
5.99321e-06
9.03078e-06
1.32069e-05
1.85756e-05
2.50526e-05
3.24101e-05
4.03152e-05
4.83895e-05
5.62758e-05
6.36958e-05
7.04858e-05
7.66081e-05
8.21402e-05
8.72503e-05
9.21667e-05
9.71467e-05
0.000102451
0.000108323
0.000114977
0.000122585
0.000131275
0.000141117
0.000152121
0.000164236
0.000177347
0.000191275
0.00020579
0.000220616
0.000235447
0.000249968
0.000263863
0.000276841
0.000288638
0.000299034
0.000307855
0.000314971
0.000320301
0.000323802
0.000325472
0.00032534
0.000323461
0.000319917
0.000314809
0.000308257
0.000300404
0.000291418
0.000281514
0.000270994
0.000260341
0.0002504
0.000242699
0.000239968
0.000246873
0.000270881
0.000323035
0.000418206
0.000574355
0.000810422
0.00114292
0.00158187
0.00212725
0.00276713
0.00347822
0.00422966
0.00498772
0.00572083
0.00640363
0.00701929
0.00756022
0.00802705
0.00842684
0.00877071
0.00907156
0.00934219
0.00959384
0.00983539
0.010073
0.01031
0.0105474
0.010784
0.0110172
0.0112436
0.0114596
0.0116616
0.0118464
0.012012
0.0121566
0.0122799
0.0123817
0.0124626
0.0125237
0.0125658
0.01259
0.0125969
0.0125869
0.01256
0.0125156
0.0124528
0.0123702
0.012266
0.0121383
0.0119849
0.011804
0.0115941
0.0113542
0.0110842
0.0107852
0.0104596
0.0101115
0.00974688
0.00937376
0.00900259
0.00864607
0.00831883
0.00803647
0.00781402
0.0076639
0.0075938
0.007605
0.00769166
0.00784166
0.00803842
0.00826342
0.00849868
0.00872877
0.00894204
0.00913105
0.00929226
0.00942523
0.00953175
0.00961482
0.00967795
0.00972457
0.00975775
0.00978006
0.0097935
0.00979964
0.00979969
0.00979462
0.00978526
0.00977238
0.0097567
0.0097389
0.00971965
0.00969958
0.00967921
0.00965899
0.00963921
0.00961999
0.00960128
0.00958278
0.00956397
0.00954402
0.00952184
0.00949598
0.00946468
0.00942585
0.0093771
0.00931585
0.00923934
0.00914485
0.00902979
0.00889188
0.0087293
0.00854076
0.00832568
0.00808432
0.00781811
0.00753027
0.00722666
0.00691651
0.00661268
0.00633068
0.00608647
0.00589342
0.00575903
0.00568366
0.00566122
0.00568125
0.00573152
0.00580032
0.00587797
0.00595732
0.00603367
0.00610434
0.0061681
0.00622471
0.00627451
0.00631817
0.00635653
0.00639046
0.0064208
0.00644834
0.00647377
0.00649765
0.00652046
0.00654255
0.00656418
0.00658552
0.00660666
0.00662761
1.90811e-06
2.02486e-06
2.13203e-06
2.22865e-06
2.31416e-06
2.38829e-06
2.45101e-06
2.50246e-06
2.54292e-06
2.57274e-06
2.5923e-06
2.602e-06
2.60225e-06
2.59341e-06
2.57584e-06
2.54987e-06
2.51583e-06
2.47406e-06
2.42491e-06
2.36875e-06
2.30603e-06
2.23723e-06
2.16292e-06
2.08373e-06
2.0004e-06
1.91371e-06
1.82453e-06
1.73381e-06
1.64264e-06
1.5524e-06
1.46519e-06
1.38486e-06
1.31907e-06
1.28327e-06
1.30712e-06
1.4437e-06
1.78023e-06
2.44665e-06
3.61671e-06
5.49504e-06
8.28725e-06
1.21562e-05
1.71754e-05
2.32958e-05
3.03365e-05
3.80107e-05
4.59782e-05
5.39038e-05
6.15102e-05
6.86143e-05
7.51415e-05
8.11218e-05
8.66716e-05
9.19692e-05
9.72274e-05
0.00010267
0.000108512
0.000114945
0.000122127
0.000130175
0.000139157
0.000149088
0.00015993
0.000171592
0.00018393
0.000196753
0.000209837
0.000222927
0.000235758
0.000248065
0.000259596
0.000270122
0.000279445
0.000287404
0.000293877
0.00029878
0.000302066
0.00030372
0.000303761
0.000302231
0.000299198
0.000294748
0.00028899
0.000282048
0.000274078
0.000265276
0.000255919
0.000246456
0.000237665
0.000230957
0.000228849
0.000235634
0.000258184
0.000306665
0.000394814
0.00053932
0.000757988
0.00106671
0.00147582
0.00198677
0.00259035
0.00326688
0.00398914
0.00472659
0.00544978
0.00613397
0.00676154
0.0073228
0.00781553
0.00824359
0.00861504
0.00894026
0.00923019
0.00949504
0.00974335
0.00998157
0.0102138
0.0104421
0.0106666
0.010886
0.0110982
0.0113004
0.0114901
0.0116645
0.0118218
0.0119605
0.0120797
0.012179
0.0122587
0.012319
0.0123604
0.0123835
0.0123886
0.0123757
0.0123447
0.012295
0.0122257
0.0121356
0.0120232
0.0118872
0.011726
0.0115385
0.0113238
0.0110816
0.0108126
0.0105182
0.0102013
0.0098657
0.00951719
0.00916307
0.00881263
0.00847711
0.00816941
0.00790336
0.00769241
0.00754796
0.00747744
0.00748285
0.00755996
0.00769877
0.00788501
0.00810218
0.00833374
0.00856488
0.00878387
0.00898254
0.00915624
0.00930334
0.00942447
0.00952174
0.00959802
0.00965642
0.0096999
0.00973109
0.00975218
0.00976494
0.0097708
0.00977093
0.00976629
0.00975771
0.00974593
0.00973163
0.00971541
0.0096978
0.00967926
0.0096601
0.00964052
0.00962054
0.00959999
0.0095785
0.00955546
0.00952998
0.00950094
0.00946691
0.00942622
0.00937695
0.009317
0.00924417
0.00915622
0.00905098
0.0089265
0.00878115
0.00861368
0.00842328
0.00820963
0.00797303
0.00771462
0.00743705
0.00714525
0.00684733
0.00655495
0.00628252
0.00604521
0.00585609
0.00572284
0.00564642
0.0056215
0.00563843
0.00568566
0.00575198
0.00582802
0.00590677
0.00598354
0.00605556
0.00612148
0.00618086
0.00623386
0.00628096
0.00632284
0.0063602
0.00639378
0.00642424
0.00645221
0.0064782
0.00650268
0.00652598
0.00654838
0.00657007
0.00659115
0.0066117
1.67483e-06
1.78427e-06
1.88601e-06
1.97898e-06
2.06244e-06
2.13591e-06
2.19913e-06
2.25202e-06
2.29467e-06
2.32723e-06
2.34998e-06
2.36322e-06
2.36727e-06
2.36248e-06
2.34923e-06
2.32786e-06
2.29877e-06
2.26234e-06
2.21898e-06
2.16914e-06
2.1133e-06
2.05201e-06
1.98583e-06
1.91541e-06
1.84143e-06
1.76463e-06
1.6858e-06
1.60577e-06
1.52549e-06
1.44615e-06
1.36957e-06
1.29914e-06
1.24165e-06
1.21091e-06
1.23357e-06
1.35763e-06
1.66237e-06
2.26683e-06
3.33173e-06
5.04903e-06
7.61607e-06
1.11965e-05
1.58778e-05
2.1638e-05
2.83362e-05
3.57275e-05
4.3509e-05
5.13713e-05
5.90458e-05
6.63398e-05
7.31529e-05
7.94772e-05
8.53842e-05
9.10059e-05
9.65118e-05
0.000102088
0.000107918
0.000114169
0.000120984
0.000128468
0.000136685
0.000145657
0.000155357
0.000165715
0.000176616
0.000187907
0.000199403
0.000210896
0.000222167
0.000232992
0.000243159
0.000252469
0.000260749
0.000267855
0.000273673
0.000278121
0.000281151
0.000282742
0.000282903
0.000281667
0.000279088
0.000275241
0.000270218
0.000264134
0.000257125
0.000249371
0.000241127
0.000232804
0.000225123
0.00021939
0.000217926
0.00022469
0.000246014
0.000291271
0.00037315
0.000507141
0.000709922
0.000996658
0.00137771
0.0018556
0.00242328
0.00306417
0.00375435
0.00446637
0.00517308
0.00585091
0.00648212
0.00705575
0.0075674
0.00801828
0.00841375
0.00876169
0.00907111
0.00935084
0.00960874
0.00985118
0.0100827
0.0103059
0.010522
0.0107309
0.0109313
0.0111216
0.0112998
0.0114641
0.0116126
0.0117441
0.0118575
0.0119524
0.0120285
0.0120857
0.0121243
0.0121442
0.0121455
0.0121281
0.0120918
0.0120358
0.0119594
0.0118618
0.0117418
0.0115986
0.0114312
0.011239
0.0110219
0.0107803
0.0105152
0.0102284
0.0099228
0.00960235
0.00927221
0.008939
0.0086109
0.00829779
0.00801094
0.00776252
0.00756451
0.00742722
0.00735772
0.00735847
0.00742657
0.00755392
0.00772842
0.00793559
0.0081605
0.00838931
0.00861054
0.00881566
0.00899924
0.0091586
0.0092933
0.00940451
0.00949434
0.00956539
0.00962035
0.00966174
0.00969178
0.00971237
0.00972508
0.00973121
0.00973186
0.00972792
0.00972017
0.0097093
0.00969586
0.00968033
0.00966307
0.00964432
0.00962417
0.00960257
0.00957925
0.00955377
0.00952548
0.00949348
0.00945667
0.0094137
0.00936307
0.00930315
0.00923218
0.0091484
0.00905006
0.00893557
0.00880356
0.00865292
0.00848287
0.00829297
0.00808303
0.00785327
0.0076045
0.00733871
0.00705994
0.00677521
0.00649499
0.00623266
0.00600264
0.00581767
0.00568564
0.00560805
0.00558038
0.00559373
0.00563727
0.00570032
0.00577385
0.00585102
0.00592721
0.0059996
0.00606672
0.006128
0.00618343
0.00623334
0.00627821
0.00631862
0.00635515
0.00638838
0.00641882
0.00644695
0.00647318
0.00649784
0.00652118
0.0065434
0.00656464
0.006585
1.44941e-06
1.54974e-06
1.6441e-06
1.73142e-06
1.81086e-06
1.88181e-06
1.94383e-06
1.9967e-06
2.04031e-06
2.0747e-06
2.09999e-06
2.1164e-06
2.12416e-06
2.1236e-06
2.11505e-06
2.09887e-06
2.07546e-06
2.04521e-06
2.00857e-06
1.966e-06
1.918e-06
1.8651e-06
1.80789e-06
1.74695e-06
1.68293e-06
1.6165e-06
1.54835e-06
1.47922e-06
1.40991e-06
1.34144e-06
1.27542e-06
1.21481e-06
1.16568e-06
1.14042e-06
1.1631e-06
1.27723e-06
1.55508e-06
2.10582e-06
3.07801e-06
4.65115e-06
7.01323e-06
1.03258e-05
1.46848e-05
2.00896e-05
2.64304e-05
3.35006e-05
4.10316e-05
4.87408e-05
5.63737e-05
6.37363e-05
7.07123e-05
7.72653e-05
8.34303e-05
8.9299e-05
9.50007e-05
0.000100684
0.000106502
0.000112596
0.00011909
0.000126078
0.000133619
0.000141737
0.000150418
0.000159607
0.000169216
0.000179122
0.000189178
0.000199214
0.00020905
0.000218504
0.000227395
0.000235556
0.000242837
0.000249112
0.000254279
0.000258262
0.000261012
0.000262506
0.000262747
0.000261759
0.000259585
0.00025629
0.000251953
0.000246673
0.000240575
0.000233818
0.000226636
0.000219407
0.000212799
0.000208017
0.00020721
0.000214037
0.000234343
0.000276781
0.000353081
0.00047761
0.000665942
0.000932445
0.0012873
0.00173374
0.00226637
0.0028712
0.00352723
0.0042099
0.0048944
0.00555867
0.00618542
0.00676311
0.00728588
0.0077529
0.00816723
0.00853452
0.00886182
0.00915647
0.00942537
0.00967442
0.00990814
0.0101297
0.0103407
0.010542
0.0107333
0.0109135
0.0110816
0.011236
0.0113756
0.011499
0.0116055
0.0116942
0.0117648
0.011817
0.0118505
0.0118653
0.0118612
0.011838
0.0117952
0.0117324
0.011649
0.0115443
0.0114178
0.0112691
0.0110978
0.0109037
0.0106874
0.0104495
0.0101916
0.00991561
0.00962445
0.00932179
0.00901234
0.00870196
0.00839782
0.00810847
0.00784374
0.00761423
0.00743048
0.00730178
0.0072347
0.00723197
0.00729176
0.00740761
0.0075694
0.00776464
0.00798009
0.00820312
0.00842282
0.00863068
0.00882076
0.00898963
0.0091359
0.00925982
0.0093627
0.0094465
0.00951348
0.00956591
0.00960588
0.00963529
0.00965575
0.00966866
0.00967516
0.00967622
0.00967267
0.00966518
0.00965428
0.00964042
0.00962389
0.00960486
0.00958336
0.00955926
0.00953226
0.00950188
0.00946748
0.00942821
0.00938305
0.0093308
0.00927027
0.00920014
0.00911903
0.00902563
0.00891867
0.00879706
0.00865992
0.00850659
0.00833663
0.00814981
0.00794602
0.00772527
0.00748798
0.0072355
0.00697097
0.00670034
0.00643297
0.00618124
0.00595884
0.00577823
0.00564748
0.00556864
0.00553793
0.00554726
0.00558648
0.00564549
0.0057156
0.00579019
0.00586473
0.0059364
0.00600365
0.00606581
0.00612272
0.00617456
0.00622168
0.00626451
0.00630352
0.00633914
0.00637179
0.00640189
0.00642979
0.00645578
0.00648011
0.00650296
0.00652447
0.00654477
0.0074644
0.0074643
0.0074633
0.00746155
0.00745917
0.00745622
0.00745278
0.00744888
0.00744457
0.00743988
0.00743482
0.00742943
0.00742371
0.00741767
0.00741133
0.00740469
0.00739777
0.00739057
0.00738311
0.00737539
0.00736744
0.00735927
0.0073509
0.00734236
0.00733367
0.00732486
0.00731599
0.00730709
0.00729823
0.00728947
0.00728089
0.00727259
0.00726465
0.0072572
0.00725036
0.00724427
0.00723908
0.00723495
0.00723203
0.00723048
0.00742952
0.00743363
0.00743634
0.00743789
0.00743844
0.00743811
0.00743701
0.00743523
0.00743283
0.00742987
0.00742639
0.00742243
0.00741803
0.00741321
0.00740799
0.00740239
0.00739642
0.00739011
0.00738347
0.00737652
0.00736926
0.00736173
0.00735394
0.00734592
0.00733769
0.00732929
0.00732076
0.00731214
0.0073035
0.00729489
0.00728639
0.0072781
0.00727011
0.00726255
0.00725555
0.00724926
0.00724384
0.00723948
0.00723635
0.00723466
0.00738417
0.00739318
0.00740028
0.00740577
0.00740985
0.00741272
0.00741449
0.00741531
0.00741527
0.00741445
0.00741293
0.00741076
0.00740801
0.0074047
0.00740088
0.00739657
0.00739181
0.00738661
0.00738101
0.00737502
0.00736866
0.00736196
0.00735493
0.00734761
0.00734002
0.00733219
0.00732417
0.00731599
0.00730772
0.00729941
0.00729114
0.007283
0.0072751
0.00726755
0.00726049
0.00725409
0.00724851
0.00724396
0.00724067
0.00723885
0.00732968
0.00734397
0.00735588
0.00736575
0.00737383
0.00738031
0.00738539
0.0073892
0.0073919
0.00739358
0.00739435
0.00739428
0.00739346
0.00739193
0.00738976
0.00738698
0.00738364
0.00737977
0.0073754
0.00737056
0.00736528
0.00735957
0.00735348
0.00734702
0.00734023
0.00733314
0.00732578
0.0073182
0.00731046
0.00730261
0.00729472
0.00728688
0.0072792
0.0072718
0.00726481
0.0072584
0.00725276
0.00724811
0.00724469
0.00724278
0.00726812
0.00728769
0.00730452
0.00731896
0.00733125
0.00734163
0.00735027
0.00735737
0.00736307
0.00736752
0.00737084
0.00737312
0.00737447
0.00737495
0.00737463
0.00737358
0.00737185
0.00736948
0.00736651
0.00736299
0.00735893
0.00735439
0.00734937
0.00734393
0.00733808
0.00733186
0.00732531
0.00731848
0.00731141
0.00730415
0.00729679
0.00728941
0.00728209
0.00727497
0.00726818
0.00726189
0.00725629
0.00725162
0.00724814
0.00724617
0.00720194
0.00722644
0.00724799
0.00726691
0.00728342
0.00729773
0.00731005
0.00732056
0.00732943
0.00733681
0.00734284
0.00734764
0.00735132
0.00735397
0.00735568
0.00735651
0.00735654
0.00735581
0.00735439
0.00735231
0.00734961
0.00734634
0.00734253
0.00733822
0.00733343
0.00732821
0.0073226
0.00731663
0.00731035
0.00730383
0.00729713
0.00729032
0.0072835
0.00727679
0.00727033
0.00726428
0.00725884
0.00725425
0.00725078
0.00724879
0.0071337
0.0071625
0.00718831
0.00721136
0.00723184
0.00724995
0.00726586
0.00727975
0.0072918
0.00730216
0.00731098
0.00731838
0.00732449
0.00732941
0.00733324
0.00733605
0.00733794
0.00733896
0.00733918
0.00733864
0.0073374
0.00733551
0.007333
0.00732991
0.00732628
0.00732215
0.00731757
0.00731257
0.00730719
0.0073015
0.00729556
0.00728945
0.00728325
0.00727708
0.00727106
0.00726537
0.00726019
0.00725577
0.0072524
0.00725043
0.0070658
0.00709809
0.00712747
0.00715412
0.00717815
0.00719972
0.00721898
0.00723608
0.00725119
0.00726445
0.00727601
0.007286
0.00729455
0.00730177
0.00730775
0.0073126
0.0073164
0.00731923
0.00732114
0.00732221
0.00732249
0.00732204
0.00732089
0.00731909
0.00731669
0.00731373
0.00731025
0.00730628
0.00730189
0.00729712
0.00729204
0.00728671
0.00728122
0.00727568
0.00727022
0.00726498
0.00726017
0.00725602
0.00725281
0.00725092
0.0070003
0.00703516
0.00706734
0.00709691
0.00712393
0.0071485
0.00717072
0.00719073
0.00720865
0.00722463
0.0072388
0.00725128
0.00726219
0.00727166
0.00727977
0.00728665
0.00729236
0.00729699
0.00730063
0.00730333
0.00730516
0.00730617
0.00730642
0.00730595
0.00730482
0.00730306
0.00730073
0.00729786
0.0072945
0.00729071
0.00728654
0.00728207
0.00727737
0.00727255
0.00726772
0.00726304
0.00725868
0.00725487
0.0072519
0.00725012
0.0069388
0.00697535
0.0070095
0.00704126
0.00707062
0.00709763
0.00712234
0.00714485
0.00716526
0.00718368
0.00720022
0.007215
0.00722814
0.00723973
0.00724989
0.00725871
0.00726629
0.0072727
0.00727803
0.00728234
0.0072857
0.00728818
0.00728983
0.00729071
0.00729085
0.00729032
0.00728916
0.0072874
0.00728511
0.00728234
0.00727913
0.00727557
0.00727171
0.00726767
0.00726354
0.00725948
0.00725564
0.00725225
0.00724958
0.00724796
0.00688242
0.00691983
0.00695518
0.00698841
0.00701946
0.00704831
0.00707498
0.00709953
0.00712202
0.00714253
0.00716115
0.00717799
0.00719313
0.00720668
0.00721873
0.00722938
0.00723871
0.00724682
0.00725377
0.00725964
0.0072645
0.00726841
0.00727144
0.00727363
0.00727505
0.00727573
0.00727573
0.0072751
0.00727389
0.00727214
0.00726991
0.00726728
0.0072643
0.00726107
0.0072577
0.0072543
0.00725105
0.00724813
0.00724581
0.00724439
0.00683187
0.00686942
0.00690527
0.00693929
0.00697138
0.00700149
0.00702959
0.00705569
0.00707982
0.00710203
0.00712239
0.00714098
0.00715787
0.00717315
0.0071869
0.00719921
0.00721016
0.00721983
0.0072283
0.00723565
0.00724193
0.00724721
0.00725156
0.00725502
0.00725766
0.00725953
0.00726068
0.00726115
0.007261
0.00726027
0.00725903
0.00725733
0.00725524
0.00725285
0.00725025
0.00724756
0.00724492
0.00724252
0.00724058
0.00723939
0.00678745
0.00682456
0.00686032
0.00689454
0.00692711
0.00695792
0.00698692
0.00701409
0.00703942
0.00706293
0.00708466
0.00710467
0.00712301
0.00713976
0.00715498
0.00716875
0.00718114
0.00719223
0.00720208
0.00721078
0.00721837
0.00722493
0.00723052
0.00723519
0.007239
0.007242
0.00724424
0.00724578
0.00724666
0.00724692
0.00724664
0.00724587
0.00724466
0.00724311
0.00724129
0.00723932
0.00723732
0.00723546
0.00723393
0.00723298
0.00674921
0.00678543
0.0068206
0.00685453
0.00688707
0.0069181
0.00694753
0.00697531
0.00700141
0.00702582
0.00704856
0.00706965
0.00708914
0.00710707
0.00712351
0.00713851
0.00715214
0.00716446
0.00717554
0.00718543
0.00719422
0.00720194
0.00720867
0.00721445
0.00721935
0.00722341
0.00722668
0.00722923
0.00723108
0.00723231
0.00723295
0.00723307
0.00723272
0.00723199
0.00723094
0.00722969
0.00722833
0.00722702
0.00722591
0.00722521
0.00671697
0.00675196
0.00678617
0.00681941
0.00685151
0.00688233
0.00691178
0.00693976
0.00696623
0.00699117
0.00701455
0.0070364
0.00705672
0.00707556
0.00709295
0.00710894
0.00712359
0.00713695
0.00714906
0.00716001
0.00716982
0.00717858
0.00718632
0.00719311
0.007199
0.00720403
0.00720826
0.00721174
0.00721451
0.00721663
0.00721814
0.00721911
0.00721959
0.00721964
0.00721935
0.00721879
0.00721807
0.0072173
0.00721661
0.00721616
0.00669041
0.00672393
0.00675691
0.00678915
0.00682048
0.00685075
0.00687986
0.00690769
0.00693419
0.0069593
0.006983
0.00700528
0.00702615
0.00704561
0.00706369
0.00708043
0.00709587
0.00711005
0.00712303
0.00713483
0.00714553
0.00715517
0.0071638
0.00717147
0.00717823
0.00718414
0.00718923
0.00719355
0.00719716
0.00720011
0.00720243
0.00720419
0.00720544
0.00720624
0.00720665
0.00720676
0.00720664
0.00720639
0.00720611
0.00720591
0.00666911
0.00670102
0.00673257
0.00676359
0.0067939
0.00682335
0.00685182
0.00687921
0.00690543
0.00693042
0.00695414
0.00697657
0.0069977
0.00701751
0.00703604
0.00705329
0.0070693
0.0070841
0.00709773
0.00711023
0.00712164
0.00713201
0.00714138
0.0071498
0.00715732
0.00716398
0.00716982
0.0071749
0.00717926
0.00718295
0.00718601
0.00718849
0.00719045
0.00719193
0.00719301
0.00719374
0.00719419
0.00719443
0.00719454
0.00719457
0.00665264
0.00668284
0.00671285
0.00674248
0.00677158
0.0068
0.00682762
0.00685431
0.00688
0.00690462
0.00692811
0.00695043
0.00697156
0.00699149
0.00701022
0.00702776
0.00704412
0.00705934
0.00707343
0.00708644
0.00709839
0.00710933
0.0071193
0.00712833
0.00713648
0.00714378
0.00715027
0.007156
0.00716101
0.00716535
0.00716906
0.00717219
0.00717478
0.00717689
0.00717857
0.00717986
0.00718083
0.00718153
0.00718199
0.00718223
0.00664051
0.00666897
0.00669736
0.00672552
0.00675328
0.00678052
0.0068071
0.00683291
0.00685787
0.0068819
0.00690493
0.00692692
0.00694784
0.00696766
0.00698639
0.007004
0.00702052
0.00703596
0.00705033
0.00706367
0.007076
0.00708736
0.00709777
0.00710728
0.00711592
0.00712373
0.00713076
0.00713703
0.00714259
0.00714749
0.00715176
0.00715545
0.0071586
0.00716126
0.00716347
0.00716527
0.0071667
0.00716779
0.00716857
0.00716901
0.00663225
0.00665897
0.00668572
0.00671234
0.00673869
0.00676464
0.00679006
0.00681485
0.00683892
0.00686218
0.00688458
0.00690605
0.00692657
0.00694609
0.00696462
0.00698212
0.00699861
0.00701409
0.00702858
0.00704208
0.00705463
0.00706625
0.00707696
0.0070868
0.00709581
0.00710401
0.00711145
0.00711815
0.00712416
0.00712952
0.00713426
0.00713842
0.00714204
0.00714517
0.00714783
0.00715006
0.00715189
0.00715334
0.00715438
0.00715498
0.0066274
0.00665241
0.00667752
0.00670259
0.00672748
0.00675207
0.00677625
0.00679991
0.00682296
0.00684533
0.00686694
0.00688775
0.0069077
0.00692677
0.00694492
0.00696215
0.00697845
0.00699381
0.00700824
0.00702176
0.00703437
0.0070461
0.00705698
0.00706703
0.00707627
0.00708474
0.00709247
0.00709949
0.00710584
0.00711155
0.00711666
0.0071212
0.0071252
0.00712871
0.00713175
0.00713434
0.00713651
0.00713823
0.0071395
0.00714023
0.00662549
0.00664885
0.00667235
0.00669587
0.00671929
0.00674249
0.00676537
0.00678783
0.00680978
0.00683115
0.00685187
0.00687189
0.00689115
0.00690961
0.00692726
0.00694407
0.00696002
0.00697512
0.00698935
0.00700274
0.00701528
0.00702699
0.0070379
0.00704802
0.00705737
0.00706599
0.00707389
0.00708112
0.0070877
0.00709366
0.00709904
0.00710386
0.00710816
0.00711197
0.0071153
0.00711817
0.00712059
0.00712254
0.00712398
0.00712481
0.0066261
0.00664786
0.0066698
0.0066918
0.00671375
0.00673555
0.0067571
0.00677832
0.00679911
0.00681942
0.00683916
0.00685828
0.00687674
0.0068945
0.00691152
0.00692778
0.00694327
0.00695797
0.00697188
0.006985
0.00699734
0.00700891
0.00701972
0.00702979
0.00703913
0.00704778
0.00705575
0.00706308
0.00706978
0.00707589
0.00708144
0.00708645
0.00709094
0.00709495
0.00709849
0.00710156
0.00710417
0.00710628
0.00710783
0.00710873
0.00662875
0.00664899
0.00666942
0.00668994
0.00671046
0.00673087
0.00675109
0.00677105
0.00679065
0.00680983
0.00682853
0.00684669
0.00686427
0.00688123
0.00689752
0.00691314
0.00692805
0.00694225
0.00695572
0.00696846
0.00698049
0.00699179
0.00700239
0.00701229
0.00702151
0.00703008
0.00703801
0.00704532
0.00705204
0.0070582
0.00706381
0.00706891
0.00707351
0.00707763
0.00708129
0.00708448
0.0070872
0.0070894
0.00709102
0.00709196
0.00663297
0.00665177
0.00667076
0.00668986
0.00670898
0.00672804
0.00674694
0.00676563
0.00678402
0.00680206
0.00681967
0.00683682
0.00685346
0.00686954
0.00688504
0.00689992
0.00691416
0.00692775
0.00694069
0.00695295
0.00696455
0.00697548
0.00698576
0.00699539
0.00700438
0.00701276
0.00702054
0.00702773
0.00703437
0.00704047
0.00704605
0.00705114
0.00705575
0.0070599
0.00706358
0.00706681
0.00706956
0.00707179
0.00707344
0.00707438
0.00663822
0.00665568
0.00667331
0.00669106
0.00670883
0.00672657
0.00674418
0.00676162
0.0067788
0.00679568
0.00681219
0.00682829
0.00684394
0.00685909
0.00687372
0.0068878
0.00690129
0.0069142
0.0069265
0.0069382
0.00694927
0.00695974
0.00696959
0.00697885
0.00698751
0.00699559
0.00700312
0.00701009
0.00701654
0.00702249
0.00702794
0.00703292
0.00703745
0.00704152
0.00704516
0.00704834
0.00705105
0.00705325
0.00705487
0.00705579
0.00664389
0.0066601
0.00667646
0.00669293
0.00670943
0.00672589
0.00674226
0.00675846
0.00677445
0.00679017
0.00680557
0.00682061
0.00683524
0.00684942
0.00686313
0.00687634
0.00688903
0.00690117
0.00691277
0.0069238
0.00693427
0.00694418
0.00695352
0.0069623
0.00697053
0.00697822
0.00698539
0.00699205
0.00699821
0.0070039
0.00700913
0.00701391
0.00701825
0.00702217
0.00702566
0.00702873
0.00703133
0.00703344
0.00703499
0.00703586
0.00664922
0.00666428
0.00667948
0.00669475
0.00671004
0.0067253
0.00674047
0.00675549
0.00677031
0.00678488
0.00679917
0.00681313
0.00682672
0.0068399
0.00685265
0.00686495
0.00687677
0.0068881
0.00689891
0.00690921
0.006919
0.00692825
0.00693699
0.0069452
0.00695291
0.00696012
0.00696683
0.00697308
0.00697886
0.00698419
0.00698909
0.00699357
0.00699765
0.00700133
0.0070046
0.00700746
0.0070099
0.00701186
0.00701329
0.0070141
0.00665324
0.00666728
0.00668142
0.00669559
0.00670977
0.00672389
0.00673792
0.0067518
0.00676549
0.00677895
0.00679213
0.00680501
0.00681755
0.00682971
0.00684148
0.00685282
0.00686373
0.00687417
0.00688415
0.00689365
0.00690267
0.0069112
0.00691924
0.00692681
0.0069339
0.00694053
0.0069467
0.00695243
0.00695773
0.00696262
0.0069671
0.0069712
0.00697492
0.00697827
0.00698125
0.00698384
0.00698604
0.00698781
0.00698909
0.00698981
0.00665476
0.00666791
0.0066811
0.00669429
0.00670744
0.00672051
0.00673346
0.00674626
0.00675886
0.00677123
0.00678334
0.00679515
0.00680664
0.00681777
0.00682853
0.00683889
0.00684883
0.00685835
0.00686743
0.00687607
0.00688425
0.00689198
0.00689926
0.00690609
0.00691248
0.00691844
0.00692398
0.00692911
0.00693384
0.00693819
0.00694218
0.0069458
0.00694909
0.00695203
0.00695464
0.00695691
0.00695882
0.00696035
0.00696145
0.00696207
0.00665227
0.00666466
0.00667703
0.00668934
0.00670156
0.00671367
0.00672563
0.00673741
0.00674898
0.0067603
0.00677136
0.00678212
0.00679256
0.00680266
0.00681239
0.00682174
0.0068307
0.00683925
0.00684738
0.0068551
0.00686239
0.00686925
0.00687569
0.00688171
0.00688733
0.00689254
0.00689736
0.00690181
0.00690589
0.00690963
0.00691303
0.00691611
0.00691888
0.00692135
0.00692353
0.00692542
0.006927
0.00692825
0.00692915
0.00692965
0.00664391
0.00665568
0.00666735
0.0066789
0.0066903
0.00670154
0.00671259
0.00672342
0.00673401
0.00674433
0.00675438
0.00676411
0.00677352
0.00678258
0.00679128
0.00679961
0.00680756
0.00681511
0.00682226
0.006829
0.00683535
0.00684129
0.00684683
0.00685198
0.00685675
0.00686114
0.00686518
0.00686887
0.00687224
0.00687529
0.00687804
0.00688051
0.00688272
0.00688467
0.00688637
0.00688783
0.00688904
0.00689
0.00689067
0.00689105
0.00662746
0.00663874
0.00664984
0.00666073
0.00667142
0.00668188
0.00669209
0.00670205
0.00671173
0.00672111
0.00673018
0.00673892
0.00674731
0.00675536
0.00676303
0.00677033
0.00677725
0.00678378
0.00678992
0.00679567
0.00680103
0.006806
0.0068106
0.00681483
0.00681871
0.00682224
0.00682544
0.00682832
0.00683092
0.00683323
0.00683529
0.00683711
0.0068387
0.00684009
0.00684128
0.00684229
0.00684311
0.00684375
0.0068442
0.00684444
0.00660037
0.00661128
0.0066219
0.00663225
0.00664232
0.00665208
0.00666155
0.0066707
0.00667953
0.00668802
0.00669616
0.00670395
0.00671137
0.00671841
0.00672508
0.00673136
0.00673725
0.00674276
0.00674788
0.00675262
0.00675698
0.00676097
0.0067646
0.00676788
0.00677083
0.00677347
0.0067758
0.00677786
0.00677965
0.00678121
0.00678254
0.00678368
0.00678465
0.00678546
0.00678613
0.00678667
0.0067871
0.00678742
0.00678764
0.00678775
0.00655988
0.00657048
0.00658073
0.00659061
0.00660012
0.00660928
0.00661806
0.00662648
0.00663452
0.00664217
0.00664944
0.00665631
0.00666279
0.00666888
0.00667456
0.00667985
0.00668475
0.00668925
0.00669336
0.0066971
0.00670047
0.00670348
0.00670615
0.00670849
0.00671052
0.00671226
0.00671373
0.00671496
0.00671595
0.00671675
0.00671738
0.00671785
0.00671819
0.00671843
0.00671858
0.00671868
0.00671872
0.00671874
0.00671873
0.00671872
1.09826e-09
3.74895e-09
6.94864e-09
1.07829e-08
1.53431e-08
2.07267e-08
2.70373e-08
3.43836e-08
4.28794e-08
5.26419e-08
6.37916e-08
7.64503e-08
9.07398e-08
1.0678e-07
1.24689e-07
1.44577e-07
1.66547e-07
1.90693e-07
2.17095e-07
2.45819e-07
2.76915e-07
3.10411e-07
3.46314e-07
3.84611e-07
4.25262e-07
4.68201e-07
5.1334e-07
5.60561e-07
6.09725e-07
6.60666e-07
7.13197e-07
7.67113e-07
8.22188e-07
8.78184e-07
9.34849e-07
9.91925e-07
1.04915e-06
1.10624e-06
1.16294e-06
1.21897e-06
1.0209e-09
3.48445e-09
6.45689e-09
1.00165e-08
1.42467e-08
1.92365e-08
2.50803e-08
3.1877e-08
3.97299e-08
4.8746e-08
5.90344e-08
7.07059e-08
8.38713e-08
9.864e-08
1.15118e-07
1.33408e-07
1.53604e-07
1.75792e-07
2.00048e-07
2.26433e-07
2.54994e-07
2.85763e-07
3.18751e-07
3.53949e-07
3.91326e-07
4.30832e-07
4.7239e-07
5.15903e-07
5.6125e-07
6.08289e-07
6.56858e-07
7.06774e-07
7.57842e-07
8.09848e-07
8.62569e-07
9.15772e-07
9.69218e-07
1.02266e-06
1.07586e-06
1.12854e-06
9.43823e-10
3.22093e-09
5.967e-09
9.25312e-09
1.31549e-08
1.77531e-08
2.31327e-08
2.93833e-08
3.65982e-08
4.48735e-08
5.43078e-08
6.50009e-08
7.70525e-08
9.05615e-08
1.05624e-07
1.22332e-07
1.40771e-07
1.61021e-07
1.83151e-07
2.07218e-07
2.33268e-07
2.61332e-07
2.91423e-07
3.23539e-07
3.57657e-07
3.93737e-07
4.31717e-07
4.71515e-07
5.13029e-07
5.56138e-07
6.00703e-07
6.46566e-07
6.93557e-07
7.41487e-07
7.90162e-07
8.39373e-07
8.88907e-07
9.38545e-07
9.88062e-07
1.03723e-06
8.67407e-10
2.95968e-09
5.48138e-09
8.49655e-09
1.20732e-08
1.62836e-08
2.12043e-08
2.69152e-08
3.34997e-08
4.10439e-08
4.96356e-08
5.93639e-08
7.03179e-08
8.25859e-08
9.62538e-08
1.11404e-07
1.28115e-07
1.46456e-07
1.66492e-07
1.88275e-07
2.11849e-07
2.37244e-07
2.64475e-07
2.93544e-07
3.24436e-07
3.57119e-07
3.91544e-07
4.27643e-07
4.65332e-07
5.0451e-07
5.45057e-07
5.86841e-07
6.29713e-07
6.73512e-07
7.18066e-07
7.63195e-07
8.08711e-07
8.54418e-07
9.00118e-07
9.45607e-07
7.92063e-10
2.70212e-09
5.00269e-09
7.75094e-09
1.10074e-08
1.48364e-08
1.93057e-08
2.44864e-08
3.0452e-08
3.72788e-08
4.50443e-08
5.38272e-08
6.37063e-08
7.47593e-08
8.70626e-08
1.00689e-07
1.15708e-07
1.32182e-07
1.50169e-07
1.69718e-07
1.90867e-07
2.13647e-07
2.38073e-07
2.64151e-07
2.91871e-07
3.2121e-07
3.52129e-07
3.84573e-07
4.18475e-07
4.53749e-07
4.90297e-07
5.28007e-07
5.66753e-07
6.06398e-07
6.46795e-07
6.87787e-07
7.29212e-07
7.70899e-07
8.12674e-07
8.54359e-07
7.18242e-10
2.44978e-09
4.53381e-09
7.0208e-09
9.96412e-09
1.34203e-08
1.74488e-08
2.21119e-08
2.7474e-08
3.36017e-08
4.05627e-08
4.84256e-08
5.72592e-08
6.71314e-08
7.81087e-08
9.02551e-08
1.03631e-07
1.18293e-07
1.34291e-07
1.51668e-07
1.70462e-07
1.90699e-07
2.12396e-07
2.35561e-07
2.60189e-07
2.86262e-07
3.13752e-07
3.42616e-07
3.72798e-07
4.04231e-07
4.36833e-07
4.70512e-07
5.05163e-07
5.40671e-07
5.76912e-07
6.13754e-07
6.51057e-07
6.88675e-07
7.26459e-07
7.64255e-07
6.4643e-10
2.20434e-09
4.07784e-09
6.31098e-09
8.95022e-09
1.20447e-08
1.56459e-08
1.98077e-08
2.45858e-08
3.00375e-08
3.62213e-08
4.31961e-08
5.10211e-08
5.97548e-08
6.94544e-08
8.01752e-08
9.19695e-08
1.04886e-07
1.18969e-07
1.34256e-07
1.50781e-07
1.68568e-07
1.87634e-07
2.07988e-07
2.29628e-07
2.52542e-07
2.76711e-07
3.021e-07
3.28667e-07
3.56357e-07
3.85105e-07
4.14836e-07
4.45465e-07
4.76898e-07
5.09031e-07
5.41755e-07
5.74952e-07
6.08501e-07
6.42274e-07
6.76142e-07
5.77145e-10
1.96757e-09
3.63808e-09
5.62663e-09
7.97314e-09
1.07197e-08
1.39103e-08
1.75908e-08
2.18088e-08
2.66129e-08
3.20525e-08
3.81779e-08
4.50389e-08
5.26853e-08
6.11654e-08
7.05262e-08
8.08121e-08
9.20647e-08
1.04322e-07
1.17617e-07
1.31978e-07
1.47429e-07
1.63984e-07
1.81653e-07
2.00437e-07
2.2033e-07
2.41316e-07
2.63371e-07
2.86462e-07
3.10547e-07
3.35574e-07
3.61486e-07
3.88212e-07
4.15679e-07
4.43801e-07
4.72491e-07
5.01652e-07
5.31183e-07
5.60981e-07
5.90938e-07
5.10933e-10
1.74133e-09
3.218e-09
4.97317e-09
7.04061e-09
9.45579e-09
1.22558e-08
1.54791e-08
1.91653e-08
2.33552e-08
2.80901e-08
3.34116e-08
3.93613e-08
4.59805e-08
5.33094e-08
6.13872e-08
7.0251e-08
7.99355e-08
9.04726e-08
1.01891e-07
1.14214e-07
1.27462e-07
1.4165e-07
1.56787e-07
1.72876e-07
1.89913e-07
2.07888e-07
2.26785e-07
2.46578e-07
2.67236e-07
2.8872e-07
3.10985e-07
3.33977e-07
3.57638e-07
3.81901e-07
4.06696e-07
4.31946e-07
4.57571e-07
4.83488e-07
5.09611e-07
4.4836e-10
1.52756e-09
2.82121e-09
4.35623e-09
6.16069e-09
8.264e-09
1.06968e-08
1.34907e-08
1.66784e-08
2.02931e-08
2.43687e-08
2.8939e-08
3.40381e-08
3.96994e-08
4.59559e-08
5.28394e-08
6.03801e-08
6.86066e-08
7.7545e-08
8.72189e-08
9.76487e-08
1.08851e-07
1.2084e-07
1.33622e-07
1.47203e-07
1.61582e-07
1.76752e-07
1.92701e-07
2.09413e-07
2.26864e-07
2.45026e-07
2.63865e-07
2.83341e-07
3.0341e-07
3.2402e-07
3.45118e-07
3.66644e-07
3.88537e-07
4.10731e-07
4.33162e-07
3.90008e-10
1.32826e-09
2.4514e-09
3.78154e-09
5.34159e-09
7.15545e-09
9.24789e-09
1.16445e-08
1.43714e-08
1.74553e-08
2.09233e-08
2.48023e-08
2.91195e-08
3.39015e-08
3.91745e-08
4.49637e-08
5.12933e-08
5.8186e-08
6.56629e-08
7.3743e-08
8.2443e-08
9.17769e-08
1.01756e-07
1.12388e-07
1.23677e-07
1.35624e-07
1.48226e-07
1.61475e-07
1.7536e-07
1.89866e-07
2.04972e-07
2.20653e-07
2.36881e-07
2.53624e-07
2.70844e-07
2.88501e-07
3.06552e-07
3.2495e-07
3.43647e-07
3.62595e-07
3.36463e-10
1.14542e-09
2.11231e-09
3.25493e-09
4.5916e-09
6.14134e-09
7.92376e-09
9.95902e-09
1.22677e-08
1.48706e-08
1.77888e-08
2.10434e-08
2.46553e-08
2.86453e-08
3.30336e-08
3.78397e-08
4.30823e-08
4.87793e-08
5.49469e-08
6.16001e-08
6.87523e-08
7.64146e-08
8.45964e-08
9.33046e-08
1.02543e-07
1.12315e-07
1.22618e-07
1.33448e-07
1.44798e-07
1.56658e-07
1.69015e-07
1.81853e-07
1.9515e-07
2.08886e-07
2.23033e-07
2.37565e-07
2.52449e-07
2.67653e-07
2.83144e-07
2.98887e-07
2.88313e-10
9.81047e-10
1.80764e-09
2.78214e-09
3.91891e-09
5.23275e-09
6.73886e-09
8.45274e-09
1.03901e-08
1.2567e-08
1.49993e-08
1.77029e-08
2.06938e-08
2.39875e-08
2.75993e-08
3.15438e-08
3.58353e-08
4.04871e-08
4.55117e-08
5.09204e-08
5.67235e-08
6.293e-08
6.95472e-08
7.65811e-08
8.40356e-08
9.19132e-08
1.00214e-07
1.08937e-07
1.18077e-07
1.27629e-07
1.37585e-07
1.47933e-07
1.58663e-07
1.69758e-07
1.81203e-07
1.92977e-07
2.05062e-07
2.17434e-07
2.30073e-07
2.42955e-07
2.46131e-10
8.37105e-10
1.54102e-09
2.36881e-09
3.33152e-09
4.44048e-09
5.70721e-09
7.14342e-09
8.7609e-09
1.05715e-08
1.25872e-08
1.48197e-08
1.72807e-08
1.99817e-08
2.29338e-08
2.6148e-08
2.96345e-08
3.34033e-08
3.74636e-08
4.18239e-08
4.6492e-08
5.14747e-08
5.67778e-08
6.24062e-08
6.83636e-08
7.46524e-08
8.12737e-08
8.82275e-08
9.55122e-08
1.03125e-07
1.11061e-07
1.19315e-07
1.27879e-07
1.36744e-07
1.45901e-07
1.55338e-07
1.65041e-07
1.74999e-07
1.85197e-07
1.95624e-07
2.10472e-10
7.15485e-10
1.31596e-09
2.02035e-09
2.83711e-09
3.77484e-09
4.84221e-09
6.04796e-09
7.40088e-09
8.90972e-09
1.05832e-08
1.243e-08
1.44586e-08
1.66774e-08
1.90946e-08
2.17179e-08
2.4555e-08
2.76131e-08
3.08989e-08
3.44189e-08
3.81787e-08
4.21837e-08
4.64383e-08
5.09466e-08
5.57118e-08
6.07361e-08
6.60213e-08
7.15682e-08
7.73765e-08
8.34453e-08
8.97726e-08
9.63556e-08
1.0319e-07
1.10273e-07
1.17596e-07
1.25155e-07
1.32942e-07
1.40949e-07
1.49171e-07
1.576e-07
1.29469e-06
1.38757e-06
1.4756e-06
1.55774e-06
1.63313e-06
1.70112e-06
1.76121e-06
1.81308e-06
1.85654e-06
1.89154e-06
1.91813e-06
1.93644e-06
1.94668e-06
1.94911e-06
1.94404e-06
1.9318e-06
1.91277e-06
1.88734e-06
1.85595e-06
1.81904e-06
1.77711e-06
1.73067e-06
1.68026e-06
1.62646e-06
1.56986e-06
1.51106e-06
1.4507e-06
1.38943e-06
1.32798e-06
1.26726e-06
1.20872e-06
1.15508e-06
1.11196e-06
1.09084e-06
1.11417e-06
1.22261e-06
1.48391e-06
2.00078e-06
2.91363e-06
4.3933e-06
6.62057e-06
9.75394e-06
1.38929e-05
1.90477e-05
2.51268e-05
3.19468e-05
3.92616e-05
4.68072e-05
5.43407e-05
6.16711e-05
6.86762e-05
7.53066e-05
8.15782e-05
8.75579e-05
9.33495e-05
9.90773e-05
0.000104871
0.000110856
0.000117139
0.000123804
0.000130909
0.000138476
0.000146496
0.000154927
0.000163696
0.000172699
0.000181811
0.000190888
0.000199776
0.000208316
0.000216352
0.000223736
0.000230336
0.000236038
0.000240749
0.000244399
0.000246941
0.000248353
0.000248632
0.000247796
0.000245886
0.000242958
0.000239084
0.000234354
0.000228881
0.000222812
0.000216366
0.000209898
0.000204038
0.000199928
0.000199603
0.000206525
0.000226219
0.000266867
0.000339561
0.000457911
0.000636719
0.000889747
0.00122694
0.00165183
0.00215994
0.00273876
0.0033692
0.0040285
0.00469353
0.00534338
0.00596138
0.00653594
0.00706072
0.00753387
0.00795713
0.00833478
0.00867254
0.00897668
0.00925328
0.00950771
0.00974428
0.00996616
0.0101754
0.010373
0.0105591
0.0107333
0.0108949
0.0110427
0.0111758
0.0112931
0.0113937
0.0114771
0.0115426
0.0115899
0.0116187
0.0116287
0.0116198
0.0115917
0.011544
0.0114764
0.0113886
0.0112802
0.0111507
0.011
0.0108281
0.0106352
0.010422
0.0101896
0.0099394
0.00967366
0.00939511
0.00910724
0.00881438
0.00852186
0.00823615
0.00796491
0.007717
0.00750197
0.00732941
0.00720782
0.00714342
0.007139
0.00719331
0.00730094
0.00745303
0.00763846
0.00784519
0.00806156
0.00827729
0.00848412
0.00867602
0.00884916
0.00900165
0.00913312
0.00924431
0.00933671
0.00941216
0.00947264
0.00952008
0.00955625
0.00958274
0.00960092
0.00961196
0.00961684
0.00961639
0.00961128
0.00960204
0.00958909
0.00957269
0.00955299
0.00952999
0.00950354
0.00947336
0.00943897
0.00939979
0.00935507
0.00930396
0.00924552
0.00917862
0.00910218
0.00901508
0.00891629
0.00880489
0.00868008
0.00854127
0.00838806
0.0082202
0.00803752
0.00783989
0.00762718
0.00739948
0.00715765
0.00690421
0.00664439
0.00638677
0.00614302
0.00592636
0.00574904
0.00561925
0.00553945
0.00550636
0.00551248
0.00554818
0.00560373
0.00567074
0.00574277
0.00581535
0.00588568
0.00595219
0.00601414
0.00607131
0.00612377
0.0061718
0.00621572
0.00625592
0.00629277
0.00632667
0.00635792
0.00638682
0.00641364
0.00643859
0.00646185
0.00648357
0.00650385
1.19994e-06
1.28787e-06
1.37162e-06
1.45016e-06
1.52266e-06
1.58844e-06
1.64698e-06
1.69792e-06
1.74102e-06
1.77619e-06
1.80343e-06
1.82283e-06
1.83455e-06
1.83883e-06
1.83595e-06
1.82622e-06
1.81001e-06
1.78769e-06
1.75969e-06
1.72644e-06
1.68842e-06
1.64614e-06
1.6001e-06
1.55086e-06
1.49897e-06
1.44501e-06
1.38957e-06
1.33325e-06
1.27673e-06
1.22086e-06
1.167e-06
1.11771e-06
1.07835e-06
1.05989e-06
1.0838e-06
1.18905e-06
1.44068e-06
1.93751e-06
2.815e-06
4.23862e-06
6.3845e-06
9.40881e-06
1.34124e-05
1.84116e-05
2.4325e-05
3.09825e-05
3.81518e-05
4.55801e-05
5.30325e-05
6.03207e-05
6.732e-05
7.39733e-05
8.02853e-05
8.63099e-05
9.21364e-05
9.78747e-05
0.000103642
0.00010955
0.0001157
0.000122169
0.000129009
0.000136245
0.000143871
0.000151849
0.000160115
0.000168578
0.000177124
0.000185626
0.000193942
0.000201929
0.000209444
0.000216354
0.000222535
0.000227881
0.000232307
0.000235746
0.000238154
0.000239508
0.000239804
0.000239061
0.000237312
0.00023461
0.000231022
0.000226633
0.000221549
0.000215908
0.00020992
0.000203926
0.000198533
0.000194845
0.000194827
0.000201821
0.000221164
0.000260748
0.000331281
0.000445906
0.000618949
0.000863778
0.00119016
0.00160176
0.00209461
0.00265703
0.00327105
0.00391502
0.00456681
0.0052063
0.00581725
0.00638814
0.00691233
0.00738746
0.00781458
0.00819721
0.00854032
0.00884953
0.00913039
0.00938793
0.00962628
0.00984858
0.0100569
0.0102525
0.0104358
0.0106066
0.0107643
0.0109082
0.0110372
0.0111506
0.0112475
0.0113273
0.0113895
0.0114336
0.0114593
0.0114663
0.0114544
0.0114234
0.0113729
0.0113027
0.0112125
0.0111021
0.0109713
0.01082
0.0106484
0.010457
0.0102466
0.0100184
0.00977395
0.00951544
0.00924557
0.00896767
0.00868583
0.00840505
0.00813135
0.00787189
0.00763489
0.00742928
0.00726407
0.00714727
0.00708485
0.00707961
0.00713063
0.0072331
0.00737893
0.00755783
0.00775853
0.00797001
0.00818239
0.00838762
0.00857965
0.00875449
0.00890997
0.00904541
0.00916121
0.00925853
0.00933898
0.00940434
0.00945638
0.00949679
0.0095271
0.00954866
0.00956261
0.00956995
0.00957149
0.00956791
0.00955972
0.00954733
0.00953101
0.00951087
0.00948693
0.00945903
0.00942688
0.00939007
0.00934804
0.0093001
0.00924547
0.00918332
0.00911268
0.0090326
0.00894214
0.00884047
0.00872683
0.00860062
0.00846142
0.00830894
0.00814304
0.0079636
0.00777043
0.00756328
0.00734206
0.0071073
0.00686115
0.00660837
0.00635705
0.00611847
0.00590552
0.00573032
0.00560116
0.00552072
0.00548608
0.00549009
0.00552343
0.00557663
0.0056415
0.00571168
0.00578279
0.00585203
0.00591782
0.00597939
0.00603648
0.00608911
0.00613749
0.0061819
0.00622267
0.00626014
0.00629464
0.00632645
0.00635585
0.00638307
0.00640832
0.00643176
0.00645354
0.00647377
1.10403e-06
1.18665e-06
1.26571e-06
1.34026e-06
1.40946e-06
1.47266e-06
1.5293e-06
1.57899e-06
1.62148e-06
1.6566e-06
1.68434e-06
1.70472e-06
1.71789e-06
1.72404e-06
1.72341e-06
1.7163e-06
1.70305e-06
1.68402e-06
1.6596e-06
1.63024e-06
1.59637e-06
1.55848e-06
1.51705e-06
1.4726e-06
1.42565e-06
1.37674e-06
1.32641e-06
1.27523e-06
1.2238e-06
1.17293e-06
1.12388e-06
1.07909e-06
1.04363e-06
1.02797e-06
1.05264e-06
1.15495e-06
1.39727e-06
1.87455e-06
2.71729e-06
4.08545e-06
6.15026e-06
9.06508e-06
1.29315e-05
1.77709e-05
2.35113e-05
2.99951e-05
3.70036e-05
4.42956e-05
5.16444e-05
5.88654e-05
6.58327e-05
7.24829e-05
7.88108e-05
8.48579e-05
9.06997e-05
9.64321e-05
0.000102159
0.000107982
0.000113992
0.000120259
0.000126833
0.000133738
0.000140969
0.000148495
0.000156261
0.000164185
0.000172167
0.000180093
0.000187836
0.000195268
0.00020226
0.00020869
0.000214446
0.000219432
0.000223567
0.000226789
0.000229059
0.000230352
0.000230666
0.000230014
0.00022843
0.00022596
0.000222667
0.000218628
0.000213943
0.000208743
0.000203227
0.000197721
0.00019281
0.000189559
0.000189863
0.000196949
0.000215959
0.000254502
0.000322896
0.000433816
0.000601095
0.000837688
0.00115314
0.00155121
0.00202836
0.00257372
0.00317036
0.00379774
0.00443475
0.00506211
0.00566406
0.00622927
0.00675093
0.00722622
0.00765559
0.00804186
0.00838927
0.00870278
0.00898743
0.00924784
0.00948791
0.00971067
0.0099183
0.0101121
0.0102927
0.0104601
0.010614
0.0107538
0.0108786
0.0109879
0.0110809
0.0111568
0.0112153
0.0112559
0.0112782
0.011282
0.011267
0.011233
0.0111798
0.0111071
0.0110149
0.010903
0.0107714
0.0106203
0.01045
0.0102611
0.0100546
0.00983173
0.0095942
0.00934412
0.00908411
0.00881733
0.00854762
0.00827961
0.00801889
0.00777208
0.00754681
0.00735136
0.00719413
0.00708265
0.0070226
0.00701678
0.00706454
0.00716167
0.00730083
0.00747256
0.00766642
0.00787203
0.00808
0.00828254
0.00847367
0.00864927
0.00880694
0.0089457
0.00906562
0.00916755
0.00925283
0.00932299
0.00937966
0.0094244
0.00945866
0.00948373
0.00950074
0.00951065
0.00951427
0.00951226
0.00950514
0.0094933
0.00947699
0.00945635
0.00943136
0.00940191
0.00936772
0.00932841
0.00928348
0.00923232
0.00917425
0.00910853
0.00903436
0.00895096
0.00885757
0.00875351
0.00863824
0.00851131
0.00837245
0.00822151
0.00805841
0.00788303
0.00769514
0.00749437
0.00728037
0.00705339
0.00681516
0.00656996
0.00632542
0.00609236
0.00588337
0.00571045
0.00558196
0.00550084
0.00546452
0.00546621
0.00549694
0.00554752
0.00560993
0.00567795
0.00574726
0.00581508
0.00587984
0.00594073
0.00599745
0.00604998
0.00609847
0.00614315
0.00618431
0.00622222
0.00625717
0.00628943
0.00631922
0.00634675
0.00637223
0.00639579
0.00641759
0.00643772
1.00758e-06
1.08454e-06
1.15856e-06
1.22872e-06
1.29426e-06
1.35449e-06
1.40887e-06
1.45701e-06
1.49859e-06
1.53345e-06
1.56149e-06
1.58274e-06
1.59728e-06
1.60528e-06
1.60693e-06
1.60252e-06
1.59235e-06
1.57675e-06
1.5561e-06
1.53081e-06
1.50129e-06
1.46799e-06
1.43137e-06
1.39192e-06
1.35011e-06
1.30643e-06
1.26139e-06
1.2155e-06
1.16932e-06
1.12358e-06
1.07947e-06
1.03928e-06
1.00784e-06
9.95125e-07
1.02074e-06
1.12037e-06
1.35377e-06
1.81207e-06
2.6208e-06
3.93432e-06
5.91871e-06
8.72404e-06
1.24519e-05
1.71279e-05
2.26886e-05
2.89879e-05
3.58204e-05
4.29564e-05
5.01778e-05
5.73049e-05
6.42113e-05
7.08291e-05
7.71442e-05
8.3187e-05
8.90202e-05
9.47262e-05
0.000100396
0.000106121
0.00011198
0.000118039
0.000124342
0.000130914
0.00013775
0.000144827
0.000152094
0.000159482
0.000166903
0.000174255
0.000181427
0.000188304
0.000194772
0.00020072
0.000206049
0.000210671
0.000214511
0.000217515
0.000219644
0.000220876
0.000221207
0.000220651
0.000219236
0.000217004
0.000214014
0.000210336
0.000206062
0.000201316
0.000196285
0.000191281
0.000186868
0.000184069
0.000184713
0.000191907
0.000210606
0.000248133
0.00031442
0.000421667
0.000583203
0.000811547
0.00111599
0.00150031
0.00196138
0.00248903
0.00306734
0.00367685
0.00429749
0.00491083
0.00550169
0.006059
0.00657587
0.00704918
0.00747886
0.00786705
0.00821734
0.00853406
0.00882169
0.00908442
0.00932588
0.00954897
0.00975583
0.00994785
0.0101258
0.0102898
0.0104399
0.0105755
0.0106961
0.0108011
0.0108898
0.0109617
0.0110162
0.011053
0.0110718
0.0110722
0.0110541
0.0110172
0.0109615
0.0108868
0.010793
0.0106803
0.0105488
0.0103988
0.0102309
0.0100457
0.00984435
0.00962821
0.00939896
0.00915867
0.00890984
0.00865545
0.00839905
0.00814494
0.00789824
0.00766505
0.00745237
0.00726786
0.00711928
0.00701369
0.00695644
0.0069503
0.00699487
0.00708649
0.00721857
0.00738247
0.00756859
0.00776726
0.00796964
0.00816825
0.00835723
0.00853244
0.00869127
0.00883246
0.00895579
0.0090618
0.00915152
0.00922626
0.00928744
0.00933648
0.00937471
0.00940335
0.00942347
0.00943602
0.00944176
0.00944136
0.00943531
0.009424
0.00940767
0.00938647
0.0093604
0.00932935
0.00929309
0.0092513
0.00920353
0.00914927
0.00908796
0.00901898
0.00894169
0.00885546
0.00875972
0.00865398
0.00853784
0.00841104
0.00827344
0.00812497
0.00796561
0.00779525
0.00761357
0.00742005
0.00721412
0.00699568
0.00676605
0.00652903
0.00629176
0.0060646
0.00585984
0.00568935
0.00556159
0.00547974
0.00544159
0.00544076
0.00546861
0.00551625
0.00557586
0.00564137
0.00570851
0.00577455
0.00583791
0.00589776
0.00595377
0.00600588
0.00605418
0.00609886
0.00614015
0.00617829
0.0062135
0.00624602
0.00627605
0.00630378
0.00632938
0.00635298
0.00637471
0.00639468
9.11301e-07
9.82322e-07
1.05097e-06
1.11641e-06
1.17791e-06
1.23481e-06
1.2866e-06
1.33285e-06
1.37324e-06
1.40758e-06
1.43573e-06
1.45769e-06
1.4735e-06
1.48329e-06
1.48722e-06
1.48554e-06
1.47852e-06
1.46646e-06
1.44971e-06
1.42863e-06
1.40362e-06
1.37509e-06
1.34346e-06
1.30916e-06
1.27265e-06
1.23436e-06
1.19474e-06
1.15427e-06
1.11344e-06
1.07294e-06
1.03386e-06
9.98372e-07
9.71051e-07
9.6141e-07
9.88146e-07
1.08538e-06
1.3103e-06
1.75026e-06
2.52585e-06
3.78579e-06
5.69076e-06
8.38707e-06
1.19756e-05
1.64854e-05
2.18602e-05
2.79648e-05
3.46062e-05
4.15662e-05
4.86357e-05
5.56403e-05
6.24545e-05
6.9007e-05
7.52767e-05
8.12839e-05
8.70794e-05
9.27333e-05
9.83244e-05
0.000103932
0.000109627
0.000115468
0.000121495
0.000127729
0.000134171
0.000140798
0.00014757
0.000154426
0.00016129
0.000168073
0.000174678
0.000181004
0.000186949
0.000192418
0.00019732
0.000201577
0.000205124
0.000207909
0.000209898
0.00021107
0.000211423
0.000210966
0.000209726
0.000207741
0.000205062
0.000201756
0.000197905
0.000193626
0.000189094
0.000184608
0.000180706
0.000178375
0.000179374
0.000186697
0.000205108
0.000241651
0.000305869
0.000409486
0.00056532
0.000785429
0.00107881
0.00144923
0.00189386
0.0024032
0.00296224
0.00355261
0.00415523
0.00475256
0.00533007
0.00587704
0.00638662
0.00685546
0.00728308
0.00767107
0.00802241
0.0083408
0.00863018
0.00889433
0.00913652
0.0093595
0.0095653
0.00975537
0.00993054
0.0100912
0.0102373
0.0103687
0.0104848
0.0105853
0.0106696
0.0107371
0.0107876
0.0108205
0.0108356
0.0108327
0.0108116
0.0107722
0.0107143
0.0106382
0.0105437
0.0104311
0.0103008
0.0101532
0.00998896
0.00980895
0.00961431
0.00940643
0.009187
0.00895802
0.00872183
0.00848122
0.00823945
0.00800045
0.00776889
0.00755032
0.00735116
0.0071784
0.00703922
0.00694012
0.00688614
0.00687997
0.00692145
0.0070074
0.00713197
0.00728736
0.00746478
0.00765536
0.00785082
0.00804407
0.00822948
0.00840288
0.00856157
0.00870404
0.00882979
0.00893907
0.0090326
0.00911145
0.00917681
0.00922992
0.00927199
0.00930413
0.00932734
0.00934251
0.00935039
0.00935159
0.00934661
0.00933582
0.00931947
0.00929772
0.00927058
0.00923798
0.00919974
0.0091556
0.00910521
0.00904816
0.008984
0.00891225
0.00883243
0.00874408
0.0086468
0.00854027
0.00842425
0.00829863
0.00816336
0.00801846
0.00786395
0.00769968
0.00752525
0.00733996
0.007143
0.00693392
0.00671362
0.00648542
0.00625594
0.00603509
0.00583486
0.00566696
0.00553997
0.00545733
0.00541721
0.00541362
0.00543831
0.00548268
0.00553912
0.00560172
0.00566628
0.00573012
0.00579166
0.00585007
0.00590497
0.00595628
0.00600403
0.00604838
0.00608949
0.00612756
0.00616278
0.00619535
0.00622542
0.00625317
0.00627873
0.00630223
0.0063238
0.00634353
8.16026e-07
8.80878e-07
9.43888e-07
1.0043e-06
1.06144e-06
1.11469e-06
1.16355e-06
1.20759e-06
1.2465e-06
1.28005e-06
1.30809e-06
1.33057e-06
1.34752e-06
1.359e-06
1.36516e-06
1.3662e-06
1.36236e-06
1.35389e-06
1.34111e-06
1.32435e-06
1.30396e-06
1.28031e-06
1.25378e-06
1.22476e-06
1.19365e-06
1.16085e-06
1.12675e-06
1.09178e-06
1.05639e-06
1.0212e-06
9.87217e-07
9.56496e-07
9.33376e-07
9.26912e-07
9.54944e-07
1.05006e-06
1.26696e-06
1.68931e-06
2.43279e-06
3.64044e-06
5.46734e-06
8.05561e-06
1.15047e-05
1.5846e-05
2.10298e-05
2.69301e-05
3.33658e-05
4.01299e-05
4.70222e-05
5.38742e-05
6.05626e-05
6.7014e-05
7.32016e-05
7.9137e-05
8.48608e-05
9.04314e-05
9.59164e-05
0.000101384
0.000106896
0.000112505
0.000118245
0.000124136
0.000130181
0.00013636
0.00014264
0.000148969
0.000155282
0.000161502
0.000167546
0.000173327
0.000178757
0.000183751
0.000188231
0.000192128
0.000195385
0.000197955
0.000199808
0.000200926
0.000201305
0.000200955
0.000199898
0.000198169
0.000195813
0.00019289
0.000189476
0.000185676
0.000181657
0.000177702
0.000174326
0.000172477
0.000173849
0.000181319
0.000199469
0.000235062
0.000297258
0.000397305
0.000547497
0.000759414
0.00104172
0.00139811
0.00182601
0.00231647
0.00285535
0.0034253
0.00400823
0.0045875
0.00514926
0.00568323
0.00618271
0.00664426
0.00706708
0.00745229
0.00780233
0.00812037
0.00840981
0.00867398
0.00891584
0.00913788
0.00934204
0.00952971
0.0097018
0.00985878
0.0100008
0.0101277
0.0102393
0.0103351
0.0104148
0.0104779
0.0105242
0.0105532
0.0105648
0.0105588
0.0105351
0.0104936
0.0104344
0.0103577
0.0102636
0.0101524
0.0100247
0.00988101
0.00972211
0.00954898
0.0093628
0.00916495
0.00895708
0.00874109
0.00851916
0.00829385
0.00806813
0.00784553
0.0076303
0.00742744
0.00724276
0.00708265
0.00695361
0.00686165
0.00681144
0.00680558
0.00684407
0.00692422
0.00704085
0.00718701
0.00735476
0.00753597
0.00772305
0.00790936
0.00808951
0.00825945
0.00841639
0.00855867
0.00868553
0.00879694
0.00889334
0.00897553
0.00904447
0.0091012
0.00914677
0.00918217
0.00920831
0.00922599
0.00923593
0.00923869
0.00923477
0.00922451
0.00920819
0.00918595
0.00915786
0.00912389
0.00908392
0.00903775
0.00898516
0.00892582
0.00885943
0.00878565
0.00870415
0.00861465
0.00851689
0.00841071
0.00829602
0.00817281
0.00804115
0.0079011
0.00775269
0.00759572
0.00742968
0.0072537
0.00706669
0.00686787
0.00665769
0.00643898
0.00621784
0.00600374
0.00580832
0.00564321
0.00551704
0.00543355
0.0053913
0.00538471
0.00540593
0.00544666
0.00549953
0.00555878
0.00562031
0.00568149
0.00574075
0.00579724
0.00585058
0.00590063
0.00594741
0.00599101
0.00603156
0.00606921
0.00610412
0.00613643
0.00616629
0.00619382
0.00621915
0.00624239
0.00626363
0.00628299
7.22663e-07
7.81199e-07
8.38375e-07
8.93525e-07
9.46031e-07
9.95338e-07
1.04096e-06
1.0825e-06
1.11963e-06
1.15212e-06
1.17981e-06
1.20261e-06
1.22051e-06
1.23355e-06
1.24184e-06
1.24554e-06
1.24483e-06
1.23995e-06
1.23116e-06
1.21875e-06
1.20302e-06
1.1843e-06
1.16292e-06
1.13923e-06
1.11358e-06
1.08632e-06
1.05779e-06
1.02836e-06
9.98435e-07
9.68576e-07
9.39725e-07
9.13806e-07
8.94938e-07
8.9174e-07
9.21228e-07
1.01452e-06
1.2239e-06
1.62944e-06
2.34199e-06
3.49887e-06
5.24942e-06
7.73116e-06
1.10414e-05
1.52129e-05
2.02011e-05
2.58887e-05
3.21046e-05
3.86531e-05
4.53427e-05
5.20112e-05
5.85383e-05
6.48498e-05
7.09147e-05
7.67378e-05
8.23505e-05
8.78011e-05
9.31468e-05
9.84459e-05
0.000103752
0.000109109
0.000114548
0.000120088
0.000125731
0.000131462
0.000137252
0.000143059
0.000148828
0.000154495
0.000159989
0.000165235
0.000170159
0.000174688
0.000178755
0.000182301
0.000185275
0.000187639
0.000189365
0.000190437
0.000190852
0.000190619
0.000189756
0.000188293
0.000186272
0.000183745
0.000180779
0.000177473
0.000173979
0.000170568
0.000167732
0.00016638
0.000168141
0.000175779
0.000193695
0.000228378
0.000288607
0.000385155
0.000529789
0.000733587
0.00100485
0.00134714
0.00175804
0.00222913
0.002747
0.00329528
0.00385683
0.00441591
0.00495941
0.00547754
0.00596386
0.00641494
0.00682978
0.00720916
0.00755507
0.00787018
0.00815744
0.00841972
0.00865965
0.00887947
0.00908096
0.00926545
0.00943385
0.00958669
0.00972422
0.00984643
0.00995317
0.0100442
0.0101192
0.010178
0.0102201
0.0102455
0.0102539
0.0102453
0.0102196
0.010177
0.0101175
0.0100415
0.00994915
0.00984101
0.00971763
0.00957972
0.00942813
0.00926388
0.00908816
0.00890234
0.00870797
0.00850683
0.00830093
0.00809255
0.00788439
0.00767959
0.00748194
0.00729594
0.00712679
0.00698022
0.00686215
0.00677801
0.00673212
0.00672692
0.00676256
0.00683678
0.00694507
0.00708126
0.00723826
0.00740878
0.00758588
0.00776345
0.00793645
0.00810098
0.00825428
0.00839454
0.00852083
0.00863286
0.00873082
0.00881522
0.00888681
0.0089464
0.00899487
0.00903307
0.00906178
0.00908173
0.00909355
0.00909779
0.00909489
0.00908521
0.00906901
0.00904646
0.00901768
0.00898267
0.0089414
0.00889377
0.00883962
0.00877879
0.00871108
0.00863629
0.00855426
0.00846484
0.00836794
0.00826352
0.00815161
0.00803231
0.00790573
0.00777199
0.00763108
0.00748275
0.00732637
0.00716086
0.00698488
0.00679727
0.00659805
0.00638955
0.00617734
0.00597043
0.00578016
0.005618
0.00549271
0.00540831
0.00536376
0.00535393
0.00537134
0.00540804
0.00545691
0.00551234
0.00557035
0.00562835
0.0056848
0.00573885
0.00579009
0.00583837
0.00588367
0.00592604
0.00596558
0.00600239
0.00603659
0.00606829
0.00609759
0.00612462
0.00614945
0.00617219
0.00619293
0.00621175
6.32204e-07
6.84366e-07
7.35597e-07
7.85323e-07
8.32997e-07
8.78121e-07
9.20252e-07
9.59014e-07
9.94097e-07
1.02526e-06
1.05234e-06
1.07522e-06
1.09386e-06
1.10828e-06
1.11855e-06
1.12477e-06
1.1271e-06
1.12573e-06
1.12087e-06
1.11276e-06
1.10166e-06
1.08785e-06
1.07161e-06
1.05323e-06
1.03302e-06
1.01127e-06
9.88284e-07
9.64375e-07
9.39901e-07
9.15357e-07
8.9162e-07
8.70498e-07
8.55898e-07
8.56028e-07
8.87117e-07
9.78878e-07
1.18127e-06
1.57086e-06
2.2538e-06
3.3617e-06
5.03801e-06
7.41526e-06
1.0588e-05
1.45892e-05
1.93785e-05
2.48456e-05
3.08289e-05
3.71425e-05
4.3604e-05
5.00575e-05
5.63864e-05
6.2517e-05
6.84155e-05
7.40815e-05
7.95387e-05
8.48271e-05
8.99944e-05
9.50901e-05
0.00010016
0.000105241
0.000110362
0.000115538
0.000120771
0.000126051
0.000131354
0.000136645
0.00014188
0.000147004
0.00015196
0.000156685
0.000161117
0.000165196
0.000168864
0.000172073
0.000174779
0.000176949
0.000178561
0.0001796
0.000180064
0.00017996
0.000179304
0.000178122
0.000176449
0.00017433
0.000171825
0.000169025
0.00016607
0.000163215
0.00016093
0.000160089
0.000162254
0.000170081
0.000187793
0.000221609
0.000279936
0.000373071
0.00051225
0.000708036
0.000968323
0.00129648
0.00169021
0.00214147
0.00263755
0.00316294
0.00370144
0.00423818
0.0047608
0.00526009
0.00572994
0.00616705
0.00657034
0.00694036
0.00727876
0.00758781
0.00787002
0.0081279
0.00836374
0.00857951
0.00877683
0.00895692
0.00912066
0.00926862
0.00940108
0.00951817
0.00961983
0.00970594
0.00977631
0.00983075
0.00986911
0.00989126
0.00989715
0.00988677
0.00986022
0.00981766
0.00975934
0.0096856
0.00959689
0.00949374
0.00937682
0.0092469
0.00910489
0.0089518
0.00878882
0.00861724
0.00843851
0.00825425
0.00806626
0.00787658
0.00768759
0.00750206
0.00732334
0.00715539
0.00700284
0.0068708
0.00676453
0.00668894
0.00664792
0.00664377
0.00667673
0.00674491
0.00684442
0.0069699
0.00711507
0.00727346
0.00743886
0.00760574
0.00776947
0.00792638
0.00807378
0.00820984
0.00833348
0.00844421
0.00854198
0.00862707
0.00869998
0.00876132
0.00881177
0.00885202
0.00888273
0.00890451
0.00891793
0.00892347
0.00892155
0.0089125
0.00889661
0.00887406
0.00884501
0.00880952
0.00876764
0.00871935
0.00866462
0.00860339
0.00853559
0.00846116
0.00838007
0.0082923
0.00819789
0.00809692
0.00798951
0.00787582
0.00775602
0.00763022
0.00749838
0.00736017
0.00721482
0.00706106
0.00689724
0.00672187
0.00653451
0.00633697
0.00613431
0.00593509
0.00575029
0.00559128
0.00546693
0.00538155
0.00533452
0.00532116
0.00533442
0.00536668
0.00541108
0.00546219
0.00551614
0.00557039
0.00562345
0.00567447
0.00572304
0.00576896
0.00581221
0.0058528
0.00589079
0.00592625
0.00595926
0.0059899
0.00601826
0.00604441
0.00606842
0.00609038
0.00611036
0.00612843
5.45701e-07
5.91535e-07
6.36811e-07
6.81046e-07
7.2377e-07
7.64549e-07
8.02989e-07
8.38747e-07
8.71534e-07
9.01119e-07
9.27325e-07
9.50036e-07
9.69185e-07
9.84757e-07
9.96786e-07
1.00534e-06
1.01054e-06
1.01251e-06
1.01143e-06
1.00749e-06
1.0009e-06
9.91884e-07
9.80671e-07
9.67506e-07
9.52635e-07
9.36306e-07
9.1877e-07
9.00291e-07
8.81178e-07
8.61872e-07
8.43181e-07
8.26805e-07
8.16452e-07
8.19941e-07
8.52756e-07
9.43275e-07
1.13923e-06
1.51384e-06
2.16862e-06
3.22957e-06
4.83413e-06
7.10949e-06
1.01467e-05
1.39782e-05
1.85662e-05
2.38064e-05
2.95453e-05
3.56059e-05
4.18144e-05
4.80214e-05
5.41146e-05
6.00216e-05
6.57075e-05
7.11679e-05
7.64211e-05
8.14998e-05
8.64442e-05
9.1296e-05
9.6094e-05
0.00010087
0.000105649
0.000110443
0.000115257
0.000120081
0.000124898
0.00012968
0.00013439
0.000138986
0.00014342
0.000147642
0.000151601
0.000155249
0.000158539
0.000161429
0.000163886
0.000165882
0.000167397
0.000168421
0.000168951
0.000168992
0.000168558
0.00016767
0.000166358
0.000164661
0.000162631
0.000160347
0.000157942
0.000155655
0.000153933
0.000153614
0.000156198
0.000164234
0.000181773
0.000214772
0.000271267
0.000361091
0.000494942
0.000682851
0.000932276
0.00124634
0.00162277
0.00205382
0.00252738
0.00302872
0.00354253
0.00405476
0.00455385
0.00503117
0.00548106
0.00590043
0.00628823
0.00664492
0.00697191
0.00727117
0.00754488
0.00779522
0.00802416
0.00823346
0.00842454
0.00859851
0.0087562
0.00889817
0.00902476
0.00913614
0.00923237
0.00931342
0.00937921
0.00942967
0.00946475
0.00948442
0.00948873
0.00947779
0.00945178
0.00941095
0.00935565
0.00928631
0.00920345
0.00910767
0.0089997
0.00888032
0.00875046
0.00861111
0.00846337
0.00830845
0.00814766
0.00798245
0.00781439
0.00764528
0.00747715
0.00731244
0.00715403
0.00700539
0.00687057
0.00675404
0.00666046
0.00659416
0.00655862
0.00655593
0.00658639
0.00664843
0.00673876
0.00685275
0.00698495
0.00712972
0.0072816
0.00743568
0.00758779
0.00773459
0.00787354
0.00800285
0.00812135
0.00822842
0.00832381
0.00840761
0.00848008
0.00854164
0.00859277
0.008634
0.00866585
0.00868883
0.0087034
0.00870998
0.00870896
0.00870066
0.00868535
0.00866326
0.00863456
0.00859939
0.00855787
0.00851007
0.00845605
0.00839587
0.00832957
0.00825722
0.00817888
0.00809467
0.00800472
0.00790918
0.00780824
0.00770211
0.00759098
0.00747493
0.00735388
0.00722739
0.00709456
0.00695389
0.00680347
0.00664142
0.00646686
0.00628108
0.00608863
0.00589759
0.00571862
0.00556296
0.0054396
0.00535317
0.00530348
0.00528631
0.00529505
0.00532244
0.00536188
0.00540813
0.00545743
0.00550735
0.00555639
0.00560374
0.00564897
0.00569189
0.00573244
0.00577062
0.00580645
0.00583997
0.00587125
0.00590032
0.00592725
0.00595209
0.0059749
0.00599573
0.00601463
0.00603169
4.64244e-07
5.03913e-07
5.43336e-07
5.8212e-07
6.19876e-07
6.56234e-07
6.90857e-07
7.23443e-07
7.53731e-07
7.81505e-07
8.06594e-07
8.28871e-07
8.48257e-07
8.64711e-07
8.78235e-07
8.88865e-07
8.96671e-07
9.01747e-07
9.04216e-07
9.04219e-07
9.01916e-07
8.97477e-07
8.91085e-07
8.82931e-07
8.73208e-07
8.62114e-07
8.4985e-07
8.36634e-07
8.22724e-07
8.08513e-07
7.9474e-07
7.83007e-07
7.76834e-07
7.83675e-07
8.18318e-07
9.07878e-07
1.09799e-06
1.45862e-06
2.08685e-06
3.10313e-06
4.63882e-06
6.81546e-06
9.71997e-06
1.33832e-05
1.77689e-05
2.27771e-05
2.82611e-05
3.4052e-05
3.99836e-05
4.59132e-05
5.1733e-05
5.73732e-05
6.27986e-05
6.80028e-05
7.3e-05
7.78177e-05
8.24899e-05
8.70524e-05
9.15381e-05
9.59748e-05
0.000100383
0.000104775
0.000109155
0.000113517
0.000117848
0.000122126
0.000126323
0.000130406
0.000134338
0.00013808
0.000141591
0.000144832
0.000147769
0.000150367
0.0001526
0.000154445
0.000155887
0.000156916
0.000157531
0.000157736
0.000157541
0.000156963
0.000156027
0.000154763
0.000153219
0.000151462
0.000149616
0.000147904
0.000146754
0.000146967
0.000149983
0.000158249
0.000175648
0.000207881
0.000262626
0.000349253
0.000477926
0.000658128
0.000896846
0.00119691
0.00155596
0.00196651
0.00241691
0.00289312
0.00338065
0.00386625
0.00433913
0.0047913
0.00521759
0.00561522
0.00598332
0.00632233
0.00663355
0.00691877
0.00717994
0.00741897
0.0076376
0.00783739
0.00801958
0.00818519
0.00833497
0.00846948
0.00858907
0.00869398
0.00878433
0.00886018
0.00892156
0.00896851
0.00900105
0.00901929
0.00902334
0.00901342
0.00898979
0.00895278
0.0089028
0.00884034
0.00876597
0.00868033
0.00858412
0.00847816
0.00836329
0.00824046
0.00811067
0.007975
0.0078346
0.00769072
0.00754471
0.00739808
0.00725259
0.00711028
0.00697362
0.00684559
0.00672965
0.00662967
0.00654969
0.00649345
0.00646401
0.0064632
0.00649135
0.00654718
0.00662791
0.00672963
0.0068477
0.0069773
0.00711374
0.00725277
0.00739076
0.00752472
0.00765238
0.00777203
0.00788252
0.00798314
0.00807353
0.00815359
0.00822341
0.00828322
0.00833334
0.00837413
0.00840597
0.00842925
0.00844435
0.00845163
0.00845141
0.008444
0.00842966
0.00840864
0.00838114
0.00834737
0.00830748
0.00826164
0.00820999
0.00815268
0.00808985
0.00802165
0.00794824
0.00786981
0.00778656
0.0076987
0.00760646
0.00751006
0.00740966
0.00730534
0.00719693
0.00708388
0.00696515
0.00683901
0.00670327
0.00655569
0.00639491
0.00622174
0.00604018
0.00585784
0.00568506
0.00553296
0.00541066
0.00532311
0.00527057
0.0052493
0.00525313
0.00527519
0.00530915
0.00534997
0.00539403
0.00543896
0.00548332
0.00552631
0.00556751
0.00560672
0.00564387
0.00567894
0.00571193
0.00574287
0.00577179
0.00579871
0.00582366
0.00584669
0.00586783
0.00588713
0.00590462
0.00592036
3.88933e-07
4.22722e-07
4.56517e-07
4.90009e-07
5.22888e-07
5.54852e-07
5.85621e-07
6.1494e-07
6.42582e-07
6.68353e-07
6.92093e-07
7.13676e-07
7.33011e-07
7.50041e-07
7.64743e-07
7.7712e-07
7.87204e-07
7.95049e-07
8.00732e-07
8.04348e-07
8.06005e-07
8.05826e-07
8.03942e-07
8.00493e-07
7.95623e-07
7.8948e-07
7.82219e-07
7.7401e-07
7.65066e-07
7.55731e-07
7.46683e-07
7.3943e-07
7.37318e-07
7.47464e-07
7.84006e-07
8.72881e-07
1.05774e-06
1.40549e-06
2.00892e-06
2.98304e-06
4.45314e-06
6.53479e-06
9.31021e-06
1.28077e-05
1.69911e-05
2.17637e-05
2.6984e-05
3.24899e-05
3.81225e-05
4.37452e-05
4.92551e-05
5.45854e-05
5.97024e-05
6.45988e-05
6.92864e-05
7.37892e-05
7.81371e-05
8.23612e-05
8.64904e-05
9.05492e-05
9.4556e-05
9.85223e-05
0.000102453
0.000106345
0.000110188
0.000113969
0.000117666
0.000121255
0.000124707
0.000127994
0.000131086
0.000133952
0.000136566
0.000138903
0.000140941
0.000142664
0.000144059
0.000145119
0.000145841
0.000146229
0.000146291
0.000146038
0.00014549
0.000144671
0.00014362
0.000142399
0.000141117
0.000139986
0.000139413
0.000140166
0.000143625
0.00015214
0.000169432
0.000200956
0.000254041
0.0003376
0.000461266
0.000633962
0.000862174
0.00114837
0.00149007
0.00187989
0.00230656
0.00275665
0.0032164
0.00367332
0.00411736
0.0045412
0.00494021
0.00531202
0.00565598
0.00597269
0.00626345
0.00652997
0.00677407
0.0069975
0.00720186
0.00738853
0.00755865
0.00771315
0.00785273
0.00797793
0.00808913
0.00818659
0.00827051
0.00834102
0.00839823
0.00844227
0.00847327
0.00849138
0.00849683
0.00848988
0.00847084
0.00844011
0.00839813
0.0083454
0.00828249
0.00821003
0.0081287
0.00803922
0.00794239
0.00783903
0.00773003
0.00761629
0.0074988
0.00737859
0.00725679
0.00713463
0.00701356
0.00689527
0.00678184
0.00667572
0.00657984
0.00649747
0.006432
0.00638662
0.00636389
0.0063654
0.00639145
0.00644098
0.0065117
0.00660037
0.00670314
0.00681598
0.00693501
0.00705666
0.00717787
0.00729611
0.00740939
0.0075162
0.00761548
0.0077065
0.00778884
0.0078623
0.00792683
0.00798252
0.00802954
0.00806811
0.0080985
0.00812097
0.00813581
0.00814332
0.00814377
0.00813743
0.00812455
0.00810538
0.00808016
0.0080491
0.00801243
0.00797035
0.00792307
0.00787079
0.00781373
0.00775208
0.00768608
0.00761594
0.00754191
0.00746421
0.00738309
0.00729874
0.00721131
0.0071208
0.00702698
0.00692919
0.00682619
0.00671609
0.00659638
0.00646444
0.00631849
0.0061588
0.00598884
0.00581574
0.00564953
0.00550122
0.00538004
0.00529129
0.0052357
0.00521002
0.00520856
0.00522481
0.00525277
0.00528758
0.00532577
0.00536505
0.00540403
0.00544194
0.00547837
0.00551313
0.00554613
0.00557735
0.00560678
0.00563443
0.00566031
0.00568443
0.00570681
0.00572748
0.00574645
0.00576376
0.00577943
0.00579351
3.20842e-07
3.49162e-07
3.7768e-07
4.06165e-07
4.34379e-07
4.62086e-07
4.89066e-07
5.1511e-07
5.40029e-07
5.63656e-07
5.85849e-07
6.06487e-07
6.25479e-07
6.42755e-07
6.58272e-07
6.72008e-07
6.83964e-07
6.94158e-07
7.02626e-07
7.09419e-07
7.14601e-07
7.18249e-07
7.20446e-07
7.21285e-07
7.20862e-07
7.19281e-07
7.16652e-07
7.131e-07
7.08797e-07
7.04039e-07
6.99449e-07
6.96446e-07
6.98219e-07
7.11575e-07
7.50056e-07
8.38509e-07
1.01873e-06
1.35477e-06
1.93527e-06
2.87001e-06
4.27815e-06
6.26913e-06
8.91981e-06
1.2255e-05
1.62376e-05
2.07724e-05
2.5722e-05
3.09297e-05
3.6243e-05
4.15313e-05
4.66967e-05
5.16762e-05
5.64382e-05
6.09761e-05
6.53009e-05
6.94351e-05
7.34059e-05
7.72417e-05
8.09691e-05
8.46104e-05
8.81829e-05
9.16984e-05
9.51626e-05
9.85759e-05
0.000101933
0.000105225
0.000108437
0.000111552
0.000114552
0.000117415
0.00012012
0.000122646
0.000124973
0.000127083
0.00012896
0.000130592
0.000131969
0.000133086
0.000133938
0.000134529
0.000134863
0.000134948
0.000134798
0.000134432
0.00013388
0.000133196
0.000132481
0.000131933
0.000131938
0.000133233
0.000137145
0.000145926
0.000163145
0.00019402
0.000245541
0.000326177
0.00044503
0.000610453
0.000828401
0.00110093
0.00142535
0.00179429
0.00219678
0.00261987
0.00305044
0.00347674
0.00388942
0.00428185
0.00464997
0.00499186
0.00530725
0.00559694
0.00586238
0.0061053
0.00632752
0.00653073
0.00671645
0.006886
0.00704047
0.00718072
0.00730746
0.0074212
0.00752236
0.00761123
0.00768808
0.00775308
0.00780644
0.00784831
0.00787891
0.00789844
0.00790717
0.00790539
0.00789344
0.00787172
0.00784065
0.00780072
0.00775244
0.00769637
0.00763313
0.00756332
0.00748763
0.00740674
0.00732137
0.00723226
0.00714018
0.00704597
0.00695051
0.00685477
0.0067599
0.00666726
0.0065785
0.00649562
0.00642099
0.00635728
0.00630726
0.00627351
0.00625813
0.00626239
0.00628653
0.00632967
0.00638997
0.0064648
0.00655108
0.0066456
0.00674523
0.00684714
0.00694887
0.00704839
0.00714409
0.00723471
0.00731935
0.00739737
0.00746834
0.00753202
0.0075883
0.00763717
0.00767868
0.00771298
0.00774019
0.00776053
0.00777418
0.00778137
0.00778232
0.00777726
0.00776641
0.00775003
0.00772832
0.00770153
0.00766989
0.00763363
0.00759297
0.00754815
0.00749941
0.00744696
0.00739106
0.00733192
0.00726979
0.00720488
0.00713742
0.00706755
0.00699539
0.00692086
0.00684364
0.00676295
0.0066774
0.00658486
0.00648255
0.00636749
0.00623743
0.00609212
0.00593448
0.0057712
0.00561195
0.00546764
0.00534765
0.00525764
0.00519879
0.0051684
0.00516124
0.00517122
0.00519264
0.00522085
0.00525254
0.0052855
0.0053184
0.0053505
0.00538141
0.00541096
0.00543905
0.00546566
0.00549078
0.0055144
0.00553654
0.00555719
0.00557638
0.00559409
0.00561036
0.0056252
0.00563863
0.00565069
2.60982e-07
2.84369e-07
3.08089e-07
3.31978e-07
3.55863e-07
3.79571e-07
4.02934e-07
4.25791e-07
4.47992e-07
4.694e-07
4.89893e-07
5.09365e-07
5.27726e-07
5.44903e-07
5.60841e-07
5.75499e-07
5.88855e-07
6.00896e-07
6.11627e-07
6.21062e-07
6.29227e-07
6.36156e-07
6.41893e-07
6.46487e-07
6.49994e-07
6.52475e-07
6.54e-07
6.54656e-07
6.54574e-07
6.54008e-07
6.53529e-07
6.54477e-07
6.59897e-07
6.76317e-07
7.16738e-07
8.05015e-07
9.81243e-07
1.30677e-06
1.86639e-06
2.76474e-06
4.11497e-06
6.0201e-06
8.55118e-06
1.17286e-05
1.5513e-05
1.98095e-05
2.44831e-05
2.93816e-05
3.4358e-05
3.92873e-05
4.40767e-05
4.86675e-05
5.30314e-05
5.71634e-05
6.10758e-05
6.47905e-05
6.83344e-05
7.17348e-05
7.50172e-05
7.82037e-05
8.13115e-05
8.43534e-05
8.73372e-05
9.02663e-05
9.31396e-05
9.59528e-05
9.86979e-05
0.000101365
0.000103942
0.000106415
0.00010877
0.000110994
0.000113072
0.000114993
0.000116745
0.000118319
0.000119707
0.000120904
0.000121908
0.000122718
0.000123337
0.000123768
0.00012402
0.000124107
0.000124053
0.000123904
0.000123752
0.000123781
0.000124362
0.000126199
0.000130567
0.00013963
0.000156811
0.000187099
0.000237161
0.000315031
0.000429285
0.000587699
0.000795666
0.00105478
0.00136205
0.00171007
0.00208801
0.00248333
0.00288348
0.00327738
0.00365637
0.00401448
0.00434828
0.00465638
0.00493892
0.00519702
0.00543236
0.00564684
0.00584236
0.00602066
0.0061833
0.00633161
0.00646668
0.00658939
0.00670046
0.00680046
0.00688982
0.00696889
0.00703797
0.0070973
0.0071471
0.0071876
0.00721902
0.00724159
0.00725558
0.00726127
0.00725897
0.00724903
0.00723181
0.00720773
0.00717721
0.0071407
0.00709866
0.0070516
0.00700003
0.00694445
0.00688542
0.00682348
0.00675921
0.0066932
0.00662612
0.00655867
0.00649172
0.00642628
0.00636361
0.00630526
0.00625306
0.00620906
0.00617539
0.00615405
0.00614663
0.00615405
0.00617644
0.0062131
0.00626254
0.00632276
0.00639141
0.00646603
0.00654432
0.00662417
0.00670377
0.00678163
0.00685656
0.00692764
0.00699419
0.00705572
0.0071119
0.0071625
0.00720742
0.0072466
0.00728006
0.00730785
0.00733006
0.00734681
0.00735823
0.00736449
0.00736575
0.00736219
0.00735401
0.00734139
0.00732454
0.00730368
0.00727901
0.00725074
0.00721908
0.00718427
0.00714649
0.00710597
0.00706292
0.00701754
0.00697002
0.00692055
0.00686928
0.00681634
0.00676174
0.00670534
0.00664672
0.00658497
0.00651856
0.00644514
0.00636163
0.00626468
0.00615159
0.00602157
0.00587702
0.00572412
0.00557223
0.00543216
0.00531344
0.00522208
0.00515979
0.00512437
0.00511113
0.00511437
0.00512871
0.00514975
0.00517431
0.00520029
0.00522642
0.00525201
0.00527668
0.00530027
0.00532271
0.00534397
0.00536404
0.00538293
0.00540063
0.00541716
0.00543252
0.00544672
0.00545976
0.00547165
0.00548242
0.00549209
2.10266e-07
2.29373e-07
2.48894e-07
2.68722e-07
2.88738e-07
3.08822e-07
3.28854e-07
3.48716e-07
3.68294e-07
3.87484e-07
4.06185e-07
4.24308e-07
4.41772e-07
4.58507e-07
4.74454e-07
4.89562e-07
5.03792e-07
5.17113e-07
5.29505e-07
5.40954e-07
5.51457e-07
5.61016e-07
5.6964e-07
5.77344e-07
5.8415e-07
5.90084e-07
5.9518e-07
5.99491e-07
6.03113e-07
6.06262e-07
6.09465e-07
6.13988e-07
6.22751e-07
6.42035e-07
6.84359e-07
7.72687e-07
9.45572e-07
1.26189e-06
1.80278e-06
2.66799e-06
3.9647e-06
5.78937e-06
8.2067e-06
1.12318e-05
1.48219e-05
1.88809e-05
2.32753e-05
2.78562e-05
3.24809e-05
3.70302e-05
4.14164e-05
4.55857e-05
4.95137e-05
5.31988e-05
5.66554e-05
5.99069e-05
6.2981e-05
6.59059e-05
6.87076e-05
7.14089e-05
7.40285e-05
7.65809e-05
7.90764e-05
8.15217e-05
8.39198e-05
8.62708e-05
8.85725e-05
9.08202e-05
9.30079e-05
9.51282e-05
9.71731e-05
9.91342e-05
0.000101003
0.000102771
0.000104431
0.000105976
0.000107401
0.0001087
0.00010987
0.000110909
0.000111817
0.000112594
0.000113246
0.00011378
0.000114214
0.000114589
0.000114986
0.000115582
0.000116727
0.000119099
0.000123923
0.000133281
0.000150456
0.000180225
0.000228939
0.000304213
0.000414102
0.0005658
0.000764108
0.00101011
0.00130045
0.00162755
0.00198069
0.00234761
0.00271627
0.0030762
0.00341941
0.00374062
0.00403704
0.00430784
0.00455366
0.00477602
0.00497693
0.00515854
0.00532293
0.005472
0.00560743
0.00573063
0.00584278
0.00594485
0.00603761
0.00612168
0.00619756
0.00626566
0.0063263
0.00637978
0.00642634
0.0064662
0.00649958
0.0065267
0.00654777
0.00656302
0.0065727
0.00657704
0.00657633
0.00657082
0.00656083
0.00654664
0.00652857
0.00650693
0.00648206
0.0064543
0.00642397
0.00639144
0.00635707
0.00632123
0.00628434
0.00624688
0.00620941
0.00617263
0.0061374
0.00610481
0.00607615
0.00605286
0.00603644
0.00602825
0.00602935
0.0060403
0.00606109
0.00609112
0.00612928
0.00617411
0.00622399
0.00627725
0.00633236
0.00638798
0.00644297
0.00649641
0.00654761
0.00659602
0.00664125
0.00668303
0.00672118
0.00675557
0.00678615
0.00681289
0.00683581
0.00685494
0.00687034
0.00688208
0.00689026
0.00689498
0.00689634
0.00689449
0.00688955
0.00688165
0.00687096
0.00685761
0.00684177
0.00682358
0.0068032
0.00678079
0.00675651
0.00673049
0.0067029
0.00667386
0.0066435
0.00661194
0.00657927
0.00654552
0.00651065
0.00647442
0.0064363
0.00639528
0.00634964
0.00629684
0.0062335
0.0061559
0.00606087
0.00594707
0.00581636
0.00567443
0.00553031
0.00539471
0.00527733
0.00518457
0.00511863
0.0050779
0.00505818
0.00505423
0.005061
0.00507432
0.00509116
0.00510955
0.00512829
0.0051467
0.00516447
0.00518143
0.00519753
0.00521277
0.00522713
0.00524064
0.00525329
0.00526511
0.00527609
0.00528625
0.00529558
0.00530412
0.00531185
0.00531882
1.69475e-07
1.85058e-07
2.0109e-07
2.17505e-07
2.34228e-07
2.51178e-07
2.68274e-07
2.85436e-07
3.02583e-07
3.19637e-07
3.36522e-07
3.53167e-07
3.69505e-07
3.85474e-07
4.01018e-07
4.16085e-07
4.3063e-07
4.44613e-07
4.57999e-07
4.70759e-07
4.82869e-07
4.94311e-07
5.05069e-07
5.15135e-07
5.24503e-07
5.33172e-07
5.41151e-07
5.48462e-07
5.55174e-07
5.61472e-07
5.67839e-07
5.75485e-07
5.87219e-07
6.09109e-07
6.53259e-07
7.41852e-07
9.12066e-07
1.22053e-06
1.745e-06
2.58057e-06
3.82851e-06
5.57861e-06
7.88869e-06
1.07677e-05
1.41685e-05
1.79926e-05
2.21065e-05
2.63636e-05
3.06255e-05
3.47781e-05
3.87393e-05
4.24609e-05
4.59233e-05
4.91294e-05
5.2097e-05
5.48526e-05
5.74263e-05
5.9848e-05
6.2146e-05
6.43447e-05
6.64651e-05
6.85242e-05
7.05351e-05
7.25076e-05
7.44486e-05
7.63624e-05
7.82507e-05
8.01139e-05
8.19505e-05
8.37578e-05
8.55322e-05
8.72696e-05
8.8965e-05
9.06136e-05
9.22101e-05
9.37497e-05
9.52275e-05
9.6639e-05
9.79802e-05
9.92477e-05
0.000100439
0.000101552
0.000102587
0.000103549
0.000104452
0.000105328
0.000106254
0.000107394
0.000109085
0.000111977
0.000117253
0.000126914
0.000144115
0.000173431
0.000220916
0.000293777
0.000399556
0.000544855
0.000733861
0.000967089
0.00124075
0.00154704
0.00187522
0.00221326
0.00254955
0.00287421
0.00317991
0.00346207
0.00371856
0.00394919
0.00415513
0.00433839
0.00450136
0.00464652
0.00477623
0.00489262
0.00499753
0.00509256
0.00517902
0.00525797
0.00533031
0.00539674
0.00545782
0.00551403
0.00556573
0.00561322
0.00565675
0.00569652
0.00573273
0.00576551
0.00579503
0.0058214
0.00584476
0.00586522
0.00588292
0.00589798
0.00591052
0.00592066
0.00592854
0.00593429
0.00593804
0.00593992
0.00594008
0.00593866
0.00593581
0.00593169
0.00592649
0.00592043
0.00591378
0.00590692
0.00590034
0.00589463
0.00589056
0.00588893
0.00589058
0.00589622
0.00590635
0.00592114
0.0059404
0.00596361
0.00599002
0.00601871
0.00604876
0.0060793
0.0061096
0.00613909
0.00616733
0.00619402
0.00621898
0.0062421
0.00626332
0.00628264
0.00630008
0.00631567
0.00632945
0.00634147
0.00635179
0.00636046
0.00636754
0.00637307
0.00637714
0.00637978
0.00638106
0.00638106
0.00637982
0.00637742
0.00637391
0.00636938
0.00636388
0.00635747
0.00635023
0.00634221
0.00633348
0.00632409
0.0063141
0.00630355
0.00629248
0.00628092
0.00626887
0.00625628
0.00624301
0.00622874
0.00621283
0.00619414
0.00617079
0.00614001
0.00609815
0.0060411
0.00596519
0.00586854
0.00575243
0.00562206
0.00548612
0.00535523
0.00523927
0.00514504
0.00507528
0.00502895
0.0050024
0.00499085
0.00498957
0.00499468
0.0050033
0.00501357
0.00502436
0.00503505
0.00504535
0.00505514
0.00506436
0.00507303
0.00508117
0.00508878
0.00509591
0.00510255
0.00510873
0.00511446
0.00511974
0.00512459
0.00512903
0.00513305
0.00651879
0.00652921
0.00653921
0.00654879
0.00655795
0.0065667
0.00657503
0.00658295
0.00659046
0.00659755
0.00660422
0.00661047
0.00661631
0.00662174
0.00662675
0.00663135
0.00663555
0.00663935
0.00664277
0.00664581
0.00664849
0.00665082
0.00665282
0.00665451
0.0066559
0.00665702
0.0066579
0.00665855
0.006659
0.00665927
0.00665941
0.00665942
0.00665934
0.00665919
0.006659
0.00665879
0.00665858
0.0066584
0.00665825
0.00665816
0.00648858
0.00649887
0.0065087
0.00651808
0.00652701
0.0065355
0.00654355
0.00655116
0.00655834
0.00656507
0.00657138
0.00657725
0.00658269
0.00658771
0.00659231
0.00659649
0.00660027
0.00660364
0.00660664
0.00660926
0.00661152
0.00661344
0.00661503
0.00661633
0.00661733
0.00661808
0.0066186
0.0066189
0.00661903
0.00661899
0.00661883
0.00661858
0.00661824
0.00661787
0.00661748
0.00661709
0.00661673
0.00661643
0.0066162
0.00661607
0.00645237
0.00646252
0.00647217
0.00648134
0.00649002
0.00649824
0.006506
0.00651329
0.00652012
0.0065265
0.00653243
0.00653791
0.00654296
0.00654756
0.00655174
0.0065555
0.00655885
0.0065618
0.00656436
0.00656656
0.0065684
0.00656991
0.0065711
0.006572
0.00657262
0.006573
0.00657316
0.00657313
0.00657293
0.00657259
0.00657214
0.00657162
0.00657104
0.00657045
0.00656986
0.0065693
0.0065688
0.00656839
0.00656808
0.00656791
0.00640915
0.00641912
0.00642857
0.0064375
0.00644593
0.00645386
0.00646131
0.00646827
0.00647475
0.00648076
0.00648631
0.0064914
0.00649603
0.00650022
0.00650398
0.00650731
0.00651023
0.00651276
0.0065149
0.00651668
0.00651811
0.00651921
0.00652
0.00652051
0.00652077
0.00652079
0.0065206
0.00652024
0.00651973
0.0065191
0.00651838
0.0065176
0.00651679
0.00651598
0.0065152
0.00651448
0.00651385
0.00651334
0.00651296
0.00651276
0.00635774
0.0063675
0.00637671
0.00638538
0.00639352
0.00640115
0.00640827
0.00641488
0.006421
0.00642664
0.00643179
0.00643648
0.00644071
0.00644448
0.00644782
0.00645073
0.00645324
0.00645534
0.00645707
0.00645844
0.00645947
0.00646018
0.00646059
0.00646074
0.00646064
0.00646031
0.0064598
0.00645913
0.00645833
0.00645742
0.00645645
0.00645543
0.00645441
0.00645341
0.00645247
0.0064516
0.00645085
0.00645024
0.00644981
0.00644958
0.00629687
0.00630636
0.00631529
0.00632366
0.00633148
0.00633877
0.00634554
0.00635179
0.00635753
0.00636278
0.00636754
0.00637182
0.00637564
0.00637901
0.00638193
0.00638444
0.00638653
0.00638824
0.00638957
0.00639056
0.00639121
0.00639155
0.00639161
0.00639141
0.00639098
0.00639035
0.00638955
0.0063886
0.00638753
0.00638638
0.00638518
0.00638396
0.00638275
0.00638159
0.0063805
0.00637951
0.00637866
0.00637797
0.00637749
0.00637723
0.00622518
0.00623434
0.00624292
0.00625094
0.00625839
0.00626531
0.00627169
0.00627754
0.00628289
0.00628774
0.00629209
0.00629597
0.00629939
0.00630236
0.00630489
0.006307
0.00630871
0.00631004
0.00631101
0.00631163
0.00631194
0.00631195
0.0063117
0.0063112
0.00631049
0.00630959
0.00630853
0.00630734
0.00630606
0.00630471
0.00630332
0.00630193
0.00630058
0.00629928
0.00629807
0.00629699
0.00629606
0.00629532
0.0062948
0.00629452
0.00614127
0.00615001
0.00615817
0.00616575
0.00617278
0.00617927
0.00618523
0.00619067
0.00619559
0.00620002
0.00620397
0.00620745
0.00621047
0.00621304
0.0062152
0.00621694
0.0062183
0.00621929
0.00621993
0.00622024
0.00622025
0.00621999
0.00621947
0.00621872
0.00621778
0.00621666
0.00621541
0.00621404
0.00621259
0.00621109
0.00620958
0.00620807
0.00620661
0.00620523
0.00620395
0.0062028
0.00620183
0.00620105
0.00620051
0.00620023
0.00604378
0.00605198
0.00605962
0.00606669
0.00607322
0.00607923
0.00608471
0.00608969
0.00609417
0.00609817
0.0061017
0.00610477
0.0061074
0.00610961
0.00611142
0.00611283
0.00611387
0.00611457
0.00611493
0.00611499
0.00611476
0.00611428
0.00611356
0.00611263
0.00611153
0.00611027
0.00610888
0.00610741
0.00610586
0.00610428
0.0061027
0.00610114
0.00609963
0.00609821
0.00609691
0.00609575
0.00609476
0.00609398
0.00609343
0.00609315
0.00593149
0.00593902
0.00594601
0.00595247
0.00595842
0.00596387
0.00596882
0.00597329
0.0059773
0.00598084
0.00598395
0.00598662
0.00598889
0.00599075
0.00599224
0.00599336
0.00599414
0.00599459
0.00599474
0.00599461
0.00599422
0.00599359
0.00599275
0.00599173
0.00599054
0.00598922
0.0059878
0.00598629
0.00598474
0.00598316
0.00598158
0.00598003
0.00597855
0.00597716
0.00597588
0.00597475
0.00597379
0.00597304
0.00597251
0.00597224
0.00580344
0.00581016
0.00581638
0.00582211
0.00582738
0.00583219
0.00583655
0.00584046
0.00584396
0.00584703
0.0058497
0.00585199
0.0058539
0.00585545
0.00585665
0.00585753
0.0058581
0.00585838
0.00585839
0.00585814
0.00585767
0.00585699
0.00585612
0.0058551
0.00585393
0.00585264
0.00585127
0.00584983
0.00584835
0.00584686
0.00584538
0.00584393
0.00584254
0.00584125
0.00584006
0.00583901
0.00583813
0.00583743
0.00583695
0.0058367
0.00565918
0.00566491
0.00567022
0.00567512
0.0056796
0.00568369
0.00568738
0.00569069
0.00569364
0.00569622
0.00569845
0.00570035
0.00570193
0.0057032
0.00570417
0.00570486
0.00570528
0.00570546
0.00570541
0.00570514
0.00570467
0.00570403
0.00570324
0.00570231
0.00570126
0.00570011
0.00569889
0.00569762
0.00569632
0.00569501
0.00569371
0.00569245
0.00569124
0.00569011
0.00568908
0.00568817
0.00568741
0.00568681
0.00568639
0.00568618
0.00549891
0.00550351
0.00550777
0.0055117
0.0055153
0.00551858
0.00552154
0.0055242
0.00552656
0.00552864
0.00553043
0.00553196
0.00553322
0.00553424
0.00553502
0.00553558
0.00553593
0.00553608
0.00553604
0.00553584
0.00553548
0.00553498
0.00553435
0.00553362
0.00553279
0.00553189
0.00553093
0.00552993
0.00552891
0.00552787
0.00552685
0.00552586
0.00552491
0.00552402
0.00552321
0.0055225
0.0055219
0.00552142
0.0055211
0.00552093
0.00532374
0.00532707
0.00533016
0.00533303
0.00533565
0.00533805
0.00534023
0.0053422
0.00534395
0.0053455
0.00534686
0.00534803
0.00534901
0.00534982
0.00535046
0.00535094
0.00535127
0.00535147
0.00535153
0.00535147
0.0053513
0.00535102
0.00535066
0.00535023
0.00534972
0.00534916
0.00534855
0.00534791
0.00534725
0.00534659
0.00534592
0.00534528
0.00534466
0.00534408
0.00534354
0.00534308
0.00534268
0.00534237
0.00534216
0.00534205
0.00513593
0.00513789
0.00513973
0.00514145
0.00514305
0.00514453
0.00514589
0.00514713
0.00514827
0.0051493
0.00515023
0.00515105
0.00515178
0.00515241
0.00515295
0.00515341
0.00515378
0.00515407
0.0051543
0.00515445
0.00515454
0.00515457
0.00515455
0.00515448
0.00515437
0.00515423
0.00515405
0.00515385
0.00515363
0.0051534
0.00515316
0.00515292
0.00515268
0.00515246
0.00515225
0.00515207
0.00515191
0.00515179
0.0051517
0.00515166
1.82576e-10
6.20409e-10
1.14026e-09
1.74882e-09
2.45274e-09
3.25871e-09
4.17346e-09
5.2037e-09
6.35617e-09
7.63754e-09
9.05446e-09
1.06135e-08
1.2321e-08
1.41834e-08
1.62069e-08
1.83973e-08
2.07604e-08
2.33017e-08
2.60265e-08
2.89395e-08
3.20452e-08
3.53479e-08
3.88512e-08
4.25584e-08
4.64721e-08
5.05948e-08
5.4928e-08
5.9473e-08
6.42302e-08
6.91997e-08
7.43808e-08
7.97722e-08
8.53722e-08
9.11783e-08
9.71874e-08
1.03396e-07
1.098e-07
1.16395e-07
1.23179e-07
1.30148e-07
1.63139e-10
5.54238e-10
1.01823e-09
1.56078e-09
2.18751e-09
2.90405e-09
3.71603e-09
4.6291e-09
5.6489e-09
6.78101e-09
8.031e-09
9.40436e-09
1.09065e-08
1.25428e-08
1.43183e-08
1.62381e-08
1.83071e-08
2.053e-08
2.29111e-08
2.54545e-08
2.81643e-08
3.10439e-08
3.40965e-08
3.73249e-08
4.07317e-08
4.43188e-08
4.80878e-08
5.20398e-08
5.61754e-08
6.04948e-08
6.49977e-08
6.96832e-08
7.455e-08
7.95962e-08
8.48197e-08
9.02176e-08
9.57871e-08
1.01525e-07
1.07429e-07
1.13499e-07
1.51157e-10
5.13527e-10
9.43431e-10
1.44614e-09
2.02686e-09
2.69087e-09
3.44344e-09
4.2899e-09
5.23557e-09
6.28578e-09
7.44585e-09
8.72104e-09
1.01166e-08
1.16376e-08
1.32891e-08
1.50761e-08
1.70032e-08
1.9075e-08
2.12957e-08
2.36695e-08
2.62e-08
2.88907e-08
3.17446e-08
3.47643e-08
3.7952e-08
4.13095e-08
4.48381e-08
4.85385e-08
5.24109e-08
5.64551e-08
6.06702e-08
6.5055e-08
6.96074e-08
7.43252e-08
7.92054e-08
8.42448e-08
8.94397e-08
9.47865e-08
1.00282e-07
1.05924e-07
1.4523e-10
4.93495e-10
9.06981e-10
1.39103e-09
1.95098e-09
2.59226e-09
3.32039e-09
4.14093e-09
5.05954e-09
6.08189e-09
7.2137e-09
8.46068e-09
9.82848e-09
1.13227e-08
1.29489e-08
1.47125e-08
1.66185e-08
1.8672e-08
2.08776e-08
2.32398e-08
2.57624e-08
2.84491e-08
3.1303e-08
3.43266e-08
3.75219e-08
4.08904e-08
4.44329e-08
4.81495e-08
5.20397e-08
5.61024e-08
6.03355e-08
6.47365e-08
6.93022e-08
7.40285e-08
7.8911e-08
8.39446e-08
8.91238e-08
9.44429e-08
9.98966e-08
1.0548e-07
1.4422e-10
4.90244e-10
9.01634e-10
1.38419e-09
1.94377e-09
2.58639e-09
3.31825e-09
4.14564e-09
5.075e-09
6.11288e-09
7.26587e-09
8.54062e-09
9.94376e-09
1.14819e-08
1.31614e-08
1.49887e-08
1.69698e-08
1.91106e-08
2.14164e-08
2.38923e-08
2.65428e-08
2.93718e-08
3.23826e-08
3.55779e-08
3.89594e-08
4.25282e-08
4.62845e-08
5.02276e-08
5.43558e-08
5.86666e-08
6.31564e-08
6.78208e-08
7.26544e-08
7.7651e-08
8.28037e-08
8.81045e-08
9.35452e-08
9.9117e-08
1.04811e-07
1.1062e-07
1.47195e-10
5.00595e-10
9.2149e-10
1.41643e-09
1.99212e-09
2.65552e-09
3.41382e-09
4.27443e-09
5.24497e-09
6.3332e-09
7.54703e-09
8.89444e-09
1.03834e-08
1.20219e-08
1.38176e-08
1.57783e-08
1.79113e-08
2.02234e-08
2.27212e-08
2.54105e-08
2.82966e-08
3.13839e-08
3.46761e-08
3.81757e-08
4.18844e-08
4.58027e-08
4.993e-08
5.42644e-08
5.88028e-08
6.3541e-08
6.84732e-08
7.35926e-08
7.88913e-08
8.436e-08
8.99884e-08
9.57655e-08
1.01679e-07
1.07717e-07
1.13866e-07
1.20113e-07
1.53395e-10
5.21952e-10
9.6173e-10
1.48027e-09
2.08538e-09
2.78521e-09
3.58824e-09
4.50329e-09
5.53944e-09
6.70601e-09
8.01251e-09
9.46856e-09
1.10838e-08
1.28679e-08
1.48302e-08
1.698e-08
1.9326e-08
2.18767e-08
2.46396e-08
2.76219e-08
3.08294e-08
3.42672e-08
3.79393e-08
4.18484e-08
4.59956e-08
5.03809e-08
5.50026e-08
5.98574e-08
6.49405e-08
7.02452e-08
7.57636e-08
8.14858e-08
8.74006e-08
9.34952e-08
9.97556e-08
1.06166e-07
1.12712e-07
1.19374e-07
1.26135e-07
1.3298e-07
1.62198e-10
5.52187e-10
1.01841e-09
1.56959e-09
2.21482e-09
2.96367e-09
3.82614e-09
4.81266e-09
5.93404e-09
7.2014e-09
8.62609e-09
1.02196e-08
1.19936e-08
1.39595e-08
1.61287e-08
1.85121e-08
2.11203e-08
2.39632e-08
2.70498e-08
3.03882e-08
3.39854e-08
3.78471e-08
4.19774e-08
4.63789e-08
5.10525e-08
5.59972e-08
6.12099e-08
6.66857e-08
7.24176e-08
7.83965e-08
8.46111e-08
9.10485e-08
9.76935e-08
1.04529e-07
1.11538e-07
1.18699e-07
1.25991e-07
1.33393e-07
1.40881e-07
1.48433e-07
1.73091e-10
5.89551e-10
1.08828e-09
1.67934e-09
2.37328e-09
3.18123e-09
4.1149e-09
5.18654e-09
6.40884e-09
7.79493e-09
9.35821e-09
1.11123e-08
1.30709e-08
1.52477e-08
1.76559e-08
2.03086e-08
2.32181e-08
2.6396e-08
2.98529e-08
3.35979e-08
3.76392e-08
4.19827e-08
4.66331e-08
5.15926e-08
5.68615e-08
6.24376e-08
6.83164e-08
7.44908e-08
8.09514e-08
8.7686e-08
9.468e-08
1.01916e-07
1.09376e-07
1.17038e-07
1.24878e-07
1.32872e-07
1.40993e-07
1.49213e-07
1.57505e-07
1.6584e-07
1.8565e-10
6.32599e-10
1.16868e-09
1.80538e-09
2.55485e-09
3.42993e-09
4.44416e-09
5.61174e-09
6.94744e-09
8.46653e-09
1.01846e-08
1.21176e-08
1.42815e-08
1.66921e-08
1.93651e-08
2.23154e-08
2.55573e-08
2.91043e-08
3.29684e-08
3.71601e-08
4.16881e-08
4.65594e-08
5.17783e-08
5.73469e-08
6.32645e-08
6.95277e-08
7.613e-08
8.30621e-08
9.03114e-08
9.78624e-08
1.05697e-07
1.13793e-07
1.22127e-07
1.30674e-07
1.39403e-07
1.48285e-07
1.57287e-07
1.66378e-07
1.75521e-07
1.84683e-07
1.99523e-10
6.80129e-10
1.25736e-09
1.94426e-09
2.75464e-09
3.70315e-09
4.80531e-09
6.07736e-09
7.53628e-09
9.19961e-09
1.10853e-08
1.32117e-08
1.55971e-08
1.82598e-08
2.12176e-08
2.44879e-08
2.80869e-08
3.20297e-08
3.633e-08
4.09996e-08
4.6048e-08
5.14825e-08
5.73075e-08
6.35244e-08
7.01316e-08
7.7124e-08
8.44928e-08
9.2226e-08
1.00308e-07
1.08719e-07
1.17436e-07
1.26434e-07
1.35683e-07
1.45152e-07
1.54806e-07
1.64609e-07
1.74524e-07
1.84511e-07
1.94529e-07
2.04539e-07
2.14419e-10
7.31143e-10
1.35249e-09
2.09311e-09
2.96856e-09
3.99541e-09
5.19118e-09
6.57433e-09
8.16408e-09
9.98036e-09
1.20436e-08
1.43746e-08
1.69942e-08
1.99231e-08
2.31815e-08
2.67891e-08
3.07641e-08
3.51235e-08
3.98825e-08
4.50541e-08
5.06485e-08
5.66733e-08
6.31328e-08
7.00275e-08
7.73545e-08
8.51068e-08
9.3273e-08
1.01838e-07
1.10782e-07
1.20082e-07
1.2971e-07
1.39635e-07
1.49822e-07
1.60235e-07
1.70832e-07
1.81572e-07
1.92411e-07
2.03302e-07
2.14201e-07
2.25059e-07
2.30091e-10
7.84804e-10
1.45251e-09
2.24952e-09
3.19321e-09
4.30209e-09
5.5958e-09
7.09503e-09
8.82138e-09
1.07972e-08
1.30455e-08
1.55897e-08
1.8453e-08
2.16589e-08
2.52299e-08
2.91879e-08
3.35533e-08
3.8345e-08
4.35797e-08
4.92712e-08
5.54307e-08
6.20658e-08
6.91804e-08
7.67741e-08
8.48422e-08
9.33755e-08
1.0236e-07
1.11777e-07
1.21602e-07
1.31808e-07
1.42361e-07
1.53226e-07
1.64362e-07
1.75725e-07
1.8727e-07
1.98946e-07
2.10705e-07
2.22495e-07
2.34262e-07
2.45955e-07
2.46334e-10
8.40408e-10
1.55612e-09
2.41147e-09
3.42569e-09
4.61931e-09
6.01412e-09
7.63309e-09
9.50025e-09
1.16405e-08
1.40794e-08
1.68429e-08
1.9957e-08
2.34477e-08
2.734e-08
3.16581e-08
3.64245e-08
4.16599e-08
4.73822e-08
5.36067e-08
6.03448e-08
6.76041e-08
7.53879e-08
8.36946e-08
9.25176e-08
1.01845e-07
1.1166e-07
1.21939e-07
1.32655e-07
1.43774e-07
1.55258e-07
1.67065e-07
1.79148e-07
1.91457e-07
2.0394e-07
2.16541e-07
2.29205e-07
2.41874e-07
2.54488e-07
2.66989e-07
2.62977e-10
8.97368e-10
1.66222e-09
2.57727e-09
3.66362e-09
4.94383e-09
6.44191e-09
8.18315e-09
1.0194e-08
1.2502e-08
1.51353e-08
1.81225e-08
2.14924e-08
2.52734e-08
2.94931e-08
3.4178e-08
3.93527e-08
4.50396e-08
5.12581e-08
5.80242e-08
6.53497e-08
7.32422e-08
8.17041e-08
9.07322e-08
1.00318e-07
1.10446e-07
1.21097e-07
1.32242e-07
1.43849e-07
1.5588e-07
1.68291e-07
1.81033e-07
1.94052e-07
2.07294e-07
2.20698e-07
2.34204e-07
2.47748e-07
2.61267e-07
2.74696e-07
2.8797e-07
1.3999e-07
1.52958e-07
1.66369e-07
1.80182e-07
1.94349e-07
2.08819e-07
2.23537e-07
2.38449e-07
2.53499e-07
2.68633e-07
2.83796e-07
2.98935e-07
3.13998e-07
3.28937e-07
3.43704e-07
3.58256e-07
3.72551e-07
3.86549e-07
4.00214e-07
4.13513e-07
4.26413e-07
4.38888e-07
4.50912e-07
4.62461e-07
4.73517e-07
4.84061e-07
4.94084e-07
5.0359e-07
5.12627e-07
5.21353e-07
5.30223e-07
5.40397e-07
5.54597e-07
5.78722e-07
6.24539e-07
7.13585e-07
8.81875e-07
1.18409e-06
1.69496e-06
2.50525e-06
3.71063e-06
5.3942e-06
7.60664e-06
1.03502e-05
1.35722e-05
1.71708e-05
2.10117e-05
2.49499e-05
2.88506e-05
3.26048e-05
3.61368e-05
3.94042e-05
4.23936e-05
4.51131e-05
4.75853e-05
4.98406e-05
5.19126e-05
5.38344e-05
5.56367e-05
5.73467e-05
5.89879e-05
6.05796e-05
6.21379e-05
6.36752e-05
6.52015e-05
6.67241e-05
6.8248e-05
6.97767e-05
7.13121e-05
7.28545e-05
7.44035e-05
7.59576e-05
7.75144e-05
7.90712e-05
8.06244e-05
8.21704e-05
8.3705e-05
8.5224e-05
8.67231e-05
8.81979e-05
8.96442e-05
9.10587e-05
9.2439e-05
9.37868e-05
9.51117e-05
9.64427e-05
9.78499e-05
9.94895e-05
0.000101684
0.000105062
0.000110765
0.000120725
0.000137982
0.000166925
0.000213333
0.00028403
0.000386065
0.000525455
0.000705765
0.000926911
0.00118462
0.00147077
0.00177454
0.00208409
0.00238817
0.00267748
0.00294533
0.00318787
0.00340365
0.00359315
0.00375811
0.00390107
0.00402486
0.00413232
0.00422612
0.00430865
0.00438198
0.00444787
0.00450779
0.00456295
0.00461433
0.00466272
0.00470876
0.00475296
0.0047957
0.00483728
0.00487796
0.00491788
0.00495719
0.00499595
0.00503423
0.00507204
0.0051094
0.00514628
0.00518267
0.00521853
0.00525382
0.00528849
0.00532249
0.00535576
0.00538826
0.00541992
0.00545069
0.00548051
0.00550933
0.00553709
0.00556375
0.00558927
0.00561368
0.00563699
0.00565932
0.00568079
0.00570159
0.00572191
0.0057419
0.00576161
0.00578096
0.0057997
0.00581746
0.00583378
0.00584823
0.00586046
0.00587023
0.00587747
0.00588227
0.00588483
0.00588542
0.00588438
0.00588205
0.00587878
0.00587486
0.00587058
0.00586617
0.00586185
0.00585777
0.00585409
0.0058509
0.00584831
0.00584638
0.00584515
0.00584467
0.00584495
0.005846
0.00584783
0.00585042
0.00585376
0.00585782
0.00586258
0.005868
0.00587404
0.00588067
0.00588783
0.00589549
0.00590359
0.00591208
0.00592092
0.00593004
0.00593937
0.00594882
0.00595825
0.00596742
0.00597592
0.00598299
0.00598738
0.00598704
0.00597897
0.00595923
0.0059233
0.00586703
0.00578798
0.00568684
0.0055683
0.00544075
0.00531469
0.0052002
0.00510449
0.00503084
0.00497881
0.00494529
0.00492596
0.00491646
0.00491316
0.00491336
0.00491531
0.00491795
0.00492074
0.00492339
0.00492581
0.00492798
0.00492993
0.00493169
0.00493328
0.00493475
0.00493611
0.00493739
0.00493861
0.00493977
0.0049409
0.00494199
0.00494306
1.22076e-07
1.33391e-07
1.45111e-07
1.57208e-07
1.69645e-07
1.82385e-07
1.95389e-07
2.08616e-07
2.22028e-07
2.35586e-07
2.4925e-07
2.62984e-07
2.76752e-07
2.9052e-07
3.04254e-07
3.17924e-07
3.31499e-07
3.44949e-07
3.58246e-07
3.71364e-07
3.84276e-07
3.96958e-07
4.09384e-07
4.2153e-07
4.33374e-07
4.44893e-07
4.5607e-07
4.66899e-07
4.77416e-07
4.87766e-07
4.9838e-07
5.10387e-07
5.26446e-07
5.52335e-07
5.99572e-07
6.89206e-07
8.5634e-07
1.15406e-06
1.65455e-06
2.44477e-06
3.61525e-06
5.24274e-06
7.3709e-06
9.99502e-06
1.30565e-05
1.64495e-05
2.00383e-05
2.36788e-05
2.724e-05
3.06182e-05
3.37438e-05
3.65814e-05
3.91241e-05
4.1386e-05
4.33952e-05
4.51866e-05
4.67979e-05
4.82654e-05
4.96227e-05
5.08995e-05
5.21213e-05
5.33098e-05
5.44826e-05
5.56542e-05
5.68363e-05
5.8038e-05
5.92662e-05
6.05261e-05
6.18213e-05
6.3154e-05
6.45254e-05
6.59355e-05
6.73835e-05
6.88681e-05
7.03868e-05
7.1937e-05
7.35154e-05
7.51181e-05
7.67411e-05
7.83799e-05
8.00299e-05
8.16867e-05
8.3347e-05
8.50105e-05
8.66848e-05
8.83955e-05
9.02087e-05
9.22736e-05
9.49025e-05
9.8704e-05
0.000104786
0.000115023
0.000132355
0.000161013
0.000206531
0.000275391
0.000374187
0.00050839
0.000680957
0.000891208
0.00113436
0.00140195
0.00168305
0.00196591
0.00223967
0.00249552
0.00272748
0.00293236
0.00310945
0.00325987
0.00338597
0.00349078
0.00357759
0.00364959
0.00370975
0.00376068
0.00380466
0.00384358
0.00387904
0.00391234
0.00394453
0.00397646
0.00400878
0.00404202
0.00407657
0.00411273
0.0041507
0.0041906
0.00423251
0.00427645
0.0043224
0.00437029
0.00442004
0.00447152
0.00452459
0.0045791
0.00463487
0.00469172
0.00474944
0.00480783
0.00486667
0.00492574
0.00498481
0.00504364
0.00510199
0.0051596
0.00521621
0.00527155
0.00532536
0.00537735
0.00542722
0.00547465
0.00551926
0.00556064
0.00559824
0.00563146
0.00565965
0.00568215
0.00569839
0.00570799
0.00571085
0.00570713
0.00569731
0.00568208
0.00566234
0.00563903
0.00561313
0.00558559
0.00555726
0.00552891
0.00550117
0.00547458
0.00544959
0.00542655
0.00540573
0.00538734
0.00537153
0.00535841
0.00534806
0.00534049
0.00533573
0.00533374
0.00533449
0.00533793
0.00534397
0.00535254
0.00536353
0.00537683
0.00539233
0.0054099
0.00542941
0.00545073
0.00547373
0.00549825
0.00552417
0.00555134
0.00557961
0.00560882
0.00563879
0.00566929
0.0057
0.00573041
0.00575966
0.00578635
0.00580828
0.00582223
0.00582397
0.00580858
0.00577141
0.00570947
0.00562289
0.00551587
0.00539646
0.00527511
0.00516208
0.00506495
0.00498756
0.00493003
0.00488979
0.00486297
0.00484557
0.00483419
0.00482631
0.0048203
0.00481518
0.00481043
0.00480583
0.0048013
0.00479683
0.00479248
0.00478826
0.00478425
0.00478047
0.00477695
0.00477372
0.0047708
0.0047682
0.00476593
0.004764
0.00476239
1.13886e-07
1.24367e-07
1.35196e-07
1.46343e-07
1.57773e-07
1.69451e-07
1.81341e-07
1.93411e-07
2.05628e-07
2.17962e-07
2.30387e-07
2.42877e-07
2.55411e-07
2.67969e-07
2.80534e-07
2.9309e-07
3.05624e-07
3.18122e-07
3.30571e-07
3.42959e-07
3.55273e-07
3.67502e-07
3.7963e-07
3.91643e-07
4.03523e-07
4.15253e-07
4.26817e-07
4.38211e-07
4.49465e-07
4.60718e-07
4.72392e-07
4.85592e-07
5.02944e-07
5.30146e-07
5.78551e-07
6.68864e-07
8.35503e-07
1.13031e-06
1.62334e-06
2.39831e-06
3.54112e-06
5.12263e-06
7.17972e-06
9.70078e-06
1.26212e-05
1.58309e-05
1.91924e-05
2.25628e-05
2.58144e-05
2.88492e-05
3.16042e-05
3.40514e-05
3.61907e-05
3.80427e-05
3.96411e-05
4.10257e-05
4.22379e-05
4.33173e-05
4.42999e-05
4.52172e-05
4.60963e-05
4.69597e-05
4.78261e-05
4.87107e-05
4.96257e-05
5.05805e-05
5.15828e-05
5.26381e-05
5.37507e-05
5.49233e-05
5.61578e-05
5.74551e-05
5.88152e-05
6.02376e-05
6.1721e-05
6.32636e-05
6.48632e-05
6.65168e-05
6.82212e-05
6.99726e-05
7.1767e-05
7.36001e-05
7.54686e-05
7.73718e-05
7.93161e-05
8.13257e-05
8.34635e-05
8.58739e-05
8.88608e-05
9.30176e-05
9.94246e-05
0.000109909
0.000127328
0.000155776
0.000200581
0.000267919
0.000363977
0.000493718
0.000659529
0.000860152
0.0010903
0.00134116
0.00160166
0.00186017
0.00210616
0.00233136
0.00253043
0.0027009
0.00284275
0.00295775
0.00304885
0.00311956
0.00317354
0.00321433
0.00324511
0.00326869
0.00328745
0.00330338
0.00331813
0.00333302
0.00334911
0.00336724
0.00338806
0.00341207
0.00343963
0.00347101
0.00350638
0.00354583
0.00358941
0.00363709
0.00368882
0.00374447
0.00380392
0.00386699
0.00393348
0.00400316
0.00407578
0.00415107
0.00422873
0.00430844
0.00438987
0.00447268
0.00455648
0.00464088
0.00472548
0.00480982
0.00489346
0.00497588
0.00505656
0.00513488
0.00521017
0.00528165
0.00534839
0.00540935
0.00546335
0.00550913
0.00554549
0.00557137
0.00558604
0.0055892
0.00558106
0.00556232
0.00553416
0.00549803
0.00545558
0.00540852
0.00535848
0.00530697
0.00525532
0.00520466
0.00515592
0.00510985
0.00506704
0.00502792
0.00499283
0.004962
0.00493559
0.00491368
0.00489631
0.00488348
0.00487515
0.00487127
0.00487173
0.00487645
0.00488528
0.00489811
0.00491477
0.00493511
0.00495897
0.00498617
0.00501653
0.00504986
0.00508596
0.00512465
0.00516571
0.00520894
0.00525413
0.00530104
0.00534943
0.00539899
0.00544931
0.00549979
0.00554948
0.00559685
0.00563953
0.0056741
0.00569599
0.00569993
0.00568078
0.00563501
0.00556219
0.00546606
0.00535437
0.00523749
0.00512584
0.00502742
0.00494654
0.00488387
0.00483737
0.00480358
0.00477883
0.00475997
0.00474466
0.00473135
0.00471915
0.00470758
0.00469645
0.00468569
0.00467533
0.0046654
0.00465596
0.00464706
0.00463873
0.00463102
0.00462393
0.0046175
0.00461172
0.0046066
0.00460213
0.00459829
1.13335e-07
1.23622e-07
1.34185e-07
1.44985e-07
1.55978e-07
1.67124e-07
1.78384e-07
1.89724e-07
2.01113e-07
2.12526e-07
2.23943e-07
2.35349e-07
2.46734e-07
2.58092e-07
2.69422e-07
2.80727e-07
2.9201e-07
3.03278e-07
3.14539e-07
3.258e-07
3.37069e-07
3.4835e-07
3.59649e-07
3.70965e-07
3.82296e-07
3.93636e-07
4.0498e-07
4.16329e-07
4.27718e-07
4.39287e-07
4.51455e-07
4.65322e-07
4.83494e-07
5.11632e-07
5.60992e-07
6.52051e-07
8.18743e-07
1.11194e-06
1.59996e-06
2.36367e-06
3.4848e-06
5.02869e-06
7.02573e-06
9.45754e-06
1.22535e-05
1.52992e-05
1.84556e-05
2.15809e-05
2.45513e-05
2.72744e-05
2.96948e-05
3.17918e-05
3.35726e-05
3.50647e-05
3.63072e-05
3.73446e-05
3.82219e-05
3.89811e-05
3.96602e-05
4.02916e-05
4.09028e-05
4.15167e-05
4.21515e-05
4.28221e-05
4.354e-05
4.43142e-05
4.51515e-05
4.60572e-05
4.70351e-05
4.80877e-05
4.92169e-05
5.04238e-05
5.1709e-05
5.30727e-05
5.45144e-05
5.60335e-05
5.7629e-05
5.92994e-05
6.10429e-05
6.28573e-05
6.47396e-05
6.66871e-05
6.86971e-05
7.07697e-05
7.29115e-05
7.5146e-05
7.75346e-05
8.02183e-05
8.34944e-05
8.79445e-05
9.46269e-05
0.00010533
0.000122841
0.000151142
0.000195377
0.000261456
0.000355192
0.00048108
0.000640965
0.000833035
0.00105151
0.00128723
0.00152899
0.00176528
0.00198591
0.00218315
0.00235233
0.00249171
0.00260196
0.00268549
0.00274579
0.00278683
0.00281262
0.00282693
0.00283312
0.0028341
0.00283228
0.00282967
0.00282786
0.00282815
0.00283154
0.00283881
0.00285053
0.00286716
0.002889
0.00291628
0.00294913
0.00298763
0.0030318
0.00308161
0.003137
0.00319787
0.00326407
0.00333545
0.00341178
0.00349285
0.00357838
0.00366807
0.00376159
0.00385855
0.00395857
0.0040612
0.00416595
0.00427232
0.00437974
0.00448762
0.00459528
0.00470201
0.004807
0.00490933
0.00500794
0.00510157
0.00518878
0.0052679
0.00533709
0.00539447
0.0054383
0.00546715
0.00548013
0.00547705
0.00545845
0.00542562
0.00538039
0.005325
0.00526185
0.00519337
0.00512181
0.0050492
0.00497731
0.00490756
0.00484113
0.00477888
0.0047215
0.00466944
0.00462303
0.00458247
0.00454787
0.00451924
0.00449657
0.00447979
0.0044688
0.0044635
0.00446374
0.00446938
0.00448027
0.00449625
0.00451716
0.00454281
0.00457304
0.00460765
0.00464646
0.00468927
0.00473586
0.00478603
0.00483956
0.00489619
0.00495568
0.00501776
0.00508212
0.00514841
0.00521615
0.00528465
0.00535286
0.00541913
0.00548092
0.00553459
0.00557528
0.00559731
0.00559508
0.00556452
0.00550467
0.00541882
0.00531441
0.00520176
0.00509145
0.00499184
0.00490772
0.00484029
0.00478798
0.00474775
0.00471625
0.00469055
0.00466847
0.00464859
0.00463005
0.00461243
0.00459555
0.00457938
0.00456392
0.00454925
0.00453539
0.0045224
0.00451032
0.00449916
0.00448894
0.00447968
0.00447135
0.00446397
0.0044575
0.00445192
1.18758e-07
1.29341e-07
1.40117e-07
1.5103e-07
1.62024e-07
1.73046e-07
1.8405e-07
1.94995e-07
2.05849e-07
2.16587e-07
2.27193e-07
2.37659e-07
2.47986e-07
2.58182e-07
2.6826e-07
2.7824e-07
2.88148e-07
2.9801e-07
3.07856e-07
3.17717e-07
3.27622e-07
3.37602e-07
3.47681e-07
3.57881e-07
3.6822e-07
3.78709e-07
3.89359e-07
4.00184e-07
4.11229e-07
4.22642e-07
4.34848e-07
4.48949e-07
4.67554e-07
4.96316e-07
5.46452e-07
6.38319e-07
8.05519e-07
1.09819e-06
1.58322e-06
2.33899e-06
3.44343e-06
4.95668e-06
6.90288e-06
9.25703e-06
1.19426e-05
1.48412e-05
1.78121e-05
2.0715e-05
2.34304e-05
2.58722e-05
2.79926e-05
2.97788e-05
3.12456e-05
3.2427e-05
3.33675e-05
3.41161e-05
3.47205e-05
3.52248e-05
3.56677e-05
3.6082e-05
3.64947e-05
3.69277e-05
3.73981e-05
3.79193e-05
3.85014e-05
3.9152e-05
3.98764e-05
4.06786e-05
4.15613e-05
4.25265e-05
4.35754e-05
4.47091e-05
4.59283e-05
4.72336e-05
4.86259e-05
5.01055e-05
5.1673e-05
5.33287e-05
5.50728e-05
5.6905e-05
5.88247e-05
6.08308e-05
6.29228e-05
6.51022e-05
6.73767e-05
6.97703e-05
7.23438e-05
7.52362e-05
7.87402e-05
8.34281e-05
9.03409e-05
0.000101235
0.000118841
0.000147043
0.000190829
0.000255866
0.00034763
0.000470176
0.000624837
0.000809267
0.00101721
0.00123919
0.00146386
0.00167987
0.00187737
0.00204922
0.00219144
0.002303
0.00238527
0.0024413
0.00247507
0.00249095
0.00249325
0.00248589
0.00247234
0.00245549
0.00243774
0.002421
0.00240678
0.00239624
0.00239027
0.00238953
0.0023945
0.00240555
0.0024229
0.00244674
0.00247716
0.00251422
0.00255796
0.00260837
0.00266541
0.00272903
0.00279914
0.00287563
0.00295834
0.00304708
0.00314165
0.00324176
0.0033471
0.00345729
0.0035719
0.00369047
0.00381243
0.00393718
0.00406404
0.00419226
0.004321
0.00444931
0.00457612
0.00470019
0.00482008
0.00493406
0.00504012
0.005136
0.0052192
0.00528724
0.00533783
0.0053692
0.00538034
0.00537118
0.00534266
0.00529661
0.0052356
0.00516262
0.00508083
0.00499334
0.004903
0.00481232
0.00472342
0.00463797
0.00455729
0.00448234
0.00441377
0.00435203
0.00429735
0.00424985
0.00420953
0.00417631
0.00415009
0.0041307
0.00411798
0.00411176
0.00411186
0.00411812
0.00413035
0.0041484
0.00417212
0.00420135
0.00423593
0.00427571
0.00432053
0.00437022
0.00442461
0.0044835
0.00454669
0.00461393
0.00468499
0.00475957
0.00483734
0.00491792
0.00500076
0.00508512
0.00516985
0.00525317
0.00533238
0.00540361
0.00546169
0.00550058
0.00551418
0.00549789
0.00545024
0.00537406
0.00527653
0.00516787
0.00505884
0.00495815
0.00487105
0.00479922
0.00474155
0.00469541
0.00465774
0.00462585
0.0045977
0.00457196
0.00454784
0.00452496
0.00450315
0.00448238
0.00446268
0.00444409
0.00442664
0.00441038
0.00439533
0.00438149
0.00436887
0.00435746
0.00434723
0.00433817
0.00433023
0.00432337
1.28826e-07
1.40073e-07
1.51418e-07
1.62787e-07
1.74106e-07
1.85308e-07
1.96335e-07
2.07137e-07
2.17678e-07
2.27931e-07
2.37885e-07
2.47535e-07
2.56893e-07
2.65977e-07
2.74817e-07
2.8345e-07
2.91919e-07
3.00273e-07
3.08566e-07
3.16851e-07
3.25184e-07
3.33617e-07
3.42203e-07
3.50987e-07
3.60009e-07
3.69305e-07
3.78903e-07
3.88835e-07
3.99164e-07
4.10048e-07
4.21926e-07
4.35914e-07
4.54637e-07
4.83768e-07
5.3454e-07
6.27267e-07
7.95364e-07
1.08843e-06
1.57216e-06
2.32276e-06
3.41465e-06
4.90307e-06
6.80611e-06
9.09239e-06
1.16796e-05
1.44456e-05
1.72483e-05
1.99493e-05
2.24339e-05
2.46226e-05
2.64757e-05
2.79886e-05
2.91834e-05
3.01007e-05
3.07902e-05
3.13042e-05
3.1693e-05
3.20018e-05
3.22693e-05
3.25276e-05
3.28026e-05
3.31143e-05
3.34779e-05
3.39047e-05
3.44026e-05
3.49771e-05
3.56316e-05
3.63683e-05
3.71885e-05
3.80928e-05
3.90817e-05
4.0156e-05
4.13162e-05
4.25636e-05
4.38996e-05
4.53261e-05
4.68454e-05
4.84598e-05
5.01717e-05
5.19835e-05
5.38971e-05
5.59143e-05
5.80369e-05
6.02688e-05
6.26197e-05
6.5115e-05
6.78158e-05
7.08604e-05
7.45382e-05
7.94147e-05
8.65175e-05
9.75774e-05
0.000115279
0.000143422
0.000186857
0.000251035
0.00034112
0.000460755
0.000610785
0.000788356
0.000986763
0.00119621
0.00140528
0.00160275
0.0017792
0.00192808
0.00204611
0.002133
0.0021908
0.00222314
0.00223451
0.00222958
0.00221287
0.00218842
0.00215969
0.0021295
0.00210014
0.00207335
0.00205048
0.00203252
0.00202021
0.00201404
0.00201438
0.00202147
0.00203546
0.00205648
0.0020846
0.00211986
0.00216232
0.00221201
0.00226896
0.00233318
0.00240467
0.00248342
0.00256937
0.00266244
0.0027625
0.00286936
0.00298277
0.00310241
0.00322789
0.00335872
0.00349433
0.00363405
0.00377711
0.00392263
0.00406961
0.00421689
0.00436313
0.00450679
0.004646
0.00477859
0.00490198
0.00501328
0.00510938
0.00518714
0.0052438
0.00527724
0.00528637
0.00527128
0.00523331
0.00517492
0.00509939
0.00501048
0.0049121
0.00480802
0.00470163
0.00459588
0.00449316
0.00439534
0.0043038
0.00421948
0.00414299
0.00407465
0.00401458
0.00396274
0.00391901
0.00388317
0.003855
0.00383424
0.00382065
0.00381399
0.00381405
0.00382063
0.00383358
0.00385274
0.00387798
0.00390921
0.0039463
0.00398918
0.00403774
0.00409188
0.0041515
0.00421647
0.00428662
0.00436178
0.00444172
0.00452618
0.00461483
0.00470727
0.00480292
0.00490098
0.00500022
0.00509875
0.00519369
0.00528095
0.00535506
0.00540957
0.00543792
0.00543499
0.00539879
0.0053317
0.00524063
0.00513574
0.00502795
0.00492628
0.00483643
0.00476055
0.00469798
0.00464644
0.0046032
0.00456574
0.0045322
0.00450131
0.00447236
0.00444499
0.00441904
0.00439449
0.00437135
0.00434965
0.00432941
0.00431066
0.00429339
0.0042776
0.00426326
0.00425034
0.0042388
0.0042286
0.00421968
0.00421198
1.42482e-07
1.54658e-07
1.66829e-07
1.78898e-07
1.90772e-07
2.02368e-07
2.13614e-07
2.24453e-07
2.34842e-07
2.44754e-07
2.54177e-07
2.63113e-07
2.71581e-07
2.79611e-07
2.87246e-07
2.94539e-07
3.01553e-07
3.08356e-07
3.15024e-07
3.21635e-07
3.28268e-07
3.35003e-07
3.41916e-07
3.49079e-07
3.56559e-07
3.64414e-07
3.72698e-07
3.81463e-07
3.9079e-07
4.00858e-07
4.12123e-07
4.25721e-07
4.4431e-07
4.73608e-07
5.24903e-07
6.18545e-07
7.8787e-07
1.0821e-06
1.56596e-06
2.3137e-06
3.3965e-06
4.86492e-06
6.73124e-06
8.95787e-06
1.14571e-05
1.41029e-05
1.67527e-05
1.92704e-05
2.1546e-05
2.35077e-05
2.51239e-05
2.6398e-05
2.73598e-05
2.80559e-05
2.85403e-05
2.88687e-05
2.90928e-05
2.92581e-05
2.94027e-05
2.95572e-05
2.97456e-05
2.99855e-05
3.02898e-05
3.0667e-05
3.11225e-05
3.16593e-05
3.22787e-05
3.29806e-05
3.37646e-05
3.46299e-05
3.55759e-05
3.66026e-05
3.77106e-05
3.89012e-05
4.01767e-05
4.15404e-05
4.29961e-05
4.45484e-05
4.62022e-05
4.79628e-05
4.9835e-05
5.18238e-05
5.39342e-05
5.61731e-05
5.85528e-05
6.11007e-05
6.38794e-05
6.70271e-05
7.08317e-05
7.58539e-05
8.31112e-05
9.43143e-05
0.000112109
0.000140226
0.000183393
0.000246865
0.000335516
0.000452603
0.000598508
0.000769889
0.000959613
0.0011576
0.00135238
0.00153292
0.00169022
0.00181837
0.00191482
0.00197999
0.0020166
0.00202886
0.00202165
0.00199993
0.00196833
0.00193094
0.00189111
0.00185155
0.00181434
0.00178104
0.00175276
0.00173031
0.0017142
0.00170479
0.00170228
0.0017068
0.00171842
0.00173719
0.00176316
0.00179639
0.00183694
0.0018849
0.00194037
0.00200346
0.00207428
0.00215293
0.00223949
0.00233402
0.00243651
0.00254691
0.00266509
0.00279082
0.00292377
0.00306353
0.00320952
0.00336106
0.00351732
0.00367731
0.00383989
0.00400369
0.00416713
0.00432832
0.00448503
0.00463459
0.00477386
0.00489933
0.00500723
0.00509384
0.00515589
0.00519096
0.0051979
0.005177
0.00513006
0.00506017
0.00497135
0.00486814
0.00475517
0.00463684
0.00451705
0.00439909
0.00428558
0.00417849
0.0040792
0.00398858
0.00390709
0.00383492
0.00377199
0.00371809
0.00367293
0.00363615
0.0036074
0.00358631
0.00357256
0.00356587
0.00356598
0.00357268
0.00358583
0.00360529
0.003631
0.00366289
0.00370093
0.00374513
0.00379546
0.00385192
0.00391451
0.00398317
0.00405785
0.00413844
0.00422479
0.00431667
0.00441381
0.00451579
0.00462205
0.00473174
0.00484356
0.0049555
0.00506453
0.00516632
0.00525512
0.00532406
0.00536613
0.00537568
0.00535018
0.00529163
0.00520663
0.0051053
0.00499869
0.00489614
0.00480378
0.00472419
0.00465714
0.00460072
0.00455245
0.00451004
0.00447175
0.0044364
0.00440334
0.00437221
0.00434287
0.00431529
0.00428946
0.0042654
0.00424311
0.00422258
0.00420379
0.00418669
0.00417124
0.00415739
0.00414506
0.0041342
0.00412473
0.00411656
1.58876e-07
1.72164e-07
1.85335e-07
1.98267e-07
2.10848e-07
2.22979e-07
2.34576e-07
2.45572e-07
2.55919e-07
2.65589e-07
2.7457e-07
2.82872e-07
2.90519e-07
2.97553e-07
3.04028e-07
3.10013e-07
3.15587e-07
3.20839e-07
3.25862e-07
3.30759e-07
3.35632e-07
3.40585e-07
3.45721e-07
3.51137e-07
3.56927e-07
3.63176e-07
3.69961e-07
3.7736e-07
3.85476e-07
3.94511e-07
4.04941e-07
4.17935e-07
4.36193e-07
4.65498e-07
5.17232e-07
6.11842e-07
7.8268e-07
1.07873e-06
1.56391e-06
2.31072e-06
3.3873e-06
4.83975e-06
6.67473e-06
8.84866e-06
1.12685e-05
1.38053e-05
1.63157e-05
1.86663e-05
2.0753e-05
2.25115e-05
2.39185e-05
2.49855e-05
2.57494e-05
2.62625e-05
2.65828e-05
2.67682e-05
2.68712e-05
2.6937e-05
2.70024e-05
2.7096e-05
2.72392e-05
2.74471e-05
2.77295e-05
2.80924e-05
2.85384e-05
2.90677e-05
2.96793e-05
3.03708e-05
3.11399e-05
3.19841e-05
3.29017e-05
3.38916e-05
3.49542e-05
3.60908e-05
3.73045e-05
3.85995e-05
3.99813e-05
4.14568e-05
4.30334e-05
4.47193e-05
4.65227e-05
4.8452e-05
5.05159e-05
5.27246e-05
5.50936e-05
5.76531e-05
6.04679e-05
6.36771e-05
6.75681e-05
7.26988e-05
8.00795e-05
9.14056e-05
0.000109292
0.000137409
0.000180376
0.00024327
0.000330695
0.000445542
0.000587752
0.000753519
0.000935307
0.00112278
0.00130445
0.00146949
0.0016094
0.0017189
0.00179617
0.00184235
0.00186082
0.00185627
0.00183395
0.00179903
0.00175619
0.00170945
0.00166205
0.00161647
0.00157457
0.00153766
0.00150662
0.00148202
0.00146417
0.00145325
0.00144933
0.00145239
0.00146245
0.00147949
0.00150352
0.00153461
0.00157286
0.00161839
0.00167138
0.00173205
0.00180063
0.00187734
0.00196243
0.0020561
0.00215852
0.00226979
0.00238993
0.00251885
0.00265636
0.0028021
0.00295557
0.0031161
0.00328284
0.00345471
0.00363045
0.00380851
0.00398707
0.00416392
0.00433642
0.00450141
0.00465521
0.00479366
0.00491235
0.00500696
0.00507375
0.00511003
0.00511461
0.00508804
0.00503258
0.00495201
0.0048511
0.00473515
0.0046095
0.00447913
0.0043484
0.00422088
0.00409935
0.0039858
0.00388152
0.00378727
0.00370332
0.00362963
0.00356594
0.00351184
0.00346686
0.00343048
0.00340223
0.00338163
0.0033683
0.00336189
0.00336212
0.00336879
0.00338175
0.00340091
0.00342624
0.00345776
0.00349552
0.0035396
0.00359009
0.00364711
0.00371075
0.00378109
0.00385819
0.00394203
0.00403257
0.00412968
0.00423311
0.00434252
0.00445735
0.00457672
0.00469928
0.00482293
0.0049445
0.00505941
0.0051616
0.00524384
0.00529863
0.00531979
0.00530432
0.00525376
0.00517446
0.00507648
0.00497101
0.00486768
0.00477301
0.00469003
0.00461891
0.00455807
0.00450531
0.00445853
0.0044161
0.00437694
0.00434042
0.00430621
0.00427418
0.00424425
0.00421643
0.00419068
0.00416699
0.00414531
0.00412558
0.00410775
0.00409172
0.00407742
0.00406475
0.00405363
0.00404396
0.00403564
1.7732e-07
1.91838e-07
2.06116e-07
2.2001e-07
2.33389e-07
2.46138e-07
2.58161e-07
2.69385e-07
2.79758e-07
2.8925e-07
2.97853e-07
3.05582e-07
3.12468e-07
3.18561e-07
3.23929e-07
3.28653e-07
3.32827e-07
3.36556e-07
3.39954e-07
3.43141e-07
3.46243e-07
3.49386e-07
3.52698e-07
3.56302e-07
3.60318e-07
3.64858e-07
3.70024e-07
3.75922e-07
3.82679e-07
3.90521e-07
3.99953e-07
4.12179e-07
4.29952e-07
4.59143e-07
5.11255e-07
6.06885e-07
7.79484e-07
1.0779e-06
1.5654e-06
2.31291e-06
3.38567e-06
4.8255e-06
6.63364e-06
8.76073e-06
1.11088e-05
1.35459e-05
1.59288e-05
1.81273e-05
2.0043e-05
2.16198e-05
2.28426e-05
2.37309e-05
2.43282e-05
2.46919e-05
2.48835e-05
2.49621e-05
2.49806e-05
2.49832e-05
2.50046e-05
2.50712e-05
2.52016e-05
2.5408e-05
2.56974e-05
2.60728e-05
2.65341e-05
2.70789e-05
2.77036e-05
2.84038e-05
2.91749e-05
3.00129e-05
3.09144e-05
3.18776e-05
3.2902e-05
3.3989e-05
3.5142e-05
3.63663e-05
3.76687e-05
3.90582e-05
4.05448e-05
4.21395e-05
4.38539e-05
4.57002e-05
4.76908e-05
4.98397e-05
5.21663e-05
5.4704e-05
5.75201e-05
6.07557e-05
6.46989e-05
6.99062e-05
7.73836e-05
8.88147e-05
0.000106789
0.000134927
0.000177752
0.000240176
0.000326551
0.000439421
0.000578304
0.000738954
0.00091346
0.00109126
0.00126087
0.00141174
0.00153584
0.0016286
0.0016889
0.00171859
0.00172165
0.00170323
0.00166888
0.00162388
0.00157292
0.00151988
0.00146781
0.00141895
0.00137488
0.00133665
0.00130489
0.00127993
0.0012619
0.0012508
0.00124654
0.00124904
0.00125818
0.00127392
0.00129626
0.00132523
0.00136097
0.00140366
0.00145354
0.00151092
0.00157615
0.00164961
0.00173167
0.00182273
0.00192311
0.00203312
0.00215293
0.00228266
0.00242223
0.00257144
0.00272988
0.00289692
0.00307171
0.00325315
0.00343986
0.00363013
0.00382191
0.00401268
0.00419939
0.0043784
0.00454546
0.00469578
0.00482431
0.00492614
0.00499706
0.00503415
0.00503621
0.00500409
0.00494056
0.00485009
0.00473823
0.00461103
0.00447449
0.00433416
0.00419475
0.00406007
0.00393297
0.00381539
0.0037085
0.00361285
0.0035285
0.00345517
0.00339238
0.00333951
0.00329592
0.00326094
0.00323398
0.00321447
0.00320197
0.00319607
0.0031965
0.00320302
0.00321553
0.00323396
0.00325833
0.00328872
0.00332527
0.00336815
0.00341757
0.00347376
0.00353693
0.0036073
0.00368505
0.00377032
0.00386316
0.00396356
0.00407137
0.0041863
0.00430783
0.0044351
0.00456673
0.00470051
0.00483313
0.00495981
0.0050742
0.00516865
0.0052352
0.00526718
0.00526106
0.00521798
0.00514404
0.00504921
0.00494482
0.00484079
0.00474403
0.00465797
0.00458316
0.00451835
0.00446159
0.00441097
0.00436497
0.00432259
0.00428322
0.00424655
0.00421243
0.00418078
0.00415155
0.00412471
0.00410018
0.00407788
0.00405774
0.00403963
0.00402346
0.00400911
0.00399647
0.00398541
0.00397582
0.00396758
1.97258e-07
2.13069e-07
2.28509e-07
2.43412e-07
2.57628e-07
2.7103e-07
2.83513e-07
2.94998e-07
3.05431e-07
3.14784e-07
3.23051e-07
3.30251e-07
3.36426e-07
3.41633e-07
3.4595e-07
3.49469e-07
3.52299e-07
3.54558e-07
3.56377e-07
3.57893e-07
3.5925e-07
3.60597e-07
3.62084e-07
3.63859e-07
3.66066e-07
3.68844e-07
3.72324e-07
3.76635e-07
3.81934e-07
3.88473e-07
3.96788e-07
4.08125e-07
4.253e-07
4.54283e-07
5.06732e-07
6.03436e-07
7.7801e-07
1.07927e-06
1.56993e-06
2.31946e-06
3.3904e-06
4.82041e-06
6.60546e-06
8.69067e-06
1.09734e-05
1.33192e-05
1.55851e-05
1.76446e-05
1.94058e-05
2.08202e-05
2.18812e-05
2.26159e-05
2.30741e-05
2.33175e-05
2.34102e-05
2.34123e-05
2.3376e-05
2.33442e-05
2.33493e-05
2.34149e-05
2.35569e-05
2.37846e-05
2.41022e-05
2.45097e-05
2.50046e-05
2.55818e-05
2.62355e-05
2.69589e-05
2.77454e-05
2.85892e-05
2.94855e-05
3.04311e-05
3.1425e-05
3.2468e-05
3.35638e-05
3.47183e-05
3.59397e-05
3.72387e-05
3.86277e-05
4.01206e-05
4.17323e-05
4.34787e-05
4.53761e-05
4.74428e-05
4.9702e-05
5.21909e-05
5.498e-05
5.82132e-05
6.21799e-05
6.74369e-05
7.49878e-05
8.65084e-05
0.000104569
0.000132745
0.000175475
0.00023752
0.000322994
0.000434109
0.000569982
0.000725949
0.000893745
0.00106262
0.00122113
0.00135901
0.00146878
0.00154652
0.00159186
0.00160731
0.00159741
0.00156772
0.00152399
0.00147159
0.00141511
0.00135826
0.00130385
0.00125385
0.00120955
0.00117172
0.00114074
0.00111674
0.00109964
0.0010893
0.0010855
0.00108806
0.00109681
0.00111163
0.00113251
0.00115948
0.00119269
0.00123235
0.00127879
0.00133238
0.00139358
0.00146289
0.00154086
0.00162803
0.00172494
0.00183204
0.00194975
0.00207836
0.00221798
0.00236856
0.00252982
0.00270123
0.00288197
0.00307093
0.00326665
0.0034673
0.00367057
0.00387367
0.00407315
0.00426488
0.00444403
0.0046052
0.00474268
0.00485099
0.00492548
0.004963
0.00496241
0.00492486
0.0048537
0.00475411
0.00463238
0.00449531
0.00434957
0.00420114
0.00405509
0.00391536
0.00378481
0.00366527
0.00355773
0.00346249
0.00337936
0.00330782
0.00324715
0.00319656
0.00315521
0.00312232
0.00309719
0.00307917
0.00306777
0.00306255
0.00306321
0.00306955
0.00308143
0.00309886
0.00312188
0.00315065
0.00318536
0.00322629
0.00327374
0.00332806
0.0033896
0.00345871
0.00353573
0.00362091
0.00371448
0.00381654
0.00392707
0.00404585
0.00417245
0.00430602
0.00444517
0.00458763
0.00472995
0.00486716
0.00499259
0.00509823
0.00517566
0.00521767
0.00522028
0.0051842
0.00511527
0.0050234
0.00492005
0.00481541
0.00471675
0.00462789
0.00454974
0.00448138
0.00442109
0.00436712
0.00431807
0.004273
0.00423133
0.00419274
0.00415707
0.00412423
0.00409413
0.00406668
0.00404178
0.00401932
0.00399917
0.00398118
0.00396521
0.00395113
0.00393878
0.00392803
0.00391874
0.00391078
2.18232e-07
2.35357e-07
2.51972e-07
2.6789e-07
2.82946e-07
2.97001e-07
3.09945e-07
3.21695e-07
3.32198e-07
3.41426e-07
3.49382e-07
3.56089e-07
3.61595e-07
3.65967e-07
3.69291e-07
3.71671e-07
3.73224e-07
3.74082e-07
3.74387e-07
3.74293e-07
3.73961e-07
3.73557e-07
3.73251e-07
3.73215e-07
3.73618e-07
3.74622e-07
3.76386e-07
3.79067e-07
3.82848e-07
3.88013e-07
3.9513e-07
4.05492e-07
4.21985e-07
4.50695e-07
5.03455e-07
6.01284e-07
7.7802e-07
1.08251e-06
1.57703e-06
2.32971e-06
3.40047e-06
4.82297e-06
6.58809e-06
8.63562e-06
1.08586e-05
1.31203e-05
1.52787e-05
1.7211e-05
1.88322e-05
2.01017e-05
2.10209e-05
2.16241e-05
2.19669e-05
2.21147e-05
2.21334e-05
2.20836e-05
2.20164e-05
2.19726e-05
2.19823e-05
2.20663e-05
2.22377e-05
2.25029e-05
2.28635e-05
2.33171e-05
2.38584e-05
2.44802e-05
2.51743e-05
2.59319e-05
2.67443e-05
2.76039e-05
2.85042e-05
2.94408e-05
3.04116e-05
3.1417e-05
3.24606e-05
3.35487e-05
3.46906e-05
3.58984e-05
3.71867e-05
3.8572e-05
4.00726e-05
4.17078e-05
4.34981e-05
4.5466e-05
4.76388e-05
5.00578e-05
5.27975e-05
5.60045e-05
5.99709e-05
6.52551e-05
7.28599e-05
8.44565e-05
0.0001026
0.000130829
0.000173504
0.000235247
0.000319945
0.000429497
0.000562633
0.000714294
0.000875889
0.00103651
0.00118478
0.00131076
0.00140752
0.00147183
0.00150401
0.00150724
0.00148655
0.00144783
0.001397
0.00133942
0.00127955
0.00122088
0.00116593
0.0011164
0.00107328
0.00103707
0.00100793
0.000985771
0.000970365
0.000961422
0.00095863
0.000961711
0.000970439
0.000984665
0.00100433
0.00102948
0.00106026
0.00109691
0.0011398
0.00118937
0.00124619
0.00131086
0.00138407
0.00146653
0.00155893
0.00166197
0.00177623
0.00190223
0.00204028
0.00219053
0.00235284
0.0025268
0.00271169
0.00290639
0.0031094
0.00331877
0.003532
0.003746
0.00395693
0.00416018
0.00435036
0.00452142
0.00466703
0.00478113
0.00485866
0.00489628
0.00489292
0.00485009
0.00477174
0.00466374
0.00453317
0.00438755
0.00423411
0.00407929
0.00392839
0.00378545
0.00365324
0.00353344
0.00342681
0.00333337
0.00325268
0.00318396
0.00312628
0.00307866
0.00304011
0.00300974
0.00298675
0.00297046
0.00296031
0.00295587
0.00295681
0.00296293
0.00297412
0.0029904
0.00301187
0.00303871
0.0030712
0.00310968
0.00315457
0.00320631
0.00326539
0.00333229
0.00340749
0.00349142
0.00358445
0.00368683
0.00379867
0.00391988
0.00405011
0.00418856
0.00433385
0.00448368
0.00463446
0.00478103
0.00491646
0.00503233
0.00511978
0.00517112
0.00518186
0.00515231
0.00508808
0.004999
0.00489664
0.00479146
0.00469107
0.00459968
0.00451853
0.004447
0.00438359
0.00432672
0.00427509
0.00422781
0.00418431
0.00414429
0.00410756
0.00407397
0.00404343
0.00401579
0.00399091
0.00396864
0.00394881
0.00393123
0.00391574
0.00390216
0.00389031
0.00388005
0.00387122
0.00386367
2.39867e-07
2.58294e-07
2.76064e-07
2.92971e-07
3.0884e-07
3.23522e-07
3.36903e-07
3.48901e-07
3.59464e-07
3.68571e-07
3.76228e-07
3.82467e-07
3.87342e-07
3.90929e-07
3.9332e-07
3.94629e-07
3.9498e-07
3.94515e-07
3.93388e-07
3.91763e-07
3.89815e-07
3.87726e-07
3.85686e-07
3.83885e-07
3.82515e-07
3.81764e-07
3.81815e-07
3.82853e-07
3.85091e-07
3.8884e-07
3.9471e-07
4.04038e-07
4.19793e-07
4.48185e-07
5.01242e-07
6.00248e-07
7.79305e-07
1.08737e-06
1.58633e-06
2.34308e-06
3.41501e-06
4.83191e-06
6.57973e-06
8.59315e-06
1.07611e-05
1.29451e-05
1.50043e-05
1.68201e-05
1.83145e-05
1.94546e-05
2.02497e-05
2.07408e-05
2.09885e-05
2.10613e-05
2.10267e-05
2.09447e-05
2.0865e-05
2.08262e-05
2.08558e-05
2.0972e-05
2.1185e-05
2.14989e-05
2.19125e-05
2.24213e-05
2.30178e-05
2.36927e-05
2.44355e-05
2.52353e-05
2.60817e-05
2.6965e-05
2.78772e-05
2.88125e-05
2.97676e-05
3.07422e-05
3.17396e-05
3.27662e-05
3.38322e-05
3.4951e-05
3.61388e-05
3.74147e-05
3.87999e-05
4.03173e-05
4.19915e-05
4.3849e-05
4.59216e-05
4.82548e-05
5.09272e-05
5.40892e-05
5.8036e-05
6.33285e-05
7.09708e-05
8.2632e-05
0.000100856
0.000129149
0.000171803
0.000233308
0.000317338
0.00042549
0.000556126
0.000703811
0.000859658
0.00101263
0.00115144
0.0012665
0.00135146
0.00140378
0.00142444
0.00141723
0.00138764
0.00134182
0.00128579
0.00122485
0.00116329
0.00110433
0.00105021
0.0010023
0.000961347
0.000927588
0.000900961
0.000881205
0.000867956
0.000860808
0.000859363
0.000863276
0.000872269
0.000886157
0.000904858
0.000928399
0.000956926
0.000990704
0.00103012
0.00107569
0.00112802
0.00118784
0.00125596
0.00133321
0.00142048
0.00151863
0.0016285
0.00175078
0.00188603
0.00203459
0.0021965
0.00237152
0.00255901
0.00275792
0.00296672
0.00318337
0.00340518
0.00362879
0.00384998
0.00406367
0.00426389
0.00444396
0.00459694
0.0047162
0.00479629
0.0048337
0.00482748
0.00477953
0.0046944
0.00457869
0.00444025
0.00428727
0.00412752
0.00396782
0.00381363
0.00366902
0.00353664
0.00341794
0.00331342
0.00322284
0.00314545
0.00308025
0.0030261
0.00298185
0.0029464
0.00291876
0.00289807
0.00288362
0.0028748
0.00287118
0.00287242
0.00287834
0.00288883
0.00290392
0.00292374
0.00294853
0.00297861
0.00301438
0.00305635
0.00310507
0.00316113
0.00322515
0.00329776
0.00337954
0.00347103
0.00357265
0.00368465
0.00380709
0.00393971
0.00408182
0.00423204
0.00438804
0.00454616
0.00470104
0.00484547
0.00497069
0.00506738
0.00512736
0.00514567
0.00512223
0.00506238
0.00497592
0.0048745
0.00476885
0.00466691
0.00457322
0.00448939
0.00441504
0.0043489
0.00428954
0.00423574
0.00418667
0.00414178
0.00410073
0.00406333
0.00402939
0.00399876
0.00397126
0.00394672
0.00392492
0.00390565
0.00388871
0.00387389
0.00386098
0.00384979
0.00384014
0.00383187
0.00382482
2.61854e-07
2.81544e-07
3.00424e-07
3.18274e-07
3.34906e-07
3.50169e-07
3.63947e-07
3.76161e-07
3.86764e-07
3.95741e-07
4.03105e-07
4.08895e-07
4.13173e-07
4.16021e-07
4.1754e-07
4.17848e-07
4.17077e-07
4.15375e-07
4.12905e-07
4.09838e-07
4.06363e-07
4.02673e-07
3.98973e-07
3.95473e-07
3.92385e-07
3.89919e-07
3.88284e-07
3.87692e-07
3.88384e-07
3.90704e-07
3.95298e-07
4.0356e-07
4.1854e-07
4.46586e-07
4.99938e-07
6.00169e-07
7.81685e-07
1.09359e-06
1.59748e-06
2.35904e-06
3.43326e-06
4.84613e-06
6.57886e-06
8.5612e-06
1.06784e-05
1.27904e-05
1.47577e-05
1.64667e-05
1.7846e-05
1.88705e-05
1.9557e-05
1.99527e-05
2.01226e-05
2.01379e-05
2.00665e-05
1.99677e-05
1.98895e-05
1.98681e-05
1.99285e-05
2.00862e-05
2.03489e-05
2.07184e-05
2.11914e-05
2.17612e-05
2.24185e-05
2.31518e-05
2.39489e-05
2.47969e-05
2.56834e-05
2.65969e-05
2.75278e-05
2.84685e-05
2.94148e-05
3.03654e-05
3.1323e-05
3.22941e-05
3.32894e-05
3.43231e-05
3.54133e-05
3.65807e-05
3.78497e-05
3.92464e-05
4.07993e-05
4.2539e-05
4.45018e-05
4.67376e-05
4.93292e-05
5.24313e-05
5.63428e-05
6.16282e-05
6.92944e-05
8.10104e-05
9.93117e-05
0.000127679
0.00017034
0.000231661
0.000315114
0.000422007
0.00055035
0.000694352
0.000844853
0.000990715
0.00112077
0.00122582
0.00130009
0.0013417
0.0013523
0.00133623
0.00129936
0.00124809
0.00118844
0.00112562
0.00106368
0.00100558
0.000953251
0.00090778
0.000869626
0.000838815
0.000815093
0.00079805
0.000787206
0.000782066
0.000782166
0.000787104
0.000796564
0.000810329
0.000828289
0.000850457
0.000876968
0.000908094
0.00094424
0.000985948
0.00103389
0.00108887
0.0011518
0.00122364
0.00130543
0.00139822
0.00150304
0.00162082
0.00175235
0.00189817
0.00205854
0.00223339
0.00242221
0.00262402
0.00283732
0.00305997
0.00328915
0.00352121
0.00375159
0.00397472
0.00418408
0.00437237
0.00453201
0.00465586
0.00473806
0.00477499
0.00476585
0.00471293
0.00462143
0.00449869
0.00435327
0.00419402
0.00402921
0.00386595
0.00370982
0.00356483
0.00343347
0.00331694
0.00321543
0.00312842
0.0030549
0.00299364
0.00294332
0.00290263
0.00287039
0.00284555
0.00282719
0.00281457
0.00280709
0.0028043
0.00280587
0.00281161
0.00282142
0.00283535
0.00285356
0.00287628
0.0029039
0.00293688
0.00297577
0.00302122
0.00307393
0.00313464
0.00320411
0.0032831
0.00337231
0.00347232
0.00358356
0.00370623
0.00384022
0.00398491
0.00413899
0.00430011
0.00446455
0.00462677
0.00477931
0.00491306
0.00501826
0.00508624
0.00511159
0.00509384
0.00503811
0.00495409
0.00485359
0.00474753
0.00464418
0.00454843
0.00446218
0.00438533
0.00431681
0.00425532
0.00419974
0.00414925
0.00410332
0.00406161
0.00402386
0.00398988
0.00395946
0.00393238
0.0039084
0.00388728
0.00386877
0.00385262
0.0038386
0.00382648
0.00381604
0.00380709
0.00379944
0.00379294
2.83938e-07
3.04834e-07
3.24763e-07
3.4349e-07
3.60822e-07
3.76607e-07
3.90731e-07
4.03119e-07
4.13732e-07
4.22564e-07
4.29635e-07
4.34992e-07
4.38704e-07
4.4086e-07
4.41567e-07
4.40945e-07
4.39134e-07
4.36286e-07
4.32566e-07
4.28155e-07
4.23248e-07
4.1805e-07
4.12779e-07
4.0766e-07
4.02922e-07
3.98799e-07
3.95523e-07
3.93332e-07
3.92495e-07
3.9339e-07
3.96703e-07
4.03882e-07
4.18068e-07
4.45754e-07
4.99407e-07
6.00908e-07
7.84999e-07
1.10098e-06
1.61017e-06
2.37716e-06
3.45456e-06
4.86471e-06
6.58416e-06
8.53802e-06
1.0608e-05
1.2653e-05
1.45352e-05
1.6146e-05
1.74208e-05
1.83421e-05
1.89337e-05
1.92484e-05
1.93551e-05
1.93269e-05
1.92318e-05
1.91282e-05
1.90619e-05
1.90667e-05
1.91652e-05
1.93702e-05
1.96875e-05
2.01165e-05
2.06524e-05
2.12865e-05
2.20077e-05
2.2803e-05
2.36581e-05
2.45584e-05
2.54895e-05
2.64383e-05
2.73933e-05
2.83455e-05
2.92892e-05
3.02222e-05
3.11466e-05
3.20686e-05
3.29991e-05
3.39531e-05
3.495e-05
3.60121e-05
3.71665e-05
3.84425e-05
3.98721e-05
4.149e-05
4.33369e-05
4.54671e-05
4.7968e-05
5.09988e-05
5.48627e-05
6.01285e-05
6.78073e-05
7.95697e-05
9.79465e-05
0.000126396
0.000169087
0.00023027
0.000313224
0.000418978
0.000545208
0.000685786
0.000831305
0.000970551
0.0010925
0.00118836
0.00125295
0.00128501
0.00128684
0.00126329
0.00122056
0.00116519
0.00110322
0.00103967
0.000978365
0.000921961
0.000872089
0.000829556
0.000794577
0.000766974
0.000746335
0.000732127
0.00072378
0.00072073
0.000722464
0.000728538
0.000738605
0.000752417
0.000769843
0.000790873
0.000815628
0.000844373
0.000877516
0.00091562
0.000959395
0.0010097
0.00106752
0.00113396
0.00121014
0.00129731
0.00139672
0.00150949
0.00163664
0.00177894
0.00193689
0.00211057
0.00229967
0.00250329
0.00271996
0.00294752
0.00318298
0.00342247
0.00366107
0.00389276
0.00411043
0.0043062
0.00447187
0.00459976
0.00468368
0.0047199
0.00470778
0.00465007
0.00455261
0.00442345
0.00427189
0.00410738
0.00393861
0.00377294
0.00361599
0.00347168
0.00334228
0.0032287
0.00313085
0.00304789
0.00297857
0.00292145
0.00287505
0.00283795
0.00280891
0.0027868
0.00277071
0.00275988
0.0027537
0.00275173
0.00275363
0.00275923
0.00276843
0.00278127
0.00279793
0.00281868
0.0028439
0.0028741
0.0029099
0.00295202
0.00300122
0.00305837
0.00312437
0.00320013
0.00328651
0.00338427
0.00349402
0.00361613
0.00375061
0.00389698
0.00405399
0.00421932
0.00438915
0.00455784
0.00471767
0.00485919
0.00497221
0.00504761
0.00507951
0.00506707
0.00501518
0.00493347
0.00483382
0.00472741
0.0046228
0.00452519
0.00443678
0.00435773
0.00428714
0.00422385
0.0041668
0.00411522
0.00406857
0.00402648
0.00398868
0.00395491
0.00392492
0.00389845
0.00387522
0.00385494
0.00383731
0.00382206
0.00380894
0.00379767
0.00378804
0.00377982
0.00377283
0.00376691
3.05917e-07
3.27946e-07
3.48847e-07
3.68375e-07
3.86334e-07
4.02573e-07
4.16984e-07
4.295e-07
4.4009e-07
4.48758e-07
4.55533e-07
4.60471e-07
4.63648e-07
4.65157e-07
4.65109e-07
4.63631e-07
4.60862e-07
4.56957e-07
4.52085e-07
4.4643e-07
4.40193e-07
4.33587e-07
4.26839e-07
4.20188e-07
4.13882e-07
4.08171e-07
4.03312e-07
3.99567e-07
3.97235e-07
3.96724e-07
3.98763e-07
4.04859e-07
4.18245e-07
4.45568e-07
4.99532e-07
6.02345e-07
7.89111e-07
1.10935e-06
1.62417e-06
2.39706e-06
3.47837e-06
4.88683e-06
6.59452e-06
8.52211e-06
1.05481e-05
1.25305e-05
1.43337e-05
1.58541e-05
1.70339e-05
1.78629e-05
1.83714e-05
1.86175e-05
1.86733e-05
1.86131e-05
1.85049e-05
1.84055e-05
1.83586e-05
1.83955e-05
1.85365e-05
1.87923e-05
1.91665e-05
1.9657e-05
2.02572e-05
2.0957e-05
2.17438e-05
2.26028e-05
2.35182e-05
2.44736e-05
2.54528e-05
2.64407e-05
2.74243e-05
2.83929e-05
2.93395e-05
3.02608e-05
3.11582e-05
3.20374e-05
3.29093e-05
3.37897e-05
3.46989e-05
3.56601e-05
3.67032e-05
3.78606e-05
3.91674e-05
4.06622e-05
4.23898e-05
4.44093e-05
4.68126e-05
4.97635e-05
5.35702e-05
5.88065e-05
6.64884e-05
7.82905e-05
9.67407e-05
0.000125278
0.000168018
0.000229102
0.000311623
0.000416343
0.000540618
0.000678005
0.000818869
0.000951946
0.00106638
0.00115381
0.00120961
0.00123318
0.00122739
0.00119756
0.00115017
0.00109185
0.00102859
0.000965219
0.000905294
0.00085117
0.000804184
0.000764879
0.00073325
0.000708945
0.000691418
0.00068004
0.000674174
0.000673208
0.00067659
0.000683851
0.000694614
0.00070861
0.00072568
0.000745792
0.000769047
0.000795695
0.000826137
0.00086094
0.000900838
0.000946728
0.000999666
0.00106084
0.00113145
0.00121296
0.00130678
0.00141424
0.00153658
0.00167481
0.00182964
0.0020014
0.00218991
0.00239442
0.00261353
0.00284503
0.00308584
0.00333185
0.0035778
0.00381722
0.00404247
0.00424504
0.00441614
0.00454759
0.00463288
0.00466817
0.00465305
0.00459073
0.0044877
0.00435273
0.00419579
0.00402691
0.00385517
0.00368807
0.00353125
0.00338847
0.00326175
0.00315171
0.00305792
0.00297929
0.00291432
0.00286138
0.00281886
0.00278527
0.00275929
0.0027398
0.00272586
0.00271672
0.00271178
0.00271059
0.00271284
0.00271833
0.00272698
0.00273885
0.00275408
0.00277297
0.00279592
0.00282346
0.00285625
0.00289506
0.00294075
0.00299423
0.00305658
0.00312884
0.00321203
0.00330709
0.00341479
0.00353568
0.00366995
0.00381723
0.00397638
0.00414509
0.00431953
0.0044939
0.00466026
0.00480885
0.00492906
0.00501132
0.00504931
0.00504183
0.00499352
0.00491397
0.00481515
0.00470844
0.00460269
0.0045034
0.00441307
0.00433208
0.0042597
0.00419489
0.00413667
0.00408427
0.00403716
0.00399495
0.00395731
0.00392396
0.00389458
0.00386888
0.00384652
0.00382718
0.00381052
0.00379624
0.00378405
0.00377368
0.00376487
0.00375741
0.00375109
0.00374575
0.00494389
0.00494448
0.00494508
0.00494566
0.00494624
0.00494681
0.00494737
0.00494793
0.00494847
0.004949
0.00494953
0.00495004
0.00495055
0.00495104
0.00495151
0.00495198
0.00495243
0.00495286
0.00495328
0.00495369
0.00495408
0.00495445
0.0049548
0.00495514
0.00495546
0.00495576
0.00495604
0.00495631
0.00495655
0.00495678
0.00495699
0.00495718
0.00495735
0.0049575
0.00495763
0.00495774
0.00495783
0.0049579
0.00495795
0.00495798
0.00476137
0.00476073
0.0047602
0.00475978
0.00475945
0.00475921
0.00475907
0.00475901
0.00475903
0.00475914
0.00475932
0.00475957
0.00475989
0.00476027
0.0047607
0.00476119
0.00476172
0.0047623
0.00476292
0.00476356
0.00476423
0.00476492
0.00476563
0.00476634
0.00476706
0.00476777
0.00476848
0.00476918
0.00476985
0.0047705
0.00477112
0.00477171
0.00477225
0.00477274
0.00477319
0.00477357
0.00477389
0.00477414
0.00477431
0.0047744
0.00459574
0.00459408
0.00459263
0.00459137
0.00459029
0.00458939
0.00458867
0.00458811
0.00458771
0.00458746
0.00458735
0.00458739
0.00458756
0.00458784
0.00458825
0.00458875
0.00458936
0.00459005
0.00459082
0.00459167
0.00459257
0.00459352
0.00459451
0.00459554
0.00459658
0.00459764
0.0045987
0.00459974
0.00460077
0.00460177
0.00460273
0.00460364
0.00460449
0.00460528
0.00460598
0.00460659
0.00460709
0.00460749
0.00460777
0.00460791
0.00444817
0.00444572
0.00444355
0.00444163
0.00443998
0.00443856
0.00443738
0.00443643
0.00443569
0.00443517
0.00443484
0.0044347
0.00443474
0.00443494
0.00443531
0.00443582
0.00443647
0.00443724
0.00443812
0.0044391
0.00444017
0.00444131
0.00444251
0.00444376
0.00444505
0.00444636
0.00444767
0.00444899
0.00445028
0.00445154
0.00445275
0.00445391
0.00445499
0.00445599
0.00445688
0.00445766
0.00445832
0.00445883
0.00445918
0.00445936
0.00431875
0.00431573
0.00431303
0.00431065
0.00430856
0.00430677
0.00430526
0.00430402
0.00430303
0.00430229
0.00430179
0.00430151
0.00430144
0.00430157
0.00430189
0.00430238
0.00430304
0.00430384
0.00430478
0.00430583
0.004307
0.00430825
0.00430958
0.00431097
0.00431241
0.00431387
0.00431535
0.00431683
0.0043183
0.00431973
0.00432111
0.00432243
0.00432366
0.0043248
0.00432583
0.00432672
0.00432748
0.00432806
0.00432847
0.00432868
0.00420679
0.00420338
0.00420034
0.00419765
0.00419529
0.00419324
0.00419151
0.00419006
0.0041889
0.004188
0.00418737
0.00418697
0.00418681
0.00418687
0.00418713
0.00418758
0.00418821
0.004189
0.00418994
0.00419101
0.0041922
0.00419349
0.00419487
0.00419632
0.00419782
0.00419935
0.00420091
0.00420247
0.00420401
0.00420553
0.00420699
0.00420839
0.00420971
0.00421092
0.00421202
0.00421297
0.00421378
0.00421441
0.00421485
0.00421508
0.00411105
0.00410745
0.00410422
0.00410135
0.00409883
0.00409664
0.00409476
0.00409319
0.00409191
0.00409091
0.00409018
0.00408969
0.00408945
0.00408943
0.00408962
0.00409001
0.00409058
0.00409132
0.00409221
0.00409324
0.0040944
0.00409566
0.00409702
0.00409845
0.00409993
0.00410146
0.00410302
0.00410457
0.00410612
0.00410764
0.00410912
0.00411052
0.00411185
0.00411308
0.00411419
0.00411516
0.00411598
0.00411662
0.00411707
0.0041173
0.00403002
0.00402635
0.00402306
0.00402013
0.00401754
0.00401529
0.00401336
0.00401172
0.00401038
0.00400931
0.0040085
0.00400795
0.00400762
0.00400752
0.00400763
0.00400794
0.00400843
0.00400908
0.00400989
0.00401084
0.00401191
0.00401309
0.00401437
0.00401572
0.00401713
0.00401858
0.00402006
0.00402155
0.00402304
0.0040245
0.00402592
0.00402728
0.00402856
0.00402975
0.00403082
0.00403176
0.00403256
0.00403319
0.00403363
0.00403386
0.00396204
0.0039584
0.00395514
0.00395224
0.00394967
0.00394743
0.00394549
0.00394384
0.00394247
0.00394136
0.0039405
0.00393988
0.00393949
0.00393931
0.00393933
0.00393954
0.00393993
0.00394047
0.00394116
0.00394199
0.00394294
0.00394399
0.00394514
0.00394636
0.00394764
0.00394897
0.00395033
0.0039517
0.00395307
0.00395442
0.00395573
0.00395699
0.00395818
0.00395928
0.00396029
0.00396117
0.00396191
0.0039625
0.00396291
0.00396313
0.00390542
0.00390191
0.00389876
0.00389595
0.00389346
0.00389126
0.00388936
0.00388773
0.00388636
0.00388524
0.00388434
0.00388368
0.00388322
0.00388296
0.00388288
0.00388298
0.00388325
0.00388366
0.00388422
0.0038849
0.00388569
0.00388659
0.00388757
0.00388863
0.00388975
0.00389091
0.00389211
0.00389332
0.00389453
0.00389573
0.00389689
0.00389802
0.00389908
0.00390007
0.00390096
0.00390175
0.00390242
0.00390295
0.00390333
0.00390352
0.00385859
0.00385526
0.00385227
0.00384959
0.00384721
0.00384511
0.00384328
0.00384169
0.00384034
0.00383921
0.0038383
0.00383759
0.00383707
0.00383672
0.00383655
0.00383654
0.00383667
0.00383695
0.00383735
0.00383787
0.00383849
0.00383921
0.00384001
0.00384087
0.0038418
0.00384277
0.00384377
0.0038448
0.00384582
0.00384684
0.00384783
0.00384879
0.0038497
0.00385054
0.00385131
0.00385199
0.00385257
0.00385303
0.00385335
0.00385353
0.00382008
0.00381697
0.00381417
0.00381166
0.00380942
0.00380743
0.00380568
0.00380415
0.00380283
0.00380172
0.00380079
0.00380004
0.00379946
0.00379904
0.00379876
0.00379863
0.00379864
0.00379876
0.003799
0.00379935
0.00379978
0.00380031
0.00380091
0.00380157
0.00380229
0.00380305
0.00380385
0.00380466
0.00380548
0.0038063
0.0038071
0.00380788
0.00380861
0.0038093
0.00380993
0.00381048
0.00381095
0.00381132
0.00381159
0.00381174
0.00378857
0.0037857
0.00378312
0.00378079
0.0037787
0.00377684
0.00377518
0.00377372
0.00377245
0.00377135
0.00377041
0.00376963
0.00376899
0.00376849
0.00376812
0.00376787
0.00376774
0.00376772
0.00376779
0.00376796
0.00376821
0.00376853
0.00376893
0.00376938
0.00376989
0.00377043
0.003771
0.0037716
0.0037722
0.00377281
0.00377341
0.00377399
0.00377455
0.00377506
0.00377554
0.00377595
0.00377631
0.00377659
0.0037768
0.00377691
0.00376293
0.00376031
0.00375794
0.0037558
0.00375387
0.00375214
0.00375059
0.0037492
0.00374797
0.00374689
0.00374595
0.00374513
0.00374444
0.00374387
0.0037434
0.00374304
0.00374278
0.0037426
0.00374251
0.0037425
0.00374257
0.0037427
0.00374288
0.00374312
0.00374341
0.00374373
0.00374409
0.00374446
0.00374485
0.00374524
0.00374563
0.00374602
0.00374638
0.00374672
0.00374704
0.00374731
0.00374755
0.00374774
0.00374788
0.00374796
0.00374215
0.00373979
0.00373764
0.00373569
0.00373392
0.00373232
0.00373087
0.00372955
0.00372837
0.00372731
0.00372637
0.00372553
0.00372478
0.00372414
0.00372358
0.00372311
0.00372272
0.0037224
0.00372215
0.00372197
0.00372184
0.00372178
0.00372177
0.0037218
0.00372187
0.00372197
0.00372211
0.00372226
0.00372243
0.00372261
0.0037228
0.00372298
0.00372316
0.00372332
0.00372347
0.00372361
0.00372372
0.00372381
0.00372388
0.00372392
2.90976e-10
9.93223e-10
1.84083e-09
2.85647e-09
4.06441e-09
5.49066e-09
7.16293e-09
9.11049e-09
1.1364e-08
1.39552e-08
1.69168e-08
2.0282e-08
2.4084e-08
2.83556e-08
3.31286e-08
3.84334e-08
4.4298e-08
5.07475e-08
5.78035e-08
6.54833e-08
7.37991e-08
8.27577e-08
9.23595e-08
1.02599e-07
1.13462e-07
1.24929e-07
1.36973e-07
1.49558e-07
1.62643e-07
1.76181e-07
1.90116e-07
2.04389e-07
2.18937e-07
2.33691e-07
2.48581e-07
2.63537e-07
2.78483e-07
2.93348e-07
3.08057e-07
3.22537e-07
3.34879e-10
1.14349e-09
2.12073e-09
3.29379e-09
4.69187e-09
6.34635e-09
8.29071e-09
1.05604e-08
1.31925e-08
1.62256e-08
1.96994e-08
2.36539e-08
2.81294e-08
3.31654e-08
3.88001e-08
4.50695e-08
5.20064e-08
5.96399e-08
6.79943e-08
7.70879e-08
8.69325e-08
9.75325e-08
1.08884e-07
1.20976e-07
1.33785e-07
1.47282e-07
1.61428e-07
1.76173e-07
1.91462e-07
2.07228e-07
2.23401e-07
2.39905e-07
2.56656e-07
2.73569e-07
2.90559e-07
3.07537e-07
3.24414e-07
3.41105e-07
3.57523e-07
3.73583e-07
3.8384e-10
1.31105e-09
2.43278e-09
3.78127e-09
5.39121e-09
7.29996e-09
9.54746e-09
1.2176e-08
1.52301e-08
1.87558e-08
2.28006e-08
2.74123e-08
3.26389e-08
3.85272e-08
4.51222e-08
5.24659e-08
6.05962e-08
6.95458e-08
7.93408e-08
8.99999e-08
1.01533e-07
1.1394e-07
1.27212e-07
1.41326e-07
1.56252e-07
1.71943e-07
1.88346e-07
2.05395e-07
2.23013e-07
2.41117e-07
2.59614e-07
2.78407e-07
2.97394e-07
3.1647e-07
3.35529e-07
3.54469e-07
3.73186e-07
3.91582e-07
4.09559e-07
4.27022e-07
4.37701e-10
1.49537e-09
2.77606e-09
4.31754e-09
6.16058e-09
8.34918e-09
1.09305e-08
1.39544e-08
1.74736e-08
2.15426e-08
2.62173e-08
3.15544e-08
3.76101e-08
4.44394e-08
5.20942e-08
6.0623e-08
7.00683e-08
8.04659e-08
9.18431e-08
1.04217e-07
1.17595e-07
1.31969e-07
1.47321e-07
1.63616e-07
1.80809e-07
1.98836e-07
2.17624e-07
2.37085e-07
2.57119e-07
2.7762e-07
2.98471e-07
3.19552e-07
3.40737e-07
3.61903e-07
3.82925e-07
4.03683e-07
4.24063e-07
4.43954e-07
4.63252e-07
4.81854e-07
4.963e-10
1.69591e-09
3.14956e-09
4.9011e-09
6.99798e-09
9.49152e-09
1.24367e-08
1.58922e-08
1.99193e-08
2.45819e-08
2.99456e-08
3.60763e-08
4.30395e-08
5.08985e-08
5.97129e-08
6.95373e-08
8.04185e-08
9.23948e-08
1.05493e-07
1.19727e-07
1.35098e-07
1.51589e-07
1.69167e-07
1.87784e-07
2.07372e-07
2.27848e-07
2.49113e-07
2.71052e-07
2.9354e-07
3.16442e-07
3.39614e-07
3.62911e-07
3.86185e-07
4.0929e-07
4.32084e-07
4.54434e-07
4.76214e-07
4.97307e-07
5.17605e-07
5.37004e-07
5.59455e-10
1.91205e-09
3.55217e-09
5.53027e-09
7.90109e-09
1.0724e-08
1.40626e-08
1.79849e-08
2.25621e-08
2.78684e-08
3.39795e-08
4.09717e-08
4.89202e-08
5.78973e-08
6.79704e-08
7.91996e-08
9.16359e-08
1.05318e-07
1.20271e-07
1.36504e-07
1.54006e-07
1.7275e-07
1.92684e-07
2.13739e-07
2.35822e-07
2.58824e-07
2.82615e-07
3.07051e-07
3.31974e-07
3.57218e-07
3.82612e-07
4.07982e-07
4.33156e-07
4.57969e-07
4.82265e-07
5.05898e-07
5.28738e-07
5.50665e-07
5.71574e-07
5.91365e-07
6.26946e-10
2.14304e-09
3.98251e-09
6.20295e-09
8.86703e-09
1.20428e-08
1.58035e-08
2.02271e-08
2.53957e-08
3.13945e-08
3.83105e-08
4.62311e-08
5.52417e-08
6.54238e-08
7.68525e-08
8.95935e-08
1.037e-07
1.19211e-07
1.36145e-07
1.54504e-07
1.74264e-07
1.95378e-07
2.17775e-07
2.41356e-07
2.66e-07
2.91564e-07
3.17884e-07
3.4478e-07
3.72059e-07
3.99522e-07
4.26965e-07
4.54189e-07
4.80999e-07
5.07214e-07
5.32666e-07
5.57203e-07
5.80695e-07
6.03029e-07
6.24108e-07
6.43844e-07
6.98504e-10
2.38797e-09
4.4389e-09
6.91658e-09
9.89221e-09
1.34433e-08
1.76533e-08
2.26113e-08
2.84111e-08
3.51499e-08
4.29267e-08
5.18407e-08
6.1988e-08
7.34597e-08
8.63381e-08
1.00693e-07
1.1658e-07
1.34034e-07
1.53067e-07
1.73667e-07
1.95793e-07
2.19375e-07
2.44312e-07
2.70476e-07
2.97707e-07
3.25824e-07
3.54624e-07
3.83884e-07
4.13377e-07
4.42865e-07
4.72116e-07
5.00904e-07
5.29016e-07
5.56257e-07
5.82455e-07
6.07461e-07
6.3115e-07
6.53424e-07
6.74204e-07
6.93421e-07
7.73805e-10
2.64574e-09
4.9193e-09
7.668e-09
1.09722e-08
1.49195e-08
1.96046e-08
2.51284e-08
3.15972e-08
3.91212e-08
4.78124e-08
5.7782e-08
6.91377e-08
8.19796e-08
9.6397e-08
1.12463e-07
1.30233e-07
1.49734e-07
1.7097e-07
1.9391e-07
2.1849e-07
2.44611e-07
2.72138e-07
3.00903e-07
3.30704e-07
3.61316e-07
3.9249e-07
4.23962e-07
4.55461e-07
4.86717e-07
5.17468e-07
5.47465e-07
5.76483e-07
6.04321e-07
6.3081e-07
6.5581e-07
6.79216e-07
7.0095e-07
7.20959e-07
7.39206e-07
8.52459e-10
2.915e-09
5.42123e-09
8.4534e-09
1.21016e-08
1.64643e-08
2.16481e-08
2.77667e-08
3.49398e-08
4.32914e-08
5.29471e-08
6.4031e-08
7.66621e-08
9.09499e-08
1.06989e-07
1.24856e-07
1.446e-07
1.66243e-07
1.8977e-07
2.15129e-07
2.42227e-07
2.7093e-07
3.01061e-07
3.32406e-07
3.64716e-07
3.97713e-07
4.31101e-07
4.6457e-07
4.9781e-07
5.30516e-07
5.62401e-07
5.93201e-07
6.22684e-07
6.50654e-07
6.76952e-07
7.01462e-07
7.24103e-07
7.4483e-07
7.63627e-07
7.80491e-07
9.34004e-10
3.19418e-09
5.94179e-09
9.26824e-09
1.3274e-08
1.80691e-08
2.37727e-08
3.05121e-08
3.84215e-08
4.76393e-08
5.83054e-08
7.05573e-08
8.45254e-08
1.00328e-07
1.18064e-07
1.37811e-07
1.59611e-07
1.83472e-07
2.09361e-07
2.37198e-07
2.66852e-07
2.98148e-07
3.30861e-07
3.64723e-07
3.99431e-07
4.34654e-07
4.70043e-07
5.05243e-07
5.39904e-07
5.73692e-07
6.06302e-07
6.37462e-07
6.66944e-07
6.94565e-07
7.20193e-07
7.43739e-07
7.65163e-07
7.8446e-07
8.01655e-07
8.16791e-07
1.0179e-09
3.48145e-09
6.47755e-09
1.01072e-08
1.44819e-08
1.97236e-08
2.59651e-08
3.33479e-08
4.20215e-08
5.21394e-08
6.38566e-08
7.7324e-08
9.26836e-08
1.10061e-07
1.2956e-07
1.51253e-07
1.75176e-07
2.01318e-07
2.29619e-07
2.59966e-07
2.92186e-07
3.26053e-07
3.61287e-07
3.97561e-07
4.34514e-07
4.71755e-07
5.08884e-07
5.45501e-07
5.81221e-07
6.15689e-07
6.48587e-07
6.79648e-07
7.08658e-07
7.35463e-07
7.59964e-07
7.82116e-07
8.01925e-07
8.19434e-07
8.34719e-07
8.47866e-07
1.10355e-09
3.77472e-09
7.02464e-09
1.09644e-08
1.57166e-08
2.14162e-08
2.82099e-08
3.62547e-08
4.57154e-08
5.67619e-08
6.95643e-08
8.42875e-08
1.01084e-07
1.20088e-07
1.41403e-07
1.65097e-07
1.91192e-07
2.19657e-07
2.50399e-07
2.83263e-07
3.18028e-07
3.5441e-07
3.92068e-07
4.3061e-07
4.6961e-07
5.08621e-07
5.4719e-07
5.84874e-07
6.21263e-07
6.55986e-07
6.88728e-07
7.19236e-07
7.47326e-07
7.72882e-07
7.95852e-07
8.16244e-07
8.34117e-07
8.49569e-07
8.62727e-07
8.73726e-07
1.19026e-09
4.07166e-09
7.57871e-09
1.18328e-08
1.69684e-08
2.31336e-08
3.049e-08
3.921e-08
4.94753e-08
6.14721e-08
7.53864e-08
9.13968e-08
1.09667e-07
1.30335e-07
1.53506e-07
1.7924e-07
2.0754e-07
2.38348e-07
2.71535e-07
3.06897e-07
3.44157e-07
3.82965e-07
4.22914e-07
4.63542e-07
5.04359e-07
5.44857e-07
5.84534e-07
6.22916e-07
6.5957e-07
6.94125e-07
7.26279e-07
7.5581e-07
7.82574e-07
8.06507e-07
8.27614e-07
8.45963e-07
8.61673e-07
8.74898e-07
8.85815e-07
8.94607e-07
1.27728e-09
4.36969e-09
8.13496e-09
1.2705e-08
1.82264e-08
2.48612e-08
3.27857e-08
4.2189e-08
5.32697e-08
6.62312e-08
8.12752e-08
9.85941e-08
1.18361e-07
1.4072e-07
1.65773e-07
1.93567e-07
2.24086e-07
2.57237e-07
2.92848e-07
3.30661e-07
3.70335e-07
4.1145e-07
4.53525e-07
4.96029e-07
5.38401e-07
5.8008e-07
6.2052e-07
6.59222e-07
6.95744e-07
7.29727e-07
7.60897e-07
7.89074e-07
8.14171e-07
8.36184e-07
8.55184e-07
8.71305e-07
8.84725e-07
8.95655e-07
9.04318e-07
9.10939e-07
1.36381e-09
4.66605e-09
8.68821e-09
1.35729e-08
1.94791e-08
2.65828e-08
3.50759e-08
4.51643e-08
5.70641e-08
7.09958e-08
8.71776e-08
1.05815e-07
1.27091e-07
1.51152e-07
1.78094e-07
2.07951e-07
2.40681e-07
2.76152e-07
3.14143e-07
3.54334e-07
3.96314e-07
4.39589e-07
4.83601e-07
5.27743e-07
5.71393e-07
6.13936e-07
6.54793e-07
6.93446e-07
7.29463e-07
7.62508e-07
7.92349e-07
8.18865e-07
8.42032e-07
8.61918e-07
8.78665e-07
8.92472e-07
9.03577e-07
9.12241e-07
9.18728e-07
9.23294e-07
1.44899e-09
4.95781e-09
9.23301e-09
1.4428e-08
2.0714e-08
2.82814e-08
3.73379e-08
4.81064e-08
6.08208e-08
7.57193e-08
9.30358e-08
1.1299e-07
1.35771e-07
1.61529e-07
1.90352e-07
2.22255e-07
2.57166e-07
2.94912e-07
3.35214e-07
3.77685e-07
4.2184e-07
4.67106e-07
5.12844e-07
5.58376e-07
6.03019e-07
6.46111e-07
6.87049e-07
7.25314e-07
7.60492e-07
7.92286e-07
8.20523e-07
8.45148e-07
8.66213e-07
8.83861e-07
8.98306e-07
9.09811e-07
9.18667e-07
9.25178e-07
9.29639e-07
9.3233e-07
1.53195e-09
5.24196e-09
9.7637e-09
1.52612e-08
2.19182e-08
2.99391e-08
3.95478e-08
5.09843e-08
6.45003e-08
8.03517e-08
9.87885e-08
1.20042e-07
1.44312e-07
1.71744e-07
2.0242e-07
2.36333e-07
2.73375e-07
3.13326e-07
3.55847e-07
4.0048e-07
4.46659e-07
4.93729e-07
5.40972e-07
5.87641e-07
6.32995e-07
6.76337e-07
7.17051e-07
7.54628e-07
7.88688e-07
8.18987e-07
8.45422e-07
8.68014e-07
8.86896e-07
9.02289e-07
9.14474e-07
9.23774e-07
9.30525e-07
9.35062e-07
9.37702e-07
9.38736e-07
1.6118e-09
5.51547e-09
1.02746e-08
1.60636e-08
2.30786e-08
3.15379e-08
4.16813e-08
5.3766e-08
6.80617e-08
8.48416e-08
1.04372e-07
1.26895e-07
1.52618e-07
1.81686e-07
2.14167e-07
2.50032e-07
2.89134e-07
3.31201e-07
3.7583e-07
4.22486e-07
4.70522e-07
5.19201e-07
5.67725e-07
6.15282e-07
6.61082e-07
7.04402e-07
7.44626e-07
7.81268e-07
8.13996e-07
8.42633e-07
8.67151e-07
8.87656e-07
9.04364e-07
9.17569e-07
9.27617e-07
9.34879e-07
9.39726e-07
9.42514e-07
9.43569e-07
9.43183e-07
1.6877e-09
5.77542e-09
1.07602e-08
1.68266e-08
2.41823e-08
3.30599e-08
4.37143e-08
5.64199e-08
7.1464e-08
8.9137e-08
1.0972e-07
1.33469e-07
1.60595e-07
1.91241e-07
2.25461e-07
2.63198e-07
3.04268e-07
3.48342e-07
3.94949e-07
4.43476e-07
4.93194e-07
5.43282e-07
5.92868e-07
6.41079e-07
6.87086e-07
7.30152e-07
7.6967e-07
8.05193e-07
8.36447e-07
8.63331e-07
8.85901e-07
9.04349e-07
9.1897e-07
9.30128e-07
9.38224e-07
9.43665e-07
9.46848e-07
9.48137e-07
9.47856e-07
9.46289e-07
1.75885e-09
6.01911e-09
1.12154e-08
1.75418e-08
2.52175e-08
3.44881e-08
4.56239e-08
5.89156e-08
7.46677e-08
9.31877e-08
1.14772e-07
1.39687e-07
1.68148e-07
2.00295e-07
2.36169e-07
2.75682e-07
3.18608e-07
3.64562e-07
4.13001e-07
4.63236e-07
5.14454e-07
5.65755e-07
6.16196e-07
6.64852e-07
7.10863e-07
7.53487e-07
7.92141e-07
8.26428e-07
8.5614e-07
8.81258e-07
9.01926e-07
9.1842e-07
9.31108e-07
9.40417e-07
9.46789e-07
9.50662e-07
9.5244e-07
9.52487e-07
9.51117e-07
9.48596e-07
1.82458e-09
6.24418e-09
1.16358e-08
1.82023e-08
2.61735e-08
3.58077e-08
4.73894e-08
6.12254e-08
7.76367e-08
9.69471e-08
1.19467e-07
1.45474e-07
1.75188e-07
2.08744e-07
2.46166e-07
2.87339e-07
3.31991e-07
3.7968e-07
4.29794e-07
4.81567e-07
5.34104e-07
5.86429e-07
6.37538e-07
6.86459e-07
7.32311e-07
7.74359e-07
8.12053e-07
8.45053e-07
8.73226e-07
8.96638e-07
9.15517e-07
9.3022e-07
9.41182e-07
9.48878e-07
9.53785e-07
9.56354e-07
9.56992e-07
9.56049e-07
9.53825e-07
9.50562e-07
1.88437e-09
6.44885e-09
1.20179e-08
1.88024e-08
2.7042e-08
3.70065e-08
4.89941e-08
6.33264e-08
8.03404e-08
1.00375e-07
1.23756e-07
1.50768e-07
1.81637e-07
2.16492e-07
2.5534e-07
2.98037e-07
3.44268e-07
3.93534e-07
4.45156e-07
4.9829e-07
5.51968e-07
6.05143e-07
6.56755e-07
7.05794e-07
7.51369e-07
7.9276e-07
8.29459e-07
8.61188e-07
8.87891e-07
9.09718e-07
9.26979e-07
9.40102e-07
9.49578e-07
9.55922e-07
9.59633e-07
9.61167e-07
9.6092e-07
9.5923e-07
9.56368e-07
9.52557e-07
1.93793e-09
6.63208e-09
1.23597e-08
1.93387e-08
2.78175e-08
3.80765e-08
5.04263e-08
6.52024e-08
8.27564e-08
1.03442e-07
1.27597e-07
1.55518e-07
1.8743e-07
2.23459e-07
2.63595e-07
3.07665e-07
3.55313e-07
4.05984e-07
4.58935e-07
5.13252e-07
5.67898e-07
6.21762e-07
6.73736e-07
7.22783e-07
7.68009e-07
8.08716e-07
8.44443e-07
8.74976e-07
9.00337e-07
9.20753e-07
9.36608e-07
9.48392e-07
9.56645e-07
9.61908e-07
9.64692e-07
9.65449e-07
9.64563e-07
9.62347e-07
9.5905e-07
9.54868e-07
1.98523e-09
6.79379e-09
1.26609e-08
1.98105e-08
2.84987e-08
3.90152e-08
5.16816e-08
6.68461e-08
8.48738e-08
1.06132e-07
1.30969e-07
1.5969e-07
1.92523e-07
2.29588e-07
2.7086e-07
3.16138e-07
3.65025e-07
4.16916e-07
4.7101e-07
5.26329e-07
5.81773e-07
6.3618e-07
6.88401e-07
7.3738e-07
7.82226e-07
8.22271e-07
8.57102e-07
8.86567e-07
9.1076e-07
9.29978e-07
9.4467e-07
9.55378e-07
9.62676e-07
9.67127e-07
9.69244e-07
9.6947e-07
9.68172e-07
9.65638e-07
9.62092e-07
9.57702e-07
2.02664e-09
6.93516e-09
1.29236e-08
2.02209e-08
2.90895e-08
3.98271e-08
5.2765e-08
6.82624e-08
8.66962e-08
1.08445e-07
1.33869e-07
1.63278e-07
1.96902e-07
2.34856e-07
2.77097e-07
3.23402e-07
3.73336e-07
4.26251e-07
4.8129e-07
5.37425e-07
5.93503e-07
6.48318e-07
7.0069e-07
7.49553e-07
7.9403e-07
8.33479e-07
8.67534e-07
8.96101e-07
9.19336e-07
9.37597e-07
9.51387e-07
9.61288e-07
9.67901e-07
9.718e-07
9.73496e-07
9.73421e-07
9.71921e-07
9.69262e-07
9.65641e-07
9.61201e-07
2.06294e-09
7.05887e-09
1.31528e-08
2.05773e-08
2.96001e-08
4.05255e-08
5.36928e-08
6.94707e-08
8.8246e-08
1.10407e-07
1.36321e-07
1.66303e-07
2.00585e-07
2.39271e-07
2.82308e-07
3.29447e-07
3.80223e-07
4.33949e-07
4.89727e-07
5.46484e-07
6.03029e-07
6.5812e-07
7.10564e-07
7.59291e-07
8.03436e-07
8.42388e-07
8.75821e-07
9.0369e-07
9.26203e-07
9.43767e-07
9.56925e-07
9.66288e-07
9.72477e-07
9.7607e-07
9.77576e-07
9.77411e-07
9.75904e-07
9.73299e-07
9.69771e-07
9.65436e-07
2.09546e-09
7.16943e-09
1.33566e-08
2.08925e-08
3.00484e-08
4.11342e-08
5.44957e-08
7.05088e-08
8.95679e-08
1.12068e-07
1.38382e-07
1.68827e-07
2.03631e-07
2.42892e-07
2.86541e-07
3.3431e-07
3.85709e-07
4.40019e-07
4.96313e-07
5.53488e-07
6.10323e-07
6.65563e-07
7.18005e-07
7.66587e-07
8.10458e-07
8.49034e-07
8.82021e-07
9.09414e-07
9.31457e-07
9.48591e-07
9.61388e-07
9.70478e-07
9.76491e-07
9.8001e-07
9.81535e-07
9.81474e-07
9.80138e-07
9.77755e-07
9.7448e-07
9.70408e-07
2.12615e-09
7.27349e-09
1.35475e-08
2.11854e-08
3.04617e-08
4.169e-08
5.52212e-08
7.1436e-08
9.07337e-08
1.13513e-07
1.40147e-07
1.70951e-07
2.06148e-07
2.45825e-07
2.899e-07
3.38086e-07
3.89873e-07
4.44525e-07
5.01095e-07
5.58464e-07
6.15401e-07
6.7065e-07
7.23015e-07
7.71443e-07
8.15104e-07
8.53433e-07
8.86163e-07
9.13309e-07
9.35139e-07
9.52113e-07
9.64815e-07
9.73886e-07
9.79959e-07
9.83616e-07
9.85353e-07
9.8557e-07
9.84568e-07
9.82563e-07
9.79695e-07
9.76041e-07
2.15767e-09
7.38016e-09
1.37423e-08
2.14827e-08
3.08778e-08
4.22445e-08
5.59363e-08
7.23367e-08
9.18459e-08
1.14861e-07
1.41752e-07
1.72827e-07
2.08296e-07
2.48235e-07
2.92546e-07
3.40928e-07
3.92858e-07
4.4759e-07
5.04173e-07
5.61491e-07
6.18321e-07
6.73422e-07
7.25616e-07
7.73872e-07
8.17377e-07
8.55584e-07
8.88239e-07
9.15366e-07
9.37237e-07
9.54314e-07
9.6718e-07
9.76475e-07
9.82828e-07
9.8682e-07
9.88942e-07
9.89593e-07
9.8907e-07
9.87581e-07
9.85261e-07
9.82176e-07
2.19351e-09
7.50136e-09
1.39633e-08
2.18191e-08
3.13472e-08
4.28662e-08
5.67308e-08
7.33238e-08
9.30417e-08
1.16275e-07
1.43381e-07
1.74655e-07
2.1029e-07
2.50344e-07
2.94702e-07
3.43052e-07
3.94866e-07
4.49398e-07
5.05711e-07
5.62708e-07
6.19194e-07
6.73962e-07
7.25865e-07
7.73903e-07
8.17283e-07
8.55472e-07
8.88217e-07
9.15536e-07
9.37689e-07
9.55119e-07
9.68396e-07
9.78144e-07
9.84985e-07
9.89491e-07
9.92156e-07
9.93378e-07
9.93457e-07
9.92604e-07
9.90955e-07
9.88571e-07
2.23803e-09
7.65205e-09
1.42386e-08
2.22392e-08
3.19342e-08
4.36432e-08
5.77198e-08
7.45414e-08
9.44948e-08
1.17955e-07
1.45262e-07
1.76684e-07
2.12394e-07
2.52425e-07
2.96645e-07
3.44732e-07
3.96159e-07
4.50198e-07
5.05936e-07
5.62315e-07
6.18192e-07
6.72408e-07
7.23865e-07
7.71601e-07
8.1485e-07
8.53087e-07
8.86052e-07
9.13744e-07
9.3639e-07
9.54404e-07
9.6832e-07
9.78737e-07
9.86258e-07
9.91447e-07
9.94796e-07
9.96707e-07
9.97491e-07
9.97369e-07
9.96485e-07
9.94908e-07
2.29647e-09
7.8504e-09
1.46027e-08
2.27978e-08
3.27187e-08
4.46849e-08
5.90448e-08
7.61648e-08
9.64134e-08
1.20142e-07
1.47658e-07
1.79201e-07
2.14909e-07
2.54788e-07
2.98689e-07
3.46281e-07
3.97049e-07
4.50288e-07
5.05133e-07
5.60582e-07
6.15558e-07
6.68971e-07
7.19788e-07
7.67093e-07
8.10152e-07
8.48451e-07
8.81715e-07
9.09911e-07
9.33224e-07
9.52015e-07
9.66773e-07
9.78055e-07
9.86436e-07
9.92463e-07
9.96624e-07
9.99328e-07
1.0009e-06
1.00158e-06
1.00152e-06
1.00081e-06
2.37499e-09
8.11781e-09
1.50965e-08
2.35612e-08
3.37977e-08
4.61225e-08
6.08731e-08
7.8396e-08
9.90309e-08
1.23093e-07
1.50851e-07
1.825e-07
2.18141e-07
2.57749e-07
3.01154e-07
3.48026e-07
3.97865e-07
4.50006e-07
5.03641e-07
5.57842e-07
6.11615e-07
6.63954e-07
7.13901e-07
7.60602e-07
8.03359e-07
8.41669e-07
8.75242e-07
9.04008e-07
9.28098e-07
9.4781e-07
9.63571e-07
9.75884e-07
9.85283e-07
9.92288e-07
9.97379e-07
1.00097e-06
1.00339e-06
1.00491e-06
1.0057e-06
1.00589e-06
2.4804e-09
8.47864e-09
1.57682e-08
2.46075e-08
3.5284e-08
4.81048e-08
6.33865e-08
8.14435e-08
1.02575e-07
1.27049e-07
1.55085e-07
1.8683e-07
2.22342e-07
2.61564e-07
3.04311e-07
3.50255e-07
3.98922e-07
4.49695e-07
5.01832e-07
5.54493e-07
6.06777e-07
6.57773e-07
7.06609e-07
7.52499e-07
7.94789e-07
8.32993e-07
8.66808e-07
8.96128e-07
9.21023e-07
9.41725e-07
9.58588e-07
9.7205e-07
9.8259e-07
9.90691e-07
9.96812e-07
1.00136e-06
1.00469e-06
1.00707e-06
1.00872e-06
1.00978e-06
3.42024e-07
3.65776e-07
3.88127e-07
4.08823e-07
4.27669e-07
4.44522e-07
4.5929e-07
4.71922e-07
4.82406e-07
4.90763e-07
4.97038e-07
5.013e-07
5.03633e-07
5.0414e-07
5.0294e-07
5.0016e-07
4.9594e-07
4.90435e-07
4.83815e-07
4.76267e-07
4.67997e-07
4.59227e-07
4.50198e-07
4.41168e-07
4.32406e-07
4.24195e-07
4.16825e-07
4.10599e-07
4.05861e-07
4.03075e-07
4.03037e-07
4.07357e-07
4.19427e-07
4.46156e-07
5.0066e-07
6.05712e-07
7.97043e-07
1.12458e-06
1.6491e-06
2.4324e-06
3.52111e-06
4.92816e-06
6.61847e-06
8.5057e-06
1.04636e-05
1.23489e-05
1.40303e-05
1.54127e-05
1.64493e-05
1.71414e-05
1.75297e-05
1.76804e-05
1.76701e-05
1.75745e-05
1.74602e-05
1.7381e-05
1.7377e-05
1.74754e-05
1.76928e-05
1.80367e-05
1.85078e-05
1.91018e-05
1.98097e-05
2.06196e-05
2.15164e-05
2.24831e-05
2.3501e-05
2.4551e-05
2.56138e-05
2.66714e-05
2.77077e-05
2.87096e-05
2.96674e-05
3.05761e-05
3.14354e-05
3.22505e-05
3.30319e-05
3.37961e-05
3.45652e-05
3.53677e-05
3.62345e-05
3.72015e-05
3.83086e-05
3.96006e-05
4.11291e-05
4.29605e-05
4.51945e-05
4.80031e-05
5.17031e-05
5.68775e-05
6.45524e-05
7.64106e-05
9.49792e-05
0.00012367
0.000166518
0.000227492
0.000309389
0.000412548
0.000533817
0.00066626
0.000799907
0.000923446
0.00102634
0.00110094
0.00114356
0.00115461
0.00113789
0.0010994
0.00104608
0.000984641
0.000920845
0.000859149
0.00080263
0.000753134
0.00071152
0.000677922
0.000652012
0.000633194
0.000620754
0.000613948
0.000612063
0.000614439
0.000620487
0.000629706
0.000641686
0.000656118
0.000672802
0.000691658
0.000712745
0.000736268
0.000762601
0.000792295
0.000826094
0.000864938
0.000909965
0.000962513
0.00102416
0.00109643
0.00118096
0.00127942
0.00139338
0.00152424
0.0016731
0.00184067
0.00202707
0.00223183
0.00245364
0.00269032
0.00293861
0.00319407
0.00345091
0.00370193
0.00393858
0.0041514
0.00433061
0.00446723
0.00455424
0.00458771
0.00456761
0.00449797
0.00438634
0.00424266
0.00407799
0.00390321
0.00372796
0.00355999
0.00340484
0.00326592
0.00314476
0.00304143
0.00295499
0.0028839
0.00282627
0.00278022
0.00274397
0.00271594
0.00269475
0.00267929
0.00266864
0.00266207
0.002659
0.002659
0.00266176
0.00266709
0.00267491
0.00268523
0.00269823
0.00271417
0.00273347
0.00275669
0.00278452
0.00281783
0.00285762
0.00290505
0.00296126
0.0030275
0.00310504
0.00319508
0.00329871
0.00341677
0.00354974
0.00369749
0.00385904
0.00403219
0.00421305
0.00439565
0.00457171
0.00473095
0.0048621
0.00495488
0.00500223
0.0050024
0.00495965
0.00488345
0.00478593
0.0046788
0.00457136
0.00446959
0.00437642
0.0042926
0.00421768
0.00415079
0.00409103
0.00403767
0.00399017
0.00394808
0.00391102
0.0038786
0.00385046
0.0038262
0.00380543
0.00378777
0.00377285
0.00376028
0.00374974
0.00374091
0.00373353
0.00372735
0.00372217
0.00371779
3.95048e-07
4.20938e-07
4.45005e-07
4.66998e-07
4.86743e-07
5.04126e-07
5.1909e-07
5.31623e-07
5.41749e-07
5.49519e-07
5.55007e-07
5.583e-07
5.59497e-07
5.58706e-07
5.56042e-07
5.51631e-07
5.45605e-07
5.38112e-07
5.29312e-07
5.19387e-07
5.08538e-07
4.9699e-07
4.84994e-07
4.72824e-07
4.60777e-07
4.49172e-07
4.38344e-07
4.28655e-07
4.20514e-07
4.14469e-07
4.11423e-07
4.13148e-07
4.23297e-07
4.49205e-07
5.04652e-07
6.13331e-07
8.11999e-07
1.15128e-06
1.69158e-06
2.49215e-06
3.59422e-06
5.00233e-06
6.67116e-06
8.50484e-06
1.03711e-05
1.21264e-05
1.36476e-05
1.48527e-05
1.57109e-05
1.62397e-05
1.6493e-05
1.65455e-05
1.64778e-05
1.63653e-05
1.62713e-05
1.62445e-05
1.63193e-05
1.6518e-05
1.68526e-05
1.73274e-05
1.79406e-05
1.86857e-05
1.95517e-05
2.05245e-05
2.15864e-05
2.27172e-05
2.38946e-05
2.50952e-05
2.62954e-05
2.74727e-05
2.86065e-05
2.96797e-05
3.06791e-05
3.15965e-05
3.24291e-05
3.31803e-05
3.38597e-05
3.44835e-05
3.50748e-05
3.5663e-05
3.62839e-05
3.69787e-05
3.77942e-05
3.87832e-05
4.0007e-05
4.1543e-05
4.35028e-05
4.60714e-05
4.95801e-05
5.46288e-05
6.22626e-05
7.4183e-05
9.29244e-05
0.00012187
0.000164948
0.000225887
0.000307069
0.000408237
0.000525532
0.000651362
0.000775362
0.000886237
0.000974089
0.00103239
0.00105885
0.0010553
0.00102671
0.000979897
0.000922073
0.00085982
0.00079843
0.000741681
0.000691904
0.000650231
0.000616912
0.00059161
0.000573661
0.000562254
0.000556552
0.000555752
0.000559111
0.000565963
0.000575709
0.00058783
0.000601882
0.000617505
0.000634435
0.000652514
0.000671716
0.000692158
0.000714129
0.000738109
0.000764786
0.000795081
0.000830156
0.000871431
0.000920576
0.000979448
0.00105005
0.00113448
0.00123483
0.00135308
0.00149093
0.00164968
0.00183005
0.00203197
0.00225448
0.00249548
0.00275157
0.00301787
0.00328785
0.00355325
0.00380423
0.00402987
0.00421901
0.0043615
0.00444968
0.00447963
0.00445202
0.00437222
0.00424942
0.00409527
0.00392233
0.00374253
0.00356602
0.00340056
0.00325127
0.00312083
0.00300993
0.00291781
0.0028428
0.00278278
0.00273547
0.00269875
0.00267071
0.00264975
0.00263457
0.00262411
0.00261753
0.00261416
0.0026135
0.00261514
0.00261878
0.00262421
0.00263133
0.00264013
0.00265072
0.00266332
0.00267833
0.00269626
0.00271782
0.0027439
0.00277559
0.00281415
0.002861
0.00291767
0.00298578
0.00306695
0.00316273
0.00327442
0.00340297
0.00354869
0.00371094
0.00388772
0.00407519
0.00426717
0.00445493
0.00462747
0.00477263
0.00487907
0.00493873
0.004949
0.00491361
0.0048419
0.00474618
0.00463863
0.00452915
0.0044244
0.00432788
0.00424084
0.00416319
0.00409426
0.00403329
0.00397956
0.00393246
0.00389145
0.00385605
0.00382575
0.00380005
0.00377844
0.00376044
0.00374555
0.00373333
0.00372336
0.00371524
0.00370864
0.00370328
0.00369889
0.00369526
0.00369221
4.50189e-07
4.77814e-07
5.03162e-07
5.26005e-07
5.46208e-07
5.63709e-07
5.78502e-07
5.90625e-07
6.00146e-07
6.07158e-07
6.11761e-07
6.14065e-07
6.14177e-07
6.12208e-07
6.08266e-07
6.02461e-07
5.94912e-07
5.85745e-07
5.75101e-07
5.63142e-07
5.50053e-07
5.36052e-07
5.21385e-07
5.06335e-07
4.91218e-07
4.76382e-07
4.62206e-07
4.49106e-07
4.37561e-07
4.28208e-07
4.22076e-07
4.21122e-07
4.29302e-07
4.54452e-07
5.11129e-07
6.24092e-07
8.31286e-07
1.18416e-06
1.74267e-06
2.56339e-06
3.68168e-06
5.09317e-06
6.74211e-06
8.52332e-06
1.02989e-05
1.19278e-05
1.3296e-05
1.43362e-05
1.50342e-05
1.54227e-05
1.55672e-05
1.55491e-05
1.54506e-05
1.53445e-05
1.52897e-05
1.53291e-05
1.54922e-05
1.57967e-05
1.62515e-05
1.68591e-05
1.76164e-05
1.85157e-05
1.95451e-05
2.06887e-05
2.19263e-05
2.32345e-05
2.4587e-05
2.59558e-05
2.73125e-05
2.86297e-05
2.98822e-05
3.10485e-05
3.21118e-05
3.30607e-05
3.38898e-05
3.46004e-05
3.52009e-05
3.57066e-05
3.61403e-05
3.65324e-05
3.69209e-05
3.7351e-05
3.78752e-05
3.85539e-05
3.94578e-05
4.06753e-05
4.23312e-05
4.46252e-05
4.79059e-05
5.2794e-05
6.03598e-05
7.23309e-05
9.1258e-05
0.000120503
0.000163891
0.000224906
0.000305502
0.00040481
0.000518265
0.000637653
0.000752285
0.000851013
0.000924757
0.000968223
0.000980567
0.000964989
0.000927526
0.000875528
0.000816273
0.000755968
0.00069925
0.000649117
0.000607128
0.000573749
0.000548718
0.000531348
0.000520766
0.000516069
0.000516396
0.000520961
0.000529057
0.000540044
0.000553339
0.000568414
0.000584794
0.000602066
0.000619896
0.000638041
0.000656378
0.000674921
0.000693853
0.000713547
0.000734594
0.000757835
0.000784382
0.000815648
0.000853347
0.000899496
0.000956373
0.00102645
0.00111232
0.00121652
0.00134145
0.00148907
0.00166077
0.00185709
0.0020775
0.00232013
0.00258155
0.00285649
0.00313769
0.00341579
0.0036796
0.00391665
0.00411431
0.0042613
0.00434936
0.00437473
0.00433905
0.00424919
0.00411614
0.0039533
0.00377462
0.00359287
0.00341844
0.00325876
0.00311823
0.00299861
0.00289964
0.0028197
0.00275645
0.00270729
0.0026697
0.00264144
0.00262063
0.00260577
0.00259568
0.00258942
0.00258628
0.00258569
0.00258719
0.0025904
0.00259505
0.00260089
0.00260778
0.00261567
0.00262458
0.0026347
0.00264631
0.0026599
0.00267611
0.0026958
0.00272007
0.00275025
0.00278789
0.00283476
0.00289279
0.002964
0.00305039
0.00315382
0.00327578
0.00341708
0.00357757
0.00375555
0.00394732
0.0041466
0.00434426
0.00452861
0.00468657
0.00480572
0.00487696
0.00489681
0.00486845
0.00480106
0.00470714
0.00459933
0.00448815
0.00438087
0.00428161
0.00419206
0.00411248
0.00404238
0.00398107
0.00392782
0.00388194
0.00384279
0.00380973
0.00378212
0.00375934
0.00374076
0.00372578
0.00371384
0.00370443
0.00369707
0.00369136
0.00368695
0.00368352
0.00368082
0.00367864
0.00367681
5.06328e-07
5.35149e-07
5.6122e-07
5.84362e-07
6.04503e-07
6.21649e-07
6.35862e-07
6.47241e-07
6.55908e-07
6.61995e-07
6.65634e-07
6.6695e-07
6.6606e-07
6.63068e-07
6.58069e-07
6.51153e-07
6.4241e-07
6.31938e-07
6.19845e-07
6.06261e-07
5.91346e-07
5.75292e-07
5.58335e-07
5.40751e-07
5.22865e-07
5.05048e-07
4.87717e-07
4.71339e-07
4.56466e-07
4.43832e-07
4.34603e-07
4.3095e-07
4.3718e-07
4.6171e-07
5.19987e-07
6.37986e-07
8.54985e-07
1.22333e-06
1.80248e-06
2.64597e-06
3.78279e-06
5.19919e-06
6.82871e-06
8.55704e-06
1.0242e-05
1.1747e-05
1.29689e-05
1.38558e-05
1.441e-05
1.46787e-05
1.4737e-05
1.46703e-05
1.45602e-05
1.44759e-05
1.44705e-05
1.45818e-05
1.48346e-05
1.52435e-05
1.5816e-05
1.65538e-05
1.74539e-05
1.85086e-05
1.97056e-05
2.10272e-05
2.24508e-05
2.39494e-05
2.5492e-05
2.70455e-05
2.8576e-05
3.00506e-05
3.14394e-05
3.27165e-05
3.38615e-05
3.486e-05
3.57044e-05
3.63943e-05
3.69363e-05
3.73448e-05
3.76421e-05
3.78584e-05
3.80327e-05
3.82127e-05
3.84549e-05
3.88262e-05
3.94056e-05
4.02926e-05
4.16252e-05
4.36195e-05
4.66441e-05
5.13445e-05
5.88217e-05
7.08374e-05
8.99663e-05
0.000119556
0.000163328
0.000224516
0.000304628
0.000402168
0.000511871
0.00062494
0.00073043
0.000817534
0.000878115
0.000908212
0.000908448
0.000883303
0.000839665
0.000785201
0.000726989
0.000670655
0.000620051
0.00057735
0.000543376
0.000518027
0.000500653
0.000490359
0.000486185
0.00048724
0.000492721
0.000501919
0.00051419
0.00052894
0.000545604
0.000563642
0.00058254
0.000601827
0.000621091
0.000640001
0.000658335
0.000676004
0.000693078
0.000709814
0.000726684
0.000744413
0.000764013
0.000786819
0.000814515
0.000849171
0.000893219
0.000949417
0.00102076
0.00111036
0.00122125
0.00135615
0.00151722
0.0017057
0.00192165
0.00216357
0.00242809
0.00270965
0.00300026
0.00328948
0.00356464
0.00381168
0.00401645
0.00416652
0.00425318
0.004273
0.0042288
0.00412917
0.00398699
0.00381742
0.0036356
0.00345488
0.00328554
0.00313437
0.00300481
0.00289753
0.00281127
0.00274361
0.00269165
0.00265248
0.00262347
0.00260242
0.0025876
0.00257768
0.00257167
0.00256879
0.00256847
0.00257023
0.00257366
0.00257841
0.00258418
0.00259071
0.0025978
0.00260533
0.00261327
0.00262171
0.00263086
0.00264111
0.00265302
0.00266739
0.00268525
0.00270792
0.00273703
0.00277447
0.00282243
0.00288326
0.00295944
0.00305334
0.00316704
0.003302
0.00345859
0.00363559
0.00382953
0.00403412
0.00423992
0.00443458
0.0046041
0.00473498
0.00481705
0.00484592
0.00482423
0.00476098
0.00466885
0.00456096
0.0044484
0.00433909
0.00423769
0.00414633
0.00406557
0.00399509
0.00393423
0.00388221
0.00383824
0.00380153
0.0037713
0.00374677
0.00372717
0.00371178
0.0036999
0.0036909
0.00368423
0.00367939
0.00367594
0.00367354
0.00367187
0.00367069
0.00366981
0.00366905
5.62291e-07
5.91659e-07
6.17808e-07
6.40632e-07
6.60147e-07
6.76444e-07
6.89664e-07
6.99976e-07
7.07556e-07
7.12578e-07
7.15202e-07
7.15566e-07
7.13787e-07
7.09959e-07
7.04158e-07
6.96443e-07
6.86871e-07
6.75497e-07
6.6239e-07
6.47638e-07
6.31359e-07
6.13711e-07
5.94902e-07
5.75196e-07
5.54913e-07
5.34437e-07
5.14214e-07
4.94764e-07
4.76709e-07
4.60885e-07
4.48612e-07
4.42303e-07
4.4667e-07
4.70788e-07
5.31118e-07
6.54997e-07
8.83171e-07
1.26891e-06
1.87104e-06
2.73962e-06
3.89673e-06
5.31867e-06
6.92819e-06
8.60184e-06
1.01956e-05
1.15786e-05
1.266e-05
1.34042e-05
1.38298e-05
1.39965e-05
1.39869e-05
1.38882e-05
1.37797e-05
1.37255e-05
1.37732e-05
1.39556e-05
1.42941e-05
1.48019e-05
1.54863e-05
1.63499e-05
1.73908e-05
1.86022e-05
1.99715e-05
2.14795e-05
2.31007e-05
2.48035e-05
2.65517e-05
2.83058e-05
3.00259e-05
3.16732e-05
3.32125e-05
3.46138e-05
3.58533e-05
3.69144e-05
3.77877e-05
3.84713e-05
3.8971e-05
3.93002e-05
3.94802e-05
3.95407e-05
3.95205e-05
3.94683e-05
3.94435e-05
3.95172e-05
3.97759e-05
4.03293e-05
4.13286e-05
4.30071e-05
4.57555e-05
5.02484e-05
5.76232e-05
6.96826e-05
8.90331e-05
0.000119012
0.000163238
0.00022468
0.000304383
0.000400211
0.000506203
0.000613034
0.000709592
0.0007856
0.000833981
0.000852183
0.000842261
0.000809835
0.000762421
0.000707743
0.000652446
0.000601415
0.000557641
0.000522494
0.000496152
0.000478072
0.000467362
0.000463046
0.000464196
0.00047001
0.0004798
0.000492957
0.000508919
0.000527132
0.000547037
0.000568067
0.000589655
0.000611258
0.000632379
0.0006526
0.000671606
0.000689211
0.000705383
0.000720271
0.000734228
0.000747852
0.000762023
0.000777956
0.000797239
0.000821902
0.000854427
0.00089774
0.000955155
0.00103025
0.0011267
0.00124798
0.00139705
0.00157599
0.00178557
0.00202479
0.00229048
0.00257685
0.00287524
0.00317406
0.00345915
0.00371478
0.00392524
0.004077
0.00416099
0.00417438
0.00412138
0.00401248
0.00386252
0.0036883
0.00350594
0.00332903
0.00316739
0.00302688
0.00290975
0.00281554
0.00274199
0.00268601
0.00264429
0.00261378
0.00259192
0.00257668
0.00256654
0.00256043
0.00255756
0.00255735
0.00255932
0.00256309
0.00256828
0.00257455
0.00258157
0.00258903
0.00259669
0.00260435
0.00261191
0.00261938
0.00262689
0.00263473
0.00264337
0.00265349
0.00266605
0.00268231
0.00270386
0.00273266
0.00277104
0.00282165
0.00288733
0.00297099
0.00307532
0.00320245
0.00335341
0.00352752
0.00372171
0.00392977
0.00414201
0.00434551
0.00452535
0.00466696
0.00475907
0.0047964
0.004781
0.0047217
0.00463137
0.00452357
0.00440998
0.0042991
0.00419615
0.00410366
0.00402244
0.00395229
0.00389255
0.00384238
0.00380084
0.003767
0.00373992
0.00371865
0.00370233
0.00369012
0.00368126
0.00367506
0.00367095
0.0036684
0.00366699
0.00366638
0.00366625
0.00366639
0.0036666
0.00366675
6.16897e-07
6.46088e-07
6.71622e-07
6.93491e-07
7.11816e-07
7.26788e-07
7.38634e-07
7.47592e-07
7.53895e-07
7.57754e-07
7.5935e-07
7.58829e-07
7.56304e-07
7.51853e-07
7.45522e-07
7.37339e-07
7.27317e-07
7.15464e-07
7.01798e-07
6.86355e-07
6.69202e-07
6.50452e-07
6.30275e-07
6.08903e-07
5.86645e-07
5.63888e-07
5.41099e-07
5.1884e-07
4.97808e-07
4.78945e-07
4.63738e-07
4.54875e-07
4.57524e-07
4.81511e-07
5.44433e-07
6.75131e-07
9.15926e-07
1.32101e-06
1.94831e-06
2.84398e-06
4.02252e-06
5.44976e-06
7.03738e-06
8.65375e-06
1.01549e-05
1.14171e-05
1.23636e-05
1.29751e-05
1.32855e-05
1.33654e-05
1.33024e-05
1.31837e-05
1.30845e-05
1.30633e-05
1.31625e-05
1.34109e-05
1.38281e-05
1.4427e-05
1.52165e-05
1.62013e-05
1.73818e-05
1.87524e-05
2.03006e-05
2.20053e-05
2.38374e-05
2.57599e-05
2.77298e-05
2.97006e-05
3.1625e-05
3.34579e-05
3.51587e-05
3.66933e-05
3.80352e-05
3.91662e-05
4.00761e-05
4.07625e-05
4.12309e-05
4.14941e-05
4.15725e-05
4.1495e-05
4.12995e-05
4.10345e-05
4.07603e-05
4.05512e-05
4.04992e-05
4.07228e-05
4.13863e-05
4.27407e-05
4.52007e-05
4.94734e-05
5.67384e-05
6.88462e-05
8.84417e-05
0.000118856
0.000163598
0.000225361
0.000304705
0.000398839
0.000501125
0.000601757
0.000689599
0.000755056
0.000792226
0.000799998
0.000781788
0.000744169
0.000695039
0.000641927
0.000590849
0.000545837
0.000509019
0.00048103
0.000461533
0.000449688
0.000444501
0.00044503
0.000450466
0.000460151
0.00047354
0.000490136
0.000509446
0.000530943
0.000554051
0.000578151
0.000602602
0.000626775
0.000650081
0.000672015
0.000692177
0.000710301
0.000726275
0.000740157
0.000752199
0.000762881
0.000772946
0.000783462
0.000795878
0.000812114
0.000834606
0.000866341
0.000910837
0.000972052
0.00105421
0.00116152
0.00129779
0.00146601
0.00166775
0.00190267
0.00216788
0.00245747
0.00276216
0.00306919
0.00336286
0.0036257
0.00384043
0.00399251
0.00407265
0.00407885
0.00401696
0.0038995
0.0037433
0.00356659
0.00338621
0.0032156
0.00306381
0.00293546
0.00283154
0.00275039
0.00268892
0.0026435
0.00261061
0.00258723
0.00257101
0.00256018
0.00255352
0.00255022
0.00254972
0.00255159
0.00255549
0.00256105
0.00256794
0.00257577
0.00258416
0.00259278
0.00260129
0.00260944
0.00261708
0.00262414
0.00263066
0.00263687
0.00264312
0.00265001
0.00265835
0.00266931
0.00268441
0.00270557
0.0027352
0.00277611
0.00283148
0.00290468
0.00299901
0.00311728
0.00326124
0.0034309
0.00362363
0.00383347
0.00405058
0.0042615
0.00445044
0.00460178
0.00470313
0.00474832
0.0047388
0.00468326
0.00459473
0.00448719
0.00437291
0.00426095
0.00415702
0.00406402
0.00398298
0.00391378
0.00385575
0.00380791
0.00376919
0.00373848
0.00371468
0.00369673
0.00368362
0.00367446
0.00366842
0.00366479
0.00366297
0.00366246
0.00366282
0.00366374
0.00366492
0.00366616
0.00366728
0.00366817
6.69008e-07
6.97273e-07
7.21498e-07
7.41798e-07
7.58414e-07
7.7164e-07
7.81791e-07
7.89174e-07
7.94067e-07
7.96714e-07
7.97311e-07
7.96006e-07
7.92898e-07
7.88046e-07
7.81465e-07
7.73142e-07
7.63044e-07
7.51128e-07
7.37354e-07
7.21697e-07
7.04168e-07
6.84821e-07
6.63774e-07
6.41222e-07
6.17447e-07
5.92824e-07
5.67836e-07
5.43082e-07
5.19325e-07
4.97622e-07
4.79644e-07
4.68383e-07
4.69522e-07
4.93731e-07
5.59866e-07
6.9841e-07
9.53344e-07
1.37971e-06
2.03425e-06
2.95861e-06
4.15902e-06
5.59043e-06
7.15297e-06
8.70881e-06
1.01153e-05
1.12579e-05
1.20746e-05
1.25626e-05
1.27697e-05
1.27755e-05
1.26705e-05
1.25395e-05
1.2453e-05
1.24638e-05
1.26096e-05
1.29165e-05
1.34034e-05
1.40851e-05
1.49729e-05
1.60752e-05
1.73953e-05
1.89295e-05
2.06653e-05
2.25794e-05
2.46379e-05
2.67972e-05
2.90061e-05
3.12096e-05
3.3352e-05
3.53811e-05
3.72509e-05
3.89235e-05
4.03707e-05
4.15735e-05
4.25221e-05
4.32148e-05
4.36576e-05
4.38634e-05
4.38522e-05
4.36516e-05
4.32982e-05
4.28392e-05
4.23347e-05
4.18601e-05
4.15115e-05
4.14149e-05
4.17464e-05
4.2775e-05
4.49412e-05
4.89878e-05
5.61416e-05
6.83078e-05
8.81755e-05
0.000119071
0.000164387
0.000226522
0.00030553
0.000397957
0.000496513
0.00059095
0.000670309
0.000725791
0.000752762
0.000751553
0.000726817
0.000685868
0.000636728
0.000586503
0.000540432
0.000501649
0.000471465
0.000449899
0.000436241
0.000429503
0.00042871
0.000433045
0.000441875
0.00045472
0.000471182
0.000490871
0.000513346
0.000538077
0.000564443
0.000591746
0.000619246
0.000646207
0.000671944
0.000695863
0.000717495
0.000736513
0.000752748
0.0007662
0.000777046
0.000785667
0.000792685
0.000799017
0.00080595
0.000815242
0.000829212
0.000850808
0.000883639
0.000931928
0.00100037
0.00109384
0.001217
0.00137376
0.00156661
0.00179596
0.00205934
0.00235081
0.00266048
0.00297444
0.0032754
0.00354411
0.00376173
0.00391277
0.00398796
0.00398638
0.00391573
0.00379065
0.00362989
0.00345289
0.00327685
0.00311469
0.00297434
0.00285905
0.00276844
0.00269978
0.00264929
0.00261298
0.00258734
0.00256954
0.00255751
0.00254984
0.00254563
0.00254435
0.00254564
0.00254922
0.00255481
0.00256208
0.00257066
0.00258013
0.00259005
0.00259999
0.00260957
0.00261849
0.00262652
0.00263355
0.00263958
0.00264474
0.00264932
0.00265379
0.00265887
0.00266559
0.00267532
0.00268994
0.00271181
0.00274383
0.00278942
0.00285234
0.00293644
0.00304522
0.00318121
0.00334513
0.00353498
0.0037451
0.0039656
0.00418259
0.00437945
0.0045395
0.00464929
0.00470173
0.00469769
0.00464571
0.00455897
0.00445188
0.00433724
0.00422466
0.00412028
0.00402736
0.00394708
0.00387938
0.00382349
0.00377833
0.00374267
0.00371521
0.00369471
0.00367998
0.00366993
0.00366358
0.00366009
0.00365874
0.00365893
0.00366016
0.00366203
0.00366423
0.00366649
0.00366863
0.00367049
0.00367197
7.17599e-07
7.44207e-07
7.66478e-07
7.84665e-07
7.99133e-07
8.1028e-07
8.18502e-07
8.24164e-07
8.27583e-07
8.29024e-07
8.28689e-07
8.26721e-07
8.23205e-07
8.18172e-07
8.11605e-07
8.0345e-07
7.93626e-07
7.82036e-07
7.68577e-07
7.53163e-07
7.35735e-07
7.16284e-07
6.94866e-07
6.71625e-07
6.46803e-07
6.20756e-07
5.93965e-07
5.67061e-07
5.40872e-07
5.16571e-07
4.96027e-07
4.82572e-07
4.82467e-07
5.07318e-07
5.77372e-07
7.24876e-07
9.95522e-07
1.44509e-06
2.1287e-06
3.08289e-06
4.3049e-06
5.73824e-06
7.27175e-06
8.76311e-06
1.00726e-05
1.10966e-05
1.17885e-05
1.21616e-05
1.22763e-05
1.22186e-05
1.20797e-05
1.19412e-05
1.18676e-05
1.19067e-05
1.2092e-05
1.24485e-05
1.2996e-05
1.3752e-05
1.47321e-05
1.5949e-05
1.74102e-05
1.91144e-05
2.10487e-05
2.31871e-05
2.54897e-05
2.79046e-05
3.03708e-05
3.28228e-05
3.51955e-05
3.74289e-05
3.94715e-05
4.12825e-05
4.28326e-05
4.41039e-05
4.5088e-05
4.57854e-05
4.62036e-05
4.63563e-05
4.62634e-05
4.59516e-05
4.54555e-05
4.48204e-05
4.41045e-05
4.33834e-05
4.27552e-05
4.23517e-05
4.23601e-05
4.30671e-05
4.494e-05
4.87606e-05
5.5808e-05
6.80479e-05
8.82184e-05
0.00011964
0.00016558
0.000228123
0.000306794
0.00039747
0.000492236
0.00058049
0.000651618
0.000697732
0.000715539
0.000706764
0.000677135
0.000634471
0.000586672
0.00054023
0.000499515
0.000466777
0.000442603
0.000426538
0.000417647
0.000414922
0.000417505
0.000424767
0.000436284
0.000451765
0.000470958
0.000493561
0.000519158
0.00054719
0.000576955
0.000607642
0.000638385
0.000668323
0.000696665
0.000722733
0.000746001
0.000766106
0.000782852
0.000796212
0.000806323
0.000813497
0.000818257
0.000821382
0.000823991
0.000827656
0.000834521
0.000847416
0.000869939
0.000906467
0.000962053
0.00104217
0.00115228
0.00129725
0.00148054
0.00170339
0.00196387
0.0022561
0.0025696
0.00288933
0.00319635
0.00346962
0.00368877
0.0038375
0.00390676
0.00389701
0.00381794
0.00368639
0.00352285
0.00334772
0.00317814
0.00302616
0.00289833
0.00279639
0.00271865
0.00266146
0.00262053
0.00259177
0.00257179
0.00255809
0.00254898
0.00254342
0.00254086
0.00254101
0.00254369
0.00254876
0.00255595
0.00256495
0.0025753
0.00258653
0.00259811
0.00260952
0.00262034
0.00263018
0.00263881
0.00264605
0.00265188
0.0026564
0.00265981
0.00266252
0.00266513
0.0026685
0.00267389
0.00268303
0.00269818
0.00272227
0.00275883
0.00281193
0.00288591
0.00298494
0.00311232
0.00326956
0.00345534
0.00366444
0.00388702
0.0041088
0.00431244
0.00448021
0.00459762
0.00465668
0.00465771
0.00460906
0.00452411
0.00441766
0.00430299
0.00419023
0.00408594
0.00399362
0.0039146
0.00384882
0.00379543
0.00375318
0.00372068
0.00369647
0.00367917
0.00366747
0.00366022
0.00365641
0.00365517
0.00365579
0.00365768
0.00366038
0.00366351
0.00366676
0.00366992
0.00367279
0.00367524
0.00367718
7.61813e-07
7.86104e-07
8.0587e-07
8.21506e-07
8.33499e-07
8.42343e-07
8.485e-07
8.52381e-07
8.54329e-07
8.54617e-07
8.53448e-07
8.50953e-07
8.47196e-07
8.42184e-07
8.35867e-07
8.28151e-07
8.18906e-07
8.07982e-07
7.95216e-07
7.80454e-07
7.63567e-07
7.44473e-07
7.2316e-07
6.99708e-07
6.74307e-07
6.4728e-07
6.19099e-07
5.90413e-07
5.62112e-07
5.35486e-07
5.12619e-07
4.97219e-07
4.9619e-07
5.22174e-07
5.96931e-07
7.54585e-07
1.04255e-06
1.51715e-06
2.23143e-06
3.21607e-06
4.4587e-06
5.89046e-06
7.3904e-06
8.81285e-06
1.0023e-05
1.09295e-05
1.15017e-05
1.17683e-05
1.18e-05
1.16875e-05
1.1521e-05
1.13772e-05
1.13149e-05
1.13768e-05
1.15939e-05
1.19907e-05
1.25894e-05
1.34116e-05
1.44783e-05
1.5808e-05
1.7413e-05
1.92948e-05
2.14405e-05
2.38203e-05
2.63869e-05
2.90778e-05
3.18202e-05
3.45361e-05
3.71496e-05
3.95924e-05
4.18075e-05
4.37523e-05
4.53981e-05
4.67293e-05
4.7741e-05
4.8437e-05
4.88276e-05
4.8928e-05
4.87585e-05
4.83447e-05
4.77192e-05
4.69243e-05
4.60159e-05
4.50677e-05
4.41785e-05
4.34845e-05
4.31826e-05
4.35767e-05
4.51622e-05
4.87625e-05
5.57138e-05
6.80476e-05
8.85545e-05
0.000120548
0.000167154
0.000230124
0.000308433
0.000397289
0.000488172
0.000570273
0.000633449
0.000670846
0.000680536
0.000665557
0.000632517
0.000589494
0.000544045
0.000501907
0.000466546
0.00043939
0.00042043
0.000408883
0.000403725
0.000404031
0.00040913
0.000418618
0.000432293
0.000450057
0.000471792
0.000497264
0.000526058
0.00055755
0.00059092
0.000625209
0.000659393
0.000692467
0.000723522
0.000751807
0.000776753
0.000797988
0.000815322
0.000828735
0.000838357
0.000844468
0.000847518
0.00084817
0.000847381
0.000846529
0.00084755
0.000853096
0.000866666
0.000892688
0.000936467
0.00100397
0.00110141
0.00123458
0.00140795
0.00162369
0.00188047
0.00217253
0.00248888
0.00281332
0.00312524
0.0034018
0.00362118
0.00376639
0.0038289
0.00381077
0.00372386
0.00358715
0.00342271
0.00325149
0.00309019
0.00294966
0.00283489
0.00274608
0.00268035
0.00263332
0.00260042
0.00257761
0.00256181
0.00255092
0.00254366
0.00253939
0.00253785
0.00253902
0.00254289
0.00254935
0.00255817
0.00256898
0.00258125
0.00259439
0.00260775
0.00262076
0.00263289
0.00264375
0.00265304
0.00266062
0.00266642
0.00267053
0.00267313
0.00267454
0.00267525
0.00267603
0.00267795
0.00268258
0.00269205
0.0027092
0.00273761
0.00278157
0.00284582
0.00293513
0.00305356
0.00320347
0.00338426
0.00359122
0.0038147
0.00404012
0.00424943
0.00442395
0.00454816
0.00461321
0.00461887
0.00457336
0.0044902
0.00438456
0.0042702
0.00415769
0.00405394
0.0039627
0.00388536
0.00382185
0.00377118
0.00373197
0.00370263
0.00368156
0.00366726
0.00365835
0.00365361
0.00365202
0.00365272
0.00365502
0.00365835
0.00366227
0.00366643
0.00367056
0.00367444
0.00367791
0.00368084
0.00368314
8.01014e-07
8.22443e-07
8.39281e-07
8.52062e-07
8.61384e-07
8.67817e-07
8.71876e-07
8.73996e-07
8.74535e-07
8.73764e-07
8.71877e-07
8.68989e-07
8.65145e-07
8.60326e-07
8.54451e-07
8.47389e-07
8.3897e-07
8.2899e-07
8.17229e-07
8.03467e-07
7.87503e-07
7.69178e-07
7.48404e-07
7.25187e-07
6.99655e-07
6.72085e-07
6.42925e-07
6.12835e-07
5.82757e-07
5.54104e-07
5.29189e-07
5.12133e-07
5.1055e-07
5.38222e-07
6.18544e-07
7.87605e-07
1.09452e-06
1.59586e-06
2.34207e-06
3.3572e-06
4.61852e-06
6.04447e-06
7.50561e-06
8.85453e-06
9.96316e-06
1.07537e-05
1.12116e-05
1.13797e-05
1.13373e-05
1.11775e-05
1.09878e-05
1.08395e-05
1.07856e-05
1.08643e-05
1.11049e-05
1.15327e-05
1.21733e-05
1.30537e-05
1.42017e-05
1.56426e-05
1.73947e-05
1.94632e-05
2.18349e-05
2.44752e-05
2.73274e-05
3.03164e-05
3.33542e-05
3.63484e-05
3.92108e-05
4.1864e-05
4.42467e-05
4.63156e-05
4.80444e-05
4.94221e-05
5.04491e-05
5.11339e-05
5.14907e-05
5.15372e-05
5.12941e-05
5.07859e-05
5.00429e-05
4.91039e-05
4.80212e-05
4.68658e-05
4.57355e-05
4.47694e-05
4.41729e-05
4.42667e-05
4.55752e-05
4.89661e-05
5.58367e-05
6.82892e-05
8.91691e-05
0.000121776
0.000169085
0.000232484
0.000310382
0.000397325
0.000484217
0.000560214
0.00061576
0.000645128
0.000647754
0.000627859
0.000592721
0.000550437
0.000508034
0.000470406
0.000440133
0.000417925
0.000403315
0.000395332
0.000392974
0.000395475
0.000402393
0.000413566
0.000429022
0.000448848
0.000473053
0.000501454
0.000533608
0.000568789
0.000606021
0.000644153
0.000681969
0.000718299
0.000752115
0.000782594
0.000809152
0.000831435
0.000849295
0.000862754
0.000871971
0.000877224
0.000878917
0.000877621
0.00087415
0.000869688
0.000865948
0.000865362
0.000871268
0.000888047
0.000921154
0.000976955
0.00106233
0.00118395
0.00134734
0.0015556
0.00180811
0.00209929
0.00241766
0.00274584
0.00306157
0.0033402
0.00355855
0.00369912
0.00375425
0.00372776
0.0036338
0.00349341
0.00332991
0.00316446
0.00301292
0.00288466
0.002783
0.00270668
0.0026518
0.00261347
0.00258703
0.0025687
0.00255578
0.00254661
0.00254034
0.0025367
0.00253576
0.0025377
0.00254263
0.00255051
0.00256107
0.00257386
0.00258821
0.00260341
0.00261868
0.00263335
0.00264684
0.00265871
0.00266867
0.00267658
0.00268241
0.00268622
0.0026882
0.00268862
0.00268789
0.00268665
0.00268584
0.00268681
0.00269154
0.00270274
0.00272394
0.00275955
0.00281463
0.0028945
0.00300392
0.00314609
0.0033212
0.00352515
0.00374849
0.00397648
0.00419043
0.00437075
0.00450095
0.00457134
0.00458122
0.00453863
0.00445726
0.00435261
0.00423889
0.00412703
0.00402427
0.0039345
0.0038592
0.00379819
0.00375038
0.00371421
0.00368794
0.00366984
0.0036583
0.00365187
0.00364934
0.00364966
0.00365201
0.00365571
0.00366024
0.00366518
0.00367021
0.00367507
0.00367956
0.00368352
0.00368684
0.00368943
8.34821e-07
8.5299e-07
8.66628e-07
8.76399e-07
8.82986e-07
8.87017e-07
8.89034e-07
8.89484e-07
8.88723e-07
8.87012e-07
8.84529e-07
8.81372e-07
8.77567e-07
8.73071e-07
8.67778e-07
8.61527e-07
8.5411e-07
8.4528e-07
8.34762e-07
8.22273e-07
8.07543e-07
7.90333e-07
7.70475e-07
7.47893e-07
7.22643e-07
6.94942e-07
6.65203e-07
6.34082e-07
6.02571e-07
5.72204e-07
5.4554e-07
5.27153e-07
5.25437e-07
5.55415e-07
6.42232e-07
8.24006e-07
1.15146e-06
1.6811e-06
2.46012e-06
3.50518e-06
4.78218e-06
6.19747e-06
7.61416e-06
8.88496e-06
9.89039e-06
1.05672e-05
1.09167e-05
1.09943e-05
1.08861e-05
1.06857e-05
1.04764e-05
1.03235e-05
1.02745e-05
1.03639e-05
1.06197e-05
1.10692e-05
1.17424e-05
1.26729e-05
1.38965e-05
1.54468e-05
1.73495e-05
1.96146e-05
2.22283e-05
2.51501e-05
2.83117e-05
3.16217e-05
3.49742e-05
3.82596e-05
4.13754e-05
4.42356e-05
4.67753e-05
4.89525e-05
5.07463e-05
5.21522e-05
5.31782e-05
5.38392e-05
5.41543e-05
5.41437e-05
5.38291e-05
5.32336e-05
5.23845e-05
5.13168e-05
5.00781e-05
4.87354e-05
4.73848e-05
4.61666e-05
4.52936e-05
4.51031e-05
4.61489e-05
4.93458e-05
5.6156e-05
6.87564e-05
9.00478e-05
0.00012331
0.000171346
0.000235159
0.000312573
0.000397485
0.000480289
0.000550255
0.000598536
0.000620601
0.000617205
0.000593595
0.000557489
0.00051679
0.000477852
0.000444691
0.000419066
0.00040109
0.000389979
0.000384691
0.000384331
0.00038834
0.000396522
0.00040897
0.000425939
0.000447701
0.000474386
0.000505847
0.000541588
0.000580742
0.000622126
0.000664353
0.000705977
0.00074564
0.00078219
0.000814754
0.000842756
0.0008659
0.000884116
0.000897503
0.000906279
0.000910748
0.000911296
0.000908422
0.000902812
0.000895468
0.000887877
0.000882229
0.00088165
0.000890404
0.000913998
0.000959099
0.00103316
0.00114371
0.00129726
0.00149793
0.00174582
0.00203557
0.00235526
0.00268631
0.0030048
0.00328433
0.00350045
0.00363543
0.00368271
0.00364811
0.00354809
0.00340558
0.00324483
0.00308676
0.00294606
0.00283045
0.00274154
0.00267676
0.00263139
0.00260027
0.00257884
0.00256367
0.00255251
0.00254416
0.0025382
0.00253472
0.00253406
0.00253661
0.0025426
0.00255199
0.00256447
0.00257943
0.00259606
0.00261347
0.00263076
0.00264712
0.00266194
0.00267475
0.0026853
0.00269347
0.00269927
0.00270281
0.00270427
0.00270389
0.00270203
0.00269922
0.00269625
0.0026943
0.00269514
0.0027013
0.00271622
0.00274435
0.00279096
0.00286183
0.0029624
0.00309666
0.00326563
0.00346586
0.00368821
0.00391781
0.00413542
0.00432063
0.00445601
0.00453111
0.00454476
0.0045049
0.00442532
0.00432186
0.00420907
0.00409825
0.00399686
0.00390893
0.00383591
0.00377757
0.00373266
0.00369947
0.00367611
0.00366073
0.00365166
0.00364742
0.00364677
0.00364872
0.00365245
0.00365733
0.00366287
0.00366868
0.00367445
0.00367994
0.00368495
0.00368933
0.00369298
0.0036958
8.6312e-07
8.77796e-07
8.88125e-07
8.94872e-07
8.98785e-07
9.00519e-07
9.00627e-07
8.99549e-07
8.97626e-07
8.95104e-07
8.92142e-07
8.88821e-07
8.85148e-07
8.81061e-07
8.76437e-07
8.71089e-07
8.64781e-07
8.57227e-07
8.48109e-07
8.37087e-07
8.23821e-07
8.07999e-07
7.89366e-07
7.67761e-07
7.43158e-07
7.15702e-07
6.85759e-07
6.53971e-07
6.21367e-07
5.89608e-07
5.61513e-07
5.42151e-07
5.40769e-07
5.73731e-07
6.68033e-07
8.6386e-07
1.2134e-06
1.77268e-06
2.58492e-06
3.6586e-06
4.94748e-06
6.34661e-06
7.71301e-06
8.90147e-06
9.80281e-06
1.0369e-05
1.06167e-05
1.06122e-05
1.04463e-05
1.02112e-05
9.98539e-06
9.8277e-06
9.78019e-06
9.87414e-06
1.01372e-05
1.05991e-05
1.12952e-05
1.2267e-05
1.35595e-05
1.52168e-05
1.72736e-05
1.97454e-05
2.26186e-05
2.58448e-05
2.93411e-05
3.29963e-05
3.66821e-05
4.02688e-05
4.36384e-05
4.66962e-05
4.93758e-05
5.16394e-05
5.34741e-05
5.48856e-05
5.5891e-05
5.65136e-05
5.67779e-05
5.67072e-05
5.63234e-05
5.56481e-05
5.47049e-05
5.35241e-05
5.2148e-05
5.06389e-05
4.90895e-05
4.76405e-05
4.65112e-05
4.6055e-05
4.68561e-05
4.98784e-05
5.6653e-05
6.94343e-05
9.11776e-05
0.000125133
0.00017391
0.000238105
0.000314944
0.000397681
0.000476317
0.000540361
0.000581791
0.000597307
0.000588905
0.000562672
0.000526547
0.000488048
0.000452763
0.000423844
0.000402326
0.000387856
0.000379457
0.00037611
0.000377079
0.000382037
0.000391045
0.000404449
0.000422734
0.000446363
0.000475591
0.000510297
0.000549901
0.000593351
0.000639201
0.000685774
0.000731351
0.000774364
0.000813544
0.000847989
0.000877172
0.000900896
0.000919208
0.000932323
0.000940544
0.000944223
0.000943745
0.000939553
0.000932222
0.000922582
0.000911901
0.000902118
0.000896113
0.00089798
0.0009132
0.000948643
0.00101226
0.00111235
0.00125641
0.00144955
0.00169265
0.00198059
0.002301
0.00263414
0.00295439
0.00323369
0.00344647
0.00357504
0.00361423
0.003572
0.00346708
0.00332406
0.00316771
0.00301835
0.00288921
0.00278621
0.00270937
0.00265496
0.00261771
0.00259236
0.00257463
0.00256149
0.00255117
0.00254292
0.00253673
0.00253303
0.00253244
0.00253553
0.00254262
0.00255368
0.00256828
0.00258565
0.00260477
0.00262454
0.0026439
0.00266194
0.00267799
0.00269161
0.00270259
0.00271088
0.00271655
0.00271977
0.00272072
0.00271966
0.0027169
0.00271286
0.00270819
0.00270392
0.00270161
0.00270357
0.00271311
0.00273463
0.00277354
0.002836
0.00292804
0.00305442
0.003217
0.00341299
0.00363363
0.00386399
0.00408437
0.00427358
0.00441334
0.00449252
0.00450953
0.00447218
0.00439441
0.00429232
0.00418078
0.00407135
0.00397168
0.00388585
0.00381532
0.00375972
0.00371767
0.00368732
0.00366664
0.00365372
0.00364682
0.00364446
0.00364543
0.00364874
0.00365363
0.00365952
0.00366593
0.00367249
0.00367891
0.00368496
0.00369044
0.00369519
0.00369911
0.00370211
8.86059e-07
8.97176e-07
9.04235e-07
9.08073e-07
9.09472e-07
9.09092e-07
9.07472e-07
9.05037e-07
9.02104e-07
8.98899e-07
8.95561e-07
8.92154e-07
8.88671e-07
8.85038e-07
8.81116e-07
8.76703e-07
8.71542e-07
8.6532e-07
8.57681e-07
8.48236e-07
8.36585e-07
8.22343e-07
8.05171e-07
7.84819e-07
7.6117e-07
7.34291e-07
7.04485e-07
6.72369e-07
6.39005e-07
6.06176e-07
5.76983e-07
5.5703e-07
5.56491e-07
5.9317e-07
6.95999e-07
9.07224e-07
1.2803e-06
1.87026e-06
2.71562e-06
3.81582e-06
5.11206e-06
6.4891e-06
7.79945e-06
8.902e-06
9.69942e-06
1.01592e-05
1.03125e-05
1.02346e-05
1.00191e-05
9.7555e-06
9.51612e-06
9.35346e-06
9.30431e-06
9.39712e-06
9.65954e-06
1.01244e-05
1.08332e-05
1.18361e-05
1.31898e-05
1.49504e-05
1.71637e-05
1.9853e-05
2.30041e-05
2.65595e-05
3.04179e-05
3.44428e-05
3.84796e-05
4.23742e-05
4.59923e-05
4.92313e-05
5.20262e-05
5.43471e-05
5.61932e-05
5.75832e-05
5.85462e-05
5.91147e-05
5.93192e-05
5.9186e-05
5.87369e-05
5.79906e-05
5.69666e-05
5.56897e-05
5.4196e-05
5.2542e-05
5.08163e-05
4.91591e-05
4.77953e-05
4.70943e-05
4.76718e-05
5.0543e-05
5.73109e-05
7.03097e-05
9.25459e-05
0.000127227
0.00017675
0.000241275
0.000317431
0.000397834
0.000472244
0.000530519
0.000565559
0.000575302
0.000562868
0.000534988
0.000499608
0.000463717
0.00043209
0.000407071
0.000389081
0.00037743
0.000371051
0.00036901
0.000370762
0.000376217
0.000385691
0.000399786
0.00041923
0.00044469
0.000476555
0.000514725
0.000558507
0.000606609
0.000657257
0.000708414
0.000758043
0.000804352
0.000845964
0.000881985
0.000911988
0.000935924
0.000954005
0.000966592
0.000974098
0.000976936
0.0009755
0.000970187
0.000961471
0.000950021
0.000936893
0.000923774
0.000913287
0.000909312
0.000917243
0.000944077
0.000998165
0.00108852
0.00122358
0.00140942
0.00164771
0.00193358
0.00225423
0.00258872
0.00290979
0.00318781
0.0033962
0.00351773
0.00354879
0.00349962
0.0033911
0.00324915
0.00309869
0.00295905
0.00284179
0.00275104
0.00268533
0.00264003
0.00260953
0.00258867
0.0025735
0.00256145
0.00255122
0.00254249
0.00253563
0.00253141
0.00253071
0.00253431
0.00254261
0.00255553
0.00257251
0.00259254
0.00261435
0.0026366
0.00265804
0.00267767
0.0026948
0.00270902
0.00272022
0.00272843
0.00273382
0.00273662
0.00273706
0.00273538
0.00273187
0.00272686
0.00272089
0.00271481
0.00270997
0.00270849
0.00271348
0.00272923
0.00276125
0.00281596
0.00289993
0.00301864
0.00317475
0.00336614
0.00358451
0.0038149
0.00403721
0.00422958
0.00437296
0.00445558
0.00447552
0.00444049
0.00436456
0.00426404
0.00415404
0.00404633
0.00394867
0.00386518
0.00379724
0.00374438
0.0037051
0.00367739
0.00365915
0.00364839
0.00364336
0.0036426
0.00364492
0.00364938
0.00365527
0.00366203
0.0036692
0.00367645
0.00368347
0.00369004
0.00369594
0.00370103
0.00370518
0.00370833
9.04007e-07
9.11654e-07
9.1561e-07
9.16754e-07
9.1587e-07
9.13601e-07
9.10463e-07
9.0685e-07
9.03056e-07
8.99283e-07
8.95653e-07
8.92215e-07
8.88951e-07
8.85777e-07
8.82547e-07
8.7905e-07
8.75016e-07
8.70114e-07
8.6396e-07
8.56127e-07
8.46162e-07
8.33613e-07
8.18062e-07
7.99167e-07
7.76719e-07
7.50695e-07
7.21327e-07
6.89195e-07
6.55385e-07
6.21806e-07
5.91858e-07
5.71724e-07
5.72577e-07
6.13755e-07
7.26188e-07
9.54139e-07
1.35205e-06
1.9734e-06
2.85125e-06
3.97496e-06
5.27352e-06
6.62229e-06
7.8712e-06
8.88525e-06
9.58022e-06
9.93924e-06
1.00064e-05
9.86446e-06
9.60773e-06
9.32157e-06
9.07182e-06
8.90435e-06
8.85087e-06
8.93721e-06
9.19131e-06
9.64942e-06
1.03597e-05
1.13826e-05
1.27878e-05
1.46462e-05
1.70177e-05
1.99349e-05
2.33838e-05
2.72951e-05
3.15444e-05
3.59643e-05
4.03672e-05
4.45718e-05
4.8426e-05
5.18217e-05
5.4699e-05
5.7041e-05
5.88635e-05
6.02016e-05
6.10987e-05
6.15975e-05
6.17346e-05
6.15385e-05
6.10297e-05
6.02237e-05
5.91344e-05
5.77799e-05
5.61896e-05
5.44134e-05
5.25351e-05
5.06934e-05
4.91185e-05
4.8196e-05
4.85738e-05
5.13209e-05
5.81149e-05
7.13707e-05
9.4141e-05
0.000129577
0.000179835
0.000244622
0.000319964
0.000397881
0.00046803
0.000520735
0.000549894
0.000554648
0.000539101
0.000510422
0.00047638
0.000443328
0.000415231
0.000393703
0.000378674
0.000369226
0.00036428
0.000363026
0.000365115
0.000370691
0.000380322
0.000394873
0.000415332
0.000442594
0.000477207
0.000519088
0.000567397
0.000620535
0.000676319
0.000732274
0.000785996
0.000835454
0.00087919
0.000916374
0.000946739
0.000970445
0.000987915
0.000999685
0.0010063
0.00100823
0.00100589
0.000999626
0.000989814
0.000976973
0.000961955
0.0009462
0.000932068
0.000923202
0.000924865
0.00094411
0.000989618
0.00107104
0.00119768
0.00137658
0.00161017
0.00189383
0.0022143
0.00254946
0.00287045
0.00314617
0.00334927
0.00346331
0.00348644
0.0034312
0.00332044
0.00318108
0.00303777
0.00290853
0.00280314
0.00272399
0.00266833
0.00263087
0.00260585
0.00258834
0.00257478
0.00256306
0.00255231
0.00254262
0.00253472
0.00252971
0.00252877
0.00253288
0.00254251
0.00255753
0.00257717
0.00260013
0.00262482
0.00264963
0.00267311
0.00269417
0.00271214
0.0027267
0.00273784
0.00274573
0.00275066
0.00275293
0.00275282
0.00275057
0.00274643
0.00274068
0.00273373
0.00272626
0.00271945
0.00271519
0.00271638
0.00272718
0.00275312
0.0028008
0.00287725
0.00298863
0.00313833
0.00332495
0.00354059
0.00377038
0.00399387
0.00418859
0.00433482
0.00442028
0.00444273
0.00440986
0.0043358
0.00423704
0.00412887
0.00402318
0.00392779
0.0038468
0.00378151
0.00373134
0.00369465
0.00366935
0.00365327
0.00364438
0.00364095
0.00364153
0.00364499
0.00365044
0.00365719
0.00366472
0.00367261
0.0036805
0.0036881
0.00369516
0.00370146
0.00370685
0.0037112
0.00371443
9.17514e-07
9.21906e-07
9.23022e-07
9.21749e-07
9.18851e-07
9.14938e-07
9.1049e-07
9.05872e-07
9.01351e-07
8.97108e-07
8.9325e-07
8.89813e-07
8.8677e-07
8.84032e-07
8.8145e-07
8.78811e-07
8.75837e-07
8.7219e-07
8.67468e-07
8.61215e-07
8.52936e-07
8.42119e-07
8.28273e-07
8.1097e-07
7.89904e-07
7.64956e-07
7.3628e-07
7.0441e-07
6.70447e-07
6.36429e-07
6.06076e-07
5.86194e-07
5.89027e-07
6.35525e-07
7.58661e-07
1.00461e-06
1.42847e-06
2.08152e-06
2.99056e-06
4.1341e-06
5.42941e-06
6.74376e-06
7.9265e-06
8.85071e-06
9.44621e-06
9.71135e-06
9.70185e-06
9.50566e-06
9.21631e-06
8.91388e-06
8.65721e-06
8.48549e-06
8.4255e-06
8.50053e-06
8.73883e-06
9.18018e-06
9.87997e-06
1.091e-05
1.23552e-05
1.4304e-05
1.68335e-05
1.99888e-05
2.37564e-05
2.80525e-05
3.27234e-05
3.75631e-05
4.23447e-05
4.68551e-05
5.09245e-05
5.44429e-05
5.7361e-05
5.9681e-05
6.14401e-05
6.26938e-05
6.35014e-05
6.39162e-05
6.39804e-05
6.37236e-05
6.3164e-05
6.23119e-05
6.11749e-05
5.97635e-05
5.80993e-05
5.62249e-05
5.42186e-05
5.22174e-05
5.04564e-05
4.93375e-05
4.95423e-05
5.21959e-05
5.90524e-05
7.26071e-05
9.5952e-05
0.000132163
0.000183134
0.000248094
0.000322474
0.000397767
0.000463653
0.000511038
0.000534862
0.000535407
0.000517595
0.000488838
0.000456571
0.000426448
0.000401661
0.000383194
0.000370602
0.000362829
0.000358835
0.000357947
0.00036001
0.000365386
0.000374892
0.000389667
0.00041099
0.000440021
0.000477498
0.000523359
0.000576574
0.000635161
0.000696418
0.000757348
0.000815121
0.000867471
0.000912904
0.000950722
0.0009809
0.00100387
0.00102032
0.00103097
0.00103652
0.00103749
0.00103431
0.00102726
0.00101663
0.00100278
0.000986366
0.000968596
0.000951566
0.000938674
0.000935019
0.000947656
0.00098553
0.00105885
0.00117775
0.00135017
0.00157926
0.00186066
0.00218061
0.0025158
0.00283584
0.00310829
0.00330535
0.00341162
0.00342723
0.00336695
0.00325537
0.00311999
0.00298483
0.00286635
0.00277252
0.00270413
0.00265737
0.00262653
0.00260587
0.00259075
0.00257804
0.00256603
0.00255426
0.00254318
0.00253389
0.00252786
0.00252655
0.00253118
0.00254231
0.00255969
0.00258229
0.00260845
0.00263621
0.0026636
0.002689
0.00271126
0.00272975
0.0027443
0.00275506
0.00276237
0.00276665
0.00276827
0.00276757
0.0027648
0.00276015
0.00275385
0.00274619
0.00273772
0.00272941
0.00272296
0.00272104
0.00272766
0.00274828
0.00278968
0.00285925
0.00296372
0.00310722
0.003289
0.00350162
0.00373027
0.00395425
0.00415055
0.00429892
0.0043866
0.00441119
0.00438031
0.00430817
0.00421139
0.00410532
0.00400192
0.003909
0.00383062
0.00376798
0.00372038
0.0036861
0.00366295
0.00364874
0.00364145
0.00363934
0.00364105
0.00364547
0.00365177
0.0036593
0.00366757
0.00367614
0.00368466
0.00369283
0.00370036
0.00370704
0.00371269
0.00371718
0.00372043
9.27248e-07
9.28689e-07
9.27284e-07
9.23903e-07
9.19266e-07
9.13945e-07
9.08382e-07
9.02911e-07
8.97776e-07
8.93142e-07
8.89101e-07
8.85679e-07
8.82843e-07
8.805e-07
8.78501e-07
8.76632e-07
8.74621e-07
8.72123e-07
8.68731e-07
8.63971e-07
8.57315e-07
8.48204e-07
8.36081e-07
8.20434e-07
8.00864e-07
7.77157e-07
7.49379e-07
7.1801e-07
6.84163e-07
6.50009e-07
6.19606e-07
6.00428e-07
6.05861e-07
6.58536e-07
7.93473e-07
1.05861e-06
1.50928e-06
2.1939e-06
3.13214e-06
4.29122e-06
5.57739e-06
6.85143e-06
7.96426e-06
8.79875e-06
9.2994e-06
9.479e-06
9.40312e-06
9.16309e-06
8.84995e-06
8.53767e-06
8.27777e-06
8.10281e-06
8.03467e-06
8.09406e-06
8.30941e-06
8.72392e-06
9.40048e-06
1.04233e-05
1.18944e-05
1.39237e-05
1.66096e-05
2.00127e-05
2.41211e-05
2.88328e-05
3.39576e-05
3.92415e-05
4.44098e-05
4.92142e-05
5.34683e-05
5.70651e-05
5.99737e-05
6.22222e-05
6.38752e-05
6.50113e-05
6.57071e-05
6.60263e-05
6.60154e-05
6.57034e-05
6.51046e-05
6.42229e-05
6.30581e-05
6.16123e-05
5.98984e-05
5.79511e-05
5.58427e-05
5.3708e-05
5.17871e-05
5.0499e-05
5.05602e-05
5.31538e-05
6.01126e-05
7.40104e-05
9.79685e-05
0.000134969
0.000186615
0.000251647
0.000324892
0.000397443
0.000459106
0.000501469
0.000520537
0.000517635
0.000498328
0.000470088
0.000439893
0.000412681
0.000390931
0.000375109
0.000364491
0.000357955
0.000354527
0.000353672
0.000355406
0.000360297
0.000369406
0.000384165
0.00040618
0.000436931
0.000477388
0.000527517
0.000586052
0.000650521
0.000717583
0.000783608
0.000845294
0.000900151
0.000946719
0.00098453
0.00101389
0.00103558
0.00105058
0.00105984
0.00106417
0.00106416
0.00106023
0.00105258
0.0010414
0.0010269
0.00100955
0.00099032
0.000971067
0.000954935
0.000946839
0.000953803
0.000984975
0.00105106
0.00116293
0.00132941
0.0015543
0.00183344
0.00215255
0.00248717
0.00280543
0.00307369
0.00326412
0.00336258
0.00337125
0.00330709
0.00319608
0.00306592
0.00293962
0.00283198
0.00274916
0.00269055
0.00265156
0.00262622
0.00260894
0.00259544
0.00258296
0.00257017
0.00255695
0.00254411
0.00253312
0.00252581
0.00252401
0.00252919
0.00254198
0.00256201
0.0025879
0.00261755
0.0026485
0.00267845
0.00270557
0.00272869
0.00274731
0.00276145
0.00277148
0.00277793
0.00278135
0.00278223
0.00278092
0.00277767
0.00277265
0.00276599
0.00275789
0.00274874
0.00273936
0.00273123
0.00272682
0.00272996
0.00274603
0.00278189
0.00284523
0.00294332
0.00308092
0.00325793
0.00346732
0.0036944
0.00391824
0.0041154
0.00426518
0.00435451
0.00438086
0.00435185
0.00428172
0.00418712
0.00408343
0.00398257
0.0038923
0.00381659
0.00375653
0.00371135
0.00367924
0.00365798
0.00364536
0.00363939
0.0036384
0.00364104
0.00364629
0.00365336
0.00366162
0.00367059
0.00367984
0.003689
0.00369773
0.00370573
0.00371275
0.0037186
0.00372316
0.00372636
9.33933e-07
9.32779e-07
9.29195e-07
9.2401e-07
9.17894e-07
9.11375e-07
9.04861e-07
8.98663e-07
8.93006e-07
8.88041e-07
8.83848e-07
8.80445e-07
8.77791e-07
8.75792e-07
8.74298e-07
8.73101e-07
8.71932e-07
8.70454e-07
8.68257e-07
8.6486e-07
8.59715e-07
8.52226e-07
8.4178e-07
8.27793e-07
8.09775e-07
7.87416e-07
7.60692e-07
7.30024e-07
6.96535e-07
6.62535e-07
6.32439e-07
6.14439e-07
6.23123e-07
6.82852e-07
8.30667e-07
1.11606e-06
1.5941e-06
2.30966e-06
3.2744e-06
4.44423e-06
5.71526e-06
6.94365e-06
7.98404e-06
8.73059e-06
9.14268e-06
9.24638e-06
9.11526e-06
8.84209e-06
8.51408e-06
8.19839e-06
7.9391e-06
7.76225e-06
7.68485e-06
7.72493e-06
7.91069e-06
8.28844e-06
8.92853e-06
9.92826e-06
1.14093e-05
1.35064e-05
1.63444e-05
2.00043e-05
2.44766e-05
2.96373e-05
3.52499e-05
4.10009e-05
4.65587e-05
5.16359e-05
5.60328e-05
5.96532e-05
6.24937e-05
6.46168e-05
6.61196e-05
6.71067e-05
6.76717e-05
6.78876e-05
6.78032e-05
6.74451e-05
6.68216e-05
6.59291e-05
6.47583e-05
6.33019e-05
6.15636e-05
5.95695e-05
5.73857e-05
5.51446e-05
5.30915e-05
5.16631e-05
5.16126e-05
5.41832e-05
6.12871e-05
7.55731e-05
0.00010018
0.000137974
0.000190242
0.000255226
0.000327165
0.000396875
0.000454396
0.000492085
0.000506995
0.000501379
0.000481263
0.000454013
0.000426072
0.000401673
0.000382666
0.000369101
0.000360065
0.000354416
0.000351255
0.000350169
0.000351323
0.000355468
0.000363909
0.000378392
0.000400899
0.000433296
0.000476842
0.000531545
0.000595845
0.000666652
0.000739833
0.000811003
0.000876341
0.000933175
0.000980178
0.00101723
0.00104509
0.00106493
0.00107807
0.00108569
0.00108871
0.00108776
0.00108319
0.00107515
0.0010637
0.0010489
0.00103103
0.00101087
0.00099
0.000971344
0.000959621
0.000961794
0.000987167
0.00104688
0.00115249
0.0013136
0.00153464
0.00181157
0.00212958
0.00246303
0.00277872
0.00304196
0.00322532
0.00331609
0.00331862
0.00325182
0.00314272
0.0030188
0.00290181
0.0028048
0.00273226
0.0026824
0.00265009
0.00262926
0.00261458
0.00260208
0.00258935
0.00257538
0.00256036
0.00254541
0.00253239
0.00252355
0.00252111
0.00252686
0.00254151
0.00256452
0.00259406
0.00262746
0.00266171
0.0026941
0.00272263
0.00274619
0.00276446
0.00277774
0.00278666
0.00279198
0.00279438
0.00279443
0.00279252
0.00278888
0.00278362
0.00277679
0.00276848
0.00275897
0.0027489
0.00273955
0.00273322
0.00273352
0.00274575
0.00277679
0.00283461
0.00292689
0.00305899
0.00323138
0.00343743
0.00366257
0.0038857
0.00408304
0.00423356
0.00432399
0.00435176
0.00432451
0.00425649
0.0041643
0.00406325
0.00396516
0.00387767
0.00380465
0.00374709
0.00370414
0.00367395
0.00365431
0.00364302
0.00363813
0.00363804
0.00364148
0.00364746
0.00365524
0.00366422
0.0036739
0.00368384
0.00369364
0.00370292
0.00371135
0.00371866
0.00372465
0.00372919
0.00373223
9.38293e-07
9.34916e-07
9.29486e-07
9.22776e-07
9.15406e-07
9.07864e-07
9.00531e-07
8.93703e-07
8.87592e-07
8.8234e-07
8.78017e-07
8.7463e-07
8.72133e-07
8.70425e-07
8.69358e-07
8.68728e-07
8.68274e-07
8.67669e-07
8.66511e-07
8.64319e-07
8.60536e-07
8.54541e-07
8.45677e-07
8.33296e-07
8.16828e-07
7.95869e-07
7.70308e-07
7.40504e-07
7.07589e-07
6.74019e-07
6.44594e-07
6.28264e-07
6.40871e-07
7.08543e-07
8.70264e-07
1.17681e-06
1.68246e-06
2.42778e-06
3.4157e-06
4.59105e-06
5.84104e-06
7.01925e-06
7.98611e-06
8.64824e-06
8.97964e-06
9.01825e-06
8.84356e-06
8.54803e-06
8.21386e-06
7.90102e-06
7.64617e-06
7.46902e-06
7.3818e-06
7.39962e-06
7.55e-06
7.88165e-06
8.47194e-06
9.43175e-06
1.09044e-05
1.30537e-05
1.60371e-05
1.99615e-05
2.48222e-05
3.04675e-05
3.66032e-05
4.2842e-05
4.87849e-05
5.41029e-05
5.85885e-05
6.21672e-05
6.48746e-05
6.68163e-05
6.81266e-05
6.89371e-05
6.93576e-05
6.94675e-05
6.93157e-05
6.89237e-05
6.82926e-05
6.74096e-05
6.62555e-05
6.48129e-05
6.30757e-05
6.10613e-05
5.88291e-05
5.65093e-05
5.43527e-05
5.28148e-05
5.26871e-05
5.52745e-05
6.2569e-05
7.72892e-05
0.000102577
0.000141157
0.000193977
0.000258776
0.000329242
0.000396034
0.00044954
0.000482946
0.000494311
0.000486672
0.000466343
0.000440449
0.000414848
0.00039311
0.000376551
0.0003649
0.000357125
0.00035209
0.000348968
0.000347447
0.000347808
0.000350968
0.000358468
0.000372392
0.000395158
0.000429092
0.000475824
0.000535426
0.00060597
0.000683592
0.000763177
0.000839449
0.000908037
0.000966159
0.00101276
0.00104824
0.00107386
0.00109132
0.00110226
0.00110806
0.00110973
0.00110789
0.00110285
0.00109465
0.00108321
0.00106845
0.00105047
0.00102983
0.00100791
0.000987387
0.000972788
0.000971002
0.000991452
0.00104565
0.00114579
0.00130215
0.00151973
0.00179453
0.00211116
0.00244286
0.00275519
0.00301271
0.00318871
0.00327214
0.00326946
0.00320129
0.00309533
0.00297846
0.00287099
0.00278418
0.00272107
0.00267893
0.00265227
0.00263512
0.00262239
0.00261042
0.00259708
0.00258162
0.00256447
0.00254708
0.0025317
0.00252104
0.00251781
0.00252416
0.0025409
0.00256724
0.00260081
0.00263821
0.00267579
0.00271041
0.00273994
0.00276341
0.0027808
0.00279275
0.0028002
0.00280413
0.00280538
0.00280458
0.00280211
0.00279817
0.00279281
0.002786
0.00277772
0.00276812
0.0027577
0.00274757
0.00273981
0.00273787
0.00274692
0.00277386
0.00282684
0.00291392
0.00304098
0.00320899
0.00341168
0.00363459
0.00385649
0.00405336
0.00420397
0.00429497
0.00432388
0.00429833
0.00423254
0.00414301
0.00404487
0.00394976
0.00386516
0.0037948
0.00373961
0.00369869
0.00367018
0.00365188
0.00364166
0.00363765
0.00363831
0.00364243
0.00364908
0.00365755
0.00366724
0.00367764
0.00368829
0.00369872
0.00370854
0.00371735
0.00372487
0.00373088
0.00373527
0.00373802
9.4101e-07
9.3577e-07
9.28796e-07
9.20803e-07
9.12361e-07
9.03929e-07
8.95875e-07
8.88486e-07
8.81972e-07
8.76465e-07
8.72026e-07
8.68653e-07
8.66287e-07
8.64821e-07
8.64105e-07
8.63941e-07
8.64076e-07
8.64195e-07
8.63909e-07
8.62746e-07
8.6015e-07
8.55487e-07
8.48067e-07
8.37193e-07
8.22223e-07
8.02668e-07
7.78333e-07
7.49518e-07
7.17368e-07
6.84495e-07
6.56109e-07
6.41956e-07
6.59181e-07
7.35677e-07
9.12258e-07
1.24064e-06
1.77374e-06
2.54708e-06
3.55429e-06
4.72968e-06
5.95305e-06
7.07756e-06
7.97136e-06
8.55431e-06
8.81435e-06
8.79952e-06
8.59318e-06
8.2858e-06
7.95372e-06
7.64951e-06
7.40268e-06
7.22691e-06
7.12982e-06
7.12335e-06
7.23368e-06
7.51095e-06
8.03866e-06
8.94115e-06
1.03851e-05
1.2568e-05
1.56868e-05
1.98821e-05
2.51565e-05
3.1325e-05
3.80204e-05
4.47644e-05
5.10792e-05
5.65934e-05
6.11011e-05
6.45639e-05
6.70694e-05
6.87747e-05
6.9855e-05
7.04682e-05
7.07372e-05
7.07444e-05
7.05354e-05
7.01248e-05
6.95043e-05
6.86513e-05
6.75362e-05
6.61311e-05
6.442e-05
6.24113e-05
6.01576e-05
5.77871e-05
5.55567e-05
5.39416e-05
5.37735e-05
5.64207e-05
6.39537e-05
7.91537e-05
0.000105149
0.000144496
0.000197782
0.000262241
0.000331076
0.000394905
0.00044457
0.000474119
0.00048255
0.00047353
0.000453496
0.000429225
0.000405976
0.000386716
0.000372321
0.000362288
0.000355513
0.000350885
0.000347639
0.000345527
0.000344923
0.000346878
0.000353163
0.000366226
0.000388976
0.000424303
0.000474301
0.000539144
0.000616448
0.000701379
0.000787612
0.000868827
0.000940097
0.000998658
0.00104392
0.00107692
0.00109962
0.00111421
0.00112268
0.00112656
0.00112692
0.00112433
0.00111901
0.00111088
0.00109973
0.00108533
0.00106761
0.00104693
0.00102446
0.00100266
0.00098588
0.000980918
0.000997287
0.00104683
0.00114226
0.00129453
0.00150904
0.00178181
0.00209679
0.00242614
0.00273436
0.00298558
0.00315411
0.00323071
0.00322387
0.00315562
0.00305389
0.00294468
0.00284666
0.00276947
0.00271485
0.00267942
0.00265753
0.00264334
0.00263204
0.00262026
0.00260605
0.00258885
0.00256929
0.00254913
0.00253105
0.00251828
0.00251409
0.00252106
0.00254014
0.0025702
0.00260818
0.00264981
0.00269068
0.00272721
0.00275723
0.00278
0.00279594
0.00280609
0.00281174
0.00281409
0.00281411
0.00281245
0.00280949
0.00280538
0.00280008
0.00279347
0.00278544
0.00277601
0.00276555
0.002755
0.00274626
0.00274262
0.00274912
0.00277264
0.00282147
0.00290399
0.00302651
0.00319044
0.00338982
0.00361026
0.00383045
0.00402624
0.00417632
0.00426742
0.00429719
0.00427332
0.00420994
0.00412333
0.00402837
0.00393644
0.00385481
0.0037871
0.00373414
0.00369502
0.00366793
0.00365074
0.00364137
0.00363805
0.00363932
0.00364404
0.00365132
0.00366047
0.00367088
0.00368203
0.00369337
0.00370443
0.00371471
0.00372382
0.00373142
0.00373731
0.00374139
0.00374369
9.4269e-07
9.35916e-07
9.2766e-07
9.18579e-07
9.09205e-07
8.9998e-07
8.9127e-07
8.83367e-07
8.76481e-07
8.7074e-07
8.66197e-07
8.62833e-07
8.60578e-07
8.59312e-07
8.58881e-07
8.59089e-07
8.59691e-07
8.60388e-07
8.60806e-07
8.60489e-07
8.58889e-07
8.5537e-07
8.49226e-07
8.39721e-07
8.26154e-07
8.07965e-07
7.8488e-07
7.57147e-07
7.25931e-07
6.94014e-07
6.6704e-07
6.5559e-07
6.78139e-07
7.64318e-07
9.56609e-07
1.30728e-06
1.86725e-06
2.66627e-06
3.68839e-06
4.85821e-06
6.0499e-06
7.11841e-06
7.94124e-06
8.45186e-06
8.65106e-06
8.59493e-06
8.36869e-06
8.05936e-06
7.7368e-06
7.44626e-06
7.21055e-06
7.0378e-06
6.93123e-06
6.89941e-06
6.96645e-06
7.18268e-06
7.63628e-06
8.46423e-06
9.85768e-06
1.20525e-05
1.52932e-05
1.9764e-05
2.54786e-05
3.22114e-05
3.95042e-05
4.67665e-05
5.34293e-05
5.90814e-05
6.35327e-05
6.67985e-05
6.90331e-05
7.04526e-05
7.1274e-05
7.16781e-05
7.17964e-05
7.17102e-05
7.14581e-05
7.10454e-05
7.04539e-05
6.96503e-05
6.85946e-05
6.72488e-05
6.55867e-05
6.36081e-05
6.1359e-05
5.89656e-05
5.66917e-05
5.50336e-05
5.48645e-05
5.7617e-05
6.54382e-05
8.11623e-05
0.000107884
0.000147967
0.000201617
0.000265563
0.000332623
0.000393478
0.000439517
0.000465667
0.000471763
0.000461951
0.000442636
0.000420172
0.000399228
0.000382245
0.00036975
0.000361078
0.000355098
0.000350726
0.000347238
0.000344427
0.00034272
0.000343276
0.000348081
0.000359961
0.000382384
0.000418914
0.00047224
0.000542682
0.000627303
0.00072005
0.000813114
0.000898975
0.000972183
0.00103018
0.00107305
0.00110271
0.00112186
0.0011332
0.00113904
0.00114101
0.00114016
0.001137
0.00113161
0.00112379
0.00111319
0.00109944
0.00108229
0.00106195
0.00103939
0.00101686
0.000998535
0.000991133
0.00100423
0.00104994
0.00114147
0.00129028
0.00150213
0.00177294
0.00208599
0.00241241
0.00271577
0.00296023
0.00312134
0.00319179
0.00318194
0.00311486
0.00301833
0.00291714
0.00282835
0.00276004
0.00271296
0.00268328
0.00266533
0.00265351
0.00264327
0.00263142
0.00261615
0.00259701
0.00257481
0.00255158
0.00253044
0.00251524
0.0025099
0.00251753
0.0025392
0.00257342
0.00261622
0.00266228
0.0027063
0.0027443
0.00277417
0.00279559
0.00280948
0.00281741
0.00282099
0.00282163
0.0028204
0.00281795
0.00281461
0.00281045
0.00280536
0.00279913
0.00279154
0.00278252
0.00277228
0.00276163
0.00275233
0.00274748
0.00275201
0.00277276
0.00281812
0.00289672
0.00301524
0.00317543
0.00337158
0.00358937
0.00380742
0.00400153
0.0041505
0.00424125
0.00427168
0.00424953
0.00418877
0.00410538
0.00401389
0.00392534
0.00384676
0.00378164
0.00373076
0.00369325
0.00366735
0.00365102
0.00364231
0.00363953
0.00364131
0.00364657
0.00365445
0.00366428
0.00367542
0.00368729
0.00369932
0.00371093
0.00372158
0.00373084
0.00373836
0.00374393
0.00374751
0.00374917
9.43853e-07
9.35833e-07
9.26515e-07
9.165e-07
9.06294e-07
8.96338e-07
8.8701e-07
8.78615e-07
8.71374e-07
8.65413e-07
8.60771e-07
8.57414e-07
8.55251e-07
8.5415e-07
8.53945e-07
8.5444e-07
8.55399e-07
8.56534e-07
8.57493e-07
8.57838e-07
8.57037e-07
8.54462e-07
8.49402e-07
8.41098e-07
8.28807e-07
8.11908e-07
7.90062e-07
7.63476e-07
7.33346e-07
7.0264e-07
6.77462e-07
6.69255e-07
6.97839e-07
7.94521e-07
1.00323e-06
1.37635e-06
1.96215e-06
2.78393e-06
3.81619e-06
4.9749e-06
6.13053e-06
7.14202e-06
7.89758e-06
8.34414e-06
8.49383e-06
8.40866e-06
8.17372e-06
7.87135e-06
7.56461e-06
7.29177e-06
7.06959e-06
6.90125e-06
6.78594e-06
6.72875e-06
6.75092e-06
6.90152e-06
7.27148e-06
8.00872e-06
9.32915e-06
1.15112e-05
1.48567e-05
1.96049e-05
2.57873e-05
3.31288e-05
4.10574e-05
4.88452e-05
5.58197e-05
6.15368e-05
6.58425e-05
6.88274e-05
7.07269e-05
7.1821e-05
7.2366e-05
7.25603e-05
7.25373e-05
7.23721e-05
7.20935e-05
7.16956e-05
7.11496e-05
7.0412e-05
6.94328e-05
6.81644e-05
6.65713e-05
6.46447e-05
6.24245e-05
6.00355e-05
5.77489e-05
5.60833e-05
5.59549e-05
5.8861e-05
6.70212e-05
8.33115e-05
0.00011077
0.000151542
0.000205438
0.00026869
0.000333844
0.000391748
0.000434419
0.000457644
0.000461989
0.000451911
0.000433662
0.000413118
0.000394391
0.000379475
0.000368635
0.000361106
0.000355754
0.000351526
0.000347719
0.00034414
0.000341233
0.000340229
0.000343306
0.000353673
0.000375422
0.00041292
0.000469605
0.000546021
0.000638558
0.00073964
0.000839641
0.000929687
0.0010039
0.00106018
0.00109961
0.0011251
0.00114018
0.00114806
0.00115124
0.00115142
0.00114954
0.001146
0.00114075
0.00113346
0.00112363
0.00111076
0.00109447
0.00107479
0.00105252
0.00102975
0.00101048
0.00100133
0.00101192
0.00105462
0.00114301
0.001289
0.00149859
0.0017675
0.0020783
0.0024012
0.002699
0.00293635
0.00309027
0.00315539
0.00314374
0.00307903
0.00298849
0.00289551
0.00281552
0.0027553
0.00271479
0.00268995
0.00267524
0.0026653
0.00265581
0.0026437
0.00262725
0.00260604
0.00258098
0.00255439
0.00252987
0.00251191
0.00250521
0.00251352
0.0025381
0.00257693
0.00262497
0.0026756
0.00272254
0.00276144
0.00279043
0.00280979
0.00282111
0.00282644
0.00282778
0.00282669
0.00282425
0.00282111
0.00281751
0.00281345
0.00280871
0.00280301
0.00279602
0.00278758
0.0027778
0.00276735
0.00275783
0.00275222
0.00275531
0.00277391
0.00281646
0.0028918
0.00300686
0.00316369
0.00335673
0.0035717
0.00378719
0.00397907
0.00412638
0.0042164
0.00424734
0.004227
0.00416913
0.0040893
0.00400157
0.00391661
0.00384118
0.0037786
0.00372968
0.00369357
0.00366865
0.00365299
0.00364476
0.0036424
0.0036446
0.00365035
0.00365882
0.0036693
0.00368116
0.00369372
0.00370635
0.00371839
0.00372926
0.00373846
0.00374566
0.00375068
0.00375352
0.00375432
9.44923e-07
9.35911e-07
9.25712e-07
9.14882e-07
9.03912e-07
8.93258e-07
8.83325e-07
8.74443e-07
8.66848e-07
8.60666e-07
8.55924e-07
8.52567e-07
8.5048e-07
8.49511e-07
8.49481e-07
8.50188e-07
8.51402e-07
8.52849e-07
8.54193e-07
8.5502e-07
8.54821e-07
8.52983e-07
8.48803e-07
8.41513e-07
8.30343e-07
8.14631e-07
7.93987e-07
7.68593e-07
7.3969e-07
7.10452e-07
6.87465e-07
6.83058e-07
7.18381e-07
8.26324e-07
1.052e-06
1.4474e-06
2.05751e-06
2.89859e-06
3.93592e-06
5.07813e-06
6.19416e-06
7.14893e-06
7.84234e-06
8.2342e-06
8.34617e-06
8.24392e-06
8.01055e-06
7.72279e-06
7.43683e-06
7.18452e-06
6.97737e-06
6.81444e-06
6.69132e-06
6.60963e-06
6.58709e-06
6.66997e-06
6.94949e-06
7.58188e-06
8.80683e-06
1.0949e-05
1.43778e-05
1.94028e-05
2.60812e-05
3.40792e-05
4.26825e-05
5.09954e-05
5.82312e-05
6.39262e-05
6.79895e-05
7.06118e-05
7.21222e-05
7.28654e-05
7.31307e-05
7.31256e-05
7.29783e-05
7.27528e-05
7.24649e-05
7.20971e-05
7.16099e-05
7.09504e-05
7.006e-05
6.88823e-05
6.73737e-05
6.55178e-05
6.33486e-05
6.09901e-05
5.87219e-05
5.70859e-05
5.70423e-05
6.01524e-05
6.8703e-05
8.55976e-05
0.000113795
0.000155191
0.000209194
0.000271571
0.000334703
0.000389713
0.000429307
0.000450092
0.000453239
0.000443366
0.000426459
0.00040789
0.000391263
0.000378203
0.00036879
0.00036221
0.000357349
0.00035318
0.000349008
0.000344625
0.00034046
0.000337778
0.00033891
0.000347442
0.00036814
0.000406318
0.000466363
0.000549144
0.000650243
0.000760182
0.000867128
0.000960712
0.00103481
0.00108815
0.00112307
0.00114371
0.0011544
0.00115876
0.00115942
0.00115799
0.00115532
0.00115162
0.0011467
0.00114009
0.0011312
0.00111939
0.00110415
0.0010854
0.00106377
0.00104118
0.0010215
0.00101125
0.0010201
0.00106056
0.00114656
0.00129036
0.00149806
0.00176508
0.00207328
0.00239204
0.00268365
0.00291367
0.00306076
0.0031215
0.00310929
0.00304807
0.00296415
0.00287941
0.00280771
0.0027547
0.00271982
0.00269898
0.00268686
0.00267838
0.00266938
0.0026569
0.00263918
0.00261579
0.00258773
0.00255754
0.0025293
0.00250826
0.00249998
0.00250899
0.0025368
0.00258077
0.00263448
0.00268975
0.00273924
0.00277835
0.00280568
0.0028223
0.00283056
0.00283307
0.0028321
0.00282932
0.0028258
0.0028221
0.00281839
0.00281454
0.00281027
0.0028052
0.00279894
0.00279123
0.00278208
0.00277206
0.00276264
0.00275667
0.00275883
0.00277586
0.00281623
0.00288894
0.0030011
0.00315496
0.00334503
0.00355703
0.00376956
0.00395868
0.00410382
0.00419277
0.00422415
0.00420578
0.00415112
0.00407523
0.00399162
0.00391049
0.0038383
0.00377827
0.00373119
0.00369633
0.0036722
0.00365704
0.00364917
0.0036471
0.00364965
0.00365584
0.00366484
0.00367594
0.00368844
0.00370159
0.00371467
0.00372695
0.00373779
0.00374666
0.00375325
0.00375742
0.00375925
0.00375896
9.46241e-07
9.3646e-07
9.25536e-07
9.13984e-07
9.02296e-07
8.90955e-07
8.80408e-07
8.71022e-07
8.63055e-07
8.56637e-07
8.51783e-07
8.48411e-07
8.46379e-07
8.45509e-07
8.45604e-07
8.46455e-07
8.47833e-07
8.49473e-07
8.51058e-07
8.52197e-07
8.52406e-07
8.51099e-07
8.47588e-07
8.41113e-07
8.30895e-07
8.16246e-07
7.9675e-07
7.72579e-07
7.45042e-07
7.17537e-07
6.97155e-07
6.97116e-07
7.39868e-07
8.59745e-07
1.10272e-06
1.51988e-06
2.15227e-06
3.00871e-06
4.04581e-06
5.16643e-06
6.24017e-06
7.13977e-06
7.77737e-06
8.12465e-06
8.21071e-06
8.10262e-06
7.87988e-06
7.6129e-06
7.35118e-06
7.12091e-06
6.92932e-06
6.77218e-06
6.64216e-06
6.53757e-06
6.47214e-06
6.48785e-06
6.67347e-06
7.18997e-06
8.29822e-06
1.03714e-05
1.38579e-05
1.91553e-05
2.63588e-05
3.50652e-05
4.4382e-05
5.32105e-05
6.06411e-05
6.62137e-05
6.99351e-05
7.21216e-05
7.32045e-05
7.35888e-05
7.3586e-05
7.34024e-05
7.31537e-05
7.28882e-05
7.26073e-05
7.22814e-05
7.18615e-05
7.12866e-05
7.04912e-05
6.9412e-05
6.79984e-05
6.62274e-05
6.41285e-05
6.18254e-05
5.9607e-05
5.80393e-05
5.8127e-05
6.14935e-05
7.04854e-05
8.8017e-05
0.000116941
0.00015888
0.000212831
0.00027415
0.000335161
0.000387366
0.0004242
0.000443033
0.000445502
0.000436246
0.000420897
0.000404316
0.000389652
0.000378239
0.000370037
0.000364229
0.000359734
0.000355553
0.000350988
0.000345794
0.000340356
0.000335927
0.000334946
0.000341341
0.000360594
0.000399116
0.000462478
0.000552029
0.000662389
0.000781707
0.00089548
0.000991749
0.00106445
0.00111356
0.00114306
0.00115835
0.00116454
0.00116552
0.00116391
0.00116116
0.00115793
0.00115426
0.00114982
0.00114402
0.00113616
0.0011255
0.00111145
0.00109381
0.00107309
0.00105106
0.00103147
0.00102075
0.00102855
0.00106754
0.00115189
0.00129407
0.00150021
0.00176531
0.0020705
0.00238447
0.00266934
0.0028919
0.00303266
0.00309007
0.00307855
0.00302185
0.00294508
0.00286848
0.00280447
0.00275781
0.00272764
0.00271001
0.00269988
0.00269244
0.00268371
0.00267073
0.00265169
0.00262607
0.00259489
0.00256091
0.00252868
0.00250424
0.00249416
0.00250392
0.00253531
0.00258496
0.00264477
0.00270468
0.00275622
0.00279473
0.00281958
0.00283284
0.0028377
0.00283729
0.00283407
0.00282976
0.00282533
0.00282123
0.00281752
0.00281399
0.00281026
0.00280589
0.00280043
0.00279353
0.00278515
0.00277575
0.0027667
0.00276073
0.00276241
0.00277842
0.00281724
0.00288793
0.00299774
0.00314901
0.00333624
0.00354511
0.0037543
0.00394015
0.00408263
0.00417026
0.00420208
0.00418593
0.00413488
0.00406337
0.00398427
0.00390725
0.00383846
0.00378101
0.00373572
0.003702
0.00367854
0.00366374
0.00365609
0.00365422
0.00365703
0.00366357
0.00367302
0.00368463
0.00369761
0.00371117
0.00372446
0.00373669
0.00374715
0.00375533
0.00376093
0.00376392
0.00376445
0.00376285
9.48071e-07
9.37729e-07
9.2622e-07
9.14027e-07
9.01654e-07
8.89622e-07
8.78434e-07
8.68506e-07
8.60127e-07
8.53436e-07
8.48436e-07
8.45017e-07
8.43007e-07
8.42196e-07
8.42365e-07
8.43293e-07
8.44747e-07
8.4647e-07
8.48162e-07
8.49454e-07
8.49889e-07
8.48911e-07
8.45862e-07
8.39999e-07
8.30555e-07
8.16838e-07
7.98427e-07
7.7551e-07
7.49486e-07
7.23998e-07
7.06655e-07
7.11565e-07
7.62408e-07
8.94781e-07
1.15516e-06
1.59316e-06
2.2453e-06
3.11268e-06
4.14408e-06
5.23837e-06
6.26798e-06
7.11504e-06
7.70404e-06
8.01717e-06
8.08873e-06
7.98504e-06
7.78055e-06
7.53895e-06
7.30344e-06
7.09541e-06
6.91884e-06
6.76719e-06
6.63093e-06
6.50549e-06
6.40037e-06
6.35203e-06
6.44404e-06
6.83766e-06
7.81055e-06
9.7848e-06
1.3299e-05
1.88601e-05
2.66185e-05
3.60894e-05
4.6158e-05
5.54812e-05
6.30236e-05
6.83632e-05
7.16463e-05
7.33391e-05
7.39769e-05
7.40131e-05
7.37677e-05
7.34344e-05
7.311e-05
7.28241e-05
7.2563e-05
7.22859e-05
7.19358e-05
7.14458e-05
7.07452e-05
6.97659e-05
6.84523e-05
6.67764e-05
6.47641e-05
6.25401e-05
6.04032e-05
5.89444e-05
5.92123e-05
6.28889e-05
7.23711e-05
9.05651e-05
0.00012019
0.000162571
0.000216291
0.000276369
0.000335176
0.000384692
0.0004191
0.000436458
0.000438732
0.00043045
0.000416825
0.000402215
0.000389368
0.000379397
0.0003722
0.000366991
0.00036274
0.00035848
0.0003535
0.000347509
0.00034082
0.000334635
0.000331435
0.000335436
0.000352844
0.000391327
0.000457915
0.000554653
0.000675032
0.000804241
0.000924575
0.00102246
0.00109233
0.001136
0.00115932
0.00116905
0.00117087
0.00116879
0.00116525
0.0011615
0.00115794
0.00115446
0.00115058
0.00114562
0.0011388
0.00112931
0.00111651
0.0011001
0.0010805
0.00105936
0.00104032
0.0010297
0.00103714
0.0010754
0.00115879
0.0012999
0.00150474
0.00176782
0.00206955
0.00237802
0.00265566
0.00287074
0.00300581
0.003061
0.00305142
0.0030002
0.00293099
0.00286236
0.00280541
0.00276425
0.00273793
0.00272274
0.00271401
0.00270721
0.00269848
0.00268487
0.00266444
0.00263657
0.00260223
0.00256434
0.00252791
0.00249979
0.00248771
0.00249824
0.00253361
0.00258956
0.00265589
0.00272033
0.00277327
0.00281029
0.00283187
0.00284128
0.00284257
0.00283929
0.00283401
0.00282837
0.00282323
0.00281888
0.00281528
0.00281213
0.00280897
0.00280532
0.00280066
0.00279462
0.00278708
0.00277844
0.00276999
0.00276434
0.00276598
0.00278149
0.00281933
0.0028886
0.00299658
0.00314561
0.00333011
0.0035357
0.00374114
0.00392322
0.00406263
0.00414875
0.0041811
0.00416749
0.00412053
0.00405392
0.00397979
0.00390724
0.00384208
0.00378731
0.00374383
0.0037112
0.00368831
0.00367378
0.00366623
0.00366446
0.00366739
0.00367414
0.00368388
0.00369578
0.00370901
0.00372265
0.00373579
0.00374754
0.00375719
0.00376423
0.00376843
0.00376987
0.00376881
0.0037657
9.50621e-07
9.39914e-07
9.2796e-07
9.1521e-07
9.02183e-07
8.8945e-07
8.77577e-07
8.67046e-07
8.58188e-07
8.51161e-07
8.45953e-07
8.4243e-07
8.40384e-07
8.39574e-07
8.39753e-07
8.40683e-07
8.42126e-07
8.43828e-07
8.455e-07
8.46794e-07
8.47285e-07
8.46447e-07
8.43659e-07
8.38213e-07
8.29369e-07
8.16456e-07
7.99073e-07
7.77452e-07
7.53106e-07
7.29948e-07
7.1611e-07
7.26558e-07
7.86111e-07
9.31407e-07
1.20903e-06
1.66653e-06
2.33534e-06
3.20881e-06
4.22892e-06
5.29249e-06
6.27685e-06
7.07477e-06
7.62285e-06
7.9121e-06
7.97976e-06
7.88939e-06
7.70926e-06
7.49614e-06
7.28743e-06
7.10065e-06
6.93758e-06
6.79037e-06
6.64813e-06
6.50397e-06
6.36334e-06
6.25638e-06
6.25889e-06
6.52748e-06
7.35033e-06
9.19582e-06
1.27042e-05
1.85148e-05
2.68582e-05
3.71548e-05
4.80126e-05
5.77959e-05
6.53502e-05
7.03404e-05
7.31e-05
7.42633e-05
7.44617e-05
7.41788e-05
7.37265e-05
7.32764e-05
7.29012e-05
7.26109e-05
7.23771e-05
7.21498e-05
7.18656e-05
7.1454e-05
7.08416e-05
6.99578e-05
6.8744e-05
6.7169e-05
6.52571e-05
6.3135e-05
6.11124e-05
5.98054e-05
6.03046e-05
6.43458e-05
7.43642e-05
9.32359e-05
0.000123518
0.000166218
0.000219508
0.000278158
0.000334693
0.000381655
0.000413978
0.000430317
0.000432835
0.000425836
0.000414064
0.000401389
0.000390211
0.000381484
0.000375092
0.000370308
0.000366172
0.000361753
0.000356335
0.000349572
0.000341691
0.000333799
0.000328353
0.000329771
0.000344954
0.000382976
0.000452636
0.00055699
0.000688212
0.000827808
0.000954257
0.00105246
0.00111802
0.00115514
0.00117185
0.00117608
0.00117389
0.00116918
0.00116412
0.00115966
0.00115598
0.00115278
0.00114947
0.00114531
0.00113945
0.00113108
0.00111951
0.00110438
0.00108605
0.00106609
0.00104801
0.00103806
0.00104582
0.00108405
0.00116713
0.00130766
0.00151138
0.00177226
0.00207
0.00237225
0.00264219
0.00284988
0.00297996
0.0030341
0.00302767
0.00298283
0.00292154
0.00286068
0.0028102
0.00277375
0.00275044
0.00273695
0.00272901
0.00272238
0.00271335
0.0026989
0.002677
0.00264686
0.00260938
0.00256756
0.00252682
0.00249484
0.00248058
0.00249192
0.0025317
0.0025946
0.00266786
0.00273661
0.00279016
0.00282476
0.00284236
0.00284761
0.00284535
0.00283941
0.00283235
0.00282564
0.00281998
0.00281553
0.0028121
0.00280933
0.00280672
0.00280373
0.00279984
0.00279463
0.00278797
0.00278019
0.00277253
0.0027675
0.00276949
0.00278499
0.00282242
0.00289081
0.00299745
0.00314456
0.00332642
0.00352852
0.00372979
0.0039076
0.00404356
0.00412806
0.00416112
0.00415048
0.00410818
0.00404708
0.00397848
0.00391084
0.00384965
0.00379777
0.0037562
0.00372468
0.00370233
0.00368798
0.00368043
0.00367858
0.00368146
0.00368819
0.00369792
0.00370978
0.00372284
0.00373611
0.00374858
0.00375932
0.0037676
0.00377297
0.00377532
0.00377485
0.00377196
0.00376719
9.5403e-07
9.43166e-07
9.30924e-07
9.1772e-07
9.04084e-07
8.90639e-07
8.78029e-07
8.66814e-07
8.57385e-07
8.49921e-07
8.44407e-07
8.40685e-07
8.38511e-07
8.3761e-07
8.3771e-07
8.38549e-07
8.3988e-07
8.41449e-07
8.42977e-07
8.44133e-07
8.44518e-07
8.43645e-07
8.40935e-07
8.35727e-07
8.27327e-07
8.15107e-07
7.98716e-07
7.7846e-07
7.55996e-07
7.35524e-07
7.25692e-07
7.42274e-07
8.11097e-07
9.69577e-07
1.26395e-06
1.73917e-06
2.42101e-06
3.29529e-06
4.29839e-06
5.32705e-06
6.26552e-06
7.01812e-06
7.53289e-06
7.80785e-06
7.88098e-06
7.81135e-06
7.66016e-06
7.47724e-06
7.29478e-06
7.12734e-06
6.97546e-06
6.83096e-06
6.68248e-06
6.52161e-06
6.35021e-06
6.19186e-06
6.11257e-06
6.2593e-06
6.92279e-06
8.61198e-06
1.20766e-05
1.81167e-05
2.70755e-05
3.82652e-05
4.99475e-05
6.01407e-05
6.75907e-05
7.21158e-05
7.42865e-05
7.49121e-05
7.47004e-05
7.41416e-05
7.3524e-05
7.29889e-05
7.25833e-05
7.22981e-05
7.20924e-05
7.19087e-05
7.168e-05
7.13342e-05
7.07978e-05
6.99998e-05
6.88812e-05
6.741e-05
6.56105e-05
6.36134e-05
6.17397e-05
6.06299e-05
6.14141e-05
6.58741e-05
7.6469e-05
9.60214e-05
0.000126897
0.000169765
0.000222408
0.000279437
0.000333638
0.000378187
0.000408757
0.000424501
0.000427653
0.0004222
0.00041238
0.000401597
0.000391951
0.000384282
0.000378499
0.00037396
0.000369794
0.000365121
0.000359228
0.000351722
0.000342737
0.000333253
0.000325625
0.000324365
0.000336991
0.000374092
0.0004466
0.000559006
0.000701977
0.000852429
0.000984336
0.00108136
0.00114111
0.00117087
0.00118085
0.00117995
0.00117429
0.00116747
0.00116128
0.00115636
0.00115266
0.00114975
0.00114694
0.00114345
0.00113842
0.00113104
0.0011206
0.00110676
0.00108982
0.00107129
0.00105459
0.00104586
0.00105457
0.00109344
0.00117682
0.00131716
0.00151987
0.00177826
0.00207138
0.00236666
0.00262847
0.00282891
0.00295478
0.00300904
0.00300694
0.00296933
0.00291629
0.00286304
0.00281852
0.00278606
0.002765
0.00275247
0.00274465
0.00273765
0.00272787
0.0027123
0.00268878
0.00265637
0.00261583
0.0025702
0.0025252
0.00248927
0.0024727
0.00248491
0.00252956
0.00260013
0.0026807
0.0027534
0.00280664
0.00283788
0.00285097
0.00285198
0.0028464
0.00283815
0.00282964
0.00282213
0.00281613
0.00281164
0.00280841
0.00280598
0.00280383
0.0028014
0.00279818
0.00279375
0.00278795
0.00278111
0.00277439
0.00277026
0.00277297
0.00278894
0.00282646
0.0028945
0.00300022
0.00314566
0.00332489
0.00352325
0.0037199
0.00389294
0.00402515
0.00410798
0.00414202
0.00413488
0.00409789
0.00404301
0.00398059
0.00391845
0.00386165
0.00381299
0.00377352
0.00374323
0.00372143
0.00370719
0.00369949
0.00369736
0.00369989
0.00370623
0.0037155
0.0037268
0.00373912
0.00375138
0.00376251
0.00377157
0.00377785
0.003781
0.00378106
0.00377836
0.00377347
0.00376701
9.58378e-07
9.47588e-07
9.35251e-07
9.21733e-07
9.07562e-07
8.93414e-07
8.80017e-07
8.68027e-07
8.57907e-07
8.49873e-07
8.43912e-07
8.39846e-07
8.37402e-07
8.36273e-07
8.36159e-07
8.36777e-07
8.37869e-07
8.39176e-07
8.40424e-07
8.41298e-07
8.41425e-07
8.40357e-07
8.37562e-07
8.32438e-07
8.24355e-07
8.12753e-07
7.9736e-07
7.78589e-07
7.5827e-07
7.40897e-07
7.35618e-07
7.58935e-07
8.37506e-07
1.00923e-06
1.31953e-06
1.81014e-06
2.50079e-06
3.3701e-06
4.3502e-06
5.33981e-06
6.23186e-06
6.94278e-06
7.43117e-06
7.70016e-06
7.78647e-06
7.74325e-06
7.62409e-06
7.47197e-06
7.31443e-06
7.16381e-06
7.02035e-06
6.87641e-06
6.72107e-06
6.54529e-06
6.34813e-06
6.14687e-06
5.99659e-06
6.03002e-06
6.53137e-06
8.04142e-06
1.142e-05
1.76626e-05
2.72672e-05
3.94248e-05
5.19643e-05
6.24986e-05
6.97146e-05
7.36688e-05
7.52133e-05
7.53233e-05
7.47515e-05
7.3969e-05
7.32269e-05
7.26329e-05
7.2209e-05
7.19297e-05
7.17447e-05
7.15913e-05
7.14013e-05
7.11035e-05
7.06262e-05
6.99008e-05
6.887e-05
6.75037e-05
6.58286e-05
6.3981e-05
6.22937e-05
6.14304e-05
6.25556e-05
6.74871e-05
7.86907e-05
9.89099e-05
0.00013029
0.000173146
0.000224898
0.000280101
0.000331901
0.00037417
0.000403289
0.000418812
0.000422931
0.000419238
0.000411447
0.000402516
0.000394278
0.000387498
0.000382135
0.000377659
0.000373306
0.000368266
0.000361849
0.000353631
0.000343656
0.000332755
0.000323112
0.000319199
0.000329026
0.000364706
0.000439762
0.000560664
0.000716384
0.000878119
0.00101459
0.00110875
0.00116134
0.00118324
0.00118679
0.00118139
0.00117291
0.00116448
0.00115748
0.00115226
0.00114856
0.00114585
0.00114338
0.00114036
0.00113596
0.00112938
0.00111997
0.00110738
0.00109192
0.00107507
0.00106015
0.00105317
0.00106347
0.00110362
0.00118782
0.00132828
0.00152996
0.00178545
0.0020732
0.00236072
0.00261395
0.0028073
0.00292973
0.00298525
0.0029886
0.00295903
0.0029146
0.00286888
0.00282992
0.00280085
0.00278134
0.00276902
0.00276059
0.00275253
0.00274144
0.00272435
0.002699
0.00266431
0.0026209
0.00257174
0.00252272
0.00248294
0.00246402
0.00247716
0.00252717
0.0026062
0.00269444
0.00277057
0.00282246
0.00284949
0.00285777
0.00285472
0.00284623
0.0028361
0.0028265
0.00281843
0.00281221
0.00280772
0.00280462
0.00280242
0.0028006
0.0027986
0.00279591
0.00279216
0.00278718
0.00278132
0.0027757
0.00277271
0.00277652
0.00279339
0.00283148
0.00289962
0.00300476
0.00314872
0.00332524
0.00351953
0.00371106
0.00387882
0.00400698
0.00408818
0.00412355
0.00412051
0.00408961
0.00404174
0.00398628
0.00393029
0.00387845
0.00383343
0.00379639
0.00376749
0.0037463
0.00373211
0.00372407
0.00372134
0.00372309
0.0037285
0.00373669
0.00374672
0.00375752
0.00376797
0.00377698
0.00378361
0.00378723
0.00378761
0.00378498
0.00377986
0.00377293
0.00376487
9.63675e-07
9.53224e-07
9.41035e-07
9.274e-07
9.12827e-07
8.98027e-07
8.83819e-07
8.70969e-07
8.60029e-07
8.51265e-07
8.44674e-07
8.40068e-07
8.3715e-07
8.35591e-07
8.35067e-07
8.35278e-07
8.3595e-07
8.36825e-07
8.3763e-07
8.38064e-07
8.37779e-07
8.36366e-07
8.33346e-07
8.28186e-07
8.20335e-07
8.09329e-07
7.95008e-07
7.77917e-07
7.60086e-07
7.46308e-07
7.46183e-07
7.76827e-07
8.65519e-07
1.05028e-06
1.37525e-06
1.8784e-06
2.57294e-06
3.43087e-06
4.38151e-06
5.3276e-06
6.17228e-06
6.84432e-06
7.31172e-06
7.58101e-06
7.68609e-06
7.67312e-06
7.58762e-06
7.46589e-06
7.33139e-06
7.19497e-06
7.05722e-06
6.91184e-06
6.74915e-06
6.56036e-06
6.3427e-06
6.10794e-06
5.89994e-06
5.83392e-06
6.17824e-06
7.49041e-06
1.07386e-05
1.71488e-05
2.74293e-05
4.06387e-05
5.40643e-05
6.48499e-05
7.16933e-05
7.49907e-05
7.59076e-05
7.55539e-05
7.46873e-05
7.37349e-05
7.29031e-05
7.22663e-05
7.18256e-05
7.15429e-05
7.13619e-05
7.12179e-05
7.1044e-05
7.07718e-05
7.03337e-05
6.96654e-05
6.87142e-05
6.74544e-05
6.59178e-05
6.42476e-05
6.27893e-05
6.2226e-05
6.37499e-05
6.92022e-05
8.1035e-05
0.000101886
0.000133649
0.000176273
0.000226863
0.000280007
0.000329319
0.000369408
0.000397321
0.000412917
0.000418259
0.000416489
0.000410784
0.000403666
0.000396731
0.00039069
0.000385579
0.000380992
0.000376294
0.00037077
0.000363778
0.000354887
0.000344066
0.000331991
0.000320612
0.000314219
0.000321098
0.000354856
0.000432071
0.000561912
0.000731501
0.000904892
0.00104474
0.00113424
0.00117857
0.0011926
0.00119036
0.00118128
0.00117066
0.00116107
0.00115348
0.00114798
0.00114418
0.00114147
0.00113911
0.0011363
0.00113227
0.00112629
0.00111775
0.00110638
0.0010925
0.00107758
0.00106486
0.00106019
0.00107269
0.0011147
0.00120016
0.00134093
0.00154139
0.00179341
0.00207488
0.00235376
0.00259791
0.00278428
0.00290398
0.00296179
0.0029716
0.00295081
0.00291539
0.00287724
0.00284356
0.0028174
0.0027988
0.00278596
0.00277615
0.00276627
0.00275318
0.00273404
0.00270659
0.00266965
0.00262367
0.00257147
0.00251896
0.00247567
0.00245445
0.00246861
0.00252453
0.00261287
0.0027091
0.00278795
0.0028374
0.00285954
0.00286301
0.00285634
0.00284549
0.00283397
0.00282361
0.00281515
0.00280877
0.00280423
0.00280115
0.00279902
0.00279734
0.00279558
0.00279327
0.00279007
0.00278587
0.00278102
0.00277663
0.00277504
0.0027803
0.00279849
0.00283758
0.00290617
0.003011
0.00315353
0.00332715
0.00351693
0.00370273
0.00386469
0.00398854
0.00406817
0.00410528
0.00410701
0.004083
0.00404299
0.00399529
0.00394621
0.00389998
0.00385914
0.00382492
0.00379766
0.00377716
0.00376291
0.00375427
0.00375051
0.00375091
0.0037547
0.00376101
0.00376888
0.00377724
0.00378498
0.003791
0.00379443
0.00379476
0.00379194
0.0037864
0.00377882
0.00376999
0.00376058
9.69856e-07
9.60045e-07
9.48305e-07
9.34829e-07
9.20069e-07
9.04746e-07
8.89764e-07
8.76012e-07
8.64148e-07
8.54494e-07
8.47071e-07
8.41686e-07
8.38035e-07
8.35775e-07
8.3457e-07
8.34109e-07
8.34111e-07
8.34317e-07
8.34463e-07
8.3426e-07
8.33387e-07
8.31476e-07
8.28108e-07
8.22824e-07
8.15173e-07
8.04809e-07
7.91713e-07
7.76604e-07
7.61725e-07
7.52133e-07
7.57818e-07
7.96361e-07
8.95393e-07
1.09269e-06
1.43058e-06
1.94266e-06
2.63538e-06
3.47464e-06
4.38856e-06
5.28583e-06
6.08104e-06
6.71515e-06
7.16465e-06
7.4379e-06
7.56454e-06
7.58315e-06
7.53115e-06
7.43854e-06
7.32516e-06
7.20082e-06
7.06695e-06
6.91906e-06
6.74942e-06
6.55035e-06
6.31829e-06
6.06059e-06
5.81037e-06
5.663e-06
5.86188e-06
6.96417e-06
1.00371e-05
1.65712e-05
2.75566e-05
4.19136e-05
5.62482e-05
6.71716e-05
7.3502e-05
7.60889e-05
7.64172e-05
7.56775e-05
7.4589e-05
7.35166e-05
7.26203e-05
7.19455e-05
7.14774e-05
7.11713e-05
7.09684e-05
7.08053e-05
7.06189e-05
7.03461e-05
6.99248e-05
6.92977e-05
6.84189e-05
6.727e-05
6.58901e-05
6.44314e-05
6.32506e-05
6.3046e-05
6.50273e-05
7.10427e-05
8.35083e-05
0.000104927
0.000136914
0.000179038
0.000228145
0.000278956
0.000325644
0.00036358
0.000390435
0.000406298
0.000413018
0.000413251
0.000409635
0.000404279
0.000398559
0.000393148
0.00038816
0.000383329
0.000378161
0.000372065
0.000364475
0.000354987
0.000343515
0.000330582
0.000317858
0.000309301
0.000313222
0.000344585
0.000423472
0.000562686
0.000747417
0.000932753
0.0010745
0.00115752
0.00119287
0.00119952
0.00119246
0.00118062
0.0011685
0.00115808
0.00114999
0.00114412
0.00114001
0.00113703
0.00113444
0.00113153
0.00112759
0.00112197
0.00111417
0.00110399
0.00109182
0.00107911
0.00106903
0.00106722
0.00108252
0.00112691
0.00121394
0.00135502
0.00155389
0.00180167
0.00207575
0.00234495
0.00257935
0.00275869
0.00287616
0.00293706
0.00295419
0.00294282
0.00291673
0.00288622
0.00285768
0.0028341
0.0028159
0.00280188
0.00278991
0.00277741
0.00276161
0.00273988
0.0027101
0.00267102
0.00262297
0.00256851
0.00251335
0.00246718
0.00244392
0.00245923
0.00252162
0.00262022
0.00272467
0.00280535
0.00285125
0.00286809
0.0028671
0.00285747
0.00284492
0.0028325
0.00282166
0.00281295
0.00280638
0.00280168
0.00279844
0.00279617
0.0027944
0.00279266
0.00279055
0.00278778
0.00278431
0.00278051
0.00277751
0.00277757
0.0027846
0.00280448
0.00284491
0.00291423
0.00301885
0.00315986
0.00333024
0.00351492
0.00369426
0.00384983
0.00396905
0.00404718
0.00408643
0.00409356
0.00407719
0.00404582
0.00400668
0.00396524
0.00392531
0.00388922
0.00385825
0.0038329
0.00381316
0.00379874
0.00378917
0.00378389
0.00378227
0.00378362
0.00378714
0.00379189
0.00379686
0.00380097
0.00380319
0.00380277
0.00379933
0.00379308
0.00378464
0.00377483
0.00376446
0.00375412
9.76767e-07
9.67924e-07
9.56995e-07
9.44045e-07
9.29425e-07
9.13826e-07
8.98217e-07
8.83621e-07
8.7081e-07
8.60167e-07
8.51739e-07
8.45342e-07
8.40675e-07
8.37398e-07
8.35179e-07
8.3371e-07
8.32712e-07
8.31937e-07
8.31132e-07
8.30031e-07
8.28347e-07
8.25759e-07
8.21914e-07
8.16443e-07
8.09006e-07
7.99399e-07
7.8777e-07
7.75042e-07
7.63679e-07
7.58998e-07
7.7124e-07
8.18184e-07
9.27545e-07
1.13645e-06
1.48486e-06
2.0014e-06
2.68547e-06
3.49756e-06
4.36626e-06
5.20773e-06
5.94916e-06
6.54378e-06
6.9752e-06
7.25229e-06
7.39968e-06
7.44825e-06
7.42774e-06
7.36227e-06
7.26844e-06
7.15523e-06
7.02512e-06
6.87561e-06
6.70136e-06
6.49647e-06
6.2575e-06
5.98866e-06
5.71351e-06
5.50673e-06
5.57903e-06
6.4678e-06
9.32112e-06
1.59246e-05
2.76417e-05
4.3258e-05
5.85162e-05
6.94375e-05
7.51237e-05
7.69902e-05
7.68097e-05
7.57802e-05
7.45442e-05
7.33953e-05
7.24496e-05
7.1731e-05
7.12155e-05
7.08566e-05
7.05981e-05
7.03809e-05
7.01486e-05
6.98452e-05
6.94168e-05
6.88146e-05
6.80026e-05
6.69723e-05
6.57735e-05
6.45682e-05
6.37214e-05
6.39379e-05
6.64334e-05
7.30422e-05
8.61194e-05
0.000108003
0.000140001
0.000181294
0.000228531
0.000276665
0.000320497
0.000356192
0.000382004
0.000398167
0.000406262
0.000408448
0.000406847
0.000403176
0.000398603
0.000393761
0.000388841
0.000383711
0.000378033
0.000371358
0.00036323
0.000353296
0.00034145
0.00032807
0.000314516
0.00030428
0.000305404
0.000333949
0.000413896
0.000562896
0.000764244
0.000961698
0.0011035
0.00117833
0.00120456
0.0012048
0.00119413
0.00118046
0.0011674
0.00115639
0.00114778
0.00114137
0.00113665
0.00113304
0.00112986
0.0011265
0.00112234
0.00111686
0.00110966
0.00110067
0.00109036
0.0010802
0.00107322
0.00107484
0.00109346
0.00114063
0.00122937
0.00137054
0.00156719
0.00180964
0.00207496
0.00233314
0.00255684
0.00272876
0.00284415
0.00290857
0.00293345
0.00293178
0.00291516
0.0028923
0.00286884
0.00284764
0.00282952
0.00281385
0.00279914
0.00278338
0.00276429
0.00273962
0.00270746
0.00266663
0.00261732
0.00256175
0.0025052
0.00245715
0.00243235
0.00244895
0.00251839
0.00262833
0.00274116
0.00282256
0.00286387
0.00287538
0.0028706
0.00285887
0.00284533
0.00283248
0.00282142
0.00281252
0.00280571
0.00280069
0.00279707
0.00279442
0.00279232
0.00279038
0.00278827
0.0027858
0.00278301
0.00278032
0.00277885
0.00278081
0.00278992
0.00281178
0.00285379
0.00292393
0.00302828
0.00316747
0.00333405
0.00351277
0.00368478
0.00383321
0.00394737
0.00402395
0.0040656
0.00407855
0.00407033
0.00404818
0.00401817
0.00398499
0.00395191
0.00392108
0.00389376
0.00387057
0.00385167
0.00383697
0.00382618
0.0038189
0.00381464
0.00381281
0.00381269
0.00381347
0.00381423
0.00381399
0.00381185
0.00380717
0.00379983
0.00379023
0.00377921
0.00376767
0.00375633
0.00374566
9.84153e-07
9.76611e-07
9.66899e-07
9.54935e-07
9.40918e-07
9.25448e-07
9.09525e-07
8.94316e-07
8.80709e-07
8.69136e-07
8.59662e-07
8.52117e-07
8.46218e-07
8.41645e-07
8.38088e-07
8.3526e-07
8.329e-07
8.30781e-07
8.28678e-07
8.2636e-07
8.23584e-07
8.20091e-07
8.1561e-07
8.09876e-07
8.02683e-07
7.9399e-07
7.84139e-07
7.74269e-07
7.67066e-07
7.6805e-07
7.87566e-07
8.43346e-07
9.62718e-07
1.18169e-06
1.53736e-06
2.05268e-06
2.71982e-06
3.49444e-06
4.30699e-06
5.0833e-06
5.76395e-06
6.31389e-06
6.72273e-06
6.99896e-06
7.16212e-06
7.23587e-06
7.24293e-06
7.20213e-06
7.12706e-06
7.02592e-06
6.90205e-06
6.75487e-06
6.58147e-06
6.37804e-06
6.14197e-06
5.87546e-06
5.59419e-06
5.35295e-06
5.32427e-06
6.0054e-06
8.59691e-06
1.52025e-05
2.76741e-05
4.46836e-05
6.08668e-05
7.16177e-05
7.65526e-05
7.7743e-05
7.71688e-05
7.59571e-05
7.46446e-05
7.34574e-05
7.24743e-05
7.17031e-05
7.11171e-05
7.06732e-05
7.0322e-05
7.00129e-05
6.96984e-05
6.93324e-05
6.88713e-05
6.82779e-05
6.75283e-05
6.66272e-05
6.56369e-05
6.47304e-05
6.42786e-05
6.49841e-05
6.80442e-05
7.52537e-05
8.88828e-05
0.000111074
0.000142794
0.00018284
0.00022772
0.000272699
0.000313311
0.00034652
0.000371101
0.000387371
0.000396624
0.000400542
0.000400768
0.00039866
0.000395183
0.00039092
0.000386122
0.000380781
0.000374706
0.000367602
0.000359143
0.000349055
0.000337234
0.000323934
0.000310199
0.000298943
0.000297631
0.000323011
0.000403267
0.000562412
0.000782135
0.000991699
0.00113135
0.00119658
0.00121421
0.00120947
0.00119649
0.00118189
0.0011684
0.001157
0.00114786
0.0011407
0.0011351
0.00113051
0.00112639
0.00112223
0.00111756
0.001112
0.0011053
0.00109751
0.00108922
0.00108189
0.00107846
0.00108399
0.00110641
0.00115655
0.00124684
0.00138754
0.00158096
0.00181658
0.00207134
0.00231669
0.00252819
0.00269175
0.00280457
0.00287221
0.00290452
0.00291223
0.00290481
0.00288945
0.00287099
0.00285217
0.00283409
0.0028167
0.00279911
0.00277994
0.00275749
0.00273
0.0026959
0.00265418
0.00260489
0.00254986
0.00249367
0.00244524
0.00241966
0.00243775
0.00251482
0.0026373
0.00275853
0.00283932
0.00287523
0.0028818
0.00287424
0.00286138
0.00284756
0.00283475
0.00282375
0.00281475
0.00280765
0.00280218
0.00279799
0.00279473
0.00279207
0.00278971
0.00278744
0.00278515
0.00278297
0.00278141
0.0027816
0.00278564
0.00279706
0.0028211
0.00286474
0.00293558
0.00303928
0.00317606
0.00333793
0.00350959
0.00367306
0.00381331
0.00392173
0.00399641
0.00404031
0.00405906
0.00405903
0.00404617
0.00402546
0.00400076
0.00397484
0.0039496
0.00392624
0.00390544
0.00388753
0.00387258
0.00386046
0.00385095
0.0038437
0.00383825
0.00383405
0.00383041
0.00382658
0.00382171
0.00381509
0.00380624
0.00379526
0.00378284
0.00376995
0.00375746
0.00374594
0.00373558
9.91662e-07
9.85724e-07
9.77642e-07
9.67187e-07
9.54366e-07
9.39619e-07
9.23916e-07
9.08586e-07
8.94621e-07
8.82461e-07
8.72178e-07
8.63608e-07
8.56494e-07
8.5055e-07
8.45505e-07
8.4111e-07
8.3714e-07
8.33399e-07
8.29704e-07
8.25875e-07
8.21734e-07
8.171e-07
8.11804e-07
8.05708e-07
7.98764e-07
7.9112e-07
7.83335e-07
7.76777e-07
7.74336e-07
7.81645e-07
8.08968e-07
8.73651e-07
1.00216e-06
1.22881e-06
1.58722e-06
2.09397e-06
2.73361e-06
3.45757e-06
4.20022e-06
4.89898e-06
5.50832e-06
6.00418e-06
6.38126e-06
6.64733e-06
6.81731e-06
6.90856e-06
6.93776e-06
6.91905e-06
6.86321e-06
6.77744e-06
6.66559e-06
6.52852e-06
6.36541e-06
6.17442e-06
5.954e-06
5.70531e-06
5.43793e-06
5.18895e-06
5.09046e-06
5.58008e-06
7.87196e-06
1.43973e-05
2.76387e-05
4.62067e-05
6.32943e-05
7.36792e-05
7.78005e-05
7.84223e-05
7.75839e-05
7.62981e-05
7.49856e-05
7.38052e-05
7.28044e-05
7.19817e-05
7.13121e-05
7.07608e-05
7.02889e-05
6.98574e-05
6.94301e-05
6.8973e-05
6.8456e-05
6.7856e-05
6.71646e-05
6.64024e-05
6.56468e-05
6.50812e-05
6.50783e-05
6.63258e-05
6.99799e-05
7.77649e-05
9.18285e-05
0.000114087
0.000145134
0.000183384
0.000225252
0.000266438
0.000303281
0.000333536
0.000356439
0.000372353
0.000382294
0.000387523
0.000389262
0.000388541
0.000386136
0.000382559
0.000378093
0.000372827
0.000366694
0.000359545
0.000351183
0.000341427
0.000330192
0.000317636
0.000304495
0.000293046
0.000289871
0.000311853
0.000391491
0.000561044
0.000801305
0.00102268
0.00115761
0.0012124
0.00122272
0.00121456
0.0012006
0.00118599
0.00117266
0.00116119
0.00115161
0.00114368
0.00113703
0.00113127
0.00112599
0.00112082
0.00111545
0.00110966
0.00110338
0.0010968
0.00109063
0.00108634
0.00108672
0.00109645
0.0011228
0.00117581
0.00126709
0.00140622
0.0015948
0.00182149
0.00206322
0.0022931
0.00249008
0.00264343
0.00275213
0.00282154
0.00285991
0.00287579
0.00287666
0.00286829
0.00285474
0.00283853
0.00282098
0.00280248
0.00278272
0.00276091
0.00273598
0.00270671
0.00267197
0.00263096
0.00258363
0.00253136
0.00247787
0.00243104
0.00240579
0.00242558
0.0025108
0.00264727
0.00277674
0.00285536
0.00288543
0.00288797
0.00287876
0.00286577
0.00285247
0.00284027
0.00282967
0.00282077
0.00281347
0.00280753
0.0028027
0.00279873
0.00279539
0.00279248
0.00278992
0.00278772
0.0027861
0.00278565
0.00278751
0.00279368
0.00280741
0.00283358
0.00287862
0.00294965
0.00305195
0.00318526
0.00334108
0.00350407
0.00365729
0.00378785
0.00388933
0.00396116
0.0040065
0.00403025
0.00403765
0.00403342
0.00402152
0.004005
0.00398614
0.00396656
0.00394738
0.0039293
0.00391273
0.00389788
0.00388478
0.00387335
0.00386338
0.00385459
0.00384656
0.00383882
0.00383076
0.00382174
0.00381121
0.00379889
0.00378511
0.00377086
0.00375716
0.00374474
0.00373388
0.00372452
9.98861e-07
9.94752e-07
9.88657e-07
9.80238e-07
9.69293e-07
9.56041e-07
9.41337e-07
9.26705e-07
9.13211e-07
9.01233e-07
8.90822e-07
8.81804e-07
8.7395e-07
8.67014e-07
8.60773e-07
8.55027e-07
8.49598e-07
8.44326e-07
8.39078e-07
8.33739e-07
8.28204e-07
8.22387e-07
8.16235e-07
8.09756e-07
8.03082e-07
7.96573e-07
7.91021e-07
7.88025e-07
7.90645e-07
8.04523e-07
8.39617e-07
9.1249e-07
1.04819e-06
1.27868e-06
1.63337e-06
2.1216e-06
2.71982e-06
3.37627e-06
4.03191e-06
4.63759e-06
5.16193e-06
5.59092e-06
5.92357e-06
6.16706e-06
6.33251e-06
6.43213e-06
6.4776e-06
6.47901e-06
6.44444e-06
6.37984e-06
6.28893e-06
6.17339e-06
6.03372e-06
5.86954e-06
5.68022e-06
5.46636e-06
5.23317e-06
5.00329e-06
4.86955e-06
5.19409e-06
7.15576e-06
1.35008e-05
2.75129e-05
4.7851e-05
6.57842e-05
7.55952e-05
7.89128e-05
7.90884e-05
7.81353e-05
7.68963e-05
7.56712e-05
7.45591e-05
7.35841e-05
7.27394e-05
7.20054e-05
7.1357e-05
7.07681e-05
7.02131e-05
6.96678e-05
6.91122e-05
6.85313e-05
6.7919e-05
6.72848e-05
6.66678e-05
6.61619e-05
6.59608e-05
6.64331e-05
6.82368e-05
7.24618e-05
8.07246e-05
9.50097e-05
0.00011697
0.000146789
0.000182493
0.000220478
0.000257017
0.000289326
0.000315922
0.000336445
0.000351288
0.000361233
0.000367191
0.000370032
0.000370503
0.000369193
0.000366528
0.000362784
0.000358103
0.000352508
0.000345961
0.000338376
0.000329653
0.000319735
0.000308705
0.000297034
0.000286345
0.000282087
0.000300586
0.000378474
0.000558507
0.00082206
0.00105444
0.00118195
0.00122632
0.00123078
0.00122099
0.00120748
0.00119392
0.00118149
0.00117051
0.00116092
0.00115254
0.00114511
0.00113837
0.00113207
0.001126
0.00112001
0.00111404
0.00110821
0.00110287
0.00109882
0.00109755
0.00110165
0.00111539
0.00114528
0.00120038
0.00129134
0.00142701
0.00160827
0.00182298
0.00204803
0.00225861
0.00243753
0.0025775
0.00267912
0.00274745
0.0027892
0.00281101
0.00281858
0.0028164
0.00280775
0.00279485
0.00277907
0.00276111
0.00274111
0.00271877
0.00269358
0.00266487
0.00263192
0.00259417
0.00255151
0.00250484
0.00245689
0.00241416
0.00239071
0.00241242
0.00250623
0.00265845
0.00279564
0.00287048
0.0028948
0.00289436
0.0028848
0.00287282
0.00286091
0.00284999
0.00284033
0.00283198
0.00282481
0.00281869
0.00281346
0.00280896
0.00280506
0.0028017
0.00279889
0.00279677
0.00279568
0.00279626
0.00279963
0.00280769
0.00282341
0.00285119
0.00289687
0.00296702
0.00306651
0.00319464
0.00334235
0.00349431
0.00363479
0.00375338
0.00384594
0.0039131
0.00395808
0.00398504
0.00399815
0.00400104
0.00399672
0.00398755
0.0039753
0.00396133
0.0039466
0.00393177
0.00391731
0.00390349
0.00389046
0.00387824
0.00386677
0.00385587
0.00384533
0.00383481
0.0038239
0.00381213
0.00379914
0.00378476
0.00376957
0.00375489
0.00374171
0.00373045
0.00372107
0.00371324
1.00528e-06
1.0031e-06
9.99216e-07
9.93259e-07
9.84854e-07
9.73976e-07
9.6126e-07
9.48469e-07
9.36703e-07
9.26153e-07
9.16836e-07
9.08538e-07
9.01068e-07
8.94212e-07
8.87799e-07
8.81672e-07
8.75705e-07
8.69771e-07
8.63789e-07
8.57697e-07
8.51464e-07
8.45089e-07
8.38627e-07
8.32225e-07
8.26184e-07
8.21064e-07
8.17877e-07
8.18412e-07
8.25833e-07
8.45664e-07
8.87318e-07
9.66136e-07
1.10513e-06
1.33316e-06
1.67453e-06
2.13027e-06
2.66859e-06
3.23672e-06
3.78565e-06
4.28151e-06
4.70666e-06
5.05591e-06
5.33178e-06
5.54089e-06
5.69142e-06
5.79146e-06
5.84865e-06
5.86961e-06
5.85985e-06
5.82375e-06
5.76434e-06
5.68337e-06
5.58185e-06
5.46005e-06
5.3178e-06
5.15534e-06
4.97489e-06
4.78843e-06
4.65416e-06
4.8493e-06
6.46156e-06
1.25069e-05
2.72648e-05
4.96474e-05
6.83061e-05
7.73603e-05
7.99129e-05
7.98053e-05
7.88983e-05
7.78325e-05
7.6796e-05
7.58408e-05
7.49738e-05
7.41863e-05
7.34638e-05
7.27907e-05
7.21523e-05
7.15357e-05
7.09275e-05
7.03208e-05
6.97155e-05
6.91218e-05
6.8567e-05
6.81083e-05
6.78551e-05
6.80083e-05
6.89256e-05
7.1221e-05
7.58901e-05
8.44026e-05
9.85326e-05
0.000119627
0.000147417
0.000179543
0.000212522
0.000243367
0.000270224
0.000292323
0.000309654
0.000322625
0.000331837
0.000337925
0.000341472
0.000342984
0.000342874
0.000341458
0.000338969
0.000335553
0.000331281
0.000326174
0.000320219
0.00031337
0.000305593
0.000296917
0.000287595
0.000278656
0.000274258
0.000289379
0.000364155
0.000554396
0.000844806
0.00108659
0.00120426
0.00123861
0.00123915
0.00122962
0.00121802
0.00120666
0.00119614
0.00118659
0.00117793
0.00117001
0.00116268
0.00115582
0.00114932
0.00114309
0.00113711
0.00113149
0.00112648
0.00112257
0.00112062
0.00112209
0.00112935
0.0011462
0.00117833
0.00123369
0.00132184
0.00145082
0.00162084
0.00181891
0.00202193
0.00220777
0.00236357
0.00248559
0.00257584
0.00263907
0.00268062
0.00270551
0.00271794
0.00272121
0.00271784
0.00270963
0.00269783
0.00268325
0.00266625
0.00264692
0.00262512
0.0026006
0.00257297
0.00254188
0.00250719
0.00246935
0.0024301
0.00239433
0.00237446
0.00239829
0.00250089
0.00267106
0.00281497
0.0028846
0.00290352
0.00290146
0.00289294
0.0028831
0.00287351
0.0028647
0.00285678
0.00284973
0.00284347
0.00283791
0.00283297
0.00282859
0.00282474
0.00282143
0.00281879
0.00281704
0.00281658
0.0028181
0.00282269
0.00283209
0.00284895
0.00287717
0.00292193
0.00298922
0.0030835
0.00320366
0.00334011
0.00347747
0.00360164
0.00370502
0.00378576
0.00384551
0.00388744
0.00391502
0.00393143
0.00393938
0.00394104
0.00393814
0.003932
0.00392366
0.00391389
0.00390327
0.00389223
0.00388105
0.00386992
0.00385894
0.00384812
0.00383739
0.00382666
0.00381572
0.00380433
0.00379213
0.00377892
0.00376453
0.00374975
0.00373632
0.00372499
0.00371585
0.00370852
0.00370251
1.01046e-06
1.01016e-06
1.00853e-06
1.00526e-06
9.99881e-07
9.92192e-07
9.82523e-07
9.72903e-07
9.64377e-07
9.56811e-07
9.50205e-07
9.44282e-07
9.38913e-07
9.33907e-07
9.29144e-07
9.24504e-07
9.19895e-07
9.1524e-07
9.10492e-07
9.05627e-07
9.00659e-07
8.95642e-07
8.90688e-07
8.86025e-07
8.82053e-07
8.79439e-07
8.793e-07
8.83474e-07
8.95059e-07
9.19251e-07
9.64638e-07
1.04486e-06
1.18031e-06
1.39567e-06
1.70939e-06
2.11317e-06
2.56825e-06
3.02531e-06
3.44933e-06
3.82276e-06
4.14014e-06
4.40309e-06
4.61624e-06
4.78529e-06
4.91587e-06
5.01263e-06
5.07999e-06
5.12159e-06
5.14054e-06
5.13953e-06
5.1206e-06
5.08506e-06
5.03357e-06
4.9664e-06
4.88334e-06
4.78432e-06
4.66972e-06
4.54457e-06
4.43997e-06
4.54758e-06
5.80889e-06
1.14198e-05
2.68569e-05
5.16224e-05
7.08138e-05
7.8951e-05
8.08313e-05
8.06221e-05
7.99143e-05
7.91419e-05
7.84024e-05
7.77163e-05
7.70798e-05
7.64837e-05
7.59172e-05
7.53711e-05
7.48378e-05
7.43137e-05
7.37944e-05
7.32813e-05
7.27844e-05
7.23246e-05
7.19405e-05
7.16999e-05
7.17185e-05
7.21945e-05
7.34625e-05
7.60762e-05
8.09085e-05
8.92457e-05
0.000102591
0.000121954
0.000146565
0.000173775
0.000200467
0.00022457
0.000245176
0.00026213
0.000275683
0.000286227
0.000294211
0.000300041
0.000304066
0.000306589
0.000307855
0.000308061
0.000307368
0.000305893
0.000303709
0.000300849
0.000297323
0.000293112
0.000288193
0.000282554
0.000276303
0.000269974
0.000266424
0.000278501
0.000348611
0.000548239
0.000869876
0.00111853
0.00122423
0.00124962
0.00124841
0.00124091
0.00123255
0.00122455
0.00121715
0.00121032
0.001204
0.00119808
0.00119248
0.00118715
0.00118208
0.00117727
0.0011728
0.00116884
0.00116573
0.00116397
0.00116441
0.00116837
0.00117794
0.00119634
0.00122841
0.00128086
0.00136211
0.00147923
0.00163193
0.00180633
0.00197983
0.00213398
0.00226072
0.00235972
0.00243419
0.00248845
0.00252661
0.0025523
0.00256837
0.00257704
0.00258002
0.00257862
0.00257375
0.00256613
0.00255618
0.00254414
0.00253007
0.00251393
0.00249554
0.0024747
0.00245122
0.00242524
0.00239762
0.00237158
0.00235724
0.00238331
0.00249453
0.00268529
0.00283433
0.0028975
0.00291179
0.00290959
0.00290338
0.00289667
0.0028903
0.0028845
0.00287928
0.00287459
0.00287037
0.00286657
0.00286315
0.00286013
0.00285751
0.00285538
0.0028539
0.00285331
0.00285404
0.00285671
0.00286231
0.00287236
0.00288914
0.00291597
0.00295735
0.00301864
0.00310388
0.00321176
0.00333213
0.0034498
0.00355305
0.00363732
0.00370295
0.00375236
0.00378855
0.00381422
0.00383173
0.00384294
0.00384928
0.00385189
0.00385167
0.00384931
0.00384536
0.00384027
0.00383433
0.00382779
0.00382084
0.00381357
0.00380606
0.00379829
0.00379023
0.00378176
0.00377275
0.00376292
0.00375217
0.00374015
0.00372773
0.00371713
0.00370872
0.00370227
0.00369721
0.003693
0.00371485
0.0037129
0.00371112
0.00370949
0.00370799
0.0037066
0.00370532
0.00370414
0.00370304
0.00370202
0.00370107
0.00370019
0.00369937
0.00369861
0.00369791
0.00369726
0.00369666
0.00369611
0.00369561
0.00369515
0.00369473
0.00369435
0.00369401
0.0036937
0.00369342
0.00369317
0.00369294
0.00369274
0.00369255
0.00369238
0.00369222
0.00369207
0.00369193
0.0036918
0.00369169
0.00369158
0.00369149
0.00369141
0.00369136
0.00369134
0.00369014
0.00368875
0.00368746
0.00368625
0.0036851
0.003684
0.00368295
0.00368193
0.00368093
0.00367996
0.00367901
0.00367807
0.00367715
0.00367624
0.00367535
0.00367446
0.00367359
0.00367273
0.00367188
0.00367105
0.00367023
0.00366943
0.00366864
0.00366787
0.00366712
0.00366638
0.00366567
0.00366497
0.00366428
0.00366362
0.00366299
0.00366237
0.00366179
0.00366124
0.00366074
0.00366028
0.00365989
0.00365957
0.00365935
0.00365923
0.00367554
0.00367467
0.00367382
0.00367298
0.00367215
0.0036713
0.00367045
0.00366957
0.00366866
0.00366773
0.00366677
0.00366578
0.00366476
0.00366371
0.00366263
0.00366153
0.0036604
0.00365926
0.00365809
0.00365692
0.00365573
0.00365454
0.00365334
0.00365214
0.00365094
0.00364974
0.00364856
0.00364739
0.00364624
0.00364511
0.00364401
0.00364294
0.00364193
0.00364097
0.00364008
0.00363928
0.00363858
0.00363801
0.0036376
0.00363738
0.00366847
0.00366804
0.00366757
0.00366705
0.00366648
0.00366585
0.00366516
0.00366439
0.00366356
0.00366265
0.00366167
0.00366063
0.00365951
0.00365833
0.00365709
0.00365579
0.00365444
0.00365304
0.00365159
0.00365011
0.00364859
0.00364704
0.00364548
0.00364389
0.00364229
0.00364068
0.00363908
0.00363748
0.00363589
0.00363433
0.0036328
0.00363131
0.00362988
0.00362853
0.00362727
0.00362613
0.00362514
0.00362433
0.00362374
0.00362341
0.00366675
0.00366667
0.00366651
0.00366626
0.0036659
0.00366544
0.00366487
0.00366419
0.0036634
0.0036625
0.0036615
0.00366039
0.00365919
0.00365789
0.0036565
0.00365503
0.00365348
0.00365185
0.00365016
0.00364841
0.00364661
0.00364476
0.00364287
0.00364094
0.00363899
0.00363702
0.00363504
0.00363306
0.00363109
0.00362914
0.00362722
0.00362535
0.00362354
0.00362183
0.00362022
0.00361877
0.00361749
0.00361645
0.00361568
0.00361525
0.00366863
0.00366884
0.00366892
0.00366887
0.00366867
0.00366833
0.00366785
0.00366723
0.00366646
0.00366556
0.00366452
0.00366335
0.00366206
0.00366065
0.00365913
0.0036575
0.00365578
0.00365396
0.00365206
0.00365008
0.00364803
0.00364592
0.00364376
0.00364154
0.00363929
0.00363701
0.00363471
0.0036324
0.00363009
0.0036278
0.00362554
0.00362333
0.00362118
0.00361914
0.00361722
0.00361547
0.00361393
0.00361265
0.00361171
0.00361119
0.00367278
0.00367322
0.00367348
0.00367357
0.00367349
0.00367324
0.00367281
0.00367221
0.00367145
0.00367052
0.00366944
0.00366821
0.00366683
0.00366532
0.00366367
0.00366191
0.00366003
0.00365804
0.00365596
0.00365379
0.00365153
0.0036492
0.00364681
0.00364435
0.00364185
0.00363931
0.00363673
0.00363414
0.00363154
0.00362896
0.0036264
0.00362388
0.00362144
0.0036191
0.00361689
0.00361487
0.00361308
0.0036116
0.0036105
0.00360987
0.00367827
0.00367887
0.00367927
0.00367946
0.00367946
0.00367925
0.00367885
0.00367825
0.00367747
0.0036765
0.00367536
0.00367405
0.00367259
0.00367097
0.00366921
0.00366732
0.0036653
0.00366317
0.00366093
0.00365859
0.00365615
0.00365364
0.00365104
0.00364839
0.00364567
0.0036429
0.0036401
0.00363727
0.00363443
0.00363159
0.00362877
0.00362599
0.00362329
0.00362068
0.00361822
0.00361595
0.00361394
0.00361225
0.003611
0.00361028
0.00368444
0.00368516
0.00368565
0.00368591
0.00368594
0.00368576
0.00368535
0.00368473
0.0036839
0.00368288
0.00368167
0.00368028
0.00367872
0.003677
0.00367513
0.00367311
0.00367097
0.0036687
0.00366631
0.00366382
0.00366123
0.00365855
0.00365579
0.00365296
0.00365006
0.00364711
0.00364411
0.00364108
0.00363803
0.00363497
0.00363193
0.00362892
0.00362598
0.00362315
0.00362045
0.00361796
0.00361573
0.00361386
0.00361246
0.00361165
0.00369088
0.00369168
0.00369223
0.00369253
0.00369257
0.00369237
0.00369193
0.00369127
0.00369038
0.00368928
0.00368799
0.0036865
0.00368484
0.003683
0.00368101
0.00367888
0.0036766
0.0036742
0.00367168
0.00366906
0.00366632
0.0036635
0.00366059
0.00365761
0.00365455
0.00365144
0.00364827
0.00364507
0.00364183
0.00363859
0.00363536
0.00363215
0.00362901
0.00362596
0.00362306
0.00362036
0.00361794
0.00361589
0.00361434
0.00361344
0.00369736
0.00369821
0.00369879
0.00369909
0.00369911
0.00369887
0.00369838
0.00369764
0.00369667
0.00369548
0.00369408
0.00369248
0.0036907
0.00368874
0.00368663
0.00368437
0.00368196
0.00367943
0.00367678
0.00367402
0.00367116
0.0036682
0.00366516
0.00366204
0.00365884
0.00365558
0.00365227
0.00364891
0.00364553
0.00364212
0.00363871
0.00363533
0.003632
0.00362877
0.00362567
0.00362278
0.00362018
0.00361797
0.00361629
0.0036153
0.00370374
0.00370462
0.00370519
0.00370546
0.00370544
0.00370514
0.00370456
0.00370373
0.00370265
0.00370134
0.00369981
0.00369808
0.00369617
0.00369408
0.00369183
0.00368943
0.00368689
0.00368423
0.00368145
0.00367856
0.00367557
0.00367248
0.00366931
0.00366607
0.00366274
0.00365936
0.00365591
0.00365242
0.00364889
0.00364534
0.00364178
0.00363824
0.00363475
0.00363134
0.00362807
0.003625
0.00362223
0.00361986
0.00361805
0.00361698
0.00370999
0.00371086
0.00371139
0.0037116
0.0037115
0.0037111
0.00371041
0.00370945
0.00370823
0.00370678
0.00370511
0.00370323
0.00370116
0.00369892
0.00369653
0.00369398
0.00369131
0.0036885
0.00368559
0.00368257
0.00367945
0.00367625
0.00367296
0.00366959
0.00366615
0.00366264
0.00365908
0.00365546
0.00365181
0.00364812
0.00364442
0.00364074
0.00363709
0.00363353
0.00363009
0.00362686
0.00362392
0.00362141
0.00361947
0.00361831
0.00371607
0.0037169
0.00371737
0.00371748
0.00371727
0.00371673
0.00371589
0.00371477
0.00371339
0.00371177
0.00370992
0.00370788
0.00370564
0.00370324
0.00370068
0.00369798
0.00369515
0.00369221
0.00368916
0.00368601
0.00368277
0.00367944
0.00367603
0.00367255
0.003669
0.00366538
0.0036617
0.00365797
0.0036542
0.00365039
0.00364657
0.00364275
0.00363896
0.00363524
0.00363166
0.00362827
0.00362518
0.00362252
0.00362045
0.00361922
0.00372201
0.00372275
0.00372311
0.00372309
0.00372271
0.003722
0.00372098
0.00371967
0.00371809
0.00371627
0.00371423
0.00371199
0.00370956
0.00370698
0.00370425
0.00370139
0.00369841
0.00369532
0.00369213
0.00368885
0.00368548
0.00368204
0.00367852
0.00367492
0.00367127
0.00366754
0.00366376
0.00365992
0.00365603
0.00365211
0.00364817
0.00364422
0.0036403
0.00363645
0.00363271
0.00362918
0.00362594
0.00362313
0.00362095
0.00361964
0.00372781
0.00372842
0.0037286
0.0037284
0.00372782
0.00372689
0.00372564
0.0037241
0.0037223
0.00372025
0.00371799
0.00371553
0.00371291
0.00371013
0.00370722
0.00370418
0.00370104
0.0036978
0.00369448
0.00369107
0.00368758
0.00368402
0.00368039
0.0036767
0.00367294
0.00366911
0.00366523
0.00366129
0.0036573
0.00365327
0.00364921
0.00364514
0.00364109
0.0036371
0.00363323
0.00362955
0.00362617
0.00362323
0.00362094
0.00361955
0.00373346
0.00373387
0.00373384
0.00373339
0.00373255
0.00373136
0.00372984
0.00372804
0.00372597
0.00372367
0.00372116
0.00371848
0.00371563
0.00371266
0.00370955
0.00370635
0.00370305
0.00369966
0.0036962
0.00369266
0.00368906
0.00368539
0.00368166
0.00367787
0.00367401
0.00367009
0.00366611
0.00366207
0.00365798
0.00365385
0.00364968
0.0036455
0.00364133
0.00363721
0.0036332
0.00362938
0.00362586
0.0036228
0.0036204
0.00361894
0.00373894
0.00373908
0.00373876
0.003738
0.00373685
0.00373535
0.00373352
0.00373141
0.00372905
0.00372647
0.00372371
0.00372078
0.00371771
0.00371453
0.00371124
0.00370786
0.00370441
0.00370088
0.00369729
0.00369363
0.00368992
0.00368615
0.00368233
0.00367844
0.00367449
0.00367049
0.00366642
0.00366229
0.0036581
0.00365386
0.00364959
0.00364529
0.003641
0.00363676
0.00363262
0.00362867
0.00362502
0.00362183
0.00361932
0.00361779
0.00374419
0.00374398
0.00374329
0.00374217
0.00374065
0.00373878
0.0037366
0.00373415
0.00373148
0.00372861
0.00372557
0.0037224
0.00371911
0.00371572
0.00371225
0.00370871
0.00370511
0.00370145
0.00369774
0.00369398
0.00369017
0.00368631
0.0036824
0.00367843
0.0036744
0.00367031
0.00366615
0.00366194
0.00365766
0.00365332
0.00364894
0.00364453
0.00364012
0.00363575
0.00363149
0.0036274
0.00362363
0.00362032
0.00361771
0.00361612
0.00374911
0.00374847
0.00374734
0.00374577
0.00374383
0.00374155
0.00373899
0.00373619
0.00373318
0.00373001
0.00372671
0.00372329
0.00371978
0.00371621
0.00371257
0.00370888
0.00370515
0.00370137
0.00369756
0.00369371
0.00368981
0.00368587
0.00368188
0.00367784
0.00367374
0.00366957
0.00366533
0.00366103
0.00365666
0.00365223
0.00364774
0.00364322
0.00363869
0.0036342
0.00362981
0.0036256
0.0036217
0.00361828
0.00361558
0.00361393
0.00375356
0.00375239
0.00375075
0.00374869
0.00374628
0.00374356
0.00374059
0.00373742
0.00373409
0.00373062
0.00372706
0.00372341
0.00371971
0.00371596
0.00371218
0.00370836
0.00370452
0.00370065
0.00369676
0.00369283
0.00368887
0.00368486
0.00368081
0.0036767
0.00367252
0.00366828
0.00366397
0.00365958
0.00365512
0.00365059
0.003646
0.00364136
0.00363672
0.0036321
0.00362758
0.00362325
0.00361923
0.00361571
0.00361292
0.00361122
0.00375736
0.00375559
0.00375336
0.00375076
0.00374785
0.00374468
0.0037413
0.00373777
0.00373412
0.00373038
0.00372658
0.00372274
0.00371887
0.00371498
0.00371108
0.00370716
0.00370324
0.0036993
0.00369535
0.00369136
0.00368735
0.00368329
0.00367918
0.00367501
0.00367078
0.00366647
0.00366208
0.00365761
0.00365305
0.00364842
0.00364372
0.00363897
0.0036342
0.00362946
0.00362482
0.00362037
0.00361623
0.00361261
0.00360975
0.00360801
0.00376028
0.00375784
0.00375499
0.00375183
0.00374841
0.00374479
0.00374102
0.00373716
0.00373322
0.00372925
0.00372525
0.00372125
0.00371725
0.00371326
0.00370928
0.0037053
0.00370133
0.00369735
0.00369335
0.00368933
0.00368528
0.00368118
0.00367703
0.00367281
0.00366851
0.00366414
0.00365967
0.00365511
0.00365046
0.00364572
0.00364091
0.00363604
0.00363115
0.00362629
0.00362152
0.00361695
0.00361272
0.00360901
0.00360608
0.0036043
0.00376207
0.00375892
0.00375544
0.00375172
0.00374781
0.00374378
0.00373967
0.00373552
0.00373135
0.0037272
0.00372306
0.00371895
0.00371488
0.00371083
0.00370681
0.00370281
0.00369881
0.00369482
0.00369081
0.00368677
0.00368269
0.00367856
0.00367437
0.0036701
0.00366575
0.0036613
0.00365676
0.00365211
0.00364735
0.00364251
0.00363758
0.00363258
0.00362757
0.00362258
0.00361769
0.00361302
0.00360869
0.0036049
0.00360193
0.00360012
0.00376246
0.00375861
0.00375453
0.00375029
0.00374596
0.00374158
0.0037372
0.00373284
0.00372852
0.00372425
0.00372004
0.00371589
0.00371179
0.00370774
0.00370372
0.00369973
0.00369574
0.00369176
0.00368775
0.00368371
0.00367962
0.00367546
0.00367123
0.00366692
0.0036625
0.00365798
0.00365335
0.0036486
0.00364374
0.00363877
0.00363372
0.0036286
0.00362346
0.00361835
0.00361335
0.00360857
0.00360416
0.00360032
0.00359731
0.00359549
0.0037612
0.00375672
0.00375211
0.00374744
0.00374278
0.00373816
0.00373361
0.00372913
0.00372475
0.00372046
0.00371625
0.00371212
0.00370806
0.00370405
0.00370007
0.00369612
0.00369217
0.00368821
0.00368422
0.00368018
0.00367608
0.00367191
0.00366764
0.00366327
0.00365879
0.00365418
0.00364946
0.0036446
0.00363962
0.00363453
0.00362934
0.0036241
0.00361883
0.0036136
0.0036085
0.00360363
0.00359916
0.00359528
0.00359225
0.00359044
0.00375812
0.00375311
0.00374811
0.00374316
0.00373831
0.00373358
0.00372897
0.00372449
0.00372014
0.0037159
0.00371177
0.00370773
0.00370375
0.00369983
0.00369593
0.00369205
0.00368815
0.00368423
0.00368026
0.00367623
0.00367212
0.00366792
0.00366361
0.00365917
0.00365461
0.00364991
0.00364508
0.0036401
0.003635
0.00362978
0.00362446
0.00361908
0.00361369
0.00360835
0.00360316
0.00359823
0.00359371
0.00358982
0.0035868
0.00358501
0.00375313
0.00374779
0.00374257
0.00373751
0.00373263
0.00372793
0.0037234
0.00371903
0.00371481
0.00371072
0.00370674
0.00370283
0.00369899
0.00369518
0.00369138
0.00368758
0.00368375
0.00367987
0.00367592
0.00367189
0.00366776
0.00366352
0.00365914
0.00365463
0.00364998
0.00364517
0.00364022
0.00363512
0.00362988
0.00362452
0.00361907
0.00361357
0.00360807
0.00360264
0.00359738
0.0035924
0.00358788
0.00358399
0.00358101
0.00357925
0.0037463
0.00374086
0.00373565
0.00373068
0.00372594
0.00372142
0.0037171
0.00371295
0.00370895
0.00370507
0.00370128
0.00369755
0.00369386
0.00369019
0.00368651
0.00368279
0.00367901
0.00367517
0.00367123
0.00366718
0.00366301
0.00365871
0.00365426
0.00364966
0.00364489
0.00363997
0.00363488
0.00362965
0.00362427
0.00361878
0.00361321
0.00360759
0.003602
0.0035965
0.0035912
0.00358621
0.0035817
0.00357787
0.00357495
0.00357325
0.00373787
0.00373259
0.00372762
0.00372293
0.00371851
0.00371431
0.0037103
0.00370645
0.00370273
0.00369911
0.00369555
0.00369202
0.00368849
0.00368495
0.00368137
0.00367772
0.00367399
0.00367016
0.00366621
0.00366212
0.00365789
0.00365351
0.00364896
0.00364425
0.00363936
0.0036343
0.00362908
0.00362371
0.0036182
0.00361259
0.0036069
0.0036012
0.00359554
0.00359
0.00358469
0.00357973
0.00357528
0.00357153
0.0035687
0.00356707
0.00372827
0.00372341
0.00371889
0.00371465
0.00371067
0.00370689
0.00370327
0.00369977
0.00369636
0.00369301
0.00368968
0.00368634
0.00368297
0.00367954
0.00367603
0.00367243
0.00366871
0.00366486
0.00366087
0.00365672
0.00365241
0.00364792
0.00364326
0.00363842
0.0036334
0.00362821
0.00362285
0.00361734
0.00361171
0.00360599
0.00360022
0.00359446
0.00358876
0.00358323
0.00357795
0.00357306
0.00356872
0.00356508
0.00356237
0.00356084
0.00371807
0.00371383
0.00370991
0.00370625
0.00370278
0.00369946
0.00369626
0.00369312
0.00369002
0.00368691
0.00368379
0.00368061
0.00367735
0.003674
0.00367053
0.00366694
0.0036632
0.0036593
0.00365524
0.003651
0.00364658
0.00364197
0.00363718
0.0036322
0.00362704
0.00362172
0.00361623
0.00361061
0.00360488
0.00359908
0.00359326
0.00358747
0.00358179
0.0035763
0.00357111
0.00356634
0.00356213
0.00355865
0.00355609
0.00355466
0.0037079
0.00370442
0.00370118
0.00369811
0.00369517
0.00369231
0.00368948
0.00368667
0.00368382
0.00368093
0.00367795
0.00367488
0.00367169
0.00366837
0.0036649
0.00366127
0.00365747
0.00365349
0.00364933
0.00364498
0.00364043
0.00363569
0.00363077
0.00362565
0.00362037
0.00361492
0.00360932
0.00360361
0.00359782
0.00359198
0.00358615
0.00358038
0.00357476
0.00356937
0.00356431
0.00355971
0.00355568
0.00355239
0.00355
0.00354869
0.0036984
0.00369567
0.00369307
0.00369056
0.00368809
0.00368561
0.0036831
0.00368052
0.00367787
0.00367511
0.00367222
0.0036692
0.00366603
0.00366268
0.00365917
0.00365547
0.00365158
0.00364749
0.00364321
0.00363873
0.00363405
0.00362918
0.00362412
0.00361889
0.00361349
0.00360794
0.00360228
0.00359651
0.00359069
0.00358486
0.00357907
0.00357338
0.00356787
0.00356263
0.00355775
0.00355335
0.00354954
0.00354647
0.00354426
0.00354307
0.00369001
0.00368793
0.00368587
0.0036838
0.00368167
0.00367947
0.00367717
0.00367475
0.0036722
0.0036695
0.00366664
0.00366361
0.0036604
0.003657
0.0036534
0.0036496
0.0036456
0.0036414
0.00363699
0.00363239
0.00362759
0.0036226
0.00361743
0.0036121
0.00360662
0.00360101
0.00359531
0.00358954
0.00358374
0.00357796
0.00357226
0.0035667
0.00356135
0.0035563
0.00355164
0.00354747
0.0035439
0.00354105
0.00353903
0.00353796
2.56329e-09
8.76439e-09
1.63049e-08
2.54487e-08
3.64798e-08
4.96925e-08
6.5382e-08
8.38361e-08
1.05323e-07
1.3008e-07
1.58293e-07
1.90082e-07
2.25478e-07
2.6441e-07
3.06684e-07
3.51977e-07
3.99834e-07
4.49669e-07
5.00785e-07
5.52395e-07
6.03656e-07
6.53717e-07
7.01759e-07
7.47041e-07
7.8894e-07
8.26981e-07
8.6086e-07
8.9045e-07
9.15791e-07
9.37072e-07
9.54603e-07
9.68779e-07
9.80039e-07
9.8884e-07
9.95619e-07
1.00078e-06
1.00466e-06
1.00757e-06
1.00972e-06
1.01128e-06
2.59173e-09
8.86266e-09
1.64899e-08
2.57387e-08
3.68917e-08
5.02378e-08
6.60651e-08
8.46522e-08
1.06258e-07
1.31107e-07
1.59378e-07
1.91179e-07
2.26535e-07
2.65369e-07
3.07485e-07
3.52563e-07
4.00152e-07
4.49677e-07
5.00455e-07
5.51718e-07
6.0264e-07
6.5239e-07
7.00167e-07
7.45244e-07
7.87008e-07
8.24989e-07
8.58882e-07
8.88554e-07
9.14034e-07
9.355e-07
9.53247e-07
9.67654e-07
9.79149e-07
9.88178e-07
9.95173e-07
1.00053e-06
1.0046e-06
1.00768e-06
1.00999e-06
1.0117e-06
2.6217e-09
8.96641e-09
1.66856e-08
2.60457e-08
3.73267e-08
5.08121e-08
6.67817e-08
8.55049e-08
1.0723e-07
1.32173e-07
1.605e-07
1.92312e-07
2.27626e-07
2.66359e-07
3.08314e-07
3.53173e-07
4.0049e-07
4.49702e-07
5.0014e-07
5.5105e-07
6.01629e-07
6.51064e-07
6.98569e-07
7.43434e-07
7.85056e-07
8.22969e-07
8.5687e-07
8.86617e-07
9.12231e-07
9.33878e-07
9.51836e-07
9.66472e-07
9.78201e-07
9.87458e-07
9.94669e-07
1.00023e-06
1.00448e-06
1.00772e-06
1.01019e-06
1.01206e-06
2.65326e-09
9.07588e-09
1.68924e-08
2.63701e-08
3.77855e-08
5.14153e-08
6.75313e-08
8.6393e-08
1.08239e-07
1.33275e-07
1.61658e-07
1.93479e-07
2.28748e-07
2.67377e-07
3.09169e-07
3.53806e-07
4.0085e-07
4.49747e-07
4.9984e-07
5.50396e-07
6.00629e-07
6.49743e-07
6.96972e-07
7.41619e-07
7.83092e-07
8.20931e-07
8.5483e-07
8.84646e-07
9.10389e-07
9.3221e-07
9.50376e-07
9.65238e-07
9.77199e-07
9.86684e-07
9.94109e-07
9.99866e-07
1.0043e-06
1.00771e-06
1.01034e-06
1.01236e-06
2.68647e-09
9.19136e-09
1.7111e-08
2.67125e-08
3.82681e-08
5.20473e-08
6.83127e-08
8.73147e-08
1.09282e-07
1.3441e-07
1.62846e-07
1.94673e-07
2.29895e-07
2.6842e-07
3.10046e-07
3.5446e-07
4.01229e-07
4.4981e-07
4.99559e-07
5.49759e-07
5.99643e-07
6.48434e-07
6.95383e-07
7.39807e-07
7.81125e-07
8.18882e-07
8.52774e-07
8.8265e-07
9.08514e-07
9.30503e-07
9.48872e-07
9.63956e-07
9.76147e-07
9.85857e-07
9.93496e-07
9.99451e-07
1.00407e-06
1.00764e-06
1.01042e-06
1.01259e-06
2.72143e-09
9.31316e-09
1.73418e-08
2.70733e-08
3.87746e-08
5.2707e-08
6.91242e-08
8.8267e-08
1.10355e-07
1.35573e-07
1.6406e-07
1.95892e-07
2.31065e-07
2.69482e-07
3.10942e-07
3.55133e-07
4.01627e-07
4.49892e-07
4.99297e-07
5.49142e-07
5.98677e-07
6.47143e-07
6.9381e-07
7.38007e-07
7.79165e-07
8.16833e-07
8.5071e-07
8.80639e-07
9.06616e-07
9.28768e-07
9.47332e-07
9.62634e-07
9.75049e-07
9.84982e-07
9.92833e-07
9.98985e-07
1.00378e-06
1.00752e-06
1.01045e-06
1.01275e-06
2.75825e-09
9.44162e-09
1.75851e-08
2.74526e-08
3.93045e-08
5.33931e-08
6.99632e-08
8.92461e-08
1.11452e-07
1.36758e-07
1.65294e-07
1.97128e-07
2.32249e-07
2.70558e-07
3.11852e-07
3.5582e-07
4.02042e-07
4.49993e-07
4.99057e-07
5.48549e-07
5.97736e-07
6.45879e-07
6.92261e-07
7.3623e-07
7.77222e-07
8.14797e-07
8.4865e-07
8.78625e-07
9.04707e-07
9.27012e-07
9.45766e-07
9.61278e-07
9.73914e-07
9.84065e-07
9.92125e-07
9.9847e-07
1.00344e-06
1.00734e-06
1.01041e-06
1.01286e-06
2.79705e-09
9.5771e-09
1.78415e-08
2.78506e-08
3.98567e-08
5.41033e-08
7.08258e-08
9.02472e-08
1.12569e-07
1.3796e-07
1.66541e-07
1.98374e-07
2.33442e-07
2.71642e-07
3.1277e-07
3.56518e-07
4.0247e-07
4.50111e-07
4.98839e-07
5.47982e-07
5.96826e-07
6.44647e-07
6.90747e-07
7.34484e-07
7.75308e-07
8.12784e-07
8.46608e-07
8.7662e-07
9.02799e-07
9.25249e-07
9.44183e-07
9.59899e-07
9.72748e-07
9.83112e-07
9.91376e-07
9.97912e-07
1.00306e-06
1.00711e-06
1.01033e-06
1.0129e-06
2.83798e-09
9.72e-09
1.81112e-08
2.82665e-08
4.04295e-08
5.48341e-08
7.17073e-08
9.12638e-08
1.13697e-07
1.39168e-07
1.67791e-07
1.9962e-07
2.34634e-07
2.72725e-07
3.1369e-07
3.5722e-07
4.02908e-07
4.50247e-07
4.98645e-07
5.47446e-07
5.95952e-07
6.43456e-07
6.89276e-07
7.32783e-07
7.73437e-07
8.10809e-07
8.44597e-07
8.74639e-07
9.00905e-07
9.23491e-07
9.42596e-07
9.58507e-07
9.71562e-07
9.82132e-07
9.90595e-07
9.97315e-07
1.00263e-06
1.00684e-06
1.01019e-06
1.01289e-06
2.88123e-09
9.87071e-09
1.83943e-08
2.86995e-08
4.10202e-08
5.55812e-08
7.26014e-08
9.22882e-08
1.14828e-07
1.40375e-07
1.69035e-07
2.00858e-07
2.35816e-07
2.738e-07
3.14603e-07
3.57923e-07
4.03353e-07
4.50397e-07
4.98474e-07
5.46943e-07
5.9512e-07
6.42314e-07
6.87858e-07
7.31137e-07
7.71621e-07
8.08886e-07
8.42634e-07
8.72698e-07
8.99042e-07
9.21752e-07
9.41019e-07
9.57115e-07
9.70366e-07
9.81134e-07
9.89789e-07
9.96689e-07
1.00217e-06
1.00652e-06
1.01e-06
1.01282e-06
1.01267e-06
1.0134e-06
1.01304e-06
1.01135e-06
1.0079e-06
1.00241e-06
9.95069e-07
9.88001e-07
9.82141e-07
9.77133e-07
9.72982e-07
9.69404e-07
9.66319e-07
9.63564e-07
9.61054e-07
9.58688e-07
9.56377e-07
9.54077e-07
9.51772e-07
9.49454e-07
9.47152e-07
9.44927e-07
9.42888e-07
9.41258e-07
9.40409e-07
9.4096e-07
9.43939e-07
9.51015e-07
9.65011e-07
9.90657e-07
1.0358e-06
1.11281e-06
1.24033e-06
1.43999e-06
1.72641e-06
2.08581e-06
2.47716e-06
2.85736e-06
3.20147e-06
3.50139e-06
3.75717e-06
3.97259e-06
4.15215e-06
4.30031e-06
4.42103e-06
4.51716e-06
4.59154e-06
4.64638e-06
4.68362e-06
4.70502e-06
4.712e-06
4.70535e-06
4.68549e-06
4.65257e-06
4.60634e-06
4.54662e-06
4.47323e-06
4.38891e-06
4.31354e-06
4.39255e-06
5.45743e-06
1.07352e-05
2.65146e-05
5.28948e-05
7.22779e-05
7.97911e-05
8.13457e-05
8.11706e-05
8.06487e-05
8.01023e-05
7.95916e-05
7.91271e-05
7.87032e-05
7.83121e-05
7.79458e-05
7.75976e-05
7.72611e-05
7.69308e-05
7.66089e-05
7.62991e-05
7.60127e-05
7.57709e-05
7.56104e-05
7.55951e-05
7.58309e-05
7.6499e-05
7.7904e-05
8.05489e-05
8.52193e-05
9.30835e-05
0.000105453
0.000123119
0.00014503
0.000168478
0.000190788
0.000210504
0.000227249
0.000241132
0.000252475
0.000261611
0.00026888
0.000274565
0.000278893
0.000282065
0.000284243
0.000285559
0.000286125
0.000286034
0.00028534
0.000284065
0.000282221
0.000279791
0.000276759
0.000273101
0.000268872
0.000264398
0.000261825
0.000272412
0.000338873
0.000543306
0.000886059
0.00113718
0.0012347
0.00125563
0.0012545
0.00124897
0.0012431
0.00123762
0.00123266
0.0012282
0.00122416
0.00122046
0.00121706
0.00121392
0.00121099
0.00120835
0.0012061
0.00120439
0.00120353
0.00120397
0.00120645
0.0012121
0.00122272
0.00124109
0.00127147
0.00131979
0.00139378
0.00149984
0.0016375
0.00179258
0.00194343
0.0020747
0.00218124
0.0022646
0.00232833
0.00237635
0.00241193
0.00243786
0.00245623
0.00246864
0.00247635
0.00248029
0.00248116
0.00247953
0.00247581
0.0024702
0.00246276
0.00245347
0.00244223
0.00242889
0.00241327
0.00239543
0.0023758
0.00235672
0.00234667
0.00237406
0.00249011
0.00269461
0.00284572
0.00290441
0.00291652
0.00291499
0.00291067
0.00290618
0.00290207
0.00289845
0.00289532
0.00289262
0.00289032
0.00288837
0.00288676
0.00288546
0.00288454
0.00288406
0.00288419
0.00288513
0.00288725
0.00289109
0.00289748
0.00290773
0.00292378
0.00294862
0.00298621
0.00304162
0.00311856
0.00321577
0.00332294
0.00342542
0.0035135
0.00358445
0.00363977
0.00368209
0.00371414
0.00373807
0.00375574
0.00376851
0.0037774
0.00378324
0.00378666
0.00378817
0.00378819
0.00378705
0.00378498
0.00378217
0.00377878
0.00377493
0.00377069
0.00376604
0.00376098
0.00375538
0.00374921
0.00374218
0.00373423
0.00372481
0.00371474
0.00370643
0.00370006
0.00369529
0.0036915
0.00368822
1.01332e-06
1.01437e-06
1.01441e-06
1.01321e-06
1.01038e-06
1.00561e-06
9.99057e-07
9.92858e-07
9.87898e-07
9.83757e-07
9.80437e-07
9.77661e-07
9.75363e-07
9.73391e-07
9.71674e-07
9.7012e-07
9.68657e-07
9.67248e-07
9.65885e-07
9.64567e-07
9.63329e-07
9.62238e-07
9.61407e-07
9.61058e-07
9.61558e-07
9.63506e-07
9.67894e-07
9.76319e-07
9.91482e-07
1.0179e-06
1.06308e-06
1.13882e-06
1.26298e-06
1.45601e-06
1.73115e-06
2.07328e-06
2.44166e-06
2.796e-06
3.11461e-06
3.39189e-06
3.62916e-06
3.83051e-06
4.00025e-06
4.14242e-06
4.26046e-06
4.35672e-06
4.43358e-06
4.49283e-06
4.53607e-06
4.56479e-06
4.58013e-06
4.58276e-06
4.57305e-06
4.55111e-06
4.51667e-06
4.46953e-06
4.40935e-06
4.33826e-06
4.27297e-06
4.34508e-06
5.35055e-06
1.05188e-05
2.64015e-05
5.33066e-05
7.27375e-05
8.00485e-05
8.15087e-05
8.1352e-05
8.08936e-05
8.04223e-05
7.99875e-05
7.95972e-05
7.92456e-05
7.89253e-05
7.86292e-05
7.83516e-05
7.8087e-05
7.78321e-05
7.75894e-05
7.73633e-05
7.71655e-05
7.70173e-05
7.69546e-05
7.70392e-05
7.7373e-05
7.81294e-05
7.95988e-05
8.22612e-05
8.68652e-05
9.45265e-05
0.000106483
0.00012345
0.000144312
0.000166403
0.000187233
0.000205541
0.000221089
0.000234043
0.000244729
0.000253456
0.00026053
0.000266192
0.000270638
0.000274037
0.000276526
0.000278215
0.000279204
0.000279571
0.000279364
0.000278606
0.000277309
0.000275456
0.000273035
0.000270016
0.000266442
0.000262578
0.000260356
0.000270524
0.000335789
0.000541683
0.000891296
0.00114303
0.0012379
0.00125753
0.00125651
0.00125166
0.0012466
0.00124195
0.00123782
0.00123415
0.00123089
0.00122796
0.00122533
0.00122296
0.00122085
0.00121906
0.00121767
0.00121687
0.00121693
0.0012183
0.00122165
0.00122806
0.0012392
0.00125771
0.00128756
0.0013344
0.00140562
0.00150735
0.00163908
0.00178676
0.00192941
0.00205283
0.00215278
0.00223121
0.0022917
0.00233794
0.0023729
0.00239911
0.00241842
0.00243223
0.00244165
0.00244749
0.0024504
0.00245088
0.00244929
0.00244585
0.00244063
0.00243363
0.00242474
0.00241387
0.00240083
0.00238563
0.00236861
0.00235184
0.00234326
0.00237111
0.00248868
0.00269764
0.0028493
0.00290654
0.00291803
0.00291676
0.00291308
0.00290933
0.00290595
0.00290305
0.00290061
0.00289858
0.00289693
0.00289562
0.00289464
0.00289398
0.0028937
0.00289387
0.00289464
0.00289622
0.00289894
0.00290331
0.00291011
0.00292057
0.0029365
0.00296071
0.00299698
0.00305018
0.00312389
0.00321689
0.00331898
0.00341595
0.00349883
0.00356543
0.0036175
0.00365767
0.00368851
0.00371202
0.00372984
0.0037432
0.003753
0.00375995
0.00376462
0.00376746
0.00376884
0.00376905
0.00376831
0.0037668
0.00376465
0.00376197
0.00375885
0.00375527
0.00375123
0.00374663
0.00374143
0.00373536
0.00372839
0.00371989
0.00371065
0.0037031
0.00369739
0.00369314
0.00368974
0.00368674
1.0139e-06
1.01526e-06
1.01566e-06
1.01495e-06
1.01271e-06
1.00866e-06
1.00293e-06
9.97633e-07
9.93596e-07
9.90344e-07
9.87877e-07
9.85932e-07
9.84455e-07
9.8331e-07
9.82435e-07
9.81753e-07
9.81206e-07
9.8077e-07
9.8044e-07
9.80225e-07
9.80169e-07
9.80345e-07
9.80871e-07
9.81969e-07
9.83998e-07
9.87536e-07
9.93534e-07
1.00351e-06
1.02002e-06
1.04734e-06
1.09259e-06
1.16694e-06
1.28732e-06
1.47291e-06
1.73549e-06
2.05897e-06
2.40351e-06
2.7319e-06
3.02566e-06
3.28133e-06
3.50118e-06
3.68943e-06
3.85013e-06
3.98683e-06
4.1025e-06
4.19904e-06
4.27839e-06
4.34197e-06
4.39108e-06
4.42692e-06
4.45043e-06
4.46213e-06
4.46232e-06
4.45108e-06
4.42813e-06
4.39325e-06
4.34598e-06
4.28793e-06
4.23314e-06
4.30062e-06
5.25143e-06
1.03105e-05
2.62889e-05
5.37135e-05
7.31787e-05
8.02902e-05
8.16673e-05
8.15355e-05
8.11428e-05
8.07472e-05
8.03893e-05
8.00747e-05
7.97975e-05
7.95513e-05
7.93299e-05
7.91282e-05
7.89423e-05
7.87707e-05
7.8616e-05
7.84835e-05
7.83853e-05
7.83426e-05
7.83905e-05
7.85883e-05
7.9033e-05
7.98891e-05
8.14311e-05
8.41127e-05
8.86416e-05
9.60731e-05
0.000107567
0.000123757
0.000143485
0.000164166
0.000183508
0.00020044
0.000214839
0.000226914
0.000236987
0.000245337
0.000252235
0.000257886
0.000262454
0.00026608
0.000268876
0.000270936
0.000272343
0.000273163
0.00027344
0.000273195
0.000272438
0.000271155
0.000269334
0.000266945
0.000264016
0.000260763
0.000258921
0.000268735
0.000332814
0.000540069
0.00089647
0.00114864
0.00124089
0.00125935
0.00125853
0.00125438
0.00125015
0.00124635
0.00124304
0.00124019
0.00123773
0.00123561
0.00123379
0.00123227
0.00123103
0.00123015
0.00122972
0.00122991
0.00123098
0.00123336
0.00123768
0.00124494
0.00125669
0.00127537
0.00130471
0.00135
0.00141826
0.0015153
0.00164055
0.00178026
0.00191434
0.0020298
0.00212323
0.0021969
0.00225431
0.0022989
0.00233337
0.00235994
0.00238024
0.0023955
0.00240666
0.00241446
0.00241944
0.00242207
0.00242267
0.00242144
0.00241847
0.00241377
0.00240726
0.00239886
0.00238837
0.0023758
0.00236139
0.00234693
0.00233989
0.00236822
0.00248727
0.00270064
0.00285274
0.00290854
0.0029195
0.00291855
0.00291551
0.00291249
0.00290985
0.00290767
0.00290593
0.00290459
0.00290361
0.00290297
0.00290265
0.00290267
0.00290308
0.00290396
0.00290543
0.00290771
0.0029111
0.00291608
0.00292336
0.00293408
0.00294993
0.00297352
0.00300843
0.00305928
0.00312951
0.0032179
0.00331453
0.00340574
0.00348333
0.00354562
0.00359455
0.00363268
0.00366241
0.00368555
0.00370358
0.00371755
0.00372826
0.00373633
0.00374226
0.00374643
0.00374917
0.00375075
0.00375135
0.00375115
0.00375026
0.00374879
0.00374682
0.00374434
0.00374136
0.00373778
0.00373361
0.00372855
0.0037226
0.00371507
0.0037067
0.00369993
0.00369487
0.00369112
0.00368808
0.00368533
1.0144e-06
1.01605e-06
1.01681e-06
1.01655e-06
1.0149e-06
1.01157e-06
1.00668e-06
1.0023e-06
9.99198e-07
9.96844e-07
9.95243e-07
9.94147e-07
9.93515e-07
9.93226e-07
9.93233e-07
9.93471e-07
9.93898e-07
9.94498e-07
9.95278e-07
9.96257e-07
9.97485e-07
9.99045e-07
1.00106e-06
1.00375e-06
1.00748e-06
1.01279e-06
1.02059e-06
1.0323e-06
1.05035e-06
1.07872e-06
1.12409e-06
1.19696e-06
1.3132e-06
1.49063e-06
1.73949e-06
2.04309e-06
2.36317e-06
2.66581e-06
2.93561e-06
3.17084e-06
3.37447e-06
3.55065e-06
3.7031e-06
3.83489e-06
3.9485e-06
4.04544e-06
4.12727e-06
4.19506e-06
4.24983e-06
4.29255e-06
4.32394e-06
4.34439e-06
4.35415e-06
4.35325e-06
4.34139e-06
4.31834e-06
4.28357e-06
4.23825e-06
4.1942e-06
4.2593e-06
5.16116e-06
1.01141e-05
2.61804e-05
5.41107e-05
7.35968e-05
8.05149e-05
8.18211e-05
8.17198e-05
8.13942e-05
8.10744e-05
8.07935e-05
8.05553e-05
8.03541e-05
8.01844e-05
8.0041e-05
7.99199e-05
7.98184e-05
7.97365e-05
7.96775e-05
7.96474e-05
7.96587e-05
7.97325e-05
7.99027e-05
8.0226e-05
8.0794e-05
8.17612e-05
8.33846e-05
8.60886e-05
9.0536e-05
9.77146e-05
0.000108701
0.000124042
0.000142562
0.000161794
0.000179655
0.000195255
0.000208564
0.000219818
0.000229323
0.000237331
0.000244074
0.000249725
0.000254417
0.000258266
0.000261364
0.000263786
0.000265602
0.000266868
0.000267619
0.000267876
0.000267647
0.000266922
0.000265686
0.000263909
0.000261611
0.000258963
0.000257524
0.000267061
0.000329997
0.000538514
0.000901518
0.00115396
0.00124366
0.00126111
0.00126056
0.00125713
0.00125372
0.00125075
0.00124828
0.00124625
0.00124461
0.00124333
0.00124237
0.00124172
0.00124142
0.00124151
0.0012421
0.00124335
0.00124552
0.00124899
0.00125437
0.00126256
0.001275
0.00129392
0.00132277
0.00136648
0.00143161
0.00152364
0.00164191
0.00177314
0.00189838
0.00200585
0.0020929
0.00216201
0.00221654
0.00225965
0.00229374
0.00232075
0.00234209
0.00235882
0.00237175
0.00238151
0.00238859
0.00239338
0.00239618
0.00239718
0.00239647
0.00239408
0.00238993
0.00238396
0.00237599
0.00236601
0.00235417
0.00234204
0.00233657
0.00236543
0.0024859
0.00270357
0.002856
0.00291041
0.00292092
0.00292034
0.00291795
0.00291565
0.00291374
0.00291227
0.00291123
0.00291058
0.00291029
0.00291033
0.00291071
0.00291145
0.00291259
0.00291421
0.00291644
0.00291947
0.00292359
0.00292924
0.00293706
0.00294812
0.00296394
0.00298695
0.00302048
0.00306887
0.00313538
0.00321882
0.00330963
0.00339488
0.00346715
0.00352523
0.00357115
0.00360738
0.0036361
0.00365895
0.00367722
0.00369183
0.00370346
0.00371266
0.00371983
0.00372532
0.00372941
0.00373235
0.0037343
0.0037354
0.00373578
0.00373553
0.00373472
0.00373336
0.00373146
0.00372894
0.0037258
0.00372178
0.00371688
0.00371037
0.00370292
0.00369693
0.0036925
0.00368922
0.00368651
0.003684
1.01483e-06
1.01676e-06
1.01785e-06
1.01802e-06
1.01693e-06
1.01431e-06
1.01028e-06
1.00683e-06
1.00466e-06
1.00321e-06
1.00247e-06
1.00223e-06
1.00245e-06
1.00304e-06
1.00395e-06
1.00514e-06
1.00658e-06
1.00827e-06
1.01022e-06
1.01246e-06
1.01506e-06
1.0181e-06
1.02172e-06
1.02614e-06
1.0317e-06
1.03894e-06
1.04872e-06
1.06237e-06
1.08213e-06
1.11172e-06
1.15731e-06
1.22866e-06
1.34047e-06
1.50908e-06
1.74314e-06
2.0258e-06
2.32108e-06
2.59849e-06
2.84546e-06
3.06162e-06
3.25033e-06
3.41554e-06
3.56055e-06
3.68797e-06
3.79984e-06
3.89729e-06
3.98154e-06
4.05337e-06
4.11355e-06
4.16281e-06
4.20172e-06
4.23053e-06
4.24943e-06
4.2584e-06
4.25715e-06
4.2454e-06
4.22259e-06
4.18957e-06
4.15639e-06
4.22139e-06
5.08138e-06
9.9354e-06
2.60822e-05
5.4491e-05
7.39849e-05
8.07206e-05
8.19692e-05
8.19037e-05
8.16458e-05
8.14009e-05
8.11963e-05
8.10343e-05
8.09098e-05
8.0818e-05
8.07549e-05
8.07177e-05
8.0705e-05
8.0718e-05
8.07609e-05
8.08404e-05
8.09696e-05
8.11692e-05
8.14721e-05
8.19323e-05
8.26353e-05
8.3725e-05
8.54394e-05
8.81712e-05
9.25342e-05
9.94412e-05
0.000109879
0.000124305
0.000141552
0.000159312
0.000175718
0.000190046
0.000202333
0.00021283
0.000221818
0.000229519
0.000236128
0.000241788
0.000246606
0.000250673
0.000254062
0.000256835
0.000259046
0.000260743
0.000261954
0.000262696
0.000262979
0.000262791
0.000262119
0.000260934
0.000259245
0.000257191
0.000256177
0.000265526
0.000327413
0.000537095
0.000906348
0.00115888
0.00124618
0.0012628
0.00126258
0.00125987
0.00125728
0.00125514
0.00125348
0.00125228
0.00125147
0.00125104
0.00125096
0.00125123
0.00125189
0.001253
0.00125466
0.00125703
0.00126036
0.001265
0.00127151
0.00128071
0.00129391
0.00131315
0.00134157
0.00138369
0.00144559
0.00153233
0.00164316
0.00176547
0.00188168
0.00198122
0.00206213
0.00212694
0.00217883
0.00222063
0.00225445
0.00228198
0.0023044
0.00232261
0.00233731
0.00234903
0.00235818
0.00236512
0.00237012
0.00237333
0.00237485
0.00237473
0.0023729
0.00236931
0.00236381
0.00235634
0.00234702
0.00233717
0.00233333
0.00236279
0.00248463
0.00270637
0.00285903
0.00291213
0.0029223
0.0029221
0.00292037
0.00291878
0.00291758
0.00291682
0.00291647
0.0029165
0.0029169
0.00291764
0.00291874
0.00292021
0.00292211
0.00292451
0.00292753
0.00293137
0.00293627
0.00294264
0.00295107
0.00296252
0.00297838
0.00300086
0.003033
0.00307887
0.00314148
0.00321964
0.00330431
0.00338347
0.00345047
0.00350449
0.00354758
0.00358205
0.00360989
0.00363253
0.00365108
0.00366635
0.0036789
0.00368919
0.00369759
0.00370438
0.0037098
0.00371408
0.00371735
0.00371975
0.00372139
0.00372235
0.0037227
0.00372246
0.00372164
0.00372018
0.00371808
0.00371512
0.00371129
0.00370582
0.00369932
0.00369411
0.00369029
0.00368745
0.00368505
0.00368274
1.01519e-06
1.01737e-06
1.01878e-06
1.01935e-06
1.01881e-06
1.01688e-06
1.01371e-06
1.01119e-06
1.00994e-06
1.00937e-06
1.00949e-06
1.01009e-06
1.01117e-06
1.01264e-06
1.01447e-06
1.01663e-06
1.01911e-06
1.02191e-06
1.02507e-06
1.02862e-06
1.03264e-06
1.03724e-06
1.04254e-06
1.04878e-06
1.0563e-06
1.06561e-06
1.07752e-06
1.09327e-06
1.11492e-06
1.1459e-06
1.19184e-06
1.26168e-06
1.36885e-06
1.52812e-06
1.74646e-06
2.0074e-06
2.2779e-06
2.53091e-06
2.75644e-06
2.95502e-06
3.1302e-06
3.28554e-06
3.42394e-06
3.54753e-06
3.65793e-06
3.75597e-06
3.84254e-06
3.91819e-06
3.98347e-06
4.03889e-06
4.08487e-06
4.12157e-06
4.14908e-06
4.16737e-06
4.17613e-06
4.17505e-06
4.16357e-06
4.14229e-06
4.11999e-06
4.18733e-06
5.01446e-06
9.7825e-06
2.60027e-05
5.48441e-05
7.43328e-05
8.09042e-05
8.21106e-05
8.20857e-05
8.1895e-05
8.17235e-05
8.15935e-05
8.15066e-05
8.14582e-05
8.14446e-05
8.14629e-05
8.15115e-05
8.15903e-05
8.17018e-05
8.18509e-05
8.20453e-05
8.22987e-05
8.26315e-05
8.30756e-05
8.36819e-05
8.45302e-05
8.57529e-05
8.7568e-05
9.03345e-05
9.46131e-05
0.000101235
0.000111091
0.000124546
0.000140472
0.00015676
0.000171756
0.000184884
0.000196228
0.000206034
0.000214557
0.000221986
0.000228483
0.00023416
0.000239102
0.000243378
0.000247046
0.000250153
0.000252741
0.000254849
0.000256499
0.000257706
0.000258477
0.000258801
0.000258667
0.000258045
0.000256939
0.00025546
0.000254889
0.000264162
0.000325169
0.000535924
0.000910826
0.00116329
0.00124841
0.00126439
0.00126457
0.00126259
0.00126078
0.00125945
0.0012586
0.00125821
0.00125823
0.00125865
0.00125946
0.00126066
0.00126231
0.00126446
0.00126723
0.00127076
0.00127529
0.00128115
0.00128885
0.00129913
0.00131318
0.00133281
0.00136086
0.00140143
0.00146003
0.00154129
0.00164431
0.00175736
0.00186448
0.00195627
0.00203133
0.00209216
0.00214165
0.00218234
0.00221601
0.0022441
0.00226763
0.00228731
0.00230375
0.00231739
0.00232858
0.00233762
0.00234476
0.00235013
0.00235383
0.00235592
0.00235634
0.00235505
0.00235192
0.00234688
0.00233998
0.00233239
0.00233021
0.00236036
0.00248353
0.00270897
0.00286175
0.00291367
0.00292361
0.00292384
0.00292274
0.00292184
0.00292132
0.00292125
0.00292158
0.00292229
0.00292337
0.00292481
0.00292663
0.00292885
0.00293152
0.00293472
0.00293856
0.00294323
0.00294895
0.00295609
0.00296519
0.00297709
0.00299305
0.00301505
0.00304586
0.00308916
0.00314773
0.00322036
0.00329865
0.00337168
0.00343351
0.00348368
0.00352414
0.00355702
0.0035841
0.0036066
0.00362549
0.00364142
0.00365488
0.00366625
0.00367584
0.00368388
0.0036906
0.00369618
0.00370074
0.0037044
0.00370726
0.00370941
0.00371091
0.00371177
0.00371202
0.0037116
0.00371054
0.00370862
0.00370585
0.00370145
0.00369591
0.00369147
0.00368824
0.0036858
0.00368368
0.00368156
1.01548e-06
1.0179e-06
1.0196e-06
1.02055e-06
1.02052e-06
1.01927e-06
1.01695e-06
1.01536e-06
1.01499e-06
1.01527e-06
1.01621e-06
1.01765e-06
1.01956e-06
1.0219e-06
1.02464e-06
1.02777e-06
1.03129e-06
1.03522e-06
1.0396e-06
1.04449e-06
1.04997e-06
1.05615e-06
1.06319e-06
1.07132e-06
1.08087e-06
1.09235e-06
1.1065e-06
1.12447e-06
1.14817e-06
1.18067e-06
1.22708e-06
1.29548e-06
1.39789e-06
1.54744e-06
1.74947e-06
1.98834e-06
2.23449e-06
2.4643e-06
2.66995e-06
2.85257e-06
3.0156e-06
3.16219e-06
3.29477e-06
3.41502e-06
3.52419e-06
3.62285e-06
3.71162e-06
3.79083e-06
3.86082e-06
3.92196e-06
3.97451e-06
4.01853e-06
4.05406e-06
4.08102e-06
4.09909e-06
4.10797e-06
4.10708e-06
4.09688e-06
4.08535e-06
4.15774e-06
4.96352e-06
9.66634e-06
2.59538e-05
5.51562e-05
7.4627e-05
8.10614e-05
8.22438e-05
8.22637e-05
8.2139e-05
8.20382e-05
8.19803e-05
8.19663e-05
8.19925e-05
8.20561e-05
8.21555e-05
8.22902e-05
8.24614e-05
8.26729e-05
8.29305e-05
8.32429e-05
8.36241e-05
8.40948e-05
8.46858e-05
8.54449e-05
8.64461e-05
8.78102e-05
8.97344e-05
9.25423e-05
9.67388e-05
0.000103068
0.00011232
0.000124768
0.00013935
0.000154189
0.00016784
0.000179853
0.000190335
0.000199521
0.000207632
0.000214823
0.000221225
0.000226926
0.000231987
0.000236462
0.000240392
0.000243811
0.000246754
0.000249248
0.000251312
0.000252956
0.000254186
0.000254993
0.000255364
0.000255272
0.000254715
0.000253788
0.000253678
0.000263013
0.000323409
0.000535155
0.000914775
0.001167
0.0012503
0.00126588
0.00126651
0.00126524
0.0012642
0.00126364
0.00126357
0.00126397
0.0012648
0.00126606
0.00126775
0.00126989
0.00127252
0.00127573
0.00127961
0.00128432
0.00129008
0.00129718
0.00130611
0.00131752
0.00133247
0.00135256
0.00138032
0.00141939
0.0014747
0.00155037
0.00164535
0.00174899
0.0018471
0.00193143
0.00200102
0.00205819
0.00210556
0.0021453
0.00217893
0.00220764
0.00223225
0.00225338
0.0022715
0.00228699
0.00230014
0.00231121
0.00232041
0.00232786
0.00233366
0.00233786
0.00234043
0.00234134
0.00234045
0.00233771
0.00233313
0.00232771
0.00232724
0.00235823
0.00248267
0.00271124
0.00286404
0.002915
0.00292484
0.00292552
0.00292505
0.00292479
0.00292494
0.00292551
0.0029265
0.00292787
0.00292962
0.00293175
0.00293428
0.00293724
0.00294068
0.00294469
0.00294936
0.00295488
0.00296144
0.00296938
0.00297918
0.00299158
0.0030077
0.00302929
0.00305882
0.00309957
0.00315404
0.00322097
0.00329278
0.00335972
0.00341658
0.00346312
0.00350118
0.00353267
0.00355911
0.00358155
0.00360079
0.00361738
0.00363172
0.00364413
0.00365486
0.00366411
0.00367207
0.00367889
0.00368468
0.00368956
0.00369361
0.0036969
0.0036995
0.00370143
0.00370272
0.00370332
0.00370326
0.00370235
0.00370062
0.00369728
0.0036927
0.00368902
0.00368634
0.00368428
0.00368241
0.00368044
1.0157e-06
1.01835e-06
1.02031e-06
1.02161e-06
1.02206e-06
1.02146e-06
1.01998e-06
1.01928e-06
1.01975e-06
1.02085e-06
1.02258e-06
1.0248e-06
1.02753e-06
1.03071e-06
1.03433e-06
1.03841e-06
1.04295e-06
1.048e-06
1.05359e-06
1.0598e-06
1.06673e-06
1.07451e-06
1.0833e-06
1.09334e-06
1.10496e-06
1.11863e-06
1.13509e-06
1.15537e-06
1.18121e-06
1.21535e-06
1.26235e-06
1.32937e-06
1.427e-06
1.56668e-06
1.7522e-06
1.96915e-06
2.19187e-06
2.39996e-06
2.58747e-06
2.75577e-06
2.90804e-06
3.04695e-06
3.17445e-06
3.29183e-06
3.39999e-06
3.49927e-06
3.59006e-06
3.67251e-06
3.74681e-06
3.81316e-06
3.8717e-06
3.92243e-06
3.9653e-06
4.00021e-06
4.02683e-06
4.04485e-06
4.05371e-06
4.05383e-06
4.0529e-06
4.13337e-06
4.9318e-06
9.59774e-06
2.59465e-05
5.54145e-05
7.48543e-05
8.11878e-05
8.23668e-05
8.24354e-05
8.23745e-05
8.23409e-05
8.23515e-05
8.24072e-05
8.25052e-05
8.26437e-05
8.28223e-05
8.30416e-05
8.33043e-05
8.36152e-05
8.39812e-05
8.44119e-05
8.4922e-05
8.55321e-05
8.62721e-05
8.71873e-05
8.83456e-05
8.98563e-05
9.18957e-05
9.47509e-05
9.88689e-05
0.000104903
0.000113541
0.000124969
0.000138218
0.00015166
0.000164049
0.000175039
0.000184748
0.000193383
0.000201131
0.000208117
0.000214441
0.000220168
0.000225342
0.000230001
0.000234172
0.00023788
0.00024115
0.000244002
0.000246448
0.000248498
0.000250154
0.000251407
0.000252246
0.000252645
0.000252599
0.000252195
0.000252561
0.000262128
0.000322274
0.000534934
0.000918028
0.00116985
0.0012518
0.00126724
0.00126838
0.00126779
0.00126747
0.00126765
0.00126832
0.00126948
0.00127109
0.00127317
0.00127571
0.00127876
0.00128237
0.00128661
0.0012916
0.00129748
0.00130445
0.00131281
0.00132297
0.00133554
0.00135142
0.00137203
0.00139957
0.00143722
0.00148929
0.00155939
0.0016463
0.00174058
0.00182995
0.0019072
0.00197173
0.00202561
0.00207112
0.00211008
0.00214375
0.00217309
0.00219877
0.00222128
0.002241
0.00225824
0.00227324
0.00228623
0.00229738
0.00230679
0.00231458
0.00232077
0.00232536
0.00232832
0.00232954
0.00232895
0.00232656
0.00232322
0.00232447
0.0023565
0.00248216
0.00271311
0.0028658
0.00291607
0.00292598
0.00292713
0.00292725
0.00292761
0.00292837
0.00292957
0.00293117
0.00293316
0.00293556
0.00293835
0.00294157
0.00294526
0.00294946
0.00295426
0.00295976
0.00296611
0.00297352
0.00298227
0.00299279
0.00300574
0.00302206
0.00304331
0.00307163
0.00310988
0.00316026
0.00322148
0.00328683
0.00334786
0.00340001
0.00344321
0.00347911
0.00350937
0.00353528
0.00355772
0.00357733
0.00359457
0.00360976
0.00362315
0.00363496
0.00364535
0.00365447
0.00366246
0.00366942
0.00367544
0.0036806
0.00368498
0.00368863
0.00369158
0.00369385
0.00369542
0.00369632
0.00369638
0.00369565
0.00369334
0.00368972
0.00368676
0.0036846
0.00368288
0.00368123
0.0036794
1.01585e-06
1.01871e-06
1.02092e-06
1.02254e-06
1.02344e-06
1.02346e-06
1.02278e-06
1.02292e-06
1.02418e-06
1.02603e-06
1.02849e-06
1.03146e-06
1.03495e-06
1.03893e-06
1.0434e-06
1.04839e-06
1.05392e-06
1.06003e-06
1.0668e-06
1.0743e-06
1.08265e-06
1.09199e-06
1.10249e-06
1.11441e-06
1.12807e-06
1.14394e-06
1.1627e-06
1.18531e-06
1.21331e-06
1.24916e-06
1.29683e-06
1.36256e-06
1.45546e-06
1.58534e-06
1.75465e-06
1.95048e-06
2.15114e-06
2.33927e-06
2.51046e-06
2.6661e-06
2.80897e-06
2.94121e-06
3.06432e-06
3.17924e-06
3.28656e-06
3.38642e-06
3.47903e-06
3.56439e-06
3.64253e-06
3.71355e-06
3.77747e-06
3.83421e-06
3.8837e-06
3.92577e-06
3.9601e-06
3.98638e-06
4.00409e-06
4.01367e-06
4.02316e-06
4.11516e-06
4.92309e-06
9.58904e-06
2.59939e-05
5.56044e-05
7.50002e-05
8.12783e-05
8.24772e-05
8.25981e-05
8.25979e-05
8.26271e-05
8.27017e-05
8.28228e-05
8.29886e-05
8.31983e-05
8.34526e-05
8.37534e-05
8.41046e-05
8.4512e-05
8.49836e-05
8.55301e-05
8.61668e-05
8.69144e-05
8.78021e-05
8.88724e-05
9.01878e-05
9.18464e-05
9.40035e-05
9.69098e-05
0.000100953
0.000106696
0.000114725
0.000125153
0.000137115
0.000149239
0.000160464
0.000170533
0.000179554
0.000187707
0.00019514
0.00020195
0.000208209
0.000213963
0.000219241
0.000224066
0.000228456
0.000232426
0.000235992
0.000239169
0.000241963
0.000244381
0.000246425
0.000248085
0.00024935
0.000250196
0.000250617
0.000250702
0.000251562
0.000261561
0.000321928
0.000535429
0.000920397
0.00117165
0.00125284
0.00126845
0.00127014
0.00127021
0.00127057
0.00127142
0.00127279
0.00127466
0.00127701
0.00127986
0.00128322
0.00128714
0.00129169
0.00129693
0.00130298
0.00130999
0.00131816
0.00132774
0.00133911
0.00135282
0.00136964
0.00139081
0.00141818
0.00145451
0.00150346
0.00156811
0.00164715
0.00173239
0.00181345
0.00188412
0.00194404
0.00199499
0.00203889
0.00207722
0.00211098
0.00214095
0.00216764
0.00219144
0.00221265
0.00223152
0.00224825
0.00226301
0.00227596
0.00228721
0.00229682
0.00230486
0.00231132
0.00231617
0.00231932
0.00232072
0.00232033
0.00231896
0.00232197
0.00235527
0.0024821
0.00271443
0.00286692
0.00291684
0.00292699
0.00292863
0.00292931
0.00293024
0.00293158
0.00293334
0.00293552
0.0029381
0.0029411
0.00294453
0.00294841
0.00295278
0.00295772
0.00296328
0.00296957
0.00297674
0.00298497
0.00299452
0.00300576
0.00301926
0.00303584
0.0030568
0.00308399
0.00311984
0.00316624
0.00322188
0.00328101
0.00333641
0.00338417
0.00342433
0.00345831
0.00348751
0.003513
0.00353547
0.00355546
0.00357332
0.0035893
0.00360361
0.00361641
0.00362785
0.00363805
0.00364712
0.00365516
0.00366224
0.00366844
0.00367383
0.00367846
0.00368235
0.00368554
0.00368802
0.00368981
0.00369078
0.00369097
0.00368965
0.00368697
0.0036847
0.00368302
0.0036816
0.00368014
0.00367843
1.01594e-06
1.01899e-06
1.02142e-06
1.02333e-06
1.02464e-06
1.02524e-06
1.02533e-06
1.02625e-06
1.02821e-06
1.03074e-06
1.03389e-06
1.03754e-06
1.04174e-06
1.04645e-06
1.05172e-06
1.05755e-06
1.064e-06
1.07113e-06
1.079e-06
1.08772e-06
1.09742e-06
1.10825e-06
1.12039e-06
1.13411e-06
1.14974e-06
1.16773e-06
1.18872e-06
1.21361e-06
1.24376e-06
1.28131e-06
1.3297e-06
1.39422e-06
1.48257e-06
1.60299e-06
1.75685e-06
1.93291e-06
2.11326e-06
2.28341e-06
2.44017e-06
2.5848e-06
2.71956e-06
2.84608e-06
2.96546e-06
3.07829e-06
3.1849e-06
3.28529e-06
3.3795e-06
3.46739e-06
3.54891e-06
3.62402e-06
3.69267e-06
3.75473e-06
3.81004e-06
3.85845e-06
3.89961e-06
3.93321e-06
3.95879e-06
3.97695e-06
3.99669e-06
4.1041e-06
4.94035e-06
9.64798e-06
2.61026e-05
5.57188e-05
7.50561e-05
8.13291e-05
8.25724e-05
8.27487e-05
8.28056e-05
8.28923e-05
8.30255e-05
8.32068e-05
8.34352e-05
8.37111e-05
8.40361e-05
8.44135e-05
8.48481e-05
8.53469e-05
8.59189e-05
8.65758e-05
8.73336e-05
8.82132e-05
8.92431e-05
9.04635e-05
9.19317e-05
9.3735e-05
9.60086e-05
9.89676e-05
0.000102942
0.000108403
0.000115845
0.000125319
0.000136075
0.000146984
0.000157159
0.000166409
0.000174831
0.000182566
0.00018973
0.000196389
0.000202596
0.000208376
0.000213746
0.00021872
0.000223303
0.000227505
0.000231334
0.000234799
0.000237904
0.000240651
0.00024304
0.000245063
0.000246709
0.000247955
0.000248797
0.000249332
0.000250706
0.000261357
0.000322476
0.000536728
0.000921787
0.00117228
0.00125337
0.00126947
0.00127177
0.00127246
0.00127343
0.00127491
0.00127691
0.00127943
0.00128246
0.00128603
0.00129016
0.00129489
0.00130031
0.0013065
0.00131355
0.00132164
0.00133092
0.00134167
0.00135421
0.00136901
0.00138676
0.00140848
0.00143576
0.00147087
0.00151685
0.00157632
0.00164791
0.00172467
0.00179802
0.00186268
0.00191847
0.00196686
0.00200937
0.00204719
0.0020811
0.00211166
0.00213929
0.00216427
0.00218684
0.00220719
0.00222548
0.00224185
0.00225645
0.00226935
0.00228062
0.00229033
0.00229847
0.00230503
0.00230993
0.00231312
0.00231456
0.00231502
0.00231981
0.00235462
0.00248254
0.00271517
0.00286732
0.00291728
0.00292785
0.00293001
0.0029312
0.00293265
0.00293451
0.00293679
0.00293949
0.00294262
0.00294617
0.00295018
0.00295467
0.0029597
0.00296531
0.00297159
0.00297863
0.00298658
0.00299559
0.00300591
0.00301785
0.00303189
0.00304873
0.00306947
0.00309562
0.00312921
0.00317182
0.00322219
0.00327546
0.00332564
0.00336939
0.00340683
0.00343913
0.00346744
0.00349259
0.00351514
0.00353549
0.00355392
0.00357063
0.00358577
0.00359947
0.00361186
0.00362303
0.00363309
0.0036421
0.00365015
0.00365729
0.0036636
0.00366912
0.00367388
0.00367791
0.00368121
0.00368381
0.00368562
0.00368665
0.00368625
0.00368446
0.00368284
0.00368159
0.00368044
0.00367914
0.00367753
0.00368576
0.00368397
0.00368214
0.00368024
0.00367825
0.00367615
0.00367391
0.00367154
0.003669
0.0036663
0.00366343
0.00366037
0.00365712
0.00365367
0.00365002
0.00364616
0.00364209
0.00363783
0.00363335
0.00362869
0.00362382
0.00361878
0.00361357
0.0036082
0.0036027
0.00359708
0.00359138
0.00358563
0.00357987
0.00357415
0.00356852
0.00356306
0.00355783
0.00355291
0.00354839
0.00354437
0.00354095
0.00353823
0.00353632
0.00353532
0.00368443
0.00368273
0.00368097
0.00367912
0.00367717
0.00367509
0.00367288
0.00367051
0.00366798
0.00366528
0.0036624
0.00365933
0.00365606
0.0036526
0.00364893
0.00364505
0.00364097
0.00363668
0.00363218
0.0036275
0.00362262
0.00361756
0.00361233
0.00360695
0.00360144
0.00359582
0.00359012
0.00358438
0.00357864
0.00357294
0.00356734
0.00356191
0.00355671
0.00355184
0.00354736
0.00354339
0.00354002
0.00353735
0.00353547
0.00353449
0.00368317
0.00368155
0.00367984
0.00367804
0.00367612
0.00367406
0.00367186
0.0036695
0.00366698
0.00366427
0.00366138
0.0036583
0.00365502
0.00365154
0.00364785
0.00364396
0.00363985
0.00363554
0.00363103
0.00362633
0.00362143
0.00361636
0.00361112
0.00360573
0.00360021
0.00359459
0.0035889
0.00358317
0.00357744
0.00357176
0.00356619
0.00356079
0.00355564
0.0035508
0.00354638
0.00354245
0.00353913
0.0035365
0.00353466
0.00353369
0.00368197
0.00368041
0.00367876
0.00367699
0.0036751
0.00367306
0.00367087
0.00366852
0.00366599
0.00366328
0.00366038
0.00365729
0.003654
0.0036505
0.0036468
0.00364288
0.00363876
0.00363443
0.0036299
0.00362518
0.00362027
0.00361518
0.00360993
0.00360453
0.00359901
0.0035934
0.00358771
0.00358199
0.00357627
0.00357062
0.00356508
0.00355971
0.0035546
0.00354981
0.00354543
0.00354155
0.00353828
0.00353569
0.00353388
0.00353293
0.00368082
0.00367932
0.00367772
0.00367598
0.00367411
0.00367209
0.00366991
0.00366756
0.00366503
0.00366231
0.00365941
0.0036563
0.003653
0.00364948
0.00364576
0.00364183
0.00363769
0.00363334
0.0036288
0.00362406
0.00361913
0.00361403
0.00360877
0.00360337
0.00359785
0.00359224
0.00358655
0.00358085
0.00357515
0.00356952
0.00356401
0.00355868
0.0035536
0.00354885
0.00354452
0.00354069
0.00353746
0.00353491
0.00353314
0.00353221
0.00367973
0.00367829
0.00367672
0.00367501
0.00367316
0.00367115
0.00366897
0.00366662
0.00366409
0.00366137
0.00365845
0.00365534
0.00365202
0.00364849
0.00364475
0.0036408
0.00363664
0.00363228
0.00362772
0.00362297
0.00361803
0.00361292
0.00360765
0.00360225
0.00359673
0.00359111
0.00358544
0.00357975
0.00357407
0.00356846
0.00356298
0.00355769
0.00355265
0.00354795
0.00354366
0.00353988
0.00353669
0.00353418
0.00353243
0.00353153
0.0036787
0.0036773
0.00367576
0.00367408
0.00367224
0.00367024
0.00366807
0.00366572
0.00366318
0.00366045
0.00365752
0.0036544
0.00365106
0.00364752
0.00364377
0.0036398
0.00363563
0.00363125
0.00362668
0.00362191
0.00361696
0.00361185
0.00360657
0.00360116
0.00359564
0.00359004
0.00358437
0.00357869
0.00357304
0.00356745
0.003562
0.00355674
0.00355174
0.00354708
0.00354284
0.0035391
0.00353595
0.00353348
0.00353177
0.00353088
0.00367773
0.00367637
0.00367485
0.00367319
0.00367136
0.00366937
0.0036672
0.00366484
0.0036623
0.00365956
0.00365663
0.00365349
0.00365014
0.00364658
0.00364281
0.00363884
0.00363465
0.00363026
0.00362567
0.0036209
0.00361594
0.00361081
0.00360553
0.00360013
0.00359461
0.003589
0.00358335
0.00357769
0.00357205
0.00356649
0.00356107
0.00355584
0.00355088
0.00354626
0.00354207
0.00353837
0.00353527
0.00353283
0.00353115
0.00353028
0.00367682
0.00367548
0.00367399
0.00367234
0.00367052
0.00366853
0.00366636
0.003664
0.00366145
0.00365871
0.00365576
0.00365261
0.00364925
0.00364568
0.0036419
0.00363791
0.00363371
0.00362931
0.00362471
0.00361992
0.00361496
0.00360983
0.00360454
0.00359914
0.00359362
0.00358802
0.00358238
0.00357673
0.00357112
0.00356558
0.00356019
0.003555
0.00355008
0.0035455
0.00354134
0.00353769
0.00353462
0.00353223
0.00353057
0.00352972
0.00367597
0.00367465
0.00367318
0.00367153
0.00366972
0.00366773
0.00366556
0.0036632
0.00366064
0.00365789
0.00365493
0.00365177
0.0036484
0.00364482
0.00364102
0.00363702
0.00363281
0.0036284
0.00362379
0.003619
0.00361402
0.00360889
0.00360361
0.0035982
0.00359269
0.0035871
0.00358147
0.00357584
0.00357024
0.00356473
0.00355937
0.00355421
0.00354932
0.00354478
0.00354067
0.00353706
0.00353403
0.00353166
0.00353003
0.0035292
2.92701e-09
1.00296e-08
1.86903e-08
2.91477e-08
4.16249e-08
5.63385e-08
7.35002e-08
9.33109e-08
1.15951e-07
1.41567e-07
1.70261e-07
2.02074e-07
2.36977e-07
2.74855e-07
3.15503e-07
3.58617e-07
4.03799e-07
4.50559e-07
4.98328e-07
5.46476e-07
5.94335e-07
6.41229e-07
6.86505e-07
7.29561e-07
7.69876e-07
8.07033e-07
8.40735e-07
8.70813e-07
8.97226e-07
9.20051e-07
9.39468e-07
9.55737e-07
9.69174e-07
9.80131e-07
9.88969e-07
9.9604e-07
1.00167e-06
1.00617e-06
1.00978e-06
1.01271e-06
2.97556e-09
1.01969e-08
1.89986e-08
2.96081e-08
4.22384e-08
5.70984e-08
7.43939e-08
9.43205e-08
1.17053e-07
1.42733e-07
1.71455e-07
2.03257e-07
2.38104e-07
2.7588e-07
3.16377e-07
3.59296e-07
4.04242e-07
4.50731e-07
4.98205e-07
5.46047e-07
5.93603e-07
6.4021e-07
6.85228e-07
7.28068e-07
7.68218e-07
8.05266e-07
8.38918e-07
8.69003e-07
8.95476e-07
9.18405e-07
9.3796e-07
9.5439e-07
9.68001e-07
9.79136e-07
9.88146e-07
9.9538e-07
1.00116e-06
1.00579e-06
1.00952e-06
1.01255e-06
3.02712e-09
1.03726e-08
1.93173e-08
3.00765e-08
4.28534e-08
5.78509e-08
7.52706e-08
9.53037e-08
1.1812e-07
1.43856e-07
1.72602e-07
2.04391e-07
2.39184e-07
2.76861e-07
3.17217e-07
3.59951e-07
4.04674e-07
4.50909e-07
4.98106e-07
5.4566e-07
5.92929e-07
6.39265e-07
6.84038e-07
7.26672e-07
7.66662e-07
8.03604e-07
8.37204e-07
8.67291e-07
8.93814e-07
9.16835e-07
9.36515e-07
9.53092e-07
9.66865e-07
9.78164e-07
9.87335e-07
9.94721e-07
1.00064e-06
1.00539e-06
1.00923e-06
1.01237e-06
3.08184e-09
1.05562e-08
1.96436e-08
3.05466e-08
4.34603e-08
5.8584e-08
7.61162e-08
9.62446e-08
1.19135e-07
1.4492e-07
1.73686e-07
2.0546e-07
2.402e-07
2.77786e-07
3.18009e-07
3.60572e-07
4.05088e-07
4.51088e-07
4.9803e-07
5.45317e-07
5.92321e-07
6.38404e-07
6.82949e-07
7.25389e-07
7.65228e-07
8.02066e-07
8.35614e-07
8.65697e-07
8.92262e-07
9.15363e-07
9.35154e-07
9.51864e-07
9.65782e-07
9.77232e-07
9.86551e-07
9.94076e-07
1.00013e-06
1.00499e-06
1.00893e-06
1.01215e-06
3.13974e-09
1.07464e-08
1.99727e-08
3.10095e-08
4.40469e-08
5.92828e-08
7.69138e-08
9.71254e-08
1.2008e-07
1.45907e-07
1.74687e-07
2.06445e-07
2.41136e-07
2.78637e-07
3.18739e-07
3.61147e-07
4.05477e-07
4.51264e-07
4.97974e-07
5.4502e-07
5.91783e-07
6.37636e-07
6.81973e-07
7.24235e-07
7.63934e-07
8.00675e-07
8.3417e-07
8.64246e-07
8.90844e-07
9.14014e-07
9.33901e-07
9.50729e-07
9.64776e-07
9.76359e-07
9.85811e-07
9.93462e-07
9.99627e-07
1.0046e-06
1.00862e-06
1.01193e-06
3.20038e-09
1.09405e-08
2.0297e-08
3.14531e-08
4.45977e-08
5.99293e-08
7.76439e-08
9.79254e-08
1.20934e-07
1.46794e-07
1.75585e-07
2.07327e-07
2.41973e-07
2.79399e-07
3.19394e-07
3.61665e-07
4.0583e-07
4.5143e-07
4.97937e-07
5.4477e-07
5.91321e-07
6.36971e-07
6.81123e-07
7.23227e-07
7.628e-07
7.99453e-07
8.32898e-07
8.62963e-07
8.89586e-07
9.12813e-07
9.32783e-07
9.4971e-07
9.63869e-07
9.75569e-07
9.85135e-07
9.92896e-07
9.99162e-07
1.00422e-06
1.00833e-06
1.0117e-06
3.26255e-09
1.11329e-08
2.06051e-08
3.18613e-08
4.50935e-08
6.05023e-08
7.82842e-08
9.86215e-08
1.21672e-07
1.47558e-07
1.76356e-07
2.08083e-07
2.42691e-07
2.80051e-07
3.19957e-07
3.62112e-07
4.06138e-07
4.5158e-07
4.97915e-07
5.4457e-07
5.90941e-07
6.36419e-07
6.80414e-07
7.22382e-07
7.61847e-07
7.98423e-07
8.31824e-07
8.61876e-07
8.88518e-07
9.1179e-07
9.31825e-07
9.48835e-07
9.63086e-07
9.74882e-07
9.84545e-07
9.92397e-07
9.98749e-07
1.00388e-06
1.00806e-06
1.01148e-06
3.32351e-09
1.13141e-08
2.08807e-08
3.22132e-08
4.55109e-08
6.09773e-08
7.88093e-08
9.91881e-08
1.2227e-07
1.48175e-07
1.76977e-07
2.08691e-07
2.43267e-07
2.80576e-07
3.20409e-07
3.62472e-07
4.0639e-07
4.51707e-07
4.97907e-07
5.4442e-07
5.90649e-07
6.3599e-07
6.7986e-07
7.2172e-07
7.61098e-07
7.9761e-07
8.30973e-07
8.61014e-07
8.87668e-07
9.10973e-07
9.31059e-07
9.48132e-07
9.62455e-07
9.74326e-07
9.84064e-07
9.91988e-07
9.98406e-07
1.0036e-06
1.00782e-06
1.01129e-06
3.37773e-09
1.14678e-08
2.11e-08
3.24821e-08
4.58222e-08
6.13261e-08
7.91909e-08
9.9597e-08
1.22699e-07
1.48616e-07
1.77419e-07
2.09124e-07
2.43677e-07
2.80949e-07
3.20732e-07
3.62731e-07
4.06572e-07
4.51802e-07
4.97906e-07
5.4432e-07
5.90449e-07
6.35694e-07
6.79476e-07
7.21258e-07
7.60574e-07
7.9704e-07
8.30376e-07
8.60407e-07
8.87068e-07
9.10395e-07
9.30515e-07
9.47631e-07
9.62003e-07
9.73926e-07
9.83716e-07
9.91691e-07
9.98155e-07
1.00339e-06
1.00765e-06
1.01115e-06
3.41489e-09
1.15669e-08
2.12308e-08
3.26356e-08
4.59956e-08
6.15176e-08
7.93984e-08
9.98178e-08
1.2293e-07
1.48852e-07
1.77656e-07
2.09355e-07
2.43896e-07
2.81149e-07
3.20905e-07
3.6287e-07
4.06671e-07
4.51855e-07
4.9791e-07
5.44271e-07
5.90347e-07
6.35541e-07
6.79276e-07
7.21018e-07
7.603e-07
7.96742e-07
8.30062e-07
8.60087e-07
8.86751e-07
9.10088e-07
9.30226e-07
9.47365e-07
9.61761e-07
9.73711e-07
9.83529e-07
9.9153e-07
9.98018e-07
1.00328e-06
1.00755e-06
1.01107e-06
1.01598e-06
1.0192e-06
1.02182e-06
1.02399e-06
1.02568e-06
1.0268e-06
1.02759e-06
1.02921e-06
1.0318e-06
1.03495e-06
1.03869e-06
1.04296e-06
1.04779e-06
1.05318e-06
1.05916e-06
1.06577e-06
1.07306e-06
1.08111e-06
1.09e-06
1.09985e-06
1.11079e-06
1.123e-06
1.13666e-06
1.15206e-06
1.16953e-06
1.18952e-06
1.21261e-06
1.23965e-06
1.27185e-06
1.31105e-06
1.36015e-06
1.42358e-06
1.50766e-06
1.6192e-06
1.75881e-06
1.91692e-06
2.07906e-06
2.23336e-06
2.37761e-06
2.51281e-06
2.64069e-06
2.7624e-06
2.87863e-06
2.98971e-06
3.09574e-06
3.19658e-06
3.29214e-06
3.38221e-06
3.46662e-06
3.54525e-06
3.61798e-06
3.68461e-06
3.74497e-06
3.79886e-06
3.84594e-06
3.8859e-06
3.91835e-06
3.9442e-06
3.9741e-06
4.10131e-06
4.98636e-06
9.7804e-06
2.62771e-05
5.57531e-05
7.50163e-05
8.13367e-05
8.26497e-05
8.28844e-05
8.2994e-05
8.31322e-05
8.33178e-05
8.35531e-05
8.3838e-05
8.41739e-05
8.45635e-05
8.50109e-05
8.55221e-05
8.61051e-05
8.67698e-05
8.7529e-05
8.83993e-05
8.94019e-05
9.05648e-05
9.1926e-05
9.35382e-05
9.54787e-05
9.78639e-05
0.000100875
0.000104785
0.000109981
0.000116872
0.000125468
0.00013513
0.000144947
0.000154192
0.000162731
0.000170637
0.000178017
0.000184953
0.000191487
0.00019765
0.000203455
0.000208906
0.000214007
0.000218758
0.000223161
0.000227219
0.000230935
0.00023431
0.000237344
0.000240036
0.000242376
0.000244353
0.00024595
0.000247162
0.00024811
0.00025002
0.000261562
0.000323996
0.000538889
0.000922143
0.00117169
0.00125335
0.00127027
0.00127323
0.00127449
0.00127602
0.00127805
0.00128062
0.00128372
0.00128737
0.00129158
0.00129641
0.00130189
0.00130811
0.00131515
0.00132313
0.0013322
0.00134252
0.00135434
0.00136796
0.00138379
0.00140241
0.00142468
0.00145189
0.0014859
0.00152917
0.00158383
0.00164859
0.00171763
0.00178399
0.0018433
0.00189547
0.00194163
0.00198299
0.00202041
0.00205447
0.00208559
0.00211406
0.00214009
0.00216387
0.00218553
0.0022052
0.00222301
0.00223905
0.00225342
0.00226617
0.00227736
0.00228699
0.00229506
0.0023015
0.00230626
0.00230933
0.00231146
0.00231804
0.00235462
0.00248352
0.00271528
0.00286696
0.00291737
0.00292854
0.00293122
0.00293289
0.0029348
0.00293712
0.00293986
0.00294303
0.00294664
0.0029507
0.00295523
0.00296028
0.00296589
0.00297212
0.00297906
0.00298679
0.00299545
0.00300519
0.00301621
0.00302881
0.00304337
0.00306049
0.00308104
0.00310625
0.00313777
0.00317688
0.00322242
0.00327035
0.0033158
0.00335597
0.00339103
0.00342189
0.00344944
0.00347433
0.00349697
0.00351767
0.00353661
0.00355396
0.00356984
0.00358435
0.00359758
0.00360961
0.00362054
0.00363042
0.00363932
0.0036473
0.00365442
0.00366073
0.00366626
0.00367104
0.00367508
0.00367841
0.00368095
0.00368273
0.00368317
0.0036822
0.00368118
0.00368031
0.0036794
0.00367823
0.0036767
1.01596e-06
1.01933e-06
1.02213e-06
1.02453e-06
1.02654e-06
1.02815e-06
1.02957e-06
1.03179e-06
1.03492e-06
1.03859e-06
1.04286e-06
1.04767e-06
1.05305e-06
1.05903e-06
1.06564e-06
1.07294e-06
1.08098e-06
1.08985e-06
1.09965e-06
1.1105e-06
1.12256e-06
1.136e-06
1.15104e-06
1.16795e-06
1.18709e-06
1.20887e-06
1.23389e-06
1.2629e-06
1.29698e-06
1.33772e-06
1.38751e-06
1.44997e-06
1.53016e-06
1.63363e-06
1.76055e-06
1.90289e-06
2.04912e-06
2.18979e-06
2.32344e-06
2.45073e-06
2.5729e-06
2.69062e-06
2.80425e-06
2.91388e-06
3.01942e-06
3.12065e-06
3.21734e-06
3.30922e-06
3.39604e-06
3.47763e-06
3.55378e-06
3.62427e-06
3.68889e-06
3.74741e-06
3.7995e-06
3.84485e-06
3.88318e-06
3.91582e-06
3.95597e-06
4.10792e-06
5.06313e-06
9.98785e-06
2.65165e-05
5.57088e-05
7.48803e-05
8.12988e-05
8.27066e-05
8.30024e-05
8.316e-05
8.33434e-05
8.35748e-05
8.38572e-05
8.41917e-05
8.45805e-05
8.50271e-05
8.55367e-05
8.61161e-05
8.67742e-05
8.7522e-05
8.8373e-05
8.93446e-05
9.04582e-05
9.17415e-05
9.32307e-05
9.49741e-05
9.70403e-05
9.95284e-05
0.000102588
0.000106441
0.000111398
0.000117788
0.000125601
0.0001343
0.000143162
0.000151606
0.000159539
0.000167012
0.000174097
0.000180843
0.000187274
0.000193402
0.000199227
0.000204746
0.000209955
0.000214849
0.000219422
0.000223673
0.000227603
0.000231208
0.000234486
0.000237434
0.000240044
0.000242305
0.000244201
0.000245733
0.000247055
0.000249527
0.000262208
0.000326512
0.000541902
0.000921483
0.00116985
0.00125275
0.00127083
0.00127449
0.00127628
0.00127829
0.00128081
0.00128387
0.00128748
0.00129167
0.00129645
0.00130189
0.00130803
0.00131495
0.00132276
0.00133156
0.00134151
0.00135276
0.00136554
0.00138013
0.00139689
0.00141631
0.0014391
0.00146627
0.00149931
0.00154014
0.00159049
0.00164918
0.00171142
0.00177164
0.00182628
0.00187534
0.00191964
0.00196004
0.00199715
0.00203136
0.00206298
0.00209218
0.00211913
0.00214395
0.00216674
0.00218761
0.00220665
0.00222395
0.00223958
0.00225361
0.00226607
0.00227699
0.00228635
0.00229412
0.00230024
0.00230472
0.00230836
0.00231671
0.0023553
0.00248504
0.00271478
0.00286584
0.00291707
0.00292904
0.00293225
0.00293435
0.00293666
0.00293938
0.00294252
0.0029461
0.00295013
0.00295462
0.00295962
0.00296516
0.00297128
0.00297807
0.00298558
0.00299393
0.00300322
0.00301361
0.00302528
0.00303846
0.00305351
0.00307088
0.00309128
0.00311568
0.00314534
0.00318131
0.00322256
0.0032658
0.00330708
0.00334414
0.00337715
0.0034068
0.00343373
0.00345843
0.00348117
0.00350216
0.00352157
0.00353948
0.003556
0.0035712
0.00358515
0.00359793
0.0036096
0.00362023
0.00362986
0.00363857
0.0036464
0.00365339
0.00365959
0.00366502
0.0036697
0.00367365
0.00367683
0.00367926
0.00368042
0.0036802
0.00367972
0.00367918
0.00367846
0.00367741
0.00367594
1.01589e-06
1.01941e-06
1.02236e-06
1.02495e-06
1.02725e-06
1.02926e-06
1.03123e-06
1.03397e-06
1.03753e-06
1.04165e-06
1.04636e-06
1.05162e-06
1.05748e-06
1.06396e-06
1.07111e-06
1.07899e-06
1.08767e-06
1.09725e-06
1.10783e-06
1.11955e-06
1.13257e-06
1.14708e-06
1.16331e-06
1.18155e-06
1.20213e-06
1.2255e-06
1.2522e-06
1.28295e-06
1.3187e-06
1.36081e-06
1.41125e-06
1.47288e-06
1.54967e-06
1.64606e-06
1.76208e-06
1.89103e-06
2.02379e-06
2.15308e-06
2.27796e-06
2.39881e-06
2.51634e-06
2.63083e-06
2.74237e-06
2.85082e-06
2.95597e-06
3.0575e-06
3.15511e-06
3.24845e-06
3.33725e-06
3.42124e-06
3.50019e-06
3.57384e-06
3.64195e-06
3.70427e-06
3.76048e-06
3.81028e-06
3.85352e-06
3.89215e-06
3.94283e-06
4.12498e-06
5.17192e-06
1.02688e-05
2.68164e-05
5.55908e-05
7.46514e-05
8.12144e-05
8.27408e-05
8.31006e-05
8.33013e-05
8.35234e-05
8.37934e-05
8.41158e-05
8.44924e-05
8.49262e-05
8.54217e-05
8.59846e-05
8.66227e-05
8.73457e-05
8.81653e-05
8.90959e-05
9.01554e-05
9.13657e-05
9.2754e-05
9.43552e-05
9.6214e-05
9.83912e-05
0.000100971
0.000104075
0.00010788
0.000112625
0.000118576
0.000125717
0.000133599
0.000141651
0.000149424
0.000156856
0.000163974
0.000170818
0.000177412
0.000183759
0.000189859
0.000195702
0.000201277
0.000206574
0.000211584
0.000216296
0.000220707
0.000224813
0.000228607
0.000232088
0.000235249
0.000238082
0.000240578
0.000242722
0.000244525
0.000246184
0.000249251
0.000263317
0.000330007
0.000545709
0.000919869
0.00116682
0.00125157
0.00127112
0.00127554
0.0012778
0.00128022
0.00128315
0.00128663
0.00129067
0.00129532
0.00130059
0.00130654
0.00131325
0.00132078
0.00132924
0.00133875
0.00134945
0.00136151
0.00137512
0.00139056
0.00140812
0.00142825
0.00145149
0.00147866
0.00151087
0.0015496
0.00159619
0.00164968
0.00170615
0.00176112
0.00181183
0.00185829
0.00190105
0.00194068
0.00197755
0.00201192
0.00204396
0.00207379
0.0021015
0.00212719
0.00215094
0.0021728
0.00219288
0.00221123
0.00222792
0.00224301
0.00225655
0.00226853
0.00227898
0.00228785
0.00229511
0.00230078
0.00230577
0.00231589
0.00235666
0.00248706
0.0027137
0.00286397
0.00291639
0.00292933
0.00293308
0.00293557
0.00293822
0.00294126
0.00294474
0.00294867
0.00295305
0.00295792
0.00296331
0.00296926
0.00297583
0.00298308
0.0029911
0.00299997
0.00300981
0.00302076
0.00303298
0.00304669
0.00306216
0.00307977
0.00310006
0.00312376
0.00315181
0.00318505
0.00322263
0.00326187
0.0032996
0.00333403
0.00336534
0.00339399
0.00342044
0.00344499
0.00346782
0.00348908
0.00350887
0.00352726
0.00354431
0.00356009
0.00357465
0.00358805
0.00360035
0.0036116
0.00362186
0.00363117
0.00363959
0.00364715
0.00365391
0.00365989
0.0036651
0.00366958
0.00367329
0.00367626
0.00367804
0.00367846
0.00367845
0.0036782
0.00367763
0.00367667
0.00367525
1.01579e-06
1.01943e-06
1.02251e-06
1.02526e-06
1.02779e-06
1.03016e-06
1.03258e-06
1.03573e-06
1.03965e-06
1.04412e-06
1.04918e-06
1.05482e-06
1.06106e-06
1.06795e-06
1.07555e-06
1.08391e-06
1.09312e-06
1.10328e-06
1.11451e-06
1.12694e-06
1.14076e-06
1.15616e-06
1.17339e-06
1.19272e-06
1.21452e-06
1.23922e-06
1.26734e-06
1.29955e-06
1.33672e-06
1.38001e-06
1.43101e-06
1.49197e-06
1.56591e-06
1.65634e-06
1.76339e-06
1.88145e-06
2.0032e-06
2.1233e-06
2.24119e-06
2.35694e-06
2.47082e-06
2.58278e-06
2.69267e-06
2.8002e-06
2.90504e-06
3.0068e-06
3.10512e-06
3.19962e-06
3.28996e-06
3.37585e-06
3.45701e-06
3.53316e-06
3.60404e-06
3.66937e-06
3.72885e-06
3.7822e-06
3.82942e-06
3.87333e-06
3.93507e-06
4.1533e-06
5.31289e-06
1.06184e-05
2.71695e-05
5.54066e-05
7.43365e-05
8.10838e-05
8.27509e-05
8.31775e-05
8.34168e-05
8.36709e-05
8.39724e-05
8.43274e-05
8.47384e-05
8.52092e-05
8.57448e-05
8.63517e-05
8.70383e-05
8.78149e-05
8.86942e-05
8.9691e-05
9.08238e-05
9.21148e-05
9.35911e-05
9.52863e-05
9.72423e-05
9.95133e-05
0.000102171
0.000105314
0.000109079
0.000113648
0.00011923
0.000125817
0.000133033
0.000140423
0.000147653
0.000154684
0.00016152
0.000168175
0.000174648
0.00018093
0.000187008
0.000192864
0.000198484
0.000203851
0.000208953
0.000213777
0.000218314
0.000222559
0.000226505
0.000230147
0.000233478
0.00023649
0.000239173
0.000241516
0.000243542
0.000245506
0.000249206
0.000264895
0.000334419
0.000550217
0.000917399
0.00116268
0.0012498
0.00127112
0.00127634
0.00127904
0.0012818
0.00128506
0.00128888
0.00129328
0.00129829
0.00130397
0.00131035
0.00131751
0.00132555
0.00133455
0.00134464
0.00135597
0.00136869
0.001383
0.00139913
0.00141738
0.00143809
0.00146173
0.00148891
0.00152045
0.00155742
0.00160089
0.00165011
0.00170185
0.00175251
0.00180002
0.00184439
0.00188593
0.00192495
0.00196165
0.00199615
0.00202854
0.00205887
0.00208721
0.00211361
0.00213812
0.00216079
0.0021817
0.0022009
0.00221845
0.0022344
0.00224879
0.00226164
0.00227296
0.00228272
0.00229089
0.00229755
0.00230371
0.00231557
0.00235869
0.00248954
0.00271211
0.00286143
0.00291532
0.0029294
0.00293371
0.00293653
0.00293946
0.00294278
0.00294653
0.00295073
0.0029554
0.00296058
0.00296628
0.00297258
0.00297951
0.00298715
0.00299558
0.00300488
0.00301518
0.00302659
0.00303928
0.00305341
0.00306925
0.00308706
0.00310727
0.00313039
0.00315712
0.00318808
0.00322265
0.00325862
0.00329343
0.00332572
0.00335566
0.00338353
0.00340959
0.00343403
0.00345695
0.00347844
0.00349854
0.00351731
0.0035348
0.00355104
0.00356609
0.00357999
0.0035928
0.00360455
0.00361531
0.00362511
0.003634
0.00364204
0.00364924
0.00365566
0.00366131
0.00366622
0.00367036
0.00367375
0.00367603
0.003677
0.00367737
0.00367735
0.00367691
0.00367601
0.00367463
1.01567e-06
1.01941e-06
1.02259e-06
1.02547e-06
1.02819e-06
1.03084e-06
1.03362e-06
1.03709e-06
1.04127e-06
1.04602e-06
1.05136e-06
1.05728e-06
1.06382e-06
1.07104e-06
1.07898e-06
1.08771e-06
1.09734e-06
1.10796e-06
1.11969e-06
1.1327e-06
1.14715e-06
1.16325e-06
1.18126e-06
1.20147e-06
1.22424e-06
1.24999e-06
1.27924e-06
1.31264e-06
1.35096e-06
1.3952e-06
1.44668e-06
1.50711e-06
1.57879e-06
1.66447e-06
1.76451e-06
1.87411e-06
1.98727e-06
2.10027e-06
2.21281e-06
2.32469e-06
2.43581e-06
2.54586e-06
2.65451e-06
2.76134e-06
2.86594e-06
2.96787e-06
3.06672e-06
3.16208e-06
3.25358e-06
3.3409e-06
3.42373e-06
3.50178e-06
3.57475e-06
3.64238e-06
3.70434e-06
3.7604e-06
3.81077e-06
3.85934e-06
3.93286e-06
4.19308e-06
5.4842e-06
1.10275e-05
2.75652e-05
5.51663e-05
7.39468e-05
8.091e-05
8.27368e-05
8.32328e-05
8.35064e-05
8.37861e-05
8.41122e-05
8.44924e-05
8.49304e-05
8.543e-05
8.5997e-05
8.66384e-05
8.73632e-05
8.81822e-05
8.91085e-05
9.01577e-05
9.13486e-05
9.27038e-05
9.42501e-05
9.60203e-05
9.80541e-05
0.000100401
0.000103122
0.000106297
0.000110031
0.000114459
0.000119747
0.0001259
0.000132601
0.000139472
0.000146282
0.000153005
0.000159627
0.000166138
0.000172521
0.000178754
0.000184815
0.000190682
0.000196335
0.000201755
0.000206927
0.000211835
0.000216469
0.00022082
0.000224882
0.000228646
0.000232106
0.000235254
0.000238081
0.000240578
0.000242782
0.000245022
0.000249396
0.000266919
0.00033963
0.000555288
0.000914207
0.00115758
0.00124749
0.00127084
0.00127691
0.00127999
0.00128304
0.00128655
0.00129063
0.00129531
0.00130061
0.0013066
0.00131331
0.00132084
0.00132927
0.00133869
0.00134925
0.00136106
0.00137431
0.00138917
0.00140586
0.00142465
0.00144584
0.00146979
0.00149698
0.001528
0.00156359
0.00160457
0.00165046
0.00169853
0.00174581
0.00179081
0.00183357
0.00187419
0.00191275
0.00194933
0.00198394
0.0020166
0.00204733
0.00207615
0.00210309
0.00212819
0.00215149
0.00217304
0.00219289
0.0022111
0.00222771
0.00224276
0.00225628
0.00226827
0.00227871
0.00228759
0.00229502
0.00230221
0.00231577
0.0023613
0.00249239
0.00271008
0.00285828
0.0029139
0.00292925
0.00293413
0.00293724
0.0029404
0.00294392
0.00294788
0.0029523
0.0029572
0.00296261
0.00296857
0.00297513
0.00298234
0.00299029
0.00299904
0.00300868
0.00301934
0.00303112
0.00304417
0.00305865
0.00307477
0.00309276
0.0031129
0.00313558
0.00316126
0.00319041
0.00322262
0.00325606
0.00328857
0.0033192
0.00334808
0.00337535
0.00340114
0.0034255
0.00344849
0.00347015
0.0034905
0.00350957
0.00352739
0.003544
0.00355942
0.00357371
0.0035869
0.00359904
0.00361018
0.00362036
0.00362962
0.00363801
0.00364557
0.00365233
0.00365831
0.00366354
0.00366801
0.00367172
0.00367438
0.00367579
0.00367648
0.00367664
0.00367629
0.00367544
0.00367408
1.01553e-06
1.01935e-06
1.02261e-06
1.02559e-06
1.02846e-06
1.03132e-06
1.03438e-06
1.03807e-06
1.04244e-06
1.04739e-06
1.05292e-06
1.05905e-06
1.06582e-06
1.07327e-06
1.08146e-06
1.09048e-06
1.10041e-06
1.11136e-06
1.12347e-06
1.1369e-06
1.15182e-06
1.16845e-06
1.18704e-06
1.2079e-06
1.23139e-06
1.25793e-06
1.28804e-06
1.32232e-06
1.36151e-06
1.40649e-06
1.45834e-06
1.51841e-06
1.58839e-06
1.67052e-06
1.76543e-06
1.86889e-06
1.97571e-06
2.08354e-06
2.1922e-06
2.3013e-06
2.41044e-06
2.51914e-06
2.62689e-06
2.73322e-06
2.83764e-06
2.93969e-06
3.03891e-06
3.13488e-06
3.22721e-06
3.31555e-06
3.39957e-06
3.47896e-06
3.55343e-06
3.62269e-06
3.68643e-06
3.74445e-06
3.79722e-06
3.84995e-06
3.93601e-06
4.24342e-06
5.68072e-06
1.14806e-05
2.7988e-05
5.48842e-05
7.35005e-05
8.06999e-05
8.27e-05
8.32673e-05
8.35711e-05
8.38705e-05
8.42147e-05
8.46135e-05
8.50711e-05
8.5592e-05
8.61821e-05
8.6849e-05
8.76019e-05
8.84523e-05
8.94135e-05
9.05016e-05
9.17358e-05
9.31387e-05
9.47374e-05
9.65639e-05
9.86562e-05
0.00010106
0.000103829
0.000107029
0.000110741
0.000115065
0.000120132
0.000125968
0.000132294
0.000138783
0.000145286
0.000151786
0.000158254
0.000164661
0.000170979
0.000177177
0.000183226
0.000189101
0.000194777
0.000200235
0.000205456
0.000210425
0.000215128
0.000219556
0.0002237
0.000227552
0.000231106
0.000234352
0.000237281
0.00023989
0.000242233
0.000244726
0.000249805
0.000269321
0.00034544
0.000560721
0.000910479
0.00115175
0.00124472
0.00127029
0.00127724
0.00128068
0.00128394
0.00128765
0.00129192
0.00129679
0.00130231
0.00130852
0.00131548
0.00132328
0.00133199
0.00134174
0.00135263
0.00136481
0.00137844
0.00139371
0.00141082
0.00143001
0.00145156
0.00147576
0.00150297
0.0015336
0.00156817
0.00160729
0.00165073
0.00169613
0.00174091
0.00178408
0.00182566
0.00186561
0.00190385
0.00194034
0.00197504
0.0020079
0.00203891
0.00206808
0.00209542
0.00212095
0.0021447
0.00216671
0.00218704
0.00220573
0.00222282
0.00223835
0.00225234
0.00226482
0.00227575
0.00228515
0.00229318
0.00230123
0.00231643
0.00236438
0.00249549
0.00270774
0.00285469
0.00291217
0.0029289
0.00293436
0.00293772
0.00294105
0.00294473
0.00294884
0.00295342
0.00295848
0.00296406
0.0029702
0.00297696
0.00298438
0.00299255
0.00300154
0.00301144
0.00302236
0.00303441
0.00304774
0.00306248
0.00307881
0.00309693
0.00311704
0.00313939
0.00316428
0.00319209
0.00322258
0.00325416
0.00328496
0.00331438
0.0033425
0.00336934
0.00339492
0.00341923
0.00344228
0.00346407
0.0034846
0.00350388
0.00352195
0.00353881
0.00355451
0.00356908
0.00358255
0.00359498
0.00360639
0.00361684
0.00362637
0.00363502
0.00364283
0.00364983
0.00365606
0.00366152
0.00366623
0.00367017
0.0036731
0.00367484
0.00367576
0.00367605
0.00367577
0.00367496
0.00367362
1.01538e-06
1.01927e-06
1.0226e-06
1.02565e-06
1.02862e-06
1.03163e-06
1.03488e-06
1.03872e-06
1.04321e-06
1.04829e-06
1.05395e-06
1.06022e-06
1.06714e-06
1.07474e-06
1.08311e-06
1.09231e-06
1.10245e-06
1.11363e-06
1.126e-06
1.13971e-06
1.15495e-06
1.17193e-06
1.19092e-06
1.21223e-06
1.23622e-06
1.2633e-06
1.294e-06
1.32889e-06
1.36868e-06
1.41418e-06
1.4663e-06
1.52614e-06
1.59499e-06
1.67468e-06
1.76615e-06
1.86551e-06
1.96806e-06
2.0724e-06
2.17849e-06
2.28574e-06
2.39357e-06
2.50136e-06
2.60853e-06
2.71452e-06
2.81882e-06
2.92093e-06
3.02039e-06
3.11676e-06
3.20962e-06
3.29862e-06
3.38342e-06
3.46369e-06
3.53914e-06
3.60947e-06
3.67439e-06
3.73372e-06
3.78824e-06
3.84468e-06
3.94374e-06
4.30157e-06
5.89224e-06
1.19531e-05
2.84158e-05
5.45801e-05
7.30252e-05
8.04665e-05
8.26451e-05
8.32833e-05
8.36132e-05
8.39272e-05
8.42837e-05
8.4695e-05
8.51658e-05
8.57009e-05
8.63067e-05
8.69908e-05
8.77629e-05
8.86345e-05
8.96195e-05
9.07341e-05
9.19979e-05
9.34336e-05
9.50682e-05
9.69333e-05
9.9066e-05
0.000101509
0.000104312
0.00010753
0.000111228
0.000115482
0.000120398
0.000126021
0.000132096
0.000138327
0.000144624
0.000150974
0.000157339
0.000163679
0.000169953
0.000176127
0.000182168
0.000188047
0.00019374
0.000199222
0.000204476
0.000209484
0.000214232
0.00021871
0.000222909
0.000226819
0.000230434
0.000233745
0.000236742
0.000239428
0.000241874
0.000244595
0.000250392
0.000271965
0.000351524
0.00056623
0.000906473
0.00114555
0.00124166
0.00126952
0.00127737
0.00128112
0.00128454
0.00128838
0.00129278
0.00129779
0.00130345
0.00130981
0.00131694
0.00132492
0.00133383
0.00134378
0.0013549
0.00136733
0.00138123
0.00139678
0.00141417
0.00143364
0.00145543
0.00147981
0.00150704
0.00153742
0.00157128
0.00160913
0.00165094
0.00169456
0.00173762
0.00177956
0.00182036
0.00185985
0.00189788
0.00193432
0.00196907
0.00200207
0.00203327
0.00206268
0.00209028
0.00211609
0.00214014
0.00216247
0.00218311
0.00220211
0.00221952
0.00223537
0.00224969
0.00226248
0.00227374
0.00228349
0.00229195
0.00230073
0.00231745
0.00236774
0.00249868
0.00270523
0.00285088
0.00291026
0.0029284
0.00293442
0.00293801
0.00294145
0.00294524
0.00294945
0.00295413
0.0029593
0.002965
0.00297127
0.00297815
0.00298572
0.00299404
0.00300319
0.00301326
0.00302436
0.0030366
0.00305011
0.00306503
0.00308152
0.00309972
0.0031198
0.00314194
0.0031663
0.00319318
0.00322252
0.00325286
0.00328251
0.0033111
0.0033387
0.00336526
0.00339071
0.00341499
0.00343808
0.00345995
0.0034806
0.00350003
0.00351825
0.00353529
0.00355117
0.00356592
0.00357959
0.0035922
0.0036038
0.00361443
0.00362413
0.00363296
0.00364093
0.0036481
0.00365448
0.00366011
0.00366497
0.00366905
0.00367216
0.00367412
0.00367521
0.00367559
0.00367536
0.00367456
0.00367323
1.01525e-06
1.01919e-06
1.02256e-06
1.02566e-06
1.02869e-06
1.03179e-06
1.03516e-06
1.03908e-06
1.04365e-06
1.0488e-06
1.05454e-06
1.06089e-06
1.06789e-06
1.07559e-06
1.08406e-06
1.09337e-06
1.10363e-06
1.11495e-06
1.12747e-06
1.14135e-06
1.15678e-06
1.17398e-06
1.19321e-06
1.21479e-06
1.23907e-06
1.26649e-06
1.29754e-06
1.33281e-06
1.37297e-06
1.41878e-06
1.47109e-06
1.5308e-06
1.59899e-06
1.67724e-06
1.76668e-06
1.86366e-06
1.96365e-06
2.06594e-06
2.17051e-06
2.27668e-06
2.38374e-06
2.491e-06
2.59782e-06
2.70361e-06
2.80783e-06
2.90997e-06
3.00956e-06
3.10615e-06
3.19931e-06
3.28869e-06
3.37392e-06
3.4547e-06
3.53071e-06
3.60165e-06
3.66724e-06
3.72736e-06
3.78309e-06
3.84275e-06
3.95451e-06
4.36216e-06
6.10126e-06
1.24072e-05
2.8817e-05
5.42818e-05
7.25617e-05
8.02313e-05
8.25799e-05
8.32846e-05
8.36366e-05
8.39604e-05
8.43245e-05
8.47431e-05
8.52217e-05
8.57653e-05
8.63803e-05
8.70747e-05
8.78582e-05
8.87425e-05
8.97417e-05
9.08723e-05
9.21538e-05
9.36092e-05
9.52655e-05
9.71541e-05
9.93114e-05
0.000101779
0.000104602
0.000107832
0.000111523
0.000115735
0.000120561
0.000126059
0.000131988
0.000138065
0.000144239
0.000150502
0.000156806
0.000163106
0.000169355
0.000175515
0.000181551
0.000187432
0.000193133
0.00019863
0.000203902
0.000208932
0.000213707
0.000218214
0.000222443
0.000226387
0.000230037
0.000233385
0.000236423
0.000239154
0.000241675
0.000244594
0.000251076
0.000274617
0.00035739
0.000571405
0.00090255
0.00113952
0.00123859
0.00126865
0.00127734
0.00128136
0.0012849
0.00128881
0.00129329
0.00129838
0.00130412
0.00131058
0.0013178
0.00132588
0.00133491
0.00134499
0.00135625
0.00136883
0.00138288
0.0013986
0.00141616
0.0014358
0.00145774
0.00148222
0.00150947
0.0015397
0.00157316
0.00161024
0.00165109
0.00169365
0.0017357
0.0017769
0.00181724
0.00185646
0.00189437
0.00193078
0.00196556
0.00199863
0.00202995
0.00205949
0.00208725
0.00211323
0.00213745
0.00215996
0.00218079
0.00219997
0.00221757
0.0022336
0.0022481
0.00226108
0.00227254
0.00228249
0.00229124
0.0023006
0.00231869
0.00237107
0.0025017
0.00270279
0.00284716
0.00290834
0.00292781
0.00293436
0.00293812
0.00294166
0.0029455
0.00294978
0.00295452
0.00295976
0.00296552
0.00297186
0.00297883
0.00298648
0.00299489
0.00300413
0.00301431
0.00302551
0.00303786
0.00305149
0.00306651
0.00308309
0.00310135
0.00312142
0.00314342
0.00316747
0.0031938
0.00322246
0.00325207
0.00328102
0.00330913
0.00333643
0.00336282
0.00338819
0.00341246
0.00343557
0.00345749
0.0034782
0.00349772
0.00351604
0.00353318
0.00354916
0.00356402
0.00357779
0.00359051
0.00360222
0.00361295
0.00362276
0.00363168
0.00363976
0.00364702
0.0036535
0.00365921
0.00366416
0.00366832
0.00367153
0.00367363
0.00367481
0.00367525
0.00367504
0.00367426
0.00367293
1.01514e-06
1.01912e-06
1.02251e-06
1.02564e-06
1.0287e-06
1.03185e-06
1.03527e-06
1.03924e-06
1.04383e-06
1.04902e-06
1.0548e-06
1.06119e-06
1.06823e-06
1.07597e-06
1.08448e-06
1.09385e-06
1.10417e-06
1.11555e-06
1.12815e-06
1.14211e-06
1.15763e-06
1.17493e-06
1.19428e-06
1.21598e-06
1.24041e-06
1.26799e-06
1.29922e-06
1.33467e-06
1.37502e-06
1.42099e-06
1.47339e-06
1.53306e-06
1.60096e-06
1.67854e-06
1.76704e-06
1.86288e-06
1.96167e-06
2.06301e-06
2.16686e-06
2.27252e-06
2.37923e-06
2.48624e-06
2.59289e-06
2.69858e-06
2.80275e-06
2.9049e-06
3.00454e-06
3.10121e-06
3.19451e-06
3.28405e-06
3.36948e-06
3.45047e-06
3.52673e-06
3.59795e-06
3.66384e-06
3.72435e-06
3.78082e-06
3.84301e-06
3.96569e-06
4.41627e-06
6.28079e-06
1.27885e-05
2.91475e-05
5.40282e-05
7.21688e-05
8.00268e-05
8.25175e-05
8.32772e-05
8.36459e-05
8.39758e-05
8.43436e-05
8.47657e-05
8.52479e-05
8.57955e-05
8.64149e-05
8.71142e-05
8.79031e-05
8.87936e-05
8.97996e-05
9.09378e-05
9.22278e-05
9.36928e-05
9.53597e-05
9.72597e-05
9.94291e-05
0.000101908
0.000104743
0.000107979
0.000111667
0.000115861
0.000120645
0.000126084
0.000131944
0.000137948
0.000144065
0.000150286
0.000156562
0.000162843
0.00016908
0.000175232
0.000181265
0.000187148
0.000192852
0.000198354
0.000203635
0.000208675
0.000213461
0.000217981
0.000222225
0.000226184
0.00022985
0.000233214
0.00023627
0.000239025
0.000241593
0.00024467
0.000251727
0.000276918
0.000362326
0.000575672
0.000899221
0.00113441
0.00123593
0.00126782
0.00127722
0.00128145
0.00128506
0.00128901
0.00129353
0.00129865
0.00130444
0.00131093
0.00131821
0.00132634
0.00133542
0.00134556
0.00135689
0.00136953
0.00138367
0.00139946
0.00141711
0.00143683
0.00145884
0.00148337
0.00151063
0.0015408
0.00157407
0.00161079
0.00165118
0.00169324
0.00173481
0.00177567
0.00181578
0.00185488
0.00189273
0.00192912
0.00196392
0.00199703
0.0020284
0.002058
0.00208583
0.00211188
0.00213619
0.00215878
0.00217969
0.00219896
0.00221664
0.00223276
0.00224734
0.00226041
0.00227195
0.002282
0.00229092
0.00230071
0.00231987
0.00237392
0.0025042
0.00270073
0.00284401
0.00290667
0.00292725
0.00293424
0.00293814
0.00294172
0.0029456
0.0029499
0.00295467
0.00295994
0.00296574
0.00297211
0.00297911
0.0029868
0.00299525
0.00300454
0.00301477
0.00302602
0.00303843
0.00305211
0.00306719
0.0030838
0.00310209
0.00312216
0.00314411
0.00316801
0.00319407
0.00322241
0.00325167
0.0032803
0.00330817
0.00333533
0.00336164
0.00338698
0.00341123
0.00343435
0.0034563
0.00347705
0.0034966
0.00351496
0.00353214
0.00354817
0.00356308
0.0035769
0.00358967
0.00360143
0.00361221
0.00362207
0.00363104
0.00363915
0.00364646
0.00365298
0.00365873
0.00366372
0.00366791
0.00367116
0.00367332
0.00367456
0.00367502
0.00367483
0.00367405
0.00367273
1.01508e-06
1.01907e-06
1.02247e-06
1.02561e-06
1.02869e-06
1.03186e-06
1.03529e-06
1.03927e-06
1.04387e-06
1.04906e-06
1.05485e-06
1.06125e-06
1.0683e-06
1.07606e-06
1.08459e-06
1.09397e-06
1.1043e-06
1.11571e-06
1.12832e-06
1.14231e-06
1.15785e-06
1.17518e-06
1.19457e-06
1.21631e-06
1.24078e-06
1.26841e-06
1.29969e-06
1.3352e-06
1.37561e-06
1.42164e-06
1.47407e-06
1.53375e-06
1.60159e-06
1.67899e-06
1.76721e-06
1.86272e-06
1.96118e-06
2.06226e-06
2.16593e-06
2.27145e-06
2.37805e-06
2.48499e-06
2.59159e-06
2.69724e-06
2.8014e-06
2.90354e-06
3.00318e-06
3.09987e-06
3.1932e-06
3.28277e-06
3.36825e-06
3.44929e-06
3.52561e-06
3.59689e-06
3.66286e-06
3.72349e-06
3.78031e-06
3.84401e-06
3.97355e-06
4.45113e-06
6.39335e-06
1.30232e-05
2.93479e-05
5.38713e-05
7.19255e-05
7.98975e-05
8.24755e-05
8.32689e-05
8.36473e-05
8.39799e-05
8.43489e-05
8.47719e-05
8.52552e-05
8.58039e-05
8.64246e-05
8.71252e-05
8.79157e-05
8.88079e-05
8.98159e-05
9.09564e-05
9.2249e-05
9.37168e-05
9.53868e-05
9.72904e-05
9.94634e-05
0.000101947
0.000104784
0.000108023
0.000111711
0.000115902
0.000120674
0.000126096
0.000131935
0.000137919
0.000144021
0.000150231
0.000156499
0.000162774
0.000169007
0.000175158
0.00018119
0.000187072
0.000192776
0.00019828
0.000203562
0.000208605
0.000213394
0.000217917
0.000222165
0.000226127
0.000229797
0.000233166
0.000236226
0.000238989
0.00024158
0.00024475
0.000252163
0.00027837
0.00036537
0.000578263
0.000897164
0.00113124
0.00123425
0.00126728
0.00127711
0.00128146
0.0012851
0.00128907
0.00129359
0.00129873
0.00130452
0.00131103
0.00131832
0.00132646
0.00133556
0.00134572
0.00135706
0.00136973
0.00138389
0.0013997
0.00141738
0.00143712
0.00145916
0.0014837
0.00151097
0.00154112
0.00157434
0.00161098
0.00165122
0.00169313
0.00173457
0.00177533
0.00181539
0.00185446
0.00189228
0.00192867
0.00196347
0.00199659
0.00202797
0.00205759
0.00208543
0.0021115
0.00213583
0.00215844
0.00217938
0.00219867
0.00221637
0.00223252
0.00224712
0.00226021
0.00227177
0.00228186
0.00229085
0.00230087
0.00232067
0.0023757
0.00250573
0.00269945
0.00284206
0.00290561
0.00292688
0.00293414
0.00293811
0.00294171
0.0029456
0.00294991
0.00295469
0.00295997
0.00296577
0.00297216
0.00297917
0.00298687
0.00299533
0.00300464
0.00301487
0.00302615
0.00303857
0.00305226
0.00306735
0.00308398
0.00310228
0.00312235
0.00314428
0.00316815
0.00319414
0.00322238
0.00325154
0.00328007
0.00330789
0.00333501
0.0033613
0.00338662
0.00341087
0.00343399
0.00345594
0.0034767
0.00349626
0.00351463
0.00353183
0.00354787
0.00356279
0.00357662
0.0035894
0.00360117
0.00361197
0.00362184
0.00363082
0.00363895
0.00364626
0.00365279
0.00365856
0.00366355
0.00366775
0.00367101
0.00367319
0.00367444
0.00367491
0.00367472
0.00367394
0.00367262
0.00367517
0.00367387
0.00367241
0.00367078
0.00366897
0.00366698
0.0036648
0.00366243
0.00365987
0.00365711
0.00365414
0.00365097
0.00364759
0.003644
0.0036402
0.00363618
0.00363197
0.00362754
0.00362293
0.00361813
0.00361315
0.00360801
0.00360273
0.00359732
0.00359181
0.00358623
0.00358062
0.003575
0.00356942
0.00356394
0.0035586
0.00355347
0.00354862
0.00354412
0.00354004
0.00353647
0.00353348
0.00353115
0.00352954
0.00352872
0.00367444
0.00367315
0.0036717
0.00367007
0.00366826
0.00366627
0.00366409
0.00366172
0.00365915
0.00365638
0.0036534
0.00365022
0.00364683
0.00364323
0.00363942
0.0036354
0.00363117
0.00362674
0.00362212
0.00361731
0.00361233
0.00360719
0.00360191
0.00359651
0.003591
0.00358543
0.00357983
0.00357423
0.00356867
0.00356321
0.0035579
0.0035528
0.00354798
0.00354352
0.00353948
0.00353594
0.00353298
0.00353068
0.0035291
0.00352829
0.00367377
0.00367249
0.00367104
0.00366941
0.0036676
0.00366561
0.00366343
0.00366105
0.00365848
0.0036557
0.00365272
0.00364953
0.00364613
0.00364252
0.0036387
0.00363467
0.00363044
0.00362601
0.00362138
0.00361657
0.00361158
0.00360644
0.00360116
0.00359576
0.00359026
0.0035847
0.00357911
0.00357352
0.00356798
0.00356254
0.00355726
0.00355219
0.0035474
0.00354297
0.00353896
0.00353546
0.00353254
0.00353026
0.0035287
0.0035279
0.00367316
0.00367189
0.00367044
0.00366882
0.00366701
0.00366501
0.00366283
0.00366044
0.00365786
0.00365508
0.00365209
0.0036489
0.00364549
0.00364188
0.00363805
0.00363401
0.00362977
0.00362534
0.0036207
0.00361589
0.0036109
0.00360576
0.00360048
0.00359509
0.0035896
0.00358405
0.00357846
0.00357289
0.00356737
0.00356195
0.00355669
0.00355165
0.00354689
0.00354248
0.00353851
0.00353504
0.00353214
0.00352989
0.00352835
0.00352756
0.00367262
0.00367136
0.00366991
0.00366829
0.00366648
0.00366448
0.00366229
0.0036599
0.00365731
0.00365453
0.00365153
0.00364833
0.00364492
0.0036413
0.00363747
0.00363343
0.00362918
0.00362474
0.00362011
0.00361529
0.0036103
0.00360516
0.00359989
0.00359449
0.00358901
0.00358347
0.0035779
0.00357233
0.00356683
0.00356143
0.00355619
0.00355117
0.00354644
0.00354206
0.00353811
0.00353467
0.0035318
0.00352957
0.00352804
0.00352727
0.00367216
0.00367089
0.00366945
0.00366782
0.00366601
0.00366401
0.00366182
0.00365943
0.00365684
0.00365404
0.00365105
0.00364784
0.00364442
0.0036408
0.00363696
0.00363292
0.00362867
0.00362423
0.00361959
0.00361477
0.00360979
0.00360465
0.00359937
0.00359398
0.00358851
0.00358297
0.00357741
0.00357186
0.00356637
0.00356099
0.00355577
0.00355077
0.00354606
0.00354171
0.00353778
0.00353436
0.00353151
0.0035293
0.00352779
0.00352702
0.00367177
0.00367051
0.00366907
0.00366744
0.00366562
0.00366362
0.00366142
0.00365903
0.00365644
0.00365364
0.00365064
0.00364743
0.00364401
0.00364038
0.00363654
0.0036325
0.00362825
0.0036238
0.00361916
0.00361434
0.00360936
0.00360422
0.00359895
0.00359357
0.00358809
0.00358257
0.00357701
0.00357147
0.003566
0.00356063
0.00355542
0.00355044
0.00354575
0.00354142
0.00353751
0.00353411
0.00353128
0.00352909
0.00352759
0.00352682
0.00367147
0.00367021
0.00366877
0.00366714
0.00366532
0.00366332
0.00366112
0.00365872
0.00365613
0.00365333
0.00365032
0.00364711
0.00364369
0.00364006
0.00363622
0.00363217
0.00362792
0.00362347
0.00361883
0.00361401
0.00360903
0.00360389
0.00359863
0.00359324
0.00358778
0.00358225
0.00357671
0.00357118
0.00356571
0.00356035
0.00355516
0.00355019
0.00354551
0.0035412
0.00353731
0.00353392
0.0035311
0.00352892
0.00352743
0.00352668
0.00367126
0.00367
0.00366856
0.00366693
0.00366511
0.00366311
0.0036609
0.00365851
0.00365591
0.00365311
0.0036501
0.00364689
0.00364347
0.00363983
0.00363599
0.00363194
0.00362769
0.00362324
0.0036186
0.00361379
0.0036088
0.00360367
0.0035984
0.00359302
0.00358756
0.00358204
0.0035765
0.00357098
0.00356551
0.00356016
0.00355498
0.00355002
0.00354535
0.00354105
0.00353717
0.00353379
0.00353099
0.00352881
0.00352733
0.00352658
0.00367116
0.0036699
0.00366845
0.00366682
0.003665
0.003663
0.00366079
0.0036584
0.0036558
0.003653
0.00364999
0.00364678
0.00364335
0.00363972
0.00363588
0.00363183
0.00362757
0.00362313
0.00361849
0.00361367
0.00360869
0.00360356
0.00359829
0.00359291
0.00358745
0.00358193
0.00357639
0.00357087
0.00356541
0.00356007
0.00355489
0.00354994
0.00354527
0.00354097
0.0035371
0.00353373
0.00353093
0.00352876
0.00352728
0.00352653
)
;

boundaryField
{
    In
    {
        type            fixedValue;
        value           uniform 0;
    }
    Out
    {
        type            zeroGradient;
    }
    Bottom
    {
        type            zeroGradient;
    }
    Top
    {
        type            zeroGradient;
    }
    DefaultFaces
    {
        type            empty;
    }
}


// ************************************************************************* //
